2026-04-09 20:46:58,452 | INFO     | main:826 | 
================================================================================
2026-04-09 20:46:58,452 | INFO     | main:827 | NSE STOCK VOLATILITY PREDICTION PIPELINE
2026-04-09 20:46:58,452 | INFO     | main:828 | Started: 2026-04-09 20:46:58
2026-04-09 20:46:58,452 | INFO     | main:829 | ================================================================================
2026-04-09 20:46:58,475 | INFO     | main:869 | [OK] Found 14 stocks to process
2026-04-09 20:46:58,476 | INFO     | process_single_stock:629 | 
======================================================================
2026-04-09 20:46:58,479 | INFO     | process_single_stock:630 | PROCESSING: DANGCEM
2026-04-09 20:46:58,481 | INFO     | process_single_stock:631 | ======================================================================
2026-04-09 20:46:58,482 | INFO     | process_single_stock:635 | [1/6] Loading and validating data...
2026-04-09 20:46:58,482 | INFO     | load:145 | [WAIT] Loading DANGCEM from C:\Users\DELL\Documents\NSE_Volatility_Project\data\raw\DANGCEM.csv
2026-04-09 20:46:58,750 | INFO     | load:154 | [OK] Successfully loaded DANGCEM (1545 rows, 6 columns)
2026-04-09 20:46:58,751 | INFO     | process_single_stock:644 |       Loaded 1545 rows, columns: ['date', 'open', 'high', 'low', 'close', 'volume']
2026-04-09 20:46:58,751 | INFO     | process_single_stock:647 | [2/6] Engineering features...
2026-04-09 20:46:58,870 | ERROR    | process_single_stock:721 | [FAIL] DANGCEM failed: Insufficient data after feature engineering: 0
2026-04-09 20:46:58,873 | INFO     | process_single_stock:629 | 
======================================================================
2026-04-09 20:46:58,873 | INFO     | process_single_stock:630 | PROCESSING: MTNN
2026-04-09 20:46:58,874 | INFO     | process_single_stock:631 | ======================================================================
2026-04-09 20:46:58,875 | INFO     | process_single_stock:635 | [1/6] Loading and validating data...
2026-04-09 20:46:58,875 | INFO     | load:145 | [WAIT] Loading MTNN from C:\Users\DELL\Documents\NSE_Volatility_Project\data\raw\MTNN.csv
2026-04-09 20:46:58,958 | INFO     | load:154 | [OK] Successfully loaded MTNN (1545 rows, 6 columns)
2026-04-09 20:46:58,962 | INFO     | process_single_stock:644 |       Loaded 1545 rows, columns: ['date', 'open', 'high', 'low', 'close', 'volume']
2026-04-09 20:46:58,964 | INFO     | process_single_stock:647 | [2/6] Engineering features...
2026-04-09 20:46:59,182 | ERROR    | process_single_stock:721 | [FAIL] MTNN failed: Insufficient data after feature engineering: 0
2026-04-09 20:46:59,184 | INFO     | process_single_stock:629 | 
======================================================================
2026-04-09 20:46:59,204 | INFO     | process_single_stock:630 | PROCESSING: GTCO
2026-04-09 20:46:59,205 | INFO     | process_single_stock:631 | ======================================================================
2026-04-09 20:46:59,267 | INFO     | process_single_stock:635 | [1/6] Loading and validating data...
2026-04-09 20:46:59,271 | INFO     | load:145 | [WAIT] Loading GTCO from C:\Users\DELL\Documents\NSE_Volatility_Project\data\raw\GTCO.csv
2026-04-09 20:46:59,367 | INFO     | load:154 | [OK] Successfully loaded GTCO (1541 rows, 6 columns)
2026-04-09 20:46:59,368 | INFO     | process_single_stock:644 |       Loaded 1541 rows, columns: ['date', 'open', 'high', 'low', 'close', 'volume']
2026-04-09 20:46:59,369 | INFO     | process_single_stock:647 | [2/6] Engineering features...
2026-04-09 20:46:59,534 | ERROR    | process_single_stock:721 | [FAIL] GTCO failed: Insufficient data after feature engineering: 0
2026-04-09 20:46:59,535 | INFO     | process_single_stock:629 | 
======================================================================
2026-04-09 20:46:59,536 | INFO     | process_single_stock:630 | PROCESSING: SEPLAT
2026-04-09 20:46:59,536 | INFO     | process_single_stock:631 | ======================================================================
2026-04-09 20:46:59,536 | INFO     | process_single_stock:635 | [1/6] Loading and validating data...
2026-04-09 20:46:59,537 | INFO     | load:145 | [WAIT] Loading SEPLAT from C:\Users\DELL\Documents\NSE_Volatility_Project\data\raw\SEPLAT.csv
2026-04-09 20:50:59,685 | INFO | 
======================================================================
2026-04-09 20:50:59,688 | INFO | NSE STOCK VOLATILITY PREDICTION PIPELINE
2026-04-09 20:50:59,688 | INFO | Started: 2026-04-09 20:50:59
2026-04-09 20:50:59,688 | INFO | ======================================================================
2026-04-09 20:50:59,722 | INFO | [OK] Found 14 stocks to process
2026-04-09 20:50:59,724 | INFO | 
============================================================
2026-04-09 20:50:59,724 | INFO | Processing: DANGCEM
2026-04-09 20:50:59,734 | INFO | ============================================================
2026-04-09 20:50:59,735 | INFO | [1/5] Loading data...
2026-04-09 20:50:59,735 | INFO | [WAIT] Loading DANGCEM
2026-04-09 20:51:00,482 | ERROR | [FAIL] All encodings failed for DANGCEM
2026-04-09 20:51:00,482 | ERROR | [FAIL] Failed to load data
2026-04-09 20:51:00,489 | INFO | 
============================================================
2026-04-09 20:51:00,489 | INFO | Processing: MTNN
2026-04-09 20:51:00,494 | INFO | ============================================================
2026-04-09 20:51:00,494 | INFO | [1/5] Loading data...
2026-04-09 20:51:00,528 | INFO | [WAIT] Loading MTNN
2026-04-09 20:51:01,383 | ERROR | [FAIL] All encodings failed for MTNN
2026-04-09 20:51:01,390 | ERROR | [FAIL] Failed to load data
2026-04-09 20:51:01,395 | INFO | 
============================================================
2026-04-09 20:51:01,405 | INFO | Processing: GTCO
2026-04-09 20:51:01,406 | INFO | ============================================================
2026-04-09 20:51:01,408 | INFO | [1/5] Loading data...
2026-04-09 20:51:01,411 | INFO | [WAIT] Loading GTCO
2026-04-09 20:51:02,355 | ERROR | [FAIL] All encodings failed for GTCO
2026-04-09 20:51:02,399 | ERROR | [FAIL] Failed to load data
2026-04-09 20:51:02,402 | INFO | 
============================================================
2026-04-09 20:51:02,404 | INFO | Processing: SEPLAT
2026-04-09 20:51:02,405 | INFO | ============================================================
2026-04-09 20:51:02,405 | INFO | [1/5] Loading data...
2026-04-09 20:51:02,406 | INFO | [WAIT] Loading SEPLAT
2026-04-09 20:51:03,488 | ERROR | [FAIL] All encodings failed for SEPLAT
2026-04-09 20:51:03,518 | ERROR | [FAIL] Failed to load data
2026-04-09 20:51:03,605 | INFO | 
============================================================
2026-04-09 20:51:03,687 | INFO | Processing: AIRTEL
2026-04-09 20:51:03,708 | INFO | ============================================================
2026-04-09 20:51:03,712 | INFO | [1/5] Loading data...
2026-04-09 20:51:03,732 | INFO | [WAIT] Loading AIRTEL
2026-04-09 20:51:04,149 | ERROR | [FAIL] All encodings failed for AIRTEL
2026-04-09 20:51:04,149 | ERROR | [FAIL] Failed to load data
2026-04-09 20:51:04,151 | INFO | 
============================================================
2026-04-09 20:51:04,151 | INFO | Processing: INTERBREW
2026-04-09 20:51:04,152 | INFO | ============================================================
2026-04-09 20:51:04,152 | INFO | [1/5] Loading data...
2026-04-09 20:51:04,153 | INFO | [WAIT] Loading INTERBREW
2026-04-09 20:51:04,970 | ERROR | [FAIL] All encodings failed for INTERBREW
2026-04-09 20:51:05,047 | ERROR | [FAIL] Failed to load data
2026-04-09 20:51:05,062 | INFO | 
============================================================
2026-04-09 20:51:05,083 | INFO | Processing: FIRSTHOLDCO
2026-04-09 20:51:05,128 | INFO | ============================================================
2026-04-09 20:51:05,128 | INFO | [1/5] Loading data...
2026-04-09 20:51:05,156 | INFO | [WAIT] Loading FIRSTHOLDCO
2026-04-09 20:51:06,718 | ERROR | [FAIL] All encodings failed for FIRSTHOLDCO
2026-04-09 20:51:06,718 | ERROR | [FAIL] Failed to load data
2026-04-09 20:51:06,718 | INFO | 
============================================================
2026-04-09 20:51:06,718 | INFO | Processing: ETI
2026-04-09 20:51:06,718 | INFO | ============================================================
2026-04-09 20:51:06,718 | INFO | [1/5] Loading data...
2026-04-09 20:51:06,718 | INFO | [WAIT] Loading ETI
2026-04-09 20:51:08,505 | ERROR | [FAIL] All encodings failed for ETI
2026-04-09 20:51:08,514 | ERROR | [FAIL] Failed to load data
2026-04-09 20:51:08,523 | INFO | 
============================================================
2026-04-09 20:51:08,542 | INFO | Processing: ZENITH
2026-04-09 20:51:08,544 | INFO | ============================================================
2026-04-09 20:51:08,546 | INFO | [1/5] Loading data...
2026-04-09 20:51:08,549 | INFO | [WAIT] Loading ZENITH
2026-04-09 20:51:11,775 | ERROR | [FAIL] All encodings failed for ZENITH
2026-04-09 20:51:11,929 | ERROR | [FAIL] Failed to load data
2026-04-09 20:51:12,074 | INFO | 
============================================================
2026-04-09 20:51:12,174 | INFO | Processing: CWG
2026-04-09 20:51:12,263 | INFO | ============================================================
2026-04-09 20:51:12,352 | INFO | [1/5] Loading data...
2026-04-09 20:51:12,405 | INFO | [WAIT] Loading CWG
2026-04-09 20:51:16,505 | ERROR | [FAIL] All encodings failed for CWG
2026-04-09 20:51:16,531 | ERROR | [FAIL] Failed to load data
2026-04-09 20:51:16,544 | INFO | 
============================================================
2026-04-09 20:51:16,572 | INFO | Processing: NESTLE
2026-04-09 20:51:16,619 | INFO | ============================================================
2026-04-09 20:51:16,657 | INFO | [1/5] Loading data...
2026-04-09 20:51:16,706 | INFO | [WAIT] Loading NESTLE
2026-04-09 20:51:18,247 | ERROR | [FAIL] All encodings failed for NESTLE
2026-04-09 20:51:18,250 | ERROR | [FAIL] Failed to load data
2026-04-09 20:51:18,252 | INFO | 
============================================================
2026-04-09 20:51:18,254 | INFO | Processing: NB
2026-04-09 20:51:18,258 | INFO | ============================================================
2026-04-09 20:51:18,263 | INFO | [1/5] Loading data...
2026-04-09 20:51:18,276 | INFO | [WAIT] Loading NB
2026-04-09 20:51:19,745 | ERROR | [FAIL] All encodings failed for NB
2026-04-09 20:51:19,750 | ERROR | [FAIL] Failed to load data
2026-04-09 20:51:19,751 | INFO | 
============================================================
2026-04-09 20:51:19,751 | INFO | Processing: ACCESS
2026-04-09 20:51:19,751 | INFO | ============================================================
2026-04-09 20:51:19,751 | INFO | [1/5] Loading data...
2026-04-09 20:51:19,765 | INFO | [WAIT] Loading ACCESS
2026-04-09 20:51:20,564 | ERROR | [FAIL] All encodings failed for ACCESS
2026-04-09 20:51:20,564 | ERROR | [FAIL] Failed to load data
2026-04-09 20:51:20,564 | INFO | 
============================================================
2026-04-09 20:51:20,564 | INFO | Processing: WAPCO
2026-04-09 20:51:20,564 | INFO | ============================================================
2026-04-09 20:51:20,564 | INFO | [1/5] Loading data...
2026-04-09 20:51:20,612 | INFO | [WAIT] Loading WAPCO
2026-04-09 20:51:21,267 | ERROR | [FAIL] All encodings failed for WAPCO
2026-04-09 20:51:21,267 | ERROR | [FAIL] Failed to load data
2026-04-09 20:51:21,303 | INFO | 
[OK] Reports saved to C:\Users\DELL\Documents\NSE_Volatility_Project\results\tables
2026-04-09 20:51:21,309 | INFO | 
======================================================================
2026-04-09 20:51:21,312 | INFO | PIPELINE COMPLETE
2026-04-09 20:51:21,314 | INFO | ======================================================================
2026-04-09 20:51:21,315 | INFO | Stocks: 0/14 succeeded
2026-04-09 20:51:21,331 | INFO | Time: 0.4 minutes
2026-04-09 20:51:21,339 | INFO | ======================================================================
2026-04-09 20:51:21,340 | INFO | Outputs:
2026-04-09 20:51:21,347 | INFO |    [DATA] Tables:   C:\Users\DELL\Documents\NSE_Volatility_Project\results\tables/
2026-04-09 20:51:21,355 | INFO |    [CHART] Figures:  C:\Users\DELL\Documents\NSE_Volatility_Project\results\figures/
2026-04-09 20:51:21,370 | INFO |    [SAVE] Processed: C:\Users\DELL\Documents\NSE_Volatility_Project\data\processed/
2026-04-09 20:51:21,374 | INFO |    [FORECAST] Forecasts: C:\Users\DELL\Documents\NSE_Volatility_Project\results\forecasts/
2026-04-09 20:51:21,376 | INFO | ======================================================================
2026-04-09 20:59:30,418 | INFO | 
======================================================================
2026-04-09 20:59:30,433 | INFO | NSE VOLATILITY PREDICTION PIPELINE
2026-04-09 20:59:30,433 | INFO | Started: 2026-04-09 20:59:30
2026-04-09 20:59:30,434 | INFO | ======================================================================
2026-04-09 20:59:30,448 | INFO | Processing 14 stocks...
2026-04-09 20:59:30,448 | INFO | 
============================================================
2026-04-09 20:59:30,449 | INFO | Processing: DANGCEM
2026-04-09 20:59:30,449 | INFO | ============================================================
2026-04-09 20:59:30,450 | INFO | [1/5] Loading...
2026-04-09 20:59:30,450 | INFO | [DIAG] Examining C:\Users\DELL\Documents\NSE_Volatility_Project\data\raw\DANGCEM.csv
2026-04-09 20:59:30,451 | INFO | [DIAG] Exists: True
2026-04-09 20:59:30,452 | INFO | [DIAG] Size: 66666 bytes
2026-04-09 20:59:30,453 | INFO | [DIAG] First 500 bytes (raw): b'\xef\xbb\xbfDate,Price,Open,High,Low,Vol.,Change %\r\n3/27/2026,810,810,810,800,857.88K,0.00%\r\n3/26/2026,810,81'
2026-04-09 20:59:30,454 | INFO | [DIAG] Decodes as utf-8: ﻿Date,Price,Open,High,Low,Vol.,Change %
3/27/2026,810,810,810,800,857.88K,0.00%
3/26/2026,810,810,810,810,1.13M,0.00%
3/25/2026,810,810,810,810,599.72K,0.00%
3/24/2026,810,810,810,810,656.51K,0.00
2026-04-09 20:59:30,455 | INFO | [WAIT] Loading DANGCEM
2026-04-09 20:59:30,527 | INFO | [OK] Loaded with encoding utf-8: 1545 rows
2026-04-09 20:59:30,528 | DEBUG | Processing: shape=(1545, 7), cols=['Date', 'Price', 'Open', 'High', 'Low']
2026-04-09 20:59:30,634 | INFO |    Loaded 1545 rows
2026-04-09 20:59:30,635 | INFO | [2/5] Features...
2026-04-09 20:59:30,668 | INFO |    1505 rows with features
2026-04-09 20:59:30,669 | INFO | [3/5] Modeling...
2026-04-09 20:59:32,293 | INFO |    Best: Ridge, RMSE: 0.2173
2026-04-09 20:59:32,297 | INFO | [OK] Completed in 1.8s
2026-04-09 20:59:32,297 | INFO | 
============================================================
2026-04-09 20:59:32,299 | INFO | Processing: MTNN
2026-04-09 20:59:32,300 | INFO | ============================================================
2026-04-09 20:59:32,300 | INFO | [1/5] Loading...
2026-04-09 20:59:32,303 | INFO | [DIAG] Examining C:\Users\DELL\Documents\NSE_Volatility_Project\data\raw\MTNN.csv
2026-04-09 20:59:32,304 | INFO | [DIAG] Exists: True
2026-04-09 20:59:32,304 | INFO | [DIAG] Size: 101987 bytes
2026-04-09 20:59:32,306 | INFO | [DIAG] First 500 bytes (raw): b'\xef\xbb\xbf"Date","Price","Open","High","Low","Vol.","Change %"\n"03/27/2026","718.00","719.10","720.00","717'
2026-04-09 20:59:32,307 | INFO | [DIAG] Decodes as utf-8: ﻿"Date","Price","Open","High","Low","Vol.","Change %"
"03/27/2026","718.00","719.10","720.00","717.00","3.77M","-0.15%"
"03/26/2026","719.10","718.00","720.00","718.00","15.37M","0.15%"
"03/25/2026","
2026-04-09 20:59:32,310 | INFO | [WAIT] Loading MTNN
2026-04-09 20:59:32,324 | INFO | [OK] Loaded with encoding utf-8: 1545 rows
2026-04-09 20:59:32,326 | DEBUG | Processing: shape=(1545, 7), cols=['Date', 'Price', 'Open', 'High', 'Low']
2026-04-09 20:59:32,387 | INFO |    Loaded 1545 rows
2026-04-09 20:59:32,388 | INFO | [2/5] Features...
2026-04-09 20:59:32,430 | INFO |    1505 rows with features
2026-04-09 20:59:32,432 | INFO | [3/5] Modeling...
2026-04-09 20:59:32,858 | INFO |    Best: Ridge, RMSE: 0.1905
2026-04-09 20:59:32,859 | INFO | [OK] Completed in 0.6s
2026-04-09 20:59:32,860 | INFO | 
============================================================
2026-04-09 20:59:32,860 | INFO | Processing: GTCO
2026-04-09 20:59:32,861 | INFO | ============================================================
2026-04-09 20:59:32,861 | INFO | [1/5] Loading...
2026-04-09 20:59:32,862 | INFO | [DIAG] Examining C:\Users\DELL\Documents\NSE_Volatility_Project\data\raw\GTCO.csv
2026-04-09 20:59:32,862 | INFO | [DIAG] Exists: True
2026-04-09 20:59:32,863 | INFO | [DIAG] Size: 95926 bytes
2026-04-09 20:59:32,888 | INFO | [DIAG] First 500 bytes (raw): b'\xef\xbb\xbf"Date","Price","Open","High","Low","Vol.","Change %"\n"03/27/2026","116.10","115.40","116.90","112'
2026-04-09 20:59:32,889 | INFO | [DIAG] Decodes as utf-8: ﻿"Date","Price","Open","High","Low","Vol.","Change %"
"03/27/2026","116.10","115.40","116.90","112.00","19.18M","0.61%"
"03/26/2026","115.40","114.55","115.50","115.30","9.53M","0.74%"
"03/25/2026","1
2026-04-09 20:59:32,930 | INFO | [WAIT] Loading GTCO
2026-04-09 20:59:32,974 | INFO | [OK] Loaded with encoding utf-8: 1541 rows
2026-04-09 20:59:32,975 | DEBUG | Processing: shape=(1541, 7), cols=['Date', 'Price', 'Open', 'High', 'Low']
2026-04-09 20:59:33,008 | INFO |    Loaded 1541 rows
2026-04-09 20:59:33,009 | INFO | [2/5] Features...
2026-04-09 20:59:33,024 | INFO |    1501 rows with features
2026-04-09 20:59:33,025 | INFO | [3/5] Modeling...
2026-04-09 20:59:33,283 | INFO |    Best: Ridge, RMSE: 0.1728
2026-04-09 20:59:33,284 | INFO | [OK] Completed in 0.4s
2026-04-09 20:59:33,284 | INFO | 
============================================================
2026-04-09 20:59:33,284 | INFO | Processing: SEPLAT
2026-04-09 20:59:33,285 | INFO | ============================================================
2026-04-09 20:59:33,285 | INFO | [1/5] Loading...
2026-04-09 20:59:33,286 | INFO | [DIAG] Examining C:\Users\DELL\Documents\NSE_Volatility_Project\data\raw\SEPLAT.csv
2026-04-09 20:59:33,286 | INFO | [DIAG] Exists: True
2026-04-09 20:59:33,287 | INFO | [DIAG] Size: 109648 bytes
2026-04-09 20:59:33,310 | INFO | [DIAG] First 500 bytes (raw): b'\xef\xbb\xbf"Date","Price","Open","High","Low","Vol.","Change %"\n"03/27/2026","9,099.90","9,099.90","9,450.00'
2026-04-09 20:59:33,310 | INFO | [DIAG] Decodes as utf-8: ﻿"Date","Price","Open","High","Low","Vol.","Change %"
"03/27/2026","9,099.90","9,099.90","9,450.00","9,000.10","30.88K","0.00%"
"03/26/2026","9,099.90","9,099.90","9,099.90","9,099.90","137.41K","0.00
2026-04-09 20:59:33,339 | INFO | [WAIT] Loading SEPLAT
2026-04-09 20:59:33,350 | INFO | [OK] Loaded with encoding utf-8: 1546 rows
2026-04-09 20:59:33,351 | DEBUG | Processing: shape=(1546, 7), cols=['Date', 'Price', 'Open', 'High', 'Low']
2026-04-09 20:59:33,781 | INFO |    Loaded 591 rows
2026-04-09 20:59:33,783 | INFO | [2/5] Features...
2026-04-09 20:59:33,843 | INFO |    544 rows with features
2026-04-09 20:59:33,846 | INFO | [3/5] Modeling...
2026-04-09 20:59:34,134 | INFO |    Best: RF, RMSE: 0.1463
2026-04-09 20:59:34,135 | INFO | [OK] Completed in 0.9s
2026-04-09 20:59:34,137 | INFO | 
============================================================
2026-04-09 20:59:34,143 | INFO | Processing: AIRTEL
2026-04-09 20:59:34,145 | INFO | ============================================================
2026-04-09 20:59:34,149 | INFO | [1/5] Loading...
2026-04-09 20:59:34,153 | INFO | [DIAG] Examining C:\Users\DELL\Documents\NSE_Volatility_Project\data\raw\AIRTEL.csv
2026-04-09 20:59:34,155 | INFO | [DIAG] Exists: True
2026-04-09 20:59:34,160 | INFO | [DIAG] Size: 108330 bytes
2026-04-09 20:59:34,162 | INFO | [DIAG] First 500 bytes (raw): b'\xef\xbb\xbf"Date","Price","Open","High","Low","Vol.","Change %"\n"03/27/2026","2,497.00","2,497.00","2,746.70'
2026-04-09 20:59:34,163 | INFO | [DIAG] Decodes as utf-8: ﻿"Date","Price","Open","High","Low","Vol.","Change %"
"03/27/2026","2,497.00","2,497.00","2,746.70","2,497.00","0.42K","0.00%"
"03/26/2026","2,497.00","2,497.00","2,497.00","2,497.00","","0.00%"
"03/2
2026-04-09 20:59:34,166 | INFO | [WAIT] Loading AIRTEL
2026-04-09 20:59:34,191 | INFO | [OK] Loaded with encoding utf-8: 1530 rows
2026-04-09 20:59:34,193 | DEBUG | Processing: shape=(1530, 7), cols=['Date', 'Price', 'Open', 'High', 'Low']
2026-04-09 20:59:34,467 | INFO |    Loaded 482 rows
2026-04-09 20:59:34,478 | INFO | [2/5] Features...
2026-04-09 20:59:34,530 | INFO |    440 rows with features
2026-04-09 20:59:34,536 | INFO | [3/5] Modeling...
2026-04-09 20:59:34,795 | INFO |    Best: Ridge, RMSE: 0.2161
2026-04-09 20:59:34,796 | INFO | [OK] Completed in 0.7s
2026-04-09 20:59:34,796 | INFO | 
============================================================
2026-04-09 20:59:34,797 | INFO | Processing: INTERBREW
2026-04-09 20:59:34,797 | INFO | ============================================================
2026-04-09 20:59:34,797 | INFO | [1/5] Loading...
2026-04-09 20:59:34,798 | INFO | [DIAG] Examining C:\Users\DELL\Documents\NSE_Volatility_Project\data\raw\INTERBREW.csv
2026-04-09 20:59:34,799 | INFO | [DIAG] Exists: True
2026-04-09 20:59:34,799 | INFO | [DIAG] Size: 90882 bytes
2026-04-09 20:59:34,826 | INFO | [DIAG] First 500 bytes (raw): b'\xef\xbb\xbf"Date","Price","Open","High","Low","Vol.","Change %"\n"03/27/2026","13.90","14.40","14.70","13.15"'
2026-04-09 20:59:34,827 | INFO | [DIAG] Decodes as utf-8: ﻿"Date","Price","Open","High","Low","Vol.","Change %"
"03/27/2026","13.90","14.40","14.70","13.15","1.69M","-3.47%"
"03/26/2026","14.40","14.40","14.40","14.40","1.78M","0.00%"
"03/25/2026","14.40","1
2026-04-09 20:59:34,848 | INFO | [WAIT] Loading INTERBREW
2026-04-09 20:59:34,854 | INFO | [OK] Loaded with encoding utf-8: 1545 rows
2026-04-09 20:59:34,855 | DEBUG | Processing: shape=(1545, 7), cols=['Date', 'Price', 'Open', 'High', 'Low']
2026-04-09 20:59:34,886 | INFO |    Loaded 1545 rows
2026-04-09 20:59:34,886 | INFO | [2/5] Features...
2026-04-09 20:59:34,905 | INFO |    1505 rows with features
2026-04-09 20:59:34,906 | INFO | [3/5] Modeling...
2026-04-09 20:59:35,465 | INFO |    Best: Ridge, RMSE: 0.1936
2026-04-09 20:59:35,474 | INFO | [OK] Completed in 0.7s
2026-04-09 20:59:35,480 | INFO | 
============================================================
2026-04-09 20:59:35,482 | INFO | Processing: FIRSTHOLDCO
2026-04-09 20:59:35,486 | INFO | ============================================================
2026-04-09 20:59:35,490 | INFO | [1/5] Loading...
2026-04-09 20:59:35,495 | INFO | [DIAG] Examining C:\Users\DELL\Documents\NSE_Volatility_Project\data\raw\FIRSTHOLDCO.csv
2026-04-09 20:59:35,506 | INFO | [DIAG] Exists: True
2026-04-09 20:59:35,511 | INFO | [DIAG] Size: 93822 bytes
2026-04-09 20:59:35,513 | INFO | [DIAG] First 500 bytes (raw): b'\xef\xbb\xbf"Date","Price","Open","High","Low","Vol.","Change %"\n"03/27/2026","50.50","50.50","51.80","50.45"'
2026-04-09 20:59:35,515 | INFO | [DIAG] Decodes as utf-8: ﻿"Date","Price","Open","High","Low","Vol.","Change %"
"03/27/2026","50.50","50.50","51.80","50.45","5.47M","-0.98%"
"03/26/2026","51.00","51.00","51.50","50.90","7.24M","0.10%"
"03/25/2026","50.95","5
2026-04-09 20:59:35,520 | INFO | [WAIT] Loading FIRSTHOLDCO
2026-04-09 20:59:35,537 | INFO | [OK] Loaded with encoding utf-8: 1544 rows
2026-04-09 20:59:35,538 | DEBUG | Processing: shape=(1544, 7), cols=['Date', 'Price', 'Open', 'High', 'Low']
2026-04-09 20:59:35,564 | INFO |    Loaded 1544 rows
2026-04-09 20:59:35,565 | INFO | [2/5] Features...
2026-04-09 20:59:35,581 | INFO |    1504 rows with features
2026-04-09 20:59:35,581 | INFO | [3/5] Modeling...
2026-04-09 20:59:36,107 | INFO |    Best: Ridge, RMSE: 0.2547
2026-04-09 20:59:36,117 | INFO | [OK] Completed in 0.6s
2026-04-09 20:59:36,118 | INFO | 
============================================================
2026-04-09 20:59:36,130 | INFO | Processing: ETI
2026-04-09 20:59:36,132 | INFO | ============================================================
2026-04-09 20:59:36,135 | INFO | [1/5] Loading...
2026-04-09 20:59:36,138 | INFO | [DIAG] Examining C:\Users\DELL\Documents\NSE_Volatility_Project\data\raw\ETI.csv
2026-04-09 20:59:36,142 | INFO | [DIAG] Exists: True
2026-04-09 20:59:36,145 | INFO | [DIAG] Size: 94172 bytes
2026-04-09 20:59:36,148 | INFO | [DIAG] First 500 bytes (raw): b'\xef\xbb\xbf"Date","Price","Open","High","Low","Vol.","Change %"\n"03/27/2026","46.00","47.00","48.00","44.60"'
2026-04-09 20:59:36,149 | INFO | [DIAG] Decodes as utf-8: ﻿"Date","Price","Open","High","Low","Vol.","Change %"
"03/27/2026","46.00","47.00","48.00","44.60","218.71K","0.00%"
"03/26/2026","46.00","46.00","46.00","46.00","345.80K","0.00%"
"03/25/2026","46.00"
2026-04-09 20:59:36,151 | INFO | [WAIT] Loading ETI
2026-04-09 20:59:36,169 | INFO | [OK] Loaded with encoding utf-8: 1545 rows
2026-04-09 20:59:36,170 | DEBUG | Processing: shape=(1545, 7), cols=['Date', 'Price', 'Open', 'High', 'Low']
2026-04-09 20:59:36,279 | INFO |    Loaded 1545 rows
2026-04-09 20:59:36,281 | INFO | [2/5] Features...
2026-04-09 20:59:36,345 | INFO |    1505 rows with features
2026-04-09 20:59:36,349 | INFO | [3/5] Modeling...
2026-04-09 20:59:36,854 | INFO |    Best: RF, RMSE: 0.2345
2026-04-09 20:59:36,855 | INFO | [OK] Completed in 0.7s
2026-04-09 20:59:36,855 | INFO | 
============================================================
2026-04-09 20:59:36,856 | INFO | Processing: ZENITH
2026-04-09 20:59:36,856 | INFO | ============================================================
2026-04-09 20:59:36,857 | INFO | [1/5] Loading...
2026-04-09 20:59:36,861 | INFO | [DIAG] Examining C:\Users\DELL\Documents\NSE_Volatility_Project\data\raw\ZENITH.csv
2026-04-09 20:59:36,862 | INFO | [DIAG] Exists: True
2026-04-09 20:59:36,862 | INFO | [DIAG] Size: 96223 bytes
2026-04-09 20:59:36,945 | INFO | [DIAG] First 500 bytes (raw): b'\xef\xbb\xbf"Date","Price","Open","High","Low","Vol.","Change %"\n"03/27/2026","103.00","103.05","105.00","102'
2026-04-09 20:59:36,946 | INFO | [DIAG] Decodes as utf-8: ﻿"Date","Price","Open","High","Low","Vol.","Change %"
"03/27/2026","103.00","103.05","105.00","102.50","13.81M","-0.05%"
"03/26/2026","103.05","101.50","104.45","103.00","17.08M","1.53%"
"03/25/2026",
2026-04-09 20:59:36,972 | INFO | [WAIT] Loading ZENITH
2026-04-09 20:59:36,981 | INFO | [OK] Loaded with encoding utf-8: 1546 rows
2026-04-09 20:59:36,982 | DEBUG | Processing: shape=(1546, 7), cols=['Date', 'Price', 'Open', 'High', 'Low']
2026-04-09 20:59:37,017 | INFO |    Loaded 1546 rows
2026-04-09 20:59:37,018 | INFO | [2/5] Features...
2026-04-09 20:59:37,039 | INFO |    1506 rows with features
2026-04-09 20:59:37,039 | INFO | [3/5] Modeling...
2026-04-09 20:59:37,588 | INFO |    Best: Ridge, RMSE: 0.1872
2026-04-09 20:59:37,588 | INFO | [OK] Completed in 0.7s
2026-04-09 20:59:37,588 | INFO | 
============================================================
2026-04-09 20:59:37,588 | INFO | Processing: CWG
2026-04-09 20:59:37,588 | INFO | ============================================================
2026-04-09 20:59:37,588 | INFO | [1/5] Loading...
2026-04-09 20:59:37,588 | INFO | [DIAG] Examining C:\Users\DELL\Documents\NSE_Volatility_Project\data\raw\CWG.csv
2026-04-09 20:59:37,588 | INFO | [DIAG] Exists: True
2026-04-09 20:59:37,588 | INFO | [DIAG] Size: 69455 bytes
2026-04-09 20:59:37,632 | INFO | [DIAG] First 500 bytes (raw): b'\xef\xbb\xbf"Date","Price","Open","High","Low","Vol.","Change %"\n"03/27/2026","22.000","22.900","22.000","22.'
2026-04-09 20:59:37,632 | INFO | [DIAG] Decodes as utf-8: ﻿"Date","Price","Open","High","Low","Vol.","Change %"
"03/27/2026","22.000","22.900","22.000","22.000","1.42M","-3.93%"
"03/26/2026","22.900","21.700","22.900","22.450","2.58M","5.53%"
"03/25/2026","2
2026-04-09 20:59:37,650 | INFO | [WAIT] Loading CWG
2026-04-09 20:59:37,659 | INFO | [OK] Loaded with encoding utf-8: 1107 rows
2026-04-09 20:59:37,660 | DEBUG | Processing: shape=(1107, 7), cols=['Date', 'Price', 'Open', 'High', 'Low']
2026-04-09 20:59:37,738 | INFO |    Loaded 1107 rows
2026-04-09 20:59:37,742 | INFO | [2/5] Features...
2026-04-09 20:59:37,799 | INFO |    1067 rows with features
2026-04-09 20:59:37,802 | INFO | [3/5] Modeling...
2026-04-09 20:59:38,344 | INFO |    Best: Ridge, RMSE: 0.1825
2026-04-09 20:59:38,353 | INFO | [OK] Completed in 0.8s
2026-04-09 20:59:38,354 | INFO | 
============================================================
2026-04-09 20:59:38,357 | INFO | Processing: NESTLE
2026-04-09 20:59:38,361 | INFO | ============================================================
2026-04-09 20:59:38,364 | INFO | [1/5] Loading...
2026-04-09 20:59:38,367 | INFO | [DIAG] Examining C:\Users\DELL\Documents\NSE_Volatility_Project\data\raw\NESTLE.csv
2026-04-09 20:59:38,368 | INFO | [DIAG] Exists: True
2026-04-09 20:59:38,370 | INFO | [DIAG] Size: 111405 bytes
2026-04-09 20:59:38,378 | INFO | [DIAG] First 500 bytes (raw): b'\xef\xbb\xbf"Date","Price","Open","High","Low","Vol.","Change %"\n"03/27/2026","3,395.00","3,395.00","3,395.00'
2026-04-09 20:59:38,380 | INFO | [DIAG] Decodes as utf-8: ﻿"Date","Price","Open","High","Low","Vol.","Change %"
"03/27/2026","3,395.00","3,395.00","3,395.00","3,395.00","66.01K","0.00%"
"03/26/2026","3,395.00","3,395.00","3,395.00","3,395.00","25.42K","0.00%
2026-04-09 20:59:38,384 | INFO | [WAIT] Loading NESTLE
2026-04-09 20:59:38,416 | INFO | [OK] Loaded with encoding utf-8: 1545 rows
2026-04-09 20:59:38,419 | DEBUG | Processing: shape=(1545, 7), cols=['Date', 'Price', 'Open', 'High', 'Low']
2026-04-09 20:59:38,495 | INFO |    Loaded 346 rows
2026-04-09 20:59:38,495 | INFO | [2/5] Features...
2026-04-09 20:59:38,515 | INFO |    278 rows with features
2026-04-09 20:59:38,515 | INFO | [3/5] Modeling...
2026-04-09 20:59:38,878 | INFO |    Best: Ridge, RMSE: 0.2853
2026-04-09 20:59:38,879 | INFO | [OK] Completed in 0.5s
2026-04-09 20:59:38,880 | INFO | 
============================================================
2026-04-09 20:59:38,880 | INFO | Processing: NB
2026-04-09 20:59:38,880 | INFO | ============================================================
2026-04-09 20:59:38,881 | INFO | [1/5] Loading...
2026-04-09 20:59:38,881 | INFO | [DIAG] Examining C:\Users\DELL\Documents\NSE_Volatility_Project\data\raw\NB.csv
2026-04-09 20:59:38,882 | INFO | [DIAG] Exists: True
2026-04-09 20:59:38,882 | INFO | [DIAG] Size: 96258 bytes
2026-04-09 20:59:38,898 | INFO | [DIAG] First 500 bytes (raw): b'\xef\xbb\xbf"Date","Price","Open","High","Low","Vol.","Change %"\n"03/27/2026","71.00","73.30","71.00","70.70"'
2026-04-09 20:59:38,898 | INFO | [DIAG] Decodes as utf-8: ﻿"Date","Price","Open","High","Low","Vol.","Change %"
"03/27/2026","71.00","73.30","71.00","70.70","19.20M","-3.14%"
"03/26/2026","73.30","71.95","74.00","73.30","4.86M","1.88%"
"03/25/2026","71.95","
2026-04-09 20:59:38,915 | INFO | [WAIT] Loading NB
2026-04-09 20:59:38,922 | INFO | [OK] Loaded with encoding utf-8: 1545 rows
2026-04-09 20:59:38,923 | DEBUG | Processing: shape=(1545, 7), cols=['Date', 'Price', 'Open', 'High', 'Low']
2026-04-09 20:59:38,950 | INFO |    Loaded 1545 rows
2026-04-09 20:59:38,951 | INFO | [2/5] Features...
2026-04-09 20:59:38,967 | INFO |    1505 rows with features
2026-04-09 20:59:38,967 | INFO | [3/5] Modeling...
2026-04-09 20:59:39,485 | INFO |    Best: RF, RMSE: 0.1574
2026-04-09 20:59:39,485 | INFO | [OK] Completed in 0.6s
2026-04-09 20:59:39,486 | INFO | 
============================================================
2026-04-09 20:59:39,487 | INFO | Processing: ACCESS
2026-04-09 20:59:39,487 | INFO | ============================================================
2026-04-09 20:59:39,487 | INFO | [1/5] Loading...
2026-04-09 20:59:39,488 | INFO | [DIAG] Examining C:\Users\DELL\Documents\NSE_Volatility_Project\data\raw\ACCESS.csv
2026-04-09 20:59:39,489 | INFO | [DIAG] Exists: True
2026-04-09 20:59:39,489 | INFO | [DIAG] Size: 60568 bytes
2026-04-09 20:59:39,556 | INFO | [DIAG] First 500 bytes (raw): b'\xef\xbb\xbf"Date","Price","Open","High","Low","Vol.","Change %"\n"03/27/2026","26.00","26.00","26.10","25.85"'
2026-04-09 20:59:39,562 | INFO | [DIAG] Decodes as utf-8: ﻿"Date","Price","Open","High","Low","Vol.","Change %"
"03/27/2026","26.00","26.00","26.10","25.85","29.43M","0.00%"
"03/26/2026","26.00","26.05","26.05","25.80","134.59M","-0.19%"
"03/25/2026","26.05"
2026-04-09 20:59:39,587 | INFO | [WAIT] Loading ACCESS
2026-04-09 20:59:39,594 | INFO | [OK] Loaded with encoding utf-8: 988 rows
2026-04-09 20:59:39,595 | DEBUG | Processing: shape=(988, 7), cols=['Date', 'Price', 'Open', 'High', 'Low']
2026-04-09 20:59:39,623 | INFO |    Loaded 988 rows
2026-04-09 20:59:39,624 | INFO | [2/5] Features...
2026-04-09 20:59:39,640 | INFO |    948 rows with features
2026-04-09 20:59:39,640 | INFO | [3/5] Modeling...
2026-04-09 20:59:39,864 | INFO |    Best: RF, RMSE: 0.1823
2026-04-09 20:59:39,865 | INFO | [OK] Completed in 0.4s
2026-04-09 20:59:39,865 | INFO | 
============================================================
2026-04-09 20:59:39,866 | INFO | Processing: WAPCO
2026-04-09 20:59:39,866 | INFO | ============================================================
2026-04-09 20:59:39,866 | INFO | [1/5] Loading...
2026-04-09 20:59:39,867 | INFO | [DIAG] Examining C:\Users\DELL\Documents\NSE_Volatility_Project\data\raw\WAPCO.csv
2026-04-09 20:59:39,867 | INFO | [DIAG] Exists: True
2026-04-09 20:59:39,868 | INFO | [DIAG] Size: 96181 bytes
2026-04-09 20:59:39,895 | INFO | [DIAG] First 500 bytes (raw): b'\xef\xbb\xbf"Date","Price","Open","High","Low","Vol.","Change %"\n"03/27/2026","224.00","224.00","224.00","215'
2026-04-09 20:59:39,895 | INFO | [DIAG] Decodes as utf-8: ﻿"Date","Price","Open","High","Low","Vol.","Change %"
"03/27/2026","224.00","224.00","224.00","215.00","2.37M","0.00%"
"03/26/2026","224.00","227.50","224.00","224.00","5.98M","-1.54%"
"03/25/2026","2
2026-04-09 20:59:39,926 | INFO | [WAIT] Loading WAPCO
2026-04-09 20:59:39,938 | INFO | [OK] Loaded with encoding utf-8: 1545 rows
2026-04-09 20:59:39,938 | DEBUG | Processing: shape=(1545, 7), cols=['Date', 'Price', 'Open', 'High', 'Low']
2026-04-09 20:59:39,985 | INFO |    Loaded 1545 rows
2026-04-09 20:59:39,986 | INFO | [2/5] Features...
2026-04-09 20:59:40,006 | INFO |    1505 rows with features
2026-04-09 20:59:40,006 | INFO | [3/5] Modeling...
2026-04-09 20:59:40,394 | INFO |    Best: Ridge, RMSE: 0.3448
2026-04-09 20:59:40,394 | INFO | [OK] Completed in 0.5s
2026-04-09 20:59:40,407 | INFO | 
======================================================================
2026-04-09 20:59:40,417 | INFO | Complete: 14/14 succeeded
2026-04-09 20:59:40,417 | INFO | Time: 0.2 min
2026-04-09 20:59:40,417 | INFO | ======================================================================
2026-04-09 21:18:47,754 | INFO | 
======================================================================
2026-04-09 21:18:47,754 | INFO | NSE STOCK VOLATILITY PREDICTION PIPELINE
2026-04-09 21:18:47,754 | INFO | Started: 2026-04-09 21:18:47
2026-04-09 21:18:47,754 | INFO | ======================================================================
2026-04-09 21:18:47,789 | INFO | [OK] Found 14 stocks to process
2026-04-09 21:18:47,790 | INFO | 
============================================================
2026-04-09 21:18:47,790 | INFO | Processing: DANGCEM
2026-04-09 21:18:47,790 | INFO | ============================================================
2026-04-09 21:18:47,792 | INFO | [1/6] Loading raw data...
2026-04-09 21:18:47,792 | INFO | [WAIT] Loading DANGCEM
2026-04-09 21:18:48,042 | INFO | [OK] Loaded 1545 rows
2026-04-09 21:18:48,042 | INFO |    Loaded 1545 rows, columns: ['Date', 'Price', 'Open', 'High', 'Low', 'Volume']
2026-04-09 21:18:48,043 | INFO | [2/6] Engineering features...
2026-04-09 21:18:48,138 | INFO |    Created 954 rows with 48 features
2026-04-09 21:18:48,139 | INFO | [3/6] Saving processed data...
2026-04-09 21:18:48,244 | INFO |    Saved: C:\Users\DELL\Documents\NSE_Volatility_Project\data\processed\DANGCEM_features.csv
2026-04-09 21:18:48,245 | INFO | [4/6] Preparing ML dataset...
2026-04-09 21:18:48,250 | INFO | [5/6] Training ML models...
2026-04-09 21:18:49,011 | INFO |    Random Forest: RMSE=0.055483
2026-04-09 21:18:49,049 | INFO |    Ridge: RMSE=0.046560
2026-04-09 21:18:49,943 | INFO |    XGBoost: RMSE=0.088683
2026-04-09 21:18:49,943 | INFO | [6/6] Evaluating and saving results...
2026-04-09 21:18:49,968 | INFO |    Saved comparison: C:\Users\DELL\Documents\NSE_Volatility_Project\results\tables\DANGCEM_model_comparison.csv
2026-04-09 21:18:49,983 | INFO |    Saved predictions: C:\Users\DELL\Documents\NSE_Volatility_Project\results\forecasts\DANGCEM_predictions.csv
2026-04-09 21:18:49,986 | INFO | [OK] Best: Ridge, RMSE: 0.046560, MAPE: 10.50%
2026-04-09 21:18:49,987 | INFO | 
============================================================
2026-04-09 21:18:49,987 | INFO | Processing: MTNN
2026-04-09 21:18:49,987 | INFO | ============================================================
2026-04-09 21:18:49,987 | INFO | [1/6] Loading raw data...
2026-04-09 21:18:49,987 | INFO | [WAIT] Loading MTNN
2026-04-09 21:18:50,105 | INFO | [OK] Loaded 1545 rows
2026-04-09 21:18:50,105 | INFO |    Loaded 1545 rows, columns: ['Date', 'Price', 'Open', 'High', 'Low', 'Volume']
2026-04-09 21:18:50,105 | INFO | [2/6] Engineering features...
2026-04-09 21:18:50,177 | INFO |    Created 1291 rows with 48 features
2026-04-09 21:18:50,177 | INFO | [3/6] Saving processed data...
2026-04-09 21:18:50,305 | INFO |    Saved: C:\Users\DELL\Documents\NSE_Volatility_Project\data\processed\MTNN_features.csv
2026-04-09 21:18:50,306 | INFO | [4/6] Preparing ML dataset...
2026-04-09 21:18:50,312 | INFO | [5/6] Training ML models...
2026-04-09 21:18:51,226 | INFO |    Random Forest: RMSE=0.045698
2026-04-09 21:18:51,238 | INFO |    Ridge: RMSE=0.032773
2026-04-09 21:18:52,082 | INFO |    XGBoost: RMSE=0.067620
2026-04-09 21:18:52,082 | INFO | [6/6] Evaluating and saving results...
2026-04-09 21:18:52,098 | INFO |    Saved comparison: C:\Users\DELL\Documents\NSE_Volatility_Project\results\tables\MTNN_model_comparison.csv
2026-04-09 21:18:52,116 | INFO |    Saved predictions: C:\Users\DELL\Documents\NSE_Volatility_Project\results\forecasts\MTNN_predictions.csv
2026-04-09 21:18:52,117 | INFO | [OK] Best: Ridge, RMSE: 0.032773, MAPE: 8.98%
2026-04-09 21:18:52,117 | INFO | 
============================================================
2026-04-09 21:18:52,118 | INFO | Processing: GTCO
2026-04-09 21:18:52,118 | INFO | ============================================================
2026-04-09 21:18:52,121 | INFO | [1/6] Loading raw data...
2026-04-09 21:18:52,121 | INFO | [WAIT] Loading GTCO
2026-04-09 21:18:52,268 | INFO | [OK] Loaded 1541 rows
2026-04-09 21:18:52,270 | INFO |    Loaded 1541 rows, columns: ['Date', 'Price', 'Open', 'High', 'Low', 'Volume']
2026-04-09 21:18:52,270 | INFO | [2/6] Engineering features...
2026-04-09 21:18:52,363 | INFO |    Created 1288 rows with 48 features
2026-04-09 21:18:52,364 | INFO | [3/6] Saving processed data...
2026-04-09 21:18:52,532 | INFO |    Saved: C:\Users\DELL\Documents\NSE_Volatility_Project\data\processed\GTCO_features.csv
2026-04-09 21:18:52,532 | INFO | [4/6] Preparing ML dataset...
2026-04-09 21:18:52,538 | INFO | [5/6] Training ML models...
2026-04-09 21:18:53,939 | INFO |    Random Forest: RMSE=0.048008
2026-04-09 21:18:53,950 | INFO |    Ridge: RMSE=0.031620
2026-04-09 21:18:54,983 | INFO |    XGBoost: RMSE=0.057286
2026-04-09 21:18:54,983 | INFO | [6/6] Evaluating and saving results...
2026-04-09 21:18:54,999 | INFO |    Saved comparison: C:\Users\DELL\Documents\NSE_Volatility_Project\results\tables\GTCO_model_comparison.csv
2026-04-09 21:18:55,015 | INFO |    Saved predictions: C:\Users\DELL\Documents\NSE_Volatility_Project\results\forecasts\GTCO_predictions.csv
2026-04-09 21:18:55,016 | INFO | [OK] Best: Ridge, RMSE: 0.031620, MAPE: 5.40%
2026-04-09 21:18:55,017 | INFO | 
============================================================
2026-04-09 21:18:55,017 | INFO | Processing: SEPLAT
2026-04-09 21:18:55,018 | INFO | ============================================================
2026-04-09 21:18:55,019 | INFO | [1/6] Loading raw data...
2026-04-09 21:18:55,021 | INFO | [WAIT] Loading SEPLAT
2026-04-09 21:18:55,159 | INFO | [OK] Loaded 591 rows
2026-04-09 21:18:55,160 | INFO |    Loaded 591 rows, columns: ['Date', 'Price', 'Open', 'High', 'Low', 'Volume']
2026-04-09 21:18:55,161 | INFO | [2/6] Engineering features...
2026-04-09 21:18:55,286 | INFO |    Created 263 rows with 48 features
2026-04-09 21:18:55,292 | INFO | [3/6] Saving processed data...
2026-04-09 21:18:55,333 | INFO |    Saved: C:\Users\DELL\Documents\NSE_Volatility_Project\data\processed\SEPLAT_features.csv
2026-04-09 21:18:55,334 | INFO | [4/6] Preparing ML dataset...
2026-04-09 21:18:55,343 | INFO | [5/6] Training ML models...
2026-04-09 21:18:55,807 | INFO |    Random Forest: RMSE=0.064249
2026-04-09 21:18:55,816 | INFO |    Ridge: RMSE=0.057246
2026-04-09 21:18:56,051 | INFO |    XGBoost: RMSE=0.073792
2026-04-09 21:18:56,052 | INFO | [6/6] Evaluating and saving results...
2026-04-09 21:18:56,064 | INFO |    Saved comparison: C:\Users\DELL\Documents\NSE_Volatility_Project\results\tables\SEPLAT_model_comparison.csv
2026-04-09 21:18:56,073 | INFO |    Saved predictions: C:\Users\DELL\Documents\NSE_Volatility_Project\results\forecasts\SEPLAT_predictions.csv
2026-04-09 21:18:56,075 | INFO | [OK] Best: Ridge, RMSE: 0.057246, MAPE: 17.92%
2026-04-09 21:18:56,079 | INFO | 
============================================================
2026-04-09 21:18:56,081 | INFO | Processing: AIRTEL
2026-04-09 21:18:56,081 | INFO | ============================================================
2026-04-09 21:18:56,082 | INFO | [1/6] Loading raw data...
2026-04-09 21:18:56,082 | INFO | [WAIT] Loading AIRTEL
2026-04-09 21:18:56,245 | INFO | [OK] Loaded 482 rows
2026-04-09 21:18:56,247 | INFO |    Loaded 482 rows, columns: ['Date', 'Price', 'Open', 'High', 'Low', 'Volume']
2026-04-09 21:18:56,247 | INFO | [2/6] Engineering features...
2026-04-09 21:18:56,360 | INFO |    Created 102 rows with 48 features
2026-04-09 21:18:56,362 | INFO | [3/6] Saving processed data...
2026-04-09 21:18:56,381 | INFO |    Saved: C:\Users\DELL\Documents\NSE_Volatility_Project\data\processed\AIRTEL_features.csv
2026-04-09 21:18:56,385 | INFO | [4/6] Preparing ML dataset...
2026-04-09 21:18:56,394 | INFO | [5/6] Training ML models...
2026-04-09 21:18:56,893 | INFO |    Random Forest: RMSE=0.084380
2026-04-09 21:18:56,908 | INFO |    Ridge: RMSE=0.081453
2026-04-09 21:18:57,055 | INFO |    XGBoost: RMSE=0.143251
2026-04-09 21:18:57,055 | INFO | [6/6] Evaluating and saving results...
2026-04-09 21:18:57,094 | INFO |    Saved comparison: C:\Users\DELL\Documents\NSE_Volatility_Project\results\tables\AIRTEL_model_comparison.csv
2026-04-09 21:18:57,110 | INFO |    Saved predictions: C:\Users\DELL\Documents\NSE_Volatility_Project\results\forecasts\AIRTEL_predictions.csv
2026-04-09 21:18:57,116 | INFO | [OK] Best: Ridge, RMSE: 0.081453, MAPE: 19.49%
2026-04-09 21:18:57,117 | INFO | 
============================================================
2026-04-09 21:18:57,117 | INFO | Processing: INTERBREW
2026-04-09 21:18:57,118 | INFO | ============================================================
2026-04-09 21:18:57,118 | INFO | [1/6] Loading raw data...
2026-04-09 21:18:57,119 | INFO | [WAIT] Loading INTERBREW
2026-04-09 21:18:57,261 | INFO | [OK] Loaded 1545 rows
2026-04-09 21:18:57,261 | INFO |    Loaded 1545 rows, columns: ['Date', 'Price', 'Open', 'High', 'Low', 'Volume']
2026-04-09 21:18:57,261 | INFO | [2/6] Engineering features...
2026-04-09 21:18:57,398 | INFO |    Created 1284 rows with 48 features
2026-04-09 21:18:57,399 | INFO | [3/6] Saving processed data...
2026-04-09 21:18:57,677 | INFO |    Saved: C:\Users\DELL\Documents\NSE_Volatility_Project\data\processed\INTERBREW_features.csv
2026-04-09 21:18:57,682 | INFO | [4/6] Preparing ML dataset...
2026-04-09 21:18:57,711 | INFO | [5/6] Training ML models...
2026-04-09 21:18:59,073 | INFO |    Random Forest: RMSE=0.047570
2026-04-09 21:18:59,083 | INFO |    Ridge: RMSE=0.172941
2026-04-09 21:19:00,067 | INFO |    XGBoost: RMSE=0.067720
2026-04-09 21:19:00,068 | INFO | [6/6] Evaluating and saving results...
2026-04-09 21:19:00,087 | INFO |    Saved comparison: C:\Users\DELL\Documents\NSE_Volatility_Project\results\tables\INTERBREW_model_comparison.csv
2026-04-09 21:19:00,101 | INFO |    Saved predictions: C:\Users\DELL\Documents\NSE_Volatility_Project\results\forecasts\INTERBREW_predictions.csv
2026-04-09 21:19:00,103 | INFO | [OK] Best: Random Forest, RMSE: 0.047570, MAPE: 9.33%
2026-04-09 21:19:00,104 | INFO | 
============================================================
2026-04-09 21:19:00,106 | INFO | Processing: FIRSTHOLDCO
2026-04-09 21:19:00,107 | INFO | ============================================================
2026-04-09 21:19:00,108 | INFO | [1/6] Loading raw data...
2026-04-09 21:19:00,109 | INFO | [WAIT] Loading FIRSTHOLDCO
2026-04-09 21:19:00,226 | INFO | [OK] Loaded 1544 rows
2026-04-09 21:19:00,226 | INFO |    Loaded 1544 rows, columns: ['Date', 'Price', 'Open', 'High', 'Low', 'Volume']
2026-04-09 21:19:00,227 | INFO | [2/6] Engineering features...
2026-04-09 21:19:00,305 | INFO |    Created 1291 rows with 48 features
2026-04-09 21:19:00,305 | INFO | [3/6] Saving processed data...
2026-04-09 21:19:00,436 | INFO |    Saved: C:\Users\DELL\Documents\NSE_Volatility_Project\data\processed\FIRSTHOLDCO_features.csv
2026-04-09 21:19:00,436 | INFO | [4/6] Preparing ML dataset...
2026-04-09 21:19:00,436 | INFO | [5/6] Training ML models...
2026-04-09 21:19:01,527 | INFO |    Random Forest: RMSE=0.041650
2026-04-09 21:19:01,545 | INFO |    Ridge: RMSE=0.037030
2026-04-09 21:19:02,428 | INFO |    XGBoost: RMSE=0.042574
2026-04-09 21:19:02,428 | INFO | [6/6] Evaluating and saving results...
2026-04-09 21:19:02,442 | INFO |    Saved comparison: C:\Users\DELL\Documents\NSE_Volatility_Project\results\tables\FIRSTHOLDCO_model_comparison.csv
2026-04-09 21:19:02,455 | INFO |    Saved predictions: C:\Users\DELL\Documents\NSE_Volatility_Project\results\forecasts\FIRSTHOLDCO_predictions.csv
2026-04-09 21:19:02,456 | INFO | [OK] Best: Ridge, RMSE: 0.037030, MAPE: 5.34%
2026-04-09 21:19:02,457 | INFO | 
============================================================
2026-04-09 21:19:02,458 | INFO | Processing: ETI
2026-04-09 21:19:02,458 | INFO | ============================================================
2026-04-09 21:19:02,458 | INFO | [1/6] Loading raw data...
2026-04-09 21:19:02,459 | INFO | [WAIT] Loading ETI
2026-04-09 21:19:02,567 | INFO | [OK] Loaded 1545 rows
2026-04-09 21:19:02,567 | INFO |    Loaded 1545 rows, columns: ['Date', 'Price', 'Open', 'High', 'Low', 'Volume']
2026-04-09 21:19:02,567 | INFO | [2/6] Engineering features...
2026-04-09 21:19:02,661 | INFO |    Created 1265 rows with 48 features
2026-04-09 21:19:02,661 | INFO | [3/6] Saving processed data...
2026-04-09 21:19:02,770 | INFO |    Saved: C:\Users\DELL\Documents\NSE_Volatility_Project\data\processed\ETI_features.csv
2026-04-09 21:19:02,770 | INFO | [4/6] Preparing ML dataset...
2026-04-09 21:19:02,770 | INFO | [5/6] Training ML models...
2026-04-09 21:19:03,815 | INFO |    Random Forest: RMSE=0.058852
2026-04-09 21:19:03,826 | INFO |    Ridge: RMSE=0.038381
2026-04-09 21:19:04,745 | INFO |    XGBoost: RMSE=0.086048
2026-04-09 21:19:04,746 | INFO | [6/6] Evaluating and saving results...
2026-04-09 21:19:04,762 | INFO |    Saved comparison: C:\Users\DELL\Documents\NSE_Volatility_Project\results\tables\ETI_model_comparison.csv
2026-04-09 21:19:04,775 | INFO |    Saved predictions: C:\Users\DELL\Documents\NSE_Volatility_Project\results\forecasts\ETI_predictions.csv
2026-04-09 21:19:04,777 | INFO | [OK] Best: Ridge, RMSE: 0.038381, MAPE: 4.96%
2026-04-09 21:19:04,778 | INFO | 
============================================================
2026-04-09 21:19:04,779 | INFO | Processing: ZENITH
2026-04-09 21:19:04,779 | INFO | ============================================================
2026-04-09 21:19:04,780 | INFO | [1/6] Loading raw data...
2026-04-09 21:19:04,780 | INFO | [WAIT] Loading ZENITH
2026-04-09 21:19:04,887 | INFO | [OK] Loaded 1546 rows
2026-04-09 21:19:04,887 | INFO |    Loaded 1546 rows, columns: ['Date', 'Price', 'Open', 'High', 'Low', 'Volume']
2026-04-09 21:19:04,887 | INFO | [2/6] Engineering features...
2026-04-09 21:19:05,006 | INFO |    Created 1293 rows with 48 features
2026-04-09 21:19:05,007 | INFO | [3/6] Saving processed data...
2026-04-09 21:19:05,223 | INFO |    Saved: C:\Users\DELL\Documents\NSE_Volatility_Project\data\processed\ZENITH_features.csv
2026-04-09 21:19:05,223 | INFO | [4/6] Preparing ML dataset...
2026-04-09 21:19:05,249 | INFO | [5/6] Training ML models...
2026-04-09 21:19:07,764 | INFO |    Random Forest: RMSE=0.175268
2026-04-09 21:19:07,786 | INFO |    Ridge: RMSE=0.043403
2026-04-09 21:19:10,968 | INFO |    XGBoost: RMSE=0.175469
2026-04-09 21:19:10,969 | INFO | [6/6] Evaluating and saving results...
2026-04-09 21:19:11,004 | INFO |    Saved comparison: C:\Users\DELL\Documents\NSE_Volatility_Project\results\tables\ZENITH_model_comparison.csv
2026-04-09 21:19:11,040 | INFO |    Saved predictions: C:\Users\DELL\Documents\NSE_Volatility_Project\results\forecasts\ZENITH_predictions.csv
2026-04-09 21:19:11,046 | INFO | [OK] Best: Ridge, RMSE: 0.043403, MAPE: 5.28%
2026-04-09 21:19:11,047 | INFO | 
============================================================
2026-04-09 21:19:11,050 | INFO | Processing: CWG
2026-04-09 21:19:11,051 | INFO | ============================================================
2026-04-09 21:19:11,052 | INFO | [1/6] Loading raw data...
2026-04-09 21:19:11,054 | INFO | [WAIT] Loading CWG
2026-04-09 21:19:11,367 | INFO | [OK] Loaded 1107 rows
2026-04-09 21:19:11,368 | INFO |    Loaded 1107 rows, columns: ['Date', 'Price', 'Open', 'High', 'Low', 'Volume']
2026-04-09 21:19:11,369 | INFO | [2/6] Engineering features...
2026-04-09 21:19:11,635 | INFO |    Created 802 rows with 48 features
2026-04-09 21:19:11,637 | INFO | [3/6] Saving processed data...
2026-04-09 21:19:11,966 | INFO |    Saved: C:\Users\DELL\Documents\NSE_Volatility_Project\data\processed\CWG_features.csv
2026-04-09 21:19:11,967 | INFO | [4/6] Preparing ML dataset...
2026-04-09 21:19:11,999 | INFO | [5/6] Training ML models...
2026-04-09 21:19:15,010 | INFO |    Random Forest: RMSE=0.057616
2026-04-09 21:19:15,038 | INFO |    Ridge: RMSE=0.052976
2026-04-09 21:19:17,562 | INFO |    XGBoost: RMSE=0.062399
2026-04-09 21:19:17,563 | INFO | [6/6] Evaluating and saving results...
2026-04-09 21:19:17,632 | INFO |    Saved comparison: C:\Users\DELL\Documents\NSE_Volatility_Project\results\tables\CWG_model_comparison.csv
2026-04-09 21:19:17,655 | INFO |    Saved predictions: C:\Users\DELL\Documents\NSE_Volatility_Project\results\forecasts\CWG_predictions.csv
2026-04-09 21:19:17,660 | INFO | [OK] Best: Ridge, RMSE: 0.052976, MAPE: 7.08%
2026-04-09 21:19:17,662 | INFO | 
============================================================
2026-04-09 21:19:17,663 | INFO | Processing: NESTLE
2026-04-09 21:19:17,672 | INFO | ============================================================
2026-04-09 21:19:17,673 | INFO | [1/6] Loading raw data...
2026-04-09 21:19:17,676 | INFO | [WAIT] Loading NESTLE
2026-04-09 21:19:18,161 | INFO | [OK] Loaded 346 rows
2026-04-09 21:19:18,163 | INFO |    Loaded 346 rows, columns: ['Date', 'Price', 'Open', 'High', 'Low', 'Volume']
2026-04-09 21:19:18,166 | INFO | [2/6] Engineering features...
2026-04-09 21:19:18,412 | INFO |    Created 55 rows with 48 features
2026-04-09 21:19:18,415 | INFO | [3/6] Saving processed data...
2026-04-09 21:19:18,446 | INFO |    Saved: C:\Users\DELL\Documents\NSE_Volatility_Project\data\processed\NESTLE_features.csv
2026-04-09 21:19:18,447 | INFO | [4/6] Preparing ML dataset...
2026-04-09 21:19:18,465 | INFO | [5/6] Training ML models...
2026-04-09 21:19:19,165 | INFO |    Random Forest: RMSE=0.130896
2026-04-09 21:19:19,175 | INFO |    Ridge: RMSE=0.239850
2026-04-09 21:19:19,255 | INFO |    XGBoost: RMSE=0.079147
2026-04-09 21:19:19,256 | INFO | [6/6] Evaluating and saving results...
2026-04-09 21:19:19,274 | INFO |    Saved comparison: C:\Users\DELL\Documents\NSE_Volatility_Project\results\tables\NESTLE_model_comparison.csv
2026-04-09 21:19:19,284 | INFO |    Saved predictions: C:\Users\DELL\Documents\NSE_Volatility_Project\results\forecasts\NESTLE_predictions.csv
2026-04-09 21:19:19,286 | INFO | [OK] Best: XGBoost, RMSE: 0.079147, MAPE: 11.72%
2026-04-09 21:19:19,289 | INFO | 
============================================================
2026-04-09 21:19:19,299 | INFO | Processing: NB
2026-04-09 21:19:19,300 | INFO | ============================================================
2026-04-09 21:19:19,301 | INFO | [1/6] Loading raw data...
2026-04-09 21:19:19,302 | INFO | [WAIT] Loading NB
2026-04-09 21:19:19,484 | INFO | [OK] Loaded 1545 rows
2026-04-09 21:19:19,484 | INFO |    Loaded 1545 rows, columns: ['Date', 'Price', 'Open', 'High', 'Low', 'Volume']
2026-04-09 21:19:19,485 | INFO | [2/6] Engineering features...
2026-04-09 21:19:19,629 | INFO |    Created 1281 rows with 48 features
2026-04-09 21:19:19,630 | INFO | [3/6] Saving processed data...
2026-04-09 21:19:19,790 | INFO |    Saved: C:\Users\DELL\Documents\NSE_Volatility_Project\data\processed\NB_features.csv
2026-04-09 21:19:19,791 | INFO | [4/6] Preparing ML dataset...
2026-04-09 21:19:19,801 | INFO | [5/6] Training ML models...
2026-04-09 21:19:20,982 | INFO |    Random Forest: RMSE=0.049829
2026-04-09 21:19:21,032 | INFO |    Ridge: RMSE=0.044192
2026-04-09 21:19:22,019 | INFO |    XGBoost: RMSE=0.062967
2026-04-09 21:19:22,020 | INFO | [6/6] Evaluating and saving results...
2026-04-09 21:19:22,033 | INFO |    Saved comparison: C:\Users\DELL\Documents\NSE_Volatility_Project\results\tables\NB_model_comparison.csv
2026-04-09 21:19:22,046 | INFO |    Saved predictions: C:\Users\DELL\Documents\NSE_Volatility_Project\results\forecasts\NB_predictions.csv
2026-04-09 21:19:22,048 | INFO | [OK] Best: Ridge, RMSE: 0.044192, MAPE: 6.76%
2026-04-09 21:19:22,048 | INFO | 
============================================================
2026-04-09 21:19:22,049 | INFO | Processing: ACCESS
2026-04-09 21:19:22,050 | INFO | ============================================================
2026-04-09 21:19:22,050 | INFO | [1/6] Loading raw data...
2026-04-09 21:19:22,051 | INFO | [WAIT] Loading ACCESS
2026-04-09 21:19:22,162 | INFO | [OK] Loaded 988 rows
2026-04-09 21:19:22,163 | INFO |    Loaded 988 rows, columns: ['Date', 'Price', 'Open', 'High', 'Low', 'Volume']
2026-04-09 21:19:22,163 | INFO | [2/6] Engineering features...
2026-04-09 21:19:22,286 | INFO |    Created 735 rows with 48 features
2026-04-09 21:19:22,287 | INFO | [3/6] Saving processed data...
2026-04-09 21:19:22,376 | INFO |    Saved: C:\Users\DELL\Documents\NSE_Volatility_Project\data\processed\ACCESS_features.csv
2026-04-09 21:19:22,377 | INFO | [4/6] Preparing ML dataset...
2026-04-09 21:19:22,382 | INFO | [5/6] Training ML models...
2026-04-09 21:19:23,255 | INFO |    Random Forest: RMSE=0.027996
2026-04-09 21:19:23,270 | INFO |    Ridge: RMSE=0.035829
2026-04-09 21:19:23,883 | INFO |    XGBoost: RMSE=0.032229
2026-04-09 21:19:23,883 | INFO | [6/6] Evaluating and saving results...
2026-04-09 21:19:23,899 | INFO |    Saved comparison: C:\Users\DELL\Documents\NSE_Volatility_Project\results\tables\ACCESS_model_comparison.csv
2026-04-09 21:19:23,912 | INFO |    Saved predictions: C:\Users\DELL\Documents\NSE_Volatility_Project\results\forecasts\ACCESS_predictions.csv
2026-04-09 21:19:23,916 | INFO | [OK] Best: Random Forest, RMSE: 0.027996, MAPE: 7.59%
2026-04-09 21:19:23,917 | INFO | 
============================================================
2026-04-09 21:19:23,918 | INFO | Processing: WAPCO
2026-04-09 21:19:23,924 | INFO | ============================================================
2026-04-09 21:19:23,924 | INFO | [1/6] Loading raw data...
2026-04-09 21:19:23,926 | INFO | [WAIT] Loading WAPCO
2026-04-09 21:19:24,033 | INFO | [OK] Loaded 1545 rows
2026-04-09 21:19:24,034 | INFO |    Loaded 1545 rows, columns: ['Date', 'Price', 'Open', 'High', 'Low', 'Volume']
2026-04-09 21:19:24,034 | INFO | [2/6] Engineering features...
2026-04-09 21:19:24,132 | INFO |    Created 1291 rows with 48 features
2026-04-09 21:19:24,133 | INFO | [3/6] Saving processed data...
2026-04-09 21:19:24,263 | INFO |    Saved: C:\Users\DELL\Documents\NSE_Volatility_Project\data\processed\WAPCO_features.csv
2026-04-09 21:19:24,263 | INFO | [4/6] Preparing ML dataset...
2026-04-09 21:19:24,275 | INFO | [5/6] Training ML models...
2026-04-09 21:19:25,552 | INFO |    Random Forest: RMSE=0.053615
2026-04-09 21:19:25,563 | INFO |    Ridge: RMSE=0.057434
2026-04-09 21:19:26,529 | INFO |    XGBoost: RMSE=0.061681
2026-04-09 21:19:26,529 | INFO | [6/6] Evaluating and saving results...
2026-04-09 21:19:26,547 | INFO |    Saved comparison: C:\Users\DELL\Documents\NSE_Volatility_Project\results\tables\WAPCO_model_comparison.csv
2026-04-09 21:19:26,563 | INFO |    Saved predictions: C:\Users\DELL\Documents\NSE_Volatility_Project\results\forecasts\WAPCO_predictions.csv
2026-04-09 21:19:26,565 | INFO | [OK] Best: Random Forest, RMSE: 0.053615, MAPE: 8.21%
2026-04-09 21:19:26,577 | INFO | 
[OK] Reports saved to C:\Users\DELL\Documents\NSE_Volatility_Project\results\tables
2026-04-09 21:19:26,578 | INFO | 
======================================================================
2026-04-09 21:19:26,579 | INFO | PIPELINE COMPLETE
2026-04-09 21:19:26,580 | INFO | Success: 14/14 stocks
2026-04-09 21:19:26,580 | INFO | Time: 0.6 minutes
2026-04-09 21:19:26,580 | INFO | ======================================================================
2026-04-09 21:19:26,581 | INFO | Dashboard-compatible files created:
2026-04-09 21:19:26,581 | INFO |    - data/processed/{stock}_features.csv
2026-04-09 21:19:26,583 | INFO |    - results/tables/{stock}_model_comparison.csv
2026-04-09 21:19:26,584 | INFO |    - results/forecasts/{stock}_predictions.csv
2026-04-09 21:19:26,584 | INFO | 
Run: streamlit run app.py
2026-04-09 21:19:26,596 | INFO | ======================================================================
2026-04-09 21:47:16,720 | INFO | 
======================================================================
2026-04-09 21:47:16,720 | INFO | NSE STOCK VOLATILITY PREDICTION PIPELINE
2026-04-09 21:47:16,720 | INFO | Started: 2026-04-09 21:47:16
2026-04-09 21:47:16,720 | INFO | ======================================================================
2026-04-09 21:47:16,720 | INFO | [OK] Found 14 stocks to process
2026-04-09 21:47:16,720 | INFO | 
============================================================
2026-04-09 21:47:16,720 | INFO | Processing: DANGCEM
2026-04-09 21:47:16,720 | INFO | ============================================================
2026-04-09 21:47:16,736 | INFO | [1/6] Loading raw data...
2026-04-09 21:47:16,736 | INFO | [WAIT] Loading DANGCEM
2026-04-09 21:47:16,923 | INFO | [OK] Loaded 1545 rows
2026-04-09 21:47:16,923 | INFO |    Loaded 1545 rows, columns: ['Date', 'Price', 'Open', 'High', 'Low', 'Volume']
2026-04-09 21:47:16,923 | INFO | [2/6] Engineering features...
2026-04-09 21:47:16,990 | INFO |    Created 954 rows with 48 features
2026-04-09 21:47:16,990 | INFO | [3/6] Saving processed data...
2026-04-09 21:47:17,095 | INFO |    Saved: C:\Users\DELL\Documents\NSE_Volatility_Project\data\processed\DANGCEM_features.csv
2026-04-09 21:47:17,095 | INFO | [4/6] Preparing ML dataset...
2026-04-09 21:47:17,103 | INFO | [5/6] Training ML models...
2026-04-09 21:47:17,912 | INFO |    Random Forest: RMSE=0.055483
2026-04-09 21:47:17,942 | INFO |    Ridge: RMSE=0.046560
2026-04-09 21:47:18,724 | INFO |    XGBoost: RMSE=0.088683
2026-04-09 21:47:18,724 | INFO | [6/6] Evaluating and saving results...
2026-04-09 21:47:18,747 | INFO |    Saved comparison: C:\Users\DELL\Documents\NSE_Volatility_Project\results\tables\DANGCEM_model_comparison.csv
2026-04-09 21:47:18,766 | INFO |    Saved predictions: C:\Users\DELL\Documents\NSE_Volatility_Project\results\forecasts\DANGCEM_predictions.csv
2026-04-09 21:47:18,773 | INFO | [OK] Best: Ridge, RMSE: 0.046560, MAPE: 10.50%
2026-04-09 21:47:18,774 | INFO | 
============================================================
2026-04-09 21:47:18,776 | INFO | Processing: MTNN
2026-04-09 21:47:18,776 | INFO | ============================================================
2026-04-09 21:47:18,778 | INFO | [1/6] Loading raw data...
2026-04-09 21:47:18,779 | INFO | [WAIT] Loading MTNN
2026-04-09 21:47:18,880 | INFO | [OK] Loaded 1545 rows
2026-04-09 21:47:18,880 | INFO |    Loaded 1545 rows, columns: ['Date', 'Price', 'Open', 'High', 'Low', 'Volume']
2026-04-09 21:47:18,880 | INFO | [2/6] Engineering features...
2026-04-09 21:47:18,925 | INFO |    Created 1291 rows with 48 features
2026-04-09 21:47:18,925 | INFO | [3/6] Saving processed data...
2026-04-09 21:47:19,041 | INFO |    Saved: C:\Users\DELL\Documents\NSE_Volatility_Project\data\processed\MTNN_features.csv
2026-04-09 21:47:19,041 | INFO | [4/6] Preparing ML dataset...
2026-04-09 21:47:19,041 | INFO | [5/6] Training ML models...
2026-04-09 21:47:20,042 | INFO |    Random Forest: RMSE=0.045698
2026-04-09 21:47:20,042 | INFO |    Ridge: RMSE=0.032773
2026-04-09 21:47:20,840 | INFO |    XGBoost: RMSE=0.067620
2026-04-09 21:47:20,840 | INFO | [6/6] Evaluating and saving results...
2026-04-09 21:47:20,857 | INFO |    Saved comparison: C:\Users\DELL\Documents\NSE_Volatility_Project\results\tables\MTNN_model_comparison.csv
2026-04-09 21:47:20,880 | INFO |    Saved predictions: C:\Users\DELL\Documents\NSE_Volatility_Project\results\forecasts\MTNN_predictions.csv
2026-04-09 21:47:20,885 | INFO | [OK] Best: Ridge, RMSE: 0.032773, MAPE: 8.98%
2026-04-09 21:47:20,885 | INFO | 
============================================================
2026-04-09 21:47:20,890 | INFO | Processing: GTCO
2026-04-09 21:47:20,894 | INFO | ============================================================
2026-04-09 21:47:20,895 | INFO | [1/6] Loading raw data...
2026-04-09 21:47:20,896 | INFO | [WAIT] Loading GTCO
2026-04-09 21:47:20,989 | INFO | [OK] Loaded 1541 rows
2026-04-09 21:47:20,989 | INFO |    Loaded 1541 rows, columns: ['Date', 'Price', 'Open', 'High', 'Low', 'Volume']
2026-04-09 21:47:20,990 | INFO | [2/6] Engineering features...
2026-04-09 21:47:21,042 | INFO |    Created 1288 rows with 48 features
2026-04-09 21:47:21,042 | INFO | [3/6] Saving processed data...
2026-04-09 21:47:21,152 | INFO |    Saved: C:\Users\DELL\Documents\NSE_Volatility_Project\data\processed\GTCO_features.csv
2026-04-09 21:47:21,153 | INFO | [4/6] Preparing ML dataset...
2026-04-09 21:47:21,158 | INFO | [5/6] Training ML models...
2026-04-09 21:47:22,180 | INFO |    Random Forest: RMSE=0.048008
2026-04-09 21:47:22,195 | INFO |    Ridge: RMSE=0.031620
2026-04-09 21:47:23,090 | INFO |    XGBoost: RMSE=0.057286
2026-04-09 21:47:23,090 | INFO | [6/6] Evaluating and saving results...
2026-04-09 21:47:23,107 | INFO |    Saved comparison: C:\Users\DELL\Documents\NSE_Volatility_Project\results\tables\GTCO_model_comparison.csv
2026-04-09 21:47:23,130 | INFO |    Saved predictions: C:\Users\DELL\Documents\NSE_Volatility_Project\results\forecasts\GTCO_predictions.csv
2026-04-09 21:47:23,131 | INFO | [OK] Best: Ridge, RMSE: 0.031620, MAPE: 5.40%
2026-04-09 21:47:23,132 | INFO | 
============================================================
2026-04-09 21:47:23,132 | INFO | Processing: SEPLAT
2026-04-09 21:47:23,133 | INFO | ============================================================
2026-04-09 21:47:23,134 | INFO | [1/6] Loading raw data...
2026-04-09 21:47:23,137 | INFO | [WAIT] Loading SEPLAT
2026-04-09 21:47:23,338 | INFO | [OK] Loaded 591 rows
2026-04-09 21:47:23,338 | INFO |    Loaded 591 rows, columns: ['Date', 'Price', 'Open', 'High', 'Low', 'Volume']
2026-04-09 21:47:23,338 | INFO | [2/6] Engineering features...
2026-04-09 21:47:23,424 | INFO |    Created 263 rows with 48 features
2026-04-09 21:47:23,424 | INFO | [3/6] Saving processed data...
2026-04-09 21:47:23,460 | INFO |    Saved: C:\Users\DELL\Documents\NSE_Volatility_Project\data\processed\SEPLAT_features.csv
2026-04-09 21:47:23,460 | INFO | [4/6] Preparing ML dataset...
2026-04-09 21:47:23,472 | INFO | [5/6] Training ML models...
2026-04-09 21:47:23,851 | INFO |    Random Forest: RMSE=0.064249
2026-04-09 21:47:23,867 | INFO |    Ridge: RMSE=0.057246
2026-04-09 21:47:24,044 | INFO |    XGBoost: RMSE=0.073792
2026-04-09 21:47:24,045 | INFO | [6/6] Evaluating and saving results...
2026-04-09 21:47:24,056 | INFO |    Saved comparison: C:\Users\DELL\Documents\NSE_Volatility_Project\results\tables\SEPLAT_model_comparison.csv
2026-04-09 21:47:24,065 | INFO |    Saved predictions: C:\Users\DELL\Documents\NSE_Volatility_Project\results\forecasts\SEPLAT_predictions.csv
2026-04-09 21:47:24,066 | INFO | [OK] Best: Ridge, RMSE: 0.057246, MAPE: 17.92%
2026-04-09 21:47:24,067 | INFO | 
============================================================
2026-04-09 21:47:24,068 | INFO | Processing: AIRTEL
2026-04-09 21:47:24,068 | INFO | ============================================================
2026-04-09 21:47:24,068 | INFO | [1/6] Loading raw data...
2026-04-09 21:47:24,069 | INFO | [WAIT] Loading AIRTEL
2026-04-09 21:47:24,195 | INFO | [OK] Loaded 482 rows
2026-04-09 21:47:24,196 | INFO |    Loaded 482 rows, columns: ['Date', 'Price', 'Open', 'High', 'Low', 'Volume']
2026-04-09 21:47:24,196 | INFO | [2/6] Engineering features...
2026-04-09 21:47:24,258 | INFO |    Created 102 rows with 48 features
2026-04-09 21:47:24,258 | INFO | [3/6] Saving processed data...
2026-04-09 21:47:24,281 | INFO |    Saved: C:\Users\DELL\Documents\NSE_Volatility_Project\data\processed\AIRTEL_features.csv
2026-04-09 21:47:24,282 | INFO | [4/6] Preparing ML dataset...
2026-04-09 21:47:24,291 | INFO | [5/6] Training ML models...
2026-04-09 21:47:24,609 | INFO |    Random Forest: RMSE=0.084380
2026-04-09 21:47:24,609 | INFO |    Ridge: RMSE=0.081453
2026-04-09 21:47:24,694 | INFO |    XGBoost: RMSE=0.143251
2026-04-09 21:47:24,695 | INFO | [6/6] Evaluating and saving results...
2026-04-09 21:47:24,709 | INFO |    Saved comparison: C:\Users\DELL\Documents\NSE_Volatility_Project\results\tables\AIRTEL_model_comparison.csv
2026-04-09 21:47:24,718 | INFO |    Saved predictions: C:\Users\DELL\Documents\NSE_Volatility_Project\results\forecasts\AIRTEL_predictions.csv
2026-04-09 21:47:24,718 | INFO | [OK] Best: Ridge, RMSE: 0.081453, MAPE: 19.49%
2026-04-09 21:47:24,718 | INFO | 
============================================================
2026-04-09 21:47:24,718 | INFO | Processing: INTERBREW
2026-04-09 21:47:24,723 | INFO | ============================================================
2026-04-09 21:47:24,723 | INFO | [1/6] Loading raw data...
2026-04-09 21:47:24,724 | INFO | [WAIT] Loading INTERBREW
2026-04-09 21:47:24,808 | INFO | [OK] Loaded 1545 rows
2026-04-09 21:47:24,824 | INFO |    Loaded 1545 rows, columns: ['Date', 'Price', 'Open', 'High', 'Low', 'Volume']
2026-04-09 21:47:24,824 | INFO | [2/6] Engineering features...
2026-04-09 21:47:24,876 | INFO |    Created 1284 rows with 48 features
2026-04-09 21:47:24,876 | INFO | [3/6] Saving processed data...
2026-04-09 21:47:24,985 | INFO |    Saved: C:\Users\DELL\Documents\NSE_Volatility_Project\data\processed\INTERBREW_features.csv
2026-04-09 21:47:24,985 | INFO | [4/6] Preparing ML dataset...
2026-04-09 21:47:24,991 | INFO | [5/6] Training ML models...
2026-04-09 21:47:25,912 | INFO |    Random Forest: RMSE=0.047570
2026-04-09 21:47:25,912 | INFO |    Ridge: RMSE=0.172941
2026-04-09 21:47:26,741 | INFO |    XGBoost: RMSE=0.067720
2026-04-09 21:47:26,741 | INFO | [6/6] Evaluating and saving results...
2026-04-09 21:47:26,763 | INFO |    Saved comparison: C:\Users\DELL\Documents\NSE_Volatility_Project\results\tables\INTERBREW_model_comparison.csv
2026-04-09 21:47:26,776 | INFO |    Saved predictions: C:\Users\DELL\Documents\NSE_Volatility_Project\results\forecasts\INTERBREW_predictions.csv
2026-04-09 21:47:26,778 | INFO | [OK] Best: Random Forest, RMSE: 0.047570, MAPE: 9.33%
2026-04-09 21:47:26,778 | INFO | 
============================================================
2026-04-09 21:47:26,779 | INFO | Processing: FIRSTHOLDCO
2026-04-09 21:47:26,779 | INFO | ============================================================
2026-04-09 21:47:26,779 | INFO | [1/6] Loading raw data...
2026-04-09 21:47:26,780 | INFO | [WAIT] Loading FIRSTHOLDCO
2026-04-09 21:47:26,872 | INFO | [OK] Loaded 1544 rows
2026-04-09 21:47:26,872 | INFO |    Loaded 1544 rows, columns: ['Date', 'Price', 'Open', 'High', 'Low', 'Volume']
2026-04-09 21:47:26,872 | INFO | [2/6] Engineering features...
2026-04-09 21:47:26,942 | INFO |    Created 1291 rows with 48 features
2026-04-09 21:47:26,942 | INFO | [3/6] Saving processed data...
2026-04-09 21:47:27,061 | INFO |    Saved: C:\Users\DELL\Documents\NSE_Volatility_Project\data\processed\FIRSTHOLDCO_features.csv
2026-04-09 21:47:27,062 | INFO | [4/6] Preparing ML dataset...
2026-04-09 21:47:27,066 | INFO | [5/6] Training ML models...
2026-04-09 21:47:28,095 | INFO |    Random Forest: RMSE=0.041650
2026-04-09 21:47:28,108 | INFO |    Ridge: RMSE=0.037030
2026-04-09 21:47:28,891 | INFO |    XGBoost: RMSE=0.042574
2026-04-09 21:47:28,891 | INFO | [6/6] Evaluating and saving results...
2026-04-09 21:47:28,908 | INFO |    Saved comparison: C:\Users\DELL\Documents\NSE_Volatility_Project\results\tables\FIRSTHOLDCO_model_comparison.csv
2026-04-09 21:47:28,932 | INFO |    Saved predictions: C:\Users\DELL\Documents\NSE_Volatility_Project\results\forecasts\FIRSTHOLDCO_predictions.csv
2026-04-09 21:47:28,932 | INFO | [OK] Best: Ridge, RMSE: 0.037030, MAPE: 5.34%
2026-04-09 21:47:28,936 | INFO | 
============================================================
2026-04-09 21:47:28,937 | INFO | Processing: ETI
2026-04-09 21:47:28,937 | INFO | ============================================================
2026-04-09 21:47:28,937 | INFO | [1/6] Loading raw data...
2026-04-09 21:47:28,938 | INFO | [WAIT] Loading ETI
2026-04-09 21:47:29,040 | INFO | [OK] Loaded 1545 rows
2026-04-09 21:47:29,040 | INFO |    Loaded 1545 rows, columns: ['Date', 'Price', 'Open', 'High', 'Low', 'Volume']
2026-04-09 21:47:29,040 | INFO | [2/6] Engineering features...
2026-04-09 21:47:29,125 | INFO |    Created 1265 rows with 48 features
2026-04-09 21:47:29,126 | INFO | [3/6] Saving processed data...
2026-04-09 21:47:29,225 | INFO |    Saved: C:\Users\DELL\Documents\NSE_Volatility_Project\data\processed\ETI_features.csv
2026-04-09 21:47:29,225 | INFO | [4/6] Preparing ML dataset...
2026-04-09 21:47:29,241 | INFO | [5/6] Training ML models...
2026-04-09 21:47:30,294 | INFO |    Random Forest: RMSE=0.058852
2026-04-09 21:47:30,296 | INFO |    Ridge: RMSE=0.038381
2026-04-09 21:47:31,074 | INFO |    XGBoost: RMSE=0.086048
2026-04-09 21:47:31,074 | INFO | [6/6] Evaluating and saving results...
2026-04-09 21:47:31,095 | INFO |    Saved comparison: C:\Users\DELL\Documents\NSE_Volatility_Project\results\tables\ETI_model_comparison.csv
2026-04-09 21:47:31,099 | INFO |    Saved predictions: C:\Users\DELL\Documents\NSE_Volatility_Project\results\forecasts\ETI_predictions.csv
2026-04-09 21:47:31,110 | INFO | [OK] Best: Ridge, RMSE: 0.038381, MAPE: 4.96%
2026-04-09 21:47:31,110 | INFO | 
============================================================
2026-04-09 21:47:31,111 | INFO | Processing: ZENITH
2026-04-09 21:47:31,111 | INFO | ============================================================
2026-04-09 21:47:31,112 | INFO | [1/6] Loading raw data...
2026-04-09 21:47:31,112 | INFO | [WAIT] Loading ZENITH
2026-04-09 21:47:31,209 | INFO | [OK] Loaded 1546 rows
2026-04-09 21:47:31,209 | INFO |    Loaded 1546 rows, columns: ['Date', 'Price', 'Open', 'High', 'Low', 'Volume']
2026-04-09 21:47:31,209 | INFO | [2/6] Engineering features...
2026-04-09 21:47:31,276 | INFO |    Created 1293 rows with 48 features
2026-04-09 21:47:31,276 | INFO | [3/6] Saving processed data...
2026-04-09 21:47:31,391 | INFO |    Saved: C:\Users\DELL\Documents\NSE_Volatility_Project\data\processed\ZENITH_features.csv
2026-04-09 21:47:31,391 | INFO | [4/6] Preparing ML dataset...
2026-04-09 21:47:31,391 | INFO | [5/6] Training ML models...
2026-04-09 21:47:32,448 | INFO |    Random Forest: RMSE=0.175268
2026-04-09 21:47:32,492 | INFO |    Ridge: RMSE=0.043403
2026-04-09 21:47:33,308 | INFO |    XGBoost: RMSE=0.175469
2026-04-09 21:47:33,308 | INFO | [6/6] Evaluating and saving results...
2026-04-09 21:47:33,331 | INFO |    Saved comparison: C:\Users\DELL\Documents\NSE_Volatility_Project\results\tables\ZENITH_model_comparison.csv
2026-04-09 21:47:33,343 | INFO |    Saved predictions: C:\Users\DELL\Documents\NSE_Volatility_Project\results\forecasts\ZENITH_predictions.csv
2026-04-09 21:47:33,345 | INFO | [OK] Best: Ridge, RMSE: 0.043403, MAPE: 5.28%
2026-04-09 21:47:33,345 | INFO | 
============================================================
2026-04-09 21:47:33,346 | INFO | Processing: CWG
2026-04-09 21:47:33,346 | INFO | ============================================================
2026-04-09 21:47:33,346 | INFO | [1/6] Loading raw data...
2026-04-09 21:47:33,347 | INFO | [WAIT] Loading CWG
2026-04-09 21:47:33,463 | INFO | [OK] Loaded 1107 rows
2026-04-09 21:47:33,464 | INFO |    Loaded 1107 rows, columns: ['Date', 'Price', 'Open', 'High', 'Low', 'Volume']
2026-04-09 21:47:33,464 | INFO | [2/6] Engineering features...
2026-04-09 21:47:33,552 | INFO |    Created 802 rows with 48 features
2026-04-09 21:47:33,552 | INFO | [3/6] Saving processed data...
2026-04-09 21:47:33,655 | INFO |    Saved: C:\Users\DELL\Documents\NSE_Volatility_Project\data\processed\CWG_features.csv
2026-04-09 21:47:33,657 | INFO | [4/6] Preparing ML dataset...
2026-04-09 21:47:33,664 | INFO | [5/6] Training ML models...
2026-04-09 21:47:34,333 | INFO |    Random Forest: RMSE=0.057616
2026-04-09 21:47:34,354 | INFO |    Ridge: RMSE=0.052976
2026-04-09 21:47:35,058 | INFO |    XGBoost: RMSE=0.062399
2026-04-09 21:47:35,058 | INFO | [6/6] Evaluating and saving results...
2026-04-09 21:47:35,080 | INFO |    Saved comparison: C:\Users\DELL\Documents\NSE_Volatility_Project\results\tables\CWG_model_comparison.csv
2026-04-09 21:47:35,092 | INFO |    Saved predictions: C:\Users\DELL\Documents\NSE_Volatility_Project\results\forecasts\CWG_predictions.csv
2026-04-09 21:47:35,093 | INFO | [OK] Best: Ridge, RMSE: 0.052976, MAPE: 7.08%
2026-04-09 21:47:35,094 | INFO | 
============================================================
2026-04-09 21:47:35,095 | INFO | Processing: NESTLE
2026-04-09 21:47:35,095 | INFO | ============================================================
2026-04-09 21:47:35,095 | INFO | [1/6] Loading raw data...
2026-04-09 21:47:35,096 | INFO | [WAIT] Loading NESTLE
2026-04-09 21:47:35,209 | INFO | [OK] Loaded 346 rows
2026-04-09 21:47:35,209 | INFO |    Loaded 346 rows, columns: ['Date', 'Price', 'Open', 'High', 'Low', 'Volume']
2026-04-09 21:47:35,209 | INFO | [2/6] Engineering features...
2026-04-09 21:47:35,260 | INFO |    Created 55 rows with 48 features
2026-04-09 21:47:35,260 | INFO | [3/6] Saving processed data...
2026-04-09 21:47:35,281 | INFO |    Saved: C:\Users\DELL\Documents\NSE_Volatility_Project\data\processed\NESTLE_features.csv
2026-04-09 21:47:35,281 | INFO | [4/6] Preparing ML dataset...
2026-04-09 21:47:35,285 | INFO | [5/6] Training ML models...
2026-04-09 21:47:35,574 | INFO |    Random Forest: RMSE=0.130896
2026-04-09 21:47:35,576 | INFO |    Ridge: RMSE=0.239850
2026-04-09 21:47:35,624 | INFO |    XGBoost: RMSE=0.079147
2026-04-09 21:47:35,626 | INFO | [6/6] Evaluating and saving results...
2026-04-09 21:47:35,644 | INFO |    Saved comparison: C:\Users\DELL\Documents\NSE_Volatility_Project\results\tables\NESTLE_model_comparison.csv
2026-04-09 21:47:35,652 | INFO |    Saved predictions: C:\Users\DELL\Documents\NSE_Volatility_Project\results\forecasts\NESTLE_predictions.csv
2026-04-09 21:47:35,652 | INFO | [OK] Best: XGBoost, RMSE: 0.079147, MAPE: 11.72%
2026-04-09 21:47:35,652 | INFO | 
============================================================
2026-04-09 21:47:35,652 | INFO | Processing: NB
2026-04-09 21:47:35,657 | INFO | ============================================================
2026-04-09 21:47:35,658 | INFO | [1/6] Loading raw data...
2026-04-09 21:47:35,659 | INFO | [WAIT] Loading NB
2026-04-09 21:47:35,753 | INFO | [OK] Loaded 1545 rows
2026-04-09 21:47:35,753 | INFO |    Loaded 1545 rows, columns: ['Date', 'Price', 'Open', 'High', 'Low', 'Volume']
2026-04-09 21:47:35,754 | INFO | [2/6] Engineering features...
2026-04-09 21:47:35,810 | INFO |    Created 1281 rows with 48 features
2026-04-09 21:47:35,810 | INFO | [3/6] Saving processed data...
2026-04-09 21:47:35,909 | INFO |    Saved: C:\Users\DELL\Documents\NSE_Volatility_Project\data\processed\NB_features.csv
2026-04-09 21:47:35,909 | INFO | [4/6] Preparing ML dataset...
2026-04-09 21:47:35,909 | INFO | [5/6] Training ML models...
2026-04-09 21:47:36,925 | INFO |    Random Forest: RMSE=0.049829
2026-04-09 21:47:36,925 | INFO |    Ridge: RMSE=0.044192
2026-04-09 21:47:37,724 | INFO |    XGBoost: RMSE=0.062967
2026-04-09 21:47:37,725 | INFO | [6/6] Evaluating and saving results...
2026-04-09 21:47:37,744 | INFO |    Saved comparison: C:\Users\DELL\Documents\NSE_Volatility_Project\results\tables\NB_model_comparison.csv
2026-04-09 21:47:37,749 | INFO |    Saved predictions: C:\Users\DELL\Documents\NSE_Volatility_Project\results\forecasts\NB_predictions.csv
2026-04-09 21:47:37,760 | INFO | [OK] Best: Ridge, RMSE: 0.044192, MAPE: 6.76%
2026-04-09 21:47:37,761 | INFO | 
============================================================
2026-04-09 21:47:37,761 | INFO | Processing: ACCESS
2026-04-09 21:47:37,761 | INFO | ============================================================
2026-04-09 21:47:37,762 | INFO | [1/6] Loading raw data...
2026-04-09 21:47:37,763 | INFO | [WAIT] Loading ACCESS
2026-04-09 21:47:37,848 | INFO | [OK] Loaded 988 rows
2026-04-09 21:47:37,849 | INFO |    Loaded 988 rows, columns: ['Date', 'Price', 'Open', 'High', 'Low', 'Volume']
2026-04-09 21:47:37,849 | INFO | [2/6] Engineering features...
2026-04-09 21:47:37,894 | INFO |    Created 735 rows with 48 features
2026-04-09 21:47:37,894 | INFO | [3/6] Saving processed data...
2026-04-09 21:47:37,976 | INFO |    Saved: C:\Users\DELL\Documents\NSE_Volatility_Project\data\processed\ACCESS_features.csv
2026-04-09 21:47:37,976 | INFO | [4/6] Preparing ML dataset...
2026-04-09 21:47:37,976 | INFO | [5/6] Training ML models...
2026-04-09 21:47:38,599 | INFO |    Random Forest: RMSE=0.027996
2026-04-09 21:47:38,618 | INFO |    Ridge: RMSE=0.035829
2026-04-09 21:47:39,109 | INFO |    XGBoost: RMSE=0.032229
2026-04-09 21:47:39,109 | INFO | [6/6] Evaluating and saving results...
2026-04-09 21:47:39,130 | INFO |    Saved comparison: C:\Users\DELL\Documents\NSE_Volatility_Project\results\tables\ACCESS_model_comparison.csv
2026-04-09 21:47:39,143 | INFO |    Saved predictions: C:\Users\DELL\Documents\NSE_Volatility_Project\results\forecasts\ACCESS_predictions.csv
2026-04-09 21:47:39,146 | INFO | [OK] Best: Random Forest, RMSE: 0.027996, MAPE: 7.59%
2026-04-09 21:47:39,147 | INFO | 
============================================================
2026-04-09 21:47:39,147 | INFO | Processing: WAPCO
2026-04-09 21:47:39,148 | INFO | ============================================================
2026-04-09 21:47:39,148 | INFO | [1/6] Loading raw data...
2026-04-09 21:47:39,149 | INFO | [WAIT] Loading WAPCO
2026-04-09 21:47:39,256 | INFO | [OK] Loaded 1545 rows
2026-04-09 21:47:39,257 | INFO |    Loaded 1545 rows, columns: ['Date', 'Price', 'Open', 'High', 'Low', 'Volume']
2026-04-09 21:47:39,257 | INFO | [2/6] Engineering features...
2026-04-09 21:47:39,326 | INFO |    Created 1291 rows with 48 features
2026-04-09 21:47:39,326 | INFO | [3/6] Saving processed data...
2026-04-09 21:47:39,450 | INFO |    Saved: C:\Users\DELL\Documents\NSE_Volatility_Project\data\processed\WAPCO_features.csv
2026-04-09 21:47:39,450 | INFO | [4/6] Preparing ML dataset...
2026-04-09 21:47:39,455 | INFO | [5/6] Training ML models...
2026-04-09 21:47:40,459 | INFO |    Random Forest: RMSE=0.053615
2026-04-09 21:47:40,459 | INFO |    Ridge: RMSE=0.057434
2026-04-09 21:47:41,276 | INFO |    XGBoost: RMSE=0.061681
2026-04-09 21:47:41,276 | INFO | [6/6] Evaluating and saving results...
2026-04-09 21:47:41,311 | INFO |    Saved comparison: C:\Users\DELL\Documents\NSE_Volatility_Project\results\tables\WAPCO_model_comparison.csv
2026-04-09 21:47:41,322 | INFO |    Saved predictions: C:\Users\DELL\Documents\NSE_Volatility_Project\results\forecasts\WAPCO_predictions.csv
2026-04-09 21:47:41,323 | INFO | [OK] Best: Random Forest, RMSE: 0.053615, MAPE: 8.21%
2026-04-09 21:47:41,332 | INFO | 
[OK] Reports saved to C:\Users\DELL\Documents\NSE_Volatility_Project\results\tables
2026-04-09 21:47:41,334 | INFO | 
======================================================================
2026-04-09 21:47:41,334 | INFO | PIPELINE COMPLETE
2026-04-09 21:47:41,336 | INFO | Success: 14/14 stocks
2026-04-09 21:47:41,337 | INFO | Time: 0.4 minutes
2026-04-09 21:47:41,339 | INFO | ======================================================================
2026-04-09 21:47:41,341 | INFO | Dashboard-compatible files created:
2026-04-09 21:47:41,341 | INFO |    - data/processed/{stock}_features.csv
2026-04-09 21:47:41,341 | INFO |    - results/tables/{stock}_model_comparison.csv
2026-04-09 21:47:41,343 | INFO |    - results/forecasts/{stock}_predictions.csv
2026-04-09 21:47:41,344 | INFO | 
Run: streamlit run app.py
2026-04-09 21:47:41,345 | INFO | ======================================================================
2026-04-24 07:23:38,707 | INFO | 
======================================================================
2026-04-24 07:23:38,708 | INFO | NSE STOCK VOLATILITY PREDICTION PIPELINE
2026-04-24 07:23:38,708 | INFO | Started: 2026-04-24 07:23:38
2026-04-24 07:23:38,709 | INFO | ======================================================================
2026-04-24 07:23:38,711 | INFO | [OK] Found 14 stocks to process
2026-04-24 07:23:38,711 | INFO | 
============================================================
2026-04-24 07:23:38,711 | INFO | Processing: DANGCEM
2026-04-24 07:23:38,712 | INFO | ============================================================
2026-04-24 07:23:38,712 | INFO | [1/6] Loading raw data...
2026-04-24 07:23:38,713 | INFO | [WAIT] Loading DANGCEM
2026-04-24 07:23:39,001 | INFO | [OK] Loaded 1545 rows
2026-04-24 07:23:39,002 | INFO |    Loaded 1545 rows, columns: ['Date', 'Price', 'Open', 'High', 'Low', 'Volume']
2026-04-24 07:23:39,002 | INFO | [2/6] Engineering features...
2026-04-24 07:23:39,084 | INFO |    Created 954 rows with 48 features
2026-04-24 07:23:39,084 | INFO | [3/6] Saving processed data...
2026-04-24 07:23:39,167 | INFO |    Saved: C:\Users\DREAMUSER\Downloads\NSE Volatility Project\NSE_Volatility_Project\data\processed\DANGCEM_features.csv
2026-04-24 07:23:39,168 | INFO | [4/6] Preparing ML dataset...
2026-04-24 07:23:39,173 | INFO | [5/6] Training ML models...
2026-04-24 07:23:40,150 | INFO |    Random Forest: RMSE=0.055483
2026-04-24 07:23:40,173 | INFO |    Ridge: RMSE=0.046560
2026-04-24 07:23:41,257 | INFO |    XGBoost: RMSE=0.088683
2026-04-24 07:23:41,257 | INFO | [6/6] Evaluating and saving results...
2026-04-24 07:23:41,279 | INFO |    Saved comparison: C:\Users\DREAMUSER\Downloads\NSE Volatility Project\NSE_Volatility_Project\results\tables\DANGCEM_model_comparison.csv
2026-04-24 07:23:41,293 | INFO |    Saved predictions: C:\Users\DREAMUSER\Downloads\NSE Volatility Project\NSE_Volatility_Project\results\forecasts\DANGCEM_predictions.csv
2026-04-24 07:23:41,295 | INFO | [OK] Best: Ridge, RMSE: 0.046560, MAPE: 10.50%
2026-04-24 07:23:41,298 | INFO | 
============================================================
2026-04-24 07:23:41,300 | INFO | Processing: MTNN
2026-04-24 07:23:41,301 | INFO | ============================================================
2026-04-24 07:23:41,301 | INFO | [1/6] Loading raw data...
2026-04-24 07:23:41,302 | INFO | [WAIT] Loading MTNN
2026-04-24 07:23:41,483 | INFO | [OK] Loaded 1545 rows
2026-04-24 07:23:41,483 | INFO |    Loaded 1545 rows, columns: ['Date', 'Price', 'Open', 'High', 'Low', 'Volume']
2026-04-24 07:23:41,484 | INFO | [2/6] Engineering features...
2026-04-24 07:23:41,580 | INFO |    Created 1291 rows with 48 features
2026-04-24 07:23:41,580 | INFO | [3/6] Saving processed data...
2026-04-24 07:23:41,711 | INFO |    Saved: C:\Users\DREAMUSER\Downloads\NSE Volatility Project\NSE_Volatility_Project\data\processed\MTNN_features.csv
2026-04-24 07:23:41,712 | INFO | [4/6] Preparing ML dataset...
2026-04-24 07:23:41,722 | INFO | [5/6] Training ML models...
2026-04-24 07:23:43,013 | INFO |    Random Forest: RMSE=0.045698
2026-04-24 07:23:43,027 | INFO |    Ridge: RMSE=0.032773
2026-04-24 07:23:43,923 | INFO |    XGBoost: RMSE=0.067620
2026-04-24 07:23:43,923 | INFO | [6/6] Evaluating and saving results...
2026-04-24 07:23:43,944 | INFO |    Saved comparison: C:\Users\DREAMUSER\Downloads\NSE Volatility Project\NSE_Volatility_Project\results\tables\MTNN_model_comparison.csv
2026-04-24 07:23:43,958 | INFO |    Saved predictions: C:\Users\DREAMUSER\Downloads\NSE Volatility Project\NSE_Volatility_Project\results\forecasts\MTNN_predictions.csv
2026-04-24 07:23:43,959 | INFO | [OK] Best: Ridge, RMSE: 0.032773, MAPE: 8.98%
2026-04-24 07:23:43,961 | INFO | 
============================================================
2026-04-24 07:23:43,962 | INFO | Processing: GTCO
2026-04-24 07:23:43,962 | INFO | ============================================================
2026-04-24 07:23:43,962 | INFO | [1/6] Loading raw data...
2026-04-24 07:23:43,962 | INFO | [WAIT] Loading GTCO
2026-04-24 07:23:44,091 | INFO | [OK] Loaded 1541 rows
2026-04-24 07:23:44,092 | INFO |    Loaded 1541 rows, columns: ['Date', 'Price', 'Open', 'High', 'Low', 'Volume']
2026-04-24 07:23:44,092 | INFO | [2/6] Engineering features...
2026-04-24 07:23:44,155 | INFO |    Created 1288 rows with 48 features
2026-04-24 07:23:44,155 | INFO | [3/6] Saving processed data...
2026-04-24 07:23:44,267 | INFO |    Saved: C:\Users\DREAMUSER\Downloads\NSE Volatility Project\NSE_Volatility_Project\data\processed\GTCO_features.csv
2026-04-24 07:23:44,267 | INFO | [4/6] Preparing ML dataset...
2026-04-24 07:23:44,272 | INFO | [5/6] Training ML models...
2026-04-24 07:23:45,526 | INFO |    Random Forest: RMSE=0.048008
2026-04-24 07:23:45,532 | INFO |    Ridge: RMSE=0.031620
2026-04-24 07:23:46,386 | INFO |    XGBoost: RMSE=0.057286
2026-04-24 07:23:46,386 | INFO | [6/6] Evaluating and saving results...
2026-04-24 07:23:46,409 | INFO |    Saved comparison: C:\Users\DREAMUSER\Downloads\NSE Volatility Project\NSE_Volatility_Project\results\tables\GTCO_model_comparison.csv
2026-04-24 07:23:46,423 | INFO |    Saved predictions: C:\Users\DREAMUSER\Downloads\NSE Volatility Project\NSE_Volatility_Project\results\forecasts\GTCO_predictions.csv
2026-04-24 07:23:46,424 | INFO | [OK] Best: Ridge, RMSE: 0.031620, MAPE: 5.40%
2026-04-24 07:23:46,427 | INFO | 
============================================================
2026-04-24 07:23:46,427 | INFO | Processing: SEPLAT
2026-04-24 07:23:46,428 | INFO | ============================================================
2026-04-24 07:23:46,429 | INFO | [1/6] Loading raw data...
2026-04-24 07:23:46,430 | INFO | [WAIT] Loading SEPLAT
2026-04-24 07:23:46,601 | INFO | [OK] Loaded 591 rows
2026-04-24 07:23:46,601 | INFO |    Loaded 591 rows, columns: ['Date', 'Price', 'Open', 'High', 'Low', 'Volume']
2026-04-24 07:23:46,602 | INFO | [2/6] Engineering features...
2026-04-24 07:23:46,688 | INFO |    Created 263 rows with 48 features
2026-04-24 07:23:46,689 | INFO | [3/6] Saving processed data...
2026-04-24 07:23:46,723 | INFO |    Saved: C:\Users\DREAMUSER\Downloads\NSE Volatility Project\NSE_Volatility_Project\data\processed\SEPLAT_features.csv
2026-04-24 07:23:46,724 | INFO | [4/6] Preparing ML dataset...
2026-04-24 07:23:46,733 | INFO | [5/6] Training ML models...
2026-04-24 07:23:47,151 | INFO |    Random Forest: RMSE=0.064249
2026-04-24 07:23:47,163 | INFO |    Ridge: RMSE=0.057246
2026-04-24 07:23:47,464 | INFO |    XGBoost: RMSE=0.073792
2026-04-24 07:23:47,464 | INFO | [6/6] Evaluating and saving results...
2026-04-24 07:23:47,484 | INFO |    Saved comparison: C:\Users\DREAMUSER\Downloads\NSE Volatility Project\NSE_Volatility_Project\results\tables\SEPLAT_model_comparison.csv
2026-04-24 07:23:47,493 | INFO |    Saved predictions: C:\Users\DREAMUSER\Downloads\NSE Volatility Project\NSE_Volatility_Project\results\forecasts\SEPLAT_predictions.csv
2026-04-24 07:23:47,495 | INFO | [OK] Best: Ridge, RMSE: 0.057246, MAPE: 17.92%
2026-04-24 07:23:47,497 | INFO | 
============================================================
2026-04-24 07:23:47,497 | INFO | Processing: AIRTEL
2026-04-24 07:23:47,497 | INFO | ============================================================
2026-04-24 07:23:47,497 | INFO | [1/6] Loading raw data...
2026-04-24 07:23:47,498 | INFO | [WAIT] Loading AIRTEL
2026-04-24 07:23:47,668 | INFO | [OK] Loaded 482 rows
2026-04-24 07:23:47,668 | INFO |    Loaded 482 rows, columns: ['Date', 'Price', 'Open', 'High', 'Low', 'Volume']
2026-04-24 07:23:47,668 | INFO | [2/6] Engineering features...
2026-04-24 07:23:47,752 | INFO |    Created 102 rows with 48 features
2026-04-24 07:23:47,752 | INFO | [3/6] Saving processed data...
2026-04-24 07:23:47,769 | INFO |    Saved: C:\Users\DREAMUSER\Downloads\NSE Volatility Project\NSE_Volatility_Project\data\processed\AIRTEL_features.csv
2026-04-24 07:23:47,770 | INFO | [4/6] Preparing ML dataset...
2026-04-24 07:23:47,776 | INFO | [5/6] Training ML models...
2026-04-24 07:23:48,113 | INFO |    Random Forest: RMSE=0.084380
2026-04-24 07:23:48,117 | INFO |    Ridge: RMSE=0.081453
2026-04-24 07:23:48,204 | INFO |    XGBoost: RMSE=0.143251
2026-04-24 07:23:48,205 | INFO | [6/6] Evaluating and saving results...
2026-04-24 07:23:48,225 | INFO |    Saved comparison: C:\Users\DREAMUSER\Downloads\NSE Volatility Project\NSE_Volatility_Project\results\tables\AIRTEL_model_comparison.csv
2026-04-24 07:23:48,238 | INFO |    Saved predictions: C:\Users\DREAMUSER\Downloads\NSE Volatility Project\NSE_Volatility_Project\results\forecasts\AIRTEL_predictions.csv
2026-04-24 07:23:48,239 | INFO | [OK] Best: Ridge, RMSE: 0.081453, MAPE: 19.49%
2026-04-24 07:23:48,240 | INFO | 
============================================================
2026-04-24 07:23:48,241 | INFO | Processing: INTERBREW
2026-04-24 07:23:48,241 | INFO | ============================================================
2026-04-24 07:23:48,241 | INFO | [1/6] Loading raw data...
2026-04-24 07:23:48,242 | INFO | [WAIT] Loading INTERBREW
2026-04-24 07:23:48,387 | INFO | [OK] Loaded 1545 rows
2026-04-24 07:23:48,387 | INFO |    Loaded 1545 rows, columns: ['Date', 'Price', 'Open', 'High', 'Low', 'Volume']
2026-04-24 07:23:48,388 | INFO | [2/6] Engineering features...
2026-04-24 07:23:48,454 | INFO |    Created 1284 rows with 48 features
2026-04-24 07:23:48,455 | INFO | [3/6] Saving processed data...
2026-04-24 07:23:48,567 | INFO |    Saved: C:\Users\DREAMUSER\Downloads\NSE Volatility Project\NSE_Volatility_Project\data\processed\INTERBREW_features.csv
2026-04-24 07:23:48,568 | INFO | [4/6] Preparing ML dataset...
2026-04-24 07:23:48,575 | INFO | [5/6] Training ML models...
2026-04-24 07:23:49,705 | INFO |    Random Forest: RMSE=0.047570
2026-04-24 07:23:49,712 | INFO |    Ridge: RMSE=0.172941
2026-04-24 07:23:50,618 | INFO |    XGBoost: RMSE=0.067720
2026-04-24 07:23:50,618 | INFO | [6/6] Evaluating and saving results...
2026-04-24 07:23:50,640 | INFO |    Saved comparison: C:\Users\DREAMUSER\Downloads\NSE Volatility Project\NSE_Volatility_Project\results\tables\INTERBREW_model_comparison.csv
2026-04-24 07:23:50,660 | INFO |    Saved predictions: C:\Users\DREAMUSER\Downloads\NSE Volatility Project\NSE_Volatility_Project\results\forecasts\INTERBREW_predictions.csv
2026-04-24 07:23:50,661 | INFO | [OK] Best: Random Forest, RMSE: 0.047570, MAPE: 9.33%
2026-04-24 07:23:50,664 | INFO | 
============================================================
2026-04-24 07:23:50,665 | INFO | Processing: FIRSTHOLDCO
2026-04-24 07:23:50,665 | INFO | ============================================================
2026-04-24 07:23:50,667 | INFO | [1/6] Loading raw data...
2026-04-24 07:23:50,668 | INFO | [WAIT] Loading FIRSTHOLDCO
2026-04-24 07:23:50,819 | INFO | [OK] Loaded 1544 rows
2026-04-24 07:23:50,819 | INFO |    Loaded 1544 rows, columns: ['Date', 'Price', 'Open', 'High', 'Low', 'Volume']
2026-04-24 07:23:50,819 | INFO | [2/6] Engineering features...
2026-04-24 07:23:50,905 | INFO |    Created 1291 rows with 48 features
2026-04-24 07:23:50,906 | INFO | [3/6] Saving processed data...
2026-04-24 07:23:51,026 | INFO |    Saved: C:\Users\DREAMUSER\Downloads\NSE Volatility Project\NSE_Volatility_Project\data\processed\FIRSTHOLDCO_features.csv
2026-04-24 07:23:51,026 | INFO | [4/6] Preparing ML dataset...
2026-04-24 07:23:51,033 | INFO | [5/6] Training ML models...
2026-04-24 07:23:52,298 | INFO |    Random Forest: RMSE=0.041650
2026-04-24 07:23:52,308 | INFO |    Ridge: RMSE=0.037030
2026-04-24 07:23:53,212 | INFO |    XGBoost: RMSE=0.042574
2026-04-24 07:23:53,212 | INFO | [6/6] Evaluating and saving results...
2026-04-24 07:23:53,232 | INFO |    Saved comparison: C:\Users\DREAMUSER\Downloads\NSE Volatility Project\NSE_Volatility_Project\results\tables\FIRSTHOLDCO_model_comparison.csv
2026-04-24 07:23:53,246 | INFO |    Saved predictions: C:\Users\DREAMUSER\Downloads\NSE Volatility Project\NSE_Volatility_Project\results\forecasts\FIRSTHOLDCO_predictions.csv
2026-04-24 07:23:53,247 | INFO | [OK] Best: Ridge, RMSE: 0.037030, MAPE: 5.34%
2026-04-24 07:23:53,252 | INFO | 
============================================================
2026-04-24 07:23:53,252 | INFO | Processing: ETI
2026-04-24 07:23:53,253 | INFO | ============================================================
2026-04-24 07:23:53,254 | INFO | [1/6] Loading raw data...
2026-04-24 07:23:53,254 | INFO | [WAIT] Loading ETI
2026-04-24 07:23:53,383 | INFO | [OK] Loaded 1545 rows
2026-04-24 07:23:53,384 | INFO |    Loaded 1545 rows, columns: ['Date', 'Price', 'Open', 'High', 'Low', 'Volume']
2026-04-24 07:23:53,384 | INFO | [2/6] Engineering features...
2026-04-24 07:23:53,440 | INFO |    Created 1265 rows with 48 features
2026-04-24 07:23:53,441 | INFO | [3/6] Saving processed data...
2026-04-24 07:23:53,571 | INFO |    Saved: C:\Users\DREAMUSER\Downloads\NSE Volatility Project\NSE_Volatility_Project\data\processed\ETI_features.csv
2026-04-24 07:23:53,572 | INFO | [4/6] Preparing ML dataset...
2026-04-24 07:23:53,578 | INFO | [5/6] Training ML models...
2026-04-24 07:23:54,631 | INFO |    Random Forest: RMSE=0.058852
2026-04-24 07:23:54,645 | INFO |    Ridge: RMSE=0.038381
2026-04-24 07:23:55,492 | INFO |    XGBoost: RMSE=0.086048
2026-04-24 07:23:55,494 | INFO | [6/6] Evaluating and saving results...
2026-04-24 07:23:55,516 | INFO |    Saved comparison: C:\Users\DREAMUSER\Downloads\NSE Volatility Project\NSE_Volatility_Project\results\tables\ETI_model_comparison.csv
2026-04-24 07:23:55,535 | INFO |    Saved predictions: C:\Users\DREAMUSER\Downloads\NSE Volatility Project\NSE_Volatility_Project\results\forecasts\ETI_predictions.csv
2026-04-24 07:23:55,536 | INFO | [OK] Best: Ridge, RMSE: 0.038381, MAPE: 4.96%
2026-04-24 07:23:55,540 | INFO | 
============================================================
2026-04-24 07:23:55,540 | INFO | Processing: ZENITH
2026-04-24 07:23:55,540 | INFO | ============================================================
2026-04-24 07:23:55,541 | INFO | [1/6] Loading raw data...
2026-04-24 07:23:55,542 | INFO | [WAIT] Loading ZENITH
2026-04-24 07:23:55,675 | INFO | [OK] Loaded 1546 rows
2026-04-24 07:23:55,675 | INFO |    Loaded 1546 rows, columns: ['Date', 'Price', 'Open', 'High', 'Low', 'Volume']
2026-04-24 07:23:55,676 | INFO | [2/6] Engineering features...
2026-04-24 07:23:55,755 | INFO |    Created 1293 rows with 48 features
2026-04-24 07:23:55,755 | INFO | [3/6] Saving processed data...
2026-04-24 07:23:55,889 | INFO |    Saved: C:\Users\DREAMUSER\Downloads\NSE Volatility Project\NSE_Volatility_Project\data\processed\ZENITH_features.csv
2026-04-24 07:23:55,889 | INFO | [4/6] Preparing ML dataset...
2026-04-24 07:23:55,896 | INFO | [5/6] Training ML models...
2026-04-24 07:23:57,270 | INFO |    Random Forest: RMSE=0.175268
2026-04-24 07:23:57,277 | INFO |    Ridge: RMSE=0.043403
2026-04-24 07:23:58,115 | INFO |    XGBoost: RMSE=0.175469
2026-04-24 07:23:58,115 | INFO | [6/6] Evaluating and saving results...
2026-04-24 07:23:58,136 | INFO |    Saved comparison: C:\Users\DREAMUSER\Downloads\NSE Volatility Project\NSE_Volatility_Project\results\tables\ZENITH_model_comparison.csv
2026-04-24 07:23:58,150 | INFO |    Saved predictions: C:\Users\DREAMUSER\Downloads\NSE Volatility Project\NSE_Volatility_Project\results\forecasts\ZENITH_predictions.csv
2026-04-24 07:23:58,151 | INFO | [OK] Best: Ridge, RMSE: 0.043403, MAPE: 5.28%
2026-04-24 07:23:58,155 | INFO | 
============================================================
2026-04-24 07:23:58,155 | INFO | Processing: CWG
2026-04-24 07:23:58,158 | INFO | ============================================================
2026-04-24 07:23:58,160 | INFO | [1/6] Loading raw data...
2026-04-24 07:23:58,160 | INFO | [WAIT] Loading CWG
2026-04-24 07:23:58,327 | INFO | [OK] Loaded 1107 rows
2026-04-24 07:23:58,328 | INFO |    Loaded 1107 rows, columns: ['Date', 'Price', 'Open', 'High', 'Low', 'Volume']
2026-04-24 07:23:58,328 | INFO | [2/6] Engineering features...
2026-04-24 07:23:58,435 | INFO |    Created 802 rows with 48 features
2026-04-24 07:23:58,435 | INFO | [3/6] Saving processed data...
2026-04-24 07:23:58,528 | INFO |    Saved: C:\Users\DREAMUSER\Downloads\NSE Volatility Project\NSE_Volatility_Project\data\processed\CWG_features.csv
2026-04-24 07:23:58,529 | INFO | [4/6] Preparing ML dataset...
2026-04-24 07:23:58,534 | INFO | [5/6] Training ML models...
2026-04-24 07:23:59,419 | INFO |    Random Forest: RMSE=0.057616
2026-04-24 07:23:59,451 | INFO |    Ridge: RMSE=0.052976
2026-04-24 07:24:00,182 | INFO |    XGBoost: RMSE=0.062399
2026-04-24 07:24:00,182 | INFO | [6/6] Evaluating and saving results...
2026-04-24 07:24:00,204 | INFO |    Saved comparison: C:\Users\DREAMUSER\Downloads\NSE Volatility Project\NSE_Volatility_Project\results\tables\CWG_model_comparison.csv
2026-04-24 07:24:00,215 | INFO |    Saved predictions: C:\Users\DREAMUSER\Downloads\NSE Volatility Project\NSE_Volatility_Project\results\forecasts\CWG_predictions.csv
2026-04-24 07:24:00,217 | INFO | [OK] Best: Ridge, RMSE: 0.052976, MAPE: 7.08%
2026-04-24 07:24:00,223 | INFO | 
============================================================
2026-04-24 07:24:00,223 | INFO | Processing: NESTLE
2026-04-24 07:24:00,224 | INFO | ============================================================
2026-04-24 07:24:00,226 | INFO | [1/6] Loading raw data...
2026-04-24 07:24:00,227 | INFO | [WAIT] Loading NESTLE
2026-04-24 07:24:00,359 | INFO | [OK] Loaded 346 rows
2026-04-24 07:24:00,360 | INFO |    Loaded 346 rows, columns: ['Date', 'Price', 'Open', 'High', 'Low', 'Volume']
2026-04-24 07:24:00,360 | INFO | [2/6] Engineering features...
2026-04-24 07:24:00,423 | INFO |    Created 55 rows with 48 features
2026-04-24 07:24:00,424 | INFO | [3/6] Saving processed data...
2026-04-24 07:24:00,432 | INFO |    Saved: C:\Users\DREAMUSER\Downloads\NSE Volatility Project\NSE_Volatility_Project\data\processed\NESTLE_features.csv
2026-04-24 07:24:00,432 | INFO | [4/6] Preparing ML dataset...
2026-04-24 07:24:00,438 | INFO | [5/6] Training ML models...
2026-04-24 07:24:00,753 | INFO |    Random Forest: RMSE=0.130896
2026-04-24 07:24:00,764 | INFO |    Ridge: RMSE=0.239850
2026-04-24 07:24:00,845 | INFO |    XGBoost: RMSE=0.079147
2026-04-24 07:24:00,846 | INFO | [6/6] Evaluating and saving results...
2026-04-24 07:24:00,866 | INFO |    Saved comparison: C:\Users\DREAMUSER\Downloads\NSE Volatility Project\NSE_Volatility_Project\results\tables\NESTLE_model_comparison.csv
2026-04-24 07:24:00,876 | INFO |    Saved predictions: C:\Users\DREAMUSER\Downloads\NSE Volatility Project\NSE_Volatility_Project\results\forecasts\NESTLE_predictions.csv
2026-04-24 07:24:00,877 | INFO | [OK] Best: XGBoost, RMSE: 0.079147, MAPE: 11.72%
2026-04-24 07:24:00,879 | INFO | 
============================================================
2026-04-24 07:24:00,879 | INFO | Processing: NB
2026-04-24 07:24:00,879 | INFO | ============================================================
2026-04-24 07:24:00,880 | INFO | [1/6] Loading raw data...
2026-04-24 07:24:00,880 | INFO | [WAIT] Loading NB
2026-04-24 07:24:01,016 | INFO | [OK] Loaded 1545 rows
2026-04-24 07:24:01,016 | INFO |    Loaded 1545 rows, columns: ['Date', 'Price', 'Open', 'High', 'Low', 'Volume']
2026-04-24 07:24:01,017 | INFO | [2/6] Engineering features...
2026-04-24 07:24:01,076 | INFO |    Created 1281 rows with 48 features
2026-04-24 07:24:01,076 | INFO | [3/6] Saving processed data...
2026-04-24 07:24:01,182 | INFO |    Saved: C:\Users\DREAMUSER\Downloads\NSE Volatility Project\NSE_Volatility_Project\data\processed\NB_features.csv
2026-04-24 07:24:01,182 | INFO | [4/6] Preparing ML dataset...
2026-04-24 07:24:01,189 | INFO | [5/6] Training ML models...
2026-04-24 07:24:02,217 | INFO |    Random Forest: RMSE=0.049829
2026-04-24 07:24:02,225 | INFO |    Ridge: RMSE=0.044192
2026-04-24 07:24:03,068 | INFO |    XGBoost: RMSE=0.062967
2026-04-24 07:24:03,068 | INFO | [6/6] Evaluating and saving results...
2026-04-24 07:24:03,089 | INFO |    Saved comparison: C:\Users\DREAMUSER\Downloads\NSE Volatility Project\NSE_Volatility_Project\results\tables\NB_model_comparison.csv
2026-04-24 07:24:03,106 | INFO |    Saved predictions: C:\Users\DREAMUSER\Downloads\NSE Volatility Project\NSE_Volatility_Project\results\forecasts\NB_predictions.csv
2026-04-24 07:24:03,107 | INFO | [OK] Best: Ridge, RMSE: 0.044192, MAPE: 6.76%
2026-04-24 07:24:03,112 | INFO | 
============================================================
2026-04-24 07:24:03,112 | INFO | Processing: ACCESS
2026-04-24 07:24:03,112 | INFO | ============================================================
2026-04-24 07:24:03,113 | INFO | [1/6] Loading raw data...
2026-04-24 07:24:03,114 | INFO | [WAIT] Loading ACCESS
2026-04-24 07:24:03,230 | INFO | [OK] Loaded 988 rows
2026-04-24 07:24:03,230 | INFO |    Loaded 988 rows, columns: ['Date', 'Price', 'Open', 'High', 'Low', 'Volume']
2026-04-24 07:24:03,231 | INFO | [2/6] Engineering features...
2026-04-24 07:24:03,299 | INFO |    Created 735 rows with 48 features
2026-04-24 07:24:03,299 | INFO | [3/6] Saving processed data...
2026-04-24 07:24:03,374 | INFO |    Saved: C:\Users\DREAMUSER\Downloads\NSE Volatility Project\NSE_Volatility_Project\data\processed\ACCESS_features.csv
2026-04-24 07:24:03,375 | INFO | [4/6] Preparing ML dataset...
2026-04-24 07:24:03,380 | INFO | [5/6] Training ML models...
2026-04-24 07:24:04,095 | INFO |    Random Forest: RMSE=0.027996
2026-04-24 07:24:04,100 | INFO |    Ridge: RMSE=0.035829
2026-04-24 07:24:04,661 | INFO |    XGBoost: RMSE=0.032229
2026-04-24 07:24:04,661 | INFO | [6/6] Evaluating and saving results...
2026-04-24 07:24:04,684 | INFO |    Saved comparison: C:\Users\DREAMUSER\Downloads\NSE Volatility Project\NSE_Volatility_Project\results\tables\ACCESS_model_comparison.csv
2026-04-24 07:24:04,696 | INFO |    Saved predictions: C:\Users\DREAMUSER\Downloads\NSE Volatility Project\NSE_Volatility_Project\results\forecasts\ACCESS_predictions.csv
2026-04-24 07:24:04,699 | INFO | [OK] Best: Random Forest, RMSE: 0.027996, MAPE: 7.59%
2026-04-24 07:24:04,704 | INFO | 
============================================================
2026-04-24 07:24:04,704 | INFO | Processing: WAPCO
2026-04-24 07:24:04,705 | INFO | ============================================================
2026-04-24 07:24:04,705 | INFO | [1/6] Loading raw data...
2026-04-24 07:24:04,706 | INFO | [WAIT] Loading WAPCO
2026-04-24 07:24:04,830 | INFO | [OK] Loaded 1545 rows
2026-04-24 07:24:04,830 | INFO |    Loaded 1545 rows, columns: ['Date', 'Price', 'Open', 'High', 'Low', 'Volume']
2026-04-24 07:24:04,831 | INFO | [2/6] Engineering features...
2026-04-24 07:24:04,893 | INFO |    Created 1291 rows with 48 features
2026-04-24 07:24:04,894 | INFO | [3/6] Saving processed data...
2026-04-24 07:24:05,030 | INFO |    Saved: C:\Users\DREAMUSER\Downloads\NSE Volatility Project\NSE_Volatility_Project\data\processed\WAPCO_features.csv
2026-04-24 07:24:05,031 | INFO | [4/6] Preparing ML dataset...
2026-04-24 07:24:05,039 | INFO | [5/6] Training ML models...
2026-04-24 07:24:06,282 | INFO |    Random Forest: RMSE=0.053615
2026-04-24 07:24:06,293 | INFO |    Ridge: RMSE=0.057434
2026-04-24 07:24:07,204 | INFO |    XGBoost: RMSE=0.061681
2026-04-24 07:24:07,205 | INFO | [6/6] Evaluating and saving results...
2026-04-24 07:24:07,227 | INFO |    Saved comparison: C:\Users\DREAMUSER\Downloads\NSE Volatility Project\NSE_Volatility_Project\results\tables\WAPCO_model_comparison.csv
2026-04-24 07:24:07,240 | INFO |    Saved predictions: C:\Users\DREAMUSER\Downloads\NSE Volatility Project\NSE_Volatility_Project\results\forecasts\WAPCO_predictions.csv
2026-04-24 07:24:07,241 | INFO | [OK] Best: Random Forest, RMSE: 0.053615, MAPE: 8.21%
2026-04-24 07:24:07,254 | INFO | 
[OK] Reports saved to C:\Users\DREAMUSER\Downloads\NSE Volatility Project\NSE_Volatility_Project\results\tables
2026-04-24 07:24:07,255 | INFO | 
======================================================================
2026-04-24 07:24:07,256 | INFO | PIPELINE COMPLETE
2026-04-24 07:24:07,257 | INFO | Success: 14/14 stocks
2026-04-24 07:24:07,257 | INFO | Time: 0.5 minutes
2026-04-24 07:24:07,257 | INFO | ======================================================================
2026-04-24 07:24:07,258 | INFO | Dashboard-compatible files created:
2026-04-24 07:24:07,258 | INFO |    - data/processed/{stock}_features.csv
2026-04-24 07:24:07,258 | INFO |    - results/tables/{stock}_model_comparison.csv
2026-04-24 07:24:07,258 | INFO |    - results/forecasts/{stock}_predictions.csv
2026-04-24 07:24:07,258 | INFO | 
Run: streamlit run app.py
2026-04-24 07:24:07,259 | INFO | ======================================================================
2026-04-24 07:30:55,984 | INFO | 
======================================================================
2026-04-24 07:30:55,985 | INFO | NSE STOCK VOLATILITY PREDICTION PIPELINE
2026-04-24 07:30:55,985 | INFO | Started: 2026-04-24 07:30:55
2026-04-24 07:30:55,985 | INFO | ======================================================================
2026-04-24 07:30:55,987 | INFO | [OK] Found 14 stocks to process
2026-04-24 07:30:55,987 | INFO | 
============================================================
2026-04-24 07:30:55,987 | INFO | Processing: DANGCEM
2026-04-24 07:30:55,988 | INFO | ============================================================
2026-04-24 07:30:55,988 | INFO | [1/6] Loading raw data...
2026-04-24 07:30:55,988 | INFO | [WAIT] Loading DANGCEM
2026-04-24 07:30:56,208 | INFO | [OK] Loaded 1545 rows
2026-04-24 07:30:56,209 | INFO |    Loaded 1545 rows, columns: ['Date', 'Price', 'Open', 'High', 'Low', 'Volume']
2026-04-24 07:30:56,210 | INFO | [2/6] Engineering features...
2026-04-24 07:30:56,297 | INFO |    Created 954 rows with 48 features
2026-04-24 07:30:56,298 | INFO | [3/6] Saving processed data...
2026-04-24 07:30:56,384 | INFO |    Saved: C:\Users\DREAMUSER\Downloads\NSE Volatility Project\NSE_Volatility_Project\data\processed\DANGCEM_features.csv
2026-04-24 07:30:56,384 | INFO | [4/6] Preparing ML dataset...
2026-04-24 07:30:56,390 | INFO | [5/6] Training ML models...
2026-04-24 07:30:57,262 | INFO |    Random Forest: RMSE=0.055483
2026-04-24 07:30:57,290 | INFO |    Ridge: RMSE=0.046560
2026-04-24 07:30:58,171 | INFO |    XGBoost: RMSE=0.088683
2026-04-24 07:30:58,173 | INFO | [6/6] Evaluating and saving results...
2026-04-24 07:30:58,191 | INFO |    Saved comparison: C:\Users\DREAMUSER\Downloads\NSE Volatility Project\NSE_Volatility_Project\results\tables\DANGCEM_model_comparison.csv
2026-04-24 07:30:58,203 | INFO |    Saved predictions: C:\Users\DREAMUSER\Downloads\NSE Volatility Project\NSE_Volatility_Project\results\forecasts\DANGCEM_predictions.csv
2026-04-24 07:30:58,205 | INFO | [OK] Best: Ridge, RMSE: 0.046560, MAPE: 10.50%
2026-04-24 07:30:58,208 | INFO | 
============================================================
2026-04-24 07:30:58,208 | INFO | Processing: MTNN
2026-04-24 07:30:58,209 | INFO | ============================================================
2026-04-24 07:30:58,210 | INFO | [1/6] Loading raw data...
2026-04-24 07:30:58,211 | INFO | [WAIT] Loading MTNN
2026-04-24 07:30:58,331 | INFO | [OK] Loaded 1545 rows
2026-04-24 07:30:58,332 | INFO |    Loaded 1545 rows, columns: ['Date', 'Price', 'Open', 'High', 'Low', 'Volume']
2026-04-24 07:30:58,332 | INFO | [2/6] Engineering features...
2026-04-24 07:30:58,411 | INFO |    Created 1291 rows with 48 features
2026-04-24 07:30:58,411 | INFO | [3/6] Saving processed data...
2026-04-24 07:30:58,524 | INFO |    Saved: C:\Users\DREAMUSER\Downloads\NSE Volatility Project\NSE_Volatility_Project\data\processed\MTNN_features.csv
2026-04-24 07:30:58,524 | INFO | [4/6] Preparing ML dataset...
2026-04-24 07:30:58,532 | INFO | [5/6] Training ML models...
2026-04-24 07:30:59,734 | INFO |    Random Forest: RMSE=0.045698
2026-04-24 07:30:59,745 | INFO |    Ridge: RMSE=0.032773
2026-04-24 07:31:00,650 | INFO |    XGBoost: RMSE=0.067620
2026-04-24 07:31:00,650 | INFO | [6/6] Evaluating and saving results...
2026-04-24 07:31:00,671 | INFO |    Saved comparison: C:\Users\DREAMUSER\Downloads\NSE Volatility Project\NSE_Volatility_Project\results\tables\MTNN_model_comparison.csv
2026-04-24 07:31:00,685 | INFO |    Saved predictions: C:\Users\DREAMUSER\Downloads\NSE Volatility Project\NSE_Volatility_Project\results\forecasts\MTNN_predictions.csv
2026-04-24 07:31:00,686 | INFO | [OK] Best: Ridge, RMSE: 0.032773, MAPE: 8.98%
2026-04-24 07:31:00,689 | INFO | 
============================================================
2026-04-24 07:31:00,690 | INFO | Processing: GTCO
2026-04-24 07:31:00,690 | INFO | ============================================================
2026-04-24 07:31:00,690 | INFO | [1/6] Loading raw data...
2026-04-24 07:31:00,691 | INFO | [WAIT] Loading GTCO
2026-04-24 07:31:00,804 | INFO | [OK] Loaded 1541 rows
2026-04-24 07:31:00,804 | INFO |    Loaded 1541 rows, columns: ['Date', 'Price', 'Open', 'High', 'Low', 'Volume']
2026-04-24 07:31:00,805 | INFO | [2/6] Engineering features...
2026-04-24 07:31:00,869 | INFO |    Created 1288 rows with 48 features
2026-04-24 07:31:00,869 | INFO | [3/6] Saving processed data...
2026-04-24 07:31:01,001 | INFO |    Saved: C:\Users\DREAMUSER\Downloads\NSE Volatility Project\NSE_Volatility_Project\data\processed\GTCO_features.csv
2026-04-24 07:31:01,001 | INFO | [4/6] Preparing ML dataset...
2026-04-24 07:31:01,006 | INFO | [5/6] Training ML models...
2026-04-24 07:31:02,218 | INFO |    Random Forest: RMSE=0.048008
2026-04-24 07:31:02,228 | INFO |    Ridge: RMSE=0.031620
2026-04-24 07:31:03,094 | INFO |    XGBoost: RMSE=0.057286
2026-04-24 07:31:03,094 | INFO | [6/6] Evaluating and saving results...
2026-04-24 07:31:03,113 | INFO |    Saved comparison: C:\Users\DREAMUSER\Downloads\NSE Volatility Project\NSE_Volatility_Project\results\tables\GTCO_model_comparison.csv
2026-04-24 07:31:03,126 | INFO |    Saved predictions: C:\Users\DREAMUSER\Downloads\NSE Volatility Project\NSE_Volatility_Project\results\forecasts\GTCO_predictions.csv
2026-04-24 07:31:03,128 | INFO | [OK] Best: Ridge, RMSE: 0.031620, MAPE: 5.40%
2026-04-24 07:31:03,131 | INFO | 
============================================================
2026-04-24 07:31:03,132 | INFO | Processing: SEPLAT
2026-04-24 07:31:03,135 | INFO | ============================================================
2026-04-24 07:31:03,136 | INFO | [1/6] Loading raw data...
2026-04-24 07:31:03,137 | INFO | [WAIT] Loading SEPLAT
2026-04-24 07:31:03,277 | INFO | [OK] Loaded 591 rows
2026-04-24 07:31:03,278 | INFO |    Loaded 591 rows, columns: ['Date', 'Price', 'Open', 'High', 'Low', 'Volume']
2026-04-24 07:31:03,278 | INFO | [2/6] Engineering features...
2026-04-24 07:31:03,361 | INFO |    Created 263 rows with 48 features
2026-04-24 07:31:03,361 | INFO | [3/6] Saving processed data...
2026-04-24 07:31:03,392 | INFO |    Saved: C:\Users\DREAMUSER\Downloads\NSE Volatility Project\NSE_Volatility_Project\data\processed\SEPLAT_features.csv
2026-04-24 07:31:03,392 | INFO | [4/6] Preparing ML dataset...
2026-04-24 07:31:03,401 | INFO | [5/6] Training ML models...
2026-04-24 07:31:03,852 | INFO |    Random Forest: RMSE=0.064249
2026-04-24 07:31:03,859 | INFO |    Ridge: RMSE=0.057246
2026-04-24 07:31:04,034 | INFO |    XGBoost: RMSE=0.073792
2026-04-24 07:31:04,035 | INFO | [6/6] Evaluating and saving results...
2026-04-24 07:31:04,055 | INFO |    Saved comparison: C:\Users\DREAMUSER\Downloads\NSE Volatility Project\NSE_Volatility_Project\results\tables\SEPLAT_model_comparison.csv
2026-04-24 07:31:04,064 | INFO |    Saved predictions: C:\Users\DREAMUSER\Downloads\NSE Volatility Project\NSE_Volatility_Project\results\forecasts\SEPLAT_predictions.csv
2026-04-24 07:31:04,065 | INFO | [OK] Best: Ridge, RMSE: 0.057246, MAPE: 17.92%
2026-04-24 07:31:04,067 | INFO | 
============================================================
2026-04-24 07:31:04,067 | INFO | Processing: AIRTEL
2026-04-24 07:31:04,068 | INFO | ============================================================
2026-04-24 07:31:04,068 | INFO | [1/6] Loading raw data...
2026-04-24 07:31:04,070 | INFO | [WAIT] Loading AIRTEL
2026-04-24 07:31:04,210 | INFO | [OK] Loaded 482 rows
2026-04-24 07:31:04,210 | INFO |    Loaded 482 rows, columns: ['Date', 'Price', 'Open', 'High', 'Low', 'Volume']
2026-04-24 07:31:04,210 | INFO | [2/6] Engineering features...
2026-04-24 07:31:04,292 | INFO |    Created 102 rows with 48 features
2026-04-24 07:31:04,292 | INFO | [3/6] Saving processed data...
2026-04-24 07:31:04,304 | INFO |    Saved: C:\Users\DREAMUSER\Downloads\NSE Volatility Project\NSE_Volatility_Project\data\processed\AIRTEL_features.csv
2026-04-24 07:31:04,305 | INFO | [4/6] Preparing ML dataset...
2026-04-24 07:31:04,314 | INFO | [5/6] Training ML models...
2026-04-24 07:31:04,712 | INFO |    Random Forest: RMSE=0.084380
2026-04-24 07:31:04,724 | INFO |    Ridge: RMSE=0.081453
2026-04-24 07:31:04,817 | INFO |    XGBoost: RMSE=0.143251
2026-04-24 07:31:04,817 | INFO | [6/6] Evaluating and saving results...
2026-04-24 07:31:04,836 | INFO |    Saved comparison: C:\Users\DREAMUSER\Downloads\NSE Volatility Project\NSE_Volatility_Project\results\tables\AIRTEL_model_comparison.csv
2026-04-24 07:31:04,845 | INFO |    Saved predictions: C:\Users\DREAMUSER\Downloads\NSE Volatility Project\NSE_Volatility_Project\results\forecasts\AIRTEL_predictions.csv
2026-04-24 07:31:04,847 | INFO | [OK] Best: Ridge, RMSE: 0.081453, MAPE: 19.49%
2026-04-24 07:31:04,848 | INFO | 
============================================================
2026-04-24 07:31:04,849 | INFO | Processing: INTERBREW
2026-04-24 07:31:04,850 | INFO | ============================================================
2026-04-24 07:31:04,851 | INFO | [1/6] Loading raw data...
2026-04-24 07:31:04,855 | INFO | [WAIT] Loading INTERBREW
2026-04-24 07:31:04,956 | INFO | [OK] Loaded 1545 rows
2026-04-24 07:31:04,957 | INFO |    Loaded 1545 rows, columns: ['Date', 'Price', 'Open', 'High', 'Low', 'Volume']
2026-04-24 07:31:04,957 | INFO | [2/6] Engineering features...
2026-04-24 07:31:05,032 | INFO |    Created 1284 rows with 48 features
2026-04-24 07:31:05,033 | INFO | [3/6] Saving processed data...
2026-04-24 07:31:05,141 | INFO |    Saved: C:\Users\DREAMUSER\Downloads\NSE Volatility Project\NSE_Volatility_Project\data\processed\INTERBREW_features.csv
2026-04-24 07:31:05,142 | INFO | [4/6] Preparing ML dataset...
2026-04-24 07:31:05,148 | INFO | [5/6] Training ML models...
2026-04-24 07:31:06,492 | INFO |    Random Forest: RMSE=0.047570
2026-04-24 07:31:06,502 | INFO |    Ridge: RMSE=0.172941
2026-04-24 07:31:07,433 | INFO |    XGBoost: RMSE=0.067720
2026-04-24 07:31:07,434 | INFO | [6/6] Evaluating and saving results...
2026-04-24 07:31:07,454 | INFO |    Saved comparison: C:\Users\DREAMUSER\Downloads\NSE Volatility Project\NSE_Volatility_Project\results\tables\INTERBREW_model_comparison.csv
2026-04-24 07:31:07,469 | INFO |    Saved predictions: C:\Users\DREAMUSER\Downloads\NSE Volatility Project\NSE_Volatility_Project\results\forecasts\INTERBREW_predictions.csv
2026-04-24 07:31:07,471 | INFO | [OK] Best: Random Forest, RMSE: 0.047570, MAPE: 9.33%
2026-04-24 07:31:07,474 | INFO | 
============================================================
2026-04-24 07:31:07,477 | INFO | Processing: FIRSTHOLDCO
2026-04-24 07:31:07,478 | INFO | ============================================================
2026-04-24 07:31:07,479 | INFO | [1/6] Loading raw data...
2026-04-24 07:31:07,481 | INFO | [WAIT] Loading FIRSTHOLDCO
2026-04-24 07:31:07,594 | INFO | [OK] Loaded 1544 rows
2026-04-24 07:31:07,594 | INFO |    Loaded 1544 rows, columns: ['Date', 'Price', 'Open', 'High', 'Low', 'Volume']
2026-04-24 07:31:07,594 | INFO | [2/6] Engineering features...
2026-04-24 07:31:07,671 | INFO |    Created 1291 rows with 48 features
2026-04-24 07:31:07,672 | INFO | [3/6] Saving processed data...
2026-04-24 07:31:07,810 | INFO |    Saved: C:\Users\DREAMUSER\Downloads\NSE Volatility Project\NSE_Volatility_Project\data\processed\FIRSTHOLDCO_features.csv
2026-04-24 07:31:07,811 | INFO | [4/6] Preparing ML dataset...
2026-04-24 07:31:07,816 | INFO | [5/6] Training ML models...
2026-04-24 07:31:09,003 | INFO |    Random Forest: RMSE=0.041650
2026-04-24 07:31:09,010 | INFO |    Ridge: RMSE=0.037030
2026-04-24 07:31:09,869 | INFO |    XGBoost: RMSE=0.042574
2026-04-24 07:31:09,869 | INFO | [6/6] Evaluating and saving results...
2026-04-24 07:31:09,889 | INFO |    Saved comparison: C:\Users\DREAMUSER\Downloads\NSE Volatility Project\NSE_Volatility_Project\results\tables\FIRSTHOLDCO_model_comparison.csv
2026-04-24 07:31:09,902 | INFO |    Saved predictions: C:\Users\DREAMUSER\Downloads\NSE Volatility Project\NSE_Volatility_Project\results\forecasts\FIRSTHOLDCO_predictions.csv
2026-04-24 07:31:09,903 | INFO | [OK] Best: Ridge, RMSE: 0.037030, MAPE: 5.34%
2026-04-24 07:31:09,907 | INFO | 
============================================================
2026-04-24 07:31:09,908 | INFO | Processing: ETI
2026-04-24 07:31:09,909 | INFO | ============================================================
2026-04-24 07:31:09,910 | INFO | [1/6] Loading raw data...
2026-04-24 07:31:09,912 | INFO | [WAIT] Loading ETI
2026-04-24 07:31:10,019 | INFO | [OK] Loaded 1545 rows
2026-04-24 07:31:10,019 | INFO |    Loaded 1545 rows, columns: ['Date', 'Price', 'Open', 'High', 'Low', 'Volume']
2026-04-24 07:31:10,020 | INFO | [2/6] Engineering features...
2026-04-24 07:31:10,086 | INFO |    Created 1265 rows with 48 features
2026-04-24 07:31:10,086 | INFO | [3/6] Saving processed data...
2026-04-24 07:31:10,204 | INFO |    Saved: C:\Users\DREAMUSER\Downloads\NSE Volatility Project\NSE_Volatility_Project\data\processed\ETI_features.csv
2026-04-24 07:31:10,204 | INFO | [4/6] Preparing ML dataset...
2026-04-24 07:31:10,209 | INFO | [5/6] Training ML models...
2026-04-24 07:31:11,293 | INFO |    Random Forest: RMSE=0.058852
2026-04-24 07:31:11,303 | INFO |    Ridge: RMSE=0.038381
2026-04-24 07:31:12,119 | INFO |    XGBoost: RMSE=0.086048
2026-04-24 07:31:12,119 | INFO | [6/6] Evaluating and saving results...
2026-04-24 07:31:12,137 | INFO |    Saved comparison: C:\Users\DREAMUSER\Downloads\NSE Volatility Project\NSE_Volatility_Project\results\tables\ETI_model_comparison.csv
2026-04-24 07:31:12,150 | INFO |    Saved predictions: C:\Users\DREAMUSER\Downloads\NSE Volatility Project\NSE_Volatility_Project\results\forecasts\ETI_predictions.csv
2026-04-24 07:31:12,152 | INFO | [OK] Best: Ridge, RMSE: 0.038381, MAPE: 4.96%
2026-04-24 07:31:12,154 | INFO | 
============================================================
2026-04-24 07:31:12,155 | INFO | Processing: ZENITH
2026-04-24 07:31:12,155 | INFO | ============================================================
2026-04-24 07:31:12,156 | INFO | [1/6] Loading raw data...
2026-04-24 07:31:12,156 | INFO | [WAIT] Loading ZENITH
2026-04-24 07:31:12,261 | INFO | [OK] Loaded 1546 rows
2026-04-24 07:31:12,261 | INFO |    Loaded 1546 rows, columns: ['Date', 'Price', 'Open', 'High', 'Low', 'Volume']
2026-04-24 07:31:12,261 | INFO | [2/6] Engineering features...
2026-04-24 07:31:12,330 | INFO |    Created 1293 rows with 48 features
2026-04-24 07:31:12,331 | INFO | [3/6] Saving processed data...
2026-04-24 07:31:12,449 | INFO |    Saved: C:\Users\DREAMUSER\Downloads\NSE Volatility Project\NSE_Volatility_Project\data\processed\ZENITH_features.csv
2026-04-24 07:31:12,449 | INFO | [4/6] Preparing ML dataset...
2026-04-24 07:31:12,455 | INFO | [5/6] Training ML models...
2026-04-24 07:31:13,883 | INFO |    Random Forest: RMSE=0.175268
2026-04-24 07:31:13,899 | INFO |    Ridge: RMSE=0.043403
2026-04-24 07:31:14,735 | INFO |    XGBoost: RMSE=0.175469
2026-04-24 07:31:14,735 | INFO | [6/6] Evaluating and saving results...
2026-04-24 07:31:14,755 | INFO |    Saved comparison: C:\Users\DREAMUSER\Downloads\NSE Volatility Project\NSE_Volatility_Project\results\tables\ZENITH_model_comparison.csv
2026-04-24 07:31:14,769 | INFO |    Saved predictions: C:\Users\DREAMUSER\Downloads\NSE Volatility Project\NSE_Volatility_Project\results\forecasts\ZENITH_predictions.csv
2026-04-24 07:31:14,771 | INFO | [OK] Best: Ridge, RMSE: 0.043403, MAPE: 5.28%
2026-04-24 07:31:14,776 | INFO | 
============================================================
2026-04-24 07:31:14,777 | INFO | Processing: CWG
2026-04-24 07:31:14,779 | INFO | ============================================================
2026-04-24 07:31:14,779 | INFO | [1/6] Loading raw data...
2026-04-24 07:31:14,781 | INFO | [WAIT] Loading CWG
2026-04-24 07:31:14,879 | INFO | [OK] Loaded 1107 rows
2026-04-24 07:31:14,879 | INFO |    Loaded 1107 rows, columns: ['Date', 'Price', 'Open', 'High', 'Low', 'Volume']
2026-04-24 07:31:14,879 | INFO | [2/6] Engineering features...
2026-04-24 07:31:14,939 | INFO |    Created 802 rows with 48 features
2026-04-24 07:31:14,940 | INFO | [3/6] Saving processed data...
2026-04-24 07:31:15,009 | INFO |    Saved: C:\Users\DREAMUSER\Downloads\NSE Volatility Project\NSE_Volatility_Project\data\processed\CWG_features.csv
2026-04-24 07:31:15,010 | INFO | [4/6] Preparing ML dataset...
2026-04-24 07:31:15,016 | INFO | [5/6] Training ML models...
2026-04-24 07:31:15,757 | INFO |    Random Forest: RMSE=0.057616
2026-04-24 07:31:15,794 | INFO |    Ridge: RMSE=0.052976
2026-04-24 07:31:16,487 | INFO |    XGBoost: RMSE=0.062399
2026-04-24 07:31:16,487 | INFO | [6/6] Evaluating and saving results...
2026-04-24 07:31:16,508 | INFO |    Saved comparison: C:\Users\DREAMUSER\Downloads\NSE Volatility Project\NSE_Volatility_Project\results\tables\CWG_model_comparison.csv
2026-04-24 07:31:16,521 | INFO |    Saved predictions: C:\Users\DREAMUSER\Downloads\NSE Volatility Project\NSE_Volatility_Project\results\forecasts\CWG_predictions.csv
2026-04-24 07:31:16,522 | INFO | [OK] Best: Ridge, RMSE: 0.052976, MAPE: 7.08%
2026-04-24 07:31:16,525 | INFO | 
============================================================
2026-04-24 07:31:16,527 | INFO | Processing: NESTLE
2026-04-24 07:31:16,527 | INFO | ============================================================
2026-04-24 07:31:16,528 | INFO | [1/6] Loading raw data...
2026-04-24 07:31:16,529 | INFO | [WAIT] Loading NESTLE
2026-04-24 07:31:16,654 | INFO | [OK] Loaded 346 rows
2026-04-24 07:31:16,655 | INFO |    Loaded 346 rows, columns: ['Date', 'Price', 'Open', 'High', 'Low', 'Volume']
2026-04-24 07:31:16,655 | INFO | [2/6] Engineering features...
2026-04-24 07:31:16,725 | INFO |    Created 55 rows with 48 features
2026-04-24 07:31:16,726 | INFO | [3/6] Saving processed data...
2026-04-24 07:31:16,733 | INFO |    Saved: C:\Users\DREAMUSER\Downloads\NSE Volatility Project\NSE_Volatility_Project\data\processed\NESTLE_features.csv
2026-04-24 07:31:16,734 | INFO | [4/6] Preparing ML dataset...
2026-04-24 07:31:16,739 | INFO | [5/6] Training ML models...
2026-04-24 07:31:17,067 | INFO |    Random Forest: RMSE=0.130896
2026-04-24 07:31:17,076 | INFO |    Ridge: RMSE=0.239850
2026-04-24 07:31:17,135 | INFO |    XGBoost: RMSE=0.079147
2026-04-24 07:31:17,135 | INFO | [6/6] Evaluating and saving results...
2026-04-24 07:31:17,154 | INFO |    Saved comparison: C:\Users\DREAMUSER\Downloads\NSE Volatility Project\NSE_Volatility_Project\results\tables\NESTLE_model_comparison.csv
2026-04-24 07:31:17,164 | INFO |    Saved predictions: C:\Users\DREAMUSER\Downloads\NSE Volatility Project\NSE_Volatility_Project\results\forecasts\NESTLE_predictions.csv
2026-04-24 07:31:17,165 | INFO | [OK] Best: XGBoost, RMSE: 0.079147, MAPE: 11.72%
2026-04-24 07:31:17,166 | INFO | 
============================================================
2026-04-24 07:31:17,167 | INFO | Processing: NB
2026-04-24 07:31:17,167 | INFO | ============================================================
2026-04-24 07:31:17,167 | INFO | [1/6] Loading raw data...
2026-04-24 07:31:17,168 | INFO | [WAIT] Loading NB
2026-04-24 07:31:17,285 | INFO | [OK] Loaded 1545 rows
2026-04-24 07:31:17,285 | INFO |    Loaded 1545 rows, columns: ['Date', 'Price', 'Open', 'High', 'Low', 'Volume']
2026-04-24 07:31:17,285 | INFO | [2/6] Engineering features...
2026-04-24 07:31:17,364 | INFO |    Created 1281 rows with 48 features
2026-04-24 07:31:17,364 | INFO | [3/6] Saving processed data...
2026-04-24 07:31:17,475 | INFO |    Saved: C:\Users\DREAMUSER\Downloads\NSE Volatility Project\NSE_Volatility_Project\data\processed\NB_features.csv
2026-04-24 07:31:17,475 | INFO | [4/6] Preparing ML dataset...
2026-04-24 07:31:17,480 | INFO | [5/6] Training ML models...
2026-04-24 07:31:18,819 | INFO |    Random Forest: RMSE=0.049829
2026-04-24 07:31:18,831 | INFO |    Ridge: RMSE=0.044192
2026-04-24 07:31:19,702 | INFO |    XGBoost: RMSE=0.062967
2026-04-24 07:31:19,702 | INFO | [6/6] Evaluating and saving results...
2026-04-24 07:31:19,721 | INFO |    Saved comparison: C:\Users\DREAMUSER\Downloads\NSE Volatility Project\NSE_Volatility_Project\results\tables\NB_model_comparison.csv
2026-04-24 07:31:19,737 | INFO |    Saved predictions: C:\Users\DREAMUSER\Downloads\NSE Volatility Project\NSE_Volatility_Project\results\forecasts\NB_predictions.csv
2026-04-24 07:31:19,739 | INFO | [OK] Best: Ridge, RMSE: 0.044192, MAPE: 6.76%
2026-04-24 07:31:19,742 | INFO | 
============================================================
2026-04-24 07:31:19,742 | INFO | Processing: ACCESS
2026-04-24 07:31:19,743 | INFO | ============================================================
2026-04-24 07:31:19,743 | INFO | [1/6] Loading raw data...
2026-04-24 07:31:19,744 | INFO | [WAIT] Loading ACCESS
2026-04-24 07:31:19,842 | INFO | [OK] Loaded 988 rows
2026-04-24 07:31:19,842 | INFO |    Loaded 988 rows, columns: ['Date', 'Price', 'Open', 'High', 'Low', 'Volume']
2026-04-24 07:31:19,843 | INFO | [2/6] Engineering features...
2026-04-24 07:31:19,912 | INFO |    Created 735 rows with 48 features
2026-04-24 07:31:19,912 | INFO | [3/6] Saving processed data...
2026-04-24 07:31:19,990 | INFO |    Saved: C:\Users\DREAMUSER\Downloads\NSE Volatility Project\NSE_Volatility_Project\data\processed\ACCESS_features.csv
2026-04-24 07:31:19,990 | INFO | [4/6] Preparing ML dataset...
2026-04-24 07:31:19,997 | INFO | [5/6] Training ML models...
2026-04-24 07:31:20,742 | INFO |    Random Forest: RMSE=0.027996
2026-04-24 07:31:20,752 | INFO |    Ridge: RMSE=0.035829
2026-04-24 07:31:21,313 | INFO |    XGBoost: RMSE=0.032229
2026-04-24 07:31:21,313 | INFO | [6/6] Evaluating and saving results...
2026-04-24 07:31:21,334 | INFO |    Saved comparison: C:\Users\DREAMUSER\Downloads\NSE Volatility Project\NSE_Volatility_Project\results\tables\ACCESS_model_comparison.csv
2026-04-24 07:31:21,346 | INFO |    Saved predictions: C:\Users\DREAMUSER\Downloads\NSE Volatility Project\NSE_Volatility_Project\results\forecasts\ACCESS_predictions.csv
2026-04-24 07:31:21,349 | INFO | [OK] Best: Random Forest, RMSE: 0.027996, MAPE: 7.59%
2026-04-24 07:31:21,354 | INFO | 
============================================================
2026-04-24 07:31:21,355 | INFO | Processing: WAPCO
2026-04-24 07:31:21,355 | INFO | ============================================================
2026-04-24 07:31:21,356 | INFO | [1/6] Loading raw data...
2026-04-24 07:31:21,356 | INFO | [WAIT] Loading WAPCO
2026-04-24 07:31:21,465 | INFO | [OK] Loaded 1545 rows
2026-04-24 07:31:21,465 | INFO |    Loaded 1545 rows, columns: ['Date', 'Price', 'Open', 'High', 'Low', 'Volume']
2026-04-24 07:31:21,466 | INFO | [2/6] Engineering features...
2026-04-24 07:31:21,536 | INFO |    Created 1291 rows with 48 features
2026-04-24 07:31:21,536 | INFO | [3/6] Saving processed data...
2026-04-24 07:31:21,658 | INFO |    Saved: C:\Users\DREAMUSER\Downloads\NSE Volatility Project\NSE_Volatility_Project\data\processed\WAPCO_features.csv
2026-04-24 07:31:21,659 | INFO | [4/6] Preparing ML dataset...
2026-04-24 07:31:21,664 | INFO | [5/6] Training ML models...
2026-04-24 07:31:22,850 | INFO |    Random Forest: RMSE=0.053615
2026-04-24 07:31:22,862 | INFO |    Ridge: RMSE=0.057434
2026-04-24 07:31:23,755 | INFO |    XGBoost: RMSE=0.061681
2026-04-24 07:31:23,755 | INFO | [6/6] Evaluating and saving results...
2026-04-24 07:31:23,774 | INFO |    Saved comparison: C:\Users\DREAMUSER\Downloads\NSE Volatility Project\NSE_Volatility_Project\results\tables\WAPCO_model_comparison.csv
2026-04-24 07:31:23,789 | INFO |    Saved predictions: C:\Users\DREAMUSER\Downloads\NSE Volatility Project\NSE_Volatility_Project\results\forecasts\WAPCO_predictions.csv
2026-04-24 07:31:23,791 | INFO | [OK] Best: Random Forest, RMSE: 0.053615, MAPE: 8.21%
2026-04-24 07:31:23,806 | INFO | 
[OK] Reports saved to C:\Users\DREAMUSER\Downloads\NSE Volatility Project\NSE_Volatility_Project\results\tables
2026-04-24 07:31:23,806 | INFO | 
======================================================================
2026-04-24 07:31:23,807 | INFO | PIPELINE COMPLETE
2026-04-24 07:31:23,808 | INFO | Success: 14/14 stocks
2026-04-24 07:31:23,808 | INFO | Time: 0.5 minutes
2026-04-24 07:31:23,809 | INFO | ======================================================================
2026-04-24 07:31:23,809 | INFO | Dashboard-compatible files created:
2026-04-24 07:31:23,809 | INFO |    - data/processed/{stock}_features.csv
2026-04-24 07:31:23,809 | INFO |    - results/tables/{stock}_model_comparison.csv
2026-04-24 07:31:23,810 | INFO |    - results/forecasts/{stock}_predictions.csv
2026-04-24 07:31:23,810 | INFO | 
Run: streamlit run app.py
2026-04-24 07:31:23,810 | INFO | ======================================================================
2026-04-24 10:25:49,669 | INFO | 
======================================================================
2026-04-24 10:25:49,670 | INFO | NSE STOCK VOLATILITY PREDICTION PIPELINE
2026-04-24 10:25:49,670 | INFO | Started: 2026-04-24 10:25:49
2026-04-24 10:25:49,670 | INFO | ======================================================================
2026-04-24 10:25:49,674 | INFO | [OK] Found 14 stocks to process
2026-04-24 10:25:49,674 | INFO | 
============================================================
2026-04-24 10:25:49,674 | INFO | Processing: DANGCEM
2026-04-24 10:25:49,675 | INFO | ============================================================
2026-04-24 10:25:49,675 | INFO | [1/6] Loading raw data...
2026-04-24 10:25:49,676 | INFO | [WAIT] Loading DANGCEM
2026-04-24 10:25:49,948 | INFO | [OK] Loaded 1545 rows
2026-04-24 10:25:49,949 | INFO |    Loaded 1545 rows, columns: ['Date', 'Price', 'Open', 'High', 'Low', 'Volume']
2026-04-24 10:25:49,949 | INFO | [2/6] Engineering features...
2026-04-24 10:25:50,061 | INFO |    Created 954 rows with 48 features
2026-04-24 10:25:50,062 | INFO | [3/6] Saving processed data...
2026-04-24 10:25:50,140 | INFO |    Saved: C:\Users\DREAMUSER\Documents\NSE Volatility Project\NSE_Volatility_Project\data\processed\DANGCEM_features.csv
2026-04-24 10:25:50,141 | INFO | [4/6] Preparing ML dataset...
2026-04-24 10:25:50,147 | INFO | [5/6] Training ML models...
2026-04-24 10:25:51,095 | INFO |    Random Forest: RMSE=0.055483
2026-04-24 10:25:51,124 | INFO |    Ridge: RMSE=0.046560
2026-04-24 10:25:52,305 | INFO |    XGBoost: RMSE=0.088683
2026-04-24 10:25:52,306 | INFO | [6/6] Evaluating and saving results...
2026-04-24 10:25:52,328 | INFO |    Saved comparison: C:\Users\DREAMUSER\Documents\NSE Volatility Project\NSE_Volatility_Project\results\tables\DANGCEM_model_comparison.csv
2026-04-24 10:25:52,341 | INFO |    Saved predictions: C:\Users\DREAMUSER\Documents\NSE Volatility Project\NSE_Volatility_Project\results\forecasts\DANGCEM_predictions.csv
2026-04-24 10:25:52,343 | INFO | [OK] Best: Ridge, RMSE: 0.046560, MAPE: 10.50%
2026-04-24 10:25:52,346 | INFO | 
============================================================
2026-04-24 10:25:52,346 | INFO | Processing: MTNN
2026-04-24 10:25:52,346 | INFO | ============================================================
2026-04-24 10:25:52,347 | INFO | [1/6] Loading raw data...
2026-04-24 10:25:52,347 | INFO | [WAIT] Loading MTNN
2026-04-24 10:25:52,481 | INFO | [OK] Loaded 1545 rows
2026-04-24 10:25:52,482 | INFO |    Loaded 1545 rows, columns: ['Date', 'Price', 'Open', 'High', 'Low', 'Volume']
2026-04-24 10:25:52,482 | INFO | [2/6] Engineering features...
2026-04-24 10:25:52,547 | INFO |    Created 1291 rows with 48 features
2026-04-24 10:25:52,547 | INFO | [3/6] Saving processed data...
2026-04-24 10:25:52,656 | INFO |    Saved: C:\Users\DREAMUSER\Documents\NSE Volatility Project\NSE_Volatility_Project\data\processed\MTNN_features.csv
2026-04-24 10:25:52,656 | INFO | [4/6] Preparing ML dataset...
2026-04-24 10:25:52,661 | INFO | [5/6] Training ML models...
2026-04-24 10:25:53,800 | INFO |    Random Forest: RMSE=0.045698
2026-04-24 10:25:53,812 | INFO |    Ridge: RMSE=0.032773
2026-04-24 10:25:54,697 | INFO |    XGBoost: RMSE=0.067620
2026-04-24 10:25:54,698 | INFO | [6/6] Evaluating and saving results...
2026-04-24 10:25:54,721 | INFO |    Saved comparison: C:\Users\DREAMUSER\Documents\NSE Volatility Project\NSE_Volatility_Project\results\tables\MTNN_model_comparison.csv
2026-04-24 10:25:54,735 | INFO |    Saved predictions: C:\Users\DREAMUSER\Documents\NSE Volatility Project\NSE_Volatility_Project\results\forecasts\MTNN_predictions.csv
2026-04-24 10:25:54,737 | INFO | [OK] Best: Ridge, RMSE: 0.032773, MAPE: 8.98%
2026-04-24 10:25:54,741 | INFO | 
============================================================
2026-04-24 10:25:54,742 | INFO | Processing: GTCO
2026-04-24 10:25:54,742 | INFO | ============================================================
2026-04-24 10:25:54,742 | INFO | [1/6] Loading raw data...
2026-04-24 10:25:54,743 | INFO | [WAIT] Loading GTCO
2026-04-24 10:25:54,880 | INFO | [OK] Loaded 1541 rows
2026-04-24 10:25:54,880 | INFO |    Loaded 1541 rows, columns: ['Date', 'Price', 'Open', 'High', 'Low', 'Volume']
2026-04-24 10:25:54,881 | INFO | [2/6] Engineering features...
2026-04-24 10:25:54,963 | INFO |    Created 1288 rows with 48 features
2026-04-24 10:25:54,963 | INFO | [3/6] Saving processed data...
2026-04-24 10:25:55,091 | INFO |    Saved: C:\Users\DREAMUSER\Documents\NSE Volatility Project\NSE_Volatility_Project\data\processed\GTCO_features.csv
2026-04-24 10:25:55,091 | INFO | [4/6] Preparing ML dataset...
2026-04-24 10:25:55,097 | INFO | [5/6] Training ML models...
2026-04-24 10:25:56,329 | INFO |    Random Forest: RMSE=0.048008
2026-04-24 10:25:56,336 | INFO |    Ridge: RMSE=0.031620
2026-04-24 10:25:57,150 | INFO |    XGBoost: RMSE=0.057286
2026-04-24 10:25:57,150 | INFO | [6/6] Evaluating and saving results...
2026-04-24 10:25:57,168 | INFO |    Saved comparison: C:\Users\DREAMUSER\Documents\NSE Volatility Project\NSE_Volatility_Project\results\tables\GTCO_model_comparison.csv
2026-04-24 10:25:57,181 | INFO |    Saved predictions: C:\Users\DREAMUSER\Documents\NSE Volatility Project\NSE_Volatility_Project\results\forecasts\GTCO_predictions.csv
2026-04-24 10:25:57,182 | INFO | [OK] Best: Ridge, RMSE: 0.031620, MAPE: 5.40%
2026-04-24 10:25:57,190 | INFO | 
============================================================
2026-04-24 10:25:57,192 | INFO | Processing: SEPLAT
2026-04-24 10:25:57,193 | INFO | ============================================================
2026-04-24 10:25:57,194 | INFO | [1/6] Loading raw data...
2026-04-24 10:25:57,195 | INFO | [WAIT] Loading SEPLAT
2026-04-24 10:25:57,373 | INFO | [OK] Loaded 591 rows
2026-04-24 10:25:57,374 | INFO |    Loaded 591 rows, columns: ['Date', 'Price', 'Open', 'High', 'Low', 'Volume']
2026-04-24 10:25:57,374 | INFO | [2/6] Engineering features...
2026-04-24 10:25:57,492 | INFO |    Created 263 rows with 48 features
2026-04-24 10:25:57,492 | INFO | [3/6] Saving processed data...
2026-04-24 10:25:57,519 | INFO |    Saved: C:\Users\DREAMUSER\Documents\NSE Volatility Project\NSE_Volatility_Project\data\processed\SEPLAT_features.csv
2026-04-24 10:25:57,520 | INFO | [4/6] Preparing ML dataset...
2026-04-24 10:25:57,526 | INFO | [5/6] Training ML models...
2026-04-24 10:25:57,967 | INFO |    Random Forest: RMSE=0.064249
2026-04-24 10:25:57,977 | INFO |    Ridge: RMSE=0.057246
2026-04-24 10:25:58,154 | INFO |    XGBoost: RMSE=0.073792
2026-04-24 10:25:58,155 | INFO | [6/6] Evaluating and saving results...
2026-04-24 10:25:58,172 | INFO |    Saved comparison: C:\Users\DREAMUSER\Documents\NSE Volatility Project\NSE_Volatility_Project\results\tables\SEPLAT_model_comparison.csv
2026-04-24 10:25:58,183 | INFO |    Saved predictions: C:\Users\DREAMUSER\Documents\NSE Volatility Project\NSE_Volatility_Project\results\forecasts\SEPLAT_predictions.csv
2026-04-24 10:25:58,184 | INFO | [OK] Best: Ridge, RMSE: 0.057246, MAPE: 17.92%
2026-04-24 10:25:58,186 | INFO | 
============================================================
2026-04-24 10:25:58,186 | INFO | Processing: AIRTEL
2026-04-24 10:25:58,187 | INFO | ============================================================
2026-04-24 10:25:58,187 | INFO | [1/6] Loading raw data...
2026-04-24 10:25:58,188 | INFO | [WAIT] Loading AIRTEL
2026-04-24 10:25:58,317 | INFO | [OK] Loaded 482 rows
2026-04-24 10:25:58,318 | INFO |    Loaded 482 rows, columns: ['Date', 'Price', 'Open', 'High', 'Low', 'Volume']
2026-04-24 10:25:58,318 | INFO | [2/6] Engineering features...
2026-04-24 10:25:58,390 | INFO |    Created 102 rows with 48 features
2026-04-24 10:25:58,391 | INFO | [3/6] Saving processed data...
2026-04-24 10:25:58,408 | INFO |    Saved: C:\Users\DREAMUSER\Documents\NSE Volatility Project\NSE_Volatility_Project\data\processed\AIRTEL_features.csv
2026-04-24 10:25:58,408 | INFO | [4/6] Preparing ML dataset...
2026-04-24 10:25:58,414 | INFO | [5/6] Training ML models...
2026-04-24 10:25:58,788 | INFO |    Random Forest: RMSE=0.084380
2026-04-24 10:25:58,794 | INFO |    Ridge: RMSE=0.081453
2026-04-24 10:25:58,887 | INFO |    XGBoost: RMSE=0.143251
2026-04-24 10:25:58,888 | INFO | [6/6] Evaluating and saving results...
2026-04-24 10:25:58,905 | INFO |    Saved comparison: C:\Users\DREAMUSER\Documents\NSE Volatility Project\NSE_Volatility_Project\results\tables\AIRTEL_model_comparison.csv
2026-04-24 10:25:58,913 | INFO |    Saved predictions: C:\Users\DREAMUSER\Documents\NSE Volatility Project\NSE_Volatility_Project\results\forecasts\AIRTEL_predictions.csv
2026-04-24 10:25:58,915 | INFO | [OK] Best: Ridge, RMSE: 0.081453, MAPE: 19.49%
2026-04-24 10:25:58,916 | INFO | 
============================================================
2026-04-24 10:25:58,917 | INFO | Processing: INTERBREW
2026-04-24 10:25:58,917 | INFO | ============================================================
2026-04-24 10:25:58,917 | INFO | [1/6] Loading raw data...
2026-04-24 10:25:58,919 | INFO | [WAIT] Loading INTERBREW
2026-04-24 10:25:59,064 | INFO | [OK] Loaded 1545 rows
2026-04-24 10:25:59,064 | INFO |    Loaded 1545 rows, columns: ['Date', 'Price', 'Open', 'High', 'Low', 'Volume']
2026-04-24 10:25:59,066 | INFO | [2/6] Engineering features...
2026-04-24 10:25:59,145 | INFO |    Created 1284 rows with 48 features
2026-04-24 10:25:59,145 | INFO | [3/6] Saving processed data...
2026-04-24 10:25:59,247 | INFO |    Saved: C:\Users\DREAMUSER\Documents\NSE Volatility Project\NSE_Volatility_Project\data\processed\INTERBREW_features.csv
2026-04-24 10:25:59,248 | INFO | [4/6] Preparing ML dataset...
2026-04-24 10:25:59,252 | INFO | [5/6] Training ML models...
2026-04-24 10:26:00,559 | INFO |    Random Forest: RMSE=0.047570
2026-04-24 10:26:00,573 | INFO |    Ridge: RMSE=0.172941
2026-04-24 10:26:01,473 | INFO |    XGBoost: RMSE=0.067720
2026-04-24 10:26:01,473 | INFO | [6/6] Evaluating and saving results...
2026-04-24 10:26:01,494 | INFO |    Saved comparison: C:\Users\DREAMUSER\Documents\NSE Volatility Project\NSE_Volatility_Project\results\tables\INTERBREW_model_comparison.csv
2026-04-24 10:26:01,506 | INFO |    Saved predictions: C:\Users\DREAMUSER\Documents\NSE Volatility Project\NSE_Volatility_Project\results\forecasts\INTERBREW_predictions.csv
2026-04-24 10:26:01,507 | INFO | [OK] Best: Random Forest, RMSE: 0.047570, MAPE: 9.33%
2026-04-24 10:26:01,514 | INFO | 
============================================================
2026-04-24 10:26:01,515 | INFO | Processing: FIRSTHOLDCO
2026-04-24 10:26:01,516 | INFO | ============================================================
2026-04-24 10:26:01,516 | INFO | [1/6] Loading raw data...
2026-04-24 10:26:01,521 | INFO | [WAIT] Loading FIRSTHOLDCO
2026-04-24 10:26:01,639 | INFO | [OK] Loaded 1544 rows
2026-04-24 10:26:01,640 | INFO |    Loaded 1544 rows, columns: ['Date', 'Price', 'Open', 'High', 'Low', 'Volume']
2026-04-24 10:26:01,640 | INFO | [2/6] Engineering features...
2026-04-24 10:26:01,699 | INFO |    Created 1291 rows with 48 features
2026-04-24 10:26:01,700 | INFO | [3/6] Saving processed data...
2026-04-24 10:26:01,828 | INFO |    Saved: C:\Users\DREAMUSER\Documents\NSE Volatility Project\NSE_Volatility_Project\data\processed\FIRSTHOLDCO_features.csv
2026-04-24 10:26:01,828 | INFO | [4/6] Preparing ML dataset...
2026-04-24 10:26:01,834 | INFO | [5/6] Training ML models...
2026-04-24 10:26:02,989 | INFO |    Random Forest: RMSE=0.041650
2026-04-24 10:26:03,003 | INFO |    Ridge: RMSE=0.037030
2026-04-24 10:26:03,842 | INFO |    XGBoost: RMSE=0.042574
2026-04-24 10:26:03,843 | INFO | [6/6] Evaluating and saving results...
2026-04-24 10:26:03,862 | INFO |    Saved comparison: C:\Users\DREAMUSER\Documents\NSE Volatility Project\NSE_Volatility_Project\results\tables\FIRSTHOLDCO_model_comparison.csv
2026-04-24 10:26:03,877 | INFO |    Saved predictions: C:\Users\DREAMUSER\Documents\NSE Volatility Project\NSE_Volatility_Project\results\forecasts\FIRSTHOLDCO_predictions.csv
2026-04-24 10:26:03,878 | INFO | [OK] Best: Ridge, RMSE: 0.037030, MAPE: 5.34%
2026-04-24 10:26:03,883 | INFO | 
============================================================
2026-04-24 10:26:03,883 | INFO | Processing: ETI
2026-04-24 10:26:03,883 | INFO | ============================================================
2026-04-24 10:26:03,884 | INFO | [1/6] Loading raw data...
2026-04-24 10:26:03,884 | INFO | [WAIT] Loading ETI
2026-04-24 10:26:04,024 | INFO | [OK] Loaded 1545 rows
2026-04-24 10:26:04,025 | INFO |    Loaded 1545 rows, columns: ['Date', 'Price', 'Open', 'High', 'Low', 'Volume']
2026-04-24 10:26:04,025 | INFO | [2/6] Engineering features...
2026-04-24 10:26:04,102 | INFO |    Created 1265 rows with 48 features
2026-04-24 10:26:04,103 | INFO | [3/6] Saving processed data...
2026-04-24 10:26:04,207 | INFO |    Saved: C:\Users\DREAMUSER\Documents\NSE Volatility Project\NSE_Volatility_Project\data\processed\ETI_features.csv
2026-04-24 10:26:04,208 | INFO | [4/6] Preparing ML dataset...
2026-04-24 10:26:04,213 | INFO | [5/6] Training ML models...
2026-04-24 10:26:05,236 | INFO |    Random Forest: RMSE=0.058852
2026-04-24 10:26:05,242 | INFO |    Ridge: RMSE=0.038381
2026-04-24 10:26:06,029 | INFO |    XGBoost: RMSE=0.086048
2026-04-24 10:26:06,030 | INFO | [6/6] Evaluating and saving results...
2026-04-24 10:26:06,052 | INFO |    Saved comparison: C:\Users\DREAMUSER\Documents\NSE Volatility Project\NSE_Volatility_Project\results\tables\ETI_model_comparison.csv
2026-04-24 10:26:06,067 | INFO |    Saved predictions: C:\Users\DREAMUSER\Documents\NSE Volatility Project\NSE_Volatility_Project\results\forecasts\ETI_predictions.csv
2026-04-24 10:26:06,068 | INFO | [OK] Best: Ridge, RMSE: 0.038381, MAPE: 4.96%
2026-04-24 10:26:06,075 | INFO | 
============================================================
2026-04-24 10:26:06,075 | INFO | Processing: ZENITH
2026-04-24 10:26:06,081 | INFO | ============================================================
2026-04-24 10:26:06,086 | INFO | [1/6] Loading raw data...
2026-04-24 10:26:06,086 | INFO | [WAIT] Loading ZENITH
2026-04-24 10:26:06,208 | INFO | [OK] Loaded 1546 rows
2026-04-24 10:26:06,209 | INFO |    Loaded 1546 rows, columns: ['Date', 'Price', 'Open', 'High', 'Low', 'Volume']
2026-04-24 10:26:06,209 | INFO | [2/6] Engineering features...
2026-04-24 10:26:06,269 | INFO |    Created 1293 rows with 48 features
2026-04-24 10:26:06,269 | INFO | [3/6] Saving processed data...
2026-04-24 10:26:06,381 | INFO |    Saved: C:\Users\DREAMUSER\Documents\NSE Volatility Project\NSE_Volatility_Project\data\processed\ZENITH_features.csv
2026-04-24 10:26:06,382 | INFO | [4/6] Preparing ML dataset...
2026-04-24 10:26:06,387 | INFO | [5/6] Training ML models...
2026-04-24 10:26:07,481 | INFO |    Random Forest: RMSE=0.175268
2026-04-24 10:26:07,500 | INFO |    Ridge: RMSE=0.043403
2026-04-24 10:26:08,318 | INFO |    XGBoost: RMSE=0.175469
2026-04-24 10:26:08,319 | INFO | [6/6] Evaluating and saving results...
2026-04-24 10:26:08,337 | INFO |    Saved comparison: C:\Users\DREAMUSER\Documents\NSE Volatility Project\NSE_Volatility_Project\results\tables\ZENITH_model_comparison.csv
2026-04-24 10:26:08,351 | INFO |    Saved predictions: C:\Users\DREAMUSER\Documents\NSE Volatility Project\NSE_Volatility_Project\results\forecasts\ZENITH_predictions.csv
2026-04-24 10:26:08,353 | INFO | [OK] Best: Ridge, RMSE: 0.043403, MAPE: 5.28%
2026-04-24 10:26:08,359 | INFO | 
============================================================
2026-04-24 10:26:08,359 | INFO | Processing: CWG
2026-04-24 10:26:08,360 | INFO | ============================================================
2026-04-24 10:26:08,366 | INFO | [1/6] Loading raw data...
2026-04-24 10:26:08,367 | INFO | [WAIT] Loading CWG
2026-04-24 10:26:08,499 | INFO | [OK] Loaded 1107 rows
2026-04-24 10:26:08,499 | INFO |    Loaded 1107 rows, columns: ['Date', 'Price', 'Open', 'High', 'Low', 'Volume']
2026-04-24 10:26:08,500 | INFO | [2/6] Engineering features...
2026-04-24 10:26:08,566 | INFO |    Created 802 rows with 48 features
2026-04-24 10:26:08,567 | INFO | [3/6] Saving processed data...
2026-04-24 10:26:08,658 | INFO |    Saved: C:\Users\DREAMUSER\Documents\NSE Volatility Project\NSE_Volatility_Project\data\processed\CWG_features.csv
2026-04-24 10:26:08,658 | INFO | [4/6] Preparing ML dataset...
2026-04-24 10:26:08,663 | INFO | [5/6] Training ML models...
2026-04-24 10:26:09,382 | INFO |    Random Forest: RMSE=0.057616
2026-04-24 10:26:09,388 | INFO |    Ridge: RMSE=0.052976
2026-04-24 10:26:10,070 | INFO |    XGBoost: RMSE=0.062399
2026-04-24 10:26:10,071 | INFO | [6/6] Evaluating and saving results...
2026-04-24 10:26:10,090 | INFO |    Saved comparison: C:\Users\DREAMUSER\Documents\NSE Volatility Project\NSE_Volatility_Project\results\tables\CWG_model_comparison.csv
2026-04-24 10:26:10,104 | INFO |    Saved predictions: C:\Users\DREAMUSER\Documents\NSE Volatility Project\NSE_Volatility_Project\results\forecasts\CWG_predictions.csv
2026-04-24 10:26:10,105 | INFO | [OK] Best: Ridge, RMSE: 0.052976, MAPE: 7.08%
2026-04-24 10:26:10,109 | INFO | 
============================================================
2026-04-24 10:26:10,110 | INFO | Processing: NESTLE
2026-04-24 10:26:10,110 | INFO | ============================================================
2026-04-24 10:26:10,111 | INFO | [1/6] Loading raw data...
2026-04-24 10:26:10,111 | INFO | [WAIT] Loading NESTLE
2026-04-24 10:26:10,251 | INFO | [OK] Loaded 346 rows
2026-04-24 10:26:10,251 | INFO |    Loaded 346 rows, columns: ['Date', 'Price', 'Open', 'High', 'Low', 'Volume']
2026-04-24 10:26:10,252 | INFO | [2/6] Engineering features...
2026-04-24 10:26:10,323 | INFO |    Created 55 rows with 48 features
2026-04-24 10:26:10,323 | INFO | [3/6] Saving processed data...
2026-04-24 10:26:10,333 | INFO |    Saved: C:\Users\DREAMUSER\Documents\NSE Volatility Project\NSE_Volatility_Project\data\processed\NESTLE_features.csv
2026-04-24 10:26:10,333 | INFO | [4/6] Preparing ML dataset...
2026-04-24 10:26:10,340 | INFO | [5/6] Training ML models...
2026-04-24 10:26:10,762 | INFO |    Random Forest: RMSE=0.130896
2026-04-24 10:26:10,768 | INFO |    Ridge: RMSE=0.239850
2026-04-24 10:26:10,965 | INFO |    XGBoost: RMSE=0.079147
2026-04-24 10:26:10,966 | INFO | [6/6] Evaluating and saving results...
2026-04-24 10:26:10,982 | INFO |    Saved comparison: C:\Users\DREAMUSER\Documents\NSE Volatility Project\NSE_Volatility_Project\results\tables\NESTLE_model_comparison.csv
2026-04-24 10:26:10,990 | INFO |    Saved predictions: C:\Users\DREAMUSER\Documents\NSE Volatility Project\NSE_Volatility_Project\results\forecasts\NESTLE_predictions.csv
2026-04-24 10:26:10,992 | INFO | [OK] Best: XGBoost, RMSE: 0.079147, MAPE: 11.72%
2026-04-24 10:26:10,994 | INFO | 
============================================================
2026-04-24 10:26:10,995 | INFO | Processing: NB
2026-04-24 10:26:10,995 | INFO | ============================================================
2026-04-24 10:26:10,995 | INFO | [1/6] Loading raw data...
2026-04-24 10:26:10,996 | INFO | [WAIT] Loading NB
2026-04-24 10:26:11,121 | INFO | [OK] Loaded 1545 rows
2026-04-24 10:26:11,122 | INFO |    Loaded 1545 rows, columns: ['Date', 'Price', 'Open', 'High', 'Low', 'Volume']
2026-04-24 10:26:11,122 | INFO | [2/6] Engineering features...
2026-04-24 10:26:11,187 | INFO |    Created 1281 rows with 48 features
2026-04-24 10:26:11,187 | INFO | [3/6] Saving processed data...
2026-04-24 10:26:11,312 | INFO |    Saved: C:\Users\DREAMUSER\Documents\NSE Volatility Project\NSE_Volatility_Project\data\processed\NB_features.csv
2026-04-24 10:26:11,312 | INFO | [4/6] Preparing ML dataset...
2026-04-24 10:26:11,317 | INFO | [5/6] Training ML models...
2026-04-24 10:26:12,335 | INFO |    Random Forest: RMSE=0.049829
2026-04-24 10:26:12,342 | INFO |    Ridge: RMSE=0.044192
2026-04-24 10:26:13,724 | INFO |    XGBoost: RMSE=0.062967
2026-04-24 10:26:13,724 | INFO | [6/6] Evaluating and saving results...
2026-04-24 10:26:13,766 | INFO |    Saved comparison: C:\Users\DREAMUSER\Documents\NSE Volatility Project\NSE_Volatility_Project\results\tables\NB_model_comparison.csv
2026-04-24 10:26:13,783 | INFO |    Saved predictions: C:\Users\DREAMUSER\Documents\NSE Volatility Project\NSE_Volatility_Project\results\forecasts\NB_predictions.csv
2026-04-24 10:26:13,785 | INFO | [OK] Best: Ridge, RMSE: 0.044192, MAPE: 6.76%
2026-04-24 10:26:13,792 | INFO | 
============================================================
2026-04-24 10:26:13,792 | INFO | Processing: ACCESS
2026-04-24 10:26:13,793 | INFO | ============================================================
2026-04-24 10:26:13,794 | INFO | [1/6] Loading raw data...
2026-04-24 10:26:13,795 | INFO | [WAIT] Loading ACCESS
2026-04-24 10:26:13,944 | INFO | [OK] Loaded 988 rows
2026-04-24 10:26:13,944 | INFO |    Loaded 988 rows, columns: ['Date', 'Price', 'Open', 'High', 'Low', 'Volume']
2026-04-24 10:26:13,945 | INFO | [2/6] Engineering features...
2026-04-24 10:26:14,020 | INFO |    Created 735 rows with 48 features
2026-04-24 10:26:14,020 | INFO | [3/6] Saving processed data...
2026-04-24 10:26:14,096 | INFO |    Saved: C:\Users\DREAMUSER\Documents\NSE Volatility Project\NSE_Volatility_Project\data\processed\ACCESS_features.csv
2026-04-24 10:26:14,096 | INFO | [4/6] Preparing ML dataset...
2026-04-24 10:26:14,101 | INFO | [5/6] Training ML models...
2026-04-24 10:26:14,927 | INFO |    Random Forest: RMSE=0.027996
2026-04-24 10:26:14,943 | INFO |    Ridge: RMSE=0.035829
2026-04-24 10:26:15,501 | INFO |    XGBoost: RMSE=0.032229
2026-04-24 10:26:15,501 | INFO | [6/6] Evaluating and saving results...
2026-04-24 10:26:15,524 | INFO |    Saved comparison: C:\Users\DREAMUSER\Documents\NSE Volatility Project\NSE_Volatility_Project\results\tables\ACCESS_model_comparison.csv
2026-04-24 10:26:15,536 | INFO |    Saved predictions: C:\Users\DREAMUSER\Documents\NSE Volatility Project\NSE_Volatility_Project\results\forecasts\ACCESS_predictions.csv
2026-04-24 10:26:15,537 | INFO | [OK] Best: Random Forest, RMSE: 0.027996, MAPE: 7.59%
2026-04-24 10:26:15,541 | INFO | 
============================================================
2026-04-24 10:26:15,541 | INFO | Processing: WAPCO
2026-04-24 10:26:15,541 | INFO | ============================================================
2026-04-24 10:26:15,542 | INFO | [1/6] Loading raw data...
2026-04-24 10:26:15,542 | INFO | [WAIT] Loading WAPCO
2026-04-24 10:26:15,657 | INFO | [OK] Loaded 1545 rows
2026-04-24 10:26:15,658 | INFO |    Loaded 1545 rows, columns: ['Date', 'Price', 'Open', 'High', 'Low', 'Volume']
2026-04-24 10:26:15,658 | INFO | [2/6] Engineering features...
2026-04-24 10:26:15,725 | INFO |    Created 1291 rows with 48 features
2026-04-24 10:26:15,726 | INFO | [3/6] Saving processed data...
2026-04-24 10:26:15,844 | INFO |    Saved: C:\Users\DREAMUSER\Documents\NSE Volatility Project\NSE_Volatility_Project\data\processed\WAPCO_features.csv
2026-04-24 10:26:15,844 | INFO | [4/6] Preparing ML dataset...
2026-04-24 10:26:15,850 | INFO | [5/6] Training ML models...
2026-04-24 10:26:16,966 | INFO |    Random Forest: RMSE=0.053615
2026-04-24 10:26:16,975 | INFO |    Ridge: RMSE=0.057434
2026-04-24 10:26:17,841 | INFO |    XGBoost: RMSE=0.061681
2026-04-24 10:26:17,841 | INFO | [6/6] Evaluating and saving results...
2026-04-24 10:26:17,860 | INFO |    Saved comparison: C:\Users\DREAMUSER\Documents\NSE Volatility Project\NSE_Volatility_Project\results\tables\WAPCO_model_comparison.csv
2026-04-24 10:26:17,873 | INFO |    Saved predictions: C:\Users\DREAMUSER\Documents\NSE Volatility Project\NSE_Volatility_Project\results\forecasts\WAPCO_predictions.csv
2026-04-24 10:26:17,875 | INFO | [OK] Best: Random Forest, RMSE: 0.053615, MAPE: 8.21%
2026-04-24 10:26:17,892 | INFO | 
[OK] Reports saved to C:\Users\DREAMUSER\Documents\NSE Volatility Project\NSE_Volatility_Project\results\tables
2026-04-24 10:26:17,892 | INFO | 
======================================================================
2026-04-24 10:26:17,892 | INFO | PIPELINE COMPLETE
2026-04-24 10:26:17,893 | INFO | Success: 14/14 stocks
2026-04-24 10:26:17,893 | INFO | Time: 0.5 minutes
2026-04-24 10:26:17,893 | INFO | ======================================================================
2026-04-24 10:26:17,893 | INFO | Dashboard-compatible files created:
2026-04-24 10:26:17,894 | INFO |    - data/processed/{stock}_features.csv
2026-04-24 10:26:17,894 | INFO |    - results/tables/{stock}_model_comparison.csv
2026-04-24 10:26:17,894 | INFO |    - results/forecasts/{stock}_predictions.csv
2026-04-24 10:26:17,894 | INFO | 
Run: streamlit run app.py
2026-04-24 10:26:17,895 | INFO | ======================================================================
2026-04-24 10:49:38,682 | INFO | 
======================================================================
2026-04-24 10:49:38,683 | INFO | NSE STOCK VOLATILITY PREDICTION PIPELINE
2026-04-24 10:49:38,684 | INFO | Started: 2026-04-24 10:49:38
2026-04-24 10:49:38,685 | INFO | ======================================================================
2026-04-24 10:49:38,687 | INFO | [OK] Found 14 stocks to process
2026-04-24 10:49:38,687 | INFO | 
============================================================
2026-04-24 10:49:38,687 | INFO | Processing: DANGCEM
2026-04-24 10:49:38,688 | INFO | ============================================================
2026-04-24 10:49:38,688 | INFO | [1/6] Loading raw data...
2026-04-24 10:49:38,689 | INFO | [WAIT] Loading DANGCEM
2026-04-24 10:49:38,986 | INFO | [OK] Loaded 1545 rows
2026-04-24 10:49:38,986 | INFO |    Loaded 1545 rows, columns: ['Date', 'Price', 'Open', 'High', 'Low', 'Volume']
2026-04-24 10:49:38,987 | INFO | [2/6] Engineering features...
2026-04-24 10:49:39,068 | INFO |    Created 954 rows with 48 features
2026-04-24 10:49:39,069 | INFO | [3/6] Saving processed data...
2026-04-24 10:49:39,148 | INFO |    Saved: C:\Users\DREAMUSER\Documents\NSE Volatility Project\NSE_Volatility_Project\data\processed\DANGCEM_features.csv
2026-04-24 10:49:39,149 | INFO | [4/6] Preparing ML dataset...
2026-04-24 10:49:39,154 | INFO | [5/6] Training ML models...
2026-04-24 10:49:39,948 | INFO |    Random Forest: RMSE=0.055483
2026-04-24 10:49:39,974 | INFO |    Ridge: RMSE=0.046560
2026-04-24 10:49:41,198 | INFO |    XGBoost: RMSE=0.088683
2026-04-24 10:49:41,199 | INFO | [6/6] Evaluating and saving results...
2026-04-24 10:49:41,218 | INFO |    Saved comparison: C:\Users\DREAMUSER\Documents\NSE Volatility Project\NSE_Volatility_Project\results\tables\DANGCEM_model_comparison.csv
2026-04-24 10:49:41,235 | INFO |    Saved predictions: C:\Users\DREAMUSER\Documents\NSE Volatility Project\NSE_Volatility_Project\results\forecasts\DANGCEM_predictions.csv
2026-04-24 10:49:41,237 | INFO | [OK] Best: Ridge, RMSE: 0.046560, MAPE: 10.50%
2026-04-24 10:49:41,240 | INFO | 
============================================================
2026-04-24 10:49:41,240 | INFO | Processing: MTNN
2026-04-24 10:49:41,240 | INFO | ============================================================
2026-04-24 10:49:41,241 | INFO | [1/6] Loading raw data...
2026-04-24 10:49:41,241 | INFO | [WAIT] Loading MTNN
2026-04-24 10:49:41,368 | INFO | [OK] Loaded 1545 rows
2026-04-24 10:49:41,368 | INFO |    Loaded 1545 rows, columns: ['Date', 'Price', 'Open', 'High', 'Low', 'Volume']
2026-04-24 10:49:41,368 | INFO | [2/6] Engineering features...
2026-04-24 10:49:41,434 | INFO |    Created 1291 rows with 48 features
2026-04-24 10:49:41,434 | INFO | [3/6] Saving processed data...
2026-04-24 10:49:41,594 | INFO |    Saved: C:\Users\DREAMUSER\Documents\NSE Volatility Project\NSE_Volatility_Project\data\processed\MTNN_features.csv
2026-04-24 10:49:41,594 | INFO | [4/6] Preparing ML dataset...
2026-04-24 10:49:41,601 | INFO | [5/6] Training ML models...
2026-04-24 10:49:42,854 | INFO |    Random Forest: RMSE=0.045698
2026-04-24 10:49:42,861 | INFO |    Ridge: RMSE=0.032773
2026-04-24 10:49:43,882 | INFO |    XGBoost: RMSE=0.067620
2026-04-24 10:49:43,882 | INFO | [6/6] Evaluating and saving results...
2026-04-24 10:49:43,906 | INFO |    Saved comparison: C:\Users\DREAMUSER\Documents\NSE Volatility Project\NSE_Volatility_Project\results\tables\MTNN_model_comparison.csv
2026-04-24 10:49:43,923 | INFO |    Saved predictions: C:\Users\DREAMUSER\Documents\NSE Volatility Project\NSE_Volatility_Project\results\forecasts\MTNN_predictions.csv
2026-04-24 10:49:43,924 | INFO | [OK] Best: Ridge, RMSE: 0.032773, MAPE: 8.98%
2026-04-24 10:49:43,927 | INFO | 
============================================================
2026-04-24 10:49:43,927 | INFO | Processing: GTCO
2026-04-24 10:49:43,929 | INFO | ============================================================
2026-04-24 10:49:43,929 | INFO | [1/6] Loading raw data...
2026-04-24 10:49:43,930 | INFO | [WAIT] Loading GTCO
2026-04-24 10:49:44,048 | INFO | [OK] Loaded 1541 rows
2026-04-24 10:49:44,049 | INFO |    Loaded 1541 rows, columns: ['Date', 'Price', 'Open', 'High', 'Low', 'Volume']
2026-04-24 10:49:44,049 | INFO | [2/6] Engineering features...
2026-04-24 10:49:44,112 | INFO |    Created 1288 rows with 48 features
2026-04-24 10:49:44,113 | INFO | [3/6] Saving processed data...
2026-04-24 10:49:44,249 | INFO |    Saved: C:\Users\DREAMUSER\Documents\NSE Volatility Project\NSE_Volatility_Project\data\processed\GTCO_features.csv
2026-04-24 10:49:44,250 | INFO | [4/6] Preparing ML dataset...
2026-04-24 10:49:44,255 | INFO | [5/6] Training ML models...
2026-04-24 10:49:45,562 | INFO |    Random Forest: RMSE=0.048008
2026-04-24 10:49:45,576 | INFO |    Ridge: RMSE=0.031620
2026-04-24 10:49:46,472 | INFO |    XGBoost: RMSE=0.057286
2026-04-24 10:49:46,474 | INFO | [6/6] Evaluating and saving results...
2026-04-24 10:49:46,493 | INFO |    Saved comparison: C:\Users\DREAMUSER\Documents\NSE Volatility Project\NSE_Volatility_Project\results\tables\GTCO_model_comparison.csv
2026-04-24 10:49:46,509 | INFO |    Saved predictions: C:\Users\DREAMUSER\Documents\NSE Volatility Project\NSE_Volatility_Project\results\forecasts\GTCO_predictions.csv
2026-04-24 10:49:46,511 | INFO | [OK] Best: Ridge, RMSE: 0.031620, MAPE: 5.40%
2026-04-24 10:49:46,515 | INFO | 
============================================================
2026-04-24 10:49:46,516 | INFO | Processing: SEPLAT
2026-04-24 10:49:46,516 | INFO | ============================================================
2026-04-24 10:49:46,516 | INFO | [1/6] Loading raw data...
2026-04-24 10:49:46,517 | INFO | [WAIT] Loading SEPLAT
2026-04-24 10:49:46,666 | INFO | [OK] Loaded 591 rows
2026-04-24 10:49:46,667 | INFO |    Loaded 591 rows, columns: ['Date', 'Price', 'Open', 'High', 'Low', 'Volume']
2026-04-24 10:49:46,667 | INFO | [2/6] Engineering features...
2026-04-24 10:49:46,735 | INFO |    Created 263 rows with 48 features
2026-04-24 10:49:46,736 | INFO | [3/6] Saving processed data...
2026-04-24 10:49:46,776 | INFO |    Saved: C:\Users\DREAMUSER\Documents\NSE Volatility Project\NSE_Volatility_Project\data\processed\SEPLAT_features.csv
2026-04-24 10:49:46,776 | INFO | [4/6] Preparing ML dataset...
2026-04-24 10:49:46,783 | INFO | [5/6] Training ML models...
2026-04-24 10:49:47,299 | INFO |    Random Forest: RMSE=0.064249
2026-04-24 10:49:47,319 | INFO |    Ridge: RMSE=0.057246
2026-04-24 10:49:47,551 | INFO |    XGBoost: RMSE=0.073792
2026-04-24 10:49:47,551 | INFO | [6/6] Evaluating and saving results...
2026-04-24 10:49:47,572 | INFO |    Saved comparison: C:\Users\DREAMUSER\Documents\NSE Volatility Project\NSE_Volatility_Project\results\tables\SEPLAT_model_comparison.csv
2026-04-24 10:49:47,583 | INFO |    Saved predictions: C:\Users\DREAMUSER\Documents\NSE Volatility Project\NSE_Volatility_Project\results\forecasts\SEPLAT_predictions.csv
2026-04-24 10:49:47,585 | INFO | [OK] Best: Ridge, RMSE: 0.057246, MAPE: 17.92%
2026-04-24 10:49:47,587 | INFO | 
============================================================
2026-04-24 10:49:47,587 | INFO | Processing: AIRTEL
2026-04-24 10:49:47,587 | INFO | ============================================================
2026-04-24 10:49:47,588 | INFO | [1/6] Loading raw data...
2026-04-24 10:49:47,590 | INFO | [WAIT] Loading AIRTEL
2026-04-24 10:49:47,737 | INFO | [OK] Loaded 482 rows
2026-04-24 10:49:47,738 | INFO |    Loaded 482 rows, columns: ['Date', 'Price', 'Open', 'High', 'Low', 'Volume']
2026-04-24 10:49:47,738 | INFO | [2/6] Engineering features...
2026-04-24 10:49:47,830 | INFO |    Created 102 rows with 48 features
2026-04-24 10:49:47,830 | INFO | [3/6] Saving processed data...
2026-04-24 10:49:47,848 | INFO |    Saved: C:\Users\DREAMUSER\Documents\NSE Volatility Project\NSE_Volatility_Project\data\processed\AIRTEL_features.csv
2026-04-24 10:49:47,849 | INFO | [4/6] Preparing ML dataset...
2026-04-24 10:49:47,858 | INFO | [5/6] Training ML models...
2026-04-24 10:49:48,244 | INFO |    Random Forest: RMSE=0.084380
2026-04-24 10:49:48,258 | INFO |    Ridge: RMSE=0.081453
2026-04-24 10:49:48,360 | INFO |    XGBoost: RMSE=0.143251
2026-04-24 10:49:48,361 | INFO | [6/6] Evaluating and saving results...
2026-04-24 10:49:48,381 | INFO |    Saved comparison: C:\Users\DREAMUSER\Documents\NSE Volatility Project\NSE_Volatility_Project\results\tables\AIRTEL_model_comparison.csv
2026-04-24 10:49:48,392 | INFO |    Saved predictions: C:\Users\DREAMUSER\Documents\NSE Volatility Project\NSE_Volatility_Project\results\forecasts\AIRTEL_predictions.csv
2026-04-24 10:49:48,394 | INFO | [OK] Best: Ridge, RMSE: 0.081453, MAPE: 19.49%
2026-04-24 10:49:48,396 | INFO | 
============================================================
2026-04-24 10:49:48,396 | INFO | Processing: INTERBREW
2026-04-24 10:49:48,396 | INFO | ============================================================
2026-04-24 10:49:48,397 | INFO | [1/6] Loading raw data...
2026-04-24 10:49:48,397 | INFO | [WAIT] Loading INTERBREW
2026-04-24 10:49:48,627 | INFO | [OK] Loaded 1545 rows
2026-04-24 10:49:48,627 | INFO |    Loaded 1545 rows, columns: ['Date', 'Price', 'Open', 'High', 'Low', 'Volume']
2026-04-24 10:49:48,627 | INFO | [2/6] Engineering features...
2026-04-24 10:49:48,691 | INFO |    Created 1284 rows with 48 features
2026-04-24 10:49:48,691 | INFO | [3/6] Saving processed data...
2026-04-24 10:49:48,806 | INFO |    Saved: C:\Users\DREAMUSER\Documents\NSE Volatility Project\NSE_Volatility_Project\data\processed\INTERBREW_features.csv
2026-04-24 10:49:48,806 | INFO | [4/6] Preparing ML dataset...
2026-04-24 10:49:48,813 | INFO | [5/6] Training ML models...
2026-04-24 10:49:50,074 | INFO |    Random Forest: RMSE=0.047570
2026-04-24 10:49:50,090 | INFO |    Ridge: RMSE=0.172941
2026-04-24 10:49:51,102 | INFO |    XGBoost: RMSE=0.067720
2026-04-24 10:49:51,103 | INFO | [6/6] Evaluating and saving results...
2026-04-24 10:49:51,122 | INFO |    Saved comparison: C:\Users\DREAMUSER\Documents\NSE Volatility Project\NSE_Volatility_Project\results\tables\INTERBREW_model_comparison.csv
2026-04-24 10:49:51,136 | INFO |    Saved predictions: C:\Users\DREAMUSER\Documents\NSE Volatility Project\NSE_Volatility_Project\results\forecasts\INTERBREW_predictions.csv
2026-04-24 10:49:51,137 | INFO | [OK] Best: Random Forest, RMSE: 0.047570, MAPE: 9.33%
2026-04-24 10:49:51,139 | INFO | 
============================================================
2026-04-24 10:49:51,140 | INFO | Processing: FIRSTHOLDCO
2026-04-24 10:49:51,140 | INFO | ============================================================
2026-04-24 10:49:51,140 | INFO | [1/6] Loading raw data...
2026-04-24 10:49:51,141 | INFO | [WAIT] Loading FIRSTHOLDCO
2026-04-24 10:49:51,278 | INFO | [OK] Loaded 1544 rows
2026-04-24 10:49:51,278 | INFO |    Loaded 1544 rows, columns: ['Date', 'Price', 'Open', 'High', 'Low', 'Volume']
2026-04-24 10:49:51,278 | INFO | [2/6] Engineering features...
2026-04-24 10:49:51,355 | INFO |    Created 1291 rows with 48 features
2026-04-24 10:49:51,355 | INFO | [3/6] Saving processed data...
2026-04-24 10:49:51,500 | INFO |    Saved: C:\Users\DREAMUSER\Documents\NSE Volatility Project\NSE_Volatility_Project\data\processed\FIRSTHOLDCO_features.csv
2026-04-24 10:49:51,500 | INFO | [4/6] Preparing ML dataset...
2026-04-24 10:49:51,508 | INFO | [5/6] Training ML models...
2026-04-24 10:49:52,811 | INFO |    Random Forest: RMSE=0.041650
2026-04-24 10:49:52,825 | INFO |    Ridge: RMSE=0.037030
2026-04-24 10:49:53,759 | INFO |    XGBoost: RMSE=0.042574
2026-04-24 10:49:53,760 | INFO | [6/6] Evaluating and saving results...
2026-04-24 10:49:53,779 | INFO |    Saved comparison: C:\Users\DREAMUSER\Documents\NSE Volatility Project\NSE_Volatility_Project\results\tables\FIRSTHOLDCO_model_comparison.csv
2026-04-24 10:49:53,793 | INFO |    Saved predictions: C:\Users\DREAMUSER\Documents\NSE Volatility Project\NSE_Volatility_Project\results\forecasts\FIRSTHOLDCO_predictions.csv
2026-04-24 10:49:53,795 | INFO | [OK] Best: Ridge, RMSE: 0.037030, MAPE: 5.34%
2026-04-24 10:49:53,799 | INFO | 
============================================================
2026-04-24 10:49:53,800 | INFO | Processing: ETI
2026-04-24 10:49:53,801 | INFO | ============================================================
2026-04-24 10:49:53,802 | INFO | [1/6] Loading raw data...
2026-04-24 10:49:53,803 | INFO | [WAIT] Loading ETI
2026-04-24 10:49:53,948 | INFO | [OK] Loaded 1545 rows
2026-04-24 10:49:53,949 | INFO |    Loaded 1545 rows, columns: ['Date', 'Price', 'Open', 'High', 'Low', 'Volume']
2026-04-24 10:49:53,950 | INFO | [2/6] Engineering features...
2026-04-24 10:49:54,038 | INFO |    Created 1265 rows with 48 features
2026-04-24 10:49:54,039 | INFO | [3/6] Saving processed data...
2026-04-24 10:49:54,155 | INFO |    Saved: C:\Users\DREAMUSER\Documents\NSE Volatility Project\NSE_Volatility_Project\data\processed\ETI_features.csv
2026-04-24 10:49:54,156 | INFO | [4/6] Preparing ML dataset...
2026-04-24 10:49:54,162 | INFO | [5/6] Training ML models...
2026-04-24 10:49:55,320 | INFO |    Random Forest: RMSE=0.058852
2026-04-24 10:49:55,328 | INFO |    Ridge: RMSE=0.038381
2026-04-24 10:49:56,189 | INFO |    XGBoost: RMSE=0.086048
2026-04-24 10:49:56,189 | INFO | [6/6] Evaluating and saving results...
2026-04-24 10:49:56,212 | INFO |    Saved comparison: C:\Users\DREAMUSER\Documents\NSE Volatility Project\NSE_Volatility_Project\results\tables\ETI_model_comparison.csv
2026-04-24 10:49:56,232 | INFO |    Saved predictions: C:\Users\DREAMUSER\Documents\NSE Volatility Project\NSE_Volatility_Project\results\forecasts\ETI_predictions.csv
2026-04-24 10:49:56,241 | INFO | [OK] Best: Ridge, RMSE: 0.038381, MAPE: 4.96%
2026-04-24 10:49:56,245 | INFO | 
============================================================
2026-04-24 10:49:56,245 | INFO | Processing: ZENITH
2026-04-24 10:49:56,245 | INFO | ============================================================
2026-04-24 10:49:56,246 | INFO | [1/6] Loading raw data...
2026-04-24 10:49:56,247 | INFO | [WAIT] Loading ZENITH
2026-04-24 10:49:56,566 | INFO | [OK] Loaded 1546 rows
2026-04-24 10:49:56,567 | INFO |    Loaded 1546 rows, columns: ['Date', 'Price', 'Open', 'High', 'Low', 'Volume']
2026-04-24 10:49:56,567 | INFO | [2/6] Engineering features...
2026-04-24 10:49:56,679 | INFO |    Created 1293 rows with 48 features
2026-04-24 10:49:56,679 | INFO | [3/6] Saving processed data...
2026-04-24 10:49:56,801 | INFO |    Saved: C:\Users\DREAMUSER\Documents\NSE Volatility Project\NSE_Volatility_Project\data\processed\ZENITH_features.csv
2026-04-24 10:49:56,801 | INFO | [4/6] Preparing ML dataset...
2026-04-24 10:49:56,808 | INFO | [5/6] Training ML models...
2026-04-24 10:49:58,384 | INFO |    Random Forest: RMSE=0.175268
2026-04-24 10:49:58,403 | INFO |    Ridge: RMSE=0.043403
2026-04-24 10:49:59,349 | INFO |    XGBoost: RMSE=0.175469
2026-04-24 10:49:59,350 | INFO | [6/6] Evaluating and saving results...
2026-04-24 10:49:59,367 | INFO |    Saved comparison: C:\Users\DREAMUSER\Documents\NSE Volatility Project\NSE_Volatility_Project\results\tables\ZENITH_model_comparison.csv
2026-04-24 10:49:59,382 | INFO |    Saved predictions: C:\Users\DREAMUSER\Documents\NSE Volatility Project\NSE_Volatility_Project\results\forecasts\ZENITH_predictions.csv
2026-04-24 10:49:59,383 | INFO | [OK] Best: Ridge, RMSE: 0.043403, MAPE: 5.28%
2026-04-24 10:49:59,387 | INFO | 
============================================================
2026-04-24 10:49:59,387 | INFO | Processing: CWG
2026-04-24 10:49:59,387 | INFO | ============================================================
2026-04-24 10:49:59,388 | INFO | [1/6] Loading raw data...
2026-04-24 10:49:59,389 | INFO | [WAIT] Loading CWG
2026-04-24 10:49:59,527 | INFO | [OK] Loaded 1107 rows
2026-04-24 10:49:59,527 | INFO |    Loaded 1107 rows, columns: ['Date', 'Price', 'Open', 'High', 'Low', 'Volume']
2026-04-24 10:49:59,527 | INFO | [2/6] Engineering features...
2026-04-24 10:49:59,594 | INFO |    Created 802 rows with 48 features
2026-04-24 10:49:59,595 | INFO | [3/6] Saving processed data...
2026-04-24 10:49:59,674 | INFO |    Saved: C:\Users\DREAMUSER\Documents\NSE Volatility Project\NSE_Volatility_Project\data\processed\CWG_features.csv
2026-04-24 10:49:59,675 | INFO | [4/6] Preparing ML dataset...
2026-04-24 10:49:59,681 | INFO | [5/6] Training ML models...
2026-04-24 10:50:00,594 | INFO |    Random Forest: RMSE=0.057616
2026-04-24 10:50:00,604 | INFO |    Ridge: RMSE=0.052976
2026-04-24 10:50:01,293 | INFO |    XGBoost: RMSE=0.062399
2026-04-24 10:50:01,293 | INFO | [6/6] Evaluating and saving results...
2026-04-24 10:50:01,312 | INFO |    Saved comparison: C:\Users\DREAMUSER\Documents\NSE Volatility Project\NSE_Volatility_Project\results\tables\CWG_model_comparison.csv
2026-04-24 10:50:01,328 | INFO |    Saved predictions: C:\Users\DREAMUSER\Documents\NSE Volatility Project\NSE_Volatility_Project\results\forecasts\CWG_predictions.csv
2026-04-24 10:50:01,329 | INFO | [OK] Best: Ridge, RMSE: 0.052976, MAPE: 7.08%
2026-04-24 10:50:01,332 | INFO | 
============================================================
2026-04-24 10:50:01,332 | INFO | Processing: NESTLE
2026-04-24 10:50:01,333 | INFO | ============================================================
2026-04-24 10:50:01,333 | INFO | [1/6] Loading raw data...
2026-04-24 10:50:01,334 | INFO | [WAIT] Loading NESTLE
2026-04-24 10:50:01,577 | INFO | [OK] Loaded 346 rows
2026-04-24 10:50:01,577 | INFO |    Loaded 346 rows, columns: ['Date', 'Price', 'Open', 'High', 'Low', 'Volume']
2026-04-24 10:50:01,577 | INFO | [2/6] Engineering features...
2026-04-24 10:50:01,637 | INFO |    Created 55 rows with 48 features
2026-04-24 10:50:01,637 | INFO | [3/6] Saving processed data...
2026-04-24 10:50:01,645 | INFO |    Saved: C:\Users\DREAMUSER\Documents\NSE Volatility Project\NSE_Volatility_Project\data\processed\NESTLE_features.csv
2026-04-24 10:50:01,646 | INFO | [4/6] Preparing ML dataset...
2026-04-24 10:50:01,651 | INFO | [5/6] Training ML models...
2026-04-24 10:50:01,946 | INFO |    Random Forest: RMSE=0.130896
2026-04-24 10:50:01,955 | INFO |    Ridge: RMSE=0.239850
2026-04-24 10:50:02,033 | INFO |    XGBoost: RMSE=0.079147
2026-04-24 10:50:02,034 | INFO | [6/6] Evaluating and saving results...
2026-04-24 10:50:02,051 | INFO |    Saved comparison: C:\Users\DREAMUSER\Documents\NSE Volatility Project\NSE_Volatility_Project\results\tables\NESTLE_model_comparison.csv
2026-04-24 10:50:02,062 | INFO |    Saved predictions: C:\Users\DREAMUSER\Documents\NSE Volatility Project\NSE_Volatility_Project\results\forecasts\NESTLE_predictions.csv
2026-04-24 10:50:02,063 | INFO | [OK] Best: XGBoost, RMSE: 0.079147, MAPE: 11.72%
2026-04-24 10:50:02,065 | INFO | 
============================================================
2026-04-24 10:50:02,065 | INFO | Processing: NB
2026-04-24 10:50:02,065 | INFO | ============================================================
2026-04-24 10:50:02,066 | INFO | [1/6] Loading raw data...
2026-04-24 10:50:02,066 | INFO | [WAIT] Loading NB
2026-04-24 10:50:02,201 | INFO | [OK] Loaded 1545 rows
2026-04-24 10:50:02,201 | INFO |    Loaded 1545 rows, columns: ['Date', 'Price', 'Open', 'High', 'Low', 'Volume']
2026-04-24 10:50:02,202 | INFO | [2/6] Engineering features...
2026-04-24 10:50:02,258 | INFO |    Created 1281 rows with 48 features
2026-04-24 10:50:02,259 | INFO | [3/6] Saving processed data...
2026-04-24 10:50:02,362 | INFO |    Saved: C:\Users\DREAMUSER\Documents\NSE Volatility Project\NSE_Volatility_Project\data\processed\NB_features.csv
2026-04-24 10:50:02,362 | INFO | [4/6] Preparing ML dataset...
2026-04-24 10:50:02,367 | INFO | [5/6] Training ML models...
2026-04-24 10:50:03,499 | INFO |    Random Forest: RMSE=0.049829
2026-04-24 10:50:03,515 | INFO |    Ridge: RMSE=0.044192
2026-04-24 10:50:04,564 | INFO |    XGBoost: RMSE=0.062967
2026-04-24 10:50:04,565 | INFO | [6/6] Evaluating and saving results...
2026-04-24 10:50:04,584 | INFO |    Saved comparison: C:\Users\DREAMUSER\Documents\NSE Volatility Project\NSE_Volatility_Project\results\tables\NB_model_comparison.csv
2026-04-24 10:50:04,604 | INFO |    Saved predictions: C:\Users\DREAMUSER\Documents\NSE Volatility Project\NSE_Volatility_Project\results\forecasts\NB_predictions.csv
2026-04-24 10:50:04,606 | INFO | [OK] Best: Ridge, RMSE: 0.044192, MAPE: 6.76%
2026-04-24 10:50:04,612 | INFO | 
============================================================
2026-04-24 10:50:04,612 | INFO | Processing: ACCESS
2026-04-24 10:50:04,613 | INFO | ============================================================
2026-04-24 10:50:04,614 | INFO | [1/6] Loading raw data...
2026-04-24 10:50:04,616 | INFO | [WAIT] Loading ACCESS
2026-04-24 10:50:04,746 | INFO | [OK] Loaded 988 rows
2026-04-24 10:50:04,746 | INFO |    Loaded 988 rows, columns: ['Date', 'Price', 'Open', 'High', 'Low', 'Volume']
2026-04-24 10:50:04,747 | INFO | [2/6] Engineering features...
2026-04-24 10:50:04,802 | INFO |    Created 735 rows with 48 features
2026-04-24 10:50:04,803 | INFO | [3/6] Saving processed data...
2026-04-24 10:50:04,879 | INFO |    Saved: C:\Users\DREAMUSER\Documents\NSE Volatility Project\NSE_Volatility_Project\data\processed\ACCESS_features.csv
2026-04-24 10:50:04,879 | INFO | [4/6] Preparing ML dataset...
2026-04-24 10:50:04,886 | INFO | [5/6] Training ML models...
2026-04-24 10:50:05,662 | INFO |    Random Forest: RMSE=0.027996
2026-04-24 10:50:05,673 | INFO |    Ridge: RMSE=0.035829
2026-04-24 10:50:06,226 | INFO |    XGBoost: RMSE=0.032229
2026-04-24 10:50:06,227 | INFO | [6/6] Evaluating and saving results...
2026-04-24 10:50:06,244 | INFO |    Saved comparison: C:\Users\DREAMUSER\Documents\NSE Volatility Project\NSE_Volatility_Project\results\tables\ACCESS_model_comparison.csv
2026-04-24 10:50:06,257 | INFO |    Saved predictions: C:\Users\DREAMUSER\Documents\NSE Volatility Project\NSE_Volatility_Project\results\forecasts\ACCESS_predictions.csv
2026-04-24 10:50:06,258 | INFO | [OK] Best: Random Forest, RMSE: 0.027996, MAPE: 7.59%
2026-04-24 10:50:06,261 | INFO | 
============================================================
2026-04-24 10:50:06,262 | INFO | Processing: WAPCO
2026-04-24 10:50:06,262 | INFO | ============================================================
2026-04-24 10:50:06,262 | INFO | [1/6] Loading raw data...
2026-04-24 10:50:06,263 | INFO | [WAIT] Loading WAPCO
2026-04-24 10:50:06,386 | INFO | [OK] Loaded 1545 rows
2026-04-24 10:50:06,387 | INFO |    Loaded 1545 rows, columns: ['Date', 'Price', 'Open', 'High', 'Low', 'Volume']
2026-04-24 10:50:06,387 | INFO | [2/6] Engineering features...
2026-04-24 10:50:06,446 | INFO |    Created 1291 rows with 48 features
2026-04-24 10:50:06,446 | INFO | [3/6] Saving processed data...
2026-04-24 10:50:06,593 | INFO |    Saved: C:\Users\DREAMUSER\Documents\NSE Volatility Project\NSE_Volatility_Project\data\processed\WAPCO_features.csv
2026-04-24 10:50:06,594 | INFO | [4/6] Preparing ML dataset...
2026-04-24 10:50:06,600 | INFO | [5/6] Training ML models...
2026-04-24 10:50:07,601 | INFO |    Random Forest: RMSE=0.053615
2026-04-24 10:50:07,607 | INFO |    Ridge: RMSE=0.057434
2026-04-24 10:50:08,412 | INFO |    XGBoost: RMSE=0.061681
2026-04-24 10:50:08,413 | INFO | [6/6] Evaluating and saving results...
2026-04-24 10:50:08,434 | INFO |    Saved comparison: C:\Users\DREAMUSER\Documents\NSE Volatility Project\NSE_Volatility_Project\results\tables\WAPCO_model_comparison.csv
2026-04-24 10:50:08,449 | INFO |    Saved predictions: C:\Users\DREAMUSER\Documents\NSE Volatility Project\NSE_Volatility_Project\results\forecasts\WAPCO_predictions.csv
2026-04-24 10:50:08,451 | INFO | [OK] Best: Random Forest, RMSE: 0.053615, MAPE: 8.21%
2026-04-24 10:50:08,462 | INFO | 
[OK] Reports saved to C:\Users\DREAMUSER\Documents\NSE Volatility Project\NSE_Volatility_Project\results\tables
2026-04-24 10:50:08,463 | INFO | 
======================================================================
2026-04-24 10:50:08,464 | INFO | PIPELINE COMPLETE
2026-04-24 10:50:08,465 | INFO | Success: 14/14 stocks
2026-04-24 10:50:08,465 | INFO | Time: 0.5 minutes
2026-04-24 10:50:08,466 | INFO | ======================================================================
2026-04-24 10:50:08,466 | INFO | Dashboard-compatible files created:
2026-04-24 10:50:08,466 | INFO |    - data/processed/{stock}_features.csv
2026-04-24 10:50:08,466 | INFO |    - results/tables/{stock}_model_comparison.csv
2026-04-24 10:50:08,467 | INFO |    - results/forecasts/{stock}_predictions.csv
2026-04-24 10:50:08,467 | INFO | 
Run: streamlit run app.py
2026-04-24 10:50:08,467 | INFO | ======================================================================
2026-04-24 16:48:49,895 | INFO | 
======================================================================
2026-04-24 16:48:49,897 | INFO | NSE STOCK VOLATILITY PREDICTION PIPELINE
2026-04-24 16:48:49,897 | INFO | Started: 2026-04-24 16:48:49
2026-04-24 16:48:49,898 | INFO | ======================================================================
2026-04-24 16:48:49,901 | INFO | [OK] Found 14 stocks to process
2026-04-24 16:48:49,901 | INFO | 
============================================================
2026-04-24 16:48:49,902 | INFO | Processing: DANGCEM
2026-04-24 16:48:49,902 | INFO | ============================================================
2026-04-24 16:48:49,903 | INFO | [1/6] Loading raw data...
2026-04-24 16:48:49,904 | INFO | [WAIT] Loading DANGCEM
2026-04-24 16:48:50,140 | INFO | [OK] Loaded 1545 rows
2026-04-24 16:48:50,140 | INFO |    Loaded 1545 rows, columns: ['Date', 'Price', 'Open', 'High', 'Low', 'Volume']
2026-04-24 16:48:50,141 | INFO | [2/6] Engineering features...
2026-04-24 16:48:50,228 | INFO |    Created 954 rows with 48 features
2026-04-24 16:48:50,229 | INFO | [3/6] Saving processed data...
2026-04-24 16:48:50,394 | INFO |    Saved: C:\Users\DREAMUSER\Documents\NSE Volatility Project\NSE_Volatility_Project\data\processed\DANGCEM_features.csv
2026-04-24 16:48:50,395 | INFO | [4/6] Preparing ML dataset...
2026-04-24 16:48:50,400 | INFO | [5/6] Training ML models...
2026-04-24 16:48:51,143 | INFO |    Random Forest: RMSE=0.055483
2026-04-24 16:48:51,165 | INFO |    Ridge: RMSE=0.046560
2026-04-24 16:48:51,923 | INFO |    XGBoost: RMSE=0.088683
2026-04-24 16:48:51,923 | INFO | [6/6] Evaluating and saving results...
2026-04-24 16:48:51,944 | INFO |    Saved comparison: C:\Users\DREAMUSER\Documents\NSE Volatility Project\NSE_Volatility_Project\results\tables\DANGCEM_model_comparison.csv
2026-04-24 16:48:51,956 | INFO |    Saved predictions: C:\Users\DREAMUSER\Documents\NSE Volatility Project\NSE_Volatility_Project\results\forecasts\DANGCEM_predictions.csv
2026-04-24 16:48:51,959 | INFO | [OK] Best: Ridge, RMSE: 0.046560, MAPE: 10.50%
2026-04-24 16:48:51,964 | INFO | 
============================================================
2026-04-24 16:48:51,964 | INFO | Processing: MTNN
2026-04-24 16:48:51,966 | INFO | ============================================================
2026-04-24 16:48:51,966 | INFO | [1/6] Loading raw data...
2026-04-24 16:48:51,967 | INFO | [WAIT] Loading MTNN
2026-04-24 16:48:52,089 | INFO | [OK] Loaded 1545 rows
2026-04-24 16:48:52,090 | INFO |    Loaded 1545 rows, columns: ['Date', 'Price', 'Open', 'High', 'Low', 'Volume']
2026-04-24 16:48:52,090 | INFO | [2/6] Engineering features...
2026-04-24 16:48:52,151 | INFO |    Created 1291 rows with 48 features
2026-04-24 16:48:52,151 | INFO | [3/6] Saving processed data...
2026-04-24 16:48:52,273 | INFO |    Saved: C:\Users\DREAMUSER\Documents\NSE Volatility Project\NSE_Volatility_Project\data\processed\MTNN_features.csv
2026-04-24 16:48:52,273 | INFO | [4/6] Preparing ML dataset...
2026-04-24 16:48:52,280 | INFO | [5/6] Training ML models...
2026-04-24 16:48:53,610 | INFO |    Random Forest: RMSE=0.045698
2026-04-24 16:48:53,629 | INFO |    Ridge: RMSE=0.032773
2026-04-24 16:48:55,306 | INFO |    XGBoost: RMSE=0.067620
2026-04-24 16:48:55,307 | INFO | [6/6] Evaluating and saving results...
2026-04-24 16:48:55,369 | INFO |    Saved comparison: C:\Users\DREAMUSER\Documents\NSE Volatility Project\NSE_Volatility_Project\results\tables\MTNN_model_comparison.csv
2026-04-24 16:48:55,390 | INFO |    Saved predictions: C:\Users\DREAMUSER\Documents\NSE Volatility Project\NSE_Volatility_Project\results\forecasts\MTNN_predictions.csv
2026-04-24 16:48:55,392 | INFO | [OK] Best: Ridge, RMSE: 0.032773, MAPE: 8.98%
2026-04-24 16:48:55,397 | INFO | 
============================================================
2026-04-24 16:48:55,397 | INFO | Processing: GTCO
2026-04-24 16:48:55,399 | INFO | ============================================================
2026-04-24 16:48:55,401 | INFO | [1/6] Loading raw data...
2026-04-24 16:48:55,401 | INFO | [WAIT] Loading GTCO
2026-04-24 16:48:55,607 | INFO | [OK] Loaded 1541 rows
2026-04-24 16:48:55,607 | INFO |    Loaded 1541 rows, columns: ['Date', 'Price', 'Open', 'High', 'Low', 'Volume']
2026-04-24 16:48:55,608 | INFO | [2/6] Engineering features...
2026-04-24 16:48:55,857 | INFO |    Created 1288 rows with 48 features
2026-04-24 16:48:55,858 | INFO | [3/6] Saving processed data...
2026-04-24 16:48:56,464 | INFO |    Saved: C:\Users\DREAMUSER\Documents\NSE Volatility Project\NSE_Volatility_Project\data\processed\GTCO_features.csv
2026-04-24 16:48:56,464 | INFO | [4/6] Preparing ML dataset...
2026-04-24 16:48:56,473 | INFO | [5/6] Training ML models...
2026-04-24 16:48:59,271 | INFO |    Random Forest: RMSE=0.048008
2026-04-24 16:48:59,287 | INFO |    Ridge: RMSE=0.031620
2026-04-24 16:49:00,682 | INFO |    XGBoost: RMSE=0.057286
2026-04-24 16:49:00,683 | INFO | [6/6] Evaluating and saving results...
2026-04-24 16:49:00,708 | INFO |    Saved comparison: C:\Users\DREAMUSER\Documents\NSE Volatility Project\NSE_Volatility_Project\results\tables\GTCO_model_comparison.csv
2026-04-24 16:49:00,729 | INFO |    Saved predictions: C:\Users\DREAMUSER\Documents\NSE Volatility Project\NSE_Volatility_Project\results\forecasts\GTCO_predictions.csv
2026-04-24 16:49:00,732 | INFO | [OK] Best: Ridge, RMSE: 0.031620, MAPE: 5.40%
2026-04-24 16:49:00,736 | INFO | 
============================================================
2026-04-24 16:49:00,737 | INFO | Processing: SEPLAT
2026-04-24 16:49:00,737 | INFO | ============================================================
2026-04-24 16:49:00,738 | INFO | [1/6] Loading raw data...
2026-04-24 16:49:00,744 | INFO | [WAIT] Loading SEPLAT
2026-04-24 16:49:01,028 | INFO | [OK] Loaded 591 rows
2026-04-24 16:49:01,028 | INFO |    Loaded 591 rows, columns: ['Date', 'Price', 'Open', 'High', 'Low', 'Volume']
2026-04-24 16:49:01,029 | INFO | [2/6] Engineering features...
2026-04-24 16:49:01,160 | INFO |    Created 263 rows with 48 features
2026-04-24 16:49:01,161 | INFO | [3/6] Saving processed data...
2026-04-24 16:49:01,212 | INFO |    Saved: C:\Users\DREAMUSER\Documents\NSE Volatility Project\NSE_Volatility_Project\data\processed\SEPLAT_features.csv
2026-04-24 16:49:01,212 | INFO | [4/6] Preparing ML dataset...
2026-04-24 16:49:01,226 | INFO | [5/6] Training ML models...
2026-04-24 16:49:01,868 | INFO |    Random Forest: RMSE=0.064249
2026-04-24 16:49:01,880 | INFO |    Ridge: RMSE=0.057246
2026-04-24 16:49:02,157 | INFO |    XGBoost: RMSE=0.073792
2026-04-24 16:49:02,158 | INFO | [6/6] Evaluating and saving results...
2026-04-24 16:49:02,178 | INFO |    Saved comparison: C:\Users\DREAMUSER\Documents\NSE Volatility Project\NSE_Volatility_Project\results\tables\SEPLAT_model_comparison.csv
2026-04-24 16:49:02,191 | INFO |    Saved predictions: C:\Users\DREAMUSER\Documents\NSE Volatility Project\NSE_Volatility_Project\results\forecasts\SEPLAT_predictions.csv
2026-04-24 16:49:02,193 | INFO | [OK] Best: Ridge, RMSE: 0.057246, MAPE: 17.92%
2026-04-24 16:49:02,194 | INFO | 
============================================================
2026-04-24 16:49:02,195 | INFO | Processing: AIRTEL
2026-04-24 16:49:02,195 | INFO | ============================================================
2026-04-24 16:49:02,195 | INFO | [1/6] Loading raw data...
2026-04-24 16:49:02,196 | INFO | [WAIT] Loading AIRTEL
2026-04-24 16:49:02,412 | INFO | [OK] Loaded 482 rows
2026-04-24 16:49:02,412 | INFO |    Loaded 482 rows, columns: ['Date', 'Price', 'Open', 'High', 'Low', 'Volume']
2026-04-24 16:49:02,412 | INFO | [2/6] Engineering features...
2026-04-24 16:49:02,517 | INFO |    Created 102 rows with 48 features
2026-04-24 16:49:02,517 | INFO | [3/6] Saving processed data...
2026-04-24 16:49:02,548 | INFO |    Saved: C:\Users\DREAMUSER\Documents\NSE Volatility Project\NSE_Volatility_Project\data\processed\AIRTEL_features.csv
2026-04-24 16:49:02,549 | INFO | [4/6] Preparing ML dataset...
2026-04-24 16:49:02,563 | INFO | [5/6] Training ML models...
2026-04-24 16:49:03,151 | INFO |    Random Forest: RMSE=0.084380
2026-04-24 16:49:03,161 | INFO |    Ridge: RMSE=0.081453
2026-04-24 16:49:03,293 | INFO |    XGBoost: RMSE=0.143251
2026-04-24 16:49:03,293 | INFO | [6/6] Evaluating and saving results...
2026-04-24 16:49:03,315 | INFO |    Saved comparison: C:\Users\DREAMUSER\Documents\NSE Volatility Project\NSE_Volatility_Project\results\tables\AIRTEL_model_comparison.csv
2026-04-24 16:49:03,329 | INFO |    Saved predictions: C:\Users\DREAMUSER\Documents\NSE Volatility Project\NSE_Volatility_Project\results\forecasts\AIRTEL_predictions.csv
2026-04-24 16:49:03,330 | INFO | [OK] Best: Ridge, RMSE: 0.081453, MAPE: 19.49%
2026-04-24 16:49:03,331 | INFO | 
============================================================
2026-04-24 16:49:03,332 | INFO | Processing: INTERBREW
2026-04-24 16:49:03,332 | INFO | ============================================================
2026-04-24 16:49:03,333 | INFO | [1/6] Loading raw data...
2026-04-24 16:49:03,333 | INFO | [WAIT] Loading INTERBREW
2026-04-24 16:49:03,535 | INFO | [OK] Loaded 1545 rows
2026-04-24 16:49:03,535 | INFO |    Loaded 1545 rows, columns: ['Date', 'Price', 'Open', 'High', 'Low', 'Volume']
2026-04-24 16:49:03,536 | INFO | [2/6] Engineering features...
2026-04-24 16:49:03,640 | INFO |    Created 1284 rows with 48 features
2026-04-24 16:49:03,641 | INFO | [3/6] Saving processed data...
2026-04-24 16:49:03,889 | INFO |    Saved: C:\Users\DREAMUSER\Documents\NSE Volatility Project\NSE_Volatility_Project\data\processed\INTERBREW_features.csv
2026-04-24 16:49:03,890 | INFO | [4/6] Preparing ML dataset...
2026-04-24 16:49:03,901 | INFO | [5/6] Training ML models...
2026-04-24 16:49:05,841 | INFO |    Random Forest: RMSE=0.047570
2026-04-24 16:49:05,862 | INFO |    Ridge: RMSE=0.172941
2026-04-24 16:49:07,216 | INFO |    XGBoost: RMSE=0.067720
2026-04-24 16:49:07,216 | INFO | [6/6] Evaluating and saving results...
2026-04-24 16:49:07,230 | INFO |    Saved comparison: C:\Users\DREAMUSER\Documents\NSE Volatility Project\NSE_Volatility_Project\results\tables\INTERBREW_model_comparison.csv
2026-04-24 16:49:07,244 | INFO |    Saved predictions: C:\Users\DREAMUSER\Documents\NSE Volatility Project\NSE_Volatility_Project\results\forecasts\INTERBREW_predictions.csv
2026-04-24 16:49:07,245 | INFO | [OK] Best: Random Forest, RMSE: 0.047570, MAPE: 9.33%
2026-04-24 16:49:07,248 | INFO | 
============================================================
2026-04-24 16:49:07,248 | INFO | Processing: FIRSTHOLDCO
2026-04-24 16:49:07,249 | INFO | ============================================================
2026-04-24 16:49:07,249 | INFO | [1/6] Loading raw data...
2026-04-24 16:49:07,250 | INFO | [WAIT] Loading FIRSTHOLDCO
2026-04-24 16:49:07,396 | INFO | [OK] Loaded 1544 rows
2026-04-24 16:49:07,397 | INFO |    Loaded 1544 rows, columns: ['Date', 'Price', 'Open', 'High', 'Low', 'Volume']
2026-04-24 16:49:07,397 | INFO | [2/6] Engineering features...
2026-04-24 16:49:07,464 | INFO |    Created 1291 rows with 48 features
2026-04-24 16:49:07,465 | INFO | [3/6] Saving processed data...
2026-04-24 16:49:07,603 | INFO |    Saved: C:\Users\DREAMUSER\Documents\NSE Volatility Project\NSE_Volatility_Project\data\processed\FIRSTHOLDCO_features.csv
2026-04-24 16:49:07,604 | INFO | [4/6] Preparing ML dataset...
2026-04-24 16:49:07,610 | INFO | [5/6] Training ML models...
2026-04-24 16:49:08,801 | INFO |    Random Forest: RMSE=0.041650
2026-04-24 16:49:08,810 | INFO |    Ridge: RMSE=0.037030
2026-04-24 16:49:09,626 | INFO |    XGBoost: RMSE=0.042574
2026-04-24 16:49:09,626 | INFO | [6/6] Evaluating and saving results...
2026-04-24 16:49:09,646 | INFO |    Saved comparison: C:\Users\DREAMUSER\Documents\NSE Volatility Project\NSE_Volatility_Project\results\tables\FIRSTHOLDCO_model_comparison.csv
2026-04-24 16:49:09,661 | INFO |    Saved predictions: C:\Users\DREAMUSER\Documents\NSE Volatility Project\NSE_Volatility_Project\results\forecasts\FIRSTHOLDCO_predictions.csv
2026-04-24 16:49:09,663 | INFO | [OK] Best: Ridge, RMSE: 0.037030, MAPE: 5.34%
2026-04-24 16:49:09,667 | INFO | 
============================================================
2026-04-24 16:49:09,668 | INFO | Processing: ETI
2026-04-24 16:49:09,670 | INFO | ============================================================
2026-04-24 16:49:09,671 | INFO | [1/6] Loading raw data...
2026-04-24 16:49:09,672 | INFO | [WAIT] Loading ETI
2026-04-24 16:49:09,796 | INFO | [OK] Loaded 1545 rows
2026-04-24 16:49:09,797 | INFO |    Loaded 1545 rows, columns: ['Date', 'Price', 'Open', 'High', 'Low', 'Volume']
2026-04-24 16:49:09,797 | INFO | [2/6] Engineering features...
2026-04-24 16:49:09,850 | INFO |    Created 1265 rows with 48 features
2026-04-24 16:49:09,851 | INFO | [3/6] Saving processed data...
2026-04-24 16:49:09,993 | INFO |    Saved: C:\Users\DREAMUSER\Documents\NSE Volatility Project\NSE_Volatility_Project\data\processed\ETI_features.csv
2026-04-24 16:49:09,994 | INFO | [4/6] Preparing ML dataset...
2026-04-24 16:49:10,001 | INFO | [5/6] Training ML models...
2026-04-24 16:49:11,096 | INFO |    Random Forest: RMSE=0.058852
2026-04-24 16:49:11,103 | INFO |    Ridge: RMSE=0.038381
2026-04-24 16:49:11,860 | INFO |    XGBoost: RMSE=0.086048
2026-04-24 16:49:11,860 | INFO | [6/6] Evaluating and saving results...
2026-04-24 16:49:11,880 | INFO |    Saved comparison: C:\Users\DREAMUSER\Documents\NSE Volatility Project\NSE_Volatility_Project\results\tables\ETI_model_comparison.csv
2026-04-24 16:49:11,894 | INFO |    Saved predictions: C:\Users\DREAMUSER\Documents\NSE Volatility Project\NSE_Volatility_Project\results\forecasts\ETI_predictions.csv
2026-04-24 16:49:11,895 | INFO | [OK] Best: Ridge, RMSE: 0.038381, MAPE: 4.96%
2026-04-24 16:49:11,898 | INFO | 
============================================================
2026-04-24 16:49:11,899 | INFO | Processing: ZENITH
2026-04-24 16:49:11,900 | INFO | ============================================================
2026-04-24 16:49:11,900 | INFO | [1/6] Loading raw data...
2026-04-24 16:49:11,902 | INFO | [WAIT] Loading ZENITH
2026-04-24 16:49:12,027 | INFO | [OK] Loaded 1546 rows
2026-04-24 16:49:12,027 | INFO |    Loaded 1546 rows, columns: ['Date', 'Price', 'Open', 'High', 'Low', 'Volume']
2026-04-24 16:49:12,027 | INFO | [2/6] Engineering features...
2026-04-24 16:49:12,084 | INFO |    Created 1293 rows with 48 features
2026-04-24 16:49:12,085 | INFO | [3/6] Saving processed data...
2026-04-24 16:49:12,211 | INFO |    Saved: C:\Users\DREAMUSER\Documents\NSE Volatility Project\NSE_Volatility_Project\data\processed\ZENITH_features.csv
2026-04-24 16:49:12,212 | INFO | [4/6] Preparing ML dataset...
2026-04-24 16:49:12,218 | INFO | [5/6] Training ML models...
2026-04-24 16:49:13,292 | INFO |    Random Forest: RMSE=0.175268
2026-04-24 16:49:13,301 | INFO |    Ridge: RMSE=0.043403
2026-04-24 16:49:14,074 | INFO |    XGBoost: RMSE=0.175469
2026-04-24 16:49:14,075 | INFO | [6/6] Evaluating and saving results...
2026-04-24 16:49:14,092 | INFO |    Saved comparison: C:\Users\DREAMUSER\Documents\NSE Volatility Project\NSE_Volatility_Project\results\tables\ZENITH_model_comparison.csv
2026-04-24 16:49:14,108 | INFO |    Saved predictions: C:\Users\DREAMUSER\Documents\NSE Volatility Project\NSE_Volatility_Project\results\forecasts\ZENITH_predictions.csv
2026-04-24 16:49:14,109 | INFO | [OK] Best: Ridge, RMSE: 0.043403, MAPE: 5.28%
2026-04-24 16:49:14,112 | INFO | 
============================================================
2026-04-24 16:49:14,113 | INFO | Processing: CWG
2026-04-24 16:49:14,117 | INFO | ============================================================
2026-04-24 16:49:14,117 | INFO | [1/6] Loading raw data...
2026-04-24 16:49:14,119 | INFO | [WAIT] Loading CWG
2026-04-24 16:49:14,269 | INFO | [OK] Loaded 1107 rows
2026-04-24 16:49:14,269 | INFO |    Loaded 1107 rows, columns: ['Date', 'Price', 'Open', 'High', 'Low', 'Volume']
2026-04-24 16:49:14,270 | INFO | [2/6] Engineering features...
2026-04-24 16:49:14,334 | INFO |    Created 802 rows with 48 features
2026-04-24 16:49:14,335 | INFO | [3/6] Saving processed data...
2026-04-24 16:49:14,404 | INFO |    Saved: C:\Users\DREAMUSER\Documents\NSE Volatility Project\NSE_Volatility_Project\data\processed\CWG_features.csv
2026-04-24 16:49:14,404 | INFO | [4/6] Preparing ML dataset...
2026-04-24 16:49:14,410 | INFO | [5/6] Training ML models...
2026-04-24 16:49:15,140 | INFO |    Random Forest: RMSE=0.057616
2026-04-24 16:49:15,147 | INFO |    Ridge: RMSE=0.052976
2026-04-24 16:49:15,811 | INFO |    XGBoost: RMSE=0.062399
2026-04-24 16:49:15,811 | INFO | [6/6] Evaluating and saving results...
2026-04-24 16:49:15,833 | INFO |    Saved comparison: C:\Users\DREAMUSER\Documents\NSE Volatility Project\NSE_Volatility_Project\results\tables\CWG_model_comparison.csv
2026-04-24 16:49:15,844 | INFO |    Saved predictions: C:\Users\DREAMUSER\Documents\NSE Volatility Project\NSE_Volatility_Project\results\forecasts\CWG_predictions.csv
2026-04-24 16:49:15,847 | INFO | [OK] Best: Ridge, RMSE: 0.052976, MAPE: 7.08%
2026-04-24 16:49:15,852 | INFO | 
============================================================
2026-04-24 16:49:15,853 | INFO | Processing: NESTLE
2026-04-24 16:49:15,853 | INFO | ============================================================
2026-04-24 16:49:15,854 | INFO | [1/6] Loading raw data...
2026-04-24 16:49:15,855 | INFO | [WAIT] Loading NESTLE
2026-04-24 16:49:16,013 | INFO | [OK] Loaded 346 rows
2026-04-24 16:49:16,013 | INFO |    Loaded 346 rows, columns: ['Date', 'Price', 'Open', 'High', 'Low', 'Volume']
2026-04-24 16:49:16,014 | INFO | [2/6] Engineering features...
2026-04-24 16:49:16,069 | INFO |    Created 55 rows with 48 features
2026-04-24 16:49:16,070 | INFO | [3/6] Saving processed data...
2026-04-24 16:49:16,078 | INFO |    Saved: C:\Users\DREAMUSER\Documents\NSE Volatility Project\NSE_Volatility_Project\data\processed\NESTLE_features.csv
2026-04-24 16:49:16,079 | INFO | [4/6] Preparing ML dataset...
2026-04-24 16:49:16,084 | INFO | [5/6] Training ML models...
2026-04-24 16:49:16,461 | INFO |    Random Forest: RMSE=0.130896
2026-04-24 16:49:16,469 | INFO |    Ridge: RMSE=0.239850
2026-04-24 16:49:16,541 | INFO |    XGBoost: RMSE=0.079147
2026-04-24 16:49:16,541 | INFO | [6/6] Evaluating and saving results...
2026-04-24 16:49:16,560 | INFO |    Saved comparison: C:\Users\DREAMUSER\Documents\NSE Volatility Project\NSE_Volatility_Project\results\tables\NESTLE_model_comparison.csv
2026-04-24 16:49:16,572 | INFO |    Saved predictions: C:\Users\DREAMUSER\Documents\NSE Volatility Project\NSE_Volatility_Project\results\forecasts\NESTLE_predictions.csv
2026-04-24 16:49:16,573 | INFO | [OK] Best: XGBoost, RMSE: 0.079147, MAPE: 11.72%
2026-04-24 16:49:16,575 | INFO | 
============================================================
2026-04-24 16:49:16,575 | INFO | Processing: NB
2026-04-24 16:49:16,576 | INFO | ============================================================
2026-04-24 16:49:16,576 | INFO | [1/6] Loading raw data...
2026-04-24 16:49:16,576 | INFO | [WAIT] Loading NB
2026-04-24 16:49:16,709 | INFO | [OK] Loaded 1545 rows
2026-04-24 16:49:16,710 | INFO |    Loaded 1545 rows, columns: ['Date', 'Price', 'Open', 'High', 'Low', 'Volume']
2026-04-24 16:49:16,710 | INFO | [2/6] Engineering features...
2026-04-24 16:49:16,769 | INFO |    Created 1281 rows with 48 features
2026-04-24 16:49:16,770 | INFO | [3/6] Saving processed data...
2026-04-24 16:49:16,893 | INFO |    Saved: C:\Users\DREAMUSER\Documents\NSE Volatility Project\NSE_Volatility_Project\data\processed\NB_features.csv
2026-04-24 16:49:16,894 | INFO | [4/6] Preparing ML dataset...
2026-04-24 16:49:16,899 | INFO | [5/6] Training ML models...
2026-04-24 16:49:18,033 | INFO |    Random Forest: RMSE=0.049829
2026-04-24 16:49:18,042 | INFO |    Ridge: RMSE=0.044192
2026-04-24 16:49:18,915 | INFO |    XGBoost: RMSE=0.062967
2026-04-24 16:49:18,915 | INFO | [6/6] Evaluating and saving results...
2026-04-24 16:49:18,933 | INFO |    Saved comparison: C:\Users\DREAMUSER\Documents\NSE Volatility Project\NSE_Volatility_Project\results\tables\NB_model_comparison.csv
2026-04-24 16:49:18,949 | INFO |    Saved predictions: C:\Users\DREAMUSER\Documents\NSE Volatility Project\NSE_Volatility_Project\results\forecasts\NB_predictions.csv
2026-04-24 16:49:18,950 | INFO | [OK] Best: Ridge, RMSE: 0.044192, MAPE: 6.76%
2026-04-24 16:49:18,954 | INFO | 
============================================================
2026-04-24 16:49:18,954 | INFO | Processing: ACCESS
2026-04-24 16:49:18,955 | INFO | ============================================================
2026-04-24 16:49:18,955 | INFO | [1/6] Loading raw data...
2026-04-24 16:49:18,956 | INFO | [WAIT] Loading ACCESS
2026-04-24 16:49:19,083 | INFO | [OK] Loaded 988 rows
2026-04-24 16:49:19,083 | INFO |    Loaded 988 rows, columns: ['Date', 'Price', 'Open', 'High', 'Low', 'Volume']
2026-04-24 16:49:19,083 | INFO | [2/6] Engineering features...
2026-04-24 16:49:19,175 | INFO |    Created 735 rows with 48 features
2026-04-24 16:49:19,175 | INFO | [3/6] Saving processed data...
2026-04-24 16:49:19,262 | INFO |    Saved: C:\Users\DREAMUSER\Documents\NSE Volatility Project\NSE_Volatility_Project\data\processed\ACCESS_features.csv
2026-04-24 16:49:19,263 | INFO | [4/6] Preparing ML dataset...
2026-04-24 16:49:19,272 | INFO | [5/6] Training ML models...
2026-04-24 16:49:20,083 | INFO |    Random Forest: RMSE=0.027996
2026-04-24 16:49:20,093 | INFO |    Ridge: RMSE=0.035829
2026-04-24 16:49:20,645 | INFO |    XGBoost: RMSE=0.032229
2026-04-24 16:49:20,645 | INFO | [6/6] Evaluating and saving results...
2026-04-24 16:49:20,665 | INFO |    Saved comparison: C:\Users\DREAMUSER\Documents\NSE Volatility Project\NSE_Volatility_Project\results\tables\ACCESS_model_comparison.csv
2026-04-24 16:49:20,677 | INFO |    Saved predictions: C:\Users\DREAMUSER\Documents\NSE Volatility Project\NSE_Volatility_Project\results\forecasts\ACCESS_predictions.csv
2026-04-24 16:49:20,678 | INFO | [OK] Best: Random Forest, RMSE: 0.027996, MAPE: 7.59%
2026-04-24 16:49:20,681 | INFO | 
============================================================
2026-04-24 16:49:20,682 | INFO | Processing: WAPCO
2026-04-24 16:49:20,682 | INFO | ============================================================
2026-04-24 16:49:20,682 | INFO | [1/6] Loading raw data...
2026-04-24 16:49:20,683 | INFO | [WAIT] Loading WAPCO
2026-04-24 16:49:20,847 | INFO | [OK] Loaded 1545 rows
2026-04-24 16:49:20,847 | INFO |    Loaded 1545 rows, columns: ['Date', 'Price', 'Open', 'High', 'Low', 'Volume']
2026-04-24 16:49:20,848 | INFO | [2/6] Engineering features...
2026-04-24 16:49:20,958 | INFO |    Created 1291 rows with 48 features
2026-04-24 16:49:20,959 | INFO | [3/6] Saving processed data...
2026-04-24 16:49:21,181 | INFO |    Saved: C:\Users\DREAMUSER\Documents\NSE Volatility Project\NSE_Volatility_Project\data\processed\WAPCO_features.csv
2026-04-24 16:49:21,214 | INFO | [4/6] Preparing ML dataset...
2026-04-24 16:49:21,227 | INFO | [5/6] Training ML models...
2026-04-24 16:49:22,358 | INFO |    Random Forest: RMSE=0.053615
2026-04-24 16:49:22,370 | INFO |    Ridge: RMSE=0.057434
2026-04-24 16:49:23,233 | INFO |    XGBoost: RMSE=0.061681
2026-04-24 16:49:23,234 | INFO | [6/6] Evaluating and saving results...
2026-04-24 16:49:23,253 | INFO |    Saved comparison: C:\Users\DREAMUSER\Documents\NSE Volatility Project\NSE_Volatility_Project\results\tables\WAPCO_model_comparison.csv
2026-04-24 16:49:23,266 | INFO |    Saved predictions: C:\Users\DREAMUSER\Documents\NSE Volatility Project\NSE_Volatility_Project\results\forecasts\WAPCO_predictions.csv
2026-04-24 16:49:23,267 | INFO | [OK] Best: Random Forest, RMSE: 0.053615, MAPE: 8.21%
2026-04-24 16:49:23,278 | INFO | 
[OK] Reports saved to C:\Users\DREAMUSER\Documents\NSE Volatility Project\NSE_Volatility_Project\results\tables
2026-04-24 16:49:23,279 | INFO | 
======================================================================
2026-04-24 16:49:23,279 | INFO | PIPELINE COMPLETE
2026-04-24 16:49:23,279 | INFO | Success: 14/14 stocks
2026-04-24 16:49:23,280 | INFO | Time: 0.6 minutes
2026-04-24 16:49:23,280 | INFO | ======================================================================
2026-04-24 16:49:23,280 | INFO | Dashboard-compatible files created:
2026-04-24 16:49:23,281 | INFO |    - data/processed/{stock}_features.csv
2026-04-24 16:49:23,281 | INFO |    - results/tables/{stock}_model_comparison.csv
2026-04-24 16:49:23,281 | INFO |    - results/forecasts/{stock}_predictions.csv
2026-04-24 16:49:23,281 | INFO | 
Run: streamlit run app.py
2026-04-24 16:49:23,281 | INFO | ======================================================================
2026-04-24 17:02:46,106 | INFO | 
======================================================================
2026-04-24 17:02:46,107 | INFO | NSE STOCK VOLATILITY PREDICTION PIPELINE
2026-04-24 17:02:46,107 | INFO | Started: 2026-04-24 17:02:46
2026-04-24 17:02:46,107 | INFO | ======================================================================
2026-04-24 17:02:46,109 | INFO | [OK] Found 14 stocks to process
2026-04-24 17:02:46,109 | INFO | 
============================================================
2026-04-24 17:02:46,109 | INFO | Processing: DANGCEM
2026-04-24 17:02:46,110 | INFO | ============================================================
2026-04-24 17:02:46,110 | INFO | [1/6] Loading raw data...
2026-04-24 17:02:46,110 | INFO | [WAIT] Loading DANGCEM
2026-04-24 17:02:46,248 | INFO | [OK] Loaded 1545 rows
2026-04-24 17:02:46,248 | INFO |    Loaded 1545 rows, columns: ['Date', 'Price', 'Open', 'High', 'Low', 'Volume']
2026-04-24 17:02:46,249 | INFO | [2/6] Engineering features...
2026-04-24 17:02:46,338 | INFO |    Created 954 rows with 48 features
2026-04-24 17:02:46,339 | INFO | [3/6] Saving processed data...
2026-04-24 17:02:46,424 | INFO |    Saved: C:\Users\DREAMUSER\Documents\NSE Volatility Project\NSE_Volatility_Project\data\processed\DANGCEM_features.csv
2026-04-24 17:02:46,425 | INFO | [4/6] Preparing ML dataset...
2026-04-24 17:02:46,431 | INFO | [5/6] Training ML models...
2026-04-24 17:02:47,214 | INFO |    Random Forest: RMSE=0.055483
2026-04-24 17:02:47,234 | INFO |    Ridge: RMSE=0.046560
2026-04-24 17:02:47,996 | INFO |    XGBoost: RMSE=0.088683
2026-04-24 17:02:47,996 | INFO | [6/6] Evaluating and saving results...
2026-04-24 17:02:48,017 | INFO |    Saved comparison: C:\Users\DREAMUSER\Documents\NSE Volatility Project\NSE_Volatility_Project\results\tables\DANGCEM_model_comparison.csv
2026-04-24 17:02:48,028 | INFO |    Saved predictions: C:\Users\DREAMUSER\Documents\NSE Volatility Project\NSE_Volatility_Project\results\forecasts\DANGCEM_predictions.csv
2026-04-24 17:02:48,030 | INFO | [OK] Best: Ridge, RMSE: 0.046560, MAPE: 10.50%
2026-04-24 17:02:48,034 | INFO | 
============================================================
2026-04-24 17:02:48,035 | INFO | Processing: MTNN
2026-04-24 17:02:48,036 | INFO | ============================================================
2026-04-24 17:02:48,037 | INFO | [1/6] Loading raw data...
2026-04-24 17:02:48,037 | INFO | [WAIT] Loading MTNN
2026-04-24 17:02:48,149 | INFO | [OK] Loaded 1545 rows
2026-04-24 17:02:48,149 | INFO |    Loaded 1545 rows, columns: ['Date', 'Price', 'Open', 'High', 'Low', 'Volume']
2026-04-24 17:02:48,149 | INFO | [2/6] Engineering features...
2026-04-24 17:02:48,212 | INFO |    Created 1291 rows with 48 features
2026-04-24 17:02:48,212 | INFO | [3/6] Saving processed data...
2026-04-24 17:02:48,314 | INFO |    Saved: C:\Users\DREAMUSER\Documents\NSE Volatility Project\NSE_Volatility_Project\data\processed\MTNN_features.csv
2026-04-24 17:02:48,314 | INFO | [4/6] Preparing ML dataset...
2026-04-24 17:02:48,319 | INFO | [5/6] Training ML models...
2026-04-24 17:02:49,356 | INFO |    Random Forest: RMSE=0.045698
2026-04-24 17:02:49,382 | INFO |    Ridge: RMSE=0.032773
2026-04-24 17:02:50,259 | INFO |    XGBoost: RMSE=0.067620
2026-04-24 17:02:50,259 | INFO | [6/6] Evaluating and saving results...
2026-04-24 17:02:50,277 | INFO |    Saved comparison: C:\Users\DREAMUSER\Documents\NSE Volatility Project\NSE_Volatility_Project\results\tables\MTNN_model_comparison.csv
2026-04-24 17:02:50,292 | INFO |    Saved predictions: C:\Users\DREAMUSER\Documents\NSE Volatility Project\NSE_Volatility_Project\results\forecasts\MTNN_predictions.csv
2026-04-24 17:02:50,293 | INFO | [OK] Best: Ridge, RMSE: 0.032773, MAPE: 8.98%
2026-04-24 17:02:50,296 | INFO | 
============================================================
2026-04-24 17:02:50,297 | INFO | Processing: GTCO
2026-04-24 17:02:50,298 | INFO | ============================================================
2026-04-24 17:02:50,298 | INFO | [1/6] Loading raw data...
2026-04-24 17:02:50,299 | INFO | [WAIT] Loading GTCO
2026-04-24 17:02:50,429 | INFO | [OK] Loaded 1541 rows
2026-04-24 17:02:50,429 | INFO |    Loaded 1541 rows, columns: ['Date', 'Price', 'Open', 'High', 'Low', 'Volume']
2026-04-24 17:02:50,429 | INFO | [2/6] Engineering features...
2026-04-24 17:02:50,492 | INFO |    Created 1288 rows with 48 features
2026-04-24 17:02:50,492 | INFO | [3/6] Saving processed data...
2026-04-24 17:02:50,602 | INFO |    Saved: C:\Users\DREAMUSER\Documents\NSE Volatility Project\NSE_Volatility_Project\data\processed\GTCO_features.csv
2026-04-24 17:02:50,602 | INFO | [4/6] Preparing ML dataset...
2026-04-24 17:02:50,607 | INFO | [5/6] Training ML models...
2026-04-24 17:02:51,827 | INFO |    Random Forest: RMSE=0.048008
2026-04-24 17:02:51,839 | INFO |    Ridge: RMSE=0.031620
2026-04-24 17:02:52,694 | INFO |    XGBoost: RMSE=0.057286
2026-04-24 17:02:52,695 | INFO | [6/6] Evaluating and saving results...
2026-04-24 17:02:52,711 | INFO |    Saved comparison: C:\Users\DREAMUSER\Documents\NSE Volatility Project\NSE_Volatility_Project\results\tables\GTCO_model_comparison.csv
2026-04-24 17:02:52,723 | INFO |    Saved predictions: C:\Users\DREAMUSER\Documents\NSE Volatility Project\NSE_Volatility_Project\results\forecasts\GTCO_predictions.csv
2026-04-24 17:02:52,724 | INFO | [OK] Best: Ridge, RMSE: 0.031620, MAPE: 5.40%
2026-04-24 17:02:52,728 | INFO | 
============================================================
2026-04-24 17:02:52,728 | INFO | Processing: SEPLAT
2026-04-24 17:02:52,729 | INFO | ============================================================
2026-04-24 17:02:52,732 | INFO | [1/6] Loading raw data...
2026-04-24 17:02:52,733 | INFO | [WAIT] Loading SEPLAT
2026-04-24 17:02:52,863 | INFO | [OK] Loaded 591 rows
2026-04-24 17:02:52,864 | INFO |    Loaded 591 rows, columns: ['Date', 'Price', 'Open', 'High', 'Low', 'Volume']
2026-04-24 17:02:52,864 | INFO | [2/6] Engineering features...
2026-04-24 17:02:52,923 | INFO |    Created 263 rows with 48 features
2026-04-24 17:02:52,923 | INFO | [3/6] Saving processed data...
2026-04-24 17:02:52,945 | INFO |    Saved: C:\Users\DREAMUSER\Documents\NSE Volatility Project\NSE_Volatility_Project\data\processed\SEPLAT_features.csv
2026-04-24 17:02:52,945 | INFO | [4/6] Preparing ML dataset...
2026-04-24 17:02:52,951 | INFO | [5/6] Training ML models...
2026-04-24 17:02:53,302 | INFO |    Random Forest: RMSE=0.064249
2026-04-24 17:02:53,311 | INFO |    Ridge: RMSE=0.057246
2026-04-24 17:02:53,493 | INFO |    XGBoost: RMSE=0.073792
2026-04-24 17:02:53,493 | INFO | [6/6] Evaluating and saving results...
2026-04-24 17:02:53,511 | INFO |    Saved comparison: C:\Users\DREAMUSER\Documents\NSE Volatility Project\NSE_Volatility_Project\results\tables\SEPLAT_model_comparison.csv
2026-04-24 17:02:53,521 | INFO |    Saved predictions: C:\Users\DREAMUSER\Documents\NSE Volatility Project\NSE_Volatility_Project\results\forecasts\SEPLAT_predictions.csv
2026-04-24 17:02:53,522 | INFO | [OK] Best: Ridge, RMSE: 0.057246, MAPE: 17.92%
2026-04-24 17:02:53,524 | INFO | 
============================================================
2026-04-24 17:02:53,524 | INFO | Processing: AIRTEL
2026-04-24 17:02:53,524 | INFO | ============================================================
2026-04-24 17:02:53,525 | INFO | [1/6] Loading raw data...
2026-04-24 17:02:53,525 | INFO | [WAIT] Loading AIRTEL
2026-04-24 17:02:53,677 | INFO | [OK] Loaded 482 rows
2026-04-24 17:02:53,678 | INFO |    Loaded 482 rows, columns: ['Date', 'Price', 'Open', 'High', 'Low', 'Volume']
2026-04-24 17:02:53,678 | INFO | [2/6] Engineering features...
2026-04-24 17:02:53,751 | INFO |    Created 102 rows with 48 features
2026-04-24 17:02:53,751 | INFO | [3/6] Saving processed data...
2026-04-24 17:02:53,761 | INFO |    Saved: C:\Users\DREAMUSER\Documents\NSE Volatility Project\NSE_Volatility_Project\data\processed\AIRTEL_features.csv
2026-04-24 17:02:53,762 | INFO | [4/6] Preparing ML dataset...
2026-04-24 17:02:53,771 | INFO | [5/6] Training ML models...
2026-04-24 17:02:54,135 | INFO |    Random Forest: RMSE=0.084380
2026-04-24 17:02:54,148 | INFO |    Ridge: RMSE=0.081453
2026-04-24 17:02:54,236 | INFO |    XGBoost: RMSE=0.143251
2026-04-24 17:02:54,236 | INFO | [6/6] Evaluating and saving results...
2026-04-24 17:02:54,291 | INFO |    Saved comparison: C:\Users\DREAMUSER\Documents\NSE Volatility Project\NSE_Volatility_Project\results\tables\AIRTEL_model_comparison.csv
2026-04-24 17:02:54,346 | INFO |    Saved predictions: C:\Users\DREAMUSER\Documents\NSE Volatility Project\NSE_Volatility_Project\results\forecasts\AIRTEL_predictions.csv
2026-04-24 17:02:54,347 | INFO | [OK] Best: Ridge, RMSE: 0.081453, MAPE: 19.49%
2026-04-24 17:02:54,349 | INFO | 
============================================================
2026-04-24 17:02:54,350 | INFO | Processing: INTERBREW
2026-04-24 17:02:54,350 | INFO | ============================================================
2026-04-24 17:02:54,351 | INFO | [1/6] Loading raw data...
2026-04-24 17:02:54,352 | INFO | [WAIT] Loading INTERBREW
2026-04-24 17:02:54,450 | INFO | [OK] Loaded 1545 rows
2026-04-24 17:02:54,451 | INFO |    Loaded 1545 rows, columns: ['Date', 'Price', 'Open', 'High', 'Low', 'Volume']
2026-04-24 17:02:54,451 | INFO | [2/6] Engineering features...
2026-04-24 17:02:54,527 | INFO |    Created 1284 rows with 48 features
2026-04-24 17:02:54,527 | INFO | [3/6] Saving processed data...
2026-04-24 17:02:54,635 | INFO |    Saved: C:\Users\DREAMUSER\Documents\NSE Volatility Project\NSE_Volatility_Project\data\processed\INTERBREW_features.csv
2026-04-24 17:02:54,635 | INFO | [4/6] Preparing ML dataset...
2026-04-24 17:02:54,642 | INFO | [5/6] Training ML models...
2026-04-24 17:02:55,697 | INFO |    Random Forest: RMSE=0.047570
2026-04-24 17:02:55,706 | INFO |    Ridge: RMSE=0.172941
2026-04-24 17:02:56,603 | INFO |    XGBoost: RMSE=0.067720
2026-04-24 17:02:56,603 | INFO | [6/6] Evaluating and saving results...
2026-04-24 17:02:56,622 | INFO |    Saved comparison: C:\Users\DREAMUSER\Documents\NSE Volatility Project\NSE_Volatility_Project\results\tables\INTERBREW_model_comparison.csv
2026-04-24 17:02:56,636 | INFO |    Saved predictions: C:\Users\DREAMUSER\Documents\NSE Volatility Project\NSE_Volatility_Project\results\forecasts\INTERBREW_predictions.csv
2026-04-24 17:02:56,637 | INFO | [OK] Best: Random Forest, RMSE: 0.047570, MAPE: 9.33%
2026-04-24 17:02:56,641 | INFO | 
============================================================
2026-04-24 17:02:56,641 | INFO | Processing: FIRSTHOLDCO
2026-04-24 17:02:56,643 | INFO | ============================================================
2026-04-24 17:02:56,644 | INFO | [1/6] Loading raw data...
2026-04-24 17:02:56,645 | INFO | [WAIT] Loading FIRSTHOLDCO
2026-04-24 17:02:56,742 | INFO | [OK] Loaded 1544 rows
2026-04-24 17:02:56,742 | INFO |    Loaded 1544 rows, columns: ['Date', 'Price', 'Open', 'High', 'Low', 'Volume']
2026-04-24 17:02:56,743 | INFO | [2/6] Engineering features...
2026-04-24 17:02:56,808 | INFO |    Created 1291 rows with 48 features
2026-04-24 17:02:56,808 | INFO | [3/6] Saving processed data...
2026-04-24 17:02:56,965 | INFO |    Saved: C:\Users\DREAMUSER\Documents\NSE Volatility Project\NSE_Volatility_Project\data\processed\FIRSTHOLDCO_features.csv
2026-04-24 17:02:56,966 | INFO | [4/6] Preparing ML dataset...
2026-04-24 17:02:56,972 | INFO | [5/6] Training ML models...
2026-04-24 17:02:58,129 | INFO |    Random Forest: RMSE=0.041650
2026-04-24 17:02:58,136 | INFO |    Ridge: RMSE=0.037030
2026-04-24 17:02:59,012 | INFO |    XGBoost: RMSE=0.042574
2026-04-24 17:02:59,013 | INFO | [6/6] Evaluating and saving results...
2026-04-24 17:02:59,032 | INFO |    Saved comparison: C:\Users\DREAMUSER\Documents\NSE Volatility Project\NSE_Volatility_Project\results\tables\FIRSTHOLDCO_model_comparison.csv
2026-04-24 17:02:59,046 | INFO |    Saved predictions: C:\Users\DREAMUSER\Documents\NSE Volatility Project\NSE_Volatility_Project\results\forecasts\FIRSTHOLDCO_predictions.csv
2026-04-24 17:02:59,047 | INFO | [OK] Best: Ridge, RMSE: 0.037030, MAPE: 5.34%
2026-04-24 17:02:59,051 | INFO | 
============================================================
2026-04-24 17:02:59,052 | INFO | Processing: ETI
2026-04-24 17:02:59,052 | INFO | ============================================================
2026-04-24 17:02:59,053 | INFO | [1/6] Loading raw data...
2026-04-24 17:02:59,053 | INFO | [WAIT] Loading ETI
2026-04-24 17:02:59,170 | INFO | [OK] Loaded 1545 rows
2026-04-24 17:02:59,170 | INFO |    Loaded 1545 rows, columns: ['Date', 'Price', 'Open', 'High', 'Low', 'Volume']
2026-04-24 17:02:59,171 | INFO | [2/6] Engineering features...
2026-04-24 17:02:59,237 | INFO |    Created 1265 rows with 48 features
2026-04-24 17:02:59,237 | INFO | [3/6] Saving processed data...
2026-04-24 17:02:59,337 | INFO |    Saved: C:\Users\DREAMUSER\Documents\NSE Volatility Project\NSE_Volatility_Project\data\processed\ETI_features.csv
2026-04-24 17:02:59,337 | INFO | [4/6] Preparing ML dataset...
2026-04-24 17:02:59,343 | INFO | [5/6] Training ML models...
2026-04-24 17:03:00,423 | INFO |    Random Forest: RMSE=0.058852
2026-04-24 17:03:00,435 | INFO |    Ridge: RMSE=0.038381
2026-04-24 17:03:01,263 | INFO |    XGBoost: RMSE=0.086048
2026-04-24 17:03:01,264 | INFO | [6/6] Evaluating and saving results...
2026-04-24 17:03:01,280 | INFO |    Saved comparison: C:\Users\DREAMUSER\Documents\NSE Volatility Project\NSE_Volatility_Project\results\tables\ETI_model_comparison.csv
2026-04-24 17:03:01,299 | INFO |    Saved predictions: C:\Users\DREAMUSER\Documents\NSE Volatility Project\NSE_Volatility_Project\results\forecasts\ETI_predictions.csv
2026-04-24 17:03:01,300 | INFO | [OK] Best: Ridge, RMSE: 0.038381, MAPE: 4.96%
2026-04-24 17:03:01,303 | INFO | 
============================================================
2026-04-24 17:03:01,304 | INFO | Processing: ZENITH
2026-04-24 17:03:01,304 | INFO | ============================================================
2026-04-24 17:03:01,305 | INFO | [1/6] Loading raw data...
2026-04-24 17:03:01,305 | INFO | [WAIT] Loading ZENITH
2026-04-24 17:03:01,411 | INFO | [OK] Loaded 1546 rows
2026-04-24 17:03:01,411 | INFO |    Loaded 1546 rows, columns: ['Date', 'Price', 'Open', 'High', 'Low', 'Volume']
2026-04-24 17:03:01,411 | INFO | [2/6] Engineering features...
2026-04-24 17:03:01,476 | INFO |    Created 1293 rows with 48 features
2026-04-24 17:03:01,477 | INFO | [3/6] Saving processed data...
2026-04-24 17:03:01,600 | INFO |    Saved: C:\Users\DREAMUSER\Documents\NSE Volatility Project\NSE_Volatility_Project\data\processed\ZENITH_features.csv
2026-04-24 17:03:01,600 | INFO | [4/6] Preparing ML dataset...
2026-04-24 17:03:01,607 | INFO | [5/6] Training ML models...
2026-04-24 17:03:02,781 | INFO |    Random Forest: RMSE=0.175268
2026-04-24 17:03:02,795 | INFO |    Ridge: RMSE=0.043403
2026-04-24 17:03:03,612 | INFO |    XGBoost: RMSE=0.175469
2026-04-24 17:03:03,612 | INFO | [6/6] Evaluating and saving results...
2026-04-24 17:03:03,631 | INFO |    Saved comparison: C:\Users\DREAMUSER\Documents\NSE Volatility Project\NSE_Volatility_Project\results\tables\ZENITH_model_comparison.csv
2026-04-24 17:03:03,644 | INFO |    Saved predictions: C:\Users\DREAMUSER\Documents\NSE Volatility Project\NSE_Volatility_Project\results\forecasts\ZENITH_predictions.csv
2026-04-24 17:03:03,645 | INFO | [OK] Best: Ridge, RMSE: 0.043403, MAPE: 5.28%
2026-04-24 17:03:03,649 | INFO | 
============================================================
2026-04-24 17:03:03,649 | INFO | Processing: CWG
2026-04-24 17:03:03,649 | INFO | ============================================================
2026-04-24 17:03:03,650 | INFO | [1/6] Loading raw data...
2026-04-24 17:03:03,650 | INFO | [WAIT] Loading CWG
2026-04-24 17:03:03,759 | INFO | [OK] Loaded 1107 rows
2026-04-24 17:03:03,759 | INFO |    Loaded 1107 rows, columns: ['Date', 'Price', 'Open', 'High', 'Low', 'Volume']
2026-04-24 17:03:03,759 | INFO | [2/6] Engineering features...
2026-04-24 17:03:03,824 | INFO |    Created 802 rows with 48 features
2026-04-24 17:03:03,825 | INFO | [3/6] Saving processed data...
2026-04-24 17:03:03,899 | INFO |    Saved: C:\Users\DREAMUSER\Documents\NSE Volatility Project\NSE_Volatility_Project\data\processed\CWG_features.csv
2026-04-24 17:03:03,899 | INFO | [4/6] Preparing ML dataset...
2026-04-24 17:03:03,905 | INFO | [5/6] Training ML models...
2026-04-24 17:03:04,700 | INFO |    Random Forest: RMSE=0.057616
2026-04-24 17:03:04,709 | INFO |    Ridge: RMSE=0.052976
2026-04-24 17:03:05,385 | INFO |    XGBoost: RMSE=0.062399
2026-04-24 17:03:05,385 | INFO | [6/6] Evaluating and saving results...
2026-04-24 17:03:05,404 | INFO |    Saved comparison: C:\Users\DREAMUSER\Documents\NSE Volatility Project\NSE_Volatility_Project\results\tables\CWG_model_comparison.csv
2026-04-24 17:03:05,414 | INFO |    Saved predictions: C:\Users\DREAMUSER\Documents\NSE Volatility Project\NSE_Volatility_Project\results\forecasts\CWG_predictions.csv
2026-04-24 17:03:05,416 | INFO | [OK] Best: Ridge, RMSE: 0.052976, MAPE: 7.08%
2026-04-24 17:03:05,421 | INFO | 
============================================================
2026-04-24 17:03:05,424 | INFO | Processing: NESTLE
2026-04-24 17:03:05,427 | INFO | ============================================================
2026-04-24 17:03:05,427 | INFO | [1/6] Loading raw data...
2026-04-24 17:03:05,428 | INFO | [WAIT] Loading NESTLE
2026-04-24 17:03:05,553 | INFO | [OK] Loaded 346 rows
2026-04-24 17:03:05,553 | INFO |    Loaded 346 rows, columns: ['Date', 'Price', 'Open', 'High', 'Low', 'Volume']
2026-04-24 17:03:05,553 | INFO | [2/6] Engineering features...
2026-04-24 17:03:05,628 | INFO |    Created 55 rows with 48 features
2026-04-24 17:03:05,628 | INFO | [3/6] Saving processed data...
2026-04-24 17:03:05,637 | INFO |    Saved: C:\Users\DREAMUSER\Documents\NSE Volatility Project\NSE_Volatility_Project\data\processed\NESTLE_features.csv
2026-04-24 17:03:05,637 | INFO | [4/6] Preparing ML dataset...
2026-04-24 17:03:05,645 | INFO | [5/6] Training ML models...
2026-04-24 17:03:06,145 | INFO |    Random Forest: RMSE=0.130896
2026-04-24 17:03:06,157 | INFO |    Ridge: RMSE=0.239850
2026-04-24 17:03:06,228 | INFO |    XGBoost: RMSE=0.079147
2026-04-24 17:03:06,228 | INFO | [6/6] Evaluating and saving results...
2026-04-24 17:03:06,245 | INFO |    Saved comparison: C:\Users\DREAMUSER\Documents\NSE Volatility Project\NSE_Volatility_Project\results\tables\NESTLE_model_comparison.csv
2026-04-24 17:03:06,254 | INFO |    Saved predictions: C:\Users\DREAMUSER\Documents\NSE Volatility Project\NSE_Volatility_Project\results\forecasts\NESTLE_predictions.csv
2026-04-24 17:03:06,256 | INFO | [OK] Best: XGBoost, RMSE: 0.079147, MAPE: 11.72%
2026-04-24 17:03:06,257 | INFO | 
============================================================
2026-04-24 17:03:06,258 | INFO | Processing: NB
2026-04-24 17:03:06,258 | INFO | ============================================================
2026-04-24 17:03:06,258 | INFO | [1/6] Loading raw data...
2026-04-24 17:03:06,259 | INFO | [WAIT] Loading NB
2026-04-24 17:03:06,362 | INFO | [OK] Loaded 1545 rows
2026-04-24 17:03:06,362 | INFO |    Loaded 1545 rows, columns: ['Date', 'Price', 'Open', 'High', 'Low', 'Volume']
2026-04-24 17:03:06,362 | INFO | [2/6] Engineering features...
2026-04-24 17:03:06,433 | INFO |    Created 1281 rows with 48 features
2026-04-24 17:03:06,434 | INFO | [3/6] Saving processed data...
2026-04-24 17:03:06,561 | INFO |    Saved: C:\Users\DREAMUSER\Documents\NSE Volatility Project\NSE_Volatility_Project\data\processed\NB_features.csv
2026-04-24 17:03:06,561 | INFO | [4/6] Preparing ML dataset...
2026-04-24 17:03:06,567 | INFO | [5/6] Training ML models...
2026-04-24 17:03:07,699 | INFO |    Random Forest: RMSE=0.049829
2026-04-24 17:03:07,708 | INFO |    Ridge: RMSE=0.044192
2026-04-24 17:03:08,568 | INFO |    XGBoost: RMSE=0.062967
2026-04-24 17:03:08,568 | INFO | [6/6] Evaluating and saving results...
2026-04-24 17:03:08,587 | INFO |    Saved comparison: C:\Users\DREAMUSER\Documents\NSE Volatility Project\NSE_Volatility_Project\results\tables\NB_model_comparison.csv
2026-04-24 17:03:08,601 | INFO |    Saved predictions: C:\Users\DREAMUSER\Documents\NSE Volatility Project\NSE_Volatility_Project\results\forecasts\NB_predictions.csv
2026-04-24 17:03:08,602 | INFO | [OK] Best: Ridge, RMSE: 0.044192, MAPE: 6.76%
2026-04-24 17:03:08,605 | INFO | 
============================================================
2026-04-24 17:03:08,605 | INFO | Processing: ACCESS
2026-04-24 17:03:08,606 | INFO | ============================================================
2026-04-24 17:03:08,606 | INFO | [1/6] Loading raw data...
2026-04-24 17:03:08,607 | INFO | [WAIT] Loading ACCESS
2026-04-24 17:03:08,699 | INFO | [OK] Loaded 988 rows
2026-04-24 17:03:08,700 | INFO |    Loaded 988 rows, columns: ['Date', 'Price', 'Open', 'High', 'Low', 'Volume']
2026-04-24 17:03:08,700 | INFO | [2/6] Engineering features...
2026-04-24 17:03:08,758 | INFO |    Created 735 rows with 48 features
2026-04-24 17:03:08,758 | INFO | [3/6] Saving processed data...
2026-04-24 17:03:08,835 | INFO |    Saved: C:\Users\DREAMUSER\Documents\NSE Volatility Project\NSE_Volatility_Project\data\processed\ACCESS_features.csv
2026-04-24 17:03:08,835 | INFO | [4/6] Preparing ML dataset...
2026-04-24 17:03:08,843 | INFO | [5/6] Training ML models...
2026-04-24 17:03:09,650 | INFO |    Random Forest: RMSE=0.027996
2026-04-24 17:03:09,675 | INFO |    Ridge: RMSE=0.035829
2026-04-24 17:03:10,276 | INFO |    XGBoost: RMSE=0.032229
2026-04-24 17:03:10,276 | INFO | [6/6] Evaluating and saving results...
2026-04-24 17:03:10,300 | INFO |    Saved comparison: C:\Users\DREAMUSER\Documents\NSE Volatility Project\NSE_Volatility_Project\results\tables\ACCESS_model_comparison.csv
2026-04-24 17:03:10,312 | INFO |    Saved predictions: C:\Users\DREAMUSER\Documents\NSE Volatility Project\NSE_Volatility_Project\results\forecasts\ACCESS_predictions.csv
2026-04-24 17:03:10,313 | INFO | [OK] Best: Random Forest, RMSE: 0.027996, MAPE: 7.59%
2026-04-24 17:03:10,319 | INFO | 
============================================================
2026-04-24 17:03:10,320 | INFO | Processing: WAPCO
2026-04-24 17:03:10,320 | INFO | ============================================================
2026-04-24 17:03:10,320 | INFO | [1/6] Loading raw data...
2026-04-24 17:03:10,322 | INFO | [WAIT] Loading WAPCO
2026-04-24 17:03:10,435 | INFO | [OK] Loaded 1545 rows
2026-04-24 17:03:10,435 | INFO |    Loaded 1545 rows, columns: ['Date', 'Price', 'Open', 'High', 'Low', 'Volume']
2026-04-24 17:03:10,436 | INFO | [2/6] Engineering features...
2026-04-24 17:03:10,525 | INFO |    Created 1291 rows with 48 features
2026-04-24 17:03:10,525 | INFO | [3/6] Saving processed data...
2026-04-24 17:03:10,654 | INFO |    Saved: C:\Users\DREAMUSER\Documents\NSE Volatility Project\NSE_Volatility_Project\data\processed\WAPCO_features.csv
2026-04-24 17:03:10,655 | INFO | [4/6] Preparing ML dataset...
2026-04-24 17:03:10,662 | INFO | [5/6] Training ML models...
2026-04-24 17:03:11,862 | INFO |    Random Forest: RMSE=0.053615
2026-04-24 17:03:11,872 | INFO |    Ridge: RMSE=0.057434
2026-04-24 17:03:12,811 | INFO |    XGBoost: RMSE=0.061681
2026-04-24 17:03:12,811 | INFO | [6/6] Evaluating and saving results...
2026-04-24 17:03:12,829 | INFO |    Saved comparison: C:\Users\DREAMUSER\Documents\NSE Volatility Project\NSE_Volatility_Project\results\tables\WAPCO_model_comparison.csv
2026-04-24 17:03:12,843 | INFO |    Saved predictions: C:\Users\DREAMUSER\Documents\NSE Volatility Project\NSE_Volatility_Project\results\forecasts\WAPCO_predictions.csv
2026-04-24 17:03:12,844 | INFO | [OK] Best: Random Forest, RMSE: 0.053615, MAPE: 8.21%
2026-04-24 17:03:12,859 | INFO | 
[OK] Reports saved to C:\Users\DREAMUSER\Documents\NSE Volatility Project\NSE_Volatility_Project\results\tables
2026-04-24 17:03:12,860 | INFO | 
======================================================================
2026-04-24 17:03:12,860 | INFO | PIPELINE COMPLETE
2026-04-24 17:03:12,861 | INFO | Success: 14/14 stocks
2026-04-24 17:03:12,861 | INFO | Time: 0.4 minutes
2026-04-24 17:03:12,861 | INFO | ======================================================================
2026-04-24 17:03:12,862 | INFO | Dashboard-compatible files created:
2026-04-24 17:03:12,862 | INFO |    - data/processed/{stock}_features.csv
2026-04-24 17:03:12,862 | INFO |    - results/tables/{stock}_model_comparison.csv
2026-04-24 17:03:12,862 | INFO |    - results/forecasts/{stock}_predictions.csv
2026-04-24 17:03:12,863 | INFO | 
Run: streamlit run app.py
2026-04-24 17:03:12,863 | INFO | ======================================================================
2026-04-24 17:43:03,137 | INFO | 
======================================================================
2026-04-24 17:43:03,138 | INFO | NSE STOCK VOLATILITY PREDICTION PIPELINE
2026-04-24 17:43:03,138 | INFO | Started: 2026-04-24 17:43:03
2026-04-24 17:43:03,139 | INFO | ======================================================================
2026-04-24 17:43:03,142 | INFO | [OK] Found 14 stocks to process
2026-04-24 17:43:03,143 | INFO | 
============================================================
2026-04-24 17:43:03,144 | INFO | Processing: DANGCEM
2026-04-24 17:43:03,144 | INFO | ============================================================
2026-04-24 17:43:03,145 | INFO | [1/6] Loading raw data...
2026-04-24 17:43:03,147 | INFO | [WAIT] Loading DANGCEM
2026-04-24 17:43:03,480 | INFO | [OK] Loaded 1545 rows
2026-04-24 17:43:03,481 | INFO |    Loaded 1545 rows, columns: ['Date', 'Price', 'Open', 'High', 'Low', 'Volume']
2026-04-24 17:43:03,481 | INFO | [2/6] Engineering features...
2026-04-24 17:43:03,603 | INFO |    Created 954 rows with 48 features
2026-04-24 17:43:03,603 | INFO | [3/6] Saving processed data...
2026-04-24 17:43:03,741 | INFO |    Saved: C:\Users\DREAMUSER\Documents\NSE Volatility Project\NSE_Volatility_Project\data\processed\DANGCEM_features.csv
2026-04-24 17:43:03,741 | INFO | [4/6] Preparing ML dataset...
2026-04-24 17:43:03,750 | INFO | [5/6] Training ML models...
2026-04-24 17:43:04,736 | INFO |    Random Forest: RMSE=0.055483
2026-04-24 17:43:04,775 | INFO |    Ridge: RMSE=0.046560
2026-04-24 17:43:05,673 | INFO |    XGBoost: RMSE=0.088683
2026-04-24 17:43:05,673 | INFO | [6/6] Evaluating and saving results...
2026-04-24 17:43:05,693 | INFO |    Saved comparison: C:\Users\DREAMUSER\Documents\NSE Volatility Project\NSE_Volatility_Project\results\tables\DANGCEM_model_comparison.csv
2026-04-24 17:43:05,707 | INFO |    Saved predictions: C:\Users\DREAMUSER\Documents\NSE Volatility Project\NSE_Volatility_Project\results\forecasts\DANGCEM_predictions.csv
2026-04-24 17:43:05,711 | INFO | [OK] Best: Ridge, RMSE: 0.046560, MAPE: 10.50%
2026-04-24 17:43:05,714 | INFO | 
============================================================
2026-04-24 17:43:05,715 | INFO | Processing: MTNN
2026-04-24 17:43:05,716 | INFO | ============================================================
2026-04-24 17:43:05,716 | INFO | [1/6] Loading raw data...
2026-04-24 17:43:05,717 | INFO | [WAIT] Loading MTNN
2026-04-24 17:43:05,834 | INFO | [OK] Loaded 1545 rows
2026-04-24 17:43:05,834 | INFO |    Loaded 1545 rows, columns: ['Date', 'Price', 'Open', 'High', 'Low', 'Volume']
2026-04-24 17:43:05,835 | INFO | [2/6] Engineering features...
2026-04-24 17:43:05,914 | INFO |    Created 1291 rows with 48 features
2026-04-24 17:43:05,915 | INFO | [3/6] Saving processed data...
2026-04-24 17:43:06,062 | INFO |    Saved: C:\Users\DREAMUSER\Documents\NSE Volatility Project\NSE_Volatility_Project\data\processed\MTNN_features.csv
2026-04-24 17:43:06,062 | INFO | [4/6] Preparing ML dataset...
2026-04-24 17:43:06,069 | INFO | [5/6] Training ML models...
2026-04-24 17:43:07,441 | INFO |    Random Forest: RMSE=0.045698
2026-04-24 17:43:07,467 | INFO |    Ridge: RMSE=0.032773
2026-04-24 17:43:08,510 | INFO |    XGBoost: RMSE=0.067620
2026-04-24 17:43:08,510 | INFO | [6/6] Evaluating and saving results...
2026-04-24 17:43:08,530 | INFO |    Saved comparison: C:\Users\DREAMUSER\Documents\NSE Volatility Project\NSE_Volatility_Project\results\tables\MTNN_model_comparison.csv
2026-04-24 17:43:08,544 | INFO |    Saved predictions: C:\Users\DREAMUSER\Documents\NSE Volatility Project\NSE_Volatility_Project\results\forecasts\MTNN_predictions.csv
2026-04-24 17:43:08,546 | INFO | [OK] Best: Ridge, RMSE: 0.032773, MAPE: 8.98%
2026-04-24 17:43:08,549 | INFO | 
============================================================
2026-04-24 17:43:08,549 | INFO | Processing: GTCO
2026-04-24 17:43:08,549 | INFO | ============================================================
2026-04-24 17:43:08,550 | INFO | [1/6] Loading raw data...
2026-04-24 17:43:08,550 | INFO | [WAIT] Loading GTCO
2026-04-24 17:43:08,664 | INFO | [OK] Loaded 1541 rows
2026-04-24 17:43:08,664 | INFO |    Loaded 1541 rows, columns: ['Date', 'Price', 'Open', 'High', 'Low', 'Volume']
2026-04-24 17:43:08,665 | INFO | [2/6] Engineering features...
2026-04-24 17:43:08,739 | INFO |    Created 1288 rows with 48 features
2026-04-24 17:43:08,740 | INFO | [3/6] Saving processed data...
2026-04-24 17:43:08,889 | INFO |    Saved: C:\Users\DREAMUSER\Documents\NSE Volatility Project\NSE_Volatility_Project\data\processed\GTCO_features.csv
2026-04-24 17:43:08,890 | INFO | [4/6] Preparing ML dataset...
2026-04-24 17:43:08,898 | INFO | [5/6] Training ML models...
2026-04-24 17:43:10,015 | INFO |    Random Forest: RMSE=0.048008
2026-04-24 17:43:10,029 | INFO |    Ridge: RMSE=0.031620
2026-04-24 17:43:10,950 | INFO |    XGBoost: RMSE=0.057286
2026-04-24 17:43:10,951 | INFO | [6/6] Evaluating and saving results...
2026-04-24 17:43:10,971 | INFO |    Saved comparison: C:\Users\DREAMUSER\Documents\NSE Volatility Project\NSE_Volatility_Project\results\tables\GTCO_model_comparison.csv
2026-04-24 17:43:10,986 | INFO |    Saved predictions: C:\Users\DREAMUSER\Documents\NSE Volatility Project\NSE_Volatility_Project\results\forecasts\GTCO_predictions.csv
2026-04-24 17:43:10,988 | INFO | [OK] Best: Ridge, RMSE: 0.031620, MAPE: 5.40%
2026-04-24 17:43:10,994 | INFO | 
============================================================
2026-04-24 17:43:10,994 | INFO | Processing: SEPLAT
2026-04-24 17:43:10,994 | INFO | ============================================================
2026-04-24 17:43:10,995 | INFO | [1/6] Loading raw data...
2026-04-24 17:43:10,995 | INFO | [WAIT] Loading SEPLAT
2026-04-24 17:43:11,208 | INFO | [OK] Loaded 591 rows
2026-04-24 17:43:11,208 | INFO |    Loaded 591 rows, columns: ['Date', 'Price', 'Open', 'High', 'Low', 'Volume']
2026-04-24 17:43:11,209 | INFO | [2/6] Engineering features...
2026-04-24 17:43:11,315 | INFO |    Created 263 rows with 48 features
2026-04-24 17:43:11,316 | INFO | [3/6] Saving processed data...
2026-04-24 17:43:11,351 | INFO |    Saved: C:\Users\DREAMUSER\Documents\NSE Volatility Project\NSE_Volatility_Project\data\processed\SEPLAT_features.csv
2026-04-24 17:43:11,352 | INFO | [4/6] Preparing ML dataset...
2026-04-24 17:43:11,361 | INFO | [5/6] Training ML models...
2026-04-24 17:43:11,800 | INFO |    Random Forest: RMSE=0.064249
2026-04-24 17:43:11,818 | INFO |    Ridge: RMSE=0.057246
2026-04-24 17:43:12,006 | INFO |    XGBoost: RMSE=0.073792
2026-04-24 17:43:12,006 | INFO | [6/6] Evaluating and saving results...
2026-04-24 17:43:12,024 | INFO |    Saved comparison: C:\Users\DREAMUSER\Documents\NSE Volatility Project\NSE_Volatility_Project\results\tables\SEPLAT_model_comparison.csv
2026-04-24 17:43:12,034 | INFO |    Saved predictions: C:\Users\DREAMUSER\Documents\NSE Volatility Project\NSE_Volatility_Project\results\forecasts\SEPLAT_predictions.csv
2026-04-24 17:43:12,036 | INFO | [OK] Best: Ridge, RMSE: 0.057246, MAPE: 17.92%
2026-04-24 17:43:12,038 | INFO | 
============================================================
2026-04-24 17:43:12,038 | INFO | Processing: AIRTEL
2026-04-24 17:43:12,039 | INFO | ============================================================
2026-04-24 17:43:12,039 | INFO | [1/6] Loading raw data...
2026-04-24 17:43:12,041 | INFO | [WAIT] Loading AIRTEL
2026-04-24 17:43:12,175 | INFO | [OK] Loaded 482 rows
2026-04-24 17:43:12,176 | INFO |    Loaded 482 rows, columns: ['Date', 'Price', 'Open', 'High', 'Low', 'Volume']
2026-04-24 17:43:12,176 | INFO | [2/6] Engineering features...
2026-04-24 17:43:12,292 | INFO |    Created 102 rows with 48 features
2026-04-24 17:43:12,292 | INFO | [3/6] Saving processed data...
2026-04-24 17:43:12,306 | INFO |    Saved: C:\Users\DREAMUSER\Documents\NSE Volatility Project\NSE_Volatility_Project\data\processed\AIRTEL_features.csv
2026-04-24 17:43:12,308 | INFO | [4/6] Preparing ML dataset...
2026-04-24 17:43:12,317 | INFO | [5/6] Training ML models...
2026-04-24 17:43:12,912 | INFO |    Random Forest: RMSE=0.084380
2026-04-24 17:43:12,947 | INFO |    Ridge: RMSE=0.081453
2026-04-24 17:43:13,135 | INFO |    XGBoost: RMSE=0.143251
2026-04-24 17:43:13,139 | INFO | [6/6] Evaluating and saving results...
2026-04-24 17:43:13,180 | INFO |    Saved comparison: C:\Users\DREAMUSER\Documents\NSE Volatility Project\NSE_Volatility_Project\results\tables\AIRTEL_model_comparison.csv
2026-04-24 17:43:13,198 | INFO |    Saved predictions: C:\Users\DREAMUSER\Documents\NSE Volatility Project\NSE_Volatility_Project\results\forecasts\AIRTEL_predictions.csv
2026-04-24 17:43:13,200 | INFO | [OK] Best: Ridge, RMSE: 0.081453, MAPE: 19.49%
2026-04-24 17:43:13,201 | INFO | 
============================================================
2026-04-24 17:43:13,202 | INFO | Processing: INTERBREW
2026-04-24 17:43:13,202 | INFO | ============================================================
2026-04-24 17:43:13,202 | INFO | [1/6] Loading raw data...
2026-04-24 17:43:13,203 | INFO | [WAIT] Loading INTERBREW
2026-04-24 17:43:13,354 | INFO | [OK] Loaded 1545 rows
2026-04-24 17:43:13,354 | INFO |    Loaded 1545 rows, columns: ['Date', 'Price', 'Open', 'High', 'Low', 'Volume']
2026-04-24 17:43:13,355 | INFO | [2/6] Engineering features...
2026-04-24 17:43:13,464 | INFO |    Created 1284 rows with 48 features
2026-04-24 17:43:13,464 | INFO | [3/6] Saving processed data...
2026-04-24 17:43:13,642 | INFO |    Saved: C:\Users\DREAMUSER\Documents\NSE Volatility Project\NSE_Volatility_Project\data\processed\INTERBREW_features.csv
2026-04-24 17:43:13,643 | INFO | [4/6] Preparing ML dataset...
2026-04-24 17:43:13,653 | INFO | [5/6] Training ML models...
2026-04-24 17:43:14,826 | INFO |    Random Forest: RMSE=0.047570
2026-04-24 17:43:14,835 | INFO |    Ridge: RMSE=0.172941
2026-04-24 17:43:15,811 | INFO |    XGBoost: RMSE=0.067720
2026-04-24 17:43:15,811 | INFO | [6/6] Evaluating and saving results...
2026-04-24 17:43:15,833 | INFO |    Saved comparison: C:\Users\DREAMUSER\Documents\NSE Volatility Project\NSE_Volatility_Project\results\tables\INTERBREW_model_comparison.csv
2026-04-24 17:43:15,849 | INFO |    Saved predictions: C:\Users\DREAMUSER\Documents\NSE Volatility Project\NSE_Volatility_Project\results\forecasts\INTERBREW_predictions.csv
2026-04-24 17:43:15,851 | INFO | [OK] Best: Random Forest, RMSE: 0.047570, MAPE: 9.33%
2026-04-24 17:43:15,857 | INFO | 
============================================================
2026-04-24 17:43:15,857 | INFO | Processing: FIRSTHOLDCO
2026-04-24 17:43:15,857 | INFO | ============================================================
2026-04-24 17:43:15,858 | INFO | [1/6] Loading raw data...
2026-04-24 17:43:15,859 | INFO | [WAIT] Loading FIRSTHOLDCO
2026-04-24 17:43:16,036 | INFO | [OK] Loaded 1544 rows
2026-04-24 17:43:16,037 | INFO |    Loaded 1544 rows, columns: ['Date', 'Price', 'Open', 'High', 'Low', 'Volume']
2026-04-24 17:43:16,037 | INFO | [2/6] Engineering features...
2026-04-24 17:43:16,162 | INFO |    Created 1291 rows with 48 features
2026-04-24 17:43:16,162 | INFO | [3/6] Saving processed data...
2026-04-24 17:43:16,364 | INFO |    Saved: C:\Users\DREAMUSER\Documents\NSE Volatility Project\NSE_Volatility_Project\data\processed\FIRSTHOLDCO_features.csv
2026-04-24 17:43:16,365 | INFO | [4/6] Preparing ML dataset...
2026-04-24 17:43:16,375 | INFO | [5/6] Training ML models...
2026-04-24 17:43:17,559 | INFO |    Random Forest: RMSE=0.041650
2026-04-24 17:43:17,569 | INFO |    Ridge: RMSE=0.037030
2026-04-24 17:43:18,646 | INFO |    XGBoost: RMSE=0.042574
2026-04-24 17:43:18,646 | INFO | [6/6] Evaluating and saving results...
2026-04-24 17:43:18,662 | INFO |    Saved comparison: C:\Users\DREAMUSER\Documents\NSE Volatility Project\NSE_Volatility_Project\results\tables\FIRSTHOLDCO_model_comparison.csv
2026-04-24 17:43:18,681 | INFO |    Saved predictions: C:\Users\DREAMUSER\Documents\NSE Volatility Project\NSE_Volatility_Project\results\forecasts\FIRSTHOLDCO_predictions.csv
2026-04-24 17:43:18,683 | INFO | [OK] Best: Ridge, RMSE: 0.037030, MAPE: 5.34%
2026-04-24 17:43:18,690 | INFO | 
============================================================
2026-04-24 17:43:18,690 | INFO | Processing: ETI
2026-04-24 17:43:18,691 | INFO | ============================================================
2026-04-24 17:43:18,691 | INFO | [1/6] Loading raw data...
2026-04-24 17:43:18,692 | INFO | [WAIT] Loading ETI
2026-04-24 17:43:18,842 | INFO | [OK] Loaded 1545 rows
2026-04-24 17:43:18,843 | INFO |    Loaded 1545 rows, columns: ['Date', 'Price', 'Open', 'High', 'Low', 'Volume']
2026-04-24 17:43:18,843 | INFO | [2/6] Engineering features...
2026-04-24 17:43:18,985 | INFO |    Created 1265 rows with 48 features
2026-04-24 17:43:18,985 | INFO | [3/6] Saving processed data...
2026-04-24 17:43:19,187 | INFO |    Saved: C:\Users\DREAMUSER\Documents\NSE Volatility Project\NSE_Volatility_Project\data\processed\ETI_features.csv
2026-04-24 17:43:19,188 | INFO | [4/6] Preparing ML dataset...
2026-04-24 17:43:19,199 | INFO | [5/6] Training ML models...
2026-04-24 17:43:20,380 | INFO |    Random Forest: RMSE=0.058852
2026-04-24 17:43:20,391 | INFO |    Ridge: RMSE=0.038381
2026-04-24 17:43:21,326 | INFO |    XGBoost: RMSE=0.086048
2026-04-24 17:43:21,327 | INFO | [6/6] Evaluating and saving results...
2026-04-24 17:43:21,340 | INFO |    Saved comparison: C:\Users\DREAMUSER\Documents\NSE Volatility Project\NSE_Volatility_Project\results\tables\ETI_model_comparison.csv
2026-04-24 17:43:21,357 | INFO |    Saved predictions: C:\Users\DREAMUSER\Documents\NSE Volatility Project\NSE_Volatility_Project\results\forecasts\ETI_predictions.csv
2026-04-24 17:43:21,359 | INFO | [OK] Best: Ridge, RMSE: 0.038381, MAPE: 4.96%
2026-04-24 17:43:21,361 | INFO | 
============================================================
2026-04-24 17:43:21,362 | INFO | Processing: ZENITH
2026-04-24 17:43:21,362 | INFO | ============================================================
2026-04-24 17:43:21,362 | INFO | [1/6] Loading raw data...
2026-04-24 17:43:21,364 | INFO | [WAIT] Loading ZENITH
2026-04-24 17:43:21,487 | INFO | [OK] Loaded 1546 rows
2026-04-24 17:43:21,488 | INFO |    Loaded 1546 rows, columns: ['Date', 'Price', 'Open', 'High', 'Low', 'Volume']
2026-04-24 17:43:21,488 | INFO | [2/6] Engineering features...
2026-04-24 17:43:21,611 | INFO |    Created 1293 rows with 48 features
2026-04-24 17:43:21,611 | INFO | [3/6] Saving processed data...
2026-04-24 17:43:21,805 | INFO |    Saved: C:\Users\DREAMUSER\Documents\NSE Volatility Project\NSE_Volatility_Project\data\processed\ZENITH_features.csv
2026-04-24 17:43:21,806 | INFO | [4/6] Preparing ML dataset...
2026-04-24 17:43:21,815 | INFO | [5/6] Training ML models...
2026-04-24 17:43:22,958 | INFO |    Random Forest: RMSE=0.175268
2026-04-24 17:43:22,967 | INFO |    Ridge: RMSE=0.043403
2026-04-24 17:43:23,732 | INFO |    XGBoost: RMSE=0.175469
2026-04-24 17:43:23,732 | INFO | [6/6] Evaluating and saving results...
2026-04-24 17:43:23,748 | INFO |    Saved comparison: C:\Users\DREAMUSER\Documents\NSE Volatility Project\NSE_Volatility_Project\results\tables\ZENITH_model_comparison.csv
2026-04-24 17:43:23,765 | INFO |    Saved predictions: C:\Users\DREAMUSER\Documents\NSE Volatility Project\NSE_Volatility_Project\results\forecasts\ZENITH_predictions.csv
2026-04-24 17:43:23,767 | INFO | [OK] Best: Ridge, RMSE: 0.043403, MAPE: 5.28%
2026-04-24 17:43:23,771 | INFO | 
============================================================
2026-04-24 17:43:23,772 | INFO | Processing: CWG
2026-04-24 17:43:23,772 | INFO | ============================================================
2026-04-24 17:43:23,773 | INFO | [1/6] Loading raw data...
2026-04-24 17:43:23,773 | INFO | [WAIT] Loading CWG
2026-04-24 17:43:23,879 | INFO | [OK] Loaded 1107 rows
2026-04-24 17:43:23,879 | INFO |    Loaded 1107 rows, columns: ['Date', 'Price', 'Open', 'High', 'Low', 'Volume']
2026-04-24 17:43:23,879 | INFO | [2/6] Engineering features...
2026-04-24 17:43:23,958 | INFO |    Created 802 rows with 48 features
2026-04-24 17:43:23,958 | INFO | [3/6] Saving processed data...
2026-04-24 17:43:24,139 | INFO |    Saved: C:\Users\DREAMUSER\Documents\NSE Volatility Project\NSE_Volatility_Project\data\processed\CWG_features.csv
2026-04-24 17:43:24,140 | INFO | [4/6] Preparing ML dataset...
2026-04-24 17:43:24,152 | INFO | [5/6] Training ML models...
2026-04-24 17:43:25,081 | INFO |    Random Forest: RMSE=0.057616
2026-04-24 17:43:25,096 | INFO |    Ridge: RMSE=0.052976
2026-04-24 17:43:25,808 | INFO |    XGBoost: RMSE=0.062399
2026-04-24 17:43:25,809 | INFO | [6/6] Evaluating and saving results...
2026-04-24 17:43:25,828 | INFO |    Saved comparison: C:\Users\DREAMUSER\Documents\NSE Volatility Project\NSE_Volatility_Project\results\tables\CWG_model_comparison.csv
2026-04-24 17:43:25,841 | INFO |    Saved predictions: C:\Users\DREAMUSER\Documents\NSE Volatility Project\NSE_Volatility_Project\results\forecasts\CWG_predictions.csv
2026-04-24 17:43:25,842 | INFO | [OK] Best: Ridge, RMSE: 0.052976, MAPE: 7.08%
2026-04-24 17:43:25,846 | INFO | 
============================================================
2026-04-24 17:43:25,847 | INFO | Processing: NESTLE
2026-04-24 17:43:25,848 | INFO | ============================================================
2026-04-24 17:43:25,848 | INFO | [1/6] Loading raw data...
2026-04-24 17:43:25,849 | INFO | [WAIT] Loading NESTLE
2026-04-24 17:43:25,993 | INFO | [OK] Loaded 346 rows
2026-04-24 17:43:25,994 | INFO |    Loaded 346 rows, columns: ['Date', 'Price', 'Open', 'High', 'Low', 'Volume']
2026-04-24 17:43:25,994 | INFO | [2/6] Engineering features...
2026-04-24 17:43:26,148 | INFO |    Created 55 rows with 48 features
2026-04-24 17:43:26,149 | INFO | [3/6] Saving processed data...
2026-04-24 17:43:26,167 | INFO |    Saved: C:\Users\DREAMUSER\Documents\NSE Volatility Project\NSE_Volatility_Project\data\processed\NESTLE_features.csv
2026-04-24 17:43:26,170 | INFO | [4/6] Preparing ML dataset...
2026-04-24 17:43:26,191 | INFO | [5/6] Training ML models...
2026-04-24 17:43:26,606 | INFO |    Random Forest: RMSE=0.130896
2026-04-24 17:43:26,614 | INFO |    Ridge: RMSE=0.239850
2026-04-24 17:43:26,698 | INFO |    XGBoost: RMSE=0.079147
2026-04-24 17:43:26,699 | INFO | [6/6] Evaluating and saving results...
2026-04-24 17:43:26,729 | INFO |    Saved comparison: C:\Users\DREAMUSER\Documents\NSE Volatility Project\NSE_Volatility_Project\results\tables\NESTLE_model_comparison.csv
2026-04-24 17:43:26,737 | INFO |    Saved predictions: C:\Users\DREAMUSER\Documents\NSE Volatility Project\NSE_Volatility_Project\results\forecasts\NESTLE_predictions.csv
2026-04-24 17:43:26,741 | INFO | [OK] Best: XGBoost, RMSE: 0.079147, MAPE: 11.72%
2026-04-24 17:43:26,742 | INFO | 
============================================================
2026-04-24 17:43:26,744 | INFO | Processing: NB
2026-04-24 17:43:26,745 | INFO | ============================================================
2026-04-24 17:43:26,746 | INFO | [1/6] Loading raw data...
2026-04-24 17:43:26,747 | INFO | [WAIT] Loading NB
2026-04-24 17:43:26,861 | INFO | [OK] Loaded 1545 rows
2026-04-24 17:43:26,862 | INFO |    Loaded 1545 rows, columns: ['Date', 'Price', 'Open', 'High', 'Low', 'Volume']
2026-04-24 17:43:26,862 | INFO | [2/6] Engineering features...
2026-04-24 17:43:26,968 | INFO |    Created 1281 rows with 48 features
2026-04-24 17:43:26,969 | INFO | [3/6] Saving processed data...
2026-04-24 17:43:27,080 | INFO |    Saved: C:\Users\DREAMUSER\Documents\NSE Volatility Project\NSE_Volatility_Project\data\processed\NB_features.csv
2026-04-24 17:43:27,080 | INFO | [4/6] Preparing ML dataset...
2026-04-24 17:43:27,085 | INFO | [5/6] Training ML models...
2026-04-24 17:43:28,125 | INFO |    Random Forest: RMSE=0.049829
2026-04-24 17:43:28,131 | INFO |    Ridge: RMSE=0.044192
2026-04-24 17:43:28,900 | INFO |    XGBoost: RMSE=0.062967
2026-04-24 17:43:28,901 | INFO | [6/6] Evaluating and saving results...
2026-04-24 17:43:28,919 | INFO |    Saved comparison: C:\Users\DREAMUSER\Documents\NSE Volatility Project\NSE_Volatility_Project\results\tables\NB_model_comparison.csv
2026-04-24 17:43:28,937 | INFO |    Saved predictions: C:\Users\DREAMUSER\Documents\NSE Volatility Project\NSE_Volatility_Project\results\forecasts\NB_predictions.csv
2026-04-24 17:43:28,938 | INFO | [OK] Best: Ridge, RMSE: 0.044192, MAPE: 6.76%
2026-04-24 17:43:28,941 | INFO | 
============================================================
2026-04-24 17:43:28,946 | INFO | Processing: ACCESS
2026-04-24 17:43:28,946 | INFO | ============================================================
2026-04-24 17:43:28,947 | INFO | [1/6] Loading raw data...
2026-04-24 17:43:28,947 | INFO | [WAIT] Loading ACCESS
2026-04-24 17:43:29,043 | INFO | [OK] Loaded 988 rows
2026-04-24 17:43:29,043 | INFO |    Loaded 988 rows, columns: ['Date', 'Price', 'Open', 'High', 'Low', 'Volume']
2026-04-24 17:43:29,043 | INFO | [2/6] Engineering features...
2026-04-24 17:43:29,151 | INFO |    Created 735 rows with 48 features
2026-04-24 17:43:29,152 | INFO | [3/6] Saving processed data...
2026-04-24 17:43:29,331 | INFO |    Saved: C:\Users\DREAMUSER\Documents\NSE Volatility Project\NSE_Volatility_Project\data\processed\ACCESS_features.csv
2026-04-24 17:43:29,332 | INFO | [4/6] Preparing ML dataset...
2026-04-24 17:43:29,340 | INFO | [5/6] Training ML models...
2026-04-24 17:43:30,185 | INFO |    Random Forest: RMSE=0.027996
2026-04-24 17:43:30,210 | INFO |    Ridge: RMSE=0.035829
2026-04-24 17:43:30,790 | INFO |    XGBoost: RMSE=0.032229
2026-04-24 17:43:30,790 | INFO | [6/6] Evaluating and saving results...
2026-04-24 17:43:30,810 | INFO |    Saved comparison: C:\Users\DREAMUSER\Documents\NSE Volatility Project\NSE_Volatility_Project\results\tables\ACCESS_model_comparison.csv
2026-04-24 17:43:30,824 | INFO |    Saved predictions: C:\Users\DREAMUSER\Documents\NSE Volatility Project\NSE_Volatility_Project\results\forecasts\ACCESS_predictions.csv
2026-04-24 17:43:30,826 | INFO | [OK] Best: Random Forest, RMSE: 0.027996, MAPE: 7.59%
2026-04-24 17:43:30,830 | INFO | 
============================================================
2026-04-24 17:43:30,831 | INFO | Processing: WAPCO
2026-04-24 17:43:30,831 | INFO | ============================================================
2026-04-24 17:43:30,832 | INFO | [1/6] Loading raw data...
2026-04-24 17:43:30,832 | INFO | [WAIT] Loading WAPCO
2026-04-24 17:43:31,027 | INFO | [OK] Loaded 1545 rows
2026-04-24 17:43:31,028 | INFO |    Loaded 1545 rows, columns: ['Date', 'Price', 'Open', 'High', 'Low', 'Volume']
2026-04-24 17:43:31,028 | INFO | [2/6] Engineering features...
2026-04-24 17:43:31,126 | INFO |    Created 1291 rows with 48 features
2026-04-24 17:43:31,127 | INFO | [3/6] Saving processed data...
2026-04-24 17:43:31,332 | INFO |    Saved: C:\Users\DREAMUSER\Documents\NSE Volatility Project\NSE_Volatility_Project\data\processed\WAPCO_features.csv
2026-04-24 17:43:31,332 | INFO | [4/6] Preparing ML dataset...
2026-04-24 17:43:31,341 | INFO | [5/6] Training ML models...
2026-04-24 17:43:32,505 | INFO |    Random Forest: RMSE=0.053615
2026-04-24 17:43:32,518 | INFO |    Ridge: RMSE=0.057434
2026-04-24 17:43:33,375 | INFO |    XGBoost: RMSE=0.061681
2026-04-24 17:43:33,376 | INFO | [6/6] Evaluating and saving results...
2026-04-24 17:43:33,395 | INFO |    Saved comparison: C:\Users\DREAMUSER\Documents\NSE Volatility Project\NSE_Volatility_Project\results\tables\WAPCO_model_comparison.csv
2026-04-24 17:43:33,410 | INFO |    Saved predictions: C:\Users\DREAMUSER\Documents\NSE Volatility Project\NSE_Volatility_Project\results\forecasts\WAPCO_predictions.csv
2026-04-24 17:43:33,412 | INFO | [OK] Best: Random Forest, RMSE: 0.053615, MAPE: 8.21%
2026-04-24 17:43:33,425 | INFO | 
[OK] Reports saved to C:\Users\DREAMUSER\Documents\NSE Volatility Project\NSE_Volatility_Project\results\tables
2026-04-24 17:43:33,426 | INFO | 
======================================================================
2026-04-24 17:43:33,426 | INFO | PIPELINE COMPLETE
2026-04-24 17:43:33,427 | INFO | Success: 14/14 stocks
2026-04-24 17:43:33,427 | INFO | Time: 0.5 minutes
2026-04-24 17:43:33,427 | INFO | ======================================================================
2026-04-24 17:43:33,428 | INFO | Dashboard-compatible files created:
2026-04-24 17:43:33,428 | INFO |    - data/processed/{stock}_features.csv
2026-04-24 17:43:33,428 | INFO |    - results/tables/{stock}_model_comparison.csv
2026-04-24 17:43:33,428 | INFO |    - results/forecasts/{stock}_predictions.csv
2026-04-24 17:43:33,428 | INFO | 
Run: streamlit run app.py
2026-04-24 17:43:33,429 | INFO | ======================================================================
2026-04-24 17:50:10,234 | INFO | 
======================================================================
2026-04-24 17:50:10,235 | INFO | NSE STOCK VOLATILITY PREDICTION PIPELINE
2026-04-24 17:50:10,236 | INFO | Started: 2026-04-24 17:50:10
2026-04-24 17:50:10,236 | INFO | ======================================================================
2026-04-24 17:50:10,238 | INFO | [OK] Found 14 stocks to process
2026-04-24 17:50:10,239 | INFO | 
============================================================
2026-04-24 17:50:10,239 | INFO | Processing: DANGCEM
2026-04-24 17:50:10,240 | INFO | ============================================================
2026-04-24 17:50:10,241 | INFO | [1/6] Loading raw data...
2026-04-24 17:50:10,242 | INFO | [WAIT] Loading DANGCEM
2026-04-24 17:50:10,494 | INFO | [OK] Loaded 1545 rows
2026-04-24 17:50:10,494 | INFO |    Loaded 1545 rows, columns: ['Date', 'Price', 'Open', 'High', 'Low', 'Volume']
2026-04-24 17:50:10,495 | INFO | [2/6] Engineering features...
2026-04-24 17:50:10,599 | INFO |    Created 954 rows with 48 features
2026-04-24 17:50:10,600 | INFO | [3/6] Saving processed data...
2026-04-24 17:50:10,723 | INFO |    Saved: C:\Users\DREAMUSER\Documents\NSE Volatility Project\NSE_Volatility_Project\data\processed\DANGCEM_features.csv
2026-04-24 17:50:10,724 | INFO | [4/6] Preparing ML dataset...
2026-04-24 17:50:10,731 | INFO | [5/6] Training ML models...
2026-04-24 17:50:11,625 | INFO |    Random Forest: RMSE=0.055483
2026-04-24 17:50:11,655 | INFO |    Ridge: RMSE=0.046560
2026-04-24 17:50:12,501 | INFO |    XGBoost: RMSE=0.088683
2026-04-24 17:50:12,502 | INFO | [6/6] Evaluating and saving results...
2026-04-24 17:50:12,636 | INFO |    Saved comparison: C:\Users\DREAMUSER\Documents\NSE Volatility Project\NSE_Volatility_Project\results\tables\DANGCEM_model_comparison.csv
2026-04-24 17:50:12,676 | INFO |    Saved predictions: C:\Users\DREAMUSER\Documents\NSE Volatility Project\NSE_Volatility_Project\results\forecasts\DANGCEM_predictions.csv
2026-04-24 17:50:12,686 | INFO | [OK] Best: Ridge, RMSE: 0.046560, MAPE: 10.50%
2026-04-24 17:50:12,689 | INFO | 
============================================================
2026-04-24 17:50:12,690 | INFO | Processing: MTNN
2026-04-24 17:50:12,691 | INFO | ============================================================
2026-04-24 17:50:12,691 | INFO | [1/6] Loading raw data...
2026-04-24 17:50:12,692 | INFO | [WAIT] Loading MTNN
2026-04-24 17:50:12,924 | INFO | [OK] Loaded 1545 rows
2026-04-24 17:50:12,930 | INFO |    Loaded 1545 rows, columns: ['Date', 'Price', 'Open', 'High', 'Low', 'Volume']
2026-04-24 17:50:12,938 | INFO | [2/6] Engineering features...
2026-04-24 17:50:13,112 | INFO |    Created 1291 rows with 48 features
2026-04-24 17:50:13,113 | INFO | [3/6] Saving processed data...
2026-04-24 17:50:13,333 | INFO |    Saved: C:\Users\DREAMUSER\Documents\NSE Volatility Project\NSE_Volatility_Project\data\processed\MTNN_features.csv
2026-04-24 17:50:13,334 | INFO | [4/6] Preparing ML dataset...
2026-04-24 17:50:13,342 | INFO | [5/6] Training ML models...
2026-04-24 17:50:14,528 | INFO |    Random Forest: RMSE=0.045698
2026-04-24 17:50:14,540 | INFO |    Ridge: RMSE=0.032773
2026-04-24 17:50:15,605 | INFO |    XGBoost: RMSE=0.067620
2026-04-24 17:50:15,606 | INFO | [6/6] Evaluating and saving results...
2026-04-24 17:50:15,627 | INFO |    Saved comparison: C:\Users\DREAMUSER\Documents\NSE Volatility Project\NSE_Volatility_Project\results\tables\MTNN_model_comparison.csv
2026-04-24 17:50:15,648 | INFO |    Saved predictions: C:\Users\DREAMUSER\Documents\NSE Volatility Project\NSE_Volatility_Project\results\forecasts\MTNN_predictions.csv
2026-04-24 17:50:15,650 | INFO | [OK] Best: Ridge, RMSE: 0.032773, MAPE: 8.98%
2026-04-24 17:50:15,654 | INFO | 
============================================================
2026-04-24 17:50:15,654 | INFO | Processing: GTCO
2026-04-24 17:50:15,655 | INFO | ============================================================
2026-04-24 17:50:15,655 | INFO | [1/6] Loading raw data...
2026-04-24 17:50:15,656 | INFO | [WAIT] Loading GTCO
2026-04-24 17:50:15,827 | INFO | [OK] Loaded 1541 rows
2026-04-24 17:50:15,827 | INFO |    Loaded 1541 rows, columns: ['Date', 'Price', 'Open', 'High', 'Low', 'Volume']
2026-04-24 17:50:15,828 | INFO | [2/6] Engineering features...
2026-04-24 17:50:15,964 | INFO |    Created 1288 rows with 48 features
2026-04-24 17:50:15,964 | INFO | [3/6] Saving processed data...
2026-04-24 17:50:16,141 | INFO |    Saved: C:\Users\DREAMUSER\Documents\NSE Volatility Project\NSE_Volatility_Project\data\processed\GTCO_features.csv
2026-04-24 17:50:16,142 | INFO | [4/6] Preparing ML dataset...
2026-04-24 17:50:16,149 | INFO | [5/6] Training ML models...
2026-04-24 17:50:17,481 | INFO |    Random Forest: RMSE=0.048008
2026-04-24 17:50:17,494 | INFO |    Ridge: RMSE=0.031620
2026-04-24 17:50:18,552 | INFO |    XGBoost: RMSE=0.057286
2026-04-24 17:50:18,553 | INFO | [6/6] Evaluating and saving results...
2026-04-24 17:50:18,570 | INFO |    Saved comparison: C:\Users\DREAMUSER\Documents\NSE Volatility Project\NSE_Volatility_Project\results\tables\GTCO_model_comparison.csv
2026-04-24 17:50:18,589 | INFO |    Saved predictions: C:\Users\DREAMUSER\Documents\NSE Volatility Project\NSE_Volatility_Project\results\forecasts\GTCO_predictions.csv
2026-04-24 17:50:18,593 | INFO | [OK] Best: Ridge, RMSE: 0.031620, MAPE: 5.40%
2026-04-24 17:50:18,598 | INFO | 
============================================================
2026-04-24 17:50:18,598 | INFO | Processing: SEPLAT
2026-04-24 17:50:18,599 | INFO | ============================================================
2026-04-24 17:50:18,600 | INFO | [1/6] Loading raw data...
2026-04-24 17:50:18,601 | INFO | [WAIT] Loading SEPLAT
2026-04-24 17:50:18,756 | INFO | [OK] Loaded 591 rows
2026-04-24 17:50:18,757 | INFO |    Loaded 591 rows, columns: ['Date', 'Price', 'Open', 'High', 'Low', 'Volume']
2026-04-24 17:50:18,757 | INFO | [2/6] Engineering features...
2026-04-24 17:50:18,842 | INFO |    Created 263 rows with 48 features
2026-04-24 17:50:18,842 | INFO | [3/6] Saving processed data...
2026-04-24 17:50:18,872 | INFO |    Saved: C:\Users\DREAMUSER\Documents\NSE Volatility Project\NSE_Volatility_Project\data\processed\SEPLAT_features.csv
2026-04-24 17:50:18,874 | INFO | [4/6] Preparing ML dataset...
2026-04-24 17:50:18,882 | INFO | [5/6] Training ML models...
2026-04-24 17:50:19,591 | INFO |    Random Forest: RMSE=0.064249
2026-04-24 17:50:19,622 | INFO |    Ridge: RMSE=0.057246
2026-04-24 17:50:19,863 | INFO |    XGBoost: RMSE=0.073792
2026-04-24 17:50:19,863 | INFO | [6/6] Evaluating and saving results...
2026-04-24 17:50:19,881 | INFO |    Saved comparison: C:\Users\DREAMUSER\Documents\NSE Volatility Project\NSE_Volatility_Project\results\tables\SEPLAT_model_comparison.csv
2026-04-24 17:50:19,894 | INFO |    Saved predictions: C:\Users\DREAMUSER\Documents\NSE Volatility Project\NSE_Volatility_Project\results\forecasts\SEPLAT_predictions.csv
2026-04-24 17:50:19,895 | INFO | [OK] Best: Ridge, RMSE: 0.057246, MAPE: 17.92%
2026-04-24 17:50:19,897 | INFO | 
============================================================
2026-04-24 17:50:19,898 | INFO | Processing: AIRTEL
2026-04-24 17:50:19,898 | INFO | ============================================================
2026-04-24 17:50:19,898 | INFO | [1/6] Loading raw data...
2026-04-24 17:50:19,899 | INFO | [WAIT] Loading AIRTEL
2026-04-24 17:50:20,030 | INFO | [OK] Loaded 482 rows
2026-04-24 17:50:20,030 | INFO |    Loaded 482 rows, columns: ['Date', 'Price', 'Open', 'High', 'Low', 'Volume']
2026-04-24 17:50:20,031 | INFO | [2/6] Engineering features...
2026-04-24 17:50:20,220 | INFO |    Created 102 rows with 48 features
2026-04-24 17:50:20,221 | INFO | [3/6] Saving processed data...
2026-04-24 17:50:20,259 | INFO |    Saved: C:\Users\DREAMUSER\Documents\NSE Volatility Project\NSE_Volatility_Project\data\processed\AIRTEL_features.csv
2026-04-24 17:50:20,260 | INFO | [4/6] Preparing ML dataset...
2026-04-24 17:50:20,279 | INFO | [5/6] Training ML models...
2026-04-24 17:50:20,802 | INFO |    Random Forest: RMSE=0.084380
2026-04-24 17:50:20,814 | INFO |    Ridge: RMSE=0.081453
2026-04-24 17:50:20,964 | INFO |    XGBoost: RMSE=0.143251
2026-04-24 17:50:20,964 | INFO | [6/6] Evaluating and saving results...
2026-04-24 17:50:20,984 | INFO |    Saved comparison: C:\Users\DREAMUSER\Documents\NSE Volatility Project\NSE_Volatility_Project\results\tables\AIRTEL_model_comparison.csv
2026-04-24 17:50:20,993 | INFO |    Saved predictions: C:\Users\DREAMUSER\Documents\NSE Volatility Project\NSE_Volatility_Project\results\forecasts\AIRTEL_predictions.csv
2026-04-24 17:50:20,995 | INFO | [OK] Best: Ridge, RMSE: 0.081453, MAPE: 19.49%
2026-04-24 17:50:20,997 | INFO | 
============================================================
2026-04-24 17:50:20,997 | INFO | Processing: INTERBREW
2026-04-24 17:50:20,998 | INFO | ============================================================
2026-04-24 17:50:20,998 | INFO | [1/6] Loading raw data...
2026-04-24 17:50:20,999 | INFO | [WAIT] Loading INTERBREW
2026-04-24 17:50:21,120 | INFO | [OK] Loaded 1545 rows
2026-04-24 17:50:21,120 | INFO |    Loaded 1545 rows, columns: ['Date', 'Price', 'Open', 'High', 'Low', 'Volume']
2026-04-24 17:50:21,121 | INFO | [2/6] Engineering features...
2026-04-24 17:50:21,224 | INFO |    Created 1284 rows with 48 features
2026-04-24 17:50:21,224 | INFO | [3/6] Saving processed data...
2026-04-24 17:50:21,446 | INFO |    Saved: C:\Users\DREAMUSER\Documents\NSE Volatility Project\NSE_Volatility_Project\data\processed\INTERBREW_features.csv
2026-04-24 17:50:21,447 | INFO | [4/6] Preparing ML dataset...
2026-04-24 17:50:21,453 | INFO | [5/6] Training ML models...
2026-04-24 17:50:22,701 | INFO |    Random Forest: RMSE=0.047570
2026-04-24 17:50:22,715 | INFO |    Ridge: RMSE=0.172941
2026-04-24 17:50:23,778 | INFO |    XGBoost: RMSE=0.067720
2026-04-24 17:50:23,779 | INFO | [6/6] Evaluating and saving results...
2026-04-24 17:50:23,801 | INFO |    Saved comparison: C:\Users\DREAMUSER\Documents\NSE Volatility Project\NSE_Volatility_Project\results\tables\INTERBREW_model_comparison.csv
2026-04-24 17:50:23,818 | INFO |    Saved predictions: C:\Users\DREAMUSER\Documents\NSE Volatility Project\NSE_Volatility_Project\results\forecasts\INTERBREW_predictions.csv
2026-04-24 17:50:23,821 | INFO | [OK] Best: Random Forest, RMSE: 0.047570, MAPE: 9.33%
2026-04-24 17:50:23,827 | INFO | 
============================================================
2026-04-24 17:50:23,828 | INFO | Processing: FIRSTHOLDCO
2026-04-24 17:50:23,828 | INFO | ============================================================
2026-04-24 17:50:23,828 | INFO | [1/6] Loading raw data...
2026-04-24 17:50:23,829 | INFO | [WAIT] Loading FIRSTHOLDCO
2026-04-24 17:50:23,964 | INFO | [OK] Loaded 1544 rows
2026-04-24 17:50:23,964 | INFO |    Loaded 1544 rows, columns: ['Date', 'Price', 'Open', 'High', 'Low', 'Volume']
2026-04-24 17:50:23,965 | INFO | [2/6] Engineering features...
2026-04-24 17:50:24,144 | INFO |    Created 1291 rows with 48 features
2026-04-24 17:50:24,144 | INFO | [3/6] Saving processed data...
2026-04-24 17:50:24,402 | INFO |    Saved: C:\Users\DREAMUSER\Documents\NSE Volatility Project\NSE_Volatility_Project\data\processed\FIRSTHOLDCO_features.csv
2026-04-24 17:50:24,403 | INFO | [4/6] Preparing ML dataset...
2026-04-24 17:50:24,411 | INFO | [5/6] Training ML models...
2026-04-24 17:50:25,757 | INFO |    Random Forest: RMSE=0.041650
2026-04-24 17:50:25,764 | INFO |    Ridge: RMSE=0.037030
2026-04-24 17:50:26,715 | INFO |    XGBoost: RMSE=0.042574
2026-04-24 17:50:26,716 | INFO | [6/6] Evaluating and saving results...
2026-04-24 17:50:26,736 | INFO |    Saved comparison: C:\Users\DREAMUSER\Documents\NSE Volatility Project\NSE_Volatility_Project\results\tables\FIRSTHOLDCO_model_comparison.csv
2026-04-24 17:50:26,754 | INFO |    Saved predictions: C:\Users\DREAMUSER\Documents\NSE Volatility Project\NSE_Volatility_Project\results\forecasts\FIRSTHOLDCO_predictions.csv
2026-04-24 17:50:26,755 | INFO | [OK] Best: Ridge, RMSE: 0.037030, MAPE: 5.34%
2026-04-24 17:50:26,760 | INFO | 
============================================================
2026-04-24 17:50:26,761 | INFO | Processing: ETI
2026-04-24 17:50:26,762 | INFO | ============================================================
2026-04-24 17:50:26,765 | INFO | [1/6] Loading raw data...
2026-04-24 17:50:26,766 | INFO | [WAIT] Loading ETI
2026-04-24 17:50:26,913 | INFO | [OK] Loaded 1545 rows
2026-04-24 17:50:26,914 | INFO |    Loaded 1545 rows, columns: ['Date', 'Price', 'Open', 'High', 'Low', 'Volume']
2026-04-24 17:50:26,915 | INFO | [2/6] Engineering features...
2026-04-24 17:50:27,078 | INFO |    Created 1265 rows with 48 features
2026-04-24 17:50:27,079 | INFO | [3/6] Saving processed data...
2026-04-24 17:50:27,238 | INFO |    Saved: C:\Users\DREAMUSER\Documents\NSE Volatility Project\NSE_Volatility_Project\data\processed\ETI_features.csv
2026-04-24 17:50:27,239 | INFO | [4/6] Preparing ML dataset...
2026-04-24 17:50:27,246 | INFO | [5/6] Training ML models...
2026-04-24 17:50:28,321 | INFO |    Random Forest: RMSE=0.058852
2026-04-24 17:50:28,337 | INFO |    Ridge: RMSE=0.038381
2026-04-24 17:50:29,217 | INFO |    XGBoost: RMSE=0.086048
2026-04-24 17:50:29,217 | INFO | [6/6] Evaluating and saving results...
2026-04-24 17:50:29,240 | INFO |    Saved comparison: C:\Users\DREAMUSER\Documents\NSE Volatility Project\NSE_Volatility_Project\results\tables\ETI_model_comparison.csv
2026-04-24 17:50:29,256 | INFO |    Saved predictions: C:\Users\DREAMUSER\Documents\NSE Volatility Project\NSE_Volatility_Project\results\forecasts\ETI_predictions.csv
2026-04-24 17:50:29,258 | INFO | [OK] Best: Ridge, RMSE: 0.038381, MAPE: 4.96%
2026-04-24 17:50:29,264 | INFO | 
============================================================
2026-04-24 17:50:29,266 | INFO | Processing: ZENITH
2026-04-24 17:50:29,268 | INFO | ============================================================
2026-04-24 17:50:29,268 | INFO | [1/6] Loading raw data...
2026-04-24 17:50:29,270 | INFO | [WAIT] Loading ZENITH
2026-04-24 17:50:29,427 | INFO | [OK] Loaded 1546 rows
2026-04-24 17:50:29,427 | INFO |    Loaded 1546 rows, columns: ['Date', 'Price', 'Open', 'High', 'Low', 'Volume']
2026-04-24 17:50:29,427 | INFO | [2/6] Engineering features...
2026-04-24 17:50:29,522 | INFO |    Created 1293 rows with 48 features
2026-04-24 17:50:29,523 | INFO | [3/6] Saving processed data...
2026-04-24 17:50:29,828 | INFO |    Saved: C:\Users\DREAMUSER\Documents\NSE Volatility Project\NSE_Volatility_Project\data\processed\ZENITH_features.csv
2026-04-24 17:50:29,829 | INFO | [4/6] Preparing ML dataset...
2026-04-24 17:50:29,837 | INFO | [5/6] Training ML models...
2026-04-24 17:50:31,272 | INFO |    Random Forest: RMSE=0.175268
2026-04-24 17:50:31,289 | INFO |    Ridge: RMSE=0.043403
2026-04-24 17:50:32,204 | INFO |    XGBoost: RMSE=0.175469
2026-04-24 17:50:32,205 | INFO | [6/6] Evaluating and saving results...
2026-04-24 17:50:32,223 | INFO |    Saved comparison: C:\Users\DREAMUSER\Documents\NSE Volatility Project\NSE_Volatility_Project\results\tables\ZENITH_model_comparison.csv
2026-04-24 17:50:32,241 | INFO |    Saved predictions: C:\Users\DREAMUSER\Documents\NSE Volatility Project\NSE_Volatility_Project\results\forecasts\ZENITH_predictions.csv
2026-04-24 17:50:32,244 | INFO | [OK] Best: Ridge, RMSE: 0.043403, MAPE: 5.28%
2026-04-24 17:50:32,251 | INFO | 
============================================================
2026-04-24 17:50:32,252 | INFO | Processing: CWG
2026-04-24 17:50:32,252 | INFO | ============================================================
2026-04-24 17:50:32,252 | INFO | [1/6] Loading raw data...
2026-04-24 17:50:32,253 | INFO | [WAIT] Loading CWG
2026-04-24 17:50:32,363 | INFO | [OK] Loaded 1107 rows
2026-04-24 17:50:32,363 | INFO |    Loaded 1107 rows, columns: ['Date', 'Price', 'Open', 'High', 'Low', 'Volume']
2026-04-24 17:50:32,364 | INFO | [2/6] Engineering features...
2026-04-24 17:50:32,439 | INFO |    Created 802 rows with 48 features
2026-04-24 17:50:32,440 | INFO | [3/6] Saving processed data...
2026-04-24 17:50:32,618 | INFO |    Saved: C:\Users\DREAMUSER\Documents\NSE Volatility Project\NSE_Volatility_Project\data\processed\CWG_features.csv
2026-04-24 17:50:32,619 | INFO | [4/6] Preparing ML dataset...
2026-04-24 17:50:32,632 | INFO | [5/6] Training ML models...
2026-04-24 17:50:33,533 | INFO |    Random Forest: RMSE=0.057616
2026-04-24 17:50:33,547 | INFO |    Ridge: RMSE=0.052976
2026-04-24 17:50:34,260 | INFO |    XGBoost: RMSE=0.062399
2026-04-24 17:50:34,260 | INFO | [6/6] Evaluating and saving results...
2026-04-24 17:50:34,277 | INFO |    Saved comparison: C:\Users\DREAMUSER\Documents\NSE Volatility Project\NSE_Volatility_Project\results\tables\CWG_model_comparison.csv
2026-04-24 17:50:34,289 | INFO |    Saved predictions: C:\Users\DREAMUSER\Documents\NSE Volatility Project\NSE_Volatility_Project\results\forecasts\CWG_predictions.csv
2026-04-24 17:50:34,293 | INFO | [OK] Best: Ridge, RMSE: 0.052976, MAPE: 7.08%
2026-04-24 17:50:34,296 | INFO | 
============================================================
2026-04-24 17:50:34,297 | INFO | Processing: NESTLE
2026-04-24 17:50:34,297 | INFO | ============================================================
2026-04-24 17:50:34,297 | INFO | [1/6] Loading raw data...
2026-04-24 17:50:34,298 | INFO | [WAIT] Loading NESTLE
2026-04-24 17:50:34,429 | INFO | [OK] Loaded 346 rows
2026-04-24 17:50:34,429 | INFO |    Loaded 346 rows, columns: ['Date', 'Price', 'Open', 'High', 'Low', 'Volume']
2026-04-24 17:50:34,430 | INFO | [2/6] Engineering features...
2026-04-24 17:50:34,514 | INFO |    Created 55 rows with 48 features
2026-04-24 17:50:34,515 | INFO | [3/6] Saving processed data...
2026-04-24 17:50:34,528 | INFO |    Saved: C:\Users\DREAMUSER\Documents\NSE Volatility Project\NSE_Volatility_Project\data\processed\NESTLE_features.csv
2026-04-24 17:50:34,530 | INFO | [4/6] Preparing ML dataset...
2026-04-24 17:50:34,543 | INFO | [5/6] Training ML models...
2026-04-24 17:50:35,071 | INFO |    Random Forest: RMSE=0.130896
2026-04-24 17:50:35,078 | INFO |    Ridge: RMSE=0.239850
2026-04-24 17:50:35,166 | INFO |    XGBoost: RMSE=0.079147
2026-04-24 17:50:35,167 | INFO | [6/6] Evaluating and saving results...
2026-04-24 17:50:35,197 | INFO |    Saved comparison: C:\Users\DREAMUSER\Documents\NSE Volatility Project\NSE_Volatility_Project\results\tables\NESTLE_model_comparison.csv
2026-04-24 17:50:35,207 | INFO |    Saved predictions: C:\Users\DREAMUSER\Documents\NSE Volatility Project\NSE_Volatility_Project\results\forecasts\NESTLE_predictions.csv
2026-04-24 17:50:35,210 | INFO | [OK] Best: XGBoost, RMSE: 0.079147, MAPE: 11.72%
2026-04-24 17:50:35,213 | INFO | 
============================================================
2026-04-24 17:50:35,213 | INFO | Processing: NB
2026-04-24 17:50:35,213 | INFO | ============================================================
2026-04-24 17:50:35,214 | INFO | [1/6] Loading raw data...
2026-04-24 17:50:35,214 | INFO | [WAIT] Loading NB
2026-04-24 17:50:35,330 | INFO | [OK] Loaded 1545 rows
2026-04-24 17:50:35,331 | INFO |    Loaded 1545 rows, columns: ['Date', 'Price', 'Open', 'High', 'Low', 'Volume']
2026-04-24 17:50:35,331 | INFO | [2/6] Engineering features...
2026-04-24 17:50:35,416 | INFO |    Created 1281 rows with 48 features
2026-04-24 17:50:35,417 | INFO | [3/6] Saving processed data...
2026-04-24 17:50:35,582 | INFO |    Saved: C:\Users\DREAMUSER\Documents\NSE Volatility Project\NSE_Volatility_Project\data\processed\NB_features.csv
2026-04-24 17:50:35,583 | INFO | [4/6] Preparing ML dataset...
2026-04-24 17:50:35,591 | INFO | [5/6] Training ML models...
2026-04-24 17:50:36,672 | INFO |    Random Forest: RMSE=0.049829
2026-04-24 17:50:36,683 | INFO |    Ridge: RMSE=0.044192
2026-04-24 17:50:37,473 | INFO |    XGBoost: RMSE=0.062967
2026-04-24 17:50:37,473 | INFO | [6/6] Evaluating and saving results...
2026-04-24 17:50:37,489 | INFO |    Saved comparison: C:\Users\DREAMUSER\Documents\NSE Volatility Project\NSE_Volatility_Project\results\tables\NB_model_comparison.csv
2026-04-24 17:50:37,510 | INFO |    Saved predictions: C:\Users\DREAMUSER\Documents\NSE Volatility Project\NSE_Volatility_Project\results\forecasts\NB_predictions.csv
2026-04-24 17:50:37,511 | INFO | [OK] Best: Ridge, RMSE: 0.044192, MAPE: 6.76%
2026-04-24 17:50:37,515 | INFO | 
============================================================
2026-04-24 17:50:37,515 | INFO | Processing: ACCESS
2026-04-24 17:50:37,516 | INFO | ============================================================
2026-04-24 17:50:37,556 | INFO | [1/6] Loading raw data...
2026-04-24 17:50:37,603 | INFO | [WAIT] Loading ACCESS
2026-04-24 17:50:37,762 | INFO | [OK] Loaded 988 rows
2026-04-24 17:50:37,762 | INFO |    Loaded 988 rows, columns: ['Date', 'Price', 'Open', 'High', 'Low', 'Volume']
2026-04-24 17:50:37,764 | INFO | [2/6] Engineering features...
2026-04-24 17:50:37,860 | INFO |    Created 735 rows with 48 features
2026-04-24 17:50:37,860 | INFO | [3/6] Saving processed data...
2026-04-24 17:50:37,967 | INFO |    Saved: C:\Users\DREAMUSER\Documents\NSE Volatility Project\NSE_Volatility_Project\data\processed\ACCESS_features.csv
2026-04-24 17:50:37,967 | INFO | [4/6] Preparing ML dataset...
2026-04-24 17:50:37,980 | INFO | [5/6] Training ML models...
2026-04-24 17:50:38,816 | INFO |    Random Forest: RMSE=0.027996
2026-04-24 17:50:38,830 | INFO |    Ridge: RMSE=0.035829
2026-04-24 17:50:39,427 | INFO |    XGBoost: RMSE=0.032229
2026-04-24 17:50:39,428 | INFO | [6/6] Evaluating and saving results...
2026-04-24 17:50:39,443 | INFO |    Saved comparison: C:\Users\DREAMUSER\Documents\NSE Volatility Project\NSE_Volatility_Project\results\tables\ACCESS_model_comparison.csv
2026-04-24 17:50:39,456 | INFO |    Saved predictions: C:\Users\DREAMUSER\Documents\NSE Volatility Project\NSE_Volatility_Project\results\forecasts\ACCESS_predictions.csv
2026-04-24 17:50:39,457 | INFO | [OK] Best: Random Forest, RMSE: 0.027996, MAPE: 7.59%
2026-04-24 17:50:39,460 | INFO | 
============================================================
2026-04-24 17:50:39,460 | INFO | Processing: WAPCO
2026-04-24 17:50:39,461 | INFO | ============================================================
2026-04-24 17:50:39,461 | INFO | [1/6] Loading raw data...
2026-04-24 17:50:39,461 | INFO | [WAIT] Loading WAPCO
2026-04-24 17:50:39,579 | INFO | [OK] Loaded 1545 rows
2026-04-24 17:50:39,580 | INFO |    Loaded 1545 rows, columns: ['Date', 'Price', 'Open', 'High', 'Low', 'Volume']
2026-04-24 17:50:39,580 | INFO | [2/6] Engineering features...
2026-04-24 17:50:39,652 | INFO |    Created 1291 rows with 48 features
2026-04-24 17:50:39,652 | INFO | [3/6] Saving processed data...
2026-04-24 17:50:39,803 | INFO |    Saved: C:\Users\DREAMUSER\Documents\NSE Volatility Project\NSE_Volatility_Project\data\processed\WAPCO_features.csv
2026-04-24 17:50:39,804 | INFO | [4/6] Preparing ML dataset...
2026-04-24 17:50:39,811 | INFO | [5/6] Training ML models...
2026-04-24 17:50:40,917 | INFO |    Random Forest: RMSE=0.053615
2026-04-24 17:50:40,929 | INFO |    Ridge: RMSE=0.057434
2026-04-24 17:50:41,909 | INFO |    XGBoost: RMSE=0.061681
2026-04-24 17:50:41,910 | INFO | [6/6] Evaluating and saving results...
2026-04-24 17:50:41,930 | INFO |    Saved comparison: C:\Users\DREAMUSER\Documents\NSE Volatility Project\NSE_Volatility_Project\results\tables\WAPCO_model_comparison.csv
2026-04-24 17:50:41,948 | INFO |    Saved predictions: C:\Users\DREAMUSER\Documents\NSE Volatility Project\NSE_Volatility_Project\results\forecasts\WAPCO_predictions.csv
2026-04-24 17:50:41,949 | INFO | [OK] Best: Random Forest, RMSE: 0.053615, MAPE: 8.21%
2026-04-24 17:50:41,962 | INFO | 
[OK] Reports saved to C:\Users\DREAMUSER\Documents\NSE Volatility Project\NSE_Volatility_Project\results\tables
2026-04-24 17:50:41,963 | INFO | 
======================================================================
2026-04-24 17:50:41,964 | INFO | PIPELINE COMPLETE
2026-04-24 17:50:41,964 | INFO | Success: 14/14 stocks
2026-04-24 17:50:41,964 | INFO | Time: 0.5 minutes
2026-04-24 17:50:41,965 | INFO | ======================================================================
2026-04-24 17:50:41,965 | INFO | Dashboard-compatible files created:
2026-04-24 17:50:41,965 | INFO |    - data/processed/{stock}_features.csv
2026-04-24 17:50:41,966 | INFO |    - results/tables/{stock}_model_comparison.csv
2026-04-24 17:50:41,966 | INFO |    - results/forecasts/{stock}_predictions.csv
2026-04-24 17:50:41,966 | INFO | 
Run: streamlit run app.py
2026-04-24 17:50:41,966 | INFO | ======================================================================
2026-04-25 08:02:14,268 | INFO | 
======================================================================
2026-04-25 08:02:14,269 | INFO | NSE STOCK VOLATILITY PREDICTION PIPELINE
2026-04-25 08:02:14,269 | INFO | Started: 2026-04-25 08:02:14
2026-04-25 08:02:14,270 | INFO | ======================================================================
2026-04-25 08:02:14,273 | INFO | [OK] Found 14 stocks to process
2026-04-25 08:02:14,274 | INFO | 
============================================================
2026-04-25 08:02:14,274 | INFO | Processing: DANGCEM
2026-04-25 08:02:14,274 | INFO | ============================================================
2026-04-25 08:02:14,274 | INFO | [1/6] Loading raw data...
2026-04-25 08:02:14,275 | INFO | [WAIT] Loading DANGCEM
2026-04-25 08:02:14,625 | ERROR | [FAIL] Could not load DANGCEM
2026-04-25 08:02:14,628 | ERROR | [FAIL] Failed to load data
2026-04-25 08:02:14,632 | INFO | 
============================================================
2026-04-25 08:02:14,632 | INFO | Processing: MTNN
2026-04-25 08:02:14,632 | INFO | ============================================================
2026-04-25 08:02:14,632 | INFO | [1/6] Loading raw data...
2026-04-25 08:02:14,633 | INFO | [WAIT] Loading MTNN
2026-04-25 08:02:14,846 | ERROR | [FAIL] Could not load MTNN
2026-04-25 08:02:14,847 | ERROR | [FAIL] Failed to load data
2026-04-25 08:02:14,848 | INFO | 
============================================================
2026-04-25 08:02:14,848 | INFO | Processing: GTCO
2026-04-25 08:02:14,849 | INFO | ============================================================
2026-04-25 08:02:14,849 | INFO | [1/6] Loading raw data...
2026-04-25 08:02:14,849 | INFO | [WAIT] Loading GTCO
2026-04-25 08:02:15,081 | ERROR | [FAIL] Could not load GTCO
2026-04-25 08:02:15,082 | ERROR | [FAIL] Failed to load data
2026-04-25 08:02:15,083 | INFO | 
============================================================
2026-04-25 08:02:15,083 | INFO | Processing: SEPLAT
2026-04-25 08:02:15,084 | INFO | ============================================================
2026-04-25 08:02:15,084 | INFO | [1/6] Loading raw data...
2026-04-25 08:02:15,085 | INFO | [WAIT] Loading SEPLAT
2026-04-25 08:02:15,324 | ERROR | [FAIL] Could not load SEPLAT
2026-04-25 08:02:15,324 | ERROR | [FAIL] Failed to load data
2026-04-25 08:02:15,326 | INFO | 
============================================================
2026-04-25 08:02:15,326 | INFO | Processing: AIRTEL
2026-04-25 08:02:15,326 | INFO | ============================================================
2026-04-25 08:02:15,327 | INFO | [1/6] Loading raw data...
2026-04-25 08:02:15,327 | INFO | [WAIT] Loading AIRTEL
2026-04-25 08:02:15,566 | ERROR | [FAIL] Could not load AIRTEL
2026-04-25 08:02:15,567 | ERROR | [FAIL] Failed to load data
2026-04-25 08:02:15,568 | INFO | 
============================================================
2026-04-25 08:02:15,568 | INFO | Processing: INTERBREW
2026-04-25 08:02:15,569 | INFO | ============================================================
2026-04-25 08:02:15,569 | INFO | [1/6] Loading raw data...
2026-04-25 08:02:15,569 | INFO | [WAIT] Loading INTERBREW
2026-04-25 08:02:15,819 | ERROR | [FAIL] Could not load INTERBREW
2026-04-25 08:02:15,819 | ERROR | [FAIL] Failed to load data
2026-04-25 08:02:15,820 | INFO | 
============================================================
2026-04-25 08:02:15,821 | INFO | Processing: FIRSTHOLDCO
2026-04-25 08:02:15,821 | INFO | ============================================================
2026-04-25 08:02:15,821 | INFO | [1/6] Loading raw data...
2026-04-25 08:02:15,822 | INFO | [WAIT] Loading FIRSTHOLDCO
2026-04-25 08:02:16,079 | ERROR | [FAIL] Could not load FIRSTHOLDCO
2026-04-25 08:02:16,080 | ERROR | [FAIL] Failed to load data
2026-04-25 08:02:16,081 | INFO | 
============================================================
2026-04-25 08:02:16,081 | INFO | Processing: ETI
2026-04-25 08:02:16,082 | INFO | ============================================================
2026-04-25 08:02:16,082 | INFO | [1/6] Loading raw data...
2026-04-25 08:02:16,082 | INFO | [WAIT] Loading ETI
2026-04-25 08:02:16,332 | ERROR | [FAIL] Could not load ETI
2026-04-25 08:02:16,333 | ERROR | [FAIL] Failed to load data
2026-04-25 08:02:16,334 | INFO | 
============================================================
2026-04-25 08:02:16,334 | INFO | Processing: ZENITH
2026-04-25 08:02:16,335 | INFO | ============================================================
2026-04-25 08:02:16,335 | INFO | [1/6] Loading raw data...
2026-04-25 08:02:16,335 | INFO | [WAIT] Loading ZENITH
2026-04-25 08:02:16,653 | ERROR | [FAIL] Could not load ZENITH
2026-04-25 08:02:16,653 | ERROR | [FAIL] Failed to load data
2026-04-25 08:02:16,655 | INFO | 
============================================================
2026-04-25 08:02:16,655 | INFO | Processing: CWG
2026-04-25 08:02:16,656 | INFO | ============================================================
2026-04-25 08:02:16,656 | INFO | [1/6] Loading raw data...
2026-04-25 08:02:16,657 | INFO | [WAIT] Loading CWG
2026-04-25 08:02:16,951 | ERROR | [FAIL] Could not load CWG
2026-04-25 08:02:16,951 | ERROR | [FAIL] Failed to load data
2026-04-25 08:02:16,953 | INFO | 
============================================================
2026-04-25 08:02:16,953 | INFO | Processing: NESTLE
2026-04-25 08:02:16,953 | INFO | ============================================================
2026-04-25 08:02:16,954 | INFO | [1/6] Loading raw data...
2026-04-25 08:02:16,954 | INFO | [WAIT] Loading NESTLE
2026-04-25 08:02:17,368 | ERROR | [FAIL] Could not load NESTLE
2026-04-25 08:02:17,369 | ERROR | [FAIL] Failed to load data
2026-04-25 08:02:17,371 | INFO | 
============================================================
2026-04-25 08:02:17,372 | INFO | Processing: NB
2026-04-25 08:02:17,372 | INFO | ============================================================
2026-04-25 08:02:17,372 | INFO | [1/6] Loading raw data...
2026-04-25 08:02:17,373 | INFO | [WAIT] Loading NB
2026-04-25 08:02:17,785 | ERROR | [FAIL] Could not load NB
2026-04-25 08:02:17,785 | ERROR | [FAIL] Failed to load data
2026-04-25 08:02:17,787 | INFO | 
============================================================
2026-04-25 08:02:17,788 | INFO | Processing: ACCESS
2026-04-25 08:02:17,788 | INFO | ============================================================
2026-04-25 08:02:17,788 | INFO | [1/6] Loading raw data...
2026-04-25 08:02:17,789 | INFO | [WAIT] Loading ACCESS
2026-04-25 08:02:18,045 | ERROR | [FAIL] Could not load ACCESS
2026-04-25 08:02:18,045 | ERROR | [FAIL] Failed to load data
2026-04-25 08:02:18,047 | INFO | 
============================================================
2026-04-25 08:02:18,048 | INFO | Processing: WAPCO
2026-04-25 08:02:18,048 | INFO | ============================================================
2026-04-25 08:02:18,048 | INFO | [1/6] Loading raw data...
2026-04-25 08:02:18,049 | INFO | [WAIT] Loading WAPCO
2026-04-25 08:02:18,368 | ERROR | [FAIL] Could not load WAPCO
2026-04-25 08:02:18,369 | ERROR | [FAIL] Failed to load data
2026-04-25 08:02:18,374 | INFO | 
[OK] Reports saved to C:\Users\DREAMUSER\Documents\NSE Volatility Project\NSE_Volatility_Project\results\tables
2026-04-25 08:02:18,374 | INFO | 
======================================================================
2026-04-25 08:02:18,375 | INFO | PIPELINE COMPLETE
2026-04-25 08:02:18,376 | INFO | Success: 0/14 stocks
2026-04-25 08:02:18,376 | INFO | Time: 0.1 minutes
2026-04-25 08:02:18,377 | INFO | ======================================================================
2026-04-25 08:02:18,377 | INFO | Dashboard-compatible files created:
2026-04-25 08:02:18,377 | INFO |    - data/processed/{stock}_features.csv
2026-04-25 08:02:18,377 | INFO |    - results/tables/{stock}_model_comparison.csv
2026-04-25 08:02:18,378 | INFO |    - results/forecasts/{stock}_predictions.csv
2026-04-25 08:02:18,378 | INFO | 
Run: streamlit run app.py
2026-04-25 08:02:18,379 | INFO | ======================================================================
2026-04-25 08:07:18,720 | INFO | 
======================================================================
2026-04-25 08:07:18,720 | INFO | NSE STOCK VOLATILITY PREDICTION PIPELINE
2026-04-25 08:07:18,721 | INFO | Started: 2026-04-25 08:07:18
2026-04-25 08:07:18,721 | INFO | ======================================================================
2026-04-25 08:07:18,722 | INFO | [OK] Found 14 stocks to process
2026-04-25 08:07:18,723 | INFO | 
============================================================
2026-04-25 08:07:18,723 | INFO | Processing: DANGCEM
2026-04-25 08:07:18,723 | INFO | ============================================================
2026-04-25 08:07:18,724 | INFO | [1/6] Loading raw data...
2026-04-25 08:07:18,724 | INFO | [WAIT] Loading DANGCEM
2026-04-25 08:07:18,955 | ERROR | [FAIL] Could not load DANGCEM
2026-04-25 08:07:18,955 | ERROR | [FAIL] Failed to load data
2026-04-25 08:07:18,957 | INFO | 
============================================================
2026-04-25 08:07:18,958 | INFO | Processing: MTNN
2026-04-25 08:07:18,958 | INFO | ============================================================
2026-04-25 08:07:18,958 | INFO | [1/6] Loading raw data...
2026-04-25 08:07:18,959 | INFO | [WAIT] Loading MTNN
2026-04-25 08:07:19,161 | ERROR | [FAIL] Could not load MTNN
2026-04-25 08:07:19,161 | ERROR | [FAIL] Failed to load data
2026-04-25 08:07:19,162 | INFO | 
============================================================
2026-04-25 08:07:19,163 | INFO | Processing: GTCO
2026-04-25 08:07:19,163 | INFO | ============================================================
2026-04-25 08:07:19,163 | INFO | [1/6] Loading raw data...
2026-04-25 08:07:19,163 | INFO | [WAIT] Loading GTCO
2026-04-25 08:07:19,364 | ERROR | [FAIL] Could not load GTCO
2026-04-25 08:07:19,365 | ERROR | [FAIL] Failed to load data
2026-04-25 08:07:19,366 | INFO | 
============================================================
2026-04-25 08:07:19,366 | INFO | Processing: SEPLAT
2026-04-25 08:07:19,367 | INFO | ============================================================
2026-04-25 08:07:19,367 | INFO | [1/6] Loading raw data...
2026-04-25 08:07:19,367 | INFO | [WAIT] Loading SEPLAT
2026-04-25 08:07:19,602 | ERROR | [FAIL] Could not load SEPLAT
2026-04-25 08:07:19,602 | ERROR | [FAIL] Failed to load data
2026-04-25 08:07:19,604 | INFO | 
============================================================
2026-04-25 08:07:19,604 | INFO | Processing: AIRTEL
2026-04-25 08:07:19,604 | INFO | ============================================================
2026-04-25 08:07:19,605 | INFO | [1/6] Loading raw data...
2026-04-25 08:07:19,605 | INFO | [WAIT] Loading AIRTEL
2026-04-25 08:07:19,819 | ERROR | [FAIL] Could not load AIRTEL
2026-04-25 08:07:19,820 | ERROR | [FAIL] Failed to load data
2026-04-25 08:07:19,821 | INFO | 
============================================================
2026-04-25 08:07:19,822 | INFO | Processing: INTERBREW
2026-04-25 08:07:19,822 | INFO | ============================================================
2026-04-25 08:07:19,822 | INFO | [1/6] Loading raw data...
2026-04-25 08:07:19,822 | INFO | [WAIT] Loading INTERBREW
2026-04-25 08:07:20,044 | ERROR | [FAIL] Could not load INTERBREW
2026-04-25 08:07:20,045 | ERROR | [FAIL] Failed to load data
2026-04-25 08:07:20,046 | INFO | 
============================================================
2026-04-25 08:07:20,047 | INFO | Processing: FIRSTHOLDCO
2026-04-25 08:07:20,047 | INFO | ============================================================
2026-04-25 08:07:20,047 | INFO | [1/6] Loading raw data...
2026-04-25 08:07:20,048 | INFO | [WAIT] Loading FIRSTHOLDCO
2026-04-25 08:07:20,254 | ERROR | [FAIL] Could not load FIRSTHOLDCO
2026-04-25 08:07:20,255 | ERROR | [FAIL] Failed to load data
2026-04-25 08:07:20,256 | INFO | 
============================================================
2026-04-25 08:07:20,257 | INFO | Processing: ETI
2026-04-25 08:07:20,257 | INFO | ============================================================
2026-04-25 08:07:20,257 | INFO | [1/6] Loading raw data...
2026-04-25 08:07:20,257 | INFO | [WAIT] Loading ETI
2026-04-25 08:07:20,465 | ERROR | [FAIL] Could not load ETI
2026-04-25 08:07:20,465 | ERROR | [FAIL] Failed to load data
2026-04-25 08:07:20,467 | INFO | 
============================================================
2026-04-25 08:07:20,467 | INFO | Processing: ZENITH
2026-04-25 08:07:20,468 | INFO | ============================================================
2026-04-25 08:07:20,468 | INFO | [1/6] Loading raw data...
2026-04-25 08:07:20,468 | INFO | [WAIT] Loading ZENITH
2026-04-25 08:07:20,664 | ERROR | [FAIL] Could not load ZENITH
2026-04-25 08:07:20,664 | ERROR | [FAIL] Failed to load data
2026-04-25 08:07:20,665 | INFO | 
============================================================
2026-04-25 08:07:20,666 | INFO | Processing: CWG
2026-04-25 08:07:20,666 | INFO | ============================================================
2026-04-25 08:07:20,666 | INFO | [1/6] Loading raw data...
2026-04-25 08:07:20,666 | INFO | [WAIT] Loading CWG
2026-04-25 08:07:20,850 | ERROR | [FAIL] Could not load CWG
2026-04-25 08:07:20,850 | ERROR | [FAIL] Failed to load data
2026-04-25 08:07:20,852 | INFO | 
============================================================
2026-04-25 08:07:20,852 | INFO | Processing: NESTLE
2026-04-25 08:07:20,852 | INFO | ============================================================
2026-04-25 08:07:20,853 | INFO | [1/6] Loading raw data...
2026-04-25 08:07:20,853 | INFO | [WAIT] Loading NESTLE
2026-04-25 08:07:21,088 | ERROR | [FAIL] Could not load NESTLE
2026-04-25 08:07:21,089 | ERROR | [FAIL] Failed to load data
2026-04-25 08:07:21,090 | INFO | 
============================================================
2026-04-25 08:07:21,091 | INFO | Processing: NB
2026-04-25 08:07:21,091 | INFO | ============================================================
2026-04-25 08:07:21,091 | INFO | [1/6] Loading raw data...
2026-04-25 08:07:21,091 | INFO | [WAIT] Loading NB
2026-04-25 08:07:21,310 | ERROR | [FAIL] Could not load NB
2026-04-25 08:07:21,310 | ERROR | [FAIL] Failed to load data
2026-04-25 08:07:21,312 | INFO | 
============================================================
2026-04-25 08:07:21,312 | INFO | Processing: ACCESS
2026-04-25 08:07:21,312 | INFO | ============================================================
2026-04-25 08:07:21,313 | INFO | [1/6] Loading raw data...
2026-04-25 08:07:21,313 | INFO | [WAIT] Loading ACCESS
2026-04-25 08:07:21,478 | ERROR | [FAIL] Could not load ACCESS
2026-04-25 08:07:21,478 | ERROR | [FAIL] Failed to load data
2026-04-25 08:07:21,479 | INFO | 
============================================================
2026-04-25 08:07:21,480 | INFO | Processing: WAPCO
2026-04-25 08:07:21,480 | INFO | ============================================================
2026-04-25 08:07:21,480 | INFO | [1/6] Loading raw data...
2026-04-25 08:07:21,481 | INFO | [WAIT] Loading WAPCO
2026-04-25 08:07:21,702 | ERROR | [FAIL] Could not load WAPCO
2026-04-25 08:07:21,703 | ERROR | [FAIL] Failed to load data
2026-04-25 08:07:21,707 | INFO | 
[OK] Reports saved to C:\Users\DREAMUSER\Documents\NSE Volatility Project\NSE_Volatility_Project\results\tables
2026-04-25 08:07:21,708 | INFO | 
======================================================================
2026-04-25 08:07:21,709 | INFO | PIPELINE COMPLETE
2026-04-25 08:07:21,709 | INFO | Success: 0/14 stocks
2026-04-25 08:07:21,710 | INFO | Time: 0.0 minutes
2026-04-25 08:07:21,710 | INFO | ======================================================================
2026-04-25 08:07:21,711 | INFO | Dashboard-compatible files created:
2026-04-25 08:07:21,711 | INFO |    - data/processed/{stock}_features.csv
2026-04-25 08:07:21,711 | INFO |    - results/tables/{stock}_model_comparison.csv
2026-04-25 08:07:21,712 | INFO |    - results/forecasts/{stock}_predictions.csv
2026-04-25 08:07:21,712 | INFO | 
Run: streamlit run app.py
2026-04-25 08:07:21,712 | INFO | ======================================================================
2026-04-25 08:09:00,139 | INFO | 
======================================================================
2026-04-25 08:09:00,139 | INFO | NSE STOCK VOLATILITY PREDICTION PIPELINE
2026-04-25 08:09:00,139 | INFO | Started: 2026-04-25 08:09:00
2026-04-25 08:09:00,140 | INFO | ======================================================================
2026-04-25 08:09:00,141 | INFO | [OK] Found 14 stocks to process
2026-04-25 08:09:00,141 | INFO | 
============================================================
2026-04-25 08:09:00,141 | INFO | Processing: DANGCEM
2026-04-25 08:09:00,142 | INFO | ============================================================
2026-04-25 08:09:00,142 | INFO | [1/6] Loading raw data...
2026-04-25 08:09:00,142 | INFO | [WAIT] Loading DANGCEM
2026-04-25 08:09:00,349 | ERROR | [FAIL] Could not load DANGCEM
2026-04-25 08:09:00,349 | ERROR | [FAIL] Failed to load data
2026-04-25 08:09:00,352 | INFO | 
============================================================
2026-04-25 08:09:00,352 | INFO | Processing: MTNN
2026-04-25 08:09:00,352 | INFO | ============================================================
2026-04-25 08:09:00,352 | INFO | [1/6] Loading raw data...
2026-04-25 08:09:00,353 | INFO | [WAIT] Loading MTNN
2026-04-25 08:09:00,535 | ERROR | [FAIL] Could not load MTNN
2026-04-25 08:09:00,535 | ERROR | [FAIL] Failed to load data
2026-04-25 08:09:00,537 | INFO | 
============================================================
2026-04-25 08:09:00,537 | INFO | Processing: GTCO
2026-04-25 08:09:00,537 | INFO | ============================================================
2026-04-25 08:09:00,538 | INFO | [1/6] Loading raw data...
2026-04-25 08:09:00,538 | INFO | [WAIT] Loading GTCO
2026-04-25 08:09:00,711 | ERROR | [FAIL] Could not load GTCO
2026-04-25 08:09:00,712 | ERROR | [FAIL] Failed to load data
2026-04-25 08:09:00,713 | INFO | 
============================================================
2026-04-25 08:09:00,713 | INFO | Processing: SEPLAT
2026-04-25 08:09:00,714 | INFO | ============================================================
2026-04-25 08:09:00,714 | INFO | [1/6] Loading raw data...
2026-04-25 08:09:00,714 | INFO | [WAIT] Loading SEPLAT
2026-04-25 08:09:00,917 | ERROR | [FAIL] Could not load SEPLAT
2026-04-25 08:09:00,917 | ERROR | [FAIL] Failed to load data
2026-04-25 08:09:00,919 | INFO | 
============================================================
2026-04-25 08:09:00,919 | INFO | Processing: AIRTEL
2026-04-25 08:09:00,919 | INFO | ============================================================
2026-04-25 08:09:00,920 | INFO | [1/6] Loading raw data...
2026-04-25 08:09:00,920 | INFO | [WAIT] Loading AIRTEL
2026-04-25 08:09:01,098 | ERROR | [FAIL] Could not load AIRTEL
2026-04-25 08:09:01,098 | ERROR | [FAIL] Failed to load data
2026-04-25 08:09:01,100 | INFO | 
============================================================
2026-04-25 08:09:01,100 | INFO | Processing: INTERBREW
2026-04-25 08:09:01,101 | INFO | ============================================================
2026-04-25 08:09:01,101 | INFO | [1/6] Loading raw data...
2026-04-25 08:09:01,101 | INFO | [WAIT] Loading INTERBREW
2026-04-25 08:09:01,274 | ERROR | [FAIL] Could not load INTERBREW
2026-04-25 08:09:01,275 | ERROR | [FAIL] Failed to load data
2026-04-25 08:09:01,276 | INFO | 
============================================================
2026-04-25 08:09:01,276 | INFO | Processing: FIRSTHOLDCO
2026-04-25 08:09:01,276 | INFO | ============================================================
2026-04-25 08:09:01,276 | INFO | [1/6] Loading raw data...
2026-04-25 08:09:01,277 | INFO | [WAIT] Loading FIRSTHOLDCO
2026-04-25 08:09:01,457 | ERROR | [FAIL] Could not load FIRSTHOLDCO
2026-04-25 08:09:01,457 | ERROR | [FAIL] Failed to load data
2026-04-25 08:09:01,459 | INFO | 
============================================================
2026-04-25 08:09:01,459 | INFO | Processing: ETI
2026-04-25 08:09:01,459 | INFO | ============================================================
2026-04-25 08:09:01,460 | INFO | [1/6] Loading raw data...
2026-04-25 08:09:01,460 | INFO | [WAIT] Loading ETI
2026-04-25 08:09:01,628 | ERROR | [FAIL] Could not load ETI
2026-04-25 08:09:01,628 | ERROR | [FAIL] Failed to load data
2026-04-25 08:09:01,630 | INFO | 
============================================================
2026-04-25 08:09:01,630 | INFO | Processing: ZENITH
2026-04-25 08:09:01,630 | INFO | ============================================================
2026-04-25 08:09:01,631 | INFO | [1/6] Loading raw data...
2026-04-25 08:09:01,631 | INFO | [WAIT] Loading ZENITH
2026-04-25 08:09:01,841 | ERROR | [FAIL] Could not load ZENITH
2026-04-25 08:09:01,841 | ERROR | [FAIL] Failed to load data
2026-04-25 08:09:01,843 | INFO | 
============================================================
2026-04-25 08:09:01,843 | INFO | Processing: CWG
2026-04-25 08:09:01,843 | INFO | ============================================================
2026-04-25 08:09:01,844 | INFO | [1/6] Loading raw data...
2026-04-25 08:09:01,844 | INFO | [WAIT] Loading CWG
2026-04-25 08:09:01,989 | ERROR | [FAIL] Could not load CWG
2026-04-25 08:09:01,989 | ERROR | [FAIL] Failed to load data
2026-04-25 08:09:01,991 | INFO | 
============================================================
2026-04-25 08:09:01,991 | INFO | Processing: NESTLE
2026-04-25 08:09:01,991 | INFO | ============================================================
2026-04-25 08:09:01,992 | INFO | [1/6] Loading raw data...
2026-04-25 08:09:01,992 | INFO | [WAIT] Loading NESTLE
2026-04-25 08:09:02,191 | ERROR | [FAIL] Could not load NESTLE
2026-04-25 08:09:02,191 | ERROR | [FAIL] Failed to load data
2026-04-25 08:09:02,193 | INFO | 
============================================================
2026-04-25 08:09:02,193 | INFO | Processing: NB
2026-04-25 08:09:02,193 | INFO | ============================================================
2026-04-25 08:09:02,194 | INFO | [1/6] Loading raw data...
2026-04-25 08:09:02,194 | INFO | [WAIT] Loading NB
2026-04-25 08:09:02,380 | ERROR | [FAIL] Could not load NB
2026-04-25 08:09:02,380 | ERROR | [FAIL] Failed to load data
2026-04-25 08:09:02,382 | INFO | 
============================================================
2026-04-25 08:09:02,383 | INFO | Processing: ACCESS
2026-04-25 08:09:02,383 | INFO | ============================================================
2026-04-25 08:09:02,384 | INFO | [1/6] Loading raw data...
2026-04-25 08:09:02,384 | INFO | [WAIT] Loading ACCESS
2026-04-25 08:09:02,513 | ERROR | [FAIL] Could not load ACCESS
2026-04-25 08:09:02,514 | ERROR | [FAIL] Failed to load data
2026-04-25 08:09:02,515 | INFO | 
============================================================
2026-04-25 08:09:02,516 | INFO | Processing: WAPCO
2026-04-25 08:09:02,516 | INFO | ============================================================
2026-04-25 08:09:02,516 | INFO | [1/6] Loading raw data...
2026-04-25 08:09:02,517 | INFO | [WAIT] Loading WAPCO
2026-04-25 08:09:02,701 | ERROR | [FAIL] Could not load WAPCO
2026-04-25 08:09:02,702 | ERROR | [FAIL] Failed to load data
2026-04-25 08:09:02,706 | INFO | 
[OK] Reports saved to C:\Users\DREAMUSER\Documents\NSE Volatility Project\NSE_Volatility_Project\results\tables
2026-04-25 08:09:02,707 | INFO | 
======================================================================
2026-04-25 08:09:02,709 | INFO | PIPELINE COMPLETE
2026-04-25 08:09:02,709 | INFO | Success: 0/14 stocks
2026-04-25 08:09:02,709 | INFO | Time: 0.0 minutes
2026-04-25 08:09:02,710 | INFO | ======================================================================
2026-04-25 08:09:02,711 | INFO | Dashboard-compatible files created:
2026-04-25 08:09:02,712 | INFO |    - data/processed/{stock}_features.csv
2026-04-25 08:09:02,712 | INFO |    - results/tables/{stock}_model_comparison.csv
2026-04-25 08:09:02,713 | INFO |    - results/forecasts/{stock}_predictions.csv
2026-04-25 08:09:02,713 | INFO | 
Run: streamlit run app.py
2026-04-25 08:09:02,717 | INFO | ======================================================================
2026-04-25 08:26:06,973 | INFO | 
======================================================================
2026-04-25 08:26:06,974 | INFO | NSE STOCK VOLATILITY PREDICTION PIPELINE
2026-04-25 08:26:06,974 | INFO | Started: 2026-04-25 08:26:06
2026-04-25 08:26:06,975 | INFO | ======================================================================
2026-04-25 08:26:06,976 | INFO | [OK] Found 14 stocks to process
2026-04-25 08:26:06,976 | INFO | 
============================================================
2026-04-25 08:26:06,976 | INFO | Processing: DANGCEM
2026-04-25 08:26:06,977 | INFO | ============================================================
2026-04-25 08:26:06,977 | INFO | [1/6] Loading raw data...
2026-04-25 08:26:06,977 | INFO | [WAIT] Loading DANGCEM
2026-04-25 08:26:07,195 | ERROR | [FAIL] Could not load DANGCEM
2026-04-25 08:26:07,195 | ERROR | [FAIL] Failed to load data
2026-04-25 08:26:07,197 | INFO | 
============================================================
2026-04-25 08:26:07,198 | INFO | Processing: MTNN
2026-04-25 08:26:07,198 | INFO | ============================================================
2026-04-25 08:26:07,198 | INFO | [1/6] Loading raw data...
2026-04-25 08:26:07,198 | INFO | [WAIT] Loading MTNN
2026-04-25 08:26:07,401 | ERROR | [FAIL] Could not load MTNN
2026-04-25 08:26:07,402 | ERROR | [FAIL] Failed to load data
2026-04-25 08:26:07,403 | INFO | 
============================================================
2026-04-25 08:26:07,403 | INFO | Processing: GTCO
2026-04-25 08:26:07,404 | INFO | ============================================================
2026-04-25 08:26:07,404 | INFO | [1/6] Loading raw data...
2026-04-25 08:26:07,404 | INFO | [WAIT] Loading GTCO
2026-04-25 08:26:07,607 | ERROR | [FAIL] Could not load GTCO
2026-04-25 08:26:07,607 | ERROR | [FAIL] Failed to load data
2026-04-25 08:26:07,608 | INFO | 
============================================================
2026-04-25 08:26:07,609 | INFO | Processing: SEPLAT
2026-04-25 08:26:07,609 | INFO | ============================================================
2026-04-25 08:26:07,609 | INFO | [1/6] Loading raw data...
2026-04-25 08:26:07,609 | INFO | [WAIT] Loading SEPLAT
2026-04-25 08:26:07,788 | ERROR | [FAIL] Could not load SEPLAT
2026-04-25 08:26:07,788 | ERROR | [FAIL] Failed to load data
2026-04-25 08:26:07,790 | INFO | 
============================================================
2026-04-25 08:26:07,790 | INFO | Processing: AIRTEL
2026-04-25 08:26:07,790 | INFO | ============================================================
2026-04-25 08:26:07,790 | INFO | [1/6] Loading raw data...
2026-04-25 08:26:07,791 | INFO | [WAIT] Loading AIRTEL
2026-04-25 08:26:07,994 | ERROR | [FAIL] Could not load AIRTEL
2026-04-25 08:26:07,994 | ERROR | [FAIL] Failed to load data
2026-04-25 08:26:07,996 | INFO | 
============================================================
2026-04-25 08:26:07,996 | INFO | Processing: INTERBREW
2026-04-25 08:26:07,996 | INFO | ============================================================
2026-04-25 08:26:07,997 | INFO | [1/6] Loading raw data...
2026-04-25 08:26:07,997 | INFO | [WAIT] Loading INTERBREW
2026-04-25 08:26:08,171 | ERROR | [FAIL] Could not load INTERBREW
2026-04-25 08:26:08,171 | ERROR | [FAIL] Failed to load data
2026-04-25 08:26:08,173 | INFO | 
============================================================
2026-04-25 08:26:08,173 | INFO | Processing: FIRSTHOLDCO
2026-04-25 08:26:08,173 | INFO | ============================================================
2026-04-25 08:26:08,173 | INFO | [1/6] Loading raw data...
2026-04-25 08:26:08,174 | INFO | [WAIT] Loading FIRSTHOLDCO
2026-04-25 08:26:08,346 | ERROR | [FAIL] Could not load FIRSTHOLDCO
2026-04-25 08:26:08,346 | ERROR | [FAIL] Failed to load data
2026-04-25 08:26:08,347 | INFO | 
============================================================
2026-04-25 08:26:08,348 | INFO | Processing: ETI
2026-04-25 08:26:08,348 | INFO | ============================================================
2026-04-25 08:26:08,348 | INFO | [1/6] Loading raw data...
2026-04-25 08:26:08,348 | INFO | [WAIT] Loading ETI
2026-04-25 08:26:08,555 | ERROR | [FAIL] Could not load ETI
2026-04-25 08:26:08,555 | ERROR | [FAIL] Failed to load data
2026-04-25 08:26:08,556 | INFO | 
============================================================
2026-04-25 08:26:08,556 | INFO | Processing: ZENITH
2026-04-25 08:26:08,557 | INFO | ============================================================
2026-04-25 08:26:08,557 | INFO | [1/6] Loading raw data...
2026-04-25 08:26:08,557 | INFO | [WAIT] Loading ZENITH
2026-04-25 08:26:08,726 | ERROR | [FAIL] Could not load ZENITH
2026-04-25 08:26:08,726 | ERROR | [FAIL] Failed to load data
2026-04-25 08:26:08,728 | INFO | 
============================================================
2026-04-25 08:26:08,728 | INFO | Processing: CWG
2026-04-25 08:26:08,728 | INFO | ============================================================
2026-04-25 08:26:08,729 | INFO | [1/6] Loading raw data...
2026-04-25 08:26:08,729 | INFO | [WAIT] Loading CWG
2026-04-25 08:26:08,870 | ERROR | [FAIL] Could not load CWG
2026-04-25 08:26:08,870 | ERROR | [FAIL] Failed to load data
2026-04-25 08:26:08,872 | INFO | 
============================================================
2026-04-25 08:26:08,872 | INFO | Processing: NESTLE
2026-04-25 08:26:08,872 | INFO | ============================================================
2026-04-25 08:26:08,872 | INFO | [1/6] Loading raw data...
2026-04-25 08:26:08,873 | INFO | [WAIT] Loading NESTLE
2026-04-25 08:26:09,064 | ERROR | [FAIL] Could not load NESTLE
2026-04-25 08:26:09,065 | ERROR | [FAIL] Failed to load data
2026-04-25 08:26:09,067 | INFO | 
============================================================
2026-04-25 08:26:09,068 | INFO | Processing: NB
2026-04-25 08:26:09,068 | INFO | ============================================================
2026-04-25 08:26:09,068 | INFO | [1/6] Loading raw data...
2026-04-25 08:26:09,069 | INFO | [WAIT] Loading NB
2026-04-25 08:26:09,245 | ERROR | [FAIL] Could not load NB
2026-04-25 08:26:09,246 | ERROR | [FAIL] Failed to load data
2026-04-25 08:26:09,247 | INFO | 
============================================================
2026-04-25 08:26:09,247 | INFO | Processing: ACCESS
2026-04-25 08:26:09,247 | INFO | ============================================================
2026-04-25 08:26:09,248 | INFO | [1/6] Loading raw data...
2026-04-25 08:26:09,248 | INFO | [WAIT] Loading ACCESS
2026-04-25 08:26:09,381 | ERROR | [FAIL] Could not load ACCESS
2026-04-25 08:26:09,381 | ERROR | [FAIL] Failed to load data
2026-04-25 08:26:09,382 | INFO | 
============================================================
2026-04-25 08:26:09,382 | INFO | Processing: WAPCO
2026-04-25 08:26:09,383 | INFO | ============================================================
2026-04-25 08:26:09,383 | INFO | [1/6] Loading raw data...
2026-04-25 08:26:09,383 | INFO | [WAIT] Loading WAPCO
2026-04-25 08:26:09,576 | ERROR | [FAIL] Could not load WAPCO
2026-04-25 08:26:09,577 | ERROR | [FAIL] Failed to load data
2026-04-25 08:26:09,581 | INFO | 
[OK] Reports saved to C:\Users\DREAMUSER\Documents\NSE Volatility Project\NSE_Volatility_Project\results\tables
2026-04-25 08:26:09,581 | INFO | 
======================================================================
2026-04-25 08:26:09,582 | INFO | PIPELINE COMPLETE
2026-04-25 08:26:09,582 | INFO | Success: 0/14 stocks
2026-04-25 08:26:09,582 | INFO | Time: 0.0 minutes
2026-04-25 08:26:09,583 | INFO | ======================================================================
2026-04-25 08:26:09,583 | INFO | Dashboard-compatible files created:
2026-04-25 08:26:09,584 | INFO |    - data/processed/{stock}_features.csv
2026-04-25 08:26:09,584 | INFO |    - results/tables/{stock}_model_comparison.csv
2026-04-25 08:26:09,584 | INFO |    - results/forecasts/{stock}_predictions.csv
2026-04-25 08:26:09,584 | INFO | 
Run: streamlit run app.py
2026-04-25 08:26:09,585 | INFO | ======================================================================
2026-04-25 08:28:09,188 | INFO | 
======================================================================
2026-04-25 08:28:09,188 | INFO | NSE STOCK VOLATILITY PREDICTION PIPELINE
2026-04-25 08:28:09,188 | INFO | Started: 2026-04-25 08:28:09
2026-04-25 08:28:09,189 | INFO | ======================================================================
2026-04-25 08:28:09,190 | WARNING | [WARN] Missing: DANGCEM, MTNN, GTCO, SEPLAT, AIRTEL, INTERBREW, FIRSTHOLDCO, ETI, ZENITH, CWG, NESTLE, NB, ACCESS, WAPCO
2026-04-25 08:28:09,190 | ERROR | [FAIL] No stocks found!
2026-04-25 08:28:09,190 | INFO | [INFO] Looking in: C:\Users\DREAMUSER\Documents\NSE Volatility Project\NSE_Volatility_Project\data\raw
2026-04-25 08:43:02,709 | INFO | 
======================================================================
2026-04-25 08:43:02,709 | INFO | NSE STOCK VOLATILITY PREDICTION PIPELINE
2026-04-25 08:43:02,710 | INFO | Started: 2026-04-25 08:43:02
2026-04-25 08:43:02,710 | INFO | ======================================================================
2026-04-25 08:43:02,711 | WARNING | [WARN] Missing: DANGCEM, MTNN, GTCO, SEPLAT, AIRTEL, INTERBREW, FIRSTHOLDCO, ETI, ZENITH, CWG, NESTLE, NB, ACCESS, WAPCO
2026-04-25 08:43:02,711 | ERROR | [FAIL] No stocks found!
2026-04-25 08:43:02,712 | INFO | [INFO] Looking in: C:\Users\DREAMUSER\Documents\NSE Volatility Project\NSE_Volatility_Project\data\raw
2026-04-25 08:46:16,121 | INFO | 
======================================================================
2026-04-25 08:46:16,122 | INFO | NSE STOCK VOLATILITY PREDICTION PIPELINE
2026-04-25 08:46:16,122 | INFO | Started: 2026-04-25 08:46:16
2026-04-25 08:46:16,122 | INFO | ======================================================================
2026-04-25 08:46:16,123 | INFO | [OK] Found 14 stocks to process
2026-04-25 08:46:16,124 | INFO | 
============================================================
2026-04-25 08:46:16,124 | INFO | Processing: DANGCEM
2026-04-25 08:46:16,124 | INFO | ============================================================
2026-04-25 08:46:16,124 | INFO | [1/6] Loading raw data...
2026-04-25 08:46:16,125 | INFO | [WAIT] Loading DANGCEM
2026-04-25 08:46:16,326 | ERROR | [FAIL] Could not load DANGCEM
2026-04-25 08:46:16,326 | ERROR | [FAIL] Failed to load data
2026-04-25 08:46:16,329 | INFO | 
============================================================
2026-04-25 08:46:16,329 | INFO | Processing: MTNN
2026-04-25 08:46:16,329 | INFO | ============================================================
2026-04-25 08:46:16,330 | INFO | [1/6] Loading raw data...
2026-04-25 08:46:16,330 | INFO | [WAIT] Loading MTNN
2026-04-25 08:46:16,515 | ERROR | [FAIL] Could not load MTNN
2026-04-25 08:46:16,516 | ERROR | [FAIL] Failed to load data
2026-04-25 08:46:16,517 | INFO | 
============================================================
2026-04-25 08:46:16,517 | INFO | Processing: GTCO
2026-04-25 08:46:16,518 | INFO | ============================================================
2026-04-25 08:46:16,518 | INFO | [1/6] Loading raw data...
2026-04-25 08:46:16,518 | INFO | [WAIT] Loading GTCO
2026-04-25 08:46:16,693 | ERROR | [FAIL] Could not load GTCO
2026-04-25 08:46:16,693 | ERROR | [FAIL] Failed to load data
2026-04-25 08:46:16,694 | INFO | 
============================================================
2026-04-25 08:46:16,695 | INFO | Processing: SEPLAT
2026-04-25 08:46:16,695 | INFO | ============================================================
2026-04-25 08:46:16,695 | INFO | [1/6] Loading raw data...
2026-04-25 08:46:16,695 | INFO | [WAIT] Loading SEPLAT
2026-04-25 08:46:16,890 | ERROR | [FAIL] Could not load SEPLAT
2026-04-25 08:46:16,890 | ERROR | [FAIL] Failed to load data
2026-04-25 08:46:16,891 | INFO | 
============================================================
2026-04-25 08:46:16,892 | INFO | Processing: AIRTEL
2026-04-25 08:46:16,892 | INFO | ============================================================
2026-04-25 08:46:16,892 | INFO | [1/6] Loading raw data...
2026-04-25 08:46:16,892 | INFO | [WAIT] Loading AIRTEL
2026-04-25 08:46:17,247 | ERROR | [FAIL] Could not load AIRTEL
2026-04-25 08:46:17,247 | ERROR | [FAIL] Failed to load data
2026-04-25 08:46:17,250 | INFO | 
============================================================
2026-04-25 08:46:17,250 | INFO | Processing: INTERBREW
2026-04-25 08:46:17,251 | INFO | ============================================================
2026-04-25 08:46:17,251 | INFO | [1/6] Loading raw data...
2026-04-25 08:46:17,252 | INFO | [WAIT] Loading INTERBREW
2026-04-25 08:46:17,581 | ERROR | [FAIL] Could not load INTERBREW
2026-04-25 08:46:17,581 | ERROR | [FAIL] Failed to load data
2026-04-25 08:46:17,582 | INFO | 
============================================================
2026-04-25 08:46:17,583 | INFO | Processing: FIRSTHOLDCO
2026-04-25 08:46:17,583 | INFO | ============================================================
2026-04-25 08:46:17,583 | INFO | [1/6] Loading raw data...
2026-04-25 08:46:17,584 | INFO | [WAIT] Loading FIRSTHOLDCO
2026-04-25 08:46:17,855 | ERROR | [FAIL] Could not load FIRSTHOLDCO
2026-04-25 08:46:17,856 | ERROR | [FAIL] Failed to load data
2026-04-25 08:46:17,857 | INFO | 
============================================================
2026-04-25 08:46:17,858 | INFO | Processing: ETI
2026-04-25 08:46:17,859 | INFO | ============================================================
2026-04-25 08:46:17,859 | INFO | [1/6] Loading raw data...
2026-04-25 08:46:17,860 | INFO | [WAIT] Loading ETI
2026-04-25 08:46:18,077 | ERROR | [FAIL] Could not load ETI
2026-04-25 08:46:18,077 | ERROR | [FAIL] Failed to load data
2026-04-25 08:46:18,079 | INFO | 
============================================================
2026-04-25 08:46:18,079 | INFO | Processing: ZENITH
2026-04-25 08:46:18,079 | INFO | ============================================================
2026-04-25 08:46:18,079 | INFO | [1/6] Loading raw data...
2026-04-25 08:46:18,080 | INFO | [WAIT] Loading ZENITH
2026-04-25 08:46:18,294 | ERROR | [FAIL] Could not load ZENITH
2026-04-25 08:46:18,294 | ERROR | [FAIL] Failed to load data
2026-04-25 08:46:18,296 | INFO | 
============================================================
2026-04-25 08:46:18,296 | INFO | Processing: CWG
2026-04-25 08:46:18,296 | INFO | ============================================================
2026-04-25 08:46:18,297 | INFO | [1/6] Loading raw data...
2026-04-25 08:46:18,297 | INFO | [WAIT] Loading CWG
2026-04-25 08:46:18,459 | ERROR | [FAIL] Could not load CWG
2026-04-25 08:46:18,460 | ERROR | [FAIL] Failed to load data
2026-04-25 08:46:18,461 | INFO | 
============================================================
2026-04-25 08:46:18,462 | INFO | Processing: NESTLE
2026-04-25 08:46:18,462 | INFO | ============================================================
2026-04-25 08:46:18,462 | INFO | [1/6] Loading raw data...
2026-04-25 08:46:18,462 | INFO | [WAIT] Loading NESTLE
2026-04-25 08:46:18,666 | ERROR | [FAIL] Could not load NESTLE
2026-04-25 08:46:18,667 | ERROR | [FAIL] Failed to load data
2026-04-25 08:46:18,668 | INFO | 
============================================================
2026-04-25 08:46:18,668 | INFO | Processing: NB
2026-04-25 08:46:18,669 | INFO | ============================================================
2026-04-25 08:46:18,669 | INFO | [1/6] Loading raw data...
2026-04-25 08:46:18,669 | INFO | [WAIT] Loading NB
2026-04-25 08:46:18,850 | ERROR | [FAIL] Could not load NB
2026-04-25 08:46:18,851 | ERROR | [FAIL] Failed to load data
2026-04-25 08:46:18,852 | INFO | 
============================================================
2026-04-25 08:46:18,853 | INFO | Processing: ACCESS
2026-04-25 08:46:18,853 | INFO | ============================================================
2026-04-25 08:46:18,853 | INFO | [1/6] Loading raw data...
2026-04-25 08:46:18,854 | INFO | [WAIT] Loading ACCESS
2026-04-25 08:46:18,983 | ERROR | [FAIL] Could not load ACCESS
2026-04-25 08:46:18,983 | ERROR | [FAIL] Failed to load data
2026-04-25 08:46:18,984 | INFO | 
============================================================
2026-04-25 08:46:18,984 | INFO | Processing: WAPCO
2026-04-25 08:46:18,985 | INFO | ============================================================
2026-04-25 08:46:18,985 | INFO | [1/6] Loading raw data...
2026-04-25 08:46:18,985 | INFO | [WAIT] Loading WAPCO
2026-04-25 08:46:19,166 | ERROR | [FAIL] Could not load WAPCO
2026-04-25 08:46:19,167 | ERROR | [FAIL] Failed to load data
2026-04-25 08:46:19,171 | INFO | 
[OK] Reports saved to C:\Users\DREAMUSER\Documents\NSE Volatility Project\NSE_Volatility_Project\results\tables
2026-04-25 08:46:19,172 | INFO | 
======================================================================
2026-04-25 08:46:19,172 | INFO | PIPELINE COMPLETE
2026-04-25 08:46:19,173 | INFO | Success: 0/14 stocks
2026-04-25 08:46:19,174 | INFO | Time: 0.1 minutes
2026-04-25 08:46:19,174 | INFO | ======================================================================
2026-04-25 08:46:19,174 | INFO | Dashboard-compatible files created:
2026-04-25 08:46:19,175 | INFO |    - data/processed/{stock}_features.csv
2026-04-25 08:46:19,176 | INFO |    - results/tables/{stock}_model_comparison.csv
2026-04-25 08:46:19,177 | INFO |    - results/forecasts/{stock}_predictions.csv
2026-04-25 08:46:19,177 | INFO | 
Run: streamlit run app.py
2026-04-25 08:46:19,177 | INFO | ======================================================================
2026-04-25 08:57:44,187 | INFO | 
======================================================================
2026-04-25 08:57:44,187 | INFO | NSE STOCK VOLATILITY PREDICTION PIPELINE
2026-04-25 08:57:44,188 | INFO | Started: 2026-04-25 08:57:44
2026-04-25 08:57:44,188 | INFO | ======================================================================
2026-04-25 08:57:44,189 | INFO | [OK] Found 14 stocks to process
2026-04-25 08:57:44,190 | INFO | 
============================================================
2026-04-25 08:57:44,190 | INFO | Processing: DANGCEM
2026-04-25 08:57:44,190 | INFO | ============================================================
2026-04-25 08:57:44,190 | INFO | [1/6] Loading raw data...
2026-04-25 08:57:44,191 | INFO | [WAIT] Loading DANGCEM
2026-04-25 08:57:44,391 | ERROR | [FAIL] Could not load DANGCEM
2026-04-25 08:57:44,391 | ERROR | [FAIL] Failed to load data
2026-04-25 08:57:44,394 | INFO | 
============================================================
2026-04-25 08:57:44,394 | INFO | Processing: MTNN
2026-04-25 08:57:44,394 | INFO | ============================================================
2026-04-25 08:57:44,394 | INFO | [1/6] Loading raw data...
2026-04-25 08:57:44,395 | INFO | [WAIT] Loading MTNN
2026-04-25 08:57:44,583 | ERROR | [FAIL] Could not load MTNN
2026-04-25 08:57:44,584 | ERROR | [FAIL] Failed to load data
2026-04-25 08:57:44,585 | INFO | 
============================================================
2026-04-25 08:57:44,586 | INFO | Processing: GTCO
2026-04-25 08:57:44,586 | INFO | ============================================================
2026-04-25 08:57:44,586 | INFO | [1/6] Loading raw data...
2026-04-25 08:57:44,586 | INFO | [WAIT] Loading GTCO
2026-04-25 08:57:44,776 | ERROR | [FAIL] Could not load GTCO
2026-04-25 08:57:44,776 | ERROR | [FAIL] Failed to load data
2026-04-25 08:57:44,778 | INFO | 
============================================================
2026-04-25 08:57:44,778 | INFO | Processing: SEPLAT
2026-04-25 08:57:44,778 | INFO | ============================================================
2026-04-25 08:57:44,779 | INFO | [1/6] Loading raw data...
2026-04-25 08:57:44,779 | INFO | [WAIT] Loading SEPLAT
2026-04-25 08:57:44,995 | ERROR | [FAIL] Could not load SEPLAT
2026-04-25 08:57:44,996 | ERROR | [FAIL] Failed to load data
2026-04-25 08:57:44,997 | INFO | 
============================================================
2026-04-25 08:57:44,997 | INFO | Processing: AIRTEL
2026-04-25 08:57:44,998 | INFO | ============================================================
2026-04-25 08:57:44,998 | INFO | [1/6] Loading raw data...
2026-04-25 08:57:44,998 | INFO | [WAIT] Loading AIRTEL
2026-04-25 08:57:45,190 | ERROR | [FAIL] Could not load AIRTEL
2026-04-25 08:57:45,191 | ERROR | [FAIL] Failed to load data
2026-04-25 08:57:45,192 | INFO | 
============================================================
2026-04-25 08:57:45,192 | INFO | Processing: INTERBREW
2026-04-25 08:57:45,192 | INFO | ============================================================
2026-04-25 08:57:45,193 | INFO | [1/6] Loading raw data...
2026-04-25 08:57:45,193 | INFO | [WAIT] Loading INTERBREW
2026-04-25 08:57:45,372 | ERROR | [FAIL] Could not load INTERBREW
2026-04-25 08:57:45,372 | ERROR | [FAIL] Failed to load data
2026-04-25 08:57:45,373 | INFO | 
============================================================
2026-04-25 08:57:45,374 | INFO | Processing: FIRSTHOLDCO
2026-04-25 08:57:45,374 | INFO | ============================================================
2026-04-25 08:57:45,374 | INFO | [1/6] Loading raw data...
2026-04-25 08:57:45,374 | INFO | [WAIT] Loading FIRSTHOLDCO
2026-04-25 08:57:45,561 | ERROR | [FAIL] Could not load FIRSTHOLDCO
2026-04-25 08:57:45,562 | ERROR | [FAIL] Failed to load data
2026-04-25 08:57:45,563 | INFO | 
============================================================
2026-04-25 08:57:45,563 | INFO | Processing: ETI
2026-04-25 08:57:45,563 | INFO | ============================================================
2026-04-25 08:57:45,564 | INFO | [1/6] Loading raw data...
2026-04-25 08:57:45,564 | INFO | [WAIT] Loading ETI
2026-04-25 08:57:45,755 | ERROR | [FAIL] Could not load ETI
2026-04-25 08:57:45,756 | ERROR | [FAIL] Failed to load data
2026-04-25 08:57:45,757 | INFO | 
============================================================
2026-04-25 08:57:45,757 | INFO | Processing: ZENITH
2026-04-25 08:57:45,757 | INFO | ============================================================
2026-04-25 08:57:45,758 | INFO | [1/6] Loading raw data...
2026-04-25 08:57:45,758 | INFO | [WAIT] Loading ZENITH
2026-04-25 08:57:45,934 | ERROR | [FAIL] Could not load ZENITH
2026-04-25 08:57:45,934 | ERROR | [FAIL] Failed to load data
2026-04-25 08:57:45,936 | INFO | 
============================================================
2026-04-25 08:57:45,936 | INFO | Processing: CWG
2026-04-25 08:57:45,936 | INFO | ============================================================
2026-04-25 08:57:45,936 | INFO | [1/6] Loading raw data...
2026-04-25 08:57:45,937 | INFO | [WAIT] Loading CWG
2026-04-25 08:57:46,090 | ERROR | [FAIL] Could not load CWG
2026-04-25 08:57:46,090 | ERROR | [FAIL] Failed to load data
2026-04-25 08:57:46,092 | INFO | 
============================================================
2026-04-25 08:57:46,092 | INFO | Processing: NESTLE
2026-04-25 08:57:46,093 | INFO | ============================================================
2026-04-25 08:57:46,093 | INFO | [1/6] Loading raw data...
2026-04-25 08:57:46,093 | INFO | [WAIT] Loading NESTLE
2026-04-25 08:57:46,279 | ERROR | [FAIL] Could not load NESTLE
2026-04-25 08:57:46,279 | ERROR | [FAIL] Failed to load data
2026-04-25 08:57:46,280 | INFO | 
============================================================
2026-04-25 08:57:46,281 | INFO | Processing: NB
2026-04-25 08:57:46,281 | INFO | ============================================================
2026-04-25 08:57:46,281 | INFO | [1/6] Loading raw data...
2026-04-25 08:57:46,282 | INFO | [WAIT] Loading NB
2026-04-25 08:57:46,470 | ERROR | [FAIL] Could not load NB
2026-04-25 08:57:46,470 | ERROR | [FAIL] Failed to load data
2026-04-25 08:57:46,472 | INFO | 
============================================================
2026-04-25 08:57:46,472 | INFO | Processing: ACCESS
2026-04-25 08:57:46,472 | INFO | ============================================================
2026-04-25 08:57:46,472 | INFO | [1/6] Loading raw data...
2026-04-25 08:57:46,473 | INFO | [WAIT] Loading ACCESS
2026-04-25 08:57:46,601 | ERROR | [FAIL] Could not load ACCESS
2026-04-25 08:57:46,601 | ERROR | [FAIL] Failed to load data
2026-04-25 08:57:46,602 | INFO | 
============================================================
2026-04-25 08:57:46,603 | INFO | Processing: WAPCO
2026-04-25 08:57:46,603 | INFO | ============================================================
2026-04-25 08:57:46,603 | INFO | [1/6] Loading raw data...
2026-04-25 08:57:46,603 | INFO | [WAIT] Loading WAPCO
2026-04-25 08:57:46,792 | ERROR | [FAIL] Could not load WAPCO
2026-04-25 08:57:46,793 | ERROR | [FAIL] Failed to load data
2026-04-25 08:57:46,797 | INFO | 
[OK] Reports saved to C:\Users\DREAMUSER\Documents\NSE Volatility Project\NSE_Volatility_Project\results\tables
2026-04-25 08:57:46,797 | INFO | 
======================================================================
2026-04-25 08:57:46,798 | INFO | PIPELINE COMPLETE
2026-04-25 08:57:46,798 | INFO | Success: 0/14 stocks
2026-04-25 08:57:46,798 | INFO | Time: 0.0 minutes
2026-04-25 08:57:46,799 | INFO | ======================================================================
2026-04-25 08:57:46,799 | INFO | Dashboard-compatible files created:
2026-04-25 08:57:46,800 | INFO |    - data/processed/{stock}_features.csv
2026-04-25 08:57:46,800 | INFO |    - results/tables/{stock}_model_comparison.csv
2026-04-25 08:57:46,800 | INFO |    - results/forecasts/{stock}_predictions.csv
2026-04-25 08:57:46,800 | INFO | 
Run: streamlit run app.py
2026-04-25 08:57:46,801 | INFO | ======================================================================
2026-04-25 09:12:26,368 | INFO | 
======================================================================
2026-04-25 09:12:26,368 | INFO | NSE STOCK VOLATILITY PREDICTION PIPELINE
2026-04-25 09:12:26,369 | INFO | Started: 2026-04-25 09:12:26
2026-04-25 09:12:26,369 | INFO | ======================================================================
2026-04-25 09:12:26,370 | INFO | [OK] Found 14 stocks to process
2026-04-25 09:12:26,371 | INFO | 
============================================================
2026-04-25 09:12:26,371 | INFO | Processing: DANGCEM
2026-04-25 09:12:26,371 | INFO | ============================================================
2026-04-25 09:12:26,371 | INFO | [1/6] Loading raw data...
2026-04-25 09:12:26,372 | ERROR | [FAIL] Path.copy() missing 1 required positional argument: 'target'
2026-04-25 09:12:26,375 | INFO | 
============================================================
2026-04-25 09:12:26,376 | INFO | Processing: MTNN
2026-04-25 09:12:26,376 | INFO | ============================================================
2026-04-25 09:12:26,376 | INFO | [1/6] Loading raw data...
2026-04-25 09:12:26,377 | ERROR | [FAIL] Path.copy() missing 1 required positional argument: 'target'
2026-04-25 09:12:26,378 | INFO | 
============================================================
2026-04-25 09:12:26,379 | INFO | Processing: GTCO
2026-04-25 09:12:26,379 | INFO | ============================================================
2026-04-25 09:12:26,379 | INFO | [1/6] Loading raw data...
2026-04-25 09:12:26,380 | ERROR | [FAIL] Path.copy() missing 1 required positional argument: 'target'
2026-04-25 09:12:26,381 | INFO | 
============================================================
2026-04-25 09:12:26,381 | INFO | Processing: SEPLAT
2026-04-25 09:12:26,382 | INFO | ============================================================
2026-04-25 09:12:26,382 | INFO | [1/6] Loading raw data...
2026-04-25 09:12:26,383 | ERROR | [FAIL] Path.copy() missing 1 required positional argument: 'target'
2026-04-25 09:12:26,384 | INFO | 
============================================================
2026-04-25 09:12:26,384 | INFO | Processing: AIRTEL
2026-04-25 09:12:26,385 | INFO | ============================================================
2026-04-25 09:12:26,385 | INFO | [1/6] Loading raw data...
2026-04-25 09:12:26,385 | ERROR | [FAIL] Path.copy() missing 1 required positional argument: 'target'
2026-04-25 09:12:26,386 | INFO | 
============================================================
2026-04-25 09:12:26,387 | INFO | Processing: INTERBREW
2026-04-25 09:12:26,387 | INFO | ============================================================
2026-04-25 09:12:26,388 | INFO | [1/6] Loading raw data...
2026-04-25 09:12:26,389 | ERROR | [FAIL] Path.copy() missing 1 required positional argument: 'target'
2026-04-25 09:12:26,390 | INFO | 
============================================================
2026-04-25 09:12:26,392 | INFO | Processing: FIRSTHOLDCO
2026-04-25 09:12:26,393 | INFO | ============================================================
2026-04-25 09:12:26,393 | INFO | [1/6] Loading raw data...
2026-04-25 09:12:26,395 | ERROR | [FAIL] Path.copy() missing 1 required positional argument: 'target'
2026-04-25 09:12:26,397 | INFO | 
============================================================
2026-04-25 09:12:26,397 | INFO | Processing: ETI
2026-04-25 09:12:26,397 | INFO | ============================================================
2026-04-25 09:12:26,398 | INFO | [1/6] Loading raw data...
2026-04-25 09:12:26,398 | ERROR | [FAIL] Path.copy() missing 1 required positional argument: 'target'
2026-04-25 09:12:26,399 | INFO | 
============================================================
2026-04-25 09:12:26,400 | INFO | Processing: ZENITH
2026-04-25 09:12:26,400 | INFO | ============================================================
2026-04-25 09:12:26,400 | INFO | [1/6] Loading raw data...
2026-04-25 09:12:26,401 | ERROR | [FAIL] Path.copy() missing 1 required positional argument: 'target'
2026-04-25 09:12:26,402 | INFO | 
============================================================
2026-04-25 09:12:26,402 | INFO | Processing: CWG
2026-04-25 09:12:26,402 | INFO | ============================================================
2026-04-25 09:12:26,403 | INFO | [1/6] Loading raw data...
2026-04-25 09:12:26,403 | ERROR | [FAIL] Path.copy() missing 1 required positional argument: 'target'
2026-04-25 09:12:26,406 | INFO | 
============================================================
2026-04-25 09:12:26,406 | INFO | Processing: NESTLE
2026-04-25 09:12:26,407 | INFO | ============================================================
2026-04-25 09:12:26,409 | INFO | [1/6] Loading raw data...
2026-04-25 09:12:26,411 | ERROR | [FAIL] Path.copy() missing 1 required positional argument: 'target'
2026-04-25 09:12:26,415 | INFO | 
============================================================
2026-04-25 09:12:26,416 | INFO | Processing: NB
2026-04-25 09:12:26,416 | INFO | ============================================================
2026-04-25 09:12:26,417 | INFO | [1/6] Loading raw data...
2026-04-25 09:12:26,417 | ERROR | [FAIL] Path.copy() missing 1 required positional argument: 'target'
2026-04-25 09:12:26,418 | INFO | 
============================================================
2026-04-25 09:12:26,419 | INFO | Processing: ACCESS
2026-04-25 09:12:26,419 | INFO | ============================================================
2026-04-25 09:12:26,419 | INFO | [1/6] Loading raw data...
2026-04-25 09:12:26,420 | ERROR | [FAIL] Path.copy() missing 1 required positional argument: 'target'
2026-04-25 09:12:26,421 | INFO | 
============================================================
2026-04-25 09:12:26,421 | INFO | Processing: WAPCO
2026-04-25 09:12:26,422 | INFO | ============================================================
2026-04-25 09:12:26,422 | INFO | [1/6] Loading raw data...
2026-04-25 09:12:26,423 | ERROR | [FAIL] Path.copy() missing 1 required positional argument: 'target'
2026-04-25 09:12:26,435 | INFO | 
[OK] Reports saved to C:\Users\DREAMUSER\Documents\NSE Volatility Project\NSE_Volatility_Project\results\tables
2026-04-25 09:12:26,435 | INFO | 
======================================================================
2026-04-25 09:12:26,435 | INFO | PIPELINE COMPLETE
2026-04-25 09:12:26,436 | INFO | Success: 0/14 stocks
2026-04-25 09:12:26,436 | INFO | Time: 0.0 minutes
2026-04-25 09:12:26,437 | INFO | ======================================================================
2026-04-25 09:12:26,437 | INFO | Dashboard-compatible files created:
2026-04-25 09:12:26,437 | INFO |    - data/processed/{stock}_features.csv
2026-04-25 09:12:26,437 | INFO |    - results/tables/{stock}_model_comparison.csv
2026-04-25 09:12:26,438 | INFO |    - results/forecasts/{stock}_predictions.csv
2026-04-25 09:12:26,438 | INFO | 
Run: streamlit run app.py
2026-04-25 09:12:26,438 | INFO | ======================================================================
2026-04-25 09:28:35,405 | INFO | 
======================================================================
2026-04-25 09:28:35,406 | INFO | NSE STOCK VOLATILITY PREDICTION PIPELINE
2026-04-25 09:28:35,406 | INFO | Started: 2026-04-25 09:28:35
2026-04-25 09:28:35,406 | INFO | ======================================================================
2026-04-25 09:28:35,408 | INFO | [OK] Found 14 stocks to process
2026-04-25 09:28:35,408 | INFO | 
============================================================
2026-04-25 09:28:35,408 | INFO | Processing: DANGCEM
2026-04-25 09:28:35,408 | INFO | ============================================================
2026-04-25 09:28:35,408 | INFO | [1/6] Loading raw data...
2026-04-25 09:28:35,409 | INFO | [WAIT] Loading DANGCEM from C:\Users\DREAMUSER\Documents\NSE Volatility Project\NSE_Volatility_Project\data\raw\DANGCEM.csv
2026-04-25 09:28:35,409 | INFO |    Trying encoding: utf-8
2026-04-25 09:28:35,425 | INFO |    Read 1545 rows with 7 columns using utf-8
2026-04-25 09:28:35,426 | INFO |    Original columns: ['Date', 'Price', 'Open', 'High', 'Low', 'Vol.', 'Change %']
2026-04-25 09:28:35,426 | INFO |    Cleaned columns: ['Date', 'Price', 'Open', 'High', 'Low', 'Vol.', 'Change %']
2026-04-25 09:28:35,440 | INFO |    First few rows:
        Date  Price   Open   High    Low     Vol. Change %
0  3/27/2026  810.0  810.0  810.0  800.0  857.88K    0.00%
1  3/26/2026  810.0  810.0  810.0  810.0    1.13M    0.00%
2026-04-25 09:28:35,441 | INFO |    Column map: {'date': 'Date', 'price': 'Price', 'open': 'Open', 'high': 'High', 'low': 'Low', 'vol.': 'Vol.', 'change_%': 'Change %'}
2026-04-25 09:28:35,442 | INFO |    Matched columns: {'Price': 'Price', 'Open': 'Open', 'High': 'High', 'Low': 'Low'}
2026-04-25 09:28:35,521 | INFO |    Final DataFrame: 1545 rows, columns: ['Date', 'Price', 'Open', 'High', 'Low', 'Volume']
2026-04-25 09:28:35,521 | INFO | [OK] Loaded 1545 rows
2026-04-25 09:28:35,522 | INFO |    Loaded 1545 rows, columns: ['Date', 'Price', 'Open', 'High', 'Low', 'Volume']
2026-04-25 09:28:35,522 | INFO | [2/6] Engineering features...
2026-04-25 09:28:35,603 | INFO |    Created 946 rows with 48 features
2026-04-25 09:28:35,603 | INFO | [3/6] Saving processed data...
2026-04-25 09:28:35,681 | INFO |    Saved: C:\Users\DREAMUSER\Documents\NSE Volatility Project\NSE_Volatility_Project\data\processed\DANGCEM_features.csv
2026-04-25 09:28:35,681 | INFO | [4/6] Preparing ML dataset...
2026-04-25 09:28:35,691 | INFO | [5/6] Training ML models...
2026-04-25 09:28:36,374 | INFO |    Random Forest: RMSE=0.051811
2026-04-25 09:28:36,405 | INFO |    Ridge: RMSE=0.050804
2026-04-25 09:28:37,909 | INFO |    XGBoost: RMSE=0.054207
2026-04-25 09:28:37,909 | INFO | [6/6] Evaluating and saving results...
2026-04-25 09:28:37,924 | INFO |    Saved comparison: C:\Users\DREAMUSER\Documents\NSE Volatility Project\NSE_Volatility_Project\results\tables\DANGCEM_model_comparison.csv
2026-04-25 09:28:37,933 | INFO |    Saved predictions: C:\Users\DREAMUSER\Documents\NSE Volatility Project\NSE_Volatility_Project\results\forecasts\DANGCEM_predictions.csv
2026-04-25 09:28:37,936 | INFO | [OK] Best: Ridge, RMSE: 0.050804, MAPE: 10.04%
2026-04-25 09:28:37,941 | INFO | 
============================================================
2026-04-25 09:28:37,942 | INFO | Processing: MTNN
2026-04-25 09:28:37,942 | INFO | ============================================================
2026-04-25 09:28:37,942 | INFO | [1/6] Loading raw data...
2026-04-25 09:28:37,943 | INFO | [WAIT] Loading MTNN from C:\Users\DREAMUSER\Documents\NSE Volatility Project\NSE_Volatility_Project\data\raw\MTNN.csv
2026-04-25 09:28:37,944 | INFO |    Trying encoding: utf-8
2026-04-25 09:28:37,958 | INFO |    Read 1545 rows with 7 columns using utf-8
2026-04-25 09:28:37,960 | INFO |    Original columns: ['Date', 'Price', 'Open', 'High', 'Low', 'Vol.', 'Change %']
2026-04-25 09:28:37,960 | INFO |    Cleaned columns: ['Date', 'Price', 'Open', 'High', 'Low', 'Vol.', 'Change %']
2026-04-25 09:28:37,974 | INFO |    First few rows:
         Date  Price   Open   High    Low    Vol. Change %
0  03/27/2026  718.0  719.1  720.0  717.0   3.77M   -0.15%
1  03/26/2026  719.1  718.0  720.0  718.0  15.37M    0.15%
2026-04-25 09:28:37,974 | INFO |    Column map: {'date': 'Date', 'price': 'Price', 'open': 'Open', 'high': 'High', 'low': 'Low', 'vol.': 'Vol.', 'change_%': 'Change %'}
2026-04-25 09:28:37,975 | INFO |    Matched columns: {'Price': 'Price', 'Open': 'Open', 'High': 'High', 'Low': 'Low'}
2026-04-25 09:28:38,020 | INFO |    Final DataFrame: 1545 rows, columns: ['Date', 'Price', 'Open', 'High', 'Low', 'Volume']
2026-04-25 09:28:38,021 | INFO | [OK] Loaded 1545 rows
2026-04-25 09:28:38,021 | INFO |    Loaded 1545 rows, columns: ['Date', 'Price', 'Open', 'High', 'Low', 'Volume']
2026-04-25 09:28:38,021 | INFO | [2/6] Engineering features...
2026-04-25 09:28:38,080 | INFO |    Created 1282 rows with 48 features
2026-04-25 09:28:38,080 | INFO | [3/6] Saving processed data...
2026-04-25 09:28:38,320 | INFO |    Saved: C:\Users\DREAMUSER\Documents\NSE Volatility Project\NSE_Volatility_Project\data\processed\MTNN_features.csv
2026-04-25 09:28:38,320 | INFO | [4/6] Preparing ML dataset...
2026-04-25 09:28:38,325 | INFO | [5/6] Training ML models...
2026-04-25 09:28:39,279 | INFO |    Random Forest: RMSE=0.045903
2026-04-25 09:28:39,310 | INFO |    Ridge: RMSE=0.050053
2026-04-25 09:28:40,053 | INFO |    XGBoost: RMSE=0.058028
2026-04-25 09:28:40,054 | INFO | [6/6] Evaluating and saving results...
2026-04-25 09:28:40,066 | INFO |    Saved comparison: C:\Users\DREAMUSER\Documents\NSE Volatility Project\NSE_Volatility_Project\results\tables\MTNN_model_comparison.csv
2026-04-25 09:28:40,076 | INFO |    Saved predictions: C:\Users\DREAMUSER\Documents\NSE Volatility Project\NSE_Volatility_Project\results\forecasts\MTNN_predictions.csv
2026-04-25 09:28:40,077 | INFO | [OK] Best: Random Forest, RMSE: 0.045903, MAPE: 9.90%
2026-04-25 09:28:40,080 | INFO | 
============================================================
2026-04-25 09:28:40,080 | INFO | Processing: GTCO
2026-04-25 09:28:40,081 | INFO | ============================================================
2026-04-25 09:28:40,082 | INFO | [1/6] Loading raw data...
2026-04-25 09:28:40,083 | INFO | [WAIT] Loading GTCO from C:\Users\DREAMUSER\Documents\NSE Volatility Project\NSE_Volatility_Project\data\raw\GTCO.csv
2026-04-25 09:28:40,083 | INFO |    Trying encoding: utf-8
2026-04-25 09:28:40,101 | INFO |    Read 1541 rows with 7 columns using utf-8
2026-04-25 09:28:40,102 | INFO |    Original columns: ['Date', 'Price', 'Open', 'High', 'Low', 'Vol.', 'Change %']
2026-04-25 09:28:40,103 | INFO |    Cleaned columns: ['Date', 'Price', 'Open', 'High', 'Low', 'Vol.', 'Change %']
2026-04-25 09:28:40,116 | INFO |    First few rows:
         Date  Price    Open   High    Low    Vol. Change %
0  03/27/2026  116.1  115.40  116.9  112.0  19.18M    0.61%
1  03/26/2026  115.4  114.55  115.5  115.3   9.53M    0.74%
2026-04-25 09:28:40,118 | INFO |    Column map: {'date': 'Date', 'price': 'Price', 'open': 'Open', 'high': 'High', 'low': 'Low', 'vol.': 'Vol.', 'change_%': 'Change %'}
2026-04-25 09:28:40,118 | INFO |    Matched columns: {'Price': 'Price', 'Open': 'Open', 'High': 'High', 'Low': 'Low'}
2026-04-25 09:28:40,157 | INFO |    Final DataFrame: 1541 rows, columns: ['Date', 'Price', 'Open', 'High', 'Low', 'Volume']
2026-04-25 09:28:40,158 | INFO | [OK] Loaded 1541 rows
2026-04-25 09:28:40,158 | INFO |    Loaded 1541 rows, columns: ['Date', 'Price', 'Open', 'High', 'Low', 'Volume']
2026-04-25 09:28:40,158 | INFO | [2/6] Engineering features...
2026-04-25 09:28:40,221 | INFO |    Created 1288 rows with 48 features
2026-04-25 09:28:40,221 | INFO | [3/6] Saving processed data...
2026-04-25 09:28:40,355 | INFO |    Saved: C:\Users\DREAMUSER\Documents\NSE Volatility Project\NSE_Volatility_Project\data\processed\GTCO_features.csv
2026-04-25 09:28:40,355 | INFO | [4/6] Preparing ML dataset...
2026-04-25 09:28:40,360 | INFO | [5/6] Training ML models...
2026-04-25 09:28:41,389 | INFO |    Random Forest: RMSE=0.040092
2026-04-25 09:28:41,407 | INFO |    Ridge: RMSE=0.037164
2026-04-25 09:28:42,221 | INFO |    XGBoost: RMSE=0.040271
2026-04-25 09:28:42,221 | INFO | [6/6] Evaluating and saving results...
2026-04-25 09:28:42,235 | INFO |    Saved comparison: C:\Users\DREAMUSER\Documents\NSE Volatility Project\NSE_Volatility_Project\results\tables\GTCO_model_comparison.csv
2026-04-25 09:28:42,244 | INFO |    Saved predictions: C:\Users\DREAMUSER\Documents\NSE Volatility Project\NSE_Volatility_Project\results\forecasts\GTCO_predictions.csv
2026-04-25 09:28:42,246 | INFO | [OK] Best: Ridge, RMSE: 0.037164, MAPE: 7.51%
2026-04-25 09:28:42,250 | INFO | 
============================================================
2026-04-25 09:28:42,250 | INFO | Processing: SEPLAT
2026-04-25 09:28:42,251 | INFO | ============================================================
2026-04-25 09:28:42,251 | INFO | [1/6] Loading raw data...
2026-04-25 09:28:42,252 | INFO | [WAIT] Loading SEPLAT from C:\Users\DREAMUSER\Documents\NSE Volatility Project\NSE_Volatility_Project\data\raw\SEPLAT.csv
2026-04-25 09:28:42,254 | INFO |    Trying encoding: utf-8
2026-04-25 09:28:42,278 | INFO |    Read 1546 rows with 7 columns using utf-8
2026-04-25 09:28:42,280 | INFO |    Original columns: ['Date', 'Price', 'Open', 'High', 'Low', 'Vol.', 'Change %']
2026-04-25 09:28:42,283 | INFO |    Cleaned columns: ['Date', 'Price', 'Open', 'High', 'Low', 'Vol.', 'Change %']
2026-04-25 09:28:42,293 | INFO |    First few rows:
         Date     Price      Open      High       Low     Vol. Change %
0  03/27/2026  9,099.90  9,099.90  9,450.00  9,000.10   30.88K    0.00%
1  03/26/2026  9,099.90  9,099.90  9,099.90  9,099.90  137.41K    0.00%
2026-04-25 09:28:42,294 | INFO |    Column map: {'date': 'Date', 'price': 'Price', 'open': 'Open', 'high': 'High', 'low': 'Low', 'vol.': 'Vol.', 'change_%': 'Change %'}
2026-04-25 09:28:42,294 | INFO |    Matched columns: {'Price': 'Price', 'Open': 'Open', 'High': 'High', 'Low': 'Low'}
2026-04-25 09:28:42,340 | INFO |    Final DataFrame: 591 rows, columns: ['Date', 'Price', 'Open', 'High', 'Low', 'Volume']
2026-04-25 09:28:42,340 | INFO | [OK] Loaded 591 rows
2026-04-25 09:28:42,341 | INFO |    Loaded 591 rows, columns: ['Date', 'Price', 'Open', 'High', 'Low', 'Volume']
2026-04-25 09:28:42,341 | INFO | [2/6] Engineering features...
2026-04-25 09:28:42,400 | INFO |    Created 270 rows with 48 features
2026-04-25 09:28:42,400 | INFO | [3/6] Saving processed data...
2026-04-25 09:28:42,423 | INFO |    Saved: C:\Users\DREAMUSER\Documents\NSE Volatility Project\NSE_Volatility_Project\data\processed\SEPLAT_features.csv
2026-04-25 09:28:42,424 | INFO | [4/6] Preparing ML dataset...
2026-04-25 09:28:42,430 | INFO | [5/6] Training ML models...
2026-04-25 09:28:42,749 | INFO |    Random Forest: RMSE=0.103676
2026-04-25 09:28:42,786 | INFO |    Ridge: RMSE=0.099766
2026-04-25 09:28:42,977 | INFO |    XGBoost: RMSE=0.153734
2026-04-25 09:28:42,977 | INFO | [6/6] Evaluating and saving results...
2026-04-25 09:28:42,991 | INFO |    Saved comparison: C:\Users\DREAMUSER\Documents\NSE Volatility Project\NSE_Volatility_Project\results\tables\SEPLAT_model_comparison.csv
2026-04-25 09:28:43,001 | INFO |    Saved predictions: C:\Users\DREAMUSER\Documents\NSE Volatility Project\NSE_Volatility_Project\results\forecasts\SEPLAT_predictions.csv
2026-04-25 09:28:43,002 | INFO | [OK] Best: Ridge, RMSE: 0.099766, MAPE: 24.10%
2026-04-25 09:28:43,004 | INFO | 
============================================================
2026-04-25 09:28:43,004 | INFO | Processing: AIRTEL
2026-04-25 09:28:43,004 | INFO | ============================================================
2026-04-25 09:28:43,004 | INFO | [1/6] Loading raw data...
2026-04-25 09:28:43,005 | INFO | [WAIT] Loading AIRTEL from C:\Users\DREAMUSER\Documents\NSE Volatility Project\NSE_Volatility_Project\data\raw\AIRTEL.csv
2026-04-25 09:28:43,005 | INFO |    Trying encoding: utf-8
2026-04-25 09:28:43,021 | INFO |    Read 1530 rows with 7 columns using utf-8
2026-04-25 09:28:43,022 | INFO |    Original columns: ['Date', 'Price', 'Open', 'High', 'Low', 'Vol.', 'Change %']
2026-04-25 09:28:43,022 | INFO |    Cleaned columns: ['Date', 'Price', 'Open', 'High', 'Low', 'Vol.', 'Change %']
2026-04-25 09:28:43,039 | INFO |    First few rows:
         Date     Price      Open      High       Low   Vol. Change %
0  03/27/2026  2,497.00  2,497.00  2,746.70  2,497.00  0.42K    0.00%
1  03/26/2026  2,497.00  2,497.00  2,497.00  2,497.00    NaN    0.00%
2026-04-25 09:28:43,040 | INFO |    Column map: {'date': 'Date', 'price': 'Price', 'open': 'Open', 'high': 'High', 'low': 'Low', 'vol.': 'Vol.', 'change_%': 'Change %'}
2026-04-25 09:28:43,040 | INFO |    Matched columns: {'Price': 'Price', 'Open': 'Open', 'High': 'High', 'Low': 'Low'}
2026-04-25 09:28:43,093 | INFO |    Final DataFrame: 482 rows, columns: ['Date', 'Price', 'Open', 'High', 'Low', 'Volume']
2026-04-25 09:28:43,093 | INFO | [OK] Loaded 482 rows
2026-04-25 09:28:43,094 | INFO |    Loaded 482 rows, columns: ['Date', 'Price', 'Open', 'High', 'Low', 'Volume']
2026-04-25 09:28:43,094 | INFO | [2/6] Engineering features...
2026-04-25 09:28:43,156 | INFO |    Created 147 rows with 48 features
2026-04-25 09:28:43,156 | INFO | [3/6] Saving processed data...
2026-04-25 09:28:43,169 | INFO |    Saved: C:\Users\DREAMUSER\Documents\NSE Volatility Project\NSE_Volatility_Project\data\processed\AIRTEL_features.csv
2026-04-25 09:28:43,170 | INFO | [4/6] Preparing ML dataset...
2026-04-25 09:28:43,176 | INFO | [5/6] Training ML models...
2026-04-25 09:28:43,550 | INFO |    Random Forest: RMSE=0.050599
2026-04-25 09:28:43,557 | INFO |    Ridge: RMSE=0.097376
2026-04-25 09:28:43,648 | INFO |    XGBoost: RMSE=0.107524
2026-04-25 09:28:43,648 | INFO | [6/6] Evaluating and saving results...
2026-04-25 09:28:43,664 | INFO |    Saved comparison: C:\Users\DREAMUSER\Documents\NSE Volatility Project\NSE_Volatility_Project\results\tables\AIRTEL_model_comparison.csv
2026-04-25 09:28:43,674 | INFO |    Saved predictions: C:\Users\DREAMUSER\Documents\NSE Volatility Project\NSE_Volatility_Project\results\forecasts\AIRTEL_predictions.csv
2026-04-25 09:28:43,675 | INFO | [OK] Best: Random Forest, RMSE: 0.050599, MAPE: 19.82%
2026-04-25 09:28:43,677 | INFO | 
============================================================
2026-04-25 09:28:43,677 | INFO | Processing: INTERBREW
2026-04-25 09:28:43,678 | INFO | ============================================================
2026-04-25 09:28:43,678 | INFO | [1/6] Loading raw data...
2026-04-25 09:28:43,679 | INFO | [WAIT] Loading INTERBREW from C:\Users\DREAMUSER\Documents\NSE Volatility Project\NSE_Volatility_Project\data\raw\INTERBREW.csv
2026-04-25 09:28:43,679 | INFO |    Trying encoding: utf-8
2026-04-25 09:28:43,693 | INFO |    Read 1545 rows with 7 columns using utf-8
2026-04-25 09:28:43,695 | INFO |    Original columns: ['Date', 'Price', 'Open', 'High', 'Low', 'Vol.', 'Change %']
2026-04-25 09:28:43,698 | INFO |    Cleaned columns: ['Date', 'Price', 'Open', 'High', 'Low', 'Vol.', 'Change %']
2026-04-25 09:28:43,710 | INFO |    First few rows:
         Date  Price  Open  High    Low   Vol. Change %
0  03/27/2026   13.9  14.4  14.7  13.15  1.69M   -3.47%
1  03/26/2026   14.4  14.4  14.4  14.40  1.78M    0.00%
2026-04-25 09:28:43,710 | INFO |    Column map: {'date': 'Date', 'price': 'Price', 'open': 'Open', 'high': 'High', 'low': 'Low', 'vol.': 'Vol.', 'change_%': 'Change %'}
2026-04-25 09:28:43,711 | INFO |    Matched columns: {'Price': 'Price', 'Open': 'Open', 'High': 'High', 'Low': 'Low'}
2026-04-25 09:28:43,750 | INFO |    Final DataFrame: 1545 rows, columns: ['Date', 'Price', 'Open', 'High', 'Low', 'Volume']
2026-04-25 09:28:43,750 | INFO | [OK] Loaded 1545 rows
2026-04-25 09:28:43,751 | INFO |    Loaded 1545 rows, columns: ['Date', 'Price', 'Open', 'High', 'Low', 'Volume']
2026-04-25 09:28:43,751 | INFO | [2/6] Engineering features...
2026-04-25 09:28:43,808 | INFO |    Created 1286 rows with 48 features
2026-04-25 09:28:43,809 | INFO | [3/6] Saving processed data...
2026-04-25 09:28:43,908 | INFO |    Saved: C:\Users\DREAMUSER\Documents\NSE Volatility Project\NSE_Volatility_Project\data\processed\INTERBREW_features.csv
2026-04-25 09:28:43,909 | INFO | [4/6] Preparing ML dataset...
2026-04-25 09:28:43,914 | INFO | [5/6] Training ML models...
2026-04-25 09:28:44,976 | INFO |    Random Forest: RMSE=0.048432
2026-04-25 09:28:44,984 | INFO |    Ridge: RMSE=0.054270
2026-04-25 09:28:45,764 | INFO |    XGBoost: RMSE=0.053817
2026-04-25 09:28:45,764 | INFO | [6/6] Evaluating and saving results...
2026-04-25 09:28:45,780 | INFO |    Saved comparison: C:\Users\DREAMUSER\Documents\NSE Volatility Project\NSE_Volatility_Project\results\tables\INTERBREW_model_comparison.csv
2026-04-25 09:28:45,791 | INFO |    Saved predictions: C:\Users\DREAMUSER\Documents\NSE Volatility Project\NSE_Volatility_Project\results\forecasts\INTERBREW_predictions.csv
2026-04-25 09:28:45,792 | INFO | [OK] Best: Random Forest, RMSE: 0.048432, MAPE: 5.91%
2026-04-25 09:28:45,796 | INFO | 
============================================================
2026-04-25 09:28:45,797 | INFO | Processing: FIRSTHOLDCO
2026-04-25 09:28:45,798 | INFO | ============================================================
2026-04-25 09:28:45,798 | INFO | [1/6] Loading raw data...
2026-04-25 09:28:45,799 | INFO | [WAIT] Loading FIRSTHOLDCO from C:\Users\DREAMUSER\Documents\NSE Volatility Project\NSE_Volatility_Project\data\raw\FIRSTHOLDCO.csv
2026-04-25 09:28:45,799 | INFO |    Trying encoding: utf-8
2026-04-25 09:28:45,819 | INFO |    Read 1544 rows with 7 columns using utf-8
2026-04-25 09:28:45,820 | INFO |    Original columns: ['Date', 'Price', 'Open', 'High', 'Low', 'Vol.', 'Change %']
2026-04-25 09:28:45,821 | INFO |    Cleaned columns: ['Date', 'Price', 'Open', 'High', 'Low', 'Vol.', 'Change %']
2026-04-25 09:28:45,835 | INFO |    First few rows:
         Date  Price  Open  High    Low   Vol. Change %
0  03/27/2026   50.5  50.5  51.8  50.45  5.47M   -0.98%
1  03/26/2026   51.0  51.0  51.5  50.90  7.24M    0.10%
2026-04-25 09:28:45,836 | INFO |    Column map: {'date': 'Date', 'price': 'Price', 'open': 'Open', 'high': 'High', 'low': 'Low', 'vol.': 'Vol.', 'change_%': 'Change %'}
2026-04-25 09:28:45,836 | INFO |    Matched columns: {'Price': 'Price', 'Open': 'Open', 'High': 'High', 'Low': 'Low'}
2026-04-25 09:28:45,880 | INFO |    Final DataFrame: 1544 rows, columns: ['Date', 'Price', 'Open', 'High', 'Low', 'Volume']
2026-04-25 09:28:45,880 | INFO | [OK] Loaded 1544 rows
2026-04-25 09:28:45,880 | INFO |    Loaded 1544 rows, columns: ['Date', 'Price', 'Open', 'High', 'Low', 'Volume']
2026-04-25 09:28:45,881 | INFO | [2/6] Engineering features...
2026-04-25 09:28:45,937 | INFO |    Created 1291 rows with 48 features
2026-04-25 09:28:45,938 | INFO | [3/6] Saving processed data...
2026-04-25 09:28:46,045 | INFO |    Saved: C:\Users\DREAMUSER\Documents\NSE Volatility Project\NSE_Volatility_Project\data\processed\FIRSTHOLDCO_features.csv
2026-04-25 09:28:46,045 | INFO | [4/6] Preparing ML dataset...
2026-04-25 09:28:46,051 | INFO | [5/6] Training ML models...
2026-04-25 09:28:47,062 | INFO |    Random Forest: RMSE=0.038172
2026-04-25 09:28:47,070 | INFO |    Ridge: RMSE=0.035007
2026-04-25 09:28:47,901 | INFO |    XGBoost: RMSE=0.044363
2026-04-25 09:28:47,901 | INFO | [6/6] Evaluating and saving results...
2026-04-25 09:28:47,920 | INFO |    Saved comparison: C:\Users\DREAMUSER\Documents\NSE Volatility Project\NSE_Volatility_Project\results\tables\FIRSTHOLDCO_model_comparison.csv
2026-04-25 09:28:47,931 | INFO |    Saved predictions: C:\Users\DREAMUSER\Documents\NSE Volatility Project\NSE_Volatility_Project\results\forecasts\FIRSTHOLDCO_predictions.csv
2026-04-25 09:28:47,932 | INFO | [OK] Best: Ridge, RMSE: 0.035007, MAPE: 6.56%
2026-04-25 09:28:47,939 | INFO | 
============================================================
2026-04-25 09:28:47,939 | INFO | Processing: ETI
2026-04-25 09:28:47,940 | INFO | ============================================================
2026-04-25 09:28:47,941 | INFO | [1/6] Loading raw data...
2026-04-25 09:28:47,944 | INFO | [WAIT] Loading ETI from C:\Users\DREAMUSER\Documents\NSE Volatility Project\NSE_Volatility_Project\data\raw\ETI.csv
2026-04-25 09:28:47,945 | INFO |    Trying encoding: utf-8
2026-04-25 09:28:47,961 | INFO |    Read 1545 rows with 7 columns using utf-8
2026-04-25 09:28:47,962 | INFO |    Original columns: ['Date', 'Price', 'Open', 'High', 'Low', 'Vol.', 'Change %']
2026-04-25 09:28:47,963 | INFO |    Cleaned columns: ['Date', 'Price', 'Open', 'High', 'Low', 'Vol.', 'Change %']
2026-04-25 09:28:47,977 | INFO |    First few rows:
         Date  Price  Open  High   Low     Vol. Change %
0  03/27/2026   46.0  47.0  48.0  44.6  218.71K    0.00%
1  03/26/2026   46.0  46.0  46.0  46.0  345.80K    0.00%
2026-04-25 09:28:47,977 | INFO |    Column map: {'date': 'Date', 'price': 'Price', 'open': 'Open', 'high': 'High', 'low': 'Low', 'vol.': 'Vol.', 'change_%': 'Change %'}
2026-04-25 09:28:47,978 | INFO |    Matched columns: {'Price': 'Price', 'Open': 'Open', 'High': 'High', 'Low': 'Low'}
2026-04-25 09:28:48,014 | INFO |    Final DataFrame: 1545 rows, columns: ['Date', 'Price', 'Open', 'High', 'Low', 'Volume']
2026-04-25 09:28:48,014 | INFO | [OK] Loaded 1545 rows
2026-04-25 09:28:48,015 | INFO |    Loaded 1545 rows, columns: ['Date', 'Price', 'Open', 'High', 'Low', 'Volume']
2026-04-25 09:28:48,015 | INFO | [2/6] Engineering features...
2026-04-25 09:28:48,079 | INFO |    Created 1264 rows with 48 features
2026-04-25 09:28:48,079 | INFO | [3/6] Saving processed data...
2026-04-25 09:28:48,182 | INFO |    Saved: C:\Users\DREAMUSER\Documents\NSE Volatility Project\NSE_Volatility_Project\data\processed\ETI_features.csv
2026-04-25 09:28:48,183 | INFO | [4/6] Preparing ML dataset...
2026-04-25 09:28:48,192 | INFO | [5/6] Training ML models...
2026-04-25 09:28:49,120 | INFO |    Random Forest: RMSE=0.060695
2026-04-25 09:28:49,129 | INFO |    Ridge: RMSE=0.044792
2026-04-25 09:28:49,851 | INFO |    XGBoost: RMSE=0.088833
2026-04-25 09:28:49,851 | INFO | [6/6] Evaluating and saving results...
2026-04-25 09:28:49,864 | INFO |    Saved comparison: C:\Users\DREAMUSER\Documents\NSE Volatility Project\NSE_Volatility_Project\results\tables\ETI_model_comparison.csv
2026-04-25 09:28:49,873 | INFO |    Saved predictions: C:\Users\DREAMUSER\Documents\NSE Volatility Project\NSE_Volatility_Project\results\forecasts\ETI_predictions.csv
2026-04-25 09:28:49,875 | INFO | [OK] Best: Ridge, RMSE: 0.044792, MAPE: 7.64%
2026-04-25 09:28:49,877 | INFO | 
============================================================
2026-04-25 09:28:49,878 | INFO | Processing: ZENITH
2026-04-25 09:28:49,878 | INFO | ============================================================
2026-04-25 09:28:49,878 | INFO | [1/6] Loading raw data...
2026-04-25 09:28:49,879 | INFO | [WAIT] Loading ZENITH from C:\Users\DREAMUSER\Documents\NSE Volatility Project\NSE_Volatility_Project\data\raw\ZENITH.csv
2026-04-25 09:28:49,879 | INFO |    Trying encoding: utf-8
2026-04-25 09:28:49,894 | INFO |    Read 1546 rows with 7 columns using utf-8
2026-04-25 09:28:49,897 | INFO |    Original columns: ['Date', 'Price', 'Open', 'High', 'Low', 'Vol.', 'Change %']
2026-04-25 09:28:49,897 | INFO |    Cleaned columns: ['Date', 'Price', 'Open', 'High', 'Low', 'Vol.', 'Change %']
2026-04-25 09:28:49,906 | INFO |    First few rows:
         Date   Price    Open    High    Low    Vol. Change %
0  03/27/2026  103.00  103.05  105.00  102.5  13.81M   -0.05%
1  03/26/2026  103.05  101.50  104.45  103.0  17.08M    1.53%
2026-04-25 09:28:49,907 | INFO |    Column map: {'date': 'Date', 'price': 'Price', 'open': 'Open', 'high': 'High', 'low': 'Low', 'vol.': 'Vol.', 'change_%': 'Change %'}
2026-04-25 09:28:49,907 | INFO |    Matched columns: {'Price': 'Price', 'Open': 'Open', 'High': 'High', 'Low': 'Low'}
2026-04-25 09:28:49,948 | INFO |    Final DataFrame: 1546 rows, columns: ['Date', 'Price', 'Open', 'High', 'Low', 'Volume']
2026-04-25 09:28:49,949 | INFO | [OK] Loaded 1546 rows
2026-04-25 09:28:49,949 | INFO |    Loaded 1546 rows, columns: ['Date', 'Price', 'Open', 'High', 'Low', 'Volume']
2026-04-25 09:28:49,950 | INFO | [2/6] Engineering features...
2026-04-25 09:28:50,019 | INFO |    Created 1293 rows with 48 features
2026-04-25 09:28:50,019 | INFO | [3/6] Saving processed data...
2026-04-25 09:28:50,122 | INFO |    Saved: C:\Users\DREAMUSER\Documents\NSE Volatility Project\NSE_Volatility_Project\data\processed\ZENITH_features.csv
2026-04-25 09:28:50,122 | INFO | [4/6] Preparing ML dataset...
2026-04-25 09:28:50,127 | INFO | [5/6] Training ML models...
2026-04-25 09:28:51,139 | INFO |    Random Forest: RMSE=0.044324
2026-04-25 09:28:51,151 | INFO |    Ridge: RMSE=0.041887
2026-04-25 09:28:51,869 | INFO |    XGBoost: RMSE=0.051313
2026-04-25 09:28:51,870 | INFO | [6/6] Evaluating and saving results...
2026-04-25 09:28:51,883 | INFO |    Saved comparison: C:\Users\DREAMUSER\Documents\NSE Volatility Project\NSE_Volatility_Project\results\tables\ZENITH_model_comparison.csv
2026-04-25 09:28:51,893 | INFO |    Saved predictions: C:\Users\DREAMUSER\Documents\NSE Volatility Project\NSE_Volatility_Project\results\forecasts\ZENITH_predictions.csv
2026-04-25 09:28:51,897 | INFO | [OK] Best: Ridge, RMSE: 0.041887, MAPE: 7.10%
2026-04-25 09:28:51,900 | INFO | 
============================================================
2026-04-25 09:28:51,900 | INFO | Processing: CWG
2026-04-25 09:28:51,901 | INFO | ============================================================
2026-04-25 09:28:51,901 | INFO | [1/6] Loading raw data...
2026-04-25 09:28:51,901 | INFO | [WAIT] Loading CWG from C:\Users\DREAMUSER\Documents\NSE Volatility Project\NSE_Volatility_Project\data\raw\CWG.csv
2026-04-25 09:28:51,902 | INFO |    Trying encoding: utf-8
2026-04-25 09:28:51,912 | INFO |    Read 1107 rows with 7 columns using utf-8
2026-04-25 09:28:51,913 | INFO |    Original columns: ['Date', 'Price', 'Open', 'High', 'Low', 'Vol.', 'Change %']
2026-04-25 09:28:51,914 | INFO |    Cleaned columns: ['Date', 'Price', 'Open', 'High', 'Low', 'Vol.', 'Change %']
2026-04-25 09:28:51,925 | INFO |    First few rows:
         Date  Price  Open  High    Low   Vol. Change %
0  03/27/2026   22.0  22.9  22.0  22.00  1.42M   -3.93%
1  03/26/2026   22.9  21.7  22.9  22.45  2.58M    5.53%
2026-04-25 09:28:51,926 | INFO |    Column map: {'date': 'Date', 'price': 'Price', 'open': 'Open', 'high': 'High', 'low': 'Low', 'vol.': 'Vol.', 'change_%': 'Change %'}
2026-04-25 09:28:51,927 | INFO |    Matched columns: {'Price': 'Price', 'Open': 'Open', 'High': 'High', 'Low': 'Low'}
2026-04-25 09:28:51,964 | INFO |    Final DataFrame: 1107 rows, columns: ['Date', 'Price', 'Open', 'High', 'Low', 'Volume']
2026-04-25 09:28:51,965 | INFO | [OK] Loaded 1107 rows
2026-04-25 09:28:51,965 | INFO |    Loaded 1107 rows, columns: ['Date', 'Price', 'Open', 'High', 'Low', 'Volume']
2026-04-25 09:28:51,965 | INFO | [2/6] Engineering features...
2026-04-25 09:28:52,039 | INFO |    Created 854 rows with 48 features
2026-04-25 09:28:52,040 | INFO | [3/6] Saving processed data...
2026-04-25 09:28:52,111 | INFO |    Saved: C:\Users\DREAMUSER\Documents\NSE Volatility Project\NSE_Volatility_Project\data\processed\CWG_features.csv
2026-04-25 09:28:52,112 | INFO | [4/6] Preparing ML dataset...
2026-04-25 09:28:52,117 | INFO | [5/6] Training ML models...
2026-04-25 09:28:52,814 | INFO |    Random Forest: RMSE=0.046030
2026-04-25 09:28:52,820 | INFO |    Ridge: RMSE=0.034274
2026-04-25 09:28:53,470 | INFO |    XGBoost: RMSE=0.082253
2026-04-25 09:28:53,470 | INFO | [6/6] Evaluating and saving results...
2026-04-25 09:28:53,487 | INFO |    Saved comparison: C:\Users\DREAMUSER\Documents\NSE Volatility Project\NSE_Volatility_Project\results\tables\CWG_model_comparison.csv
2026-04-25 09:28:53,497 | INFO |    Saved predictions: C:\Users\DREAMUSER\Documents\NSE Volatility Project\NSE_Volatility_Project\results\forecasts\CWG_predictions.csv
2026-04-25 09:28:53,498 | INFO | [OK] Best: Ridge, RMSE: 0.034274, MAPE: 4.90%
2026-04-25 09:28:53,501 | INFO | 
============================================================
2026-04-25 09:28:53,501 | INFO | Processing: NESTLE
2026-04-25 09:28:53,502 | INFO | ============================================================
2026-04-25 09:28:53,502 | INFO | [1/6] Loading raw data...
2026-04-25 09:28:53,503 | INFO | [WAIT] Loading NESTLE from C:\Users\DREAMUSER\Documents\NSE Volatility Project\NSE_Volatility_Project\data\raw\NESTLE.csv
2026-04-25 09:28:53,504 | INFO |    Trying encoding: utf-8
2026-04-25 09:28:53,527 | INFO |    Read 1545 rows with 7 columns using utf-8
2026-04-25 09:28:53,528 | INFO |    Original columns: ['Date', 'Price', 'Open', 'High', 'Low', 'Vol.', 'Change %']
2026-04-25 09:28:53,529 | INFO |    Cleaned columns: ['Date', 'Price', 'Open', 'High', 'Low', 'Vol.', 'Change %']
2026-04-25 09:28:53,539 | INFO |    First few rows:
         Date     Price      Open      High       Low    Vol. Change %
0  03/27/2026  3,395.00  3,395.00  3,395.00  3,395.00  66.01K    0.00%
1  03/26/2026  3,395.00  3,395.00  3,395.00  3,395.00  25.42K    0.00%
2026-04-25 09:28:53,540 | INFO |    Column map: {'date': 'Date', 'price': 'Price', 'open': 'Open', 'high': 'High', 'low': 'Low', 'vol.': 'Vol.', 'change_%': 'Change %'}
2026-04-25 09:28:53,540 | INFO |    Matched columns: {'Price': 'Price', 'Open': 'Open', 'High': 'High', 'Low': 'Low'}
2026-04-25 09:28:53,584 | INFO |    Final DataFrame: 346 rows, columns: ['Date', 'Price', 'Open', 'High', 'Low', 'Volume']
2026-04-25 09:28:53,584 | INFO | [OK] Loaded 346 rows
2026-04-25 09:28:53,585 | INFO |    Loaded 346 rows, columns: ['Date', 'Price', 'Open', 'High', 'Low', 'Volume']
2026-04-25 09:28:53,585 | INFO | [2/6] Engineering features...
2026-04-25 09:28:53,642 | INFO |    Created 53 rows with 48 features
2026-04-25 09:28:53,642 | INFO | [3/6] Saving processed data...
2026-04-25 09:28:53,649 | INFO |    Saved: C:\Users\DREAMUSER\Documents\NSE Volatility Project\NSE_Volatility_Project\data\processed\NESTLE_features.csv
2026-04-25 09:28:53,650 | INFO | [4/6] Preparing ML dataset...
2026-04-25 09:28:53,657 | INFO | [5/6] Training ML models...
2026-04-25 09:28:54,059 | INFO |    Random Forest: RMSE=0.059516
2026-04-25 09:28:54,091 | INFO |    Ridge: RMSE=0.010270
2026-04-25 09:28:54,167 | INFO |    XGBoost: RMSE=0.134238
2026-04-25 09:28:54,168 | INFO | [6/6] Evaluating and saving results...
2026-04-25 09:28:54,186 | INFO |    Saved comparison: C:\Users\DREAMUSER\Documents\NSE Volatility Project\NSE_Volatility_Project\results\tables\NESTLE_model_comparison.csv
2026-04-25 09:28:54,196 | INFO |    Saved predictions: C:\Users\DREAMUSER\Documents\NSE Volatility Project\NSE_Volatility_Project\results\forecasts\NESTLE_predictions.csv
2026-04-25 09:28:54,197 | INFO | [OK] Best: Ridge, RMSE: 0.010270, MAPE: 2.88%
2026-04-25 09:28:54,198 | INFO | 
============================================================
2026-04-25 09:28:54,199 | INFO | Processing: NB
2026-04-25 09:28:54,199 | INFO | ============================================================
2026-04-25 09:28:54,199 | INFO | [1/6] Loading raw data...
2026-04-25 09:28:54,200 | INFO | [WAIT] Loading NB from C:\Users\DREAMUSER\Documents\NSE Volatility Project\NSE_Volatility_Project\data\raw\NB.csv
2026-04-25 09:28:54,200 | INFO |    Trying encoding: utf-8
2026-04-25 09:28:54,213 | INFO |    Read 1545 rows with 7 columns using utf-8
2026-04-25 09:28:54,215 | INFO |    Original columns: ['Date', 'Price', 'Open', 'High', 'Low', 'Vol.', 'Change %']
2026-04-25 09:28:54,215 | INFO |    Cleaned columns: ['Date', 'Price', 'Open', 'High', 'Low', 'Vol.', 'Change %']
2026-04-25 09:28:54,229 | INFO |    First few rows:
         Date  Price   Open  High   Low    Vol. Change %
0  03/27/2026   71.0  73.30  71.0  70.7  19.20M   -3.14%
1  03/26/2026   73.3  71.95  74.0  73.3   4.86M    1.88%
2026-04-25 09:28:54,229 | INFO |    Column map: {'date': 'Date', 'price': 'Price', 'open': 'Open', 'high': 'High', 'low': 'Low', 'vol.': 'Vol.', 'change_%': 'Change %'}
2026-04-25 09:28:54,230 | INFO |    Matched columns: {'Price': 'Price', 'Open': 'Open', 'High': 'High', 'Low': 'Low'}
2026-04-25 09:28:54,269 | INFO |    Final DataFrame: 1545 rows, columns: ['Date', 'Price', 'Open', 'High', 'Low', 'Volume']
2026-04-25 09:28:54,269 | INFO | [OK] Loaded 1545 rows
2026-04-25 09:28:54,270 | INFO |    Loaded 1545 rows, columns: ['Date', 'Price', 'Open', 'High', 'Low', 'Volume']
2026-04-25 09:28:54,270 | INFO | [2/6] Engineering features...
2026-04-25 09:28:54,331 | INFO |    Created 1281 rows with 48 features
2026-04-25 09:28:54,331 | INFO | [3/6] Saving processed data...
2026-04-25 09:28:54,453 | INFO |    Saved: C:\Users\DREAMUSER\Documents\NSE Volatility Project\NSE_Volatility_Project\data\processed\NB_features.csv
2026-04-25 09:28:54,453 | INFO | [4/6] Preparing ML dataset...
2026-04-25 09:28:54,457 | INFO | [5/6] Training ML models...
2026-04-25 09:28:55,482 | INFO |    Random Forest: RMSE=0.042388
2026-04-25 09:28:55,488 | INFO |    Ridge: RMSE=0.036470
2026-04-25 09:28:56,221 | INFO |    XGBoost: RMSE=0.051644
2026-04-25 09:28:56,221 | INFO | [6/6] Evaluating and saving results...
2026-04-25 09:28:56,237 | INFO |    Saved comparison: C:\Users\DREAMUSER\Documents\NSE Volatility Project\NSE_Volatility_Project\results\tables\NB_model_comparison.csv
2026-04-25 09:28:56,250 | INFO |    Saved predictions: C:\Users\DREAMUSER\Documents\NSE Volatility Project\NSE_Volatility_Project\results\forecasts\NB_predictions.csv
2026-04-25 09:28:56,251 | INFO | [OK] Best: Ridge, RMSE: 0.036470, MAPE: 6.85%
2026-04-25 09:28:56,255 | INFO | 
============================================================
2026-04-25 09:28:56,256 | INFO | Processing: ACCESS
2026-04-25 09:28:56,256 | INFO | ============================================================
2026-04-25 09:28:56,257 | INFO | [1/6] Loading raw data...
2026-04-25 09:28:56,257 | INFO | [WAIT] Loading ACCESS from C:\Users\DREAMUSER\Documents\NSE Volatility Project\NSE_Volatility_Project\data\raw\ACCESS.csv
2026-04-25 09:28:56,257 | INFO |    Trying encoding: utf-8
2026-04-25 09:28:56,275 | INFO |    Read 988 rows with 7 columns using utf-8
2026-04-25 09:28:56,277 | INFO |    Original columns: ['Date', 'Price', 'Open', 'High', 'Low', 'Vol.', 'Change %']
2026-04-25 09:28:56,278 | INFO |    Cleaned columns: ['Date', 'Price', 'Open', 'High', 'Low', 'Vol.', 'Change %']
2026-04-25 09:28:56,289 | INFO |    First few rows:
         Date  Price   Open   High    Low     Vol. Change %
0  03/27/2026   26.0  26.00  26.10  25.85   29.43M    0.00%
1  03/26/2026   26.0  26.05  26.05  25.80  134.59M   -0.19%
2026-04-25 09:28:56,290 | INFO |    Column map: {'date': 'Date', 'price': 'Price', 'open': 'Open', 'high': 'High', 'low': 'Low', 'vol.': 'Vol.', 'change_%': 'Change %'}
2026-04-25 09:28:56,291 | INFO |    Matched columns: {'Price': 'Price', 'Open': 'Open', 'High': 'High', 'Low': 'Low'}
2026-04-25 09:28:56,329 | INFO |    Final DataFrame: 988 rows, columns: ['Date', 'Price', 'Open', 'High', 'Low', 'Volume']
2026-04-25 09:28:56,330 | INFO | [OK] Loaded 988 rows
2026-04-25 09:28:56,330 | INFO |    Loaded 988 rows, columns: ['Date', 'Price', 'Open', 'High', 'Low', 'Volume']
2026-04-25 09:28:56,330 | INFO | [2/6] Engineering features...
2026-04-25 09:28:56,393 | INFO |    Created 735 rows with 48 features
2026-04-25 09:28:56,394 | INFO | [3/6] Saving processed data...
2026-04-25 09:28:56,489 | INFO |    Saved: C:\Users\DREAMUSER\Documents\NSE Volatility Project\NSE_Volatility_Project\data\processed\ACCESS_features.csv
2026-04-25 09:28:56,489 | INFO | [4/6] Preparing ML dataset...
2026-04-25 09:28:56,497 | INFO | [5/6] Training ML models...
2026-04-25 09:28:57,247 | INFO |    Random Forest: RMSE=0.037970
2026-04-25 09:28:57,262 | INFO |    Ridge: RMSE=0.032037
2026-04-25 09:28:57,776 | INFO |    XGBoost: RMSE=0.040395
2026-04-25 09:28:57,777 | INFO | [6/6] Evaluating and saving results...
2026-04-25 09:28:57,792 | INFO |    Saved comparison: C:\Users\DREAMUSER\Documents\NSE Volatility Project\NSE_Volatility_Project\results\tables\ACCESS_model_comparison.csv
2026-04-25 09:28:57,800 | INFO |    Saved predictions: C:\Users\DREAMUSER\Documents\NSE Volatility Project\NSE_Volatility_Project\results\forecasts\ACCESS_predictions.csv
2026-04-25 09:28:57,801 | INFO | [OK] Best: Ridge, RMSE: 0.032037, MAPE: 5.62%
2026-04-25 09:28:57,804 | INFO | 
============================================================
2026-04-25 09:28:57,804 | INFO | Processing: WAPCO
2026-04-25 09:28:57,805 | INFO | ============================================================
2026-04-25 09:28:57,805 | INFO | [1/6] Loading raw data...
2026-04-25 09:28:57,808 | INFO | [WAIT] Loading WAPCO from C:\Users\DREAMUSER\Documents\NSE Volatility Project\NSE_Volatility_Project\data\raw\WAPCO.csv
2026-04-25 09:28:57,809 | INFO |    Trying encoding: utf-8
2026-04-25 09:28:57,826 | INFO |    Read 1545 rows with 7 columns using utf-8
2026-04-25 09:28:57,828 | INFO |    Original columns: ['Date', 'Price', 'Open', 'High', 'Low', 'Vol.', 'Change %']
2026-04-25 09:28:57,828 | INFO |    Cleaned columns: ['Date', 'Price', 'Open', 'High', 'Low', 'Vol.', 'Change %']
2026-04-25 09:28:57,842 | INFO |    First few rows:
         Date  Price   Open   High    Low   Vol. Change %
0  03/27/2026  224.0  224.0  224.0  215.0  2.37M    0.00%
1  03/26/2026  224.0  227.5  224.0  224.0  5.98M   -1.54%
2026-04-25 09:28:57,843 | INFO |    Column map: {'date': 'Date', 'price': 'Price', 'open': 'Open', 'high': 'High', 'low': 'Low', 'vol.': 'Vol.', 'change_%': 'Change %'}
2026-04-25 09:28:57,843 | INFO |    Matched columns: {'Price': 'Price', 'Open': 'Open', 'High': 'High', 'Low': 'Low'}
2026-04-25 09:28:57,886 | INFO |    Final DataFrame: 1545 rows, columns: ['Date', 'Price', 'Open', 'High', 'Low', 'Volume']
2026-04-25 09:28:57,887 | INFO | [OK] Loaded 1545 rows
2026-04-25 09:28:57,887 | INFO |    Loaded 1545 rows, columns: ['Date', 'Price', 'Open', 'High', 'Low', 'Volume']
2026-04-25 09:28:57,887 | INFO | [2/6] Engineering features...
2026-04-25 09:28:57,950 | INFO |    Created 1291 rows with 48 features
2026-04-25 09:28:57,950 | INFO | [3/6] Saving processed data...
2026-04-25 09:28:58,054 | INFO |    Saved: C:\Users\DREAMUSER\Documents\NSE Volatility Project\NSE_Volatility_Project\data\processed\WAPCO_features.csv
2026-04-25 09:28:58,054 | INFO | [4/6] Preparing ML dataset...
2026-04-25 09:28:58,059 | INFO | [5/6] Training ML models...
2026-04-25 09:28:59,077 | INFO |    Random Forest: RMSE=0.038853
2026-04-25 09:28:59,092 | INFO |    Ridge: RMSE=0.043650
2026-04-25 09:28:59,843 | INFO |    XGBoost: RMSE=0.055284
2026-04-25 09:28:59,844 | INFO | [6/6] Evaluating and saving results...
2026-04-25 09:28:59,856 | INFO |    Saved comparison: C:\Users\DREAMUSER\Documents\NSE Volatility Project\NSE_Volatility_Project\results\tables\WAPCO_model_comparison.csv
2026-04-25 09:28:59,865 | INFO |    Saved predictions: C:\Users\DREAMUSER\Documents\NSE Volatility Project\NSE_Volatility_Project\results\forecasts\WAPCO_predictions.csv
2026-04-25 09:28:59,866 | INFO | [OK] Best: Random Forest, RMSE: 0.038853, MAPE: 10.83%
2026-04-25 09:28:59,875 | INFO | 
[OK] Reports saved to C:\Users\DREAMUSER\Documents\NSE Volatility Project\NSE_Volatility_Project\results\tables
2026-04-25 09:28:59,875 | INFO | 
======================================================================
2026-04-25 09:28:59,876 | INFO | PIPELINE COMPLETE
2026-04-25 09:28:59,876 | INFO | Success: 14/14 stocks
2026-04-25 09:28:59,876 | INFO | Time: 0.4 minutes
2026-04-25 09:28:59,877 | INFO | ======================================================================
2026-04-25 09:28:59,877 | INFO | Dashboard-compatible files created:
2026-04-25 09:28:59,877 | INFO |    - data/processed/{stock}_features.csv
2026-04-25 09:28:59,877 | INFO |    - results/tables/{stock}_model_comparison.csv
2026-04-25 09:28:59,877 | INFO |    - results/forecasts/{stock}_predictions.csv
2026-04-25 09:28:59,878 | INFO | 
Run: streamlit run app.py
2026-04-25 09:28:59,878 | INFO | ======================================================================
2026-04-25 09:38:34,079 | INFO | 
======================================================================
2026-04-25 09:38:34,080 | INFO | NSE STOCK VOLATILITY PREDICTION PIPELINE
2026-04-25 09:38:34,080 | INFO | Started: 2026-04-25 09:38:34
2026-04-25 09:38:34,080 | INFO | ======================================================================
2026-04-25 09:38:34,082 | INFO | [OK] Found 15 stocks to process
2026-04-25 09:38:34,082 | INFO | 
============================================================
2026-04-25 09:38:34,082 | INFO | Processing: DANGCEM
2026-04-25 09:38:34,083 | INFO | ============================================================
2026-04-25 09:38:34,083 | INFO | [1/6] Loading raw data...
2026-04-25 09:38:34,083 | INFO | [WAIT] Loading DANGCEM from C:\Users\DREAMUSER\Documents\NSE Volatility Project\NSE_Volatility_Project\data\raw\DANGCEM.csv
2026-04-25 09:38:34,083 | INFO |    Trying encoding: utf-8
2026-04-25 09:38:34,108 | INFO |    Read 1545 rows with 7 columns using utf-8
2026-04-25 09:38:34,110 | INFO |    Original columns: ['Date', 'Price', 'Open', 'High', 'Low', 'Vol.', 'Change %']
2026-04-25 09:38:34,111 | INFO |    Cleaned columns: ['Date', 'Price', 'Open', 'High', 'Low', 'Vol.', 'Change %']
2026-04-25 09:38:34,125 | INFO |    First few rows:
        Date  Price   Open   High    Low     Vol. Change %
0  3/27/2026  810.0  810.0  810.0  800.0  857.88K    0.00%
1  3/26/2026  810.0  810.0  810.0  810.0    1.13M    0.00%
2026-04-25 09:38:34,125 | INFO |    Column map: {'date': 'Date', 'price': 'Price', 'open': 'Open', 'high': 'High', 'low': 'Low', 'vol.': 'Vol.', 'change_%': 'Change %'}
2026-04-25 09:38:34,126 | INFO |    Matched columns: {'Price': 'Price', 'Open': 'Open', 'High': 'High', 'Low': 'Low'}
2026-04-25 09:38:34,167 | INFO |    Final DataFrame: 1545 rows, columns: ['Date', 'Price', 'Open', 'High', 'Low', 'Volume']
2026-04-25 09:38:34,168 | INFO | [OK] Loaded 1545 rows
2026-04-25 09:38:34,168 | INFO |    Loaded 1545 rows, columns: ['Date', 'Price', 'Open', 'High', 'Low', 'Volume']
2026-04-25 09:38:34,168 | INFO | [2/6] Engineering features...
2026-04-25 09:38:34,236 | INFO |    Created 946 rows with 48 features
2026-04-25 09:38:34,237 | INFO | [3/6] Saving processed data...
2026-04-25 09:38:34,307 | INFO |    Saved: C:\Users\DREAMUSER\Documents\NSE Volatility Project\NSE_Volatility_Project\data\processed\DANGCEM_features.csv
2026-04-25 09:38:34,308 | INFO | [4/6] Preparing ML dataset...
2026-04-25 09:38:34,314 | INFO | [5/6] Training ML models...
2026-04-25 09:38:34,957 | INFO |    Random Forest: RMSE=0.051811
2026-04-25 09:38:34,980 | INFO |    Ridge: RMSE=0.050804
2026-04-25 09:38:35,668 | INFO |    XGBoost: RMSE=0.054207
2026-04-25 09:38:35,669 | INFO | [6/6] Evaluating and saving results...
2026-04-25 09:38:35,686 | INFO |    Saved comparison: C:\Users\DREAMUSER\Documents\NSE Volatility Project\NSE_Volatility_Project\results\tables\DANGCEM_model_comparison.csv
2026-04-25 09:38:35,696 | INFO |    Saved predictions: C:\Users\DREAMUSER\Documents\NSE Volatility Project\NSE_Volatility_Project\results\forecasts\DANGCEM_predictions.csv
2026-04-25 09:38:35,698 | INFO | [OK] Best: Ridge, RMSE: 0.050804, MAPE: 10.04%
2026-04-25 09:38:35,700 | INFO | 
============================================================
2026-04-25 09:38:35,700 | INFO | Processing: DANGSUG
2026-04-25 09:38:35,701 | INFO | ============================================================
2026-04-25 09:38:35,701 | INFO | [1/6] Loading raw data...
2026-04-25 09:38:35,702 | INFO | [WAIT] Loading DANGSUG from C:\Users\DREAMUSER\Documents\NSE Volatility Project\NSE_Volatility_Project\data\raw\DANGSUG.csv
2026-04-25 09:38:35,702 | INFO |    Trying encoding: utf-8
2026-04-25 09:38:35,721 | INFO |    Read 1545 rows with 7 columns using utf-8
2026-04-25 09:38:35,723 | INFO |    Original columns: ['Date', 'Price', 'Open', 'High', 'Low', 'Vol.', 'Change %']
2026-04-25 09:38:35,723 | INFO |    Cleaned columns: ['Date', 'Price', 'Open', 'High', 'Low', 'Vol.', 'Change %']
2026-04-25 09:38:35,736 | INFO |    First few rows:
         Date  Price  Open  High   Low   Vol. Change %
0  03/27/2026   70.0  71.0  72.0  69.5  3.36M   -1.41%
1  03/26/2026   71.0  71.5  71.0  71.0  1.19M   -0.70%
2026-04-25 09:38:35,737 | INFO |    Column map: {'date': 'Date', 'price': 'Price', 'open': 'Open', 'high': 'High', 'low': 'Low', 'vol.': 'Vol.', 'change_%': 'Change %'}
2026-04-25 09:38:35,737 | INFO |    Matched columns: {'Price': 'Price', 'Open': 'Open', 'High': 'High', 'Low': 'Low'}
2026-04-25 09:38:35,784 | INFO |    Final DataFrame: 1545 rows, columns: ['Date', 'Price', 'Open', 'High', 'Low', 'Volume']
2026-04-25 09:38:35,785 | INFO | [OK] Loaded 1545 rows
2026-04-25 09:38:35,785 | INFO |    Loaded 1545 rows, columns: ['Date', 'Price', 'Open', 'High', 'Low', 'Volume']
2026-04-25 09:38:35,786 | INFO | [2/6] Engineering features...
2026-04-25 09:38:35,881 | INFO |    Created 1285 rows with 48 features
2026-04-25 09:38:35,881 | INFO | [3/6] Saving processed data...
2026-04-25 09:38:35,978 | INFO |    Saved: C:\Users\DREAMUSER\Documents\NSE Volatility Project\NSE_Volatility_Project\data\processed\DANGSUG_features.csv
2026-04-25 09:38:35,979 | INFO | [4/6] Preparing ML dataset...
2026-04-25 09:38:35,983 | INFO | [5/6] Training ML models...
2026-04-25 09:38:36,981 | INFO |    Random Forest: RMSE=0.044077
2026-04-25 09:38:36,994 | INFO |    Ridge: RMSE=0.037098
2026-04-25 09:38:37,778 | INFO |    XGBoost: RMSE=0.047019
2026-04-25 09:38:37,778 | INFO | [6/6] Evaluating and saving results...
2026-04-25 09:38:37,792 | INFO |    Saved comparison: C:\Users\DREAMUSER\Documents\NSE Volatility Project\NSE_Volatility_Project\results\tables\DANGSUG_model_comparison.csv
2026-04-25 09:38:37,802 | INFO |    Saved predictions: C:\Users\DREAMUSER\Documents\NSE Volatility Project\NSE_Volatility_Project\results\forecasts\DANGSUG_predictions.csv
2026-04-25 09:38:37,804 | INFO | [OK] Best: Ridge, RMSE: 0.037098, MAPE: 5.32%
2026-04-25 09:38:37,808 | INFO | 
============================================================
2026-04-25 09:38:37,808 | INFO | Processing: MTNN
2026-04-25 09:38:37,810 | INFO | ============================================================
2026-04-25 09:38:37,810 | INFO | [1/6] Loading raw data...
2026-04-25 09:38:37,811 | INFO | [WAIT] Loading MTNN from C:\Users\DREAMUSER\Documents\NSE Volatility Project\NSE_Volatility_Project\data\raw\MTNN.csv
2026-04-25 09:38:37,812 | INFO |    Trying encoding: utf-8
2026-04-25 09:38:37,831 | INFO |    Read 1545 rows with 7 columns using utf-8
2026-04-25 09:38:37,835 | INFO |    Original columns: ['Date', 'Price', 'Open', 'High', 'Low', 'Vol.', 'Change %']
2026-04-25 09:38:37,835 | INFO |    Cleaned columns: ['Date', 'Price', 'Open', 'High', 'Low', 'Vol.', 'Change %']
2026-04-25 09:38:37,853 | INFO |    First few rows:
         Date  Price   Open   High    Low    Vol. Change %
0  03/27/2026  718.0  719.1  720.0  717.0   3.77M   -0.15%
1  03/26/2026  719.1  718.0  720.0  718.0  15.37M    0.15%
2026-04-25 09:38:37,853 | INFO |    Column map: {'date': 'Date', 'price': 'Price', 'open': 'Open', 'high': 'High', 'low': 'Low', 'vol.': 'Vol.', 'change_%': 'Change %'}
2026-04-25 09:38:37,854 | INFO |    Matched columns: {'Price': 'Price', 'Open': 'Open', 'High': 'High', 'Low': 'Low'}
2026-04-25 09:38:37,896 | INFO |    Final DataFrame: 1545 rows, columns: ['Date', 'Price', 'Open', 'High', 'Low', 'Volume']
2026-04-25 09:38:37,898 | INFO | [OK] Loaded 1545 rows
2026-04-25 09:38:37,900 | INFO |    Loaded 1545 rows, columns: ['Date', 'Price', 'Open', 'High', 'Low', 'Volume']
2026-04-25 09:38:37,900 | INFO | [2/6] Engineering features...
2026-04-25 09:38:37,980 | INFO |    Created 1282 rows with 48 features
2026-04-25 09:38:37,980 | INFO | [3/6] Saving processed data...
2026-04-25 09:38:38,085 | INFO |    Saved: C:\Users\DREAMUSER\Documents\NSE Volatility Project\NSE_Volatility_Project\data\processed\MTNN_features.csv
2026-04-25 09:38:38,085 | INFO | [4/6] Preparing ML dataset...
2026-04-25 09:38:38,093 | INFO | [5/6] Training ML models...
2026-04-25 09:38:39,080 | INFO |    Random Forest: RMSE=0.045903
2026-04-25 09:38:39,087 | INFO |    Ridge: RMSE=0.050053
2026-04-25 09:38:39,846 | INFO |    XGBoost: RMSE=0.058028
2026-04-25 09:38:39,847 | INFO | [6/6] Evaluating and saving results...
2026-04-25 09:38:39,861 | INFO |    Saved comparison: C:\Users\DREAMUSER\Documents\NSE Volatility Project\NSE_Volatility_Project\results\tables\MTNN_model_comparison.csv
2026-04-25 09:38:39,872 | INFO |    Saved predictions: C:\Users\DREAMUSER\Documents\NSE Volatility Project\NSE_Volatility_Project\results\forecasts\MTNN_predictions.csv
2026-04-25 09:38:39,874 | INFO | [OK] Best: Random Forest, RMSE: 0.045903, MAPE: 9.90%
2026-04-25 09:38:39,877 | INFO | 
============================================================
2026-04-25 09:38:39,877 | INFO | Processing: GTCO
2026-04-25 09:38:39,878 | INFO | ============================================================
2026-04-25 09:38:39,878 | INFO | [1/6] Loading raw data...
2026-04-25 09:38:39,880 | INFO | [WAIT] Loading GTCO from C:\Users\DREAMUSER\Documents\NSE Volatility Project\NSE_Volatility_Project\data\raw\GTCO.csv
2026-04-25 09:38:39,880 | INFO |    Trying encoding: utf-8
2026-04-25 09:38:39,894 | INFO |    Read 1541 rows with 7 columns using utf-8
2026-04-25 09:38:39,896 | INFO |    Original columns: ['Date', 'Price', 'Open', 'High', 'Low', 'Vol.', 'Change %']
2026-04-25 09:38:39,896 | INFO |    Cleaned columns: ['Date', 'Price', 'Open', 'High', 'Low', 'Vol.', 'Change %']
2026-04-25 09:38:39,909 | INFO |    First few rows:
         Date  Price    Open   High    Low    Vol. Change %
0  03/27/2026  116.1  115.40  116.9  112.0  19.18M    0.61%
1  03/26/2026  115.4  114.55  115.5  115.3   9.53M    0.74%
2026-04-25 09:38:39,909 | INFO |    Column map: {'date': 'Date', 'price': 'Price', 'open': 'Open', 'high': 'High', 'low': 'Low', 'vol.': 'Vol.', 'change_%': 'Change %'}
2026-04-25 09:38:39,910 | INFO |    Matched columns: {'Price': 'Price', 'Open': 'Open', 'High': 'High', 'Low': 'Low'}
2026-04-25 09:38:39,962 | INFO |    Final DataFrame: 1541 rows, columns: ['Date', 'Price', 'Open', 'High', 'Low', 'Volume']
2026-04-25 09:38:39,962 | INFO | [OK] Loaded 1541 rows
2026-04-25 09:38:39,963 | INFO |    Loaded 1541 rows, columns: ['Date', 'Price', 'Open', 'High', 'Low', 'Volume']
2026-04-25 09:38:39,963 | INFO | [2/6] Engineering features...
2026-04-25 09:38:40,030 | INFO |    Created 1288 rows with 48 features
2026-04-25 09:38:40,030 | INFO | [3/6] Saving processed data...
2026-04-25 09:38:40,134 | INFO |    Saved: C:\Users\DREAMUSER\Documents\NSE Volatility Project\NSE_Volatility_Project\data\processed\GTCO_features.csv
2026-04-25 09:38:40,134 | INFO | [4/6] Preparing ML dataset...
2026-04-25 09:38:40,140 | INFO | [5/6] Training ML models...
2026-04-25 09:38:41,145 | INFO |    Random Forest: RMSE=0.040092
2026-04-25 09:38:41,331 | INFO |    Ridge: RMSE=0.037164
2026-04-25 09:38:42,166 | INFO |    XGBoost: RMSE=0.040271
2026-04-25 09:38:42,166 | INFO | [6/6] Evaluating and saving results...
2026-04-25 09:38:42,179 | INFO |    Saved comparison: C:\Users\DREAMUSER\Documents\NSE Volatility Project\NSE_Volatility_Project\results\tables\GTCO_model_comparison.csv
2026-04-25 09:38:42,192 | INFO |    Saved predictions: C:\Users\DREAMUSER\Documents\NSE Volatility Project\NSE_Volatility_Project\results\forecasts\GTCO_predictions.csv
2026-04-25 09:38:42,193 | INFO | [OK] Best: Ridge, RMSE: 0.037164, MAPE: 7.51%
2026-04-25 09:38:42,197 | INFO | 
============================================================
2026-04-25 09:38:42,197 | INFO | Processing: SEPLAT
2026-04-25 09:38:42,197 | INFO | ============================================================
2026-04-25 09:38:42,198 | INFO | [1/6] Loading raw data...
2026-04-25 09:38:42,198 | INFO | [WAIT] Loading SEPLAT from C:\Users\DREAMUSER\Documents\NSE Volatility Project\NSE_Volatility_Project\data\raw\SEPLAT.csv
2026-04-25 09:38:42,198 | INFO |    Trying encoding: utf-8
2026-04-25 09:38:42,218 | INFO |    Read 1546 rows with 7 columns using utf-8
2026-04-25 09:38:42,220 | INFO |    Original columns: ['Date', 'Price', 'Open', 'High', 'Low', 'Vol.', 'Change %']
2026-04-25 09:38:42,221 | INFO |    Cleaned columns: ['Date', 'Price', 'Open', 'High', 'Low', 'Vol.', 'Change %']
2026-04-25 09:38:42,230 | INFO |    First few rows:
         Date     Price      Open      High       Low     Vol. Change %
0  03/27/2026  9,099.90  9,099.90  9,450.00  9,000.10   30.88K    0.00%
1  03/26/2026  9,099.90  9,099.90  9,099.90  9,099.90  137.41K    0.00%
2026-04-25 09:38:42,231 | INFO |    Column map: {'date': 'Date', 'price': 'Price', 'open': 'Open', 'high': 'High', 'low': 'Low', 'vol.': 'Vol.', 'change_%': 'Change %'}
2026-04-25 09:38:42,231 | INFO |    Matched columns: {'Price': 'Price', 'Open': 'Open', 'High': 'High', 'Low': 'Low'}
2026-04-25 09:38:42,273 | INFO |    Final DataFrame: 591 rows, columns: ['Date', 'Price', 'Open', 'High', 'Low', 'Volume']
2026-04-25 09:38:42,274 | INFO | [OK] Loaded 591 rows
2026-04-25 09:38:42,274 | INFO |    Loaded 591 rows, columns: ['Date', 'Price', 'Open', 'High', 'Low', 'Volume']
2026-04-25 09:38:42,274 | INFO | [2/6] Engineering features...
2026-04-25 09:38:42,330 | INFO |    Created 270 rows with 48 features
2026-04-25 09:38:42,330 | INFO | [3/6] Saving processed data...
2026-04-25 09:38:42,354 | INFO |    Saved: C:\Users\DREAMUSER\Documents\NSE Volatility Project\NSE_Volatility_Project\data\processed\SEPLAT_features.csv
2026-04-25 09:38:42,355 | INFO | [4/6] Preparing ML dataset...
2026-04-25 09:38:42,359 | INFO | [5/6] Training ML models...
2026-04-25 09:38:42,681 | INFO |    Random Forest: RMSE=0.103676
2026-04-25 09:38:42,691 | INFO |    Ridge: RMSE=0.099766
2026-04-25 09:38:42,871 | INFO |    XGBoost: RMSE=0.153734
2026-04-25 09:38:42,871 | INFO | [6/6] Evaluating and saving results...
2026-04-25 09:38:42,887 | INFO |    Saved comparison: C:\Users\DREAMUSER\Documents\NSE Volatility Project\NSE_Volatility_Project\results\tables\SEPLAT_model_comparison.csv
2026-04-25 09:38:42,895 | INFO |    Saved predictions: C:\Users\DREAMUSER\Documents\NSE Volatility Project\NSE_Volatility_Project\results\forecasts\SEPLAT_predictions.csv
2026-04-25 09:38:42,896 | INFO | [OK] Best: Ridge, RMSE: 0.099766, MAPE: 24.10%
2026-04-25 09:38:42,898 | INFO | 
============================================================
2026-04-25 09:38:42,898 | INFO | Processing: AIRTEL
2026-04-25 09:38:42,898 | INFO | ============================================================
2026-04-25 09:38:42,899 | INFO | [1/6] Loading raw data...
2026-04-25 09:38:42,899 | INFO | [WAIT] Loading AIRTEL from C:\Users\DREAMUSER\Documents\NSE Volatility Project\NSE_Volatility_Project\data\raw\AIRTEL.csv
2026-04-25 09:38:42,899 | INFO |    Trying encoding: utf-8
2026-04-25 09:38:42,920 | INFO |    Read 1530 rows with 7 columns using utf-8
2026-04-25 09:38:42,922 | INFO |    Original columns: ['Date', 'Price', 'Open', 'High', 'Low', 'Vol.', 'Change %']
2026-04-25 09:38:42,923 | INFO |    Cleaned columns: ['Date', 'Price', 'Open', 'High', 'Low', 'Vol.', 'Change %']
2026-04-25 09:38:42,939 | INFO |    First few rows:
         Date     Price      Open      High       Low   Vol. Change %
0  03/27/2026  2,497.00  2,497.00  2,746.70  2,497.00  0.42K    0.00%
1  03/26/2026  2,497.00  2,497.00  2,497.00  2,497.00    NaN    0.00%
2026-04-25 09:38:42,939 | INFO |    Column map: {'date': 'Date', 'price': 'Price', 'open': 'Open', 'high': 'High', 'low': 'Low', 'vol.': 'Vol.', 'change_%': 'Change %'}
2026-04-25 09:38:42,939 | INFO |    Matched columns: {'Price': 'Price', 'Open': 'Open', 'High': 'High', 'Low': 'Low'}
2026-04-25 09:38:42,989 | INFO |    Final DataFrame: 482 rows, columns: ['Date', 'Price', 'Open', 'High', 'Low', 'Volume']
2026-04-25 09:38:42,989 | INFO | [OK] Loaded 482 rows
2026-04-25 09:38:42,989 | INFO |    Loaded 482 rows, columns: ['Date', 'Price', 'Open', 'High', 'Low', 'Volume']
2026-04-25 09:38:42,990 | INFO | [2/6] Engineering features...
2026-04-25 09:38:43,056 | INFO |    Created 147 rows with 48 features
2026-04-25 09:38:43,056 | INFO | [3/6] Saving processed data...
2026-04-25 09:38:43,071 | INFO |    Saved: C:\Users\DREAMUSER\Documents\NSE Volatility Project\NSE_Volatility_Project\data\processed\AIRTEL_features.csv
2026-04-25 09:38:43,071 | INFO | [4/6] Preparing ML dataset...
2026-04-25 09:38:43,079 | INFO | [5/6] Training ML models...
2026-04-25 09:38:43,430 | INFO |    Random Forest: RMSE=0.050599
2026-04-25 09:38:43,436 | INFO |    Ridge: RMSE=0.097376
2026-04-25 09:38:43,538 | INFO |    XGBoost: RMSE=0.107524
2026-04-25 09:38:43,538 | INFO | [6/6] Evaluating and saving results...
2026-04-25 09:38:43,555 | INFO |    Saved comparison: C:\Users\DREAMUSER\Documents\NSE Volatility Project\NSE_Volatility_Project\results\tables\AIRTEL_model_comparison.csv
2026-04-25 09:38:43,566 | INFO |    Saved predictions: C:\Users\DREAMUSER\Documents\NSE Volatility Project\NSE_Volatility_Project\results\forecasts\AIRTEL_predictions.csv
2026-04-25 09:38:43,567 | INFO | [OK] Best: Random Forest, RMSE: 0.050599, MAPE: 19.82%
2026-04-25 09:38:43,569 | INFO | 
============================================================
2026-04-25 09:38:43,570 | INFO | Processing: INTERBREW
2026-04-25 09:38:43,571 | INFO | ============================================================
2026-04-25 09:38:43,571 | INFO | [1/6] Loading raw data...
2026-04-25 09:38:43,571 | INFO | [WAIT] Loading INTERBREW from C:\Users\DREAMUSER\Documents\NSE Volatility Project\NSE_Volatility_Project\data\raw\INTERBREW.csv
2026-04-25 09:38:43,572 | INFO |    Trying encoding: utf-8
2026-04-25 09:38:43,584 | INFO |    Read 1545 rows with 7 columns using utf-8
2026-04-25 09:38:43,587 | INFO |    Original columns: ['Date', 'Price', 'Open', 'High', 'Low', 'Vol.', 'Change %']
2026-04-25 09:38:43,587 | INFO |    Cleaned columns: ['Date', 'Price', 'Open', 'High', 'Low', 'Vol.', 'Change %']
2026-04-25 09:38:43,599 | INFO |    First few rows:
         Date  Price  Open  High    Low   Vol. Change %
0  03/27/2026   13.9  14.4  14.7  13.15  1.69M   -3.47%
1  03/26/2026   14.4  14.4  14.4  14.40  1.78M    0.00%
2026-04-25 09:38:43,601 | INFO |    Column map: {'date': 'Date', 'price': 'Price', 'open': 'Open', 'high': 'High', 'low': 'Low', 'vol.': 'Vol.', 'change_%': 'Change %'}
2026-04-25 09:38:43,603 | INFO |    Matched columns: {'Price': 'Price', 'Open': 'Open', 'High': 'High', 'Low': 'Low'}
2026-04-25 09:38:43,643 | INFO |    Final DataFrame: 1545 rows, columns: ['Date', 'Price', 'Open', 'High', 'Low', 'Volume']
2026-04-25 09:38:43,643 | INFO | [OK] Loaded 1545 rows
2026-04-25 09:38:43,644 | INFO |    Loaded 1545 rows, columns: ['Date', 'Price', 'Open', 'High', 'Low', 'Volume']
2026-04-25 09:38:43,644 | INFO | [2/6] Engineering features...
2026-04-25 09:38:43,706 | INFO |    Created 1286 rows with 48 features
2026-04-25 09:38:43,706 | INFO | [3/6] Saving processed data...
2026-04-25 09:38:43,803 | INFO |    Saved: C:\Users\DREAMUSER\Documents\NSE Volatility Project\NSE_Volatility_Project\data\processed\INTERBREW_features.csv
2026-04-25 09:38:43,804 | INFO | [4/6] Preparing ML dataset...
2026-04-25 09:38:43,808 | INFO | [5/6] Training ML models...
2026-04-25 09:38:44,796 | INFO |    Random Forest: RMSE=0.048432
2026-04-25 09:38:44,801 | INFO |    Ridge: RMSE=0.054270
2026-04-25 09:38:45,620 | INFO |    XGBoost: RMSE=0.053817
2026-04-25 09:38:45,620 | INFO | [6/6] Evaluating and saving results...
2026-04-25 09:38:45,637 | INFO |    Saved comparison: C:\Users\DREAMUSER\Documents\NSE Volatility Project\NSE_Volatility_Project\results\tables\INTERBREW_model_comparison.csv
2026-04-25 09:38:45,649 | INFO |    Saved predictions: C:\Users\DREAMUSER\Documents\NSE Volatility Project\NSE_Volatility_Project\results\forecasts\INTERBREW_predictions.csv
2026-04-25 09:38:45,651 | INFO | [OK] Best: Random Forest, RMSE: 0.048432, MAPE: 5.91%
2026-04-25 09:38:45,654 | INFO | 
============================================================
2026-04-25 09:38:45,655 | INFO | Processing: FIRSTHOLDCO
2026-04-25 09:38:45,655 | INFO | ============================================================
2026-04-25 09:38:45,655 | INFO | [1/6] Loading raw data...
2026-04-25 09:38:45,656 | INFO | [WAIT] Loading FIRSTHOLDCO from C:\Users\DREAMUSER\Documents\NSE Volatility Project\NSE_Volatility_Project\data\raw\FIRSTHOLDCO.csv
2026-04-25 09:38:45,656 | INFO |    Trying encoding: utf-8
2026-04-25 09:38:45,671 | INFO |    Read 1544 rows with 7 columns using utf-8
2026-04-25 09:38:45,672 | INFO |    Original columns: ['Date', 'Price', 'Open', 'High', 'Low', 'Vol.', 'Change %']
2026-04-25 09:38:45,673 | INFO |    Cleaned columns: ['Date', 'Price', 'Open', 'High', 'Low', 'Vol.', 'Change %']
2026-04-25 09:38:45,686 | INFO |    First few rows:
         Date  Price  Open  High    Low   Vol. Change %
0  03/27/2026   50.5  50.5  51.8  50.45  5.47M   -0.98%
1  03/26/2026   51.0  51.0  51.5  50.90  7.24M    0.10%
2026-04-25 09:38:45,687 | INFO |    Column map: {'date': 'Date', 'price': 'Price', 'open': 'Open', 'high': 'High', 'low': 'Low', 'vol.': 'Vol.', 'change_%': 'Change %'}
2026-04-25 09:38:45,687 | INFO |    Matched columns: {'Price': 'Price', 'Open': 'Open', 'High': 'High', 'Low': 'Low'}
2026-04-25 09:38:45,727 | INFO |    Final DataFrame: 1544 rows, columns: ['Date', 'Price', 'Open', 'High', 'Low', 'Volume']
2026-04-25 09:38:45,728 | INFO | [OK] Loaded 1544 rows
2026-04-25 09:38:45,728 | INFO |    Loaded 1544 rows, columns: ['Date', 'Price', 'Open', 'High', 'Low', 'Volume']
2026-04-25 09:38:45,728 | INFO | [2/6] Engineering features...
2026-04-25 09:38:45,786 | INFO |    Created 1291 rows with 48 features
2026-04-25 09:38:45,786 | INFO | [3/6] Saving processed data...
2026-04-25 09:38:45,896 | INFO |    Saved: C:\Users\DREAMUSER\Documents\NSE Volatility Project\NSE_Volatility_Project\data\processed\FIRSTHOLDCO_features.csv
2026-04-25 09:38:45,897 | INFO | [4/6] Preparing ML dataset...
2026-04-25 09:38:45,902 | INFO | [5/6] Training ML models...
2026-04-25 09:38:47,052 | INFO |    Random Forest: RMSE=0.038172
2026-04-25 09:38:47,057 | INFO |    Ridge: RMSE=0.035007
2026-04-25 09:38:47,903 | INFO |    XGBoost: RMSE=0.044363
2026-04-25 09:38:47,903 | INFO | [6/6] Evaluating and saving results...
2026-04-25 09:38:47,922 | INFO |    Saved comparison: C:\Users\DREAMUSER\Documents\NSE Volatility Project\NSE_Volatility_Project\results\tables\FIRSTHOLDCO_model_comparison.csv
2026-04-25 09:38:47,935 | INFO |    Saved predictions: C:\Users\DREAMUSER\Documents\NSE Volatility Project\NSE_Volatility_Project\results\forecasts\FIRSTHOLDCO_predictions.csv
2026-04-25 09:38:47,936 | INFO | [OK] Best: Ridge, RMSE: 0.035007, MAPE: 6.56%
2026-04-25 09:38:47,940 | INFO | 
============================================================
2026-04-25 09:38:47,940 | INFO | Processing: ETI
2026-04-25 09:38:47,941 | INFO | ============================================================
2026-04-25 09:38:47,941 | INFO | [1/6] Loading raw data...
2026-04-25 09:38:47,942 | INFO | [WAIT] Loading ETI from C:\Users\DREAMUSER\Documents\NSE Volatility Project\NSE_Volatility_Project\data\raw\ETI.csv
2026-04-25 09:38:47,942 | INFO |    Trying encoding: utf-8
2026-04-25 09:38:47,953 | INFO |    Read 1545 rows with 7 columns using utf-8
2026-04-25 09:38:47,956 | INFO |    Original columns: ['Date', 'Price', 'Open', 'High', 'Low', 'Vol.', 'Change %']
2026-04-25 09:38:47,956 | INFO |    Cleaned columns: ['Date', 'Price', 'Open', 'High', 'Low', 'Vol.', 'Change %']
2026-04-25 09:38:47,969 | INFO |    First few rows:
         Date  Price  Open  High   Low     Vol. Change %
0  03/27/2026   46.0  47.0  48.0  44.6  218.71K    0.00%
1  03/26/2026   46.0  46.0  46.0  46.0  345.80K    0.00%
2026-04-25 09:38:47,969 | INFO |    Column map: {'date': 'Date', 'price': 'Price', 'open': 'Open', 'high': 'High', 'low': 'Low', 'vol.': 'Vol.', 'change_%': 'Change %'}
2026-04-25 09:38:47,970 | INFO |    Matched columns: {'Price': 'Price', 'Open': 'Open', 'High': 'High', 'Low': 'Low'}
2026-04-25 09:38:48,008 | INFO |    Final DataFrame: 1545 rows, columns: ['Date', 'Price', 'Open', 'High', 'Low', 'Volume']
2026-04-25 09:38:48,008 | INFO | [OK] Loaded 1545 rows
2026-04-25 09:38:48,009 | INFO |    Loaded 1545 rows, columns: ['Date', 'Price', 'Open', 'High', 'Low', 'Volume']
2026-04-25 09:38:48,009 | INFO | [2/6] Engineering features...
2026-04-25 09:38:48,073 | INFO |    Created 1264 rows with 48 features
2026-04-25 09:38:48,074 | INFO | [3/6] Saving processed data...
2026-04-25 09:38:48,165 | INFO |    Saved: C:\Users\DREAMUSER\Documents\NSE Volatility Project\NSE_Volatility_Project\data\processed\ETI_features.csv
2026-04-25 09:38:48,165 | INFO | [4/6] Preparing ML dataset...
2026-04-25 09:38:48,171 | INFO | [5/6] Training ML models...
2026-04-25 09:38:49,511 | INFO |    Random Forest: RMSE=0.060695
2026-04-25 09:38:49,519 | INFO |    Ridge: RMSE=0.044792
2026-04-25 09:38:50,263 | INFO |    XGBoost: RMSE=0.088833
2026-04-25 09:38:50,263 | INFO | [6/6] Evaluating and saving results...
2026-04-25 09:38:50,282 | INFO |    Saved comparison: C:\Users\DREAMUSER\Documents\NSE Volatility Project\NSE_Volatility_Project\results\tables\ETI_model_comparison.csv
2026-04-25 09:38:50,296 | INFO |    Saved predictions: C:\Users\DREAMUSER\Documents\NSE Volatility Project\NSE_Volatility_Project\results\forecasts\ETI_predictions.csv
2026-04-25 09:38:50,297 | INFO | [OK] Best: Ridge, RMSE: 0.044792, MAPE: 7.64%
2026-04-25 09:38:50,301 | INFO | 
============================================================
2026-04-25 09:38:50,302 | INFO | Processing: ZENITH
2026-04-25 09:38:50,302 | INFO | ============================================================
2026-04-25 09:38:50,302 | INFO | [1/6] Loading raw data...
2026-04-25 09:38:50,303 | INFO | [WAIT] Loading ZENITH from C:\Users\DREAMUSER\Documents\NSE Volatility Project\NSE_Volatility_Project\data\raw\ZENITH.csv
2026-04-25 09:38:50,303 | INFO |    Trying encoding: utf-8
2026-04-25 09:38:50,318 | INFO |    Read 1546 rows with 7 columns using utf-8
2026-04-25 09:38:50,323 | INFO |    Original columns: ['Date', 'Price', 'Open', 'High', 'Low', 'Vol.', 'Change %']
2026-04-25 09:38:50,323 | INFO |    Cleaned columns: ['Date', 'Price', 'Open', 'High', 'Low', 'Vol.', 'Change %']
2026-04-25 09:38:50,335 | INFO |    First few rows:
         Date   Price    Open    High    Low    Vol. Change %
0  03/27/2026  103.00  103.05  105.00  102.5  13.81M   -0.05%
1  03/26/2026  103.05  101.50  104.45  103.0  17.08M    1.53%
2026-04-25 09:38:50,335 | INFO |    Column map: {'date': 'Date', 'price': 'Price', 'open': 'Open', 'high': 'High', 'low': 'Low', 'vol.': 'Vol.', 'change_%': 'Change %'}
2026-04-25 09:38:50,335 | INFO |    Matched columns: {'Price': 'Price', 'Open': 'Open', 'High': 'High', 'Low': 'Low'}
2026-04-25 09:38:50,382 | INFO |    Final DataFrame: 1546 rows, columns: ['Date', 'Price', 'Open', 'High', 'Low', 'Volume']
2026-04-25 09:38:50,382 | INFO | [OK] Loaded 1546 rows
2026-04-25 09:38:50,382 | INFO |    Loaded 1546 rows, columns: ['Date', 'Price', 'Open', 'High', 'Low', 'Volume']
2026-04-25 09:38:50,383 | INFO | [2/6] Engineering features...
2026-04-25 09:38:50,443 | INFO |    Created 1293 rows with 48 features
2026-04-25 09:38:50,444 | INFO | [3/6] Saving processed data...
2026-04-25 09:38:50,547 | INFO |    Saved: C:\Users\DREAMUSER\Documents\NSE Volatility Project\NSE_Volatility_Project\data\processed\ZENITH_features.csv
2026-04-25 09:38:50,548 | INFO | [4/6] Preparing ML dataset...
2026-04-25 09:38:50,552 | INFO | [5/6] Training ML models...
2026-04-25 09:38:51,641 | INFO |    Random Forest: RMSE=0.044324
2026-04-25 09:38:51,647 | INFO |    Ridge: RMSE=0.041887
2026-04-25 09:38:52,413 | INFO |    XGBoost: RMSE=0.051313
2026-04-25 09:38:52,414 | INFO | [6/6] Evaluating and saving results...
2026-04-25 09:38:52,429 | INFO |    Saved comparison: C:\Users\DREAMUSER\Documents\NSE Volatility Project\NSE_Volatility_Project\results\tables\ZENITH_model_comparison.csv
2026-04-25 09:38:52,439 | INFO |    Saved predictions: C:\Users\DREAMUSER\Documents\NSE Volatility Project\NSE_Volatility_Project\results\forecasts\ZENITH_predictions.csv
2026-04-25 09:38:52,440 | INFO | [OK] Best: Ridge, RMSE: 0.041887, MAPE: 7.10%
2026-04-25 09:38:52,443 | INFO | 
============================================================
2026-04-25 09:38:52,443 | INFO | Processing: CWG
2026-04-25 09:38:52,445 | INFO | ============================================================
2026-04-25 09:38:52,446 | INFO | [1/6] Loading raw data...
2026-04-25 09:38:52,447 | INFO | [WAIT] Loading CWG from C:\Users\DREAMUSER\Documents\NSE Volatility Project\NSE_Volatility_Project\data\raw\CWG.csv
2026-04-25 09:38:52,447 | INFO |    Trying encoding: utf-8
2026-04-25 09:38:52,459 | INFO |    Read 1107 rows with 7 columns using utf-8
2026-04-25 09:38:52,462 | INFO |    Original columns: ['Date', 'Price', 'Open', 'High', 'Low', 'Vol.', 'Change %']
2026-04-25 09:38:52,464 | INFO |    Cleaned columns: ['Date', 'Price', 'Open', 'High', 'Low', 'Vol.', 'Change %']
2026-04-25 09:38:52,473 | INFO |    First few rows:
         Date  Price  Open  High    Low   Vol. Change %
0  03/27/2026   22.0  22.9  22.0  22.00  1.42M   -3.93%
1  03/26/2026   22.9  21.7  22.9  22.45  2.58M    5.53%
2026-04-25 09:38:52,474 | INFO |    Column map: {'date': 'Date', 'price': 'Price', 'open': 'Open', 'high': 'High', 'low': 'Low', 'vol.': 'Vol.', 'change_%': 'Change %'}
2026-04-25 09:38:52,474 | INFO |    Matched columns: {'Price': 'Price', 'Open': 'Open', 'High': 'High', 'Low': 'Low'}
2026-04-25 09:38:52,514 | INFO |    Final DataFrame: 1107 rows, columns: ['Date', 'Price', 'Open', 'High', 'Low', 'Volume']
2026-04-25 09:38:52,514 | INFO | [OK] Loaded 1107 rows
2026-04-25 09:38:52,515 | INFO |    Loaded 1107 rows, columns: ['Date', 'Price', 'Open', 'High', 'Low', 'Volume']
2026-04-25 09:38:52,515 | INFO | [2/6] Engineering features...
2026-04-25 09:38:52,577 | INFO |    Created 854 rows with 48 features
2026-04-25 09:38:52,577 | INFO | [3/6] Saving processed data...
2026-04-25 09:38:52,651 | INFO |    Saved: C:\Users\DREAMUSER\Documents\NSE Volatility Project\NSE_Volatility_Project\data\processed\CWG_features.csv
2026-04-25 09:38:52,652 | INFO | [4/6] Preparing ML dataset...
2026-04-25 09:38:52,657 | INFO | [5/6] Training ML models...
2026-04-25 09:38:53,428 | INFO |    Random Forest: RMSE=0.046030
2026-04-25 09:38:53,440 | INFO |    Ridge: RMSE=0.034274
2026-04-25 09:38:54,144 | INFO |    XGBoost: RMSE=0.082253
2026-04-25 09:38:54,144 | INFO | [6/6] Evaluating and saving results...
2026-04-25 09:38:54,160 | INFO |    Saved comparison: C:\Users\DREAMUSER\Documents\NSE Volatility Project\NSE_Volatility_Project\results\tables\CWG_model_comparison.csv
2026-04-25 09:38:54,171 | INFO |    Saved predictions: C:\Users\DREAMUSER\Documents\NSE Volatility Project\NSE_Volatility_Project\results\forecasts\CWG_predictions.csv
2026-04-25 09:38:54,172 | INFO | [OK] Best: Ridge, RMSE: 0.034274, MAPE: 4.90%
2026-04-25 09:38:54,175 | INFO | 
============================================================
2026-04-25 09:38:54,176 | INFO | Processing: NESTLE
2026-04-25 09:38:54,176 | INFO | ============================================================
2026-04-25 09:38:54,177 | INFO | [1/6] Loading raw data...
2026-04-25 09:38:54,177 | INFO | [WAIT] Loading NESTLE from C:\Users\DREAMUSER\Documents\NSE Volatility Project\NSE_Volatility_Project\data\raw\NESTLE.csv
2026-04-25 09:38:54,177 | INFO |    Trying encoding: utf-8
2026-04-25 09:38:54,197 | INFO |    Read 1545 rows with 7 columns using utf-8
2026-04-25 09:38:54,198 | INFO |    Original columns: ['Date', 'Price', 'Open', 'High', 'Low', 'Vol.', 'Change %']
2026-04-25 09:38:54,199 | INFO |    Cleaned columns: ['Date', 'Price', 'Open', 'High', 'Low', 'Vol.', 'Change %']
2026-04-25 09:38:54,210 | INFO |    First few rows:
         Date     Price      Open      High       Low    Vol. Change %
0  03/27/2026  3,395.00  3,395.00  3,395.00  3,395.00  66.01K    0.00%
1  03/26/2026  3,395.00  3,395.00  3,395.00  3,395.00  25.42K    0.00%
2026-04-25 09:38:54,211 | INFO |    Column map: {'date': 'Date', 'price': 'Price', 'open': 'Open', 'high': 'High', 'low': 'Low', 'vol.': 'Vol.', 'change_%': 'Change %'}
2026-04-25 09:38:54,211 | INFO |    Matched columns: {'Price': 'Price', 'Open': 'Open', 'High': 'High', 'Low': 'Low'}
2026-04-25 09:38:54,264 | INFO |    Final DataFrame: 346 rows, columns: ['Date', 'Price', 'Open', 'High', 'Low', 'Volume']
2026-04-25 09:38:54,264 | INFO | [OK] Loaded 346 rows
2026-04-25 09:38:54,264 | INFO |    Loaded 346 rows, columns: ['Date', 'Price', 'Open', 'High', 'Low', 'Volume']
2026-04-25 09:38:54,265 | INFO | [2/6] Engineering features...
2026-04-25 09:38:54,320 | INFO |    Created 53 rows with 48 features
2026-04-25 09:38:54,320 | INFO | [3/6] Saving processed data...
2026-04-25 09:38:54,328 | INFO |    Saved: C:\Users\DREAMUSER\Documents\NSE Volatility Project\NSE_Volatility_Project\data\processed\NESTLE_features.csv
2026-04-25 09:38:54,328 | INFO | [4/6] Preparing ML dataset...
2026-04-25 09:38:54,335 | INFO | [5/6] Training ML models...
2026-04-25 09:38:54,653 | INFO |    Random Forest: RMSE=0.059516
2026-04-25 09:38:54,662 | INFO |    Ridge: RMSE=0.010270
2026-04-25 09:38:54,713 | INFO |    XGBoost: RMSE=0.134238
2026-04-25 09:38:54,714 | INFO | [6/6] Evaluating and saving results...
2026-04-25 09:38:54,731 | INFO |    Saved comparison: C:\Users\DREAMUSER\Documents\NSE Volatility Project\NSE_Volatility_Project\results\tables\NESTLE_model_comparison.csv
2026-04-25 09:38:54,737 | INFO |    Saved predictions: C:\Users\DREAMUSER\Documents\NSE Volatility Project\NSE_Volatility_Project\results\forecasts\NESTLE_predictions.csv
2026-04-25 09:38:54,738 | INFO | [OK] Best: Ridge, RMSE: 0.010270, MAPE: 2.88%
2026-04-25 09:38:54,739 | INFO | 
============================================================
2026-04-25 09:38:54,741 | INFO | Processing: NB
2026-04-25 09:38:54,741 | INFO | ============================================================
2026-04-25 09:38:54,742 | INFO | [1/6] Loading raw data...
2026-04-25 09:38:54,743 | INFO | [WAIT] Loading NB from C:\Users\DREAMUSER\Documents\NSE Volatility Project\NSE_Volatility_Project\data\raw\NB.csv
2026-04-25 09:38:54,743 | INFO |    Trying encoding: utf-8
2026-04-25 09:38:54,758 | INFO |    Read 1545 rows with 7 columns using utf-8
2026-04-25 09:38:54,759 | INFO |    Original columns: ['Date', 'Price', 'Open', 'High', 'Low', 'Vol.', 'Change %']
2026-04-25 09:38:54,759 | INFO |    Cleaned columns: ['Date', 'Price', 'Open', 'High', 'Low', 'Vol.', 'Change %']
2026-04-25 09:38:54,772 | INFO |    First few rows:
         Date  Price   Open  High   Low    Vol. Change %
0  03/27/2026   71.0  73.30  71.0  70.7  19.20M   -3.14%
1  03/26/2026   73.3  71.95  74.0  73.3   4.86M    1.88%
2026-04-25 09:38:54,773 | INFO |    Column map: {'date': 'Date', 'price': 'Price', 'open': 'Open', 'high': 'High', 'low': 'Low', 'vol.': 'Vol.', 'change_%': 'Change %'}
2026-04-25 09:38:54,773 | INFO |    Matched columns: {'Price': 'Price', 'Open': 'Open', 'High': 'High', 'Low': 'Low'}
2026-04-25 09:38:54,810 | INFO |    Final DataFrame: 1545 rows, columns: ['Date', 'Price', 'Open', 'High', 'Low', 'Volume']
2026-04-25 09:38:54,810 | INFO | [OK] Loaded 1545 rows
2026-04-25 09:38:54,810 | INFO |    Loaded 1545 rows, columns: ['Date', 'Price', 'Open', 'High', 'Low', 'Volume']
2026-04-25 09:38:54,810 | INFO | [2/6] Engineering features...
2026-04-25 09:38:54,873 | INFO |    Created 1281 rows with 48 features
2026-04-25 09:38:54,874 | INFO | [3/6] Saving processed data...
2026-04-25 09:38:54,981 | INFO |    Saved: C:\Users\DREAMUSER\Documents\NSE Volatility Project\NSE_Volatility_Project\data\processed\NB_features.csv
2026-04-25 09:38:54,981 | INFO | [4/6] Preparing ML dataset...
2026-04-25 09:38:54,986 | INFO | [5/6] Training ML models...
2026-04-25 09:38:55,987 | INFO |    Random Forest: RMSE=0.042388
2026-04-25 09:38:56,000 | INFO |    Ridge: RMSE=0.036470
2026-04-25 09:38:56,969 | INFO |    XGBoost: RMSE=0.051644
2026-04-25 09:38:56,969 | INFO | [6/6] Evaluating and saving results...
2026-04-25 09:38:56,986 | INFO |    Saved comparison: C:\Users\DREAMUSER\Documents\NSE Volatility Project\NSE_Volatility_Project\results\tables\NB_model_comparison.csv
2026-04-25 09:38:56,998 | INFO |    Saved predictions: C:\Users\DREAMUSER\Documents\NSE Volatility Project\NSE_Volatility_Project\results\forecasts\NB_predictions.csv
2026-04-25 09:38:56,999 | INFO | [OK] Best: Ridge, RMSE: 0.036470, MAPE: 6.85%
2026-04-25 09:38:57,003 | INFO | 
============================================================
2026-04-25 09:38:57,006 | INFO | Processing: ACCESS
2026-04-25 09:38:57,007 | INFO | ============================================================
2026-04-25 09:38:57,007 | INFO | [1/6] Loading raw data...
2026-04-25 09:38:57,008 | INFO | [WAIT] Loading ACCESS from C:\Users\DREAMUSER\Documents\NSE Volatility Project\NSE_Volatility_Project\data\raw\ACCESS.csv
2026-04-25 09:38:57,008 | INFO |    Trying encoding: utf-8
2026-04-25 09:38:57,022 | INFO |    Read 988 rows with 7 columns using utf-8
2026-04-25 09:38:57,027 | INFO |    Original columns: ['Date', 'Price', 'Open', 'High', 'Low', 'Vol.', 'Change %']
2026-04-25 09:38:57,028 | INFO |    Cleaned columns: ['Date', 'Price', 'Open', 'High', 'Low', 'Vol.', 'Change %']
2026-04-25 09:38:57,048 | INFO |    First few rows:
         Date  Price   Open   High    Low     Vol. Change %
0  03/27/2026   26.0  26.00  26.10  25.85   29.43M    0.00%
1  03/26/2026   26.0  26.05  26.05  25.80  134.59M   -0.19%
2026-04-25 09:38:57,048 | INFO |    Column map: {'date': 'Date', 'price': 'Price', 'open': 'Open', 'high': 'High', 'low': 'Low', 'vol.': 'Vol.', 'change_%': 'Change %'}
2026-04-25 09:38:57,048 | INFO |    Matched columns: {'Price': 'Price', 'Open': 'Open', 'High': 'High', 'Low': 'Low'}
2026-04-25 09:38:57,085 | INFO |    Final DataFrame: 988 rows, columns: ['Date', 'Price', 'Open', 'High', 'Low', 'Volume']
2026-04-25 09:38:57,086 | INFO | [OK] Loaded 988 rows
2026-04-25 09:38:57,086 | INFO |    Loaded 988 rows, columns: ['Date', 'Price', 'Open', 'High', 'Low', 'Volume']
2026-04-25 09:38:57,086 | INFO | [2/6] Engineering features...
2026-04-25 09:38:57,161 | INFO |    Created 735 rows with 48 features
2026-04-25 09:38:57,161 | INFO | [3/6] Saving processed data...
2026-04-25 09:38:57,226 | INFO |    Saved: C:\Users\DREAMUSER\Documents\NSE Volatility Project\NSE_Volatility_Project\data\processed\ACCESS_features.csv
2026-04-25 09:38:57,226 | INFO | [4/6] Preparing ML dataset...
2026-04-25 09:38:57,231 | INFO | [5/6] Training ML models...
2026-04-25 09:38:57,908 | INFO |    Random Forest: RMSE=0.037970
2026-04-25 09:38:57,926 | INFO |    Ridge: RMSE=0.032037
2026-04-25 09:38:58,428 | INFO |    XGBoost: RMSE=0.040395
2026-04-25 09:38:58,429 | INFO | [6/6] Evaluating and saving results...
2026-04-25 09:38:58,443 | INFO |    Saved comparison: C:\Users\DREAMUSER\Documents\NSE Volatility Project\NSE_Volatility_Project\results\tables\ACCESS_model_comparison.csv
2026-04-25 09:38:58,453 | INFO |    Saved predictions: C:\Users\DREAMUSER\Documents\NSE Volatility Project\NSE_Volatility_Project\results\forecasts\ACCESS_predictions.csv
2026-04-25 09:38:58,455 | INFO | [OK] Best: Ridge, RMSE: 0.032037, MAPE: 5.62%
2026-04-25 09:38:58,459 | INFO | 
============================================================
2026-04-25 09:38:58,459 | INFO | Processing: WAPCO
2026-04-25 09:38:58,459 | INFO | ============================================================
2026-04-25 09:38:58,460 | INFO | [1/6] Loading raw data...
2026-04-25 09:38:58,460 | INFO | [WAIT] Loading WAPCO from C:\Users\DREAMUSER\Documents\NSE Volatility Project\NSE_Volatility_Project\data\raw\WAPCO.csv
2026-04-25 09:38:58,460 | INFO |    Trying encoding: utf-8
2026-04-25 09:38:58,476 | INFO |    Read 1545 rows with 7 columns using utf-8
2026-04-25 09:38:58,477 | INFO |    Original columns: ['Date', 'Price', 'Open', 'High', 'Low', 'Vol.', 'Change %']
2026-04-25 09:38:58,478 | INFO |    Cleaned columns: ['Date', 'Price', 'Open', 'High', 'Low', 'Vol.', 'Change %']
2026-04-25 09:38:58,491 | INFO |    First few rows:
         Date  Price   Open   High    Low   Vol. Change %
0  03/27/2026  224.0  224.0  224.0  215.0  2.37M    0.00%
1  03/26/2026  224.0  227.5  224.0  224.0  5.98M   -1.54%
2026-04-25 09:38:58,492 | INFO |    Column map: {'date': 'Date', 'price': 'Price', 'open': 'Open', 'high': 'High', 'low': 'Low', 'vol.': 'Vol.', 'change_%': 'Change %'}
2026-04-25 09:38:58,492 | INFO |    Matched columns: {'Price': 'Price', 'Open': 'Open', 'High': 'High', 'Low': 'Low'}
2026-04-25 09:38:58,529 | INFO |    Final DataFrame: 1545 rows, columns: ['Date', 'Price', 'Open', 'High', 'Low', 'Volume']
2026-04-25 09:38:58,530 | INFO | [OK] Loaded 1545 rows
2026-04-25 09:38:58,530 | INFO |    Loaded 1545 rows, columns: ['Date', 'Price', 'Open', 'High', 'Low', 'Volume']
2026-04-25 09:38:58,530 | INFO | [2/6] Engineering features...
2026-04-25 09:38:58,588 | INFO |    Created 1291 rows with 48 features
2026-04-25 09:38:58,589 | INFO | [3/6] Saving processed data...
2026-04-25 09:38:58,689 | INFO |    Saved: C:\Users\DREAMUSER\Documents\NSE Volatility Project\NSE_Volatility_Project\data\processed\WAPCO_features.csv
2026-04-25 09:38:58,689 | INFO | [4/6] Preparing ML dataset...
2026-04-25 09:38:58,694 | INFO | [5/6] Training ML models...
2026-04-25 09:38:59,728 | INFO |    Random Forest: RMSE=0.038853
2026-04-25 09:38:59,733 | INFO |    Ridge: RMSE=0.043650
2026-04-25 09:39:00,497 | INFO |    XGBoost: RMSE=0.055284
2026-04-25 09:39:00,497 | INFO | [6/6] Evaluating and saving results...
2026-04-25 09:39:00,513 | INFO |    Saved comparison: C:\Users\DREAMUSER\Documents\NSE Volatility Project\NSE_Volatility_Project\results\tables\WAPCO_model_comparison.csv
2026-04-25 09:39:00,524 | INFO |    Saved predictions: C:\Users\DREAMUSER\Documents\NSE Volatility Project\NSE_Volatility_Project\results\forecasts\WAPCO_predictions.csv
2026-04-25 09:39:00,525 | INFO | [OK] Best: Random Forest, RMSE: 0.038853, MAPE: 10.83%
2026-04-25 09:39:00,532 | INFO | 
[OK] Reports saved to C:\Users\DREAMUSER\Documents\NSE Volatility Project\NSE_Volatility_Project\results\tables
2026-04-25 09:39:00,533 | INFO | 
======================================================================
2026-04-25 09:39:00,533 | INFO | PIPELINE COMPLETE
2026-04-25 09:39:00,533 | INFO | Success: 15/15 stocks
2026-04-25 09:39:00,534 | INFO | Time: 0.4 minutes
2026-04-25 09:39:00,534 | INFO | ======================================================================
2026-04-25 09:39:00,535 | INFO | Dashboard-compatible files created:
2026-04-25 09:39:00,536 | INFO |    - data/processed/{stock}_features.csv
2026-04-25 09:39:00,536 | INFO |    - results/tables/{stock}_model_comparison.csv
2026-04-25 09:39:00,538 | INFO |    - results/forecasts/{stock}_predictions.csv
2026-04-25 09:39:00,538 | INFO | 
Run: streamlit run app.py
2026-04-25 09:39:00,540 | INFO | ======================================================================
2026-04-27 00:39:39,426 | INFO | 
======================================================================
2026-04-27 00:39:39,427 | INFO | NSE STOCK VOLATILITY PREDICTION PIPELINE
2026-04-27 00:39:39,428 | INFO | Started: 2026-04-27 00:39:39
2026-04-27 00:39:39,428 | INFO | ======================================================================
2026-04-27 00:39:39,447 | INFO | [OK] Found 15 stocks to process
2026-04-27 00:39:39,451 | INFO | 
============================================================
2026-04-27 00:39:39,452 | INFO | Processing: DANGCEM
2026-04-27 00:39:39,454 | INFO | ============================================================
2026-04-27 00:39:39,456 | INFO | [1/6] Loading raw data...
2026-04-27 00:39:39,458 | INFO | [WAIT] Loading DANGCEM from C:\Users\DREAMUSER\Documents\NSE Volatility Project\NSE_Volatility_Project\data\raw\DANGCEM.csv
2026-04-27 00:39:39,458 | INFO |    Trying encoding: utf-8
2026-04-27 00:39:39,702 | INFO |    Read 1545 rows with 7 columns using utf-8
2026-04-27 00:39:39,704 | INFO |    Original columns: ['Date', 'Price', 'Open', 'High', 'Low', 'Vol.', 'Change %']
2026-04-27 00:39:39,704 | INFO |    Cleaned columns: ['Date', 'Price', 'Open', 'High', 'Low', 'Vol.', 'Change %']
2026-04-27 00:39:39,739 | INFO |    First few rows:
        Date  Price   Open   High    Low     Vol. Change %
0  3/27/2026  810.0  810.0  810.0  800.0  857.88K    0.00%
1  3/26/2026  810.0  810.0  810.0  810.0    1.13M    0.00%
2026-04-27 00:39:39,740 | INFO |    Column map: {'date': 'Date', 'price': 'Price', 'open': 'Open', 'high': 'High', 'low': 'Low', 'vol.': 'Vol.', 'change_%': 'Change %'}
2026-04-27 00:39:39,740 | INFO |    Matched columns: {'Price': 'Price', 'Open': 'Open', 'High': 'High', 'Low': 'Low'}
2026-04-27 00:39:39,842 | INFO |    Final DataFrame: 1545 rows, columns: ['Date', 'Price', 'Open', 'High', 'Low', 'Volume']
2026-04-27 00:39:39,843 | INFO | [OK] Loaded 1545 rows
2026-04-27 00:39:39,844 | INFO |    Loaded 1545 rows, columns: ['Date', 'Price', 'Open', 'High', 'Low', 'Volume']
2026-04-27 00:39:39,844 | INFO | [2/6] Engineering features...
2026-04-27 00:39:39,923 | INFO |    Created 946 rows with 48 features
2026-04-27 00:39:39,923 | INFO | [3/6] Saving processed data...
2026-04-27 00:39:40,029 | INFO |    Saved: C:\Users\DREAMUSER\Documents\NSE Volatility Project\NSE_Volatility_Project\data\processed\DANGCEM_features.csv
2026-04-27 00:39:40,030 | INFO | [4/6] Preparing ML dataset...
2026-04-27 00:39:40,037 | INFO | [5/6] Training ML models...
2026-04-27 00:39:40,877 | INFO |    Random Forest: RMSE=0.051811
2026-04-27 00:39:40,888 | INFO |    Ridge: RMSE=0.050804
2026-04-27 00:39:41,770 | INFO |    XGBoost: RMSE=0.054207
2026-04-27 00:39:41,770 | INFO | [6/6] Evaluating and saving results...
2026-04-27 00:39:41,787 | INFO |    Saved comparison: C:\Users\DREAMUSER\Documents\NSE Volatility Project\NSE_Volatility_Project\results\tables\DANGCEM_model_comparison.csv
2026-04-27 00:39:41,799 | INFO |    Saved predictions: C:\Users\DREAMUSER\Documents\NSE Volatility Project\NSE_Volatility_Project\results\forecasts\DANGCEM_predictions.csv
2026-04-27 00:39:41,801 | INFO | [OK] Best: Ridge, RMSE: 0.050804, MAPE: 10.04%
2026-04-27 00:39:41,804 | INFO | 
============================================================
2026-04-27 00:39:41,804 | INFO | Processing: DANGSUG
2026-04-27 00:39:41,804 | INFO | ============================================================
2026-04-27 00:39:41,805 | INFO | [1/6] Loading raw data...
2026-04-27 00:39:41,805 | INFO | [WAIT] Loading DANGSUG from C:\Users\DREAMUSER\Documents\NSE Volatility Project\NSE_Volatility_Project\data\raw\DANGSUG.csv
2026-04-27 00:39:41,805 | INFO |    Trying encoding: utf-8
2026-04-27 00:39:41,860 | INFO |    Read 1545 rows with 7 columns using utf-8
2026-04-27 00:39:41,861 | INFO |    Original columns: ['Date', 'Price', 'Open', 'High', 'Low', 'Vol.', 'Change %']
2026-04-27 00:39:41,861 | INFO |    Cleaned columns: ['Date', 'Price', 'Open', 'High', 'Low', 'Vol.', 'Change %']
2026-04-27 00:39:41,876 | INFO |    First few rows:
         Date  Price  Open  High   Low   Vol. Change %
0  03/27/2026   70.0  71.0  72.0  69.5  3.36M   -1.41%
1  03/26/2026   71.0  71.5  71.0  71.0  1.19M   -0.70%
2026-04-27 00:39:41,877 | INFO |    Column map: {'date': 'Date', 'price': 'Price', 'open': 'Open', 'high': 'High', 'low': 'Low', 'vol.': 'Vol.', 'change_%': 'Change %'}
2026-04-27 00:39:41,877 | INFO |    Matched columns: {'Price': 'Price', 'Open': 'Open', 'High': 'High', 'Low': 'Low'}
2026-04-27 00:39:41,910 | INFO |    Final DataFrame: 1545 rows, columns: ['Date', 'Price', 'Open', 'High', 'Low', 'Volume']
2026-04-27 00:39:41,911 | INFO | [OK] Loaded 1545 rows
2026-04-27 00:39:41,911 | INFO |    Loaded 1545 rows, columns: ['Date', 'Price', 'Open', 'High', 'Low', 'Volume']
2026-04-27 00:39:41,911 | INFO | [2/6] Engineering features...
2026-04-27 00:39:41,986 | INFO |    Created 1285 rows with 48 features
2026-04-27 00:39:41,986 | INFO | [3/6] Saving processed data...
2026-04-27 00:39:42,095 | INFO |    Saved: C:\Users\DREAMUSER\Documents\NSE Volatility Project\NSE_Volatility_Project\data\processed\DANGSUG_features.csv
2026-04-27 00:39:42,095 | INFO | [4/6] Preparing ML dataset...
2026-04-27 00:39:42,100 | INFO | [5/6] Training ML models...
2026-04-27 00:39:43,166 | INFO |    Random Forest: RMSE=0.044077
2026-04-27 00:39:43,204 | INFO |    Ridge: RMSE=0.037098
2026-04-27 00:39:44,067 | INFO |    XGBoost: RMSE=0.047019
2026-04-27 00:39:44,068 | INFO | [6/6] Evaluating and saving results...
2026-04-27 00:39:44,082 | INFO |    Saved comparison: C:\Users\DREAMUSER\Documents\NSE Volatility Project\NSE_Volatility_Project\results\tables\DANGSUG_model_comparison.csv
2026-04-27 00:39:44,095 | INFO |    Saved predictions: C:\Users\DREAMUSER\Documents\NSE Volatility Project\NSE_Volatility_Project\results\forecasts\DANGSUG_predictions.csv
2026-04-27 00:39:44,096 | INFO | [OK] Best: Ridge, RMSE: 0.037098, MAPE: 5.32%
2026-04-27 00:39:44,099 | INFO | 
============================================================
2026-04-27 00:39:44,100 | INFO | Processing: MTNN
2026-04-27 00:39:44,100 | INFO | ============================================================
2026-04-27 00:39:44,100 | INFO | [1/6] Loading raw data...
2026-04-27 00:39:44,101 | INFO | [WAIT] Loading MTNN from C:\Users\DREAMUSER\Documents\NSE Volatility Project\NSE_Volatility_Project\data\raw\MTNN.csv
2026-04-27 00:39:44,101 | INFO |    Trying encoding: utf-8
2026-04-27 00:39:44,149 | INFO |    Read 1545 rows with 7 columns using utf-8
2026-04-27 00:39:44,150 | INFO |    Original columns: ['Date', 'Price', 'Open', 'High', 'Low', 'Vol.', 'Change %']
2026-04-27 00:39:44,151 | INFO |    Cleaned columns: ['Date', 'Price', 'Open', 'High', 'Low', 'Vol.', 'Change %']
2026-04-27 00:39:44,161 | INFO |    First few rows:
         Date  Price   Open   High    Low    Vol. Change %
0  03/27/2026  718.0  719.1  720.0  717.0   3.77M   -0.15%
1  03/26/2026  719.1  718.0  720.0  718.0  15.37M    0.15%
2026-04-27 00:39:44,161 | INFO |    Column map: {'date': 'Date', 'price': 'Price', 'open': 'Open', 'high': 'High', 'low': 'Low', 'vol.': 'Vol.', 'change_%': 'Change %'}
2026-04-27 00:39:44,162 | INFO |    Matched columns: {'Price': 'Price', 'Open': 'Open', 'High': 'High', 'Low': 'Low'}
2026-04-27 00:39:44,197 | INFO |    Final DataFrame: 1545 rows, columns: ['Date', 'Price', 'Open', 'High', 'Low', 'Volume']
2026-04-27 00:39:44,197 | INFO | [OK] Loaded 1545 rows
2026-04-27 00:39:44,198 | INFO |    Loaded 1545 rows, columns: ['Date', 'Price', 'Open', 'High', 'Low', 'Volume']
2026-04-27 00:39:44,198 | INFO | [2/6] Engineering features...
2026-04-27 00:39:44,277 | INFO |    Created 1282 rows with 48 features
2026-04-27 00:39:44,277 | INFO | [3/6] Saving processed data...
2026-04-27 00:39:44,382 | INFO |    Saved: C:\Users\DREAMUSER\Documents\NSE Volatility Project\NSE_Volatility_Project\data\processed\MTNN_features.csv
2026-04-27 00:39:44,382 | INFO | [4/6] Preparing ML dataset...
2026-04-27 00:39:44,388 | INFO | [5/6] Training ML models...
2026-04-27 00:39:45,579 | INFO |    Random Forest: RMSE=0.045903
2026-04-27 00:39:45,590 | INFO |    Ridge: RMSE=0.050053
2026-04-27 00:39:46,382 | INFO |    XGBoost: RMSE=0.058028
2026-04-27 00:39:46,382 | INFO | [6/6] Evaluating and saving results...
2026-04-27 00:39:46,397 | INFO |    Saved comparison: C:\Users\DREAMUSER\Documents\NSE Volatility Project\NSE_Volatility_Project\results\tables\MTNN_model_comparison.csv
2026-04-27 00:39:46,411 | INFO |    Saved predictions: C:\Users\DREAMUSER\Documents\NSE Volatility Project\NSE_Volatility_Project\results\forecasts\MTNN_predictions.csv
2026-04-27 00:39:46,413 | INFO | [OK] Best: Random Forest, RMSE: 0.045903, MAPE: 9.90%
2026-04-27 00:39:46,415 | INFO | 
============================================================
2026-04-27 00:39:46,416 | INFO | Processing: GTCO
2026-04-27 00:39:46,416 | INFO | ============================================================
2026-04-27 00:39:46,417 | INFO | [1/6] Loading raw data...
2026-04-27 00:39:46,418 | INFO | [WAIT] Loading GTCO from C:\Users\DREAMUSER\Documents\NSE Volatility Project\NSE_Volatility_Project\data\raw\GTCO.csv
2026-04-27 00:39:46,418 | INFO |    Trying encoding: utf-8
2026-04-27 00:39:46,469 | INFO |    Read 1541 rows with 7 columns using utf-8
2026-04-27 00:39:46,471 | INFO |    Original columns: ['Date', 'Price', 'Open', 'High', 'Low', 'Vol.', 'Change %']
2026-04-27 00:39:46,471 | INFO |    Cleaned columns: ['Date', 'Price', 'Open', 'High', 'Low', 'Vol.', 'Change %']
2026-04-27 00:39:46,481 | INFO |    First few rows:
         Date  Price    Open   High    Low    Vol. Change %
0  03/27/2026  116.1  115.40  116.9  112.0  19.18M    0.61%
1  03/26/2026  115.4  114.55  115.5  115.3   9.53M    0.74%
2026-04-27 00:39:46,481 | INFO |    Column map: {'date': 'Date', 'price': 'Price', 'open': 'Open', 'high': 'High', 'low': 'Low', 'vol.': 'Vol.', 'change_%': 'Change %'}
2026-04-27 00:39:46,482 | INFO |    Matched columns: {'Price': 'Price', 'Open': 'Open', 'High': 'High', 'Low': 'Low'}
2026-04-27 00:39:46,513 | INFO |    Final DataFrame: 1541 rows, columns: ['Date', 'Price', 'Open', 'High', 'Low', 'Volume']
2026-04-27 00:39:46,513 | INFO | [OK] Loaded 1541 rows
2026-04-27 00:39:46,513 | INFO |    Loaded 1541 rows, columns: ['Date', 'Price', 'Open', 'High', 'Low', 'Volume']
2026-04-27 00:39:46,514 | INFO | [2/6] Engineering features...
2026-04-27 00:39:46,595 | INFO |    Created 1288 rows with 48 features
2026-04-27 00:39:46,595 | INFO | [3/6] Saving processed data...
2026-04-27 00:39:46,704 | INFO |    Saved: C:\Users\DREAMUSER\Documents\NSE Volatility Project\NSE_Volatility_Project\data\processed\GTCO_features.csv
2026-04-27 00:39:46,705 | INFO | [4/6] Preparing ML dataset...
2026-04-27 00:39:46,711 | INFO | [5/6] Training ML models...
2026-04-27 00:39:47,816 | INFO |    Random Forest: RMSE=0.040092
2026-04-27 00:39:47,822 | INFO |    Ridge: RMSE=0.037164
2026-04-27 00:39:48,582 | INFO |    XGBoost: RMSE=0.040271
2026-04-27 00:39:48,582 | INFO | [6/6] Evaluating and saving results...
2026-04-27 00:39:48,603 | INFO |    Saved comparison: C:\Users\DREAMUSER\Documents\NSE Volatility Project\NSE_Volatility_Project\results\tables\GTCO_model_comparison.csv
2026-04-27 00:39:48,618 | INFO |    Saved predictions: C:\Users\DREAMUSER\Documents\NSE Volatility Project\NSE_Volatility_Project\results\forecasts\GTCO_predictions.csv
2026-04-27 00:39:48,621 | INFO | [OK] Best: Ridge, RMSE: 0.037164, MAPE: 7.51%
2026-04-27 00:39:48,626 | INFO | 
============================================================
2026-04-27 00:39:48,626 | INFO | Processing: SEPLAT
2026-04-27 00:39:48,626 | INFO | ============================================================
2026-04-27 00:39:48,627 | INFO | [1/6] Loading raw data...
2026-04-27 00:39:48,627 | INFO | [WAIT] Loading SEPLAT from C:\Users\DREAMUSER\Documents\NSE Volatility Project\NSE_Volatility_Project\data\raw\SEPLAT.csv
2026-04-27 00:39:48,628 | INFO |    Trying encoding: utf-8
2026-04-27 00:39:48,693 | INFO |    Read 1546 rows with 7 columns using utf-8
2026-04-27 00:39:48,694 | INFO |    Original columns: ['Date', 'Price', 'Open', 'High', 'Low', 'Vol.', 'Change %']
2026-04-27 00:39:48,694 | INFO |    Cleaned columns: ['Date', 'Price', 'Open', 'High', 'Low', 'Vol.', 'Change %']
2026-04-27 00:39:48,701 | INFO |    First few rows:
         Date     Price      Open      High       Low     Vol. Change %
0  03/27/2026  9,099.90  9,099.90  9,450.00  9,000.10   30.88K    0.00%
1  03/26/2026  9,099.90  9,099.90  9,099.90  9,099.90  137.41K    0.00%
2026-04-27 00:39:48,702 | INFO |    Column map: {'date': 'Date', 'price': 'Price', 'open': 'Open', 'high': 'High', 'low': 'Low', 'vol.': 'Vol.', 'change_%': 'Change %'}
2026-04-27 00:39:48,702 | INFO |    Matched columns: {'Price': 'Price', 'Open': 'Open', 'High': 'High', 'Low': 'Low'}
2026-04-27 00:39:48,742 | INFO |    Final DataFrame: 591 rows, columns: ['Date', 'Price', 'Open', 'High', 'Low', 'Volume']
2026-04-27 00:39:48,742 | INFO | [OK] Loaded 591 rows
2026-04-27 00:39:48,743 | INFO |    Loaded 591 rows, columns: ['Date', 'Price', 'Open', 'High', 'Low', 'Volume']
2026-04-27 00:39:48,743 | INFO | [2/6] Engineering features...
2026-04-27 00:39:48,809 | INFO |    Created 270 rows with 48 features
2026-04-27 00:39:48,810 | INFO | [3/6] Saving processed data...
2026-04-27 00:39:48,836 | INFO |    Saved: C:\Users\DREAMUSER\Documents\NSE Volatility Project\NSE_Volatility_Project\data\processed\SEPLAT_features.csv
2026-04-27 00:39:48,837 | INFO | [4/6] Preparing ML dataset...
2026-04-27 00:39:48,842 | INFO | [5/6] Training ML models...
2026-04-27 00:39:49,284 | INFO |    Random Forest: RMSE=0.103676
2026-04-27 00:39:49,294 | INFO |    Ridge: RMSE=0.099766
2026-04-27 00:39:49,546 | INFO |    XGBoost: RMSE=0.153734
2026-04-27 00:39:49,547 | INFO | [6/6] Evaluating and saving results...
2026-04-27 00:39:49,564 | INFO |    Saved comparison: C:\Users\DREAMUSER\Documents\NSE Volatility Project\NSE_Volatility_Project\results\tables\SEPLAT_model_comparison.csv
2026-04-27 00:39:49,575 | INFO |    Saved predictions: C:\Users\DREAMUSER\Documents\NSE Volatility Project\NSE_Volatility_Project\results\forecasts\SEPLAT_predictions.csv
2026-04-27 00:39:49,577 | INFO | [OK] Best: Ridge, RMSE: 0.099766, MAPE: 24.10%
2026-04-27 00:39:49,579 | INFO | 
============================================================
2026-04-27 00:39:49,579 | INFO | Processing: AIRTEL
2026-04-27 00:39:49,579 | INFO | ============================================================
2026-04-27 00:39:49,580 | INFO | [1/6] Loading raw data...
2026-04-27 00:39:49,580 | INFO | [WAIT] Loading AIRTEL from C:\Users\DREAMUSER\Documents\NSE Volatility Project\NSE_Volatility_Project\data\raw\AIRTEL.csv
2026-04-27 00:39:49,580 | INFO |    Trying encoding: utf-8
2026-04-27 00:39:49,637 | INFO |    Read 1530 rows with 7 columns using utf-8
2026-04-27 00:39:49,638 | INFO |    Original columns: ['Date', 'Price', 'Open', 'High', 'Low', 'Vol.', 'Change %']
2026-04-27 00:39:49,638 | INFO |    Cleaned columns: ['Date', 'Price', 'Open', 'High', 'Low', 'Vol.', 'Change %']
2026-04-27 00:39:49,655 | INFO |    First few rows:
         Date     Price      Open      High       Low   Vol. Change %
0  03/27/2026  2,497.00  2,497.00  2,746.70  2,497.00  0.42K    0.00%
1  03/26/2026  2,497.00  2,497.00  2,497.00  2,497.00    NaN    0.00%
2026-04-27 00:39:49,655 | INFO |    Column map: {'date': 'Date', 'price': 'Price', 'open': 'Open', 'high': 'High', 'low': 'Low', 'vol.': 'Vol.', 'change_%': 'Change %'}
2026-04-27 00:39:49,656 | INFO |    Matched columns: {'Price': 'Price', 'Open': 'Open', 'High': 'High', 'Low': 'Low'}
2026-04-27 00:39:49,693 | INFO |    Final DataFrame: 482 rows, columns: ['Date', 'Price', 'Open', 'High', 'Low', 'Volume']
2026-04-27 00:39:49,693 | INFO | [OK] Loaded 482 rows
2026-04-27 00:39:49,694 | INFO |    Loaded 482 rows, columns: ['Date', 'Price', 'Open', 'High', 'Low', 'Volume']
2026-04-27 00:39:49,694 | INFO | [2/6] Engineering features...
2026-04-27 00:39:49,792 | INFO |    Created 147 rows with 48 features
2026-04-27 00:39:49,793 | INFO | [3/6] Saving processed data...
2026-04-27 00:39:49,806 | INFO |    Saved: C:\Users\DREAMUSER\Documents\NSE Volatility Project\NSE_Volatility_Project\data\processed\AIRTEL_features.csv
2026-04-27 00:39:49,808 | INFO | [4/6] Preparing ML dataset...
2026-04-27 00:39:49,818 | INFO | [5/6] Training ML models...
2026-04-27 00:39:50,241 | INFO |    Random Forest: RMSE=0.050599
2026-04-27 00:39:50,245 | INFO |    Ridge: RMSE=0.097376
2026-04-27 00:39:50,340 | INFO |    XGBoost: RMSE=0.107524
2026-04-27 00:39:50,340 | INFO | [6/6] Evaluating and saving results...
2026-04-27 00:39:50,360 | INFO |    Saved comparison: C:\Users\DREAMUSER\Documents\NSE Volatility Project\NSE_Volatility_Project\results\tables\AIRTEL_model_comparison.csv
2026-04-27 00:39:50,370 | INFO |    Saved predictions: C:\Users\DREAMUSER\Documents\NSE Volatility Project\NSE_Volatility_Project\results\forecasts\AIRTEL_predictions.csv
2026-04-27 00:39:50,371 | INFO | [OK] Best: Random Forest, RMSE: 0.050599, MAPE: 19.82%
2026-04-27 00:39:50,373 | INFO | 
============================================================
2026-04-27 00:39:50,373 | INFO | Processing: INTERBREW
2026-04-27 00:39:50,373 | INFO | ============================================================
2026-04-27 00:39:50,373 | INFO | [1/6] Loading raw data...
2026-04-27 00:39:50,374 | INFO | [WAIT] Loading INTERBREW from C:\Users\DREAMUSER\Documents\NSE Volatility Project\NSE_Volatility_Project\data\raw\INTERBREW.csv
2026-04-27 00:39:50,374 | INFO |    Trying encoding: utf-8
2026-04-27 00:39:50,445 | INFO |    Read 1545 rows with 7 columns using utf-8
2026-04-27 00:39:50,447 | INFO |    Original columns: ['Date', 'Price', 'Open', 'High', 'Low', 'Vol.', 'Change %']
2026-04-27 00:39:50,447 | INFO |    Cleaned columns: ['Date', 'Price', 'Open', 'High', 'Low', 'Vol.', 'Change %']
2026-04-27 00:39:50,465 | INFO |    First few rows:
         Date  Price  Open  High    Low   Vol. Change %
0  03/27/2026   13.9  14.4  14.7  13.15  1.69M   -3.47%
1  03/26/2026   14.4  14.4  14.4  14.40  1.78M    0.00%
2026-04-27 00:39:50,467 | INFO |    Column map: {'date': 'Date', 'price': 'Price', 'open': 'Open', 'high': 'High', 'low': 'Low', 'vol.': 'Vol.', 'change_%': 'Change %'}
2026-04-27 00:39:50,468 | INFO |    Matched columns: {'Price': 'Price', 'Open': 'Open', 'High': 'High', 'Low': 'Low'}
2026-04-27 00:39:50,493 | INFO |    Final DataFrame: 1545 rows, columns: ['Date', 'Price', 'Open', 'High', 'Low', 'Volume']
2026-04-27 00:39:50,493 | INFO | [OK] Loaded 1545 rows
2026-04-27 00:39:50,494 | INFO |    Loaded 1545 rows, columns: ['Date', 'Price', 'Open', 'High', 'Low', 'Volume']
2026-04-27 00:39:50,494 | INFO | [2/6] Engineering features...
2026-04-27 00:39:50,558 | INFO |    Created 1286 rows with 48 features
2026-04-27 00:39:50,558 | INFO | [3/6] Saving processed data...
2026-04-27 00:39:50,660 | INFO |    Saved: C:\Users\DREAMUSER\Documents\NSE Volatility Project\NSE_Volatility_Project\data\processed\INTERBREW_features.csv
2026-04-27 00:39:50,660 | INFO | [4/6] Preparing ML dataset...
2026-04-27 00:39:50,666 | INFO | [5/6] Training ML models...
2026-04-27 00:39:51,741 | INFO |    Random Forest: RMSE=0.048432
2026-04-27 00:39:51,749 | INFO |    Ridge: RMSE=0.054270
2026-04-27 00:39:52,558 | INFO |    XGBoost: RMSE=0.053817
2026-04-27 00:39:52,559 | INFO | [6/6] Evaluating and saving results...
2026-04-27 00:39:52,577 | INFO |    Saved comparison: C:\Users\DREAMUSER\Documents\NSE Volatility Project\NSE_Volatility_Project\results\tables\INTERBREW_model_comparison.csv
2026-04-27 00:39:52,591 | INFO |    Saved predictions: C:\Users\DREAMUSER\Documents\NSE Volatility Project\NSE_Volatility_Project\results\forecasts\INTERBREW_predictions.csv
2026-04-27 00:39:52,592 | INFO | [OK] Best: Random Forest, RMSE: 0.048432, MAPE: 5.91%
2026-04-27 00:39:52,597 | INFO | 
============================================================
2026-04-27 00:39:52,597 | INFO | Processing: FIRSTHOLDCO
2026-04-27 00:39:52,598 | INFO | ============================================================
2026-04-27 00:39:52,599 | INFO | [1/6] Loading raw data...
2026-04-27 00:39:52,599 | INFO | [WAIT] Loading FIRSTHOLDCO from C:\Users\DREAMUSER\Documents\NSE Volatility Project\NSE_Volatility_Project\data\raw\FIRSTHOLDCO.csv
2026-04-27 00:39:52,600 | INFO |    Trying encoding: utf-8
2026-04-27 00:39:52,662 | INFO |    Read 1544 rows with 7 columns using utf-8
2026-04-27 00:39:52,665 | INFO |    Original columns: ['Date', 'Price', 'Open', 'High', 'Low', 'Vol.', 'Change %']
2026-04-27 00:39:52,665 | INFO |    Cleaned columns: ['Date', 'Price', 'Open', 'High', 'Low', 'Vol.', 'Change %']
2026-04-27 00:39:52,673 | INFO |    First few rows:
         Date  Price  Open  High    Low   Vol. Change %
0  03/27/2026   50.5  50.5  51.8  50.45  5.47M   -0.98%
1  03/26/2026   51.0  51.0  51.5  50.90  7.24M    0.10%
2026-04-27 00:39:52,673 | INFO |    Column map: {'date': 'Date', 'price': 'Price', 'open': 'Open', 'high': 'High', 'low': 'Low', 'vol.': 'Vol.', 'change_%': 'Change %'}
2026-04-27 00:39:52,673 | INFO |    Matched columns: {'Price': 'Price', 'Open': 'Open', 'High': 'High', 'Low': 'Low'}
2026-04-27 00:39:52,702 | INFO |    Final DataFrame: 1544 rows, columns: ['Date', 'Price', 'Open', 'High', 'Low', 'Volume']
2026-04-27 00:39:52,702 | INFO | [OK] Loaded 1544 rows
2026-04-27 00:39:52,702 | INFO |    Loaded 1544 rows, columns: ['Date', 'Price', 'Open', 'High', 'Low', 'Volume']
2026-04-27 00:39:52,703 | INFO | [2/6] Engineering features...
2026-04-27 00:39:52,776 | INFO |    Created 1291 rows with 48 features
2026-04-27 00:39:52,777 | INFO | [3/6] Saving processed data...
2026-04-27 00:39:52,917 | INFO |    Saved: C:\Users\DREAMUSER\Documents\NSE Volatility Project\NSE_Volatility_Project\data\processed\FIRSTHOLDCO_features.csv
2026-04-27 00:39:52,919 | INFO | [4/6] Preparing ML dataset...
2026-04-27 00:39:52,926 | INFO | [5/6] Training ML models...
2026-04-27 00:39:53,957 | INFO |    Random Forest: RMSE=0.038172
2026-04-27 00:39:53,967 | INFO |    Ridge: RMSE=0.035007
2026-04-27 00:39:54,792 | INFO |    XGBoost: RMSE=0.044363
2026-04-27 00:39:54,792 | INFO | [6/6] Evaluating and saving results...
2026-04-27 00:39:54,808 | INFO |    Saved comparison: C:\Users\DREAMUSER\Documents\NSE Volatility Project\NSE_Volatility_Project\results\tables\FIRSTHOLDCO_model_comparison.csv
2026-04-27 00:39:54,823 | INFO |    Saved predictions: C:\Users\DREAMUSER\Documents\NSE Volatility Project\NSE_Volatility_Project\results\forecasts\FIRSTHOLDCO_predictions.csv
2026-04-27 00:39:54,824 | INFO | [OK] Best: Ridge, RMSE: 0.035007, MAPE: 6.56%
2026-04-27 00:39:54,829 | INFO | 
============================================================
2026-04-27 00:39:54,829 | INFO | Processing: ETI
2026-04-27 00:39:54,830 | INFO | ============================================================
2026-04-27 00:39:54,831 | INFO | [1/6] Loading raw data...
2026-04-27 00:39:54,831 | INFO | [WAIT] Loading ETI from C:\Users\DREAMUSER\Documents\NSE Volatility Project\NSE_Volatility_Project\data\raw\ETI.csv
2026-04-27 00:39:54,832 | INFO |    Trying encoding: utf-8
2026-04-27 00:39:54,894 | INFO |    Read 1545 rows with 7 columns using utf-8
2026-04-27 00:39:54,895 | INFO |    Original columns: ['Date', 'Price', 'Open', 'High', 'Low', 'Vol.', 'Change %']
2026-04-27 00:39:54,896 | INFO |    Cleaned columns: ['Date', 'Price', 'Open', 'High', 'Low', 'Vol.', 'Change %']
2026-04-27 00:39:54,901 | INFO |    First few rows:
         Date  Price  Open  High   Low     Vol. Change %
0  03/27/2026   46.0  47.0  48.0  44.6  218.71K    0.00%
1  03/26/2026   46.0  46.0  46.0  46.0  345.80K    0.00%
2026-04-27 00:39:54,902 | INFO |    Column map: {'date': 'Date', 'price': 'Price', 'open': 'Open', 'high': 'High', 'low': 'Low', 'vol.': 'Vol.', 'change_%': 'Change %'}
2026-04-27 00:39:54,902 | INFO |    Matched columns: {'Price': 'Price', 'Open': 'Open', 'High': 'High', 'Low': 'Low'}
2026-04-27 00:39:54,923 | INFO |    Final DataFrame: 1545 rows, columns: ['Date', 'Price', 'Open', 'High', 'Low', 'Volume']
2026-04-27 00:39:54,923 | INFO | [OK] Loaded 1545 rows
2026-04-27 00:39:54,924 | INFO |    Loaded 1545 rows, columns: ['Date', 'Price', 'Open', 'High', 'Low', 'Volume']
2026-04-27 00:39:54,924 | INFO | [2/6] Engineering features...
2026-04-27 00:39:55,194 | INFO |    Created 1264 rows with 48 features
2026-04-27 00:39:55,195 | INFO | [3/6] Saving processed data...
2026-04-27 00:39:55,396 | INFO |    Saved: C:\Users\DREAMUSER\Documents\NSE Volatility Project\NSE_Volatility_Project\data\processed\ETI_features.csv
2026-04-27 00:39:55,397 | INFO | [4/6] Preparing ML dataset...
2026-04-27 00:39:55,406 | INFO | [5/6] Training ML models...
2026-04-27 00:39:56,489 | INFO |    Random Forest: RMSE=0.060695
2026-04-27 00:39:56,497 | INFO |    Ridge: RMSE=0.044792
2026-04-27 00:39:57,242 | INFO |    XGBoost: RMSE=0.088833
2026-04-27 00:39:57,242 | INFO | [6/6] Evaluating and saving results...
2026-04-27 00:39:57,263 | INFO |    Saved comparison: C:\Users\DREAMUSER\Documents\NSE Volatility Project\NSE_Volatility_Project\results\tables\ETI_model_comparison.csv
2026-04-27 00:39:57,276 | INFO |    Saved predictions: C:\Users\DREAMUSER\Documents\NSE Volatility Project\NSE_Volatility_Project\results\forecasts\ETI_predictions.csv
2026-04-27 00:39:57,278 | INFO | [OK] Best: Ridge, RMSE: 0.044792, MAPE: 7.64%
2026-04-27 00:39:57,281 | INFO | 
============================================================
2026-04-27 00:39:57,282 | INFO | Processing: ZENITH
2026-04-27 00:39:57,282 | INFO | ============================================================
2026-04-27 00:39:57,282 | INFO | [1/6] Loading raw data...
2026-04-27 00:39:57,283 | INFO | [WAIT] Loading ZENITH from C:\Users\DREAMUSER\Documents\NSE Volatility Project\NSE_Volatility_Project\data\raw\ZENITH.csv
2026-04-27 00:39:57,284 | INFO |    Trying encoding: utf-8
2026-04-27 00:39:57,334 | INFO |    Read 1546 rows with 7 columns using utf-8
2026-04-27 00:39:57,336 | INFO |    Original columns: ['Date', 'Price', 'Open', 'High', 'Low', 'Vol.', 'Change %']
2026-04-27 00:39:57,336 | INFO |    Cleaned columns: ['Date', 'Price', 'Open', 'High', 'Low', 'Vol.', 'Change %']
2026-04-27 00:39:57,346 | INFO |    First few rows:
         Date   Price    Open    High    Low    Vol. Change %
0  03/27/2026  103.00  103.05  105.00  102.5  13.81M   -0.05%
1  03/26/2026  103.05  101.50  104.45  103.0  17.08M    1.53%
2026-04-27 00:39:57,347 | INFO |    Column map: {'date': 'Date', 'price': 'Price', 'open': 'Open', 'high': 'High', 'low': 'Low', 'vol.': 'Vol.', 'change_%': 'Change %'}
2026-04-27 00:39:57,347 | INFO |    Matched columns: {'Price': 'Price', 'Open': 'Open', 'High': 'High', 'Low': 'Low'}
2026-04-27 00:39:57,370 | INFO |    Final DataFrame: 1546 rows, columns: ['Date', 'Price', 'Open', 'High', 'Low', 'Volume']
2026-04-27 00:39:57,370 | INFO | [OK] Loaded 1546 rows
2026-04-27 00:39:57,371 | INFO |    Loaded 1546 rows, columns: ['Date', 'Price', 'Open', 'High', 'Low', 'Volume']
2026-04-27 00:39:57,371 | INFO | [2/6] Engineering features...
2026-04-27 00:39:57,439 | INFO |    Created 1293 rows with 48 features
2026-04-27 00:39:57,440 | INFO | [3/6] Saving processed data...
2026-04-27 00:39:57,553 | INFO |    Saved: C:\Users\DREAMUSER\Documents\NSE Volatility Project\NSE_Volatility_Project\data\processed\ZENITH_features.csv
2026-04-27 00:39:57,554 | INFO | [4/6] Preparing ML dataset...
2026-04-27 00:39:57,559 | INFO | [5/6] Training ML models...
2026-04-27 00:39:58,725 | INFO |    Random Forest: RMSE=0.044324
2026-04-27 00:39:58,739 | INFO |    Ridge: RMSE=0.041887
2026-04-27 00:39:59,494 | INFO |    XGBoost: RMSE=0.051313
2026-04-27 00:39:59,494 | INFO | [6/6] Evaluating and saving results...
2026-04-27 00:39:59,511 | INFO |    Saved comparison: C:\Users\DREAMUSER\Documents\NSE Volatility Project\NSE_Volatility_Project\results\tables\ZENITH_model_comparison.csv
2026-04-27 00:39:59,526 | INFO |    Saved predictions: C:\Users\DREAMUSER\Documents\NSE Volatility Project\NSE_Volatility_Project\results\forecasts\ZENITH_predictions.csv
2026-04-27 00:39:59,527 | INFO | [OK] Best: Ridge, RMSE: 0.041887, MAPE: 7.10%
2026-04-27 00:39:59,530 | INFO | 
============================================================
2026-04-27 00:39:59,530 | INFO | Processing: CWG
2026-04-27 00:39:59,531 | INFO | ============================================================
2026-04-27 00:39:59,531 | INFO | [1/6] Loading raw data...
2026-04-27 00:39:59,532 | INFO | [WAIT] Loading CWG from C:\Users\DREAMUSER\Documents\NSE Volatility Project\NSE_Volatility_Project\data\raw\CWG.csv
2026-04-27 00:39:59,532 | INFO |    Trying encoding: utf-8
2026-04-27 00:39:59,607 | INFO |    Read 1107 rows with 7 columns using utf-8
2026-04-27 00:39:59,609 | INFO |    Original columns: ['Date', 'Price', 'Open', 'High', 'Low', 'Vol.', 'Change %']
2026-04-27 00:39:59,609 | INFO |    Cleaned columns: ['Date', 'Price', 'Open', 'High', 'Low', 'Vol.', 'Change %']
2026-04-27 00:39:59,615 | INFO |    First few rows:
         Date  Price  Open  High    Low   Vol. Change %
0  03/27/2026   22.0  22.9  22.0  22.00  1.42M   -3.93%
1  03/26/2026   22.9  21.7  22.9  22.45  2.58M    5.53%
2026-04-27 00:39:59,616 | INFO |    Column map: {'date': 'Date', 'price': 'Price', 'open': 'Open', 'high': 'High', 'low': 'Low', 'vol.': 'Vol.', 'change_%': 'Change %'}
2026-04-27 00:39:59,616 | INFO |    Matched columns: {'Price': 'Price', 'Open': 'Open', 'High': 'High', 'Low': 'Low'}
2026-04-27 00:39:59,643 | INFO |    Final DataFrame: 1107 rows, columns: ['Date', 'Price', 'Open', 'High', 'Low', 'Volume']
2026-04-27 00:39:59,644 | INFO | [OK] Loaded 1107 rows
2026-04-27 00:39:59,645 | INFO |    Loaded 1107 rows, columns: ['Date', 'Price', 'Open', 'High', 'Low', 'Volume']
2026-04-27 00:39:59,645 | INFO | [2/6] Engineering features...
2026-04-27 00:39:59,714 | INFO |    Created 854 rows with 48 features
2026-04-27 00:39:59,714 | INFO | [3/6] Saving processed data...
2026-04-27 00:39:59,842 | INFO |    Saved: C:\Users\DREAMUSER\Documents\NSE Volatility Project\NSE_Volatility_Project\data\processed\CWG_features.csv
2026-04-27 00:39:59,843 | INFO | [4/6] Preparing ML dataset...
2026-04-27 00:39:59,850 | INFO | [5/6] Training ML models...
2026-04-27 00:40:00,640 | INFO |    Random Forest: RMSE=0.046030
2026-04-27 00:40:00,647 | INFO |    Ridge: RMSE=0.034274
2026-04-27 00:40:01,352 | INFO |    XGBoost: RMSE=0.082253
2026-04-27 00:40:01,352 | INFO | [6/6] Evaluating and saving results...
2026-04-27 00:40:01,369 | INFO |    Saved comparison: C:\Users\DREAMUSER\Documents\NSE Volatility Project\NSE_Volatility_Project\results\tables\CWG_model_comparison.csv
2026-04-27 00:40:01,380 | INFO |    Saved predictions: C:\Users\DREAMUSER\Documents\NSE Volatility Project\NSE_Volatility_Project\results\forecasts\CWG_predictions.csv
2026-04-27 00:40:01,381 | INFO | [OK] Best: Ridge, RMSE: 0.034274, MAPE: 4.90%
2026-04-27 00:40:01,385 | INFO | 
============================================================
2026-04-27 00:40:01,385 | INFO | Processing: NESTLE
2026-04-27 00:40:01,385 | INFO | ============================================================
2026-04-27 00:40:01,386 | INFO | [1/6] Loading raw data...
2026-04-27 00:40:01,386 | INFO | [WAIT] Loading NESTLE from C:\Users\DREAMUSER\Documents\NSE Volatility Project\NSE_Volatility_Project\data\raw\NESTLE.csv
2026-04-27 00:40:01,387 | INFO |    Trying encoding: utf-8
2026-04-27 00:40:01,470 | INFO |    Read 1545 rows with 7 columns using utf-8
2026-04-27 00:40:01,472 | INFO |    Original columns: ['Date', 'Price', 'Open', 'High', 'Low', 'Vol.', 'Change %']
2026-04-27 00:40:01,473 | INFO |    Cleaned columns: ['Date', 'Price', 'Open', 'High', 'Low', 'Vol.', 'Change %']
2026-04-27 00:40:01,483 | INFO |    First few rows:
         Date     Price      Open      High       Low    Vol. Change %
0  03/27/2026  3,395.00  3,395.00  3,395.00  3,395.00  66.01K    0.00%
1  03/26/2026  3,395.00  3,395.00  3,395.00  3,395.00  25.42K    0.00%
2026-04-27 00:40:01,484 | INFO |    Column map: {'date': 'Date', 'price': 'Price', 'open': 'Open', 'high': 'High', 'low': 'Low', 'vol.': 'Vol.', 'change_%': 'Change %'}
2026-04-27 00:40:01,484 | INFO |    Matched columns: {'Price': 'Price', 'Open': 'Open', 'High': 'High', 'Low': 'Low'}
2026-04-27 00:40:01,525 | INFO |    Final DataFrame: 346 rows, columns: ['Date', 'Price', 'Open', 'High', 'Low', 'Volume']
2026-04-27 00:40:01,525 | INFO | [OK] Loaded 346 rows
2026-04-27 00:40:01,525 | INFO |    Loaded 346 rows, columns: ['Date', 'Price', 'Open', 'High', 'Low', 'Volume']
2026-04-27 00:40:01,526 | INFO | [2/6] Engineering features...
2026-04-27 00:40:01,592 | INFO |    Created 53 rows with 48 features
2026-04-27 00:40:01,592 | INFO | [3/6] Saving processed data...
2026-04-27 00:40:01,600 | INFO |    Saved: C:\Users\DREAMUSER\Documents\NSE Volatility Project\NSE_Volatility_Project\data\processed\NESTLE_features.csv
2026-04-27 00:40:01,602 | INFO | [4/6] Preparing ML dataset...
2026-04-27 00:40:01,609 | INFO | [5/6] Training ML models...
2026-04-27 00:40:01,965 | INFO |    Random Forest: RMSE=0.059516
2026-04-27 00:40:01,974 | INFO |    Ridge: RMSE=0.010270
2026-04-27 00:40:02,037 | INFO |    XGBoost: RMSE=0.134238
2026-04-27 00:40:02,038 | INFO | [6/6] Evaluating and saving results...
2026-04-27 00:40:02,054 | INFO |    Saved comparison: C:\Users\DREAMUSER\Documents\NSE Volatility Project\NSE_Volatility_Project\results\tables\NESTLE_model_comparison.csv
2026-04-27 00:40:02,063 | INFO |    Saved predictions: C:\Users\DREAMUSER\Documents\NSE Volatility Project\NSE_Volatility_Project\results\forecasts\NESTLE_predictions.csv
2026-04-27 00:40:02,064 | INFO | [OK] Best: Ridge, RMSE: 0.010270, MAPE: 2.88%
2026-04-27 00:40:02,065 | INFO | 
============================================================
2026-04-27 00:40:02,066 | INFO | Processing: NB
2026-04-27 00:40:02,066 | INFO | ============================================================
2026-04-27 00:40:02,066 | INFO | [1/6] Loading raw data...
2026-04-27 00:40:02,067 | INFO | [WAIT] Loading NB from C:\Users\DREAMUSER\Documents\NSE Volatility Project\NSE_Volatility_Project\data\raw\NB.csv
2026-04-27 00:40:02,067 | INFO |    Trying encoding: utf-8
2026-04-27 00:40:02,135 | INFO |    Read 1545 rows with 7 columns using utf-8
2026-04-27 00:40:02,137 | INFO |    Original columns: ['Date', 'Price', 'Open', 'High', 'Low', 'Vol.', 'Change %']
2026-04-27 00:40:02,138 | INFO |    Cleaned columns: ['Date', 'Price', 'Open', 'High', 'Low', 'Vol.', 'Change %']
2026-04-27 00:40:02,148 | INFO |    First few rows:
         Date  Price   Open  High   Low    Vol. Change %
0  03/27/2026   71.0  73.30  71.0  70.7  19.20M   -3.14%
1  03/26/2026   73.3  71.95  74.0  73.3   4.86M    1.88%
2026-04-27 00:40:02,148 | INFO |    Column map: {'date': 'Date', 'price': 'Price', 'open': 'Open', 'high': 'High', 'low': 'Low', 'vol.': 'Vol.', 'change_%': 'Change %'}
2026-04-27 00:40:02,149 | INFO |    Matched columns: {'Price': 'Price', 'Open': 'Open', 'High': 'High', 'Low': 'Low'}
2026-04-27 00:40:02,174 | INFO |    Final DataFrame: 1545 rows, columns: ['Date', 'Price', 'Open', 'High', 'Low', 'Volume']
2026-04-27 00:40:02,174 | INFO | [OK] Loaded 1545 rows
2026-04-27 00:40:02,175 | INFO |    Loaded 1545 rows, columns: ['Date', 'Price', 'Open', 'High', 'Low', 'Volume']
2026-04-27 00:40:02,175 | INFO | [2/6] Engineering features...
2026-04-27 00:40:02,248 | INFO |    Created 1281 rows with 48 features
2026-04-27 00:40:02,249 | INFO | [3/6] Saving processed data...
2026-04-27 00:40:02,363 | INFO |    Saved: C:\Users\DREAMUSER\Documents\NSE Volatility Project\NSE_Volatility_Project\data\processed\NB_features.csv
2026-04-27 00:40:02,363 | INFO | [4/6] Preparing ML dataset...
2026-04-27 00:40:02,368 | INFO | [5/6] Training ML models...
2026-04-27 00:40:03,469 | INFO |    Random Forest: RMSE=0.042388
2026-04-27 00:40:03,474 | INFO |    Ridge: RMSE=0.036470
2026-04-27 00:40:04,248 | INFO |    XGBoost: RMSE=0.051644
2026-04-27 00:40:04,248 | INFO | [6/6] Evaluating and saving results...
2026-04-27 00:40:04,267 | INFO |    Saved comparison: C:\Users\DREAMUSER\Documents\NSE Volatility Project\NSE_Volatility_Project\results\tables\NB_model_comparison.csv
2026-04-27 00:40:04,282 | INFO |    Saved predictions: C:\Users\DREAMUSER\Documents\NSE Volatility Project\NSE_Volatility_Project\results\forecasts\NB_predictions.csv
2026-04-27 00:40:04,284 | INFO | [OK] Best: Ridge, RMSE: 0.036470, MAPE: 6.85%
2026-04-27 00:40:04,287 | INFO | 
============================================================
2026-04-27 00:40:04,288 | INFO | Processing: ACCESS
2026-04-27 00:40:04,288 | INFO | ============================================================
2026-04-27 00:40:04,288 | INFO | [1/6] Loading raw data...
2026-04-27 00:40:04,289 | INFO | [WAIT] Loading ACCESS from C:\Users\DREAMUSER\Documents\NSE Volatility Project\NSE_Volatility_Project\data\raw\ACCESS.csv
2026-04-27 00:40:04,291 | INFO |    Trying encoding: utf-8
2026-04-27 00:40:04,303 | INFO |    Read 988 rows with 7 columns using utf-8
2026-04-27 00:40:04,305 | INFO |    Original columns: ['Date', 'Price', 'Open', 'High', 'Low', 'Vol.', 'Change %']
2026-04-27 00:40:04,307 | INFO |    Cleaned columns: ['Date', 'Price', 'Open', 'High', 'Low', 'Vol.', 'Change %']
2026-04-27 00:40:04,321 | INFO |    First few rows:
         Date  Price   Open   High    Low     Vol. Change %
0  03/27/2026   26.0  26.00  26.10  25.85   29.43M    0.00%
1  03/26/2026   26.0  26.05  26.05  25.80  134.59M   -0.19%
2026-04-27 00:40:04,324 | INFO |    Column map: {'date': 'Date', 'price': 'Price', 'open': 'Open', 'high': 'High', 'low': 'Low', 'vol.': 'Vol.', 'change_%': 'Change %'}
2026-04-27 00:40:04,324 | INFO |    Matched columns: {'Price': 'Price', 'Open': 'Open', 'High': 'High', 'Low': 'Low'}
2026-04-27 00:40:04,359 | INFO |    Final DataFrame: 988 rows, columns: ['Date', 'Price', 'Open', 'High', 'Low', 'Volume']
2026-04-27 00:40:04,359 | INFO | [OK] Loaded 988 rows
2026-04-27 00:40:04,359 | INFO |    Loaded 988 rows, columns: ['Date', 'Price', 'Open', 'High', 'Low', 'Volume']
2026-04-27 00:40:04,359 | INFO | [2/6] Engineering features...
2026-04-27 00:40:04,419 | INFO |    Created 735 rows with 48 features
2026-04-27 00:40:04,420 | INFO | [3/6] Saving processed data...
2026-04-27 00:40:04,482 | INFO |    Saved: C:\Users\DREAMUSER\Documents\NSE Volatility Project\NSE_Volatility_Project\data\processed\ACCESS_features.csv
2026-04-27 00:40:04,483 | INFO | [4/6] Preparing ML dataset...
2026-04-27 00:40:04,489 | INFO | [5/6] Training ML models...
2026-04-27 00:40:05,275 | INFO |    Random Forest: RMSE=0.037970
2026-04-27 00:40:05,288 | INFO |    Ridge: RMSE=0.032037
2026-04-27 00:40:05,865 | INFO |    XGBoost: RMSE=0.040395
2026-04-27 00:40:05,865 | INFO | [6/6] Evaluating and saving results...
2026-04-27 00:40:05,887 | INFO |    Saved comparison: C:\Users\DREAMUSER\Documents\NSE Volatility Project\NSE_Volatility_Project\results\tables\ACCESS_model_comparison.csv
2026-04-27 00:40:05,897 | INFO |    Saved predictions: C:\Users\DREAMUSER\Documents\NSE Volatility Project\NSE_Volatility_Project\results\forecasts\ACCESS_predictions.csv
2026-04-27 00:40:05,898 | INFO | [OK] Best: Ridge, RMSE: 0.032037, MAPE: 5.62%
2026-04-27 00:40:05,902 | INFO | 
============================================================
2026-04-27 00:40:05,902 | INFO | Processing: WAPCO
2026-04-27 00:40:05,903 | INFO | ============================================================
2026-04-27 00:40:05,904 | INFO | [1/6] Loading raw data...
2026-04-27 00:40:05,906 | INFO | [WAIT] Loading WAPCO from C:\Users\DREAMUSER\Documents\NSE Volatility Project\NSE_Volatility_Project\data\raw\WAPCO.csv
2026-04-27 00:40:05,906 | INFO |    Trying encoding: utf-8
2026-04-27 00:40:05,962 | INFO |    Read 1545 rows with 7 columns using utf-8
2026-04-27 00:40:05,964 | INFO |    Original columns: ['Date', 'Price', 'Open', 'High', 'Low', 'Vol.', 'Change %']
2026-04-27 00:40:05,964 | INFO |    Cleaned columns: ['Date', 'Price', 'Open', 'High', 'Low', 'Vol.', 'Change %']
2026-04-27 00:40:05,974 | INFO |    First few rows:
         Date  Price   Open   High    Low   Vol. Change %
0  03/27/2026  224.0  224.0  224.0  215.0  2.37M    0.00%
1  03/26/2026  224.0  227.5  224.0  224.0  5.98M   -1.54%
2026-04-27 00:40:05,975 | INFO |    Column map: {'date': 'Date', 'price': 'Price', 'open': 'Open', 'high': 'High', 'low': 'Low', 'vol.': 'Vol.', 'change_%': 'Change %'}
2026-04-27 00:40:05,975 | INFO |    Matched columns: {'Price': 'Price', 'Open': 'Open', 'High': 'High', 'Low': 'Low'}
2026-04-27 00:40:05,998 | INFO |    Final DataFrame: 1545 rows, columns: ['Date', 'Price', 'Open', 'High', 'Low', 'Volume']
2026-04-27 00:40:05,998 | INFO | [OK] Loaded 1545 rows
2026-04-27 00:40:05,999 | INFO |    Loaded 1545 rows, columns: ['Date', 'Price', 'Open', 'High', 'Low', 'Volume']
2026-04-27 00:40:05,999 | INFO | [2/6] Engineering features...
2026-04-27 00:40:06,064 | INFO |    Created 1291 rows with 48 features
2026-04-27 00:40:06,065 | INFO | [3/6] Saving processed data...
2026-04-27 00:40:06,190 | INFO |    Saved: C:\Users\DREAMUSER\Documents\NSE Volatility Project\NSE_Volatility_Project\data\processed\WAPCO_features.csv
2026-04-27 00:40:06,190 | INFO | [4/6] Preparing ML dataset...
2026-04-27 00:40:06,195 | INFO | [5/6] Training ML models...
2026-04-27 00:40:07,216 | INFO |    Random Forest: RMSE=0.038853
2026-04-27 00:40:07,221 | INFO |    Ridge: RMSE=0.043650
2026-04-27 00:40:08,326 | INFO |    XGBoost: RMSE=0.055284
2026-04-27 00:40:08,326 | INFO | [6/6] Evaluating and saving results...
2026-04-27 00:40:08,344 | INFO |    Saved comparison: C:\Users\DREAMUSER\Documents\NSE Volatility Project\NSE_Volatility_Project\results\tables\WAPCO_model_comparison.csv
2026-04-27 00:40:08,358 | INFO |    Saved predictions: C:\Users\DREAMUSER\Documents\NSE Volatility Project\NSE_Volatility_Project\results\forecasts\WAPCO_predictions.csv
2026-04-27 00:40:08,359 | INFO | [OK] Best: Random Forest, RMSE: 0.038853, MAPE: 10.83%
2026-04-27 00:40:08,369 | INFO | 
[OK] Reports saved to C:\Users\DREAMUSER\Documents\NSE Volatility Project\NSE_Volatility_Project\results\tables
2026-04-27 00:40:08,370 | INFO | 
======================================================================
2026-04-27 00:40:08,372 | INFO | PIPELINE COMPLETE
2026-04-27 00:40:08,372 | INFO | Success: 15/15 stocks
2026-04-27 00:40:08,372 | INFO | Time: 0.5 minutes
2026-04-27 00:40:08,373 | INFO | ======================================================================
2026-04-27 00:40:08,373 | INFO | Dashboard-compatible files created:
2026-04-27 00:40:08,373 | INFO |    - data/processed/{stock}_features.csv
2026-04-27 00:40:08,373 | INFO |    - results/tables/{stock}_model_comparison.csv
2026-04-27 00:40:08,374 | INFO |    - results/forecasts/{stock}_predictions.csv
2026-04-27 00:40:08,374 | INFO | 
Run: streamlit run app.py
2026-04-27 00:40:08,374 | INFO | ======================================================================
2026-04-27 15:07:43,917 | INFO | 
======================================================================
2026-04-27 15:07:43,918 | INFO | NSE STOCK VOLATILITY PREDICTION PIPELINE
2026-04-27 15:07:43,919 | INFO | Started: 2026-04-27 15:07:43
2026-04-27 15:07:43,919 | INFO | ======================================================================
2026-04-27 15:07:43,921 | INFO | [OK] Found 15 stocks to process
2026-04-27 15:07:43,921 | INFO | 
============================================================
2026-04-27 15:07:43,922 | INFO | Processing: DANGCEM
2026-04-27 15:07:43,922 | INFO | ============================================================
2026-04-27 15:07:43,922 | INFO | [1/6] Loading raw data...
2026-04-27 15:07:43,923 | INFO | [WAIT] Loading DANGCEM from C:\Users\DREAMUSER\Documents\NSE Volatility Project\NSE_Volatility_Project\data\raw\DANGCEM.csv
2026-04-27 15:07:43,923 | INFO |    Trying encoding: utf-8
2026-04-27 15:07:44,072 | INFO |    Read 1545 rows with 7 columns using utf-8
2026-04-27 15:07:44,076 | INFO |    Original columns: ['Date', 'Price', 'Open', 'High', 'Low', 'Vol.', 'Change %']
2026-04-27 15:07:44,076 | INFO |    Cleaned columns: ['Date', 'Price', 'Open', 'High', 'Low', 'Vol.', 'Change %']
2026-04-27 15:07:44,097 | INFO |    First few rows:
        Date  Price   Open   High    Low     Vol. Change %
0  3/27/2026  810.0  810.0  810.0  800.0  857.88K    0.00%
1  3/26/2026  810.0  810.0  810.0  810.0    1.13M    0.00%
2026-04-27 15:07:44,098 | INFO |    Column map: {'date': 'Date', 'price': 'Price', 'open': 'Open', 'high': 'High', 'low': 'Low', 'vol.': 'Vol.', 'change_%': 'Change %'}
2026-04-27 15:07:44,098 | INFO |    Matched columns: {'Price': 'Price', 'Open': 'Open', 'High': 'High', 'Low': 'Low'}
2026-04-27 15:07:44,190 | INFO |    Final DataFrame: 1545 rows, columns: ['Date', 'Price', 'Open', 'High', 'Low', 'Volume']
2026-04-27 15:07:44,191 | INFO | [OK] Loaded 1545 rows
2026-04-27 15:07:44,192 | INFO |    Loaded 1545 rows, columns: ['Date', 'Price', 'Open', 'High', 'Low', 'Volume']
2026-04-27 15:07:44,192 | INFO | [2/6] Engineering features...
2026-04-27 15:07:44,353 | INFO |    Created 946 rows with 48 features
2026-04-27 15:07:44,355 | INFO | [3/6] Saving processed data...
2026-04-27 15:07:44,549 | INFO |    Saved: C:\Users\DREAMUSER\Documents\NSE Volatility Project\NSE_Volatility_Project\data\processed\DANGCEM_features.csv
2026-04-27 15:07:44,554 | INFO | [4/6] Preparing ML dataset...
2026-04-27 15:07:44,578 | INFO | [5/6] Training ML models...
2026-04-27 15:07:46,394 | INFO |    Random Forest: RMSE=0.051811
2026-04-27 15:07:46,427 | INFO |    Ridge: RMSE=0.050804
2026-04-27 15:07:48,554 | INFO |    XGBoost: RMSE=0.054207
2026-04-27 15:07:48,558 | INFO | [6/6] Evaluating and saving results...
2026-04-27 15:07:48,576 | INFO |    Saved comparison: C:\Users\DREAMUSER\Documents\NSE Volatility Project\NSE_Volatility_Project\results\tables\DANGCEM_model_comparison.csv
2026-04-27 15:07:48,595 | INFO |    Saved predictions: C:\Users\DREAMUSER\Documents\NSE Volatility Project\NSE_Volatility_Project\results\forecasts\DANGCEM_predictions.csv
2026-04-27 15:07:48,634 | INFO | [OK] Best: Ridge, RMSE: 0.050804, MAPE: 10.04%
2026-04-27 15:07:48,645 | INFO | 
============================================================
2026-04-27 15:07:48,655 | INFO | Processing: DANGSUG
2026-04-27 15:07:48,660 | INFO | ============================================================
2026-04-27 15:07:48,668 | INFO | [1/6] Loading raw data...
2026-04-27 15:07:48,672 | INFO | [WAIT] Loading DANGSUG from C:\Users\DREAMUSER\Documents\NSE Volatility Project\NSE_Volatility_Project\data\raw\DANGSUG.csv
2026-04-27 15:07:48,675 | INFO |    Trying encoding: utf-8
2026-04-27 15:07:48,765 | INFO |    Read 1545 rows with 7 columns using utf-8
2026-04-27 15:07:48,768 | INFO |    Original columns: ['Date', 'Price', 'Open', 'High', 'Low', 'Vol.', 'Change %']
2026-04-27 15:07:48,769 | INFO |    Cleaned columns: ['Date', 'Price', 'Open', 'High', 'Low', 'Vol.', 'Change %']
2026-04-27 15:07:48,793 | INFO |    First few rows:
         Date  Price  Open  High   Low   Vol. Change %
0  03/27/2026   70.0  71.0  72.0  69.5  3.36M   -1.41%
1  03/26/2026   71.0  71.5  71.0  71.0  1.19M   -0.70%
2026-04-27 15:07:48,798 | INFO |    Column map: {'date': 'Date', 'price': 'Price', 'open': 'Open', 'high': 'High', 'low': 'Low', 'vol.': 'Vol.', 'change_%': 'Change %'}
2026-04-27 15:07:48,800 | INFO |    Matched columns: {'Price': 'Price', 'Open': 'Open', 'High': 'High', 'Low': 'Low'}
2026-04-27 15:07:48,881 | INFO |    Final DataFrame: 1545 rows, columns: ['Date', 'Price', 'Open', 'High', 'Low', 'Volume']
2026-04-27 15:07:48,883 | INFO | [OK] Loaded 1545 rows
2026-04-27 15:07:48,885 | INFO |    Loaded 1545 rows, columns: ['Date', 'Price', 'Open', 'High', 'Low', 'Volume']
2026-04-27 15:07:48,886 | INFO | [2/6] Engineering features...
2026-04-27 15:07:49,053 | INFO |    Created 1285 rows with 48 features
2026-04-27 15:07:49,055 | INFO | [3/6] Saving processed data...
2026-04-27 15:07:49,294 | INFO |    Saved: C:\Users\DREAMUSER\Documents\NSE Volatility Project\NSE_Volatility_Project\data\processed\DANGSUG_features.csv
2026-04-27 15:07:49,295 | INFO | [4/6] Preparing ML dataset...
2026-04-27 15:07:49,305 | INFO | [5/6] Training ML models...
2026-04-27 15:07:50,784 | INFO |    Random Forest: RMSE=0.044077
2026-04-27 15:07:50,797 | INFO |    Ridge: RMSE=0.037098
2026-04-27 15:07:51,855 | INFO |    XGBoost: RMSE=0.047019
2026-04-27 15:07:51,856 | INFO | [6/6] Evaluating and saving results...
2026-04-27 15:07:51,875 | INFO |    Saved comparison: C:\Users\DREAMUSER\Documents\NSE Volatility Project\NSE_Volatility_Project\results\tables\DANGSUG_model_comparison.csv
2026-04-27 15:07:51,886 | INFO |    Saved predictions: C:\Users\DREAMUSER\Documents\NSE Volatility Project\NSE_Volatility_Project\results\forecasts\DANGSUG_predictions.csv
2026-04-27 15:07:51,889 | INFO | [OK] Best: Ridge, RMSE: 0.037098, MAPE: 5.32%
2026-04-27 15:07:51,893 | INFO | 
============================================================
2026-04-27 15:07:51,898 | INFO | Processing: MTNN
2026-04-27 15:07:51,899 | INFO | ============================================================
2026-04-27 15:07:51,902 | INFO | [1/6] Loading raw data...
2026-04-27 15:07:51,915 | INFO | [WAIT] Loading MTNN from C:\Users\DREAMUSER\Documents\NSE Volatility Project\NSE_Volatility_Project\data\raw\MTNN.csv
2026-04-27 15:07:51,916 | INFO |    Trying encoding: utf-8
2026-04-27 15:07:51,981 | INFO |    Read 1545 rows with 7 columns using utf-8
2026-04-27 15:07:51,982 | INFO |    Original columns: ['Date', 'Price', 'Open', 'High', 'Low', 'Vol.', 'Change %']
2026-04-27 15:07:51,983 | INFO |    Cleaned columns: ['Date', 'Price', 'Open', 'High', 'Low', 'Vol.', 'Change %']
2026-04-27 15:07:51,997 | INFO |    First few rows:
         Date  Price   Open   High    Low    Vol. Change %
0  03/27/2026  718.0  719.1  720.0  717.0   3.77M   -0.15%
1  03/26/2026  719.1  718.0  720.0  718.0  15.37M    0.15%
2026-04-27 15:07:51,997 | INFO |    Column map: {'date': 'Date', 'price': 'Price', 'open': 'Open', 'high': 'High', 'low': 'Low', 'vol.': 'Vol.', 'change_%': 'Change %'}
2026-04-27 15:07:51,998 | INFO |    Matched columns: {'Price': 'Price', 'Open': 'Open', 'High': 'High', 'Low': 'Low'}
2026-04-27 15:07:52,047 | INFO |    Final DataFrame: 1545 rows, columns: ['Date', 'Price', 'Open', 'High', 'Low', 'Volume']
2026-04-27 15:07:52,047 | INFO | [OK] Loaded 1545 rows
2026-04-27 15:07:52,047 | INFO |    Loaded 1545 rows, columns: ['Date', 'Price', 'Open', 'High', 'Low', 'Volume']
2026-04-27 15:07:52,048 | INFO | [2/6] Engineering features...
2026-04-27 15:07:52,180 | INFO |    Created 1282 rows with 48 features
2026-04-27 15:07:52,180 | INFO | [3/6] Saving processed data...
2026-04-27 15:07:52,370 | INFO |    Saved: C:\Users\DREAMUSER\Documents\NSE Volatility Project\NSE_Volatility_Project\data\processed\MTNN_features.csv
2026-04-27 15:07:52,370 | INFO | [4/6] Preparing ML dataset...
2026-04-27 15:07:52,379 | INFO | [5/6] Training ML models...
2026-04-27 15:07:53,576 | INFO |    Random Forest: RMSE=0.045903
2026-04-27 15:07:53,586 | INFO |    Ridge: RMSE=0.050053
2026-04-27 15:07:54,658 | INFO |    XGBoost: RMSE=0.058028
2026-04-27 15:07:54,658 | INFO | [6/6] Evaluating and saving results...
2026-04-27 15:07:54,672 | INFO |    Saved comparison: C:\Users\DREAMUSER\Documents\NSE Volatility Project\NSE_Volatility_Project\results\tables\MTNN_model_comparison.csv
2026-04-27 15:07:54,683 | INFO |    Saved predictions: C:\Users\DREAMUSER\Documents\NSE Volatility Project\NSE_Volatility_Project\results\forecasts\MTNN_predictions.csv
2026-04-27 15:07:54,686 | INFO | [OK] Best: Random Forest, RMSE: 0.045903, MAPE: 9.90%
2026-04-27 15:07:54,691 | INFO | 
============================================================
2026-04-27 15:07:54,694 | INFO | Processing: GTCO
2026-04-27 15:07:54,696 | INFO | ============================================================
2026-04-27 15:07:54,697 | INFO | [1/6] Loading raw data...
2026-04-27 15:07:54,698 | INFO | [WAIT] Loading GTCO from C:\Users\DREAMUSER\Documents\NSE Volatility Project\NSE_Volatility_Project\data\raw\GTCO.csv
2026-04-27 15:07:54,706 | INFO |    Trying encoding: utf-8
2026-04-27 15:07:54,763 | INFO |    Read 1541 rows with 7 columns using utf-8
2026-04-27 15:07:54,766 | INFO |    Original columns: ['Date', 'Price', 'Open', 'High', 'Low', 'Vol.', 'Change %']
2026-04-27 15:07:54,768 | INFO |    Cleaned columns: ['Date', 'Price', 'Open', 'High', 'Low', 'Vol.', 'Change %']
2026-04-27 15:07:54,780 | INFO |    First few rows:
         Date  Price    Open   High    Low    Vol. Change %
0  03/27/2026  116.1  115.40  116.9  112.0  19.18M    0.61%
1  03/26/2026  115.4  114.55  115.5  115.3   9.53M    0.74%
2026-04-27 15:07:54,788 | INFO |    Column map: {'date': 'Date', 'price': 'Price', 'open': 'Open', 'high': 'High', 'low': 'Low', 'vol.': 'Vol.', 'change_%': 'Change %'}
2026-04-27 15:07:54,790 | INFO |    Matched columns: {'Price': 'Price', 'Open': 'Open', 'High': 'High', 'Low': 'Low'}
2026-04-27 15:07:54,837 | INFO |    Final DataFrame: 1541 rows, columns: ['Date', 'Price', 'Open', 'High', 'Low', 'Volume']
2026-04-27 15:07:54,838 | INFO | [OK] Loaded 1541 rows
2026-04-27 15:07:54,839 | INFO |    Loaded 1541 rows, columns: ['Date', 'Price', 'Open', 'High', 'Low', 'Volume']
2026-04-27 15:07:54,839 | INFO | [2/6] Engineering features...
2026-04-27 15:07:54,954 | INFO |    Created 1288 rows with 48 features
2026-04-27 15:07:54,955 | INFO | [3/6] Saving processed data...
2026-04-27 15:07:55,175 | INFO |    Saved: C:\Users\DREAMUSER\Documents\NSE Volatility Project\NSE_Volatility_Project\data\processed\GTCO_features.csv
2026-04-27 15:07:55,176 | INFO | [4/6] Preparing ML dataset...
2026-04-27 15:07:55,185 | INFO | [5/6] Training ML models...
2026-04-27 15:07:56,921 | INFO |    Random Forest: RMSE=0.040092
2026-04-27 15:07:56,938 | INFO |    Ridge: RMSE=0.037164
2026-04-27 15:07:57,921 | INFO |    XGBoost: RMSE=0.040271
2026-04-27 15:07:57,922 | INFO | [6/6] Evaluating and saving results...
2026-04-27 15:07:57,939 | INFO |    Saved comparison: C:\Users\DREAMUSER\Documents\NSE Volatility Project\NSE_Volatility_Project\results\tables\GTCO_model_comparison.csv
2026-04-27 15:07:57,951 | INFO |    Saved predictions: C:\Users\DREAMUSER\Documents\NSE Volatility Project\NSE_Volatility_Project\results\forecasts\GTCO_predictions.csv
2026-04-27 15:07:57,953 | INFO | [OK] Best: Ridge, RMSE: 0.037164, MAPE: 7.51%
2026-04-27 15:07:57,960 | INFO | 
============================================================
2026-04-27 15:07:57,960 | INFO | Processing: SEPLAT
2026-04-27 15:07:57,962 | INFO | ============================================================
2026-04-27 15:07:57,965 | INFO | [1/6] Loading raw data...
2026-04-27 15:07:57,968 | INFO | [WAIT] Loading SEPLAT from C:\Users\DREAMUSER\Documents\NSE Volatility Project\NSE_Volatility_Project\data\raw\SEPLAT.csv
2026-04-27 15:07:57,969 | INFO |    Trying encoding: utf-8
2026-04-27 15:07:58,044 | INFO |    Read 1546 rows with 7 columns using utf-8
2026-04-27 15:07:58,046 | INFO |    Original columns: ['Date', 'Price', 'Open', 'High', 'Low', 'Vol.', 'Change %']
2026-04-27 15:07:58,047 | INFO |    Cleaned columns: ['Date', 'Price', 'Open', 'High', 'Low', 'Vol.', 'Change %']
2026-04-27 15:07:58,058 | INFO |    First few rows:
         Date     Price      Open      High       Low     Vol. Change %
0  03/27/2026  9,099.90  9,099.90  9,450.00  9,000.10   30.88K    0.00%
1  03/26/2026  9,099.90  9,099.90  9,099.90  9,099.90  137.41K    0.00%
2026-04-27 15:07:58,059 | INFO |    Column map: {'date': 'Date', 'price': 'Price', 'open': 'Open', 'high': 'High', 'low': 'Low', 'vol.': 'Vol.', 'change_%': 'Change %'}
2026-04-27 15:07:58,060 | INFO |    Matched columns: {'Price': 'Price', 'Open': 'Open', 'High': 'High', 'Low': 'Low'}
2026-04-27 15:07:58,133 | INFO |    Final DataFrame: 591 rows, columns: ['Date', 'Price', 'Open', 'High', 'Low', 'Volume']
2026-04-27 15:07:58,133 | INFO | [OK] Loaded 591 rows
2026-04-27 15:07:58,134 | INFO |    Loaded 591 rows, columns: ['Date', 'Price', 'Open', 'High', 'Low', 'Volume']
2026-04-27 15:07:58,134 | INFO | [2/6] Engineering features...
2026-04-27 15:07:58,405 | INFO |    Created 270 rows with 48 features
2026-04-27 15:07:58,408 | INFO | [3/6] Saving processed data...
2026-04-27 15:07:58,488 | INFO |    Saved: C:\Users\DREAMUSER\Documents\NSE Volatility Project\NSE_Volatility_Project\data\processed\SEPLAT_features.csv
2026-04-27 15:07:58,489 | INFO | [4/6] Preparing ML dataset...
2026-04-27 15:07:58,510 | INFO | [5/6] Training ML models...
2026-04-27 15:07:59,104 | INFO |    Random Forest: RMSE=0.103676
2026-04-27 15:07:59,119 | INFO |    Ridge: RMSE=0.099766
2026-04-27 15:07:59,316 | INFO |    XGBoost: RMSE=0.153734
2026-04-27 15:07:59,316 | INFO | [6/6] Evaluating and saving results...
2026-04-27 15:07:59,333 | INFO |    Saved comparison: C:\Users\DREAMUSER\Documents\NSE Volatility Project\NSE_Volatility_Project\results\tables\SEPLAT_model_comparison.csv
2026-04-27 15:07:59,345 | INFO |    Saved predictions: C:\Users\DREAMUSER\Documents\NSE Volatility Project\NSE_Volatility_Project\results\forecasts\SEPLAT_predictions.csv
2026-04-27 15:07:59,347 | INFO | [OK] Best: Ridge, RMSE: 0.099766, MAPE: 24.10%
2026-04-27 15:07:59,349 | INFO | 
============================================================
2026-04-27 15:07:59,349 | INFO | Processing: AIRTEL
2026-04-27 15:07:59,349 | INFO | ============================================================
2026-04-27 15:07:59,350 | INFO | [1/6] Loading raw data...
2026-04-27 15:07:59,350 | INFO | [WAIT] Loading AIRTEL from C:\Users\DREAMUSER\Documents\NSE Volatility Project\NSE_Volatility_Project\data\raw\AIRTEL.csv
2026-04-27 15:07:59,351 | INFO |    Trying encoding: utf-8
2026-04-27 15:07:59,403 | INFO |    Read 1530 rows with 7 columns using utf-8
2026-04-27 15:07:59,404 | INFO |    Original columns: ['Date', 'Price', 'Open', 'High', 'Low', 'Vol.', 'Change %']
2026-04-27 15:07:59,404 | INFO |    Cleaned columns: ['Date', 'Price', 'Open', 'High', 'Low', 'Vol.', 'Change %']
2026-04-27 15:07:59,424 | INFO |    First few rows:
         Date     Price      Open      High       Low   Vol. Change %
0  03/27/2026  2,497.00  2,497.00  2,746.70  2,497.00  0.42K    0.00%
1  03/26/2026  2,497.00  2,497.00  2,497.00  2,497.00    NaN    0.00%
2026-04-27 15:07:59,424 | INFO |    Column map: {'date': 'Date', 'price': 'Price', 'open': 'Open', 'high': 'High', 'low': 'Low', 'vol.': 'Vol.', 'change_%': 'Change %'}
2026-04-27 15:07:59,425 | INFO |    Matched columns: {'Price': 'Price', 'Open': 'Open', 'High': 'High', 'Low': 'Low'}
2026-04-27 15:07:59,494 | INFO |    Final DataFrame: 482 rows, columns: ['Date', 'Price', 'Open', 'High', 'Low', 'Volume']
2026-04-27 15:07:59,495 | INFO | [OK] Loaded 482 rows
2026-04-27 15:07:59,495 | INFO |    Loaded 482 rows, columns: ['Date', 'Price', 'Open', 'High', 'Low', 'Volume']
2026-04-27 15:07:59,496 | INFO | [2/6] Engineering features...
2026-04-27 15:07:59,613 | INFO |    Created 147 rows with 48 features
2026-04-27 15:07:59,613 | INFO | [3/6] Saving processed data...
2026-04-27 15:07:59,640 | INFO |    Saved: C:\Users\DREAMUSER\Documents\NSE Volatility Project\NSE_Volatility_Project\data\processed\AIRTEL_features.csv
2026-04-27 15:07:59,640 | INFO | [4/6] Preparing ML dataset...
2026-04-27 15:07:59,650 | INFO | [5/6] Training ML models...
2026-04-27 15:08:00,320 | INFO |    Random Forest: RMSE=0.050599
2026-04-27 15:08:00,336 | INFO |    Ridge: RMSE=0.097376
2026-04-27 15:08:00,530 | INFO |    XGBoost: RMSE=0.107524
2026-04-27 15:08:00,531 | INFO | [6/6] Evaluating and saving results...
2026-04-27 15:08:00,546 | INFO |    Saved comparison: C:\Users\DREAMUSER\Documents\NSE Volatility Project\NSE_Volatility_Project\results\tables\AIRTEL_model_comparison.csv
2026-04-27 15:08:00,558 | INFO |    Saved predictions: C:\Users\DREAMUSER\Documents\NSE Volatility Project\NSE_Volatility_Project\results\forecasts\AIRTEL_predictions.csv
2026-04-27 15:08:00,563 | INFO | [OK] Best: Random Forest, RMSE: 0.050599, MAPE: 19.82%
2026-04-27 15:08:00,565 | INFO | 
============================================================
2026-04-27 15:08:00,566 | INFO | Processing: INTERBREW
2026-04-27 15:08:00,566 | INFO | ============================================================
2026-04-27 15:08:00,567 | INFO | [1/6] Loading raw data...
2026-04-27 15:08:00,567 | INFO | [WAIT] Loading INTERBREW from C:\Users\DREAMUSER\Documents\NSE Volatility Project\NSE_Volatility_Project\data\raw\INTERBREW.csv
2026-04-27 15:08:00,569 | INFO |    Trying encoding: utf-8
2026-04-27 15:08:00,625 | INFO |    Read 1545 rows with 7 columns using utf-8
2026-04-27 15:08:00,630 | INFO |    Original columns: ['Date', 'Price', 'Open', 'High', 'Low', 'Vol.', 'Change %']
2026-04-27 15:08:00,634 | INFO |    Cleaned columns: ['Date', 'Price', 'Open', 'High', 'Low', 'Vol.', 'Change %']
2026-04-27 15:08:00,652 | INFO |    First few rows:
         Date  Price  Open  High    Low   Vol. Change %
0  03/27/2026   13.9  14.4  14.7  13.15  1.69M   -3.47%
1  03/26/2026   14.4  14.4  14.4  14.40  1.78M    0.00%
2026-04-27 15:08:00,655 | INFO |    Column map: {'date': 'Date', 'price': 'Price', 'open': 'Open', 'high': 'High', 'low': 'Low', 'vol.': 'Vol.', 'change_%': 'Change %'}
2026-04-27 15:08:00,656 | INFO |    Matched columns: {'Price': 'Price', 'Open': 'Open', 'High': 'High', 'Low': 'Low'}
2026-04-27 15:08:00,705 | INFO |    Final DataFrame: 1545 rows, columns: ['Date', 'Price', 'Open', 'High', 'Low', 'Volume']
2026-04-27 15:08:00,706 | INFO | [OK] Loaded 1545 rows
2026-04-27 15:08:00,707 | INFO |    Loaded 1545 rows, columns: ['Date', 'Price', 'Open', 'High', 'Low', 'Volume']
2026-04-27 15:08:00,708 | INFO | [2/6] Engineering features...
2026-04-27 15:08:00,834 | INFO |    Created 1286 rows with 48 features
2026-04-27 15:08:00,835 | INFO | [3/6] Saving processed data...
2026-04-27 15:08:01,045 | INFO |    Saved: C:\Users\DREAMUSER\Documents\NSE Volatility Project\NSE_Volatility_Project\data\processed\INTERBREW_features.csv
2026-04-27 15:08:01,045 | INFO | [4/6] Preparing ML dataset...
2026-04-27 15:08:01,054 | INFO | [5/6] Training ML models...
2026-04-27 15:08:02,417 | INFO |    Random Forest: RMSE=0.048432
2026-04-27 15:08:02,429 | INFO |    Ridge: RMSE=0.054270
2026-04-27 15:08:03,370 | INFO |    XGBoost: RMSE=0.053817
2026-04-27 15:08:03,371 | INFO | [6/6] Evaluating and saving results...
2026-04-27 15:08:03,388 | INFO |    Saved comparison: C:\Users\DREAMUSER\Documents\NSE Volatility Project\NSE_Volatility_Project\results\tables\INTERBREW_model_comparison.csv
2026-04-27 15:08:03,401 | INFO |    Saved predictions: C:\Users\DREAMUSER\Documents\NSE Volatility Project\NSE_Volatility_Project\results\forecasts\INTERBREW_predictions.csv
2026-04-27 15:08:03,407 | INFO | [OK] Best: Random Forest, RMSE: 0.048432, MAPE: 5.91%
2026-04-27 15:08:03,415 | INFO | 
============================================================
2026-04-27 15:08:03,415 | INFO | Processing: FIRSTHOLDCO
2026-04-27 15:08:03,415 | INFO | ============================================================
2026-04-27 15:08:03,416 | INFO | [1/6] Loading raw data...
2026-04-27 15:08:03,417 | INFO | [WAIT] Loading FIRSTHOLDCO from C:\Users\DREAMUSER\Documents\NSE Volatility Project\NSE_Volatility_Project\data\raw\FIRSTHOLDCO.csv
2026-04-27 15:08:03,418 | INFO |    Trying encoding: utf-8
2026-04-27 15:08:03,480 | INFO |    Read 1544 rows with 7 columns using utf-8
2026-04-27 15:08:03,482 | INFO |    Original columns: ['Date', 'Price', 'Open', 'High', 'Low', 'Vol.', 'Change %']
2026-04-27 15:08:03,483 | INFO |    Cleaned columns: ['Date', 'Price', 'Open', 'High', 'Low', 'Vol.', 'Change %']
2026-04-27 15:08:03,501 | INFO |    First few rows:
         Date  Price  Open  High    Low   Vol. Change %
0  03/27/2026   50.5  50.5  51.8  50.45  5.47M   -0.98%
1  03/26/2026   51.0  51.0  51.5  50.90  7.24M    0.10%
2026-04-27 15:08:03,503 | INFO |    Column map: {'date': 'Date', 'price': 'Price', 'open': 'Open', 'high': 'High', 'low': 'Low', 'vol.': 'Vol.', 'change_%': 'Change %'}
2026-04-27 15:08:03,504 | INFO |    Matched columns: {'Price': 'Price', 'Open': 'Open', 'High': 'High', 'Low': 'Low'}
2026-04-27 15:08:03,548 | INFO |    Final DataFrame: 1544 rows, columns: ['Date', 'Price', 'Open', 'High', 'Low', 'Volume']
2026-04-27 15:08:03,548 | INFO | [OK] Loaded 1544 rows
2026-04-27 15:08:03,549 | INFO |    Loaded 1544 rows, columns: ['Date', 'Price', 'Open', 'High', 'Low', 'Volume']
2026-04-27 15:08:03,549 | INFO | [2/6] Engineering features...
2026-04-27 15:08:03,688 | INFO |    Created 1291 rows with 48 features
2026-04-27 15:08:03,691 | INFO | [3/6] Saving processed data...
2026-04-27 15:08:03,916 | INFO |    Saved: C:\Users\DREAMUSER\Documents\NSE Volatility Project\NSE_Volatility_Project\data\processed\FIRSTHOLDCO_features.csv
2026-04-27 15:08:03,917 | INFO | [4/6] Preparing ML dataset...
2026-04-27 15:08:03,932 | INFO | [5/6] Training ML models...
2026-04-27 15:08:05,457 | INFO |    Random Forest: RMSE=0.038172
2026-04-27 15:08:05,481 | INFO |    Ridge: RMSE=0.035007
2026-04-27 15:08:07,501 | INFO |    XGBoost: RMSE=0.044363
2026-04-27 15:08:07,502 | INFO | [6/6] Evaluating and saving results...
2026-04-27 15:08:07,518 | INFO |    Saved comparison: C:\Users\DREAMUSER\Documents\NSE Volatility Project\NSE_Volatility_Project\results\tables\FIRSTHOLDCO_model_comparison.csv
2026-04-27 15:08:07,533 | INFO |    Saved predictions: C:\Users\DREAMUSER\Documents\NSE Volatility Project\NSE_Volatility_Project\results\forecasts\FIRSTHOLDCO_predictions.csv
2026-04-27 15:08:07,535 | INFO | [OK] Best: Ridge, RMSE: 0.035007, MAPE: 6.56%
2026-04-27 15:08:07,539 | INFO | 
============================================================
2026-04-27 15:08:07,541 | INFO | Processing: ETI
2026-04-27 15:08:07,542 | INFO | ============================================================
2026-04-27 15:08:07,546 | INFO | [1/6] Loading raw data...
2026-04-27 15:08:07,550 | INFO | [WAIT] Loading ETI from C:\Users\DREAMUSER\Documents\NSE Volatility Project\NSE_Volatility_Project\data\raw\ETI.csv
2026-04-27 15:08:07,552 | INFO |    Trying encoding: utf-8
2026-04-27 15:08:07,620 | INFO |    Read 1545 rows with 7 columns using utf-8
2026-04-27 15:08:07,623 | INFO |    Original columns: ['Date', 'Price', 'Open', 'High', 'Low', 'Vol.', 'Change %']
2026-04-27 15:08:07,624 | INFO |    Cleaned columns: ['Date', 'Price', 'Open', 'High', 'Low', 'Vol.', 'Change %']
2026-04-27 15:08:07,638 | INFO |    First few rows:
         Date  Price  Open  High   Low     Vol. Change %
0  03/27/2026   46.0  47.0  48.0  44.6  218.71K    0.00%
1  03/26/2026   46.0  46.0  46.0  46.0  345.80K    0.00%
2026-04-27 15:08:07,640 | INFO |    Column map: {'date': 'Date', 'price': 'Price', 'open': 'Open', 'high': 'High', 'low': 'Low', 'vol.': 'Vol.', 'change_%': 'Change %'}
2026-04-27 15:08:07,642 | INFO |    Matched columns: {'Price': 'Price', 'Open': 'Open', 'High': 'High', 'Low': 'Low'}
2026-04-27 15:08:07,701 | INFO |    Final DataFrame: 1545 rows, columns: ['Date', 'Price', 'Open', 'High', 'Low', 'Volume']
2026-04-27 15:08:07,703 | INFO | [OK] Loaded 1545 rows
2026-04-27 15:08:07,704 | INFO |    Loaded 1545 rows, columns: ['Date', 'Price', 'Open', 'High', 'Low', 'Volume']
2026-04-27 15:08:07,705 | INFO | [2/6] Engineering features...
2026-04-27 15:08:07,832 | INFO |    Created 1264 rows with 48 features
2026-04-27 15:08:07,834 | INFO | [3/6] Saving processed data...
2026-04-27 15:08:08,052 | INFO |    Saved: C:\Users\DREAMUSER\Documents\NSE Volatility Project\NSE_Volatility_Project\data\processed\ETI_features.csv
2026-04-27 15:08:08,055 | INFO | [4/6] Preparing ML dataset...
2026-04-27 15:08:08,069 | INFO | [5/6] Training ML models...
2026-04-27 15:08:09,607 | INFO |    Random Forest: RMSE=0.060695
2026-04-27 15:08:09,618 | INFO |    Ridge: RMSE=0.044792
2026-04-27 15:08:11,099 | INFO |    XGBoost: RMSE=0.088833
2026-04-27 15:08:11,100 | INFO | [6/6] Evaluating and saving results...
2026-04-27 15:08:11,121 | INFO |    Saved comparison: C:\Users\DREAMUSER\Documents\NSE Volatility Project\NSE_Volatility_Project\results\tables\ETI_model_comparison.csv
2026-04-27 15:08:11,142 | INFO |    Saved predictions: C:\Users\DREAMUSER\Documents\NSE Volatility Project\NSE_Volatility_Project\results\forecasts\ETI_predictions.csv
2026-04-27 15:08:11,144 | INFO | [OK] Best: Ridge, RMSE: 0.044792, MAPE: 7.64%
2026-04-27 15:08:11,156 | INFO | 
============================================================
2026-04-27 15:08:11,158 | INFO | Processing: ZENITH
2026-04-27 15:08:11,161 | INFO | ============================================================
2026-04-27 15:08:11,163 | INFO | [1/6] Loading raw data...
2026-04-27 15:08:11,164 | INFO | [WAIT] Loading ZENITH from C:\Users\DREAMUSER\Documents\NSE Volatility Project\NSE_Volatility_Project\data\raw\ZENITH.csv
2026-04-27 15:08:11,165 | INFO |    Trying encoding: utf-8
2026-04-27 15:08:11,227 | INFO |    Read 1546 rows with 7 columns using utf-8
2026-04-27 15:08:11,231 | INFO |    Original columns: ['Date', 'Price', 'Open', 'High', 'Low', 'Vol.', 'Change %']
2026-04-27 15:08:11,242 | INFO |    Cleaned columns: ['Date', 'Price', 'Open', 'High', 'Low', 'Vol.', 'Change %']
2026-04-27 15:08:11,260 | INFO |    First few rows:
         Date   Price    Open    High    Low    Vol. Change %
0  03/27/2026  103.00  103.05  105.00  102.5  13.81M   -0.05%
1  03/26/2026  103.05  101.50  104.45  103.0  17.08M    1.53%
2026-04-27 15:08:11,303 | INFO |    Column map: {'date': 'Date', 'price': 'Price', 'open': 'Open', 'high': 'High', 'low': 'Low', 'vol.': 'Vol.', 'change_%': 'Change %'}
2026-04-27 15:08:11,326 | INFO |    Matched columns: {'Price': 'Price', 'Open': 'Open', 'High': 'High', 'Low': 'Low'}
2026-04-27 15:08:11,396 | INFO |    Final DataFrame: 1546 rows, columns: ['Date', 'Price', 'Open', 'High', 'Low', 'Volume']
2026-04-27 15:08:11,400 | INFO | [OK] Loaded 1546 rows
2026-04-27 15:08:11,408 | INFO |    Loaded 1546 rows, columns: ['Date', 'Price', 'Open', 'High', 'Low', 'Volume']
2026-04-27 15:08:11,411 | INFO | [2/6] Engineering features...
2026-04-27 15:08:11,557 | INFO |    Created 1293 rows with 48 features
2026-04-27 15:08:11,560 | INFO | [3/6] Saving processed data...
2026-04-27 15:08:11,793 | INFO |    Saved: C:\Users\DREAMUSER\Documents\NSE Volatility Project\NSE_Volatility_Project\data\processed\ZENITH_features.csv
2026-04-27 15:08:11,796 | INFO | [4/6] Preparing ML dataset...
2026-04-27 15:08:11,807 | INFO | [5/6] Training ML models...
2026-04-27 15:08:13,509 | INFO |    Random Forest: RMSE=0.044324
2026-04-27 15:08:13,521 | INFO |    Ridge: RMSE=0.041887
2026-04-27 15:08:15,940 | INFO |    XGBoost: RMSE=0.051313
2026-04-27 15:08:15,940 | INFO | [6/6] Evaluating and saving results...
2026-04-27 15:08:15,959 | INFO |    Saved comparison: C:\Users\DREAMUSER\Documents\NSE Volatility Project\NSE_Volatility_Project\results\tables\ZENITH_model_comparison.csv
2026-04-27 15:08:15,974 | INFO |    Saved predictions: C:\Users\DREAMUSER\Documents\NSE Volatility Project\NSE_Volatility_Project\results\forecasts\ZENITH_predictions.csv
2026-04-27 15:08:15,980 | INFO | [OK] Best: Ridge, RMSE: 0.041887, MAPE: 7.10%
2026-04-27 15:08:15,987 | INFO | 
============================================================
2026-04-27 15:08:15,988 | INFO | Processing: CWG
2026-04-27 15:08:15,988 | INFO | ============================================================
2026-04-27 15:08:15,988 | INFO | [1/6] Loading raw data...
2026-04-27 15:08:15,989 | INFO | [WAIT] Loading CWG from C:\Users\DREAMUSER\Documents\NSE Volatility Project\NSE_Volatility_Project\data\raw\CWG.csv
2026-04-27 15:08:15,989 | INFO |    Trying encoding: utf-8
2026-04-27 15:08:16,075 | INFO |    Read 1107 rows with 7 columns using utf-8
2026-04-27 15:08:16,076 | INFO |    Original columns: ['Date', 'Price', 'Open', 'High', 'Low', 'Vol.', 'Change %']
2026-04-27 15:08:16,077 | INFO |    Cleaned columns: ['Date', 'Price', 'Open', 'High', 'Low', 'Vol.', 'Change %']
2026-04-27 15:08:16,091 | INFO |    First few rows:
         Date  Price  Open  High    Low   Vol. Change %
0  03/27/2026   22.0  22.9  22.0  22.00  1.42M   -3.93%
1  03/26/2026   22.9  21.7  22.9  22.45  2.58M    5.53%
2026-04-27 15:08:16,093 | INFO |    Column map: {'date': 'Date', 'price': 'Price', 'open': 'Open', 'high': 'High', 'low': 'Low', 'vol.': 'Vol.', 'change_%': 'Change %'}
2026-04-27 15:08:16,095 | INFO |    Matched columns: {'Price': 'Price', 'Open': 'Open', 'High': 'High', 'Low': 'Low'}
2026-04-27 15:08:16,151 | INFO |    Final DataFrame: 1107 rows, columns: ['Date', 'Price', 'Open', 'High', 'Low', 'Volume']
2026-04-27 15:08:16,152 | INFO | [OK] Loaded 1107 rows
2026-04-27 15:08:16,153 | INFO |    Loaded 1107 rows, columns: ['Date', 'Price', 'Open', 'High', 'Low', 'Volume']
2026-04-27 15:08:16,153 | INFO | [2/6] Engineering features...
2026-04-27 15:08:16,284 | INFO |    Created 854 rows with 48 features
2026-04-27 15:08:16,285 | INFO | [3/6] Saving processed data...
2026-04-27 15:08:16,419 | INFO |    Saved: C:\Users\DREAMUSER\Documents\NSE Volatility Project\NSE_Volatility_Project\data\processed\CWG_features.csv
2026-04-27 15:08:16,420 | INFO | [4/6] Preparing ML dataset...
2026-04-27 15:08:16,429 | INFO | [5/6] Training ML models...
2026-04-27 15:08:17,483 | INFO |    Random Forest: RMSE=0.046030
2026-04-27 15:08:17,496 | INFO |    Ridge: RMSE=0.034274
2026-04-27 15:08:18,618 | INFO |    XGBoost: RMSE=0.082253
2026-04-27 15:08:18,618 | INFO | [6/6] Evaluating and saving results...
2026-04-27 15:08:18,636 | INFO |    Saved comparison: C:\Users\DREAMUSER\Documents\NSE Volatility Project\NSE_Volatility_Project\results\tables\CWG_model_comparison.csv
2026-04-27 15:08:18,649 | INFO |    Saved predictions: C:\Users\DREAMUSER\Documents\NSE Volatility Project\NSE_Volatility_Project\results\forecasts\CWG_predictions.csv
2026-04-27 15:08:18,651 | INFO | [OK] Best: Ridge, RMSE: 0.034274, MAPE: 4.90%
2026-04-27 15:08:18,655 | INFO | 
============================================================
2026-04-27 15:08:18,655 | INFO | Processing: NESTLE
2026-04-27 15:08:18,656 | INFO | ============================================================
2026-04-27 15:08:18,656 | INFO | [1/6] Loading raw data...
2026-04-27 15:08:18,658 | INFO | [WAIT] Loading NESTLE from C:\Users\DREAMUSER\Documents\NSE Volatility Project\NSE_Volatility_Project\data\raw\NESTLE.csv
2026-04-27 15:08:18,658 | INFO |    Trying encoding: utf-8
2026-04-27 15:08:18,734 | INFO |    Read 1545 rows with 7 columns using utf-8
2026-04-27 15:08:18,736 | INFO |    Original columns: ['Date', 'Price', 'Open', 'High', 'Low', 'Vol.', 'Change %']
2026-04-27 15:08:18,737 | INFO |    Cleaned columns: ['Date', 'Price', 'Open', 'High', 'Low', 'Vol.', 'Change %']
2026-04-27 15:08:18,752 | INFO |    First few rows:
         Date     Price      Open      High       Low    Vol. Change %
0  03/27/2026  3,395.00  3,395.00  3,395.00  3,395.00  66.01K    0.00%
1  03/26/2026  3,395.00  3,395.00  3,395.00  3,395.00  25.42K    0.00%
2026-04-27 15:08:18,753 | INFO |    Column map: {'date': 'Date', 'price': 'Price', 'open': 'Open', 'high': 'High', 'low': 'Low', 'vol.': 'Vol.', 'change_%': 'Change %'}
2026-04-27 15:08:18,754 | INFO |    Matched columns: {'Price': 'Price', 'Open': 'Open', 'High': 'High', 'Low': 'Low'}
2026-04-27 15:08:18,825 | INFO |    Final DataFrame: 346 rows, columns: ['Date', 'Price', 'Open', 'High', 'Low', 'Volume']
2026-04-27 15:08:18,825 | INFO | [OK] Loaded 346 rows
2026-04-27 15:08:18,827 | INFO |    Loaded 346 rows, columns: ['Date', 'Price', 'Open', 'High', 'Low', 'Volume']
2026-04-27 15:08:18,827 | INFO | [2/6] Engineering features...
2026-04-27 15:08:18,942 | INFO |    Created 53 rows with 48 features
2026-04-27 15:08:18,943 | INFO | [3/6] Saving processed data...
2026-04-27 15:08:18,955 | INFO |    Saved: C:\Users\DREAMUSER\Documents\NSE Volatility Project\NSE_Volatility_Project\data\processed\NESTLE_features.csv
2026-04-27 15:08:18,956 | INFO | [4/6] Preparing ML dataset...
2026-04-27 15:08:18,966 | INFO | [5/6] Training ML models...
2026-04-27 15:08:19,553 | INFO |    Random Forest: RMSE=0.059516
2026-04-27 15:08:19,561 | INFO |    Ridge: RMSE=0.010270
2026-04-27 15:08:19,671 | INFO |    XGBoost: RMSE=0.134238
2026-04-27 15:08:19,671 | INFO | [6/6] Evaluating and saving results...
2026-04-27 15:08:19,695 | INFO |    Saved comparison: C:\Users\DREAMUSER\Documents\NSE Volatility Project\NSE_Volatility_Project\results\tables\NESTLE_model_comparison.csv
2026-04-27 15:08:19,703 | INFO |    Saved predictions: C:\Users\DREAMUSER\Documents\NSE Volatility Project\NSE_Volatility_Project\results\forecasts\NESTLE_predictions.csv
2026-04-27 15:08:19,705 | INFO | [OK] Best: Ridge, RMSE: 0.010270, MAPE: 2.88%
2026-04-27 15:08:19,707 | INFO | 
============================================================
2026-04-27 15:08:19,713 | INFO | Processing: NB
2026-04-27 15:08:19,715 | INFO | ============================================================
2026-04-27 15:08:19,716 | INFO | [1/6] Loading raw data...
2026-04-27 15:08:19,717 | INFO | [WAIT] Loading NB from C:\Users\DREAMUSER\Documents\NSE Volatility Project\NSE_Volatility_Project\data\raw\NB.csv
2026-04-27 15:08:19,717 | INFO |    Trying encoding: utf-8
2026-04-27 15:08:19,786 | INFO |    Read 1545 rows with 7 columns using utf-8
2026-04-27 15:08:19,796 | INFO |    Original columns: ['Date', 'Price', 'Open', 'High', 'Low', 'Vol.', 'Change %']
2026-04-27 15:08:19,797 | INFO |    Cleaned columns: ['Date', 'Price', 'Open', 'High', 'Low', 'Vol.', 'Change %']
2026-04-27 15:08:19,815 | INFO |    First few rows:
         Date  Price   Open  High   Low    Vol. Change %
0  03/27/2026   71.0  73.30  71.0  70.7  19.20M   -3.14%
1  03/26/2026   73.3  71.95  74.0  73.3   4.86M    1.88%
2026-04-27 15:08:19,815 | INFO |    Column map: {'date': 'Date', 'price': 'Price', 'open': 'Open', 'high': 'High', 'low': 'Low', 'vol.': 'Vol.', 'change_%': 'Change %'}
2026-04-27 15:08:19,816 | INFO |    Matched columns: {'Price': 'Price', 'Open': 'Open', 'High': 'High', 'Low': 'Low'}
2026-04-27 15:08:19,868 | INFO |    Final DataFrame: 1545 rows, columns: ['Date', 'Price', 'Open', 'High', 'Low', 'Volume']
2026-04-27 15:08:19,868 | INFO | [OK] Loaded 1545 rows
2026-04-27 15:08:19,869 | INFO |    Loaded 1545 rows, columns: ['Date', 'Price', 'Open', 'High', 'Low', 'Volume']
2026-04-27 15:08:19,869 | INFO | [2/6] Engineering features...
2026-04-27 15:08:20,009 | INFO |    Created 1281 rows with 48 features
2026-04-27 15:08:20,009 | INFO | [3/6] Saving processed data...
2026-04-27 15:08:20,211 | INFO |    Saved: C:\Users\DREAMUSER\Documents\NSE Volatility Project\NSE_Volatility_Project\data\processed\NB_features.csv
2026-04-27 15:08:20,213 | INFO | [4/6] Preparing ML dataset...
2026-04-27 15:08:20,225 | INFO | [5/6] Training ML models...
2026-04-27 15:08:21,722 | INFO |    Random Forest: RMSE=0.042388
2026-04-27 15:08:21,736 | INFO |    Ridge: RMSE=0.036470
2026-04-27 15:08:22,884 | INFO |    XGBoost: RMSE=0.051644
2026-04-27 15:08:22,885 | INFO | [6/6] Evaluating and saving results...
2026-04-27 15:08:22,902 | INFO |    Saved comparison: C:\Users\DREAMUSER\Documents\NSE Volatility Project\NSE_Volatility_Project\results\tables\NB_model_comparison.csv
2026-04-27 15:08:22,915 | INFO |    Saved predictions: C:\Users\DREAMUSER\Documents\NSE Volatility Project\NSE_Volatility_Project\results\forecasts\NB_predictions.csv
2026-04-27 15:08:22,917 | INFO | [OK] Best: Ridge, RMSE: 0.036470, MAPE: 6.85%
2026-04-27 15:08:22,921 | INFO | 
============================================================
2026-04-27 15:08:22,925 | INFO | Processing: ACCESS
2026-04-27 15:08:22,925 | INFO | ============================================================
2026-04-27 15:08:22,926 | INFO | [1/6] Loading raw data...
2026-04-27 15:08:22,926 | INFO | [WAIT] Loading ACCESS from C:\Users\DREAMUSER\Documents\NSE Volatility Project\NSE_Volatility_Project\data\raw\ACCESS.csv
2026-04-27 15:08:22,927 | INFO |    Trying encoding: utf-8
2026-04-27 15:08:22,993 | INFO |    Read 988 rows with 7 columns using utf-8
2026-04-27 15:08:22,994 | INFO |    Original columns: ['Date', 'Price', 'Open', 'High', 'Low', 'Vol.', 'Change %']
2026-04-27 15:08:22,996 | INFO |    Cleaned columns: ['Date', 'Price', 'Open', 'High', 'Low', 'Vol.', 'Change %']
2026-04-27 15:08:23,009 | INFO |    First few rows:
         Date  Price   Open   High    Low     Vol. Change %
0  03/27/2026   26.0  26.00  26.10  25.85   29.43M    0.00%
1  03/26/2026   26.0  26.05  26.05  25.80  134.59M   -0.19%
2026-04-27 15:08:23,010 | INFO |    Column map: {'date': 'Date', 'price': 'Price', 'open': 'Open', 'high': 'High', 'low': 'Low', 'vol.': 'Vol.', 'change_%': 'Change %'}
2026-04-27 15:08:23,012 | INFO |    Matched columns: {'Price': 'Price', 'Open': 'Open', 'High': 'High', 'Low': 'Low'}
2026-04-27 15:08:23,058 | INFO |    Final DataFrame: 988 rows, columns: ['Date', 'Price', 'Open', 'High', 'Low', 'Volume']
2026-04-27 15:08:23,060 | INFO | [OK] Loaded 988 rows
2026-04-27 15:08:23,061 | INFO |    Loaded 988 rows, columns: ['Date', 'Price', 'Open', 'High', 'Low', 'Volume']
2026-04-27 15:08:23,062 | INFO | [2/6] Engineering features...
2026-04-27 15:08:23,227 | INFO |    Created 735 rows with 48 features
2026-04-27 15:08:23,228 | INFO | [3/6] Saving processed data...
2026-04-27 15:08:23,362 | INFO |    Saved: C:\Users\DREAMUSER\Documents\NSE Volatility Project\NSE_Volatility_Project\data\processed\ACCESS_features.csv
2026-04-27 15:08:23,363 | INFO | [4/6] Preparing ML dataset...
2026-04-27 15:08:23,373 | INFO | [5/6] Training ML models...
2026-04-27 15:08:24,700 | INFO |    Random Forest: RMSE=0.037970
2026-04-27 15:08:24,724 | INFO |    Ridge: RMSE=0.032037
2026-04-27 15:08:25,663 | INFO |    XGBoost: RMSE=0.040395
2026-04-27 15:08:25,663 | INFO | [6/6] Evaluating and saving results...
2026-04-27 15:08:25,880 | INFO |    Saved comparison: C:\Users\DREAMUSER\Documents\NSE Volatility Project\NSE_Volatility_Project\results\tables\ACCESS_model_comparison.csv
2026-04-27 15:08:25,891 | INFO |    Saved predictions: C:\Users\DREAMUSER\Documents\NSE Volatility Project\NSE_Volatility_Project\results\forecasts\ACCESS_predictions.csv
2026-04-27 15:08:25,895 | INFO | [OK] Best: Ridge, RMSE: 0.032037, MAPE: 5.62%
2026-04-27 15:08:25,900 | INFO | 
============================================================
2026-04-27 15:08:25,901 | INFO | Processing: WAPCO
2026-04-27 15:08:25,901 | INFO | ============================================================
2026-04-27 15:08:25,905 | INFO | [1/6] Loading raw data...
2026-04-27 15:08:25,906 | INFO | [WAIT] Loading WAPCO from C:\Users\DREAMUSER\Documents\NSE Volatility Project\NSE_Volatility_Project\data\raw\WAPCO.csv
2026-04-27 15:08:25,906 | INFO |    Trying encoding: utf-8
2026-04-27 15:08:25,956 | INFO |    Read 1545 rows with 7 columns using utf-8
2026-04-27 15:08:25,958 | INFO |    Original columns: ['Date', 'Price', 'Open', 'High', 'Low', 'Vol.', 'Change %']
2026-04-27 15:08:25,958 | INFO |    Cleaned columns: ['Date', 'Price', 'Open', 'High', 'Low', 'Vol.', 'Change %']
2026-04-27 15:08:25,977 | INFO |    First few rows:
         Date  Price   Open   High    Low   Vol. Change %
0  03/27/2026  224.0  224.0  224.0  215.0  2.37M    0.00%
1  03/26/2026  224.0  227.5  224.0  224.0  5.98M   -1.54%
2026-04-27 15:08:25,978 | INFO |    Column map: {'date': 'Date', 'price': 'Price', 'open': 'Open', 'high': 'High', 'low': 'Low', 'vol.': 'Vol.', 'change_%': 'Change %'}
2026-04-27 15:08:25,978 | INFO |    Matched columns: {'Price': 'Price', 'Open': 'Open', 'High': 'High', 'Low': 'Low'}
2026-04-27 15:08:26,029 | INFO |    Final DataFrame: 1545 rows, columns: ['Date', 'Price', 'Open', 'High', 'Low', 'Volume']
2026-04-27 15:08:26,030 | INFO | [OK] Loaded 1545 rows
2026-04-27 15:08:26,030 | INFO |    Loaded 1545 rows, columns: ['Date', 'Price', 'Open', 'High', 'Low', 'Volume']
2026-04-27 15:08:26,030 | INFO | [2/6] Engineering features...
2026-04-27 15:08:26,157 | INFO |    Created 1291 rows with 48 features
2026-04-27 15:08:26,158 | INFO | [3/6] Saving processed data...
2026-04-27 15:08:26,374 | INFO |    Saved: C:\Users\DREAMUSER\Documents\NSE Volatility Project\NSE_Volatility_Project\data\processed\WAPCO_features.csv
2026-04-27 15:08:26,377 | INFO | [4/6] Preparing ML dataset...
2026-04-27 15:08:26,395 | INFO | [5/6] Training ML models...
2026-04-27 15:08:27,984 | INFO |    Random Forest: RMSE=0.038853
2026-04-27 15:08:27,998 | INFO |    Ridge: RMSE=0.043650
2026-04-27 15:08:29,723 | INFO |    XGBoost: RMSE=0.055284
2026-04-27 15:08:29,724 | INFO | [6/6] Evaluating and saving results...
2026-04-27 15:08:29,742 | INFO |    Saved comparison: C:\Users\DREAMUSER\Documents\NSE Volatility Project\NSE_Volatility_Project\results\tables\WAPCO_model_comparison.csv
2026-04-27 15:08:29,754 | INFO |    Saved predictions: C:\Users\DREAMUSER\Documents\NSE Volatility Project\NSE_Volatility_Project\results\forecasts\WAPCO_predictions.csv
2026-04-27 15:08:29,756 | INFO | [OK] Best: Random Forest, RMSE: 0.038853, MAPE: 10.83%
2026-04-27 15:08:29,772 | INFO | 
[OK] Reports saved to C:\Users\DREAMUSER\Documents\NSE Volatility Project\NSE_Volatility_Project\results\tables
2026-04-27 15:08:29,775 | INFO | 
======================================================================
2026-04-27 15:08:29,776 | INFO | PIPELINE COMPLETE
2026-04-27 15:08:29,777 | INFO | Success: 15/15 stocks
2026-04-27 15:08:29,778 | INFO | Time: 0.8 minutes
2026-04-27 15:08:29,779 | INFO | ======================================================================
2026-04-27 15:08:29,780 | INFO | Dashboard-compatible files created:
2026-04-27 15:08:29,781 | INFO |    - data/processed/{stock}_features.csv
2026-04-27 15:08:29,790 | INFO |    - results/tables/{stock}_model_comparison.csv
2026-04-27 15:08:29,791 | INFO |    - results/forecasts/{stock}_predictions.csv
2026-04-27 15:08:29,800 | INFO | 
Run: streamlit run app.py
2026-04-27 15:08:29,802 | INFO | ======================================================================
2026-04-27 18:22:19,404 | INFO | 
======================================================================
2026-04-27 18:22:19,409 | INFO | NSE STOCK VOLATILITY PREDICTION PIPELINE
2026-04-27 18:22:19,409 | INFO | Started: 2026-04-27 18:22:19
2026-04-27 18:22:19,410 | INFO | ======================================================================
2026-04-27 18:22:19,414 | INFO | [OK] Found 15 stocks to process
2026-04-27 18:22:19,414 | INFO | 
============================================================
2026-04-27 18:22:19,416 | INFO | Processing: DANGCEM
2026-04-27 18:22:19,416 | INFO | ============================================================
2026-04-27 18:22:19,417 | INFO | [1/6] Loading raw data...
2026-04-27 18:22:19,418 | INFO | [WAIT] Loading DANGCEM from C:\Users\DREAMUSER\Documents\NSE Volatility Project\NSE_Volatility_Project\data\raw\DANGCEM.csv
2026-04-27 18:22:19,419 | INFO |    Trying encoding: utf-8
2026-04-27 18:22:19,504 | INFO |    Read 1545 rows with 7 columns using utf-8
2026-04-27 18:22:19,506 | INFO |    Original columns: ['Date', 'Price', 'Open', 'High', 'Low', 'Vol.', 'Change %']
2026-04-27 18:22:19,506 | INFO |    Cleaned columns: ['Date', 'Price', 'Open', 'High', 'Low', 'Vol.', 'Change %']
2026-04-27 18:22:19,525 | INFO |    First few rows:
        Date  Price   Open   High    Low     Vol. Change %
0  3/27/2026  810.0  810.0  810.0  800.0  857.88K    0.00%
1  3/26/2026  810.0  810.0  810.0  810.0    1.13M    0.00%
2026-04-27 18:22:19,526 | INFO |    Column map: {'date': 'Date', 'price': 'Price', 'open': 'Open', 'high': 'High', 'low': 'Low', 'vol.': 'Vol.', 'change_%': 'Change %'}
2026-04-27 18:22:19,526 | INFO |    Matched columns: {'Price': 'Price', 'Open': 'Open', 'High': 'High', 'Low': 'Low'}
2026-04-27 18:22:19,562 | INFO |    Final DataFrame: 1545 rows, columns: ['Date', 'Price', 'Open', 'High', 'Low', 'Volume']
2026-04-27 18:22:19,562 | INFO | [OK] Loaded 1545 rows
2026-04-27 18:22:19,563 | INFO |    Loaded 1545 rows, columns: ['Date', 'Price', 'Open', 'High', 'Low', 'Volume']
2026-04-27 18:22:19,563 | INFO | [2/6] Engineering features...
2026-04-27 18:22:19,629 | INFO |    Created 946 rows with 48 features
2026-04-27 18:22:19,629 | INFO | [3/6] Saving processed data...
2026-04-27 18:22:19,704 | INFO |    Saved: C:\Users\DREAMUSER\Documents\NSE Volatility Project\NSE_Volatility_Project\data\processed\DANGCEM_features.csv
2026-04-27 18:22:19,705 | INFO | [4/6] Preparing ML dataset...
2026-04-27 18:22:19,710 | INFO | [5/6] Training ML models...
2026-04-27 18:22:20,426 | INFO |    Random Forest: RMSE=0.051811
2026-04-27 18:22:20,447 | INFO |    Ridge: RMSE=0.050804
2026-04-27 18:22:21,211 | INFO |    XGBoost: RMSE=0.054207
2026-04-27 18:22:21,211 | INFO | [6/6] Evaluating and saving results...
2026-04-27 18:22:21,232 | INFO |    Saved comparison: C:\Users\DREAMUSER\Documents\NSE Volatility Project\NSE_Volatility_Project\results\tables\DANGCEM_model_comparison.csv
2026-04-27 18:22:21,242 | INFO |    Saved predictions: C:\Users\DREAMUSER\Documents\NSE Volatility Project\NSE_Volatility_Project\results\forecasts\DANGCEM_predictions.csv
2026-04-27 18:22:21,244 | INFO | [OK] Best: Ridge, RMSE: 0.050804, MAPE: 10.04%
2026-04-27 18:22:21,247 | INFO | 
============================================================
2026-04-27 18:22:21,247 | INFO | Processing: DANGSUG
2026-04-27 18:22:21,248 | INFO | ============================================================
2026-04-27 18:22:21,248 | INFO | [1/6] Loading raw data...
2026-04-27 18:22:21,249 | INFO | [WAIT] Loading DANGSUG from C:\Users\DREAMUSER\Documents\NSE Volatility Project\NSE_Volatility_Project\data\raw\DANGSUG.csv
2026-04-27 18:22:21,249 | INFO |    Trying encoding: utf-8
2026-04-27 18:22:21,303 | INFO |    Read 1545 rows with 7 columns using utf-8
2026-04-27 18:22:21,304 | INFO |    Original columns: ['Date', 'Price', 'Open', 'High', 'Low', 'Vol.', 'Change %']
2026-04-27 18:22:21,304 | INFO |    Cleaned columns: ['Date', 'Price', 'Open', 'High', 'Low', 'Vol.', 'Change %']
2026-04-27 18:22:21,316 | INFO |    First few rows:
         Date  Price  Open  High   Low   Vol. Change %
0  03/27/2026   70.0  71.0  72.0  69.5  3.36M   -1.41%
1  03/26/2026   71.0  71.5  71.0  71.0  1.19M   -0.70%
2026-04-27 18:22:21,317 | INFO |    Column map: {'date': 'Date', 'price': 'Price', 'open': 'Open', 'high': 'High', 'low': 'Low', 'vol.': 'Vol.', 'change_%': 'Change %'}
2026-04-27 18:22:21,317 | INFO |    Matched columns: {'Price': 'Price', 'Open': 'Open', 'High': 'High', 'Low': 'Low'}
2026-04-27 18:22:21,355 | INFO |    Final DataFrame: 1545 rows, columns: ['Date', 'Price', 'Open', 'High', 'Low', 'Volume']
2026-04-27 18:22:21,356 | INFO | [OK] Loaded 1545 rows
2026-04-27 18:22:21,356 | INFO |    Loaded 1545 rows, columns: ['Date', 'Price', 'Open', 'High', 'Low', 'Volume']
2026-04-27 18:22:21,356 | INFO | [2/6] Engineering features...
2026-04-27 18:22:21,436 | INFO |    Created 1285 rows with 48 features
2026-04-27 18:22:21,437 | INFO | [3/6] Saving processed data...
2026-04-27 18:22:21,549 | INFO |    Saved: C:\Users\DREAMUSER\Documents\NSE Volatility Project\NSE_Volatility_Project\data\processed\DANGSUG_features.csv
2026-04-27 18:22:21,549 | INFO | [4/6] Preparing ML dataset...
2026-04-27 18:22:21,554 | INFO | [5/6] Training ML models...
2026-04-27 18:22:22,791 | INFO |    Random Forest: RMSE=0.044077
2026-04-27 18:22:22,798 | INFO |    Ridge: RMSE=0.037098
2026-04-27 18:22:23,772 | INFO |    XGBoost: RMSE=0.047019
2026-04-27 18:22:23,772 | INFO | [6/6] Evaluating and saving results...
2026-04-27 18:22:23,792 | INFO |    Saved comparison: C:\Users\DREAMUSER\Documents\NSE Volatility Project\NSE_Volatility_Project\results\tables\DANGSUG_model_comparison.csv
2026-04-27 18:22:23,803 | INFO |    Saved predictions: C:\Users\DREAMUSER\Documents\NSE Volatility Project\NSE_Volatility_Project\results\forecasts\DANGSUG_predictions.csv
2026-04-27 18:22:23,805 | INFO | [OK] Best: Ridge, RMSE: 0.037098, MAPE: 5.32%
2026-04-27 18:22:23,813 | INFO | 
============================================================
2026-04-27 18:22:23,814 | INFO | Processing: MTNN
2026-04-27 18:22:23,814 | INFO | ============================================================
2026-04-27 18:22:23,815 | INFO | [1/6] Loading raw data...
2026-04-27 18:22:23,817 | INFO | [WAIT] Loading MTNN from C:\Users\DREAMUSER\Documents\NSE Volatility Project\NSE_Volatility_Project\data\raw\MTNN.csv
2026-04-27 18:22:23,818 | INFO |    Trying encoding: utf-8
2026-04-27 18:22:23,869 | INFO |    Read 1545 rows with 7 columns using utf-8
2026-04-27 18:22:23,871 | INFO |    Original columns: ['Date', 'Price', 'Open', 'High', 'Low', 'Vol.', 'Change %']
2026-04-27 18:22:23,872 | INFO |    Cleaned columns: ['Date', 'Price', 'Open', 'High', 'Low', 'Vol.', 'Change %']
2026-04-27 18:22:23,888 | INFO |    First few rows:
         Date  Price   Open   High    Low    Vol. Change %
0  03/27/2026  718.0  719.1  720.0  717.0   3.77M   -0.15%
1  03/26/2026  719.1  718.0  720.0  718.0  15.37M    0.15%
2026-04-27 18:22:23,888 | INFO |    Column map: {'date': 'Date', 'price': 'Price', 'open': 'Open', 'high': 'High', 'low': 'Low', 'vol.': 'Vol.', 'change_%': 'Change %'}
2026-04-27 18:22:23,888 | INFO |    Matched columns: {'Price': 'Price', 'Open': 'Open', 'High': 'High', 'Low': 'Low'}
2026-04-27 18:22:23,917 | INFO |    Final DataFrame: 1545 rows, columns: ['Date', 'Price', 'Open', 'High', 'Low', 'Volume']
2026-04-27 18:22:23,917 | INFO | [OK] Loaded 1545 rows
2026-04-27 18:22:23,918 | INFO |    Loaded 1545 rows, columns: ['Date', 'Price', 'Open', 'High', 'Low', 'Volume']
2026-04-27 18:22:23,918 | INFO | [2/6] Engineering features...
2026-04-27 18:22:23,981 | INFO |    Created 1282 rows with 48 features
2026-04-27 18:22:23,982 | INFO | [3/6] Saving processed data...
2026-04-27 18:22:24,088 | INFO |    Saved: C:\Users\DREAMUSER\Documents\NSE Volatility Project\NSE_Volatility_Project\data\processed\MTNN_features.csv
2026-04-27 18:22:24,089 | INFO | [4/6] Preparing ML dataset...
2026-04-27 18:22:24,094 | INFO | [5/6] Training ML models...
2026-04-27 18:22:25,144 | INFO |    Random Forest: RMSE=0.045903
2026-04-27 18:22:25,157 | INFO |    Ridge: RMSE=0.050053
2026-04-27 18:22:25,980 | INFO |    XGBoost: RMSE=0.058028
2026-04-27 18:22:25,985 | INFO | [6/6] Evaluating and saving results...
2026-04-27 18:22:26,012 | INFO |    Saved comparison: C:\Users\DREAMUSER\Documents\NSE Volatility Project\NSE_Volatility_Project\results\tables\MTNN_model_comparison.csv
2026-04-27 18:22:26,028 | INFO |    Saved predictions: C:\Users\DREAMUSER\Documents\NSE Volatility Project\NSE_Volatility_Project\results\forecasts\MTNN_predictions.csv
2026-04-27 18:22:26,030 | INFO | [OK] Best: Random Forest, RMSE: 0.045903, MAPE: 9.90%
2026-04-27 18:22:26,034 | INFO | 
============================================================
2026-04-27 18:22:26,035 | INFO | Processing: GTCO
2026-04-27 18:22:26,035 | INFO | ============================================================
2026-04-27 18:22:26,036 | INFO | [1/6] Loading raw data...
2026-04-27 18:22:26,036 | INFO | [WAIT] Loading GTCO from C:\Users\DREAMUSER\Documents\NSE Volatility Project\NSE_Volatility_Project\data\raw\GTCO.csv
2026-04-27 18:22:26,037 | INFO |    Trying encoding: utf-8
2026-04-27 18:22:26,083 | INFO |    Read 1541 rows with 7 columns using utf-8
2026-04-27 18:22:26,084 | INFO |    Original columns: ['Date', 'Price', 'Open', 'High', 'Low', 'Vol.', 'Change %']
2026-04-27 18:22:26,085 | INFO |    Cleaned columns: ['Date', 'Price', 'Open', 'High', 'Low', 'Vol.', 'Change %']
2026-04-27 18:22:26,091 | INFO |    First few rows:
         Date  Price    Open   High    Low    Vol. Change %
0  03/27/2026  116.1  115.40  116.9  112.0  19.18M    0.61%
1  03/26/2026  115.4  114.55  115.5  115.3   9.53M    0.74%
2026-04-27 18:22:26,091 | INFO |    Column map: {'date': 'Date', 'price': 'Price', 'open': 'Open', 'high': 'High', 'low': 'Low', 'vol.': 'Vol.', 'change_%': 'Change %'}
2026-04-27 18:22:26,092 | INFO |    Matched columns: {'Price': 'Price', 'Open': 'Open', 'High': 'High', 'Low': 'Low'}
2026-04-27 18:22:26,120 | INFO |    Final DataFrame: 1541 rows, columns: ['Date', 'Price', 'Open', 'High', 'Low', 'Volume']
2026-04-27 18:22:26,120 | INFO | [OK] Loaded 1541 rows
2026-04-27 18:22:26,121 | INFO |    Loaded 1541 rows, columns: ['Date', 'Price', 'Open', 'High', 'Low', 'Volume']
2026-04-27 18:22:26,121 | INFO | [2/6] Engineering features...
2026-04-27 18:22:26,190 | INFO |    Created 1288 rows with 48 features
2026-04-27 18:22:26,191 | INFO | [3/6] Saving processed data...
2026-04-27 18:22:26,317 | INFO |    Saved: C:\Users\DREAMUSER\Documents\NSE Volatility Project\NSE_Volatility_Project\data\processed\GTCO_features.csv
2026-04-27 18:22:26,318 | INFO | [4/6] Preparing ML dataset...
2026-04-27 18:22:26,327 | INFO | [5/6] Training ML models...
2026-04-27 18:22:27,487 | INFO |    Random Forest: RMSE=0.040092
2026-04-27 18:22:27,501 | INFO |    Ridge: RMSE=0.037164
2026-04-27 18:22:28,381 | INFO |    XGBoost: RMSE=0.040271
2026-04-27 18:22:28,381 | INFO | [6/6] Evaluating and saving results...
2026-04-27 18:22:28,396 | INFO |    Saved comparison: C:\Users\DREAMUSER\Documents\NSE Volatility Project\NSE_Volatility_Project\results\tables\GTCO_model_comparison.csv
2026-04-27 18:22:28,408 | INFO |    Saved predictions: C:\Users\DREAMUSER\Documents\NSE Volatility Project\NSE_Volatility_Project\results\forecasts\GTCO_predictions.csv
2026-04-27 18:22:28,413 | INFO | [OK] Best: Ridge, RMSE: 0.037164, MAPE: 7.51%
2026-04-27 18:22:28,417 | INFO | 
============================================================
2026-04-27 18:22:28,418 | INFO | Processing: SEPLAT
2026-04-27 18:22:28,422 | INFO | ============================================================
2026-04-27 18:22:28,425 | INFO | [1/6] Loading raw data...
2026-04-27 18:22:28,427 | INFO | [WAIT] Loading SEPLAT from C:\Users\DREAMUSER\Documents\NSE Volatility Project\NSE_Volatility_Project\data\raw\SEPLAT.csv
2026-04-27 18:22:28,428 | INFO |    Trying encoding: utf-8
2026-04-27 18:22:28,491 | INFO |    Read 1546 rows with 7 columns using utf-8
2026-04-27 18:22:28,492 | INFO |    Original columns: ['Date', 'Price', 'Open', 'High', 'Low', 'Vol.', 'Change %']
2026-04-27 18:22:28,493 | INFO |    Cleaned columns: ['Date', 'Price', 'Open', 'High', 'Low', 'Vol.', 'Change %']
2026-04-27 18:22:28,502 | INFO |    First few rows:
         Date     Price      Open      High       Low     Vol. Change %
0  03/27/2026  9,099.90  9,099.90  9,450.00  9,000.10   30.88K    0.00%
1  03/26/2026  9,099.90  9,099.90  9,099.90  9,099.90  137.41K    0.00%
2026-04-27 18:22:28,502 | INFO |    Column map: {'date': 'Date', 'price': 'Price', 'open': 'Open', 'high': 'High', 'low': 'Low', 'vol.': 'Vol.', 'change_%': 'Change %'}
2026-04-27 18:22:28,503 | INFO |    Matched columns: {'Price': 'Price', 'Open': 'Open', 'High': 'High', 'Low': 'Low'}
2026-04-27 18:22:28,538 | INFO |    Final DataFrame: 591 rows, columns: ['Date', 'Price', 'Open', 'High', 'Low', 'Volume']
2026-04-27 18:22:28,538 | INFO | [OK] Loaded 591 rows
2026-04-27 18:22:28,539 | INFO |    Loaded 591 rows, columns: ['Date', 'Price', 'Open', 'High', 'Low', 'Volume']
2026-04-27 18:22:28,539 | INFO | [2/6] Engineering features...
2026-04-27 18:22:28,599 | INFO |    Created 270 rows with 48 features
2026-04-27 18:22:28,599 | INFO | [3/6] Saving processed data...
2026-04-27 18:22:28,626 | INFO |    Saved: C:\Users\DREAMUSER\Documents\NSE Volatility Project\NSE_Volatility_Project\data\processed\SEPLAT_features.csv
2026-04-27 18:22:28,628 | INFO | [4/6] Preparing ML dataset...
2026-04-27 18:22:28,633 | INFO | [5/6] Training ML models...
2026-04-27 18:22:29,093 | INFO |    Random Forest: RMSE=0.103676
2026-04-27 18:22:29,104 | INFO |    Ridge: RMSE=0.099766
2026-04-27 18:22:29,290 | INFO |    XGBoost: RMSE=0.153734
2026-04-27 18:22:29,290 | INFO | [6/6] Evaluating and saving results...
2026-04-27 18:22:29,306 | INFO |    Saved comparison: C:\Users\DREAMUSER\Documents\NSE Volatility Project\NSE_Volatility_Project\results\tables\SEPLAT_model_comparison.csv
2026-04-27 18:22:29,315 | INFO |    Saved predictions: C:\Users\DREAMUSER\Documents\NSE Volatility Project\NSE_Volatility_Project\results\forecasts\SEPLAT_predictions.csv
2026-04-27 18:22:29,316 | INFO | [OK] Best: Ridge, RMSE: 0.099766, MAPE: 24.10%
2026-04-27 18:22:29,317 | INFO | 
============================================================
2026-04-27 18:22:29,318 | INFO | Processing: AIRTEL
2026-04-27 18:22:29,318 | INFO | ============================================================
2026-04-27 18:22:29,318 | INFO | [1/6] Loading raw data...
2026-04-27 18:22:29,319 | INFO | [WAIT] Loading AIRTEL from C:\Users\DREAMUSER\Documents\NSE Volatility Project\NSE_Volatility_Project\data\raw\AIRTEL.csv
2026-04-27 18:22:29,319 | INFO |    Trying encoding: utf-8
2026-04-27 18:22:29,367 | INFO |    Read 1530 rows with 7 columns using utf-8
2026-04-27 18:22:29,368 | INFO |    Original columns: ['Date', 'Price', 'Open', 'High', 'Low', 'Vol.', 'Change %']
2026-04-27 18:22:29,369 | INFO |    Cleaned columns: ['Date', 'Price', 'Open', 'High', 'Low', 'Vol.', 'Change %']
2026-04-27 18:22:29,384 | INFO |    First few rows:
         Date     Price      Open      High       Low   Vol. Change %
0  03/27/2026  2,497.00  2,497.00  2,746.70  2,497.00  0.42K    0.00%
1  03/26/2026  2,497.00  2,497.00  2,497.00  2,497.00    NaN    0.00%
2026-04-27 18:22:29,385 | INFO |    Column map: {'date': 'Date', 'price': 'Price', 'open': 'Open', 'high': 'High', 'low': 'Low', 'vol.': 'Vol.', 'change_%': 'Change %'}
2026-04-27 18:22:29,385 | INFO |    Matched columns: {'Price': 'Price', 'Open': 'Open', 'High': 'High', 'Low': 'Low'}
2026-04-27 18:22:29,422 | INFO |    Final DataFrame: 482 rows, columns: ['Date', 'Price', 'Open', 'High', 'Low', 'Volume']
2026-04-27 18:22:29,422 | INFO | [OK] Loaded 482 rows
2026-04-27 18:22:29,423 | INFO |    Loaded 482 rows, columns: ['Date', 'Price', 'Open', 'High', 'Low', 'Volume']
2026-04-27 18:22:29,424 | INFO | [2/6] Engineering features...
2026-04-27 18:22:29,482 | INFO |    Created 147 rows with 48 features
2026-04-27 18:22:29,482 | INFO | [3/6] Saving processed data...
2026-04-27 18:22:29,497 | INFO |    Saved: C:\Users\DREAMUSER\Documents\NSE Volatility Project\NSE_Volatility_Project\data\processed\AIRTEL_features.csv
2026-04-27 18:22:29,498 | INFO | [4/6] Preparing ML dataset...
2026-04-27 18:22:29,504 | INFO | [5/6] Training ML models...
2026-04-27 18:22:29,905 | INFO |    Random Forest: RMSE=0.050599
2026-04-27 18:22:29,914 | INFO |    Ridge: RMSE=0.097376
2026-04-27 18:22:30,014 | INFO |    XGBoost: RMSE=0.107524
2026-04-27 18:22:30,014 | INFO | [6/6] Evaluating and saving results...
2026-04-27 18:22:30,035 | INFO |    Saved comparison: C:\Users\DREAMUSER\Documents\NSE Volatility Project\NSE_Volatility_Project\results\tables\AIRTEL_model_comparison.csv
2026-04-27 18:22:30,044 | INFO |    Saved predictions: C:\Users\DREAMUSER\Documents\NSE Volatility Project\NSE_Volatility_Project\results\forecasts\AIRTEL_predictions.csv
2026-04-27 18:22:30,045 | INFO | [OK] Best: Random Forest, RMSE: 0.050599, MAPE: 19.82%
2026-04-27 18:22:30,046 | INFO | 
============================================================
2026-04-27 18:22:30,046 | INFO | Processing: INTERBREW
2026-04-27 18:22:30,047 | INFO | ============================================================
2026-04-27 18:22:30,047 | INFO | [1/6] Loading raw data...
2026-04-27 18:22:30,047 | INFO | [WAIT] Loading INTERBREW from C:\Users\DREAMUSER\Documents\NSE Volatility Project\NSE_Volatility_Project\data\raw\INTERBREW.csv
2026-04-27 18:22:30,048 | INFO |    Trying encoding: utf-8
2026-04-27 18:22:30,112 | INFO |    Read 1545 rows with 7 columns using utf-8
2026-04-27 18:22:30,113 | INFO |    Original columns: ['Date', 'Price', 'Open', 'High', 'Low', 'Vol.', 'Change %']
2026-04-27 18:22:30,114 | INFO |    Cleaned columns: ['Date', 'Price', 'Open', 'High', 'Low', 'Vol.', 'Change %']
2026-04-27 18:22:30,124 | INFO |    First few rows:
         Date  Price  Open  High    Low   Vol. Change %
0  03/27/2026   13.9  14.4  14.7  13.15  1.69M   -3.47%
1  03/26/2026   14.4  14.4  14.4  14.40  1.78M    0.00%
2026-04-27 18:22:30,125 | INFO |    Column map: {'date': 'Date', 'price': 'Price', 'open': 'Open', 'high': 'High', 'low': 'Low', 'vol.': 'Vol.', 'change_%': 'Change %'}
2026-04-27 18:22:30,125 | INFO |    Matched columns: {'Price': 'Price', 'Open': 'Open', 'High': 'High', 'Low': 'Low'}
2026-04-27 18:22:30,162 | INFO |    Final DataFrame: 1545 rows, columns: ['Date', 'Price', 'Open', 'High', 'Low', 'Volume']
2026-04-27 18:22:30,162 | INFO | [OK] Loaded 1545 rows
2026-04-27 18:22:30,163 | INFO |    Loaded 1545 rows, columns: ['Date', 'Price', 'Open', 'High', 'Low', 'Volume']
2026-04-27 18:22:30,163 | INFO | [2/6] Engineering features...
2026-04-27 18:22:30,240 | INFO |    Created 1286 rows with 48 features
2026-04-27 18:22:30,240 | INFO | [3/6] Saving processed data...
2026-04-27 18:22:30,340 | INFO |    Saved: C:\Users\DREAMUSER\Documents\NSE Volatility Project\NSE_Volatility_Project\data\processed\INTERBREW_features.csv
2026-04-27 18:22:30,340 | INFO | [4/6] Preparing ML dataset...
2026-04-27 18:22:30,346 | INFO | [5/6] Training ML models...
2026-04-27 18:22:31,410 | INFO |    Random Forest: RMSE=0.048432
2026-04-27 18:22:31,418 | INFO |    Ridge: RMSE=0.054270
2026-04-27 18:22:32,290 | INFO |    XGBoost: RMSE=0.053817
2026-04-27 18:22:32,290 | INFO | [6/6] Evaluating and saving results...
2026-04-27 18:22:32,303 | INFO |    Saved comparison: C:\Users\DREAMUSER\Documents\NSE Volatility Project\NSE_Volatility_Project\results\tables\INTERBREW_model_comparison.csv
2026-04-27 18:22:32,318 | INFO |    Saved predictions: C:\Users\DREAMUSER\Documents\NSE Volatility Project\NSE_Volatility_Project\results\forecasts\INTERBREW_predictions.csv
2026-04-27 18:22:32,319 | INFO | [OK] Best: Random Forest, RMSE: 0.048432, MAPE: 5.91%
2026-04-27 18:22:32,322 | INFO | 
============================================================
2026-04-27 18:22:32,323 | INFO | Processing: FIRSTHOLDCO
2026-04-27 18:22:32,323 | INFO | ============================================================
2026-04-27 18:22:32,324 | INFO | [1/6] Loading raw data...
2026-04-27 18:22:32,324 | INFO | [WAIT] Loading FIRSTHOLDCO from C:\Users\DREAMUSER\Documents\NSE Volatility Project\NSE_Volatility_Project\data\raw\FIRSTHOLDCO.csv
2026-04-27 18:22:32,324 | INFO |    Trying encoding: utf-8
2026-04-27 18:22:32,383 | INFO |    Read 1544 rows with 7 columns using utf-8
2026-04-27 18:22:32,385 | INFO |    Original columns: ['Date', 'Price', 'Open', 'High', 'Low', 'Vol.', 'Change %']
2026-04-27 18:22:32,386 | INFO |    Cleaned columns: ['Date', 'Price', 'Open', 'High', 'Low', 'Vol.', 'Change %']
2026-04-27 18:22:32,399 | INFO |    First few rows:
         Date  Price  Open  High    Low   Vol. Change %
0  03/27/2026   50.5  50.5  51.8  50.45  5.47M   -0.98%
1  03/26/2026   51.0  51.0  51.5  50.90  7.24M    0.10%
2026-04-27 18:22:32,399 | INFO |    Column map: {'date': 'Date', 'price': 'Price', 'open': 'Open', 'high': 'High', 'low': 'Low', 'vol.': 'Vol.', 'change_%': 'Change %'}
2026-04-27 18:22:32,400 | INFO |    Matched columns: {'Price': 'Price', 'Open': 'Open', 'High': 'High', 'Low': 'Low'}
2026-04-27 18:22:32,427 | INFO |    Final DataFrame: 1544 rows, columns: ['Date', 'Price', 'Open', 'High', 'Low', 'Volume']
2026-04-27 18:22:32,427 | INFO | [OK] Loaded 1544 rows
2026-04-27 18:22:32,427 | INFO |    Loaded 1544 rows, columns: ['Date', 'Price', 'Open', 'High', 'Low', 'Volume']
2026-04-27 18:22:32,428 | INFO | [2/6] Engineering features...
2026-04-27 18:22:32,493 | INFO |    Created 1291 rows with 48 features
2026-04-27 18:22:32,493 | INFO | [3/6] Saving processed data...
2026-04-27 18:22:32,628 | INFO |    Saved: C:\Users\DREAMUSER\Documents\NSE Volatility Project\NSE_Volatility_Project\data\processed\FIRSTHOLDCO_features.csv
2026-04-27 18:22:32,628 | INFO | [4/6] Preparing ML dataset...
2026-04-27 18:22:32,633 | INFO | [5/6] Training ML models...
2026-04-27 18:22:33,913 | INFO |    Random Forest: RMSE=0.038172
2026-04-27 18:22:33,967 | INFO |    Ridge: RMSE=0.035007
2026-04-27 18:22:34,892 | INFO |    XGBoost: RMSE=0.044363
2026-04-27 18:22:34,892 | INFO | [6/6] Evaluating and saving results...
2026-04-27 18:22:34,910 | INFO |    Saved comparison: C:\Users\DREAMUSER\Documents\NSE Volatility Project\NSE_Volatility_Project\results\tables\FIRSTHOLDCO_model_comparison.csv
2026-04-27 18:22:34,922 | INFO |    Saved predictions: C:\Users\DREAMUSER\Documents\NSE Volatility Project\NSE_Volatility_Project\results\forecasts\FIRSTHOLDCO_predictions.csv
2026-04-27 18:22:34,924 | INFO | [OK] Best: Ridge, RMSE: 0.035007, MAPE: 6.56%
2026-04-27 18:22:34,928 | INFO | 
============================================================
2026-04-27 18:22:34,929 | INFO | Processing: ETI
2026-04-27 18:22:34,929 | INFO | ============================================================
2026-04-27 18:22:34,930 | INFO | [1/6] Loading raw data...
2026-04-27 18:22:34,931 | INFO | [WAIT] Loading ETI from C:\Users\DREAMUSER\Documents\NSE Volatility Project\NSE_Volatility_Project\data\raw\ETI.csv
2026-04-27 18:22:34,932 | INFO |    Trying encoding: utf-8
2026-04-27 18:22:34,997 | INFO |    Read 1545 rows with 7 columns using utf-8
2026-04-27 18:22:34,998 | INFO |    Original columns: ['Date', 'Price', 'Open', 'High', 'Low', 'Vol.', 'Change %']
2026-04-27 18:22:34,999 | INFO |    Cleaned columns: ['Date', 'Price', 'Open', 'High', 'Low', 'Vol.', 'Change %']
2026-04-27 18:22:35,012 | INFO |    First few rows:
         Date  Price  Open  High   Low     Vol. Change %
0  03/27/2026   46.0  47.0  48.0  44.6  218.71K    0.00%
1  03/26/2026   46.0  46.0  46.0  46.0  345.80K    0.00%
2026-04-27 18:22:35,012 | INFO |    Column map: {'date': 'Date', 'price': 'Price', 'open': 'Open', 'high': 'High', 'low': 'Low', 'vol.': 'Vol.', 'change_%': 'Change %'}
2026-04-27 18:22:35,013 | INFO |    Matched columns: {'Price': 'Price', 'Open': 'Open', 'High': 'High', 'Low': 'Low'}
2026-04-27 18:22:35,040 | INFO |    Final DataFrame: 1545 rows, columns: ['Date', 'Price', 'Open', 'High', 'Low', 'Volume']
2026-04-27 18:22:35,041 | INFO | [OK] Loaded 1545 rows
2026-04-27 18:22:35,041 | INFO |    Loaded 1545 rows, columns: ['Date', 'Price', 'Open', 'High', 'Low', 'Volume']
2026-04-27 18:22:35,041 | INFO | [2/6] Engineering features...
2026-04-27 18:22:35,106 | INFO |    Created 1264 rows with 48 features
2026-04-27 18:22:35,106 | INFO | [3/6] Saving processed data...
2026-04-27 18:22:35,222 | INFO |    Saved: C:\Users\DREAMUSER\Documents\NSE Volatility Project\NSE_Volatility_Project\data\processed\ETI_features.csv
2026-04-27 18:22:35,223 | INFO | [4/6] Preparing ML dataset...
2026-04-27 18:22:35,229 | INFO | [5/6] Training ML models...
2026-04-27 18:22:36,237 | INFO |    Random Forest: RMSE=0.060695
2026-04-27 18:22:36,247 | INFO |    Ridge: RMSE=0.044792
2026-04-27 18:22:37,051 | INFO |    XGBoost: RMSE=0.088833
2026-04-27 18:22:37,051 | INFO | [6/6] Evaluating and saving results...
2026-04-27 18:22:37,070 | INFO |    Saved comparison: C:\Users\DREAMUSER\Documents\NSE Volatility Project\NSE_Volatility_Project\results\tables\ETI_model_comparison.csv
2026-04-27 18:22:37,085 | INFO |    Saved predictions: C:\Users\DREAMUSER\Documents\NSE Volatility Project\NSE_Volatility_Project\results\forecasts\ETI_predictions.csv
2026-04-27 18:22:37,087 | INFO | [OK] Best: Ridge, RMSE: 0.044792, MAPE: 7.64%
2026-04-27 18:22:37,089 | INFO | 
============================================================
2026-04-27 18:22:37,089 | INFO | Processing: ZENITH
2026-04-27 18:22:37,089 | INFO | ============================================================
2026-04-27 18:22:37,090 | INFO | [1/6] Loading raw data...
2026-04-27 18:22:37,090 | INFO | [WAIT] Loading ZENITH from C:\Users\DREAMUSER\Documents\NSE Volatility Project\NSE_Volatility_Project\data\raw\ZENITH.csv
2026-04-27 18:22:37,090 | INFO |    Trying encoding: utf-8
2026-04-27 18:22:37,146 | INFO |    Read 1546 rows with 7 columns using utf-8
2026-04-27 18:22:37,147 | INFO |    Original columns: ['Date', 'Price', 'Open', 'High', 'Low', 'Vol.', 'Change %']
2026-04-27 18:22:37,148 | INFO |    Cleaned columns: ['Date', 'Price', 'Open', 'High', 'Low', 'Vol.', 'Change %']
2026-04-27 18:22:37,157 | INFO |    First few rows:
         Date   Price    Open    High    Low    Vol. Change %
0  03/27/2026  103.00  103.05  105.00  102.5  13.81M   -0.05%
1  03/26/2026  103.05  101.50  104.45  103.0  17.08M    1.53%
2026-04-27 18:22:37,158 | INFO |    Column map: {'date': 'Date', 'price': 'Price', 'open': 'Open', 'high': 'High', 'low': 'Low', 'vol.': 'Vol.', 'change_%': 'Change %'}
2026-04-27 18:22:37,158 | INFO |    Matched columns: {'Price': 'Price', 'Open': 'Open', 'High': 'High', 'Low': 'Low'}
2026-04-27 18:22:37,180 | INFO |    Final DataFrame: 1546 rows, columns: ['Date', 'Price', 'Open', 'High', 'Low', 'Volume']
2026-04-27 18:22:37,181 | INFO | [OK] Loaded 1546 rows
2026-04-27 18:22:37,181 | INFO |    Loaded 1546 rows, columns: ['Date', 'Price', 'Open', 'High', 'Low', 'Volume']
2026-04-27 18:22:37,182 | INFO | [2/6] Engineering features...
2026-04-27 18:22:37,251 | INFO |    Created 1293 rows with 48 features
2026-04-27 18:22:37,251 | INFO | [3/6] Saving processed data...
2026-04-27 18:22:37,371 | INFO |    Saved: C:\Users\DREAMUSER\Documents\NSE Volatility Project\NSE_Volatility_Project\data\processed\ZENITH_features.csv
2026-04-27 18:22:37,372 | INFO | [4/6] Preparing ML dataset...
2026-04-27 18:22:37,377 | INFO | [5/6] Training ML models...
2026-04-27 18:22:38,488 | INFO |    Random Forest: RMSE=0.044324
2026-04-27 18:22:38,494 | INFO |    Ridge: RMSE=0.041887
2026-04-27 18:22:39,255 | INFO |    XGBoost: RMSE=0.051313
2026-04-27 18:22:39,255 | INFO | [6/6] Evaluating and saving results...
2026-04-27 18:22:39,272 | INFO |    Saved comparison: C:\Users\DREAMUSER\Documents\NSE Volatility Project\NSE_Volatility_Project\results\tables\ZENITH_model_comparison.csv
2026-04-27 18:22:39,285 | INFO |    Saved predictions: C:\Users\DREAMUSER\Documents\NSE Volatility Project\NSE_Volatility_Project\results\forecasts\ZENITH_predictions.csv
2026-04-27 18:22:39,287 | INFO | [OK] Best: Ridge, RMSE: 0.041887, MAPE: 7.10%
2026-04-27 18:22:39,291 | INFO | 
============================================================
2026-04-27 18:22:39,291 | INFO | Processing: CWG
2026-04-27 18:22:39,292 | INFO | ============================================================
2026-04-27 18:22:39,292 | INFO | [1/6] Loading raw data...
2026-04-27 18:22:39,294 | INFO | [WAIT] Loading CWG from C:\Users\DREAMUSER\Documents\NSE Volatility Project\NSE_Volatility_Project\data\raw\CWG.csv
2026-04-27 18:22:39,294 | INFO |    Trying encoding: utf-8
2026-04-27 18:22:39,369 | INFO |    Read 1107 rows with 7 columns using utf-8
2026-04-27 18:22:39,370 | INFO |    Original columns: ['Date', 'Price', 'Open', 'High', 'Low', 'Vol.', 'Change %']
2026-04-27 18:22:39,370 | INFO |    Cleaned columns: ['Date', 'Price', 'Open', 'High', 'Low', 'Vol.', 'Change %']
2026-04-27 18:22:39,377 | INFO |    First few rows:
         Date  Price  Open  High    Low   Vol. Change %
0  03/27/2026   22.0  22.9  22.0  22.00  1.42M   -3.93%
1  03/26/2026   22.9  21.7  22.9  22.45  2.58M    5.53%
2026-04-27 18:22:39,377 | INFO |    Column map: {'date': 'Date', 'price': 'Price', 'open': 'Open', 'high': 'High', 'low': 'Low', 'vol.': 'Vol.', 'change_%': 'Change %'}
2026-04-27 18:22:39,377 | INFO |    Matched columns: {'Price': 'Price', 'Open': 'Open', 'High': 'High', 'Low': 'Low'}
2026-04-27 18:22:39,400 | INFO |    Final DataFrame: 1107 rows, columns: ['Date', 'Price', 'Open', 'High', 'Low', 'Volume']
2026-04-27 18:22:39,401 | INFO | [OK] Loaded 1107 rows
2026-04-27 18:22:39,401 | INFO |    Loaded 1107 rows, columns: ['Date', 'Price', 'Open', 'High', 'Low', 'Volume']
2026-04-27 18:22:39,402 | INFO | [2/6] Engineering features...
2026-04-27 18:22:39,470 | INFO |    Created 854 rows with 48 features
2026-04-27 18:22:39,470 | INFO | [3/6] Saving processed data...
2026-04-27 18:22:39,544 | INFO |    Saved: C:\Users\DREAMUSER\Documents\NSE Volatility Project\NSE_Volatility_Project\data\processed\CWG_features.csv
2026-04-27 18:22:39,545 | INFO | [4/6] Preparing ML dataset...
2026-04-27 18:22:39,550 | INFO | [5/6] Training ML models...
2026-04-27 18:22:40,295 | INFO |    Random Forest: RMSE=0.046030
2026-04-27 18:22:40,307 | INFO |    Ridge: RMSE=0.034274
2026-04-27 18:22:41,030 | INFO |    XGBoost: RMSE=0.082253
2026-04-27 18:22:41,030 | INFO | [6/6] Evaluating and saving results...
2026-04-27 18:22:41,049 | INFO |    Saved comparison: C:\Users\DREAMUSER\Documents\NSE Volatility Project\NSE_Volatility_Project\results\tables\CWG_model_comparison.csv
2026-04-27 18:22:41,060 | INFO |    Saved predictions: C:\Users\DREAMUSER\Documents\NSE Volatility Project\NSE_Volatility_Project\results\forecasts\CWG_predictions.csv
2026-04-27 18:22:41,061 | INFO | [OK] Best: Ridge, RMSE: 0.034274, MAPE: 4.90%
2026-04-27 18:22:41,065 | INFO | 
============================================================
2026-04-27 18:22:41,065 | INFO | Processing: NESTLE
2026-04-27 18:22:41,066 | INFO | ============================================================
2026-04-27 18:22:41,066 | INFO | [1/6] Loading raw data...
2026-04-27 18:22:41,067 | INFO | [WAIT] Loading NESTLE from C:\Users\DREAMUSER\Documents\NSE Volatility Project\NSE_Volatility_Project\data\raw\NESTLE.csv
2026-04-27 18:22:41,067 | INFO |    Trying encoding: utf-8
2026-04-27 18:22:41,141 | INFO |    Read 1545 rows with 7 columns using utf-8
2026-04-27 18:22:41,142 | INFO |    Original columns: ['Date', 'Price', 'Open', 'High', 'Low', 'Vol.', 'Change %']
2026-04-27 18:22:41,142 | INFO |    Cleaned columns: ['Date', 'Price', 'Open', 'High', 'Low', 'Vol.', 'Change %']
2026-04-27 18:22:41,153 | INFO |    First few rows:
         Date     Price      Open      High       Low    Vol. Change %
0  03/27/2026  3,395.00  3,395.00  3,395.00  3,395.00  66.01K    0.00%
1  03/26/2026  3,395.00  3,395.00  3,395.00  3,395.00  25.42K    0.00%
2026-04-27 18:22:41,154 | INFO |    Column map: {'date': 'Date', 'price': 'Price', 'open': 'Open', 'high': 'High', 'low': 'Low', 'vol.': 'Vol.', 'change_%': 'Change %'}
2026-04-27 18:22:41,154 | INFO |    Matched columns: {'Price': 'Price', 'Open': 'Open', 'High': 'High', 'Low': 'Low'}
2026-04-27 18:22:41,187 | INFO |    Final DataFrame: 346 rows, columns: ['Date', 'Price', 'Open', 'High', 'Low', 'Volume']
2026-04-27 18:22:41,187 | INFO | [OK] Loaded 346 rows
2026-04-27 18:22:41,188 | INFO |    Loaded 346 rows, columns: ['Date', 'Price', 'Open', 'High', 'Low', 'Volume']
2026-04-27 18:22:41,188 | INFO | [2/6] Engineering features...
2026-04-27 18:22:41,244 | INFO |    Created 53 rows with 48 features
2026-04-27 18:22:41,245 | INFO | [3/6] Saving processed data...
2026-04-27 18:22:41,252 | INFO |    Saved: C:\Users\DREAMUSER\Documents\NSE Volatility Project\NSE_Volatility_Project\data\processed\NESTLE_features.csv
2026-04-27 18:22:41,253 | INFO | [4/6] Preparing ML dataset...
2026-04-27 18:22:41,260 | INFO | [5/6] Training ML models...
2026-04-27 18:22:41,637 | INFO |    Random Forest: RMSE=0.059516
2026-04-27 18:22:41,645 | INFO |    Ridge: RMSE=0.010270
2026-04-27 18:22:41,709 | INFO |    XGBoost: RMSE=0.134238
2026-04-27 18:22:41,709 | INFO | [6/6] Evaluating and saving results...
2026-04-27 18:22:41,727 | INFO |    Saved comparison: C:\Users\DREAMUSER\Documents\NSE Volatility Project\NSE_Volatility_Project\results\tables\NESTLE_model_comparison.csv
2026-04-27 18:22:41,735 | INFO |    Saved predictions: C:\Users\DREAMUSER\Documents\NSE Volatility Project\NSE_Volatility_Project\results\forecasts\NESTLE_predictions.csv
2026-04-27 18:22:41,736 | INFO | [OK] Best: Ridge, RMSE: 0.010270, MAPE: 2.88%
2026-04-27 18:22:41,737 | INFO | 
============================================================
2026-04-27 18:22:41,737 | INFO | Processing: NB
2026-04-27 18:22:41,738 | INFO | ============================================================
2026-04-27 18:22:41,738 | INFO | [1/6] Loading raw data...
2026-04-27 18:22:41,738 | INFO | [WAIT] Loading NB from C:\Users\DREAMUSER\Documents\NSE Volatility Project\NSE_Volatility_Project\data\raw\NB.csv
2026-04-27 18:22:41,739 | INFO |    Trying encoding: utf-8
2026-04-27 18:22:41,798 | INFO |    Read 1545 rows with 7 columns using utf-8
2026-04-27 18:22:41,799 | INFO |    Original columns: ['Date', 'Price', 'Open', 'High', 'Low', 'Vol.', 'Change %']
2026-04-27 18:22:41,799 | INFO |    Cleaned columns: ['Date', 'Price', 'Open', 'High', 'Low', 'Vol.', 'Change %']
2026-04-27 18:22:41,806 | INFO |    First few rows:
         Date  Price   Open  High   Low    Vol. Change %
0  03/27/2026   71.0  73.30  71.0  70.7  19.20M   -3.14%
1  03/26/2026   73.3  71.95  74.0  73.3   4.86M    1.88%
2026-04-27 18:22:41,806 | INFO |    Column map: {'date': 'Date', 'price': 'Price', 'open': 'Open', 'high': 'High', 'low': 'Low', 'vol.': 'Vol.', 'change_%': 'Change %'}
2026-04-27 18:22:41,806 | INFO |    Matched columns: {'Price': 'Price', 'Open': 'Open', 'High': 'High', 'Low': 'Low'}
2026-04-27 18:22:41,829 | INFO |    Final DataFrame: 1545 rows, columns: ['Date', 'Price', 'Open', 'High', 'Low', 'Volume']
2026-04-27 18:22:41,830 | INFO | [OK] Loaded 1545 rows
2026-04-27 18:22:41,831 | INFO |    Loaded 1545 rows, columns: ['Date', 'Price', 'Open', 'High', 'Low', 'Volume']
2026-04-27 18:22:41,831 | INFO | [2/6] Engineering features...
2026-04-27 18:22:41,898 | INFO |    Created 1281 rows with 48 features
2026-04-27 18:22:41,898 | INFO | [3/6] Saving processed data...
2026-04-27 18:22:41,999 | INFO |    Saved: C:\Users\DREAMUSER\Documents\NSE Volatility Project\NSE_Volatility_Project\data\processed\NB_features.csv
2026-04-27 18:22:42,000 | INFO | [4/6] Preparing ML dataset...
2026-04-27 18:22:42,005 | INFO | [5/6] Training ML models...
2026-04-27 18:22:43,008 | INFO |    Random Forest: RMSE=0.042388
2026-04-27 18:22:43,215 | INFO |    Ridge: RMSE=0.036470
2026-04-27 18:22:44,010 | INFO |    XGBoost: RMSE=0.051644
2026-04-27 18:22:44,011 | INFO | [6/6] Evaluating and saving results...
2026-04-27 18:22:44,030 | INFO |    Saved comparison: C:\Users\DREAMUSER\Documents\NSE Volatility Project\NSE_Volatility_Project\results\tables\NB_model_comparison.csv
2026-04-27 18:22:44,044 | INFO |    Saved predictions: C:\Users\DREAMUSER\Documents\NSE Volatility Project\NSE_Volatility_Project\results\forecasts\NB_predictions.csv
2026-04-27 18:22:44,047 | INFO | [OK] Best: Ridge, RMSE: 0.036470, MAPE: 6.85%
2026-04-27 18:22:44,051 | INFO | 
============================================================
2026-04-27 18:22:44,051 | INFO | Processing: ACCESS
2026-04-27 18:22:44,052 | INFO | ============================================================
2026-04-27 18:22:44,053 | INFO | [1/6] Loading raw data...
2026-04-27 18:22:44,054 | INFO | [WAIT] Loading ACCESS from C:\Users\DREAMUSER\Documents\NSE Volatility Project\NSE_Volatility_Project\data\raw\ACCESS.csv
2026-04-27 18:22:44,054 | INFO |    Trying encoding: utf-8
2026-04-27 18:22:44,107 | INFO |    Read 988 rows with 7 columns using utf-8
2026-04-27 18:22:44,108 | INFO |    Original columns: ['Date', 'Price', 'Open', 'High', 'Low', 'Vol.', 'Change %']
2026-04-27 18:22:44,109 | INFO |    Cleaned columns: ['Date', 'Price', 'Open', 'High', 'Low', 'Vol.', 'Change %']
2026-04-27 18:22:44,119 | INFO |    First few rows:
         Date  Price   Open   High    Low     Vol. Change %
0  03/27/2026   26.0  26.00  26.10  25.85   29.43M    0.00%
1  03/26/2026   26.0  26.05  26.05  25.80  134.59M   -0.19%
2026-04-27 18:22:44,119 | INFO |    Column map: {'date': 'Date', 'price': 'Price', 'open': 'Open', 'high': 'High', 'low': 'Low', 'vol.': 'Vol.', 'change_%': 'Change %'}
2026-04-27 18:22:44,120 | INFO |    Matched columns: {'Price': 'Price', 'Open': 'Open', 'High': 'High', 'Low': 'Low'}
2026-04-27 18:22:44,147 | INFO |    Final DataFrame: 988 rows, columns: ['Date', 'Price', 'Open', 'High', 'Low', 'Volume']
2026-04-27 18:22:44,148 | INFO | [OK] Loaded 988 rows
2026-04-27 18:22:44,148 | INFO |    Loaded 988 rows, columns: ['Date', 'Price', 'Open', 'High', 'Low', 'Volume']
2026-04-27 18:22:44,148 | INFO | [2/6] Engineering features...
2026-04-27 18:22:44,217 | INFO |    Created 735 rows with 48 features
2026-04-27 18:22:44,217 | INFO | [3/6] Saving processed data...
2026-04-27 18:22:44,286 | INFO |    Saved: C:\Users\DREAMUSER\Documents\NSE Volatility Project\NSE_Volatility_Project\data\processed\ACCESS_features.csv
2026-04-27 18:22:44,286 | INFO | [4/6] Preparing ML dataset...
2026-04-27 18:22:44,294 | INFO | [5/6] Training ML models...
2026-04-27 18:22:44,989 | INFO |    Random Forest: RMSE=0.037970
2026-04-27 18:22:44,997 | INFO |    Ridge: RMSE=0.032037
2026-04-27 18:22:45,545 | INFO |    XGBoost: RMSE=0.040395
2026-04-27 18:22:45,545 | INFO | [6/6] Evaluating and saving results...
2026-04-27 18:22:45,564 | INFO |    Saved comparison: C:\Users\DREAMUSER\Documents\NSE Volatility Project\NSE_Volatility_Project\results\tables\ACCESS_model_comparison.csv
2026-04-27 18:22:45,575 | INFO |    Saved predictions: C:\Users\DREAMUSER\Documents\NSE Volatility Project\NSE_Volatility_Project\results\forecasts\ACCESS_predictions.csv
2026-04-27 18:22:45,578 | INFO | [OK] Best: Ridge, RMSE: 0.032037, MAPE: 5.62%
2026-04-27 18:22:45,581 | INFO | 
============================================================
2026-04-27 18:22:45,581 | INFO | Processing: WAPCO
2026-04-27 18:22:45,582 | INFO | ============================================================
2026-04-27 18:22:45,582 | INFO | [1/6] Loading raw data...
2026-04-27 18:22:45,582 | INFO | [WAIT] Loading WAPCO from C:\Users\DREAMUSER\Documents\NSE Volatility Project\NSE_Volatility_Project\data\raw\WAPCO.csv
2026-04-27 18:22:45,583 | INFO |    Trying encoding: utf-8
2026-04-27 18:22:45,646 | INFO |    Read 1545 rows with 7 columns using utf-8
2026-04-27 18:22:45,648 | INFO |    Original columns: ['Date', 'Price', 'Open', 'High', 'Low', 'Vol.', 'Change %']
2026-04-27 18:22:45,648 | INFO |    Cleaned columns: ['Date', 'Price', 'Open', 'High', 'Low', 'Vol.', 'Change %']
2026-04-27 18:22:45,656 | INFO |    First few rows:
         Date  Price   Open   High    Low   Vol. Change %
0  03/27/2026  224.0  224.0  224.0  215.0  2.37M    0.00%
1  03/26/2026  224.0  227.5  224.0  224.0  5.98M   -1.54%
2026-04-27 18:22:45,656 | INFO |    Column map: {'date': 'Date', 'price': 'Price', 'open': 'Open', 'high': 'High', 'low': 'Low', 'vol.': 'Vol.', 'change_%': 'Change %'}
2026-04-27 18:22:45,656 | INFO |    Matched columns: {'Price': 'Price', 'Open': 'Open', 'High': 'High', 'Low': 'Low'}
2026-04-27 18:22:45,687 | INFO |    Final DataFrame: 1545 rows, columns: ['Date', 'Price', 'Open', 'High', 'Low', 'Volume']
2026-04-27 18:22:45,688 | INFO | [OK] Loaded 1545 rows
2026-04-27 18:22:45,688 | INFO |    Loaded 1545 rows, columns: ['Date', 'Price', 'Open', 'High', 'Low', 'Volume']
2026-04-27 18:22:45,688 | INFO | [2/6] Engineering features...
2026-04-27 18:22:45,759 | INFO |    Created 1291 rows with 48 features
2026-04-27 18:22:45,760 | INFO | [3/6] Saving processed data...
2026-04-27 18:22:45,880 | INFO |    Saved: C:\Users\DREAMUSER\Documents\NSE Volatility Project\NSE_Volatility_Project\data\processed\WAPCO_features.csv
2026-04-27 18:22:45,881 | INFO | [4/6] Preparing ML dataset...
2026-04-27 18:22:45,886 | INFO | [5/6] Training ML models...
2026-04-27 18:22:46,999 | INFO |    Random Forest: RMSE=0.038853
2026-04-27 18:22:47,015 | INFO |    Ridge: RMSE=0.043650
2026-04-27 18:22:47,861 | INFO |    XGBoost: RMSE=0.055284
2026-04-27 18:22:47,861 | INFO | [6/6] Evaluating and saving results...
2026-04-27 18:22:47,881 | INFO |    Saved comparison: C:\Users\DREAMUSER\Documents\NSE Volatility Project\NSE_Volatility_Project\results\tables\WAPCO_model_comparison.csv
2026-04-27 18:22:47,893 | INFO |    Saved predictions: C:\Users\DREAMUSER\Documents\NSE Volatility Project\NSE_Volatility_Project\results\forecasts\WAPCO_predictions.csv
2026-04-27 18:22:47,895 | INFO | [OK] Best: Random Forest, RMSE: 0.038853, MAPE: 10.83%
2026-04-27 18:22:47,912 | INFO | 
[OK] Reports saved to C:\Users\DREAMUSER\Documents\NSE Volatility Project\NSE_Volatility_Project\results\tables
2026-04-27 18:22:47,914 | INFO | 
======================================================================
2026-04-27 18:22:47,914 | INFO | PIPELINE COMPLETE
2026-04-27 18:22:47,915 | INFO | Success: 15/15 stocks
2026-04-27 18:22:47,915 | INFO | Time: 0.5 minutes
2026-04-27 18:22:47,915 | INFO | ======================================================================
2026-04-27 18:22:47,916 | INFO | Dashboard-compatible files created:
2026-04-27 18:22:47,916 | INFO |    - data/processed/{stock}_features.csv
2026-04-27 18:22:47,916 | INFO |    - results/tables/{stock}_model_comparison.csv
2026-04-27 18:22:47,916 | INFO |    - results/forecasts/{stock}_predictions.csv
2026-04-27 18:22:47,917 | INFO | 
Run: streamlit run app.py
2026-04-27 18:22:47,917 | INFO | ======================================================================
2026-04-27 18:41:53,353 | INFO | 
======================================================================
2026-04-27 18:41:53,353 | INFO | NSE STOCK VOLATILITY PREDICTION PIPELINE
2026-04-27 18:41:53,354 | INFO | Started: 2026-04-27 18:41:53
2026-04-27 18:41:53,354 | INFO | ======================================================================
2026-04-27 18:41:53,355 | INFO | [OK] Found 15 stocks to process
2026-04-27 18:41:53,355 | INFO | 
============================================================
2026-04-27 18:41:53,356 | INFO | Processing: DANGCEM
2026-04-27 18:41:53,356 | INFO | ============================================================
2026-04-27 18:41:53,356 | INFO | [1/6] Loading raw data...
2026-04-27 18:41:53,357 | INFO | [WAIT] Loading DANGCEM from C:\Users\DREAMUSER\Documents\NSE Volatility Project\NSE_Volatility_Project\data\raw\DANGCEM.csv
2026-04-27 18:41:53,357 | INFO |    Trying encoding: utf-8
2026-04-27 18:41:53,379 | INFO |    Read 1545 rows with 7 columns using utf-8
2026-04-27 18:41:53,381 | INFO |    Original columns: ['Date', 'Price', 'Open', 'High', 'Low', 'Vol.', 'Change %']
2026-04-27 18:41:53,381 | INFO |    Cleaned columns: ['Date', 'Price', 'Open', 'High', 'Low', 'Vol.', 'Change %']
2026-04-27 18:41:53,399 | INFO |    First few rows:
        Date  Price   Open   High    Low     Vol. Change %
0  3/27/2026  810.0  810.0  810.0  800.0  857.88K    0.00%
1  3/26/2026  810.0  810.0  810.0  810.0    1.13M    0.00%
2026-04-27 18:41:53,400 | INFO |    Column map: {'date': 'Date', 'price': 'Price', 'open': 'Open', 'high': 'High', 'low': 'Low', 'vol.': 'Vol.', 'change_%': 'Change %'}
2026-04-27 18:41:53,400 | INFO |    Matched columns: {'Price': 'Price', 'Open': 'Open', 'High': 'High', 'Low': 'Low'}
2026-04-27 18:41:53,463 | INFO |    Final DataFrame: 1545 rows, columns: ['Date', 'Price', 'Open', 'High', 'Low', 'Volume']
2026-04-27 18:41:53,463 | INFO | [OK] Loaded 1545 rows
2026-04-27 18:41:53,463 | INFO |    Loaded 1545 rows, columns: ['Date', 'Price', 'Open', 'High', 'Low', 'Volume']
2026-04-27 18:41:53,463 | INFO | [2/6] Engineering features...
2026-04-27 18:41:53,570 | INFO |    Created 946 rows with 48 features
2026-04-27 18:41:53,570 | INFO | [3/6] Saving processed data...
2026-04-27 18:41:53,689 | INFO |    Saved: C:\Users\DREAMUSER\Documents\NSE Volatility Project\NSE_Volatility_Project\data\processed\DANGCEM_features.csv
2026-04-27 18:41:53,690 | INFO | [4/6] Preparing ML dataset...
2026-04-27 18:41:53,696 | INFO | [5/6] Training ML models...
2026-04-27 18:41:54,902 | INFO |    Random Forest: RMSE=0.051811
2026-04-27 18:41:55,040 | INFO |    Ridge: RMSE=0.050804
2026-04-27 18:41:55,927 | INFO |    XGBoost: RMSE=0.054207
2026-04-27 18:41:55,927 | INFO | [6/6] Evaluating and saving results...
2026-04-27 18:41:55,946 | INFO |    Saved comparison: C:\Users\DREAMUSER\Documents\NSE Volatility Project\NSE_Volatility_Project\results\tables\DANGCEM_model_comparison.csv
2026-04-27 18:41:55,959 | INFO |    Saved predictions: C:\Users\DREAMUSER\Documents\NSE Volatility Project\NSE_Volatility_Project\results\forecasts\DANGCEM_predictions.csv
2026-04-27 18:41:55,961 | INFO | [OK] Best: Ridge, RMSE: 0.050804, MAPE: 10.04%
2026-04-27 18:41:55,965 | INFO | 
============================================================
2026-04-27 18:41:55,965 | INFO | Processing: DANGSUG
2026-04-27 18:41:55,965 | INFO | ============================================================
2026-04-27 18:41:55,968 | INFO | [1/6] Loading raw data...
2026-04-27 18:41:55,972 | INFO | [WAIT] Loading DANGSUG from C:\Users\DREAMUSER\Documents\NSE Volatility Project\NSE_Volatility_Project\data\raw\DANGSUG.csv
2026-04-27 18:41:55,973 | INFO |    Trying encoding: utf-8
2026-04-27 18:41:55,990 | INFO |    Read 1545 rows with 7 columns using utf-8
2026-04-27 18:41:55,992 | INFO |    Original columns: ['Date', 'Price', 'Open', 'High', 'Low', 'Vol.', 'Change %']
2026-04-27 18:41:55,992 | INFO |    Cleaned columns: ['Date', 'Price', 'Open', 'High', 'Low', 'Vol.', 'Change %']
2026-04-27 18:41:56,006 | INFO |    First few rows:
         Date  Price  Open  High   Low   Vol. Change %
0  03/27/2026   70.0  71.0  72.0  69.5  3.36M   -1.41%
1  03/26/2026   71.0  71.5  71.0  71.0  1.19M   -0.70%
2026-04-27 18:41:56,006 | INFO |    Column map: {'date': 'Date', 'price': 'Price', 'open': 'Open', 'high': 'High', 'low': 'Low', 'vol.': 'Vol.', 'change_%': 'Change %'}
2026-04-27 18:41:56,006 | INFO |    Matched columns: {'Price': 'Price', 'Open': 'Open', 'High': 'High', 'Low': 'Low'}
2026-04-27 18:41:56,054 | INFO |    Final DataFrame: 1545 rows, columns: ['Date', 'Price', 'Open', 'High', 'Low', 'Volume']
2026-04-27 18:41:56,054 | INFO | [OK] Loaded 1545 rows
2026-04-27 18:41:56,055 | INFO |    Loaded 1545 rows, columns: ['Date', 'Price', 'Open', 'High', 'Low', 'Volume']
2026-04-27 18:41:56,055 | INFO | [2/6] Engineering features...
2026-04-27 18:41:56,149 | INFO |    Created 1285 rows with 48 features
2026-04-27 18:41:56,149 | INFO | [3/6] Saving processed data...
2026-04-27 18:41:56,283 | INFO |    Saved: C:\Users\DREAMUSER\Documents\NSE Volatility Project\NSE_Volatility_Project\data\processed\DANGSUG_features.csv
2026-04-27 18:41:56,284 | INFO | [4/6] Preparing ML dataset...
2026-04-27 18:41:56,295 | INFO | [5/6] Training ML models...
2026-04-27 18:41:57,613 | INFO |    Random Forest: RMSE=0.044077
2026-04-27 18:41:57,623 | INFO |    Ridge: RMSE=0.037098
2026-04-27 18:41:58,654 | INFO |    XGBoost: RMSE=0.047019
2026-04-27 18:41:58,654 | INFO | [6/6] Evaluating and saving results...
2026-04-27 18:41:58,672 | INFO |    Saved comparison: C:\Users\DREAMUSER\Documents\NSE Volatility Project\NSE_Volatility_Project\results\tables\DANGSUG_model_comparison.csv
2026-04-27 18:41:58,685 | INFO |    Saved predictions: C:\Users\DREAMUSER\Documents\NSE Volatility Project\NSE_Volatility_Project\results\forecasts\DANGSUG_predictions.csv
2026-04-27 18:41:58,687 | INFO | [OK] Best: Ridge, RMSE: 0.037098, MAPE: 5.32%
2026-04-27 18:41:58,691 | INFO | 
============================================================
2026-04-27 18:41:58,693 | INFO | Processing: MTNN
2026-04-27 18:41:58,693 | INFO | ============================================================
2026-04-27 18:41:58,694 | INFO | [1/6] Loading raw data...
2026-04-27 18:41:58,694 | INFO | [WAIT] Loading MTNN from C:\Users\DREAMUSER\Documents\NSE Volatility Project\NSE_Volatility_Project\data\raw\MTNN.csv
2026-04-27 18:41:58,694 | INFO |    Trying encoding: utf-8
2026-04-27 18:41:58,711 | INFO |    Read 1545 rows with 7 columns using utf-8
2026-04-27 18:41:58,712 | INFO |    Original columns: ['Date', 'Price', 'Open', 'High', 'Low', 'Vol.', 'Change %']
2026-04-27 18:41:58,713 | INFO |    Cleaned columns: ['Date', 'Price', 'Open', 'High', 'Low', 'Vol.', 'Change %']
2026-04-27 18:41:58,734 | INFO |    First few rows:
         Date  Price   Open   High    Low    Vol. Change %
0  03/27/2026  718.0  719.1  720.0  717.0   3.77M   -0.15%
1  03/26/2026  719.1  718.0  720.0  718.0  15.37M    0.15%
2026-04-27 18:41:58,736 | INFO |    Column map: {'date': 'Date', 'price': 'Price', 'open': 'Open', 'high': 'High', 'low': 'Low', 'vol.': 'Vol.', 'change_%': 'Change %'}
2026-04-27 18:41:58,737 | INFO |    Matched columns: {'Price': 'Price', 'Open': 'Open', 'High': 'High', 'Low': 'Low'}
2026-04-27 18:41:58,791 | INFO |    Final DataFrame: 1545 rows, columns: ['Date', 'Price', 'Open', 'High', 'Low', 'Volume']
2026-04-27 18:41:58,792 | INFO | [OK] Loaded 1545 rows
2026-04-27 18:41:58,792 | INFO |    Loaded 1545 rows, columns: ['Date', 'Price', 'Open', 'High', 'Low', 'Volume']
2026-04-27 18:41:58,792 | INFO | [2/6] Engineering features...
2026-04-27 18:41:58,894 | INFO |    Created 1282 rows with 48 features
2026-04-27 18:41:58,894 | INFO | [3/6] Saving processed data...
2026-04-27 18:41:59,048 | INFO |    Saved: C:\Users\DREAMUSER\Documents\NSE Volatility Project\NSE_Volatility_Project\data\processed\MTNN_features.csv
2026-04-27 18:41:59,048 | INFO | [4/6] Preparing ML dataset...
2026-04-27 18:41:59,054 | INFO | [5/6] Training ML models...
2026-04-27 18:42:00,313 | INFO |    Random Forest: RMSE=0.045903
2026-04-27 18:42:00,327 | INFO |    Ridge: RMSE=0.050053
2026-04-27 18:42:01,305 | INFO |    XGBoost: RMSE=0.058028
2026-04-27 18:42:01,305 | INFO | [6/6] Evaluating and saving results...
2026-04-27 18:42:01,322 | INFO |    Saved comparison: C:\Users\DREAMUSER\Documents\NSE Volatility Project\NSE_Volatility_Project\results\tables\MTNN_model_comparison.csv
2026-04-27 18:42:01,335 | INFO |    Saved predictions: C:\Users\DREAMUSER\Documents\NSE Volatility Project\NSE_Volatility_Project\results\forecasts\MTNN_predictions.csv
2026-04-27 18:42:01,337 | INFO | [OK] Best: Random Forest, RMSE: 0.045903, MAPE: 9.90%
2026-04-27 18:42:01,341 | INFO | 
============================================================
2026-04-27 18:42:01,341 | INFO | Processing: GTCO
2026-04-27 18:42:01,345 | INFO | ============================================================
2026-04-27 18:42:01,346 | INFO | [1/6] Loading raw data...
2026-04-27 18:42:01,346 | INFO | [WAIT] Loading GTCO from C:\Users\DREAMUSER\Documents\NSE Volatility Project\NSE_Volatility_Project\data\raw\GTCO.csv
2026-04-27 18:42:01,348 | INFO |    Trying encoding: utf-8
2026-04-27 18:42:01,364 | INFO |    Read 1541 rows with 7 columns using utf-8
2026-04-27 18:42:01,368 | INFO |    Original columns: ['Date', 'Price', 'Open', 'High', 'Low', 'Vol.', 'Change %']
2026-04-27 18:42:01,368 | INFO |    Cleaned columns: ['Date', 'Price', 'Open', 'High', 'Low', 'Vol.', 'Change %']
2026-04-27 18:42:01,378 | INFO |    First few rows:
         Date  Price    Open   High    Low    Vol. Change %
0  03/27/2026  116.1  115.40  116.9  112.0  19.18M    0.61%
1  03/26/2026  115.4  114.55  115.5  115.3   9.53M    0.74%
2026-04-27 18:42:01,379 | INFO |    Column map: {'date': 'Date', 'price': 'Price', 'open': 'Open', 'high': 'High', 'low': 'Low', 'vol.': 'Vol.', 'change_%': 'Change %'}
2026-04-27 18:42:01,380 | INFO |    Matched columns: {'Price': 'Price', 'Open': 'Open', 'High': 'High', 'Low': 'Low'}
2026-04-27 18:42:01,432 | INFO |    Final DataFrame: 1541 rows, columns: ['Date', 'Price', 'Open', 'High', 'Low', 'Volume']
2026-04-27 18:42:01,433 | INFO | [OK] Loaded 1541 rows
2026-04-27 18:42:01,433 | INFO |    Loaded 1541 rows, columns: ['Date', 'Price', 'Open', 'High', 'Low', 'Volume']
2026-04-27 18:42:01,434 | INFO | [2/6] Engineering features...
2026-04-27 18:42:01,520 | INFO |    Created 1288 rows with 48 features
2026-04-27 18:42:01,520 | INFO | [3/6] Saving processed data...
2026-04-27 18:42:01,665 | INFO |    Saved: C:\Users\DREAMUSER\Documents\NSE Volatility Project\NSE_Volatility_Project\data\processed\GTCO_features.csv
2026-04-27 18:42:01,666 | INFO | [4/6] Preparing ML dataset...
2026-04-27 18:42:01,674 | INFO | [5/6] Training ML models...
2026-04-27 18:42:03,091 | INFO |    Random Forest: RMSE=0.040092
2026-04-27 18:42:03,099 | INFO |    Ridge: RMSE=0.037164
2026-04-27 18:42:04,113 | INFO |    XGBoost: RMSE=0.040271
2026-04-27 18:42:04,114 | INFO | [6/6] Evaluating and saving results...
2026-04-27 18:42:04,131 | INFO |    Saved comparison: C:\Users\DREAMUSER\Documents\NSE Volatility Project\NSE_Volatility_Project\results\tables\GTCO_model_comparison.csv
2026-04-27 18:42:04,145 | INFO |    Saved predictions: C:\Users\DREAMUSER\Documents\NSE Volatility Project\NSE_Volatility_Project\results\forecasts\GTCO_predictions.csv
2026-04-27 18:42:04,147 | INFO | [OK] Best: Ridge, RMSE: 0.037164, MAPE: 7.51%
2026-04-27 18:42:04,151 | INFO | 
============================================================
2026-04-27 18:42:04,151 | INFO | Processing: SEPLAT
2026-04-27 18:42:04,151 | INFO | ============================================================
2026-04-27 18:42:04,152 | INFO | [1/6] Loading raw data...
2026-04-27 18:42:04,152 | INFO | [WAIT] Loading SEPLAT from C:\Users\DREAMUSER\Documents\NSE Volatility Project\NSE_Volatility_Project\data\raw\SEPLAT.csv
2026-04-27 18:42:04,153 | INFO |    Trying encoding: utf-8
2026-04-27 18:42:04,176 | INFO |    Read 1546 rows with 7 columns using utf-8
2026-04-27 18:42:04,181 | INFO |    Original columns: ['Date', 'Price', 'Open', 'High', 'Low', 'Vol.', 'Change %']
2026-04-27 18:42:04,183 | INFO |    Cleaned columns: ['Date', 'Price', 'Open', 'High', 'Low', 'Vol.', 'Change %']
2026-04-27 18:42:04,192 | INFO |    First few rows:
         Date     Price      Open      High       Low     Vol. Change %
0  03/27/2026  9,099.90  9,099.90  9,450.00  9,000.10   30.88K    0.00%
1  03/26/2026  9,099.90  9,099.90  9,099.90  9,099.90  137.41K    0.00%
2026-04-27 18:42:04,193 | INFO |    Column map: {'date': 'Date', 'price': 'Price', 'open': 'Open', 'high': 'High', 'low': 'Low', 'vol.': 'Vol.', 'change_%': 'Change %'}
2026-04-27 18:42:04,194 | INFO |    Matched columns: {'Price': 'Price', 'Open': 'Open', 'High': 'High', 'Low': 'Low'}
2026-04-27 18:42:04,252 | INFO |    Final DataFrame: 591 rows, columns: ['Date', 'Price', 'Open', 'High', 'Low', 'Volume']
2026-04-27 18:42:04,253 | INFO | [OK] Loaded 591 rows
2026-04-27 18:42:04,253 | INFO |    Loaded 591 rows, columns: ['Date', 'Price', 'Open', 'High', 'Low', 'Volume']
2026-04-27 18:42:04,253 | INFO | [2/6] Engineering features...
2026-04-27 18:42:04,340 | INFO |    Created 270 rows with 48 features
2026-04-27 18:42:04,340 | INFO | [3/6] Saving processed data...
2026-04-27 18:42:04,375 | INFO |    Saved: C:\Users\DREAMUSER\Documents\NSE Volatility Project\NSE_Volatility_Project\data\processed\SEPLAT_features.csv
2026-04-27 18:42:04,376 | INFO | [4/6] Preparing ML dataset...
2026-04-27 18:42:04,388 | INFO | [5/6] Training ML models...
2026-04-27 18:42:04,814 | INFO |    Random Forest: RMSE=0.103676
2026-04-27 18:42:04,822 | INFO |    Ridge: RMSE=0.099766
2026-04-27 18:42:05,045 | INFO |    XGBoost: RMSE=0.153734
2026-04-27 18:42:05,045 | INFO | [6/6] Evaluating and saving results...
2026-04-27 18:42:05,065 | INFO |    Saved comparison: C:\Users\DREAMUSER\Documents\NSE Volatility Project\NSE_Volatility_Project\results\tables\SEPLAT_model_comparison.csv
2026-04-27 18:42:05,077 | INFO |    Saved predictions: C:\Users\DREAMUSER\Documents\NSE Volatility Project\NSE_Volatility_Project\results\forecasts\SEPLAT_predictions.csv
2026-04-27 18:42:05,080 | INFO | [OK] Best: Ridge, RMSE: 0.099766, MAPE: 24.10%
2026-04-27 18:42:05,082 | INFO | 
============================================================
2026-04-27 18:42:05,082 | INFO | Processing: AIRTEL
2026-04-27 18:42:05,083 | INFO | ============================================================
2026-04-27 18:42:05,083 | INFO | [1/6] Loading raw data...
2026-04-27 18:42:05,084 | INFO | [WAIT] Loading AIRTEL from C:\Users\DREAMUSER\Documents\NSE Volatility Project\NSE_Volatility_Project\data\raw\AIRTEL.csv
2026-04-27 18:42:05,084 | INFO |    Trying encoding: utf-8
2026-04-27 18:42:05,103 | INFO |    Read 1530 rows with 7 columns using utf-8
2026-04-27 18:42:05,104 | INFO |    Original columns: ['Date', 'Price', 'Open', 'High', 'Low', 'Vol.', 'Change %']
2026-04-27 18:42:05,104 | INFO |    Cleaned columns: ['Date', 'Price', 'Open', 'High', 'Low', 'Vol.', 'Change %']
2026-04-27 18:42:05,121 | INFO |    First few rows:
         Date     Price      Open      High       Low   Vol. Change %
0  03/27/2026  2,497.00  2,497.00  2,746.70  2,497.00  0.42K    0.00%
1  03/26/2026  2,497.00  2,497.00  2,497.00  2,497.00    NaN    0.00%
2026-04-27 18:42:05,121 | INFO |    Column map: {'date': 'Date', 'price': 'Price', 'open': 'Open', 'high': 'High', 'low': 'Low', 'vol.': 'Vol.', 'change_%': 'Change %'}
2026-04-27 18:42:05,121 | INFO |    Matched columns: {'Price': 'Price', 'Open': 'Open', 'High': 'High', 'Low': 'Low'}
2026-04-27 18:42:05,188 | INFO |    Final DataFrame: 482 rows, columns: ['Date', 'Price', 'Open', 'High', 'Low', 'Volume']
2026-04-27 18:42:05,188 | INFO | [OK] Loaded 482 rows
2026-04-27 18:42:05,189 | INFO |    Loaded 482 rows, columns: ['Date', 'Price', 'Open', 'High', 'Low', 'Volume']
2026-04-27 18:42:05,190 | INFO | [2/6] Engineering features...
2026-04-27 18:42:05,292 | INFO |    Created 147 rows with 48 features
2026-04-27 18:42:05,292 | INFO | [3/6] Saving processed data...
2026-04-27 18:42:05,312 | INFO |    Saved: C:\Users\DREAMUSER\Documents\NSE Volatility Project\NSE_Volatility_Project\data\processed\AIRTEL_features.csv
2026-04-27 18:42:05,313 | INFO | [4/6] Preparing ML dataset...
2026-04-27 18:42:05,320 | INFO | [5/6] Training ML models...
2026-04-27 18:42:05,737 | INFO |    Random Forest: RMSE=0.050599
2026-04-27 18:42:05,746 | INFO |    Ridge: RMSE=0.097376
2026-04-27 18:42:05,854 | INFO |    XGBoost: RMSE=0.107524
2026-04-27 18:42:05,855 | INFO | [6/6] Evaluating and saving results...
2026-04-27 18:42:05,875 | INFO |    Saved comparison: C:\Users\DREAMUSER\Documents\NSE Volatility Project\NSE_Volatility_Project\results\tables\AIRTEL_model_comparison.csv
2026-04-27 18:42:05,885 | INFO |    Saved predictions: C:\Users\DREAMUSER\Documents\NSE Volatility Project\NSE_Volatility_Project\results\forecasts\AIRTEL_predictions.csv
2026-04-27 18:42:05,886 | INFO | [OK] Best: Random Forest, RMSE: 0.050599, MAPE: 19.82%
2026-04-27 18:42:05,887 | INFO | 
============================================================
2026-04-27 18:42:05,888 | INFO | Processing: INTERBREW
2026-04-27 18:42:05,888 | INFO | ============================================================
2026-04-27 18:42:05,888 | INFO | [1/6] Loading raw data...
2026-04-27 18:42:05,889 | INFO | [WAIT] Loading INTERBREW from C:\Users\DREAMUSER\Documents\NSE Volatility Project\NSE_Volatility_Project\data\raw\INTERBREW.csv
2026-04-27 18:42:05,889 | INFO |    Trying encoding: utf-8
2026-04-27 18:42:05,902 | INFO |    Read 1545 rows with 7 columns using utf-8
2026-04-27 18:42:05,904 | INFO |    Original columns: ['Date', 'Price', 'Open', 'High', 'Low', 'Vol.', 'Change %']
2026-04-27 18:42:05,904 | INFO |    Cleaned columns: ['Date', 'Price', 'Open', 'High', 'Low', 'Vol.', 'Change %']
2026-04-27 18:42:05,919 | INFO |    First few rows:
         Date  Price  Open  High    Low   Vol. Change %
0  03/27/2026   13.9  14.4  14.7  13.15  1.69M   -3.47%
1  03/26/2026   14.4  14.4  14.4  14.40  1.78M    0.00%
2026-04-27 18:42:05,920 | INFO |    Column map: {'date': 'Date', 'price': 'Price', 'open': 'Open', 'high': 'High', 'low': 'Low', 'vol.': 'Vol.', 'change_%': 'Change %'}
2026-04-27 18:42:05,920 | INFO |    Matched columns: {'Price': 'Price', 'Open': 'Open', 'High': 'High', 'Low': 'Low'}
2026-04-27 18:42:05,980 | INFO |    Final DataFrame: 1545 rows, columns: ['Date', 'Price', 'Open', 'High', 'Low', 'Volume']
2026-04-27 18:42:05,980 | INFO | [OK] Loaded 1545 rows
2026-04-27 18:42:05,981 | INFO |    Loaded 1545 rows, columns: ['Date', 'Price', 'Open', 'High', 'Low', 'Volume']
2026-04-27 18:42:05,981 | INFO | [2/6] Engineering features...
2026-04-27 18:42:06,072 | INFO |    Created 1286 rows with 48 features
2026-04-27 18:42:06,073 | INFO | [3/6] Saving processed data...
2026-04-27 18:42:06,199 | INFO |    Saved: C:\Users\DREAMUSER\Documents\NSE Volatility Project\NSE_Volatility_Project\data\processed\INTERBREW_features.csv
2026-04-27 18:42:06,200 | INFO | [4/6] Preparing ML dataset...
2026-04-27 18:42:06,206 | INFO | [5/6] Training ML models...
2026-04-27 18:42:07,566 | INFO |    Random Forest: RMSE=0.048432
2026-04-27 18:42:07,576 | INFO |    Ridge: RMSE=0.054270
2026-04-27 18:42:08,716 | INFO |    XGBoost: RMSE=0.053817
2026-04-27 18:42:08,716 | INFO | [6/6] Evaluating and saving results...
2026-04-27 18:42:08,732 | INFO |    Saved comparison: C:\Users\DREAMUSER\Documents\NSE Volatility Project\NSE_Volatility_Project\results\tables\INTERBREW_model_comparison.csv
2026-04-27 18:42:08,745 | INFO |    Saved predictions: C:\Users\DREAMUSER\Documents\NSE Volatility Project\NSE_Volatility_Project\results\forecasts\INTERBREW_predictions.csv
2026-04-27 18:42:08,747 | INFO | [OK] Best: Random Forest, RMSE: 0.048432, MAPE: 5.91%
2026-04-27 18:42:08,752 | INFO | 
============================================================
2026-04-27 18:42:08,753 | INFO | Processing: FIRSTHOLDCO
2026-04-27 18:42:08,756 | INFO | ============================================================
2026-04-27 18:42:08,756 | INFO | [1/6] Loading raw data...
2026-04-27 18:42:08,757 | INFO | [WAIT] Loading FIRSTHOLDCO from C:\Users\DREAMUSER\Documents\NSE Volatility Project\NSE_Volatility_Project\data\raw\FIRSTHOLDCO.csv
2026-04-27 18:42:08,758 | INFO |    Trying encoding: utf-8
2026-04-27 18:42:08,776 | INFO |    Read 1544 rows with 7 columns using utf-8
2026-04-27 18:42:08,779 | INFO |    Original columns: ['Date', 'Price', 'Open', 'High', 'Low', 'Vol.', 'Change %']
2026-04-27 18:42:08,780 | INFO |    Cleaned columns: ['Date', 'Price', 'Open', 'High', 'Low', 'Vol.', 'Change %']
2026-04-27 18:42:08,793 | INFO |    First few rows:
         Date  Price  Open  High    Low   Vol. Change %
0  03/27/2026   50.5  50.5  51.8  50.45  5.47M   -0.98%
1  03/26/2026   51.0  51.0  51.5  50.90  7.24M    0.10%
2026-04-27 18:42:08,793 | INFO |    Column map: {'date': 'Date', 'price': 'Price', 'open': 'Open', 'high': 'High', 'low': 'Low', 'vol.': 'Vol.', 'change_%': 'Change %'}
2026-04-27 18:42:08,793 | INFO |    Matched columns: {'Price': 'Price', 'Open': 'Open', 'High': 'High', 'Low': 'Low'}
2026-04-27 18:42:08,843 | INFO |    Final DataFrame: 1544 rows, columns: ['Date', 'Price', 'Open', 'High', 'Low', 'Volume']
2026-04-27 18:42:08,843 | INFO | [OK] Loaded 1544 rows
2026-04-27 18:42:08,844 | INFO |    Loaded 1544 rows, columns: ['Date', 'Price', 'Open', 'High', 'Low', 'Volume']
2026-04-27 18:42:08,844 | INFO | [2/6] Engineering features...
2026-04-27 18:42:08,928 | INFO |    Created 1291 rows with 48 features
2026-04-27 18:42:08,929 | INFO | [3/6] Saving processed data...
2026-04-27 18:42:09,065 | INFO |    Saved: C:\Users\DREAMUSER\Documents\NSE Volatility Project\NSE_Volatility_Project\data\processed\FIRSTHOLDCO_features.csv
2026-04-27 18:42:09,065 | INFO | [4/6] Preparing ML dataset...
2026-04-27 18:42:09,071 | INFO | [5/6] Training ML models...
2026-04-27 18:42:10,260 | INFO |    Random Forest: RMSE=0.038172
2026-04-27 18:42:10,270 | INFO |    Ridge: RMSE=0.035007
2026-04-27 18:42:11,136 | INFO |    XGBoost: RMSE=0.044363
2026-04-27 18:42:11,137 | INFO | [6/6] Evaluating and saving results...
2026-04-27 18:42:11,157 | INFO |    Saved comparison: C:\Users\DREAMUSER\Documents\NSE Volatility Project\NSE_Volatility_Project\results\tables\FIRSTHOLDCO_model_comparison.csv
2026-04-27 18:42:11,172 | INFO |    Saved predictions: C:\Users\DREAMUSER\Documents\NSE Volatility Project\NSE_Volatility_Project\results\forecasts\FIRSTHOLDCO_predictions.csv
2026-04-27 18:42:11,174 | INFO | [OK] Best: Ridge, RMSE: 0.035007, MAPE: 6.56%
2026-04-27 18:42:11,179 | INFO | 
============================================================
2026-04-27 18:42:11,181 | INFO | Processing: ETI
2026-04-27 18:42:11,182 | INFO | ============================================================
2026-04-27 18:42:11,182 | INFO | [1/6] Loading raw data...
2026-04-27 18:42:11,184 | INFO | [WAIT] Loading ETI from C:\Users\DREAMUSER\Documents\NSE Volatility Project\NSE_Volatility_Project\data\raw\ETI.csv
2026-04-27 18:42:11,185 | INFO |    Trying encoding: utf-8
2026-04-27 18:42:11,207 | INFO |    Read 1545 rows with 7 columns using utf-8
2026-04-27 18:42:11,209 | INFO |    Original columns: ['Date', 'Price', 'Open', 'High', 'Low', 'Vol.', 'Change %']
2026-04-27 18:42:11,210 | INFO |    Cleaned columns: ['Date', 'Price', 'Open', 'High', 'Low', 'Vol.', 'Change %']
2026-04-27 18:42:11,223 | INFO |    First few rows:
         Date  Price  Open  High   Low     Vol. Change %
0  03/27/2026   46.0  47.0  48.0  44.6  218.71K    0.00%
1  03/26/2026   46.0  46.0  46.0  46.0  345.80K    0.00%
2026-04-27 18:42:11,223 | INFO |    Column map: {'date': 'Date', 'price': 'Price', 'open': 'Open', 'high': 'High', 'low': 'Low', 'vol.': 'Vol.', 'change_%': 'Change %'}
2026-04-27 18:42:11,224 | INFO |    Matched columns: {'Price': 'Price', 'Open': 'Open', 'High': 'High', 'Low': 'Low'}
2026-04-27 18:42:11,258 | INFO |    Final DataFrame: 1545 rows, columns: ['Date', 'Price', 'Open', 'High', 'Low', 'Volume']
2026-04-27 18:42:11,258 | INFO | [OK] Loaded 1545 rows
2026-04-27 18:42:11,259 | INFO |    Loaded 1545 rows, columns: ['Date', 'Price', 'Open', 'High', 'Low', 'Volume']
2026-04-27 18:42:11,259 | INFO | [2/6] Engineering features...
2026-04-27 18:42:11,323 | INFO |    Created 1264 rows with 48 features
2026-04-27 18:42:11,323 | INFO | [3/6] Saving processed data...
2026-04-27 18:42:11,439 | INFO |    Saved: C:\Users\DREAMUSER\Documents\NSE Volatility Project\NSE_Volatility_Project\data\processed\ETI_features.csv
2026-04-27 18:42:11,440 | INFO | [4/6] Preparing ML dataset...
2026-04-27 18:42:11,446 | INFO | [5/6] Training ML models...
2026-04-27 18:42:12,536 | INFO |    Random Forest: RMSE=0.060695
2026-04-27 18:42:12,542 | INFO |    Ridge: RMSE=0.044792
2026-04-27 18:42:13,301 | INFO |    XGBoost: RMSE=0.088833
2026-04-27 18:42:13,301 | INFO | [6/6] Evaluating and saving results...
2026-04-27 18:42:13,320 | INFO |    Saved comparison: C:\Users\DREAMUSER\Documents\NSE Volatility Project\NSE_Volatility_Project\results\tables\ETI_model_comparison.csv
2026-04-27 18:42:13,334 | INFO |    Saved predictions: C:\Users\DREAMUSER\Documents\NSE Volatility Project\NSE_Volatility_Project\results\forecasts\ETI_predictions.csv
2026-04-27 18:42:13,336 | INFO | [OK] Best: Ridge, RMSE: 0.044792, MAPE: 7.64%
2026-04-27 18:42:13,338 | INFO | 
============================================================
2026-04-27 18:42:13,339 | INFO | Processing: ZENITH
2026-04-27 18:42:13,339 | INFO | ============================================================
2026-04-27 18:42:13,339 | INFO | [1/6] Loading raw data...
2026-04-27 18:42:13,340 | INFO | [WAIT] Loading ZENITH from C:\Users\DREAMUSER\Documents\NSE Volatility Project\NSE_Volatility_Project\data\raw\ZENITH.csv
2026-04-27 18:42:13,340 | INFO |    Trying encoding: utf-8
2026-04-27 18:42:13,360 | INFO |    Read 1546 rows with 7 columns using utf-8
2026-04-27 18:42:13,362 | INFO |    Original columns: ['Date', 'Price', 'Open', 'High', 'Low', 'Vol.', 'Change %']
2026-04-27 18:42:13,363 | INFO |    Cleaned columns: ['Date', 'Price', 'Open', 'High', 'Low', 'Vol.', 'Change %']
2026-04-27 18:42:13,380 | INFO |    First few rows:
         Date   Price    Open    High    Low    Vol. Change %
0  03/27/2026  103.00  103.05  105.00  102.5  13.81M   -0.05%
1  03/26/2026  103.05  101.50  104.45  103.0  17.08M    1.53%
2026-04-27 18:42:13,381 | INFO |    Column map: {'date': 'Date', 'price': 'Price', 'open': 'Open', 'high': 'High', 'low': 'Low', 'vol.': 'Vol.', 'change_%': 'Change %'}
2026-04-27 18:42:13,381 | INFO |    Matched columns: {'Price': 'Price', 'Open': 'Open', 'High': 'High', 'Low': 'Low'}
2026-04-27 18:42:13,413 | INFO |    Final DataFrame: 1546 rows, columns: ['Date', 'Price', 'Open', 'High', 'Low', 'Volume']
2026-04-27 18:42:13,413 | INFO | [OK] Loaded 1546 rows
2026-04-27 18:42:13,413 | INFO |    Loaded 1546 rows, columns: ['Date', 'Price', 'Open', 'High', 'Low', 'Volume']
2026-04-27 18:42:13,414 | INFO | [2/6] Engineering features...
2026-04-27 18:42:13,482 | INFO |    Created 1293 rows with 48 features
2026-04-27 18:42:13,482 | INFO | [3/6] Saving processed data...
2026-04-27 18:42:13,600 | INFO |    Saved: C:\Users\DREAMUSER\Documents\NSE Volatility Project\NSE_Volatility_Project\data\processed\ZENITH_features.csv
2026-04-27 18:42:13,601 | INFO | [4/6] Preparing ML dataset...
2026-04-27 18:42:13,607 | INFO | [5/6] Training ML models...
2026-04-27 18:42:14,715 | INFO |    Random Forest: RMSE=0.044324
2026-04-27 18:42:14,722 | INFO |    Ridge: RMSE=0.041887
2026-04-27 18:42:15,489 | INFO |    XGBoost: RMSE=0.051313
2026-04-27 18:42:15,490 | INFO | [6/6] Evaluating and saving results...
2026-04-27 18:42:15,509 | INFO |    Saved comparison: C:\Users\DREAMUSER\Documents\NSE Volatility Project\NSE_Volatility_Project\results\tables\ZENITH_model_comparison.csv
2026-04-27 18:42:15,520 | INFO |    Saved predictions: C:\Users\DREAMUSER\Documents\NSE Volatility Project\NSE_Volatility_Project\results\forecasts\ZENITH_predictions.csv
2026-04-27 18:42:15,521 | INFO | [OK] Best: Ridge, RMSE: 0.041887, MAPE: 7.10%
2026-04-27 18:42:15,524 | INFO | 
============================================================
2026-04-27 18:42:15,525 | INFO | Processing: CWG
2026-04-27 18:42:15,527 | INFO | ============================================================
2026-04-27 18:42:15,528 | INFO | [1/6] Loading raw data...
2026-04-27 18:42:15,529 | INFO | [WAIT] Loading CWG from C:\Users\DREAMUSER\Documents\NSE Volatility Project\NSE_Volatility_Project\data\raw\CWG.csv
2026-04-27 18:42:15,530 | INFO |    Trying encoding: utf-8
2026-04-27 18:42:15,547 | INFO |    Read 1107 rows with 7 columns using utf-8
2026-04-27 18:42:15,549 | INFO |    Original columns: ['Date', 'Price', 'Open', 'High', 'Low', 'Vol.', 'Change %']
2026-04-27 18:42:15,550 | INFO |    Cleaned columns: ['Date', 'Price', 'Open', 'High', 'Low', 'Vol.', 'Change %']
2026-04-27 18:42:15,564 | INFO |    First few rows:
         Date  Price  Open  High    Low   Vol. Change %
0  03/27/2026   22.0  22.9  22.0  22.00  1.42M   -3.93%
1  03/26/2026   22.9  21.7  22.9  22.45  2.58M    5.53%
2026-04-27 18:42:15,564 | INFO |    Column map: {'date': 'Date', 'price': 'Price', 'open': 'Open', 'high': 'High', 'low': 'Low', 'vol.': 'Vol.', 'change_%': 'Change %'}
2026-04-27 18:42:15,566 | INFO |    Matched columns: {'Price': 'Price', 'Open': 'Open', 'High': 'High', 'Low': 'Low'}
2026-04-27 18:42:15,602 | INFO |    Final DataFrame: 1107 rows, columns: ['Date', 'Price', 'Open', 'High', 'Low', 'Volume']
2026-04-27 18:42:15,602 | INFO | [OK] Loaded 1107 rows
2026-04-27 18:42:15,603 | INFO |    Loaded 1107 rows, columns: ['Date', 'Price', 'Open', 'High', 'Low', 'Volume']
2026-04-27 18:42:15,603 | INFO | [2/6] Engineering features...
2026-04-27 18:42:15,666 | INFO |    Created 854 rows with 48 features
2026-04-27 18:42:15,666 | INFO | [3/6] Saving processed data...
2026-04-27 18:42:15,753 | INFO |    Saved: C:\Users\DREAMUSER\Documents\NSE Volatility Project\NSE_Volatility_Project\data\processed\CWG_features.csv
2026-04-27 18:42:15,754 | INFO | [4/6] Preparing ML dataset...
2026-04-27 18:42:15,760 | INFO | [5/6] Training ML models...
2026-04-27 18:42:16,673 | INFO |    Random Forest: RMSE=0.046030
2026-04-27 18:42:16,678 | INFO |    Ridge: RMSE=0.034274
2026-04-27 18:42:17,403 | INFO |    XGBoost: RMSE=0.082253
2026-04-27 18:42:17,404 | INFO | [6/6] Evaluating and saving results...
2026-04-27 18:42:17,424 | INFO |    Saved comparison: C:\Users\DREAMUSER\Documents\NSE Volatility Project\NSE_Volatility_Project\results\tables\CWG_model_comparison.csv
2026-04-27 18:42:17,436 | INFO |    Saved predictions: C:\Users\DREAMUSER\Documents\NSE Volatility Project\NSE_Volatility_Project\results\forecasts\CWG_predictions.csv
2026-04-27 18:42:17,437 | INFO | [OK] Best: Ridge, RMSE: 0.034274, MAPE: 4.90%
2026-04-27 18:42:17,441 | INFO | 
============================================================
2026-04-27 18:42:17,441 | INFO | Processing: NESTLE
2026-04-27 18:42:17,442 | INFO | ============================================================
2026-04-27 18:42:17,442 | INFO | [1/6] Loading raw data...
2026-04-27 18:42:17,445 | INFO | [WAIT] Loading NESTLE from C:\Users\DREAMUSER\Documents\NSE Volatility Project\NSE_Volatility_Project\data\raw\NESTLE.csv
2026-04-27 18:42:17,447 | INFO |    Trying encoding: utf-8
2026-04-27 18:42:17,469 | INFO |    Read 1545 rows with 7 columns using utf-8
2026-04-27 18:42:17,471 | INFO |    Original columns: ['Date', 'Price', 'Open', 'High', 'Low', 'Vol.', 'Change %']
2026-04-27 18:42:17,472 | INFO |    Cleaned columns: ['Date', 'Price', 'Open', 'High', 'Low', 'Vol.', 'Change %']
2026-04-27 18:42:17,485 | INFO |    First few rows:
         Date     Price      Open      High       Low    Vol. Change %
0  03/27/2026  3,395.00  3,395.00  3,395.00  3,395.00  66.01K    0.00%
1  03/26/2026  3,395.00  3,395.00  3,395.00  3,395.00  25.42K    0.00%
2026-04-27 18:42:17,485 | INFO |    Column map: {'date': 'Date', 'price': 'Price', 'open': 'Open', 'high': 'High', 'low': 'Low', 'vol.': 'Vol.', 'change_%': 'Change %'}
2026-04-27 18:42:17,486 | INFO |    Matched columns: {'Price': 'Price', 'Open': 'Open', 'High': 'High', 'Low': 'Low'}
2026-04-27 18:42:17,531 | INFO |    Final DataFrame: 346 rows, columns: ['Date', 'Price', 'Open', 'High', 'Low', 'Volume']
2026-04-27 18:42:17,532 | INFO | [OK] Loaded 346 rows
2026-04-27 18:42:17,533 | INFO |    Loaded 346 rows, columns: ['Date', 'Price', 'Open', 'High', 'Low', 'Volume']
2026-04-27 18:42:17,533 | INFO | [2/6] Engineering features...
2026-04-27 18:42:17,597 | INFO |    Created 53 rows with 48 features
2026-04-27 18:42:17,597 | INFO | [3/6] Saving processed data...
2026-04-27 18:42:17,604 | INFO |    Saved: C:\Users\DREAMUSER\Documents\NSE Volatility Project\NSE_Volatility_Project\data\processed\NESTLE_features.csv
2026-04-27 18:42:17,605 | INFO | [4/6] Preparing ML dataset...
2026-04-27 18:42:17,613 | INFO | [5/6] Training ML models...
2026-04-27 18:42:17,960 | INFO |    Random Forest: RMSE=0.059516
2026-04-27 18:42:17,967 | INFO |    Ridge: RMSE=0.010270
2026-04-27 18:42:18,038 | INFO |    XGBoost: RMSE=0.134238
2026-04-27 18:42:18,039 | INFO | [6/6] Evaluating and saving results...
2026-04-27 18:42:18,057 | INFO |    Saved comparison: C:\Users\DREAMUSER\Documents\NSE Volatility Project\NSE_Volatility_Project\results\tables\NESTLE_model_comparison.csv
2026-04-27 18:42:18,066 | INFO |    Saved predictions: C:\Users\DREAMUSER\Documents\NSE Volatility Project\NSE_Volatility_Project\results\forecasts\NESTLE_predictions.csv
2026-04-27 18:42:18,068 | INFO | [OK] Best: Ridge, RMSE: 0.010270, MAPE: 2.88%
2026-04-27 18:42:18,070 | INFO | 
============================================================
2026-04-27 18:42:18,072 | INFO | Processing: NB
2026-04-27 18:42:18,072 | INFO | ============================================================
2026-04-27 18:42:18,073 | INFO | [1/6] Loading raw data...
2026-04-27 18:42:18,073 | INFO | [WAIT] Loading NB from C:\Users\DREAMUSER\Documents\NSE Volatility Project\NSE_Volatility_Project\data\raw\NB.csv
2026-04-27 18:42:18,074 | INFO |    Trying encoding: utf-8
2026-04-27 18:42:18,087 | INFO |    Read 1545 rows with 7 columns using utf-8
2026-04-27 18:42:18,089 | INFO |    Original columns: ['Date', 'Price', 'Open', 'High', 'Low', 'Vol.', 'Change %']
2026-04-27 18:42:18,089 | INFO |    Cleaned columns: ['Date', 'Price', 'Open', 'High', 'Low', 'Vol.', 'Change %']
2026-04-27 18:42:18,104 | INFO |    First few rows:
         Date  Price   Open  High   Low    Vol. Change %
0  03/27/2026   71.0  73.30  71.0  70.7  19.20M   -3.14%
1  03/26/2026   73.3  71.95  74.0  73.3   4.86M    1.88%
2026-04-27 18:42:18,104 | INFO |    Column map: {'date': 'Date', 'price': 'Price', 'open': 'Open', 'high': 'High', 'low': 'Low', 'vol.': 'Vol.', 'change_%': 'Change %'}
2026-04-27 18:42:18,105 | INFO |    Matched columns: {'Price': 'Price', 'Open': 'Open', 'High': 'High', 'Low': 'Low'}
2026-04-27 18:42:18,149 | INFO |    Final DataFrame: 1545 rows, columns: ['Date', 'Price', 'Open', 'High', 'Low', 'Volume']
2026-04-27 18:42:18,150 | INFO | [OK] Loaded 1545 rows
2026-04-27 18:42:18,150 | INFO |    Loaded 1545 rows, columns: ['Date', 'Price', 'Open', 'High', 'Low', 'Volume']
2026-04-27 18:42:18,150 | INFO | [2/6] Engineering features...
2026-04-27 18:42:18,213 | INFO |    Created 1281 rows with 48 features
2026-04-27 18:42:18,214 | INFO | [3/6] Saving processed data...
2026-04-27 18:42:18,312 | INFO |    Saved: C:\Users\DREAMUSER\Documents\NSE Volatility Project\NSE_Volatility_Project\data\processed\NB_features.csv
2026-04-27 18:42:18,313 | INFO | [4/6] Preparing ML dataset...
2026-04-27 18:42:18,318 | INFO | [5/6] Training ML models...
2026-04-27 18:42:19,490 | INFO |    Random Forest: RMSE=0.042388
2026-04-27 18:42:19,507 | INFO |    Ridge: RMSE=0.036470
2026-04-27 18:42:20,308 | INFO |    XGBoost: RMSE=0.051644
2026-04-27 18:42:20,308 | INFO | [6/6] Evaluating and saving results...
2026-04-27 18:42:20,329 | INFO |    Saved comparison: C:\Users\DREAMUSER\Documents\NSE Volatility Project\NSE_Volatility_Project\results\tables\NB_model_comparison.csv
2026-04-27 18:42:20,342 | INFO |    Saved predictions: C:\Users\DREAMUSER\Documents\NSE Volatility Project\NSE_Volatility_Project\results\forecasts\NB_predictions.csv
2026-04-27 18:42:20,346 | INFO | [OK] Best: Ridge, RMSE: 0.036470, MAPE: 6.85%
2026-04-27 18:42:20,350 | INFO | 
============================================================
2026-04-27 18:42:20,350 | INFO | Processing: ACCESS
2026-04-27 18:42:20,350 | INFO | ============================================================
2026-04-27 18:42:20,351 | INFO | [1/6] Loading raw data...
2026-04-27 18:42:20,351 | INFO | [WAIT] Loading ACCESS from C:\Users\DREAMUSER\Documents\NSE Volatility Project\NSE_Volatility_Project\data\raw\ACCESS.csv
2026-04-27 18:42:20,352 | INFO |    Trying encoding: utf-8
2026-04-27 18:42:20,370 | INFO |    Read 988 rows with 7 columns using utf-8
2026-04-27 18:42:20,371 | INFO |    Original columns: ['Date', 'Price', 'Open', 'High', 'Low', 'Vol.', 'Change %']
2026-04-27 18:42:20,372 | INFO |    Cleaned columns: ['Date', 'Price', 'Open', 'High', 'Low', 'Vol.', 'Change %']
2026-04-27 18:42:20,387 | INFO |    First few rows:
         Date  Price   Open   High    Low     Vol. Change %
0  03/27/2026   26.0  26.00  26.10  25.85   29.43M    0.00%
1  03/26/2026   26.0  26.05  26.05  25.80  134.59M   -0.19%
2026-04-27 18:42:20,387 | INFO |    Column map: {'date': 'Date', 'price': 'Price', 'open': 'Open', 'high': 'High', 'low': 'Low', 'vol.': 'Vol.', 'change_%': 'Change %'}
2026-04-27 18:42:20,387 | INFO |    Matched columns: {'Price': 'Price', 'Open': 'Open', 'High': 'High', 'Low': 'Low'}
2026-04-27 18:42:20,426 | INFO |    Final DataFrame: 988 rows, columns: ['Date', 'Price', 'Open', 'High', 'Low', 'Volume']
2026-04-27 18:42:20,427 | INFO | [OK] Loaded 988 rows
2026-04-27 18:42:20,428 | INFO |    Loaded 988 rows, columns: ['Date', 'Price', 'Open', 'High', 'Low', 'Volume']
2026-04-27 18:42:20,429 | INFO | [2/6] Engineering features...
2026-04-27 18:42:20,491 | INFO |    Created 735 rows with 48 features
2026-04-27 18:42:20,492 | INFO | [3/6] Saving processed data...
2026-04-27 18:42:20,560 | INFO |    Saved: C:\Users\DREAMUSER\Documents\NSE Volatility Project\NSE_Volatility_Project\data\processed\ACCESS_features.csv
2026-04-27 18:42:20,561 | INFO | [4/6] Preparing ML dataset...
2026-04-27 18:42:20,568 | INFO | [5/6] Training ML models...
2026-04-27 18:42:21,385 | INFO |    Random Forest: RMSE=0.037970
2026-04-27 18:42:21,402 | INFO |    Ridge: RMSE=0.032037
2026-04-27 18:42:21,976 | INFO |    XGBoost: RMSE=0.040395
2026-04-27 18:42:21,977 | INFO | [6/6] Evaluating and saving results...
2026-04-27 18:42:21,997 | INFO |    Saved comparison: C:\Users\DREAMUSER\Documents\NSE Volatility Project\NSE_Volatility_Project\results\tables\ACCESS_model_comparison.csv
2026-04-27 18:42:22,010 | INFO |    Saved predictions: C:\Users\DREAMUSER\Documents\NSE Volatility Project\NSE_Volatility_Project\results\forecasts\ACCESS_predictions.csv
2026-04-27 18:42:22,011 | INFO | [OK] Best: Ridge, RMSE: 0.032037, MAPE: 5.62%
2026-04-27 18:42:22,014 | INFO | 
============================================================
2026-04-27 18:42:22,015 | INFO | Processing: WAPCO
2026-04-27 18:42:22,015 | INFO | ============================================================
2026-04-27 18:42:22,015 | INFO | [1/6] Loading raw data...
2026-04-27 18:42:22,016 | INFO | [WAIT] Loading WAPCO from C:\Users\DREAMUSER\Documents\NSE Volatility Project\NSE_Volatility_Project\data\raw\WAPCO.csv
2026-04-27 18:42:22,016 | INFO |    Trying encoding: utf-8
2026-04-27 18:42:22,033 | INFO |    Read 1545 rows with 7 columns using utf-8
2026-04-27 18:42:22,036 | INFO |    Original columns: ['Date', 'Price', 'Open', 'High', 'Low', 'Vol.', 'Change %']
2026-04-27 18:42:22,037 | INFO |    Cleaned columns: ['Date', 'Price', 'Open', 'High', 'Low', 'Vol.', 'Change %']
2026-04-27 18:42:22,053 | INFO |    First few rows:
         Date  Price   Open   High    Low   Vol. Change %
0  03/27/2026  224.0  224.0  224.0  215.0  2.37M    0.00%
1  03/26/2026  224.0  227.5  224.0  224.0  5.98M   -1.54%
2026-04-27 18:42:22,053 | INFO |    Column map: {'date': 'Date', 'price': 'Price', 'open': 'Open', 'high': 'High', 'low': 'Low', 'vol.': 'Vol.', 'change_%': 'Change %'}
2026-04-27 18:42:22,054 | INFO |    Matched columns: {'Price': 'Price', 'Open': 'Open', 'High': 'High', 'Low': 'Low'}
2026-04-27 18:42:22,085 | INFO |    Final DataFrame: 1545 rows, columns: ['Date', 'Price', 'Open', 'High', 'Low', 'Volume']
2026-04-27 18:42:22,086 | INFO | [OK] Loaded 1545 rows
2026-04-27 18:42:22,086 | INFO |    Loaded 1545 rows, columns: ['Date', 'Price', 'Open', 'High', 'Low', 'Volume']
2026-04-27 18:42:22,086 | INFO | [2/6] Engineering features...
2026-04-27 18:42:22,150 | INFO |    Created 1291 rows with 48 features
2026-04-27 18:42:22,151 | INFO | [3/6] Saving processed data...
2026-04-27 18:42:22,269 | INFO |    Saved: C:\Users\DREAMUSER\Documents\NSE Volatility Project\NSE_Volatility_Project\data\processed\WAPCO_features.csv
2026-04-27 18:42:22,270 | INFO | [4/6] Preparing ML dataset...
2026-04-27 18:42:22,275 | INFO | [5/6] Training ML models...
2026-04-27 18:42:23,657 | INFO |    Random Forest: RMSE=0.038853
2026-04-27 18:42:23,668 | INFO |    Ridge: RMSE=0.043650
2026-04-27 18:42:24,507 | INFO |    XGBoost: RMSE=0.055284
2026-04-27 18:42:24,508 | INFO | [6/6] Evaluating and saving results...
2026-04-27 18:42:24,526 | INFO |    Saved comparison: C:\Users\DREAMUSER\Documents\NSE Volatility Project\NSE_Volatility_Project\results\tables\WAPCO_model_comparison.csv
2026-04-27 18:42:24,541 | INFO |    Saved predictions: C:\Users\DREAMUSER\Documents\NSE Volatility Project\NSE_Volatility_Project\results\forecasts\WAPCO_predictions.csv
2026-04-27 18:42:24,542 | INFO | [OK] Best: Random Forest, RMSE: 0.038853, MAPE: 10.83%
2026-04-27 18:42:24,554 | INFO | 
[OK] Reports saved to C:\Users\DREAMUSER\Documents\NSE Volatility Project\NSE_Volatility_Project\results\tables
2026-04-27 18:42:24,558 | INFO | 
======================================================================
2026-04-27 18:42:24,558 | INFO | PIPELINE COMPLETE
2026-04-27 18:42:24,559 | INFO | Success: 15/15 stocks
2026-04-27 18:42:24,559 | INFO | Time: 0.5 minutes
2026-04-27 18:42:24,561 | INFO | ======================================================================
2026-04-27 18:42:24,561 | INFO | Dashboard-compatible files created:
2026-04-27 18:42:24,561 | INFO |    - data/processed/{stock}_features.csv
2026-04-27 18:42:24,562 | INFO |    - results/tables/{stock}_model_comparison.csv
2026-04-27 18:42:24,563 | INFO |    - results/forecasts/{stock}_predictions.csv
2026-04-27 18:42:24,564 | INFO | 
Run: streamlit run app.py
2026-04-27 18:42:24,564 | INFO | ======================================================================
2026-04-28 09:16:02,660 | INFO | 
======================================================================
2026-04-28 09:16:02,661 | INFO | NSE STOCK VOLATILITY PREDICTION PIPELINE
2026-04-28 09:16:02,662 | INFO | Started: 2026-04-28 09:16:02
2026-04-28 09:16:02,662 | INFO | ======================================================================
2026-04-28 09:16:02,667 | INFO | [OK] Found 15 stocks to process
2026-04-28 09:16:02,667 | INFO | 
============================================================
2026-04-28 09:16:02,667 | INFO | Processing: DANGCEM
2026-04-28 09:16:02,668 | INFO | ============================================================
2026-04-28 09:16:02,668 | INFO | [1/6] Loading raw data...
2026-04-28 09:16:02,669 | INFO | [WAIT] Loading DANGCEM from C:\Users\DREAMUSER\Documents\NSE Volatility Project\NSE_Volatility_Project\data\raw\DANGCEM.csv
2026-04-28 09:16:02,669 | INFO |    Trying encoding: utf-8
2026-04-28 09:16:02,745 | INFO |    Read 1545 rows with 7 columns using utf-8
2026-04-28 09:16:02,746 | INFO |    Original columns: ['Date', 'Price', 'Open', 'High', 'Low', 'Vol.', 'Change %']
2026-04-28 09:16:02,747 | INFO |    Cleaned columns: ['Date', 'Price', 'Open', 'High', 'Low', 'Vol.', 'Change %']
2026-04-28 09:16:02,762 | INFO |    First few rows:
        Date  Price   Open   High    Low     Vol. Change %
0  3/27/2026  810.0  810.0  810.0  800.0  857.88K    0.00%
1  3/26/2026  810.0  810.0  810.0  810.0    1.13M    0.00%
2026-04-28 09:16:02,762 | INFO |    Column map: {'date': 'Date', 'price': 'Price', 'open': 'Open', 'high': 'High', 'low': 'Low', 'vol.': 'Vol.', 'change_%': 'Change %'}
2026-04-28 09:16:02,763 | INFO |    Matched columns: {'Price': 'Price', 'Open': 'Open', 'High': 'High', 'Low': 'Low'}
2026-04-28 09:16:02,802 | INFO |    Final DataFrame: 1545 rows, columns: ['Date', 'Price', 'Open', 'High', 'Low', 'Volume']
2026-04-28 09:16:02,803 | INFO | [OK] Loaded 1545 rows
2026-04-28 09:16:02,803 | INFO |    Loaded 1545 rows, columns: ['Date', 'Price', 'Open', 'High', 'Low', 'Volume']
2026-04-28 09:16:02,804 | INFO | [2/6] Engineering features...
2026-04-28 09:16:02,876 | INFO |    Created 946 rows with 48 features
2026-04-28 09:16:02,876 | INFO | [3/6] Saving processed data...
2026-04-28 09:16:02,950 | INFO |    Saved: C:\Users\DREAMUSER\Documents\NSE Volatility Project\NSE_Volatility_Project\data\processed\DANGCEM_features.csv
2026-04-28 09:16:02,951 | INFO | [4/6] Preparing ML dataset...
2026-04-28 09:16:02,956 | INFO | [5/6] Training ML models...
2026-04-28 09:16:03,767 | INFO |    Random Forest: RMSE=0.051811
2026-04-28 09:16:03,781 | INFO |    Ridge: RMSE=0.050804
2026-04-28 09:16:04,532 | INFO |    XGBoost: RMSE=0.054207
2026-04-28 09:16:04,533 | INFO | [6/6] Evaluating and saving results...
2026-04-28 09:16:04,552 | INFO |    Saved comparison: C:\Users\DREAMUSER\Documents\NSE Volatility Project\NSE_Volatility_Project\results\tables\DANGCEM_model_comparison.csv
2026-04-28 09:16:04,563 | INFO |    Saved predictions: C:\Users\DREAMUSER\Documents\NSE Volatility Project\NSE_Volatility_Project\results\forecasts\DANGCEM_predictions.csv
2026-04-28 09:16:04,566 | INFO | [OK] Best: Ridge, RMSE: 0.050804, MAPE: 10.04%
2026-04-28 09:16:04,568 | INFO | 
============================================================
2026-04-28 09:16:04,570 | INFO | Processing: DANGSUG
2026-04-28 09:16:04,571 | INFO | ============================================================
2026-04-28 09:16:04,573 | INFO | [1/6] Loading raw data...
2026-04-28 09:16:04,574 | INFO | [WAIT] Loading DANGSUG from C:\Users\DREAMUSER\Documents\NSE Volatility Project\NSE_Volatility_Project\data\raw\DANGSUG.csv
2026-04-28 09:16:04,574 | INFO |    Trying encoding: utf-8
2026-04-28 09:16:04,629 | INFO |    Read 1545 rows with 7 columns using utf-8
2026-04-28 09:16:04,631 | INFO |    Original columns: ['Date', 'Price', 'Open', 'High', 'Low', 'Vol.', 'Change %']
2026-04-28 09:16:04,631 | INFO |    Cleaned columns: ['Date', 'Price', 'Open', 'High', 'Low', 'Vol.', 'Change %']
2026-04-28 09:16:04,645 | INFO |    First few rows:
         Date  Price  Open  High   Low   Vol. Change %
0  03/27/2026   70.0  71.0  72.0  69.5  3.36M   -1.41%
1  03/26/2026   71.0  71.5  71.0  71.0  1.19M   -0.70%
2026-04-28 09:16:04,646 | INFO |    Column map: {'date': 'Date', 'price': 'Price', 'open': 'Open', 'high': 'High', 'low': 'Low', 'vol.': 'Vol.', 'change_%': 'Change %'}
2026-04-28 09:16:04,646 | INFO |    Matched columns: {'Price': 'Price', 'Open': 'Open', 'High': 'High', 'Low': 'Low'}
2026-04-28 09:16:04,681 | INFO |    Final DataFrame: 1545 rows, columns: ['Date', 'Price', 'Open', 'High', 'Low', 'Volume']
2026-04-28 09:16:04,682 | INFO | [OK] Loaded 1545 rows
2026-04-28 09:16:04,683 | INFO |    Loaded 1545 rows, columns: ['Date', 'Price', 'Open', 'High', 'Low', 'Volume']
2026-04-28 09:16:04,684 | INFO | [2/6] Engineering features...
2026-04-28 09:16:04,779 | INFO |    Created 1285 rows with 48 features
2026-04-28 09:16:04,780 | INFO | [3/6] Saving processed data...
2026-04-28 09:16:04,918 | INFO |    Saved: C:\Users\DREAMUSER\Documents\NSE Volatility Project\NSE_Volatility_Project\data\processed\DANGSUG_features.csv
2026-04-28 09:16:04,919 | INFO | [4/6] Preparing ML dataset...
2026-04-28 09:16:04,926 | INFO | [5/6] Training ML models...
2026-04-28 09:16:06,168 | INFO |    Random Forest: RMSE=0.044077
2026-04-28 09:16:06,179 | INFO |    Ridge: RMSE=0.037098
2026-04-28 09:16:07,027 | INFO |    XGBoost: RMSE=0.047019
2026-04-28 09:16:07,027 | INFO | [6/6] Evaluating and saving results...
2026-04-28 09:16:07,044 | INFO |    Saved comparison: C:\Users\DREAMUSER\Documents\NSE Volatility Project\NSE_Volatility_Project\results\tables\DANGSUG_model_comparison.csv
2026-04-28 09:16:07,056 | INFO |    Saved predictions: C:\Users\DREAMUSER\Documents\NSE Volatility Project\NSE_Volatility_Project\results\forecasts\DANGSUG_predictions.csv
2026-04-28 09:16:07,058 | INFO | [OK] Best: Ridge, RMSE: 0.037098, MAPE: 5.32%
2026-04-28 09:16:07,061 | INFO | 
============================================================
2026-04-28 09:16:07,061 | INFO | Processing: MTNN
2026-04-28 09:16:07,062 | INFO | ============================================================
2026-04-28 09:16:07,062 | INFO | [1/6] Loading raw data...
2026-04-28 09:16:07,062 | INFO | [WAIT] Loading MTNN from C:\Users\DREAMUSER\Documents\NSE Volatility Project\NSE_Volatility_Project\data\raw\MTNN.csv
2026-04-28 09:16:07,063 | INFO |    Trying encoding: utf-8
2026-04-28 09:16:07,120 | INFO |    Read 1545 rows with 7 columns using utf-8
2026-04-28 09:16:07,122 | INFO |    Original columns: ['Date', 'Price', 'Open', 'High', 'Low', 'Vol.', 'Change %']
2026-04-28 09:16:07,123 | INFO |    Cleaned columns: ['Date', 'Price', 'Open', 'High', 'Low', 'Vol.', 'Change %']
2026-04-28 09:16:07,133 | INFO |    First few rows:
         Date  Price   Open   High    Low    Vol. Change %
0  03/27/2026  718.0  719.1  720.0  717.0   3.77M   -0.15%
1  03/26/2026  719.1  718.0  720.0  718.0  15.37M    0.15%
2026-04-28 09:16:07,133 | INFO |    Column map: {'date': 'Date', 'price': 'Price', 'open': 'Open', 'high': 'High', 'low': 'Low', 'vol.': 'Vol.', 'change_%': 'Change %'}
2026-04-28 09:16:07,134 | INFO |    Matched columns: {'Price': 'Price', 'Open': 'Open', 'High': 'High', 'Low': 'Low'}
2026-04-28 09:16:07,170 | INFO |    Final DataFrame: 1545 rows, columns: ['Date', 'Price', 'Open', 'High', 'Low', 'Volume']
2026-04-28 09:16:07,171 | INFO | [OK] Loaded 1545 rows
2026-04-28 09:16:07,171 | INFO |    Loaded 1545 rows, columns: ['Date', 'Price', 'Open', 'High', 'Low', 'Volume']
2026-04-28 09:16:07,172 | INFO | [2/6] Engineering features...
2026-04-28 09:16:07,231 | INFO |    Created 1282 rows with 48 features
2026-04-28 09:16:07,231 | INFO | [3/6] Saving processed data...
2026-04-28 09:16:07,339 | INFO |    Saved: C:\Users\DREAMUSER\Documents\NSE Volatility Project\NSE_Volatility_Project\data\processed\MTNN_features.csv
2026-04-28 09:16:07,340 | INFO | [4/6] Preparing ML dataset...
2026-04-28 09:16:07,346 | INFO | [5/6] Training ML models...
2026-04-28 09:16:08,368 | INFO |    Random Forest: RMSE=0.045903
2026-04-28 09:16:08,399 | INFO |    Ridge: RMSE=0.050053
2026-04-28 09:16:09,228 | INFO |    XGBoost: RMSE=0.058028
2026-04-28 09:16:09,228 | INFO | [6/6] Evaluating and saving results...
2026-04-28 09:16:09,244 | INFO |    Saved comparison: C:\Users\DREAMUSER\Documents\NSE Volatility Project\NSE_Volatility_Project\results\tables\MTNN_model_comparison.csv
2026-04-28 09:16:09,255 | INFO |    Saved predictions: C:\Users\DREAMUSER\Documents\NSE Volatility Project\NSE_Volatility_Project\results\forecasts\MTNN_predictions.csv
2026-04-28 09:16:09,257 | INFO | [OK] Best: Random Forest, RMSE: 0.045903, MAPE: 9.90%
2026-04-28 09:16:09,259 | INFO | 
============================================================
2026-04-28 09:16:09,259 | INFO | Processing: GTCO
2026-04-28 09:16:09,259 | INFO | ============================================================
2026-04-28 09:16:09,260 | INFO | [1/6] Loading raw data...
2026-04-28 09:16:09,260 | INFO | [WAIT] Loading GTCO from C:\Users\DREAMUSER\Documents\NSE Volatility Project\NSE_Volatility_Project\data\raw\GTCO.csv
2026-04-28 09:16:09,260 | INFO |    Trying encoding: utf-8
2026-04-28 09:16:09,311 | INFO |    Read 1541 rows with 7 columns using utf-8
2026-04-28 09:16:09,312 | INFO |    Original columns: ['Date', 'Price', 'Open', 'High', 'Low', 'Vol.', 'Change %']
2026-04-28 09:16:09,313 | INFO |    Cleaned columns: ['Date', 'Price', 'Open', 'High', 'Low', 'Vol.', 'Change %']
2026-04-28 09:16:09,324 | INFO |    First few rows:
         Date  Price    Open   High    Low    Vol. Change %
0  03/27/2026  116.1  115.40  116.9  112.0  19.18M    0.61%
1  03/26/2026  115.4  114.55  115.5  115.3   9.53M    0.74%
2026-04-28 09:16:09,325 | INFO |    Column map: {'date': 'Date', 'price': 'Price', 'open': 'Open', 'high': 'High', 'low': 'Low', 'vol.': 'Vol.', 'change_%': 'Change %'}
2026-04-28 09:16:09,326 | INFO |    Matched columns: {'Price': 'Price', 'Open': 'Open', 'High': 'High', 'Low': 'Low'}
2026-04-28 09:16:09,365 | INFO |    Final DataFrame: 1541 rows, columns: ['Date', 'Price', 'Open', 'High', 'Low', 'Volume']
2026-04-28 09:16:09,366 | INFO | [OK] Loaded 1541 rows
2026-04-28 09:16:09,367 | INFO |    Loaded 1541 rows, columns: ['Date', 'Price', 'Open', 'High', 'Low', 'Volume']
2026-04-28 09:16:09,367 | INFO | [2/6] Engineering features...
2026-04-28 09:16:09,434 | INFO |    Created 1288 rows with 48 features
2026-04-28 09:16:09,434 | INFO | [3/6] Saving processed data...
2026-04-28 09:16:09,570 | INFO |    Saved: C:\Users\DREAMUSER\Documents\NSE Volatility Project\NSE_Volatility_Project\data\processed\GTCO_features.csv
2026-04-28 09:16:09,570 | INFO | [4/6] Preparing ML dataset...
2026-04-28 09:16:09,577 | INFO | [5/6] Training ML models...
2026-04-28 09:16:10,693 | INFO |    Random Forest: RMSE=0.040092
2026-04-28 09:16:10,701 | INFO |    Ridge: RMSE=0.037164
2026-04-28 09:16:11,577 | INFO |    XGBoost: RMSE=0.040271
2026-04-28 09:16:11,578 | INFO | [6/6] Evaluating and saving results...
2026-04-28 09:16:11,596 | INFO |    Saved comparison: C:\Users\DREAMUSER\Documents\NSE Volatility Project\NSE_Volatility_Project\results\tables\GTCO_model_comparison.csv
2026-04-28 09:16:11,612 | INFO |    Saved predictions: C:\Users\DREAMUSER\Documents\NSE Volatility Project\NSE_Volatility_Project\results\forecasts\GTCO_predictions.csv
2026-04-28 09:16:11,614 | INFO | [OK] Best: Ridge, RMSE: 0.037164, MAPE: 7.51%
2026-04-28 09:16:11,618 | INFO | 
============================================================
2026-04-28 09:16:11,619 | INFO | Processing: SEPLAT
2026-04-28 09:16:11,619 | INFO | ============================================================
2026-04-28 09:16:11,619 | INFO | [1/6] Loading raw data...
2026-04-28 09:16:11,620 | INFO | [WAIT] Loading SEPLAT from C:\Users\DREAMUSER\Documents\NSE Volatility Project\NSE_Volatility_Project\data\raw\SEPLAT.csv
2026-04-28 09:16:11,620 | INFO |    Trying encoding: utf-8
2026-04-28 09:16:11,691 | INFO |    Read 1546 rows with 7 columns using utf-8
2026-04-28 09:16:11,692 | INFO |    Original columns: ['Date', 'Price', 'Open', 'High', 'Low', 'Vol.', 'Change %']
2026-04-28 09:16:11,692 | INFO |    Cleaned columns: ['Date', 'Price', 'Open', 'High', 'Low', 'Vol.', 'Change %']
2026-04-28 09:16:11,701 | INFO |    First few rows:
         Date     Price      Open      High       Low     Vol. Change %
0  03/27/2026  9,099.90  9,099.90  9,450.00  9,000.10   30.88K    0.00%
1  03/26/2026  9,099.90  9,099.90  9,099.90  9,099.90  137.41K    0.00%
2026-04-28 09:16:11,702 | INFO |    Column map: {'date': 'Date', 'price': 'Price', 'open': 'Open', 'high': 'High', 'low': 'Low', 'vol.': 'Vol.', 'change_%': 'Change %'}
2026-04-28 09:16:11,702 | INFO |    Matched columns: {'Price': 'Price', 'Open': 'Open', 'High': 'High', 'Low': 'Low'}
2026-04-28 09:16:11,733 | INFO |    Final DataFrame: 591 rows, columns: ['Date', 'Price', 'Open', 'High', 'Low', 'Volume']
2026-04-28 09:16:11,734 | INFO | [OK] Loaded 591 rows
2026-04-28 09:16:11,735 | INFO |    Loaded 591 rows, columns: ['Date', 'Price', 'Open', 'High', 'Low', 'Volume']
2026-04-28 09:16:11,736 | INFO | [2/6] Engineering features...
2026-04-28 09:16:11,802 | INFO |    Created 270 rows with 48 features
2026-04-28 09:16:11,802 | INFO | [3/6] Saving processed data...
2026-04-28 09:16:11,829 | INFO |    Saved: C:\Users\DREAMUSER\Documents\NSE Volatility Project\NSE_Volatility_Project\data\processed\SEPLAT_features.csv
2026-04-28 09:16:11,831 | INFO | [4/6] Preparing ML dataset...
2026-04-28 09:16:11,837 | INFO | [5/6] Training ML models...
2026-04-28 09:16:12,199 | INFO |    Random Forest: RMSE=0.103676
2026-04-28 09:16:12,232 | INFO |    Ridge: RMSE=0.099766
2026-04-28 09:16:12,416 | INFO |    XGBoost: RMSE=0.153734
2026-04-28 09:16:12,417 | INFO | [6/6] Evaluating and saving results...
2026-04-28 09:16:12,434 | INFO |    Saved comparison: C:\Users\DREAMUSER\Documents\NSE Volatility Project\NSE_Volatility_Project\results\tables\SEPLAT_model_comparison.csv
2026-04-28 09:16:12,444 | INFO |    Saved predictions: C:\Users\DREAMUSER\Documents\NSE Volatility Project\NSE_Volatility_Project\results\forecasts\SEPLAT_predictions.csv
2026-04-28 09:16:12,446 | INFO | [OK] Best: Ridge, RMSE: 0.099766, MAPE: 24.10%
2026-04-28 09:16:12,448 | INFO | 
============================================================
2026-04-28 09:16:12,448 | INFO | Processing: AIRTEL
2026-04-28 09:16:12,450 | INFO | ============================================================
2026-04-28 09:16:12,450 | INFO | [1/6] Loading raw data...
2026-04-28 09:16:12,451 | INFO | [WAIT] Loading AIRTEL from C:\Users\DREAMUSER\Documents\NSE Volatility Project\NSE_Volatility_Project\data\raw\AIRTEL.csv
2026-04-28 09:16:12,452 | INFO |    Trying encoding: utf-8
2026-04-28 09:16:12,510 | INFO |    Read 1530 rows with 7 columns using utf-8
2026-04-28 09:16:12,512 | INFO |    Original columns: ['Date', 'Price', 'Open', 'High', 'Low', 'Vol.', 'Change %']
2026-04-28 09:16:12,512 | INFO |    Cleaned columns: ['Date', 'Price', 'Open', 'High', 'Low', 'Vol.', 'Change %']
2026-04-28 09:16:12,529 | INFO |    First few rows:
         Date     Price      Open      High       Low   Vol. Change %
0  03/27/2026  2,497.00  2,497.00  2,746.70  2,497.00  0.42K    0.00%
1  03/26/2026  2,497.00  2,497.00  2,497.00  2,497.00    NaN    0.00%
2026-04-28 09:16:12,530 | INFO |    Column map: {'date': 'Date', 'price': 'Price', 'open': 'Open', 'high': 'High', 'low': 'Low', 'vol.': 'Vol.', 'change_%': 'Change %'}
2026-04-28 09:16:12,532 | INFO |    Matched columns: {'Price': 'Price', 'Open': 'Open', 'High': 'High', 'Low': 'Low'}
2026-04-28 09:16:12,559 | INFO |    Final DataFrame: 482 rows, columns: ['Date', 'Price', 'Open', 'High', 'Low', 'Volume']
2026-04-28 09:16:12,559 | INFO | [OK] Loaded 482 rows
2026-04-28 09:16:12,560 | INFO |    Loaded 482 rows, columns: ['Date', 'Price', 'Open', 'High', 'Low', 'Volume']
2026-04-28 09:16:12,560 | INFO | [2/6] Engineering features...
2026-04-28 09:16:12,625 | INFO |    Created 147 rows with 48 features
2026-04-28 09:16:12,626 | INFO | [3/6] Saving processed data...
2026-04-28 09:16:12,639 | INFO |    Saved: C:\Users\DREAMUSER\Documents\NSE Volatility Project\NSE_Volatility_Project\data\processed\AIRTEL_features.csv
2026-04-28 09:16:12,640 | INFO | [4/6] Preparing ML dataset...
2026-04-28 09:16:12,645 | INFO | [5/6] Training ML models...
2026-04-28 09:16:13,059 | INFO |    Random Forest: RMSE=0.050599
2026-04-28 09:16:13,067 | INFO |    Ridge: RMSE=0.097376
2026-04-28 09:16:13,155 | INFO |    XGBoost: RMSE=0.107524
2026-04-28 09:16:13,156 | INFO | [6/6] Evaluating and saving results...
2026-04-28 09:16:13,176 | INFO |    Saved comparison: C:\Users\DREAMUSER\Documents\NSE Volatility Project\NSE_Volatility_Project\results\tables\AIRTEL_model_comparison.csv
2026-04-28 09:16:13,185 | INFO |    Saved predictions: C:\Users\DREAMUSER\Documents\NSE Volatility Project\NSE_Volatility_Project\results\forecasts\AIRTEL_predictions.csv
2026-04-28 09:16:13,186 | INFO | [OK] Best: Random Forest, RMSE: 0.050599, MAPE: 19.82%
2026-04-28 09:16:13,188 | INFO | 
============================================================
2026-04-28 09:16:13,188 | INFO | Processing: INTERBREW
2026-04-28 09:16:13,188 | INFO | ============================================================
2026-04-28 09:16:13,189 | INFO | [1/6] Loading raw data...
2026-04-28 09:16:13,189 | INFO | [WAIT] Loading INTERBREW from C:\Users\DREAMUSER\Documents\NSE Volatility Project\NSE_Volatility_Project\data\raw\INTERBREW.csv
2026-04-28 09:16:13,189 | INFO |    Trying encoding: utf-8
2026-04-28 09:16:13,264 | INFO |    Read 1545 rows with 7 columns using utf-8
2026-04-28 09:16:13,265 | INFO |    Original columns: ['Date', 'Price', 'Open', 'High', 'Low', 'Vol.', 'Change %']
2026-04-28 09:16:13,266 | INFO |    Cleaned columns: ['Date', 'Price', 'Open', 'High', 'Low', 'Vol.', 'Change %']
2026-04-28 09:16:13,272 | INFO |    First few rows:
         Date  Price  Open  High    Low   Vol. Change %
0  03/27/2026   13.9  14.4  14.7  13.15  1.69M   -3.47%
1  03/26/2026   14.4  14.4  14.4  14.40  1.78M    0.00%
2026-04-28 09:16:13,272 | INFO |    Column map: {'date': 'Date', 'price': 'Price', 'open': 'Open', 'high': 'High', 'low': 'Low', 'vol.': 'Vol.', 'change_%': 'Change %'}
2026-04-28 09:16:13,273 | INFO |    Matched columns: {'Price': 'Price', 'Open': 'Open', 'High': 'High', 'Low': 'Low'}
2026-04-28 09:16:13,301 | INFO |    Final DataFrame: 1545 rows, columns: ['Date', 'Price', 'Open', 'High', 'Low', 'Volume']
2026-04-28 09:16:13,301 | INFO | [OK] Loaded 1545 rows
2026-04-28 09:16:13,302 | INFO |    Loaded 1545 rows, columns: ['Date', 'Price', 'Open', 'High', 'Low', 'Volume']
2026-04-28 09:16:13,302 | INFO | [2/6] Engineering features...
2026-04-28 09:16:13,372 | INFO |    Created 1286 rows with 48 features
2026-04-28 09:16:13,372 | INFO | [3/6] Saving processed data...
2026-04-28 09:16:13,473 | INFO |    Saved: C:\Users\DREAMUSER\Documents\NSE Volatility Project\NSE_Volatility_Project\data\processed\INTERBREW_features.csv
2026-04-28 09:16:13,474 | INFO | [4/6] Preparing ML dataset...
2026-04-28 09:16:13,479 | INFO | [5/6] Training ML models...
2026-04-28 09:16:14,523 | INFO |    Random Forest: RMSE=0.048432
2026-04-28 09:16:14,531 | INFO |    Ridge: RMSE=0.054270
2026-04-28 09:16:15,413 | INFO |    XGBoost: RMSE=0.053817
2026-04-28 09:16:15,414 | INFO | [6/6] Evaluating and saving results...
2026-04-28 09:16:15,432 | INFO |    Saved comparison: C:\Users\DREAMUSER\Documents\NSE Volatility Project\NSE_Volatility_Project\results\tables\INTERBREW_model_comparison.csv
2026-04-28 09:16:15,445 | INFO |    Saved predictions: C:\Users\DREAMUSER\Documents\NSE Volatility Project\NSE_Volatility_Project\results\forecasts\INTERBREW_predictions.csv
2026-04-28 09:16:15,446 | INFO | [OK] Best: Random Forest, RMSE: 0.048432, MAPE: 5.91%
2026-04-28 09:16:15,450 | INFO | 
============================================================
2026-04-28 09:16:15,451 | INFO | Processing: FIRSTHOLDCO
2026-04-28 09:16:15,451 | INFO | ============================================================
2026-04-28 09:16:15,451 | INFO | [1/6] Loading raw data...
2026-04-28 09:16:15,452 | INFO | [WAIT] Loading FIRSTHOLDCO from C:\Users\DREAMUSER\Documents\NSE Volatility Project\NSE_Volatility_Project\data\raw\FIRSTHOLDCO.csv
2026-04-28 09:16:15,452 | INFO |    Trying encoding: utf-8
2026-04-28 09:16:15,516 | INFO |    Read 1544 rows with 7 columns using utf-8
2026-04-28 09:16:15,518 | INFO |    Original columns: ['Date', 'Price', 'Open', 'High', 'Low', 'Vol.', 'Change %']
2026-04-28 09:16:15,518 | INFO |    Cleaned columns: ['Date', 'Price', 'Open', 'High', 'Low', 'Vol.', 'Change %']
2026-04-28 09:16:15,528 | INFO |    First few rows:
         Date  Price  Open  High    Low   Vol. Change %
0  03/27/2026   50.5  50.5  51.8  50.45  5.47M   -0.98%
1  03/26/2026   51.0  51.0  51.5  50.90  7.24M    0.10%
2026-04-28 09:16:15,529 | INFO |    Column map: {'date': 'Date', 'price': 'Price', 'open': 'Open', 'high': 'High', 'low': 'Low', 'vol.': 'Vol.', 'change_%': 'Change %'}
2026-04-28 09:16:15,529 | INFO |    Matched columns: {'Price': 'Price', 'Open': 'Open', 'High': 'High', 'Low': 'Low'}
2026-04-28 09:16:15,557 | INFO |    Final DataFrame: 1544 rows, columns: ['Date', 'Price', 'Open', 'High', 'Low', 'Volume']
2026-04-28 09:16:15,557 | INFO | [OK] Loaded 1544 rows
2026-04-28 09:16:15,558 | INFO |    Loaded 1544 rows, columns: ['Date', 'Price', 'Open', 'High', 'Low', 'Volume']
2026-04-28 09:16:15,558 | INFO | [2/6] Engineering features...
2026-04-28 09:16:15,626 | INFO |    Created 1291 rows with 48 features
2026-04-28 09:16:15,627 | INFO | [3/6] Saving processed data...
2026-04-28 09:16:15,747 | INFO |    Saved: C:\Users\DREAMUSER\Documents\NSE Volatility Project\NSE_Volatility_Project\data\processed\FIRSTHOLDCO_features.csv
2026-04-28 09:16:15,747 | INFO | [4/6] Preparing ML dataset...
2026-04-28 09:16:15,753 | INFO | [5/6] Training ML models...
2026-04-28 09:16:17,019 | INFO |    Random Forest: RMSE=0.038172
2026-04-28 09:16:17,028 | INFO |    Ridge: RMSE=0.035007
2026-04-28 09:16:17,911 | INFO |    XGBoost: RMSE=0.044363
2026-04-28 09:16:17,912 | INFO | [6/6] Evaluating and saving results...
2026-04-28 09:16:17,926 | INFO |    Saved comparison: C:\Users\DREAMUSER\Documents\NSE Volatility Project\NSE_Volatility_Project\results\tables\FIRSTHOLDCO_model_comparison.csv
2026-04-28 09:16:17,939 | INFO |    Saved predictions: C:\Users\DREAMUSER\Documents\NSE Volatility Project\NSE_Volatility_Project\results\forecasts\FIRSTHOLDCO_predictions.csv
2026-04-28 09:16:17,942 | INFO | [OK] Best: Ridge, RMSE: 0.035007, MAPE: 6.56%
2026-04-28 09:16:17,949 | INFO | 
============================================================
2026-04-28 09:16:17,949 | INFO | Processing: ETI
2026-04-28 09:16:17,950 | INFO | ============================================================
2026-04-28 09:16:17,950 | INFO | [1/6] Loading raw data...
2026-04-28 09:16:17,951 | INFO | [WAIT] Loading ETI from C:\Users\DREAMUSER\Documents\NSE Volatility Project\NSE_Volatility_Project\data\raw\ETI.csv
2026-04-28 09:16:17,951 | INFO |    Trying encoding: utf-8
2026-04-28 09:16:18,012 | INFO |    Read 1545 rows with 7 columns using utf-8
2026-04-28 09:16:18,014 | INFO |    Original columns: ['Date', 'Price', 'Open', 'High', 'Low', 'Vol.', 'Change %']
2026-04-28 09:16:18,014 | INFO |    Cleaned columns: ['Date', 'Price', 'Open', 'High', 'Low', 'Vol.', 'Change %']
2026-04-28 09:16:18,029 | INFO |    First few rows:
         Date  Price  Open  High   Low     Vol. Change %
0  03/27/2026   46.0  47.0  48.0  44.6  218.71K    0.00%
1  03/26/2026   46.0  46.0  46.0  46.0  345.80K    0.00%
2026-04-28 09:16:18,029 | INFO |    Column map: {'date': 'Date', 'price': 'Price', 'open': 'Open', 'high': 'High', 'low': 'Low', 'vol.': 'Vol.', 'change_%': 'Change %'}
2026-04-28 09:16:18,030 | INFO |    Matched columns: {'Price': 'Price', 'Open': 'Open', 'High': 'High', 'Low': 'Low'}
2026-04-28 09:16:18,052 | INFO |    Final DataFrame: 1545 rows, columns: ['Date', 'Price', 'Open', 'High', 'Low', 'Volume']
2026-04-28 09:16:18,052 | INFO | [OK] Loaded 1545 rows
2026-04-28 09:16:18,053 | INFO |    Loaded 1545 rows, columns: ['Date', 'Price', 'Open', 'High', 'Low', 'Volume']
2026-04-28 09:16:18,053 | INFO | [2/6] Engineering features...
2026-04-28 09:16:18,113 | INFO |    Created 1264 rows with 48 features
2026-04-28 09:16:18,114 | INFO | [3/6] Saving processed data...
2026-04-28 09:16:18,213 | INFO |    Saved: C:\Users\DREAMUSER\Documents\NSE Volatility Project\NSE_Volatility_Project\data\processed\ETI_features.csv
2026-04-28 09:16:18,213 | INFO | [4/6] Preparing ML dataset...
2026-04-28 09:16:18,219 | INFO | [5/6] Training ML models...
2026-04-28 09:16:19,331 | INFO |    Random Forest: RMSE=0.060695
2026-04-28 09:16:19,366 | INFO |    Ridge: RMSE=0.044792
2026-04-28 09:16:20,148 | INFO |    XGBoost: RMSE=0.088833
2026-04-28 09:16:20,148 | INFO | [6/6] Evaluating and saving results...
2026-04-28 09:16:20,170 | INFO |    Saved comparison: C:\Users\DREAMUSER\Documents\NSE Volatility Project\NSE_Volatility_Project\results\tables\ETI_model_comparison.csv
2026-04-28 09:16:20,185 | INFO |    Saved predictions: C:\Users\DREAMUSER\Documents\NSE Volatility Project\NSE_Volatility_Project\results\forecasts\ETI_predictions.csv
2026-04-28 09:16:20,188 | INFO | [OK] Best: Ridge, RMSE: 0.044792, MAPE: 7.64%
2026-04-28 09:16:20,197 | INFO | 
============================================================
2026-04-28 09:16:20,197 | INFO | Processing: ZENITH
2026-04-28 09:16:20,197 | INFO | ============================================================
2026-04-28 09:16:20,198 | INFO | [1/6] Loading raw data...
2026-04-28 09:16:20,199 | INFO | [WAIT] Loading ZENITH from C:\Users\DREAMUSER\Documents\NSE Volatility Project\NSE_Volatility_Project\data\raw\ZENITH.csv
2026-04-28 09:16:20,199 | INFO |    Trying encoding: utf-8
2026-04-28 09:16:20,250 | INFO |    Read 1546 rows with 7 columns using utf-8
2026-04-28 09:16:20,251 | INFO |    Original columns: ['Date', 'Price', 'Open', 'High', 'Low', 'Vol.', 'Change %']
2026-04-28 09:16:20,251 | INFO |    Cleaned columns: ['Date', 'Price', 'Open', 'High', 'Low', 'Vol.', 'Change %']
2026-04-28 09:16:20,262 | INFO |    First few rows:
         Date   Price    Open    High    Low    Vol. Change %
0  03/27/2026  103.00  103.05  105.00  102.5  13.81M   -0.05%
1  03/26/2026  103.05  101.50  104.45  103.0  17.08M    1.53%
2026-04-28 09:16:20,262 | INFO |    Column map: {'date': 'Date', 'price': 'Price', 'open': 'Open', 'high': 'High', 'low': 'Low', 'vol.': 'Vol.', 'change_%': 'Change %'}
2026-04-28 09:16:20,263 | INFO |    Matched columns: {'Price': 'Price', 'Open': 'Open', 'High': 'High', 'Low': 'Low'}
2026-04-28 09:16:20,291 | INFO |    Final DataFrame: 1546 rows, columns: ['Date', 'Price', 'Open', 'High', 'Low', 'Volume']
2026-04-28 09:16:20,292 | INFO | [OK] Loaded 1546 rows
2026-04-28 09:16:20,293 | INFO |    Loaded 1546 rows, columns: ['Date', 'Price', 'Open', 'High', 'Low', 'Volume']
2026-04-28 09:16:20,293 | INFO | [2/6] Engineering features...
2026-04-28 09:16:20,356 | INFO |    Created 1293 rows with 48 features
2026-04-28 09:16:20,356 | INFO | [3/6] Saving processed data...
2026-04-28 09:16:20,483 | INFO |    Saved: C:\Users\DREAMUSER\Documents\NSE Volatility Project\NSE_Volatility_Project\data\processed\ZENITH_features.csv
2026-04-28 09:16:20,483 | INFO | [4/6] Preparing ML dataset...
2026-04-28 09:16:20,489 | INFO | [5/6] Training ML models...
2026-04-28 09:16:21,683 | INFO |    Random Forest: RMSE=0.044324
2026-04-28 09:16:21,695 | INFO |    Ridge: RMSE=0.041887
2026-04-28 09:16:22,468 | INFO |    XGBoost: RMSE=0.051313
2026-04-28 09:16:22,469 | INFO | [6/6] Evaluating and saving results...
2026-04-28 09:16:22,489 | INFO |    Saved comparison: C:\Users\DREAMUSER\Documents\NSE Volatility Project\NSE_Volatility_Project\results\tables\ZENITH_model_comparison.csv
2026-04-28 09:16:22,502 | INFO |    Saved predictions: C:\Users\DREAMUSER\Documents\NSE Volatility Project\NSE_Volatility_Project\results\forecasts\ZENITH_predictions.csv
2026-04-28 09:16:22,503 | INFO | [OK] Best: Ridge, RMSE: 0.041887, MAPE: 7.10%
2026-04-28 09:16:22,507 | INFO | 
============================================================
2026-04-28 09:16:22,507 | INFO | Processing: CWG
2026-04-28 09:16:22,508 | INFO | ============================================================
2026-04-28 09:16:22,508 | INFO | [1/6] Loading raw data...
2026-04-28 09:16:22,509 | INFO | [WAIT] Loading CWG from C:\Users\DREAMUSER\Documents\NSE Volatility Project\NSE_Volatility_Project\data\raw\CWG.csv
2026-04-28 09:16:22,509 | INFO |    Trying encoding: utf-8
2026-04-28 09:16:22,588 | INFO |    Read 1107 rows with 7 columns using utf-8
2026-04-28 09:16:22,590 | INFO |    Original columns: ['Date', 'Price', 'Open', 'High', 'Low', 'Vol.', 'Change %']
2026-04-28 09:16:22,590 | INFO |    Cleaned columns: ['Date', 'Price', 'Open', 'High', 'Low', 'Vol.', 'Change %']
2026-04-28 09:16:22,597 | INFO |    First few rows:
         Date  Price  Open  High    Low   Vol. Change %
0  03/27/2026   22.0  22.9  22.0  22.00  1.42M   -3.93%
1  03/26/2026   22.9  21.7  22.9  22.45  2.58M    5.53%
2026-04-28 09:16:22,597 | INFO |    Column map: {'date': 'Date', 'price': 'Price', 'open': 'Open', 'high': 'High', 'low': 'Low', 'vol.': 'Vol.', 'change_%': 'Change %'}
2026-04-28 09:16:22,598 | INFO |    Matched columns: {'Price': 'Price', 'Open': 'Open', 'High': 'High', 'Low': 'Low'}
2026-04-28 09:16:22,625 | INFO |    Final DataFrame: 1107 rows, columns: ['Date', 'Price', 'Open', 'High', 'Low', 'Volume']
2026-04-28 09:16:22,626 | INFO | [OK] Loaded 1107 rows
2026-04-28 09:16:22,626 | INFO |    Loaded 1107 rows, columns: ['Date', 'Price', 'Open', 'High', 'Low', 'Volume']
2026-04-28 09:16:22,627 | INFO | [2/6] Engineering features...
2026-04-28 09:16:22,696 | INFO |    Created 854 rows with 48 features
2026-04-28 09:16:22,696 | INFO | [3/6] Saving processed data...
2026-04-28 09:16:22,783 | INFO |    Saved: C:\Users\DREAMUSER\Documents\NSE Volatility Project\NSE_Volatility_Project\data\processed\CWG_features.csv
2026-04-28 09:16:22,784 | INFO | [4/6] Preparing ML dataset...
2026-04-28 09:16:22,792 | INFO | [5/6] Training ML models...
2026-04-28 09:16:23,585 | INFO |    Random Forest: RMSE=0.046030
2026-04-28 09:16:23,591 | INFO |    Ridge: RMSE=0.034274
2026-04-28 09:16:24,316 | INFO |    XGBoost: RMSE=0.082253
2026-04-28 09:16:24,317 | INFO | [6/6] Evaluating and saving results...
2026-04-28 09:16:24,338 | INFO |    Saved comparison: C:\Users\DREAMUSER\Documents\NSE Volatility Project\NSE_Volatility_Project\results\tables\CWG_model_comparison.csv
2026-04-28 09:16:24,351 | INFO |    Saved predictions: C:\Users\DREAMUSER\Documents\NSE Volatility Project\NSE_Volatility_Project\results\forecasts\CWG_predictions.csv
2026-04-28 09:16:24,353 | INFO | [OK] Best: Ridge, RMSE: 0.034274, MAPE: 4.90%
2026-04-28 09:16:24,356 | INFO | 
============================================================
2026-04-28 09:16:24,357 | INFO | Processing: NESTLE
2026-04-28 09:16:24,357 | INFO | ============================================================
2026-04-28 09:16:24,358 | INFO | [1/6] Loading raw data...
2026-04-28 09:16:24,358 | INFO | [WAIT] Loading NESTLE from C:\Users\DREAMUSER\Documents\NSE Volatility Project\NSE_Volatility_Project\data\raw\NESTLE.csv
2026-04-28 09:16:24,358 | INFO |    Trying encoding: utf-8
2026-04-28 09:16:24,420 | INFO |    Read 1545 rows with 7 columns using utf-8
2026-04-28 09:16:24,422 | INFO |    Original columns: ['Date', 'Price', 'Open', 'High', 'Low', 'Vol.', 'Change %']
2026-04-28 09:16:24,423 | INFO |    Cleaned columns: ['Date', 'Price', 'Open', 'High', 'Low', 'Vol.', 'Change %']
2026-04-28 09:16:24,433 | INFO |    First few rows:
         Date     Price      Open      High       Low    Vol. Change %
0  03/27/2026  3,395.00  3,395.00  3,395.00  3,395.00  66.01K    0.00%
1  03/26/2026  3,395.00  3,395.00  3,395.00  3,395.00  25.42K    0.00%
2026-04-28 09:16:24,435 | INFO |    Column map: {'date': 'Date', 'price': 'Price', 'open': 'Open', 'high': 'High', 'low': 'Low', 'vol.': 'Vol.', 'change_%': 'Change %'}
2026-04-28 09:16:24,437 | INFO |    Matched columns: {'Price': 'Price', 'Open': 'Open', 'High': 'High', 'Low': 'Low'}
2026-04-28 09:16:24,466 | INFO |    Final DataFrame: 346 rows, columns: ['Date', 'Price', 'Open', 'High', 'Low', 'Volume']
2026-04-28 09:16:24,466 | INFO | [OK] Loaded 346 rows
2026-04-28 09:16:24,467 | INFO |    Loaded 346 rows, columns: ['Date', 'Price', 'Open', 'High', 'Low', 'Volume']
2026-04-28 09:16:24,467 | INFO | [2/6] Engineering features...
2026-04-28 09:16:24,526 | INFO |    Created 53 rows with 48 features
2026-04-28 09:16:24,526 | INFO | [3/6] Saving processed data...
2026-04-28 09:16:24,533 | INFO |    Saved: C:\Users\DREAMUSER\Documents\NSE Volatility Project\NSE_Volatility_Project\data\processed\NESTLE_features.csv
2026-04-28 09:16:24,533 | INFO | [4/6] Preparing ML dataset...
2026-04-28 09:16:24,541 | INFO | [5/6] Training ML models...
2026-04-28 09:16:24,930 | INFO |    Random Forest: RMSE=0.059516
2026-04-28 09:16:24,939 | INFO |    Ridge: RMSE=0.010270
2026-04-28 09:16:25,007 | INFO |    XGBoost: RMSE=0.134238
2026-04-28 09:16:25,007 | INFO | [6/6] Evaluating and saving results...
2026-04-28 09:16:25,023 | INFO |    Saved comparison: C:\Users\DREAMUSER\Documents\NSE Volatility Project\NSE_Volatility_Project\results\tables\NESTLE_model_comparison.csv
2026-04-28 09:16:25,030 | INFO |    Saved predictions: C:\Users\DREAMUSER\Documents\NSE Volatility Project\NSE_Volatility_Project\results\forecasts\NESTLE_predictions.csv
2026-04-28 09:16:25,033 | INFO | [OK] Best: Ridge, RMSE: 0.010270, MAPE: 2.88%
2026-04-28 09:16:25,036 | INFO | 
============================================================
2026-04-28 09:16:25,037 | INFO | Processing: NB
2026-04-28 09:16:25,038 | INFO | ============================================================
2026-04-28 09:16:25,039 | INFO | [1/6] Loading raw data...
2026-04-28 09:16:25,039 | INFO | [WAIT] Loading NB from C:\Users\DREAMUSER\Documents\NSE Volatility Project\NSE_Volatility_Project\data\raw\NB.csv
2026-04-28 09:16:25,040 | INFO |    Trying encoding: utf-8
2026-04-28 09:16:25,102 | INFO |    Read 1545 rows with 7 columns using utf-8
2026-04-28 09:16:25,103 | INFO |    Original columns: ['Date', 'Price', 'Open', 'High', 'Low', 'Vol.', 'Change %']
2026-04-28 09:16:25,104 | INFO |    Cleaned columns: ['Date', 'Price', 'Open', 'High', 'Low', 'Vol.', 'Change %']
2026-04-28 09:16:25,110 | INFO |    First few rows:
         Date  Price   Open  High   Low    Vol. Change %
0  03/27/2026   71.0  73.30  71.0  70.7  19.20M   -3.14%
1  03/26/2026   73.3  71.95  74.0  73.3   4.86M    1.88%
2026-04-28 09:16:25,111 | INFO |    Column map: {'date': 'Date', 'price': 'Price', 'open': 'Open', 'high': 'High', 'low': 'Low', 'vol.': 'Vol.', 'change_%': 'Change %'}
2026-04-28 09:16:25,111 | INFO |    Matched columns: {'Price': 'Price', 'Open': 'Open', 'High': 'High', 'Low': 'Low'}
2026-04-28 09:16:25,131 | INFO |    Final DataFrame: 1545 rows, columns: ['Date', 'Price', 'Open', 'High', 'Low', 'Volume']
2026-04-28 09:16:25,132 | INFO | [OK] Loaded 1545 rows
2026-04-28 09:16:25,132 | INFO |    Loaded 1545 rows, columns: ['Date', 'Price', 'Open', 'High', 'Low', 'Volume']
2026-04-28 09:16:25,133 | INFO | [2/6] Engineering features...
2026-04-28 09:16:25,203 | INFO |    Created 1281 rows with 48 features
2026-04-28 09:16:25,204 | INFO | [3/6] Saving processed data...
2026-04-28 09:16:25,309 | INFO |    Saved: C:\Users\DREAMUSER\Documents\NSE Volatility Project\NSE_Volatility_Project\data\processed\NB_features.csv
2026-04-28 09:16:25,309 | INFO | [4/6] Preparing ML dataset...
2026-04-28 09:16:25,315 | INFO | [5/6] Training ML models...
2026-04-28 09:16:26,323 | INFO |    Random Forest: RMSE=0.042388
2026-04-28 09:16:26,328 | INFO |    Ridge: RMSE=0.036470
2026-04-28 09:16:27,124 | INFO |    XGBoost: RMSE=0.051644
2026-04-28 09:16:27,124 | INFO | [6/6] Evaluating and saving results...
2026-04-28 09:16:27,145 | INFO |    Saved comparison: C:\Users\DREAMUSER\Documents\NSE Volatility Project\NSE_Volatility_Project\results\tables\NB_model_comparison.csv
2026-04-28 09:16:27,159 | INFO |    Saved predictions: C:\Users\DREAMUSER\Documents\NSE Volatility Project\NSE_Volatility_Project\results\forecasts\NB_predictions.csv
2026-04-28 09:16:27,160 | INFO | [OK] Best: Ridge, RMSE: 0.036470, MAPE: 6.85%
2026-04-28 09:16:27,163 | INFO | 
============================================================
2026-04-28 09:16:27,167 | INFO | Processing: ACCESS
2026-04-28 09:16:27,173 | INFO | ============================================================
2026-04-28 09:16:27,175 | INFO | [1/6] Loading raw data...
2026-04-28 09:16:27,177 | INFO | [WAIT] Loading ACCESS from C:\Users\DREAMUSER\Documents\NSE Volatility Project\NSE_Volatility_Project\data\raw\ACCESS.csv
2026-04-28 09:16:27,177 | INFO |    Trying encoding: utf-8
2026-04-28 09:16:27,240 | INFO |    Read 988 rows with 7 columns using utf-8
2026-04-28 09:16:27,241 | INFO |    Original columns: ['Date', 'Price', 'Open', 'High', 'Low', 'Vol.', 'Change %']
2026-04-28 09:16:27,241 | INFO |    Cleaned columns: ['Date', 'Price', 'Open', 'High', 'Low', 'Vol.', 'Change %']
2026-04-28 09:16:27,250 | INFO |    First few rows:
         Date  Price   Open   High    Low     Vol. Change %
0  03/27/2026   26.0  26.00  26.10  25.85   29.43M    0.00%
1  03/26/2026   26.0  26.05  26.05  25.80  134.59M   -0.19%
2026-04-28 09:16:27,251 | INFO |    Column map: {'date': 'Date', 'price': 'Price', 'open': 'Open', 'high': 'High', 'low': 'Low', 'vol.': 'Vol.', 'change_%': 'Change %'}
2026-04-28 09:16:27,251 | INFO |    Matched columns: {'Price': 'Price', 'Open': 'Open', 'High': 'High', 'Low': 'Low'}
2026-04-28 09:16:27,273 | INFO |    Final DataFrame: 988 rows, columns: ['Date', 'Price', 'Open', 'High', 'Low', 'Volume']
2026-04-28 09:16:27,274 | INFO | [OK] Loaded 988 rows
2026-04-28 09:16:27,274 | INFO |    Loaded 988 rows, columns: ['Date', 'Price', 'Open', 'High', 'Low', 'Volume']
2026-04-28 09:16:27,274 | INFO | [2/6] Engineering features...
2026-04-28 09:16:27,331 | INFO |    Created 735 rows with 48 features
2026-04-28 09:16:27,331 | INFO | [3/6] Saving processed data...
2026-04-28 09:16:27,396 | INFO |    Saved: C:\Users\DREAMUSER\Documents\NSE Volatility Project\NSE_Volatility_Project\data\processed\ACCESS_features.csv
2026-04-28 09:16:27,397 | INFO | [4/6] Preparing ML dataset...
2026-04-28 09:16:27,405 | INFO | [5/6] Training ML models...
2026-04-28 09:16:28,183 | INFO |    Random Forest: RMSE=0.037970
2026-04-28 09:16:28,193 | INFO |    Ridge: RMSE=0.032037
2026-04-28 09:16:28,763 | INFO |    XGBoost: RMSE=0.040395
2026-04-28 09:16:28,763 | INFO | [6/6] Evaluating and saving results...
2026-04-28 09:16:28,780 | INFO |    Saved comparison: C:\Users\DREAMUSER\Documents\NSE Volatility Project\NSE_Volatility_Project\results\tables\ACCESS_model_comparison.csv
2026-04-28 09:16:28,794 | INFO |    Saved predictions: C:\Users\DREAMUSER\Documents\NSE Volatility Project\NSE_Volatility_Project\results\forecasts\ACCESS_predictions.csv
2026-04-28 09:16:28,795 | INFO | [OK] Best: Ridge, RMSE: 0.032037, MAPE: 5.62%
2026-04-28 09:16:28,799 | INFO | 
============================================================
2026-04-28 09:16:28,799 | INFO | Processing: WAPCO
2026-04-28 09:16:28,799 | INFO | ============================================================
2026-04-28 09:16:28,800 | INFO | [1/6] Loading raw data...
2026-04-28 09:16:28,801 | INFO | [WAIT] Loading WAPCO from C:\Users\DREAMUSER\Documents\NSE Volatility Project\NSE_Volatility_Project\data\raw\WAPCO.csv
2026-04-28 09:16:28,801 | INFO |    Trying encoding: utf-8
2026-04-28 09:16:28,856 | INFO |    Read 1545 rows with 7 columns using utf-8
2026-04-28 09:16:28,858 | INFO |    Original columns: ['Date', 'Price', 'Open', 'High', 'Low', 'Vol.', 'Change %']
2026-04-28 09:16:28,859 | INFO |    Cleaned columns: ['Date', 'Price', 'Open', 'High', 'Low', 'Vol.', 'Change %']
2026-04-28 09:16:28,915 | INFO |    First few rows:
         Date  Price   Open   High    Low   Vol. Change %
0  03/27/2026  224.0  224.0  224.0  215.0  2.37M    0.00%
1  03/26/2026  224.0  227.5  224.0  224.0  5.98M   -1.54%
2026-04-28 09:16:28,948 | INFO |    Column map: {'date': 'Date', 'price': 'Price', 'open': 'Open', 'high': 'High', 'low': 'Low', 'vol.': 'Vol.', 'change_%': 'Change %'}
2026-04-28 09:16:28,990 | INFO |    Matched columns: {'Price': 'Price', 'Open': 'Open', 'High': 'High', 'Low': 'Low'}
2026-04-28 09:16:29,051 | INFO |    Final DataFrame: 1545 rows, columns: ['Date', 'Price', 'Open', 'High', 'Low', 'Volume']
2026-04-28 09:16:29,052 | INFO | [OK] Loaded 1545 rows
2026-04-28 09:16:29,052 | INFO |    Loaded 1545 rows, columns: ['Date', 'Price', 'Open', 'High', 'Low', 'Volume']
2026-04-28 09:16:29,052 | INFO | [2/6] Engineering features...
2026-04-28 09:16:29,112 | INFO |    Created 1291 rows with 48 features
2026-04-28 09:16:29,113 | INFO | [3/6] Saving processed data...
2026-04-28 09:16:29,230 | INFO |    Saved: C:\Users\DREAMUSER\Documents\NSE Volatility Project\NSE_Volatility_Project\data\processed\WAPCO_features.csv
2026-04-28 09:16:29,230 | INFO | [4/6] Preparing ML dataset...
2026-04-28 09:16:29,236 | INFO | [5/6] Training ML models...
2026-04-28 09:16:30,369 | INFO |    Random Forest: RMSE=0.038853
2026-04-28 09:16:30,377 | INFO |    Ridge: RMSE=0.043650
2026-04-28 09:16:31,219 | INFO |    XGBoost: RMSE=0.055284
2026-04-28 09:16:31,219 | INFO | [6/6] Evaluating and saving results...
2026-04-28 09:16:31,238 | INFO |    Saved comparison: C:\Users\DREAMUSER\Documents\NSE Volatility Project\NSE_Volatility_Project\results\tables\WAPCO_model_comparison.csv
2026-04-28 09:16:31,250 | INFO |    Saved predictions: C:\Users\DREAMUSER\Documents\NSE Volatility Project\NSE_Volatility_Project\results\forecasts\WAPCO_predictions.csv
2026-04-28 09:16:31,252 | INFO | [OK] Best: Random Forest, RMSE: 0.038853, MAPE: 10.83%
2026-04-28 09:16:31,261 | INFO | 
[OK] Reports saved to C:\Users\DREAMUSER\Documents\NSE Volatility Project\NSE_Volatility_Project\results\tables
2026-04-28 09:16:31,264 | INFO | 
======================================================================
2026-04-28 09:16:31,266 | INFO | PIPELINE COMPLETE
2026-04-28 09:16:31,269 | INFO | Success: 15/15 stocks
2026-04-28 09:16:31,269 | INFO | Time: 0.5 minutes
2026-04-28 09:16:31,270 | INFO | ======================================================================
2026-04-28 09:16:31,270 | INFO | Dashboard-compatible files created:
2026-04-28 09:16:31,271 | INFO |    - data/processed/{stock}_features.csv
2026-04-28 09:16:31,273 | INFO |    - results/tables/{stock}_model_comparison.csv
2026-04-28 09:16:31,273 | INFO |    - results/forecasts/{stock}_predictions.csv
2026-04-28 09:16:31,274 | INFO | 
Run: streamlit run app.py
2026-04-28 09:16:31,274 | INFO | ======================================================================
2026-04-29 14:00:41,019 | INFO | 
======================================================================
2026-04-29 14:00:41,020 | INFO | NSE STOCK VOLATILITY PREDICTION PIPELINE
2026-04-29 14:00:41,020 | INFO | Started: 2026-04-29 14:00:41
2026-04-29 14:00:41,020 | INFO | ======================================================================
2026-04-29 14:00:41,026 | INFO | [OK] Found 15 stocks to process
2026-04-29 14:00:41,027 | INFO | 
============================================================
2026-04-29 14:00:41,027 | INFO | Processing: DANGCEM
2026-04-29 14:00:41,027 | INFO | ============================================================
2026-04-29 14:00:41,028 | INFO | [1/6] Loading raw data...
2026-04-29 14:00:41,028 | INFO | [WAIT] Loading DANGCEM from C:\Users\DREAMUSER\Documents\NSE Volatility Project\NSE_Volatility_Project\data\raw\DANGCEM.csv
2026-04-29 14:00:41,029 | INFO |    Trying encoding: utf-8
2026-04-29 14:00:41,100 | INFO |    Read 1545 rows with 7 columns using utf-8
2026-04-29 14:00:41,103 | INFO |    Original columns: ['Date', 'Price', 'Open', 'High', 'Low', 'Vol.', 'Change %']
2026-04-29 14:00:41,104 | INFO |    Cleaned columns: ['Date', 'Price', 'Open', 'High', 'Low', 'Vol.', 'Change %']
2026-04-29 14:00:41,118 | INFO |    First few rows:
        Date  Price   Open   High    Low     Vol. Change %
0  3/27/2026  810.0  810.0  810.0  800.0  857.88K    0.00%
1  3/26/2026  810.0  810.0  810.0  810.0    1.13M    0.00%
2026-04-29 14:00:41,118 | INFO |    Column map: {'date': 'Date', 'price': 'Price', 'open': 'Open', 'high': 'High', 'low': 'Low', 'vol.': 'Vol.', 'change_%': 'Change %'}
2026-04-29 14:00:41,120 | INFO |    Matched columns: {'Price': 'Price', 'Open': 'Open', 'High': 'High', 'Low': 'Low'}
2026-04-29 14:00:41,161 | INFO |    Final DataFrame: 1545 rows, columns: ['Date', 'Price', 'Open', 'High', 'Low', 'Volume']
2026-04-29 14:00:41,161 | INFO | [OK] Loaded 1545 rows
2026-04-29 14:00:41,162 | INFO |    Loaded 1545 rows, columns: ['Date', 'Price', 'Open', 'High', 'Low', 'Volume']
2026-04-29 14:00:41,162 | INFO | [2/6] Engineering features...
2026-04-29 14:00:41,248 | INFO |    Created 946 rows with 48 features
2026-04-29 14:00:41,248 | INFO | [3/6] Saving processed data...
2026-04-29 14:00:41,323 | INFO |    Saved: C:\Users\DREAMUSER\Documents\NSE Volatility Project\NSE_Volatility_Project\data\processed\DANGCEM_features.csv
2026-04-29 14:00:41,324 | INFO | [4/6] Preparing ML dataset...
2026-04-29 14:00:41,329 | INFO | [5/6] Training ML models...
2026-04-29 14:00:42,310 | INFO |    Random Forest: RMSE=0.051811
2026-04-29 14:00:42,470 | INFO |    Ridge: RMSE=0.050804
2026-04-29 14:00:43,800 | INFO |    XGBoost: RMSE=0.054207
2026-04-29 14:00:43,801 | INFO | [6/6] Evaluating and saving results...
2026-04-29 14:00:43,820 | INFO |    Saved comparison: C:\Users\DREAMUSER\Documents\NSE Volatility Project\NSE_Volatility_Project\results\tables\DANGCEM_model_comparison.csv
2026-04-29 14:00:43,830 | INFO |    Saved predictions: C:\Users\DREAMUSER\Documents\NSE Volatility Project\NSE_Volatility_Project\results\forecasts\DANGCEM_predictions.csv
2026-04-29 14:00:43,833 | INFO | [OK] Best: Ridge, RMSE: 0.050804, MAPE: 10.04%
2026-04-29 14:00:43,836 | INFO | 
============================================================
2026-04-29 14:00:43,837 | INFO | Processing: DANGSUG
2026-04-29 14:00:43,837 | INFO | ============================================================
2026-04-29 14:00:43,838 | INFO | [1/6] Loading raw data...
2026-04-29 14:00:43,839 | INFO | [WAIT] Loading DANGSUG from C:\Users\DREAMUSER\Documents\NSE Volatility Project\NSE_Volatility_Project\data\raw\DANGSUG.csv
2026-04-29 14:00:43,840 | INFO |    Trying encoding: utf-8
2026-04-29 14:00:43,897 | INFO |    Read 1545 rows with 7 columns using utf-8
2026-04-29 14:00:43,899 | INFO |    Original columns: ['Date', 'Price', 'Open', 'High', 'Low', 'Vol.', 'Change %']
2026-04-29 14:00:43,899 | INFO |    Cleaned columns: ['Date', 'Price', 'Open', 'High', 'Low', 'Vol.', 'Change %']
2026-04-29 14:00:43,912 | INFO |    First few rows:
         Date  Price  Open  High   Low   Vol. Change %
0  03/27/2026   70.0  71.0  72.0  69.5  3.36M   -1.41%
1  03/26/2026   71.0  71.5  71.0  71.0  1.19M   -0.70%
2026-04-29 14:00:43,912 | INFO |    Column map: {'date': 'Date', 'price': 'Price', 'open': 'Open', 'high': 'High', 'low': 'Low', 'vol.': 'Vol.', 'change_%': 'Change %'}
2026-04-29 14:00:43,913 | INFO |    Matched columns: {'Price': 'Price', 'Open': 'Open', 'High': 'High', 'Low': 'Low'}
2026-04-29 14:00:43,941 | INFO |    Final DataFrame: 1545 rows, columns: ['Date', 'Price', 'Open', 'High', 'Low', 'Volume']
2026-04-29 14:00:43,941 | INFO | [OK] Loaded 1545 rows
2026-04-29 14:00:43,942 | INFO |    Loaded 1545 rows, columns: ['Date', 'Price', 'Open', 'High', 'Low', 'Volume']
2026-04-29 14:00:43,942 | INFO | [2/6] Engineering features...
2026-04-29 14:00:44,010 | INFO |    Created 1285 rows with 48 features
2026-04-29 14:00:44,011 | INFO | [3/6] Saving processed data...
2026-04-29 14:00:44,112 | INFO |    Saved: C:\Users\DREAMUSER\Documents\NSE Volatility Project\NSE_Volatility_Project\data\processed\DANGSUG_features.csv
2026-04-29 14:00:44,112 | INFO | [4/6] Preparing ML dataset...
2026-04-29 14:00:44,117 | INFO | [5/6] Training ML models...
2026-04-29 14:00:45,278 | INFO |    Random Forest: RMSE=0.044077
2026-04-29 14:00:45,287 | INFO |    Ridge: RMSE=0.037098
2026-04-29 14:00:46,247 | INFO |    XGBoost: RMSE=0.047019
2026-04-29 14:00:46,247 | INFO | [6/6] Evaluating and saving results...
2026-04-29 14:00:46,263 | INFO |    Saved comparison: C:\Users\DREAMUSER\Documents\NSE Volatility Project\NSE_Volatility_Project\results\tables\DANGSUG_model_comparison.csv
2026-04-29 14:00:46,274 | INFO |    Saved predictions: C:\Users\DREAMUSER\Documents\NSE Volatility Project\NSE_Volatility_Project\results\forecasts\DANGSUG_predictions.csv
2026-04-29 14:00:46,276 | INFO | [OK] Best: Ridge, RMSE: 0.037098, MAPE: 5.32%
2026-04-29 14:00:46,280 | INFO | 
============================================================
2026-04-29 14:00:46,280 | INFO | Processing: MTNN
2026-04-29 14:00:46,282 | INFO | ============================================================
2026-04-29 14:00:46,282 | INFO | [1/6] Loading raw data...
2026-04-29 14:00:46,285 | INFO | [WAIT] Loading MTNN from C:\Users\DREAMUSER\Documents\NSE Volatility Project\NSE_Volatility_Project\data\raw\MTNN.csv
2026-04-29 14:00:46,287 | INFO |    Trying encoding: utf-8
2026-04-29 14:00:46,345 | INFO |    Read 1545 rows with 7 columns using utf-8
2026-04-29 14:00:46,350 | INFO |    Original columns: ['Date', 'Price', 'Open', 'High', 'Low', 'Vol.', 'Change %']
2026-04-29 14:00:46,351 | INFO |    Cleaned columns: ['Date', 'Price', 'Open', 'High', 'Low', 'Vol.', 'Change %']
2026-04-29 14:00:46,364 | INFO |    First few rows:
         Date  Price   Open   High    Low    Vol. Change %
0  03/27/2026  718.0  719.1  720.0  717.0   3.77M   -0.15%
1  03/26/2026  719.1  718.0  720.0  718.0  15.37M    0.15%
2026-04-29 14:00:46,365 | INFO |    Column map: {'date': 'Date', 'price': 'Price', 'open': 'Open', 'high': 'High', 'low': 'Low', 'vol.': 'Vol.', 'change_%': 'Change %'}
2026-04-29 14:00:46,365 | INFO |    Matched columns: {'Price': 'Price', 'Open': 'Open', 'High': 'High', 'Low': 'Low'}
2026-04-29 14:00:46,411 | INFO |    Final DataFrame: 1545 rows, columns: ['Date', 'Price', 'Open', 'High', 'Low', 'Volume']
2026-04-29 14:00:46,411 | INFO | [OK] Loaded 1545 rows
2026-04-29 14:00:46,412 | INFO |    Loaded 1545 rows, columns: ['Date', 'Price', 'Open', 'High', 'Low', 'Volume']
2026-04-29 14:00:46,412 | INFO | [2/6] Engineering features...
2026-04-29 14:00:46,528 | INFO |    Created 1282 rows with 48 features
2026-04-29 14:00:46,529 | INFO | [3/6] Saving processed data...
2026-04-29 14:00:46,654 | INFO |    Saved: C:\Users\DREAMUSER\Documents\NSE Volatility Project\NSE_Volatility_Project\data\processed\MTNN_features.csv
2026-04-29 14:00:46,655 | INFO | [4/6] Preparing ML dataset...
2026-04-29 14:00:46,661 | INFO | [5/6] Training ML models...
2026-04-29 14:00:47,790 | INFO |    Random Forest: RMSE=0.045903
2026-04-29 14:00:47,800 | INFO |    Ridge: RMSE=0.050053
2026-04-29 14:00:48,675 | INFO |    XGBoost: RMSE=0.058028
2026-04-29 14:00:48,675 | INFO | [6/6] Evaluating and saving results...
2026-04-29 14:00:48,691 | INFO |    Saved comparison: C:\Users\DREAMUSER\Documents\NSE Volatility Project\NSE_Volatility_Project\results\tables\MTNN_model_comparison.csv
2026-04-29 14:00:48,703 | INFO |    Saved predictions: C:\Users\DREAMUSER\Documents\NSE Volatility Project\NSE_Volatility_Project\results\forecasts\MTNN_predictions.csv
2026-04-29 14:00:48,705 | INFO | [OK] Best: Random Forest, RMSE: 0.045903, MAPE: 9.90%
2026-04-29 14:00:48,709 | INFO | 
============================================================
2026-04-29 14:00:48,710 | INFO | Processing: GTCO
2026-04-29 14:00:48,711 | INFO | ============================================================
2026-04-29 14:00:48,712 | INFO | [1/6] Loading raw data...
2026-04-29 14:00:48,714 | INFO | [WAIT] Loading GTCO from C:\Users\DREAMUSER\Documents\NSE Volatility Project\NSE_Volatility_Project\data\raw\GTCO.csv
2026-04-29 14:00:48,714 | INFO |    Trying encoding: utf-8
2026-04-29 14:00:48,772 | INFO |    Read 1541 rows with 7 columns using utf-8
2026-04-29 14:00:48,774 | INFO |    Original columns: ['Date', 'Price', 'Open', 'High', 'Low', 'Vol.', 'Change %']
2026-04-29 14:00:48,774 | INFO |    Cleaned columns: ['Date', 'Price', 'Open', 'High', 'Low', 'Vol.', 'Change %']
2026-04-29 14:00:48,781 | INFO |    First few rows:
         Date  Price    Open   High    Low    Vol. Change %
0  03/27/2026  116.1  115.40  116.9  112.0  19.18M    0.61%
1  03/26/2026  115.4  114.55  115.5  115.3   9.53M    0.74%
2026-04-29 14:00:48,782 | INFO |    Column map: {'date': 'Date', 'price': 'Price', 'open': 'Open', 'high': 'High', 'low': 'Low', 'vol.': 'Vol.', 'change_%': 'Change %'}
2026-04-29 14:00:48,782 | INFO |    Matched columns: {'Price': 'Price', 'Open': 'Open', 'High': 'High', 'Low': 'Low'}
2026-04-29 14:00:48,813 | INFO |    Final DataFrame: 1541 rows, columns: ['Date', 'Price', 'Open', 'High', 'Low', 'Volume']
2026-04-29 14:00:48,813 | INFO | [OK] Loaded 1541 rows
2026-04-29 14:00:48,814 | INFO |    Loaded 1541 rows, columns: ['Date', 'Price', 'Open', 'High', 'Low', 'Volume']
2026-04-29 14:00:48,814 | INFO | [2/6] Engineering features...
2026-04-29 14:00:48,880 | INFO |    Created 1288 rows with 48 features
2026-04-29 14:00:48,881 | INFO | [3/6] Saving processed data...
2026-04-29 14:00:48,999 | INFO |    Saved: C:\Users\DREAMUSER\Documents\NSE Volatility Project\NSE_Volatility_Project\data\processed\GTCO_features.csv
2026-04-29 14:00:48,999 | INFO | [4/6] Preparing ML dataset...
2026-04-29 14:00:49,008 | INFO | [5/6] Training ML models...
2026-04-29 14:00:50,234 | INFO |    Random Forest: RMSE=0.040092
2026-04-29 14:00:50,244 | INFO |    Ridge: RMSE=0.037164
2026-04-29 14:00:51,208 | INFO |    XGBoost: RMSE=0.040271
2026-04-29 14:00:51,208 | INFO | [6/6] Evaluating and saving results...
2026-04-29 14:00:51,227 | INFO |    Saved comparison: C:\Users\DREAMUSER\Documents\NSE Volatility Project\NSE_Volatility_Project\results\tables\GTCO_model_comparison.csv
2026-04-29 14:00:51,240 | INFO |    Saved predictions: C:\Users\DREAMUSER\Documents\NSE Volatility Project\NSE_Volatility_Project\results\forecasts\GTCO_predictions.csv
2026-04-29 14:00:51,242 | INFO | [OK] Best: Ridge, RMSE: 0.037164, MAPE: 7.51%
2026-04-29 14:00:51,247 | INFO | 
============================================================
2026-04-29 14:00:51,248 | INFO | Processing: SEPLAT
2026-04-29 14:00:51,252 | INFO | ============================================================
2026-04-29 14:00:51,255 | INFO | [1/6] Loading raw data...
2026-04-29 14:00:51,257 | INFO | [WAIT] Loading SEPLAT from C:\Users\DREAMUSER\Documents\NSE Volatility Project\NSE_Volatility_Project\data\raw\SEPLAT.csv
2026-04-29 14:00:51,257 | INFO |    Trying encoding: utf-8
2026-04-29 14:00:51,334 | INFO |    Read 1546 rows with 7 columns using utf-8
2026-04-29 14:00:51,335 | INFO |    Original columns: ['Date', 'Price', 'Open', 'High', 'Low', 'Vol.', 'Change %']
2026-04-29 14:00:51,335 | INFO |    Cleaned columns: ['Date', 'Price', 'Open', 'High', 'Low', 'Vol.', 'Change %']
2026-04-29 14:00:51,346 | INFO |    First few rows:
         Date     Price      Open      High       Low     Vol. Change %
0  03/27/2026  9,099.90  9,099.90  9,450.00  9,000.10   30.88K    0.00%
1  03/26/2026  9,099.90  9,099.90  9,099.90  9,099.90  137.41K    0.00%
2026-04-29 14:00:51,347 | INFO |    Column map: {'date': 'Date', 'price': 'Price', 'open': 'Open', 'high': 'High', 'low': 'Low', 'vol.': 'Vol.', 'change_%': 'Change %'}
2026-04-29 14:00:51,347 | INFO |    Matched columns: {'Price': 'Price', 'Open': 'Open', 'High': 'High', 'Low': 'Low'}
2026-04-29 14:00:51,409 | INFO |    Final DataFrame: 591 rows, columns: ['Date', 'Price', 'Open', 'High', 'Low', 'Volume']
2026-04-29 14:00:51,409 | INFO | [OK] Loaded 591 rows
2026-04-29 14:00:51,409 | INFO |    Loaded 591 rows, columns: ['Date', 'Price', 'Open', 'High', 'Low', 'Volume']
2026-04-29 14:00:51,410 | INFO | [2/6] Engineering features...
2026-04-29 14:00:51,512 | INFO |    Created 270 rows with 48 features
2026-04-29 14:00:51,512 | INFO | [3/6] Saving processed data...
2026-04-29 14:00:51,556 | INFO |    Saved: C:\Users\DREAMUSER\Documents\NSE Volatility Project\NSE_Volatility_Project\data\processed\SEPLAT_features.csv
2026-04-29 14:00:51,557 | INFO | [4/6] Preparing ML dataset...
2026-04-29 14:00:51,567 | INFO | [5/6] Training ML models...
2026-04-29 14:00:52,058 | INFO |    Random Forest: RMSE=0.103676
2026-04-29 14:00:52,072 | INFO |    Ridge: RMSE=0.099766
2026-04-29 14:00:52,278 | INFO |    XGBoost: RMSE=0.153734
2026-04-29 14:00:52,279 | INFO | [6/6] Evaluating and saving results...
2026-04-29 14:00:52,302 | INFO |    Saved comparison: C:\Users\DREAMUSER\Documents\NSE Volatility Project\NSE_Volatility_Project\results\tables\SEPLAT_model_comparison.csv
2026-04-29 14:00:52,310 | INFO |    Saved predictions: C:\Users\DREAMUSER\Documents\NSE Volatility Project\NSE_Volatility_Project\results\forecasts\SEPLAT_predictions.csv
2026-04-29 14:00:52,312 | INFO | [OK] Best: Ridge, RMSE: 0.099766, MAPE: 24.10%
2026-04-29 14:00:52,314 | INFO | 
============================================================
2026-04-29 14:00:52,318 | INFO | Processing: AIRTEL
2026-04-29 14:00:52,319 | INFO | ============================================================
2026-04-29 14:00:52,320 | INFO | [1/6] Loading raw data...
2026-04-29 14:00:52,321 | INFO | [WAIT] Loading AIRTEL from C:\Users\DREAMUSER\Documents\NSE Volatility Project\NSE_Volatility_Project\data\raw\AIRTEL.csv
2026-04-29 14:00:52,321 | INFO |    Trying encoding: utf-8
2026-04-29 14:00:52,372 | INFO |    Read 1530 rows with 7 columns using utf-8
2026-04-29 14:00:52,373 | INFO |    Original columns: ['Date', 'Price', 'Open', 'High', 'Low', 'Vol.', 'Change %']
2026-04-29 14:00:52,373 | INFO |    Cleaned columns: ['Date', 'Price', 'Open', 'High', 'Low', 'Vol.', 'Change %']
2026-04-29 14:00:52,388 | INFO |    First few rows:
         Date     Price      Open      High       Low   Vol. Change %
0  03/27/2026  2,497.00  2,497.00  2,746.70  2,497.00  0.42K    0.00%
1  03/26/2026  2,497.00  2,497.00  2,497.00  2,497.00    NaN    0.00%
2026-04-29 14:00:52,389 | INFO |    Column map: {'date': 'Date', 'price': 'Price', 'open': 'Open', 'high': 'High', 'low': 'Low', 'vol.': 'Vol.', 'change_%': 'Change %'}
2026-04-29 14:00:52,390 | INFO |    Matched columns: {'Price': 'Price', 'Open': 'Open', 'High': 'High', 'Low': 'Low'}
2026-04-29 14:00:52,453 | INFO |    Final DataFrame: 482 rows, columns: ['Date', 'Price', 'Open', 'High', 'Low', 'Volume']
2026-04-29 14:00:52,453 | INFO | [OK] Loaded 482 rows
2026-04-29 14:00:52,454 | INFO |    Loaded 482 rows, columns: ['Date', 'Price', 'Open', 'High', 'Low', 'Volume']
2026-04-29 14:00:52,454 | INFO | [2/6] Engineering features...
2026-04-29 14:00:52,551 | INFO |    Created 147 rows with 48 features
2026-04-29 14:00:52,551 | INFO | [3/6] Saving processed data...
2026-04-29 14:00:52,576 | INFO |    Saved: C:\Users\DREAMUSER\Documents\NSE Volatility Project\NSE_Volatility_Project\data\processed\AIRTEL_features.csv
2026-04-29 14:00:52,576 | INFO | [4/6] Preparing ML dataset...
2026-04-29 14:00:52,585 | INFO | [5/6] Training ML models...
2026-04-29 14:00:53,043 | INFO |    Random Forest: RMSE=0.050599
2026-04-29 14:00:53,052 | INFO |    Ridge: RMSE=0.097376
2026-04-29 14:00:53,152 | INFO |    XGBoost: RMSE=0.107524
2026-04-29 14:00:53,153 | INFO | [6/6] Evaluating and saving results...
2026-04-29 14:00:53,166 | INFO |    Saved comparison: C:\Users\DREAMUSER\Documents\NSE Volatility Project\NSE_Volatility_Project\results\tables\AIRTEL_model_comparison.csv
2026-04-29 14:00:53,175 | INFO |    Saved predictions: C:\Users\DREAMUSER\Documents\NSE Volatility Project\NSE_Volatility_Project\results\forecasts\AIRTEL_predictions.csv
2026-04-29 14:00:53,176 | INFO | [OK] Best: Random Forest, RMSE: 0.050599, MAPE: 19.82%
2026-04-29 14:00:53,178 | INFO | 
============================================================
2026-04-29 14:00:53,178 | INFO | Processing: INTERBREW
2026-04-29 14:00:53,178 | INFO | ============================================================
2026-04-29 14:00:53,178 | INFO | [1/6] Loading raw data...
2026-04-29 14:00:53,179 | INFO | [WAIT] Loading INTERBREW from C:\Users\DREAMUSER\Documents\NSE Volatility Project\NSE_Volatility_Project\data\raw\INTERBREW.csv
2026-04-29 14:00:53,179 | INFO |    Trying encoding: utf-8
2026-04-29 14:00:53,242 | INFO |    Read 1545 rows with 7 columns using utf-8
2026-04-29 14:00:53,243 | INFO |    Original columns: ['Date', 'Price', 'Open', 'High', 'Low', 'Vol.', 'Change %']
2026-04-29 14:00:53,244 | INFO |    Cleaned columns: ['Date', 'Price', 'Open', 'High', 'Low', 'Vol.', 'Change %']
2026-04-29 14:00:53,258 | INFO |    First few rows:
         Date  Price  Open  High    Low   Vol. Change %
0  03/27/2026   13.9  14.4  14.7  13.15  1.69M   -3.47%
1  03/26/2026   14.4  14.4  14.4  14.40  1.78M    0.00%
2026-04-29 14:00:53,260 | INFO |    Column map: {'date': 'Date', 'price': 'Price', 'open': 'Open', 'high': 'High', 'low': 'Low', 'vol.': 'Vol.', 'change_%': 'Change %'}
2026-04-29 14:00:53,262 | INFO |    Matched columns: {'Price': 'Price', 'Open': 'Open', 'High': 'High', 'Low': 'Low'}
2026-04-29 14:00:53,309 | INFO |    Final DataFrame: 1545 rows, columns: ['Date', 'Price', 'Open', 'High', 'Low', 'Volume']
2026-04-29 14:00:53,309 | INFO | [OK] Loaded 1545 rows
2026-04-29 14:00:53,310 | INFO |    Loaded 1545 rows, columns: ['Date', 'Price', 'Open', 'High', 'Low', 'Volume']
2026-04-29 14:00:53,310 | INFO | [2/6] Engineering features...
2026-04-29 14:00:53,430 | INFO |    Created 1286 rows with 48 features
2026-04-29 14:00:53,430 | INFO | [3/6] Saving processed data...
2026-04-29 14:00:53,542 | INFO |    Saved: C:\Users\DREAMUSER\Documents\NSE Volatility Project\NSE_Volatility_Project\data\processed\INTERBREW_features.csv
2026-04-29 14:00:53,543 | INFO | [4/6] Preparing ML dataset...
2026-04-29 14:00:53,549 | INFO | [5/6] Training ML models...
2026-04-29 14:00:54,681 | INFO |    Random Forest: RMSE=0.048432
2026-04-29 14:00:54,689 | INFO |    Ridge: RMSE=0.054270
2026-04-29 14:00:55,606 | INFO |    XGBoost: RMSE=0.053817
2026-04-29 14:00:55,606 | INFO | [6/6] Evaluating and saving results...
2026-04-29 14:00:55,625 | INFO |    Saved comparison: C:\Users\DREAMUSER\Documents\NSE Volatility Project\NSE_Volatility_Project\results\tables\INTERBREW_model_comparison.csv
2026-04-29 14:00:55,638 | INFO |    Saved predictions: C:\Users\DREAMUSER\Documents\NSE Volatility Project\NSE_Volatility_Project\results\forecasts\INTERBREW_predictions.csv
2026-04-29 14:00:55,640 | INFO | [OK] Best: Random Forest, RMSE: 0.048432, MAPE: 5.91%
2026-04-29 14:00:55,647 | INFO | 
============================================================
2026-04-29 14:00:55,647 | INFO | Processing: FIRSTHOLDCO
2026-04-29 14:00:55,647 | INFO | ============================================================
2026-04-29 14:00:55,649 | INFO | [1/6] Loading raw data...
2026-04-29 14:00:55,650 | INFO | [WAIT] Loading FIRSTHOLDCO from C:\Users\DREAMUSER\Documents\NSE Volatility Project\NSE_Volatility_Project\data\raw\FIRSTHOLDCO.csv
2026-04-29 14:00:55,651 | INFO |    Trying encoding: utf-8
2026-04-29 14:00:55,709 | INFO |    Read 1544 rows with 7 columns using utf-8
2026-04-29 14:00:55,711 | INFO |    Original columns: ['Date', 'Price', 'Open', 'High', 'Low', 'Vol.', 'Change %']
2026-04-29 14:00:55,712 | INFO |    Cleaned columns: ['Date', 'Price', 'Open', 'High', 'Low', 'Vol.', 'Change %']
2026-04-29 14:00:55,721 | INFO |    First few rows:
         Date  Price  Open  High    Low   Vol. Change %
0  03/27/2026   50.5  50.5  51.8  50.45  5.47M   -0.98%
1  03/26/2026   51.0  51.0  51.5  50.90  7.24M    0.10%
2026-04-29 14:00:55,721 | INFO |    Column map: {'date': 'Date', 'price': 'Price', 'open': 'Open', 'high': 'High', 'low': 'Low', 'vol.': 'Vol.', 'change_%': 'Change %'}
2026-04-29 14:00:55,722 | INFO |    Matched columns: {'Price': 'Price', 'Open': 'Open', 'High': 'High', 'Low': 'Low'}
2026-04-29 14:00:55,752 | INFO |    Final DataFrame: 1544 rows, columns: ['Date', 'Price', 'Open', 'High', 'Low', 'Volume']
2026-04-29 14:00:55,752 | INFO | [OK] Loaded 1544 rows
2026-04-29 14:00:55,753 | INFO |    Loaded 1544 rows, columns: ['Date', 'Price', 'Open', 'High', 'Low', 'Volume']
2026-04-29 14:00:55,753 | INFO | [2/6] Engineering features...
2026-04-29 14:00:55,818 | INFO |    Created 1291 rows with 48 features
2026-04-29 14:00:55,819 | INFO | [3/6] Saving processed data...
2026-04-29 14:00:55,954 | INFO |    Saved: C:\Users\DREAMUSER\Documents\NSE Volatility Project\NSE_Volatility_Project\data\processed\FIRSTHOLDCO_features.csv
2026-04-29 14:00:55,955 | INFO | [4/6] Preparing ML dataset...
2026-04-29 14:00:55,962 | INFO | [5/6] Training ML models...
2026-04-29 14:00:57,086 | INFO |    Random Forest: RMSE=0.038172
2026-04-29 14:00:57,106 | INFO |    Ridge: RMSE=0.035007
2026-04-29 14:00:58,003 | INFO |    XGBoost: RMSE=0.044363
2026-04-29 14:00:58,003 | INFO | [6/6] Evaluating and saving results...
2026-04-29 14:00:58,022 | INFO |    Saved comparison: C:\Users\DREAMUSER\Documents\NSE Volatility Project\NSE_Volatility_Project\results\tables\FIRSTHOLDCO_model_comparison.csv
2026-04-29 14:00:58,034 | INFO |    Saved predictions: C:\Users\DREAMUSER\Documents\NSE Volatility Project\NSE_Volatility_Project\results\forecasts\FIRSTHOLDCO_predictions.csv
2026-04-29 14:00:58,037 | INFO | [OK] Best: Ridge, RMSE: 0.035007, MAPE: 6.56%
2026-04-29 14:00:58,045 | INFO | 
============================================================
2026-04-29 14:00:58,048 | INFO | Processing: ETI
2026-04-29 14:00:58,048 | INFO | ============================================================
2026-04-29 14:00:58,049 | INFO | [1/6] Loading raw data...
2026-04-29 14:00:58,050 | INFO | [WAIT] Loading ETI from C:\Users\DREAMUSER\Documents\NSE Volatility Project\NSE_Volatility_Project\data\raw\ETI.csv
2026-04-29 14:00:58,051 | INFO |    Trying encoding: utf-8
2026-04-29 14:00:58,112 | INFO |    Read 1545 rows with 7 columns using utf-8
2026-04-29 14:00:58,115 | INFO |    Original columns: ['Date', 'Price', 'Open', 'High', 'Low', 'Vol.', 'Change %']
2026-04-29 14:00:58,115 | INFO |    Cleaned columns: ['Date', 'Price', 'Open', 'High', 'Low', 'Vol.', 'Change %']
2026-04-29 14:00:58,131 | INFO |    First few rows:
         Date  Price  Open  High   Low     Vol. Change %
0  03/27/2026   46.0  47.0  48.0  44.6  218.71K    0.00%
1  03/26/2026   46.0  46.0  46.0  46.0  345.80K    0.00%
2026-04-29 14:00:58,131 | INFO |    Column map: {'date': 'Date', 'price': 'Price', 'open': 'Open', 'high': 'High', 'low': 'Low', 'vol.': 'Vol.', 'change_%': 'Change %'}
2026-04-29 14:00:58,132 | INFO |    Matched columns: {'Price': 'Price', 'Open': 'Open', 'High': 'High', 'Low': 'Low'}
2026-04-29 14:00:58,179 | INFO |    Final DataFrame: 1545 rows, columns: ['Date', 'Price', 'Open', 'High', 'Low', 'Volume']
2026-04-29 14:00:58,179 | INFO | [OK] Loaded 1545 rows
2026-04-29 14:00:58,180 | INFO |    Loaded 1545 rows, columns: ['Date', 'Price', 'Open', 'High', 'Low', 'Volume']
2026-04-29 14:00:58,180 | INFO | [2/6] Engineering features...
2026-04-29 14:00:58,275 | INFO |    Created 1264 rows with 48 features
2026-04-29 14:00:58,275 | INFO | [3/6] Saving processed data...
2026-04-29 14:00:58,395 | INFO |    Saved: C:\Users\DREAMUSER\Documents\NSE Volatility Project\NSE_Volatility_Project\data\processed\ETI_features.csv
2026-04-29 14:00:58,396 | INFO | [4/6] Preparing ML dataset...
2026-04-29 14:00:58,402 | INFO | [5/6] Training ML models...
2026-04-29 14:00:59,667 | INFO |    Random Forest: RMSE=0.060695
2026-04-29 14:00:59,684 | INFO |    Ridge: RMSE=0.044792
2026-04-29 14:01:00,635 | INFO |    XGBoost: RMSE=0.088833
2026-04-29 14:01:00,636 | INFO | [6/6] Evaluating and saving results...
2026-04-29 14:01:00,655 | INFO |    Saved comparison: C:\Users\DREAMUSER\Documents\NSE Volatility Project\NSE_Volatility_Project\results\tables\ETI_model_comparison.csv
2026-04-29 14:01:00,671 | INFO |    Saved predictions: C:\Users\DREAMUSER\Documents\NSE Volatility Project\NSE_Volatility_Project\results\forecasts\ETI_predictions.csv
2026-04-29 14:01:00,675 | INFO | [OK] Best: Ridge, RMSE: 0.044792, MAPE: 7.64%
2026-04-29 14:01:00,683 | INFO | 
============================================================
2026-04-29 14:01:00,684 | INFO | Processing: ZENITH
2026-04-29 14:01:00,684 | INFO | ============================================================
2026-04-29 14:01:00,684 | INFO | [1/6] Loading raw data...
2026-04-29 14:01:00,685 | INFO | [WAIT] Loading ZENITH from C:\Users\DREAMUSER\Documents\NSE Volatility Project\NSE_Volatility_Project\data\raw\ZENITH.csv
2026-04-29 14:01:00,685 | INFO |    Trying encoding: utf-8
2026-04-29 14:01:00,738 | INFO |    Read 1546 rows with 7 columns using utf-8
2026-04-29 14:01:00,742 | INFO |    Original columns: ['Date', 'Price', 'Open', 'High', 'Low', 'Vol.', 'Change %']
2026-04-29 14:01:00,743 | INFO |    Cleaned columns: ['Date', 'Price', 'Open', 'High', 'Low', 'Vol.', 'Change %']
2026-04-29 14:01:00,751 | INFO |    First few rows:
         Date   Price    Open    High    Low    Vol. Change %
0  03/27/2026  103.00  103.05  105.00  102.5  13.81M   -0.05%
1  03/26/2026  103.05  101.50  104.45  103.0  17.08M    1.53%
2026-04-29 14:01:00,752 | INFO |    Column map: {'date': 'Date', 'price': 'Price', 'open': 'Open', 'high': 'High', 'low': 'Low', 'vol.': 'Vol.', 'change_%': 'Change %'}
2026-04-29 14:01:00,754 | INFO |    Matched columns: {'Price': 'Price', 'Open': 'Open', 'High': 'High', 'Low': 'Low'}
2026-04-29 14:01:00,784 | INFO |    Final DataFrame: 1546 rows, columns: ['Date', 'Price', 'Open', 'High', 'Low', 'Volume']
2026-04-29 14:01:00,785 | INFO | [OK] Loaded 1546 rows
2026-04-29 14:01:00,785 | INFO |    Loaded 1546 rows, columns: ['Date', 'Price', 'Open', 'High', 'Low', 'Volume']
2026-04-29 14:01:00,785 | INFO | [2/6] Engineering features...
2026-04-29 14:01:00,871 | INFO |    Created 1293 rows with 48 features
2026-04-29 14:01:00,871 | INFO | [3/6] Saving processed data...
2026-04-29 14:01:01,027 | INFO |    Saved: C:\Users\DREAMUSER\Documents\NSE Volatility Project\NSE_Volatility_Project\data\processed\ZENITH_features.csv
2026-04-29 14:01:01,028 | INFO | [4/6] Preparing ML dataset...
2026-04-29 14:01:01,034 | INFO | [5/6] Training ML models...
2026-04-29 14:01:02,449 | INFO |    Random Forest: RMSE=0.044324
2026-04-29 14:01:02,458 | INFO |    Ridge: RMSE=0.041887
2026-04-29 14:01:03,250 | INFO |    XGBoost: RMSE=0.051313
2026-04-29 14:01:03,251 | INFO | [6/6] Evaluating and saving results...
2026-04-29 14:01:03,269 | INFO |    Saved comparison: C:\Users\DREAMUSER\Documents\NSE Volatility Project\NSE_Volatility_Project\results\tables\ZENITH_model_comparison.csv
2026-04-29 14:01:03,285 | INFO |    Saved predictions: C:\Users\DREAMUSER\Documents\NSE Volatility Project\NSE_Volatility_Project\results\forecasts\ZENITH_predictions.csv
2026-04-29 14:01:03,287 | INFO | [OK] Best: Ridge, RMSE: 0.041887, MAPE: 7.10%
2026-04-29 14:01:03,291 | INFO | 
============================================================
2026-04-29 14:01:03,294 | INFO | Processing: CWG
2026-04-29 14:01:03,295 | INFO | ============================================================
2026-04-29 14:01:03,295 | INFO | [1/6] Loading raw data...
2026-04-29 14:01:03,296 | INFO | [WAIT] Loading CWG from C:\Users\DREAMUSER\Documents\NSE Volatility Project\NSE_Volatility_Project\data\raw\CWG.csv
2026-04-29 14:01:03,296 | INFO |    Trying encoding: utf-8
2026-04-29 14:01:03,371 | INFO |    Read 1107 rows with 7 columns using utf-8
2026-04-29 14:01:03,372 | INFO |    Original columns: ['Date', 'Price', 'Open', 'High', 'Low', 'Vol.', 'Change %']
2026-04-29 14:01:03,373 | INFO |    Cleaned columns: ['Date', 'Price', 'Open', 'High', 'Low', 'Vol.', 'Change %']
2026-04-29 14:01:03,379 | INFO |    First few rows:
         Date  Price  Open  High    Low   Vol. Change %
0  03/27/2026   22.0  22.9  22.0  22.00  1.42M   -3.93%
1  03/26/2026   22.9  21.7  22.9  22.45  2.58M    5.53%
2026-04-29 14:01:03,379 | INFO |    Column map: {'date': 'Date', 'price': 'Price', 'open': 'Open', 'high': 'High', 'low': 'Low', 'vol.': 'Vol.', 'change_%': 'Change %'}
2026-04-29 14:01:03,379 | INFO |    Matched columns: {'Price': 'Price', 'Open': 'Open', 'High': 'High', 'Low': 'Low'}
2026-04-29 14:01:03,402 | INFO |    Final DataFrame: 1107 rows, columns: ['Date', 'Price', 'Open', 'High', 'Low', 'Volume']
2026-04-29 14:01:03,403 | INFO | [OK] Loaded 1107 rows
2026-04-29 14:01:03,403 | INFO |    Loaded 1107 rows, columns: ['Date', 'Price', 'Open', 'High', 'Low', 'Volume']
2026-04-29 14:01:03,404 | INFO | [2/6] Engineering features...
2026-04-29 14:01:03,478 | INFO |    Created 854 rows with 48 features
2026-04-29 14:01:03,479 | INFO | [3/6] Saving processed data...
2026-04-29 14:01:03,560 | INFO |    Saved: C:\Users\DREAMUSER\Documents\NSE Volatility Project\NSE_Volatility_Project\data\processed\CWG_features.csv
2026-04-29 14:01:03,561 | INFO | [4/6] Preparing ML dataset...
2026-04-29 14:01:03,567 | INFO | [5/6] Training ML models...
2026-04-29 14:01:04,452 | INFO |    Random Forest: RMSE=0.046030
2026-04-29 14:01:04,461 | INFO |    Ridge: RMSE=0.034274
2026-04-29 14:01:05,193 | INFO |    XGBoost: RMSE=0.082253
2026-04-29 14:01:05,193 | INFO | [6/6] Evaluating and saving results...
2026-04-29 14:01:05,214 | INFO |    Saved comparison: C:\Users\DREAMUSER\Documents\NSE Volatility Project\NSE_Volatility_Project\results\tables\CWG_model_comparison.csv
2026-04-29 14:01:05,226 | INFO |    Saved predictions: C:\Users\DREAMUSER\Documents\NSE Volatility Project\NSE_Volatility_Project\results\forecasts\CWG_predictions.csv
2026-04-29 14:01:05,228 | INFO | [OK] Best: Ridge, RMSE: 0.034274, MAPE: 4.90%
2026-04-29 14:01:05,231 | INFO | 
============================================================
2026-04-29 14:01:05,232 | INFO | Processing: NESTLE
2026-04-29 14:01:05,233 | INFO | ============================================================
2026-04-29 14:01:05,233 | INFO | [1/6] Loading raw data...
2026-04-29 14:01:05,234 | INFO | [WAIT] Loading NESTLE from C:\Users\DREAMUSER\Documents\NSE Volatility Project\NSE_Volatility_Project\data\raw\NESTLE.csv
2026-04-29 14:01:05,234 | INFO |    Trying encoding: utf-8
2026-04-29 14:01:05,304 | INFO |    Read 1545 rows with 7 columns using utf-8
2026-04-29 14:01:05,306 | INFO |    Original columns: ['Date', 'Price', 'Open', 'High', 'Low', 'Vol.', 'Change %']
2026-04-29 14:01:05,306 | INFO |    Cleaned columns: ['Date', 'Price', 'Open', 'High', 'Low', 'Vol.', 'Change %']
2026-04-29 14:01:05,316 | INFO |    First few rows:
         Date     Price      Open      High       Low    Vol. Change %
0  03/27/2026  3,395.00  3,395.00  3,395.00  3,395.00  66.01K    0.00%
1  03/26/2026  3,395.00  3,395.00  3,395.00  3,395.00  25.42K    0.00%
2026-04-29 14:01:05,316 | INFO |    Column map: {'date': 'Date', 'price': 'Price', 'open': 'Open', 'high': 'High', 'low': 'Low', 'vol.': 'Vol.', 'change_%': 'Change %'}
2026-04-29 14:01:05,316 | INFO |    Matched columns: {'Price': 'Price', 'Open': 'Open', 'High': 'High', 'Low': 'Low'}
2026-04-29 14:01:05,347 | INFO |    Final DataFrame: 346 rows, columns: ['Date', 'Price', 'Open', 'High', 'Low', 'Volume']
2026-04-29 14:01:05,348 | INFO | [OK] Loaded 346 rows
2026-04-29 14:01:05,348 | INFO |    Loaded 346 rows, columns: ['Date', 'Price', 'Open', 'High', 'Low', 'Volume']
2026-04-29 14:01:05,348 | INFO | [2/6] Engineering features...
2026-04-29 14:01:05,416 | INFO |    Created 53 rows with 48 features
2026-04-29 14:01:05,417 | INFO | [3/6] Saving processed data...
2026-04-29 14:01:05,426 | INFO |    Saved: C:\Users\DREAMUSER\Documents\NSE Volatility Project\NSE_Volatility_Project\data\processed\NESTLE_features.csv
2026-04-29 14:01:05,427 | INFO | [4/6] Preparing ML dataset...
2026-04-29 14:01:05,433 | INFO | [5/6] Training ML models...
2026-04-29 14:01:05,862 | INFO |    Random Forest: RMSE=0.059516
2026-04-29 14:01:05,869 | INFO |    Ridge: RMSE=0.010270
2026-04-29 14:01:06,091 | INFO |    XGBoost: RMSE=0.134238
2026-04-29 14:01:06,092 | INFO | [6/6] Evaluating and saving results...
2026-04-29 14:01:06,108 | INFO |    Saved comparison: C:\Users\DREAMUSER\Documents\NSE Volatility Project\NSE_Volatility_Project\results\tables\NESTLE_model_comparison.csv
2026-04-29 14:01:06,117 | INFO |    Saved predictions: C:\Users\DREAMUSER\Documents\NSE Volatility Project\NSE_Volatility_Project\results\forecasts\NESTLE_predictions.csv
2026-04-29 14:01:06,121 | INFO | [OK] Best: Ridge, RMSE: 0.010270, MAPE: 2.88%
2026-04-29 14:01:06,122 | INFO | 
============================================================
2026-04-29 14:01:06,123 | INFO | Processing: NB
2026-04-29 14:01:06,123 | INFO | ============================================================
2026-04-29 14:01:06,123 | INFO | [1/6] Loading raw data...
2026-04-29 14:01:06,124 | INFO | [WAIT] Loading NB from C:\Users\DREAMUSER\Documents\NSE Volatility Project\NSE_Volatility_Project\data\raw\NB.csv
2026-04-29 14:01:06,124 | INFO |    Trying encoding: utf-8
2026-04-29 14:01:06,181 | INFO |    Read 1545 rows with 7 columns using utf-8
2026-04-29 14:01:06,182 | INFO |    Original columns: ['Date', 'Price', 'Open', 'High', 'Low', 'Vol.', 'Change %']
2026-04-29 14:01:06,182 | INFO |    Cleaned columns: ['Date', 'Price', 'Open', 'High', 'Low', 'Vol.', 'Change %']
2026-04-29 14:01:06,192 | INFO |    First few rows:
         Date  Price   Open  High   Low    Vol. Change %
0  03/27/2026   71.0  73.30  71.0  70.7  19.20M   -3.14%
1  03/26/2026   73.3  71.95  74.0  73.3   4.86M    1.88%
2026-04-29 14:01:06,193 | INFO |    Column map: {'date': 'Date', 'price': 'Price', 'open': 'Open', 'high': 'High', 'low': 'Low', 'vol.': 'Vol.', 'change_%': 'Change %'}
2026-04-29 14:01:06,193 | INFO |    Matched columns: {'Price': 'Price', 'Open': 'Open', 'High': 'High', 'Low': 'Low'}
2026-04-29 14:01:06,220 | INFO |    Final DataFrame: 1545 rows, columns: ['Date', 'Price', 'Open', 'High', 'Low', 'Volume']
2026-04-29 14:01:06,221 | INFO | [OK] Loaded 1545 rows
2026-04-29 14:01:06,221 | INFO |    Loaded 1545 rows, columns: ['Date', 'Price', 'Open', 'High', 'Low', 'Volume']
2026-04-29 14:01:06,221 | INFO | [2/6] Engineering features...
2026-04-29 14:01:06,287 | INFO |    Created 1281 rows with 48 features
2026-04-29 14:01:06,288 | INFO | [3/6] Saving processed data...
2026-04-29 14:01:06,410 | INFO |    Saved: C:\Users\DREAMUSER\Documents\NSE Volatility Project\NSE_Volatility_Project\data\processed\NB_features.csv
2026-04-29 14:01:06,410 | INFO | [4/6] Preparing ML dataset...
2026-04-29 14:01:06,417 | INFO | [5/6] Training ML models...
2026-04-29 14:01:07,513 | INFO |    Random Forest: RMSE=0.042388
2026-04-29 14:01:07,525 | INFO |    Ridge: RMSE=0.036470
2026-04-29 14:01:08,421 | INFO |    XGBoost: RMSE=0.051644
2026-04-29 14:01:08,421 | INFO | [6/6] Evaluating and saving results...
2026-04-29 14:01:08,439 | INFO |    Saved comparison: C:\Users\DREAMUSER\Documents\NSE Volatility Project\NSE_Volatility_Project\results\tables\NB_model_comparison.csv
2026-04-29 14:01:08,452 | INFO |    Saved predictions: C:\Users\DREAMUSER\Documents\NSE Volatility Project\NSE_Volatility_Project\results\forecasts\NB_predictions.csv
2026-04-29 14:01:08,453 | INFO | [OK] Best: Ridge, RMSE: 0.036470, MAPE: 6.85%
2026-04-29 14:01:08,457 | INFO | 
============================================================
2026-04-29 14:01:08,457 | INFO | Processing: ACCESS
2026-04-29 14:01:08,458 | INFO | ============================================================
2026-04-29 14:01:08,458 | INFO | [1/6] Loading raw data...
2026-04-29 14:01:08,459 | INFO | [WAIT] Loading ACCESS from C:\Users\DREAMUSER\Documents\NSE Volatility Project\NSE_Volatility_Project\data\raw\ACCESS.csv
2026-04-29 14:01:08,459 | INFO |    Trying encoding: utf-8
2026-04-29 14:01:08,524 | INFO |    Read 988 rows with 7 columns using utf-8
2026-04-29 14:01:08,525 | INFO |    Original columns: ['Date', 'Price', 'Open', 'High', 'Low', 'Vol.', 'Change %']
2026-04-29 14:01:08,526 | INFO |    Cleaned columns: ['Date', 'Price', 'Open', 'High', 'Low', 'Vol.', 'Change %']
2026-04-29 14:01:08,538 | INFO |    First few rows:
         Date  Price   Open   High    Low     Vol. Change %
0  03/27/2026   26.0  26.00  26.10  25.85   29.43M    0.00%
1  03/26/2026   26.0  26.05  26.05  25.80  134.59M   -0.19%
2026-04-29 14:01:08,539 | INFO |    Column map: {'date': 'Date', 'price': 'Price', 'open': 'Open', 'high': 'High', 'low': 'Low', 'vol.': 'Vol.', 'change_%': 'Change %'}
2026-04-29 14:01:08,540 | INFO |    Matched columns: {'Price': 'Price', 'Open': 'Open', 'High': 'High', 'Low': 'Low'}
2026-04-29 14:01:08,574 | INFO |    Final DataFrame: 988 rows, columns: ['Date', 'Price', 'Open', 'High', 'Low', 'Volume']
2026-04-29 14:01:08,574 | INFO | [OK] Loaded 988 rows
2026-04-29 14:01:08,575 | INFO |    Loaded 988 rows, columns: ['Date', 'Price', 'Open', 'High', 'Low', 'Volume']
2026-04-29 14:01:08,575 | INFO | [2/6] Engineering features...
2026-04-29 14:01:08,672 | INFO |    Created 735 rows with 48 features
2026-04-29 14:01:08,673 | INFO | [3/6] Saving processed data...
2026-04-29 14:01:08,766 | INFO |    Saved: C:\Users\DREAMUSER\Documents\NSE Volatility Project\NSE_Volatility_Project\data\processed\ACCESS_features.csv
2026-04-29 14:01:08,766 | INFO | [4/6] Preparing ML dataset...
2026-04-29 14:01:08,773 | INFO | [5/6] Training ML models...
2026-04-29 14:01:09,541 | INFO |    Random Forest: RMSE=0.037970
2026-04-29 14:01:09,549 | INFO |    Ridge: RMSE=0.032037
2026-04-29 14:01:10,171 | INFO |    XGBoost: RMSE=0.040395
2026-04-29 14:01:10,172 | INFO | [6/6] Evaluating and saving results...
2026-04-29 14:01:10,188 | INFO |    Saved comparison: C:\Users\DREAMUSER\Documents\NSE Volatility Project\NSE_Volatility_Project\results\tables\ACCESS_model_comparison.csv
2026-04-29 14:01:10,199 | INFO |    Saved predictions: C:\Users\DREAMUSER\Documents\NSE Volatility Project\NSE_Volatility_Project\results\forecasts\ACCESS_predictions.csv
2026-04-29 14:01:10,201 | INFO | [OK] Best: Ridge, RMSE: 0.032037, MAPE: 5.62%
2026-04-29 14:01:10,204 | INFO | 
============================================================
2026-04-29 14:01:10,204 | INFO | Processing: WAPCO
2026-04-29 14:01:10,205 | INFO | ============================================================
2026-04-29 14:01:10,205 | INFO | [1/6] Loading raw data...
2026-04-29 14:01:10,206 | INFO | [WAIT] Loading WAPCO from C:\Users\DREAMUSER\Documents\NSE Volatility Project\NSE_Volatility_Project\data\raw\WAPCO.csv
2026-04-29 14:01:10,206 | INFO |    Trying encoding: utf-8
2026-04-29 14:01:10,263 | INFO |    Read 1545 rows with 7 columns using utf-8
2026-04-29 14:01:10,266 | INFO |    Original columns: ['Date', 'Price', 'Open', 'High', 'Low', 'Vol.', 'Change %']
2026-04-29 14:01:10,267 | INFO |    Cleaned columns: ['Date', 'Price', 'Open', 'High', 'Low', 'Vol.', 'Change %']
2026-04-29 14:01:10,276 | INFO |    First few rows:
         Date  Price   Open   High    Low   Vol. Change %
0  03/27/2026  224.0  224.0  224.0  215.0  2.37M    0.00%
1  03/26/2026  224.0  227.5  224.0  224.0  5.98M   -1.54%
2026-04-29 14:01:10,277 | INFO |    Column map: {'date': 'Date', 'price': 'Price', 'open': 'Open', 'high': 'High', 'low': 'Low', 'vol.': 'Vol.', 'change_%': 'Change %'}
2026-04-29 14:01:10,277 | INFO |    Matched columns: {'Price': 'Price', 'Open': 'Open', 'High': 'High', 'Low': 'Low'}
2026-04-29 14:01:10,320 | INFO |    Final DataFrame: 1545 rows, columns: ['Date', 'Price', 'Open', 'High', 'Low', 'Volume']
2026-04-29 14:01:10,321 | INFO | [OK] Loaded 1545 rows
2026-04-29 14:01:10,321 | INFO |    Loaded 1545 rows, columns: ['Date', 'Price', 'Open', 'High', 'Low', 'Volume']
2026-04-29 14:01:10,322 | INFO | [2/6] Engineering features...
2026-04-29 14:01:10,399 | INFO |    Created 1291 rows with 48 features
2026-04-29 14:01:10,399 | INFO | [3/6] Saving processed data...
2026-04-29 14:01:10,529 | INFO |    Saved: C:\Users\DREAMUSER\Documents\NSE Volatility Project\NSE_Volatility_Project\data\processed\WAPCO_features.csv
2026-04-29 14:01:10,529 | INFO | [4/6] Preparing ML dataset...
2026-04-29 14:01:10,534 | INFO | [5/6] Training ML models...
2026-04-29 14:01:12,071 | INFO |    Random Forest: RMSE=0.038853
2026-04-29 14:01:12,083 | INFO |    Ridge: RMSE=0.043650
2026-04-29 14:01:13,023 | INFO |    XGBoost: RMSE=0.055284
2026-04-29 14:01:13,023 | INFO | [6/6] Evaluating and saving results...
2026-04-29 14:01:13,040 | INFO |    Saved comparison: C:\Users\DREAMUSER\Documents\NSE Volatility Project\NSE_Volatility_Project\results\tables\WAPCO_model_comparison.csv
2026-04-29 14:01:13,052 | INFO |    Saved predictions: C:\Users\DREAMUSER\Documents\NSE Volatility Project\NSE_Volatility_Project\results\forecasts\WAPCO_predictions.csv
2026-04-29 14:01:13,054 | INFO | [OK] Best: Random Forest, RMSE: 0.038853, MAPE: 10.83%
2026-04-29 14:01:13,067 | INFO | 
[OK] Reports saved to C:\Users\DREAMUSER\Documents\NSE Volatility Project\NSE_Volatility_Project\results\tables
2026-04-29 14:01:13,069 | INFO | 
======================================================================
2026-04-29 14:01:13,070 | INFO | PIPELINE COMPLETE
2026-04-29 14:01:13,070 | INFO | Success: 15/15 stocks
2026-04-29 14:01:13,070 | INFO | Time: 0.5 minutes
2026-04-29 14:01:13,071 | INFO | ======================================================================
2026-04-29 14:01:13,071 | INFO | Dashboard-compatible files created:
2026-04-29 14:01:13,071 | INFO |    - data/processed/{stock}_features.csv
2026-04-29 14:01:13,071 | INFO |    - results/tables/{stock}_model_comparison.csv
2026-04-29 14:01:13,071 | INFO |    - results/forecasts/{stock}_predictions.csv
2026-04-29 14:01:13,072 | INFO | 
Run: streamlit run app.py
2026-04-29 14:01:13,072 | INFO | ======================================================================
2026-07-01 21:03:53,947 | INFO |    Adding news and policy features for MTNN...
2026-07-01 21:41:30,124 | INFO | 
======================================================================
2026-07-01 21:41:30,124 | INFO | NSE STOCK VOLATILITY PREDICTION PIPELINE
2026-07-01 21:41:30,125 | INFO | Started: 2026-07-01 21:41:30
2026-07-01 21:41:30,125 | INFO | ======================================================================
2026-07-01 21:41:30,129 | INFO | [OK] Found 15 stocks to process
2026-07-01 21:41:30,131 | INFO | 
============================================================
2026-07-01 21:41:30,132 | INFO | Processing: DANGCEM
2026-07-01 21:41:30,133 | INFO | ============================================================
2026-07-01 21:41:30,134 | INFO | [1/6] Loading raw data...
2026-07-01 21:41:30,135 | INFO | [WAIT] Loading DANGCEM from C:\Users\DREAMUSER\Documents\NSE Volatility Project\NSE_Volatility_Project\data\raw\DANGCEM.csv
2026-07-01 21:41:30,135 | INFO |    Trying encoding: utf-8
2026-07-01 21:41:30,301 | INFO |    Read 1545 rows with 7 columns using utf-8
2026-07-01 21:41:30,305 | INFO |    Original columns: ['Date', 'Price', 'Open', 'High', 'Low', 'Vol.', 'Change %']
2026-07-01 21:41:30,305 | INFO |    Cleaned columns: ['Date', 'Price', 'Open', 'High', 'Low', 'Vol.', 'Change %']
2026-07-01 21:41:30,332 | INFO |    First few rows:
        Date  Price   Open   High    Low     Vol. Change %
0  3/27/2026  810.0  810.0  810.0  800.0  857.88K    0.00%
1  3/26/2026  810.0  810.0  810.0  810.0    1.13M    0.00%
2026-07-01 21:41:30,332 | INFO |    Column map: {'date': 'Date', 'price': 'Price', 'open': 'Open', 'high': 'High', 'low': 'Low', 'vol.': 'Vol.', 'change_%': 'Change %'}
2026-07-01 21:41:30,333 | INFO |    Matched columns: {'Price': 'Price', 'Open': 'Open', 'High': 'High', 'Low': 'Low'}
2026-07-01 21:41:30,428 | INFO |    Final DataFrame: 1545 rows, columns: ['Date', 'Price', 'Open', 'High', 'Low', 'Volume']
2026-07-01 21:41:30,430 | INFO | [OK] Loaded 1545 rows
2026-07-01 21:41:30,430 | INFO |    Loaded 1545 rows, columns: ['Date', 'Price', 'Open', 'High', 'Low', 'Volume']
2026-07-01 21:41:30,431 | INFO | [2/6] Engineering features...
2026-07-01 21:41:30,437 | INFO |    Adding news and policy features for DANGCEM...
2026-07-01 21:42:07,667 | INFO |    Created 946 rows with 55 features
2026-07-01 21:42:07,668 | INFO | [3/6] Saving processed data...
2026-07-01 21:42:07,888 | INFO |    Saved: C:\Users\DREAMUSER\Documents\NSE Volatility Project\NSE_Volatility_Project\data\processed\DANGCEM_features.csv
2026-07-01 21:42:07,889 | INFO | [4/6] Preparing ML dataset...
2026-07-01 21:42:07,915 | INFO | [5/6] Training ML models...
2026-07-01 21:42:09,512 | INFO |    Random Forest: RMSE=0.052415
2026-07-01 21:42:09,552 | INFO |    Ridge: RMSE=0.050804
2026-07-01 21:42:11,783 | INFO |    XGBoost: RMSE=0.054207
2026-07-01 21:42:11,784 | INFO | [6/6] Evaluating and saving results...
2026-07-01 21:42:11,816 | INFO |    Saved comparison: C:\Users\DREAMUSER\Documents\NSE Volatility Project\NSE_Volatility_Project\results\tables\DANGCEM_model_comparison.csv
2026-07-01 21:42:11,838 | INFO |    Saved predictions: C:\Users\DREAMUSER\Documents\NSE Volatility Project\NSE_Volatility_Project\results\forecasts\DANGCEM_predictions.csv
2026-07-01 21:42:11,845 | INFO | [OK] Best: Ridge, RMSE: 0.050804, MAPE: 10.04%
2026-07-01 21:42:11,848 | INFO | 
============================================================
2026-07-01 21:42:11,849 | INFO | Processing: DANGSUG
2026-07-01 21:42:11,849 | INFO | ============================================================
2026-07-01 21:42:11,850 | INFO | [1/6] Loading raw data...
2026-07-01 21:42:11,851 | INFO | [WAIT] Loading DANGSUG from C:\Users\DREAMUSER\Documents\NSE Volatility Project\NSE_Volatility_Project\data\raw\DANGSUG.csv
2026-07-01 21:42:11,851 | INFO |    Trying encoding: utf-8
2026-07-01 21:42:11,926 | INFO |    Read 1545 rows with 7 columns using utf-8
2026-07-01 21:42:11,929 | INFO |    Original columns: ['Date', 'Price', 'Open', 'High', 'Low', 'Vol.', 'Change %']
2026-07-01 21:42:11,929 | INFO |    Cleaned columns: ['Date', 'Price', 'Open', 'High', 'Low', 'Vol.', 'Change %']
2026-07-01 21:42:11,949 | INFO |    First few rows:
         Date  Price  Open  High   Low   Vol. Change %
0  03/27/2026   70.0  71.0  72.0  69.5  3.36M   -1.41%
1  03/26/2026   71.0  71.5  71.0  71.0  1.19M   -0.70%
2026-07-01 21:42:11,950 | INFO |    Column map: {'date': 'Date', 'price': 'Price', 'open': 'Open', 'high': 'High', 'low': 'Low', 'vol.': 'Vol.', 'change_%': 'Change %'}
2026-07-01 21:42:11,953 | INFO |    Matched columns: {'Price': 'Price', 'Open': 'Open', 'High': 'High', 'Low': 'Low'}
2026-07-01 21:42:12,027 | INFO |    Final DataFrame: 1545 rows, columns: ['Date', 'Price', 'Open', 'High', 'Low', 'Volume']
2026-07-01 21:42:12,028 | INFO | [OK] Loaded 1545 rows
2026-07-01 21:42:12,029 | INFO |    Loaded 1545 rows, columns: ['Date', 'Price', 'Open', 'High', 'Low', 'Volume']
2026-07-01 21:42:12,029 | INFO | [2/6] Engineering features...
2026-07-01 21:42:12,037 | INFO |    Adding news and policy features for DANGSUG...
2026-07-01 21:42:43,157 | INFO |    Created 1285 rows with 55 features
2026-07-01 21:42:43,157 | INFO | [3/6] Saving processed data...
2026-07-01 21:42:43,358 | INFO |    Saved: C:\Users\DREAMUSER\Documents\NSE Volatility Project\NSE_Volatility_Project\data\processed\DANGSUG_features.csv
2026-07-01 21:42:43,358 | INFO | [4/6] Preparing ML dataset...
2026-07-01 21:42:43,368 | INFO | [5/6] Training ML models...
2026-07-01 21:42:45,705 | INFO |    Random Forest: RMSE=0.043007
2026-07-01 21:42:45,726 | INFO |    Ridge: RMSE=0.037098
2026-07-01 21:42:46,892 | INFO |    XGBoost: RMSE=0.047019
2026-07-01 21:42:46,893 | INFO | [6/6] Evaluating and saving results...
2026-07-01 21:42:46,924 | INFO |    Saved comparison: C:\Users\DREAMUSER\Documents\NSE Volatility Project\NSE_Volatility_Project\results\tables\DANGSUG_model_comparison.csv
2026-07-01 21:42:46,945 | INFO |    Saved predictions: C:\Users\DREAMUSER\Documents\NSE Volatility Project\NSE_Volatility_Project\results\forecasts\DANGSUG_predictions.csv
2026-07-01 21:42:46,946 | INFO | [OK] Best: Ridge, RMSE: 0.037098, MAPE: 5.32%
2026-07-01 21:42:46,949 | INFO | 
============================================================
2026-07-01 21:42:46,949 | INFO | Processing: MTNN
2026-07-01 21:42:46,949 | INFO | ============================================================
2026-07-01 21:42:46,950 | INFO | [1/6] Loading raw data...
2026-07-01 21:42:46,952 | INFO | [WAIT] Loading MTNN from C:\Users\DREAMUSER\Documents\NSE Volatility Project\NSE_Volatility_Project\data\raw\MTNN.csv
2026-07-01 21:42:46,953 | INFO |    Trying encoding: utf-8
2026-07-01 21:42:47,025 | INFO |    Read 1545 rows with 7 columns using utf-8
2026-07-01 21:42:47,028 | INFO |    Original columns: ['Date', 'Price', 'Open', 'High', 'Low', 'Vol.', 'Change %']
2026-07-01 21:42:47,030 | INFO |    Cleaned columns: ['Date', 'Price', 'Open', 'High', 'Low', 'Vol.', 'Change %']
2026-07-01 21:42:47,043 | INFO |    First few rows:
         Date  Price   Open   High    Low    Vol. Change %
0  03/27/2026  718.0  719.1  720.0  717.0   3.77M   -0.15%
1  03/26/2026  719.1  718.0  720.0  718.0  15.37M    0.15%
2026-07-01 21:42:47,044 | INFO |    Column map: {'date': 'Date', 'price': 'Price', 'open': 'Open', 'high': 'High', 'low': 'Low', 'vol.': 'Vol.', 'change_%': 'Change %'}
2026-07-01 21:42:47,044 | INFO |    Matched columns: {'Price': 'Price', 'Open': 'Open', 'High': 'High', 'Low': 'Low'}
2026-07-01 21:42:47,091 | INFO |    Final DataFrame: 1545 rows, columns: ['Date', 'Price', 'Open', 'High', 'Low', 'Volume']
2026-07-01 21:42:47,092 | INFO | [OK] Loaded 1545 rows
2026-07-01 21:42:47,092 | INFO |    Loaded 1545 rows, columns: ['Date', 'Price', 'Open', 'High', 'Low', 'Volume']
2026-07-01 21:42:47,093 | INFO | [2/6] Engineering features...
2026-07-01 21:42:47,098 | INFO |    Adding news and policy features for MTNN...
2026-07-01 21:43:15,322 | INFO |    Created 1282 rows with 55 features
2026-07-01 21:43:15,323 | INFO | [3/6] Saving processed data...
2026-07-01 21:43:15,493 | INFO |    Saved: C:\Users\DREAMUSER\Documents\NSE Volatility Project\NSE_Volatility_Project\data\processed\MTNN_features.csv
2026-07-01 21:43:15,494 | INFO | [4/6] Preparing ML dataset...
2026-07-01 21:43:15,503 | INFO | [5/6] Training ML models...
2026-07-01 21:43:17,366 | INFO |    Random Forest: RMSE=0.046310
2026-07-01 21:43:17,387 | INFO |    Ridge: RMSE=0.050053
2026-07-01 21:43:18,722 | INFO |    XGBoost: RMSE=0.058028
2026-07-01 21:43:18,722 | INFO | [6/6] Evaluating and saving results...
2026-07-01 21:43:18,750 | INFO |    Saved comparison: C:\Users\DREAMUSER\Documents\NSE Volatility Project\NSE_Volatility_Project\results\tables\MTNN_model_comparison.csv
2026-07-01 21:43:18,767 | INFO |    Saved predictions: C:\Users\DREAMUSER\Documents\NSE Volatility Project\NSE_Volatility_Project\results\forecasts\MTNN_predictions.csv
2026-07-01 21:43:18,769 | INFO | [OK] Best: Random Forest, RMSE: 0.046310, MAPE: 10.10%
2026-07-01 21:43:18,771 | INFO | 
============================================================
2026-07-01 21:43:18,772 | INFO | Processing: GTCO
2026-07-01 21:43:18,773 | INFO | ============================================================
2026-07-01 21:43:18,773 | INFO | [1/6] Loading raw data...
2026-07-01 21:43:18,775 | INFO | [WAIT] Loading GTCO from C:\Users\DREAMUSER\Documents\NSE Volatility Project\NSE_Volatility_Project\data\raw\GTCO.csv
2026-07-01 21:43:18,775 | INFO |    Trying encoding: utf-8
2026-07-01 21:43:18,846 | INFO |    Read 1541 rows with 7 columns using utf-8
2026-07-01 21:43:18,848 | INFO |    Original columns: ['Date', 'Price', 'Open', 'High', 'Low', 'Vol.', 'Change %']
2026-07-01 21:43:18,848 | INFO |    Cleaned columns: ['Date', 'Price', 'Open', 'High', 'Low', 'Vol.', 'Change %']
2026-07-01 21:43:18,864 | INFO |    First few rows:
         Date  Price    Open   High    Low    Vol. Change %
0  03/27/2026  116.1  115.40  116.9  112.0  19.18M    0.61%
1  03/26/2026  115.4  114.55  115.5  115.3   9.53M    0.74%
2026-07-01 21:43:18,864 | INFO |    Column map: {'date': 'Date', 'price': 'Price', 'open': 'Open', 'high': 'High', 'low': 'Low', 'vol.': 'Vol.', 'change_%': 'Change %'}
2026-07-01 21:43:18,866 | INFO |    Matched columns: {'Price': 'Price', 'Open': 'Open', 'High': 'High', 'Low': 'Low'}
2026-07-01 21:43:18,921 | INFO |    Final DataFrame: 1541 rows, columns: ['Date', 'Price', 'Open', 'High', 'Low', 'Volume']
2026-07-01 21:43:18,922 | INFO | [OK] Loaded 1541 rows
2026-07-01 21:43:18,922 | INFO |    Loaded 1541 rows, columns: ['Date', 'Price', 'Open', 'High', 'Low', 'Volume']
2026-07-01 21:43:18,923 | INFO | [2/6] Engineering features...
2026-07-01 21:43:18,931 | INFO |    Adding news and policy features for GTCO...
2026-07-01 21:43:48,876 | INFO |    Created 1288 rows with 55 features
2026-07-01 21:43:48,877 | INFO | [3/6] Saving processed data...
2026-07-01 21:43:49,293 | INFO |    Saved: C:\Users\DREAMUSER\Documents\NSE Volatility Project\NSE_Volatility_Project\data\processed\GTCO_features.csv
2026-07-01 21:43:49,296 | INFO | [4/6] Preparing ML dataset...
2026-07-01 21:43:49,328 | INFO | [5/6] Training ML models...
2026-07-01 21:43:52,787 | INFO |    Random Forest: RMSE=0.039630
2026-07-01 21:43:52,927 | INFO |    Ridge: RMSE=0.037164
2026-07-01 21:43:55,664 | INFO |    XGBoost: RMSE=0.040271
2026-07-01 21:43:55,664 | INFO | [6/6] Evaluating and saving results...
2026-07-01 21:43:55,716 | INFO |    Saved comparison: C:\Users\DREAMUSER\Documents\NSE Volatility Project\NSE_Volatility_Project\results\tables\GTCO_model_comparison.csv
2026-07-01 21:43:55,757 | INFO |    Saved predictions: C:\Users\DREAMUSER\Documents\NSE Volatility Project\NSE_Volatility_Project\results\forecasts\GTCO_predictions.csv
2026-07-01 21:43:55,769 | INFO | [OK] Best: Ridge, RMSE: 0.037164, MAPE: 7.51%
2026-07-01 21:43:55,803 | INFO | 
============================================================
2026-07-01 21:43:55,807 | INFO | Processing: SEPLAT
2026-07-01 21:43:55,837 | INFO | ============================================================
2026-07-01 21:43:55,852 | INFO | [1/6] Loading raw data...
2026-07-01 21:43:55,857 | INFO | [WAIT] Loading SEPLAT from C:\Users\DREAMUSER\Documents\NSE Volatility Project\NSE_Volatility_Project\data\raw\SEPLAT.csv
2026-07-01 21:43:55,867 | INFO |    Trying encoding: utf-8
2026-07-01 21:43:56,050 | INFO |    Read 1546 rows with 7 columns using utf-8
2026-07-01 21:43:56,053 | INFO |    Original columns: ['Date', 'Price', 'Open', 'High', 'Low', 'Vol.', 'Change %']
2026-07-01 21:43:56,054 | INFO |    Cleaned columns: ['Date', 'Price', 'Open', 'High', 'Low', 'Vol.', 'Change %']
2026-07-01 21:43:56,102 | INFO |    First few rows:
         Date     Price      Open      High       Low     Vol. Change %
0  03/27/2026  9,099.90  9,099.90  9,450.00  9,000.10   30.88K    0.00%
1  03/26/2026  9,099.90  9,099.90  9,099.90  9,099.90  137.41K    0.00%
2026-07-01 21:43:56,103 | INFO |    Column map: {'date': 'Date', 'price': 'Price', 'open': 'Open', 'high': 'High', 'low': 'Low', 'vol.': 'Vol.', 'change_%': 'Change %'}
2026-07-01 21:43:56,104 | INFO |    Matched columns: {'Price': 'Price', 'Open': 'Open', 'High': 'High', 'Low': 'Low'}
2026-07-01 21:43:56,237 | INFO |    Final DataFrame: 591 rows, columns: ['Date', 'Price', 'Open', 'High', 'Low', 'Volume']
2026-07-01 21:43:56,238 | INFO | [OK] Loaded 591 rows
2026-07-01 21:43:56,240 | INFO |    Loaded 591 rows, columns: ['Date', 'Price', 'Open', 'High', 'Low', 'Volume']
2026-07-01 21:43:56,244 | INFO | [2/6] Engineering features...
2026-07-01 21:43:56,270 | INFO |    Adding news and policy features for SEPLAT...
2026-07-01 21:44:23,480 | INFO |    Created 270 rows with 55 features
2026-07-01 21:44:23,481 | INFO | [3/6] Saving processed data...
2026-07-01 21:44:23,547 | INFO |    Saved: C:\Users\DREAMUSER\Documents\NSE Volatility Project\NSE_Volatility_Project\data\processed\SEPLAT_features.csv
2026-07-01 21:44:23,552 | INFO | [4/6] Preparing ML dataset...
2026-07-01 21:44:23,591 | INFO | [5/6] Training ML models...
2026-07-01 21:44:24,483 | INFO |    Random Forest: RMSE=0.100377
2026-07-01 21:44:24,528 | INFO |    Ridge: RMSE=0.099766
2026-07-01 21:44:24,809 | INFO |    XGBoost: RMSE=0.153734
2026-07-01 21:44:24,809 | INFO | [6/6] Evaluating and saving results...
2026-07-01 21:44:24,843 | INFO |    Saved comparison: C:\Users\DREAMUSER\Documents\NSE Volatility Project\NSE_Volatility_Project\results\tables\SEPLAT_model_comparison.csv
2026-07-01 21:44:24,859 | INFO |    Saved predictions: C:\Users\DREAMUSER\Documents\NSE Volatility Project\NSE_Volatility_Project\results\forecasts\SEPLAT_predictions.csv
2026-07-01 21:44:24,860 | INFO | [OK] Best: Ridge, RMSE: 0.099766, MAPE: 24.10%
2026-07-01 21:44:24,861 | INFO | 
============================================================
2026-07-01 21:44:24,862 | INFO | Processing: AIRTEL
2026-07-01 21:44:24,863 | INFO | ============================================================
2026-07-01 21:44:24,865 | INFO | [1/6] Loading raw data...
2026-07-01 21:44:24,871 | INFO | [WAIT] Loading AIRTEL from C:\Users\DREAMUSER\Documents\NSE Volatility Project\NSE_Volatility_Project\data\raw\AIRTEL.csv
2026-07-01 21:44:24,871 | INFO |    Trying encoding: utf-8
2026-07-01 21:44:24,953 | INFO |    Read 1530 rows with 7 columns using utf-8
2026-07-01 21:44:24,954 | INFO |    Original columns: ['Date', 'Price', 'Open', 'High', 'Low', 'Vol.', 'Change %']
2026-07-01 21:44:24,955 | INFO |    Cleaned columns: ['Date', 'Price', 'Open', 'High', 'Low', 'Vol.', 'Change %']
2026-07-01 21:44:24,976 | INFO |    First few rows:
         Date     Price      Open      High       Low   Vol. Change %
0  03/27/2026  2,497.00  2,497.00  2,746.70  2,497.00  0.42K    0.00%
1  03/26/2026  2,497.00  2,497.00  2,497.00  2,497.00    NaN    0.00%
2026-07-01 21:44:24,979 | INFO |    Column map: {'date': 'Date', 'price': 'Price', 'open': 'Open', 'high': 'High', 'low': 'Low', 'vol.': 'Vol.', 'change_%': 'Change %'}
2026-07-01 21:44:24,988 | INFO |    Matched columns: {'Price': 'Price', 'Open': 'Open', 'High': 'High', 'Low': 'Low'}
2026-07-01 21:44:25,057 | INFO |    Final DataFrame: 482 rows, columns: ['Date', 'Price', 'Open', 'High', 'Low', 'Volume']
2026-07-01 21:44:25,057 | INFO | [OK] Loaded 482 rows
2026-07-01 21:44:25,058 | INFO |    Loaded 482 rows, columns: ['Date', 'Price', 'Open', 'High', 'Low', 'Volume']
2026-07-01 21:44:25,058 | INFO | [2/6] Engineering features...
2026-07-01 21:44:25,067 | INFO |    Adding news and policy features for AIRTEL...
2026-07-01 21:44:56,140 | INFO |    Created 147 rows with 55 features
2026-07-01 21:44:56,143 | INFO | [3/6] Saving processed data...
2026-07-01 21:44:56,200 | INFO |    Saved: C:\Users\DREAMUSER\Documents\NSE Volatility Project\NSE_Volatility_Project\data\processed\AIRTEL_features.csv
2026-07-01 21:44:56,201 | INFO | [4/6] Preparing ML dataset...
2026-07-01 21:44:56,223 | INFO | [5/6] Training ML models...
2026-07-01 21:44:57,116 | INFO |    Random Forest: RMSE=0.054362
2026-07-01 21:44:57,137 | INFO |    Ridge: RMSE=0.097376
2026-07-01 21:44:57,404 | INFO |    XGBoost: RMSE=0.107524
2026-07-01 21:44:57,406 | INFO | [6/6] Evaluating and saving results...
2026-07-01 21:44:57,445 | INFO |    Saved comparison: C:\Users\DREAMUSER\Documents\NSE Volatility Project\NSE_Volatility_Project\results\tables\AIRTEL_model_comparison.csv
2026-07-01 21:44:57,465 | INFO |    Saved predictions: C:\Users\DREAMUSER\Documents\NSE Volatility Project\NSE_Volatility_Project\results\forecasts\AIRTEL_predictions.csv
2026-07-01 21:44:57,466 | INFO | [OK] Best: Random Forest, RMSE: 0.054362, MAPE: 21.73%
2026-07-01 21:44:57,474 | INFO | 
============================================================
2026-07-01 21:44:57,476 | INFO | Processing: INTERBREW
2026-07-01 21:44:57,476 | INFO | ============================================================
2026-07-01 21:44:57,477 | INFO | [1/6] Loading raw data...
2026-07-01 21:44:57,478 | INFO | [WAIT] Loading INTERBREW from C:\Users\DREAMUSER\Documents\NSE Volatility Project\NSE_Volatility_Project\data\raw\INTERBREW.csv
2026-07-01 21:44:57,478 | INFO |    Trying encoding: utf-8
2026-07-01 21:44:57,557 | INFO |    Read 1545 rows with 7 columns using utf-8
2026-07-01 21:44:57,561 | INFO |    Original columns: ['Date', 'Price', 'Open', 'High', 'Low', 'Vol.', 'Change %']
2026-07-01 21:44:57,562 | INFO |    Cleaned columns: ['Date', 'Price', 'Open', 'High', 'Low', 'Vol.', 'Change %']
2026-07-01 21:44:57,581 | INFO |    First few rows:
         Date  Price  Open  High    Low   Vol. Change %
0  03/27/2026   13.9  14.4  14.7  13.15  1.69M   -3.47%
1  03/26/2026   14.4  14.4  14.4  14.40  1.78M    0.00%
2026-07-01 21:44:57,582 | INFO |    Column map: {'date': 'Date', 'price': 'Price', 'open': 'Open', 'high': 'High', 'low': 'Low', 'vol.': 'Vol.', 'change_%': 'Change %'}
2026-07-01 21:44:57,587 | INFO |    Matched columns: {'Price': 'Price', 'Open': 'Open', 'High': 'High', 'Low': 'Low'}
2026-07-01 21:44:57,643 | INFO |    Final DataFrame: 1545 rows, columns: ['Date', 'Price', 'Open', 'High', 'Low', 'Volume']
2026-07-01 21:44:57,644 | INFO | [OK] Loaded 1545 rows
2026-07-01 21:44:57,644 | INFO |    Loaded 1545 rows, columns: ['Date', 'Price', 'Open', 'High', 'Low', 'Volume']
2026-07-01 21:44:57,645 | INFO | [2/6] Engineering features...
2026-07-01 21:44:57,659 | INFO |    Adding news and policy features for INTERBREW...
2026-07-01 21:45:23,017 | INFO |    Created 1286 rows with 55 features
2026-07-01 21:45:23,018 | INFO | [3/6] Saving processed data...
2026-07-01 21:45:23,550 | INFO |    Saved: C:\Users\DREAMUSER\Documents\NSE Volatility Project\NSE_Volatility_Project\data\processed\INTERBREW_features.csv
2026-07-01 21:45:23,556 | INFO | [4/6] Preparing ML dataset...
2026-07-01 21:45:23,583 | INFO | [5/6] Training ML models...
2026-07-01 21:45:25,943 | INFO |    Random Forest: RMSE=0.047436
2026-07-01 21:45:25,972 | INFO |    Ridge: RMSE=0.054270
2026-07-01 21:45:27,507 | INFO |    XGBoost: RMSE=0.053817
2026-07-01 21:45:27,508 | INFO | [6/6] Evaluating and saving results...
2026-07-01 21:45:27,536 | INFO |    Saved comparison: C:\Users\DREAMUSER\Documents\NSE Volatility Project\NSE_Volatility_Project\results\tables\INTERBREW_model_comparison.csv
2026-07-01 21:45:27,565 | INFO |    Saved predictions: C:\Users\DREAMUSER\Documents\NSE Volatility Project\NSE_Volatility_Project\results\forecasts\INTERBREW_predictions.csv
2026-07-01 21:45:27,566 | INFO | [OK] Best: Random Forest, RMSE: 0.047436, MAPE: 5.82%
2026-07-01 21:45:27,569 | INFO | 
============================================================
2026-07-01 21:45:27,570 | INFO | Processing: FIRSTHOLDCO
2026-07-01 21:45:27,570 | INFO | ============================================================
2026-07-01 21:45:27,571 | INFO | [1/6] Loading raw data...
2026-07-01 21:45:27,573 | INFO | [WAIT] Loading FIRSTHOLDCO from C:\Users\DREAMUSER\Documents\NSE Volatility Project\NSE_Volatility_Project\data\raw\FIRSTHOLDCO.csv
2026-07-01 21:45:27,578 | INFO |    Trying encoding: utf-8
2026-07-01 21:45:27,661 | INFO |    Read 1544 rows with 7 columns using utf-8
2026-07-01 21:45:27,664 | INFO |    Original columns: ['Date', 'Price', 'Open', 'High', 'Low', 'Vol.', 'Change %']
2026-07-01 21:45:27,665 | INFO |    Cleaned columns: ['Date', 'Price', 'Open', 'High', 'Low', 'Vol.', 'Change %']
2026-07-01 21:45:27,685 | INFO |    First few rows:
         Date  Price  Open  High    Low   Vol. Change %
0  03/27/2026   50.5  50.5  51.8  50.45  5.47M   -0.98%
1  03/26/2026   51.0  51.0  51.5  50.90  7.24M    0.10%
2026-07-01 21:45:27,686 | INFO |    Column map: {'date': 'Date', 'price': 'Price', 'open': 'Open', 'high': 'High', 'low': 'Low', 'vol.': 'Vol.', 'change_%': 'Change %'}
2026-07-01 21:45:27,687 | INFO |    Matched columns: {'Price': 'Price', 'Open': 'Open', 'High': 'High', 'Low': 'Low'}
2026-07-01 21:45:27,752 | INFO |    Final DataFrame: 1544 rows, columns: ['Date', 'Price', 'Open', 'High', 'Low', 'Volume']
2026-07-01 21:45:27,752 | INFO | [OK] Loaded 1544 rows
2026-07-01 21:45:27,753 | INFO |    Loaded 1544 rows, columns: ['Date', 'Price', 'Open', 'High', 'Low', 'Volume']
2026-07-01 21:45:27,754 | INFO | [2/6] Engineering features...
2026-07-01 21:45:27,763 | INFO |    Adding news and policy features for FIRSTHOLDCO...
2026-07-01 21:46:04,105 | INFO |    Created 1291 rows with 55 features
2026-07-01 21:46:04,106 | INFO | [3/6] Saving processed data...
2026-07-01 21:46:04,431 | INFO |    Saved: C:\Users\DREAMUSER\Documents\NSE Volatility Project\NSE_Volatility_Project\data\processed\FIRSTHOLDCO_features.csv
2026-07-01 21:46:04,431 | INFO | [4/6] Preparing ML dataset...
2026-07-01 21:46:04,460 | INFO | [5/6] Training ML models...
2026-07-01 21:46:06,746 | INFO |    Random Forest: RMSE=0.038387
2026-07-01 21:46:06,807 | INFO |    Ridge: RMSE=0.035007
2026-07-01 21:46:08,700 | INFO |    XGBoost: RMSE=0.044363
2026-07-01 21:46:08,700 | INFO | [6/6] Evaluating and saving results...
2026-07-01 21:46:08,732 | INFO |    Saved comparison: C:\Users\DREAMUSER\Documents\NSE Volatility Project\NSE_Volatility_Project\results\tables\FIRSTHOLDCO_model_comparison.csv
2026-07-01 21:46:08,758 | INFO |    Saved predictions: C:\Users\DREAMUSER\Documents\NSE Volatility Project\NSE_Volatility_Project\results\forecasts\FIRSTHOLDCO_predictions.csv
2026-07-01 21:46:08,761 | INFO | [OK] Best: Ridge, RMSE: 0.035007, MAPE: 6.56%
2026-07-01 21:46:08,766 | INFO | 
============================================================
2026-07-01 21:46:08,767 | INFO | Processing: ETI
2026-07-01 21:46:08,772 | INFO | ============================================================
2026-07-01 21:46:08,772 | INFO | [1/6] Loading raw data...
2026-07-01 21:46:08,773 | INFO | [WAIT] Loading ETI from C:\Users\DREAMUSER\Documents\NSE Volatility Project\NSE_Volatility_Project\data\raw\ETI.csv
2026-07-01 21:46:08,774 | INFO |    Trying encoding: utf-8
2026-07-01 21:46:08,844 | INFO |    Read 1545 rows with 7 columns using utf-8
2026-07-01 21:46:08,846 | INFO |    Original columns: ['Date', 'Price', 'Open', 'High', 'Low', 'Vol.', 'Change %']
2026-07-01 21:46:08,847 | INFO |    Cleaned columns: ['Date', 'Price', 'Open', 'High', 'Low', 'Vol.', 'Change %']
2026-07-01 21:46:08,866 | INFO |    First few rows:
         Date  Price  Open  High   Low     Vol. Change %
0  03/27/2026   46.0  47.0  48.0  44.6  218.71K    0.00%
1  03/26/2026   46.0  46.0  46.0  46.0  345.80K    0.00%
2026-07-01 21:46:08,868 | INFO |    Column map: {'date': 'Date', 'price': 'Price', 'open': 'Open', 'high': 'High', 'low': 'Low', 'vol.': 'Vol.', 'change_%': 'Change %'}
2026-07-01 21:46:08,872 | INFO |    Matched columns: {'Price': 'Price', 'Open': 'Open', 'High': 'High', 'Low': 'Low'}
2026-07-01 21:46:08,931 | INFO |    Final DataFrame: 1545 rows, columns: ['Date', 'Price', 'Open', 'High', 'Low', 'Volume']
2026-07-01 21:46:08,932 | INFO | [OK] Loaded 1545 rows
2026-07-01 21:46:08,932 | INFO |    Loaded 1545 rows, columns: ['Date', 'Price', 'Open', 'High', 'Low', 'Volume']
2026-07-01 21:46:08,933 | INFO | [2/6] Engineering features...
2026-07-01 21:46:08,941 | INFO |    Adding news and policy features for ETI...
2026-07-01 21:46:38,247 | INFO |    Created 1264 rows with 55 features
2026-07-01 21:46:38,248 | INFO | [3/6] Saving processed data...
2026-07-01 21:46:38,660 | INFO |    Saved: C:\Users\DREAMUSER\Documents\NSE Volatility Project\NSE_Volatility_Project\data\processed\ETI_features.csv
2026-07-01 21:46:38,687 | INFO | [4/6] Preparing ML dataset...
2026-07-01 21:46:38,750 | INFO | [5/6] Training ML models...
2026-07-01 21:46:41,161 | INFO |    Random Forest: RMSE=0.059881
2026-07-01 21:46:41,178 | INFO |    Ridge: RMSE=0.044792
2026-07-01 21:46:42,457 | INFO |    XGBoost: RMSE=0.088833
2026-07-01 21:46:42,458 | INFO | [6/6] Evaluating and saving results...
2026-07-01 21:46:42,488 | INFO |    Saved comparison: C:\Users\DREAMUSER\Documents\NSE Volatility Project\NSE_Volatility_Project\results\tables\ETI_model_comparison.csv
2026-07-01 21:46:42,510 | INFO |    Saved predictions: C:\Users\DREAMUSER\Documents\NSE Volatility Project\NSE_Volatility_Project\results\forecasts\ETI_predictions.csv
2026-07-01 21:46:42,512 | INFO | [OK] Best: Ridge, RMSE: 0.044792, MAPE: 7.64%
2026-07-01 21:46:42,525 | INFO | 
============================================================
2026-07-01 21:46:42,525 | INFO | Processing: ZENITH
2026-07-01 21:46:42,525 | INFO | ============================================================
2026-07-01 21:46:42,526 | INFO | [1/6] Loading raw data...
2026-07-01 21:46:42,526 | INFO | [WAIT] Loading ZENITH from C:\Users\DREAMUSER\Documents\NSE Volatility Project\NSE_Volatility_Project\data\raw\ZENITH.csv
2026-07-01 21:46:42,527 | INFO |    Trying encoding: utf-8
2026-07-01 21:46:42,606 | INFO |    Read 1546 rows with 7 columns using utf-8
2026-07-01 21:46:42,607 | INFO |    Original columns: ['Date', 'Price', 'Open', 'High', 'Low', 'Vol.', 'Change %']
2026-07-01 21:46:42,608 | INFO |    Cleaned columns: ['Date', 'Price', 'Open', 'High', 'Low', 'Vol.', 'Change %']
2026-07-01 21:46:42,619 | INFO |    First few rows:
         Date   Price    Open    High    Low    Vol. Change %
0  03/27/2026  103.00  103.05  105.00  102.5  13.81M   -0.05%
1  03/26/2026  103.05  101.50  104.45  103.0  17.08M    1.53%
2026-07-01 21:46:42,621 | INFO |    Column map: {'date': 'Date', 'price': 'Price', 'open': 'Open', 'high': 'High', 'low': 'Low', 'vol.': 'Vol.', 'change_%': 'Change %'}
2026-07-01 21:46:42,626 | INFO |    Matched columns: {'Price': 'Price', 'Open': 'Open', 'High': 'High', 'Low': 'Low'}
2026-07-01 21:46:42,687 | INFO |    Final DataFrame: 1546 rows, columns: ['Date', 'Price', 'Open', 'High', 'Low', 'Volume']
2026-07-01 21:46:42,688 | INFO | [OK] Loaded 1546 rows
2026-07-01 21:46:42,689 | INFO |    Loaded 1546 rows, columns: ['Date', 'Price', 'Open', 'High', 'Low', 'Volume']
2026-07-01 21:46:42,690 | INFO | [2/6] Engineering features...
2026-07-01 21:46:42,695 | INFO |    Adding news and policy features for ZENITH...
2026-07-01 21:47:10,970 | INFO |    Created 1293 rows with 55 features
2026-07-01 21:47:10,971 | INFO | [3/6] Saving processed data...
2026-07-01 21:47:11,324 | INFO |    Saved: C:\Users\DREAMUSER\Documents\NSE Volatility Project\NSE_Volatility_Project\data\processed\ZENITH_features.csv
2026-07-01 21:47:11,330 | INFO | [4/6] Preparing ML dataset...
2026-07-01 21:47:11,373 | INFO | [5/6] Training ML models...
2026-07-01 21:47:14,691 | INFO |    Random Forest: RMSE=0.044826
2026-07-01 21:47:14,735 | INFO |    Ridge: RMSE=0.041887
2026-07-01 21:47:17,453 | INFO |    XGBoost: RMSE=0.051313
2026-07-01 21:47:17,454 | INFO | [6/6] Evaluating and saving results...
2026-07-01 21:47:17,485 | INFO |    Saved comparison: C:\Users\DREAMUSER\Documents\NSE Volatility Project\NSE_Volatility_Project\results\tables\ZENITH_model_comparison.csv
2026-07-01 21:47:17,512 | INFO |    Saved predictions: C:\Users\DREAMUSER\Documents\NSE Volatility Project\NSE_Volatility_Project\results\forecasts\ZENITH_predictions.csv
2026-07-01 21:47:17,514 | INFO | [OK] Best: Ridge, RMSE: 0.041887, MAPE: 7.10%
2026-07-01 21:47:17,518 | INFO | 
============================================================
2026-07-01 21:47:17,518 | INFO | Processing: CWG
2026-07-01 21:47:17,518 | INFO | ============================================================
2026-07-01 21:47:17,526 | INFO | [1/6] Loading raw data...
2026-07-01 21:47:17,528 | INFO | [WAIT] Loading CWG from C:\Users\DREAMUSER\Documents\NSE Volatility Project\NSE_Volatility_Project\data\raw\CWG.csv
2026-07-01 21:47:17,530 | INFO |    Trying encoding: utf-8
2026-07-01 21:47:17,645 | INFO |    Read 1107 rows with 7 columns using utf-8
2026-07-01 21:47:17,647 | INFO |    Original columns: ['Date', 'Price', 'Open', 'High', 'Low', 'Vol.', 'Change %']
2026-07-01 21:47:17,648 | INFO |    Cleaned columns: ['Date', 'Price', 'Open', 'High', 'Low', 'Vol.', 'Change %']
2026-07-01 21:47:17,674 | INFO |    First few rows:
         Date  Price  Open  High    Low   Vol. Change %
0  03/27/2026   22.0  22.9  22.0  22.00  1.42M   -3.93%
1  03/26/2026   22.9  21.7  22.9  22.45  2.58M    5.53%
2026-07-01 21:47:17,680 | INFO |    Column map: {'date': 'Date', 'price': 'Price', 'open': 'Open', 'high': 'High', 'low': 'Low', 'vol.': 'Vol.', 'change_%': 'Change %'}
2026-07-01 21:47:17,683 | INFO |    Matched columns: {'Price': 'Price', 'Open': 'Open', 'High': 'High', 'Low': 'Low'}
2026-07-01 21:47:17,762 | INFO |    Final DataFrame: 1107 rows, columns: ['Date', 'Price', 'Open', 'High', 'Low', 'Volume']
2026-07-01 21:47:17,764 | INFO | [OK] Loaded 1107 rows
2026-07-01 21:47:17,765 | INFO |    Loaded 1107 rows, columns: ['Date', 'Price', 'Open', 'High', 'Low', 'Volume']
2026-07-01 21:47:17,765 | INFO | [2/6] Engineering features...
2026-07-01 21:47:17,777 | INFO |    Adding news and policy features for CWG...
2026-07-01 21:47:54,641 | INFO |    Created 854 rows with 55 features
2026-07-01 21:47:54,642 | INFO | [3/6] Saving processed data...
2026-07-01 21:47:54,772 | INFO |    Saved: C:\Users\DREAMUSER\Documents\NSE Volatility Project\NSE_Volatility_Project\data\processed\CWG_features.csv
2026-07-01 21:47:54,772 | INFO | [4/6] Preparing ML dataset...
2026-07-01 21:47:54,782 | INFO | [5/6] Training ML models...
2026-07-01 21:47:56,761 | INFO |    Random Forest: RMSE=0.045587
2026-07-01 21:47:56,780 | INFO |    Ridge: RMSE=0.034274
2026-07-01 21:47:58,784 | INFO |    XGBoost: RMSE=0.082253
2026-07-01 21:47:58,784 | INFO | [6/6] Evaluating and saving results...
2026-07-01 21:47:58,808 | INFO |    Saved comparison: C:\Users\DREAMUSER\Documents\NSE Volatility Project\NSE_Volatility_Project\results\tables\CWG_model_comparison.csv
2026-07-01 21:47:58,840 | INFO |    Saved predictions: C:\Users\DREAMUSER\Documents\NSE Volatility Project\NSE_Volatility_Project\results\forecasts\CWG_predictions.csv
2026-07-01 21:47:58,841 | INFO | [OK] Best: Ridge, RMSE: 0.034274, MAPE: 4.90%
2026-07-01 21:47:58,844 | INFO | 
============================================================
2026-07-01 21:47:58,846 | INFO | Processing: NESTLE
2026-07-01 21:47:58,858 | INFO | ============================================================
2026-07-01 21:47:58,860 | INFO | [1/6] Loading raw data...
2026-07-01 21:47:58,870 | INFO | [WAIT] Loading NESTLE from C:\Users\DREAMUSER\Documents\NSE Volatility Project\NSE_Volatility_Project\data\raw\NESTLE.csv
2026-07-01 21:47:58,871 | INFO |    Trying encoding: utf-8
2026-07-01 21:47:58,979 | INFO |    Read 1545 rows with 7 columns using utf-8
2026-07-01 21:47:58,981 | INFO |    Original columns: ['Date', 'Price', 'Open', 'High', 'Low', 'Vol.', 'Change %']
2026-07-01 21:47:58,984 | INFO |    Cleaned columns: ['Date', 'Price', 'Open', 'High', 'Low', 'Vol.', 'Change %']
2026-07-01 21:47:59,000 | INFO |    First few rows:
         Date     Price      Open      High       Low    Vol. Change %
0  03/27/2026  3,395.00  3,395.00  3,395.00  3,395.00  66.01K    0.00%
1  03/26/2026  3,395.00  3,395.00  3,395.00  3,395.00  25.42K    0.00%
2026-07-01 21:47:59,003 | INFO |    Column map: {'date': 'Date', 'price': 'Price', 'open': 'Open', 'high': 'High', 'low': 'Low', 'vol.': 'Vol.', 'change_%': 'Change %'}
2026-07-01 21:47:59,003 | INFO |    Matched columns: {'Price': 'Price', 'Open': 'Open', 'High': 'High', 'Low': 'Low'}
2026-07-01 21:47:59,086 | INFO |    Final DataFrame: 346 rows, columns: ['Date', 'Price', 'Open', 'High', 'Low', 'Volume']
2026-07-01 21:47:59,087 | INFO | [OK] Loaded 346 rows
2026-07-01 21:47:59,087 | INFO |    Loaded 346 rows, columns: ['Date', 'Price', 'Open', 'High', 'Low', 'Volume']
2026-07-01 21:47:59,088 | INFO | [2/6] Engineering features...
2026-07-01 21:47:59,101 | INFO |    Adding news and policy features for NESTLE...
2026-07-01 21:48:19,007 | INFO |    Created 53 rows with 55 features
2026-07-01 21:48:19,008 | INFO | [3/6] Saving processed data...
2026-07-01 21:48:19,024 | INFO |    Saved: C:\Users\DREAMUSER\Documents\NSE Volatility Project\NSE_Volatility_Project\data\processed\NESTLE_features.csv
2026-07-01 21:48:19,027 | INFO | [4/6] Preparing ML dataset...
2026-07-01 21:48:19,051 | INFO | [5/6] Training ML models...
2026-07-01 21:48:19,751 | INFO |    Random Forest: RMSE=0.053484
2026-07-01 21:48:19,765 | INFO |    Ridge: RMSE=0.010270
2026-07-01 21:48:19,882 | INFO |    XGBoost: RMSE=0.134238
2026-07-01 21:48:19,882 | INFO | [6/6] Evaluating and saving results...
2026-07-01 21:48:19,909 | INFO |    Saved comparison: C:\Users\DREAMUSER\Documents\NSE Volatility Project\NSE_Volatility_Project\results\tables\NESTLE_model_comparison.csv
2026-07-01 21:48:19,921 | INFO |    Saved predictions: C:\Users\DREAMUSER\Documents\NSE Volatility Project\NSE_Volatility_Project\results\forecasts\NESTLE_predictions.csv
2026-07-01 21:48:19,923 | INFO | [OK] Best: Ridge, RMSE: 0.010270, MAPE: 2.88%
2026-07-01 21:48:19,925 | INFO | 
============================================================
2026-07-01 21:48:19,925 | INFO | Processing: NB
2026-07-01 21:48:19,926 | INFO | ============================================================
2026-07-01 21:48:19,927 | INFO | [1/6] Loading raw data...
2026-07-01 21:48:19,933 | INFO | [WAIT] Loading NB from C:\Users\DREAMUSER\Documents\NSE Volatility Project\NSE_Volatility_Project\data\raw\NB.csv
2026-07-01 21:48:19,933 | INFO |    Trying encoding: utf-8
2026-07-01 21:48:20,006 | INFO |    Read 1545 rows with 7 columns using utf-8
2026-07-01 21:48:20,009 | INFO |    Original columns: ['Date', 'Price', 'Open', 'High', 'Low', 'Vol.', 'Change %']
2026-07-01 21:48:20,011 | INFO |    Cleaned columns: ['Date', 'Price', 'Open', 'High', 'Low', 'Vol.', 'Change %']
2026-07-01 21:48:20,034 | INFO |    First few rows:
         Date  Price   Open  High   Low    Vol. Change %
0  03/27/2026   71.0  73.30  71.0  70.7  19.20M   -3.14%
1  03/26/2026   73.3  71.95  74.0  73.3   4.86M    1.88%
2026-07-01 21:48:20,036 | INFO |    Column map: {'date': 'Date', 'price': 'Price', 'open': 'Open', 'high': 'High', 'low': 'Low', 'vol.': 'Vol.', 'change_%': 'Change %'}
2026-07-01 21:48:20,038 | INFO |    Matched columns: {'Price': 'Price', 'Open': 'Open', 'High': 'High', 'Low': 'Low'}
2026-07-01 21:48:20,103 | INFO |    Final DataFrame: 1545 rows, columns: ['Date', 'Price', 'Open', 'High', 'Low', 'Volume']
2026-07-01 21:48:20,103 | INFO | [OK] Loaded 1545 rows
2026-07-01 21:48:20,104 | INFO |    Loaded 1545 rows, columns: ['Date', 'Price', 'Open', 'High', 'Low', 'Volume']
2026-07-01 21:48:20,104 | INFO | [2/6] Engineering features...
2026-07-01 21:48:20,114 | INFO |    Adding news and policy features for NB...
2026-07-01 21:48:40,917 | INFO |    Created 1281 rows with 55 features
2026-07-01 21:48:40,917 | INFO | [3/6] Saving processed data...
2026-07-01 21:48:41,199 | INFO |    Saved: C:\Users\DREAMUSER\Documents\NSE Volatility Project\NSE_Volatility_Project\data\processed\NB_features.csv
2026-07-01 21:48:41,200 | INFO | [4/6] Preparing ML dataset...
2026-07-01 21:48:41,216 | INFO | [5/6] Training ML models...
2026-07-01 21:48:43,414 | INFO |    Random Forest: RMSE=0.042237
2026-07-01 21:48:43,433 | INFO |    Ridge: RMSE=0.036470
2026-07-01 21:48:44,914 | INFO |    XGBoost: RMSE=0.051644
2026-07-01 21:48:44,915 | INFO | [6/6] Evaluating and saving results...
2026-07-01 21:48:44,947 | INFO |    Saved comparison: C:\Users\DREAMUSER\Documents\NSE Volatility Project\NSE_Volatility_Project\results\tables\NB_model_comparison.csv
2026-07-01 21:48:44,968 | INFO |    Saved predictions: C:\Users\DREAMUSER\Documents\NSE Volatility Project\NSE_Volatility_Project\results\forecasts\NB_predictions.csv
2026-07-01 21:48:44,974 | INFO | [OK] Best: Ridge, RMSE: 0.036470, MAPE: 6.85%
2026-07-01 21:48:44,982 | INFO | 
============================================================
2026-07-01 21:48:44,982 | INFO | Processing: ACCESS
2026-07-01 21:48:44,983 | INFO | ============================================================
2026-07-01 21:48:44,983 | INFO | [1/6] Loading raw data...
2026-07-01 21:48:44,985 | INFO | [WAIT] Loading ACCESS from C:\Users\DREAMUSER\Documents\NSE Volatility Project\NSE_Volatility_Project\data\raw\ACCESS.csv
2026-07-01 21:48:44,986 | INFO |    Trying encoding: utf-8
2026-07-01 21:48:45,060 | INFO |    Read 988 rows with 7 columns using utf-8
2026-07-01 21:48:45,062 | INFO |    Original columns: ['Date', 'Price', 'Open', 'High', 'Low', 'Vol.', 'Change %']
2026-07-01 21:48:45,063 | INFO |    Cleaned columns: ['Date', 'Price', 'Open', 'High', 'Low', 'Vol.', 'Change %']
2026-07-01 21:48:45,080 | INFO |    First few rows:
        Date  Price   Open   High    Low     Vol. Change %
0  3/27/2026   26.0  26.00  26.10  25.85   29.43M    0.00%
1  3/26/2026   26.0  26.05  26.05  25.80  134.59M   -0.19%
2026-07-01 21:48:45,080 | INFO |    Column map: {'date': 'Date', 'price': 'Price', 'open': 'Open', 'high': 'High', 'low': 'Low', 'vol.': 'Vol.', 'change_%': 'Change %'}
2026-07-01 21:48:45,082 | INFO |    Matched columns: {'Price': 'Price', 'Open': 'Open', 'High': 'High', 'Low': 'Low'}
2026-07-01 21:48:45,138 | INFO |    Final DataFrame: 988 rows, columns: ['Date', 'Price', 'Open', 'High', 'Low', 'Volume']
2026-07-01 21:48:45,139 | INFO | [OK] Loaded 988 rows
2026-07-01 21:48:45,140 | INFO |    Loaded 988 rows, columns: ['Date', 'Price', 'Open', 'High', 'Low', 'Volume']
2026-07-01 21:48:45,141 | INFO | [2/6] Engineering features...
2026-07-01 21:48:45,146 | INFO |    Adding news and policy features for ACCESS...
2026-07-01 21:49:13,232 | INFO |    Created 735 rows with 55 features
2026-07-01 21:49:13,233 | INFO | [3/6] Saving processed data...
2026-07-01 21:49:13,430 | INFO |    Saved: C:\Users\DREAMUSER\Documents\NSE Volatility Project\NSE_Volatility_Project\data\processed\ACCESS_features.csv
2026-07-01 21:49:13,432 | INFO | [4/6] Preparing ML dataset...
2026-07-01 21:49:13,442 | INFO | [5/6] Training ML models...
2026-07-01 21:49:14,957 | INFO |    Random Forest: RMSE=0.037612
2026-07-01 21:49:14,992 | INFO |    Ridge: RMSE=0.032037
2026-07-01 21:49:16,013 | INFO |    XGBoost: RMSE=0.040395
2026-07-01 21:49:16,013 | INFO | [6/6] Evaluating and saving results...
2026-07-01 21:49:16,040 | INFO |    Saved comparison: C:\Users\DREAMUSER\Documents\NSE Volatility Project\NSE_Volatility_Project\results\tables\ACCESS_model_comparison.csv
2026-07-01 21:49:16,065 | INFO |    Saved predictions: C:\Users\DREAMUSER\Documents\NSE Volatility Project\NSE_Volatility_Project\results\forecasts\ACCESS_predictions.csv
2026-07-01 21:49:16,067 | INFO | [OK] Best: Ridge, RMSE: 0.032037, MAPE: 5.62%
2026-07-01 21:49:16,070 | INFO | 
============================================================
2026-07-01 21:49:16,071 | INFO | Processing: WAPCO
2026-07-01 21:49:16,073 | INFO | ============================================================
2026-07-01 21:49:16,073 | INFO | [1/6] Loading raw data...
2026-07-01 21:49:16,074 | INFO | [WAIT] Loading WAPCO from C:\Users\DREAMUSER\Documents\NSE Volatility Project\NSE_Volatility_Project\data\raw\WAPCO.csv
2026-07-01 21:49:16,074 | INFO |    Trying encoding: utf-8
2026-07-01 21:49:16,145 | INFO |    Read 1545 rows with 7 columns using utf-8
2026-07-01 21:49:16,148 | INFO |    Original columns: ['Date', 'Price', 'Open', 'High', 'Low', 'Vol.', 'Change %']
2026-07-01 21:49:16,148 | INFO |    Cleaned columns: ['Date', 'Price', 'Open', 'High', 'Low', 'Vol.', 'Change %']
2026-07-01 21:49:16,166 | INFO |    First few rows:
         Date  Price   Open   High    Low   Vol. Change %
0  03/27/2026  224.0  224.0  224.0  215.0  2.37M    0.00%
1  03/26/2026  224.0  227.5  224.0  224.0  5.98M   -1.54%
2026-07-01 21:49:16,167 | INFO |    Column map: {'date': 'Date', 'price': 'Price', 'open': 'Open', 'high': 'High', 'low': 'Low', 'vol.': 'Vol.', 'change_%': 'Change %'}
2026-07-01 21:49:16,167 | INFO |    Matched columns: {'Price': 'Price', 'Open': 'Open', 'High': 'High', 'Low': 'Low'}
2026-07-01 21:49:16,221 | INFO |    Final DataFrame: 1545 rows, columns: ['Date', 'Price', 'Open', 'High', 'Low', 'Volume']
2026-07-01 21:49:16,221 | INFO | [OK] Loaded 1545 rows
2026-07-01 21:49:16,222 | INFO |    Loaded 1545 rows, columns: ['Date', 'Price', 'Open', 'High', 'Low', 'Volume']
2026-07-01 21:49:16,222 | INFO | [2/6] Engineering features...
2026-07-01 21:49:16,231 | INFO |    Adding news and policy features for WAPCO...
2026-07-01 21:49:54,633 | INFO |    Created 1291 rows with 55 features
2026-07-01 21:49:54,634 | INFO | [3/6] Saving processed data...
2026-07-01 21:49:54,934 | INFO |    Saved: C:\Users\DREAMUSER\Documents\NSE Volatility Project\NSE_Volatility_Project\data\processed\WAPCO_features.csv
2026-07-01 21:49:54,936 | INFO | [4/6] Preparing ML dataset...
2026-07-01 21:49:54,953 | INFO | [5/6] Training ML models...
2026-07-01 21:49:57,392 | INFO |    Random Forest: RMSE=0.038628
2026-07-01 21:49:57,422 | INFO |    Ridge: RMSE=0.043650
2026-07-01 21:49:59,016 | INFO |    XGBoost: RMSE=0.055284
2026-07-01 21:49:59,016 | INFO | [6/6] Evaluating and saving results...
2026-07-01 21:49:59,055 | INFO |    Saved comparison: C:\Users\DREAMUSER\Documents\NSE Volatility Project\NSE_Volatility_Project\results\tables\WAPCO_model_comparison.csv
2026-07-01 21:49:59,078 | INFO |    Saved predictions: C:\Users\DREAMUSER\Documents\NSE Volatility Project\NSE_Volatility_Project\results\forecasts\WAPCO_predictions.csv
2026-07-01 21:49:59,080 | INFO | [OK] Best: Random Forest, RMSE: 0.038628, MAPE: 10.94%
2026-07-01 21:49:59,095 | INFO | 
[OK] Reports saved to C:\Users\DREAMUSER\Documents\NSE Volatility Project\NSE_Volatility_Project\results\tables
2026-07-01 21:49:59,096 | INFO | 
======================================================================
2026-07-01 21:49:59,097 | INFO | PIPELINE COMPLETE
2026-07-01 21:49:59,098 | INFO | Success: 15/15 stocks
2026-07-01 21:49:59,099 | INFO | Time: 8.5 minutes
2026-07-01 21:49:59,100 | INFO | ======================================================================
2026-07-01 21:49:59,100 | INFO | Dashboard-compatible files created:
2026-07-01 21:49:59,100 | INFO |    - data/processed/{stock}_features.csv
2026-07-01 21:49:59,105 | INFO |    - results/tables/{stock}_model_comparison.csv
2026-07-01 21:49:59,107 | INFO |    - results/forecasts/{stock}_predictions.csv
2026-07-01 21:49:59,107 | INFO | 
Run: streamlit run app.py
2026-07-01 21:49:59,108 | INFO | ======================================================================
2026-07-01 22:08:15,907 | INFO |    Adding news and policy features for MTNN...
