Date,Price,Open,High,Low,Volume,log_return,simple_return,news_article_count,news_sentiment_score,news_negative_ratio,news_policy_mentions,news_policy_flag,news_volatility_adjustment,news_signal_strength,hist_vol_5d,hist_vol_10d,hist_vol_21d,hist_vol_63d,hist_vol_126d,hist_vol_252d,ma_5d,ma_ratio_5d,ma_10d,ma_ratio_10d,ma_20d,ma_ratio_20d,ma_50d,ma_ratio_50d,ma_200d,ma_ratio_200d,rsi_14d,macd,macd_signal,bb_middle,bb_upper,bb_lower,bb_width,atr_14d,price_lag_1,return_lag_1,vol_lag_1,price_lag_2,return_lag_2,vol_lag_2,price_lag_3,return_lag_3,vol_lag_3,price_lag_5,return_lag_5,vol_lag_5,price_lag_10,return_lag_10,vol_lag_10,target_vol_1d
2023-04-03,9.0,9.0,9.0,8.95,0,0.0,0.0,8.0,0.0,0.25,8.0,1.0,0.15,1,0.18651836223115226,0.20775538917161065,0.34226661135685355,0.2769117670048351,0.2756998803827093,0.2755676603198265,8.929999999999998,1.0078387458006721,8.844999999999999,1.0175240248728097,8.905000000000001,1.0106681639528354,9.078000000000001,0.9914077990746859,8.718,1.032346868547832,50.0,-0.05344254400377224,-0.08084266372592562,8.905000000000001,9.335299773108094,8.474700226891908,0.09664228480810619,0.1678571428571427,9.0,0.0,0.34312813871866316,9.0,0.0055710450494554295,0.3585853269243766,8.95,0.02833050662622599,0.3584813135549853,8.65,0.0,0.35855598872346917,9.0,0.06899287148695142,0.35579777009616154,0.34207076554040333
2023-04-04,9.0,9.0,9.0,8.95,0,0.0,0.0,8.0,0.0,0.25,8.0,1.0,0.15,1,0.1950354833577434,0.19828552197566168,0.34207076554040333,0.2767070284832721,0.26283304453502515,0.2755301199772888,8.99,1.0011123470522802,8.855,1.0163749294184077,8.8975,1.0115200899128969,9.077,0.9915170210421945,8.7165,1.0325245224574084,50.0,-0.04151657280574739,-0.07297744554188998,8.8975,9.31485381935038,8.480146180649621,0.09381372730550824,0.17142857142857132,9.0,0.0,0.34226661135685355,9.0,0.0,0.34312813871866316,9.0,0.0055710450494554295,0.3585853269243766,8.7,0.005763704716749913,0.35653848929531234,8.9,-0.011173300598125189,0.3574849264550456,0.3378788011112664
2023-04-05,9.0,9.0,9.0,9.0,0,0.0,0.0,8.0,0.0,0.25,8.0,1.0,0.15,1,0.039550496385382286,0.19828552197566168,0.3378788011112664,0.27303234718885006,0.2620172909269057,0.27439388307862767,9.0,1.0,8.864999999999998,1.0152284263959392,8.89,1.012373453318335,9.077,0.9915170210421945,8.7145,1.0327614894715704,63.33333333333336,-0.031699739840846064,-0.0647219044016812,8.89,9.293406546929146,8.486593453070855,0.09075512866797432,0.14285714285714274,9.0,0.0,0.34207076554040333,9.0,0.0,0.34226661135685355,9.0,0.0,0.34312813871866316,8.95,0.02833050662622599,0.3584813135549853,8.9,0.0,0.3533870257452989,0.3382661972067797
2023-04-06,8.95,9.0,9.0,8.95,0,-0.005571045049455472,-0.005555555555555647,8.0,0.0,0.25,8.0,1.0,0.15,1,0.03955049638538487,0.15435137324909967,0.3382661972067797,0.27325959961769875,0.2616602111996258,0.27440180247707563,8.989999999999998,0.9955506117908789,8.889999999999999,1.0067491563554556,8.879999999999999,1.007882882882883,9.068,0.9869872077635642,8.712,1.0273186409550046,70.37037037037034,-0.02763584233454708,-0.05730469198825437,8.879999999999999,9.265800602984482,8.494199397015516,0.08689202769920798,0.1285714285714285,9.0,0.0,0.3378788011112664,9.0,0.0,0.34207076554040333,9.0,0.0,0.34226661135685355,9.0,0.0055710450494554295,0.3585853269243766,8.7,-0.02272825107755629,0.36050513616732355,0.34634331529849566
2023-04-11,8.75,8.95,8.95,8.65,0,-0.02259983191724092,-0.022346368715083775,8.0,0.0,0.25,8.0,1.0,0.15,1,0.1553491708391501,0.19766799612958516,0.34634331529849566,0.27694326608276976,0.26382914371440935,0.27512338708923667,8.940000000000001,0.9787472035794182,8.9,0.9831460674157303,8.86,0.9875846501128669,9.062999999999999,0.9654639744014124,8.70825,1.0047943042517153,36.84210526315788,-0.04009135463206803,-0.053862024517017104,8.86,9.227924477376355,8.492075522623644,0.0830529294303286,0.10714285714285701,8.95,-0.005571045049455472,0.3382661972067797,9.0,0.0,0.3378788011112664,9.0,0.0,0.34207076554040333,9.0,0.0,0.34312813871866316,8.65,-0.0057637047167499065,0.35961354110371946,0.34646844736804133
2023-04-12,8.7,8.75,8.75,8.65,0,-0.005730674708985095,-0.005714285714285783,8.0,0.0,0.25,8.0,1.0,0.15,1,0.14737805750505245,0.20067161162693087,0.34646844736804133,0.2749684955632766,0.26160782512728203,0.27471262983734485,8.88,0.9797297297297296,8.905,0.9769792251544076,8.8425,0.9838846480067854,9.056000000000001,0.9606890459363956,8.70425,0.9995117327742195,38.888888888888836,-0.05338166934229349,-0.05376595348207238,8.8425,9.205636917777117,8.479363082222882,0.08213444563802484,0.1035714285714284,8.75,-0.02259983191724092,0.34634331529849566,8.95,-0.005571045049455472,0.3382661972067797,9.0,0.0,0.3378788011112664,9.0,0.0,0.34226661135685355,8.65,0.0,0.35855598872346917,0.3481661580636051
2023-04-13,8.8,8.7,8.9,8.75,0,0.01142869582362285,0.011494252873563315,8.0,0.0,0.25,8.0,1.0,0.15,1,0.19510777902575732,0.2066965035416865,0.3481661580636051,0.27391775455115736,0.26182262738907364,0.2749691263563083,8.84,0.9954751131221721,8.915,0.9871003925967472,8.8325,0.9963204075856215,9.05,0.9723756906077348,8.70075,1.0114070626095453,45.00000000000003,-0.05520876298315791,-0.05405451538228949,8.8325,9.188316333461419,8.47668366653858,0.08056978963179605,0.11428571428571425,8.7,-0.005730674708985095,0.34646844736804133,8.75,-0.02259983191724092,0.34634331529849566,8.95,-0.005571045049455472,0.3382661972067797,9.0,0.0,0.34207076554040333,8.7,0.005763704716749913,0.35653848929531234,0.34862408435592884
2023-04-14,8.85,8.8,8.95,8.7,0,0.0056657375356773,0.005681818181818121,8.0,0.0,0.25,8.0,1.0,0.15,1,0.20710748995198358,0.14546886950821958,0.34862408435592884,0.27422570827733755,0.2582225411946775,0.2749946766558206,8.81,1.0045402951191826,8.905,0.9938236945536216,8.825,1.0028328611898016,9.045,0.978441127694859,8.698,1.0174752816739479,58.823529411764724,-0.05202248292419753,-0.053648108890671106,8.825,9.172169001769321,8.477830998230678,0.07867852731316072,0.11785714285714276,8.8,0.01142869582362285,0.3481661580636051,8.7,-0.005730674708985095,0.34646844736804133,8.75,-0.02259983191724092,0.34634331529849566,9.0,0.0,0.3378788011112664,8.95,0.02833050662622599,0.3584813135549853,0.34933258781161053
2023-04-17,8.9,8.85,8.9,8.8,0,0.005633817718256064,0.005649717514124353,8.0,0.0,0.25,8.0,1.0,0.15,1,0.21471284987568312,0.1455500766103369,0.34933258781161053,0.26363660244311926,0.25831019420071427,0.27485425320846335,8.8,1.0113636363636362,8.895,1.0005621135469365,8.84,1.006787330316742,9.042,0.9842955098429551,8.69625,1.0234296392123043,64.70588235294116,-0.044944656861774845,-0.05190741848489186,8.84,9.171821131270942,8.508178868729058,0.07507265413369735,0.12142857142857137,8.85,0.0056657375356773,0.34862408435592884,8.8,0.01142869582362285,0.3481661580636051,8.7,-0.005730674708985095,0.34646844736804133,8.95,-0.005571045049455472,0.3382661972067797,9.0,0.0055710450494554295,0.3585853269243766,0.3097957151046111
2023-04-18,8.85,8.9,8.85,8.85,0,-0.005633817718256131,-0.005617977528090012,8.0,0.0,0.25,8.0,1.0,0.15,1,0.12121127668828612,0.14707875317672703,0.3097957151046111,0.2638695610122202,0.25722689167244017,0.27412489919321525,8.82,1.0034013605442176,8.879999999999999,0.9966216216216217,8.8625,0.9985895627644569,9.035,0.9795240730492528,8.69425,1.017914138654858,61.11111111111104,-0.04287576570902907,-0.050101087929719304,8.8625,9.121800678952635,8.603199321047367,0.05851637324742097,0.11785714285714288,8.9,0.005633817718256064,0.34933258781161053,8.85,0.0056657375356773,0.34862408435592884,8.8,0.01142869582362285,0.3481661580636051,8.75,-0.02259983191724092,0.34634331529849566,9.0,0.0,0.34312813871866316,0.300321270443134
2023-04-19,9.0,8.85,9.0,8.9,0,0.01680711831638119,0.016949152542372836,8.0,0.0,0.25,8.0,1.0,0.15,1,0.1325335222658597,0.17416233748984414,0.300321270443134,0.265814377317842,0.2570376432867064,0.271771691299068,8.88,1.0135135135135134,8.879999999999999,1.0135135135135136,8.8625,1.0155148095909732,9.031,0.9965673790277931,8.693000000000001,1.0353157713102494,64.99999999999999,-0.02880041491176044,-0.04584095332612753,8.8625,9.121800678952635,8.603199321047367,0.05851637324742097,0.12500000000000014,8.85,-0.005633817718256131,0.3097957151046111,8.9,0.005633817718256064,0.34933258781161053,8.85,0.0056657375356773,0.34862408435592884,8.7,-0.005730674708985095,0.34646844736804133,9.0,0.0,0.34226661135685355,0.37693637948650044
2023-04-20,9.9,9.9,9.9,9.15,0,0.09531017980432493,0.10000000000000009,8.0,0.0,0.25,8.0,1.0,0.15,1,0.6490869288395213,0.5091660684227807,0.37693637948650044,0.32700887365898273,0.2898093531719985,0.2881530241391838,9.1,1.087912087912088,8.97,1.1036789297658862,8.9125,1.1107994389901825,9.046,1.094406367455229,8.6955,1.1385199240986719,78.78787878787875,0.05435036323324205,-0.025802690014253615,8.9125,9.444502176489443,8.380497823510556,0.11938337761333943,0.1678571428571431,9.0,0.01680711831638119,0.300321270443134,8.85,-0.005633817718256131,0.3097957151046111,8.9,0.005633817718256064,0.34933258781161053,8.8,0.01142869582362285,0.3481661580636051,9.0,0.0,0.34207076554040333,0.43178186648146605
2023-04-25,10.6,10.75,10.8,10.2,0,0.06831924397747723,0.07070707070707072,8.0,0.0,0.25,8.0,1.0,0.15,1,0.6913179294037713,0.5834441341718128,0.43178186648146605,0.35328957332116623,0.3035135974661538,0.296018621611683,9.45,1.1216931216931216,9.129999999999999,1.1610076670317635,8.997499999999999,1.178105029174771,9.076,1.1679153812252092,8.702,1.2181107791312342,84.78260869565213,0.17471806276869017,0.01430146054233514,8.997499999999999,9.920581224686348,8.07441877531365,0.2051861571961877,0.22500000000000028,9.9,0.09531017980432493,0.37693637948650044,9.0,0.01680711831638119,0.300321270443134,8.85,-0.005633817718256131,0.3097957151046111,8.85,0.0056657375356773,0.34862408435592884,9.0,0.0,0.3378788011112664,0.44528415778616964
2023-04-26,10.35,10.6,10.6,10.35,0,-0.02386748140664343,-0.02358490566037741,8.0,0.0,0.25,8.0,1.0,0.15,1,0.7968598073305655,0.6093575077752929,0.44528415778616964,0.3561977128150304,0.3050515291058965,0.2968312743776451,9.74,1.0626283367556468,9.27,1.116504854368932,9.08,1.1398678414096917,9.101,1.1372376661905284,8.7065,1.188767013151094,76.47058823529409,0.24708913148998413,0.06085899473186494,9.08,10.170822963107275,7.989177036892726,0.24026937513376093,0.23928571428571452,10.6,0.06831924397747723,0.43178186648146605,9.9,0.09531017980432493,0.37693637948650044,9.0,0.01680711831638119,0.300321270443134,8.9,0.005633817718256064,0.34933258781161053,8.95,-0.005571045049455472,0.3382661972067797,0.4568514459810631
2023-04-27,10.0,10.35,10.5,10.0,0,-0.034401426717332324,-0.033816425120772875,8.0,0.0,0.25,8.0,1.0,0.15,1,0.8980734459020917,0.6319551074729759,0.4568514459810631,0.3631873300243918,0.30915672530659244,0.28915261060310543,9.969999999999999,1.003009027081244,9.395,1.06439595529537,9.147499999999999,1.0931948619841487,9.119,1.096611470555982,8.709,1.1482374555057986,67.24137931034483,0.2730540527788605,0.10329800634126407,9.147499999999999,10.292040818062226,8.002959181937772,0.2502412283273522,0.27142857142857163,10.35,-0.02386748140664343,0.44528415778616964,10.6,0.06831924397747723,0.43178186648146605,9.9,0.09531017980432493,0.37693637948650044,8.85,-0.005633817718256131,0.3097957151046111,8.75,-0.02259983191724092,0.34634331529849566,0.4553905002044057
2023-04-28,10.15,10.0,10.35,9.55,0,0.014888612493750777,0.015000000000000124,8.0,0.0,0.25,8.0,1.0,0.15,1,0.8992024047303806,0.6229329531126255,0.4553905002044057,0.36385604010442457,0.30970132197742084,0.28952730460059256,10.2,0.9950980392156864,9.54,1.0639412997903566,9.2225,1.1005692599620494,9.139000000000001,1.110624794835321,8.71125,1.1651599942602957,68.85245901639342,0.302251024697167,0.14308861001244466,9.2225,10.42489891795309,8.02010108204691,0.26075335710557657,0.32500000000000007,10.0,-0.034401426717332324,0.4568514459810631,10.35,-0.02386748140664343,0.44528415778616964,10.6,0.06831924397747723,0.43178186648146605,9.0,0.01680711831638119,0.300321270443134,8.7,-0.005730674708985095,0.34646844736804133,0.45805660967234957
2023-05-02,10.4,10.1,10.6,10.05,0,0.02433210065953072,0.024630541871921263,8.0,0.0,0.25,8.0,1.0,0.15,1,0.652055366015957,0.6239877360343902,0.45805660967234957,0.3569107925007075,0.30598089942102874,0.28766931060372763,10.3,1.0097087378640777,9.7,1.0721649484536084,9.307500000000001,1.117378458232608,9.162,1.1351233355162627,8.71575,1.1932421191521096,71.2121212121212,0.34162470896709785,0.1827958298033753,9.307500000000001,10.591931063893568,8.023068936106434,0.27599915420758897,0.36428571428571427,10.15,0.014888612493750777,0.4553905002044057,10.0,-0.034401426717332324,0.4568514459810631,10.35,-0.02386748140664343,0.44528415778616964,9.9,0.09531017980432493,0.37693637948650044,8.8,0.01142869582362285,0.3481661580636051,0.45793121170671197
2023-05-03,10.5,10.4,10.5,10.15,0,0.009569451016150672,0.009615384615384581,8.0,0.0,0.25,8.0,1.0,0.15,1,0.40785761480021426,0.6223595079257359,0.45793121170671197,0.34525066919153113,0.3061297332504121,0.28763952217336153,10.28,1.0214007782101169,9.865,1.0643689812468322,9.385,1.1188066062866275,9.187000000000001,1.1429193425492543,8.72175,1.203886834637544,73.13432835820896,0.3765570859994707,0.2215480810425944,9.385,10.762297124233212,8.007702875766787,0.29351030884032236,0.3857142857142856,10.4,0.02433210065953072,0.45805660967234957,10.15,0.014888612493750777,0.4553905002044057,10.0,-0.034401426717332324,0.4568514459810631,10.6,0.06831924397747723,0.43178186648146605,8.85,0.0056657375356773,0.34862408435592884,0.45404335521777084
2023-05-04,10.7,10.5,11.15,10.45,0,0.018868484304382736,0.01904761904761898,8.0,0.0,0.25,8.0,1.0,0.15,1,0.37427881672345503,0.6190721804101783,0.45404335521777084,0.346761807941187,0.30698564147393903,0.28824237709522443,10.35,1.0338164251207729,10.045,1.0652065704330511,9.469999999999999,1.1298838437170011,9.216000000000001,1.1610243055555554,8.729,1.225799060602589,79.10447761194027,0.41558892457469554,0.26035624974901467,9.469999999999999,10.953026776916941,7.986973223083057,0.31320523271741124,0.4142857142857143,10.5,0.009569451016150672,0.45793121170671197,10.4,0.02433210065953072,0.45805660967234957,10.15,0.014888612493750777,0.4553905002044057,10.35,-0.02386748140664343,0.44528415778616964,8.9,0.005633817718256064,0.34933258781161053,0.4761114173899426
2023-05-05,11.25,10.7,11.3,10.6,0,0.050124387182568814,0.05140186915887868,8.0,0.0,0.25,8.0,1.0,0.15,1,0.250897775728829,0.6216847088446418,0.4761114173899426,0.35949927363849854,0.3139356227445116,0.2924621114291131,10.6,1.0613207547169812,10.285,1.0938259601361207,9.5825,1.1740151317505871,9.257,1.2152965323538945,8.73925,1.2872958205795693,83.11688311688312,0.4853080126370557,0.3053466023266229,9.5825,11.245811535208578,7.9191884647914215,0.34715607309336355,0.4571428571428573,10.7,0.018868484304382736,0.45404335521777084,10.5,0.009569451016150672,0.45793121170671197,10.4,0.02433210065953072,0.45805660967234957,10.0,-0.034401426717332324,0.4568514459810631,8.85,-0.005633817718256131,0.3097957151046111,0.47743716362172406
2023-05-08,11.55,11.25,11.65,11.25,0,0.026317308317373576,0.02666666666666684,8.0,0.0,0.25,8.0,1.0,0.15,1,0.2388527709158137,0.6204377232155897,0.47743716362172406,0.36233949088456135,0.3153769351769168,0.29356328302140994,10.879999999999999,1.0615808823529413,10.540000000000001,1.0958254269449714,9.709999999999999,1.1894953656024718,9.304,1.2414015477214102,8.75075,1.3198868668399852,83.9506172839506,0.5583322780689652,0.3559437374750914,9.709999999999999,11.565177676268862,7.8548223237311365,0.3821169261109913,0.47142857142857153,11.25,0.050124387182568814,0.4761114173899426,10.7,0.018868484304382736,0.45404335521777084,10.5,0.009569451016150672,0.45793121170671197,10.15,0.014888612493750777,0.4553905002044057,9.0,0.01680711831638119,0.300321270443134,0.4836423929425112
2023-05-09,11.4,11.7,11.7,11.1,0,-0.013072081567352775,-0.012987012987012991,8.0,0.0,0.25,8.0,1.0,0.15,1,0.36698991143315357,0.5038768477048164,0.4836423929425112,0.36344190144734145,0.31616965732225977,0.29312719692759837,11.08,1.0288808664259927,10.690000000000001,1.0664172123479887,9.83,1.1597151576805698,9.350999999999999,1.2191209496310556,8.762,1.30107281442593,80.72289156626505,0.5972164486715297,0.4041982797143791,9.83,11.798809418485144,7.861190581514856,0.40057160091254196,0.4964285714285715,11.55,0.026317308317373576,0.47743716362172406,11.25,0.050124387182568814,0.4761114173899426,10.7,0.018868484304382736,0.45404335521777084,10.4,0.02433210065953072,0.45805660967234957,9.9,0.09531017980432493,0.37693637948650044,0.5639826608151961
2023-05-10,10.6,10.1,10.75,10.3,0,-0.07275935428242843,-0.07017543859649134,8.0,0.0,0.25,8.0,1.0,0.15,1,0.7533247767434885,0.5719790933232255,0.5639826608151961,0.3932588444378639,0.33374162841307586,0.30198597818992795,11.1,0.954954954954955,10.690000000000001,0.991580916744621,9.91,1.0696266397578202,9.381,1.1299435028248588,8.76975,1.2087003620399668,67.34693877551018,0.5570577054265673,0.4347701648568168,9.91,11.86679652278385,7.95320347721615,0.39491352629341075,0.567857142857143,11.4,-0.013072081567352775,0.4836423929425112,11.55,0.026317308317373576,0.47743716362172406,11.25,0.050124387182568814,0.4761114173899426,10.5,0.009569451016150672,0.45793121170671197,10.6,0.06831924397747723,0.43178186648146605,0.5859909191012437
2023-05-11,10.2,10.6,10.6,10.1,0,-0.03846628082779605,-0.037735849056603765,8.0,0.0,0.25,8.0,1.0,0.15,1,0.7813851743327799,0.593332352000874,0.5859909191012437,0.4015895973299011,0.33866930471726403,0.30443532292807857,11.0,0.9272727272727272,10.675,0.9555035128805619,9.9725,1.0228127350213085,9.402,1.0848755583918315,8.77525,1.1623600467223156,62.85714285714285,0.4873372347312106,0.44528357883169556,9.9725,11.879405732773444,8.065594267226556,0.38243283685604285,0.6,10.6,-0.07275935428242843,0.5639826608151961,11.4,-0.013072081567352775,0.4836423929425112,11.55,0.026317308317373576,0.47743716362172406,10.7,0.018868484304382736,0.45404335521777084,10.35,-0.02386748140664343,0.44528415778616964,0.5979269887492934
2023-05-12,9.9,10.2,10.15,9.6,0,-0.029852963149681045,-0.02941176470588225,8.0,0.0,0.25,8.0,1.0,0.15,1,0.5756552534779686,0.5866634118768936,0.5979269887492934,0.40627857192941,0.3407911537640259,0.30587087244974986,10.73,0.9226467847157502,10.665,0.9282700421940929,10.03,0.9870388833499503,9.416,1.0514018691588785,8.779250000000001,1.127658968590711,58.33333333333334,0.40322760971654326,0.4368723850086651,10.03,11.849022293778493,8.210977706221506,0.36271630982622005,0.6321428571428571,10.2,-0.03846628082779605,0.5859909191012437,10.6,-0.07275935428242843,0.5639826608151961,11.4,-0.013072081567352775,0.4836423929425112,11.25,0.050124387182568814,0.4761114173899426,10.0,-0.034401426717332324,0.4568514459810631,0.5897132806607517
2023-05-15,10.0,9.9,10.05,9.75,0,0.010050335853501506,0.010101010101010166,8.0,0.0,0.25,8.0,1.0,0.15,1,0.4882336800972974,0.5834874323183271,0.5897132806607517,0.40642019159039194,0.3409928021718656,0.30598423333642527,10.42,0.9596928982725528,10.65,0.9389671361502347,10.095,0.9905894006934125,9.43,1.0604453870625663,8.78425,1.1384011156330933,51.086956521739125,0.3407117769020154,0.4176402633873352,10.095,11.803461912148812,8.38653808785119,0.33847685233260255,0.5892857142857143,9.9,-0.029852963149681045,0.5979269887492934,10.2,-0.03846628082779605,0.5859909191012437,10.6,-0.07275935428242843,0.5639826608151961,11.55,0.026317308317373576,0.47743716362172406,10.15,0.014888612493750777,0.4553905002044057,0.5887120974676309
2023-05-16,10.15,10.05,10.25,10.05,0,0.014888612493750777,0.015000000000000124,8.0,0.0,0.25,8.0,1.0,0.15,1,0.5772830964406536,0.5736286858112374,0.5887120974676309,0.40728721309325805,0.3409043516761531,0.3063373294901846,10.17,0.9980334316617503,10.625,0.9552941176470588,10.1625,0.998769987699877,9.442,1.074984113535268,8.7905,1.154655594107275,44.44444444444445,0.2998151924814927,0.3940752492061667,10.1625,11.758506529468246,8.566493470531753,0.31409722597161055,0.5428571428571428,10.0,0.010050335853501506,0.5897132806607517,9.9,-0.029852963149681045,0.5979269887492934,10.2,-0.03846628082779605,0.5859909191012437,11.4,-0.013072081567352775,0.4836423929425112,10.4,0.02433210065953072,0.45805660967234957,0.590008733111411
2023-05-17,10.1,10.15,10.2,9.7,0,-0.004938281640582677,-0.0049261083743843415,8.0,0.0,0.25,8.0,1.0,0.15,1,0.3765793174029507,0.5697389432201015,0.590008733111411,0.4074923336477283,0.3409835146206736,0.3063810432957916,10.07,1.002979145978153,10.584999999999999,0.9541804440245631,10.225,0.9877750611246944,9.452,1.068556919170546,8.7985,1.1479229414104675,46.75324675324675,0.2603684076223196,0.36733388088939734,10.225,11.69773465648808,8.752265343511919,0.2880654584817762,0.5607142857142857,10.15,0.014888612493750777,0.5887120974676309,10.0,0.010050335853501506,0.5897132806607517,9.9,-0.029852963149681045,0.5979269887492934,10.6,-0.07275935428242843,0.5639826608151961,10.5,0.009569451016150672,0.45793121170671197,0.59002802447293
2023-05-18,10.15,10.1,10.15,10.1,0,0.004938281640582577,0.004950495049504955,8.0,0.0,0.25,8.0,1.0,0.15,1,0.28150108457566464,0.5583399806676822,0.59002802447293,0.4074731257882073,0.34100246394014505,0.30637652712989644,10.06,1.0089463220675945,10.53,0.9639126305792973,10.2875,0.9866342648845687,9.469,1.071918893230542,8.80675,1.1525250518068528,52.11267605633803,0.2304842495973567,0.3399639546309892,10.2875,11.623194181827724,8.951805818172275,0.25967323097501327,0.5285714285714286,10.1,-0.004938281640582677,0.590008733111411,10.15,0.014888612493750777,0.5887120974676309,10.0,0.010050335853501506,0.5897132806607517,10.2,-0.03846628082779605,0.5859909191012437,10.7,0.018868484304382736,0.45404335521777084,0.5900470144260395
2023-05-19,10.2,10.15,10.3,10.1,0,0.004914014802428941,0.004926108374384119,8.0,0.0,0.25,8.0,1.0,0.15,1,0.11702025229225735,0.4722156217355938,0.5900470144260395,0.4070991182060169,0.3407026955660968,0.30637207905203734,10.12,1.007905138339921,10.425,0.9784172661870503,10.355,0.9850313858039593,9.486,1.075268817204301,8.81275,1.1574139740716576,50.72463768115939,0.20843273832882758,0.3136577113705569,10.355,11.508895005713491,9.20110499428651,0.22286721500984846,0.4857142857142859,10.15,0.004938281640582577,0.59002802447293,10.1,-0.004938281640582677,0.590008733111411,10.15,0.014888612493750777,0.5887120974676309,9.9,-0.029852963149681045,0.5979269887492934,11.25,0.050124387182568814,0.4761114173899426,0.5898658679532208
2023-05-22,10.15,10.2,10.4,9.9,0,-0.004914014802428929,-0.004901960784313597,8.0,0.0,0.25,8.0,1.0,0.15,1,0.131481985303369,0.429422255282097,0.5898658679532208,0.4072938388769495,0.34064899184936936,0.30637449014244134,10.15,1.0,10.285,0.9868740884783666,10.4125,0.9747899159663866,9.503,1.0680837630222035,8.819,1.150924141059077,46.15384615384615,0.184792007410989,0.28788457057864336,10.4125,11.381968112447563,9.443031887552436,0.18621236253494614,0.4821428571428574,10.2,0.004914014802428941,0.5900470144260395,10.15,0.004938281640582577,0.59002802447293,10.1,-0.004938281640582677,0.590008733111411,10.0,0.010050335853501506,0.5897132806607517,11.55,0.026317308317373576,0.47743716362172406,0.596554327019746
2023-05-23,10.5,10.15,10.5,10.15,0,0.033901551675681416,0.034482758620689724,8.0,0.0,0.25,8.0,1.0,0.15,1,0.25306282111447864,0.48950062833380464,0.596554327019746,0.41240680023086157,0.3412776928053311,0.3080630392916938,10.22,1.0273972602739725,10.194999999999999,1.0299166257969594,10.442499999999999,1.0055063442662198,9.53,1.1017838405036726,8.827,1.189532117367169,50.0,0.19208440333107646,0.26872453712913,10.442499999999999,11.381858683806199,9.5031413161938,0.17991068878260946,0.4821428571428574,10.15,-0.004914014802428929,0.5898658679532208,10.2,0.004914014802428941,0.5900470144260395,10.15,0.004938281640582577,0.59002802447293,10.15,0.014888612493750777,0.5887120974676309,11.4,-0.013072081567352775,0.4836423929425112,0.5409712776106338
2023-05-24,11.15,10.55,11.25,10.5,0,0.06006424074265008,0.06190476190476191,8.0,0.0,0.25,8.0,1.0,0.15,1,0.42546248450200463,0.4518503759830107,0.5409712776106338,0.42810736429833485,0.3508798133721388,0.3136254900724673,10.43,1.0690316395014383,10.25,1.0878048780487806,10.47,1.0649474689589302,9.57,1.1650992685475443,8.838249999999999,1.2615619607954065,55.69620253164559,0.24746067474047884,0.2644717646513998,10.47,11.459630446708589,9.480369553291412,0.1890411550541716,0.4857142857142859,10.5,0.033901551675681416,0.596554327019746,10.15,-0.004914014802428929,0.5898658679532208,10.2,0.004914014802428941,0.5900470144260395,10.1,-0.004938281640582677,0.590008733111411,10.6,-0.07275935428242843,0.5639826608151961,0.49377157829915375
2023-05-25,11.0,11.15,11.15,10.75,0,-0.01354422510775726,-0.013452914798206317,8.0,0.0,0.25,8.0,1.0,0.15,1,0.4824938853321521,0.3988432317590188,0.49377157829915375,0.42935493385255863,0.34954645082532815,0.31330502838901386,10.6,1.0377358490566038,10.33,1.0648596321393997,10.502500000000001,1.0473696738871696,9.607000000000001,1.1449984386384926,8.84825,1.2431836803887775,46.47887323943662,0.27606076573370686,0.26678956486786126,10.502500000000001,11.517894660114719,9.487105339885284,0.19336246800565907,0.4642857142857144,11.15,0.06006424074265008,0.5409712776106338,10.5,0.033901551675681416,0.596554327019746,10.15,-0.004914014802428929,0.5898658679532208,10.15,0.004938281640582577,0.59002802447293,10.2,-0.03846628082779605,0.5859909191012437,0.4979244216967062
2023-05-26,11.4,11.0,11.5,11.0,0,0.035718082602079246,0.036363636363636376,8.0,0.0,0.25,8.0,1.0,0.15,1,0.48710267395716683,0.36066498976649847,0.4979244216967062,0.4324981468866711,0.3519957483737576,0.31523689957234025,10.84,1.051660516605166,10.48,1.0877862595419847,10.572500000000002,1.0782690943485456,9.652,1.1811023622047245,8.86025,1.2866454106825427,47.945205479452056,0.3272310847086448,0.278877868836018,10.572500000000002,11.634015798033028,9.510984201966975,0.20080696108451665,0.47142857142857153,11.0,-0.01354422510775726,0.49377157829915375,11.15,0.06006424074265008,0.5409712776106338,10.5,0.033901551675681416,0.596554327019746,10.2,0.004914014802428941,0.5900470144260395,9.9,-0.029852963149681045,0.5979269887492934,0.5409387702264177
2023-05-30,12.35,11.4,12.5,11.4,0,0.08004270767353636,0.08333333333333326,8.0,0.0,0.25,8.0,1.0,0.15,1,0.5570565469847802,0.4874716026640451,0.5409387702264177,0.4586866463956024,0.3680478639987616,0.32496659785723003,11.28,1.0948581560283688,10.715,1.1525898273448436,10.682500000000001,1.1560964193774863,9.718,1.2708376209096521,8.876999999999999,1.3912357778528783,60.674157303370784,0.4393761370712461,0.31097752248306365,10.682500000000001,11.987661816948789,9.377338183051213,0.2443551260376855,0.5071428571428572,11.4,0.035718082602079246,0.4979244216967062,11.0,-0.01354422510775726,0.49377157829915375,11.15,0.06006424074265008,0.5409712776106338,10.15,-0.004914014802428929,0.5898658679532208,10.0,0.010050335853501506,0.5897132806607517,0.5427820025781331
2023-05-31,12.3,12.35,12.75,11.6,0,-0.004056800695614318,-0.004048582995951344,8.0,0.0,0.25,8.0,1.0,0.15,1,0.6390976119116686,0.5032603944687427,0.5427820025781331,0.4590296258041495,0.36533302638078546,0.3250026650306561,11.64,1.056701030927835,10.93,1.1253430924062215,10.7775,1.141266527487822,9.783999999999999,1.2571545380212594,8.8935,1.3830325518637208,72.972972972973,0.5182433303801641,0.3524306840624838,10.7775,12.260553393651442,9.294446606348558,0.275212877504327,0.5107142857142859,12.35,0.08004270767353636,0.5409387702264177,11.4,0.035718082602079246,0.4979244216967062,11.0,-0.01354422510775726,0.49377157829915375,10.5,0.033901551675681416,0.596554327019746,10.15,0.014888612493750777,0.5887120974676309,0.5430012756779744
2023-06-01,12.2,12.3,12.35,12.0,0,-0.008163310639161094,-0.008130081300813163,8.0,0.0,0.25,8.0,1.0,0.15,1,0.631462674161983,0.507833442720204,0.5430012756779744,0.4597456306028963,0.3637873747541116,0.32405730241180386,11.85,1.0295358649789028,11.14,1.0951526032315977,10.8625,1.1231300345224395,9.847999999999999,1.238830219333875,8.90975,1.3692864558489293,79.41176470588236,0.5661507515722786,0.39517469756444273,10.8625,12.468369169476048,9.256630830523953,0.29567211405773025,0.5000000000000001,12.3,-0.004056800695614318,0.5427820025781331,12.35,0.08004270767353636,0.5409387702264177,11.4,0.035718082602079246,0.4979244216967062,11.15,0.06006424074265008,0.5409712776106338,10.1,-0.004938281640582677,0.590008733111411,0.5438009444963957
2023-06-02,12.4,12.2,12.4,12.1,0,0.016260520871780326,0.016393442622950838,8.0,0.0,0.25,8.0,1.0,0.15,1,0.5701386900905011,0.5022740441427057,0.5438009444963957,0.46017964164973374,0.3640678424157178,0.32428670076243094,12.129999999999999,1.0222588623248146,11.365,1.0910690717113947,10.947500000000002,1.1326786937656999,9.924,1.2494961708988312,8.9275,1.3889666760011201,87.87878787878788,0.6131876114627133,0.43877728034409685,10.947500000000002,12.691202956354669,9.203797043645334,0.3185572882127732,0.47857142857142876,12.2,-0.008163310639161094,0.5430012756779744,12.3,-0.004056800695614318,0.5427820025781331,12.35,0.08004270767353636,0.5409387702264177,11.0,-0.01354422510775726,0.49377157829915375,10.15,0.004938281640582577,0.59002802447293,0.5425801846496319
2023-06-05,12.55,12.4,12.55,12.05,0,0.012024192966801812,0.012096774193548487,8.0,0.0,0.25,8.0,1.0,0.15,1,0.5641369418375244,0.4975314421060603,0.5425801846496319,0.4582768291768737,0.363695370192938,0.32445003414542745,12.360000000000001,1.0153721682847896,11.6,1.0818965517241381,11.0125,1.1396140749148695,10.007,1.2541221145198362,8.94625,1.4028224116249828,88.05970149253731,0.6550177710753022,0.482025378490338,11.0125,12.895072428186609,9.12992757181339,0.34189737628814704,0.492857142857143,12.4,0.016260520871780326,0.5438009444963957,12.2,-0.008163310639161094,0.5430012756779744,12.3,-0.004056800695614318,0.5427820025781331,11.4,0.035718082602079246,0.4979244216967062,10.2,0.004914014802428941,0.5900470144260395,0.5210915093910583
2023-06-06,12.5,12.55,12.7,12.35,0,-0.003992021269537561,-0.003984063745020028,8.0,0.0,0.25,8.0,1.0,0.15,1,0.17369167669159133,0.49622046019225263,0.5210915093910583,0.4585748539926191,0.35956778623217533,0.3241757503705478,12.39,1.0088781275221952,11.835,1.0561892691170256,11.059999999999999,1.1301989150090417,10.077,1.2404485461943038,8.966000000000001,1.3941556993084987,86.15384615384613,0.6763374941783233,0.5208878016279351,11.059999999999999,13.044837259668515,9.075162740331482,0.3589217467755003,0.5000000000000001,12.55,0.012024192966801812,0.5425801846496319,12.4,0.016260520871780326,0.5438009444963957,12.2,-0.008163310639161094,0.5430012756779744,12.35,0.08004270767353636,0.5409387702264177,10.15,-0.004914014802428929,0.5898658679532208,0.5182169532809845
2023-06-07,12.75,12.5,12.8,12.6,0,0.01980262729617973,0.020000000000000018,8.0,0.0,0.25,8.0,1.0,0.15,1,0.19850813757285105,0.4908359452635938,0.5182169532809845,0.45371855402225514,0.3573375411790591,0.32472580954807906,12.48,1.0216346153846154,12.06,1.0572139303482586,11.1275,1.1458099303527298,10.154,1.255662792987985,8.98725,1.4186764583159477,88.40579710144927,0.7052764510917644,0.5577655315207011,11.1275,13.24819377922961,9.00680622077039,0.3811626653299681,0.4857142857142859,12.5,-0.003992021269537561,0.5210915093910583,12.55,0.012024192966801812,0.5425801846496319,12.4,0.016260520871780326,0.5438009444963957,12.3,-0.004056800695614318,0.5427820025781331,10.5,0.033901551675681416,0.596554327019746,0.514223543061739
2023-06-08,12.85,12.75,12.95,12.8,0,0.007812539736793625,0.007843137254901933,8.0,0.0,0.25,8.0,1.0,0.15,1,0.14618703125442217,0.43678391572590675,0.514223543061739,0.45375279038538,0.35681977892990324,0.32460879222629596,12.61,1.0190325138778746,12.23,1.0506950122649223,11.24,1.143238434163701,10.233,1.255741229356005,9.009,1.4263514263514263,88.57142857142856,0.7278892925357212,0.5917902837237051,11.24,13.47832644249178,9.001673557508221,0.3982787264220247,0.4964285714285715,12.75,0.01980262729617973,0.5182169532809845,12.5,-0.003992021269537561,0.5210915093910583,12.55,0.012024192966801812,0.5425801846496319,12.2,-0.008163310639161094,0.5430012756779744,11.15,0.06006424074265008,0.5409712776106338,0.4278174524481172
2023-06-09,13.0,12.85,13.0,12.8,0,0.01160554612030789,0.011673151750972721,8.0,0.0,0.25,8.0,1.0,0.15,1,0.13789341497741223,0.40946102528210576,0.4278174524481172,0.45343959408685086,0.3570019347098741,0.32477906107387156,12.73,1.021209740769835,12.43,1.0458567980691875,11.38,1.1423550087873462,10.318999999999999,1.259811997286559,9.03225,1.4392869993633923,88.88888888888889,0.7492766834956779,0.6232875636780997,11.38,13.693438998547403,9.066561001452598,0.4065797888484011,0.4964285714285714,12.85,0.007812539736793625,0.514223543061739,12.75,0.01980262729617973,0.5182169532809845,12.5,-0.003992021269537561,0.5210915093910583,12.4,0.016260520871780326,0.5438009444963957,11.0,-0.01354422510775726,0.49377157829915375,0.48512002145388994
2023-06-13,14.3,13.05,14.3,13.05,0,0.09531017980432493,0.10000000000000009,8.0,0.0,0.25,8.0,1.0,0.15,1,0.6289869720127242,0.5662131339598195,0.48512002145388994,0.4856233948812934,0.37881700614414704,0.3381534635022823,13.080000000000002,1.0932721712538225,12.719999999999999,1.1242138364779877,11.6,1.2327586206896552,10.432,1.3707822085889572,9.06225,1.5779745648155812,92.78350515463914,0.8611981244643552,0.6708696758353507,11.6,14.14599789142841,9.05400210857159,0.43896515369455347,0.5535714285714286,13.0,0.01160554612030789,0.4278174524481172,12.85,0.007812539736793625,0.514223543061739,12.75,0.01980262729617973,0.5182169532809845,12.55,0.012024192966801812,0.5425801846496319,11.4,0.035718082602079246,0.4979244216967062,0.5243510993071303
2023-06-14,15.7,14.3,15.7,14.25,0,0.0934011750884006,0.0979020979020977,8.0,0.0,0.25,8.0,1.0,0.15,1,0.7101546249865023,0.6066442829699953,0.5243510993071303,0.5151155391147122,0.3990346833426137,0.35043062217033205,13.719999999999999,1.1443148688046647,13.055000000000001,1.20260436614324,11.885000000000002,1.320992848127892,10.573,1.48491440461553,9.09925,1.7254169299667554,94.06779661016947,1.0507525511553215,0.746846250899345,11.885000000000002,14.908260700495067,8.861739299504936,0.5087523265452359,0.6321428571428571,14.3,0.09531017980432493,0.48512002145388994,13.0,0.01160554612030789,0.4278174524481172,12.85,0.007812539736793625,0.514223543061739,12.5,-0.003992021269537561,0.5210915093910583,12.35,0.08004270767353636,0.5409387702264177,0.6665653918747986
2023-06-15,14.25,15.7,17.25,14.2,0,-0.09690380563960282,-0.09235668789808915,8.0,0.0,0.25,8.0,1.0,0.15,1,1.2529717363789357,0.8550657343072587,0.6665653918747986,0.5564676549421987,0.42416044406114245,0.36406611112716114,14.02,1.0164051355206847,13.25,1.0754716981132075,12.09,1.1786600496277915,10.684,1.3337701235492325,9.129,1.5609595793624713,73.13432835820895,1.0716199504014607,0.8118009907997681,12.09,15.17333380749167,9.00666619250833,0.5100634917273233,0.7964285714285715,15.7,0.0934011750884006,0.5243510993071303,14.3,0.09531017980432493,0.48512002145388994,13.0,0.01160554612030789,0.4278174524481172,12.75,0.01980262729617973,0.5182169532809845,12.3,-0.004056800695614318,0.5427820025781331,0.6691121875977019
2023-06-16,14.25,14.25,15.0,13.8,0,0.0,0.0,8.0,0.0,0.25,8.0,1.0,0.15,1,1.2598498028347531,0.8499162694641086,0.6691121875977019,0.5564676549421987,0.42416044406114245,0.3636867868221332,14.3,0.9965034965034965,13.455000000000002,1.0590858416945372,12.297500000000001,1.1587721081520632,10.79,1.3206672845227063,9.15925,1.5558042416136693,74.80916030534351,1.0757568592079618,0.8645921644814069,12.297500000000001,15.375516278470005,9.219483721529997,0.5005921981654814,0.8535714285714285,14.25,-0.09690380563960282,0.6665653918747986,15.7,0.0934011750884006,0.5243510993071303,14.3,0.09531017980432493,0.48512002145388994,12.85,0.007812539736793625,0.514223543061739,12.2,-0.008163310639161094,0.5430012756779744,0.6685399184372747
2023-06-19,14.8,14.25,15.0,14.25,0,0.037870274055409964,0.038596491228070295,8.0,0.0,0.25,8.0,1.0,0.15,1,1.2617250070639774,0.8573255498266392,0.6685399184372747,0.5586122743288546,0.42683536483026513,0.36543958762414386,14.660000000000002,1.0095497953615278,13.694999999999999,1.0806863818912014,12.53,1.1811652035115723,10.906,1.3570511644966075,9.19225,1.6100519459327152,75.3731343283582,1.1106133335240767,0.9137963982899409,12.53,15.627435271826986,9.432564728173013,0.4944030761096547,0.8714285714285713,14.25,0.0,0.6691121875977019,14.25,-0.09690380563960282,0.6665653918747986,15.7,0.0934011750884006,0.5243510993071303,13.0,0.01160554612030789,0.4278174524481172,12.4,0.016260520871780326,0.5438009444963957,0.6689529486721092
2023-06-20,14.85,14.8,15.0,14.8,0,0.003372684478639156,0.0033783783783782884,8.0,0.0,0.25,8.0,1.0,0.15,1,1.1019582452286751,0.8600231196856666,0.6689529486721092,0.5580307896775902,0.42658931748033346,0.3654271835408709,14.77,1.005416384563304,13.925,1.0664272890484738,12.7625,1.1635651322233105,11.023000000000001,1.3471831624784538,9.2255,1.6096688526367133,71.55172413793103,1.1292545788312989,0.9568880343982126,12.7625,15.821374061859334,9.703625938140664,0.47935342791135516,0.807142857142857,14.8,0.037870274055409964,0.6685399184372747,14.25,0.0,0.6691121875977019,14.25,-0.09690380563960282,0.6665653918747986,14.3,0.09531017980432493,0.48512002145388994,12.55,0.012024192966801812,0.5425801846496319,0.6693606663702237
2023-06-21,14.9,14.85,15.0,14.8,0,0.0033613477027049274,0.0033670033670034627,8.0,0.0,0.25,8.0,1.0,0.15,1,0.805548430673556,0.8558206388770582,0.6693606663702237,0.5578766525496067,0.4265454606624726,0.36542741191256845,14.61,1.0198494182067077,14.165000000000001,1.0518884574655842,13.0,1.146153846153846,11.141000000000002,1.3374023875774166,9.259,1.609245058861648,72.41379310344826,1.1349791490425822,0.9925062573270866,13.0,15.940103829172676,10.059896170827324,0.45232366602656554,0.7392857142857141,14.85,0.003372684478639156,0.6689529486721092,14.8,0.037870274055409964,0.6685399184372747,14.25,0.0,0.6691121875977019,15.7,0.0934011750884006,0.5243510993071303,12.5,-0.003992021269537561,0.5210915093910583,0.667450534880957
2023-06-22,14.9,14.9,14.95,14.7,0,0.0,0.0,8.0,0.0,0.25,8.0,1.0,0.15,1,0.25828688857337095,0.8601323459346425,0.667450534880957,0.5474806296630896,0.42633828732590545,0.3643869274948916,14.74,1.010854816824966,14.38,1.0361613351877608,13.220000000000002,1.1270801815431164,11.259,1.32338573585576,9.29275,1.603400500390089,73.6842105263158,1.126529975857208,1.019311001033111,13.220000000000002,16.02795861417996,10.412041385820046,0.42480463149469827,0.732142857142857,14.9,0.0033613477027049274,0.6693606663702237,14.85,0.003372684478639156,0.6689529486721092,14.8,0.037870274055409964,0.6685399184372747,14.25,-0.09690380563960282,0.6665653918747986,12.75,0.01980262729617973,0.5182169532809845,0.6668314714774517
2023-06-23,14.95,14.9,15.0,14.8,0,0.0033500868852818057,0.003355704697986406,8.0,0.0,0.25,8.0,1.0,0.15,1,0.2520162037541914,0.8615516748251422,0.6668314714774517,0.5436702279454135,0.4262932987366357,0.3643860343379206,14.879999999999999,1.0047043010752688,14.59,1.0246744345442083,13.41,1.1148396718866518,11.378000000000002,1.3139391808753733,9.326,1.6030452498391592,72.97297297297297,1.111060908821857,1.0376609825908603,13.41,16.141415673043454,10.678584326956546,0.40736997360827054,0.7249999999999998,14.9,0.0,0.667450534880957,14.9,0.0033613477027049274,0.6693606663702237,14.85,0.003372684478639156,0.6689529486721092,14.25,0.0,0.6691121875977019,12.85,0.007812539736793625,0.514223543061739,0.6482704978451974
2023-06-26,15.25,14.95,15.35,15.0,0,0.019868203216725184,0.02006688963210701,8.0,0.0,0.25,8.0,1.0,0.15,1,0.12530154365642232,0.8616018870009344,0.6482704978451974,0.5304083547259568,0.4267935392057046,0.3637207341211269,14.969999999999999,1.0187040748162994,14.815000000000001,1.0293621329733378,13.622499999999999,1.1194714626536981,11.504000000000001,1.3256258692628649,9.35975,1.6293170223563664,73.68421052631578,1.1102112305597256,1.0521710321846334,13.622499999999999,16.22259615206824,11.022403847931761,0.3817355334289945,0.7178571428571426,14.95,0.0033500868852818057,0.6668314714774517,14.9,0.0,0.667450534880957,14.9,0.0033613477027049274,0.6693606663702237,14.8,0.037870274055409964,0.6685399184372747,13.0,0.01160554612030789,0.4278174524481172,0.6433645751848269
2023-06-27,15.8,15.25,15.95,15.2,0,0.03543043697950048,0.0360655737704918,8.0,0.0,0.25,8.0,1.0,0.15,1,0.2385845624487318,0.752756533609955,0.6433645751848269,0.5316169088847084,0.42889197252114003,0.36515521606955914,15.16,1.04221635883905,14.965,1.0557968593384564,13.842500000000001,1.141412317139245,11.645,1.3568054959209963,9.395249999999999,1.6817008594768637,76.61290322580646,1.1407681922568038,1.0698904641990674,13.842500000000001,16.39495495862112,11.290045041378882,0.3687852567991503,0.7464285714285712,15.25,0.019868203216725184,0.6482704978451974,14.95,0.0033500868852818057,0.6668314714774517,14.9,0.0,0.667450534880957,14.85,0.003372684478639156,0.6689529486721092,14.3,0.09531017980432493,0.48512002145388994,0.6500217620088024
2023-06-30,16.6,15.8,16.6,15.9,0,0.049392755329576474,0.05063291139240511,8.0,0.0,0.25,8.0,1.0,0.15,1,0.3335853555700538,0.6401928929594339,0.6500217620088024,0.5373240436217936,0.43342475641288636,0.3681973218802199,15.5,1.070967741935484,15.055000000000001,1.1026237130521421,14.055000000000001,1.1810743507648522,11.802999999999999,1.4064220960772686,9.4345,1.7594997085166146,78.51851851851853,1.215526288261561,1.0990176290115663,14.055000000000001,16.785702627915633,11.32429737208437,0.3885738353490759,0.7821428571428569,15.8,0.03543043697950048,0.6433645751848269,15.25,0.019868203216725184,0.6482704978451974,14.95,0.0033500868852818057,0.6668314714774517,14.9,0.0033613477027049274,0.6693606663702237,15.7,0.0934011750884006,0.5243510993071303,0.6694633904530312
2023-07-03,18.25,16.6,18.25,16.95,0,0.09476238466600287,0.09939759036144569,8.0,0.0,0.25,8.0,1.0,0.15,1,0.5530481570739353,0.48545287789044395,0.6694633904530312,0.5592636691800464,0.4512125020947671,0.37963585179058207,16.169999999999998,1.1286332714904144,15.455000000000002,1.1808476221287607,14.352500000000001,1.271555478139697,11.992,1.521847898599066,9.48225,1.924648685702233,82.53012048192772,1.3918692262907975,1.1575879484674125,14.352500000000001,17.53691517393698,11.168084826063023,0.4437436229140537,0.8857142857142855,16.6,0.049392755329576474,0.6500217620088024,15.8,0.03543043697950048,0.6433645751848269,15.25,0.019868203216725184,0.6482704978451974,14.9,0.0,0.667450534880957,14.25,-0.09690380563960282,0.6665653918747986,0.7224087099891117
2023-07-04,17.15,18.25,18.25,17.1,0,-0.062166906416551676,-0.06027397260273981,8.0,0.0,0.25,8.0,1.0,0.15,1,0.9107044224072467,0.6474464549888392,0.7224087099891117,0.5775253580158831,0.46141528486014816,0.3851123310185378,16.61,1.032510535821794,15.745,1.0892346776754525,14.6,1.1746575342465753,12.158,1.4105938476723145,9.52425,1.8006667191642385,72.43243243243242,1.426418602509818,1.2113540792758937,14.6,17.848805448484924,11.351194551515073,0.445041842258209,0.9535714285714283,18.25,0.09476238466600287,0.6694633904530312,16.6,0.049392755329576474,0.6500217620088024,15.8,0.03543043697950048,0.6433645751848269,14.95,0.0033500868852818057,0.6668314714774517,14.25,0.0,0.6691121875977019,0.7226554540533956
2023-07-05,17.9,17.15,18.45,17.1,0,0.042802539234760316,0.0437317784256559,8.0,0.0,0.25,8.0,1.0,0.15,1,0.9132149243463954,0.6520302883646705,0.7226554540533956,0.5805890763688832,0.4643435926355347,0.38722357993949846,17.139999999999997,1.044340723453909,16.055,1.1149174711927747,14.875,1.203361344537815,12.338,1.4508023990922354,9.570500000000001,1.8703307037249879,70.68965517241378,1.4970607792909902,1.268495419278913,14.875,18.26763909073749,11.482360909262512,0.4561531550571413,0.9571428571428566,17.15,-0.062166906416551676,0.7224087099891117,18.25,0.09476238466600287,0.6694633904530312,16.6,0.049392755329576474,0.6500217620088024,15.25,0.019868203216725184,0.6482704978451974,14.8,0.037870274055409964,0.6685399184372747,0.7229669080792817
2023-07-06,18.35,17.9,18.35,17.7,0,0.024828861653870184,0.025139664804469497,8.0,0.0,0.25,8.0,1.0,0.15,1,0.9138396200531165,0.6464881832002877,0.7229669080792817,0.5810695605470723,0.46512505140978483,0.3876401114830401,17.65,1.039660056657224,16.405,1.118561414202987,15.165000000000001,1.2100230794592812,12.527999999999999,1.464719029374202,9.618,1.9078810563526722,67.09677419354838,1.5712441282871676,1.329045161080564,15.165000000000001,18.709023880161926,11.620976119838074,0.4673951704796473,0.8999999999999997,17.9,0.042802539234760316,0.7226554540533956,17.15,-0.062166906416551676,0.7224087099891117,18.25,0.09476238466600287,0.6694633904530312,15.8,0.03543043697950048,0.6433645751848269,14.85,0.003372684478639156,0.6689529486721092,0.7226182605512813
2023-07-07,18.75,18.35,18.9,18.4,0,0.021564177915840425,0.02179836512261568,8.0,0.0,0.25,8.0,1.0,0.15,1,0.8977018404796765,0.6388666367210714,0.7226182605512813,0.5804466086954922,0.4655709928646337,0.3876410742454051,18.080000000000002,1.0370575221238938,16.79,1.1167361524717094,15.477500000000001,1.2114359554191567,12.722999999999999,1.4737090308889413,9.6675,1.9394879751745537,83.58208955223878,1.6433679016797598,1.3919097092004031,15.477500000000001,19.132557779081086,11.822442220918914,0.47230596402275377,0.7214285714285709,18.35,0.024828861653870184,0.7229669080792817,17.9,0.042802539234760316,0.7226554540533956,17.15,-0.062166906416551676,0.7224087099891117,16.6,0.049392755329576474,0.6500217620088024,14.9,0.0033613477027049274,0.6693606663702237,0.718977390661513
2023-07-10,18.9,18.75,19.85,18.6,0,0.007968169649176881,0.008000000000000007,8.0,0.0,0.25,8.0,1.0,0.15,1,0.6446693980817583,0.6320562007636269,0.718977390661513,0.5803628734863466,0.46369286611331506,0.38766510423863665,18.21,1.0378912685337724,17.189999999999998,1.099476439790576,15.785,1.1973392461197339,12.902999999999999,1.4647756335735875,9.7175,1.9449446874196037,83.94160583941604,1.6931131041761827,1.452150388195559,15.785,19.508057600244314,12.061942399755685,0.4717209503001982,0.7249999999999995,18.75,0.021564177915840425,0.7226182605512813,18.35,0.024828861653870184,0.7229669080792817,17.9,0.042802539234760316,0.7226554540533956,18.25,0.09476238466600287,0.6694633904530312,14.9,0.0,0.667450534880957,0.7541370404713132
2023-07-11,18.05,18.9,18.6,18.0,0,-0.04601623728670668,-0.04497354497354489,8.0,0.0,0.25,8.0,1.0,0.15,1,0.5366496921294733,0.719296376169979,0.7541370404713132,0.5913512939855041,0.46777552653275,0.39072205222667233,18.39,0.9815116911364872,17.5,1.0314285714285714,16.044999999999998,1.1249610470551576,13.052,1.3829298191847994,9.763,1.8488169619993855,72.72727272727273,1.6449862616400335,1.490717562884454,16.044999999999998,19.62872050131969,12.461279498680303,0.446708694461788,0.7357142857142851,18.9,0.007968169649176881,0.718977390661513,18.75,0.021564177915840425,0.7226182605512813,18.35,0.024828861653870184,0.7229669080792817,17.15,-0.062166906416551676,0.7224087099891117,14.95,0.0033500868852818057,0.6668314714774517,0.781085151156664
2023-07-12,17.3,18.05,18.0,16.55,0,-0.042439183275156715,-0.04155124653739617,8.0,0.0,0.25,8.0,1.0,0.15,1,0.5516861525674924,0.78207631091127,0.781085151156664,0.6005926826463684,0.4724431227994081,0.3930779792019119,18.270000000000003,0.9469074986316365,17.705000000000002,0.9771251059022874,16.259999999999998,1.0639606396063963,13.190999999999999,1.3115002653324237,9.80575,1.7642709634653138,65.60509554140128,1.5287047039648147,1.4983149911005262,16.259999999999998,19.58084326640089,12.939156733599106,0.4084678064453743,0.8285714285714281,18.05,-0.04601623728670668,0.7541370404713132,18.9,0.007968169649176881,0.718977390661513,18.75,0.021564177915840425,0.7226182605512813,17.9,0.042802539234760316,0.7226554540533956,15.25,0.019868203216725184,0.6482704978451974,0.8760109019209794
2023-07-13,15.65,17.3,17.3,15.65,0,-0.10023558451757102,-0.09537572254335258,8.0,0.0,0.25,8.0,1.0,0.15,1,0.7706889898009347,0.9497910371012557,0.8760109019209794,0.6398063374456823,0.4955030945062873,0.4060614795613866,17.73,0.8826847151720248,17.689999999999998,0.884680610514415,16.327499999999997,0.9585055887306693,13.303999999999998,1.1763379434756467,9.8425,1.5900431800863604,53.96825396825397,1.2885558516099902,1.4563631632024192,16.327499999999997,19.533493564691334,13.121506435308662,0.3927108944653298,0.9321428571428567,17.3,-0.042439183275156715,0.781085151156664,18.05,-0.04601623728670668,0.7541370404713132,18.9,0.007968169649176881,0.718977390661513,18.35,0.024828861653870184,0.7229669080792817,15.8,0.03543043697950048,0.6433645751848269,0.8359338297715203
2023-07-14,14.95,15.65,17.0,14.5,0,-0.045759617149466816,-0.04472843450479236,8.0,0.0,0.25,8.0,1.0,0.15,1,0.6078260131904044,0.9284338097727396,0.8359338297715203,0.6488409237152858,0.4999091147380801,0.4086222037133433,16.97,0.8809664113140837,17.525,0.8530670470756063,16.29,0.9177409453652547,13.4,1.1156716417910446,9.87575,1.51380907779156,50.24630541871921,1.029880188350683,1.371066568232072,16.29,19.54408245617395,13.035917543826049,0.39951902469907313,1.0928571428571423,15.65,-0.10023558451757102,0.8760109019209794,17.3,-0.042439183275156715,0.781085151156664,18.05,-0.04601623728670668,0.7541370404713132,18.75,0.021564177915840425,0.7226182605512813,16.6,0.049392755329576474,0.6500217620088024,0.8347944235695339
2023-07-17,16.4,14.95,16.4,15.3,0,0.09257003499345724,0.09698996655518388,8.0,0.0,0.25,8.0,1.0,0.15,1,1.1392900087399305,0.921515610104697,0.8347944235695339,0.6698135604543481,0.5153098560268881,0.41856670702690935,16.47,0.9957498482088646,17.339999999999996,0.9457900807381777,16.3975,1.000152462265589,13.52,1.21301775147929,9.91625,1.6538510021429471,56.277056277056275,0.9311470597190237,1.2830826665294623,16.3975,19.50665033240174,13.288349667598263,0.37922248298847244,1.1821428571428567,14.95,-0.045759617149466816,0.8359338297715203,15.65,-0.10023558451757102,0.8760109019209794,17.3,-0.042439183275156715,0.781085151156664,18.9,0.007968169649176881,0.718977390661513,18.25,0.09476238466600287,0.6694633904530312,0.7541506170866337
2023-07-18,16.7,16.4,17.9,16.7,0,0.0181273845925567,0.018292682926829285,8.0,0.0,0.25,8.0,1.0,0.15,1,1.1673810640944018,0.8832822760306555,0.7541506170866337,0.6667984627160564,0.5156097101053572,0.41845424760341693,16.2,1.0308641975308641,17.295,0.9655969933506793,16.52,1.0108958837772397,13.644,1.2239812371738492,9.95875,1.676917283795657,56.277056277056275,0.867112305837022,1.1998885943909743,16.52,19.461428224519537,13.578571775480462,0.35610511192730476,1.260714285714285,16.4,0.09257003499345724,0.8347944235695339,14.95,-0.045759617149466816,0.8359338297715203,15.65,-0.10023558451757102,0.8760109019209794,18.05,-0.04601623728670668,0.7541370404713132,17.15,-0.062166906416551676,0.7224087099891117,0.7551949821585664
2023-07-19,16.6,16.7,16.8,16.4,0,-0.006006024060211699,-0.0059880239520956335,8.0,0.0,0.25,8.0,1.0,0.15,1,1.142903929133171,0.8461453684360076,0.7551949821585664,0.6668255278325234,0.5155705129019377,0.41789869466413976,16.06,1.0336239103362392,17.165,0.9670841829303817,16.61,0.9993979530403373,13.761999999999999,1.2062200261589888,10.00025,1.6599585010374742,53.6036036036036,0.7990837971734948,1.1197276349474783,16.61,19.43779437948231,13.78220562051769,0.3404930017438061,1.2357142857142853,16.7,0.0181273845925567,0.7541506170866337,16.4,0.09257003499345724,0.8347944235695339,14.95,-0.045759617149466816,0.8359338297715203,17.3,-0.042439183275156715,0.781085151156664,17.9,0.042802539234760316,0.7226554540533956,0.7469478696144718
2023-07-20,16.7,16.6,16.8,16.6,0,0.006006024060211728,0.0060240963855420215,8.0,0.0,0.25,8.0,1.0,0.15,1,0.8024291698372872,0.8311264641811899,0.7469478696144718,0.6668749347048756,0.5153119560805608,0.41724897352543,16.27,1.0264290104486786,17.0,0.9823529411764705,16.7025,0.9998503218081125,13.870999999999999,1.203950688486771,10.03975,1.6633880325705321,50.48076923076922,0.744655947967896,1.0447132975515618,16.7025,19.40619630029164,13.998803699708361,0.3237474989123352,1.1928571428571424,16.6,-0.006006024060211699,0.7551949821585664,16.7,0.0181273845925567,0.7541506170866337,16.4,0.09257003499345724,0.8347944235695339,15.65,-0.10023558451757102,0.8760109019209794,18.35,0.024828861653870184,0.7229669080792817,0.8071714803913208
2023-07-21,18.35,17.0,18.35,17.0,0,0.09422085507786991,0.0988023952095809,8.0,0.0,0.25,8.0,1.0,0.15,1,0.7715577423480027,0.9746168051828525,0.8071714803913208,0.6876396932946829,0.5306001770039134,0.42717244401163823,16.95,1.0825958702064897,16.96,1.0819575471698113,16.875,1.0874074074074076,14.007,1.3100592560862427,10.0875,1.81908302354399,50.48076923076923,0.8251508701234194,1.0008008120659335,16.875,19.534343013444875,14.215656986555123,0.3151813941860594,1.1928571428571426,16.7,0.006006024060211728,0.7469478696144718,16.6,-0.006006024060211699,0.7551949821585664,16.7,0.0181273845925567,0.7541506170866337,14.95,-0.045759617149466816,0.8359338297715203,18.75,0.021564177915840425,0.7226182605512813,0.8145963967552231
2023-07-24,17.95,18.4,18.5,17.0,0,-0.0220394595662915,-0.021798365122615904,8.0,0.0,0.25,8.0,1.0,0.15,1,0.7158029682645666,0.9775253558327752,0.8145963967552231,0.6908314217063515,0.5283842568247371,0.42781314559614136,17.259999999999998,1.0399768250289687,16.865000000000002,1.0643344203972722,17.0275,1.0541770665100572,14.138,1.2696279530343755,10.13525,1.771046594805259,54.12371134020619,0.8469044316968564,0.9700215359921182,17.0275,19.5565886646546,14.498411335345397,0.2970593057882369,1.2178571428571427,18.35,0.09422085507786991,0.8071714803913208,16.7,0.006006024060211728,0.7469478696144718,16.6,-0.006006024060211699,0.7551949821585664,16.4,0.09257003499345724,0.8347944235695339,18.9,0.007968169649176881,0.718977390661513,0.8142717686865993
2023-07-25,18.0,17.95,18.4,18.0,0,0.0027816429618767705,0.0027855153203342198,8.0,0.0,0.25,8.0,1.0,0.15,1,0.7239584092980389,0.9507408249635465,0.8142717686865993,0.6902058744247127,0.5283402793922297,0.4278041440868722,17.52,1.0273972602739727,16.86,1.0676156583629894,17.18,1.0477299185098952,14.286,1.25997480050399,10.1845,1.7673916245274683,50.555555555555564,0.8582850918276463,0.9476742471592239,17.18,19.544073202179526,14.815926797820474,0.2752122470523313,1.1535714285714285,17.95,-0.0220394595662915,0.8145963967552231,18.35,0.09422085507786991,0.8071714803913208,16.7,0.006006024060211728,0.7469478696144718,16.7,0.0181273845925567,0.7541506170866337,18.05,-0.04601623728670668,0.7541370404713132,0.8381572219760303
2023-07-26,17.15,18.0,18.1,17.15,0,-0.04837358428421583,-0.047222222222222276,8.0,0.0,0.25,8.0,1.0,0.15,1,0.8524561869424726,0.9585442431231762,0.8381572219760303,0.7003170003903921,0.5338144951410603,0.43062795697463074,17.630000000000003,0.9727736812251842,16.845000000000002,1.0181062629860491,17.275,0.9927641099855282,14.425,1.188908145580589,10.23,1.6764418377321602,43.61702127659573,0.7896142689463268,0.9160622515166446,17.275,19.45830989675386,15.091690103246135,0.252771044486699,1.1750000000000003,18.0,0.0027816429618767705,0.8142717686865993,17.95,-0.0220394595662915,0.8145963967552231,18.35,0.09422085507786991,0.8071714803913208,16.6,-0.006006024060211699,0.7551949821585664,17.3,-0.042439183275156715,0.781085151156664,0.8369883712655719
2023-07-27,17.35,17.15,17.9,17.35,0,0.011594332780919446,0.011661807580175099,8.0,0.0,0.25,8.0,1.0,0.15,1,0.8531671785440603,0.7821043421195633,0.8369883712655719,0.6786610510241244,0.5338928212685279,0.4305102512288244,17.759999999999998,0.9769144144144146,17.015,1.0196885101381135,17.3525,0.9998559285405563,14.573999999999998,1.1904761904761907,10.2765,1.688318007103586,42.3913043478261,0.7427683049345077,0.8814034622002173,17.3525,19.422454232903714,15.282545767096286,0.23857706185318706,1.1892857142857147,17.15,-0.04837358428421583,0.8381572219760303,18.0,0.0027816429618767705,0.8142717686865993,17.95,-0.0220394595662915,0.8145963967552231,16.7,0.006006024060211728,0.7469478696144718,15.65,-0.10023558451757102,0.8760109019209794,0.8302933731707192
2023-07-28,17.5,17.35,17.5,17.05,0,0.008608374536600101,0.008645533141210304,8.0,0.0,0.25,8.0,1.0,0.15,1,0.4041079965186328,0.7179545868043095,0.8302933731707192,0.6678349566133912,0.5338637191435379,0.4305425538529324,17.589999999999996,0.9948834565093806,17.27,1.013317892298784,17.3975,1.005891651099296,14.723999999999998,1.1885357239880467,10.325999999999999,1.694751113693589,42.3913043478261,0.7095668424758514,0.8470361382553442,17.3975,19.437488390059897,15.357511609940106,0.23451511884579918,1.1321428571428573,17.35,0.011594332780919446,0.8369883712655719,17.15,-0.04837358428421583,0.8381572219760303,18.0,0.0027816429618767705,0.8142717686865993,18.35,0.09422085507786991,0.8071714803913208,14.95,-0.045759617149466816,0.8359338297715203,0.8216816210463772
2023-07-31,17.0,17.5,17.2,17.0,0,-0.028987536873252298,-0.02857142857142858,8.0,0.0,0.25,8.0,1.0,0.15,1,0.4203886584685974,0.6040545001616431,0.8216816210463772,0.6689043248935272,0.5355629634026946,0.43169226255120274,17.4,0.9770114942528736,17.330000000000002,0.9809578765147142,17.335,0.980674935102394,14.860999999999999,1.1439337864208332,10.3735,1.6387911505277872,44.067796610169495,0.6355820289543885,0.8047453163951531,17.335,19.34133208144934,15.32866791855066,0.23147759809049206,1.1035714285714289,17.5,0.008608374536600101,0.8302933731707192,17.35,0.011594332780919446,0.8369883712655719,17.15,-0.04837358428421583,0.8381572219760303,17.95,-0.0220394595662915,0.8145963967552231,16.4,0.09257003499345724,0.8347944235695339,0.7510722872142829
2023-08-01,16.6,17.0,17.0,16.25,0,-0.023810648693718447,-0.0235294117647058,8.0,0.0,0.25,8.0,1.0,0.15,1,0.4081757657009336,0.6124292615417216,0.7510722872142829,0.6665146810731283,0.5370467292216533,0.43228199691465063,17.12,0.9696261682242991,17.32,0.9584295612009238,17.307499999999997,0.9591217680196449,14.991,1.1073310653058503,10.4185,1.5933195757546674,45.88235294117648,0.5384647872614536,0.7514892105684132,17.307499999999997,19.339422864263305,15.27557713573669,0.23480258434358608,1.0500000000000003,17.0,-0.028987536873252298,0.8216816210463772,17.5,0.008608374536600101,0.8302933731707192,17.35,0.011594332780919446,0.8369883712655719,18.0,0.0027816429618767705,0.8142717686865993,16.7,0.0181273845925567,0.7541506170866337,0.7212182241898977
2023-08-02,16.55,16.6,16.6,16.4,0,-0.003016593539425679,-0.003012048192771122,8.0,0.0,0.25,8.0,1.0,0.15,1,0.2939156509522584,0.6118740831936823,0.7212182241898977,0.6667293784105087,0.5369604878714724,0.4321012244175295,17.0,0.973529411764706,17.315,0.9558186543459428,17.240000000000002,0.9599767981438514,15.119000000000002,1.094649117005093,10.46325,1.5817265190070007,56.52173913043478,0.45225082539648653,0.691641533534028,17.240000000000002,19.278730254994954,15.20126974500505,0.23651163050985524,0.946428571428572,16.6,-0.023810648693718447,0.7510722872142829,17.0,-0.028987536873252298,0.8216816210463772,17.5,0.008608374536600101,0.8302933731707192,17.15,-0.04837358428421583,0.8381572219760303,16.6,-0.006006024060211699,0.7551949821585664,0.7299144886594606
2023-08-03,17.45,16.55,17.95,16.65,0,0.05295354682536425,0.05438066465256797,8.0,0.0,0.25,8.0,1.0,0.15,1,0.519747753116551,0.668218333485124,0.7299144886594606,0.672056869072109,0.5384992271194132,0.432291126902418,17.020000000000003,1.025264394829612,17.389999999999997,1.0034502587694079,17.195,1.0148298924105845,15.264,1.143212788259958,10.511499999999998,1.660086571849879,67.6056338028169,0.45134529031258097,0.6435822848897386,17.195,19.16928201472951,15.22071798527049,0.2296344303262007,0.8678571428571432,16.55,-0.003016593539425679,0.7212182241898977,16.6,-0.023810648693718447,0.7510722872142829,17.0,-0.028987536873252298,0.8216816210463772,17.35,0.011594332780919446,0.8369883712655719,16.7,0.006006024060211728,0.7469478696144718,0.7263488071512266
2023-08-04,17.1,17.45,17.3,17.0,0,-0.020261185139821856,-0.02005730659025773,8.0,0.0,0.25,8.0,1.0,0.15,1,0.5338644805792785,0.4482244305674112,0.7263488071512266,0.6744563834777852,0.5352835489266838,0.43289982235976276,16.94,1.0094451003541913,17.265,0.9904430929626412,17.1125,0.9992695398100804,15.402999999999999,1.110173342855288,10.558250000000001,1.6195865792153055,55.83333333333336,0.4175720615110876,0.5983802402140085,17.1125,18.94606856545119,15.278931434548813,0.21429581480802778,0.7964285714285718,17.45,0.05295354682536425,0.7299144886594606,16.55,-0.003016593539425679,0.7212182241898977,16.6,-0.023810648693718447,0.7510722872142829,17.5,0.008608374536600101,0.8302933731707192,18.35,0.09422085507786991,0.8071714803913208,0.7228600384250452
2023-08-07,17.3,17.1,17.5,17.25,0,0.011628037995118993,0.011695906432748426,8.0,0.0,0.25,8.0,1.0,0.15,1,0.4934297649109848,0.4485734735474951,0.7228600384250452,0.6741262410384269,0.5353630094597845,0.4295384063690026,17.0,1.0176470588235293,17.2,1.005813953488372,17.032500000000002,1.0157052693380302,15.538999999999998,1.1133277559688528,10.60475,1.6313444447063818,55.08474576271188,0.402307314598108,0.5591656550908284,17.032500000000002,18.666440989722375,15.398559010277628,0.19186155757785095,0.7178571428571432,17.1,-0.020261185139821856,0.7263488071512266,17.45,0.05295354682536425,0.7299144886594606,16.55,-0.003016593539425679,0.7212182241898977,17.0,-0.028987536873252298,0.8216816210463772,17.95,-0.0220394595662915,0.8145963967552231,0.7236881084861655
2023-08-08,17.5,17.3,17.5,17.3,0,0.011494379425734991,0.01156069364161838,8.0,0.0,0.25,8.0,1.0,0.15,1,0.42989561922222463,0.4541893203489462,0.7236881084861655,0.6686328470241084,0.5354381830694201,0.42940711605632836,17.18,1.0186263096623982,17.15,1.0204081632653061,17.005000000000003,1.0291090855630696,15.665999999999999,1.1170688114387848,10.652249999999999,1.6428454082470842,57.49999999999999,0.40171747226346,0.5276760185253547,17.005000000000003,18.584440273941237,15.425559726058768,0.18576186697338828,0.7035714285714286,17.3,0.011628037995118993,0.7228600384250452,17.1,-0.020261185139821856,0.7263488071512266,17.45,0.05295354682536425,0.7299144886594606,16.6,-0.023810648693718447,0.7510722872142829,18.0,0.0027816429618767705,0.8142717686865993,0.7071175976002748
2023-08-09,17.45,17.5,17.5,17.35,0,-0.002861232281032235,-0.0028571428571428914,8.0,0.0,0.25,8.0,1.0,0.15,1,0.4295878235963544,0.3773289054511928,0.7071175976002748,0.6677549193165206,0.5355093783731418,0.4294345972058425,17.36,1.005184331797235,17.18,1.0157159487776484,17.0125,1.0257163850110214,15.795,1.1047799936688825,10.69875,1.6310316625774037,56.30252100840336,0.3926887641977004,0.5006785676598239,17.0125,18.599246091186277,15.425753908813721,0.18653884980882032,0.7000000000000001,17.5,0.011494379425734991,0.7236881084861655,17.3,0.011628037995118993,0.7228600384250452,17.1,-0.020261185139821856,0.7263488071512266,16.55,-0.003016593539425679,0.7212182241898977,17.15,-0.04837358428421583,0.8381572219760303,0.6913980207733986
2023-08-10,17.5,17.45,17.5,17.35,0,0.002861232281032195,0.002865329512893977,8.0,0.0,0.25,8.0,1.0,0.15,1,0.20888458064865167,0.3734660265992778,0.6913980207733986,0.6666112855623713,0.535303726246751,0.42942625659409484,17.369999999999997,1.00748416810593,17.195,1.0177377144518756,17.105,1.0230926629640456,15.917,1.0994534145881762,10.744750000000002,1.628702389539077,40.22988505747126,0.3851285084288243,0.477568555813624,17.105,18.568197651864317,15.641802348135682,0.1710842036672689,0.5928571428571426,17.45,-0.002861232281032235,0.7071175976002748,17.5,0.011494379425734991,0.7236881084861655,17.3,0.011628037995118993,0.7228600384250452,17.45,0.05295354682536425,0.7299144886594606,17.35,0.011594332780919446,0.8369883712655719,0.5882766337289732
2023-08-11,17.35,17.5,17.5,17.35,0,-0.008608374536600051,-0.008571428571428452,8.0,0.0,0.25,8.0,1.0,0.15,1,0.14102379540491503,0.3734660265992778,0.5882766337289732,0.6475657543441165,0.5354187064080679,0.4294892161836019,17.42,0.9959816303099885,17.18,1.0098952270081492,17.225,1.007256894049347,16.017,1.0832240744209278,10.79,1.6079703429101022,42.68292682926831,0.3628504902802341,0.45462494270694603,17.225,18.281060205620374,16.16893979437963,0.12261947235069638,0.4964285714285711,17.5,0.002861232281032195,0.6913980207733986,17.45,-0.002861232281032235,0.7071175976002748,17.5,0.011494379425734991,0.7236881084861655,17.1,-0.020261185139821856,0.7263488071512266,17.5,0.008608374536600101,0.8302933731707192,0.5625400849469936
2023-08-14,17.15,17.35,17.35,17.15,0,-0.011594332780919482,-0.011527377521614035,8.0,0.0,0.25,8.0,1.0,0.15,1,0.14675545271095247,0.3459834023987064,0.5625400849469936,0.6419646637023512,0.5358893714517573,0.42971624824026017,17.39,0.986198964922369,17.195,0.9973829601628379,17.2625,0.9934829833454019,16.114,1.0642919200695047,10.835,1.5828334102445776,39.99999999999998,0.32530673828028256,0.42876130182161337,17.2625,18.245981998872107,16.27901800112789,0.1139443300648351,0.47857142857142854,17.35,-0.008608374536600051,0.5882766337289732,17.5,0.002861232281032195,0.6913980207733986,17.45,-0.002861232281032235,0.7071175976002748,17.3,0.011628037995118993,0.7228600384250452,17.0,-0.028987536873252298,0.8216816210463772,0.46996680812407776
2023-08-15,16.95,17.15,17.05,16.9,0,-0.011730339785489605,-0.011661807580174877,8.0,0.0,0.25,8.0,1.0,0.15,1,0.09994731132352132,0.3266189174237153,0.46996680812407776,0.6386073663712134,0.5362084394559024,0.42994641656275284,17.279999999999998,0.9809027777777779,17.23,0.9837492745211839,17.275,0.9811866859623735,16.209,1.0457153433277808,10.8795,1.5579760099269266,47.22222222222223,0.2762305025164409,0.3982551419605789,17.275,18.234440626505716,16.31555937349428,0.11107850958098031,0.4285714285714283,17.15,-0.011594332780919482,0.5625400849469936,17.35,-0.008608374536600051,0.5882766337289732,17.5,0.002861232281032195,0.6913980207733986,17.5,0.011494379425734991,0.7236881084861655,16.6,-0.023810648693718447,0.7510722872142829,0.4666631212667314
2023-08-16,16.85,16.95,17.0,16.75,0,-0.005917177028088396,-0.005899705014749124,8.0,0.0,0.25,8.0,1.0,0.15,1,0.09540805730303499,0.3282085402540232,0.4666631212667314,0.6392515786917292,0.5362258661556657,0.4300218382155516,17.160000000000004,0.9819347319347318,17.259999999999998,0.9762456546929318,17.2875,0.9746926970354303,16.298,1.0338691864032399,10.92375,1.5425105847350957,42.85714285714284,0.22665532631950924,0.363935178832365,17.2875,18.215925378913536,16.359074621086467,0.10741002214473279,0.3928571428571426,16.95,-0.011730339785489605,0.46996680812407776,17.15,-0.011594332780919482,0.5625400849469936,17.35,-0.008608374536600051,0.5882766337289732,17.45,-0.002861232281032235,0.7071175976002748,16.55,-0.003016593539425679,0.7212182241898977,0.4672833860533146
2023-08-17,16.7,16.85,16.9,16.65,0,-0.008941937375661393,-0.008902077151335397,8.0,0.0,0.25,8.0,1.0,0.15,1,0.038233751864330034,0.16415031425380722,0.4672833860533146,0.6400268209554484,0.5365392635291535,0.4300984737222449,17.0,0.9823529411764705,17.185000000000002,0.9717777131219085,17.2875,0.9660159074475776,16.381,1.019473780599475,10.967250000000002,1.522715357085869,38.57142857142855,0.17326559766015492,0.32580126259792297,17.2875,18.215925378913536,16.359074621086467,0.10741002214473279,0.3785714285714284,16.85,-0.005917177028088396,0.4666631212667314,16.95,-0.011730339785489605,0.46996680812407776,17.15,-0.011594332780919482,0.5625400849469936,17.5,0.002861232281032195,0.6913980207733986,17.45,0.05295354682536425,0.7299144886594606,0.4708767894910407
2023-08-18,17.0,16.7,17.0,16.7,0,0.017804624633506686,0.017964071856287456,8.0,0.0,0.25,8.0,1.0,0.15,1,0.19778631225276452,0.172146722355169,0.4708767894910407,0.639788314612629,0.5368076723331076,0.4301494106087452,16.93,1.004134672179563,17.175,0.9898107714701601,17.22,0.9872241579558654,16.471,1.0321170542165017,11.01375,1.543525139030757,50.0,0.15339312537535932,0.29131963515341025,17.22,18.00900336868082,16.43099663131918,0.0916380219141487,0.36428571428571416,16.7,-0.008941937375661393,0.4672833860533146,16.85,-0.005917177028088396,0.4666631212667314,16.95,-0.011730339785489605,0.46996680812407776,17.35,-0.008608374536600051,0.5882766337289732,17.1,-0.020261185139821856,0.7263488071512266,0.32699682512917205
2023-08-21,17.05,17.0,17.05,16.95,0,0.0029368596733097057,0.002941176470588225,8.0,0.0,0.25,8.0,1.0,0.15,1,0.1897256324018453,0.1599785025456862,0.32699682512917205,0.6398431294618919,0.5368147535231398,0.430069650998806,16.910000000000004,1.0082791247782374,17.15,0.9941690962099127,17.175,0.992721979621543,16.557,1.0297759255903849,11.0605,1.5415216310293387,57.627118644067785,0.14006405876618544,0.2610685198759653,17.175,17.887667339536694,16.462332660463307,0.08298891872334131,0.3178571428571428,17.0,0.017804624633506686,0.4708767894910407,16.7,-0.008941937375661393,0.4672833860533146,16.85,-0.005917177028088396,0.4666631212667314,17.15,-0.011594332780919482,0.5625400849469936,17.3,0.011628037995118993,0.7228600384250452,0.3215601191663379
2023-08-22,16.85,17.05,17.1,16.85,0,-0.011799546931155055,-0.011730205278592365,8.0,0.0,0.25,8.0,1.0,0.15,1,0.18996880731016944,0.1495795788422521,0.3215601191663379,0.6410674938766038,0.5372670186054466,0.4291560388156284,16.89,0.9976317347542926,17.085,0.9862452443664033,17.1175,0.9843727179786769,16.637,1.0128027889643567,11.10625,1.517163759144626,54.838709677419374,0.11207047029727235,0.23126890996022673,17.1175,17.72817262312288,16.50682737687712,0.0713506789102241,0.3214285714285712,17.05,0.0029368596733097057,0.32699682512917205,17.0,0.017804624633506686,0.4708767894910407,16.7,-0.008941937375661393,0.4672833860533146,16.95,-0.011730339785489605,0.46996680812407776,17.5,0.011494379425734991,0.7236881084861655,0.3208710345247828
2023-08-23,16.8,16.85,16.9,16.8,0,-0.0029717703891574817,-0.0029673590504450953,8.0,0.0,0.25,8.0,1.0,0.15,1,0.18646339289029568,0.1495614921443271,0.3208710345247828,0.6409206172977618,0.5373365278480274,0.4291078670420121,16.88,0.9952606635071091,17.02,0.9870740305522915,17.1,0.9824561403508771,16.713,1.0052055286304074,11.15125,1.5065575608115684,35.555555555555586,0.0848724112940289,0.20198961022698717,17.1,17.726603206940062,16.47339679305994,0.07328692478831121,0.22857142857142826,16.85,-0.011799546931155055,0.3215601191663379,17.05,0.0029368596733097057,0.32699682512917205,17.0,0.017804624633506686,0.4708767894910407,16.85,-0.005917177028088396,0.4666631212667314,17.45,-0.002861232281032235,0.7071175976002748,0.29756842479814116
2023-08-24,16.25,16.8,16.7,15.85,0,-0.033285977633466746,-0.03273809523809523,8.0,0.0,0.25,8.0,1.0,0.15,1,0.30040342291050814,0.20449808932299585,0.29756842479814116,0.6439630673386599,0.539983417787207,0.4306068047940356,16.79,0.9678379988088148,16.895,0.9618230245634803,17.044999999999998,0.9533587562334996,16.752,0.9700334288443172,11.193,1.4518002322880372,32.65306122448979,0.018721539866483283,0.16533599615488642,17.044999999999998,17.765306952113715,16.32469304788628,0.08451826953519703,0.2642857142857141,16.8,-0.0029717703891574817,0.3208710345247828,16.85,-0.011799546931155055,0.3215601191663379,17.05,0.0029368596733097057,0.32699682512917205,16.7,-0.008941937375661393,0.4672833860533146,17.5,0.002861232281032195,0.6913980207733986,0.3024500668374247
2023-08-25,16.55,16.25,16.65,16.2,0,0.018293193047325483,0.01846153846153853,8.0,0.0,0.25,8.0,1.0,0.15,1,0.30279795746567784,0.24135540238536196,0.3024500668374247,0.6353158545020414,0.5401489904700998,0.4304048584425448,16.7,0.9910179640718564,16.815,0.984240261671127,16.9975,0.9736725989116047,16.769000000000002,0.9869401872502832,11.23625,1.472911336077428,35.29411764705884,-0.009387792902863623,0.1303912383433364,16.9975,17.71676497569626,16.278235024303736,0.0846318547664377,0.26785714285714274,16.25,-0.033285977633466746,0.29756842479814116,16.8,-0.0029717703891574817,0.3208710345247828,16.85,-0.011799546931155055,0.3215601191663379,17.0,0.017804624633506686,0.4708767894910407,17.35,-0.008608374536600051,0.5882766337289732,0.3185179847756297
2023-08-28,16.0,16.55,16.55,16.0,0,-0.03379737958329073,-0.0332326283987916,8.0,0.0,0.25,8.0,1.0,0.15,1,0.34823731977863814,0.28146394901245686,0.3185179847756297,0.639162745774419,0.5428448260059401,0.43186497742303004,16.49,0.970285021224985,16.7,0.9580838323353293,16.947499999999998,0.9440920489747752,16.804000000000002,0.952154248988336,11.2765,1.4188799716224005,24.13793103448282,-0.075178434897051,0.08927730369525894,16.947499999999998,17.793838864571626,16.10116113542837,0.0998777240975516,0.2928571428571428,16.55,0.018293193047325483,0.3024500668374247,16.25,-0.033285977633466746,0.29756842479814116,16.8,-0.0029717703891574817,0.3208710345247828,17.05,0.0029368596733097057,0.32699682512917205,17.15,-0.011594332780919482,0.5625400849469936,0.33112702649783815
2023-08-29,16.55,16.0,16.8,16.0,0,0.03379737958329071,0.034375000000000044,8.0,0.0,0.25,8.0,1.0,0.15,1,0.4809353256302795,0.3453187338464699,0.33112702649783815,0.6388105748312539,0.5436069755088838,0.4329813735691941,16.43,1.007303712720633,16.66,0.9933973589435775,16.945,0.9766892888757746,16.85,0.9821958456973293,11.3195,1.4620787137241045,36.764705882352985,-0.08199243150335533,0.055023356655536086,16.945,17.795943748527527,16.094056251472473,0.10043596913868717,0.3392857142857144,16.0,-0.03379737958329073,0.3185179847756297,16.55,0.018293193047325483,0.3024500668374247,16.25,-0.033285977633466746,0.29756842479814116,16.85,-0.011799546931155055,0.3215601191663379,16.95,-0.011730339785489605,0.46996680812407776,0.3209779482178008
2023-08-30,16.5,16.55,16.55,16.0,0,-0.0030257209165370676,-0.0030211480362538623,8.0,0.0,0.25,8.0,1.0,0.15,1,0.4809310883770829,0.34479601399633303,0.3209779482178008,0.6209878092218617,0.543718221743991,0.43301115855253064,16.37,1.0079413561392792,16.625,0.9924812030075187,16.942500000000003,0.9738822487826471,16.884,0.9772565742714996,11.3615,1.452273027329138,35.294117647058854,-0.09038525013788856,0.025941635296851163,16.942500000000003,17.798608084666746,16.08639191533326,0.10106042020560645,0.36785714285714316,16.55,0.03379737958329071,0.33112702649783815,16.0,-0.03379737958329073,0.3185179847756297,16.55,0.018293193047325483,0.3024500668374247,16.8,-0.0029717703891574817,0.3208710345247828,16.85,-0.005917177028088396,0.4666631212667314,0.3215410574776166
2023-08-31,16.6,16.5,16.6,16.35,0,0.006042314455962662,0.0060606060606061,8.0,0.0,0.25,8.0,1.0,0.15,1,0.4026941980119039,0.34467431355715356,0.3215410574776166,0.6207441207130774,0.5437203832838667,0.4327667342435496,16.44,1.0097323600973236,16.615000000000002,0.9990972013241047,16.900000000000002,0.9822485207100591,16.918999999999997,0.981145457769372,11.403999999999998,1.4556296036478433,38.80597014925376,-0.08795358097533779,0.0031625920424133737,16.900000000000002,17.734139960488882,16.065860039511122,0.09871478822353608,0.3750000000000004,16.5,-0.0030257209165370676,0.3209779482178008,16.55,0.03379737958329071,0.33112702649783815,16.0,-0.03379737958329073,0.3185179847756297,16.25,-0.033285977633466746,0.29756842479814116,16.7,-0.008941937375661393,0.4672833860533146,0.28952188474743246
2023-09-01,17.2,16.6,17.4,16.7,0,0.0355066884569096,0.036144578313252795,8.0,0.0,0.25,8.0,1.0,0.15,1,0.45555319468020905,0.38071317266196236,0.28952188474743246,0.6231887849166159,0.5454596587444911,0.43399105443949526,16.57,1.0380205190102594,16.634999999999998,1.0339645326119629,16.905,1.0174504584442472,16.965,1.013852048334807,11.45,1.502183406113537,50.66666666666667,-0.037182859198690466,-0.004906498205807394,16.905,17.745363329944833,16.06463667005517,0.09942186689675625,0.4178571428571428,16.6,0.006042314455962662,0.3215410574776166,16.5,-0.0030257209165370676,0.3209779482178008,16.55,0.03379737958329071,0.33112702649783815,16.55,0.018293193047325483,0.3024500668374247,17.0,0.017804624633506686,0.4708767894910407,0.2942418896057341
2023-09-04,17.65,18.5,18.8,17.65,0,0.02582639955989846,0.026162790697674465,8.0,0.0,0.25,8.0,1.0,0.15,1,0.2737013454668334,0.4005132650212404,0.2942418896057341,0.6241560493847673,0.5461968867336711,0.43458347364111327,16.9,1.044378698224852,16.695,1.0572027553159629,16.9225,1.0429901019352932,17.02,1.0370152761457108,11.498000000000001,1.5350495738389283,58.74999999999998,0.03891594400749554,0.003857990236853193,16.9225,17.810712279036807,16.034287720963192,0.10497412073119305,0.5142857142857143,17.2,0.0355066884569096,0.28952188474743246,16.6,0.006042314455962662,0.3215410574776166,16.5,-0.0030257209165370676,0.3209779482178008,16.0,-0.03379737958329073,0.3185179847756297,17.05,0.0029368596733097057,0.32699682512917205,0.3034668481706938
2023-09-05,17.25,17.65,17.55,17.15,0,-0.022923639901936965,-0.022662889518413554,8.0,0.0,0.25,8.0,1.0,0.15,1,0.36851963732861853,0.4159738994132749,0.3034668481706938,0.6266036985219673,0.5467600914006727,0.43534849847072155,17.04,1.012323943661972,16.735000000000003,1.030773827308037,16.91,1.020106445890006,17.066,1.0107816711590296,11.544,1.4942827442827442,54.65116279069766,0.06618519502080744,0.016323431193644045,16.91,17.77059954621621,16.04940045378379,0.10178587181741107,0.5321428571428573,17.65,0.02582639955989846,0.2942418896057341,17.2,0.0355066884569096,0.28952188474743246,16.6,0.006042314455962662,0.3215410574776166,16.55,0.03379737958329071,0.33112702649783815,16.85,-0.011799546931155055,0.3215601191663379,0.3005132464780608
2023-09-06,17.25,17.25,17.45,17.0,0,0.0,0.0,8.0,0.0,0.25,8.0,1.0,0.15,1,0.3632574105624094,0.41517686981873425,0.3005132464780608,0.6264204219298375,0.5467997716163115,0.4352635589607235,17.189999999999998,1.0034904013961607,16.78,1.0280095351609058,16.9,1.0207100591715976,17.105999999999998,1.0084180989126623,11.589500000000001,1.488416238836878,56.62650602409639,0.08679574558655645,0.030417894072226524,16.9,17.7385451059645,16.061454894035496,0.09923610721473407,0.5464285714285715,17.25,-0.022923639901936965,0.3034668481706938,17.65,0.02582639955989846,0.2942418896057341,17.2,0.0355066884569096,0.28952188474743246,16.5,-0.0030257209165370676,0.3209779482178008,16.8,-0.0029717703891574817,0.3208710345247828,0.3021073693108221
2023-09-07,17.4,17.25,17.5,17.35,0,0.008658062743114531,0.008695652173912993,8.0,0.0,0.25,8.0,1.0,0.15,1,0.3624391280677358,0.3637487160314198,0.3021073693108221,0.6257543443180118,0.5443575406529771,0.4350316753611486,17.35,1.0028818443804033,16.895,1.0298905001479728,16.895,1.0298905001479728,17.137999999999998,1.0152876648383709,11.636,1.4953592299759366,54.999999999999986,0.11392029949890414,0.04711837515756205,16.895,17.71955729748895,16.07044270251105,0.09760962385190308,0.5428571428571428,17.25,0.0,0.3005132464780608,17.25,-0.022923639901936965,0.3034668481706938,17.65,0.02582639955989846,0.2942418896057341,16.6,0.006042314455962662,0.3215410574776166,16.25,-0.033285977633466746,0.29756842479814116,0.30262921701437967
2023-09-08,17.5,17.4,17.5,17.35,0,0.0057306747089850745,0.005747126436781658,8.0,0.0,0.25,8.0,1.0,0.15,1,0.27955586278922967,0.3580938190826874,0.30262921701437967,0.6257292921182889,0.5443583230935821,0.43453614338714,17.41,1.0051694428489373,16.99,1.0300176574455564,16.902499999999996,1.0353498003253958,17.156,1.0200512940079274,11.68175,1.498063218267811,55.55555555555556,0.14185070157269308,0.06606484044058826,16.902499999999996,17.746971183017834,16.05802881698216,0.09992263665349362,0.5464285714285712,17.4,0.008658062743114531,0.3021073693108221,17.25,0.0,0.3005132464780608,17.25,-0.022923639901936965,0.3034668481706938,17.2,0.0355066884569096,0.28952188474743246,16.55,0.018293193047325483,0.3024500668374247,0.43346976199100906
2023-09-11,16.0,17.5,17.4,16.0,0,-0.08961215868968717,-0.08571428571428574,8.0,0.0,0.25,8.0,1.0,0.15,1,0.6514868733758826,0.5742996825396777,0.43346976199100906,0.6534538673782022,0.5603869557149745,0.44377883723129874,17.080000000000002,0.9367681498829039,16.99,0.9417304296645086,16.845,0.9498367468091422,17.111,0.9350710069545906,11.720249999999998,1.3651585930334253,42.05607476635513,0.042458843350473785,0.06134364102256537,16.845,17.77116924678181,15.918830753218188,0.1099636980447386,0.6357142857142855,17.5,0.0057306747089850745,0.30262921701437967,17.4,0.008658062743114531,0.3021073693108221,17.25,0.0,0.3005132464780608,17.65,0.02582639955989846,0.2942418896057341,16.0,-0.03379737958329073,0.3185179847756297,0.4521444468063581
2023-09-12,15.35,16.0,16.0,14.45,0,-0.0414732482065751,-0.04062500000000002,8.0,0.0,0.25,8.0,1.0,0.15,1,0.6704301720102023,0.5745726631385356,0.4521444468063581,0.6320826747004182,0.5633787923837029,0.4459303216880102,16.7,0.9191616766467066,16.87,0.909899229401304,16.765,0.915597971965404,17.075,0.8989751098096632,11.7565,1.30566069833709,37.81512605042016,-0.08774798395582906,0.03152531602688649,16.765,17.904759900847157,15.625240099152844,0.1359689711717455,0.7392857142857142,16.0,-0.08961215868968717,0.43346976199100906,17.5,0.0057306747089850745,0.30262921701437967,17.4,0.008658062743114531,0.3021073693108221,17.25,-0.022923639901936965,0.3034668481706938,16.55,0.03379737958329071,0.33112702649783815,0.5653194469434694
2023-09-13,16.85,16.85,16.85,16.85,0,0.09323518276516461,0.09771986970684043,8.0,0.0,0.25,8.0,1.0,0.15,1,1.077856961836759,0.766750284100254,0.5653194469434694,0.6319842592689676,0.5772674428956557,0.4550451240519353,16.62,1.0138387484957883,16.905,0.9967465246968352,16.765,1.0050700864897109,17.054000000000002,0.9880379969508619,11.7995,1.428026611297089,54.34782608695652,-0.0691037833102719,0.011399496159454812,16.765,17.904759900847157,15.625240099152844,0.1359689711717455,0.7785714285714286,15.35,-0.0414732482065751,0.4521444468063581,16.0,-0.08961215868968717,0.43346976199100906,17.5,0.0057306747089850745,0.30262921701437967,17.25,0.0,0.3005132464780608,16.5,-0.0030257209165370676,0.3209779482178008,0.5657813075649051
2023-09-14,17.0,16.85,17.0,16.5,0,0.008862687257845324,0.008902077151335286,8.0,0.0,0.25,8.0,1.0,0.15,1,1.0780176012793474,0.7672869462088726,0.5657813075649051,0.5998914087280012,0.5772535198447892,0.4550773755582782,16.54,1.0278113663845225,16.945,1.0032457952198288,16.78,1.0131108462455303,17.027,0.9984142831972749,11.8425,1.4355077052987124,53.33333333333332,-0.041743184134290345,0.0007709601007057816,16.78,17.924046373738115,15.635953626261886,0.1363583282167002,0.7821428571428573,16.85,0.09323518276516461,0.5653194469434694,15.35,-0.0414732482065751,0.4521444468063581,16.0,-0.08961215868968717,0.43346976199100906,17.4,0.008658062743114531,0.3021073693108221,16.6,0.006042314455962662,0.3215410574776166,0.5659943599469998
2023-09-15,17.2,17.0,17.25,16.7,0,0.011696039763191236,0.0117647058823529,8.0,0.0,0.25,8.0,1.0,0.15,1,1.0824596908265263,0.7475605240948671,0.5659943599469998,0.6001254781462116,0.5772896792291293,0.4549453199378864,16.48,1.0436893203883495,16.945,1.0150486869282973,16.79,1.0244192972007147,16.996,1.012002824193928,11.885,1.4472023559108118,59.37499999999999,-0.0038766955020044236,-0.0001585710198362594,16.79,17.945581421213063,15.634418578786935,0.13765115202061515,0.7821428571428573,17.0,0.008862687257845324,0.5657813075649051,16.85,0.09323518276516461,0.5653194469434694,15.35,-0.0414732482065751,0.4521444468063581,17.5,0.0057306747089850745,0.30262921701437967,17.2,0.0355066884569096,0.28952188474743246,0.5648820320065971
2023-09-18,17.45,17.2,17.95,17.2,0,0.014430264829028837,0.014534883720930258,8.0,0.0,0.25,8.0,1.0,0.15,1,0.7667264907887301,0.7386728135707822,0.5648820320065971,0.5964070926725935,0.5769887206249518,0.4546488818150801,16.77,1.0405485986881335,16.925,1.0310192023633677,16.81,1.0380725758477098,16.967,1.0284670242234928,11.929750000000002,1.4627297302961082,57.377049180327866,0.04577798015579049,0.00902873921528909,16.81,17.997921670286814,15.622078329713183,0.14133511841603993,0.7785714285714286,17.2,0.011696039763191236,0.5659943599469998,17.0,0.008862687257845324,0.5657813075649051,16.85,0.09323518276516461,0.5653194469434694,16.0,-0.08961215868968717,0.43346976199100906,17.65,0.02582639955989846,0.2942418896057341,0.565020872758249
2023-09-19,17.4,17.45,17.45,17.35,0,-0.00286944242795282,-0.002865329512893977,8.0,0.0,0.25,8.0,1.0,0.15,1,0.613886345858677,0.7289087770003535,0.565020872758249,0.5965054935316161,0.5769007515888942,0.45467500741618316,17.18,1.0128055878928988,16.939999999999998,1.0271546635183,16.8375,1.0334075723830736,16.953999999999997,1.0263064763477647,11.97375,1.4531788286877543,57.377049180327866,0.08017092569787465,0.023257176511806203,16.8375,18.054430997481678,15.62056900251832,0.14455008136382233,0.7464285714285712,17.45,0.014430264829028837,0.5648820320065971,17.2,0.011696039763191236,0.5659943599469998,17.0,0.008862687257845324,0.5657813075649051,15.35,-0.0414732482065751,0.4521444468063581,17.25,-0.022923639901936965,0.3034668481706938,0.5649535069941483
2023-09-20,17.2,17.4,17.45,17.2,0,-0.011560822401075971,-0.011494252873563204,8.0,0.0,0.25,8.0,1.0,0.15,1,0.17406511481366085,0.7315986463217236,0.5649535069941483,0.5971656997018981,0.5773436306960565,0.45488803959353624,17.25,0.9971014492753623,16.935,1.015648066135223,16.8575,1.0203173661574965,16.952,1.014629542236904,12.01725,1.4312758742640785,54.83870967741934,0.09024892091519732,0.03665552539248443,16.8575,18.084938496690597,15.630061503309406,0.14562521093763553,0.7464285714285712,17.4,-0.00286944242795282,0.565020872758249,17.45,0.014430264829028837,0.5648820320065971,17.2,0.011696039763191236,0.5659943599469998,16.85,0.09323518276516461,0.5653194469434694,17.25,0.0,0.3005132464780608,0.5685021986105658
2023-09-21,16.9,17.2,17.3,16.9,0,-0.0175957618903796,-0.01744186046511631,8.0,0.0,0.25,8.0,1.0,0.15,1,0.22303057826352496,0.7344726272679741,0.5685021986105658,0.5984740854976073,0.5737535476382872,0.45532637201893267,17.229999999999997,0.9808473592571098,16.884999999999998,1.0008883624518805,16.89,1.0005920663114267,16.977,0.9954644519055191,12.06075,1.4012395580706007,47.45762711864406,0.07318468445110327,0.0439613572042082,16.89,18.08366750197169,15.69633249802831,0.1413460629925032,0.7178571428571431,17.2,-0.011560822401075971,0.5649535069941483,17.4,-0.00286944242795282,0.565020872758249,17.45,0.014430264829028837,0.5648820320065971,17.0,0.008862687257845324,0.5657813075649051,17.4,0.008658062743114531,0.3021073693108221,0.5589366574769183
2023-09-22,17.25,16.9,17.3,16.9,0,0.02049852154834097,0.020710059171597628,8.0,0.0,0.25,8.0,1.0,0.15,1,0.26063141454122457,0.7430318991060044,0.5589366574769183,0.5996130534897927,0.5726614943159187,0.45497855653783237,17.24,1.0005800464037125,16.860000000000003,1.0231316725978645,16.925,1.0192023633677991,17.023,1.0133348998413911,12.1045,1.425089842620513,46.55172413793105,0.08690148284019372,0.052549382331405305,16.925,18.117741203676452,15.732258796323551,0.14094430767225413,0.6321428571428573,16.9,-0.0175957618903796,0.5685021986105658,17.2,-0.011560822401075971,0.5649535069941483,17.4,-0.00286944242795282,0.565020872758249,17.2,0.011696039763191236,0.5659943599469998,17.5,0.0057306747089850745,0.30262921701437967,0.666058546769486
2023-09-25,15.55,15.55,16.4,15.55,0,-0.10375150485212557,-0.09855072463768111,8.0,0.0,0.25,8.0,1.0,0.15,1,0.7520819833728591,0.7918019452822196,0.666058546769486,0.6348070621736922,0.5861281727967158,0.46398192542551125,16.860000000000003,0.9223013048635823,16.815,0.9247695509961343,16.9025,0.9199822511462802,17.006,0.9143831588850994,12.139,1.2809951396325894,38.02816901408451,-0.0389546036964461,0.03424858512583503,16.9025,18.182497944077365,15.622502055922634,0.15145664180770482,0.7178571428571431,17.25,0.02049852154834097,0.5589366574769183,16.9,-0.0175957618903796,0.5685021986105658,17.2,-0.011560822401075971,0.5649535069941483,17.45,0.014430264829028837,0.5648820320065971,16.0,-0.08961215868968717,0.43346976199100906,0.6565697546256303
2023-09-26,15.55,15.7,16.0,15.5,0,0.0,0.0,8.0,0.0,0.25,8.0,1.0,0.15,1,0.7571926184019502,0.7619704978762095,0.6565697546256303,0.630781917778209,0.5857448555904889,0.46398192542551125,16.490000000000002,0.9429957550030321,16.835,0.9236709236709236,16.8525,0.9227117638332593,16.983,0.915621503856798,12.173250000000001,1.2773910007598628,38.02816901408451,-0.13711587259328795,-2.4306417989568285e-05,16.8525,18.262044532632387,15.44295546736761,0.1672801700201618,0.7214285714285716,15.55,-0.10375150485212557,0.666058546769486,17.25,0.02049852154834097,0.5589366574769183,16.9,-0.0175957618903796,0.5685021986105658,17.4,-0.00286944242795282,0.565020872758249,15.35,-0.0414732482065751,0.4521444468063581,0.643997329364737
2023-09-28,15.5,15.55,15.75,15.45,0,-0.0032206147000422834,-0.003215434083601365,8.0,0.0,0.25,8.0,1.0,0.15,1,0.7670221922552111,0.5642987057344127,0.643997329364737,0.6226757940755469,0.5858116496193396,0.4640104636581813,16.15,0.9597523219814242,16.7,0.9281437125748503,16.802500000000002,0.9224817735456032,16.961000000000002,0.9138612110135015,12.208,1.269659239842726,36.42857142857144,-0.21644887959117654,-0.04330922105262697,16.802500000000002,18.33064817413281,15.274351825867193,0.1818953339244528,0.7250000000000003,15.55,0.0,0.6565697546256303,15.55,-0.10375150485212557,0.666058546769486,17.25,0.02049852154834097,0.5589366574769183,17.2,-0.011560822401075971,0.5649535069941483,16.85,0.09323518276516461,0.5653194469434694,0.6473965175285733
2023-09-29,15.75,15.5,15.85,15.55,0,0.01600034134644112,0.016129032258064502,8.0,0.0,0.25,8.0,1.0,0.15,1,0.8116846931609044,0.5714869690479495,0.6473965175285733,0.5925957331222705,0.5847550242861101,0.4639742693193925,15.920000000000002,0.9893216080402009,16.575,0.9502262443438915,16.759999999999998,0.9397374701670645,16.942,0.9296423090544209,12.24425,1.286318067664414,37.76223776223777,-0.25619469556284,-0.08588631595466958,16.759999999999998,18.35756393496973,15.162436065030269,0.19064008770521843,0.7392857142857147,15.5,-0.0032206147000422834,0.643997329364737,15.55,0.0,0.6565697546256303,15.55,-0.10375150485212557,0.666058546769486,16.9,-0.0175957618903796,0.5685021986105658,17.0,0.008862687257845324,0.5657813075649051,0.6509726419656154
2023-10-03,16.05,15.75,16.05,15.95,0,0.018868484304382954,0.019047619047619202,8.0,0.0,0.25,8.0,1.0,0.15,1,0.8073791221033241,0.5793609513549314,0.6509726419656154,0.5813994410268005,0.584903125241158,0.4641624455117156,15.680000000000001,1.0235969387755102,16.46,0.9750911300121506,16.702499999999997,0.9609339919173778,16.896,0.9499289772727273,12.281999999999998,1.3067904250122133,50.42016806722689,-0.26048335826926916,-0.1208057244175895,16.702499999999997,18.316085416002824,15.088914583997168,0.19321483801859943,0.653571428571429,15.75,0.01600034134644112,0.6473965175285733,15.5,-0.0032206147000422834,0.643997329364737,15.55,0.0,0.6565697546256303,17.25,0.02049852154834097,0.5589366574769183,17.2,0.011696039763191236,0.5659943599469998,0.6372303912366177
2023-10-04,16.1,16.05,16.2,16.05,0,0.003110422414392552,0.0031152647975078995,8.0,0.0,0.25,8.0,1.0,0.15,1,0.15683764548000656,0.5703981111411129,0.6372303912366177,0.5746103536972695,0.5848670693202754,0.46076008871179175,15.790000000000001,1.019632678910703,16.325,0.986217457886677,16.625,0.9684210526315791,16.859,0.9549795361527967,12.32,1.3068181818181819,57.00934579439254,-0.2568863463353388,-0.14802184880113936,16.625,18.195283246323537,15.05471675367646,0.18890625519681664,0.5535714285714288,16.05,0.018868484304382954,0.6509726419656154,15.75,0.01600034134644112,0.6473965175285733,15.5,-0.0032206147000422834,0.643997329364737,15.55,-0.10375150485212557,0.666058546769486,17.45,0.014430264829028837,0.5648820320065971,0.6290208919840076
2023-10-05,16.15,16.1,16.3,16.0,0,0.003100777678247964,0.0031055900621115295,8.0,0.0,0.25,8.0,1.0,0.15,1,0.1495547005565882,0.5726996867662825,0.6290208919840076,0.572173824559842,0.5848715470312009,0.46075432633696317,15.910000000000002,1.0150848522941545,16.2,0.9969135802469136,16.57,0.9746529873264935,16.822,0.9600523124479847,12.357999999999999,1.3068457679236123,41.02564102564099,-0.24715209087331047,-0.16784789721557358,16.57,18.125093498627614,15.014906501372389,0.18769987913429237,0.467857142857143,16.1,0.003110422414392552,0.6372303912366177,16.05,0.018868484304382954,0.6509726419656154,15.75,0.01600034134644112,0.6473965175285733,15.55,0.0,0.6565697546256303,17.4,-0.00286944242795282,0.565020872758249,0.6254164793297551
2023-10-06,16.05,15.85,16.2,15.9,0,-0.006211200092640524,-0.006191950464396134,8.0,0.0,0.25,8.0,1.0,0.15,1,0.16396379869564323,0.5722552782847613,0.6254164793297551,0.5702123827931688,0.5841224968636242,0.45821289919508956,16.020000000000003,1.0018726591760299,16.085,0.9978240596829344,16.509999999999998,0.9721380981223503,16.8,0.9553571428571429,12.39575,1.2947986204949278,37.66233766233766,-0.2446861973817107,-0.18321555724880104,16.509999999999998,18.04711965770575,14.972880342294246,0.1862046829443673,0.4535714285714287,16.15,0.003100777678247964,0.6290208919840076,16.1,0.003110422414392552,0.6372303912366177,16.05,0.018868484304382954,0.6509726419656154,15.5,-0.0032206147000422834,0.643997329364737,17.2,-0.011560822401075971,0.5649535069941483,0.6253588963182677
2023-10-09,15.95,16.05,16.05,15.95,0,-0.006250020345171406,-0.006230529595015688,8.0,0.0,0.25,8.0,1.0,0.15,1,0.16287931329504798,0.569154689471577,0.6253588963182677,0.5698636448725188,0.5843235143121658,0.45711688742027207,16.060000000000002,0.9931506849315067,15.989999999999998,0.9974984365228268,16.4375,0.9703422053231938,16.772000000000002,0.9509897448127831,12.433,1.28287621652055,33.33333333333333,-0.24794299082981297,-0.19616104396500342,16.4375,17.934118996622995,14.940881003377006,0.18209812886667615,0.4214285714285716,16.05,-0.006211200092640524,0.6254164793297551,16.15,0.003100777678247964,0.6290208919840076,16.1,0.003110422414392552,0.6372303912366177,15.75,0.01600034134644112,0.6473965175285733,16.9,-0.0175957618903796,0.5685021986105658,0.624390384557614
2023-10-10,15.75,15.95,15.95,15.7,0,-0.012618463959211462,-0.01253918495297801,8.0,0.0,0.25,8.0,1.0,0.15,1,0.10794461179235146,0.5502996917745544,0.624390384557614,0.5634221461867492,0.584793539291073,0.4571259565477703,16.0,0.984375,15.839999999999998,0.994318181818182,16.35,0.9633027522935779,16.737000000000002,0.9410288582183186,12.469499999999998,1.2630819198845185,27.02702702702703,-0.26362346443353957,-0.20965352805871065,16.35,17.788566537985197,14.911433462014804,0.17597144195537573,0.38571428571428584,15.95,-0.006250020345171406,0.6253588963182677,16.05,-0.006211200092640524,0.6254164793297551,16.15,0.003100777678247964,0.6290208919840076,16.05,0.018868484304382954,0.6509726419656154,17.25,0.02049852154834097,0.5589366574769183,0.6232688272267353
2023-10-11,15.7,15.75,15.75,15.65,0,-0.0031796529173797957,-0.0031746031746032743,8.0,0.0,0.25,8.0,1.0,0.15,1,0.09049923969246258,0.15692262853992067,0.6232688272267353,0.5574550389640873,0.5848595081462358,0.45715561352904094,15.919999999999998,0.9861809045226131,15.855,0.9902239041311889,16.335,0.9611264156718701,16.711000000000002,0.9395009275327627,12.50575,1.255422505647402,27.02702702702703,-0.27689308375915545,-0.22310143919879963,16.335,17.795028838936584,14.874971161063417,0.17876080060441796,0.385714285714286,15.75,-0.012618463959211462,0.624390384557614,15.95,-0.006250020345171406,0.6253588963182677,16.05,-0.006211200092640524,0.6254164793297551,16.1,0.003110422414392552,0.6372303912366177,15.55,-0.10375150485212557,0.666058546769486,0.5425208960742937
2023-10-12,15.75,15.7,15.85,15.75,0,0.0031796529173798056,0.0031847133757962887,8.0,0.0,0.25,8.0,1.0,0.15,1,0.09094640673749062,0.15718953129781438,0.5425208960742937,0.520158925048206,0.5848283918325489,0.45314616525008256,15.84,0.9943181818181819,15.875,0.9921259842519685,16.355,0.9630082543564659,16.694000000000003,0.9434527375104826,12.542250000000001,1.2557555462536625,29.577464788732414,-0.28014542843011725,-0.23451023704506319,16.355,17.768431807228207,14.941568192771792,0.17284399966104652,0.3785714285714289,15.7,-0.0031796529173797957,0.6232688272267353,15.75,-0.012618463959211462,0.624390384557614,15.95,-0.006250020345171406,0.6253588963182677,16.15,0.003100777678247964,0.6290208919840076,15.55,0.0,0.6565697546256303,0.5222007285989949
2023-10-13,15.85,15.75,15.85,15.8,0,0.00632913505164753,0.006349206349206327,8.0,0.0,0.25,8.0,1.0,0.15,1,0.11961830552216994,0.15684689930576773,0.5222007285989949,0.5118587721947582,0.5847999859008935,0.45286901890326703,15.8,1.0031645569620253,15.91,0.9962287869264613,16.305,0.9720944495553511,16.68,0.9502398081534772,12.57875,1.2600616118453742,34.32835820895524,-0.2715238132471942,-0.2419129522854894,16.305,17.715449722979457,14.894550277020544,0.1730082456889858,0.35714285714285726,15.75,0.0031796529173798056,0.5425208960742937,15.7,-0.0031796529173797957,0.6232688272267353,15.75,-0.012618463959211462,0.624390384557614,16.05,-0.006211200092640524,0.6254164793297551,15.5,-0.0032206147000422834,0.643997329364737,0.4088160213110828
2023-10-16,16.15,15.85,16.2,15.8,0,0.01875054934537581,0.018927444794952564,8.0,0.0,0.25,8.0,1.0,0.15,1,0.18445035098672644,0.1640484460279285,0.4088160213110828,0.478334580706148,0.5849677861893198,0.45302787120843013,15.839999999999998,1.0195707070707072,15.95,1.0125391849529781,16.2625,0.9930822444273635,16.654,0.9697370001200912,12.61675,1.2800443854399903,33.3333333333333,-0.23774307413525264,-0.24107897665544206,16.2625,17.63550093916485,14.889499060835147,0.16885484263364808,0.35714285714285704,15.85,0.00632913505164753,0.5222007285989949,15.75,0.0031796529173798056,0.5425208960742937,15.7,-0.0031796529173797957,0.6232688272267353,15.95,-0.006250020345171406,0.6253588963182677,15.75,0.01600034134644112,0.6473965175285733,0.4434731741719387
2023-10-17,16.95,16.15,16.95,16.75,0,0.04834778415779384,0.049535603715170407,8.0,0.0,0.25,8.0,1.0,0.15,1,0.3244629649739958,0.27535437789962436,0.4434731741719387,0.4867958316127524,0.5868981321602784,0.4552816450171331,16.08,1.0541044776119404,16.04,1.0567331670822944,16.25,1.043076923076923,16.651,1.0179568794666987,12.658999999999999,1.3389683229323013,79.16666666666666,-0.1447496964932995,-0.22181312062301356,16.25,17.591248436502816,14.908751563497184,0.16507673064650047,0.2928571428571428,16.15,0.01875054934537581,0.4088160213110828,15.85,0.00632913505164753,0.5222007285989949,15.75,0.0031796529173798056,0.5425208960742937,15.75,-0.012618463959211462,0.624390384557614,16.05,0.018868484304382954,0.6509726419656154,0.44306149164765685
2023-10-18,16.75,16.95,16.9,16.75,0,-0.011869575555383769,-0.01179941002949847,8.0,0.0,0.25,8.0,1.0,0.15,1,0.358668717372107,0.2888641456201138,0.44306149164765685,0.48724247143442184,0.5871937736158555,0.4549522906785451,16.29,1.0282381829343157,16.104999999999997,1.0400496740142815,16.215,1.0329941412272587,16.64,1.0066105769230769,12.7,1.3188976377952757,73.07692307692308,-0.08619648385082002,-0.19468979326857486,16.215,17.45728143264517,14.972718567354828,0.15322620199138717,0.27142857142857135,16.95,0.04834778415779384,0.4434731741719387,16.15,0.01875054934537581,0.4088160213110828,15.85,0.00632913505164753,0.5222007285989949,15.7,-0.0031796529173797957,0.6232688272267353,16.1,0.003110422414392552,0.6372303912366177,0.44600306623125274
2023-10-19,16.35,16.75,16.8,16.3,0,-0.024170360927812953,-0.023880597014925287,8.0,0.0,0.25,8.0,1.0,0.15,1,0.4472187915428755,0.3217034252900753,0.44600306623125274,0.4894991343275442,0.5885889338056248,0.45566805492706075,16.41,0.9963436928702012,16.124999999999996,1.0139534883720933,16.162499999999998,1.0116009280742462,16.617,0.9839321177107782,12.738499999999998,1.2835106174196336,64.406779661017,-0.07124799549730199,-0.17000143371432028,16.162499999999998,17.275993790307265,15.049006209692731,0.13778732130639035,0.2857142857142856,16.75,-0.011869575555383769,0.44306149164765685,16.95,0.04834778415779384,0.4434731741719387,16.15,0.01875054934537581,0.4088160213110828,15.75,0.0031796529173798056,0.5425208960742937,16.15,0.003100777678247964,0.6290208919840076,0.44714186815622775
2023-10-20,16.45,16.35,16.5,16.05,0,0.0060975798681183165,0.006116207951070152,8.0,0.0,0.25,8.0,1.0,0.15,1,0.44725927008323624,0.31965817435012,0.44714186815622775,0.4504837879843435,0.5885903588886658,0.45476221598511085,16.53,0.9951603145795522,16.165,1.0176306835756264,16.125,1.0201550387596898,16.597,0.9911429776465626,12.777250000000002,1.2874444814024923,62.500000000000014,-0.050747065926909585,-0.14615056015683817,16.125,17.137292863802507,15.112707136197493,0.12555570403752028,0.2928571428571427,16.35,-0.024170360927812953,0.44600306623125274,16.75,-0.011869575555383769,0.44306149164765685,16.95,0.04834778415779384,0.4434731741719387,15.85,0.00632913505164753,0.5222007285989949,16.05,-0.006211200092640524,0.6254164793297551,0.4468954603359441
2023-10-23,16.55,16.45,16.65,16.3,0,0.006060624611691175,0.006079027355623268,8.0,0.0,0.25,8.0,1.0,0.15,1,0.43595655443304776,0.3162193191335458,0.4468954603359441,0.4488385260222823,0.588591712027164,0.454764325177574,16.61,0.996387718242023,16.224999999999998,1.0200308166409864,16.107499999999998,1.0274716746857055,16.578,0.9983110145976596,12.816499999999998,1.2913041782077792,59.615384615384635,-0.026129561950938296,-0.12214636051565819,16.107499999999998,17.07446758776584,15.140532412234155,0.12006426667898104,0.2964285714285711,16.45,0.0060975798681183165,0.44714186815622775,16.35,-0.024170360927812953,0.44600306623125274,16.75,-0.011869575555383769,0.44306149164765685,16.15,0.01875054934537581,0.4088160213110828,15.95,-0.006250020345171406,0.6253588963182677,0.4432178981310759
2023-10-24,16.55,16.55,16.6,16.45,0,0.0,0.0,8.0,0.0,0.25,8.0,1.0,0.15,1,0.2077283226748882,0.3041070563795902,0.4432178981310759,0.44877046250777447,0.588441902552422,0.45450012245119104,16.53,1.001209921355112,16.305,1.0150260656240417,16.072499999999998,1.029709130502411,16.562,0.9992754498249004,12.85675,1.287261555214187,58.82352941176471,-0.006544570950381967,-0.09902600260260296,16.072499999999998,16.90693961655978,15.238060383440216,0.10383445220840339,0.2964285714285713,16.55,0.006060624611691175,0.4468954603359441,16.45,0.0060975798681183165,0.44714186815622775,16.35,-0.024170360927812953,0.44600306623125274,16.95,0.04834778415779384,0.4434731741719387,15.75,-0.012618463959211462,0.624390384557614,0.4417539686018397
2023-10-25,16.85,16.55,17.1,16.55,0,0.017964554975298894,0.01812688821752273,8.0,0.0,0.25,8.0,1.0,0.15,1,0.2476826447695563,0.30678317404904937,0.4417539686018397,0.440034822621447,0.5884911236289677,0.45449090019860905,16.55,1.0181268882175227,16.419999999999998,1.026187576126675,16.1375,1.0441518202943456,16.555999999999997,1.0177579125392608,12.897,1.3065053888501204,62.50000000000006,0.03280600115490273,-0.07265960185110183,16.1375,17.00253726722288,15.27246273277712,0.10720833675883877,0.31428571428571417,16.55,0.0,0.4432178981310759,16.55,0.006060624611691175,0.4468954603359441,16.45,0.0060975798681183165,0.44714186815622775,16.75,-0.011869575555383769,0.44306149164765685,15.7,-0.0031796529173797957,0.6232688272267353,0.23627921389928888
2023-10-26,16.95,16.85,17.0,16.85,0,0.0059171770280885185,0.005934718100890191,8.0,0.0,0.25,8.0,1.0,0.15,1,0.10405811530098083,0.306118480879866,0.23627921389928888,0.4395583716990592,0.5742343316587827,0.4544926902561411,16.669999999999998,1.0167966406718656,16.54,1.0247883917775091,16.2075,1.045812124016659,16.555999999999997,1.0237980188451319,12.938000000000002,1.310094295872623,66.07142857142856,0.07123957187950225,-0.04387976710498102,16.2075,17.09855200982363,15.316447990176366,0.10995551563456829,0.30357142857142844,16.85,0.017964554975298894,0.4417539686018397,16.55,0.0,0.4432178981310759,16.55,0.006060624611691175,0.4468954603359441,16.35,-0.024170360927812953,0.44600306623125274,15.75,0.0031796529173798056,0.5425208960742937,0.23627921389928888
2023-10-27,16.95,16.95,16.95,16.75,0,0.0,0.0,8.0,0.0,0.25,8.0,1.0,0.15,1,0.1164264064126862,0.308345975658263,0.23627921389928888,0.43918068695514584,0.5669534984472038,0.4540094555875767,16.770000000000003,1.0107334525939176,16.65,1.018018018018018,16.279999999999998,1.0411547911547914,16.558000000000003,1.0236743568063773,12.97875,1.3059809303669458,68.51851851851855,0.10053949684174057,-0.014995914315636703,16.279999999999998,17.164605175086415,15.395394824913579,0.10867385443322089,0.31071428571428544,16.95,0.0059171770280885185,0.23627921389928888,16.85,0.017964554975298894,0.4417539686018397,16.55,0.0,0.4432178981310759,16.45,0.0060975798681183165,0.44714186815622775,15.85,0.00632913505164753,0.5222007285989949,0.23611474272357375
2023-10-30,17.15,16.95,17.15,16.95,0,0.0117303397854896,0.01179941002949847,8.0,0.0,0.25,8.0,1.0,0.15,1,0.12339690048329323,0.30263111762619416,0.23611474272357375,0.43598674931498754,0.5656944812586945,0.4538357877123716,16.889999999999997,1.015393724097099,16.75,1.0238805970149254,16.35,1.0489296636085625,16.567,1.0351904388241684,13.0195,1.3172548869004184,75.92592592592594,0.13830394520996947,0.015664057589484533,16.35,17.278496237557313,15.42150376244269,0.1135775214137384,0.30714285714285683,16.95,0.0,0.23627921389928888,16.95,0.0059171770280885185,0.23627921389928888,16.85,0.017964554975298894,0.4417539686018397,16.55,0.006060624611691175,0.4468954603359441,16.15,0.01875054934537581,0.4088160213110828,0.23305172270356528
2023-10-31,17.15,17.15,17.15,17.05,0,0.0,0.0,8.0,0.0,0.25,8.0,1.0,0.15,1,0.12339690048329323,0.1893577226487743,0.23305172270356528,0.43326263762774214,0.5630715045712609,0.4537513027122141,17.009999999999998,1.008230452674897,16.77,1.022659511031604,16.405,1.0454129838463881,16.57,1.0350030175015086,13.060250000000002,1.3131448479163872,77.35849056603777,0.16631536264707591,0.04579431860100281,16.405,17.38742449823741,15.422575501762593,0.11977134998322578,0.30714285714285666,17.15,0.0117303397854896,0.23611474272357375,16.95,0.0,0.23627921389928888,16.95,0.0059171770280885185,0.23627921389928888,16.55,0.0,0.4432178981310759,16.95,0.04834778415779384,0.4434731741719387,0.26480496718859486
2023-11-01,17.9,17.15,17.9,17.2,0,0.042802539234760316,0.0437317784256559,8.0,0.0,0.25,8.0,1.0,0.15,1,0.2832865157486095,0.2669239666848964,0.26480496718859486,0.4413590369573951,0.5655101795932457,0.4554802163596683,17.22,1.0394889663182345,16.884999999999998,1.0601125259105715,16.494999999999997,1.0851773264625646,16.587,1.079158377042262,13.10475,1.3659169385146608,82.08955223880601,0.24619535793087977,0.08587452646697821,16.494999999999997,17.670584960774917,15.319415039225078,0.1425383401970197,0.34999999999999953,17.15,0.0,0.23305172270356528,17.15,0.0117303397854896,0.23611474272357375,16.95,0.0,0.23627921389928888,16.85,0.017964554975298894,0.4417539686018397,16.75,-0.011869575555383769,0.44306149164765685,0.28919815203228255
2023-11-02,17.4,17.9,17.9,17.3,0,-0.028330506626225996,-0.027932960893854775,8.0,0.0,0.25,8.0,1.0,0.15,1,0.4074342494605979,0.28082454648720695,0.28919815203228255,0.43250317898105983,0.5666903502539292,0.4546839573562351,17.31,1.0051993067590987,16.990000000000002,1.0241318422601529,16.5575,1.0508832855201569,16.598,1.0483190745872997,13.145999999999999,1.3235965312642628,70.66666666666669,0.2660877148292329,0.12191716413942914,16.5575,17.787508557950613,15.32749144204939,0.1485741878847183,0.3857142857142851,17.9,0.042802539234760316,0.26480496718859486,17.15,0.0,0.23305172270356528,17.15,0.0117303397854896,0.23611474272357375,16.95,0.0059171770280885185,0.23627921389928888,16.35,-0.024170360927812953,0.44600306623125274,0.293999411810458
2023-11-03,17.2,17.4,17.4,17.2,0,-0.011560822401075971,-0.011494252873563204,8.0,0.0,0.25,8.0,1.0,0.15,1,0.4247026818221406,0.29469562343528766,0.293999411810458,0.4311983573092835,0.5670658153465132,0.4549134565683589,17.36,0.9907834101382489,17.064999999999998,1.0079109288016408,16.615000000000002,1.0352091483599155,16.605999999999998,1.035770203540889,13.185500000000001,1.304463236130598,64.38356164383565,0.2626861401504037,0.15007095934162407,16.615000000000002,17.852612302187755,15.377387697812248,0.14897529969157428,0.3714285714285709,17.4,-0.028330506626225996,0.28919815203228255,17.9,0.042802539234760316,0.26480496718859486,17.15,0.0,0.23305172270356528,16.95,0.0,0.23627921389928888,16.45,0.0060975798681183165,0.44714186815622775,0.2923301627067613
2023-11-06,17.2,17.2,17.25,17.2,0,0.0,0.0,8.0,0.0,0.25,8.0,1.0,0.15,1,0.41748994124909056,0.2953427598845531,0.2923301627067613,0.4305606581270145,0.5666905669003478,0.4549134565683589,17.369999999999997,0.9902130109383996,17.130000000000003,1.0040863981319321,16.677500000000002,1.031329635736771,16.625,1.0345864661654134,13.225,1.3005671077504726,54.385964912280706,0.2570275145171266,0.17146227037672457,16.677500000000002,17.899868279417653,15.455131720582353,0.14658891073813823,0.3178571428571423,17.2,-0.011560822401075971,0.293999411810458,17.4,-0.028330506626225996,0.28919815203228255,17.9,0.042802539234760316,0.26480496718859486,17.15,0.0117303397854896,0.23611474272357375,16.55,0.006060624611691175,0.4468954603359441,0.2905551410230102
2023-11-07,17.2,17.2,17.4,17.1,0,0.0,0.0,8.0,0.0,0.25,8.0,1.0,0.15,1,0.41748994124909056,0.2953427598845531,0.2905551410230102,0.4299166796986272,0.5628447797403396,0.45481981103298347,17.38,0.9896432681242808,17.195,1.0002907822041291,16.749999999999996,1.0268656716417912,16.637999999999998,1.0337780983291263,13.26625,1.296523132007915,58.49056603773585,0.24966502988117512,0.1871028222776147,16.749999999999996,17.911215334307858,15.588784665692135,0.1386525772307895,0.3249999999999993,17.2,0.0,0.2923301627067613,17.2,-0.011560822401075971,0.293999411810458,17.4,-0.028330506626225996,0.28919815203228255,17.15,0.0,0.23305172270356528,16.55,0.0,0.4432178981310759,0.2848949455690641
2023-11-08,17.35,17.2,17.35,17.2,0,0.008683122573460857,0.008720930232558155,8.0,0.0,0.25,8.0,1.0,0.15,1,0.2268550499718504,0.28646679647635287,0.2848949455690641,0.4302542115904976,0.5619471089377952,0.4547519315218125,17.270000000000003,1.0046323103647943,17.244999999999997,1.0060887213685128,16.8325,1.0307440962423884,16.665,1.0411041104110412,13.308250000000001,1.303702590498375,70.83333333333334,0.25301732790279274,0.20028572340265033,16.8325,17.91113217475708,15.753867825242923,0.1281606623801667,0.29999999999999943,17.2,0.0,0.2905551410230102,17.2,0.0,0.2923301627067613,17.2,-0.011560822401075971,0.293999411810458,17.9,0.042802539234760316,0.26480496718859486,16.85,0.017964554975298894,0.4417539686018397,0.28479561488935745
2023-11-09,17.3,17.35,17.35,17.2,0,-0.0028860048891349867,-0.0028818443804035088,8.0,0.0,0.25,8.0,1.0,0.15,1,0.11522263004909311,0.2872988777870478,0.28479561488935745,0.4302474547256325,0.5615358925164543,0.45478098017340807,17.25,1.0028985507246377,17.279999999999998,1.0011574074074077,16.91,1.023063276167948,16.68,1.0371702637889688,13.349749999999998,1.2959044176857246,68.08510638297875,0.2487717798809541,0.20998293469831109,16.91,17.8782322470413,15.9417677529587,0.11451593696526313,0.2785714285714282,17.35,0.008683122573460857,0.2848949455690641,17.2,0.0,0.2905551410230102,17.2,0.0,0.2923301627067613,17.4,-0.028330506626225996,0.28919815203228255,16.95,0.0059171770280885185,0.23627921389928888,0.2848161592426538
2023-11-10,17.35,17.3,17.4,17.3,0,0.002886004889135073,0.0028901734104047616,8.0,0.0,0.25,8.0,1.0,0.15,1,0.06963796794904156,0.2870892099277111,0.2848161592426538,0.4299465691361556,0.5509678821627,0.4547696906476645,17.28,1.004050925925926,17.32,1.0017321016166283,16.985,1.0214895496025906,16.697,1.0391088219440618,13.39125,1.2956221413236257,67.3913043478261,0.24659909376833156,0.21730616651231519,16.985,17.83234880657266,16.137651193427338,0.09977613265500869,0.26071428571428534,17.3,-0.0028860048891349867,0.28479561488935745,17.35,0.008683122573460857,0.2848949455690641,17.2,0.0,0.2905551410230102,17.2,-0.011560822401075971,0.293999411810458,16.95,0.0,0.23627921389928888,0.2859010497289421
2023-11-13,17.3,17.35,17.35,17.25,0,-0.0028860048891349867,-0.0028818443804035088,8.0,0.0,0.25,8.0,1.0,0.15,1,0.07681620703083752,0.28303988726927076,0.2859010497289421,0.42934441438760507,0.5477391190065052,0.4547985786592104,17.300000000000004,0.9999999999999998,17.335,0.9979809633689068,17.042499999999997,1.0151092856095059,16.711000000000002,1.0352462449883308,13.4325,1.287921086916062,65.95744680851062,0.23809799674256382,0.22146453255836493,17.042499999999997,17.802884251892696,16.282115748107298,0.0892338860956666,0.25714285714285673,17.35,0.002886004889135073,0.2848161592426538,17.3,-0.0028860048891349867,0.28479561488935745,17.35,0.008683122573460857,0.2848949455690641,17.2,0.0,0.2923301627067613,17.15,0.0117303397854896,0.23611474272357375,0.28275421872605877
2023-11-14,17.2,17.3,17.35,17.2,0,-0.005797117684325958,-0.005780346820809301,8.0,0.0,0.25,8.0,1.0,0.15,1,0.09187701897164706,0.285028365895965,0.28275421872605877,0.42884146441182264,0.5457776868250156,0.45461415887220785,17.3,0.9942196531791907,17.339999999999996,0.9919261822376011,17.055,1.008501905599531,16.711,1.0292621626473581,13.47375,1.2765562668151034,58.13953488372088,0.22074701762844384,0.22132102957238073,17.055,17.817199034649843,16.292800965350157,0.08938129987098714,0.22857142857142826,17.3,-0.0028860048891349867,0.2859010497289421,17.35,0.002886004889135073,0.2848161592426538,17.3,-0.0028860048891349867,0.28479561488935745,17.2,0.0,0.2905551410230102,17.15,0.0,0.23305172270356528,0.2297812531367978
2023-11-15,17.25,17.2,17.3,17.2,0,0.00290275965796141,0.0029069767441860517,8.0,0.0,0.25,8.0,1.0,0.15,1,0.06165419581037346,0.162395781949765,0.2297812531367978,0.42869016402025506,0.545721686114741,0.4546042695075444,17.28,0.9982638888888888,17.275,0.9985528219971057,17.08,1.009953161592506,16.703,1.0327486080344848,13.51475,1.2763832109361994,57.142857142857146,0.20862591413301246,0.21878200648450707,17.08,17.832819262575924,16.327180737424072,0.08815213847493279,0.2249999999999999,17.2,-0.005797117684325958,0.28275421872605877,17.3,-0.0028860048891349867,0.2859010497289421,17.35,0.002886004889135073,0.2848161592426538,17.35,0.008683122573460857,0.2848949455690641,17.9,0.042802539234760316,0.26480496718859486,0.2251440117065906
2023-11-16,17.25,17.25,17.35,17.25,0,0.0,0.0,8.0,0.0,0.25,8.0,1.0,0.15,1,0.05993292877866184,0.08671813670385757,0.2251440117065906,0.42827332012828134,0.5455469633713842,0.45435081851395925,17.27,0.9988419224088014,17.259999999999998,0.999420625724218,17.125,1.0072992700729928,16.703,1.0327486080344848,13.556,1.2724992623192684,57.142857142857146,0.19675181978037415,0.2143759691436805,17.125,17.797387732753943,16.452612267246057,0.07852703448221236,0.21785714285714292,17.25,0.00290275965796141,0.2297812531367978,17.2,-0.005797117684325958,0.28275421872605877,17.3,-0.0028860048891349867,0.2859010497289421,17.3,-0.0028860048891349867,0.28479561488935745,17.4,-0.028330506626225996,0.28919815203228255,0.20503557365734495
2023-11-17,17.3,17.25,17.3,17.25,0,0.0028943580263645565,0.0028985507246377384,8.0,0.0,0.25,8.0,1.0,0.15,1,0.05996337411151209,0.06425046299688775,0.20503557365734495,0.4268625235862977,0.5453946336920098,0.45433961302607173,17.26,1.0023174971031286,17.270000000000003,1.0017371163867979,17.167499999999997,1.0077180719382557,16.704,1.0356800766283525,13.5955,1.2724798646611013,53.84615384615389,0.18919517241257822,0.20933980979746009,17.167499999999997,17.76334084770143,16.571659152298565,0.06941498152921878,0.2071428571428573,17.25,0.0,0.2251440117065906,17.25,0.00290275965796141,0.2297812531367978,17.2,-0.005797117684325958,0.28275421872605877,17.35,0.002886004889135073,0.2848161592426538,17.2,-0.011560822401075971,0.293999411810458,0.2066780589200956
2023-11-20,17.2,17.3,17.25,17.2,0,-0.005797117684325958,-0.005780346820809301,8.0,0.0,0.25,8.0,1.0,0.15,1,0.06978248143924207,0.0718554413906763,0.2066780589200956,0.426998763690001,0.5455794436191285,0.4544154807439794,17.24,0.9976798143851509,17.27,0.9959467284308049,17.2,1.0,16.7,1.029940119760479,13.636499999999998,1.2613207201261323,51.219512195121965,0.17314144387755093,0.20210013661347828,17.2,17.72012144330873,16.679878556691268,0.06047923759403855,0.20714285714285754,17.3,0.0028943580263645565,0.20503557365734495,17.25,0.0,0.2251440117065906,17.25,0.00290275965796141,0.2297812531367978,17.3,-0.0028860048891349867,0.2859010497289421,17.2,0.0,0.2923301627067613,0.20620897104854044
2023-11-21,17.25,17.2,17.25,17.2,0,0.00290275965796141,0.0029069767441860517,8.0,0.0,0.25,8.0,1.0,0.15,1,0.06000412070175462,0.07331807417664832,0.20620897104854044,0.42633992263750087,0.5455814474708137,0.4543188685485532,17.25,1.0,17.275,0.9985528219971057,17.235,1.000870322019147,16.695,1.0332434860736748,13.6775,1.261195393895083,25.925925925926123,0.1625792184569157,0.19419595298216577,17.235,17.655651124355007,16.814348875644992,0.04881359145401886,0.1571428571428576,17.2,-0.005797117684325958,0.2066780589200956,17.3,0.0028943580263645565,0.20503557365734495,17.25,0.0,0.2251440117065906,17.2,-0.005797117684325958,0.28275421872605877,17.2,0.0,0.2905551410230102,0.20620897104854044
2023-11-22,17.25,17.25,17.3,17.2,0,0.0,0.0,8.0,0.0,0.25,8.0,1.0,0.15,1,0.05635444449325683,0.056519662759107504,0.20620897104854044,0.4262866031356926,0.5454607463708868,0.4542363883549239,17.25,1.0,17.265,0.999131190269331,17.255,0.999710228919154,16.72,1.0316985645933014,13.718249999999998,1.2574490186430487,41.17647058823547,0.1524512159939455,0.18584700558452172,17.255,17.63461199027161,16.87538800972839,0.04400023068926216,0.12142857142857214,17.25,0.00290275965796141,0.20620897104854044,17.2,-0.005797117684325958,0.2066780589200956,17.3,0.0028943580263645565,0.20503557365734495,17.25,0.00290275965796141,0.2297812531367978,17.35,0.008683122573460857,0.2848949455690641,0.19787674728493965
2023-11-23,17.25,17.25,17.35,17.25,0,0.0,0.0,8.0,0.0,0.25,8.0,1.0,0.15,1,0.05635444449325683,0.05505777332929855,0.19787674728493965,0.42075164975391166,0.5438449731344492,0.4534119828642342,17.25,1.0,17.259999999999998,0.999420625724218,17.27,0.9988419224088014,16.758,1.029359112065879,13.758999999999999,1.2537248346536813,53.84615384615384,0.14277883553442194,0.17723337157450178,17.27,17.621537974290824,16.918462025709175,0.0407108250481557,0.11428571428571514,17.25,0.0,0.20620897104854044,17.25,0.00290275965796141,0.20620897104854044,17.2,-0.005797117684325958,0.2066780589200956,17.25,0.0,0.2251440117065906,17.3,-0.0028860048891349867,0.28479561488935745,0.1978354943494535
2023-11-24,17.35,17.25,17.4,17.25,0,0.005780362915499549,0.005797101449275477,8.0,0.0,0.25,8.0,1.0,0.15,1,0.06817698140227804,0.061295634929996366,0.1978354943494535,0.4193970937929542,0.5379375149054351,0.45333327918538174,17.259999999999998,1.0052143684820396,17.26,1.0052143684820394,17.29,1.00347021399653,16.768,1.0347089694656488,13.800500000000001,1.2572008260570269,60.0,0.14155085841617066,0.17009686894283557,17.29,17.60887961760888,16.971120382391117,0.0368860170744803,0.12142857142857214,17.25,0.0,0.19787674728493965,17.25,0.0,0.20620897104854044,17.25,0.00290275965796141,0.20620897104854044,17.3,0.0028943580263645565,0.20503557365734495,17.35,0.002886004889135073,0.2848161592426538,0.24381466389249967
2023-11-27,18.1,17.35,18.35,17.5,0,0.042319431878911955,0.043227665706051965,8.0,0.0,0.25,8.0,1.0,0.15,1,0.287556622465373,0.21897080799349705,0.24381466389249967,0.4215365078595471,0.5401639799707957,0.45420496291500756,17.439999999999998,1.037844036697248,17.34,1.0438292964244522,17.3375,1.0439798125450614,16.79,1.078022632519357,13.845,1.307331166486096,79.99999999999986,0.1988047127147894,0.17583843769722635,17.3375,17.813088278373616,16.86191172162638,0.054862382508852794,0.17142857142857235,17.35,0.005780362915499549,0.1978354943494535,17.25,0.0,0.19787674728493965,17.25,0.0,0.20620897104854044,17.2,-0.005797117684325958,0.2066780589200956,17.3,-0.0028860048891349867,0.2859010497289421,0.24347493827039118
2023-11-28,18.0,18.1,18.1,17.9,0,-0.005540180375615468,-0.005524861878453136,8.0,0.0,0.25,8.0,1.0,0.15,1,0.3066674260813021,0.21863536497151284,0.24347493827039118,0.41677471959905654,0.5384211232610988,0.45403272048063587,17.589999999999996,1.0233086981239343,17.42,1.0332950631458093,17.380000000000003,1.0356731875719216,16.806,1.0710460549803642,13.889000000000001,1.2959896320829432,72.41379310344807,0.23341893231952326,0.18735453662168572,17.380000000000003,17.930979988174236,16.82902001182577,0.06340391118230539,0.17500000000000096,18.1,0.042319431878911955,0.24381466389249967,17.35,0.005780362915499549,0.1978354943494535,17.25,0.0,0.19787674728493965,17.25,0.00290275965796141,0.20620897104854044,17.2,-0.005797117684325958,0.28275421872605877,0.24489972188997833
2023-11-29,17.9,18.0,18.0,17.9,0,-0.005571045049455472,-0.005555555555555647,8.0,0.0,0.25,8.0,1.0,0.15,1,0.3187226231692195,0.224478957981616,0.24489972188997833,0.4169139841418018,0.5274256102761745,0.4538670913147246,17.72,1.010158013544018,17.485000000000003,1.0237346296825849,17.380000000000003,1.0299194476409663,16.815,1.0645257210823669,13.93275,1.284742782293517,69.99999999999979,0.24990108235378017,0.19986384576810462,17.380000000000003,17.930979988174236,16.82902001182577,0.06340391118230539,0.17142857142857235,18.0,-0.005540180375615468,0.24347493827039118,18.1,0.042319431878911955,0.24381466389249967,17.35,0.005780362915499549,0.1978354943494535,17.25,0.0,0.20620897104854044,17.25,0.00290275965796141,0.2297812531367978,0.1958663419727522
2023-11-30,18.0,17.9,18.0,17.7,0,0.0055710450494554295,0.005586592178770999,8.0,0.0,0.25,8.0,1.0,0.15,1,0.31297845713428385,0.22364918854213817,0.1958663419727522,0.4168932272939047,0.527343660228587,0.4527302500652035,17.869999999999997,1.0072747621712368,17.560000000000002,1.0250569476082003,17.41,1.0338885697874785,16.827,1.0697093956141914,13.977250000000002,1.2878069720438567,70.96774193548367,0.2679437801600635,0.2134798326464964,17.41,18.026953465787674,16.793046534212326,0.07087345959651624,0.18571428571428683,17.9,-0.005571045049455472,0.24489972188997833,18.0,-0.005540180375615468,0.24347493827039118,18.1,0.042319431878911955,0.24381466389249967,17.25,0.0,0.19787674728493965,17.25,0.0,0.2251440117065906,0.16600952509321912
2023-12-01,18.05,18.0,18.05,17.95,0,0.0027739268827252244,0.002777777777777768,8.0,0.0,0.25,8.0,1.0,0.15,1,0.31535029375879664,0.22367053421799363,0.16600952509321912,0.41107159475613864,0.527102762065838,0.4519688777858656,18.009999999999998,1.0022209883398114,17.634999999999998,1.0235327473773748,17.4525,1.0342357828391349,16.843999999999998,1.0715981952030398,14.022,1.2872628726287263,74.1935483870966,0.28301491057627004,0.22738684823245114,17.4525,18.12330077833182,16.78169922166818,0.07687159757419512,0.18571428571428683,18.0,0.0055710450494554295,0.1958663419727522,17.9,-0.005571045049455472,0.24489972188997833,18.0,-0.005540180375615468,0.24347493827039118,17.35,0.005780362915499549,0.1978354943494535,17.3,0.0028943580263645565,0.20503557365734495,0.1600905945756586
2023-12-04,18.2,18.05,18.2,18.0,0,0.008275909303859661,0.008310249307479145,8.0,0.0,0.25,8.0,1.0,0.15,1,0.10129900491597722,0.21703947785238575,0.1600905945756586,0.4082114109851189,0.5268220042527914,0.45191566030030417,18.029999999999998,1.00942872989462,17.735000000000003,1.0262193402875668,17.5025,1.0398514497928866,16.87,1.0788381742738589,14.0675,1.2937622178780877,81.24999999999983,0.30356334710661415,0.24262214800728377,17.5025,18.239831604325275,16.765168395674728,0.08425443271821437,0.1892857142857152,18.05,0.0027739268827252244,0.16600952509321912,18.0,0.0055710450494554295,0.1958663419727522,17.9,-0.005571045049455472,0.24489972188997833,18.1,0.042319431878911955,0.24381466389249967,17.2,-0.005797117684325958,0.2066780589200956,0.2579211260881484
2023-12-05,19.35,18.2,19.35,18.25,0,0.06127082539304135,0.0631868131868134,8.0,0.0,0.25,8.0,1.0,0.15,1,0.42345951636351375,0.352100306267177,0.2579211260881484,0.42304684931475117,0.533080415333988,0.4554145601614086,18.3,1.0573770491803278,17.945,1.078294789634996,17.610000000000003,1.098807495741056,16.912,1.1441579943235574,14.118500000000001,1.370542196408967,88.88888888888877,0.40794102989128334,0.2756859243840837,17.610000000000003,18.702847560034662,16.517152439965344,0.12411670187787158,0.26428571428571523,18.2,0.008275909303859661,0.1600905945756586,18.05,0.0027739268827252244,0.16600952509321912,18.0,0.0055710450494554295,0.1958663419727522,18.0,-0.005540180375615468,0.24347493827039118,17.25,0.00290275965796141,0.20620897104854044,0.3797900478463299
2023-12-06,21.1,19.35,21.25,19.4,0,0.08658062100623008,0.0904392764857882,8.0,0.0,0.25,8.0,1.0,0.15,1,0.612111562500596,0.5071282808490148,0.3797900478463299,0.4557082896672254,0.545773581052079,0.46126933009798815,18.94,1.1140443505807813,18.330000000000002,1.1511183851609383,17.7975,1.1855597696305662,17.023000000000003,1.2394995006755565,14.177750000000001,1.488247429951861,93.25842696629205,0.6246706556639872,0.3454828706400644,17.7975,19.69388853447394,15.90111146552606,0.2131072942237886,0.3928571428571436,19.35,0.06127082539304135,0.2579211260881484,18.2,0.008275909303859661,0.1600905945756586,18.05,0.0027739268827252244,0.16600952509321912,17.9,-0.005571045049455472,0.24489972188997833,17.25,0.0,0.20620897104854044,0.4385730160730542
2023-12-07,20.0,21.1,21.5,19.8,0,-0.05354076692802992,-0.05213270142180104,8.0,0.0,0.25,8.0,1.0,0.15,1,0.8685020505800305,0.6243568180774023,0.4385730160730542,0.46945076534015284,0.5513619657917784,0.4636734849299855,19.34,1.0341261633919339,18.605,1.0749798441279226,17.932499999999997,1.1152934615920815,17.112000000000002,1.1687704534829357,14.2315,1.4053332396444507,74.54545454545449,0.6996050273586825,0.41630730198378807,17.932499999999997,20.05115771806485,15.813842281935145,0.236292510030933,0.5107142857142863,21.1,0.08658062100623008,0.3797900478463299,19.35,0.06127082539304135,0.2579211260881484,18.2,0.008275909303859661,0.1600905945756586,18.0,0.0055710450494554295,0.1958663419727522,17.25,0.0,0.19787674728493965,0.4375317284554378
2023-12-08,20.25,20.0,20.45,19.95,0,0.01242251999855711,0.012499999999999956,8.0,0.0,0.25,8.0,1.0,0.15,1,0.8583369435288022,0.6225602265245983,0.4375317284554378,0.4698453309571907,0.551471960218471,0.46354640995439783,19.78,1.0237613751263903,18.895,1.071712093146335,18.0775,1.1201770156271609,17.207,1.176846632184576,14.2865,1.4174220417877017,76.99115044247783,0.7702846060099802,0.48710276278902653,18.0775,20.41404603387586,15.740953966124142,0.2585032259854359,0.5392857142857148,20.0,-0.05354076692802992,0.4385730160730542,21.1,0.08658062100623008,0.3797900478463299,19.35,0.06127082539304135,0.2579211260881484,18.05,0.0027739268827252244,0.16600952509321912,17.35,0.005780362915499549,0.1978354943494535,0.4386356294404666
2023-12-11,20.2,20.25,20.4,20.0,0,-0.0024721891453891483,-0.0024691358024692134,8.0,0.0,0.25,8.0,1.0,0.15,1,0.8732166503463583,0.6088989465343665,0.4386356294404666,0.43128766777448324,0.5514198286837046,0.46357697030776784,20.18,1.0009910802775024,19.104999999999997,1.05731483904737,18.2225,1.1085196871998901,17.296,1.167900092506938,14.341499999999998,1.4084998082487885,76.10619469026544,0.8128935681326759,0.5522609238577565,18.2225,20.71088882559948,15.734111174400521,0.2731116834242809,0.5642857142857147,20.25,0.01242251999855711,0.4375317284554378,20.0,-0.05354076692802992,0.4385730160730542,21.1,0.08658062100623008,0.3797900478463299,18.2,0.008275909303859661,0.1600905945756586,18.1,0.042319431878911955,0.24381466389249967,0.43714656730749474
2023-12-12,20.4,20.2,20.4,20.05,0,0.00985229644301164,0.00990099009900991,8.0,0.0,0.25,8.0,1.0,0.15,1,0.7961762274085348,0.6020722599545262,0.43714656730749474,0.42154340206990953,0.5357560211338076,0.4631539314245292,20.39,1.0004904364884746,19.345,1.0545360558283794,18.3825,1.1097511219910239,17.383,1.1735603750791002,14.3975,1.416912658447647,76.92307692307688,0.8529673297030804,0.6124022050268213,18.3825,21.002117288239262,15.76288271176074,0.28501208086378466,0.5821428571428573,20.2,-0.0024721891453891483,0.4386356294404666,20.25,0.01242251999855711,0.4375317284554378,20.0,-0.05354076692802992,0.4385730160730542,19.35,0.06127082539304135,0.2579211260881484,18.0,-0.005540180375615468,0.24347493827039118,0.4961595467124856
2023-12-13,22.05,20.4,22.05,20.6,0,0.07777770104268444,0.08088235294117663,8.0,0.0,0.25,8.0,1.0,0.15,1,0.7439703903454465,0.6731511400684261,0.4961595467124856,0.4092755127454987,0.5308640325272581,0.46898086940686834,20.580000000000002,1.0714285714285714,19.76,1.1158906882591093,18.622500000000002,1.184051550543697,17.502,1.2598560164552624,14.4625,1.5246326707000863,81.99999999999996,1.0062676576604836,0.6911752955535537,18.622500000000002,21.65260769306618,15.592392306933826,0.3254243729967702,0.6928571428571431,20.4,0.00985229644301164,0.43714656730749474,20.2,-0.0024721891453891483,0.4386356294404666,20.25,0.01242251999855711,0.4375317284554378,21.1,0.08658062100623008,0.3797900478463299,17.9,-0.005571045049455472,0.24489972188997833,0.5004994804863193
2023-12-14,22.8,22.05,23.0,22.05,0,0.033447934067540125,0.03401360544217691,8.0,0.0,0.25,8.0,1.0,0.15,1,0.5014907806950194,0.6699716293461512,0.5004994804863193,0.4133306223272603,0.5132762113170078,0.4699018657101674,21.14,1.0785241248817408,20.240000000000002,1.1264822134387351,18.9,1.2063492063492065,17.635,1.2928834703714205,14.530999999999999,1.5690592526323035,83.43558282208585,1.174736374348928,0.7878875113126286,18.9,22.38349491776651,15.41650508223349,0.36862380082185287,0.7500000000000002,22.05,0.07777770104268444,0.4961595467124856,20.4,0.00985229644301164,0.43714656730749474,20.2,-0.0024721891453891483,0.4386356294404666,20.0,-0.05354076692802992,0.4385730160730542,18.0,0.0055710450494554295,0.1958663419727522,0.5176494493197002
2023-12-15,22.2,22.8,23.0,22.15,0,-0.02666824708216141,-0.026315789473684292,8.0,0.0,0.25,8.0,1.0,0.15,1,0.6296003397478138,0.7107093115171359,0.5176494493197002,0.41777389071782206,0.5150494669855195,0.47088069338260874,21.53,1.0311193683232698,20.655,1.074800290486565,19.145000000000003,1.1595716897362234,17.758,1.2501407816195518,14.59625,1.5209385972424425,75.62499999999996,1.2454769771749277,0.8794054044850885,19.145000000000003,22.83765273354077,15.452347266459235,0.3857563576433291,0.7392857142857147,22.8,0.033447934067540125,0.5004994804863193,22.05,0.07777770104268444,0.4961595467124856,20.4,0.00985229644301164,0.43714656730749474,20.25,0.01242251999855711,0.4375317284554378,18.05,0.0027739268827252244,0.16600952509321912,0.5219364649937137
2023-12-18,22.0,22.25,22.25,22.0,0,-0.009049835519917927,-0.009009009009009028,8.0,0.0,0.25,8.0,1.0,0.15,1,0.6448762127677794,0.7243766202171515,0.5219364649937137,0.41804198071508714,0.5130109356802487,0.4710515087105721,21.889999999999997,1.0050251256281408,21.035000000000004,1.0458759210839075,19.385,1.134898117100851,17.879,1.2304938754963923,14.660250000000001,1.5006565372350402,74.69135802469133,1.2707526406178076,0.9576748517116324,19.385,23.16821778940957,15.601782210590432,0.3903242496166695,0.742857142857143,22.2,-0.02666824708216141,0.5176494493197002,22.8,0.033447934067540125,0.5004994804863193,22.05,0.07777770104268444,0.4961595467124856,20.2,-0.0024721891453891483,0.4386356294404666,18.2,0.008275909303859661,0.1600905945756586,0.5206178207279377
2023-12-19,22.6,22.0,22.6,22.0,0,0.026907452919924402,0.027272727272727337,8.0,0.0,0.25,8.0,1.0,0.15,1,0.6442133841139257,0.6877949664610624,0.5206178207279377,0.4203818955715367,0.5141103839158047,0.471519671994067,22.330000000000002,1.0120913569189431,21.36,1.0580524344569289,19.6525,1.1499809184582115,18.016000000000002,1.2544404973357015,14.72675,1.5346223708557558,77.32558139534883,1.3239372471258442,1.0309273307944746,19.6525,23.554790150802777,15.750209849197223,0.3971291337797,0.7785714285714287,22.0,-0.009049835519917927,0.5219364649937137,22.2,-0.02666824708216141,0.5176494493197002,22.8,0.033447934067540125,0.5004994804863193,20.4,0.00985229644301164,0.43714656730749474,19.35,0.06127082539304135,0.2579211260881484,0.5193214540892038
2023-12-20,22.9,22.6,22.95,22.6,0,0.013187004281953681,0.01327433628318575,8.0,0.0,0.25,8.0,1.0,0.15,1,0.39873398959722023,0.5628199243021658,0.5193214540892038,0.41953548651072015,0.5142992314394704,0.47159510844568353,22.5,1.0177777777777777,21.54,1.06313834726091,19.935000000000002,1.148733383496363,18.16,1.2610132158590308,14.793500000000002,1.5479771521276233,77.84090909090907,1.3744501183543498,1.0996318883064498,19.935000000000002,23.922097612100906,15.947902387899099,0.4000097930374621,0.7821428571428571,22.6,0.026907452919924402,0.5206178207279377,22.0,-0.009049835519917927,0.5219364649937137,22.2,-0.02666824708216141,0.5176494493197002,22.05,0.07777770104268444,0.4961595467124856,21.1,0.08658062100623008,0.3797900478463299,0.5171128222833774
2023-12-21,23.3,22.9,23.45,23.0,0,0.017316450011460958,0.017467248908296984,8.0,0.0,0.25,8.0,1.0,0.15,1,0.34568055312705276,0.44537112966694165,0.5171128222833774,0.41785446658203745,0.5146506273977987,0.47168058052185213,22.6,1.0309734513274336,21.869999999999997,1.0653863740283496,20.2375,1.1513279802347127,18.311,1.2724591775435532,14.861999999999998,1.5677566949266588,78.68852459016392,1.4302713124125361,1.1657597731276672,20.2375,24.28444491658762,16.19055508341238,0.39994514308463197,0.8142857142857142,22.9,0.013187004281953681,0.5193214540892038,22.6,0.026907452919924402,0.5206178207279377,22.0,-0.009049835519917927,0.5219364649937137,22.8,0.033447934067540125,0.5004994804863193,20.0,-0.05354076692802992,0.4385730160730542,0.5188249816965342
2023-12-22,23.2,23.3,23.75,23.1,0,-0.004301081899390697,-0.0042918454935623185,8.0,0.0,0.25,8.0,1.0,0.15,1,0.23942497683950031,0.45614915553847324,0.5188249816965342,0.4170822837683116,0.5147703035146781,0.4717370353819936,22.8,1.0175438596491226,22.165,1.0466952402436274,20.53,1.1300535801266438,18.458,1.2569075739516742,14.931500000000002,1.5537621806248534,77.47252747252745,1.4497292700089766,1.2225536725039292,20.53,24.543713335160064,16.51628666483994,0.3910095796551449,0.8464285714285713,23.3,0.017316450011460958,0.5171128222833774,22.9,0.013187004281953681,0.5193214540892038,22.6,0.026907452919924402,0.5206178207279377,22.2,-0.02666824708216141,0.5176494493197002,20.25,0.01242251999855711,0.4375317284554378,0.5203785733541441
2023-12-27,23.2,23.2,24.5,23.0,0,0.0,0.0,8.0,0.0,0.25,8.0,1.0,0.15,1,0.20269330761585375,0.45387335977289367,0.5203785733541441,0.35432187232180756,0.5142623177055831,0.4717370353819936,23.04,1.0069444444444444,22.465,1.0327175606498997,20.785,1.1161895597786866,18.599,1.247378891338244,15.00075,1.5465893371998067,74.21383647798739,1.4484529772995316,1.2677335334630497,20.785,24.79670655378528,16.77329344621472,0.38601939415783315,0.8714285714285711,23.2,-0.004301081899390697,0.5188249816965342,23.3,0.017316450011460958,0.5171128222833774,22.9,0.013187004281953681,0.5193214540892038,22.0,-0.009049835519917927,0.5219364649937137,20.2,-0.0024721891453891483,0.4386356294404666,0.5124526000593425
2023-12-28,23.15,23.2,23.5,22.95,0,-0.0021574981400212367,-0.0021551724137931494,8.0,0.0,0.25,8.0,1.0,0.15,1,0.15498581921656152,0.46078450804844656,0.5124526000593425,0.354505273095653,0.5122757665875829,0.4717126365446119,23.15,1.0,22.740000000000002,1.0180299032541775,21.042499999999997,1.1001544493287396,18.723000000000003,1.2364471505634778,15.07,1.5361645653616456,66.39999999999996,1.4269578422445583,1.2995783952193516,21.042499999999997,24.961586225398054,17.12341377460194,0.37249245340601717,0.7749999999999998,23.2,0.0,0.5203785733541441,23.2,-0.004301081899390697,0.5188249816965342,23.3,0.017316450011460958,0.5171128222833774,22.6,0.026907452919924402,0.5206178207279377,20.4,0.00985229644301164,0.43714656730749474,0.510457147864514
2023-12-29,23.15,23.15,23.15,22.95,0,0.0,0.0,8.0,0.0,0.25,8.0,1.0,0.15,1,0.1373477237880667,0.28474899764146455,0.510457147864514,0.35421151035400045,0.508008717384255,0.4717126365446119,23.199999999999996,0.9978448275862071,22.85,1.0131291028446388,21.305,1.0865993898145974,18.851000000000003,1.2280515622513393,15.14,1.5290620871862615,80.58252427184462,1.393855296634598,1.318433775502401,21.305,25.036642787665553,17.573357212334447,0.3503067625126077,0.6678571428571427,23.15,-0.0021574981400212367,0.5124526000593425,23.2,0.0,0.5203785733541441,23.2,-0.004301081899390697,0.5188249816965342,22.9,0.013187004281953681,0.5193214540892038,22.05,0.07777770104268444,0.4961595467124856,0.5066647034703571
2024-01-02,23.55,23.15,23.7,23.3,0,0.017131039930183774,0.017278617710583255,8.0,0.0,0.25,8.0,1.0,0.15,1,0.13605998760136748,0.2483478655249676,0.5066647034703571,0.35434368595255245,0.4912135993276073,0.47179263946814487,23.25,1.0129032258064516,22.925,1.0272628135223556,21.5825,1.0911618209197267,18.995,1.239799947354567,15.211999999999998,1.5481199053378913,81.13207547169807,1.3839446948417873,1.3315359593702782,21.5825,25.098519729302094,18.066480270697905,0.32582135798003886,0.6714285714285714,23.15,0.0,0.510457147864514,23.15,-0.0021574981400212367,0.5124526000593425,23.2,0.0,0.5203785733541441,23.3,0.017316450011460958,0.5171128222833774,22.8,0.033447934067540125,0.5004994804863193,0.5796765400478052
2024-01-03,25.9,23.55,25.9,23.95,0,0.09511714824306529,0.0997876857749469,8.0,0.0,0.25,8.0,1.0,0.15,1,0.6603398021329165,0.48112890860846147,0.5796765400478052,0.39566677188192134,0.5000597599575867,0.48050037647878546,23.79,1.0886927280369902,23.294999999999998,1.1118265722257996,21.975,1.1786120591581342,19.183999999999997,1.3500834028356965,15.29575,1.6932808132978114,87.49999999999997,1.547872916287968,1.3748033507538162,21.975,25.582083674047272,18.36791632595273,0.3282897541795013,0.8107142857142856,23.55,0.017131039930183774,0.5066647034703571,23.15,0.0,0.510457147864514,23.15,-0.0021574981400212367,0.5124526000593425,23.2,-0.004301081899390697,0.5188249816965342,22.2,-0.02666824708216141,0.5176494493197002,0.6061928223327447
2024-01-04,25.0,25.9,26.2,25.0,0,-0.03536714383729125,-0.03474903474903468,8.0,0.0,0.25,8.0,1.0,0.15,1,0.7727931688228813,0.5338484688010935,0.6061928223327447,0.404817540320408,0.49982142052446404,0.4820859918094816,24.15,1.0351966873706004,23.595,1.0595465140919686,22.315,1.120322652924042,19.352999999999998,1.2917893866583994,15.375,1.6260162601626016,77.71084337349397,1.5868722588308408,1.4172171323692213,22.315,25.698878186186192,18.93112181381381,0.30328283093759273,0.8714285714285713,25.9,0.09511714824306529,0.5796765400478052,23.55,0.017131039930183774,0.5066647034703571,23.15,0.0,0.510457147864514,23.2,0.0,0.5203785733541441,22.0,-0.009049835519917927,0.5219364649937137,0.6247456354924645
2024-01-05,26.55,25.0,27.45,25.0,0,0.060153922819747144,0.062000000000000055,8.0,0.0,0.25,8.0,1.0,0.15,1,0.8115568420583098,0.5823613643097778,0.6247456354924645,0.4184447678461511,0.5054462621956379,0.4853191872553626,24.83,1.0692710430930328,23.990000000000002,1.1067111296373489,22.675,1.1708930540242557,19.553,1.3578479005779165,15.4625,1.7170573969280518,77.43902439024389,1.7229900085857324,1.4783717076125238,22.675,26.25689893771437,19.09310106228563,0.3159337541534175,0.9285714285714283,25.0,-0.03536714383729125,0.6061928223327447,25.9,0.09511714824306529,0.5796765400478052,23.55,0.017131039930183774,0.5066647034703571,23.15,-0.0021574981400212367,0.5124526000593425,22.6,0.026907452919924402,0.5206178207279377,0.6070180259521754
2024-01-08,27.4,26.0,27.5,26.0,0,0.03151326570607659,0.03201506591337089,8.0,0.0,0.25,8.0,1.0,0.15,1,0.7745010464096868,0.5870353563358193,0.6070180259521754,0.4200762428703438,0.5063806151826697,0.4860531283287037,25.68,1.0669781931464175,24.439999999999998,1.121112929623568,22.990000000000002,1.19182253153545,19.764,1.3863590366322607,15.5545,1.7615481050499853,77.71084337349396,1.8778060232531182,1.5582585707406427,22.990000000000002,27.063095292668365,18.91690470733164,0.3543362586053382,0.9678571428571426,26.55,0.060153922819747144,0.6247456354924645,25.0,-0.03536714383729125,0.6061928223327447,25.9,0.09511714824306529,0.5796765400478052,23.15,0.0,0.510457147864514,22.9,0.013187004281953681,0.5193214540892038,0.5986270632792059
2024-01-09,29.7,27.4,30.1,27.4,0,0.08060403241462935,0.08394160583941601,8.0,0.0,0.25,8.0,1.0,0.15,1,0.8187279293643558,0.6658321380547807,0.5986270632792059,0.4429807245148062,0.5180976214085439,0.4911569122168089,26.909999999999997,1.1036789297658864,25.080000000000002,1.1842105263157894,23.475,1.2651757188498403,20.019000000000002,1.4835905889405063,15.658,1.896793971132967,87.5,2.161176906274534,1.6788422378474208,23.475,28.29125537004351,18.658744629956495,0.4103305959568483,1.0999999999999999,27.4,0.03151326570607659,0.6070180259521754,26.55,0.060153922819747144,0.6247456354924645,25.0,-0.03536714383729125,0.6061928223327447,23.55,0.017131039930183774,0.5066647034703571,23.3,0.017316450011460958,0.5171128222833774,0.6153881037756734
2024-01-10,27.85,29.9,29.9,26.75,0,-0.06431407943536079,-0.06228956228956217,8.0,0.0,0.25,8.0,1.0,0.15,1,0.9863252324982819,0.7937942136597743,0.6153881037756734,0.46515728905810977,0.522258895527668,0.4951038968681508,27.3,1.02014652014652,25.544999999999998,1.090232922293991,23.855,1.1674701320477887,20.237,1.3761921233384398,15.754249999999999,1.7677769490772333,75.10729613733906,2.2109839866329146,1.7852705876045198,23.855,28.797500965045213,18.912499034954788,0.414378617903602,1.307142857142857,29.7,0.08060403241462935,0.5986270632792059,27.4,0.03151326570607659,0.6070180259521754,26.55,0.060153922819747144,0.6247456354924645,25.9,0.09511714824306529,0.5796765400478052,23.2,-0.004301081899390697,0.5188249816965342,0.6155334928241479
2024-01-11,28.15,27.85,29.0,26.55,0,0.010714388212406268,0.010771992818671361,8.0,0.0,0.25,8.0,1.0,0.15,1,0.8889406527657345,0.7886958983112519,0.6155334928241479,0.4645024044985412,0.518239260695661,0.4950341295568739,27.93,1.007876834944504,26.04,1.0810291858678955,24.2525,1.1607050819503142,20.457,1.3760570953707776,15.853,1.7756891440105973,74.44933920704845,2.2487418531628975,1.8779648407161955,24.2525,29.235890834615066,19.269109165384936,0.41095893904670155,1.4392857142857138,27.85,-0.06431407943536079,0.6153881037756734,29.7,0.08060403241462935,0.5986270632792059,27.4,0.03151326570607659,0.6070180259521754,25.0,-0.03536714383729125,0.6061928223327447,23.2,0.0,0.5203785733541441,0.616679734664493
2024-01-12,28.0,28.15,29.0,28.0,0,-0.0053428444104954695,-0.005328596802841923,8.0,0.0,0.25,8.0,1.0,0.15,1,0.8401586024753374,0.7912847356448692,0.616679734664493,0.4652685430189683,0.4967413624351214,0.4951334819437629,28.22,0.9922041105598867,26.525,1.055607917059378,24.6325,1.136709631584289,20.674,1.3543581309857793,15.948,1.7557060446450965,72.76785714285715,2.2407317274737046,1.9505182180676974,24.6325,29.537414291863357,19.727585708136644,0.39824737983260783,1.4857142857142855,28.15,0.010714388212406268,0.6155334928241479,27.85,-0.06431407943536079,0.6153881037756734,29.7,0.08060403241462935,0.5986270632792059,26.55,0.060153922819747144,0.6247456354924645,23.15,-0.0021574981400212367,0.5124526000593425,0.616612097819197
2024-01-15,28.6,28.0,28.65,27.8,0,0.021202207650603124,0.021428571428571574,8.0,0.0,0.25,8.0,1.0,0.15,1,0.8271033402440483,0.7841401208850342,0.616612097819197,0.465854785502646,0.4920554687795292,0.49508904311980445,28.46,1.0049191848208012,27.07,1.0565201329885483,24.96,1.1458333333333333,20.888,1.369207200306396,16.046499999999998,1.782320132116038,73.24561403508773,2.2567838315351736,2.0117713407611926,24.96,30.011378133997756,19.908621866002246,0.40475786330110214,1.5071428571428567,28.0,-0.0053428444104954695,0.616679734664493,28.15,0.010714388212406268,0.6155334928241479,27.85,-0.06431407943536079,0.6153881037756734,27.4,0.03151326570607659,0.6070180259521754,23.15,0.0,0.510457147864514,0.582526621556929
2024-01-16,29.8,28.6,30.2,28.45,0,0.04110167568555178,0.04195804195804187,8.0,0.0,0.25,8.0,1.0,0.15,1,0.6357867502558773,0.7899192234031314,0.582526621556929,0.4698122634436302,0.47882647027896813,0.496410973678826,28.48,1.0463483146067416,27.695,1.076006499368117,25.310000000000002,1.1774002370604504,21.136,1.4099167297501893,16.151,1.8450869915175532,76.40000000000002,2.3393684278051587,2.077290758169986,25.310000000000002,30.690530202792004,19.929469797208,0.4251703044482024,1.5857142857142854,28.6,0.021202207650603124,0.616612097819197,28.0,-0.0053428444104954695,0.616679734664493,28.15,0.010714388212406268,0.6155334928241479,29.7,0.08060403241462935,0.5986270632792059,23.55,0.017131039930183774,0.5066647034703571,0.5825518191760392
2024-01-17,29.6,29.8,29.8,29.0,0,-0.006734032181344068,-0.006711409395973145,8.0,0.0,0.25,8.0,1.0,0.15,1,0.3159786716998082,0.6907435066284976,0.5825518191760392,0.46428995596332984,0.4787159810384004,0.49652134434134104,28.830000000000002,1.0267082899757196,28.064999999999998,1.054694459290932,25.68,1.1526479750778817,21.384,1.3842124953236066,16.255499999999998,1.8209221494263483,75.19685039370081,2.3614575738536665,2.1341241213067224,25.68,31.176544368964834,20.183455631035166,0.4280797795143952,1.5357142857142854,29.8,0.04110167568555178,0.582526621556929,28.6,0.021202207650603124,0.616612097819197,28.0,-0.0053428444104954695,0.616679734664493,27.85,-0.06431407943536079,0.6153881037756734,25.9,0.09511714824306529,0.5796765400478052,0.5682706959757595
2024-01-18,29.5,29.6,30.7,28.9,0,-0.0033840979842405684,-0.0033783783783783994,8.0,0.0,0.25,8.0,1.0,0.15,1,0.3353783337893523,0.6447042460206447,0.5682706959757595,0.46305940688588004,0.4786138566337011,0.49644532877118674,29.1,1.013745704467354,28.514999999999997,1.0345432228651588,26.055,1.132220303204759,21.63,1.3638465094775776,16.35975,1.8032060392120908,74.90196078431374,2.343875479460287,2.1760743929374353,26.055,31.51768682686643,20.59231317313357,0.41931965663914267,1.6249999999999998,29.6,-0.006734032181344068,0.5825518191760392,29.8,0.04110167568555178,0.582526621556929,28.6,0.021202207650603124,0.616612097819197,28.15,0.010714388212406268,0.6155334928241479,25.0,-0.03536714383729125,0.6061928223327447,0.562349040548433
2024-01-19,30.0,29.5,30.0,28.05,0,0.01680711831638119,0.016949152542372836,8.0,0.0,0.25,8.0,1.0,0.15,1,0.3100771958221613,0.5976214646925677,0.562349040548433,0.4583630345964195,0.47892314374940487,0.4964584689835764,29.5,1.0169491525423728,28.859999999999996,1.0395010395010396,26.425,1.1352885525070955,21.886,1.3707392853879192,16.4665,1.8218807882670878,75.8490566037736,2.343275542491572,2.2095146228482627,26.425,31.904771412827458,20.945228587172544,0.4147414503559097,1.7499999999999998,29.5,-0.0033840979842405684,0.5682706959757595,29.6,-0.006734032181344068,0.5825518191760392,29.8,0.04110167568555178,0.582526621556929,28.0,-0.0053428444104954695,0.616679734664493,26.55,0.060153922819747144,0.6247456354924645,0.5784873605337062
2024-01-22,29.2,30.0,29.95,28.4,0,-0.027028672387919374,-0.026666666666666727,8.0,0.0,0.25,8.0,1.0,0.15,1,0.4103616590077086,0.6166483192377796,0.5784873605337062,0.4641535155471827,0.4636600181991689,0.4974472794021141,29.619999999999997,0.985820391627279,29.040000000000003,1.005509641873278,26.74,1.0919970082273747,22.123,1.319893323690277,16.569,1.7623272376124088,70.6959706959707,2.252283847801074,2.218068467838825,26.74,32.08933345577293,21.39066654422707,0.4000997349119619,1.8249999999999997,30.0,0.01680711831638119,0.562349040548433,29.5,-0.0033840979842405684,0.5682706959757595,29.6,-0.006734032181344068,0.5825518191760392,28.6,0.021202207650603124,0.616612097819197,27.4,0.03151326570607659,0.6070180259521754,0.5863707293306862
2024-01-23,28.75,29.2,29.15,28.0,0,-0.015530942030876623,-0.015410958904109595,8.0,0.0,0.25,8.0,1.0,0.15,1,0.2576488695902412,0.4620266287787019,0.5863707293306862,0.46673145295799817,0.4630229111730891,0.4959922744804537,29.410000000000004,0.977558653519211,28.945000000000004,0.9932630851615131,27.0125,1.064322073114299,22.351999999999997,1.2862383679312814,16.668,1.7248620110391168,62.1276595744681,2.1194295702196193,2.198340688314984,27.0125,32.176023378877005,21.848976621122993,0.38230621962994954,1.7428571428571427,29.2,-0.027028672387919374,0.5784873605337062,30.0,0.01680711831638119,0.562349040548433,29.5,-0.0033840979842405684,0.5682706959757595,29.8,0.04110167568555178,0.582526621556929,29.7,0.08060403241462935,0.5986270632792059,0.591176457920083
2024-01-24,28.4,28.75,28.75,28.2,0,-0.012248622076199086,-0.012173913043478257,8.0,0.0,0.25,8.0,1.0,0.15,1,0.260018933605407,0.32208901424208464,0.591176457920083,0.4683067156102164,0.46357310089447673,0.49625826047929383,29.169999999999998,0.9736030167980803,29.0,0.9793103448275862,27.272499999999997,1.0413420111834266,22.573,1.2581402560581225,16.765,1.6940053683268712,65.17857142857143,1.963268189547886,2.1513261885615647,27.272499999999997,32.143085720748246,22.40191427925175,0.3571792626820606,1.6964285714285714,28.75,-0.015530942030876623,0.5863707293306862,29.2,-0.027028672387919374,0.5784873605337062,30.0,0.01680711831638119,0.562349040548433,29.6,-0.006734032181344068,0.5825518191760392,27.85,-0.06431407943536079,0.6153881037756734,0.5895074594140325
2024-01-25,28.5,28.7,28.9,28.5,0,0.003514942107444592,0.0035211267605634866,8.0,0.0,0.25,8.0,1.0,0.15,1,0.2725106549275969,0.31861612575020776,0.5895074594140325,0.46802032148214906,0.45761033080591346,0.49625840694724077,28.97,0.9837763203313773,29.035000000000004,0.981573962459101,27.5375,1.034952337721289,22.797000000000004,1.2501644953283324,16.8625,1.6901408450704225,60.0,1.8265233107931351,2.086365613007879,27.5375,32.037777769204794,23.037222230795212,0.3268472279041155,1.5571428571428572,28.4,-0.012248622076199086,0.591176457920083,28.75,-0.015530942030876623,0.5863707293306862,29.2,-0.027028672387919374,0.5784873605337062,29.5,-0.0033840979842405684,0.5682706959757595,28.15,0.010714388212406268,0.6155334928241479,0.588898513047193
2024-01-26,28.6,28.5,28.85,28.45,0,0.0035026305512020745,0.0035087719298245723,8.0,0.0,0.25,8.0,1.0,0.15,1,0.20843745121477622,0.3165901110340767,0.588898513047193,0.46809607776646306,0.4574837776068191,0.49625860760191287,28.689999999999998,0.9968630184733358,29.095000000000006,0.9829867674858221,27.809999999999995,1.0284070478245237,23.025,1.242128121606949,16.9605,1.6862710415376907,56.66666666666668,1.7065491372867854,2.0104023178636603,27.809999999999995,31.82557494081009,23.7944250591899,0.2887864035102549,1.4785714285714289,28.5,0.003514942107444592,0.5895074594140325,28.4,-0.012248622076199086,0.591176457920083,28.75,-0.015530942030876623,0.5863707293306862,30.0,0.01680711831638119,0.562349040548433,28.0,-0.0053428444104954695,0.616679734664493,0.5974709525332645
2024-01-29,28.0,28.6,28.9,28.0,0,-0.02120220765060305,-0.020979020979021046,8.0,0.0,0.25,8.0,1.0,0.15,1,0.17980936529826205,0.31659011103407647,0.5974709525332645,0.47153288268922533,0.4588146096090354,0.4969069639881099,28.45,0.984182776801406,29.035000000000004,0.9643533666264852,28.0525,0.9981285090455396,23.24,1.2048192771084338,17.0555,1.6416991586291814,38.35616438356164,1.5452411764224152,1.9173700895754113,28.0525,31.41599990024471,24.689000099755287,0.23980036718614825,1.3499999999999999,28.6,0.0035026305512020745,0.588898513047193,28.5,0.003514942107444592,0.5895074594140325,28.4,-0.012248622076199086,0.591176457920083,29.2,-0.027028672387919374,0.5784873605337062,28.6,0.021202207650603124,0.616612097819197,0.7170985374934082
2024-01-30,25.2,28.0,28.0,25.2,0,-0.10536051565782628,-0.09999999999999998,8.0,0.0,0.25,8.0,1.0,0.15,1,0.7209851323793168,0.5350681685664888,0.7170985374934082,0.5230702536074566,0.48192475559769665,0.5086751935951657,27.740000000000002,0.9084354722422494,28.575,0.8818897637795275,28.135,0.8956815354540607,23.399,1.0769691012436429,17.1365,1.4705453272255127,33.93939393939394,1.1778888859854035,1.7694738488574098,28.135,31.08958608731701,25.180413912682994,0.21002922248565897,1.325,28.0,-0.02120220765060305,0.5974709525332645,28.6,0.0035026305512020745,0.588898513047193,28.5,0.003514942107444592,0.5895074594140325,28.75,-0.015530942030876623,0.5863707293306862,29.8,0.04110167568555178,0.582526621556929,0.8072059294442266
2024-01-31,22.7,25.2,25.5,22.7,0,-0.1044790700300206,-0.09920634920634919,8.0,0.0,0.25,8.0,1.0,0.15,1,0.8857598750145714,0.6871291451106334,0.8072059294442266,0.5678504790588549,0.5040108201253748,0.5200827678658012,26.6,0.8533834586466165,27.885,0.8140577371346601,27.975,0.8114387846291331,23.507,0.9656698004849619,17.20525,1.3193647287891777,23.92344497607658,0.677223827825518,1.5510238446510316,27.975,31.688347192011523,24.26165280798848,0.26547611739135096,1.35,25.2,-0.10536051565782628,0.7170985374934082,28.0,-0.02120220765060305,0.5974709525332645,28.6,0.0035026305512020745,0.588898513047193,28.4,-0.012248622076199086,0.591176457920083,29.6,-0.006734032181344068,0.5825518191760392,0.8062884551691718
2024-02-01,24.95,22.7,24.95,20.5,0,0.09450889771017068,0.09911894273127753,8.0,0.0,0.25,8.0,1.0,0.15,1,1.3250944807766483,0.9168342504134612,0.8062884551691718,0.5909895819652697,0.5204675388015261,0.5278728996356287,25.889999999999997,0.9636925453843184,27.43,0.9095880422894641,27.972500000000004,0.8919474483868083,23.662,1.0544332685318232,17.28625,1.4433436980258876,37.84860557768925,0.45673440815237853,1.332165957351301,27.972500000000004,31.69433811407311,24.2506618859269,0.26610693460170554,1.5964285714285715,22.7,-0.1044790700300206,0.8072059294442266,25.2,-0.10536051565782628,0.7170985374934082,28.0,-0.02120220765060305,0.5974709525332645,28.5,0.003514942107444592,0.5895074594140325,29.5,-0.0033840979842405684,0.5682706959757595,0.8427263311636929
2024-02-02,27.0,24.95,27.4,26.5,0,0.07896304380680137,0.0821643286573146,8.0,0.0,0.25,8.0,1.0,0.15,1,1.5261521935170512,1.0270105860553629,0.8427263311636929,0.6049870399053933,0.5267362244896108,0.5317123762313556,25.57,1.0559249120062573,27.130000000000003,0.9952082565425727,27.994999999999997,0.964457938917664,23.857,1.131743303852119,17.377750000000002,1.5537109234509643,44.28571428571428,0.44231410033835417,1.1541955859487116,27.994999999999997,31.68594197076813,24.304058029231864,0.26368579894753585,1.7107142857142859,24.95,0.09450889771017068,0.8062884551691718,22.7,-0.1044790700300206,0.8072059294442266,25.2,-0.10536051565782628,0.7170985374934082,28.6,0.0035026305512020745,0.588898513047193,30.0,0.01680711831638119,0.562349040548433,0.8281498105121334
2024-02-05,26.0,27.0,27.2,26.0,0,-0.037740327982847086,-0.03703703703703709,8.0,0.0,0.25,8.0,1.0,0.15,1,1.5372422620533268,1.0332160104607144,0.8281498105121334,0.6104877318830707,0.5288990106883528,0.5312260717134382,25.169999999999998,1.0329757647993645,26.810000000000002,0.969787392763894,27.925,0.9310653536257834,24.031999999999996,1.081890812250333,17.46375,1.488798224894424,36.23188405797102,0.3462034420756481,0.992597157174099,27.925,31.715222879156716,24.134777120843285,0.271457323484814,1.6714285714285715,27.0,0.07896304380680137,0.8427263311636929,24.95,0.09450889771017068,0.8062884551691718,22.7,-0.1044790700300206,0.8072059294442266,28.0,-0.02120220765060305,0.5974709525332645,29.2,-0.027028672387919374,0.5784873605337062,0.821726486439039
2024-02-06,25.5,26.0,25.7,25.25,0,-0.019418085857101627,-0.019230769230769273,8.0,0.0,0.25,8.0,1.0,0.15,1,1.3247453640740565,1.0338134309817757,0.821726486439039,0.6125673709873529,0.5297382346947883,0.5317493603588894,25.23,1.0107015457788346,26.485000000000003,0.9628091372474985,27.714999999999996,0.9200793793974383,24.197,1.053849650783155,17.547,1.4532398700632587,35.460992907801426,0.22707169053562737,0.8394920638464047,27.714999999999996,31.55620321061799,23.873796789382002,0.27719308754234134,1.667857142857143,26.0,-0.037740327982847086,0.8281498105121334,27.0,0.07896304380680137,0.8427263311636929,24.95,0.09450889771017068,0.8062884551691718,25.2,-0.10536051565782628,0.7170985374934082,28.75,-0.015530942030876623,0.5863707293306862,0.7630768310840735
2024-02-07,25.15,25.5,25.15,24.95,0,-0.013820555618632312,-0.013725490196078494,8.0,0.0,0.25,8.0,1.0,0.15,1,0.974005987414246,1.0338543043222088,0.7630768310840735,0.6137630018367198,0.5301371025162903,0.5320495675043662,25.72,0.9778382581648523,26.160000000000004,0.9613914373088683,27.580000000000002,0.9118926758520666,24.353,1.0327269740894345,17.628249999999998,1.4266872775232937,34.843205574912886,0.10322690866768269,0.6922390328106605,27.580000000000002,31.58741418137076,23.572585818629243,0.29060291380498615,1.5785714285714287,25.5,-0.019418085857101627,0.821726486439039,26.0,-0.037740327982847086,0.8281498105121334,27.0,0.07896304380680137,0.8427263311636929,22.7,-0.1044790700300206,0.8072059294442266,28.4,-0.012248622076199086,0.591176457920083,0.7429650322879545
2024-02-08,24.25,25.0,25.0,22.7,0,-0.03644127916225591,-0.035785288270377635,8.0,0.0,0.25,8.0,1.0,0.15,1,0.7692820246643609,1.0363534411114415,0.7429650322879545,0.6195780800480192,0.5329893804334277,0.5335727627907956,25.58,0.9480062548866303,25.735000000000003,0.9422964833883815,27.384999999999998,0.885521270768669,24.476,0.9907664651086779,17.70525,1.3696502449838326,30.508474576271198,-0.06677372565811623,0.5404364811169051,27.384999999999998,31.64708498519814,23.122915014801855,0.31127149791478137,1.6142857142857143,25.15,-0.013820555618632312,0.7630768310840735,25.5,-0.019418085857101627,0.821726486439039,26.0,-0.037740327982847086,0.8281498105121334,24.95,0.09450889771017068,0.8062884551691718,28.5,0.003514942107444592,0.5895074594140325,0.7465605272658106
2024-02-09,24.75,24.25,26.0,24.7,0,0.020408871631207033,0.020618556701030855,8.0,0.0,0.25,8.0,1.0,0.15,1,0.3742055464657117,1.048730697394445,0.7465605272658106,0.6200763529435283,0.5335833321253566,0.5337438524271823,25.13,0.9848786311181855,25.35,0.9763313609467456,27.222499999999997,0.9091743961796309,24.611,1.0056478810288083,17.784,1.3917004048582997,34.60207612456749,-0.15931811180330513,0.4004855625328631,27.222499999999997,31.631160734699712,22.81383926530028,0.3238982999136535,1.625,24.25,-0.03644127916225591,0.7429650322879545,25.15,-0.013820555618632312,0.7630768310840735,25.5,-0.019418085857101627,0.821726486439039,27.0,0.07896304380680137,0.8427263311636929,28.6,0.0035026305512020745,0.588898513047193,0.7735744383691187
2024-02-12,23.2,22.5,23.4,22.5,0,-0.06467321034243512,-0.0626262626262627,8.0,0.0,0.25,8.0,1.0,0.15,1,0.495587540466508,1.0788303213525823,0.7735744383691187,0.6358368838263392,0.5418168757916828,0.5379911665296201,24.57,0.9442409442409442,24.869999999999997,0.9328508242862887,26.952500000000004,0.8607735831555513,24.717000000000002,0.9386252376906581,17.8505,1.2996834822553989,32.154340836012864,-0.3536555298737163,0.24965734405154727,26.952500000000004,31.657421835023733,22.247578164976275,0.3491269333103592,1.7,24.75,0.020408871631207033,0.7465605272658106,24.25,-0.03644127916225591,0.7429650322879545,25.15,-0.013820555618632312,0.7630768310840735,26.0,-0.037740327982847086,0.8281498105121334,28.0,-0.02120220765060305,0.5974709525332645,0.7674640300006828
2024-02-13,23.3,23.2,23.3,23.0,0,0.004301081899390702,0.004310344827586299,8.0,0.0,0.25,8.0,1.0,0.15,1,0.5329502022856695,0.9671511321115445,0.7674640300006828,0.6356548531330629,0.5414609650980278,0.5379788983994122,24.13,0.9656029838375467,24.68,0.9440842787682334,26.627499999999998,0.8750352079616939,24.822999999999997,0.9386456109253516,17.913999999999998,1.300658702690633,33.33333333333336,-0.4939067203291785,0.10094453117540213,26.627499999999998,31.40171528410127,21.853284715898724,0.35859282952596183,1.6821428571428572,23.2,-0.06467321034243512,0.7735744383691187,24.75,0.020408871631207033,0.7465605272658106,24.25,-0.03644127916225591,0.7429650322879545,25.5,-0.019418085857101627,0.821726486439039,25.2,-0.10536051565782628,0.7170985374934082,0.7498896023643195
2024-02-14,23.6,23.3,24.15,23.25,0,0.012793351459909542,0.012875536480686733,8.0,0.0,0.25,8.0,1.0,0.15,1,0.5778411133801195,0.8045450717474514,0.7498896023643195,0.6354913163329814,0.5412785013182605,0.53797713408528,23.82,0.9907640638119228,24.77,0.9527654420670166,26.327499999999997,0.8964011015098283,24.933999999999997,0.946498756717735,17.98025,1.3125512715340442,34.1935483870968,-0.5742299411096212,-0.034090363281602545,26.327499999999997,31.069193568202785,21.58580643179721,0.36020841843720736,1.7107142857142856,23.3,0.004301081899390702,0.7674640300006828,23.2,-0.06467321034243512,0.7735744383691187,24.75,0.020408871631207033,0.7465605272658106,25.15,-0.013820555618632312,0.7630768310840735,22.7,-0.1044790700300206,0.8072059294442266,0.7513845171526854
2024-02-15,23.0,23.6,23.65,23.0,0,-0.02575249610241474,-0.025423728813559365,8.0,0.0,0.25,8.0,1.0,0.15,1,0.5547198091616599,0.6336068668896737,0.7513845171526854,0.6384568761366156,0.5426348774603438,0.5387081813322492,23.57,0.9758167161646161,24.575,0.9359104781281791,26.002499999999998,0.8845303336217673,25.03,0.9188973232121453,18.04525,1.2745736412629363,32.5,-0.6784805563523051,-0.16296840189574308,26.002499999999998,30.719599354029796,21.2854006459702,0.3628189100301739,1.7285714285714282,23.6,0.012793351459909542,0.7498896023643195,23.3,0.004301081899390702,0.7674640300006828,23.2,-0.06467321034243512,0.7735744383691187,24.25,-0.03644127916225591,0.7429650322879545,24.95,0.09450889771017068,0.8062884551691718,0.7514548063573816
2024-02-16,22.5,23.0,23.0,22.0,0,-0.02197890671877523,-0.021739130434782594,8.0,0.0,0.25,8.0,1.0,0.15,1,0.4824290497772711,0.4072681130994626,0.7514548063573816,0.6406054440474147,0.5435001128456288,0.5393069271356383,23.12,0.9731833910034602,24.125,0.9326424870466321,25.627499999999998,0.877963125548727,25.092999999999996,0.8966644084007493,18.107,1.2426133539515105,32.704402515723274,-0.792312456541282,-0.28883721282485086,25.627499999999998,30.196673022031668,21.058326977968328,0.3565835935640753,1.7357142857142855,23.0,-0.02575249610241474,0.7513845171526854,23.6,0.012793351459909542,0.7498896023643195,23.3,0.004301081899390702,0.7674640300006828,24.75,0.020408871631207033,0.7465605272658106,27.0,0.07896304380680137,0.8427263311636929,0.7453136570125098
2024-02-19,22.5,22.5,22.9,22.5,0,0.0,0.0,8.0,0.0,0.25,8.0,1.0,0.15,1,0.268075715247392,0.4006629273401674,0.7453136570125098,0.6406558949592451,0.5430635918815461,0.5393069271356383,22.98,0.97911227154047,23.775,0.9463722397476342,25.2925,0.8895917762182465,25.121,0.8956649814895904,18.1675,1.2384752992981973,39.694656488549626,-0.8724677919424302,-0.40556332864836675,25.2925,29.739648702140084,20.845351297859917,0.3516575033816415,1.5642857142857138,22.5,-0.02197890671877523,0.7514548063573816,23.0,-0.02575249610241474,0.7513845171526854,23.6,0.012793351459909542,0.7498896023643195,23.2,-0.06467321034243512,0.7735744383691187,26.0,-0.037740327982847086,0.8281498105121334,0.7437362562204923
2024-02-20,22.2,22.5,22.85,21.9,0,-0.013423020332140774,-0.01333333333333342,8.0,0.0,0.25,8.0,1.0,0.15,1,0.2537876668958877,0.39971403878617945,0.7437362562204923,0.6413193932886077,0.5435129939591757,0.5395717137977442,22.76,0.9753954305799648,23.445,0.946896992962252,24.965,0.8892449429200882,25.165,0.8821776276574608,18.226,1.218040162405355,47.706422018348626,-0.9492565271776101,-0.5143019683542154,24.965,29.303457159672625,20.626542840327375,0.3475631611994893,1.432142857142857,22.5,0.0,0.7453136570125098,22.5,-0.02197890671877523,0.7514548063573816,23.0,-0.02575249610241474,0.7513845171526854,23.3,0.004301081899390702,0.7674640300006828,25.5,-0.019418085857101627,0.821726486439039,0.7453693252808256
2024-02-21,21.6,22.2,21.95,21.1,0,-0.027398974188114388,-0.027027027027026973,8.0,0.0,0.25,8.0,1.0,0.15,1,0.1790380985788469,0.40544861909502616,0.7453693252808256,0.6443958920789664,0.5447632226289058,0.5404046118848087,22.36,0.966010733452594,23.09,0.9354699003897792,24.625,0.8771573604060914,25.192000000000004,0.8574150523975864,18.2805,1.1815869368999754,31.891891891891902,-1.0464641513398973,-0.6207344049513518,24.625,28.89527670741529,20.35472329258471,0.34682450415555666,1.1928571428571426,22.2,-0.013423020332140774,0.7437362562204923,22.5,0.0,0.7453136570125098,22.5,-0.02197890671877523,0.7514548063573816,23.6,0.012793351459909542,0.7498896023643195,25.15,-0.013820555618632312,0.7630768310840735,0.746531923834824
2024-02-22,21.05,21.6,21.9,21.0,0,-0.025792754561728953,-0.02546296296296302,8.0,0.0,0.25,8.0,1.0,0.15,1,0.17915221202325013,0.3931784687136626,0.746531923834824,0.6470359780666224,0.5461349339029564,0.5411808440763853,21.97,0.9581247155211653,22.770000000000003,0.924462011418533,24.2525,0.8679517575507679,25.209,0.8350192391606173,18.3295,1.1484219427698519,11.612903225806477,-1.1545730973207213,-0.7275021434252258,24.2525,28.397436670203646,20.107563329796356,0.34181520834583196,1.0821428571428569,21.6,-0.027398974188114388,0.7453693252808256,22.2,-0.013423020332140774,0.7437362562204923,22.5,0.0,0.7453136570125098,23.0,-0.02575249610241474,0.7513845171526854,24.25,-0.03644127916225591,0.7429650322879545,0.7445967133518056
2024-02-23,20.95,21.05,21.1,20.9,0,-0.004761913760243703,-0.004750593824228044,8.0,0.0,0.25,8.0,1.0,0.15,1,0.19440564125349527,0.3490559107048518,0.7445967133518056,0.647200578017815,0.5439269925175412,0.5412306180503058,21.66,0.9672206832871653,22.39,0.9356855739169272,23.87,0.8776707163803937,25.22,0.830689928628073,18.3765,1.1400429896879165,13.13868613138689,-1.2340935182763992,-0.8288204183954606,23.87,27.72765131708523,20.012348682914773,0.32322172744744265,1.0107142857142857,21.05,-0.025792754561728953,0.746531923834824,21.6,-0.027398974188114388,0.7453693252808256,22.2,-0.013423020332140774,0.7437362562204923,22.5,-0.02197890671877523,0.7514548063573816,24.75,0.020408871631207033,0.7465605272658106,0.74813375195606
2024-02-26,20.05,20.95,20.6,20.05,0,-0.04390949261556843,-0.042959427207637124,8.0,0.0,0.25,8.0,1.0,0.15,1,0.2366163540329605,0.2772840033425818,0.74813375195606,0.6539541217249745,0.547277480419649,0.5432141688106601,21.169999999999998,0.9470949456778461,22.075,0.9082672706681767,23.472500000000004,0.8541910746618382,25.18,0.7962668784749802,18.41975,1.0885055443206342,12.413793103448285,-1.3541269703838203,-0.9338817287931326,23.472500000000004,27.17349204339351,19.7715079566065,0.3153470694125896,1.0214285714285711,20.95,-0.004761913760243703,0.7445967133518056,21.05,-0.025792754561728953,0.746531923834824,21.6,-0.027398974188114388,0.7453693252808256,22.5,0.0,0.7453136570125098,23.2,-0.06467321034243512,0.7735744383691187,0.7508123380276143
2024-02-27,19.35,20.05,20.3,19.35,0,-0.035536734276787316,-0.03491271820448871,8.0,0.0,0.25,8.0,1.0,0.15,1,0.2319259622639541,0.2733688180824722,0.7508123380276143,0.6531244661887479,0.5475092627590863,0.544577893919686,20.6,0.9393203883495146,21.68,0.8925276752767528,23.18,0.8347713546160483,25.111,0.7705786308788978,18.4635,1.0480136485498417,11.842105263157919,-1.4885790827713024,-1.0448211995887666,23.18,27.21568294618199,19.14431705381801,0.3482038780139766,1.0499999999999996,20.05,-0.04390949261556843,0.74813375195606,20.95,-0.004761913760243703,0.7445967133518056,21.05,-0.025792754561728953,0.746531923834824,22.2,-0.013423020332140774,0.7437362562204923,23.3,0.004301081899390702,0.7674640300006828,0.7478817215453907
2024-02-28,17.45,19.35,18.9,17.45,0,-0.10335277082735475,-0.09819121447028434,8.0,0.0,0.25,8.0,1.0,0.15,1,0.586319898479418,0.45895961508217376,0.7478817215453907,0.6856301717921014,0.5652711344728528,0.5545294654252758,19.77,0.8826504805260496,21.065,0.8283883218609066,22.917499999999997,0.7614268572051927,25.016,0.6975535657179406,18.49975,0.9432559899458101,10.465116279069775,-1.7285221442398857,-1.1815613885189906,22.917499999999997,27.698743507047414,18.13625649295258,0.4172569876336789,1.0107142857142857,19.35,-0.035536734276787316,0.7508123380276143,20.05,-0.04390949261556843,0.74813375195606,20.95,-0.004761913760243703,0.7445967133518056,21.6,-0.027398974188114388,0.7453693252808256,23.6,0.012793351459909542,0.7498896023643195,0.7709480303186366
2024-02-29,19.15,17.45,19.15,16.1,0,0.09296306697821885,0.09742120343839544,8.0,0.0,0.25,8.0,1.0,0.15,1,1.1432885001731732,0.7715586609735373,0.7709480303186366,0.7105327772656177,0.5801943302999789,0.5618371786265669,19.39,0.9876224858174316,20.68,0.9260154738878142,22.6275,0.8463153242735608,24.959,0.7672583036179333,18.546,1.0325676695783457,21.428571428571445,-1.7612009286470105,-1.2974892965445948,22.6275,27.589829143286916,17.665170856713086,0.43861046454861696,1.1035714285714282,17.45,-0.10335277082735475,0.7478817215453907,19.35,-0.035536734276787316,0.7508123380276143,20.05,-0.04390949261556843,0.74813375195606,21.05,-0.025792754561728953,0.746531923834824,23.0,-0.02575249610241474,0.7513845171526854,0.7710972377134195
2024-03-01,21.05,20.45,21.05,20.0,0,0.09459784450173547,0.09921671018276768,8.0,0.0,0.25,8.0,1.0,0.15,1,1.4078067934108862,0.9559719063425434,0.7710972377134195,0.7347218989863863,0.5950168059540868,0.569258548043585,19.41,1.0844925296239052,20.535000000000004,1.025079133187241,22.330000000000002,0.9426780116435288,24.928,0.8444319640564827,18.60125,1.131644378737988,39.40886699507391,-1.6151663474429405,-1.361024706724264,22.330000000000002,26.885320775578812,17.77467922442119,0.40800006946518674,1.0785714285714285,19.15,0.09296306697821885,0.7709480303186366,17.45,-0.10335277082735475,0.7478817215453907,19.35,-0.035536734276787316,0.7508123380276143,20.95,-0.004761913760243703,0.7445967133518056,22.5,-0.02197890671877523,0.7514548063573816,0.7031520006923244
2024-03-04,20.85,21.1,21.3,20.7,0,-0.009546611883579888,-0.009501187648455978,8.0,0.0,0.25,8.0,1.0,0.15,1,1.3591148505024324,0.955310245610355,0.7031520006923244,0.7351152785140626,0.5932933818327984,0.5693993652195938,19.57,1.0654062340316812,20.37,1.0235640648011781,22.072499999999998,0.9446143391097521,24.886999999999997,0.8377867963193637,18.65475,1.1176778032404617,38.04878048780489,-1.4982997513720235,-1.388479715653816,22.072499999999998,26.326597096360402,17.818402903639594,0.3854658145982924,1.0999999999999999,21.05,0.09459784450173547,0.7710972377134195,19.15,0.09296306697821885,0.7709480303186366,17.45,-0.10335277082735475,0.7478817215453907,20.05,-0.04390949261556843,0.74813375195606,22.5,0.0,0.7453136570125098,0.6980886942847089
2024-03-05,20.85,20.85,20.9,20.0,0,0.0,0.0,8.0,0.0,0.25,8.0,1.0,0.15,1,1.3102227828939166,0.9554020964625393,0.6980886942847089,0.7350276638531316,0.5922843335862732,0.569357802845117,19.869999999999997,1.0493205837946655,20.235,1.0303928836174945,21.84,0.9546703296703297,24.838,0.8394395684032531,18.7085,1.1144666862656012,36.18090452261307,-1.3896629624119399,-1.388716365005441,21.84,25.803730300453818,17.87626969954618,0.36297896524302364,1.0999999999999999,20.85,-0.009546611883579888,0.7031520006923244,21.05,0.09459784450173547,0.7710972377134195,19.15,0.09296306697821885,0.7709480303186366,19.35,-0.035536734276787316,0.7508123380276143,22.2,-0.013423020332140774,0.7437362562204923,0.6973381759074829
2024-03-06,20.65,20.85,20.95,20.65,0,-0.009638628837768858,-0.009592326139088891,8.0,0.0,0.25,8.0,1.0,0.15,1,0.8732729557309594,0.9485417073897354,0.6973381759074829,0.7254680880380431,0.5914853958734927,0.5690189357600531,20.51,1.0068259385665528,20.14,1.0253227408142997,21.615000000000002,0.9553550774924819,24.787,0.8330979949166901,18.761,1.1006875966099887,37.69633507853403,-1.3046664700652961,-1.371906386017412,21.615000000000002,25.28781621475501,17.942183785244993,0.33983957573490714,1.075,20.85,0.0,0.6980886942847089,20.85,-0.009546611883579888,0.7031520006923244,21.05,0.09459784450173547,0.7710972377134195,17.45,-0.10335277082735475,0.7478817215453907,21.6,-0.027398974188114388,0.7453693252808256,0.7014033796558579
2024-03-07,20.0,20.65,20.4,20.0,0,-0.03198304585305065,-0.03147699757869238,8.0,0.0,0.25,8.0,1.0,0.15,1,0.7848849810223463,0.9529318222405277,0.7014033796558579,0.7071640476627159,0.5933674470549382,0.570092330640076,20.68,0.9671179883945842,20.035,0.9982530571499875,21.4025,0.9344702721644668,24.723,0.8089633135137322,18.81,1.063264221158958,37.113402061855666,-1.2750576345223124,-1.3525366357183923,21.4025,24.92199084236237,17.88300915763763,0.32888595653427116,1.05,20.65,-0.009638628837768858,0.6973381759074829,20.85,0.0,0.6980886942847089,20.85,-0.009546611883579888,0.7031520006923244,19.15,0.09296306697821885,0.7709480303186366,21.05,-0.025792754561728953,0.746531923834824,0.6977497805272593
2024-03-08,20.15,20.0,20.15,19.8,0,0.007472014838700836,0.00749999999999984,8.0,0.0,0.25,8.0,1.0,0.15,1,0.23557929586861712,0.955036056419423,0.6977497805272593,0.6991694068226587,0.5933396587305848,0.5690464109388764,20.5,0.9829268292682927,19.955000000000002,1.0097719869706838,21.172500000000003,0.9517062226945328,24.663,0.8170133398207841,18.86,1.0683987274655355,38.07106598984771,-1.2253634455980666,-1.3271019976943272,21.172500000000003,24.356088673510474,17.988911326489532,0.30072865023124057,1.0464285714285713,20.0,-0.03198304585305065,0.7014033796558579,20.65,-0.009638628837768858,0.6973381759074829,20.85,0.0,0.6980886942847089,21.05,0.09459784450173547,0.7710972377134195,20.95,-0.004761913760243703,0.7445967133518056,0.6961525605283666
2024-03-11,20.5,20.15,21.0,20.35,0,0.017220597751670556,0.017369727047146455,8.0,0.0,0.25,8.0,1.0,0.15,1,0.2981365867643528,0.9323502967611591,0.6961525605283666,0.6995783331860924,0.5937402829061877,0.5692179400862541,20.43,1.0034263338228095,20.0,1.025,21.0375,0.9744503862150921,24.61,0.8329947175944739,18.91,1.0840824960338444,41.414141414141426,-1.144544768285936,-1.2905905518126493,21.0375,24.0851695151678,17.989830484832204,0.2897368523035339,1.0392857142857141,20.15,0.007472014838700836,0.6977497805272593,20.0,-0.03198304585305065,0.7014033796558579,20.65,-0.009638628837768858,0.6973381759074829,20.85,-0.009546611883579888,0.7031520006923244,20.05,-0.04390949261556843,0.74813375195606,0.7460624484809133
2024-03-12,22.45,20.5,22.55,20.55,0,0.09086572804390068,0.09512195121951206,8.0,0.0,0.25,8.0,1.0,0.15,1,0.737415436751968,1.0023236508475704,0.7460624484809133,0.7226577124348106,0.5929154074010893,0.5758739816441449,20.75,1.0819277108433734,20.31,1.1053668143771542,20.995,1.0693022148130507,24.588,0.9130470148039693,18.9665,1.1836659373105212,53.77777777777777,-0.9126264909811432,-1.214997739646348,20.995,23.9315034703841,18.0584965296159,0.27973360041763273,1.1071428571428572,20.5,0.017220597751670556,0.6961525605283666,20.15,0.007472014838700836,0.6977497805272593,20.0,-0.03198304585305065,0.7014033796558579,20.85,0.0,0.6980886942847089,19.35,-0.035536734276787316,0.7508123380276143,0.75120204750171
2024-03-13,23.0,22.45,23.95,22.45,0,0.0242036017408864,0.024498886414253906,8.0,0.0,0.25,8.0,1.0,0.15,1,0.7052299019473263,0.7551565767922417,0.75120204750171,0.7238866189311375,0.5903230046289701,0.5759017848452525,21.22,1.0838831291234685,20.865000000000002,1.102324466810448,20.965,1.097066539470546,24.53,0.9376273950264982,19.0265,1.2088403016844929,58.66666666666666,-0.6766491912012498,-1.1073280299573285,20.965,23.79995103457184,18.13004896542816,0.27044608009271076,1.1500000000000001,22.45,0.09086572804390068,0.7460624484809133,20.5,0.017220597751670556,0.6961525605283666,20.15,0.007472014838700836,0.6977497805272593,20.65,-0.009638628837768858,0.6973381759074829,17.45,-0.10335277082735475,0.7478817215453907,0.7517639052578876
2024-03-14,23.35,23.6,24.0,23.2,0,0.01510276818575665,0.01521739130434785,8.0,0.0,0.25,8.0,1.0,0.15,1,0.5398647270577428,0.6618930609775892,0.7517639052578876,0.7078614658296223,0.5764805036765738,0.5760035038448803,21.889999999999997,1.0666971219735042,21.285,1.0970166784120272,20.982499999999998,1.112832122006434,24.497,0.9531779401559375,19.08625,1.2233938044403694,60.434782608695656,-0.456135361559447,-0.9770894962777522,20.982499999999998,23.874098538051584,18.090901461948413,0.2756200203075502,1.207142857142857,23.0,0.0242036017408864,0.75120204750171,22.45,0.09086572804390068,0.7460624484809133,20.5,0.017220597751670556,0.6961525605283666,20.0,-0.03198304585305065,0.7014033796558579,19.15,0.09296306697821885,0.7709480303186366,0.7481542564328857
2024-03-15,23.0,23.35,23.15,22.5,0,-0.015102768185756742,-0.014989293361884481,8.0,0.0,0.25,8.0,1.0,0.15,1,0.6196655415429869,0.5310790628411592,0.7481542564328857,0.7054463112344049,0.5769508329776293,0.576299288981543,22.46,1.0240427426536063,21.479999999999997,1.070763500931099,21.0075,1.0948470784243722,24.426,0.9416195856873824,19.139499999999998,1.201703283784843,63.47031963470318,-0.30609022025535637,-0.842889641073273,21.0075,23.96229538876596,18.05270461123404,0.2813086172810624,1.2035714285714287,23.35,0.01510276818575665,0.7517639052578876,23.0,0.0242036017408864,0.75120204750171,22.45,0.09086572804390068,0.7460624484809133,20.15,0.007472014838700836,0.6977497805272593,21.05,0.09459784450173547,0.7710972377134195,0.7438805257051359
2024-03-18,23.0,23.0,23.6,23.0,0,0.0,0.0,8.0,0.0,0.25,8.0,1.0,0.15,1,0.647282544958197,0.5239290209666336,0.7438805257051359,0.7033405264328505,0.5768079638123297,0.576299288981543,22.96,1.0017421602787455,21.695,1.060152108780825,21.0325,1.093545703078569,24.338,0.9450242419262059,19.192999999999998,1.1983535664044185,67.80487804878047,-0.18504527797716008,-0.7113207684540505,21.0325,24.048296132995127,18.01670386700487,0.2867748610954597,1.1785714285714288,23.0,-0.015102768185756742,0.7481542564328857,23.35,0.01510276818575665,0.7517639052578876,23.0,0.0242036017408864,0.75120204750171,20.5,0.017220597751670556,0.6961525605283666,20.85,-0.009546611883579888,0.7031520006923244,0.7438805257051359
2024-03-19,23.0,23.0,23.7,23.0,0,0.0,0.0,8.0,0.0,0.25,8.0,1.0,0.15,1,0.2413811033664935,0.5239290209666336,0.7438805257051359,0.7030706869065436,0.5765574399004156,0.5761236302718723,23.07,0.9969657563935848,21.91,1.0497489730716567,21.072499999999998,1.0914699252580378,24.204,0.9502561560072715,19.247,1.1949914272354134,83.23353293413172,-0.08810071889336157,-0.5866767585419127,21.072499999999998,24.17351426531435,17.971485734685647,0.29431859203363164,1.092857142857143,23.0,0.0,0.7438805257051359,23.0,-0.015102768185756742,0.7481542564328857,23.35,0.01510276818575665,0.7517639052578876,22.45,0.09086572804390068,0.7460624484809133,20.85,0.0,0.6980886942847089,0.7421422731318563
2024-03-20,22.95,23.0,23.05,22.8,0,-0.0021762794225955173,-0.0021739130434782483,8.0,0.0,0.25,8.0,1.0,0.15,1,0.17023072151956584,0.5174706002027774,0.7421422731318563,0.7010685634741951,0.5765460063145013,0.5760792745617624,23.06,0.9952298352124892,22.14,1.0365853658536586,21.14,1.0856196783349101,24.105999999999998,0.9520451339915375,19.299750000000003,1.18913457428205,78.35820895522386,-0.015131611703569803,-0.4723677291742442,21.14,24.346342398894148,17.933657601105853,0.30334365174022204,0.8928571428571431,23.0,0.0,0.7438805257051359,23.0,0.0,0.7438805257051359,23.0,-0.015102768185756742,0.7481542564328857,23.0,0.0242036017408864,0.75120204750171,20.65,-0.009638628837768858,0.6973381759074829,0.7396633271129028
2024-03-21,23.6,22.95,24.0,22.9,0,0.02792877552501027,0.028322440087146017,8.0,0.0,0.25,8.0,1.0,0.15,1,0.2497604182095872,0.46421323917430896,0.7396633271129028,0.7027926150040575,0.5773504765422691,0.5765752585955909,23.11,1.0212029424491562,22.5,1.048888888888889,21.2675,1.1096743857999296,24.015,0.9827191338746617,19.355,1.2193231723068976,73.39449541284401,0.09406220859274583,-0.3590817416208462,21.2675,24.65637887065898,17.878621129341017,0.31869085418210713,0.835714285714286,22.95,-0.0021762794225955173,0.7421422731318563,23.0,0.0,0.7438805257051359,23.0,0.0,0.7438805257051359,23.35,0.01510276818575665,0.7517639052578876,20.0,-0.03198304585305065,0.7014033796558579,0.7325728879040969
2024-03-22,24.0,23.6,24.1,23.9,0,0.01680711831638119,0.016949152542372836,8.0,0.0,0.25,8.0,1.0,0.15,1,0.21074384729666623,0.4614580687969065,0.7325728879040969,0.702743751040522,0.5769849956625503,0.5745901177354493,23.310000000000002,1.0296010296010294,22.884999999999998,1.0487218702206687,21.419999999999998,1.1204481792717087,23.935,1.0027156883225403,19.4125,1.236316806181584,77.87610619469024,0.21044982040788796,-0.2451754292150994,21.419999999999998,25.016840719005167,17.82315928099483,0.3358394695616404,0.8285714285714286,23.6,0.02792877552501027,0.7396633271129028,22.95,-0.0021762794225955173,0.7421422731318563,23.0,0.0,0.7438805257051359,23.0,-0.015102768185756742,0.7481542564328857,20.15,0.007472014838700836,0.6977497805272593,0.7360334424232534
2024-03-25,23.6,24.0,23.95,23.6,0,-0.016807118316381174,-0.016666666666666607,8.0,0.0,0.25,8.0,1.0,0.15,1,0.27690358419456507,0.492570815057913,0.7360334424232534,0.7035335142241682,0.5770879490845552,0.5743051074710837,23.43,1.0072556551429792,23.195,1.0174606596249192,21.5975,1.0927190647065632,23.835,0.9901405496119152,19.46675,1.212323577381946,72.72727272727272,0.2673295753011473,-0.14267442831185007,21.5975,25.259463091595737,17.935536908404263,0.3391099054608855,0.7928571428571429,24.0,0.01680711831638119,0.7325728879040969,23.6,0.02792877552501027,0.7396633271129028,22.95,-0.0021762794225955173,0.7421422731318563,23.0,0.0,0.7438805257051359,20.5,0.017220597751670556,0.6961525605283666,0.7209097678198955
2024-03-26,23.1,23.6,25.0,23.1,0,-0.021414094503816473,-0.021186440677966045,8.0,0.0,0.25,8.0,1.0,0.15,1,0.33717079558628626,0.2784362104260001,0.7209097678198955,0.7048694157022302,0.5579602832441827,0.5711561610441811,23.450000000000003,0.9850746268656716,23.259999999999998,0.9931212381771283,21.785,1.0603626348404867,23.701,0.9746424201510485,19.518,1.183522901936674,69.29133858267718,0.26896095505739126,-0.06034735163800181,21.785,25.345026611372884,18.224973388627117,0.32683283097295235,0.9071428571428571,23.6,-0.016807118316381174,0.7360334424232534,24.0,0.01680711831638119,0.7325728879040969,23.6,0.02792877552501027,0.7396633271129028,23.0,0.0,0.7438805257051359,22.45,0.09086572804390068,0.7460624484809133,0.7116237180046706
2024-03-27,24.0,23.1,24.15,23.0,0,0.03822121282019767,0.03896103896103886,8.0,0.0,0.25,8.0,1.0,0.15,1,0.4247832229192286,0.3150195920714392,0.7116237180046706,0.7089971675855917,0.5601404641478219,0.5719964928247928,23.660000000000004,1.0143702451394758,23.36,1.0273972602739727,22.1125,1.08535895986433,23.589000000000002,1.0174233753020474,19.573,1.2261789199407347,80.3030303030303,0.33896889127601426,0.01951589694480141,22.1125,25.16189597124948,19.063104028750523,0.27580743663081764,0.9428571428571428,23.1,-0.021414094503816473,0.7209097678198955,23.6,-0.016807118316381174,0.7360334424232534,24.0,0.01680711831638119,0.7325728879040969,22.95,-0.0021762794225955173,0.7421422731318563,23.0,0.0242036017408864,0.75120204750171,0.57958144345474
2024-03-28,24.5,24.0,24.9,24.05,0,0.02061928720273561,0.02083333333333326,8.0,0.0,0.25,8.0,1.0,0.15,1,0.407003222541751,0.3214888486631338,0.57958144345474,0.710127922731858,0.5605830576916875,0.5722256195389628,23.84,1.0276845637583893,23.475,1.0436634717784876,22.38,1.094727435210009,23.489,1.0430414236451104,19.624,1.248471259682022,81.29496402877697,0.4298415604925907,0.10158102965435928,22.38,25.269618441393423,19.490381558606575,0.25823221102711563,0.9821428571428571,24.0,0.03822121282019767,0.7116237180046706,23.1,-0.021414094503816473,0.7209097678198955,23.6,-0.016807118316381174,0.7360334424232534,23.6,0.02792877552501027,0.7396633271129028,23.35,0.01510276818575665,0.7517639052578876,0.508545041459553
2024-04-02,25.0,24.9,25.75,24.5,0,0.02020270731751947,0.020408163265306145,8.0,0.0,0.25,8.0,1.0,0.15,1,0.4125785143691419,0.30887107805094416,0.508545041459553,0.7104397931689486,0.5608014137971947,0.571821269066177,24.04,1.0399334442595674,23.675,1.0559662090813093,22.577499999999997,1.1072970878086592,23.389,1.0688785326435504,19.6705,1.2709387153351466,81.69014084507042,0.5360256567677695,0.18846995507704134,22.577499999999997,25.620261038405896,19.534738961594098,0.26953923493796034,1.0107142857142857,24.5,0.02061928720273561,0.57958144345474,24.0,0.03822121282019767,0.7116237180046706,23.1,-0.021414094503816473,0.7209097678198955,24.0,0.01680711831638119,0.7325728879040969,23.0,-0.015102768185756742,0.7481542564328857,0.44911323575940587
2024-04-03,23.95,25.0,25.0,23.95,0,-0.04290750101127655,-0.04200000000000004,8.0,0.0,0.25,8.0,1.0,0.15,1,0.535422783412681,0.4022822328814335,0.44911323575940587,0.6893982527597083,0.5642201343916801,0.5736736975346592,24.110000000000003,0.9933637494815428,23.770000000000003,1.0075725704669751,22.7325,1.0535576817332013,23.284000000000002,1.0286033327606938,19.719,1.2145646330949844,62.096774193548384,0.5293490865358663,0.25664578136880634,22.7325,25.720066339276467,19.744933660723536,0.2628453834181428,0.9392857142857142,25.0,0.02020270731751947,0.508545041459553,24.5,0.02061928720273561,0.57958144345474,24.0,0.03822121282019767,0.7116237180046706,23.6,-0.016807118316381174,0.7360334424232534,23.0,0.0,0.7438805257051359,0.4747749788768354
2024-04-04,23.0,23.95,23.8,23.0,0,-0.04047410792777457,-0.039665970772442605,8.0,0.0,0.25,8.0,1.0,0.15,1,0.6028974349290884,0.4607451790291305,0.4747749788768354,0.6905005073461297,0.5675871943408501,0.5753851792178811,24.089999999999996,0.9547530095475303,23.770000000000003,0.9676062263357171,22.84,1.0070052539404553,23.169,0.9927057706418059,19.76275,1.1638056444573757,50.0,0.44230221143639525,0.2937770673823241,22.84,25.694101388675765,19.985898611324235,0.24992131249349958,0.8999999999999998,23.95,-0.04290750101127655,0.44911323575940587,25.0,0.02020270731751947,0.508545041459553,24.5,0.02061928720273561,0.57958144345474,23.1,-0.021414094503816473,0.7209097678198955,23.0,0.0,0.7438805257051359,0.48080253542966683
2024-04-05,22.6,23.0,23.1,22.55,0,-0.017544309650909393,-0.017391304347825987,8.0,0.0,0.25,8.0,1.0,0.15,1,0.49554266024438476,0.4691595584254464,0.48080253542966683,0.6797861115107575,0.5683178559246798,0.575780548301092,23.81,0.9491810163796726,23.735,0.9521803244154203,22.9375,0.9852861035422344,23.052999999999997,0.9803496291155166,19.80175,1.141313267766738,44.3609022556391,0.337153779817875,0.3024524098694343,22.9375,25.603637557156986,20.271362442843014,0.2324697597521078,0.8678571428571428,23.0,-0.04047410792777457,0.4747749788768354,23.95,-0.04290750101127655,0.44911323575940587,25.0,0.02020270731751947,0.508545041459553,24.0,0.03822121282019767,0.7116237180046706,22.95,-0.0021762794225955173,0.7421422731318563,0.4793002477683425
2024-04-08,22.5,22.6,23.0,22.3,0,-0.004434597067865864,-0.004424778761062065,8.0,0.0,0.25,8.0,1.0,0.15,1,0.4173255670013579,0.4394348167078212,0.4793002477683425,0.6762559766445821,0.568267456224675,0.5753104571310834,23.41,0.9611277231952157,23.625,0.9523809523809523,23.0625,0.975609756097561,22.932999999999996,0.9811189116120875,19.84,1.1340725806451613,46.09374999999999,0.24295311368008043,0.29055255063156354,23.0625,25.357316814154263,20.767683185845737,0.19900850420849978,0.8571428571428569,22.6,-0.017544309650909393,0.48080253542966683,23.0,-0.04047410792777457,0.4747749788768354,23.95,-0.04290750101127655,0.44911323575940587,24.5,0.02061928720273561,0.57958144345474,23.6,0.02792877552501027,0.7396633271129028,0.719049747829204
2024-04-12,19.3,20.7,21.05,19.0,0,-0.15341021329953447,-0.14222222222222214,8.0,0.0,0.25,8.0,1.0,0.15,1,0.9374334078883493,0.8470770565753596,0.719049747829204,0.719089481467054,0.609540292974994,0.5963610655875566,22.27,0.8666367310282892,23.155,0.8335132800690995,23.02,0.8384013900955691,22.747000000000003,0.8484635336527893,19.862000000000002,0.9717047628637598,30.729166666666657,-0.08889017874901839,0.21466400475544717,23.02,25.560285935003726,20.479714064996273,0.22070251390127948,1.0642857142857138,22.5,-0.004434597067865864,0.4793002477683425,22.6,-0.017544309650909393,0.48080253542966683,23.0,-0.04047410792777457,0.4747749788768354,25.0,0.02020270731751947,0.508545041459553,24.0,0.01680711831638119,0.7325728879040969,0.7299162372151357
2024-04-15,18.55,19.3,19.5,18.55,0,-0.03963530685739575,-0.03886010362694303,8.0,0.0,0.25,8.0,1.0,0.15,1,0.9396640251769588,0.8510556272110404,0.7299162372151357,0.7127384527566789,0.6119955578886526,0.5978782571701418,21.190000000000005,0.8754129306276544,22.65,0.8189845474613687,22.9225,0.8092485549132948,22.558000000000003,0.8223246741732422,19.88025,0.9330868575596384,28.502415458937193,-0.40769742861513336,0.09019171808133107,22.9225,25.96923682210274,19.87576317789726,0.2658293660903253,1.0821428571428569,19.3,-0.15341021329953447,0.719049747829204,22.5,-0.004434597067865864,0.4793002477683425,22.6,-0.017544309650909393,0.48080253542966683,23.95,-0.04290750101127655,0.44911323575940587,23.6,-0.016807118316381174,0.7360334424232534,0.783562965034191
2024-04-16,16.95,18.5,18.5,16.7,0,-0.09020195522698495,-0.08625336927223726,8.0,0.0,0.25,8.0,1.0,0.15,1,0.970063737412964,0.912839405518655,0.783562965034191,0.7311986871699244,0.6255043113044474,0.6050740689190063,19.98,0.8483483483483483,22.035000000000004,0.769230769230769,22.6475,0.7484269786952201,22.393,0.7569329701245925,19.89025,0.8521763175425144,24.789915966386545,-0.7804643915744514,-0.08393950384982542,22.6475,26.700500837585963,18.59449916241404,0.35792037422108064,1.1964285714285712,18.55,-0.03963530685739575,0.7299162372151357,19.3,-0.15341021329953447,0.719049747829204,22.5,-0.004434597067865864,0.4793002477683425,23.0,-0.04047410792777457,0.4747749788768354,23.1,-0.021414094503816473,0.7209097678198955,0.7080427066328654
2024-04-17,17.4,16.95,18.0,17.25,0,0.026202372394024117,0.026548672566371723,8.0,0.0,0.25,8.0,1.0,0.15,1,1.1301586907236958,0.8890194534093429,0.7080427066328654,0.734388624421093,0.6265416631900211,0.6055320173144524,18.94,0.918690601900739,21.375,0.8140350877192982,22.3675,0.7779143847099586,22.287,0.7807241889890968,19.901,0.8743279232199387,23.504273504273485,-1.0277266629348922,-0.2726969356668388,22.3675,27.043786763526775,17.691213236473224,0.418132269008765,1.1928571428571426,16.95,-0.09020195522698495,0.783562965034191,18.55,-0.03963530685739575,0.7299162372151357,19.3,-0.15341021329953447,0.719049747829204,22.6,-0.017544309650909393,0.48080253542966683,24.0,0.03822121282019767,0.7116237180046706,0.6958384977182197
2024-04-18,17.25,17.4,17.55,17.2,0,-0.008658062743114541,-0.008620689655172376,8.0,0.0,0.25,8.0,1.0,0.15,1,1.1192354315660686,0.8517191306541397,0.6958384977182197,0.7320612678030886,0.6266330744774959,0.6056314609083017,17.89,0.9642258244829514,20.65,0.8353510895883778,22.0625,0.7818696883852692,22.133000000000003,0.7793792075181855,19.90825,0.8664749538507905,20.52401746724891,-1.2217044919160394,-0.4624984469166789,22.0625,27.23803709391839,16.88696290608161,0.46917050143169536,1.182142857142857,17.4,0.026202372394024117,0.7080427066328654,16.95,-0.09020195522698495,0.783562965034191,18.55,-0.03963530685739575,0.7299162372151357,22.5,-0.004434597067865864,0.4793002477683425,24.5,0.02061928720273561,0.57958144345474,0.6879097103990416
2024-04-19,17.0,17.0,17.2,16.8,0,-0.014598799421152636,-0.01449275362318836,8.0,0.0,0.25,8.0,1.0,0.15,1,0.685628901028281,0.8051054840870634,0.6879097103990416,0.7253134606838485,0.6264682054071432,0.6058207285595713,17.43,0.9753298909925416,19.85,0.8564231738035264,21.7625,0.7811602527283171,21.933000000000003,0.7750877672912961,19.910249999999998,0.8538315691666354,20.796460176991133,-1.3797018850845575,-0.6459391345502546,21.7625,27.385467469041025,16.139532530958974,0.5167574928469639,1.1857142857142855,17.25,-0.008658062743114541,0.6958384977182197,17.4,0.026202372394024117,0.7080427066328654,16.95,-0.09020195522698495,0.783562965034191,19.3,-0.15341021329953447,0.719049747829204,25.0,0.02020270731751947,0.508545041459553,0.6880035147755078
2024-04-22,16.8,17.05,17.25,16.8,0,-0.011834457647002796,-0.0117647058823529,8.0,0.0,0.25,8.0,1.0,0.15,1,0.6775689728511095,0.815458230223296,0.6880035147755078,0.7253230160903971,0.6229551968262173,0.6054676585966992,17.08,0.9836065573770493,19.134999999999998,0.8779723020642802,21.4525,0.7831255098473372,21.749000000000002,0.7724493080141616,19.903,0.844093855197709,21.363636363636346,-1.5037203340332859,-0.8174953744468609,21.4525,27.458766464460616,15.446233535539386,0.5599595818166289,1.082142857142857,17.0,-0.014598799421152636,0.6879097103990416,17.25,-0.008658062743114541,0.6958384977182197,17.4,0.026202372394024117,0.7080427066328654,18.55,-0.03963530685739575,0.7299162372151357,23.95,-0.04290750101127655,0.44911323575940587,0.6936591908947335
2024-04-23,16.05,16.8,17.0,15.95,0,-0.04567003683318832,-0.044642857142857095,8.0,0.0,0.25,8.0,1.0,0.15,1,0.4051205364644119,0.8167690855747157,0.6936591908947335,0.7289161456078299,0.6260719862964176,0.6073330373073657,16.9,0.9497041420118344,18.44,0.8703904555314533,21.105,0.7604832977967306,21.560000000000006,0.7444341372912799,19.8975,0.8066339992461364,13.364055299539174,-1.6435784312548485,-0.9827119858084585,21.105,27.524288368494883,14.685711631505118,0.60831920099454,1.075,16.8,-0.011834457647002796,0.6880035147755078,17.0,-0.014598799421152636,0.6879097103990416,17.25,-0.008658062743114541,0.6958384977182197,16.95,-0.09020195522698495,0.783562965034191,23.0,-0.04047410792777457,0.4747749788768354,0.6936591908947335
2024-04-24,16.05,16.05,16.7,16.05,0,0.0,0.0,8.0,0.0,0.25,8.0,1.0,0.15,1,0.27603097835087415,0.8324539949911769,0.6936591908947335,0.7272086070693324,0.6251496164251998,0.607270557051092,16.630000000000003,0.9651232711966324,17.785,0.9024458813606973,20.759999999999998,0.7731213872832371,21.378,0.750771821498737,19.88825,0.807009163702186,9.178743961352652,-1.7344236250181275,-1.1330543136503923,20.759999999999998,27.495655323097964,14.024344676902034,0.6489070638822703,1.0571428571428572,16.05,-0.04567003683318832,0.6936591908947335,16.8,-0.011834457647002796,0.6880035147755078,17.0,-0.014598799421152636,0.6879097103990416,17.4,0.026202372394024117,0.7080427066328654,22.6,-0.017544309650909393,0.48080253542966683,0.693410431731197
2024-04-25,16.0,16.05,16.25,16.0,0,-0.003120127336243634,-0.0031152647975077885,8.0,0.0,0.25,8.0,1.0,0.15,1,0.2880418593825952,0.833796144104145,0.693410431731197,0.726495241065496,0.6250999050244355,0.6072864551211812,16.380000000000003,0.9768009768009767,17.134999999999998,0.9337613072658303,20.380000000000003,0.7850834151128556,21.213,0.7542544666006694,19.8765,0.8049706940356702,4.5454545454545325,-1.7898217269692083,-1.2644077963141556,20.380000000000003,27.296144347219624,13.46385565278038,0.6787187779410816,0.9857142857142858,16.05,0.0,0.6936591908947335,16.05,-0.04567003683318832,0.6936591908947335,16.8,-0.011834457647002796,0.6880035147755078,17.25,-0.008658062743114541,0.6958384977182197,22.5,-0.004434597067865864,0.4793002477683425,0.7013308889927506
2024-04-26,16.6,16.0,16.9,16.0,0,0.0368139731227164,0.03750000000000009,8.0,0.0,0.25,8.0,1.0,0.15,1,0.4680571836124443,0.5796959027238473,0.7013308889927506,0.7322635122552873,0.6272321949623835,0.6082554098024747,16.3,1.0184049079754602,16.865,0.984286984879929,20.01,0.8295852073963018,21.05,0.7885985748218528,19.86575,0.8356090255842343,11.111111111111114,-1.7649647216377815,-1.3645191813788808,20.01,26.902452011936038,13.117547988063965,0.6889007508181945,0.9749999999999999,16.0,-0.003120127336243634,0.693410431731197,16.05,0.0,0.6936591908947335,16.05,-0.04567003683318832,0.6936591908947335,17.0,-0.014598799421152636,0.6879097103990416,19.3,-0.15341021329953447,0.719049747829204,0.7039138481798993
2024-04-29,16.95,16.6,17.45,16.6,0,0.02086513846396154,0.02108433734939741,8.0,0.0,0.25,8.0,1.0,0.15,1,0.493790812308046,0.587418027117895,0.7039138481798993,0.734605715792525,0.6279242950157523,0.6084779776383153,16.330000000000002,1.037966932026944,16.705000000000002,1.0146662675845555,19.677500000000002,0.8613899123364247,20.925,0.8100358422939068,19.856,0.8536462530217566,15.819209039548,-1.697456073909315,-1.4311065598849677,19.677500000000002,26.481792375908107,12.873207624091899,0.6915809809079511,0.9678571428571426,16.6,0.0368139731227164,0.7013308889927506,16.0,-0.003120127336243634,0.693410431731197,16.05,0.0,0.6936591908947335,16.8,-0.011834457647002796,0.6880035147755078,18.55,-0.03963530685739575,0.7299162372151357,0.7048761021736994
2024-04-30,16.85,16.95,17.25,16.85,0,-0.005917177028088396,-0.005899705014749124,8.0,0.0,0.25,8.0,1.0,0.15,1,0.2929444318616333,0.37537337287664757,0.7048761021736994,0.7342368611476651,0.6274695353290262,0.6083688093774426,16.490000000000002,1.021831412977562,16.695,1.0092842168313867,19.365000000000002,0.8701265169119545,20.796,0.8102519715329872,19.85,0.8488664987405542,16.374269005847935,-1.633197662453565,-1.4715247803986873,19.365000000000002,26.080974671592557,12.649025328407447,0.693619898950948,0.9571428571428567,16.95,0.02086513846396154,0.7039138481798993,16.6,0.0368139731227164,0.7013308889927506,16.0,-0.003120127336243634,0.693410431731197,16.05,-0.04567003683318832,0.6936591908947335,16.95,-0.09020195522698495,0.783562965034191,0.7286806020671461
2024-05-02,17.5,16.85,17.8,17.4,0,0.03785022413109753,0.03857566765578624,8.0,0.0,0.25,8.0,1.0,0.15,1,0.3341042741201816,0.4022453924958999,0.7286806020671461,0.7396823650527597,0.6296977983472527,0.6022497059326911,16.78,1.0429082240762813,16.705000000000002,1.0475905417539657,19.04,0.9191176470588236,20.674,0.846473831866112,19.851,0.8815676792101154,22.52747252747251,-1.5123889621682558,-1.479697616752601,19.04,25.43289078833496,12.647109211665038,0.6715221416318236,0.9749999999999996,16.85,-0.005917177028088396,0.7048761021736994,16.95,0.02086513846396154,0.7039138481798993,16.6,0.0368139731227164,0.7013308889927506,16.05,0.0,0.6936591908947335,17.4,0.026202372394024117,0.7080427066328654,0.7051101858126125
2024-05-03,17.4,17.5,18.4,17.0,0,-0.005730674708985095,-0.005714285714285783,8.0,0.0,0.25,8.0,1.0,0.15,1,0.3445074557317853,0.4006295247664613,0.7051101858126125,0.7391897659730559,0.6297545985870933,0.5986366545236067,17.060000000000002,1.0199296600234464,16.720000000000002,1.04066985645933,18.685000000000002,0.931228257960931,20.561999999999998,0.8462211847096586,19.859750000000002,0.8761439595161066,34.16666666666663,-1.4084802771906695,-1.4654541488402146,18.685000000000002,24.569600777944803,12.800399222055201,0.629874313935756,0.8249999999999995,17.5,0.03785022413109753,0.7286806020671461,16.85,-0.005917177028088396,0.7048761021736994,16.95,0.02086513846396154,0.7039138481798993,16.0,-0.003120127336243634,0.693410431731197,17.25,-0.008658062743114541,0.6958384977182197,0.7127495426881827
2024-05-06,17.95,17.4,18.5,17.65,0,0.031119908713804472,0.031609195402298784,8.0,0.0,0.25,8.0,1.0,0.15,1,0.32548947940995254,0.4166339430862621,0.7127495426881827,0.7158172770491822,0.6310654250774435,0.5987796140582389,17.330000000000002,1.0357761107905366,16.815,1.0674992566161163,18.332500000000003,0.9791354152461473,20.471,0.8768501783010112,19.87475,0.9031560145410634,44.82758620689654,-1.2671446376533488,-1.4257922466028417,18.332500000000003,23.414177613585906,13.250822386414098,0.5543900301198312,0.8357142857142854,17.4,-0.005730674708985095,0.7051101858126125,17.5,0.03785022413109753,0.7286806020671461,16.85,-0.005917177028088396,0.7048761021736994,16.6,0.0368139731227164,0.7013308889927506,17.0,-0.014598799421152636,0.6879097103990416,0.7013326715320372
2024-05-07,17.7,17.95,18.0,17.7,0,-0.014025475354504434,-0.013927576601671321,8.0,0.0,0.25,8.0,1.0,0.15,1,0.3798897000797641,0.41931379130551905,0.7013326715320372,0.6872102180444747,0.6313932696844291,0.5978756573576742,17.479999999999997,1.0125858123569795,16.905,1.0470275066548358,18.02,0.9822419533851277,20.375,0.8687116564417178,19.88125,0.8902860735617729,58.42696629213484,-1.1619142119457209,-1.3730166396714174,18.02,22.36201020629593,13.677989793704068,0.481910122785342,0.7249999999999996,17.95,0.031119908713804472,0.7127495426881827,17.4,-0.005730674708985095,0.7051101858126125,17.5,0.03785022413109753,0.7286806020671461,16.95,0.02086513846396154,0.7039138481798993,16.8,-0.011834457647002796,0.6880035147755078,0.6948988367861241
2024-05-08,17.35,17.7,17.6,17.35,0,-0.01997213318691513,-0.0197740112994349,8.0,0.0,0.25,8.0,1.0,0.15,1,0.42436568995543306,0.34530098729636366,0.6948988367861241,0.6580687085684312,0.6291013809989477,0.5981529779810586,17.580000000000002,0.9869169510807736,17.035,1.0184913413560317,17.7375,0.97815362931642,20.278,0.8556070618404183,19.8845,0.8725389122180593,49.42528735632187,-1.0941477620386522,-1.3172428641448644,17.7375,21.39678882938218,14.07821117061782,0.4126048010578921,0.6749999999999995,17.7,-0.014025475354504434,0.7013326715320372,17.95,0.031119908713804472,0.7127495426881827,17.4,-0.005730674708985095,0.7051101858126125,16.85,-0.005917177028088396,0.7048761021736994,16.05,-0.04567003683318832,0.6936591908947335,0.6933394007411215
2024-05-09,17.5,17.35,17.7,17.35,0,0.008608374536600101,0.008645533141210304,8.0,0.0,0.25,8.0,1.0,0.15,1,0.32445738109019767,0.34255753677395995,0.6933394007411215,0.6359209766479489,0.6279449993081346,0.5977735015239986,17.580000000000002,0.9954493742889646,17.18,1.0186263096623982,17.4825,1.0010010010010009,20.196,0.8665082194493958,19.889,0.8798833526069687,52.87356321839081,-1.01661965727342,-1.2571182227705755,17.4825,20.33746336044314,14.627536639556862,0.3266081350428302,0.6749999999999992,17.35,-0.01997213318691513,0.6948988367861241,17.7,-0.014025475354504434,0.7013326715320372,17.95,0.031119908713804472,0.7127495426881827,17.5,0.03785022413109753,0.7286806020671461,16.05,0.0,0.6936591908947335,0.6935744872359738
2024-05-10,17.4,17.5,17.6,17.4,0,-0.005730674708985095,-0.005714285714285783,8.0,0.0,0.25,8.0,1.0,0.15,1,0.32445738109019767,0.3453085128364472,0.6935744872359738,0.6328227877585462,0.6277818667409344,0.5977764647662304,17.58,0.9897610921501707,17.32,1.0046189376443417,17.2275,1.0100130605137134,20.123,0.8646822044426774,19.8925,0.8747015206736207,54.761904761904745,-0.9522700634285926,-1.196148590902179,17.2275,18.833238066074664,15.621761933925333,0.18641568028729247,0.6571428571428566,17.5,0.008608374536600101,0.6933394007411215,17.35,-0.01997213318691513,0.6948988367861241,17.7,-0.014025475354504434,0.7013326715320372,17.4,-0.005730674708985095,0.7051101858126125,16.0,-0.003120127336243634,0.693410431731197,0.6933961755739241
2024-05-13,17.3,17.4,18.0,17.3,0,-0.0057637047167499065,-0.005747126436781436,8.0,0.0,0.25,8.0,1.0,0.15,1,0.1709156208403985,0.3116807549486409,0.6933961755739241,0.6322679095064578,0.627836479550358,0.5975862575952026,17.45,0.9914040114613182,17.39,0.9948246118458884,17.1275,1.0100715224054881,20.05,0.8628428927680798,19.887249999999998,0.869904084275101,56.097560975609774,-0.898978842456966,-1.1367146412131364,17.1275,18.40544036595863,15.849559634041373,0.1492267249696252,0.6749999999999995,17.4,-0.005730674708985095,0.6935744872359738,17.5,0.008608374536600101,0.6933394007411215,17.35,-0.01997213318691513,0.6948988367861241,17.95,0.031119908713804472,0.7127495426881827,16.6,0.0368139731227164,0.7013308889927506,0.467462691354547
2024-05-14,17.3,17.35,17.4,17.25,0,0.0,0.0,8.0,0.0,0.25,8.0,1.0,0.15,1,0.16545933480476385,0.2975938904966174,0.467462691354547,0.6321913488876039,0.627836479550358,0.5956246780898867,17.37,0.9959700633275763,17.425,0.9928263988522238,17.065,1.0137708760621154,19.995,0.865216304076019,19.884,0.8700462683564675,68.65671641791047,-0.8469816882204277,-1.0787680506145947,17.065,18.159050898459554,15.970949101540446,0.128221611304958,0.610714285714285,17.3,-0.0057637047167499065,0.6933961755739241,17.4,-0.005730674708985095,0.6935744872359738,17.5,0.008608374536600101,0.6933394007411215,17.7,-0.014025475354504434,0.7013326715320372,16.95,0.02086513846396154,0.7039138481798993,0.45045083203315245
2024-05-15,17.2,17.3,17.3,17.15,0,-0.005797117684325958,-0.005780346820809301,8.0,0.0,0.25,8.0,1.0,0.15,1,0.09998806961938529,0.29750455833324685,0.45045083203315245,0.6291452894336929,0.6277688489280221,0.5951580871498944,17.339999999999996,0.9919261822376011,17.46,0.9851088201603665,17.0775,1.0071731810862246,19.951999999999998,0.8620689655172414,19.88,0.8651911468812877,66.66666666666666,-0.8045681720724787,-1.0239280749061714,17.0775,18.171731285086597,15.983268714913404,0.12814888421450407,0.5749999999999995,17.3,0.0,0.467462691354547,17.3,-0.0057637047167499065,0.6933961755739241,17.4,-0.005730674708985095,0.6935744872359738,17.35,-0.01997213318691513,0.6948988367861241,16.85,-0.005917177028088396,0.7048761021736994,0.3263650616282225
2024-05-16,16.95,17.2,17.15,16.8,0,-0.014641549992948118,-0.014534883720930258,8.0,0.0,0.25,8.0,1.0,0.15,1,0.08328391709476313,0.2296209783519492,0.3263650616282225,0.6271916351996124,0.6280952466493092,0.5951989481882809,17.229999999999997,0.9837492745211841,17.405,0.9738580867566791,17.055,0.9938434476693052,19.942,0.8499648982047938,19.879,0.8526585844358368,63.01369863013699,-0.7821123611637191,-0.975564932157681,17.055,18.139775019118883,15.970224980881119,0.12720903185211166,0.5857142857142852,17.2,-0.005797117684325958,0.45045083203315245,17.3,0.0,0.467462691354547,17.3,-0.0057637047167499065,0.6933961755739241,17.5,0.008608374536600101,0.6933394007411215,17.5,0.03785022413109753,0.7286806020671461,0.3124871709895972
2024-05-17,17.0,16.95,17.1,16.9,0,0.0029455102297569658,0.002949852507374784,8.0,0.0,0.25,8.0,1.0,0.15,1,0.10699157884772155,0.2310626123955937,0.3124871709895972,0.6159644433178334,0.6280958344792666,0.5905026483302578,17.15,0.9912536443148688,17.365000000000002,0.9789807083213359,17.0425,0.997506234413965,19.899,0.854314287150108,19.87725,0.8552490912978405,56.4516129032258,-0.7516172117490036,-0.9307753880759456,17.0425,18.123569158895442,15.961430841104558,0.12686743833304293,0.5357142857142855,16.95,-0.014641549992948118,0.3263650616282225,17.2,-0.005797117684325958,0.45045083203315245,17.3,0.0,0.467462691354547,17.4,-0.005730674708985095,0.6935744872359738,17.4,-0.005730674708985095,0.7051101858126125,0.311288233335525
2024-05-20,17.0,17.0,17.25,16.9,0,0.0,0.0,8.0,0.0,0.25,8.0,1.0,0.15,1,0.11096709041650593,0.13967355629325715,0.311288233335525,0.6157623298305472,0.6280838596657133,0.5891155682122142,17.089999999999996,0.9947337624341722,17.270000000000003,0.9843659525188185,17.0425,0.997506234413965,19.817999999999998,0.8578060349177516,19.874750000000002,0.8553566711530962,50.90909090909092,-0.7191595623585698,-0.8884522229324705,17.0425,18.123569158895442,15.961430841104558,0.12686743833304293,0.5,17.0,0.0029455102297569658,0.3124871709895972,16.95,-0.014641549992948118,0.3263650616282225,17.2,-0.005797117684325958,0.45045083203315245,17.3,-0.0057637047167499065,0.6933961755739241,17.95,0.031119908713804472,0.7127495426881827,0.3073222693604336
2024-05-21,16.95,17.0,17.1,16.95,0,-0.002945510229756803,-0.002941176470588225,8.0,0.0,0.25,8.0,1.0,0.15,1,0.10701637717301898,0.13143004160293972,0.3073222693604336,0.6147170849964938,0.6280450150802636,0.588267546914696,17.02,0.9958871915393654,17.195,0.9857516719976737,17.05,0.9941348973607037,19.74,0.8586626139817629,19.8745,0.8528516440665173,51.85185185185181,-0.689522833493033,-0.848666345044583,17.05,18.126055173697527,15.973944826302475,0.12622348078563353,0.4821428571428574,17.0,0.0,0.311288233335525,17.0,0.0029455102297569658,0.3124871709895972,16.95,-0.014641549992948118,0.3263650616282225,17.3,0.0,0.467462691354547,17.7,-0.014025475354504434,0.7013326715320372,0.3044877385522832
2024-05-22,17.0,16.95,17.45,16.9,0,0.0029455102297569658,0.002949852507374784,8.0,0.0,0.25,8.0,1.0,0.15,1,0.11585226513119316,0.10214706331383047,0.3044877385522832,0.6135057279137025,0.6280454322753001,0.5882144564617691,16.98,1.0011778563015312,17.16,0.9906759906759907,17.0975,0.9942974119023249,19.663,0.8645679702995474,19.8765,0.8552813624128996,38.0952380952381,-0.6544567600685482,-0.809824428049376,17.0975,18.066207766481313,16.128792233518688,0.11331572060024125,0.4535714285714289,16.95,-0.002945510229756803,0.3073222693604336,17.0,0.0,0.311288233335525,17.0,0.0029455102297569658,0.3124871709895972,17.2,-0.005797117684325958,0.45045083203315245,17.35,-0.01997213318691513,0.6948988367861241,0.2780048295816993
2024-05-23,16.5,17.0,17.0,16.45,0,-0.02985296314968116,-0.02941176470588236,8.0,0.0,0.25,8.0,1.0,0.15,1,0.22059644973855635,0.15742105046915605,0.2780048295816993,0.6146031220376178,0.629451759598799,0.5889394196278219,16.89,0.9769094138543517,17.06,0.9671746776084409,17.119999999999997,0.9637850467289721,19.58,0.8426966292134832,19.87625,0.83013646940444,32.00000000000003,-0.6594111839089791,-0.7797417792212966,17.119999999999997,18.00341442858416,16.236585571415834,0.1032026201617014,0.39285714285714335,17.0,0.0029455102297569658,0.3044877385522832,16.95,-0.002945510229756803,0.3073222693604336,17.0,0.0,0.311288233335525,16.95,-0.014641549992948118,0.3263650616282225,17.5,0.008608374536600101,0.6933394007411215,0.27916277832974773
2024-05-24,16.4,16.5,16.55,16.3,0,-0.006079046076382226,-0.0060606060606061,8.0,0.0,0.25,8.0,1.0,0.15,1,0.20808392071273435,0.1574212606390204,0.27916277832974773,0.6145254538710688,0.6294863598678863,0.5889538773507796,16.77,0.9779367918902802,16.96,0.9669811320754715,17.14,0.9568261376896148,19.508,0.8406807463604674,19.871000000000002,0.8253233355140656,12.195121951219505,-0.6637554056197565,-0.7565445045009886,17.14,17.929803439903445,16.350196560096556,0.09215909450448592,0.3321428571428576,16.5,-0.02985296314968116,0.2780048295816993,17.0,0.0029455102297569658,0.3044877385522832,16.95,-0.002945510229756803,0.3073222693604336,17.0,0.0029455102297569658,0.3124871709895972,17.4,-0.005730674708985095,0.6935744872359738,0.29967059171510557
2024-05-27,16.95,16.4,17.0,16.7,0,0.032986498996306665,0.0335365853658538,8.0,0.0,0.25,8.0,1.0,0.15,1,0.3577826873973759,0.25091427576064385,0.29967059171510557,0.6189398924364381,0.6312061409402991,0.5897653423861086,16.759999999999998,1.0113365155131266,16.925,1.001477104874446,17.157500000000002,0.9879061634853561,19.444,0.8717342110676816,19.87025,0.8530340584542218,34.042553191489375,-0.6157201900869502,-0.728379641618181,17.157500000000002,17.911628985197424,16.40337101480258,0.08790662802825841,0.35357142857142904,16.4,-0.006079046076382226,0.27916277832974773,16.5,-0.02985296314968116,0.2780048295816993,17.0,0.0029455102297569658,0.3044877385522832,17.0,0.0,0.311288233335525,17.3,-0.0057637047167499065,0.6933961755739241,0.27293104752202796
2024-05-28,17.0,16.95,17.2,16.95,0,0.0029455102297569658,0.002949852507374784,8.0,0.0,0.25,8.0,1.0,0.15,1,0.3577826873973759,0.25201932992510095,0.27293104752202796,0.6173067927355893,0.6312065560459942,0.5897589794301121,16.77,1.0137149672033394,16.895,1.0062148564664102,17.16,0.9906759906759907,19.374,0.8774646433364304,19.86875,0.8556149732620322,41.463414634146325,-0.567080403671369,-0.6961197940288186,17.16,17.91155978156249,16.40844021843751,0.08759438013548852,0.34642857142857203,16.95,0.032986498996306665,0.29967059171510557,16.4,-0.006079046076382226,0.27916277832974773,16.5,-0.02985296314968116,0.2780048295816993,16.95,-0.002945510229756803,0.3073222693604336,17.3,0.0,0.467462691354547,0.26502054002674724
2024-05-29,17.15,17.0,17.25,17.0,0,0.008784829555732811,0.008823529411764675,8.0,0.0,0.25,8.0,1.0,0.15,1,0.36257510983477054,0.25605996993629293,0.26502054002674724,0.6161726190663466,0.6313320574713117,0.5897562075904338,16.8,1.0208333333333333,16.89,1.0153937240970987,17.175,0.9985443959243084,19.268,0.890076811293336,19.867,0.863240549655207,41.463414634146325,-0.5105440421928193,-0.6590046436616188,17.175,17.91234944939657,16.437650550603433,0.08586310910003703,0.339285714285715,17.0,0.0029455102297569658,0.27293104752202796,16.95,0.032986498996306665,0.29967059171510557,16.4,-0.006079046076382226,0.27916277832974773,17.0,0.0029455102297569658,0.3044877385522832,17.2,-0.005797117684325958,0.45045083203315245,0.264065282898265
2024-05-30,17.2,17.15,17.25,17.15,0,0.0029112102074585343,0.00291545189504383,8.0,0.0,0.25,8.0,1.0,0.15,1,0.23466963340578334,0.2433618562778406,0.264065282898265,0.6162873103980478,0.631345910498146,0.5888910733710808,16.939999999999998,1.0153482880755609,16.915,1.0168489506355307,17.16,1.0023310023310024,19.152,0.8980785296574769,19.86575,0.8658117614487246,45.00000000000003,-0.45644240237694333,-0.6184921954046838,17.16,17.881548043408387,16.438451956591614,0.084096508555756,0.3321428571428578,17.15,0.008784829555732811,0.26502054002674724,17.0,0.0029455102297569658,0.27293104752202796,16.95,0.032986498996306665,0.29967059171510557,16.5,-0.02985296314968116,0.2780048295816993,16.95,-0.014641549992948118,0.3263650616282225,0.22749377042335744
2024-05-31,17.2,17.2,17.25,17.2,0,0.0,0.0,8.0,0.0,0.25,8.0,1.0,0.15,1,0.21426871127902172,0.24330902496365867,0.22749377042335744,0.6107098696554646,0.6312917133787457,0.5859969639536361,17.099999999999998,1.0058479532163744,16.935,1.015648066135223,17.15,1.0029154518950438,19.029,0.9038835461663776,19.86425,0.8658771410951835,47.36842105263155,-0.40885345491576786,-0.5765644473069006,17.15,17.86303650161172,16.436963498388277,0.08315294479436988,0.2857142857142865,17.2,0.0029112102074585343,0.264065282898265,17.15,0.008784829555732811,0.26502054002674724,17.0,0.0029455102297569658,0.27293104752202796,16.4,-0.006079046076382226,0.27916277832974773,17.0,0.0029455102297569658,0.3124871709895972,0.226936431897787
2024-06-03,17.15,17.2,17.4,17.15,0,-0.0029112102074584415,-0.0029069767441860517,8.0,0.0,0.25,8.0,1.0,0.15,1,0.06886654271785972,0.244138348502392,0.226936431897787,0.606996576672504,0.628403126134935,0.5858153271346092,17.14,1.0005834305717618,16.949999999999996,1.0117994100294987,17.11,1.0023378141437755,18.912,0.906831641285956,19.86325,0.8634035215787949,46.15384615384611,-0.3708979723759178,-0.535431152320704,17.11,17.71576180832086,16.50423819167914,0.07080792616257864,0.2928571428571437,17.2,0.0,0.22749377042335744,17.2,0.0029112102074585343,0.264065282898265,17.15,0.008784829555732811,0.26502054002674724,16.95,0.032986498996306665,0.29967059171510557,17.0,0.0,0.311288233335525,0.19538725403615526
2024-06-04,17.15,17.15,17.2,17.15,0,0.0,0.0,8.0,0.0,0.25,8.0,1.0,0.15,1,0.07040879960748439,0.24329284198234685,0.19538725403615526,0.5709193693526696,0.6283611045308307,0.5848247985054662,17.169999999999998,0.9988351776354106,16.97,1.01060695344726,17.0825,1.0039514122640127,18.795,0.9124767225325883,19.863249999999997,0.8634035215787951,48.64864864864863,-0.33693401343585094,-0.49573172454373343,17.0825,17.621773390288073,16.543226609711926,0.06313752557155844,0.2857142857142865,17.15,-0.0029112102074584415,0.226936431897787,17.2,0.0,0.22749377042335744,17.2,0.0029112102074585343,0.264065282898265,17.0,0.0029455102297569658,0.27293104752202796,16.95,-0.002945510229756803,0.3073222693604336,0.19064861174764458
2024-06-05,17.15,17.15,17.2,17.1,0,0.0,0.0,8.0,0.0,0.25,8.0,1.0,0.15,1,0.03267825353157319,0.24314126655241738,0.19064861174764458,0.5385696521080896,0.6283177819840031,0.5795020477736891,17.169999999999998,0.9988351776354106,16.985,1.009714453929938,17.072499999999998,1.0045394640503735,18.678,0.9181925259663775,19.86425,0.8633600563826975,56.24999999999996,-0.30648437023852537,-0.4578822536826918,17.072499999999998,17.59813245113227,16.546867548867727,0.06157650620966713,0.264285714285715,17.15,0.0,0.19538725403615526,17.15,-0.0029112102074584415,0.226936431897787,17.2,0.0,0.22749377042335744,17.15,0.008784829555732811,0.26502054002674724,17.0,0.0029455102297569658,0.3044877385522832,0.17883048445240823
2024-06-06,17.2,17.15,17.2,17.15,0,0.0029112102074585343,0.00291545189504383,8.0,0.0,0.25,8.0,1.0,0.15,1,0.03267825353157319,0.1725797964844959,0.17883048445240823,0.5018685659359928,0.6282785966888559,0.5794792364138635,17.169999999999998,1.0017472335468842,17.055,1.008501905599531,17.057499999999997,1.008354096438517,18.563,0.9265743683671821,19.866,0.8658008658008658,56.24999999999996,-0.27514650881340685,-0.42133510470883484,17.057499999999997,17.54769330236481,16.567306697635185,0.05747539819607938,0.2535714285714291,17.15,0.0,0.19064861174764458,17.15,0.0,0.19538725403615526,17.15,-0.0029112102074584415,0.226936431897787,17.2,0.0029112102074585343,0.264065282898265,16.5,-0.02985296314968116,0.2780048295816993,0.1762776634724177
2024-06-07,17.25,17.2,17.3,17.15,0,0.00290275965796141,0.0029069767441860517,8.0,0.0,0.25,8.0,1.0,0.15,1,0.03863339670441797,0.16330725568752777,0.1762776634724177,0.5018469364364682,0.628279918989306,0.5794028699816195,17.18,1.0040745052386497,17.139999999999997,1.0064177362893818,17.05,1.0117302052785924,18.436,0.9356693425905837,19.86875,0.8681975463982385,57.57575757575755,-0.24346987654229224,-0.3857620590755263,17.05,17.52239590888994,16.57760409111006,0.05541300984046215,0.2392857142857149,17.2,0.0029112102074585343,0.17883048445240823,17.15,0.0,0.19064861174764458,17.15,0.0,0.19538725403615526,17.2,0.0,0.22749377042335744,16.4,-0.006079046076382226,0.27916277832974773,0.37111896436002995
2024-06-10,18.95,18.75,18.95,18.1,0,0.09399178805106655,0.09855072463768111,8.0,0.0,0.25,8.0,1.0,0.15,1,0.6573617950289403,0.46463270546719193,0.37111896436002995,0.5380398965870448,0.6421951677605805,0.586577593169158,17.54,1.080387685290764,17.34,1.0928489042675893,17.1325,1.1060849263096453,18.335,1.0335424052358875,19.8785,0.9532912443091782,80.30303030303027,-0.08026488115560682,-0.3246626234915424,17.1325,18.102727862546867,16.162272137453133,0.1132616795618698,0.3500000000000004,17.25,0.00290275965796141,0.1762776634724177,17.2,0.0029112102074585343,0.17883048445240823,17.15,0.0,0.19064861174764458,17.15,-0.0029112102074584415,0.226936431897787,16.95,0.032986498996306665,0.29967059171510557,0.37245017967691124
2024-06-11,19.3,18.95,19.6,18.85,0,0.01830116438240466,0.018469656992084582,8.0,0.0,0.25,8.0,1.0,0.15,1,0.6348037347349734,0.46342996424228966,0.37245017967691124,0.5392260845365969,0.636826152385389,0.5867222627213556,17.97,1.0740122426265999,17.57,1.0984632896983495,17.232499999999998,1.1199767880458438,18.249000000000002,1.0575921968327031,19.889750000000003,0.9703490491333475,81.94444444444441,0.07643720789271313,-0.24444265721469133,17.232499999999998,18.604503912837423,15.860496087162572,0.15923445963585384,0.36428571428571466,18.95,0.09399178805106655,0.37111896436002995,17.25,0.00290275965796141,0.1762776634724177,17.2,0.0029112102074585343,0.17883048445240823,17.15,0.0,0.19538725403615526,17.0,0.0029455102297569658,0.27293104752202796,0.3791053735962328
2024-06-13,19.0,19.3,19.3,19.0,0,-0.015666116744399463,-0.015544041450777257,8.0,0.0,0.25,8.0,1.0,0.15,1,0.67968543415648,0.48495273772334235,0.3791053735962328,0.5364045376722583,0.6251033888212489,0.5869522216895265,18.339999999999996,1.0359869138495095,17.755,1.0701210926499578,17.322499999999998,1.0968393707605717,18.167,1.0458523696812903,19.9005,0.9547498806562649,86.76470588235287,0.1744067966582925,-0.16067276644009457,17.322499999999998,18.905460251520495,15.739539748479501,0.18276348697018294,0.3464285714285718,19.3,0.01830116438240466,0.37245017967691124,18.95,0.09399178805106655,0.37111896436002995,17.25,0.00290275965796141,0.1762776634724177,17.15,0.0,0.19064861174764458,17.15,0.008784829555732811,0.26502054002674724,0.38599765486356463
2024-06-14,18.65,19.0,19.05,18.65,0,-0.01859283307661597,-0.018421052631579005,8.0,0.0,0.25,8.0,1.0,0.15,1,0.7300023064863617,0.5056309679757603,0.38599765486356463,0.5373003237746431,0.6211036702371457,0.587016611122467,18.630000000000003,1.0010735373054211,17.9,1.041899441340782,17.4075,1.0713772799080856,18.06,1.0326688815060907,19.90975,0.936726980499504,80.82191780821913,0.22125582721071524,-0.08428704770993262,17.4075,19.085931285142905,15.729068714857094,0.19284001552697466,0.35714285714285765,19.0,-0.015666116744399463,0.3791053735962328,19.3,0.01830116438240466,0.37245017967691124,18.95,0.09399178805106655,0.37111896436002995,17.2,0.0029112102074585343,0.17883048445240823,17.2,0.0029112102074585343,0.264065282898265,0.3830903647132288
2024-06-19,19.0,18.65,19.25,18.9,0,0.018592833076615925,0.018766756032171594,8.0,0.0,0.25,8.0,1.0,0.15,1,0.7204497159804291,0.5059120731215736,0.3830903647132288,0.5374988019592697,0.6214247902227732,0.587231778698,18.98,1.0010537407797682,18.08,1.0508849557522124,17.5075,1.0852491789233185,17.95,1.0584958217270195,19.9235,0.9536477024619168,79.71014492753619,0.2833597021197569,-0.010757697743994717,17.5075,19.316912524608366,15.698087475391636,0.20670141649103124,0.35714285714285765,18.65,-0.01859283307661597,0.38599765486356463,19.0,-0.015666116744399463,0.3791053735962328,19.3,0.01830116438240466,0.37245017967691124,17.25,0.00290275965796141,0.1762776634724177,17.2,0.0,0.22749377042335744,0.38346741017351854
2024-06-20,19.0,19.0,19.0,18.7,0,0.0,0.0,8.0,0.0,0.25,8.0,1.0,0.15,1,0.28290025673592223,0.5040470042110824,0.38346741017351854,0.503907104152794,0.6214188534728359,0.5871469716468892,18.990000000000002,1.0005265929436544,18.265,1.0402408978921434,17.607499999999998,1.0790856169246061,17.83,1.0656197420078521,19.93575,0.9530617107457708,79.4117647058823,0.328787413776471,0.057151324560098436,17.607499999999998,19.517108667543425,15.697891332456573,0.21690855232638664,0.36071428571428626,19.0,0.018592833076615925,0.3830903647132288,18.65,-0.01859283307661597,0.38599765486356463,19.0,-0.015666116744399463,0.3791053735962328,18.95,0.09399178805106655,0.37111896436002995,17.15,-0.0029112102074584415,0.226936431897787,0.38346741017351854
2024-06-21,19.0,19.0,19.2,19.0,0,0.0,0.0,8.0,0.0,0.25,8.0,1.0,0.15,1,0.2364887000401405,0.5040470042110824,0.38346741017351854,0.5009814747983216,0.6212445905615677,0.5795458171847228,18.93,1.0036978341257263,18.45,1.029810298102981,17.71,1.0728402032749857,17.730999999999998,1.0715695674242853,19.95075,0.9523451499317068,78.46153846153842,0.36063206064396525,0.1178474717768718,17.71,19.68979265261984,15.730207347380162,0.2235790686188412,0.35714285714285765,19.0,0.0,0.38346741017351854,19.0,0.018592833076615925,0.3830903647132288,18.65,-0.01859283307661597,0.38599765486356463,19.3,0.01830116438240466,0.37245017967691124,17.15,0.0,0.19538725403615526,0.38643650173428173
2024-06-24,18.8,19.0,19.0,18.75,0,-0.01058210933053686,-0.010526315789473606,8.0,0.0,0.25,8.0,1.0,0.15,1,0.22181347564565,0.5127922849583744,0.38643650173428173,0.4998347162246623,0.6112684513177893,0.5722059292541621,18.89,0.9952355743779778,18.615000000000002,1.009938221864088,17.8,1.0561797752808988,17.647000000000002,1.0653368844562814,19.962,0.9417893998597335,73.52941176470587,0.36551738727070315,0.16738145487563807,17.8,19.807354897423373,15.792645102576628,0.22554549409251373,0.36785714285714327,19.0,0.0,0.38346741017351854,19.0,0.0,0.38346741017351854,19.0,0.018592833076615925,0.3830903647132288,19.0,-0.015666116744399463,0.3791053735962328,17.15,0.0,0.19064861174764458,0.38728740014727026
2024-06-25,18.75,18.8,18.75,18.55,0,-0.0026631174194837732,-0.0026595744680851796,8.0,0.0,0.25,8.0,1.0,0.15,1,0.1700587534072196,0.5154587110148748,0.38728740014727026,0.49927386199341944,0.6092641995419005,0.5637626182289507,18.91,0.9915388683236382,18.770000000000003,0.9989344698987744,17.9125,1.04675505931612,17.57,1.0671599317017644,19.97325,0.9387555855957342,72.463768115942,0.3611908780777391,0.2061433395160583,17.9125,19.864523241880377,15.960476758119626,0.2179509551297,0.3821428571428575,18.8,-0.01058210933053686,0.38643650173428173,19.0,0.0,0.38346741017351854,19.0,0.0,0.38346741017351854,18.65,-0.01859283307661597,0.38599765486356463,17.2,0.0029112102074585343,0.17883048445240823,0.36659824807380703
2024-06-26,18.8,18.75,19.1,18.7,0,0.0026631174194836284,0.002666666666666595,8.0,0.0,0.25,8.0,1.0,0.15,1,0.08085456574900432,0.5155346432069703,0.36659824807380703,0.4993725677468857,0.6082377719383419,0.5637637433718677,18.869999999999997,0.9962904080551142,18.925,0.9933949801849405,18.0325,1.0425620407597396,17.496,1.0745313214449017,19.984250000000003,0.9407408334063073,73.91304347826086,0.3576736315239657,0.2364493979176398,18.0325,19.885598401113548,16.17940159888645,0.20552872880782463,0.39285714285714335,18.75,-0.0026631174194837732,0.38728740014727026,18.8,-0.01058210933053686,0.38643650173428173,19.0,0.0,0.38346741017351854,19.0,0.018592833076615925,0.3830903647132288,17.25,0.00290275965796141,0.1762776634724177,0.3640933710942617
2024-06-27,19.0,18.8,19.05,18.9,0,0.010582109330537008,0.010638297872340496,8.0,0.0,0.25,8.0,1.0,0.15,1,0.12248766169066987,0.20556645470703316,0.3640933710942617,0.5000961986950083,0.60836838981084,0.5626361157681141,18.869999999999997,1.00688924218336,18.93,1.0036978341257263,18.134999999999998,1.0476978218913704,17.49,1.0863350485991996,19.99325,0.950320733247471,75.34246575342463,0.36679631719808015,0.2625187817737279,18.134999999999998,19.962595486741236,16.30740451325876,0.20155450639550462,0.4071428571428576,18.8,0.0026631174194836284,0.36659824807380703,18.75,-0.0026631174194837732,0.38728740014727026,18.8,-0.01058210933053686,0.38643650173428173,19.0,0.0,0.38346741017351854,18.95,0.09399178805106655,0.37111896436002995,0.3528035409809027
2024-06-28,18.95,19.0,19.0,18.95,0,-0.0026350476380051138,-0.0026315789473684292,8.0,0.0,0.25,8.0,1.0,0.15,1,0.12390794348869501,0.17931955201969385,0.3528035409809027,0.5000938474179396,0.6070534839161333,0.5626426613535425,18.86,1.0047720042417816,18.895000000000003,1.0029108229690393,18.232499999999998,1.0393528040586866,17.498,1.0829809121042404,19.99975,0.9475118438980488,74.3243243243243,0.36577510150460313,0.28317004571990295,18.232499999999998,20.012587224355826,16.45241277564417,0.1952652926758073,0.40357142857142925,19.0,0.010582109330537008,0.3640933710942617,18.8,0.0026631174194836284,0.36659824807380703,18.75,-0.0026631174194837732,0.38728740014727026,19.0,0.0,0.38346741017351854,19.3,0.01830116438240466,0.37245017967691124,0.3528314099586751
2024-07-01,19.0,18.95,19.15,18.95,0,0.0026350476380052534,0.0026385224274407815,8.0,0.0,0.25,8.0,1.0,0.15,1,0.08609494053273042,0.1625292847704685,0.3528314099586751,0.4962714652485633,0.6067257159990891,0.5626400276332636,18.9,1.0052910052910053,18.895000000000003,1.005557025668166,18.325,1.0368349249658937,17.539,1.0833000741205312,20.008499999999998,0.9495964215208538,74.3243243243243,0.3647952305025406,0.2994950826764305,18.325,20.05993515728947,16.59006484271053,0.18935172248725463,0.41428571428571487,18.95,-0.0026350476380051138,0.3528035409809027,19.0,0.010582109330537008,0.3640933710942617,18.8,0.0026631174194836284,0.36659824807380703,18.8,-0.01058210933053686,0.38643650173428173,19.0,-0.015666116744399463,0.3791053735962328,0.35992694555091764
2024-07-02,19.5,19.0,19.6,19.0,0,0.025975486403260736,0.026315789473684292,8.0,0.0,0.25,8.0,1.0,0.15,1,0.17748828762411403,0.17339820870603376,0.35992694555091764,0.4981272165016059,0.6073897904434002,0.5631946513670013,19.05,1.0236220472440944,18.98,1.0273972602739725,18.44,1.0574837310195226,17.581000000000003,1.109151925373983,20.01975,0.9740381373393775,77.10843373493972,0.3997563545835163,0.31954733705784766,18.44,20.165840756207977,16.714159243792025,0.18718446379696052,0.44642857142857195,19.0,0.0026350476380052534,0.3528314099586751,18.95,-0.0026350476380051138,0.3528035409809027,19.0,0.010582109330537008,0.3640933710942617,18.75,-0.0026631174194837732,0.38728740014727026,18.65,-0.01859283307661597,0.38599765486356463,0.3603944372562434
2024-07-03,19.5,19.5,19.7,19.5,0,0.0,0.0,8.0,0.0,0.25,8.0,1.0,0.15,1,0.18329769865117498,0.15511295301261008,0.3603944372562434,0.49740793847355047,0.6073790177985149,0.5631909843961912,19.189999999999998,1.0161542470036478,19.03,1.024697845507094,18.555,1.0509296685529508,17.626,1.1063202087824804,20.030250000000002,0.9735275395963604,61.22448979591835,0.4225919206915947,0.34015625378459713,18.555,20.23894899285143,16.87105100714857,0.18150891865819785,0.3392857142857148,19.5,0.025975486403260736,0.35992694555091764,19.0,0.0026350476380052534,0.3528314099586751,18.95,-0.0026350476380051138,0.3528035409809027,18.8,0.0026631174194836284,0.36659824807380703,19.0,0.018592833076615925,0.3830903647132288,0.36108437305281327
2024-07-04,19.8,19.5,19.8,19.5,0,0.01526747213078838,0.01538461538461533,8.0,0.0,0.25,8.0,1.0,0.15,1,0.1914034226665451,0.16647279622322833,0.36108437305281327,0.4973074102294006,0.6078324965510195,0.5630554566180163,19.35,1.0232558139534884,19.11,1.0361067503924648,18.6875,1.0595317725752509,17.682000000000002,1.1197828299966066,20.04175,0.9879376800928062,60.416666666666636,0.4595987953267944,0.3640447620930366,18.6875,20.322278272426885,17.052721727573115,0.17495954755070345,0.3071428571428577,19.5,0.0,0.3603944372562434,19.5,0.025975486403260736,0.35992694555091764,19.0,0.0026350476380052534,0.3528314099586751,19.0,0.010582109330537008,0.3640933710942617,19.0,0.0,0.38346741017351854,0.3826835185558808
2024-07-05,19.2,19.85,19.9,19.2,0,-0.030771658666753774,-0.030303030303030387,8.0,0.0,0.25,8.0,1.0,0.15,1,0.3392936800904183,0.24224364813739807,0.3826835185558808,0.4935040448525989,0.6092632402142225,0.5628872621042904,19.4,0.9896907216494846,19.130000000000003,1.003659174072138,18.79,1.021820117083555,17.73,1.0829103214890017,20.057750000000002,0.9572359811045604,53.70370370370369,0.43549194445321504,0.37833419856507233,18.79,20.268477168183914,17.311522831816085,0.1573685117811511,0.3357142857142862,19.8,0.01526747213078838,0.36108437305281327,19.5,0.0,0.3603944372562434,19.5,0.025975486403260736,0.35992694555091764,18.95,-0.0026350476380051138,0.3528035409809027,19.0,0.0,0.38346741017351854,0.38568735379173
2024-07-08,19.6,19.2,19.7,19.2,0,0.020619287202735825,0.02083333333333348,8.0,0.0,0.25,8.0,1.0,0.15,1,0.36256370417932277,0.2507894589548692,0.38568735379173,0.49350404485259897,0.6100618390425626,0.5611247109021783,19.520000000000003,1.0040983606557377,19.21,1.0203019260801667,18.9125,1.0363516192994051,17.801,1.101061738104601,20.078999999999997,0.9761442302903534,67.27272727272728,0.44355077132487253,0.3913775131170324,18.9125,20.214270050030695,17.610729949969308,0.13766239788824255,0.34285714285714314,19.2,-0.030771658666753774,0.3826835185558808,19.8,0.01526747213078838,0.36108437305281327,19.5,0.0,0.3603944372562434,19.0,0.0026350476380052534,0.3528314099586751,18.8,-0.01058210933053686,0.38643650173428173,0.3908826389333058
2024-07-09,19.35,19.7,19.7,19.3,0,-0.012837146760680719,-0.012755102040816313,8.0,0.0,0.25,8.0,1.0,0.15,1,0.3327983737467446,0.26343008558492215,0.3908826389333058,0.4914624895493443,0.6097065044539123,0.5532693824119247,19.490000000000002,0.9928168291431503,19.27,1.004151530877011,19.02,1.0173501577287067,17.867,1.083002182795097,20.0915,0.9630938456561233,56.60377358490567,0.42486693743429527,0.398075397980485,19.02,20.053848202233855,17.986151797766144,0.10871169318967985,0.3285714285714287,19.6,0.020619287202735825,0.38568735379173,19.2,-0.030771658666753774,0.3826835185558808,19.8,0.01526747213078838,0.36108437305281327,19.5,0.025975486403260736,0.35992694555091764,18.75,-0.0026631174194837732,0.38728740014727026,0.39262385845298664
2024-07-10,19.25,19.35,19.4,19.25,0,-0.005181358741997629,-0.0051679586563307955,8.0,0.0,0.25,8.0,1.0,0.15,1,0.33331599221524044,0.26675819898643327,0.39262385845298664,0.48509458198767064,0.593940589652618,0.5497402371406879,19.44,0.9902263374485596,19.315,0.9966347398395029,19.119999999999997,1.0067991631799165,17.932000000000002,1.073499888467544,20.10275,0.9575804305381105,54.54545454545453,0.39740960960054394,0.3979422403044968,19.119999999999997,19.73507380815045,18.504926191849545,0.06433826445088411,0.3178571428571428,19.35,-0.012837146760680719,0.3908826389333058,19.6,0.020619287202735825,0.38568735379173,19.2,-0.030771658666753774,0.3826835185558808,19.5,0.0,0.3603944372562434,18.8,0.0026631174194836284,0.36659824807380703,0.3963814352142125
2024-07-11,19.05,19.25,19.35,19.05,0,-0.010443959161083262,-0.010389610389610393,8.0,0.0,0.25,8.0,1.0,0.15,1,0.29427244159056054,0.269491970202468,0.3963814352142125,0.4794685645497137,0.59219114838834,0.5481990481788465,19.290000000000003,0.9875583203732503,19.32,0.9860248447204969,19.125,0.996078431372549,17.981,1.059451643401368,20.112000000000002,0.9471957040572792,50.847457627118665,0.35541415776953755,0.389436623797505,19.125,19.73586651138842,18.51413348861158,0.06388146524323339,0.32500000000000007,19.25,-0.005181358741997629,0.39262385845298664,19.35,-0.012837146760680719,0.3908826389333058,19.6,0.020619287202735825,0.38568735379173,19.8,0.01526747213078838,0.36108437305281327,19.0,0.010582109330537008,0.3640933710942617,0.22737282433477696
2024-07-12,19.05,19.05,19.25,19.05,0,0.0,0.0,8.0,0.0,0.25,8.0,1.0,0.15,1,0.21202528632675785,0.2690228274065028,0.22737282433477696,0.4785872277710041,0.5855035132223394,0.5476432512832758,19.26,0.9890965732087227,19.33,0.9855147439213658,19.1125,0.9967298888162197,18.023,1.056982744271209,20.12,0.9468190854870775,54.54545454545453,0.3184614344515708,0.37524158592831813,19.1125,19.718500694805112,18.50649930519489,0.06341406878274544,0.32142857142857145,19.05,-0.010443959161083262,0.3963814352142125,19.25,-0.005181358741997629,0.39262385845298664,19.35,-0.012837146760680719,0.3908826389333058,19.2,-0.030771658666753774,0.3826835185558808,18.95,-0.0026350476380051138,0.3528035409809027,0.21966741591790648
2024-07-15,19.2,19.35,19.35,19.15,0,0.007843177461025879,0.007874015748031482,8.0,0.0,0.25,8.0,1.0,0.15,1,0.13214980285238176,0.27142557800962125,0.21966741591790648,0.47903739497501346,0.583674490456025,0.5472763175797833,19.18,1.0010427528675703,19.35,0.9922480620155038,19.1225,1.0040528173617467,18.07,1.0625345877144439,20.129,0.9538476824482089,57.89473684210523,0.2978464924280786,0.3597625672282702,19.1225,19.72728356285017,18.517716437149826,0.06325360835143658,0.32500000000000007,19.05,0.0,0.22737282433477696,19.05,-0.010443959161083262,0.3963814352142125,19.25,-0.005181358741997629,0.39262385845298664,19.6,0.020619287202735825,0.38568735379173,19.0,0.0026350476380052534,0.3528314099586751,0.21250948691709767
2024-07-16,19.25,19.2,19.3,19.2,0,0.0026007817000574403,0.0026041666666667407,8.0,0.0,0.25,8.0,1.0,0.15,1,0.11192174373644485,0.23411478796187038,0.21250948691709767,0.3680620625305581,0.5714949925489609,0.5472251032690364,19.160000000000004,1.0046972860125258,19.325,0.9961190168175938,19.1525,1.005090719227255,18.105,1.0632421982877658,20.13925,0.955844929677123,57.89473684210523,0.28228952654154327,0.3442679590909249,19.1525,19.71676477547435,18.58823522452565,0.05892335470297343,0.30357142857142855,19.2,0.007843177461025879,0.21966741591790648,19.05,0.0,0.22737282433477696,19.05,-0.010443959161083262,0.3963814352142125,19.35,-0.012837146760680719,0.3908826389333058,19.5,0.025975486403260736,0.35992694555091764,0.20107398927596196
2024-07-17,19.35,19.25,19.8,19.35,0,0.0051813587419975845,0.0051948051948051965,8.0,0.0,0.25,8.0,1.0,0.15,1,0.11192174373644463,0.23634860978511218,0.20107398927596196,0.3592757095709743,0.5649857837532524,0.5452874546908439,19.18,1.0088633993743483,19.31,1.0020714655618852,19.17,1.0093896713615023,18.144,1.0664682539682542,20.1515,0.9602262858844256,56.36363636363637,0.2748612538208519,0.33038661803691033,19.17,19.73605746407109,18.603942535928912,0.05905659510392173,0.32500000000000007,19.25,0.0026007817000574403,0.21250948691709767,19.2,0.007843177461025879,0.21966741591790648,19.05,0.0,0.22737282433477696,19.25,-0.005181358741997629,0.39262385845298664,19.5,0.0,0.3603944372562434,0.1916065700645129
2024-07-18,19.4,19.35,19.5,19.35,0,0.0025806465934914914,0.0025839793281652312,8.0,0.0,0.25,8.0,1.0,0.15,1,0.047287841340367155,0.2202751926668427,0.1916065700645129,0.30817969302392734,0.5647079704993099,0.5436026229657379,19.25,1.0077922077922077,19.270000000000003,1.0067462376751424,19.19,1.010943199583116,18.173000000000002,1.0675177461068617,20.16225,0.9621941995561011,58.18181818181816,0.26989766403887216,0.31828882723730273,19.19,19.759025020261173,18.62097497973883,0.05930432728099762,0.332142857142857,19.35,0.0051813587419975845,0.20107398927596196,19.25,0.0026007817000574403,0.21250948691709767,19.2,0.007843177461025879,0.21966741591790648,19.05,-0.010443959161083262,0.3963814352142125,19.8,0.01526747213078838,0.36108437305281327,0.1916065700645129
2024-07-19,19.4,19.4,19.5,19.3,0,0.0,0.0,8.0,0.0,0.25,8.0,1.0,0.15,1,0.04728784134036715,0.1512404650437409,0.1916065700645129,0.3042964394861208,0.5647129665735908,0.534120846795125,19.32,1.0041407867494823,19.29,1.0057024364955935,19.21,1.0098906819364912,18.207,1.0655242489152523,20.1815,0.9612764165200802,57.40740740740737,0.26293305479044093,0.3072176727479304,19.21,19.779025020261173,18.64097497973883,0.05924258409798773,0.332142857142857,19.4,0.0025806465934914914,0.1916065700645129,19.35,0.0051813587419975845,0.20107398927596196,19.25,0.0026007817000574403,0.21250948691709767,19.05,0.0,0.22737282433477696,19.2,-0.030771658666753774,0.3826835185558808,0.1916065700645129
2024-07-22,19.4,19.4,19.4,19.3,0,0.0,0.0,8.0,0.0,0.25,8.0,1.0,0.15,1,0.03440853105855917,0.10476389884009837,0.1916065700645129,0.30358730397577577,0.5636828275802303,0.5320677877758304,19.360000000000003,1.002066115702479,19.27,1.0067462376751426,19.240000000000002,1.008316008316008,18.248,1.0631302060499779,20.20075,0.9603603826590597,47.7272727272727,0.25448006401414247,0.29667015100117283,19.240000000000002,19.780565006557776,18.699434993442228,0.056191788623469206,0.2964285714285711,19.4,0.0,0.1916065700645129,19.4,0.0025806465934914914,0.1916065700645129,19.35,0.0051813587419975845,0.20107398927596196,19.2,0.007843177461025879,0.21966741591790648,19.6,0.020619287202735825,0.38568735379173,0.18747685577470774
2024-07-23,19.35,19.4,19.4,19.25,0,-0.002580646593491514,-0.002577319587628746,8.0,0.0,0.25,8.0,1.0,0.15,1,0.04682082179898491,0.0827182562973129,0.18747685577470774,0.3018850798091635,0.5601544021296128,0.5240810489815716,19.380000000000003,0.9984520123839009,19.27,1.004151530877011,19.27,1.004151530877011,18.285,1.0582444626743233,20.22,0.9569732937685461,46.66666666666671,0.24096868874480393,0.28552985854989904,19.27,19.7603274952831,18.7796725047169,0.050890243412880176,0.2928571428571424,19.4,0.0,0.1916065700645129,19.4,0.0,0.1916065700645129,19.4,0.0025806465934914914,0.1916065700645129,19.25,0.0026007817000574403,0.21250948691709767,19.35,-0.012837146760680719,0.3908826389333058,0.19144155525775416
2024-07-24,19.15,19.3,19.35,19.0,0,-0.01038970384913591,-0.010335917312661591,8.0,0.0,0.25,8.0,1.0,0.15,1,0.07924394313744006,0.09506387229026116,0.19144155525775416,0.30162861932775326,0.56022176414178,0.5239024305403934,19.339999999999996,0.9901758014477767,19.259999999999998,0.994288681204569,19.2875,0.9928710304601425,18.32,1.045305676855895,20.237000000000002,0.9462865049167365,34.88372093023251,0.2116823555423899,0.2707603579483972,19.2875,19.729832335168776,18.845167664831227,0.04586725445690472,0.2964285714285711,19.35,-0.002580646593491514,0.18747685577470774,19.4,0.0,0.1916065700645129,19.4,0.0,0.1916065700645129,19.35,0.0051813587419975845,0.20107398927596196,19.25,-0.005181358741997629,0.39262385845298664,0.19375199361092715
2024-07-25,19.0,19.15,19.25,18.9,0,-0.007863736460214463,-0.007832898172323688,8.0,0.0,0.25,8.0,1.0,0.15,1,0.07514538251068673,0.08815380451839819,0.19375199361092715,0.2863960587057845,0.5602564220157639,0.5239290391152683,19.259999999999998,0.9865005192107997,19.255,0.9867566865749157,19.2875,0.9850939727802981,18.354,1.0351966873706004,20.25175,0.9381905267446022,44.11764705882354,0.17435907618958524,0.2514801015966348,19.2875,19.729832335168776,18.845167664831227,0.04586725445690472,0.27142857142857124,19.15,-0.01038970384913591,0.19144155525775416,19.35,-0.002580646593491514,0.18747685577470774,19.4,0.0,0.1916065700645129,19.4,0.0025806465934914914,0.1916065700645129,19.05,-0.010443959161083262,0.3963814352142125,0.21149564393346246
2024-07-26,18.5,19.0,19.0,18.5,0,-0.026668247082161294,-0.02631578947368418,8.0,0.0,0.25,8.0,1.0,0.15,1,0.16580030352371286,0.15906202517683712,0.21149564393346246,0.29231506162043264,0.5604544969328544,0.5246049508817805,19.080000000000002,0.9696016771488468,19.2,0.9635416666666667,19.265,0.9602906825849987,18.378,1.0066383719664818,20.26375,0.9129603355746098,19.444444444444358,0.10324415275147203,0.22183291182760226,19.265,19.812818640753413,18.717181359246588,0.05687190664452763,0.27142857142857124,19.0,-0.007863736460214463,0.19375199361092715,19.15,-0.01038970384913591,0.19144155525775416,19.35,-0.002580646593491514,0.18747685577470774,19.4,0.0,0.1916065700645129,19.05,0.0,0.22737282433477696,0.21147832049808343
2024-07-29,18.5,18.75,18.75,18.4,0,0.0,0.0,8.0,0.0,0.25,8.0,1.0,0.15,1,0.16580030352371286,0.14872559775448763,0.21147832049808343,0.2921484290890167,0.5595023605625621,0.516080320342053,18.9,0.978835978835979,19.13,0.9670674333507581,19.240000000000002,0.9615384615384615,18.404,1.0052162573353618,20.2755,0.912431259401741,22.580645161290235,0.046350760852647,0.18673648163261122,19.240000000000002,19.87709868689327,18.602901313106734,0.06622647472902989,0.26785714285714285,18.5,-0.026668247082161294,0.21149564393346246,19.0,-0.007863736460214463,0.19375199361092715,19.15,-0.01038970384913591,0.19144155525775416,19.4,0.0,0.1916065700645129,19.2,0.007843177461025879,0.21966741591790648,0.21234462716422658
2024-07-30,18.35,18.5,18.95,18.35,0,-0.008141157583699774,-0.008108108108108025,8.0,0.0,0.25,8.0,1.0,0.15,1,0.1555630988132435,0.14570000662886703,0.21234462716422658,0.2842944781271409,0.5592828275957182,0.5156705299003975,18.7,0.9812834224598932,19.04,0.9637605042016808,19.182499999999997,0.956601068682393,18.432000000000002,0.9955512152777778,20.287,0.9045201360477154,21.874999999999943,-0.010717859704584498,0.14724561336517208,19.182499999999997,19.920402432574264,18.44459756742573,0.07693495973666273,0.29999999999999993,18.5,0.0,0.21147832049808343,18.5,-0.026668247082161294,0.21149564393346246,19.0,-0.007863736460214463,0.19375199361092715,19.35,-0.002580646593491514,0.18747685577470774,19.25,0.0026007817000574403,0.21250948691709767,0.18705385313453815
2024-07-31,18.3,18.35,18.45,18.2,0,-0.0027285146532040625,-0.0027247956403270157,8.0,0.0,0.25,8.0,1.0,0.15,1,0.16544842142847535,0.13560654585689108,0.18705385313453815,0.2816972093526682,0.5591468226497767,0.5156710658832175,18.529999999999998,0.9875876956287104,18.935,0.9664642196989702,19.1225,0.9569878415479148,18.458,0.9914400260049844,20.29875,0.9015333456493627,24.13793103448269,-0.05929620504480937,0.10593724968317579,19.1225,19.94230421282611,18.30269578717389,0.08574236766386299,0.2964285714285713,18.35,-0.008141157583699774,0.21234462716422658,18.5,0.0,0.21147832049808343,18.5,-0.026668247082161294,0.21149564393346246,19.15,-0.01038970384913591,0.19144155525775416,19.35,0.0051813587419975845,0.20107398927596196,0.1878468476947545
2024-08-01,18.35,18.3,18.55,18.3,0,0.0027285146532041358,0.002732240437158584,8.0,0.0,0.25,8.0,1.0,0.15,1,0.18614925111473196,0.13585747776367185,0.1878468476947545,0.28133779337178394,0.5591280718725812,0.5133786727610045,18.400000000000002,0.9972826086956521,18.83,0.974508762612852,19.05,0.963254593175853,18.485,0.9926967811739249,20.311750000000004,0.9034179723559023,26.666666666666643,-0.09269181800316773,0.06621143614590709,19.05,19.87398262628533,18.226017373714672,0.08650736233966703,0.29999999999999993,18.3,-0.0027285146532040625,0.18705385313453815,18.35,-0.008141157583699774,0.21234462716422658,18.5,0.0,0.21147832049808343,19.0,-0.007863736460214463,0.19375199361092715,19.4,0.0025806465934914914,0.1916065700645129,0.18581789066886598
2024-08-02,18.6,18.35,18.8,18.55,0,0.013532006218576373,0.013623978201634968,8.0,0.0,0.25,8.0,1.0,0.15,1,0.12760748937579822,0.16519194388428815,0.18581789066886598,0.2725833455581477,0.559560827922085,0.5134252458673749,18.419999999999998,1.0097719869706843,18.75,0.9920000000000001,19.020000000000003,0.9779179810725551,18.518,1.0044281239874717,20.32625,0.915072873747002,31.250000000000043,-0.09785713507306681,0.03339772190211231,19.020000000000003,19.86442443805113,18.175575561948875,0.08879331630400923,0.31071428571428555,18.35,0.0027285146532041358,0.1878468476947545,18.3,-0.0027285146532040625,0.18705385313453815,18.35,-0.008141157583699774,0.21234462716422658,18.5,-0.026668247082161294,0.21149564393346246,19.4,0.0,0.1916065700645129,0.1560060924982361
2024-08-05,18.6,18.6,18.7,18.55,0,0.0,0.0,8.0,0.0,0.25,8.0,1.0,0.15,1,0.12760748937579822,0.16519194388428815,0.1560060924982361,0.2722517279075684,0.5590051668334001,0.5133571470587319,18.44,1.0086767895878526,18.67,0.9962506695232994,18.97,0.9804955192409068,18.55,1.0026954177897573,20.3405,0.9144317986283524,29.032258064516128,-0.1007888548848328,0.006560406544723285,18.97,19.787827674551412,18.152172325448586,0.08622326563536249,0.31428571428571395,18.6,0.013532006218576373,0.18581789066886598,18.35,0.0027285146532041358,0.1878468476947545,18.3,-0.0027285146532040625,0.18705385313453815,18.5,0.0,0.21147832049808343,19.4,0.0,0.1916065700645129,0.13394137597937777
2024-08-06,18.6,18.6,18.65,18.5,0,0.0,0.0,8.0,0.0,0.25,8.0,1.0,0.15,1,0.10083178819551927,0.166408646567389,0.13394137597937777,0.26531122234720667,0.539730466408854,0.512517811615716,18.490000000000002,1.005949161709032,18.595000000000002,1.0002688894864211,18.9325,0.9824376072890533,18.592,1.0004302925989674,20.35425,0.9138140683149711,24.13793103448269,-0.10193719542242974,-0.015139113848707322,18.9325,19.745729429658184,18.11927057034182,0.08590829839251896,0.2857142857142852,18.6,0.0,0.1560060924982361,18.6,0.013532006218576373,0.18581789066886598,18.35,0.0027285146532041358,0.1878468476947545,18.35,-0.008141157583699774,0.21234462716422658,19.35,-0.002580646593491514,0.18747685577470774,0.13314259850770616
2024-08-07,18.75,18.6,18.8,18.5,0,0.008032171697264253,0.008064516129032251,8.0,0.0,0.25,8.0,1.0,0.15,1,0.09291971484490645,0.1720571705602885,0.13314259850770616,0.26404562439325857,0.5199263981407625,0.511999230701948,18.580000000000002,1.0091496232508073,18.555,1.0105092966855296,18.907500000000002,0.9916699722332406,18.639,1.0059552551102526,20.36725,0.9205955639568425,29.032258064516128,-0.08970940301830055,-0.03005317168262597,18.907500000000002,19.71030757345644,18.104692426543565,0.08491948416833928,0.2964285714285711,18.6,0.0,0.13394137597937777,18.6,0.0,0.1560060924982361,18.6,0.013532006218576373,0.18581789066886598,18.3,-0.0027285146532040625,0.18705385313453815,19.15,-0.01038970384913591,0.19144155525775416,0.14174608260651994
2024-08-08,19.0,18.75,19.1,18.85,0,0.013245226750020723,0.01333333333333342,8.0,0.0,0.25,8.0,1.0,0.15,1,0.10670458638778564,0.18447778271192544,0.14174608260651994,0.26171298003855215,0.5020633176164779,0.5121458545436245,18.71,1.0154997327632282,18.555,1.02398275397467,18.905,1.0050251256281406,18.68,1.0171306209850106,20.3775,0.9324009324009324,38.88888888888891,-0.059163874462150545,-0.03587531223853088,18.905,19.706249024959792,18.10375097504021,0.0847658317862778,0.30714285714285694,18.75,0.008032171697264253,0.13314259850770616,18.6,0.0,0.13394137597937777,18.6,0.0,0.1560060924982361,18.35,0.0027285146532041358,0.1878468476947545,19.0,-0.007863736460214463,0.19375199361092715,0.17468119886526204
2024-08-09,19.6,19.0,19.8,19.1,0,0.03109058707003118,0.03157894736842115,8.0,0.0,0.25,8.0,1.0,0.15,1,0.20361728786174174,0.1784461761564046,0.17468119886526204,0.268002236687899,0.490909550290063,0.5103633486992906,18.910000000000004,1.0364886303543097,18.665,1.0500937583712833,18.932499999999997,1.0352568334873897,18.732,1.0463378176382663,20.39175,0.9611730234040728,54.16666666666673,0.013305287505914976,-0.026039192289641713,18.932499999999997,19.790450434097117,18.074549565902878,0.09063255609107301,0.35714285714285715,19.0,0.013245226750020723,0.14174608260651994,18.75,0.008032171697264253,0.13314259850770616,18.6,0.0,0.13394137597937777,18.6,0.013532006218576373,0.18581789066886598,18.5,-0.026668247082161294,0.21149564393346246,0.17923777814249664
2024-08-12,19.4,19.6,19.6,19.4,0,-0.01025650016718922,-0.010204081632653184,8.0,0.0,0.25,8.0,1.0,0.15,1,0.24555467166031783,0.19445161709778494,0.17923777814249664,0.26867107679615493,0.4884694730981774,0.5100534777612578,19.07,1.0173046670162558,18.755000000000003,1.0343908291122366,18.942500000000003,1.024152039065593,18.776999999999997,1.033178889066411,20.407,0.9506541872886753,50.980392156862685,0.053977077794218786,-0.010035938272869614,18.942500000000003,19.818059971193815,18.06694002880619,0.09244397214663454,0.36071428571428604,19.6,0.03109058707003118,0.17468119886526204,19.0,0.013245226750020723,0.14174608260651994,18.75,0.008032171697264253,0.13314259850770616,18.6,0.0,0.1560060924982361,18.5,0.0,0.21147832049808343,0.17852251681561648
2024-08-13,19.3,19.5,19.5,19.3,0,-0.005167970158442449,-0.005154639175257603,8.0,0.0,0.25,8.0,1.0,0.15,1,0.25908970336296555,0.18944075126484175,0.17852251681561648,0.268606201317792,0.4878794848438745,0.5099621354383975,19.21,1.0046850598646537,18.85,1.0238726790450927,18.945,1.0187384534177883,18.819000000000003,1.025559275200595,20.42125,0.9450939584991125,53.06122448979596,0.07725010918483122,0.007421271218670552,18.945,19.824533369104003,18.065466630895997,0.09285123981039882,0.35000000000000014,19.4,-0.01025650016718922,0.17923777814249664,19.6,0.03109058707003118,0.17468119886526204,19.0,0.013245226750020723,0.14174608260651994,18.6,0.0,0.13394137597937777,18.35,-0.008141157583699774,0.21234462716422658,0.17852028746496543
2024-08-14,19.35,19.3,19.4,19.3,0,0.0025873235649509544,0.002590673575129543,8.0,0.0,0.25,8.0,1.0,0.15,1,0.2611133839283899,0.18516227946081512,0.17852028746496543,0.2685880597406683,0.48764410559924865,0.5098459586759344,19.330000000000002,1.001034661148474,18.955000000000002,1.0208388288050647,18.945,1.0213776722090262,18.862000000000002,1.025872123846888,20.43525,0.946893235952582,57.44680851063833,0.09859222655144251,0.025655462285224945,18.945,19.824533369104003,18.065466630895997,0.09285123981039882,0.332142857142857,19.3,-0.005167970158442449,0.17852251681561648,19.4,-0.01025650016718922,0.17923777814249664,19.6,0.03109058707003118,0.17468119886526204,18.75,0.008032171697264253,0.13314259850770616,18.3,-0.0027285146532040625,0.18705385313453815,0.18323921478724253
2024-08-15,19.1,19.35,19.25,19.1,0,-0.013004084423206573,-0.012919896640826822,8.0,0.0,0.25,8.0,1.0,0.15,1,0.28272868664737666,0.20744616100232108,0.18323921478724253,0.26979821071863197,0.48543624034323773,0.5100119352162193,19.35,0.9870801033591732,19.03,1.003678402522333,18.93,1.0089804543053356,18.901,1.010528543463309,20.448,0.934076682316119,64.2857142857143,0.09424668059591923,0.03937370594736381,18.93,19.786799429946655,18.073200570053345,0.0905229191702752,0.31428571428571417,19.35,0.0025873235649509544,0.17852028746496543,19.3,-0.005167970158442449,0.17852251681561648,19.4,-0.01025650016718922,0.17923777814249664,19.0,0.013245226750020723,0.14174608260651994,18.35,0.0027285146532041358,0.1878468476947545,0.18324667447243972
2024-08-16,19.15,19.3,19.3,19.1,0,0.002614380574070672,0.002617801047120283,8.0,0.0,0.25,8.0,1.0,0.15,1,0.11409835909271221,0.2005329396417627,0.18324667447243972,0.2677592504444425,0.4844392743028084,0.5100107787897232,19.259999999999998,0.994288681204569,19.085,1.0034058160859312,18.9175,1.0122902074798465,18.941000000000003,1.0110342642943877,20.459500000000002,0.93599550331142,65.11627906976742,0.0937566183162808,0.050250288421147205,18.9175,19.752444057375335,18.082555942624666,0.08827213504694963,0.3035714285714283,19.1,-0.013004084423206573,0.18323921478724253,19.35,0.0025873235649509544,0.17852028746496543,19.3,-0.005167970158442449,0.17852251681561648,19.6,0.03109058707003118,0.17468119886526204,18.6,0.013532006218576373,0.18581789066886598,0.18492974184101332
2024-08-19,19.0,19.15,19.2,18.9,0,-0.007863736460214463,-0.007832898172323688,8.0,0.0,0.25,8.0,1.0,0.15,1,0.10777431017426832,0.20749716209587488,0.18492974184101332,0.2684655739023435,0.4762232699532713,0.5099981794441505,19.18,0.9906152241918665,19.125,0.9934640522875817,18.8975,1.005423997883318,18.978,1.001159237011276,20.469749999999998,0.9281989276859758,65.11627906976742,0.08033840293119354,0.05626791132315648,18.8975,19.702402740119357,18.092597259880645,0.08518616114505688,0.2821428571428571,19.15,0.002614380574070672,0.18324667447243972,19.1,-0.013004084423206573,0.18323921478724253,19.35,0.0025873235649509544,0.17852028746496543,19.4,-0.01025650016718922,0.17923777814249664,18.6,0.0,0.1560060924982361,0.18497689735817963
2024-08-20,18.95,19.0,19.0,18.85,0,-0.0026350476380051138,-0.0026315789473684292,8.0,0.0,0.25,8.0,1.0,0.15,1,0.1077921003240136,0.20867204614450996,0.18497689735817963,0.268587705739776,0.47615145588396923,0.5098660067519155,19.11,0.9916274201988488,19.16,0.9890396659707724,18.8775,1.0038405509204078,19.012999999999998,0.9966864776731711,20.47975,0.925304263968066,65.11627906976742,0.06492141477556856,0.0579986120136389,18.8775,19.654454242369432,18.10054575763057,0.08231537463853064,0.27499999999999986,19.0,-0.007863736460214463,0.18492974184101332,19.15,0.002614380574070672,0.18324667447243972,19.1,-0.013004084423206573,0.18323921478724253,19.3,-0.005167970158442449,0.17852251681561648,18.6,0.0,0.13394137597937777,0.1853391350636375
2024-08-21,19.0,18.95,19.0,18.9,0,0.0026350476380052534,0.0026385224274407815,8.0,0.0,0.25,8.0,1.0,0.15,1,0.10796675273665156,0.20594630772239106,0.1853391350636375,0.2684252436669826,0.4757472258284131,0.5097253382358958,19.04,0.9978991596638656,19.185,0.9903570497784728,18.869999999999997,1.00688924218336,19.048,0.9974800503989921,20.489,0.9273268583142174,65.11627906976742,0.05609133670748179,0.05761715695240748,18.869999999999997,19.638731011746025,18.10126898825397,0.08147652482734788,0.26428571428571423,18.95,-0.0026350476380051138,0.18497689735817963,19.0,-0.007863736460214463,0.18492974184101332,19.15,0.002614380574070672,0.18324667447243972,19.35,0.0025873235649509544,0.17852028746496543,18.75,0.008032171697264253,0.13314259850770616,0.18208043800701765
2024-08-22,19.0,19.0,19.05,18.95,0,0.0,0.0,8.0,0.0,0.25,8.0,1.0,0.15,1,0.06967134216248877,0.19491765868352534,0.18208043800701765,0.26843934208611864,0.47451710775071515,0.5096854377289077,19.02,0.9989484752891693,19.185,0.9903570497784728,18.869999999999997,1.00688924218336,19.049,0.9974276864927293,20.49825,0.9269083946190529,60.52631578947366,0.0485339668625997,0.05580051893444593,18.869999999999997,19.638731011746025,18.10126898825397,0.08147652482734788,0.23928571428571438,19.0,0.0026350476380052534,0.1853391350636375,18.95,-0.0026350476380051138,0.18497689735817963,19.0,-0.007863736460214463,0.18492974184101332,19.1,-0.013004084423206573,0.18323921478724253,19.0,0.013245226750020723,0.14174608260651994,0.24693518811137563
2024-08-23,19.95,19.0,19.95,18.95,0,0.04879016416943204,0.050000000000000044,8.0,0.0,0.25,8.0,1.0,0.15,1,0.3655629745085457,0.2769542886706401,0.24693518811137563,0.2767403261272651,0.4788989382944209,0.5118792936117024,19.18,1.0401459854014599,19.220000000000002,1.0379812695109258,18.942500000000003,1.0531872772865247,19.062,1.0465848284545167,20.508499999999998,0.9727673891313359,73.68421052631578,0.11784333274638215,0.06820908169683318,18.942500000000003,19.828814070506592,18.056185929493413,0.09357941882080922,0.3000000000000002,19.0,0.0,0.18208043800701765,19.0,0.0026350476380052534,0.1853391350636375,18.95,-0.0026350476380051138,0.18497689735817963,19.15,0.002614380574070672,0.18324667447243972,19.6,0.03109058707003118,0.17468119886526204,0.2881172424469479
2024-08-26,19.0,19.95,19.55,19.0,0,-0.048790164169431945,-0.04761904761904756,8.0,0.0,0.25,8.0,1.0,0.15,1,0.5484663828007786,0.37426386877690865,0.2881172424469479,0.2950240663066873,0.4836500308300551,0.513973537058276,19.18,0.9906152241918665,19.18,0.9906152241918665,18.9675,1.0017134572294715,19.062,0.9967474556709683,20.5165,0.9260838837033607,55.26315789473683,0.09501912273798752,0.07357108990506406,18.9675,19.829123314935895,18.105876685064107,0.09085259680357391,0.3571428571428574,19.95,0.04879016416943204,0.24693518811137563,19.0,0.0,0.18208043800701765,19.0,0.0026350476380052534,0.1853391350636375,19.0,-0.007863736460214463,0.18492974184101332,19.4,-0.01025650016718922,0.17923777814249664,0.28896704159528275
2024-08-27,19.15,19.0,19.25,18.9,0,0.007863736460214451,0.007894736842105177,8.0,0.0,0.25,8.0,1.0,0.15,1,0.550349817752678,0.3769641964120632,0.28896704159528275,0.2886247029725472,0.4835149443473271,0.5140211657157061,19.22,0.9963579604578564,19.165,0.9992173232454996,19.0075,1.0074970406418517,19.072,1.004089765100671,20.52625,0.9329517081785518,55.26315789473683,0.0880198798796954,0.07646084789999033,19.0075,19.82137636459177,18.19362363540823,0.0856373920391183,0.36071428571428604,19.0,-0.048790164169431945,0.2881172424469479,19.95,0.04879016416943204,0.24693518811137563,19.0,0.0,0.18208043800701765,18.95,-0.0026350476380051138,0.18497689735817963,19.3,-0.005167970158442449,0.17852251681561648,0.2888502446998827
2024-08-28,19.0,19.15,19.2,19.0,0,-0.007863736460214463,-0.007832898172323688,8.0,0.0,0.25,8.0,1.0,0.15,1,0.5547360879916461,0.37799943088756227,0.2888502446998827,0.2892800845860913,0.4821661850684279,0.5139419764306898,19.22,0.9885535900104059,19.130000000000003,0.9932043910088865,19.0425,0.9977681501903637,19.072,0.9962248322147651,20.53525,0.9252383097356983,50.0,0.0695672550775619,0.07508212933550465,19.0425,19.785378469907187,18.299621530092814,0.07802320807742535,0.35000000000000014,19.15,0.007863736460214451,0.28896704159528275,19.0,-0.048790164169431945,0.2881172424469479,19.95,0.04879016416943204,0.24693518811137563,19.0,0.0026350476380052534,0.1853391350636375,19.35,0.0025873235649509544,0.17852028746496543,0.28848261479876686
2024-08-29,19.0,19.0,19.1,18.85,0,0.0,0.0,8.0,0.0,0.25,8.0,1.0,0.15,1,0.5547360879916461,0.37283289338879094,0.28848261479876686,0.2889470431995994,0.4808724011344283,0.513930549513744,19.22,0.9885535900104059,19.119999999999997,0.9937238493723851,19.075,0.9960681520314548,19.072,0.9962248322147651,20.54425,0.9248329824646798,40.32258064516125,0.05431728117186907,0.07092915970277754,19.075,19.743462493534356,18.406537506465643,0.07008781059337944,0.31071428571428583,19.0,-0.007863736460214463,0.2888502446998827,19.15,0.007863736460214451,0.28896704159528275,19.0,-0.048790164169431945,0.2881172424469479,19.0,0.0,0.18208043800701765,19.1,-0.013004084423206573,0.18323921478724253,0.28852531102040396
2024-08-30,19.0,19.0,19.0,18.7,0,0.0,0.0,8.0,0.0,0.25,8.0,1.0,0.15,1,0.3574462620764939,0.3724473056309277,0.28852531102040396,0.2889530766303823,0.4808407242777366,0.5128110628982268,19.03,0.9984235417761429,19.105,0.9945040565297042,19.095,0.9950248756218906,19.072,0.9962248322147651,20.5525,0.9244617443133439,43.10344827586208,0.04175029556288834,0.0650933868747997,19.095,19.726539472449797,18.4634605275502,0.06614710368680791,0.3178571428571428,19.0,0.0,0.28848261479876686,19.0,-0.007863736460214463,0.2888502446998827,19.15,0.007863736460214451,0.28896704159528275,19.95,0.04879016416943204,0.24693518811137563,19.15,0.002614380574070672,0.18324667447243972,0.2871295855272236
2024-09-02,19.2,19.0,19.45,19.15,0,0.010471299867295437,0.010526315789473717,8.0,0.0,0.25,8.0,1.0,0.15,1,0.11540319551245018,0.3740612271681931,0.2871295855272236,0.2894788334430385,0.4771421341241452,0.5126000367749539,19.07,1.0068169900367068,19.125,1.003921568627451,19.125,1.003921568627451,19.08,1.0062893081761006,20.562,0.9337613072658301,48.33333333333331,0.04738299577735816,0.06155130865531139,19.125,19.713038666826613,18.536961333173387,0.0614942396681425,0.3357142857142857,19.0,0.0,0.28852531102040396,19.0,0.0,0.28848261479876686,19.0,-0.007863736460214463,0.2888502446998827,19.0,-0.048790164169431945,0.2881172424469479,19.0,-0.007863736460214463,0.18492974184101332,0.29109666984973787
2024-09-03,19.5,19.2,19.5,19.0,0,0.015504186535965254,0.015625,8.0,0.0,0.25,8.0,1.0,0.15,1,0.14769674344082598,0.3800961168452257,0.29109666984973787,0.2906154058555066,0.4750077551307553,0.5116495785422691,19.14,1.018808777429467,19.18,1.0166840458811262,19.169999999999998,1.0172143974960877,19.095,1.021209740769835,20.57275,0.9478557800974591,52.307692307692285,0.07518772676274565,0.06427859227679825,19.169999999999998,19.72573564332528,18.614264356674717,0.05797972282997198,0.3642857142857144,19.2,0.010471299867295437,0.2871295855272236,19.0,0.0,0.28852531102040396,19.0,0.0,0.28848261479876686,19.15,0.007863736460214451,0.28896704159528275,18.95,-0.0026350476380051138,0.18497689735817963,0.3017737304382628
2024-09-04,19.1,19.5,19.25,18.95,0,-0.020726130517116855,-0.02051282051282044,8.0,0.0,0.25,8.0,1.0,0.15,1,0.22083392712342836,0.39814757277143276,0.3017737304382628,0.2941411783776027,0.4525861622775848,0.5110223703621036,19.16,0.9968684759916493,19.19,0.9953100573215217,19.1875,0.9954397394136808,19.101,0.9999476467200671,20.581750000000003,0.9280066077957413,50.0,0.0642063880559931,0.06426415143263722,19.1875,19.70850611169166,18.66649388830834,0.05430682597437482,0.38571428571428584,19.5,0.015504186535965254,0.29109666984973787,19.2,0.010471299867295437,0.2871295855272236,19.0,0.0,0.28852531102040396,19.0,-0.007863736460214463,0.2888502446998827,19.0,0.0026350476380052534,0.1853391350636375,0.3023117684156097
2024-09-05,18.95,19.1,19.05,18.95,0,-0.007884403524148983,-0.007853403141361404,8.0,0.0,0.25,8.0,1.0,0.15,1,0.23009489010433112,0.40039953916698007,0.3023117684156097,0.29474946286521636,0.43320417976013526,0.5110797754469865,19.15,0.989556135770235,19.185000000000002,0.9877508470158977,19.185,0.9877508470158979,19.1,0.9921465968586386,20.590500000000002,0.9203273354216749,47.142857142857146,0.04290526641331027,0.05999237442877184,19.185,19.7102568294093,18.659743170590698,0.054757031994714725,0.3821428571428575,19.1,-0.020726130517116855,0.3017737304382628,19.5,0.015504186535965254,0.29109666984973787,19.2,0.010471299867295437,0.2871295855272236,19.0,0.0,0.28848261479876686,19.0,0.0,0.18208043800701765,0.29996338308145737
2024-09-06,18.8,18.95,19.0,18.8,0,-0.007947061692531721,-0.00791556728232179,8.0,0.0,0.25,8.0,1.0,0.15,1,0.23579440178767894,0.29254737094142913,0.29996338308145737,0.29535017220992393,0.4117642536774126,0.5111202810958105,19.11,0.9837781266352695,19.07,0.9858416360776089,19.145000000000003,0.981979629145991,19.096999999999998,0.984447819029167,20.598250000000004,0.9126988943235468,47.142857142857146,0.013761592574589088,0.05074621805793529,19.145000000000003,19.658911727008544,18.631088272991462,0.053686260329959844,0.3750000000000003,18.95,-0.007884403524148983,0.3023117684156097,19.1,-0.020726130517116855,0.3017737304382628,19.5,0.015504186535965254,0.29109666984973787,19.0,0.0,0.28852531102040396,19.95,0.04879016416943204,0.24693518811137563,0.27983012329098783
2024-09-09,18.55,18.8,19.0,18.55,0,-0.013387080782459409,-0.013297872340425565,8.0,0.0,0.25,8.0,1.0,0.15,1,0.21551600978004493,0.1794715475686868,0.27983012329098783,0.29680925623946447,0.4119626604431684,0.5100951714770159,18.98,0.9773445732349842,19.025,0.9750328515111696,19.1025,0.9710770841512891,19.088,0.9718147527242247,20.60475,0.9002778485543382,44.59459459459461,-0.02917161732839446,0.03476265098066934,19.1025,19.66583125713222,18.53916874286778,0.058979846316683085,0.39642857142857174,18.8,-0.007947061692531721,0.29996338308145737,18.95,-0.007884403524148983,0.3023117684156097,19.1,-0.020726130517116855,0.3017737304382628,19.2,0.010471299867295437,0.2871295855272236,19.0,-0.048790164169431945,0.2881172424469479,0.2946972809107488
2024-09-10,18.0,18.55,18.95,18.0,0,-0.030098031157279527,-0.02964959568733161,8.0,0.0,0.25,8.0,1.0,0.15,1,0.15031207946586664,0.21613177443547646,0.2946972809107488,0.236727442621691,0.41401985592531443,0.5103509916211034,18.68,0.9635974304068523,18.910000000000004,0.9518773135906926,19.0375,0.9455022980958634,19.058,0.944485255535733,20.608249999999998,0.8734366091249864,38.09523809523808,-0.10635095138539086,0.006539930507457301,19.0375,19.777254582347602,18.2977454176524,0.07771551751517802,0.4571428571428573,18.55,-0.013387080782459409,0.27983012329098783,18.8,-0.007947061692531721,0.29996338308145737,18.95,-0.007884403524148983,0.3023117684156097,19.5,0.015504186535965254,0.29109666984973787,19.15,0.007863736460214451,0.28896704159528275,0.3075622071804398
2024-09-11,18.4,18.0,18.4,18.2,0,0.021978906718775167,0.022222222222222143,8.0,0.0,0.25,8.0,1.0,0.15,1,0.2985375238116476,0.2576115092341732,0.3075622071804398,0.2380452325830846,0.4151285804757893,0.510294509427411,18.54,0.9924487594390506,18.85,0.9761273209549071,18.990000000000002,0.9689310163243811,19.035999999999998,0.9665896196679975,20.614250000000002,0.8925864389924444,43.4782608695652,-0.13369828204104195,-0.02150771200224255,18.990000000000002,19.7663612832337,18.213638716766305,0.0817652746954921,0.47857142857142854,18.0,-0.030098031157279527,0.2946972809107488,18.55,-0.013387080782459409,0.27983012329098783,18.8,-0.007947061692531721,0.29996338308145737,19.1,-0.020726130517116855,0.3017737304382628,19.0,-0.007863736460214463,0.2888502446998827,0.3138050677241357
2024-09-12,18.7,18.4,18.8,18.4,0,0.016172859245600968,0.016304347826086918,8.0,0.0,0.25,8.0,1.0,0.15,1,0.3420966640355627,0.27542914010639213,0.3138050677241357,0.2384573261245533,0.4134459103380133,0.5105425847235866,18.490000000000002,1.0113574905354243,18.82,0.9936238044633369,18.97,0.9857670005271482,19.014,0.983485852529715,20.6215,0.9068205513662924,34.177215189873394,-0.12966900227505818,-0.04313997005680568,18.97,19.754990781038096,18.185009218961902,0.0827612842422875,0.43571428571428583,18.4,0.021978906718775167,0.3075622071804398,18.0,-0.030098031157279527,0.2946972809107488,18.55,-0.013387080782459409,0.27983012329098783,18.95,-0.007884403524148983,0.3023117684156097,19.0,0.0,0.28848261479876686,0.32801549841512306
2024-09-13,19.25,18.7,19.25,18.8,0,0.028987536873252406,0.02941176470588247,8.0,0.0,0.25,8.0,1.0,0.15,1,0.40144871799712006,0.3156259782942286,0.32801549841512306,0.24253617109855397,0.41540080742820007,0.5112801329001011,18.580000000000002,1.0360602798708287,18.845,1.0214911117007164,18.975,1.0144927536231882,19.015,1.0123586642124638,20.631500000000003,0.9330392845890991,53.52112676056338,-0.08115980585128213,-0.050743937215700974,18.975,19.766068564464057,18.183931435535946,0.08338008584601371,0.40714285714285736,18.7,0.016172859245600968,0.3138050677241357,18.4,0.021978906718775167,0.3075622071804398,18.0,-0.030098031157279527,0.2946972809107488,18.8,-0.007947061692531721,0.29996338308145737,19.0,0.0,0.28852531102040396,0.3291074594682516
2024-09-17,19.1,19.25,19.2,19.1,0,-0.007822725681208932,-0.007792207792207684,8.0,0.0,0.25,8.0,1.0,0.15,1,0.387322771084262,0.3141101423962522,0.3291074594682516,0.24027142220587006,0.4147730760686098,0.5113179262913216,18.689999999999998,1.021936864633494,18.835,1.0140695513671356,18.98,1.0063224446786092,19.005,1.0049986845566958,20.640750000000004,0.9253539721182611,49.29577464788736,-0.05419493907081474,-0.05143413758672373,18.98,19.772995652738505,18.187004347261496,0.08356118574694463,0.39285714285714285,19.25,0.028987536873252406,0.32801549841512306,18.7,0.016172859245600968,0.3138050677241357,18.4,0.021978906718775167,0.3075622071804398,18.55,-0.013387080782459409,0.27983012329098783,19.2,0.010471299867295437,0.2871295855272236,0.335476430520845
2024-09-18,19.5,19.1,19.5,19.3,0,0.020726130517116952,0.020942408376963373,8.0,0.0,0.25,8.0,1.0,0.15,1,0.22369985693053676,0.32255066132812055,0.335476430520845,0.24379214038663677,0.3949936423991785,0.5036760378638119,18.99,1.0268562401263823,18.835,1.03530661003451,19.0075,1.0259108246744706,19.008,1.0258838383838385,20.651500000000002,0.9442413384015688,56.578947368421055,-0.0005421808915748727,-0.041255746247693965,19.0075,19.833571871474337,18.181428128525663,0.08692062306714055,0.4071428571428571,19.1,-0.007822725681208932,0.3291074594682516,19.25,0.028987536873252406,0.32801549841512306,18.7,0.016172859245600968,0.3138050677241357,18.0,-0.030098031157279527,0.2946972809107488,19.5,0.015504186535965254,0.29109666984973787,0.33542361533149195
2024-09-19,19.6,19.5,19.6,19.4,0,0.005115100666770409,0.00512820512820511,8.0,0.0,0.25,8.0,1.0,0.15,1,0.22735151364034084,0.3014527239934185,0.33542361533149195,0.24397155689791764,0.39344610986922207,0.501903229745637,19.23,1.0192407696307852,18.884999999999998,1.0378607360338896,19.0375,1.0295469468154956,19.015,1.0307651853799633,20.659000000000002,0.9487390483566484,57.69230769230772,0.04947684253536622,-0.023109228491081928,19.0375,19.904967578644303,18.1700324213557,0.09113250990353794,0.40357142857142875,19.5,0.020726130517116952,0.335476430520845,19.1,-0.007822725681208932,0.3291074594682516,19.25,0.028987536873252406,0.32801549841512306,18.4,0.021978906718775167,0.3075622071804398,19.1,-0.020726130517116855,0.3017737304382628,0.353954001249545
2024-09-20,19.0,19.6,19.6,19.0,0,-0.03109058707003112,-0.030612244897959218,8.0,0.0,0.25,8.0,1.0,0.15,1,0.3784308655165197,0.3435825357953296,0.353954001249545,0.25109952495040594,0.3949912922084589,0.49429792812121925,19.29,0.9849663037843442,18.889999999999997,1.0058231868713607,19.0375,0.9980302035456335,19.014,0.9992637004312612,20.664,0.9194734804490902,50.0,0.04023844957886169,-0.010439692877093206,19.0375,19.904967578644303,18.1700324213557,0.09113250990353794,0.4250000000000002,19.6,0.005115100666770409,0.33542361533149195,19.5,0.020726130517116952,0.335476430520845,19.1,-0.007822725681208932,0.3291074594682516,18.7,0.016172859245600968,0.3138050677241357,18.95,-0.007884403524148983,0.3023117684156097,0.353954001249545
2024-09-23,19.0,19.0,19.0,18.75,0,0.0,0.0,8.0,0.0,0.25,8.0,1.0,0.15,1,0.302177055232026,0.34056789576114,0.353954001249545,0.2510339642782728,0.3945304405508032,0.494226414879931,19.240000000000002,0.9875259875259874,18.91,1.0047593865679534,18.99,1.0005265929436546,19.012999999999998,0.9993162572976385,20.6695,0.9192288154043398,47.67441860465117,0.03254183458924942,-0.0018433873838246805,18.99,19.743657747256012,18.236342252743984,0.07937417032712102,0.410714285714286,19.0,-0.03109058707003112,0.353954001249545,19.6,0.005115100666770409,0.33542361533149195,19.5,0.020726130517116952,0.335476430520845,19.25,0.028987536873252406,0.32801549841512306,18.8,-0.007947061692531721,0.29996338308145737,0.3145283142064155
2024-09-24,19.35,19.0,19.5,19.0,0,0.018253440309350517,0.018421052631579116,8.0,0.0,0.25,8.0,1.0,0.15,1,0.32934613361954984,0.3400288418779802,0.3145283142064155,0.2535767087641452,0.3955151602391318,0.49441980083774756,19.29,1.0031104199066876,18.990000000000002,1.018957345971564,19.0075,1.0180192029462054,19.016,1.01756415649979,20.67625,0.9358563569312618,48.27586206896554,0.05406110393255403,0.009337510879451063,19.0075,19.778196882184908,18.236803117815093,0.08109397681808837,0.410714285714286,19.0,0.0,0.353954001249545,19.0,-0.03109058707003112,0.353954001249545,19.6,0.005115100666770409,0.33542361533149195,19.1,-0.007822725681208932,0.3291074594682516,18.55,-0.013387080782459409,0.27983012329098783,0.264272602143575
2024-09-25,19.5,19.35,19.6,19.4,0,0.0077220460939103185,0.007751937984496138,8.0,0.0,0.25,8.0,1.0,0.15,1,0.2954542893684484,0.28102821046430954,0.264272602143575,0.2531767748369964,0.3957198532304557,0.49427508668716247,19.29,1.010886469673406,19.14,1.018808777429467,19.025,1.0249671484888305,19.021,1.0251826928132064,20.6835,0.9427804771919647,54.87804878048779,0.08227066135044225,0.023924140973649304,19.025,19.824670984974155,18.225329015025842,0.08406528094340672,0.3892857142857145,19.35,0.018253440309350517,0.3145283142064155,19.0,0.0,0.353954001249545,19.0,-0.03109058707003112,0.353954001249545,19.5,0.020726130517116952,0.335476430520845,18.0,-0.030098031157279527,0.2946972809107488,0.26318977803936516
2024-09-26,19.5,19.5,19.55,19.4,0,0.0,0.0,8.0,0.0,0.25,8.0,1.0,0.15,1,0.29208769135479934,0.2719375548511288,0.26318977803936516,0.25310270179357347,0.39572221899657894,0.4942641220933815,19.27,1.0119356512714064,19.25,1.0129870129870129,19.05,1.0236220472440944,19.024,1.0250210260723296,20.69,0.9424842919284678,56.96202531645571,0.10343460905562196,0.039826234590043835,19.05,19.877170191867915,18.222829808132087,0.0868420148942692,0.3892857142857145,19.5,0.0077220460939103185,0.264272602143575,19.35,0.018253440309350517,0.3145283142064155,19.0,0.0,0.353954001249545,19.6,0.005115100666770409,0.33542361533149195,18.4,0.021978906718775167,0.3075622071804398,0.26130763822670866
2024-09-27,19.5,19.5,19.65,19.5,0,0.0,0.0,8.0,0.0,0.25,8.0,1.0,0.15,1,0.12745976900284,0.26674457138003943,0.26130763822670866,0.2530652792779614,0.3935295298344761,0.4941172011614548,19.369999999999997,1.0067114093959733,19.330000000000002,1.0087946197620279,19.075,1.0222804718217562,19.026,1.0249132765689057,20.69075,0.9424501286806906,59.210526315789465,0.11883730758183475,0.05562844918840202,19.075,19.92569630922282,18.22430369077718,0.08919489480711078,0.38571428571428584,19.5,0.0,0.26318977803936516,19.5,0.0077220460939103185,0.264272602143575,19.35,0.018253440309350517,0.3145283142064155,19.0,-0.03109058707003112,0.353954001249545,18.7,0.016172859245600968,0.3138050677241357,0.32048159701116125
2024-09-30,20.6,19.5,21.2,19.65,0,0.0548766102258343,0.05641025641025643,8.0,0.0,0.25,8.0,1.0,0.15,1,0.3634576065376881,0.3521296714015292,0.32048159701116125,0.2709038600684775,0.40071981271589097,0.49676050938207933,19.69,1.0462163534789233,19.465,1.058309786796815,19.155,1.0754372226572697,19.05,1.0813648293963254,20.688249999999996,0.9957342936207754,72.04301075268816,0.21729996531511375,0.08796275241374438,19.155,20.243649573892288,18.066350426107714,0.11366740526152824,0.47500000000000014,19.5,0.0,0.26130763822670866,19.5,0.0,0.26318977803936516,19.5,0.0077220460939103185,0.264272602143575,19.0,0.0,0.353954001249545,19.25,0.028987536873252406,0.32801549841512306,0.3579157173973062
2024-10-02,19.75,20.6,20.6,19.75,0,-0.04213758444840462,-0.04126213592233019,8.0,0.0,0.25,8.0,1.0,0.15,1,0.547780785002543,0.4262930583621753,0.3579157173973062,0.284235070902574,0.40429241851498726,0.49821177095604224,19.770000000000003,0.9989883662114313,19.53,1.0112647209421401,19.1825,1.0295842564837743,19.057000000000002,1.0363645904392085,20.686999999999998,0.9547058539179196,67.67676767676767,0.22416045253845596,0.11520229243868671,19.1825,20.303249279440962,18.06175072055904,0.1168512216281466,0.46785714285714314,20.6,0.0548766102258343,0.32048159701116125,19.5,0.0,0.26130763822670866,19.5,0.0,0.26318977803936516,19.35,0.018253440309350517,0.3145283142064155,19.1,-0.007822725681208932,0.3291074594682516,0.35862956649639793
2024-10-03,20.0,19.75,20.0,19.6,0,0.012578782206860185,0.012658227848101333,8.0,0.0,0.25,8.0,1.0,0.15,1,0.5508846420442293,0.41889026501169485,0.35862956649639793,0.28370621877041224,0.4037599726081038,0.48722396933450135,19.87,1.0065425264217414,19.580000000000002,1.0214504596527068,19.207500000000003,1.0412599245086553,19.07,1.048767697954903,20.68575,0.9668491594455121,66.66666666666666,0.2469239630121436,0.1415466265533781,19.207500000000003,20.379217138489746,18.03578286151026,0.12200620991693277,0.46785714285714314,19.75,-0.04213758444840462,0.3579157173973062,20.6,0.0548766102258343,0.32048159701116125,19.5,0.0,0.26130763822670866,19.5,0.0077220460939103185,0.264272602143575,19.5,0.020726130517116952,0.335476430520845,0.35524871116570494
2024-10-04,20.0,19.55,20.0,19.75,0,0.0,0.0,8.0,0.0,0.25,8.0,1.0,0.15,1,0.5508846420442293,0.4187939978523762,0.35524871116570494,0.2766578273556999,0.39984672016766276,0.48722396933450135,19.970000000000002,1.00150225338007,19.62,1.019367991845056,19.2525,1.0388261264770808,19.087,1.047833604023681,20.684749999999998,0.9668959015699974,64.44444444444443,0.26194467391873744,0.16562623602644996,19.2525,20.474868279417187,18.030131720582816,0.1269828104835409,0.4571428571428573,20.0,0.012578782206860185,0.35862956649639793,19.75,-0.04213758444840462,0.3579157173973062,20.6,0.0548766102258343,0.32048159701116125,19.5,0.0,0.26318977803936516,19.6,0.005115100666770409,0.33542361533149195,0.3568943161064761
2024-10-07,19.55,20.0,19.9,19.5,0,-0.02275698712261618,-0.022499999999999964,8.0,0.0,0.25,8.0,1.0,0.15,1,0.5865954494650826,0.40210234594948174,0.3568943161064761,0.2775311308351612,0.3997263568718789,0.4877851812454657,19.98,0.9784784784784785,19.675,0.9936467598475223,19.2825,1.0138726824841178,19.098,1.0236673997277204,20.6805,0.9453349773941637,53.409090909090914,0.2348304767781073,0.17946708417678145,19.2825,20.50305854341107,18.06194145658893,0.12659754112911392,0.4535714285714287,20.0,0.0,0.35524871116570494,20.0,0.012578782206860185,0.35862956649639793,19.75,-0.04213758444840462,0.3579157173973062,19.5,0.0,0.26130763822670866,19.0,-0.03109058707003112,0.353954001249545,0.35664421225057286
2024-10-08,19.75,19.55,19.75,19.55,0,0.010178204915756052,0.010230179028132946,8.0,0.0,0.25,8.0,1.0,0.15,1,0.3723039921991724,0.40332418874607534,0.35664421225057286,0.2770346646028881,0.3988648547384731,0.4876392055643692,19.81,0.9969712266532055,19.75,1.0,19.330000000000002,1.0217278841179513,19.123,1.0327877425090204,20.669,0.9555372780492525,57.30337078651684,0.22686544509495832,0.18894675636041683,19.330000000000002,20.54542715038531,18.114572849614692,0.1257555251303993,0.4571428571428573,19.55,-0.02275698712261618,0.3568943161064761,20.0,0.0,0.35524871116570494,20.0,0.012578782206860185,0.35862956649639793,20.6,0.0548766102258343,0.32048159701116125,19.0,0.0,0.353954001249545,0.35653274746687785
2024-10-09,19.6,19.7,19.9,19.6,0,-0.007623925110659259,-0.007594936708860689,8.0,0.0,0.25,8.0,1.0,0.15,1,0.22814620846979994,0.3983765462232178,0.35653274746687785,0.277274950429112,0.39464543051269163,0.48737858984840854,19.78,0.9908998988877654,19.775,0.9911504424778762,19.3825,1.0112214626596157,19.145,1.023765996343693,20.653000000000002,0.9490146709921077,51.190476190476204,0.20607386249311688,0.19237217758695685,19.3825,20.545651345539607,18.219348654460394,0.12002077601337359,0.45000000000000007,19.75,0.010178204915756052,0.35664421225057286,19.55,-0.02275698712261618,0.3568943161064761,20.0,0.0,0.35524871116570494,19.75,-0.04213758444840462,0.3579157173973062,19.35,0.018253440309350517,0.3145283142064155,0.3539722729450382
2024-10-10,19.45,19.6,19.7,19.4,0,-0.007682496172016394,-0.007653061224489943,8.0,0.0,0.25,8.0,1.0,0.15,1,0.19166527138501824,0.3989107367728942,0.3539722729450382,0.27689534902274926,0.3908383380021864,0.48744656406641823,19.669999999999998,0.9888154550076259,19.77,0.9838138593829033,19.455,0.9997429966589566,19.167,1.0147649606093805,20.63925,0.9423792046707123,48.235294117647044,0.17546992897323577,0.18899172786421264,19.455,20.419037562054328,18.49096243794567,0.09910434973573165,0.457142857142857,19.6,-0.007623925110659259,0.35653274746687785,19.75,0.010178204915756052,0.35664421225057286,19.55,-0.02275698712261618,0.3568943161064761,20.0,0.012578782206860185,0.35862956649639793,19.5,0.0077220460939103185,0.264272602143575,0.3352572511687982
2024-10-11,19.7,19.45,19.8,19.6,0,0.01277156567948754,0.01285347043701801,8.0,0.0,0.25,8.0,1.0,0.15,1,0.23223078207724873,0.4042571493939292,0.3352572511687982,0.27800942726194594,0.39065437741524023,0.48758929819078206,19.61,1.004589495155533,19.79,0.9954522486104093,19.52,1.0092213114754098,19.195,1.0263089346183902,20.627750000000002,0.955024178594369,58.97435897435896,0.1694358508140894,0.18508055245418803,19.52,20.35059902289921,18.68940097710079,0.08510235890360766,0.43928571428571417,19.45,-0.007682496172016394,0.3539722729450382,19.6,-0.007623925110659259,0.35653274746687785,19.75,0.010178204915756052,0.35664421225057286,20.0,0.0,0.35524871116570494,19.5,0.0,0.26318977803936516,0.3303464709959687
2024-10-14,19.6,19.95,19.95,19.55,0,-0.005089069507471181,-0.0050761421319796,8.0,0.0,0.25,8.0,1.0,0.15,1,0.16041256692021413,0.40542236589546504,0.3303464709959687,0.2778302959971375,0.39066677012200673,0.48757441603960017,19.619999999999997,0.9989806320081551,19.8,0.98989898989899,19.565,1.0017889087656529,19.22,1.0197710718002082,20.612750000000002,0.9508677881408352,57.50000000000003,0.1548001958368168,0.1790244811307138,19.565,20.300634348529123,18.82936565147088,0.07519901339423676,0.4499999999999998,19.7,0.01277156567948754,0.3352572511687982,19.45,-0.007682496172016394,0.3539722729450382,19.6,-0.007623925110659259,0.35653274746687785,19.55,-0.02275698712261618,0.3568943161064761,19.5,0.0,0.26130763822670866,0.32880858865193435
2024-10-15,19.85,19.6,20.7,19.6,0,0.01267444089672786,0.012755102040816313,8.0,0.0,0.25,8.0,1.0,0.15,1,0.17054874326472064,0.28419512256364343,0.32880858865193435,0.2788938184693275,0.32525443044205665,0.487667218447565,19.64,1.0106924643584523,19.725,1.0063371356147022,19.595000000000002,1.013013523858127,19.245,1.031436736814757,20.5975,0.9637091880082534,56.41025641025641,0.16151242973397473,0.17552207085136598,19.595000000000002,20.325464884417755,18.86453511558225,0.07455625255603499,0.4928571428571425,19.6,-0.005089069507471181,0.3303464709959687,19.7,0.01277156567948754,0.3352572511687982,19.45,-0.007682496172016394,0.3539722729450382,19.75,0.010178204915756052,0.35664421225057286,20.6,0.0548766102258343,0.32048159701116125,0.3150692584863179
2024-10-16,19.8,19.85,20.0,19.6,0,-0.0025220694327099465,-0.0025188916876575096,8.0,0.0,0.25,8.0,1.0,0.15,1,0.15763402753135303,0.1872490420213897,0.3150692584863179,0.27879235585886925,0.32028238842546086,0.48749137232702544,19.68,1.0060975609756098,19.73,1.0035478966041562,19.630000000000003,1.008660213958227,19.269,1.027557216254087,20.58,0.9620991253644317,53.94736842105264,0.16094210096697736,0.17260607687448826,19.630000000000003,20.32691047525872,18.933089524741284,0.07100463324082715,0.5035714285714281,19.85,0.01267444089672786,0.32880858865193435,19.6,-0.005089069507471181,0.3303464709959687,19.7,0.01277156567948754,0.3352572511687982,19.6,-0.007623925110659259,0.35653274746687785,19.75,-0.04213758444840462,0.3579157173973062,0.31460201709041324
2024-10-17,20.0,19.8,20.0,19.8,0,0.010050335853501506,0.010101010101010166,8.0,0.0,0.25,8.0,1.0,0.15,1,0.13782193897115944,0.1829700575053656,0.31460201709041324,0.2794331852885462,0.2932771070918513,0.48755951214472937,19.79,1.010611419909045,19.73,1.0136847440446022,19.655,1.0175527855507505,19.297,1.0364305332435093,20.564,0.9725734292939117,56.25,0.17461558012711365,0.17300797752501335,19.655,20.36796268448826,18.942037315511744,0.0725477165594767,0.5071428571428565,19.8,-0.0025220694327099465,0.3150692584863179,19.85,0.01267444089672786,0.32880858865193435,19.6,-0.005089069507471181,0.3303464709959687,19.45,-0.007682496172016394,0.3539722729450382,20.0,0.012578782206860185,0.35862956649639793,0.3073259630327928
2024-10-18,20.0,20.0,21.0,19.95,0,0.0,0.0,8.0,0.0,0.25,8.0,1.0,0.15,1,0.1250528793063137,0.1829700575053656,0.3073259630327928,0.2794331852885462,0.2911272931134613,0.48755535093649593,19.85,1.0075566750629723,19.73,1.0136847440446022,19.675000000000004,1.016518424396442,19.322,1.0350895352447986,20.548000000000002,0.9733307377846991,56.25,0.1833384987838933,0.17507408177678935,19.675000000000004,20.403733580657548,18.94626641934246,0.07407711112147836,0.571428571428571,20.0,0.010050335853501506,0.31460201709041324,19.8,-0.0025220694327099465,0.3150692584863179,19.85,0.01267444089672786,0.32880858865193435,19.7,0.01277156567948754,0.3352572511687982,20.0,0.0,0.35524871116570494,0.3070167473511236
2024-10-21,20.0,20.0,20.05,19.95,0,0.0,0.0,8.0,0.0,0.25,8.0,1.0,0.15,1,0.10836071524321275,0.13239079909959794,0.3070167473511236,0.2794331852885462,0.2907992335582993,0.48752629747746196,19.93,1.0035122930255895,19.775,1.0113780025284451,19.725,1.0139416983523446,19.342,1.0340192327577293,20.532249999999998,0.9740773660948022,39.655172413793075,0.18808336669123804,0.1776759387596791,19.725,20.39346249353436,19.05653750646564,0.06777819959790721,0.4571428571428568,20.0,0.0,0.3073259630327928,20.0,0.010050335853501506,0.31460201709041324,19.8,-0.0025220694327099465,0.3150692584863179,19.6,-0.005089069507471181,0.3303464709959687,19.55,-0.02275698712261618,0.3568943161064761,0.2841585851939645
2024-10-22,20.0,20.0,20.05,19.9,0,0.0,0.0,8.0,0.0,0.25,8.0,1.0,0.15,1,0.07778311470788521,0.1250346867900518,0.2841585851939645,0.2793658251514961,0.28993451286263267,0.4871983709174253,19.96,1.002004008016032,19.8,1.0101010101010102,19.775000000000002,1.011378002528445,19.35,1.0335917312661498,20.5165,0.9748251407403796,56.097560975609774,0.18965745560221947,0.18007224212818718,19.775000000000002,20.359447557414214,19.19055244258579,0.0591097403200214,0.40714285714285686,20.0,0.0,0.3070167473511236,20.0,0.0,0.3073259630327928,20.0,0.010050335853501506,0.31460201709041324,19.85,0.01267444089672786,0.32880858865193435,19.75,0.010178204915756052,0.35664421225057286,0.28414365286124665
2024-10-23,20.1,20.0,20.1,19.95,0,0.004987541511039188,0.0050000000000001155,8.0,0.0,0.25,8.0,1.0,0.15,1,0.07128399545395067,0.11562441899227731,0.28414365286124665,0.2786158852935133,0.289374858951028,0.484878116557326,20.020000000000003,1.0039960039960039,19.85,1.012594458438287,19.8125,1.0145110410094638,19.364,1.0380086758934104,20.499250000000004,0.9805236776955254,52.63157894736846,0.1967065855968393,0.18339911082191762,19.8125,20.378069112533254,19.246930887466746,0.057092150161085556,0.38928571428571423,20.0,0.0,0.2841585851939645,20.0,0.0,0.3070167473511236,20.0,0.0,0.3073259630327928,19.8,-0.0025220694327099465,0.3150692584863179,19.6,-0.007623925110659259,0.35653274746687785,0.42569906433150184
2024-10-24,22.1,20.1,22.1,20.1,0,0.09485779345867705,0.09950248756218905,8.0,0.0,0.25,8.0,1.0,0.15,1,0.6654552405152551,0.46878026375010856,0.42569906433150184,0.3355972196702756,0.31072569371590486,0.49377004027098115,20.44,1.0812133072407044,20.115000000000002,1.0986825751926423,19.942500000000003,1.1081860348501942,19.42,1.1380020597322347,20.48025,1.0790883900343013,76.92307692307695,0.3595318972952235,0.2186256681165788,19.942500000000003,21.0956535708195,18.789346429180505,0.1156478446352762,0.5142857142857142,20.1,0.004987541511039188,0.28414365286124665,20.0,0.0,0.2841585851939645,20.0,0.0,0.3070167473511236,20.0,0.010050335853501506,0.31460201709041324,19.45,-0.007682496172016394,0.3539722729450382,0.42669158601044205
2024-10-25,22.05,22.1,23.8,21.5,0,-0.002265006630852125,-0.002262443438914019,8.0,0.0,0.25,8.0,1.0,0.15,1,0.6699165848793608,0.4748198302111422,0.42669158601044205,0.33051679842366555,0.3107795060824097,0.49312998042632156,20.85,1.0575539568345322,20.35,1.0835380835380835,20.07,1.0986547085201794,19.474,1.1322789360172538,20.4655,1.0774229801373043,85.71428571428571,0.47901575236039307,0.27070368496534164,20.07,21.538045603765724,18.601954396234277,0.14629253649882648,0.6428571428571429,22.1,0.09485779345867705,0.42569906433150184,20.1,0.004987541511039188,0.28414365286124665,20.0,0.0,0.2841585851939645,20.0,0.0,0.3073259630327928,19.7,0.01277156567948754,0.3352572511687982,0.430948043537798
2024-10-28,22.6,22.05,23.0,22.2,0,0.024637304385385292,0.024943310657596474,8.0,0.0,0.25,8.0,1.0,0.15,1,0.6471453764335031,0.4695641318799793,0.430948043537798,0.33333360507719795,0.31223956422638544,0.49366356135132156,21.37,1.0575573233504914,20.65,1.0944309927360776,20.225,1.1174289245982694,19.544,1.1563651248465003,20.44575,1.105364195492951,87.01298701298703,0.6110442342221631,0.33877179481670594,20.225,22.05069381187971,18.399306188120292,0.18053832503136805,0.6964285714285714,22.05,-0.002265006630852125,0.42669158601044205,22.1,0.09485779345867705,0.42569906433150184,20.1,0.004987541511039188,0.28414365286124665,20.0,0.0,0.3070167473511236,19.6,-0.005089069507471181,0.3303464709959687,0.4704236192457396
2024-10-29,21.55,22.6,22.5,21.5,0,-0.04757408972848342,-0.04646017699115046,8.0,0.0,0.25,8.0,1.0,0.15,1,0.8242510847339721,0.5632517352430227,0.4704236192457396,0.34779205489013465,0.31645347637020005,0.4960478072970228,21.68,0.9940036900369004,20.82,1.0350624399615753,20.2725,1.0630164015291652,19.592,1.0999387505104126,20.4165,1.0555188205618007,70.52631578947366,0.6237612016725862,0.395769676187882,20.2725,22.18656841433003,18.358431585669972,0.18883397847626374,0.7535714285714289,22.6,0.024637304385385292,0.430948043537798,22.05,-0.002265006630852125,0.42669158601044205,22.1,0.09485779345867705,0.42569906433150184,20.0,0.0,0.2841585851939645,19.85,0.01267444089672786,0.32880858865193435,0.43485907345103736
2024-10-30,21.8,21.55,22.0,21.7,0,0.011534153245286545,0.011600928074245953,8.0,0.0,0.25,8.0,1.0,0.15,1,0.8205788804832551,0.560158980229741,0.43485907345103736,0.34808164446362283,0.31561030130830864,0.4961574363860806,22.02,0.9900090826521345,21.02,1.0371075166508088,20.375,1.0699386503067485,19.648,1.109527687296417,20.377,1.0698336359621143,74.22680412371135,0.6465592678896073,0.4459275945282271,20.375,22.388245612123832,18.361754387876168,0.1976192011900694,0.7642857142857145,21.55,-0.04757408972848342,0.4704236192457396,22.6,0.024637304385385292,0.430948043537798,22.05,-0.002265006630852125,0.42669158601044205,20.1,0.004987541511039188,0.28414365286124665,19.8,-0.0025220694327099465,0.3150692584863179,0.4037459718935937
2024-10-31,22.05,21.8,22.15,21.8,0,0.01140263209781177,0.011467889908256979,8.0,0.0,0.25,8.0,1.0,0.15,1,0.444589087550511,0.5602290093752158,0.4037459718935937,0.3485086926370132,0.31568517269742585,0.4959767769483376,22.01,1.0018173557473875,21.225,1.03886925795053,20.4775,1.076791600537175,19.71,1.1187214611872145,20.348,1.083644584234323,74.22680412371135,0.6769958238386771,0.49214124039031715,20.4775,22.615249677630555,18.339750322369444,0.20879010402935472,0.7642857142857142,21.8,0.011534153245286545,0.43485907345103736,21.55,-0.04757408972848342,0.4704236192457396,22.6,0.024637304385385292,0.430948043537798,22.1,0.09485779345867705,0.42569906433150184,20.0,0.010050335853501506,0.31460201709041324,0.4029657177324257
2024-11-01,22.1,22.05,22.5,22.0,0,0.0022650066308520615,0.0022675736961450532,8.0,0.0,0.25,8.0,1.0,0.15,1,0.444589087550511,0.5592388692360448,0.4029657177324257,0.3478415382581446,0.311553017935897,0.49595436826205824,22.02,1.0036330608537694,21.435,1.0310240261254957,20.5825,1.073727681282643,19.772000000000002,1.1177422617843416,20.31775,1.0877188665083486,76.04166666666664,0.6971156802222644,0.5331361283567067,20.5825,22.825213347241185,18.339786652758814,0.217924289784155,0.7714285714285715,22.05,0.01140263209781177,0.4037459718935937,21.8,0.011534153245286545,0.43485907345103736,21.55,-0.04757408972848342,0.4704236192457396,22.05,-0.002265006630852125,0.42669158601044205,20.0,0.0,0.3073259630327928,0.4050843221581482
2024-11-04,22.5,22.1,22.5,22.0,0,0.01793770068666725,0.018099547511312153,8.0,0.0,0.25,8.0,1.0,0.15,1,0.4236820318426863,0.5575185347818352,0.4050843221581482,0.3491156198446448,0.31218908829638964,0.49624044152840163,22.0,1.0227272727272727,21.685,1.0375835831219737,20.73,1.085383502170767,19.842,1.1339582703356517,20.29025,1.1089069873461392,76.76767676767673,0.7368435941384917,0.5738776215130637,20.73,23.072603140457904,18.387396859542097,0.22601091562546102,0.7285714285714288,22.1,0.0022650066308520615,0.4029657177324257,22.05,0.01140263209781177,0.4037459718935937,21.8,0.011534153245286545,0.43485907345103736,22.6,0.024637304385385292,0.430948043537798,20.0,0.0,0.3070167473511236,0.4163297447611146
2024-11-05,23.6,22.5,23.95,22.5,0,0.047731402821190025,0.04888888888888898,8.0,0.0,0.25,8.0,1.0,0.15,1,0.2768646786571997,0.5803075280021536,0.4163297447611146,0.36030888897591773,0.31616705787306126,0.49831453326063085,22.410000000000004,1.0531012940651494,22.044999999999998,1.0705375368564303,20.922500000000003,1.1279722786473891,19.915,1.1850364047200603,20.26525,1.164555088143497,81.66666666666666,0.8473216623732789,0.6285664296851067,20.922500000000003,23.542358373030094,18.302641626969912,0.25043454396272824,0.8035714285714288,22.5,0.01793770068666725,0.4050843221581482,22.1,0.0022650066308520615,0.4029657177324257,22.05,0.01140263209781177,0.4037459718935937,21.55,-0.04757408972848342,0.4704236192457396,20.0,0.0,0.2841585851939645,0.41839748075297467
2024-11-06,24.1,23.6,24.45,23.5,0,0.02096512846504487,0.021186440677966045,8.0,0.0,0.25,8.0,1.0,0.15,1,0.27064077752329213,0.5769256655310653,0.41839748075297467,0.3618544923498217,0.31642556212771267,0.49870189422421907,22.869999999999997,1.0537822474857894,22.445,1.073735798618846,21.1475,1.1396146116562242,20.017,1.203976619873108,20.23675,1.190902689414061,82.53968253968253,0.9641085060059638,0.6956748449492781,21.1475,24.047132463097984,18.247867536902017,0.27422933803976673,0.8571428571428574,23.6,0.047731402821190025,0.4163297447611146,22.5,0.01793770068666725,0.4050843221581482,22.1,0.0022650066308520615,0.4029657177324257,21.8,0.011534153245286545,0.43485907345103736,20.1,0.004987541511039188,0.28414365286124665,0.4138071521065703
2024-11-07,24.4,24.1,24.55,24.0,0,0.012371291802546829,0.012448132780082943,8.0,0.0,0.25,8.0,1.0,0.15,1,0.268769480639208,0.3872581781926003,0.4138071521065703,0.36176779513579294,0.31510846432371387,0.4970882085370667,23.34,1.0454155955441302,22.675,1.076074972436604,21.395000000000003,1.1404533769572327,20.122,1.2126031209621309,20.21075,1.207278304862511,83.33333333333331,1.0685528022309363,0.7702504364056099,21.395000000000003,24.520767274227346,18.26923272577266,0.29219605274385063,0.8214285714285717,24.1,0.02096512846504487,0.41839748075297467,23.6,0.047731402821190025,0.4163297447611146,22.5,0.01793770068666725,0.4050843221581482,22.05,0.01140263209781177,0.4037459718935937,22.1,0.09485779345867705,0.42569906433150184,0.4085477114580518
2024-11-08,24.65,24.4,24.8,24.15,0,0.010193768189543024,0.010245901639344357,8.0,0.0,0.25,8.0,1.0,0.15,1,0.23965371166499647,0.38130389686927946,0.4085477114580518,0.35779287151825695,0.3151762987109837,0.49628035734418313,23.85,1.0335429769392033,22.935,1.0747765424024416,21.642500000000002,1.1389626891532862,20.235,1.2181863108475413,20.186500000000002,1.2211131201545584,83.94160583941604,1.1581481590769265,0.8478299809398733,21.642500000000002,24.979891827539195,18.30510817246081,0.30841093473851844,0.860714285714286,24.4,0.012371291802546829,0.4138071521065703,24.1,0.02096512846504487,0.41839748075297467,23.6,0.047731402821190025,0.4163297447611146,22.1,0.0022650066308520615,0.4029657177324257,22.05,-0.002265006630852125,0.42669158601044205,0.429123532832152
2024-11-11,24.0,24.65,24.55,23.8,0,-0.026723070140753393,-0.026369168356997874,8.0,0.0,0.25,8.0,1.0,0.15,1,0.4241690731218589,0.4160111110801327,0.429123532832152,0.3618844068411427,0.31769897749104203,0.4969085833865025,24.15,0.9937888198757765,23.075,1.0400866738894907,21.8625,1.097770154373928,20.335,1.1802311285960168,20.1565,1.190682906258527,76.66666666666666,1.1632938300066726,0.9109227507532331,21.8625,25.213049837045467,18.511950162954534,0.30651113432091176,0.9107142857142857,24.65,0.010193768189543024,0.4085477114580518,24.4,0.012371291802546829,0.4138071521065703,24.1,0.02096512846504487,0.41839748075297467,22.5,0.01793770068666725,0.4050843221581482,22.6,0.024637304385385292,0.430948043537798,0.4263758692358593
2024-11-12,24.1,24.0,24.25,23.8,0,0.004158010148663677,0.004166666666666652,8.0,0.0,0.25,8.0,1.0,0.15,1,0.2905514806841279,0.29201305577172393,0.4263758692358593,0.361469748852865,0.31748519132715897,0.4969148736937084,24.25,0.9938144329896907,23.33,1.03300471495928,22.075,1.0917327293318235,20.437,1.1792337427215345,20.131,1.1971586110973127,76.66666666666666,1.1620456368034056,0.9611473279632676,22.075,25.427218432777277,18.72278156722272,0.3037117492889946,0.9321428571428569,24.0,-0.026723070140753393,0.429123532832152,24.65,0.010193768189543024,0.4085477114580518,24.4,0.012371291802546829,0.4138071521065703,23.6,0.047731402821190025,0.4163297447611146,21.55,-0.04757408972848342,0.4704236192457396,0.4302591560073116
2024-11-13,24.75,24.1,24.75,24.25,0,0.026613648518089904,0.026970954356846377,8.0,0.0,0.25,8.0,1.0,0.15,1,0.312993844336473,0.30215543300234066,0.4302591560073116,0.3643984080344412,0.319266498644266,0.4975551721246382,24.380000000000003,1.0151763740771123,23.625,1.0476190476190477,22.322499999999998,1.1087467801545527,20.548,1.2044967880085655,20.111,1.2306697827059818,71.54471544715446,1.1996768741876984,1.0088532372081538,22.322499999999998,25.698339076982688,18.94666092301731,0.3024606631858161,0.8357142857142854,24.1,0.004158010148663677,0.4263758692358593,24.0,-0.026723070140753393,0.429123532832152,24.65,0.010193768189543024,0.4085477114580518,24.1,0.02096512846504487,0.41839748075297467,21.8,0.011534153245286545,0.43485907345103736,0.4300719079610112
2024-11-14,24.7,24.75,25.3,24.4,0,-0.002022245380767809,-0.002020202020202033,8.0,0.0,0.25,8.0,1.0,0.15,1,0.3092305619870345,0.311140861384405,0.4300719079610112,0.3629861326722148,0.31910516038446496,0.4975139637809966,24.439999999999998,1.0106382978723405,23.89,1.0339053997488488,22.557499999999997,1.0949794968414055,20.651999999999997,1.1960100716637614,20.0925,1.2293144208037825,71.54471544715446,1.211499902062144,1.0493825701789519,22.557499999999997,25.90685579037603,19.208144209623963,0.29696161280071237,0.7357142857142855,24.75,0.026613648518089904,0.4302591560073116,24.1,0.004158010148663677,0.4263758692358593,24.0,-0.026723070140753393,0.429123532832152,24.4,0.012371291802546829,0.4138071521065703,22.05,0.01140263209781177,0.4037459718935937,0.4310825964213008
2024-11-15,24.75,24.7,25.0,24.6,0,0.0020222453807678706,0.002024291497975783,8.0,0.0,0.25,8.0,1.0,0.15,1,0.30167815434646733,0.3113416373318707,0.4310825964213008,0.3629977898978882,0.31813008043208285,0.4974957063341819,24.46,1.0118560915780865,24.155,1.0246325812461188,22.794999999999998,1.0857644220223734,20.765,1.1919094630387672,20.07375,1.232953484027648,69.02654867256636,1.2109452953875675,1.081695115220675,22.794999999999998,26.053171912365194,19.536828087634802,0.28586724390131135,0.6964285714285712,24.7,-0.002022245380767809,0.4300719079610112,24.75,0.026613648518089904,0.4302591560073116,24.1,0.004158010148663677,0.4263758692358593,24.65,0.010193768189543024,0.4085477114580518,22.1,0.0022650066308520615,0.4029657177324257,0.45283951096497527
2024-11-18,24.0,24.75,24.7,24.0,0,-0.03077165866675366,-0.030303030303030276,8.0,0.0,0.25,8.0,1.0,0.15,1,0.3253934598902657,0.37240431839562643,0.45283951096497527,0.3689025775588293,0.32169621146214844,0.4985336630498023,24.46,0.9811937857726901,24.305,0.9874511417403826,22.994999999999997,1.0437051532941946,20.866,1.1501964919006997,20.05075,1.196962707130656,72.89719626168224,1.1368817682734402,1.0927324458312282,22.994999999999997,26.012998639740058,19.977001360259937,0.2624917277442975,0.671428571428571,24.75,0.0020222453807678706,0.4310825964213008,24.7,-0.002022245380767809,0.4300719079610112,24.75,0.026613648518089904,0.4302591560073116,24.0,-0.026723070140753393,0.429123532832152,22.5,0.01793770068666725,0.4050843221581482,0.45407745998550253
2024-11-19,23.9,24.0,24.1,23.5,0,-0.004175371410480733,-0.004166666666666763,8.0,0.0,0.25,8.0,1.0,0.15,1,0.3240601924444126,0.29427357505828516,0.45407745998550253,0.3690230720998494,0.32182199227115404,0.4985461673798028,24.419999999999998,0.9787059787059788,24.335,0.9821245120197246,23.189999999999998,1.030616645105649,20.968000000000004,1.139832125143075,20.030250000000002,1.1931952921206672,70.19230769230768,1.057921662776355,1.0857702892202536,23.189999999999998,25.879276952326585,20.50072304767341,0.23193419166249135,0.6821428571428569,24.0,-0.03077165866675366,0.45283951096497527,24.75,0.0020222453807678706,0.4310825964213008,24.7,-0.002022245380767809,0.4300719079610112,24.1,0.004158010148663677,0.4263758692358593,23.6,0.047731402821190025,0.4163297447611146,0.45529510948997753
2024-11-20,23.8,23.9,23.95,23.7,0,-0.004192878260035927,-0.004184100418409997,8.0,0.0,0.25,8.0,1.0,0.15,1,0.20754081084329104,0.27347685278001543,0.45529510948997753,0.3693544586699376,0.321870965745018,0.49852587648288954,24.229999999999997,0.982253404869996,24.305,0.9792223822258795,23.375,1.0181818181818183,21.073,1.1294072984387604,20.02325,1.1886182313061067,67.32673267326734,0.976025036956397,1.0638212387674824,23.375,25.645752251892066,21.104247748107934,0.19428896272873294,0.6749999999999999,23.9,-0.004175371410480733,0.45407745998550253,24.0,-0.03077165866675366,0.45283951096497527,24.75,0.0020222453807678706,0.4310825964213008,24.75,0.026613648518089904,0.4302591560073116,24.1,0.02096512846504487,0.41839748075297467,0.4785055857899171
2024-11-21,23.0,23.8,23.7,23.0,0,-0.03419136474827931,-0.03361344537815125,8.0,0.0,0.25,8.0,1.0,0.15,1,0.26776351082521094,0.30643228414846596,0.4785055857899171,0.37695179308705473,0.32606981192932066,0.4997837625352461,23.889999999999997,0.9627459187944748,24.165,0.9517897786054211,23.419999999999998,0.982066609735269,21.173000000000002,1.0862891418315779,20.02475,1.1485786339404986,57.75862068965517,0.8369205576164731,1.0184411025372806,23.419999999999998,25.618899246153866,21.22110075384613,0.18777961111476243,0.6964285714285714,23.8,-0.004192878260035927,0.45529510948997753,23.9,-0.004175371410480733,0.45407745998550253,24.0,-0.03077165866675366,0.45283951096497527,24.7,-0.002022245380767809,0.4300719079610112,24.4,0.012371291802546829,0.4138071521065703,0.35492508135269474
2024-11-22,22.9,23.0,22.95,22.65,0,-0.004357305368955813,-0.004347826086956608,8.0,0.0,0.25,8.0,1.0,0.15,1,0.24629049818744714,0.29345360749612726,0.35492508135269474,0.3655438344005256,0.3229645810225982,0.4998127485371807,23.52,0.9736394557823129,23.990000000000002,0.9545644018340974,23.4625,0.9760255727224294,21.263,1.0769881954568967,20.014499999999998,1.1441704764046068,53.636363636363626,0.7104208024912673,0.956837042528078,23.4625,25.581306764493252,21.343693235506745,0.18061219089979788,0.6857142857142858,23.0,-0.03419136474827931,0.4785055857899171,23.8,-0.004192878260035927,0.45529510948997753,23.9,-0.004175371410480733,0.45407745998550253,24.75,0.0020222453807678706,0.4310825964213008,24.65,0.010193768189543024,0.4085477114580518,0.3547358205565047
2024-11-25,23.0,22.9,23.2,22.5,0,0.004357305368955847,0.004366812227074357,8.0,0.0,0.25,8.0,1.0,0.15,1,0.23542642344095693,0.27706222767077693,0.3547358205565047,0.35056524832086056,0.32273625101778036,0.49982009107124237,23.32,0.9862778730703259,23.89,0.9627459187944747,23.4825,0.9794527839880761,21.349,1.0773338329664153,19.9945,1.150316336992673,43.333333333333314,0.6111925521511132,0.8877081444526851,23.4825,25.57440796818781,21.390592031812194,0.1781673985468164,0.6321428571428572,22.9,-0.004357305368955813,0.35492508135269474,23.0,-0.03419136474827931,0.4785055857899171,23.8,-0.004192878260035927,0.45529510948997753,24.0,-0.03077165866675366,0.45283951096497527,24.0,-0.026723070140753393,0.429123532832152,0.35090630024089986
2024-11-26,22.6,23.0,23.5,22.6,0,-0.017544309650909393,-0.017391304347825987,8.0,0.0,0.25,8.0,1.0,0.15,1,0.23901601735078545,0.2800119496205902,0.35090630024089986,0.35281785200001653,0.32107884053649294,0.5001215045506419,23.06,0.9800520381613184,23.740000000000002,0.9519797809604044,23.535,0.960271935415339,21.416,1.0552857676503549,19.9775,1.131272681766988,32.95454545454545,0.49457563177462305,0.8090816419170728,23.535,25.46947939413037,21.60052060586963,0.16439170547103213,0.6285714285714287,23.0,0.004357305368955847,0.3547358205565047,22.9,-0.004357305368955813,0.35492508135269474,23.0,-0.03419136474827931,0.4785055857899171,23.9,-0.004175371410480733,0.45407745998550253,24.1,0.004158010148663677,0.4263758692358593,0.30976087343351566
2024-11-27,23.0,22.6,23.0,22.45,0,0.017544309650909525,0.017699115044247815,8.0,0.0,0.25,8.0,1.0,0.15,1,0.31637871886191304,0.252386790322758,0.30976087343351566,0.35340549837084523,0.3218025130398666,0.5003892287812611,22.9,1.0043668122270744,23.565,0.976023764056864,23.595,0.9747827929646112,21.494,1.0700660649483578,19.965,1.1520160280490859,34.44444444444446,0.429481741089063,0.7331616617514709,23.595,25.370831902902875,21.819168097097123,0.15052612018672398,0.6285714285714287,22.6,-0.017544309650909393,0.35090630024089986,23.0,0.004357305368955847,0.3547358205565047,22.9,-0.004357305368955813,0.35492508135269474,23.8,-0.004192878260035927,0.45529510948997753,24.75,0.026613648518089904,0.4302591560073116,0.3082919296239545
2024-11-28,23.1,23.0,23.15,22.8,0,0.004338401598598141,0.004347826086956497,8.0,0.0,0.25,8.0,1.0,0.15,1,0.20524136504315998,0.2580898009811002,0.3082919296239545,0.35336069626393646,0.3216860498735377,0.5003980986627403,22.92,1.0078534031413613,23.404999999999998,0.9869685964537493,23.6475,0.9768474468759911,21.566,1.0711304831679496,19.95475,1.157619113243714,32.18390804597705,0.3815650832460804,0.6628423460503928,23.6475,25.28793479473849,22.00706520526151,0.13874065290102455,0.6071428571428569,23.0,0.017544309650909525,0.30976087343351566,22.6,-0.017544309650909393,0.35090630024089986,23.0,0.004357305368955847,0.3547358205565047,23.0,-0.03419136474827931,0.4785055857899171,24.7,-0.002022245380767809,0.4300719079610112,0.3067621019917432
2024-11-29,23.2,23.1,23.35,23.0,0,0.00431966114451638,0.0043290043290042934,8.0,0.0,0.25,8.0,1.0,0.15,1,0.20051472753920302,0.26050938372596094,0.3067621019917432,0.35331220174396066,0.3216970485120232,0.5004066999817768,22.98,1.0095735422106178,23.25,0.9978494623655914,23.7025,0.9787997046725029,21.637999999999998,1.072187817728071,19.9495,1.1629364144464773,39.47368421052631,0.34765243014122404,0.5998043628685591,23.7025,25.19122075073986,22.213779249260142,0.12561719234172417,0.5714285714285714,23.1,0.004338401598598141,0.3082919296239545,23.0,0.017544309650909525,0.30976087343351566,22.6,-0.017544309650909393,0.35090630024089986,22.9,-0.004357305368955813,0.35492508135269474,24.75,0.0020222453807678706,0.4310825964213008,0.3232120582402344
2024-12-02,23.95,23.2,23.95,23.0,0,0.03181604518465999,0.032327586206896575,8.0,0.0,0.25,8.0,1.0,0.15,1,0.29030356811715424,0.28529730030278827,0.3232120582402344,0.3576573212821535,0.32435913625006646,0.5013236831231578,23.169999999999998,1.0336642209753992,23.244999999999997,1.0303291030329105,23.775,1.0073606729758149,21.737,1.101807977181764,19.945500000000003,1.2007721039833545,48.31460674157301,0.3769498964534712,0.5552334695855415,23.775,25.15435911891958,22.395640881080418,0.11603441589228862,0.6071428571428571,23.2,0.00431966114451638,0.3067621019917432,23.1,0.004338401598598141,0.3082919296239545,23.0,0.017544309650909525,0.30976087343351566,23.0,0.004357305368955847,0.3547358205565047,24.0,-0.03077165866675366,0.45283951096497527,0.3191318131246414
2024-12-03,24.0,23.95,24.2,24.0,0,0.002085506491021361,0.0020876826722338038,8.0,0.0,0.25,8.0,1.0,0.15,1,0.20070390420721437,0.2845901445518541,0.3191318131246414,0.35683405431586873,0.3242640860757549,0.49962849527691666,23.45,1.023454157782516,23.255000000000003,1.0320361212642442,23.794999999999998,1.0086152553057366,21.837,1.0990520675917022,19.9495,1.2030376701170455,40.25974025974026,0.39959663049921446,0.5241061017682761,23.794999999999998,25.175274572226872,22.414725427773124,0.1160138325048854,0.5785714285714286,23.95,0.03181604518465999,0.3232120582402344,23.2,0.00431966114451638,0.3067621019917432,23.1,0.004338401598598141,0.3082919296239545,22.6,-0.017544309650909393,0.35090630024089986,23.9,-0.004175371410480733,0.45407745998550253,0.28311542569042647
2024-12-04,24.5,24.0,24.5,24.0,0,0.02061928720273561,0.02083333333333326,8.0,0.0,0.25,8.0,1.0,0.15,1,0.2071199840212617,0.30016609091125074,0.28311542569042647,0.3550979681730674,0.32523187455839475,0.4999631283206071,23.75,1.0315789473684212,23.325,1.0503751339764202,23.814999999999998,1.028763384421583,21.94,1.1166818596171375,19.9555,1.2277317030392623,47.67441860465117,0.4526720303299321,0.5098192874806073,23.814999999999998,25.225151167708166,22.40484883229183,0.11842546023163286,0.5499999999999999,24.0,0.002085506491021361,0.3191318131246414,23.95,0.03181604518465999,0.3232120582402344,23.2,0.00431966114451638,0.3067621019917432,23.0,0.017544309650909525,0.30976087343351566,23.8,-0.004192878260035927,0.45529510948997753,0.2824609297017897
2024-12-05,24.05,24.5,24.4,24.05,0,-0.018538120998911112,-0.01836734693877551,8.0,0.0,0.25,8.0,1.0,0.15,1,0.30527282529715966,0.2525109318864823,0.2824609297017897,0.3571745660560371,0.3266109042173645,0.5003080904847416,23.939999999999998,1.0045948203842943,23.43,1.0264618011096884,23.7975,1.0106103582309067,22.031,1.0916435931187873,19.957749999999997,1.2050456589545417,42.55319148936171,0.45319922928186074,0.498495275840858,23.7975,25.18559790341781,22.409402096582188,0.11665913675115552,0.5535714285714286,24.5,0.02061928720273561,0.28311542569042647,24.0,0.002085506491021361,0.3191318131246414,23.95,0.03181604518465999,0.3232120582402344,23.1,0.004338401598598141,0.3082919296239545,23.0,-0.03419136474827931,0.4785055857899171,0.2993021524433536
2024-12-06,24.8,24.05,24.8,24.0,0,0.030708656619166358,0.031185031185031242,8.0,0.0,0.25,8.0,1.0,0.15,1,0.3403685423507244,0.2782548125970936,0.2993021524433536,0.36036750585722804,0.32900697003933493,0.5011607835464852,24.26,1.0222588623248146,23.619999999999997,1.0499576629974599,23.805,1.0417979416089058,22.136999999999997,1.1202963364502871,19.96675,1.2420649329510312,58.51063829787235,0.5082766731412711,0.5004515553009407,23.805,25.213956313991346,22.396043686008653,0.11837482159137548,0.5571428571428572,24.05,-0.018538120998911112,0.2824609297017897,24.5,0.02061928720273561,0.28311542569042647,24.0,0.002085506491021361,0.3191318131246414,23.2,0.00431966114451638,0.3067621019917432,22.9,-0.004357305368955813,0.35492508135269474,0.3137751522011046
2024-12-09,24.1,24.8,24.75,24.1,0,-0.028631812674327153,-0.028225806451612878,8.0,0.0,0.25,8.0,1.0,0.15,1,0.39909253615967316,0.3339547104181001,0.3137751522011046,0.364689168723688,0.33201601330369324,0.5020495187723887,24.29,0.9921778509674765,23.73,1.0155920775389802,23.810000000000002,1.0121797564048718,22.229,1.084169328354852,19.97475,1.206523235584926,51.88679245283022,0.4897957340209693,0.4983203910449464,23.810000000000002,25.222575102800512,22.397424897199492,0.11865393555653168,0.5642857142857142,24.8,0.030708656619166358,0.2993021524433536,24.05,-0.018538120998911112,0.2824609297017897,24.5,0.02061928720273561,0.28311542569042647,23.95,0.03181604518465999,0.3232120582402344,23.0,0.004357305368955847,0.3547358205565047,0.2996552060712764
2024-12-10,24.15,24.1,24.3,23.0,0,0.002072539601972375,0.0020746887966804906,8.0,0.0,0.25,8.0,1.0,0.15,1,0.39909083389645955,0.3111557636122186,0.2996552060712764,0.3580228558153329,0.3054201223672776,0.5019994056708096,24.32,0.9930098684210525,23.884999999999998,1.011094829390831,23.8125,1.0141732283464566,22.3,1.0829596412556053,19.983,1.2085272481609366,53.333333333333314,0.4737232519863035,0.49340096323321786,23.8125,25.22741119304703,22.39758880695297,0.11883768550526229,0.6392857142857142,24.1,-0.028631812674327153,0.3137751522011046,24.8,0.030708656619166358,0.2993021524433536,24.05,-0.018538120998911112,0.2824609297017897,24.0,0.002085506491021361,0.3191318131246414,22.6,-0.017544309650909393,0.35090630024089986,0.2996882437360409
2024-12-11,24.05,24.15,24.2,24.05,0,-0.004149383546811366,-0.0041407867494822614,8.0,0.0,0.25,8.0,1.0,0.15,1,0.36018385876365033,0.3089051865658058,0.2996882437360409,0.35669838896697814,0.30464253643809647,0.4983793909557679,24.23,0.9925711927362774,23.990000000000002,1.0025010421008753,23.7775,1.011460414257176,22.386000000000003,1.0743321718931473,19.99225,1.202966149382886,61.53846153846156,0.4477550879763932,0.4842717881818529,23.7775,25.127928781808237,22.427071218191763,0.11358879460062973,0.5928571428571426,24.15,0.002072539601972375,0.2996552060712764,24.1,-0.028631812674327153,0.3137751522011046,24.8,0.030708656619166358,0.2993021524433536,24.5,0.02061928720273561,0.28311542569042647,23.0,0.017544309650909525,0.30976087343351566,0.28350954301199416
2024-12-12,24.0,24.05,24.0,23.7,0,-0.002081166203824623,-0.0020790020790021346,8.0,0.0,0.25,8.0,1.0,0.15,1,0.33560415070853317,0.310654322176785,0.28350954301199416,0.3560863031961724,0.30368144771393796,0.4908997804931774,24.22,0.9909165978530141,24.080000000000002,0.9966777408637874,23.7425,1.0108455301674213,22.466000000000005,1.0682809578919255,20.00425,1.1997450541759878,62.22222222222225,0.418318434259497,0.47108111739738173,23.7425,25.02693106389326,22.458068936106738,0.10819678331205744,0.5928571428571426,24.05,-0.004149383546811366,0.2996882437360409,24.15,0.002072539601972375,0.2996552060712764,24.1,-0.028631812674327153,0.3137751522011046,24.05,-0.018538120998911112,0.2824609297017897,23.1,0.004338401598598141,0.3082919296239545,0.2847439900792427
2024-12-13,24.15,24.0,25.0,24.1,0,0.006230549750635942,0.006249999999999867,8.0,0.0,0.25,8.0,1.0,0.15,1,0.2164070861580333,0.31088802998835197,0.2847439900792427,0.3524758484283892,0.30233811134166944,0.4879220911713102,24.089999999999996,1.0024906600249066,24.175,0.998965873836608,23.7125,1.018450184501845,22.549,1.0710009313051576,20.01975,1.2063087700895365,62.63736263736265,0.40245417924757376,0.45735572976742017,23.7125,24.923795522201125,22.501204477798872,0.10216514683826056,0.6142857142857141,24.0,-0.002081166203824623,0.28350954301199416,24.05,-0.004149383546811366,0.2996882437360409,24.15,0.002072539601972375,0.2996552060712764,24.8,0.030708656619166358,0.2993021524433536,23.2,0.00431966114451638,0.3067621019917432,0.28504887980662297
2024-12-16,24.0,24.15,24.05,23.9,0,-0.0062305497506359745,-0.006211180124223503,8.0,0.0,0.25,8.0,1.0,0.15,1,0.07938275697563989,0.2718317147782949,0.28504887980662297,0.3522804659416125,0.30163737659816364,0.4878305504446994,24.07,0.9970918155380141,24.18,0.9925558312655087,23.7125,1.0121244069583553,22.637999999999998,1.060164325470448,20.035,1.197903668579985,66.27906976744188,0.37347273524395774,0.4405791308627277,23.7125,24.923795522201125,22.501204477798872,0.10216514683826056,0.5678571428571428,24.15,0.006230549750635942,0.2847439900792427,24.0,-0.002081166203824623,0.28350954301199416,24.05,-0.004149383546811366,0.2996882437360409,24.1,-0.028631812674327153,0.3137751522011046,23.95,0.03181604518465999,0.3232120582402344,0.2707025579247124
2024-12-17,23.6,24.0,24.0,23.55,0,-0.016807118316381174,-0.016666666666666607,8.0,0.0,0.25,8.0,1.0,0.15,1,0.131748979443176,0.2844316338885009,0.2707025579247124,0.3528721454804284,0.30277996956773867,0.4881338977513335,23.96,0.984974958263773,24.14,0.9776304888152444,23.6975,0.9958856419453529,22.715,1.038961038961039,20.05275,1.1768959369662515,56.97674418604655,0.31460154424119935,0.415383613538422,23.6975,24.906446910157012,22.48855308984299,0.10203159912708178,0.5607142857142856,24.0,-0.0062305497506359745,0.28504887980662297,24.15,0.006230549750635942,0.2847439900792427,24.0,-0.002081166203824623,0.28350954301199416,24.15,0.002072539601972375,0.2996552060712764,24.0,0.002085506491021361,0.3191318131246414,0.27429941018252585
2024-12-18,23.9,23.6,24.0,23.5,0,0.012631746905900564,0.012711864406779627,8.0,0.0,0.25,8.0,1.0,0.15,1,0.18033157201086,0.2693219163483715,0.27429941018252585,0.3533726262515171,0.3031619944817437,0.48819460088866384,23.93,0.9987463435018804,24.080000000000002,0.9925249169435214,23.7025,1.008332454382449,22.801,1.0481996403666507,20.075499999999998,1.1905058404522926,58.88888888888889,0.28882381289440673,0.39007165340961897,23.7025,24.914056198057633,22.490943801942368,0.10223024559077164,0.5714285714285714,23.6,-0.016807118316381174,0.2707025579247124,24.0,-0.0062305497506359745,0.28504887980662297,24.15,0.006230549750635942,0.2847439900792427,24.05,-0.004149383546811366,0.2996882437360409,24.5,0.02061928720273561,0.28311542569042647,0.2742194448679444
2024-12-19,24.0,23.9,24.0,23.85,0,0.004175371410480592,0.004184100418409997,8.0,0.0,0.25,8.0,1.0,0.15,1,0.18395148658405475,0.2551649421075766,0.2742194448679444,0.34645547686610484,0.3026627704688798,0.4820262243521536,23.93,1.0029251984956122,24.075,0.9968847352024922,23.7525,1.010419955794127,22.892,1.0484011881880133,20.10825,1.1935399649397633,58.88888888888892,0.27331335314527294,0.3667199933567498,23.7525,24.92385773671738,22.581142263282622,0.09863026937942355,0.5571428571428569,23.9,0.012631746905900564,0.27429941018252585,23.6,-0.016807118316381174,0.2707025579247124,24.0,-0.0062305497506359745,0.28504887980662297,24.0,-0.002081166203824623,0.28350954301199416,24.05,-0.018538120998911112,0.2824609297017897,0.243765266810754
2024-12-20,24.0,24.0,24.8,24.0,0,0.0,0.0,8.0,0.0,0.25,8.0,1.0,0.15,1,0.17579356160488463,0.1889608099169455,0.243765266810754,0.34645547686610484,0.30260457842398725,0.48087855766858023,23.9,1.00418410041841,23.995,1.0002083767451553,23.807499999999997,1.0080856872834192,22.977999999999998,1.0444773261380451,20.1325,1.1921023221159817,50.66666666666668,0.25804660145412583,0.34498531497622503,23.807499999999997,24.9116905823292,22.703309417670795,0.09275989350660109,0.5464285714285714,24.0,0.004175371410480592,0.2742194448679444,23.9,0.012631746905900564,0.27429941018252585,23.6,-0.016807118316381174,0.2707025579247124,24.15,0.006230549750635942,0.2847439900792427,24.8,0.030708656619166358,0.2993021524433536,0.2526525940887545
2024-12-23,24.55,24.0,24.65,24.0,0,0.022658023892583996,0.022916666666666696,8.0,0.0,0.25,8.0,1.0,0.15,1,0.23413995311869973,0.17081955098380927,0.2526525940887545,0.3473179987121643,0.3040162369602098,0.4806409637350242,24.009999999999998,1.0224906289046232,24.04,1.0212146422628952,23.884999999999998,1.027841741678878,23.076999999999998,1.0638297872340428,20.15,1.218362282878412,56.470588235294144,0.2870194130755408,0.3333921345960882,23.884999999999998,24.967929749385668,22.802070250614328,0.09067864763539209,0.5749999999999998,24.0,0.0,0.243765266810754,24.0,0.004175371410480592,0.2742194448679444,23.9,0.012631746905900564,0.27429941018252585,24.0,-0.0062305497506359745,0.28504887980662297,24.1,-0.028631812674327153,0.3137751522011046,0.25281425758467846
2024-12-24,24.7,24.5,24.75,24.5,0,0.006091389393401913,0.006109979633401208,8.0,0.0,0.25,8.0,1.0,0.15,1,0.140291117847226,0.17215229171266658,0.25281425758467846,0.34725804324790244,0.30383045847950435,0.4805805970018427,24.23,1.019397441188609,24.095000000000002,1.0251089437642664,23.990000000000002,1.0295956648603584,23.174,1.0658496591007163,20.169249999999998,1.2246365135044686,52.56410256410256,0.318413844823656,0.33039647664160177,23.990000000000002,24.94839778578038,23.031602214219625,0.07989977372074843,0.5571428571428569,24.55,0.022658023892583996,0.2526525940887545,24.0,0.0,0.243765266810754,24.0,0.004175371410480592,0.2742194448679444,23.6,-0.016807118316381174,0.2707025579247124,24.15,0.002072539601972375,0.2996552060712764,0.2670851800832475
2024-12-27,24.0,24.7,24.8,24.0,0,-0.028749413285985823,-0.028340080971659853,8.0,0.0,0.25,8.0,1.0,0.15,1,0.29602518383310583,0.23174313471841088,0.2670851800832475,0.3532296305151495,0.30687712088421104,0.48072823166910184,24.25,0.9896907216494846,24.09,0.9962640099626401,24.04,0.9983361064891847,23.257999999999996,1.0319030011178951,20.185,1.189001733960862,49.397590361445765,0.28354151818957263,0.3210254849511959,24.04,24.877665930144932,23.202334069855066,0.06968934526996115,0.5821428571428571,24.7,0.006091389393401913,0.25281425758467846,24.55,0.022658023892583996,0.2526525940887545,24.0,0.0,0.243765266810754,23.9,0.012631746905900564,0.27429941018252585,24.05,-0.004149383546811366,0.2996882437360409,0.26179548252664864
2024-12-30,24.0,24.0,24.2,23.95,0,0.0,0.0,8.0,0.0,0.25,8.0,1.0,0.15,1,0.2945373484841693,0.23150752238180816,0.26179548252664864,0.3532296305151495,0.3068865900140497,0.48055245860512236,24.25,0.9896907216494846,24.09,0.9962640099626401,24.085,0.9964708324683412,23.337999999999997,1.0283657554203447,20.20175,1.1880158897125248,38.23529411764701,0.25298865238578117,0.30741811843811295,24.085,24.797371872135468,23.372628127864534,0.059154816037821634,0.5428571428571427,24.0,-0.028749413285985823,0.2670851800832475,24.7,0.006091389393401913,0.25281425758467846,24.55,0.022658023892583996,0.2526525940887545,24.0,0.004175371410480592,0.2742194448679444,24.0,-0.002081166203824623,0.28350954301199416,0.2631905239920047
2024-12-31,23.85,24.0,24.15,23.85,0,-0.006269613013595374,-0.006249999999999978,8.0,0.0,0.25,8.0,1.0,0.15,1,0.29788147850786784,0.23059031602791927,0.2631905239920047,0.3377690152019509,0.30516027706777965,0.48028707779209423,24.22,0.9847233691164328,24.06,0.991271820448878,24.1175,0.988908468954079,23.415,1.0185778347213326,20.221,1.1794668908560408,45.61403508771927,0.21420234838126362,0.2887749644267431,24.1175,24.70890777632189,23.52609222367811,0.049043870742978384,0.514285714285714,24.0,0.0,0.26179548252664864,24.0,-0.028749413285985823,0.2670851800832475,24.7,0.006091389393401913,0.25281425758467846,24.0,0.0,0.243765266810754,24.15,0.006230549750635942,0.2847439900792427,0.2648539830735496
2025-01-02,24.1,23.85,24.4,24.0,0,0.01042762316225916,0.01048218029350112,8.0,0.0,0.25,8.0,1.0,0.15,1,0.2437689577186246,0.2356239206728517,0.2648539830735496,0.3257930887432599,0.3054064038249796,0.4803776329342767,24.130000000000003,0.9987567343555739,24.07,1.0012463647694225,24.125,0.9989637305699482,23.497,1.0256628505766694,20.240750000000002,1.1906673418722131,49.18032786885251,0.20131618600300882,0.2712832087419963,24.125,24.711245861840904,23.538754138159096,0.04860069320960865,0.46071428571428513,23.85,-0.006269613013595374,0.2631905239920047,24.0,0.0,0.26179548252664864,24.0,-0.028749413285985823,0.2670851800832475,24.55,0.022658023892583996,0.2526525940887545,24.0,-0.0062305497506359745,0.28504887980662297,0.24772409770350037
2025-01-03,24.5,24.1,24.55,24.3,0,0.01646127705407193,0.016597510373443924,8.0,0.0,0.25,8.0,1.0,0.15,1,0.27863333843255156,0.22654541411542753,0.24772409770350037,0.32634139803442686,0.3055181166209011,0.4806543995037075,24.090000000000003,1.0170195101701949,24.16,1.0140728476821192,24.15,1.0144927536231885,23.587,1.0387077627506678,20.26075,1.2092346038522759,56.71641791044777,0.22083482019665013,0.2611935310329271,24.15,24.7561092484461,23.543890751553896,0.05019538289408719,0.48214285714285665,24.1,0.01042762316225916,0.2648539830735496,23.85,-0.006269613013595374,0.2631905239920047,24.0,0.0,0.26179548252664864,24.7,0.006091389393401913,0.25281425758467846,23.6,-0.016807118316381174,0.2707025579247124,0.2564460033029002
2025-01-06,25.0,24.5,25.05,24.6,0,0.02020270731751947,0.020408163265306145,8.0,0.0,0.25,8.0,1.0,0.15,1,0.1763927409292571,0.2377730485836005,0.2564460033029002,0.3280278634798378,0.3030943869468472,0.48106345530106553,24.290000000000003,1.0292301358583777,24.27,1.0300782859497322,24.175,1.0341261633919339,23.685,1.055520371543171,20.273500000000002,1.2331368535280045,63.157894736842145,0.273496601172333,0.26365414506080825,24.175,24.875751476329675,23.474248523670326,0.0579732348566432,0.4964285714285709,24.5,0.01646127705407193,0.24772409770350037,24.1,0.01042762316225916,0.2648539830735496,23.85,-0.006269613013595374,0.2631905239920047,24.0,-0.028749413285985823,0.2670851800832475,23.9,0.012631746905900564,0.27429941018252585,0.25023655780887616
2025-01-07,24.75,25.0,26.5,24.5,0,-0.01005033585350145,-0.010000000000000009,8.0,0.0,0.25,8.0,1.0,0.15,1,0.21574102326803501,0.24878538464447444,0.25023655780887616,0.32485631245184493,0.3024181586933957,0.481174826951949,24.440000000000005,1.0126841243862519,24.345,1.0166358595194085,24.21,1.0223048327137547,23.738000000000003,1.042632066728452,20.28225,1.2202788152202049,57.69230769230773,0.29169604095473645,0.2692625242395939,24.21,24.953108690781548,23.466891309218454,0.061388574207480125,0.5678571428571423,25.0,0.02020270731751947,0.2564460033029002,24.5,0.01646127705407193,0.24772409770350037,24.1,0.01042762316225916,0.2648539830735496,24.0,0.0,0.26179548252664864,24.0,0.004175371410480592,0.2742194448679444,0.2438083877095299
2025-01-08,24.5,24.75,24.85,24.35,0,-0.010152371464017962,-0.010101010101010055,8.0,0.0,0.25,8.0,1.0,0.15,1,0.23104576676149313,0.25737330404085523,0.2438083877095299,0.325762994054903,0.30217900877256004,0.4809881670094842,24.57,0.9971509971509971,24.395,1.0043041606886658,24.195,1.012605910312048,23.787,1.0299743557405305,20.288,1.2076104100946372,56.250000000000014,0.28268766994716543,0.2719475533811082,24.195,24.899048443308832,23.49095155669117,0.058197846109430185,0.5857142857142852,24.75,-0.01005033585350145,0.25023655780887616,25.0,0.02020270731751947,0.2564460033029002,24.5,0.01646127705407193,0.24772409770350037,23.85,-0.006269613013595374,0.2631905239920047,24.0,0.0,0.243765266810754,0.22043073027747304
2025-01-09,24.7,24.5,24.95,24.5,0,0.008130126083250089,0.008163265306122325,8.0,0.0,0.25,8.0,1.0,0.15,1,0.2284432761107391,0.23410151403286464,0.22043073027747304,0.3251150953634439,0.3021389267940952,0.4715187452090412,24.69,1.000405022276225,24.410000000000004,1.011880376894715,24.225,1.0196078431372548,23.829,1.0365521003818876,20.2965,1.2169585889192716,64.4736842105263,0.2883627334603531,0.2752305893969572,24.225,24.962349449396683,23.48765055060332,0.060875083541521706,0.5857142857142852,24.5,-0.010152371464017962,0.2438083877095299,24.75,-0.01005033585350145,0.25023655780887616,25.0,0.02020270731751947,0.2564460033029002,24.1,0.01042762316225916,0.2648539830735496,24.55,0.022658023892583996,0.2526525940887545,0.19733354403155592
2025-01-10,24.5,25.0,25.2,24.5,0,-0.008130126083250176,-0.0080971659919028,8.0,0.0,0.25,8.0,1.0,0.15,1,0.21656156713661362,0.23565688148714095,0.19733354403155592,0.3251798576810764,0.3019648073272209,0.47026355510389256,24.689999999999998,0.9923045767517215,24.39,1.004510045100451,24.2425,1.0106218418067443,23.888,1.0256195579370395,20.304000000000002,1.2066587864460203,58.108108108108134,0.2735684073415072,0.27489815298586723,24.2425,24.988912472394883,23.496087527605116,0.061578836538713703,0.5999999999999994,24.7,0.008130126083250089,0.22043073027747304,24.5,-0.010152371464017962,0.2438083877095299,24.75,-0.01005033585350145,0.25023655780887616,24.5,0.01646127705407193,0.24772409770350037,24.7,0.006091389393401913,0.25281425758467846,0.19750980513412952
2025-01-13,24.45,24.5,24.8,24.45,0,-0.0020429016298002933,-0.0020408163265306367,8.0,0.0,0.25,8.0,1.0,0.15,1,0.12334140715913337,0.17812092546299085,0.19750980513412952,0.32484304339688175,0.3020058608060235,0.4663621620094814,24.58,0.9947111472742067,24.435,1.0006138735420504,24.2625,1.007727975270479,23.941000000000003,1.021260598972474,20.31125,1.2037663856237306,56.16438356164384,0.2548712184182911,0.270892766072352,24.2625,25.008630368176412,23.516369631823586,0.06150482169408865,0.6142857142857139,24.5,-0.008130126083250176,0.19733354403155592,24.7,0.008130126083250089,0.22043073027747304,24.5,-0.010152371464017962,0.2438083877095299,25.0,0.02020270731751947,0.2564460033029002,24.0,-0.028749413285985823,0.2670851800832475,0.19707994510143662
2025-01-14,24.55,24.45,24.7,24.5,0,0.004081638319648678,0.004089979550102374,8.0,0.0,0.25,8.0,1.0,0.15,1,0.1237131348129102,0.1781075142662013,0.19707994510143662,0.32438313030553656,0.3019054889972772,0.4652873747463996,24.54,1.0004074979625102,24.490000000000002,1.0024499795835033,24.29,1.0107039934129272,23.991,1.023300404318286,20.31925,1.2082138858471647,57.33333333333335,0.24529511634547418,0.26577323612697645,24.29,25.03593635963858,23.54406364036142,0.06141921446180162,0.5749999999999995,24.45,-0.0020429016298002933,0.19750980513412952,24.5,-0.008130126083250176,0.19733354403155592,24.7,0.008130126083250089,0.22043073027747304,24.75,-0.01005033585350145,0.25023655780887616,24.0,0.0,0.26179548252664864,0.19680432818331295
2025-01-15,24.55,24.55,24.65,24.5,0,0.0,0.0,8.0,0.0,0.25,8.0,1.0,0.15,1,0.09792134211842948,0.17238352400340784,0.19680432818331295,0.32392805874795894,0.3019166052825258,0.4581190036880511,24.55,1.0,24.56,0.9995928338762216,24.31,1.0098724804607158,24.04,1.0212146422628952,20.324,1.207931509545365,50.0,0.23499708633007188,0.25961800616759556,24.31,25.06155978156261,23.558440218437386,0.061831327154472426,0.5392857142857138,24.55,0.004081638319648678,0.19707994510143662,24.45,-0.0020429016298002933,0.19750980513412952,24.5,-0.008130126083250176,0.19733354403155592,24.5,-0.010152371464017962,0.2438083877095299,23.85,-0.006269613013595374,0.2631905239920047,0.19593092972587503
2025-01-16,24.55,24.55,24.55,24.4,0,0.0,0.0,8.0,0.0,0.25,8.0,1.0,0.15,1,0.07077572541644635,0.1675000051483599,0.19593092972587503,0.3237807392111986,0.3018930407263947,0.45365334023106557,24.520000000000003,1.0012234910277324,24.605,0.9977646819752083,24.3375,1.0087313816127377,24.081,1.0194759353847431,20.32675,1.2077680888484386,47.540983606557404,0.22425079972165207,0.2525445648784069,24.3375,25.08151117705195,23.593488822948046,0.06114113422101303,0.5321428571428568,24.55,0.0,0.19680432818331295,24.55,0.004081638319648678,0.19707994510143662,24.45,-0.0020429016298002933,0.19750980513412952,24.7,0.008130126083250089,0.22043073027747304,24.1,0.01042762316225916,0.2648539830735496,0.2035649421902098
2025-01-17,24.15,24.55,24.5,24.0,0,-0.01642747414194793,-0.016293279022403295,8.0,0.0,0.25,8.0,1.0,0.15,1,0.12532015894525184,0.16853404525319107,0.2035649421902098,0.3258982797222572,0.3030000335707573,0.45379160801600615,24.45,0.9877300613496932,24.57,0.9829059829059829,24.365000000000002,0.991175867022368,24.092000000000002,1.0024074381537438,20.3295,1.1879288718364938,52.7272727272727,0.1813669478236406,0.23830904146745363,24.365000000000002,25.030780112269827,23.699219887730177,0.05465053250727069,0.514285714285714,24.55,0.0,0.19593092972587503,24.55,0.0,0.19680432818331295,24.55,0.004081638319648678,0.19707994510143662,24.5,-0.008130126083250176,0.19733354403155592,24.5,0.01646127705407193,0.24772409770350037,0.1941472112091196
2025-01-20,24.1,24.15,24.45,24.1,0,-0.0020725396019723123,-0.0020703933747411307,8.0,0.0,0.25,8.0,1.0,0.15,1,0.125307896297321,0.11794753028847182,0.1941472112091196,0.32600198443216205,0.3030381762956194,0.45376913455294443,24.380000000000003,0.988515176374077,24.48,0.9844771241830066,24.375,0.9887179487179488,24.092,1.0003320604349992,20.334500000000002,1.1851778996287097,51.78571428571431,0.14171302456652768,0.21898983808726846,24.375,25.016954253165427,23.733045746834573,0.05267316949049654,0.521428571428571,24.15,-0.01642747414194793,0.2035649421902098,24.55,0.0,0.19593092972587503,24.55,0.0,0.19680432818331295,24.45,-0.0020429016298002933,0.19750980513412952,25.0,0.02020270731751947,0.2564460033029002,0.1899185911440924
2025-01-21,24.2,24.1,24.5,24.0,0,0.004140792666031387,0.004149377593360981,8.0,0.0,0.25,8.0,1.0,0.15,1,0.12551558004795935,0.11795450507935168,0.1899185911440924,0.32595435762498787,0.30304732810045526,0.45326677189806436,24.310000000000002,0.9954751131221719,24.425,0.9907881269191402,24.384999999999998,0.992413368874308,24.088,1.0046496180670872,20.335500000000003,1.1900371271913646,56.36363636363634,0.11700738070905459,0.1985933466116257,24.384999999999998,25.008318791461285,23.76168120853871,0.05112313237328579,0.5357142857142855,24.1,-0.0020725396019723123,0.1941472112091196,24.15,-0.01642747414194793,0.2035649421902098,24.55,0.0,0.19593092972587503,24.55,0.004081638319648678,0.19707994510143662,24.75,-0.01005033585350145,0.25023655780887616,0.19553183063735302
2025-01-22,24.55,24.2,24.65,24.25,0,0.01435922107788888,0.01446280991735538,8.0,0.0,0.25,8.0,1.0,0.15,1,0.17703648047798085,0.13491839555035456,0.19553183063735302,0.32667692029565676,0.3035053496621249,0.4515786206700903,24.31,1.0098724804607158,24.43,1.0049119934506754,24.4125,1.0056323604710702,24.086,1.0192643029145563,20.33575,1.207233566502342,57.89473684210526,0.124237917507795,0.18372226079085957,24.4125,25.01239034085566,23.812609659144343,0.0491461620772685,0.5285714285714285,24.2,0.004140792666031387,0.1899185911440924,24.1,-0.0020725396019723123,0.1941472112091196,24.15,-0.01642747414194793,0.2035649421902098,24.55,0.0,0.19680432818331295,24.5,-0.010152371464017962,0.2438083877095299,0.19624559733558714
2025-01-23,24.7,24.55,25.0,24.55,0,0.006091389393401913,0.006109979633401208,8.0,0.0,0.25,8.0,1.0,0.15,1,0.1822416216648375,0.13191960278687015,0.19624559733558714,0.32670819213548585,0.30305577984463833,0.45159066117295865,24.339999999999996,1.0147904683648317,24.43,1.0110519852640196,24.419999999999998,1.0114660114660114,24.1,1.0248962655601659,20.33425,1.2146993373249566,53.84615384615383,0.14045286323321804,0.17506838127933128,24.419999999999998,25.030780346424336,23.80921965357566,0.0500229603951137,0.5285714285714285,24.55,0.01435922107788888,0.19553183063735302,24.2,0.004140792666031387,0.1899185911440924,24.1,-0.0020725396019723123,0.1941472112091196,24.55,0.0,0.19593092972587503,24.7,0.008130126083250089,0.22043073027747304,0.19812760463389928
2025-01-24,25.3,24.7,25.7,25.0,0,0.024001152099543045,0.02429149797570851,8.0,0.0,0.25,8.0,1.0,0.15,1,0.16031814158557958,0.1696784787453064,0.19812760463389928,0.2721532160246374,0.30430858177455833,0.452258200098881,24.57,1.0297110297110297,24.509999999999998,1.032231742146063,24.45,1.0347648261758693,24.124000000000002,1.0487481346377052,20.340999999999998,1.2437933238287204,55.55555555555557,0.19941952597270074,0.1799386102180052,24.45,25.168184846459113,23.731815153540886,0.05874722670422196,0.5607142857142856,24.7,0.006091389393401913,0.19624559733558714,24.55,0.01435922107788888,0.19553183063735302,24.2,0.004140792666031387,0.1899185911440924,24.15,-0.01642747414194793,0.2035649421902098,24.5,-0.008130126083250176,0.19733354403155592,0.37792316216307575
2025-01-27,27.8,25.3,27.8,25.6,0,0.09423162496311692,0.09881422924901195,8.0,0.0,0.25,8.0,1.0,0.15,1,0.5958939881879096,0.48376330677911994,0.37792316216307575,0.32841028258774435,0.32822165843673085,0.4617788645398284,25.31,1.0983800869221652,24.845,1.1189374119541156,24.64,1.1282467532467533,24.185,1.1494728137275172,20.365,1.3650871593420084,80.80808080808082,0.4427760905010949,0.23250610627462315,24.64,26.278227540265245,23.001772459734756,0.1329730146319192,0.5964285714285713,25.3,0.024001152099543045,0.19812760463389928,24.7,0.006091389393401913,0.19624559733558714,24.55,0.01435922107788888,0.19553183063735302,24.1,-0.0020725396019723123,0.1941472112091196,24.45,-0.0020429016298002933,0.19750980513412952,0.3784415195471705
2025-01-28,27.0,27.8,27.9,26.6,0,-0.029199154692262353,-0.02877697841726623,8.0,0.0,0.25,8.0,1.0,0.15,1,0.7167378927146753,0.5275063915289874,0.3784415195471705,0.332075656801334,0.3313837292409793,0.4619100686337871,25.869999999999997,1.0436799381523,25.089999999999996,1.076125946592268,24.79,1.0891488503428803,24.231000000000005,1.1142751021418842,20.387,1.3243733751900721,72.72727272727272,0.5645765203680568,0.2989201890933099,24.79,26.707125040536464,22.872874959463534,0.15466922473065473,0.6535714285714282,27.8,0.09423162496311692,0.37792316216307575,25.3,0.024001152099543045,0.19812760463389928,24.7,0.006091389393401913,0.19624559733558714,24.2,0.004140792666031387,0.1899185911440924,24.55,0.004081638319648678,0.19707994510143662,0.382485719717145
2025-01-29,26.7,27.0,27.0,26.7,0,-0.011173300598125302,-0.011111111111111183,8.0,0.0,0.25,8.0,1.0,0.15,1,0.7555254673000277,0.5360606735755518,0.382485719717145,0.31727192402602555,0.3316169138452972,0.4617864491074647,26.3,1.015209125475285,25.305,1.055127445168939,24.932499999999997,1.0708914067983557,24.27,1.1001236093943139,20.408,1.3083104664837317,67.85714285714286,0.629638663194104,0.3650638839134688,24.932499999999997,26.97501521929506,22.889984780704935,0.1638435952507821,0.6428571428571426,27.0,-0.029199154692262353,0.3784415195471705,27.8,0.09423162496311692,0.37792316216307575,25.3,0.024001152099543045,0.19812760463389928,24.55,0.01435922107788888,0.19553183063735302,24.55,0.0,0.19680432818331295,0.38697958110772684
2025-01-30,26.3,26.7,26.65,26.2,0,-0.015094626222484904,-0.014981273408239626,8.0,0.0,0.25,8.0,1.0,0.15,1,0.7886702888088212,0.547904406942248,0.38697958110772684,0.3189629658111255,0.3325057442372096,0.4618691847334572,26.620000000000005,0.9879789631855747,25.48,1.032182103610675,25.0425,1.0502146351202954,24.316000000000003,1.0815923671656522,20.442999999999998,1.2865039377782128,65.51724137931035,0.6415290752293927,0.42035692217665355,25.0425,27.13264605382378,22.95235394617622,0.1669279068642332,0.6285714285714283,26.7,-0.011173300598125302,0.382485719717145,27.0,-0.029199154692262353,0.3784415195471705,27.8,0.09423162496311692,0.37792316216307575,24.7,0.006091389393401913,0.19624559733558714,24.55,0.0,0.19593092972587503,0.390286447703566
2025-01-31,26.0,26.3,26.45,26.0,0,-0.011472401162236807,-0.011406844106463865,8.0,0.0,0.25,8.0,1.0,0.15,1,0.796400658386552,0.5425393360914266,0.390286447703566,0.31978742732251736,0.33312457030200976,0.4619878908240597,26.76,0.9715994020926756,25.665,1.0130527956360802,25.1175,1.0351348661291928,24.358,1.0674111174973315,20.48025,1.2695157529815309,62.8099173553719,0.6196024285307793,0.46020602344747874,25.1175,27.233174584468927,23.001825415531073,0.1684621944436291,0.6357142857142853,26.3,-0.015094626222484904,0.38697958110772684,26.7,-0.011173300598125302,0.382485719717145,27.0,-0.029199154692262353,0.3784415195471705,25.3,0.024001152099543045,0.19812760463389928,24.15,-0.01642747414194793,0.2035649421902098,0.38761533769898987
2025-02-03,26.0,26.0,26.1,26.0,0,0.0,0.0,8.0,0.0,0.25,8.0,1.0,0.15,1,0.16662905793948232,0.541627133721991,0.38761533769898987,0.3198296034769695,0.33279240360305784,0.46197173376377304,26.4,0.9848484848484849,25.855,1.0056081995745503,25.1675,1.0330783748882486,24.401999999999997,1.0654864355380707,20.525499999999997,1.2667170105478553,62.184873949579824,0.5953624354930511,0.48723730585659325,25.1675,27.31845450048513,23.01654549951487,0.1709311215245957,0.6249999999999998,26.0,-0.011472401162236807,0.390286447703566,26.3,-0.015094626222484904,0.38697958110772684,26.7,-0.011173300598125302,0.382485719717145,27.8,0.09423162496311692,0.37792316216307575,24.1,-0.0020725396019723123,0.1941472112091196,0.38265527998257026
2025-02-04,26.15,26.0,26.25,26.0,0,0.005752652489449841,0.005769230769230749,8.0,0.0,0.25,8.0,1.0,0.15,1,0.1403698610648159,0.5414002422076563,0.38265527998257026,0.3183765424482795,0.33279920891720816,0.4615380364506682,26.23,0.9969500571864277,26.05,1.00383877159309,25.2375,1.0361565131253094,24.465,1.0688739014919273,20.56925,1.271315191365752,63.11475409836065,0.5815520428225511,0.5061002532497848,25.2375,27.4221052274952,23.0528947725048,0.17312374264449337,0.632142857142857,26.0,0.0,0.38761533769898987,26.0,-0.011472401162236807,0.390286447703566,26.3,-0.015094626222484904,0.38697958110772684,27.0,-0.029199154692262353,0.3784415195471705,24.2,0.004140792666031387,0.1899185911440924,0.43062188922052536
2025-02-05,27.8,26.15,27.8,26.45,0,0.061186830185659576,0.06309751434034427,8.0,0.0,0.25,8.0,1.0,0.15,1,0.48995414849329566,0.6047362892969208,0.43062188922052536,0.3271813739706477,0.3428934394161006,0.4534437567282588,26.45,1.0510396975425331,26.375,1.0540284360189573,25.4025,1.0943804743627596,24.563,1.131783576924643,20.622000000000003,1.3480748714964599,70.96774193548387,0.695728492521468,0.5440259011041215,25.4025,27.836789045675165,22.968210954324835,0.1916574388879177,0.7392857142857141,26.15,0.005752652489449841,0.38265527998257026,26.0,0.0,0.38761533769898987,26.0,-0.011472401162236807,0.390286447703566,26.7,-0.011173300598125302,0.382485719717145,24.55,0.01435922107788888,0.19553183063735302,0.4293941470552927
2025-02-06,27.6,27.8,28.15,27.35,0,-0.00722024797348702,-0.007194244604316502,8.0,0.0,0.25,8.0,1.0,0.15,1,0.46924665162454593,0.6122894260583063,0.4293941470552927,0.325603223541193,0.34313753614807013,0.4411240554110367,26.71,1.033320853612879,26.665000000000003,1.0350646915432213,25.5475,1.0803405421274097,24.655,1.1194483877509633,20.675,1.3349455864570738,72.84768211920533,0.7613000301200934,0.5874807269073159,25.5475,28.145571146872218,22.94942885312778,0.20339141965924012,0.7571428571428568,27.8,0.061186830185659576,0.43062188922052536,26.15,0.005752652489449841,0.38265527998257026,26.0,0.0,0.38761533769898987,26.3,-0.015094626222484904,0.38697958110772684,24.7,0.006091389393401913,0.19624559733558714,0.4303914894342156
2025-02-07,28.0,27.6,28.0,27.6,0,0.014388737452099452,0.014492753623188248,8.0,0.0,0.25,8.0,1.0,0.15,1,0.4302028709553674,0.6085086932605249,0.4303914894342156,0.3258854513844913,0.34320971059962924,0.43119598606077264,27.110000000000003,1.0328292143120619,26.935000000000002,1.039539632448487,25.722499999999997,1.08854116046263,24.763,1.1307192181884262,20.730999999999998,1.3506343157590084,74.68354430379746,0.8359067900036905,0.6371659395265908,25.722499999999997,28.489500085595157,22.955499914404836,0.21514239172671093,0.7607142857142853,27.6,-0.00722024797348702,0.4293941470552927,27.8,0.061186830185659576,0.43062188922052536,26.15,0.005752652489449841,0.38265527998257026,26.0,-0.011472401162236807,0.390286447703566,25.3,0.024001152099543045,0.19812760463389928,0.4279496399181997
2025-02-10,28.0,28.0,28.9,27.8,0,0.0,0.0,8.0,0.0,0.25,8.0,1.0,0.15,1,0.4302028709553674,0.38768508157139525,0.4279496399181997,0.32550466125074273,0.34090249589871013,0.42393124227690826,27.51,1.0178117048346056,26.955000000000002,1.038768317566314,25.9,1.0810810810810811,24.863000000000003,1.1261714193781924,20.79075,1.3467527626468503,74.35897435897436,0.884833376351196,0.686699426891512,25.9,28.776584231706885,23.023415768293113,0.22213005650246226,0.803571428571428,28.0,0.014388737452099452,0.4303914894342156,27.6,-0.00722024797348702,0.4293941470552927,27.8,0.061186830185659576,0.43062188922052536,26.0,0.0,0.38761533769898987,27.8,0.09423162496311692,0.37792316216307575,0.42700231120133286
2025-02-11,28.1,28.0,28.1,27.8,0,0.0035650661644961446,0.0035714285714285587,8.0,0.0,0.25,8.0,1.0,0.15,1,0.43337677239696737,0.3499457110640464,0.42700231120133286,0.32022677888280465,0.34039278687821944,0.42223415850755885,27.9,1.007168458781362,27.064999999999998,1.0382412710142253,26.077499999999997,1.077557281181095,24.963,1.125665985658775,20.851,1.3476571867056737,73.50993377483444,0.9210598086593365,0.7335715032450769,26.077499999999997,29.040157946044832,23.11484205395516,0.22721947625691388,0.7928571428571425,28.0,0.0,0.4279496399181997,28.0,0.014388737452099452,0.4303914894342156,27.6,-0.00722024797348702,0.4293941470552927,26.15,0.005752652489449841,0.38265527998257026,27.0,-0.029199154692262353,0.3784415195471705,0.42754247115751215
2025-02-12,28.1,28.1,28.5,28.0,0,0.0,0.0,8.0,0.0,0.25,8.0,1.0,0.15,1,0.1252064007124765,0.340761262763675,0.42754247115751215,0.32024743577923187,0.340223026847422,0.42176960541503233,27.96,1.0050071530758227,27.205000000000002,1.0328983642712737,26.255000000000003,1.0702723290801752,25.061000000000003,1.1212641155580383,20.911499999999997,1.3437582191617055,72.97297297297298,0.9389459330186014,0.7746463891997819,26.255000000000003,29.2574376061705,23.252562393829503,0.22871358645366588,0.796428571428571,28.1,0.0035650661644961446,0.42700231120133286,28.0,0.0,0.4279496399181997,28.0,0.014388737452099452,0.4303914894342156,27.8,0.061186830185659576,0.43062188922052536,26.7,-0.011173300598125302,0.382485719717145,0.42724977164770134
2025-02-13,28.15,28.1,28.3,28.05,0,0.0017777782459991356,0.00177935943060481,8.0,0.0,0.25,8.0,1.0,0.15,1,0.09559001134396118,0.3228019851737026,0.42724977164770134,0.3164565145255125,0.3402268437872831,0.42153050616910703,28.07,1.0028500178126112,27.389999999999997,1.027747353048558,26.435000000000002,1.0648761112161904,25.145,1.1195068602107774,20.969250000000002,1.3424419089857766,70.80291970802918,0.9462476437500094,0.8089666401098274,26.435000000000002,29.43869947336868,23.431300526631325,0.22725170973093828,0.7428571428571425,28.1,0.0,0.42754247115751215,28.1,0.0035650661644961446,0.42700231120133286,28.0,0.0,0.4279496399181997,27.6,-0.00722024797348702,0.4293941470552927,26.3,-0.015094626222484904,0.38697958110772684,0.42724977164770134
2025-02-14,28.15,28.15,28.2,28.05,0,0.0,0.0,8.0,0.0,0.25,8.0,1.0,0.15,1,0.02530104114705223,0.3094835141620317,0.42724977164770134,0.31637675638420193,0.33949181545979373,0.4199008191194935,28.1,1.0017793594306048,27.605,1.0197428002173519,26.634999999999998,1.056880045053501,25.228,1.1158236879657522,21.02525,1.3388663630634594,54.0229885057471,0.9411849083543871,0.8354102937587394,26.634999999999998,29.528750071046858,23.74124992895314,0.21728928635606232,0.5749999999999995,28.15,0.0017777782459991356,0.42724977164770134,28.1,0.0,0.42754247115751215,28.1,0.0035650661644961446,0.42700231120133286,28.0,0.014388737452099452,0.4303914894342156,26.0,-0.011472401162236807,0.390286447703566,0.420294710027012
2025-02-17,28.1,28.15,28.25,28.0,0,-0.0017777782459991608,-0.001776198934280493,8.0,0.0,0.25,8.0,1.0,0.15,1,0.03223028309758336,0.3108869042771664,0.420294710027012,0.3164706174139583,0.3395607303032004,0.41943544507139,28.119999999999997,0.9992887624466573,27.814999999999998,1.0102462699982024,26.835,1.0471399291969443,25.3,1.1106719367588933,21.081500000000002,1.3329222303915755,65.27777777777783,0.9225040198438066,0.8528290389757529,26.835,29.537649771885583,24.13235022811442,0.2014272235428047,0.4999999999999997,28.15,0.0,0.42724977164770134,28.15,0.0017777782459991356,0.42724977164770134,28.1,0.0,0.42754247115751215,28.0,0.0,0.4279496399181997,26.0,0.0,0.38761533769898987,0.4247457002965679
2025-02-18,27.75,28.1,28.15,27.2,0,-0.01253373614725658,-0.01245551601423489,8.0,0.0,0.25,8.0,1.0,0.15,1,0.09119093890931071,0.32732312008536685,0.4247457002965679,0.3108428872970959,0.3399271721795009,0.41451291272956087,28.05,0.9893048128342246,27.975,0.9919571045576407,27.0125,1.027302174919019,25.374000000000002,1.0936391581934262,21.13275,1.31312772828903,64.38356164383565,0.8694349018387264,0.8561502115483477,27.0125,29.438645958207346,24.586354041792653,0.17963135275945183,0.546428571428571,28.1,-0.0017777782459991608,0.420294710027012,28.15,0.0,0.42724977164770134,28.15,0.0017777782459991356,0.42724977164770134,28.1,0.0035650661644961446,0.42700231120133286,26.15,0.005752652489449841,0.38265527998257026,0.4281969649769047
2025-02-19,27.5,27.75,27.7,27.35,0,-0.009049835519917927,-0.009009009009009028,8.0,0.0,0.25,8.0,1.0,0.15,1,0.09790368420304967,0.11896119531775246,0.4281969649769047,0.3114082594479999,0.3402626812226889,0.4146118048414484,27.93,0.9846043680630147,27.945,0.9840758633029164,27.160000000000004,1.0125184094256259,25.428,1.0814849771904986,21.18325,1.2981955082435415,67.14285714285715,0.7980054230388554,0.8445212538464493,27.160000000000004,29.2972880011827,25.022711998817307,0.15738497799578027,0.5392857142857138,27.75,-0.01253373614725658,0.4247457002965679,28.1,-0.0017777782459991608,0.420294710027012,28.15,0.0,0.42724977164770134,28.1,0.0,0.42754247115751215,27.8,0.061186830185659576,0.43062188922052536,0.43780943092129265
2025-02-20,26.9,27.5,27.4,26.9,0,-0.02205971806473222,-0.021818181818181848,8.0,0.0,0.25,8.0,1.0,0.15,1,0.14113389174556842,0.1574785949331848,0.43780943092129265,0.3149356106758735,0.3420968484511192,0.4150522658297982,27.68,0.9718208092485549,27.875,0.9650224215246637,27.27,0.9864319765309864,25.484,1.0555642756239207,21.227999999999998,1.2671942717166007,61.84210526315788,0.6850848294145813,0.8126339689600757,27.27,29.07478895106721,25.46521104893279,0.13236442618754743,0.5499999999999997,27.5,-0.009049835519917927,0.4281969649769047,27.75,-0.01253373614725658,0.4247457002965679,28.1,-0.0017777782459991608,0.420294710027012,28.15,0.0017777782459991356,0.42724977164770134,27.6,-0.00722024797348702,0.4293941470552927,0.4428123869517494
2025-02-21,26.5,26.9,26.8,26.1,0,-0.014981553615616833,-0.014869888475836368,8.0,0.0,0.25,8.0,1.0,0.15,1,0.1186711921775782,0.13655203684800143,0.4428123869517494,0.3082495537078216,0.3429953823171328,0.41450717295940587,27.35,0.9689213893967092,27.725,0.9558160504959422,27.330000000000002,0.9696304427369191,25.531000000000002,1.0379538600133171,21.272,1.2457690861226025,55.952380952380956,0.5568982124221797,0.7614868176524966,27.330000000000002,28.926838982753633,25.73316101724637,0.11685612753411133,0.5999999999999994,26.9,-0.02205971806473222,0.43780943092129265,27.5,-0.009049835519917927,0.4281969649769047,27.75,-0.01253373614725658,0.4247457002965679,28.15,0.0,0.42724977164770134,28.0,0.014388737452099452,0.4303914894342156,0.4478763359135093
2025-02-24,25.8,26.5,26.5,25.8,0,-0.02677024106460478,-0.026415094339622636,8.0,0.0,0.25,8.0,1.0,0.15,1,0.11454254777945182,0.16867642825670234,0.4478763359135093,0.31341773969956366,0.3391233588667169,0.4147963559856525,26.889999999999997,0.959464484938639,27.505000000000003,0.9380112706780585,27.229999999999997,0.9474843922144695,25.566,1.0091527810373153,21.31425,1.210457792322038,46.31578947368423,0.3942802280273128,0.6880454997274599,27.229999999999997,28.94875107655455,25.511248923445443,0.12623952086335322,0.6321428571428565,26.5,-0.014981553615616833,0.4428123869517494,26.9,-0.02205971806473222,0.43780943092129265,27.5,-0.009049835519917927,0.4281969649769047,28.1,-0.0017777782459991608,0.420294710027012,28.0,0.0,0.4279496399181997,0.2923713922562926
2025-02-25,25.65,25.8,25.8,25.6,0,-0.0058309203107933215,-0.005813953488372214,8.0,0.0,0.25,8.0,1.0,0.15,1,0.1386473656296464,0.15650867670318636,0.2923713922562926,0.3137542930023455,0.331498300580106,0.41484500148346026,26.47,0.9690215338118625,27.26,0.9409391049156272,27.1625,0.9443166129774504,25.598999999999997,1.0019922653228643,21.355,1.2011238585811284,16.92307692307685,0.2504139413586586,0.6005191880536996,27.1625,29.019740454346906,25.305259545653097,0.13675033257961558,0.5285714285714277,25.8,-0.02677024106460478,0.4478763359135093,26.5,-0.014981553615616833,0.4428123869517494,26.9,-0.02205971806473222,0.43780943092129265,27.75,-0.01253373614725658,0.4247457002965679,28.1,0.0035650661644961446,0.42700231120133286,0.277871526554035
2025-02-26,25.7,25.65,25.7,25.6,0,0.0019474202843956288,0.0019493177387914784,8.0,0.0,0.25,8.0,1.0,0.15,1,0.18597462653665267,0.15995438599858158,0.277871526554035,0.31129941221923374,0.3314066371310448,0.41461102102298814,26.109999999999996,0.9842972041363464,27.02,0.9511472982975574,27.1125,0.9479022591055786,25.63,1.0027311744049943,21.3965,1.2011310261024,19.354838709677367,0.13883307355434482,0.5081819651538287,27.1125,29.073132282547636,25.151867717452365,0.14462939843597125,0.47857142857142776,25.65,-0.0058309203107933215,0.2923713922562926,25.8,-0.02677024106460478,0.4478763359135093,26.5,-0.014981553615616833,0.4428123869517494,27.5,-0.009049835519917927,0.4281969649769047,28.1,0.0,0.42754247115751215,0.27609108982444164
2025-02-27,25.7,25.7,26.35,25.65,0,0.0,0.0,8.0,0.0,0.25,8.0,1.0,0.15,1,0.18822655210932943,0.15684146198515286,0.27609108982444164,0.3097214641171566,0.3311052313006592,0.4136588591044499,25.869999999999997,0.993428681870893,26.775,0.9598506069094305,27.082500000000003,0.9489522754546292,25.664,1.0014027431421446,21.438499999999998,1.198777899573198,7.407407407407376,0.04983002244208379,0.4165115766114798,27.082500000000003,29.112608890001397,25.05239110999861,0.14992034634922133,0.4999999999999995,25.7,0.0019474202843956288,0.277871526554035,25.65,-0.0058309203107933215,0.2923713922562926,25.8,-0.02677024106460478,0.4478763359135093,26.9,-0.02205971806473222,0.43780943092129265,28.15,0.0017777782459991356,0.42724977164770134,0.2720010408072881
2025-02-28,25.6,25.7,25.75,25.6,0,-0.0038986404156571976,-0.0038910505836574627,8.0,0.0,0.25,8.0,1.0,0.15,1,0.18287816616657804,0.15163868674121794,0.2720010408072881,0.309881037233203,0.331208025172621,0.41283018949382533,25.689999999999998,0.9964966913195797,26.52,0.9653092006033184,27.0625,0.945958429561201,25.703999999999997,0.9959539371304079,21.48,1.191806331471136,7.142857142857125,-0.0284467842406535,0.32751990444105317,27.0625,29.144724266196217,24.980275733803783,0.15388262475353107,0.43214285714285666,25.7,0.0,0.27609108982444164,25.7,0.0019474202843956288,0.277871526554035,25.65,-0.0058309203107933215,0.2923713922562926,26.5,-0.014981553615616833,0.4428123869517494,28.15,0.0,0.42724977164770134,0.28297957129537477
2025-03-03,24.95,25.6,25.7,24.95,0,-0.025718529287989234,-0.02539062500000011,8.0,0.0,0.25,8.0,1.0,0.15,1,0.17569416801303517,0.16459313696956626,0.28297957129537477,0.3146091762507938,0.33356711402032346,0.4136435724659381,25.52,0.9776645768025078,26.205000000000002,0.9521083762640716,27.01,0.9237319511292114,25.725,0.9698736637512146,21.51875,1.1594539645657855,2.985074626865625,-0.14130243865885816,0.2337554358210709,27.01,29.25185073919778,24.768149260802222,0.1660015356681066,0.4642857142857138,25.6,-0.0038986404156571976,0.2720010408072881,25.7,0.0,0.27609108982444164,25.7,0.0019474202843956288,0.277871526554035,25.8,-0.02677024106460478,0.4478763359135093,28.1,-0.0017777782459991608,0.420294710027012,0.30459849022913615
2025-03-04,24.1,24.95,24.95,24.1,0,-0.03466198170091828,-0.03406813627254501,8.0,0.0,0.25,8.0,1.0,0.15,1,0.2638272795727743,0.20057055141499247,0.30459849022913615,0.31636463510900037,0.3373854976791837,0.41274484075277185,25.21,0.9559698532328441,25.840000000000003,0.9326625386996903,26.9075,0.8956610610424603,25.727000000000004,0.9367590469156916,21.554499999999997,1.1180959892365865,2.380952380952337,-0.29591809452886153,0.1278207297510844,26.9075,29.478241240637672,24.336758759362326,0.19107990267677588,0.4892857142857136,24.95,-0.025718529287989234,0.28297957129537477,25.6,-0.0038986404156571976,0.2720010408072881,25.7,0.0,0.27609108982444164,25.65,-0.0058309203107933215,0.2923713922562926,27.75,-0.01253373614725658,0.4247457002965679,0.3026874566629075
2025-03-05,24.0,24.1,24.45,23.55,0,-0.004158010148663788,-0.004149377593361092,8.0,0.0,0.25,8.0,1.0,0.15,1,0.24575450079720532,0.2054645752887952,0.3026874566629075,0.3164517197733252,0.33692143504579586,0.4111664465444888,24.869999999999997,0.9650180940892643,25.490000000000002,0.9415457041977245,26.7175,0.8982876391877982,25.727000000000004,0.9328720799160414,21.589499999999997,1.1116514972556104,1.1764705882353184,-0.42166063864890546,0.017924456071086434,26.7175,29.558047575083954,23.87695242491605,0.21263573126856575,0.5357142857142849,24.1,-0.03466198170091828,0.30459849022913615,24.95,-0.025718529287989234,0.28297957129537477,25.6,-0.0038986404156571976,0.2720010408072881,25.7,0.0019474202843956288,0.277871526554035,27.5,-0.009049835519917927,0.4281969649769047,0.1886426840645166
2025-03-06,23.95,24.0,24.0,23.5,0,-0.0020855064910213707,-0.002083333333333326,8.0,0.0,0.25,8.0,1.0,0.15,1,0.2387839659988295,0.20693436410017024,0.1886426840645166,0.313684652105524,0.3354540014438862,0.3976471137234763,24.520000000000003,0.976753670473083,25.195,0.9505854336177813,26.535000000000004,0.9025814961371772,25.715,0.9313630176939529,21.624249999999996,1.1075528631050788,1.1627906976744384,-0.5193602314649084,-0.08953248143611255,26.535000000000004,29.597180165898244,23.472819834101763,0.23080310276225666,0.560714285714285,24.0,-0.004158010148663788,0.3026874566629075,24.1,-0.03466198170091828,0.30459849022913615,24.95,-0.025718529287989234,0.28297957129537477,25.7,0.0,0.27609108982444164,26.9,-0.02205971806473222,0.43780943092129265,0.18891099002768186
2025-03-07,23.85,23.95,24.0,23.5,0,-0.004184106522573985,-0.0041753653444676075,8.0,0.0,0.25,8.0,1.0,0.15,1,0.23802268074307167,0.20910437764420367,0.18891099002768186,0.311610586242991,0.3352795037756919,0.3868743171754236,24.169999999999998,0.9867604468349195,24.93,0.9566787003610109,26.327499999999997,0.905896875890229,25.698,0.9280877889329909,21.65875,1.1011715819241645,1.149425287356351,-0.5979640693524892,-0.1912187990193879,26.327499999999997,29.530865828558838,23.124134171441156,0.2433475133270414,0.578571428571428,23.95,-0.0020855064910213707,0.1886426840645166,24.0,-0.004158010148663788,0.3026874566629075,24.1,-0.03466198170091828,0.30459849022913615,25.6,-0.0038986404156571976,0.2720010408072881,26.5,-0.014981553615616833,0.4428123869517494,0.20263122912779558
2025-03-10,24.4,23.85,24.7,23.5,0,0.02279891496480581,0.023060796645702153,8.0,0.0,0.25,8.0,1.0,0.15,1,0.3234870331808167,0.2461291280709969,0.20263122912779558,0.3088176948709849,0.3362908343125259,0.3759178393573636,24.06,1.0141313383208646,24.79,0.9842678499394917,26.1475,0.9331676068457787,25.706000000000003,0.9491947405275032,21.695749999999997,1.1246442275560882,13.186813186813154,-0.6088592236022734,-0.274746883935965,26.1475,29.359725822827784,22.935274177172218,0.2457004166997061,0.5964285714285708,23.85,-0.004184106522573985,0.18891099002768186,23.95,-0.0020855064910213707,0.1886426840645166,24.0,-0.004158010148663788,0.3026874566629075,24.95,-0.025718529287989234,0.28297957129537477,25.8,-0.02677024106460478,0.4478763359135093,0.20528856138097581
2025-03-11,23.95,24.4,25.5,23.85,0,-0.018614808442231935,-0.018442622950819665,8.0,0.0,0.25,8.0,1.0,0.15,1,0.23780659862852907,0.25471195492667187,0.20528856138097581,0.30571113841300285,0.33685601559501543,0.3762724492702179,24.03,0.9966708281315022,24.62,0.9727863525588951,25.940000000000005,0.9232845026985349,25.705,0.9317253452635674,21.733,1.1020107670363042,12.631578947368382,-0.6463541823609127,-0.34906834362095457,25.940000000000005,29.157321540464423,22.722678459535587,0.24805871553310851,0.685714285714285,24.4,0.02279891496480581,0.20263122912779558,23.85,-0.004184106522573985,0.18891099002768186,23.95,-0.0020855064910213707,0.1886426840645166,24.1,-0.03466198170091828,0.30459849022913615,25.65,-0.0058309203107933215,0.2923713922562926,0.20238302649545256
2025-03-12,23.9,23.95,23.95,23.8,0,-0.002089864919459242,-0.0020876826722338038,8.0,0.0,0.25,8.0,1.0,0.15,1,0.23666310438866717,0.25159141389409984,0.20238302649545256,0.3057043051465982,0.33378579688048315,0.37628132011137555,24.009999999999998,0.9954185755935028,24.44,0.9779050736497544,25.73,0.9288767975126311,25.706,0.9297440286314479,21.770500000000002,1.0978158517259593,14.28571428571425,-0.6723533189112878,-0.41372533867902117,25.73,28.90165074071092,22.55834925928908,0.2465332872686296,0.6535714285714277,23.95,-0.018614808442231935,0.20528856138097581,24.4,0.02279891496480581,0.20263122912779558,23.85,-0.004184106522573985,0.18891099002768186,24.0,-0.004158010148663788,0.3026874566629075,25.7,0.0019474202843956288,0.277871526554035,0.20060645547603076
2025-03-13,23.65,23.9,23.95,23.65,0,-0.010515343999523008,-0.010460251046025104,8.0,0.0,0.25,8.0,1.0,0.15,1,0.24681798221858212,0.24861377526436654,0.20060645547603076,0.3063060614458015,0.33307641649910186,0.3763061549079241,23.95,0.9874739039665971,24.235,0.9758613575407468,25.505000000000003,0.9272691629092333,25.697,0.9203408958244153,21.803999999999995,1.0846633645202717,14.814814814814781,-0.705003886648349,-0.4719810482728868,25.505000000000003,28.591114914120567,22.418885085879438,0.24200077742564705,0.6178571428571422,23.9,-0.002089864919459242,0.20238302649545256,23.95,-0.018614808442231935,0.20528856138097581,24.4,0.02279891496480581,0.20263122912779558,23.95,-0.0020855064910213707,0.1886426840645166,25.7,0.0,0.27609108982444164,0.1974015339394065
2025-03-14,23.4,23.65,23.95,23.4,0,-0.010627092574286238,-0.010570824524312905,8.0,0.0,0.25,8.0,1.0,0.15,1,0.2536955411602263,0.2475609907950267,0.1974015339394065,0.3069879789164663,0.3329324927668263,0.3750570848093912,23.86,0.9807208717518859,24.015,0.9743910056214865,25.2675,0.9260908281389136,25.675,0.9113924050632911,21.836,1.0716248397142334,16.666666666666615,-0.7424936034036129,-0.526083559299032,25.2675,28.224966020625995,22.310033979374,0.23409249198583137,0.6071428571428567,23.65,-0.010515343999523008,0.20060645547603076,23.9,-0.002089864919459242,0.20238302649545256,23.95,-0.018614808442231935,0.20528856138097581,23.85,-0.004184106522573985,0.18891099002768186,25.6,-0.0038986404156571976,0.2720010408072881,0.19633616377803575
2025-03-17,23.35,23.4,23.5,23.35,0,-0.0021390382487493074,-0.002136752136752018,8.0,0.0,0.25,8.0,1.0,0.15,1,0.10998336985913953,0.2306566159815874,0.19633616377803575,0.30670926231164714,0.33070696246544207,0.37500401704282016,23.65,0.9873150105708246,23.854999999999997,0.978830433871306,25.03,0.9328805433479824,25.642,0.9106153966149287,21.866999999999997,1.067819088123657,17.14285714285711,-0.7673930270334814,-0.574345452845922,25.03,27.78574042013346,22.27425957986654,0.22019499961114342,0.603571428571428,23.4,-0.010627092574286238,0.1974015339394065,23.65,-0.010515343999523008,0.20060645547603076,23.9,-0.002089864919459242,0.20238302649545256,24.4,0.02279891496480581,0.20263122912779558,24.95,-0.025718529287989234,0.28297957129537477,0.19486238629353084
2025-03-18,23.2,23.35,23.45,23.0,0,-0.006444705442642095,-0.0064239828693790635,8.0,0.0,0.25,8.0,1.0,0.15,1,0.06713089792064897,0.1702004665992541,0.19486238629353084,0.3067257256656464,0.3306341089596367,0.37469660306926766,23.5,0.9872340425531915,23.765,0.976225541763097,24.802500000000002,0.9353895776635419,25.611,0.9058607629534184,21.897000000000002,1.0595058683837968,15.277777777777729,-0.7901217147545019,-0.617500705227638,24.802500000000002,27.356645237596382,22.248354762403622,0.20595869267988146,0.6285714285714281,23.35,-0.0021390382487493074,0.19633616377803575,23.4,-0.010627092574286238,0.1974015339394065,23.65,-0.010515343999523008,0.20060645547603076,23.95,-0.018614808442231935,0.20528856138097581,24.1,-0.03466198170091828,0.30459849022913615,0.21451198777050579
2025-03-19,22.4,23.2,23.1,22.4,0,-0.03509131981127017,-0.034482758620689724,8.0,0.0,0.25,8.0,1.0,0.15,1,0.20402854922794375,0.23171354041338554,0.21451198777050579,0.3127875104800853,0.33351595725451866,0.3652469656073856,23.2,0.9655172413793103,23.605,0.9489514933276847,24.547500000000003,0.9125165495467968,25.569000000000003,0.8760608549415306,21.923000000000002,1.0217579710806002,12.499999999999943,-0.8627425189261899,-0.6665490679673485,24.547500000000003,26.98330204018036,22.111697959819647,0.19845622081110953,0.6357142857142851,23.2,-0.006444705442642095,0.19486238629353084,23.35,-0.0021390382487493074,0.19633616377803575,23.4,-0.010627092574286238,0.1974015339394065,23.9,-0.002089864919459242,0.20238302649545256,24.0,-0.004158010148663788,0.3026874566629075,0.21615031459450781
2025-03-20,22.0,22.4,22.65,21.8,0,-0.01801850550267825,-0.017857142857142794,8.0,0.0,0.25,8.0,1.0,0.15,1,0.20530600781229036,0.23620618629118173,0.21615031459450781,0.3134327741088229,0.3345575411189817,0.3648771096110114,22.869999999999997,0.9619588981198077,23.410000000000004,0.939769329346433,24.3025,0.9052566608373624,25.515,0.8622378992749363,21.94725,1.0024034901866976,11.70212765957443,-0.9417161687025768,-0.7215824881143942,24.3025,26.72769125670087,21.87730874329913,0.19958368535754514,0.685714285714285,22.4,-0.03509131981127017,0.21451198777050579,23.2,-0.006444705442642095,0.19486238629353084,23.35,-0.0021390382487493074,0.19633616377803575,23.65,-0.010515343999523008,0.20060645547603076,23.95,-0.0020855064910213707,0.1886426840645166,0.2180494325131935
2025-03-21,22.1,22.0,22.35,21.95,0,0.004535155165391363,0.00454545454545463,8.0,0.0,0.25,8.0,1.0,0.15,1,0.24711869357306912,0.2445668512525705,0.2180494325131935,0.3134592140938697,0.33146568892265915,0.36458574356199136,22.610000000000003,0.9774436090225563,23.235,0.9511512803959544,24.0825,0.9176788124156546,25.467,0.8677896886166413,21.972,1.0058255962133624,15.662650602409627,-0.9848810946675215,-0.7742422094250196,24.0825,26.46627740924808,21.69872259075192,0.1979676037992799,0.6607142857142853,22.0,-0.01801850550267825,0.21615031459450781,22.4,-0.03509131981127017,0.21451198777050579,23.2,-0.006444705442642095,0.19486238629353084,23.4,-0.010627092574286238,0.1974015339394065,23.85,-0.004184106522573985,0.18891099002768186,0.23640175574124334
2025-03-24,22.5,22.1,23.0,22.0,0,0.01793770068666725,0.018099547511312153,8.0,0.0,0.25,8.0,1.0,0.15,1,0.32386720574627664,0.2283142479969958,0.23640175574124334,0.3158078814808844,0.33230448477407376,0.36472858508706174,22.439999999999998,1.0026737967914439,23.044999999999998,0.9763506183553917,23.917499999999997,0.9407337723424272,25.427999999999997,0.8848513449740445,21.99875,1.022785385533269,28.378378378378343,-0.9755672207691966,-0.8145072116938551,23.917499999999997,26.25715247081909,21.577847529180904,0.19564356398612676,0.671428571428571,22.1,0.004535155165391363,0.2180494325131935,22.0,-0.01801850550267825,0.21615031459450781,22.4,-0.03509131981127017,0.21451198777050579,23.35,-0.0021390382487493074,0.19633616377803575,24.4,0.02279891496480581,0.20263122912779558,0.22666400618056312
2025-03-25,22.45,22.5,22.9,22.0,0,-0.0022246950221111624,-0.0022222222222222365,8.0,0.0,0.25,8.0,1.0,0.15,1,0.32604317334422606,0.22192851326921134,0.22666400618056312,0.31212323089112454,0.3314643680097418,0.36473483578496635,22.29,1.0071781067743382,22.895,0.9805634417995195,23.7575,0.9449647479743238,25.386,0.884345702355629,22.025,1.0192962542565267,28.767123287671197,-0.961141054942658,-0.8438339803436157,23.7575,26.03514305692007,21.47985694307993,0.1917409708024893,0.671428571428571,22.5,0.01793770068666725,0.23640175574124334,22.1,0.004535155165391363,0.2180494325131935,22.0,-0.01801850550267825,0.21615031459450781,23.2,-0.006444705442642095,0.19486238629353084,23.95,-0.018614808442231935,0.20528856138097581,0.22872710555045414
2025-03-26,22.5,22.45,22.75,22.0,0,0.0022246950221111086,0.00222717149220486,8.0,0.0,0.25,8.0,1.0,0.15,1,0.2058987876152826,0.2253422798899068,0.22872710555045414,0.31184071940704483,0.33133675930225215,0.3647422086239688,22.31,1.0085163603765128,22.755,0.988793671720501,23.5975,0.9534908358936328,25.345,0.8877490629315448,22.05125,1.0203503202766284,30.136986301369845,-0.934896724965256,-0.8620465292679438,23.5975,25.746545075572275,21.448454924427725,0.1821417587093781,0.689285714285714,22.45,-0.0022246950221111624,0.22666400618056312,22.5,0.01793770068666725,0.23640175574124334,22.1,0.004535155165391363,0.2180494325131935,22.4,-0.03509131981127017,0.21451198777050579,23.9,-0.002089864919459242,0.20238302649545256,0.23331130919266888
2025-03-27,22.0,22.5,22.65,21.95,0,-0.02247285585205863,-0.022222222222222254,8.0,0.0,0.25,8.0,1.0,0.15,1,0.2323944083507996,0.2395444471415793,0.23331130919266888,0.3098562643817186,0.3330120341270261,0.36542300039266995,22.31,0.9861048857014793,22.59,0.9738822487826472,23.4125,0.9396689802455952,25.294,0.8697714873092433,22.0665,0.9969863820723721,27.160493827160465,-0.9435668741286527,-0.8783505982400857,23.4125,25.432628969306393,21.39237103069361,0.1725684116866111,0.7035714285714282,22.5,0.0022246950221111086,0.22872710555045414,22.45,-0.0022246950221111624,0.22666400618056312,22.5,0.01793770068666725,0.23640175574124334,22.0,-0.01801850550267825,0.21615031459450781,23.65,-0.010515343999523008,0.20060645547603076,0.24569905932377195
2025-03-28,22.35,22.0,22.35,21.7,0,0.01578386770126195,0.015909090909090873,8.0,0.0,0.25,8.0,1.0,0.15,1,0.2584807495420689,0.2644583703536741,0.24569905932377195,0.31174450485871624,0.3336680215337261,0.36468656319439213,22.36,0.9995527728085869,22.485,0.9939959973315544,23.25,0.9612903225806452,25.257999999999996,0.8848681605827858,22.081749999999996,1.0121480408029258,23.376623376623414,-0.9116865992666021,-0.8850177984453891,23.25,25.038854381999638,21.461145618000362,0.15387994683867853,0.664285714285714,22.0,-0.02247285585205863,0.23331130919266888,22.5,0.0022246950221111086,0.22872710555045414,22.45,-0.0022246950221111624,0.22666400618056312,22.1,0.004535155165391363,0.2180494325131935,23.4,-0.010627092574286238,0.1974015339394065,0.25519891011143475
2025-04-02,22.65,21.95,22.8,21.95,0,0.013333530869465168,0.01342281879194629,8.0,0.0,0.25,8.0,1.0,0.15,1,0.2424452788868167,0.2794559535879871,0.25519891011143475,0.31289430047237937,0.32523133488430633,0.3645402882532504,22.39,1.011612326931666,22.415,1.0104840508587998,23.134999999999998,0.9790360925005404,25.229,0.8977763684648619,22.1,1.0248868778280542,32.43243243243242,-0.8523879611351752,-0.8784918309833464,23.134999999999998,24.75107060814978,21.518929391850214,0.13970785460555726,0.6071428571428571,22.35,0.01578386770126195,0.24569905932377195,22.0,-0.02247285585205863,0.23331130919266888,22.5,0.0022246950221111086,0.22872710555045414,22.5,0.01793770068666725,0.23640175574124334,23.35,-0.0021390382487493074,0.19633616377803575,0.24473536413332814
2025-04-03,22.55,22.65,22.7,22.2,0,-0.004424785980355584,-0.004415011037527505,8.0,0.0,0.25,8.0,1.0,0.15,1,0.24496687339556347,0.2789511480080725,0.24473536413332814,0.3121334618182189,0.3195279111780126,0.36418508352032924,22.410000000000004,1.006247211066488,22.35,1.0089485458612975,23.057499999999997,0.9779898080884746,25.195999999999998,0.8949833306874108,22.119500000000002,1.0194624652455977,32.0,-0.8041922992243968,-0.8636319246315565,23.057499999999997,24.62670194265792,21.488298057342075,0.13611206268311163,0.6321428571428572,22.65,0.013333530869465168,0.25519891011143475,22.35,0.01578386770126195,0.24569905932377195,22.0,-0.02247285585205863,0.23331130919266888,22.45,-0.0022246950221111624,0.22666400618056312,23.2,-0.006444705442642095,0.19486238629353084,0.22097724365975943
2025-04-04,22.65,22.5,22.65,22.4,0,0.004424785980355636,0.0044345898004434225,8.0,0.0,0.25,8.0,1.0,0.15,1,0.24621743560591933,0.21400680890130475,0.22097724365975943,0.31031098533025697,0.31914276434573285,0.36358871232584555,22.44,1.0093582887700534,22.375,1.012290502793296,22.99,0.9852109612875163,25.158,0.9003100405437633,22.13775,1.0231392079140833,36.111111111111086,-0.7492903726649622,-0.8407636142382378,22.99,24.503657125882913,21.476342874117083,0.1316796107771131,0.6285714285714287,22.55,-0.004424785980355584,0.24473536413332814,22.65,0.013333530869465168,0.25519891011143475,22.35,0.01578386770126195,0.24569905932377195,22.5,0.0022246950221111086,0.22872710555045414,22.4,-0.03509131981127017,0.21451198777050579,0.39466144202552267
2025-04-07,20.55,22.6,22.65,20.5,0,-0.09729891098679933,-0.09271523178807939,8.0,0.0,0.25,8.0,1.0,0.15,1,0.7531364659651467,0.5376940992389421,0.39466144202552267,0.3619833425217843,0.34810009130219133,0.37435337900553717,22.15,0.9277652370203161,22.23,0.9244264507422403,22.82,0.9005258545135846,25.075,0.8195413758723828,22.145500000000002,0.9279537603576347,23.853211009174288,-0.8652584886350354,-0.8456625891175974,22.82,24.616897911753036,21.023102088246965,0.1574844795576718,0.7428571428571428,22.65,0.004424785980355636,0.22097724365975943,22.55,-0.004424785980355584,0.24473536413332814,22.65,0.013333530869465168,0.25519891011143475,22.0,-0.02247285585205863,0.23331130919266888,22.0,-0.01801850550267825,0.21615031459450781,0.4070615640355595
2025-04-08,21.0,20.55,21.45,20.05,0,0.02166149678117925,0.021897810218977964,8.0,0.0,0.25,8.0,1.0,0.15,1,0.7685985349845048,0.5544322049845595,0.4070615640355595,0.3650557819712759,0.34785837129477953,0.37441417953369677,21.88,0.9597806215722121,22.119999999999997,0.949367088607595,22.6775,0.9260280013228972,24.989,0.840369762695586,22.155500000000004,0.9478459073367785,29.914529914529894,-0.910358767658483,-0.8586018248257745,22.6775,24.579431151556857,20.77556884844314,0.167737285993329,0.8321428571428571,20.55,-0.09729891098679933,0.39466144202552267,22.65,0.004424785980355636,0.22097724365975943,22.55,-0.004424785980355584,0.24473536413332814,22.35,0.01578386770126195,0.24569905932377195,22.1,0.004535155165391363,0.2180494325131935,0.4075880373084352
2025-04-09,21.0,21.0,21.3,20.0,0,0.0,0.0,8.0,0.0,0.25,8.0,1.0,0.15,1,0.7459013975053478,0.5406998044909606,0.4075880373084352,0.3647675646205764,0.3475891868168748,0.37383119377252844,21.55,0.974477958236659,21.97,0.9558488848429677,22.5075,0.9330223258913696,24.853,0.8449684142759425,22.1665,0.947375544177024,30.70175438596489,-0.9353192852106602,-0.8739453169027517,22.5075,24.368533951442117,20.646466048557883,0.1653701167559362,0.8928571428571429,21.0,0.02166149678117925,0.4070615640355595,20.55,-0.09729891098679933,0.39466144202552267,22.65,0.004424785980355636,0.22097724365975943,22.65,0.013333530869465168,0.25519891011143475,22.5,0.01793770068666725,0.23640175574124334,0.39414416121957424
2025-04-10,20.75,21.0,22.5,20.5,0,-0.01197619104671565,-0.011904761904761862,8.0,0.0,0.25,8.0,1.0,0.15,1,0.7409855058636913,0.5405551496871228,0.39414416121957424,0.36461442868727667,0.3478483310843767,0.3715972735460888,21.189999999999998,0.9792354884379425,21.8,0.9518348623853211,22.3475,0.9285154939031212,24.728,0.8391297314784859,22.1765,0.9356751516244673,33.98058252427184,-0.9641593569656628,-0.8919881249153339,22.3475,24.23638020293819,20.45861979706181,0.16904622019807042,0.9785714285714285,21.0,0.0,0.4075880373084352,21.0,0.02166149678117925,0.4070615640355595,20.55,-0.09729891098679933,0.39466144202552267,22.55,-0.004424785980355584,0.24473536413332814,22.45,-0.0022246950221111624,0.22666400618056312,0.39298074441588804
2025-04-11,20.45,20.75,20.9,20.35,0,-0.014563364187896555,-0.014457831325301207,8.0,0.0,0.25,8.0,1.0,0.15,1,0.7189151103723176,0.5383379058719573,0.39298074441588804,0.36522561655458174,0.34830855439408726,0.36970221330120495,20.75,0.9855421686746988,21.595,0.9469784672377866,22.175,0.9222096956031567,24.603,0.8311994472218834,22.184749999999998,0.9218043926571181,34.65346534653463,-0.9996989076914815,-0.9135302814705634,22.175,24.09675906261321,20.253240937386792,0.1733266347339985,0.9571428571428571,20.75,-0.01197619104671565,0.39414416121957424,21.0,0.0,0.4075880373084352,21.0,0.02166149678117925,0.4070615640355595,22.65,0.004424785980355636,0.22097724365975943,22.5,0.0022246950221111086,0.22872710555045414,0.40005243615859337
2025-04-14,20.75,20.45,20.75,20.3,0,0.01456336418789651,0.014669926650366705,8.0,0.0,0.25,8.0,1.0,0.15,1,0.25325583557435355,0.54550750081122,0.40005243615859337,0.3668844763721964,0.34844607052279386,0.369607346602362,20.79,0.9980759980759981,21.47,0.9664648346530043,22.03,0.9418974126191556,24.491999999999997,0.8472154172791116,22.1935,0.934958433775655,37.14285714285711,-0.9922190809645173,-0.9292680413693541,22.03,23.92053041846912,20.139469581530882,0.17163235755507206,0.9607142857142854,20.45,-0.014563364187896555,0.39298074441588804,20.75,-0.01197619104671565,0.39414416121957424,21.0,0.0,0.4075880373084352,20.55,-0.09729891098679933,0.39466144202552267,22.0,-0.02247285585205863,0.23331130919266888,0.4202671959321457
2025-04-15,21.4,20.75,21.6,20.5,0,0.030844675351098354,0.031325301204819134,8.0,0.0,0.25,8.0,1.0,0.15,1,0.3020124978116974,0.5670452313550077,0.4202671959321457,0.37272494064148465,0.35099870721952453,0.3708963200153748,20.869999999999997,1.0253953042644945,21.375,1.0011695906432747,21.93,0.9758321933424532,24.399999999999995,0.8770491803278689,22.20575,0.9637143532643572,39.99999999999998,-0.9231996260534814,-0.9280543583061797,21.93,23.724553162386307,20.135446837613692,0.16366193911411833,0.9678571428571426,20.75,0.01456336418789651,0.40005243615859337,20.45,-0.014563364187896555,0.39298074441588804,20.75,-0.01197619104671565,0.39414416121957424,21.0,0.02166149678117925,0.4070615640355595,22.35,0.01578386770126195,0.24569905932377195,0.42091485508271703
2025-04-16,21.5,21.75,22.45,21.4,0,0.004662013105811371,0.004672897196261738,8.0,0.0,0.25,8.0,1.0,0.15,1,0.3001503620501055,0.5611159774009742,0.42091485508271703,0.3729523082895454,0.3506302269476078,0.33752189325877546,20.97,1.0252742012398666,21.259999999999998,1.0112888052681093,21.8375,0.9845449341728678,24.31,0.8844097079391198,22.218249999999998,0.9676729715436635,41.44144144144144,-0.850626553105478,-0.9125687972660393,21.8375,23.510466165071122,20.164533834928875,0.15321956863845437,0.9785714285714285,21.4,0.030844675351098354,0.4202671959321457,20.75,0.01456336418789651,0.40005243615859337,20.45,-0.014563364187896555,0.39298074441588804,21.0,0.0,0.4075880373084352,22.65,0.013333530869465168,0.25519891011143475,0.4349068596795213
2025-04-17,22.1,21.5,22.2,21.45,0,0.027524673390090154,0.027906976744186185,8.0,0.0,0.25,8.0,1.0,0.15,1,0.29274682703219457,0.5847910833969233,0.4349068596795213,0.37761753452081587,0.35265400934303387,0.33619741370999806,21.240000000000002,1.0404896421845573,21.214999999999996,1.0417157671458877,21.7825,1.0145759210375302,24.229,0.9121300920384664,22.23125,0.9940961484396965,46.72131147540985,-0.7362103101621074,-0.8772970998452531,21.7825,23.33484118604572,20.23015881395428,0.1425310396920206,0.9785714285714285,21.5,0.004662013105811371,0.42091485508271703,21.4,0.030844675351098354,0.4202671959321457,20.75,0.01456336418789651,0.40005243615859337,20.75,-0.01197619104671565,0.39414416121957424,22.55,-0.004424785980355584,0.24473536413332814,0.44464092784478565
2025-04-22,22.65,22.1,22.8,22.15,0,0.024582243405335807,0.02488687782805421,8.0,0.0,0.25,8.0,1.0,0.15,1,0.17006622988019993,0.5995749650780805,0.44464092784478565,0.38000276338245775,0.3540126763326226,0.32442863408717637,21.68,1.044741697416974,21.215,1.0676408201744048,21.795,1.0392291810048175,24.125999999999998,0.9388211887590152,22.247,1.0181148019957746,55.28455284552845,-0.5943034496205861,-0.8206983698003197,21.795,23.37210594377608,20.217894056223923,0.1447218117711474,0.9785714285714285,22.1,0.027524673390090154,0.4349068596795213,21.5,0.004662013105811371,0.42091485508271703,21.4,0.030844675351098354,0.4202671959321457,20.45,-0.014563364187896555,0.39298074441588804,22.65,0.004424785980355636,0.22097724365975943,0.45442209685089063
2025-04-23,23.7,22.65,23.75,22.9,0,0.04531519621204249,0.04635761589403975,8.0,0.0,0.25,8.0,1.0,0.15,1,0.23201727675630174,0.30815651014535533,0.45442209685089063,0.39112428497942925,0.35951561620540756,0.3264669709284414,22.27,1.0642119443197127,21.53,1.1007895959126799,21.88,1.083180987202925,24.048,0.9855289421157685,22.2665,1.064379224395392,59.85401459854015,-0.39258948823198025,-0.7350765934866519,21.88,23.67220534537734,20.08779465462266,0.16382132955917186,1.0107142857142857,22.65,0.024582243405335807,0.44464092784478565,22.1,0.027524673390090154,0.4349068596795213,21.5,0.004662013105811371,0.42091485508271703,20.75,0.01456336418789651,0.40005243615859337,20.55,-0.09729891098679933,0.39466144202552267,0.44843156582558474
2025-04-24,23.9,23.7,24.1,23.7,0,0.00840341079637938,0.00843881856540074,8.0,0.0,0.25,8.0,1.0,0.15,1,0.25917459986336705,0.30642421001728526,0.44843156582558474,0.3914122812164935,0.3596485333448657,0.32639416773947294,22.77,1.049626701800615,21.82,1.0953253895508708,21.97,1.087847064178425,23.965999999999998,0.9972460986397397,22.29,1.0722296994167788,59.25925925925927,-0.21412311405877205,-0.6308858976010759,21.97,23.976673078033485,19.963326921966512,0.18267392608406796,0.9785714285714285,23.7,0.04531519621204249,0.45442209685089063,22.65,0.024582243405335807,0.44464092784478565,22.1,0.027524673390090154,0.4349068596795213,21.4,0.030844675351098354,0.4202671959321457,21.0,0.02166149678117925,0.4070615640355595,0.44930514720523534
2025-04-25,23.8,23.9,24.0,23.7,0,-0.004192878260035927,-0.004184100418409997,8.0,0.0,0.25,8.0,1.0,0.15,1,0.30095906247056586,0.3120514587502876,0.44930514720523534,0.3903651003623639,0.3597306356732627,0.32605116397467426,23.229999999999997,1.024537236332329,22.1,1.0769230769230769,22.035,1.0800998411617881,23.881999999999998,0.9965664517209615,22.311,1.066738380171216,59.25925925925927,-0.0798360902585813,-0.5206759361325771,22.035,24.19250830943065,19.87749169056935,0.1958255783463263,0.9642857142857143,23.9,0.00840341079637938,0.44843156582558474,23.7,0.04531519621204249,0.45442209685089063,22.65,0.024582243405335807,0.44464092784478565,21.5,0.004662013105811371,0.42091485508271703,21.0,0.0,0.4075880373084352,0.4469000019826388
2025-04-28,23.7,23.8,24.0,23.7,0,-0.004210532536343605,-0.004201680672269004,8.0,0.0,0.25,8.0,1.0,0.15,1,0.3354886181196408,0.2970599031816249,0.4469000019826388,0.3902025961505786,0.35977989017964107,0.32583105537803997,23.55,1.0063694267515924,22.395,1.058271935699933,22.0975,1.0725195157823282,23.794,0.9960494242245944,22.33275,1.0612217483292474,57.77777777777779,0.018307145941097502,-0.41287931971784225,22.0975,24.374727076488835,19.820272923511165,0.20610721362043985,0.9678571428571429,23.8,-0.004192878260035927,0.44930514720523534,23.9,0.00840341079637938,0.44843156582558474,23.7,0.04531519621204249,0.45442209685089063,22.1,0.027524673390090154,0.4349068596795213,20.75,-0.01197619104671565,0.39414416121957424,0.4484878234571719
2025-04-29,24.05,23.7,24.1,23.8,0,0.014659948410684836,0.01476793248945163,8.0,0.0,0.25,8.0,1.0,0.15,1,0.32289151186971604,0.25333483622020747,0.4484878234571719,0.3882457451620016,0.3347458372583569,0.32265720390026154,23.83,1.009232060428032,22.755000000000003,1.056910569105691,22.175,1.0845546786922209,23.712999999999997,1.0142116138826804,22.35675,1.075737752580317,85.0,0.12291159429193854,-0.30572113691588615,22.175,24.609942990794696,19.740057009205305,0.2196115437018891,0.8428571428571432,23.7,-0.004210532536343605,0.4469000019826388,23.8,-0.004192878260035927,0.44930514720523534,23.9,0.00840341079637938,0.44843156582558474,22.65,0.024582243405335807,0.44464092784478565,20.45,-0.014563364187896555,0.39298074441588804,0.5097487606120886
2025-04-30,22.5,22.0,23.0,22.0,0,-0.0666196873413958,-0.06444906444906451,8.0,0.0,0.25,8.0,1.0,0.15,1,0.5155587103302194,0.48762032882522965,0.5097487606120886,0.3605019710188471,0.34799379048228857,0.32978862500858724,23.59,0.9537939805002119,22.93,0.981247274313127,22.2,1.0135135135135136,23.6,0.9533898305084745,22.374000000000002,1.0056315366049877,62.29508196721311,0.079819220842694,-0.22861306536417014,22.2,24.637643383097096,19.762356616902903,0.21960751199072945,0.8892857142857148,24.05,0.014659948410684836,0.4484878234571719,23.7,-0.004210532536343605,0.4469000019826388,23.8,-0.004192878260035927,0.44930514720523534,23.7,0.04531519621204249,0.45442209685089063,20.75,0.01456336418789651,0.40005243615859337,0.5125162399050316
2025-05-02,21.9,22.0,22.3,21.5,0,-0.027028672387919374,-0.026666666666666727,8.0,0.0,0.25,8.0,1.0,0.15,1,0.4951401674659619,0.498450744357641,0.5125162399050316,0.3598952159670973,0.34833812764658745,0.33097779350906065,23.189999999999998,0.944372574385511,22.98,0.9530026109660573,22.177500000000002,0.9874873182279336,23.475,0.9329073482428114,22.38825,0.9781916853706744,56.71641791044775,-0.002715478820878303,-0.1834335480555118,22.177500000000002,24.61761971233493,19.737380287665076,0.22005363204463319,0.8678571428571432,22.5,-0.0666196873413958,0.5097487606120886,24.05,0.014659948410684836,0.4484878234571719,23.7,-0.004210532536343605,0.4469000019826388,23.9,0.00840341079637938,0.44843156582558474,21.4,0.030844675351098354,0.4202671959321457,0.5264376234703664
2025-05-05,21.05,21.9,21.85,21.05,0,-0.03958607669406457,-0.03881278538812771,8.0,0.0,0.25,8.0,1.0,0.15,1,0.49905068354882076,0.5403359703071364,0.5264376234703664,0.36683358149381456,0.34632767705057116,0.33155205887782724,22.64,0.9297703180212015,22.935,0.9178112055809898,22.0975,0.9525964475619414,23.334,0.9021170823690752,22.3975,0.9398370353834133,52.05479452054795,-0.13515473948241308,-0.17377778634089205,22.0975,24.576989548486097,19.618010451513904,0.22441358058478078,0.7857142857142859,21.9,-0.027028672387919374,0.5125162399050316,22.5,-0.0666196873413958,0.5097487606120886,24.05,0.014659948410684836,0.4484878234571719,23.8,-0.004192878260035927,0.44930514720523534,21.5,0.004662013105811371,0.42091485508271703,0.5251051260912191
2025-05-06,21.25,21.05,21.65,21.0,0,0.009456335242035444,0.009501187648456089,8.0,0.0,0.25,8.0,1.0,0.15,1,0.5417588037445399,0.5198070936740508,0.5251051260912191,0.36704026787192867,0.34619835828564915,0.33105970670987994,22.15,0.9593679458239278,22.85,0.9299781181619255,22.0325,0.9644842845795983,23.204,0.9157903809687985,22.4075,0.9483431886645097,55.55555555555556,-0.22142305208637936,-0.18330683948998952,22.0325,24.530135724145026,19.53486427585497,0.2267228616039966,0.7928571428571433,21.05,-0.03958607669406457,0.5264376234703664,21.9,-0.027028672387919374,0.5125162399050316,22.5,-0.0666196873413958,0.5097487606120886,23.7,-0.004210532536343605,0.4469000019826388,22.1,0.027524673390090154,0.4349068596795213,0.5283682378756195
2025-05-07,21.55,21.25,21.7,21.4,0,0.014018921179330996,0.014117647058823568,8.0,0.0,0.25,8.0,1.0,0.15,1,0.539051531560129,0.5061123503450271,0.5283682378756195,0.3682957744858018,0.34639488668598206,0.33124793071130343,21.65,0.9953810623556583,22.740000000000002,0.9476693051890941,21.9775,0.9805482880218406,23.085,0.9335066060212259,22.418499999999998,0.9612596739300133,55.55555555555556,-0.26255722233636547,-0.19915691605926472,21.9775,24.466311806972442,19.488688193027556,0.22648725350676308,0.7928571428571433,21.25,0.009456335242035444,0.5251051260912191,21.05,-0.03958607669406457,0.5264376234703664,21.9,-0.027028672387919374,0.5125162399050316,24.05,0.014659948410684836,0.4484878234571719,22.65,0.024582243405335807,0.44464092784478565,0.5300558554594814
2025-05-08,21.8,21.55,22.25,21.65,0,0.011534153245286545,0.011600928074245953,8.0,0.0,0.25,8.0,1.0,0.15,1,0.39819520584051976,0.4356197657506229,0.5300558554594814,0.36939586470067365,0.34677471875216387,0.32934668813741297,21.509999999999998,1.0134821013482103,22.55,0.9667405764966741,22.04,0.9891107078039928,22.982999999999997,0.9485271722577558,22.430500000000002,0.9718909520518936,52.94117647058825,-0.27184972355972903,-0.2136954775593576,22.04,24.439034893671153,19.640965106328846,0.2176982662133533,0.7642857142857145,21.55,0.014018921179330996,0.5283682378756195,21.25,0.009456335242035444,0.5251051260912191,21.05,-0.03958607669406457,0.5264376234703664,22.5,-0.0666196873413958,0.5097487606120886,23.7,0.04531519621204249,0.45442209685089063,0.41056596175919813
2025-05-09,21.3,21.8,21.8,21.3,0,-0.02320289707966387,-0.022935779816513735,8.0,0.0,0.25,8.0,1.0,0.15,1,0.38641305816385035,0.43043474208088106,0.41056596175919813,0.37120704363001467,0.3473389177989928,0.3301608103835033,21.390000000000004,0.9957924263674612,22.29,0.955585464333782,22.055,0.9657673996826117,22.878999999999998,0.9309847458367937,22.44,0.9491978609625669,48.611111111111114,-0.31591821057450886,-0.23414002416238788,22.055,24.430289456045124,19.679710543954876,0.21539691281297882,0.7250000000000002,21.8,0.011534153245286545,0.5300558554594814,21.55,0.014018921179330996,0.5283682378756195,21.25,0.009456335242035444,0.5251051260912191,21.9,-0.027028672387919374,0.5125162399050316,23.9,0.00840341079637938,0.44843156582558474,0.404107010768073
2025-05-12,21.3,21.3,21.5,21.3,0,0.0,0.0,8.0,0.0,0.25,8.0,1.0,0.15,1,0.24198665791610974,0.432939757856532,0.404107010768073,0.34744304498069023,0.34048660860697466,0.32875544622389424,21.44,0.9934701492537313,22.04,0.9664246823956444,22.07,0.9651110104213865,22.789,0.9346614594760629,22.449499999999997,0.9487961869974834,43.93939393939393,-0.3468445954370907,-0.2566809384173285,22.07,24.420901282934782,19.71909871706522,0.21304044249522264,0.6857142857142858,21.3,-0.02320289707966387,0.41056596175919813,21.8,0.011534153245286545,0.5300558554594814,21.55,0.014018921179330996,0.5283682378756195,21.05,-0.03958607669406457,0.5264376234703664,23.8,-0.004192878260035927,0.44930514720523534,0.404107010768073
2025-05-13,21.3,21.3,21.45,21.25,0,0.0,0.0,8.0,0.0,0.25,8.0,1.0,0.15,1,0.23368933720371102,0.43532465333645354,0.404107010768073,0.3474903435796693,0.33907108403879704,0.32842463144772405,21.45,0.993006993006993,21.8,0.9770642201834863,22.097500000000004,0.9639099445638646,22.702,0.938243326579156,22.45925,0.9483842960027605,38.842975206611584,-0.3671220240851305,-0.2787691555508889,22.097500000000004,24.395662881864144,19.799337118135863,0.20800207099121076,0.6500000000000001,21.3,0.0,0.404107010768073,21.3,-0.02320289707966387,0.41056596175919813,21.8,0.011534153245286545,0.5300558554594814,21.25,0.009456335242035444,0.5251051260912191,23.7,-0.004210532536343605,0.4469000019826388,0.40196518653056523
2025-05-14,21.45,21.3,21.45,21.3,0,0.00701757265864654,0.007042253521126751,8.0,0.0,0.25,8.0,1.0,0.15,1,0.2124354927831171,0.42442424343977586,0.40196518653056523,0.34620550656691534,0.3387304486006413,0.32782462896297887,21.43,1.000933271115259,21.54,0.9958217270194986,22.1475,0.9685066034541144,22.617000000000004,0.9484016447804746,22.47075,0.9545742798971997,28.155339805825236,-0.3668593596460106,-0.29638719636991323,22.1475,24.335619836995175,19.959380163004827,0.19759519918683138,0.5821428571428571,21.3,0.0,0.404107010768073,21.3,0.0,0.404107010768073,21.3,-0.02320289707966387,0.41056596175919813,21.55,0.014018921179330996,0.5283682378756195,24.05,0.014659948410684836,0.4484878234571719,0.4055095709350868
2025-05-15,22.0,21.45,22.35,21.3,0,0.02531780798429,0.025641025641025772,8.0,0.0,0.25,8.0,1.0,0.15,1,0.27631810953389874,0.3302298270419073,0.4055095709350868,0.3511306858095574,0.3404111790328324,0.3286468878603284,21.470000000000002,1.0246856078248718,21.490000000000002,1.0237319683573753,22.21,0.9905447996398018,22.543000000000003,0.9759127001730026,22.48575,0.9783974294831171,32.72727272727275,-0.31859819110087884,-0.30082939531610636,22.21,24.29922045396419,20.120779546035813,0.18813331417957568,0.6285714285714283,21.45,0.00701757265864654,0.40196518653056523,21.3,0.0,0.404107010768073,21.3,0.0,0.404107010768073,21.8,0.011534153245286545,0.5300558554594814,22.5,-0.0666196873413958,0.5097487606120886,0.4587926417885667
2025-05-16,23.5,22.3,23.5,22.3,0,0.06595796779179737,0.06818181818181812,8.0,0.0,0.25,8.0,1.0,0.15,1,0.4425241357298141,0.4448606531721233,0.4587926417885667,0.37764263226215156,0.35129829296038173,0.3349513344182625,21.910000000000004,1.0725696029210405,21.65,1.0854503464203233,22.315,1.0531032937485996,22.501000000000005,1.0443980267543662,22.510749999999998,1.0439456704019192,47.826086956521735,-0.15749786598886928,-0.2721630894506589,22.315,24.44352803104553,20.18647196895447,0.19077105364512925,0.7142857142857141,22.0,0.02531780798429,0.4055095709350868,21.45,0.00701757265864654,0.40196518653056523,21.3,0.0,0.404107010768073,21.3,-0.02320289707966387,0.41056596175919813,21.9,-0.027028672387919374,0.5125162399050316,0.45880803196542413
2025-05-19,23.0,23.5,23.65,23.0,0,-0.02150620522096362,-0.021276595744680882,8.0,0.0,0.25,8.0,1.0,0.15,1,0.5219283160223412,0.3986467935527479,0.45880803196542413,0.3794310764568157,0.35253402852012683,0.33564879557820626,22.25,1.0337078651685394,21.845000000000002,1.052872510872053,22.39,1.0272443054935239,22.462000000000003,1.0239515626391238,22.53325,1.0207138340008655,45.2054794520548,-0.0693708549639176,-0.23160464255331067,22.39,24.50326636675108,20.27673363324892,0.1887687688031336,0.7392857142857139,23.5,0.06595796779179737,0.4587926417885667,22.0,0.02531780798429,0.4055095709350868,21.45,0.00701757265864654,0.40196518653056523,21.3,0.0,0.404107010768073,21.05,-0.03958607669406457,0.5264376234703664,0.46069885069193645
2025-05-20,22.8,23.0,23.3,22.6,0,-0.008733679968754553,-0.008695652173912993,8.0,0.0,0.25,8.0,1.0,0.15,1,0.5414365350182563,0.40822697116900614,0.46069885069193645,0.37945534693471533,0.3506184207285669,0.3357919144681992,22.55,1.0110864745011086,22.0,1.0363636363636364,22.425,1.0167224080267558,22.436,1.016223925833482,22.555500000000002,1.010839928177163,41.25874125874126,-0.015489340856461808,-0.1883815822139409,22.425,24.54122802472484,20.30877197527516,0.18873828537122322,0.7607142857142851,23.0,-0.02150620522096362,0.45880803196542413,23.5,0.06595796779179737,0.4587926417885667,22.0,0.02531780798429,0.4055095709350868,21.3,0.0,0.404107010768073,21.25,0.009456335242035444,0.5251051260912191,0.4769806165382952
2025-05-21,21.85,22.8,22.9,21.85,0,-0.04255961441879589,-0.04166666666666663,8.0,0.0,0.25,8.0,1.0,0.15,1,0.6769172516718674,0.47455969804763404,0.4769806165382952,0.38739397815326426,0.3555895224770198,0.3385505666751414,22.630000000000003,0.9655324790101635,22.03,0.9918293236495688,22.384999999999998,0.9761000670091581,22.392999999999997,0.9757513508685752,22.57325,0.9679598639983166,45.0381679389313,-0.04888143845481707,-0.16048155346211615,22.384999999999998,24.51352803104553,20.256471968954465,0.1901744946209992,0.6892857142857134,22.8,-0.008733679968754553,0.46069885069193645,23.0,-0.02150620522096362,0.45880803196542413,23.5,0.06595796779179737,0.4587926417885667,21.45,0.00701757265864654,0.40196518653056523,21.55,0.014018921179330996,0.5283682378756195,0.4707766128912359
2025-05-22,21.5,21.85,22.5,21.5,0,-0.016147986407982103,-0.016018306636155666,8.0,0.0,0.25,8.0,1.0,0.15,1,0.6571941863181484,0.47831016486497957,0.4707766128912359,0.38812113889072614,0.3562089019660482,0.3386235620198009,22.53,0.9542831779849089,22.0,0.9772727272727273,22.275,0.9652076318742986,22.343999999999998,0.9622269960615827,22.589000000000002,0.9517906945858603,46.82539682539684,-0.10240651277313262,-0.14886654532431945,22.275,24.34394328481683,20.206056715183166,0.18576370682979415,0.6892857142857134,21.85,-0.04255961441879589,0.4769806165382952,22.8,-0.008733679968754553,0.46069885069193645,23.0,-0.02150620522096362,0.45880803196542413,22.0,0.02531780798429,0.4055095709350868,21.8,0.011534153245286545,0.5300558554594814,0.4387393995527705
2025-05-23,21.6,21.5,22.1,21.5,0,0.004640379556502301,0.0046511627906977715,8.0,0.0,0.25,8.0,1.0,0.15,1,0.27619679327602115,0.4629243825576091,0.4387393995527705,0.38815108128624315,0.35377776854898285,0.33863786314219096,22.15,0.9751693002257338,22.03,0.9804811620517476,22.160000000000004,0.9747292418772562,22.299,0.9686533028386924,22.604,0.9555830826402407,54.95495495495496,-0.13519787854648158,-0.14613281196875189,22.160000000000004,24.100320103813374,20.219679896186634,0.17511914294344494,0.6714285714285708,21.5,-0.016147986407982103,0.4707766128912359,21.85,-0.04255961441879589,0.4769806165382952,22.8,-0.008733679968754553,0.46069885069193645,23.5,0.06595796779179737,0.4587926417885667,21.3,-0.02320289707966387,0.41056596175919813,0.44235350732283335
2025-05-26,21.95,21.6,22.1,21.7,0,0.016073824831060835,0.016203703703703498,8.0,0.0,0.25,8.0,1.0,0.15,1,0.3542161260316949,0.46856259367656755,0.44235350732283335,0.39006409366609085,0.35455062138858107,0.3389738898708232,21.94,1.0004557885141294,22.095,0.9934374292826431,22.067500000000003,0.9946754276651183,22.25,0.9865168539325843,22.620749999999997,0.9703480211752484,56.14035087719297,-0.131428175052136,-0.1431918845854287,22.067500000000003,23.848474009089347,20.286525990910658,0.16141148830536714,0.6607142857142853,21.6,0.004640379556502301,0.4387393995527705,21.5,-0.016147986407982103,0.4707766128912359,21.85,-0.04255961441879589,0.4769806165382952,23.0,-0.02150620522096362,0.45880803196542413,21.3,0.0,0.404107010768073,0.4428948662675855
2025-05-27,22.0,21.95,22.0,21.75,0,0.0022753138371356054,0.002277904328018332,8.0,0.0,0.25,8.0,1.0,0.15,1,0.3639038316968669,0.4682930149475313,0.4428948662675855,0.3884105164569444,0.35453925798087327,0.33895286606844327,21.78,1.01010101010101,22.165,0.9925558312655087,21.9825,1.0007960877971112,22.211,0.9905002026023142,22.637749999999997,0.971828030612583,54.12844036697247,-0.12298834268417735,-0.13915117620517845,21.9825,23.589155565223077,20.375844434776926,0.14617587310115548,0.646428571428571,21.95,0.016073824831060835,0.44235350732283335,21.6,0.004640379556502301,0.4387393995527705,21.5,-0.016147986407982103,0.4707766128912359,22.8,-0.008733679968754553,0.46069885069193645,21.3,0.0,0.404107010768073,0.44381424967925165
2025-05-28,22.1,22.0,22.1,22.0,0,0.004535155165391363,0.00454545454545463,8.0,0.0,0.25,8.0,1.0,0.15,1,0.18453344120787232,0.4678969985345104,0.44381424967925165,0.38796374909121206,0.3513633570164446,0.3389655900340515,21.830000000000002,1.0123683005038937,22.23,0.9941520467836258,21.885,1.0098240804203793,22.175,0.9966178128523112,22.6545,0.9755236266525416,52.83018867924528,-0.10699715387526965,-0.13272037173919668,21.885,23.167308773062395,20.60269122693761,0.11718608846811909,0.6035714285714283,22.0,0.0022753138371356054,0.4428948662675855,21.95,0.016073824831060835,0.44235350732283335,21.6,0.004640379556502301,0.4387393995527705,21.85,-0.04255961441879589,0.4769806165382952,21.45,0.00701757265864654,0.40196518653056523,0.43896608681356536
2025-05-29,22.0,22.25,22.35,22.0,0,-0.004535155165391374,-0.004524886877828149,8.0,0.0,0.25,8.0,1.0,0.15,1,0.1178647988309704,0.4517201501562038,0.43896608681356536,0.3849359386695973,0.3513675701079841,0.33759160068906047,21.93,1.0031919744642044,22.23,0.9896536212325686,21.860000000000003,1.0064043915827996,22.142000000000003,0.9935868485231685,22.6695,0.9704669269282516,57.14285714285713,-0.10122631188681197,-0.12642155976871974,21.860000000000003,23.11093649129852,20.609063508701485,0.11444981622127333,0.5928571428571426,22.1,0.004535155165391363,0.44381424967925165,22.0,0.0022753138371356054,0.4428948662675855,21.95,0.016073824831060835,0.44235350732283335,21.5,-0.016147986407982103,0.4707766128912359,22.0,0.02531780798429,0.4055095709350868,0.3758052607820565
2025-05-30,22.0,22.0,22.15,21.8,0,0.0,0.0,8.0,0.0,0.25,8.0,1.0,0.15,1,0.12228059954689348,0.2646830666821187,0.3758052607820565,0.3849092997513918,0.35130470965603877,0.3375157843318284,22.009999999999998,0.9995456610631532,22.080000000000002,0.9963768115942028,21.865000000000002,1.0061742510862108,22.114,0.9948448946368815,22.6815,0.9699534863214514,57.14285714285713,-0.09555142073475054,-0.1202475319619259,21.865000000000002,23.117408206531948,20.612591793468056,0.11455826266013684,0.6035714285714283,22.0,-0.004535155165391374,0.43896608681356536,22.1,0.004535155165391363,0.44381424967925165,22.0,0.0022753138371356054,0.4428948662675855,21.6,0.004640379556502301,0.4387393995527705,23.5,0.06595796779179737,0.4587926417885667,0.3637516175245123
2025-06-02,22.0,22.0,22.2,21.5,0,0.0,0.0,8.0,0.0,0.25,8.0,1.0,0.15,1,0.053408287308641805,0.25249799547496066,0.3637516175245123,0.38483884697049636,0.3504489973594017,0.3360019906521969,22.02,0.9990917347865577,21.98,1.0009099181073704,21.9125,1.0039931545921277,22.087000000000003,0.9960610313759224,22.694499999999998,0.9693978717310362,57.14285714285713,-0.09001637586365163,-0.11420130074227106,21.9125,23.105406666838853,20.71959333316115,0.10887910250668353,0.639285714285714,22.0,0.0,0.3758052607820565,22.0,-0.004535155165391374,0.43896608681356536,22.1,0.004535155165391363,0.44381424967925165,21.95,0.016073824831060835,0.44235350732283335,23.0,-0.02150620522096362,0.45880803196542413,0.3351682277333913
2025-06-03,21.85,22.0,22.25,21.65,0,-0.0068415318167166,-0.006818181818181723,8.0,0.0,0.25,8.0,1.0,0.15,1,0.07036030260127764,0.2517757896515072,0.3351682277333913,0.384903803269793,0.3496538566451598,0.3360886414287168,21.990000000000002,0.9936334697589814,21.884999999999998,0.998400731094357,21.942500000000003,0.9957844365956476,22.06,0.9904805077062558,22.707250000000002,0.9622477402591683,54.08163265306125,-0.09661978656733083,-0.11068499790728302,21.942500000000003,23.094740380622014,20.79025961937799,0.1050236190609102,0.6714285714285714,22.0,0.0,0.3637516175245123,22.0,0.0,0.3758052607820565,22.0,-0.004535155165391374,0.43896608681356536,22.0,0.0022753138371356054,0.4428948662675855,22.8,-0.008733679968754553,0.46069885069193645,0.33453508073836363
2025-06-04,22.0,21.85,22.45,21.85,0,0.006841531816716564,0.00686498855835227,8.0,0.0,0.25,8.0,1.0,0.15,1,0.08327205371041967,0.13756921844412975,0.33453508073836363,0.38535291590839066,0.34974025395042635,0.3360490419560756,21.970000000000002,1.0013654984069185,21.9,1.0045662100456623,21.965,1.0015934441156384,22.052,0.9976419372392527,22.7205,0.9682885499878964,50.0,-0.08872650678739902,-0.10629329968330622,21.965,23.10244866859271,20.82755133140729,0.10356919358913827,0.639285714285714,21.85,-0.0068415318167166,0.3351682277333913,22.0,0.0,0.3637516175245123,22.0,0.0,0.3758052607820565,22.1,0.004535155165391363,0.44381424967925165,21.85,-0.04255961441879589,0.4769806165382952,0.37740395857602127
2025-06-05,23.2,22.0,23.2,21.9,0,0.05310982531394833,0.05454545454545445,8.0,0.0,0.25,8.0,1.0,0.15,1,0.38478378983443295,0.2729804575727911,0.37740395857602127,0.39801205288708613,0.35777807781547,0.34006276845292427,22.21,1.044574515983791,22.07,1.0512007249660171,22.035,1.0528704334014067,22.076,1.050915020837108,22.741,1.0201838089793764,46.428571428571416,0.014195310781349946,-0.082195577590375,22.035,23.29536753202731,20.77463246797269,0.11439687152505648,0.6249999999999998,22.0,0.006841531816716564,0.33453508073836363,21.85,-0.0068415318167166,0.3351682277333913,22.0,0.0,0.3637516175245123,22.0,-0.004535155165391374,0.43896608681356536,21.5,-0.016147986407982103,0.4707766128912359,0.4167023697540328
2025-06-10,22.1,23.2,23.4,22.0,0,-0.048574670148557035,-0.047413793103448176,8.0,0.0,0.25,8.0,1.0,0.15,1,0.5761840486853911,0.39335751771322397,0.4167023697540328,0.40370466022112583,0.36141082135821984,0.34368300333352647,22.23,0.9941520467836258,22.119999999999997,0.999095840867993,22.075,1.0011325028312572,22.076000000000004,1.0010871534698313,22.75575,0.9711831075662196,40.625000000000014,0.006921004765057859,-0.06437226111928843,22.075,23.2870013896115,20.862998610388498,0.10980760041780305,0.6785714285714283,23.2,0.05310982531394833,0.37740395857602127,22.0,0.006841531816716564,0.33453508073836363,21.85,-0.0068415318167166,0.3351682277333913,22.0,0.0,0.3758052607820565,21.6,0.004640379556502301,0.4387393995527705,0.40792593041220665
2025-06-11,22.25,22.1,22.75,22.2,0,0.006764400088542063,0.006787330316742057,8.0,0.0,0.25,8.0,1.0,0.15,1,0.5775128921590816,0.38694624285955087,0.40792593041220665,0.4039895570827828,0.36154245401641333,0.343708799215342,22.28,0.998653500897666,22.15,1.0045146726862304,22.1225,1.0057633630918748,22.071000000000005,1.0081101898418736,22.772,0.9770771122431057,44.21052631578946,0.013108702276333872,-0.04887606844016397,22.1225,23.279844965176856,20.96515503482314,0.10463057657831237,0.6749999999999997,22.1,-0.048574670148557035,0.4167023697540328,23.2,0.05310982531394833,0.37740395857602127,22.0,0.006841531816716564,0.33453508073836363,22.0,0.0,0.3637516175245123,21.95,0.016073824831060835,0.44235350732283335,0.40793389927382945
2025-06-13,22.35,22.25,22.5,22.35,0,0.004484312447328586,0.004494382022471877,8.0,0.0,0.25,8.0,1.0,0.15,1,0.5718373158840794,0.387251728802418,0.40793389927382945,0.4041447952281699,0.3603513792988933,0.3437245193775937,22.380000000000003,0.9986595174262735,22.185000000000002,1.0074374577417173,22.175,1.007891770011274,22.069000000000003,1.0127327926050116,22.789,0.9807363201544604,56.41025641025641,0.025784434488574703,-0.03394396785441624,22.175,23.2687622179765,21.0812377820235,0.09864822710047357,0.6178571428571428,22.25,0.006764400088542063,0.40792593041220665,22.1,-0.048574670148557035,0.4167023697540328,23.2,0.05310982531394833,0.37740395857602127,21.85,-0.0068415318167166,0.3351682277333913,22.0,0.0022753138371356054,0.4428948662675855,0.510863629715823
2025-06-16,20.5,20.15,21.45,20.15,0,-0.08640143491521537,-0.08277404921700227,8.0,0.0,0.25,8.0,1.0,0.15,1,0.8590535835973961,0.5859156826211852,0.510863629715823,0.43867379944282453,0.3793903129812935,0.3546746059988993,22.080000000000002,0.9284420289855072,22.025,0.9307604994324632,22.1275,0.9264489888148232,22.029,0.9305914930319125,22.7965,0.8992608514464939,40.74074074074074,-0.11215662357293255,-0.0495864989981195,22.1275,23.418552202458468,20.836447797541535,0.11669209829022406,0.7035714285714286,22.35,0.004484312447328586,0.40793389927382945,22.25,0.006764400088542063,0.40792593041220665,22.1,-0.048574670148557035,0.4167023697540328,22.0,0.006841531816716564,0.33453508073836363,22.1,0.004535155165391363,0.44381424967925165,0.5145041028689477
2025-06-17,20.05,20.5,21.0,20.0,0,-0.022195732391784323,-0.02195121951219514,8.0,0.0,0.25,8.0,1.0,0.15,1,0.6211636083676496,0.5900929190618126,0.5145041028689477,0.4373957261158724,0.37777493278581525,0.355405914894375,21.450000000000003,0.9347319347319346,21.83,0.9184608337150711,22.029999999999998,0.9101225601452566,21.99,0.9117780809458846,22.801750000000002,0.8793184733627901,36.52173913043477,-0.254849399848208,-0.09063907916813721,22.029999999999998,23.621225942473014,20.43877405752698,0.1444599130706325,0.7321428571428571,20.5,-0.08640143491521537,0.510863629715823,22.35,0.004484312447328586,0.40793389927382945,22.25,0.006764400088542063,0.40792593041220665,23.2,0.05310982531394833,0.37740395857602127,22.0,-0.004535155165391374,0.43896608681356536,0.5312530134234892
2025-06-18,20.95,20.05,21.8,20.05,0,0.04390949261556842,0.0448877805486283,8.0,0.0,0.25,8.0,1.0,0.15,1,0.7687517745639288,0.6477796737963311,0.5312530134234892,0.44617831496468097,0.38125779801430143,0.35802769946165386,21.22,0.9872761545711592,21.725,0.9643268124280782,21.9025,0.9565118137198949,21.962000000000003,0.9539204079774154,22.80675,0.918587698817236,42.063492063492056,-0.291946596077004,-0.13090058254991058,21.9025,23.403894089013743,20.401105910986256,0.1370979649824215,0.8214285714285714,20.05,-0.022195732391784323,0.5145041028689477,20.5,-0.08640143491521537,0.510863629715823,22.35,0.004484312447328586,0.40793389927382945,22.1,-0.048574670148557035,0.4167023697540328,22.0,0.0,0.3758052607820565,0.4953746125484939
2025-06-19,21.8,20.95,22.25,21.15,0,0.039771323426896654,0.04057279236276856,8.0,0.0,0.25,8.0,1.0,0.15,1,0.8476257215641126,0.6858357228178678,0.4953746125484939,0.4539782334504136,0.38559553047379225,0.3478138635737255,21.130000000000003,1.0317084713677236,21.705,1.004376871688551,21.842499999999998,0.9980542520315899,21.945,0.9933925723399408,22.820750000000004,0.9552709704983402,48.591549295774655,-0.24987805641492855,-0.15469607732291418,21.842499999999998,23.252343216366953,20.432656783633043,0.12909174465990203,0.8964285714285715,20.95,0.04390949261556842,0.5312530134234892,20.05,-0.022195732391784323,0.5145041028689477,20.5,-0.08640143491521537,0.510863629715823,22.25,0.006764400088542063,0.40792593041220665,22.0,0.0,0.3637516175245123,0.4917055137276612
2025-06-20,21.9,21.8,22.45,21.75,0,0.004576667027411673,0.004587155963302614,8.0,0.0,0.25,8.0,1.0,0.15,1,0.847684804889635,0.685467313212886,0.4917055137276612,0.45375802849710584,0.3856407626866279,0.3473813716380756,21.04,1.0408745247148288,21.71,1.0087517273146014,21.7975,1.004702374125473,21.932000000000002,0.9985409447382818,22.8345,0.9590750837548446,48.591549295774634,-0.20609355318777745,-0.16497557249588685,21.7975,23.134218290992063,20.460781709007936,0.12264877082161382,0.9392857142857142,21.8,0.039771323426896654,0.4953746125484939,20.95,0.04390949261556842,0.5312530134234892,20.05,-0.022195732391784323,0.5145041028689477,22.35,0.004484312447328586,0.40793389927382945,21.85,-0.0068415318167166,0.3351682277333913,0.49848496547507065
2025-06-23,22.4,21.9,22.4,22.15,0,0.022574322038538975,0.022831050228310446,8.0,0.0,0.25,8.0,1.0,0.15,1,0.43195929237179076,0.6942112189925582,0.49848496547507065,0.45581446226852623,0.38704209028814274,0.34769916245958554,21.419999999999998,1.0457516339869282,21.75,1.0298850574712644,21.825,1.0263459335624283,21.927,1.0215715784193005,22.8515,0.9802419972430693,52.666666666666664,-0.129554770850973,-0.15789141216690408,21.825,23.188625199315997,20.461374800684002,0.12495992662689552,0.9499999999999998,21.9,0.004576667027411673,0.4917055137276612,21.8,0.039771323426896654,0.4953746125484939,20.95,0.04390949261556842,0.5312530134234892,20.5,-0.08640143491521537,0.510863629715823,22.0,0.006841531816716564,0.33453508073836363,0.47823953925304047
2025-06-24,22.8,22.4,22.95,22.4,0,0.017699577099401075,0.017857142857143016,8.0,0.0,0.25,8.0,1.0,0.15,1,0.2571424541536131,0.6417045744400334,0.47823953925304047,0.4572832240485585,0.38778614967070957,0.3475763320995902,21.97,1.0377787892580792,21.71,1.050207277752188,21.89,1.0415714938328005,21.971999999999998,1.0376843255051886,22.870499999999996,0.99691742637896,55.06329113924051,-0.036203248839505875,-0.13355377950142444,21.89,23.31111890683627,20.46888109316373,0.12984183707960437,0.9642857142857143,22.4,0.022574322038538975,0.49848496547507065,21.9,0.004576667027411673,0.4917055137276612,21.8,0.039771323426896654,0.4953746125484939,20.05,-0.022195732391784323,0.5145041028689477,23.2,0.05310982531394833,0.37740395857602127,0.4749484087965992
2025-06-25,23.1,22.8,23.35,22.8,0,0.0130720815673527,0.013157894736842035,8.0,0.0,0.25,8.0,1.0,0.15,1,0.20813713892482974,0.5881041819078611,0.4749484087965992,0.45789641283777993,0.38816736089819737,0.3473363108648921,22.4,1.0312500000000002,21.81,1.0591471801925723,21.965,1.0516731163214206,22.014,1.0493322431180159,22.891,1.0091302258529555,56.70731707317074,0.06127960457505566,-0.09458710268612844,21.965,23.47709161515786,20.45290838484214,0.13768191351312184,0.9535714285714286,22.8,0.017699577099401075,0.47823953925304047,22.4,0.022574322038538975,0.49848496547507065,21.9,0.004576667027411673,0.4917055137276612,20.95,0.04390949261556842,0.5312530134234892,22.1,-0.048574670148557035,0.4167023697540328,0.4815814024269548
2025-06-26,22.65,23.1,23.25,22.0,0,-0.019672765598705007,-0.019480519480519654,8.0,0.0,0.25,8.0,1.0,0.15,1,0.2643364463906614,0.6000139250904927,0.4815814024269548,0.45412594384891974,0.3884340527545672,0.3479370050766511,22.57,1.003544528134692,21.85,1.0366132723112127,22.0,1.0295454545454545,22.046999999999997,1.0273506599537352,22.90825,0.9887267687405192,54.70588235294116,0.10105928055996927,-0.055457826036908894,22.0,23.54272486205387,20.45727513794613,0.14024771473217,1.0,23.1,0.0130720815673527,0.4749484087965992,22.8,0.017699577099401075,0.47823953925304047,22.4,0.022574322038538975,0.49848496547507065,21.8,0.039771323426896654,0.4953746125484939,22.25,0.006764400088542063,0.40792593041220665,0.48744562612308123
2025-06-27,22.1,22.65,22.3,22.1,0,-0.024582243405335793,-0.024282560706401668,8.0,0.0,0.25,8.0,1.0,0.15,1,0.35216099320745564,0.6139285965300694,0.48744562612308123,0.4553828213606938,0.3894951783811489,0.34885364470183927,22.610000000000003,0.9774436090225563,21.825,1.0126002290950746,22.005000000000003,1.004317200636219,22.074,1.0011778563015312,22.92125,0.9641708022031957,50.56179775280901,0.08719937678108636,-0.026926385473309847,22.005000000000003,23.54837292965736,20.461627070342644,0.1402747493439999,0.9964285714285713,22.65,-0.019672765598705007,0.4815814024269548,23.1,0.0130720815673527,0.4749484087965992,22.8,0.017699577099401075,0.47823953925304047,21.9,0.004576667027411673,0.4917055137276612,22.35,0.004484312447328586,0.40793389927382945,0.48739460037160326
2025-06-30,22.1,22.1,22.7,21.8,0,0.0,0.0,8.0,0.0,0.25,8.0,1.0,0.15,1,0.3011033236952641,0.39041335027567536,0.48739460037160326,0.4552924812260014,0.38943626786145036,0.3486735552870059,22.55,0.9800443458980045,21.985,1.0052308392085514,22.005,1.004317200636219,22.107,0.999683358212331,22.93625,0.9635402474249278,42.85714285714287,0.07534675271750046,-0.006471757835147786,22.005,23.548372929657358,20.46162707034264,0.1402747493439999,0.9678571428571426,22.1,-0.024582243405335793,0.48744562612308123,22.65,-0.019672765598705007,0.4815814024269548,23.1,0.0130720815673527,0.4749484087965992,22.4,0.022574322038538975,0.49848496547507065,20.5,-0.08640143491521537,0.510863629715823,0.502474131094099
2025-07-01,22.9,22.1,23.0,22.0,0,0.03555930203648671,0.036199095022624306,8.0,0.0,0.25,8.0,1.0,0.15,1,0.3906884693389942,0.3746825957833974,0.502474131094099,0.4594592917978428,0.3927892362944091,0.35040056363187116,22.57,1.0146211785556047,22.270000000000003,1.0282891782667263,22.05,1.038548752834467,22.15,1.0338600451467268,22.956,0.9975605506185746,55.40540540540538,0.12901952015808504,0.020626497763498782,22.05,23.644398088043587,20.455601911956414,0.14461660662526862,0.9392857142857142,22.1,0.0,0.48739460037160326,22.1,-0.024582243405335793,0.48744562612308123,22.65,-0.019672765598705007,0.4815814024269548,22.8,0.017699577099401075,0.47823953925304047,20.05,-0.022195732391784323,0.5145041028689477,0.5024980035618316
2025-07-02,23.1,22.9,23.15,22.55,0,0.008695706967553913,0.008733624454148492,8.0,0.0,0.25,8.0,1.0,0.15,1,0.3832455762589971,0.33355069308396323,0.5024980035618316,0.45973638090220853,0.39163344726594007,0.35048480020464823,22.57,1.023482498892335,22.485,1.027351567711808,22.104999999999997,1.0450124406242933,22.184,1.0412910205553552,22.9775,1.0053313023610055,55.70469798657719,0.1855549417122937,0.053612186553257765,22.104999999999997,23.766609872509253,20.44339012749074,0.15033792105942154,0.9357142857142856,22.9,0.03555930203648671,0.502474131094099,22.1,0.0,0.48739460037160326,22.1,-0.024582243405335793,0.48744562612308123,23.1,0.0130720815673527,0.4749484087965992,20.95,0.04390949261556842,0.5312530134234892,0.5122072658020866
2025-07-03,22.5,23.1,23.5,22.5,0,-0.026317308317373417,-0.025974025974025983,8.0,0.0,0.25,8.0,1.0,0.15,1,0.40690614649641316,0.3320937471785606,0.5122072658020866,0.4628229338901948,0.3932153285633711,0.35139388774912755,22.54,0.9982253771073647,22.555,0.9975615162935048,22.13,1.016719385449616,22.204,1.0133309313637182,22.997250000000005,0.9783778495254866,50.94339622641508,0.17987124131502696,0.07886399750561161,22.13,23.79998266615625,20.460017333843748,0.1509247777818573,0.9892857142857141,23.1,0.008695706967553913,0.5024980035618316,22.9,0.03555930203648671,0.502474131094099,22.1,0.0,0.48739460037160326,22.65,-0.019672765598705007,0.4815814024269548,21.8,0.039771323426896654,0.4953746125484939,0.5122072658020866
2025-07-04,22.5,22.5,23.0,22.5,0,0.0,0.0,8.0,0.0,0.25,8.0,1.0,0.15,1,0.3521429396468015,0.33234191372843247,0.5122072658020866,0.4605646383186651,0.39118360307708283,0.351378877497482,22.619999999999997,0.9946949602122017,22.615000000000002,0.9949148795047534,22.1625,1.015228426395939,22.212,1.012965964343598,23.019750000000002,0.9774215619196559,66.3934426229508,0.17336838497739393,0.09776487499996808,22.1625,23.83483684594791,20.490163154052095,0.15091590262361257,0.8678571428571425,22.5,-0.026317308317373417,0.5122072658020866,23.1,0.008695706967553913,0.5024980035618316,22.9,0.03555930203648671,0.502474131094099,22.1,-0.024582243405335793,0.48744562612308123,21.9,0.004576667027411673,0.4917055137276612,0.5168775548026411
2025-07-07,22.05,22.5,22.6,22.0,0,-0.020202707317519466,-0.020000000000000018,8.0,0.0,0.25,8.0,1.0,0.15,1,0.39205562078686756,0.3300933767652619,0.5168775548026411,0.46128832797370944,0.39217239422348366,0.35199302404815747,22.61,0.9752321981424149,22.580000000000002,0.9765279007971656,22.165,0.9948116399729303,22.200000000000003,0.9932432432432432,23.037999999999997,0.9571143328413927,66.3934426229508,0.1304004105250911,0.10429198210499269,22.165,23.83646327320806,20.493536726791937,0.15082005623352687,0.8392857142857141,22.5,0.0,0.5122072658020866,22.5,-0.026317308317373417,0.5122072658020866,23.1,0.008695706967553913,0.5024980035618316,22.1,0.0,0.48739460037160326,22.4,0.022574322038538975,0.49848496547507065,0.516405614123582
2025-07-08,22.1,22.05,22.45,22.0,0,0.0022650066308520615,0.0022675736961450532,8.0,0.0,0.25,8.0,1.0,0.15,1,0.2418718288587659,0.313536862097115,0.516405614123582,0.4604975213938548,0.39211256345452167,0.35107365645155325,22.450000000000003,0.9844097995545656,22.509999999999998,0.9817858729453578,22.110000000000003,0.9995477159656263,22.168000000000003,0.9969325153374232,23.055,0.958577315116027,60.95238095238096,0.0992386025009182,0.1032813061841778,22.110000000000003,23.70888118777812,20.511118812221888,0.1446296868184636,0.7464285714285711,22.05,-0.020202707317519466,0.5168775548026411,22.5,0.0,0.5122072658020866,22.5,-0.026317308317373417,0.5122072658020866,22.9,0.03555930203648671,0.502474131094099,22.8,0.017699577099401075,0.47823953925304047,0.48028589878388944
2025-07-09,22.25,22.1,22.45,22.2,0,0.006764400088542063,0.006787330316742057,8.0,0.0,0.25,8.0,1.0,0.15,1,0.2341864293079047,0.30592329733103724,0.48028589878388944,0.4606427936815931,0.3919389626584766,0.3511292114296294,22.28,0.998653500897666,22.425,0.9921962095875139,22.1175,1.0059907313213519,22.135,1.0051953919132595,23.07,0.964456003467707,54.94505494505493,0.08565896826544872,0.09975683860043198,22.1175,23.71759045796898,20.517409542031018,0.14468999280831754,0.678571428571428,22.1,0.0022650066308520615,0.516405614123582,22.05,-0.020202707317519466,0.5168775548026411,22.5,0.0,0.5122072658020866,23.1,0.008695706967553913,0.5024980035618316,23.1,0.0130720815673527,0.4749484087965992,0.4674703142605186
2025-07-10,23.1,22.25,23.3,22.35,0,0.037490608915498685,0.038202247191011285,8.0,0.0,0.25,8.0,1.0,0.15,1,0.3297604110253298,0.35349643252363283,0.4674703142605186,0.4667029808482722,0.3949052033114794,0.35276552464808764,22.4,1.0312500000000002,22.470000000000002,1.02803738317757,22.16,1.042418772563177,22.121,1.0442565887618103,23.09,1.0004330879168473,61.320754716981156,0.1418497509212422,0.10817542106459403,22.16,23.818978760055412,20.50102123994459,0.14972732491474836,0.7035714285714282,22.25,0.006764400088542063,0.48028589878388944,22.1,0.0022650066308520615,0.516405614123582,22.05,-0.020202707317519466,0.5168775548026411,22.5,-0.026317308317373417,0.5122072658020866,22.65,-0.019672765598705007,0.4815814024269548,0.5249760385239437
2025-07-11,24.8,23.45,24.9,23.2,0,0.0710110356431887,0.07359307359307365,8.0,0.0,0.25,8.0,1.0,0.15,1,0.561954684891065,0.4616423943186601,0.5249760385239437,0.444492189583508,0.4066293999530501,0.3583144043105923,22.860000000000003,1.084864391951006,22.740000000000002,1.090589270008795,22.2825,1.1129810389318973,22.143,1.1199927742401663,23.116499999999995,1.0728267687582465,68.46153846153847,0.3198698826211235,0.15051431337589993,22.2825,24.319338365289457,20.24566163471054,0.18281955483356524,0.7964285714285708,23.1,0.037490608915498685,0.4674703142605186,22.25,0.006764400088542063,0.48028589878388944,22.1,0.0022650066308520615,0.516405614123582,22.5,0.0,0.5122072658020866,22.1,-0.024582243405335793,0.48744562612308123,0.5249859955857168
2025-07-14,24.9,24.6,26.2,24.5,0,0.004024150299725327,0.004032258064516014,8.0,0.0,0.25,8.0,1.0,0.15,1,0.47358613053381865,0.4592648859392758,0.5249859955857168,0.44287663245265113,0.4064196464591244,0.35778676220463695,23.43,1.0627400768245838,23.02,1.0816681146828844,22.502499999999998,1.1065437173647372,22.16,1.1236462093862816,23.143,1.0759192844488614,66.93548387096772,0.463676311928765,0.21314671308647298,22.502499999999998,24.674686625693436,20.33031337430656,0.19306180430560502,0.8785714285714279,24.8,0.0710110356431887,0.5249760385239437,23.1,0.037490608915498685,0.4674703142605186,22.25,0.006764400088542063,0.48028589878388944,22.05,-0.020202707317519466,0.5168775548026411,22.1,0.0,0.48739460037160326,0.4621654937629695
2025-07-16,26.8,24.9,26.95,25.15,0,0.07353408404614913,0.0763052208835342,8.0,0.0,0.25,8.0,1.0,0.15,1,0.5313269659261388,0.5454508450587064,0.4621654937629695,0.4649220095897619,0.41921586556412355,0.36480170642088977,24.369999999999997,1.0997127615921216,23.41,1.1448099102947458,22.84,1.1733800350262698,22.246,1.2047109592735774,23.182000000000002,1.1560693641618496,73.7179487179487,0.722628057831578,0.31504298203549397,22.84,25.459280736947996,20.220719263052004,0.22935908379579648,0.985714285714285,24.9,0.004024150299725327,0.5249859955857168,24.8,0.0710110356431887,0.5249760385239437,23.1,0.037490608915498685,0.4674703142605186,22.1,0.0022650066308520615,0.516405614123582,22.9,0.03555930203648671,0.502474131094099,0.44553712022151754
2025-07-17,27.45,27.0,28.5,26.9,0,0.02396428043872863,0.02425373134328357,8.0,0.0,0.25,8.0,1.0,0.15,1,0.47780854437922865,0.5453254766927351,0.44553712022151754,0.4654990653851992,0.4203771783263124,0.36544613891548006,25.41,1.0802833530106257,23.845,1.1511847347452295,23.165,1.1849773364990288,22.357,1.2278033725455115,23.22425,1.1819542073479228,80.00000000000001,0.969127254104933,0.44585983644938176,23.165,26.349022612984964,19.980977387015034,0.2748994269790602,1.0178571428571421,26.8,0.07353408404614913,0.4621654937629695,24.9,0.004024150299725327,0.5249859955857168,24.8,0.0710110356431887,0.5249760385239437,22.25,0.006764400088542063,0.48028589878388944,23.1,0.008695706967553913,0.5024980035618316,0.45014788400774775
2025-07-18,26.85,27.45,28.0,26.55,0,-0.022100347000665856,-0.021857923497267673,8.0,0.0,0.25,8.0,1.0,0.15,1,0.6642065971731925,0.5362264412010306,0.45014788400774775,0.46699144184791447,0.4214409222861759,0.3660111450875281,26.160000000000004,1.0263761467889907,24.28,1.1058484349258648,23.4175,1.146578413579588,22.473000000000003,1.1947670537978907,23.261749999999996,1.154255376315196,79.50310559006212,1.103345971936136,0.5773570635467327,23.4175,26.92977546575836,19.90522453424164,0.2999701476040022,1.0821428571428566,27.45,0.02396428043872863,0.44553712022151754,26.8,0.07353408404614913,0.4621654937629695,24.9,0.004024150299725327,0.5249859955857168,23.1,0.037490608915498685,0.4674703142605186,22.5,-0.026317308317373417,0.5122072658020866,0.44602971530717384
2025-07-21,26.5,26.9,26.9,26.2,0,-0.013121087962697212,-0.013035381750465591,8.0,0.0,0.25,8.0,1.0,0.15,1,0.603396480267125,0.5521454455427445,0.44602971530717384,0.467805424145504,0.42187868396932887,0.36629524003991754,26.5,1.0,24.68,1.073743922204214,23.6475,1.1206258589702929,22.578000000000003,1.1737089201877933,23.296749999999996,1.1374977196390057,76.19047619047619,1.1680091158558952,0.6954874740085653,23.6475,27.33923686123908,19.955763138760922,0.3122306257523272,1.0678571428571424,26.85,-0.022100347000665856,0.45014788400774775,27.45,0.02396428043872863,0.44553712022151754,26.8,0.07353408404614913,0.4621654937629695,24.8,0.0710110356431887,0.5249760385239437,22.5,0.0,0.5122072658020866,0.45577215623288364
2025-07-22,27.5,26.5,27.6,26.3,0,0.037041271680349076,0.037735849056603765,8.0,0.0,0.25,8.0,1.0,0.15,1,0.6169330545463241,0.5198313688948186,0.45577215623288364,0.4694184198868036,0.4249844722707071,0.367977953241834,27.02,1.0177646188008882,25.225,1.0901883052527255,23.9025,1.1505072691141094,22.697000000000003,1.211613869674406,23.33675,1.1783988773072516,76.74418604651163,1.285132557777576,0.8134164907623673,23.9025,27.921464909944884,19.883535090055116,0.33627987950589977,1.0892857142857137,26.5,-0.013121087962697212,0.44602971530717384,26.85,-0.022100347000665856,0.45014788400774775,27.45,0.02396428043872863,0.44553712022151754,24.9,0.004024150299725327,0.5249859955857168,22.05,-0.020202707317519466,0.5168775548026411,0.46226301812185366
2025-07-23,28.5,27.5,28.5,27.35,0,0.035718082602079246,0.036363636363636376,8.0,0.0,0.25,8.0,1.0,0.15,1,0.4437917449665864,0.5111668721387611,0.46226301812185366,0.4736913849418073,0.42782434010963283,0.36957092826880417,27.360000000000003,1.0416666666666665,25.865,1.1018751208196405,24.1875,1.178294573643411,22.831000000000003,1.2483027462660417,23.381749999999997,1.2188993552663938,78.72340425531914,1.4420226326988086,0.9391377191496557,24.1875,28.66009197192952,19.71490802807048,0.36982672636109737,1.1285714285714281,27.5,0.037041271680349076,0.45577215623288364,26.5,-0.013121087962697212,0.44602971530717384,26.85,-0.022100347000665856,0.45014788400774775,26.8,0.07353408404614913,0.4621654937629695,22.1,0.0022650066308520615,0.516405614123582,0.46332197590662316
2025-07-24,28.5,28.5,28.95,28.35,0,0.0,0.0,8.0,0.0,0.25,8.0,1.0,0.15,1,0.4366648667396412,0.5191495951444793,0.46332197590662316,0.4714407238164638,0.42782434010963283,0.3695562350418013,27.57,1.0337323177366702,26.49,1.0758776896942244,24.4575,1.1652867218644587,22.975000000000005,1.2404787812840041,23.42125,1.2168436782836098,84.09090909090911,1.5485089007117523,1.0610119554620752,24.4575,29.291075009081904,19.623924990918095,0.39526321243642276,1.0999999999999994,28.5,0.035718082602079246,0.46226301812185366,27.5,0.037041271680349076,0.45577215623288364,26.5,-0.013121087962697212,0.44602971530717384,27.45,0.02396428043872863,0.44553712022151754,22.25,0.006764400088542063,0.48028589878388944,0.48251106270155897
2025-07-25,27.7,28.5,28.5,27.5,0,-0.028471674081312,-0.028070175438596467,8.0,0.0,0.25,8.0,1.0,0.15,1,0.4652859358322017,0.5763008128251541,0.48251106270155897,0.4739773271869407,0.42916086360082634,0.37077075957749633,27.740000000000002,0.9985580389329487,26.95,1.0278293135435992,24.71,1.121003642250101,23.102999999999998,1.1989784876422975,23.461000000000002,1.180682835343762,77.08333333333334,1.5504738240756097,1.1589043291847823,24.71,29.671918135050955,19.748081864949047,0.40161215176454507,1.135714285714285,28.5,0.0,0.46332197590662316,28.5,0.035718082602079246,0.46226301812185366,27.5,0.037041271680349076,0.45577215623288364,26.85,-0.022100347000665856,0.45014788400774775,23.1,0.037490608915498685,0.4674703142605186,0.47903373906660507
2025-07-28,27.3,27.7,28.95,27.3,0,-0.014545711002378751,-0.014440433212996373,8.0,0.0,0.25,8.0,1.0,0.15,1,0.46911347863664027,0.5131926864574693,0.47903373906660507,0.46743081018593674,0.4297082500127682,0.37111159167462643,27.9,0.9784946236559141,27.2,1.0036764705882353,24.97,1.0933119743692432,23.223000000000003,1.175558713344529,23.4975,1.161825726141079,77.4869109947644,1.5024352446703588,1.2276105122818977,24.97,29.900933508288077,20.03906649171192,0.39494861900585326,1.210714285714285,27.7,-0.028471674081312,0.48251106270155897,28.5,0.0,0.46332197590662316,28.5,0.035718082602079246,0.46226301812185366,26.5,-0.013121087962697212,0.44602971530717384,24.8,0.0710110356431887,0.5249760385239437,0.46591917797937393
2025-07-29,27.2,27.3,27.8,27.05,0,-0.003669728888962513,-0.003663003663003761,8.0,0.0,0.25,8.0,1.0,0.15,1,0.37961308635501795,0.5169745806066969,0.46591917797937393,0.4674079205536547,0.4297347408665987,0.37114319266896356,27.840000000000003,0.9770114942528734,27.43,0.991615020051039,25.225,1.0782953419226957,23.337999999999997,1.1654811894763906,23.533500000000004,1.1557991798924934,76.5625,1.4396992038865228,1.2700282506028227,25.225,30.05751051677461,20.392489483225393,0.3831524691198896,1.2321428571428563,27.3,-0.014545711002378751,0.47903373906660507,27.7,-0.028471674081312,0.48251106270155897,28.5,0.0,0.46332197590662316,27.5,0.037041271680349076,0.45577215623288364,24.9,0.004024150299725327,0.5249859955857168,0.4647586870812038
2025-07-30,27.6,27.2,27.9,27.45,0,0.014598799421152851,0.014705882352941346,8.0,0.0,0.25,8.0,1.0,0.15,1,0.25632215965460586,0.3758457271884962,0.4647586870812038,0.4678980285710514,0.42974997042538843,0.3713584803685239,27.660000000000004,0.9978308026030368,27.51,1.0032715376226826,25.46,1.0840534171249019,23.45,1.1769722814498935,23.57375,1.1707937854605228,77.15736040609137,1.4060490385557536,1.2972324081934088,25.46,30.2735335527197,20.6464664472803,0.3781251808892145,1.2571428571428565,27.2,-0.003669728888962513,0.46591917797937393,27.3,-0.014545711002378751,0.47903373906660507,27.7,-0.028471674081312,0.48251106270155897,28.5,0.035718082602079246,0.46226301812185366,26.8,0.07353408404614913,0.4621654937629695,0.4558218744171607
2025-07-31,27.9,28.0,28.2,27.9,0,0.010810916104215456,0.01086956521739113,8.0,0.0,0.25,8.0,1.0,0.15,1,0.28343178715924316,0.36074183192228776,0.4558218744171607,0.46800628179903514,0.4299160536594118,0.37128736183533473,27.540000000000003,1.0130718954248366,27.555,1.0125204137180184,25.7,1.0856031128404668,23.537999999999997,1.1853173591639052,23.614500000000003,1.1814774820555165,75.80645161290322,1.3875932219740292,1.315304570949533,25.7,30.496709398393037,20.90329060160696,0.3732847780850613,1.2249999999999992,27.6,0.014598799421152851,0.4647586870812038,27.2,-0.003669728888962513,0.46591917797937393,27.3,-0.014545711002378751,0.47903373906660507,28.5,0.0,0.46332197590662316,27.45,0.02396428043872863,0.44553712022151754,0.45626667507440777
2025-08-01,28.0,28.35,28.5,28.0,0,0.0035778213478841235,0.0035842293906811484,8.0,0.0,0.25,8.0,1.0,0.15,1,0.1852356219865189,0.3356079928776804,0.45626667507440777,0.46736897912733527,0.42867847581440555,0.3711741396813499,27.6,1.0144927536231882,27.669999999999998,1.0119262739428985,25.975,1.0779595765158807,23.637999999999998,1.1845333784584144,23.6565,1.1836070424619025,70.77922077922078,1.36529771642455,1.3253032000445364,25.975,30.62772981558598,21.322270184414023,0.3582467615465623,1.1392857142857138,27.9,0.010810916104215456,0.4558218744171607,27.6,0.014598799421152851,0.4647586870812038,27.2,-0.003669728888962513,0.46591917797937393,27.7,-0.028471674081312,0.48251106270155897,26.85,-0.022100347000665856,0.45014788400774775,0.4421080741243389
2025-08-04,27.8,28.0,28.15,27.5,0,-0.007168489478612516,-0.0071428571428571175,8.0,0.0,0.25,8.0,1.0,0.15,1,0.14673753487903177,0.3282587151396286,0.4421080741243389,0.4463283421909586,0.40759302271249076,0.3701972994426165,27.7,1.0036101083032491,27.8,1.0,26.240000000000002,1.059451219512195,23.738000000000003,1.171118038587918,23.698249999999998,1.1730824005992004,68.58974358974359,1.3163163634564334,1.3235058327269158,26.240000000000002,30.65714363528486,21.822856364715143,0.3366725331771996,1.0642857142857136,28.0,0.0035778213478841235,0.45626667507440777,27.9,0.010810916104215456,0.4558218744171607,27.6,0.014598799421152851,0.4647586870812038,27.3,-0.014545711002378751,0.47903373906660507,26.5,-0.013121087962697212,0.44602971530717384,0.4503307135824431
2025-08-05,27.35,27.8,28.15,27.2,0,-0.01631949182860118,-0.01618705035971224,8.0,0.0,0.25,8.0,1.0,0.15,1,0.20305501337865436,0.2883254983374995,0.4503307135824431,0.4438721225054657,0.406137302045651,0.37062828466307063,27.73,0.9862964298593582,27.785000000000004,0.9843440705416591,26.505000000000003,1.0318807772118468,23.848000000000003,1.1468466957396846,23.7365,1.1522339013755187,54.33070866141733,1.2270424673879,1.3042131596591127,26.505000000000003,30.477259068246177,22.53274093175383,0.29973658315383317,0.985714285714285,27.8,-0.007168489478612516,0.4421080741243389,28.0,0.0035778213478841235,0.45626667507440777,27.9,0.010810916104215456,0.4558218744171607,27.2,-0.003669728888962513,0.46591917797937393,27.5,0.037041271680349076,0.45577215623288364,0.4377477288540541
2025-08-06,27.5,27.35,27.85,27.3,0,0.005469475804535255,0.005484460694698212,8.0,0.0,0.25,8.0,1.0,0.15,1,0.17292831770599998,0.2115630218361341,0.4377477288540541,0.43514571520356193,0.40588772252014976,0.37052082347311055,27.71,0.9924215084806929,27.685000000000002,0.9933176810547227,26.775,1.027077497665733,23.968000000000004,1.1473631508678237,23.776,1.156628532974428,50.42735042735043,1.1550809537457347,1.2743867184764373,26.775,30.180181809815096,23.3698181901849,0.2543553172597645,0.9035714285714279,27.35,-0.01631949182860118,0.4503307135824431,27.8,-0.007168489478612516,0.4421080741243389,28.0,0.0035778213478841235,0.45626667507440777,27.6,0.014598799421152851,0.4647586870812038,28.5,0.035718082602079246,0.46226301812185366,0.4396255374961613
2025-08-07,27.4,27.5,27.65,27.4,0,-0.003642991278501092,-0.0036363636363636598,8.0,0.0,0.25,8.0,1.0,0.15,1,0.13936528453302904,0.21062923682823614,0.4396255374961613,0.4352964298692377,0.40533855054118834,0.3705326908248873,27.610000000000003,0.9923940601231437,27.575,0.9936536718041704,27.0325,1.0135947470637197,24.084,1.1376847699717654,23.81375,1.1505957692509579,55.140186915887824,1.07756032677543,1.2350214401362358,27.0325,29.694765556765105,24.370234443234892,0.1969677652281592,0.8178571428571423,27.5,0.005469475804535255,0.4377477288540541,27.35,-0.01631949182860118,0.4503307135824431,27.8,-0.007168489478612516,0.4421080741243389,27.9,0.010810916104215456,0.4558218744171607,28.5,0.0,0.46332197590662316,0.43957847441565523
2025-08-08,27.6,27.4,27.95,27.5,0,0.007272759329079878,0.007299270072992803,8.0,0.0,0.25,8.0,1.0,0.15,1,0.15316750736432105,0.16567819782571866,0.43957847441565523,0.4348764103803493,0.4051054614188216,0.37057442772375543,27.53,1.0025426807119506,27.564999999999998,1.001269726101941,27.2575,1.0125653489865176,24.197000000000003,1.140637269082944,23.85275,1.1570992862458207,60.57692307692309,1.0204993190149274,1.192117015911974,27.2575,29.177553453203572,25.33744654679643,0.14088257934172774,0.8071428571428567,27.4,-0.003642991278501092,0.4396255374961613,27.5,0.005469475804535255,0.4377477288540541,27.35,-0.01631949182860118,0.4503307135824431,28.0,0.0035778213478841235,0.45626667507440777,27.7,-0.028471674081312,0.48251106270155897,0.4286658863104047
2025-08-11,27.7,27.6,27.7,27.5,0,0.003616640470188515,0.0036231884057971175,8.0,0.0,0.25,8.0,1.0,0.15,1,0.15327087744963785,0.14606689744885795,0.4286658863104047,0.4346017380259789,0.40512921838828575,0.37038702971679244,27.509999999999998,1.0069065794256635,27.605,1.003441405542474,27.402499999999996,1.0108566736611624,24.311000000000003,1.1394019168277731,23.89125,1.1594202898550725,52.32558139534883,0.9721409873619429,1.148121810201968,27.402499999999996,28.941287971441724,25.86371202855827,0.11231004261959517,0.728571428571428,27.6,0.007272759329079878,0.43957847441565523,27.4,-0.003642991278501092,0.4396255374961613,27.5,0.005469475804535255,0.4377477288540541,27.8,-0.007168489478612516,0.4421080741243389,27.3,-0.014545711002378751,0.47903373906660507,0.36570704902837986
2025-08-12,27.55,27.6,27.75,27.5,0,-0.005429877594369288,-0.005415162454873612,8.0,0.0,0.25,8.0,1.0,0.15,1,0.08980891796259159,0.14804967045290862,0.36570704902837986,0.4315560231360883,0.40514573963919853,0.37045008695072684,27.55,1.0,27.639999999999997,0.9967438494934878,27.535000000000004,1.0005447612130016,24.42,1.128173628173628,23.929000000000002,1.1513226628776798,36.23188405797102,0.911209063846222,1.1007392609308189,27.535000000000004,28.52500265815757,26.544997341842436,0.07190867319103453,0.6642857142857138,27.7,0.003616640470188515,0.4286658863104047,27.6,0.007272759329079878,0.43957847441565523,27.4,-0.003642991278501092,0.4396255374961613,27.35,-0.01631949182860118,0.4503307135824431,27.2,-0.003669728888962513,0.46591917797937393,0.3658621247983612
2025-08-13,27.6,27.55,27.8,27.5,0,0.0018132371241809436,0.001814882032667997,8.0,0.0,0.25,8.0,1.0,0.15,1,0.08301201163440301,0.12845615349814454,0.3658621247983612,0.43150151101649525,0.39578381272383173,0.37044686385967973,27.57,1.001088139281828,27.640000000000004,0.9985528219971056,27.575,1.00090661831369,24.531999999999996,1.1250611446274257,23.967000000000002,1.151583427212417,37.14285714285716,0.8570748324439172,1.0520063752334385,27.575,28.502645576602745,26.647354423397253,0.06728163746892084,0.6428571428571426,27.55,-0.005429877594369288,0.36570704902837986,27.7,0.003616640470188515,0.4286658863104047,27.6,0.007272759329079878,0.43957847441565523,27.5,0.005469475804535255,0.4377477288540541,27.6,0.014598799421152851,0.4647586870812038,0.26746754900185743
2025-08-14,27.65,27.6,28.0,27.6,0,0.0018099552452393861,0.0018115942028984477,8.0,0.0,0.25,8.0,1.0,0.15,1,0.07340192597781607,0.11442611506569705,0.26746754900185743,0.4314465724035956,0.39566035223230966,0.3703900749108682,27.619999999999997,1.0010861694424331,27.615,1.0012674271229405,27.585,1.0023563530904476,24.645,1.1219314262527895,24.00525,1.1518313702210974,49.09090909090908,0.8088833425139761,1.003381768689546,27.585,28.511282894153386,26.658717105846616,0.06715844800822075,0.5999999999999996,27.6,0.0018132371241809436,0.3658621247983612,27.55,-0.005429877594369288,0.36570704902837986,27.7,0.003616640470188515,0.4286658863104047,27.4,-0.003642991278501092,0.4396255374961613,27.9,0.010810916104215456,0.4558218744171607,0.2572152285557654
2025-08-15,27.95,27.65,28.0,27.75,0,0.010791471632764386,0.010849909584086825,8.0,0.0,0.25,8.0,1.0,0.15,1,0.09182003005842422,0.12733256151021702,0.2572152285557654,0.43161481050541234,0.3954295215869965,0.3703203518707859,27.689999999999998,1.0093896713615025,27.610000000000003,1.0123143788482432,27.639999999999997,1.0112156295224313,24.764,1.1286544984655145,24.0445,1.1624279980868806,62.2641509433962,0.785840057326542,0.9598734264169454,27.639999999999997,28.511538265005964,26.76846173499403,0.06306355028986735,0.507142857142857,27.65,0.0018099552452393861,0.26746754900185743,27.6,0.0018132371241809436,0.3658621247983612,27.55,-0.005429877594369288,0.36570704902837986,27.6,0.007272759329079878,0.43957847441565523,28.0,0.0035778213478841235,0.45626667507440777,0.2513507600137665
2025-08-18,27.5,27.95,27.75,27.3,0,-0.016231194928582552,-0.01610017889087656,8.0,0.0,0.25,8.0,1.0,0.15,1,0.15982342238019587,0.1477521787179737,0.2513507600137665,0.4313519589752106,0.3960940312529057,0.36955081673794704,27.65,0.9945750452079567,27.580000000000002,0.9970993473531544,27.689999999999998,0.9931383170819791,24.877000000000002,1.1054387586927683,24.0715,1.1424298444218266,55.00000000000002,0.7229333232642894,0.9124854057864142,27.689999999999998,28.382516387798603,26.997483612201393,0.05001924072218167,0.4999999999999997,27.95,0.010791471632764386,0.2572152285557654,27.65,0.0018099552452393861,0.26746754900185743,27.6,0.0018132371241809436,0.3658621247983612,27.7,0.003616640470188515,0.4286658863104047,27.8,-0.007168489478612516,0.4421080741243389,0.24626947755345874
2025-08-19,27.45,27.5,27.55,27.35,0,-0.0018198367169859828,-0.0018181818181818299,8.0,0.0,0.25,8.0,1.0,0.15,1,0.15617209964429957,0.12148515319137827,0.24626947755345874,0.41237193870953065,0.3960656089564252,0.3693811942902007,27.630000000000003,0.9934853420195439,27.589999999999996,0.994925697716564,27.6875,0.9914221218961625,24.986000000000004,1.0986152245257341,24.098499999999998,1.139075046164699,47.169811320754675,0.6614202601298835,0.8622723766551081,27.6875,28.383257822356047,26.991742177643953,0.05025790138915011,0.464285714285714,27.5,-0.016231194928582552,0.2513507600137665,27.95,0.010791471632764386,0.2572152285557654,27.65,0.0018099552452393861,0.26746754900185743,27.55,-0.005429877594369288,0.36570704902837986,27.35,-0.01631949182860118,0.4503307135824431,0.2100928373384371
2025-08-20,27.4,27.45,27.5,27.3,0,-0.0018231545615151365,-0.0018214936247723523,8.0,0.0,0.25,8.0,1.0,0.15,1,0.1545708785669086,0.11838168162928742,0.2100928373384371,0.4095908124986705,0.39607227750266777,0.36933683033155446,27.589999999999996,0.9931134469010512,27.580000000000002,0.9934735315445974,27.6325,0.9915859947525558,25.07,1.0929397686477862,24.1225,1.135869001969116,39.58333333333332,0.601700107986062,0.810157922921299,27.6325,28.223907776323514,27.041092223676486,0.04280523125475539,0.43571428571428555,27.45,-0.0018198367169859828,0.24626947755345874,27.5,-0.016231194928582552,0.2513507600137665,27.95,0.010791471632764386,0.2572152285557654,27.6,0.0018132371241809436,0.3658621247983612,27.5,0.005469475804535255,0.4377477288540541,0.1721948349795979
2025-08-21,26.95,27.4,27.4,26.4,0,-0.016559716039018332,-0.01642335766423353,8.0,0.0,0.25,8.0,1.0,0.15,1,0.18260179995096026,0.14349297318436066,0.1721948349795979,0.4107821897162505,0.3967360964964991,0.3697705969698492,27.45,0.9817850637522769,27.534999999999997,0.9787543126929363,27.555,0.9780439121756487,25.167,1.0708467437517384,24.1495,1.1159651338537029,30.909090909090864,0.5121563978108625,0.7505576178992117,27.555,28.068911727010633,27.041088272989366,0.0373007967345769,0.464285714285714,27.4,-0.0018231545615151365,0.2100928373384371,27.45,-0.0018198367169859828,0.24626947755345874,27.5,-0.016231194928582552,0.2513507600137665,27.65,0.0018099552452393861,0.26746754900185743,27.4,-0.003642991278501092,0.4396255374961613,0.17267505153366072
2025-08-22,27.0,26.95,27.1,26.65,0,0.0018535686493228347,0.0018552875695732052,8.0,0.0,0.25,8.0,1.0,0.15,1,0.13943100981690526,0.1364575165535905,0.17267505153366072,0.4003851399471284,0.39674801280386773,0.3694913579622307,27.259999999999998,0.9904622157006604,27.475,0.9827115559599635,27.52,0.9811046511627907,25.261999999999997,1.0687989866202203,24.175500000000003,1.1168331575355213,34.6153846153846,0.4401531331686286,0.6884767209530952,27.52,28.085126907033967,26.954873092966032,0.04107026940653832,0.45000000000000007,26.95,-0.016559716039018332,0.1721948349795979,27.4,-0.0018231545615151365,0.2100928373384371,27.45,-0.0018198367169859828,0.24626947755345874,27.95,0.010791471632764386,0.2572152285557654,27.6,0.007272759329079878,0.43957847441565523,0.15732082546466084
2025-08-25,27.45,27.0,27.45,27.05,0,0.016529301951210506,0.016666666666666607,8.0,0.0,0.25,8.0,1.0,0.15,1,0.18730087438035098,0.16439878923408455,0.15732082546466084,0.3992463750869274,0.39745753730606487,0.36980015792185167,27.25,1.0073394495412844,27.45,1.0,27.527499999999996,0.99718463354827,25.364,1.0822425484939284,24.2025,1.1341803532692902,51.923076923076884,0.41462176476610324,0.6337057297156968,27.527499999999996,28.084252803505894,26.9707471964941,0.04045066231992719,0.4142857142857143,27.0,0.0018535686493228347,0.17267505153366072,26.95,-0.016559716039018332,0.1721948349795979,27.4,-0.0018231545615151365,0.2100928373384371,27.5,-0.016231194928582552,0.2513507600137665,27.7,0.003616640470188515,0.4286658863104047,0.148805382765834
2025-08-26,27.5,27.45,27.5,27.2,0,0.0018198367169858993,0.0018214936247722413,8.0,0.0,0.25,8.0,1.0,0.15,1,0.18730087438035095,0.16283446850084293,0.148805382765834,0.39926433541414946,0.397076719394849,0.36968262200393265,27.26,1.0088041085840058,27.445,1.002004008016032,27.542499999999997,0.9984569301987838,25.504,1.0782622333751568,24.229499999999998,1.1349800862584867,50.0,0.3938821255360132,0.5857410088797601,27.542499999999997,28.07785526817156,27.007144731828433,0.0388748492817692,0.39642857142857146,27.45,0.016529301951210506,0.15732082546466084,27.0,0.0018535686493228347,0.17267505153366072,26.95,-0.016559716039018332,0.1721948349795979,27.45,-0.0018198367169859828,0.24626947755345874,27.55,-0.005429877594369288,0.36570704902837986,0.1533667315380135
2025-08-27,27.2,27.5,27.6,27.05,0,-0.010969031370574046,-0.01090909090909098,8.0,0.0,0.25,8.0,1.0,0.15,1,0.20449407347184823,0.17089307959558991,0.1533667315380135,0.3995577474160403,0.39717346504760076,0.36986936299184764,27.22,0.9992652461425423,27.405,0.9925196132092683,27.5225,0.988282314469979,25.647000000000002,1.0605528911763558,24.252999999999997,1.1215107409392653,46.296296296296305,0.34921281131829573,0.5384353693674673,27.5225,28.07830666839534,26.966693331604663,0.04038925739997004,0.417857142857143,27.5,0.0018198367169858993,0.148805382765834,27.45,0.016529301951210506,0.15732082546466084,27.0,0.0018535686493228347,0.17267505153366072,27.4,-0.0018231545615151365,0.2100928373384371,27.6,0.0018132371241809436,0.3658621247983612,0.14571344492550153
2025-08-28,27.0,27.2,27.5,26.95,0,-0.007380107297622534,-0.007352941176470562,8.0,0.0,0.25,8.0,1.0,0.15,1,0.16913314756316947,0.172191660393365,0.14571344492550153,0.40013483872092237,0.39607729190188845,0.3699722954498136,27.23,0.9915534337128167,27.339999999999996,0.9875640087783468,27.4775,0.9826221453916841,25.768,1.047811238745731,24.27,1.1124845488257107,38.88888888888885,0.29428143623241354,0.4896045827404566,27.4775,28.0500979576053,26.9049020423947,0.041677587670297514,0.417857142857143,27.2,-0.010969031370574046,0.1533667315380135,27.5,0.0018198367169858993,0.148805382765834,27.45,0.016529301951210506,0.15732082546466084,26.95,-0.016559716039018332,0.1721948349795979,27.65,0.0018099552452393861,0.26746754900185743,0.1512010829409635
2025-08-29,26.5,27.0,27.0,26.4,0,-0.01869213301215252,-0.01851851851851849,8.0,0.0,0.25,8.0,1.0,0.15,1,0.21457495576804805,0.172657346110948,0.1512010829409635,0.4025212949348437,0.39639543187648213,0.37051482142371184,27.130000000000003,0.9767784740140065,27.195,0.9744438315866887,27.402499999999996,0.9670650488094154,25.862000000000002,1.0246693991183975,24.281999999999996,1.091343381929001,30.645161290322577,0.2080043596126231,0.43328453811488987,27.402499999999996,28.071729722183445,26.733270277816548,0.048844428222494206,0.4464285714285717,27.0,-0.007380107297622534,0.14571344492550153,27.2,-0.010969031370574046,0.1533667315380135,27.5,0.0018198367169858993,0.148805382765834,27.0,0.0018535686493228347,0.17267505153366072,27.95,0.010791471632764386,0.2572152285557654,0.1525615408288922
2025-09-01,26.2,26.5,27.0,26.1,0,-0.011385322225125352,-0.01132075471698113,8.0,0.0,0.25,8.0,1.0,0.15,1,0.1184436366989927,0.16566027159172178,0.1525615408288922,0.40326680871210285,0.39489507273200253,0.36764998554686973,26.880000000000003,0.9747023809523808,27.064999999999998,0.9680399039349714,27.3225,0.9589166437917467,25.947999999999997,1.009711731154617,24.291000000000004,1.07858877773661,29.230769230769212,0.11410631542774041,0.36944889357746,27.3225,28.15441282438095,26.49058717561905,0.060895805609365916,0.492857142857143,26.5,-0.01869213301215252,0.1512010829409635,27.0,-0.007380107297622534,0.14571344492550153,27.2,-0.010969031370574046,0.1533667315380135,27.45,0.016529301951210506,0.15732082546466084,27.5,-0.016231194928582552,0.2513507600137665,0.1561476588019516
2025-09-02,25.85,26.2,26.25,25.85,0,-0.01344880981261297,-0.013358778625954137,8.0,0.0,0.25,8.0,1.0,0.15,1,0.06591477222866696,0.16994901426580297,0.1561476588019516,0.40453775173669887,0.3952733636520558,0.3645221762601535,26.55,0.9736346516007534,26.905,0.9607879576286935,27.247499999999995,0.9487108909074229,26.017000000000003,0.9935811200368989,24.296999999999997,1.0639173560521877,25.352112676056308,0.011318886901946712,0.29782289224235736,27.247499999999995,28.308023703797712,26.18697629620228,0.07784374374146011,0.5,26.2,-0.011385322225125352,0.1525615408288922,26.5,-0.01869213301215252,0.1512010829409635,27.0,-0.007380107297622534,0.14571344492550153,27.5,0.0018198367169858993,0.148805382765834,27.45,-0.0018198367169859828,0.24626947755345874,0.1508851652764565
2025-09-03,25.6,25.85,25.85,25.5,0,-0.00971824946892134,-0.009671179883945835,8.0,0.0,0.25,8.0,1.0,0.15,1,0.06815568243416012,0.1691280614870077,0.1508851652764565,0.40525398840107657,0.3955053834464917,0.36462453669958267,26.23,0.9759817003431186,26.725,0.9579045837231057,27.152499999999996,0.9428229444802506,26.073,0.9818586276991524,24.305,1.0532812178564082,22.666666666666714,-0.08928458430090203,0.2204013969337055,27.152499999999996,28.43496268028227,25.870037319717724,0.09446369065701296,0.4964285714285716,25.85,-0.01344880981261297,0.1561476588019516,26.2,-0.011385322225125352,0.1525615408288922,26.5,-0.01869213301215252,0.1512010829409635,27.2,-0.010969031370574046,0.1533667315380135,27.4,-0.0018231545615151365,0.2100928373384371,0.15673937056980805
2025-09-04,25.9,25.6,26.25,25.9,0,0.011650617219975054,0.011718749999999778,8.0,0.0,0.25,8.0,1.0,0.15,1,0.18513764834822596,0.18229934956137966,0.15673937056980805,0.4052265800689879,0.39585026915301996,0.3646622966168684,26.01,0.9957708573625528,26.619999999999997,0.9729526671675433,27.077499999999997,0.9565137106453698,26.129,0.9912357916491253,24.314,1.0652299086945791,22.66666666666663,-0.14315585565013578,0.14768994641693725,27.077499999999997,28.469762452572454,25.68523754742754,0.10283537642488831,0.5178571428571429,25.6,-0.00971824946892134,0.1508851652764565,25.85,-0.01344880981261297,0.1561476588019516,26.2,-0.011385322225125352,0.1525615408288922,27.0,-0.007380107297622534,0.14571344492550153,26.95,-0.016559716039018332,0.1721948349795979,0.1576435476357322
2025-09-08,25.7,25.9,25.9,25.7,0,-0.007751976804317936,-0.007722007722007707,8.0,0.0,0.25,8.0,1.0,0.15,1,0.16127282751476574,0.18006510052979083,0.1576435476357322,0.4056710977602229,0.3959654778929592,0.36477091430126696,25.85,0.9941972920696324,26.49,0.9701774254435637,26.982499999999998,0.9524691929954601,26.190000000000005,0.9812905689194347,24.31875,1.0567977383705986,24.28571428571425,-0.19968570236933658,0.0782148166596825,26.982499999999998,28.47996276642961,25.485037233570385,0.11099510915812943,0.48571428571428577,25.9,0.011650617219975054,0.15673937056980805,25.6,-0.00971824946892134,0.1508851652764565,25.85,-0.01344880981261297,0.1561476588019516,26.5,-0.01869213301215252,0.1512010829409635,27.0,0.0018535686493228347,0.17267505153366072,0.15804716258837365
2025-09-09,25.9,25.7,26.0,25.7,0,0.007751976804317924,0.0077821011673151474,8.0,0.0,0.25,8.0,1.0,0.15,1,0.17831678966934203,0.15432023401776246,0.15804716258837365,0.39258852266760536,0.39440364960429386,0.36482770685965443,25.79,1.0042652190771617,26.335,0.9834820580975887,26.892500000000002,0.9630937993864459,26.266,0.9860656361836595,24.324749999999998,1.064759144492749,28.767123287671197,-0.22574543182318507,0.017422766963108974,26.892500000000002,28.42436333044394,25.360636669556065,0.11392494788092862,0.492857142857143,25.7,-0.007751976804317936,0.1576435476357322,25.9,0.011650617219975054,0.15673937056980805,25.6,-0.00971824946892134,0.1508851652764565,26.2,-0.011385322225125352,0.1525615408288922,27.45,0.016529301951210506,0.15732082546466084,0.18075049748034827
2025-09-10,26.5,25.9,26.5,26.0,0,0.022901764286684414,0.02316602316602312,8.0,0.0,0.25,8.0,1.0,0.15,1,0.2175895821189274,0.20982194363357815,0.18075049748034827,0.3812117306602057,0.39251449689794304,0.36535523838706124,25.919999999999998,1.0223765432098766,26.235000000000003,1.01010101010101,26.839999999999996,0.9873323397913564,26.354,1.0055399559839113,24.3335,1.0890336367559126,39.28571428571429,-0.19572675339730594,-0.02520713710897401,26.839999999999996,28.348781313720593,25.3312186862794,0.11242781771390441,0.5214285714285717,25.9,0.007751976804317924,0.15804716258837365,25.7,-0.007751976804317936,0.1576435476357322,25.9,0.011650617219975054,0.15673937056980805,25.85,-0.01344880981261297,0.1561476588019516,27.5,0.0018198367169858993,0.148805382765834,0.1803465241209519
2025-09-11,26.45,26.5,26.5,26.4,0,-0.0018885746878681362,-0.0018867924528301883,8.0,0.0,0.25,8.0,1.0,0.15,1,0.18959835898336572,0.20593412059393895,0.1803465241209519,0.38124636589529676,0.3924703675870195,0.3650892304427377,26.089999999999996,1.0137983901878116,26.159999999999997,1.011085626911315,26.7825,0.9875851768878933,26.425,1.0009460737937559,24.34575,1.0864319234363287,43.42105263157894,-0.1739659454750644,-0.054958898782192095,26.7825,28.256583122701166,25.308416877298832,0.11007808253159092,0.4571428571428576,26.5,0.022901764286684414,0.18075049748034827,25.9,0.007751976804317924,0.15804716258837365,25.7,-0.007751976804317936,0.1576435476357322,25.6,-0.00971824946892134,0.1508851652764565,27.2,-0.010969031370574046,0.1533667315380135,0.18745107352812895
2025-09-12,26.8,26.45,26.95,26.4,0,0.01314572921250273,0.013232514177693888,8.0,0.0,0.25,8.0,1.0,0.15,1,0.19241705379888283,0.21853324493068552,0.18745107352812895,0.38180015520102,0.3928377760694765,0.3646169423811104,26.27,1.020175104682147,26.139999999999997,1.0252486610558533,26.74,1.0022438294689604,26.499000000000002,1.0113589192044983,24.36025,1.1001529130448169,47.560975609756106,-0.12701413362174208,-0.0693699457501021,26.74,28.156667698658325,25.323332301341672,0.10595869099912687,0.4642857142857145,26.45,-0.0018885746878681362,0.1803465241209519,26.5,0.022901764286684414,0.18075049748034827,25.9,0.007751976804317924,0.15804716258837365,25.9,0.011650617219975054,0.15673937056980805,27.0,-0.007380107297622534,0.14571344492550153,0.18966471038702143
2025-09-15,27.0,26.8,27.05,26.65,0,0.0074349784875179905,0.00746268656716409,8.0,0.0,0.25,8.0,1.0,0.15,1,0.1440205287631479,0.1967180155749933,0.18966471038702143,0.33598660250206874,0.3928787381911809,0.3645494776542526,26.53,1.017715793441387,26.189999999999998,1.0309278350515465,26.692500000000003,1.0115200899128969,26.589000000000002,1.0154575200270788,24.37625,1.1076355058714937,44.15584415584416,-0.07282665557573154,-0.07006128771522799,26.692500000000003,27.997661816949098,25.387338183050908,0.09779239988379469,0.4607142857142862,26.8,0.01314572921250273,0.18745107352812895,26.45,-0.0018885746878681362,0.1803465241209519,26.5,0.022901764286684414,0.18075049748034827,25.7,-0.007751976804317936,0.1576435476357322,26.5,-0.01869213301215252,0.1512010829409635,0.18559319150520154
2025-09-16,27.1,27.0,27.4,27.0,0,0.0036968618813262026,0.0037037037037037646,8.0,0.0,0.25,8.0,1.0,0.15,1,0.15050733796096624,0.18230597280330338,0.18559319150520154,0.3316274425914797,0.3916673951012072,0.3644355197498337,26.77,1.0123272319760928,26.28,1.0312024353120244,26.672500000000003,1.016027743931015,26.681000000000004,1.0157040590682507,24.396749999999997,1.1108036931148617,44.87179487179489,-0.02156493738496934,-0.06036201764917626,26.672500000000003,27.937192598389764,25.407807401610242,0.09483120055411086,0.46785714285714314,27.0,0.0074349784875179905,0.18966471038702143,26.8,0.01314572921250273,0.18745107352812895,26.45,-0.0018885746878681362,0.1803465241209519,25.9,0.007751976804317924,0.15804716258837365,26.2,-0.011385322225125352,0.1525615408288922,0.17767611325155944
2025-09-17,27.1,27.1,27.35,27.05,0,0.0,0.0,8.0,0.0,0.25,8.0,1.0,0.15,1,0.0955999930615362,0.1584960577184833,0.17767611325155944,0.3220604296942204,0.3906874985410316,0.36413404041072417,26.889999999999997,1.0078095946448495,26.405,1.0263207725809507,26.655,1.0166948039767398,26.781999999999996,1.0118736464789786,24.41775,1.1098483685024214,48.61111111111114,0.01884313170904406,-0.044520987777532196,26.655,27.883563560038073,25.42643643996193,0.09218259688899434,0.4500000000000003,27.1,0.0036968618813262026,0.18559319150520154,27.0,0.0074349784875179905,0.18966471038702143,26.8,0.01314572921250273,0.18745107352812895,26.5,0.022901764286684414,0.18075049748034827,25.85,-0.01344880981261297,0.1561476588019516,0.17794425202793443
2025-09-18,27.0,27.1,27.4,27.0,0,-0.003696861881326203,-0.0036900369003690647,8.0,0.0,0.25,8.0,1.0,0.15,1,0.10370488412470573,0.14548317781590522,0.17794425202793443,0.31411966283444176,0.39071956913540784,0.3627882304551311,27.0,1.0,26.544999999999998,1.0171407044641176,26.635,1.0137037732307115,26.88,1.0044642857142858,24.43775,1.1048480322451943,50.0,0.04230993078031986,-0.02715480406596179,26.635,27.82491375185048,25.445086248149522,0.08934963407925507,0.43928571428571445,27.1,0.0,0.17767611325155944,27.1,0.0036968618813262026,0.18559319150520154,27.0,0.0074349784875179905,0.18966471038702143,26.45,-0.0018885746878681362,0.1803465241209519,25.6,-0.00971824946892134,0.1508851652764565,0.22733906031256948
2025-09-19,25.9,26.95,26.95,25.25,0,-0.041593897298837015,-0.040740740740740744,8.0,0.0,0.25,8.0,1.0,0.15,1,0.31542954975060167,0.2715586968711781,0.22733906031256948,0.32673351615085966,0.39500947878826836,0.3647691563502197,26.82,0.9656972408650261,26.544999999999998,0.9757016387266906,26.5825,0.9743252139565504,26.953000000000003,0.960931992728082,24.45425,1.0591206027582118,42.68292682926828,-0.027535852634269276,-0.027231013779623288,26.5825,27.806073283031356,25.358926716968643,0.09205855604486836,0.5214285714285715,27.0,-0.003696861881326203,0.17794425202793443,27.1,0.0,0.17767611325155944,27.1,0.0036968618813262026,0.18559319150520154,26.8,0.01314572921250273,0.18745107352812895,25.9,0.011650617219975054,0.15673937056980805,0.22418511559775725
2025-09-22,26.1,25.9,26.1,25.9,0,0.007692345623155865,0.007722007722007929,8.0,0.0,0.25,8.0,1.0,0.15,1,0.31616733782246753,0.27027849157935063,0.22418511559775725,0.324394614200763,0.394797995048636,0.3645218214792519,26.639999999999997,0.9797297297297299,26.584999999999997,0.9817566296783902,26.5375,0.9835138954309939,27.013,0.966201458556991,24.469749999999998,1.0666230754298676,48.75000000000002,-0.0659901176726585,-0.03498283455823033,26.5375,27.76262083184979,25.312379168150212,0.09233129208476981,0.4714285714285718,25.9,-0.041593897298837015,0.22733906031256948,27.0,-0.003696861881326203,0.17794425202793443,27.1,0.0,0.17767611325155944,27.0,0.0074349784875179905,0.18966471038702143,25.7,-0.007751976804317936,0.1576435476357322,0.2817589767866118
2025-09-23,24.8,26.1,26.0,24.55,0,-0.05109166115771121,-0.04980842911877392,8.0,0.0,0.25,8.0,1.0,0.15,1,0.42299407033238096,0.373967844475555,0.2817589767866118,0.340029480098649,0.4015612422909971,0.367206326595139,26.18,0.9472880061115355,26.475,0.9367327667610954,26.405,0.9392160575648552,27.012999999999998,0.9180764816939992,24.478250000000003,1.0131443220001428,39.3939393939394,-0.1990697826722787,-0.06780022418104001,26.405,27.778776968032087,25.031223031967915,0.10405430547487869,0.553571428571429,26.1,0.007692345623155865,0.22418511559775725,25.9,-0.041593897298837015,0.22733906031256948,27.0,-0.003696861881326203,0.17794425202793443,27.1,0.0036968618813262026,0.18559319150520154,25.9,0.007751976804317924,0.15804716258837365,0.27345999199045257
2025-09-24,24.9,25.0,25.0,24.75,0,0.004024150299725327,0.004032258064516014,8.0,0.0,0.25,8.0,1.0,0.15,1,0.43443536405217376,0.34645904386830406,0.27345999199045257,0.33924063556962275,0.4014703084774131,0.3671114716980038,25.74,0.9673659673659674,26.315000000000005,0.9462283868516054,26.275,0.9476688867745005,27.013,0.9217784029911523,24.486749999999997,1.0168764740114553,42.70833333333331,-0.29308866798340816,-0.11285791294151365,26.275,27.70346992120594,24.846530078794057,0.10873224899759784,0.5464285714285718,24.8,-0.05109166115771121,0.2817589767866118,26.1,0.007692345623155865,0.22418511559775725,25.9,-0.041593897298837015,0.22733906031256948,27.1,0.0,0.17767611325155944,26.5,0.022901764286684414,0.18075049748034827,0.2901118662035142
2025-09-25,25.5,24.9,25.7,25.0,0,0.023810648693718607,0.024096385542168752,8.0,0.0,0.25,8.0,1.0,0.15,1,0.5222511779393266,0.378050104417397,0.2901118662035142,0.3395181027254418,0.3995623477174307,0.36729034703310537,25.439999999999998,1.0023584905660379,26.22,0.9725400457665905,26.189999999999998,0.9736540664375717,26.987000000000002,0.944899396005484,24.4945,1.041050031639756,46.07843137254904,-0.315546898150437,-0.15339570998329832,26.189999999999998,27.588721220483972,24.791278779516023,0.10681338071660744,0.5571428571428577,24.9,0.004024150299725327,0.27345999199045257,24.8,-0.05109166115771121,0.2817589767866118,26.1,0.007692345623155865,0.22418511559775725,27.0,-0.003696861881326203,0.17794425202793443,26.45,-0.0018885746878681362,0.1803465241209519,0.29471401974144473
2025-09-26,25.85,25.5,25.95,25.3,0,0.013632148790057627,0.013725490196078383,8.0,0.0,0.25,8.0,1.0,0.15,1,0.4653803246577024,0.3786628615840432,0.29471401974144473,0.3359957184496735,0.39902741605425246,0.3674833488336849,25.43,1.016515926071569,26.125,0.9894736842105264,26.1325,0.9891897063044103,26.955,0.9590057503246152,24.50375,1.0549405703208694,51.428571428571445,-0.30162617365850153,-0.18304180271833898,26.1325,27.484798238672358,24.780201761327643,0.1034955123828457,0.5892857142857147,25.5,0.023810648693718607,0.2901118662035142,24.9,0.004024150299725327,0.27345999199045257,24.8,-0.05109166115771121,0.2817589767866118,25.9,-0.041593897298837015,0.22733906031256948,26.8,0.01314572921250273,0.18745107352812895,0.2944328157901123
2025-09-29,25.7,25.85,26.45,25.7,0,-0.005819609053264153,-0.005802707930367634,8.0,0.0,0.25,8.0,1.0,0.15,1,0.46046311606127704,0.3736512238386002,0.2944328157901123,0.3363722457779491,0.39912581106597417,0.36612738378103765,25.35,1.0138067061143983,25.994999999999997,0.9886516637814965,26.0925,0.9849573632269809,26.932,0.9542551611465915,24.50975,1.048562306837075,48.076923076923094,-0.29924809978409783,-0.20628306213149075,26.0925,27.446354147473848,24.738645852526155,0.10377343278519471,0.6214285714285719,25.85,0.013632148790057627,0.29471401974144473,25.5,0.023810648693718607,0.2901118662035142,24.9,0.004024150299725327,0.27345999199045257,26.1,0.007692345623155865,0.22418511559775725,27.0,0.0074349784875179905,0.18966471038702143,0.2883736951094099
2025-09-30,25.65,25.7,25.7,25.6,0,-0.0019474202843955666,-0.0019455252918287869,8.0,0.0,0.25,8.0,1.0,0.15,1,0.19107191861760608,0.3710658026719924,0.2883736951094099,0.32963899440885347,0.39843455088623964,0.3661389635503509,25.52,1.0050940438871474,25.85,0.9922630560928433,26.065000000000005,0.9840782658737769,26.915,0.9530001857700167,24.517749999999996,1.0461808281755056,40.860215053763454,-0.2979633057254176,-0.22461911085027614,26.065000000000005,27.43194049460466,24.69805950539535,0.10488705118777328,0.585714285714286,25.7,-0.005819609053264153,0.2944328157901123,25.85,0.013632148790057627,0.29471401974144473,25.5,0.023810648693718607,0.2901118662035142,24.8,-0.05109166115771121,0.2817589767866118,27.1,0.0036968618813262026,0.18559319150520154,0.2871414029776315
2025-10-02,25.8,25.65,26.0,25.65,0,0.005830920310793365,0.005847953216374435,8.0,0.0,0.25,8.0,1.0,0.15,1,0.18988084966182348,0.37462277381063386,0.2871414029776315,0.329445155186242,0.3984643549443712,0.36576830233850555,25.7,1.0038910505836576,25.72,1.0031104199066874,26.0625,0.9899280575539569,26.881,0.9597857222573565,24.522750000000002,1.0520842890785087,43.157894736842145,-0.2815952955002352,-0.23601434778026797,26.0625,27.431277787509533,24.693722212490467,0.10503810359785384,0.6035714285714288,25.65,-0.0019474202843955666,0.2883736951094099,25.7,-0.005819609053264153,0.2944328157901123,25.85,0.013632148790057627,0.29471401974144473,24.9,0.004024150299725327,0.27345999199045257,27.1,0.0,0.17767611325155944,0.2982833071431985
2025-10-03,26.5,25.8,26.95,25.8,0,0.026770241064604832,0.027131782945736482,8.0,0.0,0.25,8.0,1.0,0.15,1,0.20670570024363744,0.4072025198694747,0.2982833071431985,0.32816581839120157,0.4001121569895146,0.3666073852347159,25.9,1.0231660231660231,25.669999999999998,1.0323334631865992,26.107499999999998,1.0150339940630089,26.840999999999998,0.9872955553071794,24.53475,1.0801006735344767,47.05882352941176,-0.2097218368280771,-0.2307558455898298,26.107499999999998,27.47142429177164,24.743575708228356,0.1044852469038891,0.6464285714285715,25.8,0.005830920310793365,0.2871414029776315,25.65,-0.0019474202843955666,0.2883736951094099,25.7,-0.005819609053264153,0.2944328157901123,25.5,0.023810648693718607,0.2901118662035142,27.0,-0.003696861881326203,0.17794425202793443,0.3042703564772566
2025-10-06,26.0,26.5,27.0,25.85,0,-0.019048194970694474,-0.018867924528301883,8.0,0.0,0.25,8.0,1.0,0.15,1,0.26851438557032686,0.3584250281942365,0.3042703564772566,0.33097781323962905,0.39973110004537615,0.3671653083879275,25.93,1.0026995757809487,25.68,1.0124610591900312,26.1125,0.9956917185256103,26.791,0.9704751595685118,24.544,1.0593220338983051,40.74074074074076,-0.19090676992735212,-0.22278603045733428,26.1125,27.473952397838246,24.751047602161755,0.10427591366879814,0.6999999999999998,26.5,0.026770241064604832,0.2982833071431985,25.8,0.005830920310793365,0.2871414029776315,25.65,-0.0019474202843955666,0.2883736951094099,25.85,0.013632148790057627,0.29471401974144473,25.9,-0.041593897298837015,0.22733906031256948,0.30167115043496906
2025-10-07,26.0,26.0,26.25,26.0,0,0.0,0.0,8.0,0.0,0.25,8.0,1.0,0.15,1,0.2620897444803132,0.35610672330503895,0.30167115043496906,0.32784776406858246,0.39920307553324036,0.3671653083879275,25.99,1.0003847633705272,25.669999999999998,1.012855473315154,26.127499999999998,0.9951200842024688,26.757,0.971708338005008,24.55375,1.0589013898080741,39.62264150943397,-0.1739900449204903,-0.2130268333499655,26.127499999999998,27.47636892188293,24.778631078117066,0.10325281193247975,0.6892857142857142,26.0,-0.019048194970694474,0.3042703564772566,26.5,0.026770241064604832,0.2982833071431985,25.8,0.005830920310793365,0.2871414029776315,25.7,-0.005819609053264153,0.2944328157901123,26.1,0.007692345623155865,0.22418511559775725,0.3012877750589499
2025-10-08,26.2,26.0,26.5,26.0,0,0.007662872745569097,0.007692307692307665,8.0,0.0,0.25,8.0,1.0,0.15,1,0.2611074771399605,0.2167102128429819,0.3012877750589499,0.3280020115965871,0.39893608360112015,0.3632426510610626,26.1,1.0038314176245209,25.809999999999995,1.0151104223169316,26.142500000000002,1.0021994835995027,26.735,0.9799887787544418,24.56475,1.06656896569271,41.81818181818182,-0.14279899205277147,-0.19898126509052672,26.142500000000002,27.487383090203892,24.797616909796112,0.1028886365270261,0.7035714285714284,26.0,0.0,0.30167115043496906,26.0,-0.019048194970694474,0.3042703564772566,26.5,0.026770241064604832,0.2982833071431985,25.65,-0.0019474202843955666,0.2883736951094099,24.8,-0.05109166115771121,0.2817589767866118,0.30161377647270743
2025-10-09,26.0,26.2,26.3,26.0,0,-0.007662872745569137,-0.007633587786259555,8.0,0.0,0.25,8.0,1.0,0.15,1,0.273229839005249,0.22663999451302178,0.30161377647270743,0.32854434222255596,0.39905366294965755,0.3607640996701247,26.139999999999997,0.9946442234123949,25.919999999999998,1.0030864197530864,26.1175,0.9955011007944865,26.711000000000002,0.9733817528359102,24.573999999999998,1.0580288109383902,41.071428571428584,-0.13268863448344703,-0.1857227389691108,26.1175,27.452957737415012,24.782042262584987,0.10226535751239686,0.6964285714285714,26.2,0.007662872745569097,0.3012877750589499,26.0,0.0,0.30167115043496906,26.0,-0.019048194970694474,0.3042703564772566,25.8,0.005830920310793365,0.2871414029776315,24.9,0.004024150299725327,0.27345999199045257,0.29009221937729956
2025-10-10,26.0,26.0,26.0,25.95,0,0.0,0.0,8.0,0.0,0.25,8.0,1.0,0.15,1,0.16026693992461266,0.19916782714548953,0.29009221937729956,0.320766742741472,0.3990290707976908,0.3605812064516567,26.04,0.9984639016897082,25.97,1.0011551790527533,26.095,0.9963594558344511,26.679000000000002,0.9745492709621799,24.583999999999996,1.0575984380084609,51.11111111111112,-0.12325529297490334,-0.17322924977026932,26.095,27.42200692101496,24.767993078985036,0.10170583797777068,0.5750000000000001,26.0,-0.007662872745569137,0.30161377647270743,26.2,0.007662872745569097,0.3012877750589499,26.0,0.0,0.30167115043496906,26.5,0.026770241064604832,0.2982833071431985,25.5,0.023810648693718607,0.2901118662035142,0.29097277530248256
2025-10-13,26.15,26.0,26.2,26.05,0,0.005752652489449841,0.005769230769230749,8.0,0.0,0.25,8.0,1.0,0.15,1,0.0952184840015197,0.18993161568580416,0.29097277530248256,0.288533007604301,0.37360474372056085,0.3606104175397019,26.07,1.0030686612965094,26.0,1.0057692307692307,26.0625,1.003357314148681,26.644000000000002,0.981459240354301,24.59675,1.0631485867035277,50.561797752808964,-0.10249406765652935,-0.15908221334752132,26.0625,27.347996013218456,24.777003986781544,0.09864717607431796,0.5749999999999998,26.0,0.0,0.29009221937729956,26.0,-0.007662872745569137,0.30161377647270743,26.2,0.007662872745569097,0.3012877750589499,26.0,-0.019048194970694474,0.3042703564772566,25.85,0.013632148790057627,0.29471401974144473,0.2881465624744255
2025-10-14,25.9,26.15,26.15,25.8,0,-0.009606221805439867,-0.009560229445506718,8.0,0.0,0.25,8.0,1.0,0.15,1,0.1229228620273773,0.1947153648519531,0.2881465624744255,0.28920889632810076,0.3728888222373582,0.3599774888464897,26.05,0.9942418426103646,26.02,0.9953881629515757,26.0075,0.995866576948957,26.602000000000004,0.973611006691226,24.606749999999998,1.0525567171609416,66.17647058823525,-0.10500314676428246,-0.14826640003087355,26.0075,27.21592437648565,24.79907562351435,0.09292891485038153,0.4892857142857139,26.15,0.005752652489449841,0.29097277530248256,26.0,0.0,0.29009221937729956,26.0,-0.007662872745569137,0.30161377647270743,26.0,0.0,0.30167115043496906,25.7,-0.005819609053264153,0.2944328157901123,0.28654655299810816
2025-10-15,25.75,25.9,26.0,25.7,0,-0.005808341595746902,-0.00579150579150578,8.0,0.0,0.25,8.0,1.0,0.15,1,0.09970635879847586,0.19717602302234108,0.28654655299810816,0.2485919892309901,0.3730315369043543,0.35992841732867953,25.96,0.9919106317411401,26.03,0.9892431809450634,25.939999999999998,0.9926754047802623,26.561,0.9694665110500358,24.615499999999997,1.0460888464585323,62.318840579710155,-0.1177381443926997,-0.1421607489032388,25.939999999999998,27.037173401830675,24.84282659816932,0.0845931689923421,0.4928571428571425,25.9,-0.009606221805439867,0.2881465624744255,26.15,0.005752652489449841,0.29097277530248256,26.0,0.0,0.29009221937729956,26.2,0.007662872745569097,0.3012877750589499,25.65,-0.0019474202843955666,0.2883736951094099,0.2861509135473566
2025-10-16,25.8,25.75,26.0,25.6,0,0.001939864817826676,0.001941747572815622,8.0,0.0,0.25,8.0,1.0,0.15,1,0.09751730224698124,0.19512599354884086,0.2861509135473566,0.24358612023326034,0.37252792821460934,0.3598239952757867,25.919999999999998,0.9953703703703705,26.03,0.9911640414905878,25.875,0.9971014492753624,26.53,0.9724839803995476,24.624499999999998,1.0477370098885257,55.17241379310346,-0.12238535741333934,-0.1382056706052589,25.875,26.827282576373012,24.922717423626988,0.07360638271482217,0.4642857142857138,25.75,-0.005808341595746902,0.28654655299810816,25.9,-0.009606221805439867,0.2881465624744255,26.15,0.005752652489449841,0.29097277530248256,26.0,-0.007662872745569137,0.30161377647270743,25.8,0.005830920310793365,0.2871414029776315,0.2862627614607659
2025-10-17,25.65,25.8,25.95,25.65,0,-0.0058309203107933215,-0.005813953488372214,8.0,0.0,0.25,8.0,1.0,0.15,1,0.10044169682661665,0.12642832133006607,0.2862627614607659,0.24000049635451026,0.3719622753940113,0.35978343231173016,25.85,0.9922630560928433,25.945,0.9886297937945654,25.807499999999997,0.993897122929381,26.493000000000002,0.9681802740346506,24.63,1.0414129110840438,46.29629629629625,-0.13659744331368628,-0.13788402514694437,25.807499999999997,26.602401516574893,25.0125984834251,0.06160236493847882,0.43928571428571395,25.8,0.001939864817826676,0.2861509135473566,25.75,-0.005808341595746902,0.28654655299810816,25.9,-0.009606221805439867,0.2881465624744255,26.0,0.0,0.29009221937729956,26.5,0.026770241064604832,0.2982833071431985,0.2868159634419779
2025-10-20,25.45,25.65,25.95,25.45,0,-0.007827828620246792,-0.007797270955165692,8.0,0.0,0.25,8.0,1.0,0.15,1,0.07001411281712822,0.09610632492062585,0.2868159634419779,0.23912120919998528,0.37176094590536124,0.35970209958588023,25.709999999999997,0.9898872034227928,25.889999999999997,0.9830050212437236,25.785000000000004,0.9870079503587356,26.453999999999997,0.9620473274363046,24.63375,1.0331354341097072,45.45454545454546,-0.16213001838303143,-0.14273322379416178,25.785000000000004,26.594223149238573,24.975776850761434,0.06276696910906102,0.4214285714285711,25.65,-0.0058309203107933215,0.2862627614607659,25.8,0.001939864817826676,0.2861509135473566,25.75,-0.005808341595746902,0.28654655299810816,26.15,0.005752652489449841,0.29097277530248256,26.0,-0.019048194970694474,0.3042703564772566,0.2565570719085154
2025-10-21,25.0,25.45,25.75,25.0,0,-0.017839918128331005,-0.017681728880157177,8.0,0.0,0.25,8.0,1.0,0.15,1,0.11249364080306538,0.12296596298437985,0.2565570719085154,0.22894361503645466,0.37041863102904393,0.3601451111893802,25.53,0.9792401096748923,25.79,0.9693679720822025,25.73,0.9716284492809949,26.401999999999997,0.9468979622755853,24.63875,1.014661863933844,39.6825396825397,-0.21618397299994996,-0.15742337363531944,25.73,26.596572194581306,24.863427805418695,0.06735889580888499,0.46785714285714264,25.45,-0.007827828620246792,0.2868159634419779,25.65,-0.0058309203107933215,0.2862627614607659,25.8,0.001939864817826676,0.2861509135473566,25.9,-0.009606221805439867,0.2881465624744255,26.0,0.0,0.30167115043496906,0.26363409251105835
2025-10-22,24.45,25.0,25.25,24.4,0,-0.022245608947319737,-0.02200000000000002,8.0,0.0,0.25,8.0,1.0,0.15,1,0.1537919505031245,0.13512635029993983,0.26363409251105835,0.21979885552478048,0.37186838107851233,0.3606978106596217,25.27,0.9675504550850811,25.615,0.9545188366191685,25.7125,0.9508993680116675,26.337,0.9283517484907164,24.641,0.9922486912057141,30.9859154929577,-0.2999449462981083,-0.18592768816787725,25.7125,26.66774865872735,24.757251341272646,0.07430227778141782,0.5035714285714283,25.0,-0.017839918128331005,0.2565570719085154,25.45,-0.007827828620246792,0.2868159634419779,25.65,-0.0058309203107933215,0.2862627614607659,25.75,-0.005808341595746902,0.28654655299810816,26.2,0.007662872745569097,0.3012877750589499,0.21050650111993316
2025-10-23,24.95,24.45,25.0,24.5,0,0.020243606276646595,0.020449897750511203,8.0,0.0,0.25,8.0,1.0,0.15,1,0.2624998739343286,0.19160421464104904,0.21050650111993316,0.22439054038175044,0.3709636497175774,0.36120366470824294,25.099999999999998,0.9940239043824701,25.509999999999998,0.9780478243825951,25.714999999999996,0.9702508263659344,26.285,0.949210576374358,24.6465,1.0123141216805631,26.865671641791025,-0.322265424565348,-0.2131952354473714,25.714999999999996,26.661517161409396,24.768482838590597,0.07361595655527123,0.4607142857142857,24.45,-0.022245608947319737,0.26363409251105835,25.0,-0.017839918128331005,0.2565570719085154,25.45,-0.007827828620246792,0.2868159634419779,25.8,0.001939864817826676,0.2861509135473566,26.0,-0.007662872745569137,0.30161377647270743,0.21017046776765402
2025-10-24,25.0,24.95,25.4,24.5,0,0.0020020026706731903,0.002004008016032177,8.0,0.0,0.25,8.0,1.0,0.15,1,0.2699191151549584,0.19306821013996428,0.21017046776765402,0.21802691412246752,0.36943653643202107,0.3610890028817607,24.97,1.001201441730076,25.41,0.9838646202282566,25.689999999999998,0.973141300116777,26.233,0.952998132123661,24.651,1.0141576406636648,32.75862068965516,-0.3320918343238368,-0.23697455522266447,25.689999999999998,26.685569131068874,24.69443086893112,0.07750635508515971,0.4428571428571428,24.95,0.020243606276646595,0.21050650111993316,24.45,-0.022245608947319737,0.26363409251105835,25.0,-0.017839918128331005,0.2565570719085154,25.65,-0.0058309203107933215,0.2862627614607659,26.0,0.0,0.29009221937729956,0.26918993314135053
2025-10-27,23.65,22.8,24.5,22.8,0,-0.05551270993025883,-0.05400000000000005,8.0,0.0,0.25,8.0,1.0,0.15,1,0.45127185593264885,0.31411703667870705,0.26918993314135053,0.2419728024783724,0.372440652446989,0.365466322083711,24.61,0.9609914668833807,25.16,0.9399841017488075,25.58,0.9245504300234558,26.153,0.9042939624517263,24.646749999999997,0.9595585624879549,22.35294117647058,-0.44369837377195154,-0.27831931893252193,25.58,26.92571444534916,24.234285554650835,0.10521614115317929,0.5821428571428571,25.0,0.0020020026706731903,0.21017046776765402,24.95,0.020243606276646595,0.21050650111993316,24.45,-0.022245608947319737,0.26363409251105835,25.45,-0.007827828620246792,0.2868159634419779,26.15,0.005752652489449841,0.29097277530248256,0.2700199572135509
2025-10-28,23.1,23.65,24.0,23.0,0,-0.023530497410194046,-0.023255813953488302,8.0,0.0,0.25,8.0,1.0,0.15,1,0.45557751400323027,0.3212638660611309,0.2700199572135509,0.24566909873482493,0.3737210565554133,0.36626595072882256,24.229999999999997,0.9533635988444079,24.880000000000003,0.9284565916398714,25.45,0.9076620825147349,26.055999999999997,0.8865520417562175,24.637249999999998,0.9376046433753769,16.304347826086968,-0.5699576468578336,-0.3366469845175843,25.45,27.191143000264113,23.708856999735886,0.1368285265433488,0.6178571428571428,23.65,-0.05551270993025883,0.26918993314135053,25.0,0.0020020026706731903,0.21017046776765402,24.95,0.020243606276646595,0.21050650111993316,25.0,-0.017839918128331005,0.2565570719085154,25.9,-0.009606221805439867,0.2881465624744255,0.27126011480545703
2025-10-29,23.15,23.1,23.3,23.05,0,0.0021621630044950956,0.0021645021645020357,8.0,0.0,0.25,8.0,1.0,0.15,1,0.4666690661052386,0.3276057752147401,0.27126011480545703,0.2433801381912897,0.373694646057994,0.3662689435307788,23.97,0.965790571547768,24.619999999999997,0.9402924451665313,25.325,0.914116485686081,25.968999999999998,0.8914474950903,24.62925,0.9399392998162753,17.9775280898876,-0.6583948819324377,-0.40099656400055494,25.325,27.342684968368253,23.307315031631745,0.1593433341258246,0.6142857142857141,23.1,-0.023530497410194046,0.2700199572135509,23.65,-0.05551270993025883,0.26918993314135053,25.0,0.0020020026706731903,0.21017046776765402,24.45,-0.022245608947319737,0.26363409251105835,25.75,-0.005808341595746902,0.28654655299810816,0.2710780796788808
2025-10-30,23.0,23.15,23.7,23.0,0,-0.006500564603093316,-0.00647948164146861,8.0,0.0,0.25,8.0,1.0,0.15,1,0.3857340058823061,0.32120535505637837,0.2710780796788808,0.24190603618582412,0.3737579769665711,0.36631032321085427,23.580000000000002,0.9754028837998303,24.339999999999996,0.9449465899753494,25.185,0.9132420091324202,25.879999999999995,0.8887171561051006,24.62175,0.9341334389310265,17.391304347826036,-0.7321460503591766,-0.4672264612722793,25.185,27.438675360733914,22.931324639266084,0.1789696534233802,0.6607142857142855,23.15,0.0021621630044950956,0.27126011480545703,23.1,-0.023530497410194046,0.2700199572135509,23.65,-0.05551270993025883,0.26918993314135053,24.95,0.020243606276646595,0.21050650111993316,25.8,0.001939864817826676,0.2861509135473566,0.3543314987742982
2025-10-31,24.45,23.0,24.45,23.0,0,0.06113599999173131,0.06304347826086953,8.0,0.0,0.25,8.0,1.0,0.15,1,0.6791300478255383,0.487236073311708,0.3543314987742982,0.2736397435734357,0.38315376734732054,0.3590732348427119,23.47,1.041755432466979,24.220000000000002,1.009496284062758,25.0825,0.9747832153892155,25.820999999999998,0.9469036830486813,24.620500000000003,0.9930748766272007,35.593220338983045,-0.6659152444216154,-0.5069642179021465,25.0825,27.269849994856827,22.895150005143172,0.1744124385413597,0.7499999999999998,23.0,-0.006500564603093316,0.2710780796788808,23.15,0.0021621630044950956,0.27126011480545703,23.1,-0.023530497410194046,0.2700199572135509,25.0,0.0020020026706731903,0.21017046776765402,25.65,-0.0058309203107933215,0.2862627614607659,0.35071668268459266
2025-11-03,23.7,24.45,24.3,22.5,0,-0.031155167779795576,-0.030674846625766916,8.0,0.0,0.25,8.0,1.0,0.15,1,0.5782756347294823,0.5050530743151502,0.35071668268459266,0.27956808679242967,0.37386817026964436,0.3604481737640638,23.479999999999997,1.0093696763202726,24.044999999999998,0.9856519026824704,24.967499999999998,0.9492340042054672,25.756,0.9201739400528032,24.616500000000002,0.9627688745353725,32.8125,-0.6662652939643081,-0.5388244331145788,24.967499999999998,27.193252386095683,22.741747613904312,0.17829197044923883,0.8642857142857141,24.45,0.06113599999173131,0.3543314987742982,23.0,-0.006500564603093316,0.2710780796788808,23.15,0.0021621630044950956,0.27126011480545703,23.65,-0.05551270993025883,0.26918993314135053,25.45,-0.007827828620246792,0.2868159634419779,0.3580771896609757
2025-11-04,23.0,23.7,23.05,22.9,0,-0.029980832211935784,-0.029535864978902926,8.0,0.0,0.25,8.0,1.0,0.15,1,0.5966298791739473,0.5158282118838184,0.3580771896609757,0.283612259367561,0.3743280286649237,0.3608814523462403,23.46,0.9803921568627451,23.845,0.9645628014258755,24.8175,0.9267653873274907,25.676,0.895778158591681,24.609250000000003,0.9346079218180154,30.215827338129486,-0.7147872382616924,-0.5740169941440016,24.8175,27.151972779428963,22.483027220571035,0.18813117996808412,0.8999999999999998,23.7,-0.031155167779795576,0.35071668268459266,24.45,0.06113599999173131,0.3543314987742982,23.0,-0.006500564603093316,0.2710780796788808,23.1,-0.023530497410194046,0.2700199572135509,25.0,-0.017839918128331005,0.2565570719085154,0.3580771896609757
2025-11-05,23.0,23.0,23.5,23.0,0,0.0,0.0,8.0,0.0,0.25,8.0,1.0,0.15,1,0.5961353891837728,0.5111009049952778,0.3580771896609757,0.2831786419741066,0.36996639266291587,0.35769741931531224,23.43,0.9816474605207,23.7,0.9704641350210971,24.6575,0.9327790733042686,25.587,0.8988939695939344,24.6015,0.9349023433530476,29.710144927536206,-0.7446572830729004,-0.6081450519297814,24.6575,27.03132103701805,22.28367896298195,0.1925435293130326,0.9071428571428571,23.0,-0.029980832211935784,0.3580771896609757,23.7,-0.031155167779795576,0.35071668268459266,24.45,0.06113599999173131,0.3543314987742982,23.15,0.0021621630044950956,0.27126011480545703,24.45,-0.022245608947319737,0.26363409251105835,0.35871709717385714
2025-11-06,22.5,23.0,23.0,21.35,0,-0.02197890671877523,-0.021739130434782594,8.0,0.0,0.25,8.0,1.0,0.15,1,0.6144871668774925,0.49379005575924917,0.35871709717385714,0.2857537311030309,0.3711361451744268,0.3582063488758527,23.33,0.9644234890698672,23.455,0.9592837348113409,24.482499999999998,0.9190237925048504,25.487,0.8828029976066231,24.59125,0.9149595892848066,28.27586206896551,-0.7994596568358432,-0.6464079729109938,24.482499999999998,26.95365464169238,22.011345358307615,0.201871103171031,1.0035714285714283,23.0,0.0,0.3580771896609757,23.0,-0.029980832211935784,0.3580771896609757,23.7,-0.031155167779795576,0.35071668268459266,23.0,-0.006500564603093316,0.2710780796788808,24.95,0.020243606276646595,0.21050650111993316,0.3625798901133105
2025-11-07,22.0,22.5,22.1,21.65,0,-0.02247285585205863,-0.022222222222222254,8.0,0.0,0.25,8.0,1.0,0.15,1,0.19888187128460694,0.49194890537368047,0.3625798901133105,0.2875406147837479,0.37203415438515963,0.35873702179466466,22.839999999999996,0.9632224168126096,23.154999999999998,0.9501187648456058,24.2825,0.9060022650056626,25.382999999999996,0.8667218216916835,24.5785,0.8950912382773563,27.152317880794683,-0.8731713780821835,-0.6917606539452318,24.2825,26.880733205367353,21.684266794632645,0.21400046991597685,1.0285714285714285,22.5,-0.02197890671877523,0.35871709717385714,23.0,0.0,0.3580771896609757,23.0,-0.029980832211935784,0.3580771896609757,24.45,0.06113599999173131,0.3543314987742982,25.0,0.0020020026706731903,0.21017046776765402,0.3614336195875322
2025-11-10,21.8,22.0,21.95,21.65,0,-0.009132483563272474,-0.009090909090909038,8.0,0.0,0.25,8.0,1.0,0.15,1,0.19011830535914834,0.4303967919618232,0.3614336195875322,0.28737065128173794,0.37190883663345103,0.3588455251768923,22.46,0.9706144256455922,22.970000000000002,0.9490639965171963,24.065,0.9058799085809266,25.278999999999996,0.8623758851220382,24.566750000000003,0.8873782653383129,28.0821917808219,-0.9369264716161254,-0.7407938174794106,24.065,26.73236613633429,21.397633863665714,0.2216801276820517,1.0,22.0,-0.02247285585205863,0.3625798901133105,22.5,-0.02197890671877523,0.35871709717385714,23.0,0.0,0.3580771896609757,23.7,-0.031155167779795576,0.35071668268459266,23.65,-0.05551270993025883,0.26918993314135053,0.44641394017587827
2025-11-11,20.0,21.8,21.7,19.9,0,-0.0861776962410524,-0.0825688073394496,8.0,0.0,0.25,8.0,1.0,0.15,1,0.5378284125422788,0.5814792198670057,0.44641394017587827,0.33125716691662327,0.390050487614324,0.36857662055950297,21.860000000000003,0.9149130832570904,22.66,0.8826125330979699,23.77,0.8413967185527976,25.148999999999997,0.795260248916458,24.54625,0.814788409634873,23.976608187134488,-1.1197895623151872,-0.816592966446566,23.77,26.855176784152462,20.684823215847537,0.2595857622341155,1.075,21.8,-0.009132483563272474,0.3614336195875322,22.0,-0.02247285585205863,0.3625798901133105,22.5,-0.02197890671877523,0.35871709717385714,23.0,-0.029980832211935784,0.3580771896609757,23.1,-0.023530497410194046,0.2700199572135509,0.5828660487645195
2025-11-12,22.0,22.0,22.0,21.05,0,0.09531017980432493,0.10000000000000009,8.0,0.0,0.25,8.0,1.0,0.15,1,1.0405657479540087,0.8020053551064354,0.5828660487645195,0.38722078369640345,0.41291586564170213,0.3777793239225241,21.660000000000004,1.015697137580794,22.545,0.9758261255267242,23.5825,0.9328951553058412,25.065,0.8777179333732296,24.53525,0.8966690781630511,35.3233830845771,-1.0907530714119957,-0.8714249874396519,23.5825,26.616391889965687,20.548608110034312,0.2573002768973338,1.1785714285714286,20.0,-0.0861776962410524,0.44641394017587827,21.8,-0.009132483563272474,0.3614336195875322,22.0,-0.02247285585205863,0.3625798901133105,23.0,0.0,0.3580771896609757,23.15,0.0021621630044950956,0.27126011480545703,0.6103541231304952
2025-11-13,23.0,22.0,23.7,22.05,0,0.044451762570833796,0.045454545454545414,8.0,0.0,0.25,8.0,1.0,0.15,1,1.0934529354575497,0.8394196998984971,0.6103541231304952,0.39885883730097266,0.41761876732341485,0.3798298329730837,21.76,1.056985294117647,22.545,1.0201818585052118,23.4425,0.9811240268742669,25.007999999999996,0.9197056941778633,24.5275,0.9377229640199776,40.9090909090909,-0.9758013697481047,-0.8923002639013425,23.4425,26.29875352700453,20.58624647299547,0.24368164888595753,1.2357142857142858,22.0,0.09531017980432493,0.5828660487645195,20.0,-0.0861776962410524,0.44641394017587827,21.8,-0.009132483563272474,0.3614336195875322,22.5,-0.02197890671877523,0.35871709717385714,23.0,-0.006500564603093316,0.2710780796788808,0.6100980052987
2025-11-14,23.0,23.0,23.0,22.0,0,0.0,0.0,8.0,0.0,0.25,8.0,1.0,0.15,1,1.070052384197695,0.7677936111560335,0.6100980052987,0.3979335730289028,0.4175195920979915,0.3796206374852222,21.96,1.04735883424408,22.4,1.0267857142857144,23.31,0.9867009867009867,24.956,0.921622054816477,24.519000000000002,0.9380480443737509,46.63212435233161,-0.8746192516952185,-0.8887640614601178,23.31,25.97450350860491,20.645496491395086,0.22861462965293117,1.1500000000000001,23.0,0.044451762570833796,0.6103541231304952,22.0,0.09531017980432493,0.5828660487645195,20.0,-0.0861776962410524,0.44641394017587827,22.0,-0.02247285585205863,0.3625798901133105,24.45,0.06113599999173131,0.3543314987742982,0.6175962792923126
2025-11-17,22.25,23.0,22.75,22.15,0,-0.03315220731690051,-0.03260869565217395,8.0,0.0,0.25,8.0,1.0,0.15,1,1.108438580509694,0.7696804760355089,0.6175962792923126,0.4016260067787114,0.41871462325907105,0.38089769631428916,22.05,1.0090702947845804,22.255000000000003,0.9997753313862052,23.15,0.961123110151188,24.882999999999996,0.8941847847928306,24.50375,0.9080242819976534,45.68527918781725,-0.845207401349569,-0.880052729438008,23.15,25.65284049158455,20.64715950841545,0.21622812022328727,1.1392857142857145,23.0,0.0,0.6100980052987,23.0,0.044451762570833796,0.6103541231304952,22.0,0.09531017980432493,0.5828660487645195,21.8,-0.009132483563272474,0.3614336195875322,23.7,-0.031155167779795576,0.35071668268459266,0.6177881628236472
2025-11-18,22.0,22.25,22.5,22.0,0,-0.011299555253933394,-0.011235955056179803,8.0,0.0,0.25,8.0,1.0,0.15,1,0.8121611505880367,0.759238279800022,0.6177881628236472,0.40192539425866775,0.40833963785590344,0.3801393392548542,22.45,0.9799554565701559,22.155,0.9930038366057323,23.0,0.9565217391304348,24.808999999999997,0.8867749606997462,24.474750000000004,0.8988855861653335,44.278606965174134,-0.8324749556217839,-0.8705371746747632,23.0,25.393192098652335,20.606807901347665,0.20810366075237696,1.1571428571428573,22.25,-0.03315220731690051,0.6175962792923126,23.0,0.0,0.6100980052987,23.0,0.044451762570833796,0.6103541231304952,20.0,-0.0861776962410524,0.44641394017587827,23.0,-0.029980832211935784,0.3580771896609757,0.617418702242026
2025-11-19,21.65,22.0,22.5,21.5,0,-0.016036998909817076,-0.015909090909090984,8.0,0.0,0.25,8.0,1.0,0.15,1,0.46339264613651354,0.7608756454711688,0.617418702242026,0.4026870925867078,0.4078460205688877,0.38043546480916063,22.38,0.9673815907059875,22.02,0.9831970935513169,22.860000000000003,0.9470691163604548,24.724,0.8756673677398479,24.448,0.8855530104712042,43.41463414634146,-0.8409327265687132,-0.8646162850535533,22.860000000000003,25.223449753398917,20.49655024660109,0.20677600642160227,1.1785714285714288,22.0,-0.011299555253933394,0.6177881628236472,22.25,-0.03315220731690051,0.6175962792923126,23.0,0.0,0.6100980052987,22.0,0.09531017980432493,0.5828660487645195,23.0,0.0,0.3580771896609757,0.6206575326744801
2025-11-20,21.0,21.65,21.5,20.95,0,-0.030483016725075765,-0.03002309468822162,8.0,0.0,0.25,8.0,1.0,0.15,1,0.21852336260638602,0.7670336172793627,0.6206575326744801,0.4054422884539555,0.4098880705037827,0.380645752651496,21.98,0.9554140127388535,21.869999999999997,0.9602194787379974,22.6625,0.9266409266409266,24.614,0.8531729909807426,24.4195,0.8599684678228465,31.746031746031747,-0.8898277582044152,-0.8696585796837256,22.6625,24.949505626762054,20.37549437323795,0.20183171554436205,1.1250000000000002,21.65,-0.016036998909817076,0.617418702242026,22.0,-0.011299555253933394,0.6177881628236472,22.25,-0.03315220731690051,0.6175962792923126,23.0,0.044451762570833796,0.6103541231304952,22.5,-0.02197890671877523,0.35871709717385714,0.6148948867042995
2025-11-21,20.5,21.0,20.95,20.05,0,-0.02409755157906053,-0.023809523809523836,8.0,0.0,0.25,8.0,1.0,0.15,1,0.14756682907965565,0.7680000118870598,0.6148948867042995,0.40724800804051603,0.40690344586860416,0.38136497809780057,21.48,0.9543761638733705,21.72,0.9438305709023942,22.4375,0.9136490250696379,24.495,0.8369054909165136,24.390500000000003,0.840491174842664,32.60869565217391,-0.9578813840363232,-0.8873031405542452,22.4375,24.640100138114075,20.234899861885925,0.19633204573718777,1.0535714285714288,21.0,-0.030483016725075765,0.6206575326744801,21.65,-0.016036998909817076,0.617418702242026,22.0,-0.011299555253933394,0.6177881628236472,23.0,0.0,0.6100980052987,22.0,-0.02247285585205863,0.3625798901133105,0.6193249494834503
2025-11-24,20.8,20.5,20.8,20.45,0,0.014528100562909808,0.014634146341463428,8.0,0.0,0.25,8.0,1.0,0.15,1,0.27467729758315396,0.7753630542942253,0.6193249494834503,0.4068500296707842,0.4068387691594164,0.3816608396720934,21.19,0.9815950920245399,21.619999999999997,0.962072155411656,22.294999999999998,0.9329446064139942,24.375,0.8533333333333334,24.364500000000003,0.8537010814915142,37.5,-0.9763521007532177,-0.9051129325940398,22.294999999999998,24.535747055876694,20.054252944123302,0.2010089307805962,1.0214285714285718,20.5,-0.02409755157906053,0.6148948867042995,21.0,-0.030483016725075765,0.6206575326744801,21.65,-0.016036998909817076,0.617418702242026,22.25,-0.03315220731690051,0.6175962792923126,21.8,-0.009132483563272474,0.3614336195875322,0.5955448149062448
2025-11-25,20.7,20.8,20.9,20.55,0,-0.004819286435948995,-0.004807692307692402,8.0,0.0,0.25,8.0,1.0,0.15,1,0.2816783275044718,0.6298838874200098,0.5955448149062448,0.4066538988581051,0.40682888852819477,0.38048773852308476,20.93,0.9890109890109889,21.689999999999998,0.9543568464730291,22.175,0.9334836527621194,24.249000000000002,0.8536434492144005,24.338,0.8505218177335853,37.07865168539326,-0.9876741483148521,-0.9216251757382024,22.175,24.490053710869255,19.859946289130747,0.20879853085630248,1.010714285714286,20.8,0.014528100562909808,0.6193249494834503,20.5,-0.02409755157906053,0.6148948867042995,21.0,-0.030483016725075765,0.6206575326744801,22.0,-0.011299555253933394,0.6177881628236472,20.0,-0.0861776962410524,0.44641394017587827,0.5933296299976355
2025-11-26,20.8,20.7,21.05,20.6,0,0.004819286435948922,0.004830917874396157,8.0,0.0,0.25,8.0,1.0,0.15,1,0.3018852927779671,0.37088539935382336,0.5933296299976355,0.4068603480531481,0.40622449869721755,0.3805088871919259,20.759999999999998,1.0019267822736033,21.57,0.9643022716736208,22.057499999999997,0.9429899127280972,24.122999999999998,0.8622476474733658,24.31125,0.855570980513137,40.00000000000001,-0.9773119445718024,-0.9327625295049224,22.057499999999997,24.402545168457138,19.712454831542857,0.21263018641796586,0.9250000000000002,20.7,-0.004819286435948995,0.5955448149062448,20.8,0.014528100562909808,0.6193249494834503,20.5,-0.02409755157906053,0.6148948867042995,21.65,-0.016036998909817076,0.617418702242026,22.0,0.09531017980432493,0.5828660487645195,0.5950078238437003
2025-11-27,21.0,20.8,21.0,20.85,0,0.009569451016150672,0.009615384615384581,8.0,0.0,0.25,8.0,1.0,0.15,1,0.24202548928264403,0.26538587702166033,0.5950078238437003,0.4077429826209747,0.4064532322391365,0.3806255143473208,20.759999999999998,1.0115606936416186,21.369999999999997,0.982686008423023,21.9575,0.956393031993624,24.000999999999998,0.8749635431857007,24.27725,0.865007362860291,43.90243902439024,-0.9421015348634647,-0.9346303305766309,21.9575,24.30389140630412,19.611108593695878,0.21372118012561736,0.8785714285714287,20.8,0.004819286435948922,0.5933296299976355,20.7,-0.004819286435948995,0.5955448149062448,20.8,0.014528100562909808,0.6193249494834503,21.0,-0.030483016725075765,0.6206575326744801,23.0,0.044451762570833796,0.6103541231304952,0.5951780102279062
2025-11-28,21.0,21.0,21.05,20.8,0,0.0,0.0,8.0,0.0,0.25,8.0,1.0,0.15,1,0.12114463611455839,0.26538587702166033,0.5951780102279062,0.40671589037477274,0.4063935104710737,0.3791193970307921,20.86,1.0067114093959733,21.169999999999998,0.9919697685403874,21.785,0.9639660316731696,23.881,0.8793601607972865,24.24425,0.8661847654598512,44.99999999999999,-0.9037788317032174,-0.9284600308019483,21.785,23.850276838840607,19.719723161159393,0.18960540177558932,0.8714285714285713,21.0,0.009569451016150672,0.5950078238437003,20.8,0.004819286435948922,0.5933296299976355,20.7,-0.004819286435948995,0.5955448149062448,20.5,-0.02409755157906053,0.6148948867042995,23.0,0.0,0.6100980052987,0.5461011120360729
2025-12-01,21.0,21.0,22.45,20.8,0,0.0,0.0,8.0,0.0,0.25,8.0,1.0,0.15,1,0.08684333673542347,0.23123033656733247,0.5461011120360729,0.4064779535020418,0.40635120438348493,0.37909832274979277,20.9,1.0047846889952154,21.044999999999998,0.9978617248752674,21.65,0.9699769053117784,23.782999999999998,0.88298364377917,24.20925,0.8674370333653458,58.06451612903225,-0.8634544479542683,-0.9154589142324123,21.65,23.533166426387332,19.766833573612665,0.1739645659480216,0.8535714285714283,21.0,0.0,0.5951780102279062,21.0,0.009569451016150672,0.5950078238437003,20.8,0.004819286435948922,0.5933296299976355,20.8,0.014528100562909808,0.6193249494834503,22.25,-0.03315220731690051,0.6175962792923126,0.5391486354519441
2025-12-02,20.9,21.0,21.0,20.5,0,-0.004773278752657771,-0.004761904761904856,8.0,0.0,0.25,8.0,1.0,0.15,1,0.08661893446133904,0.22918173867134947,0.5391486354519441,0.4059859411682803,0.40639852852580477,0.3790946027867031,20.94,0.9980897803247372,20.935,0.9983281585860998,21.545,0.9700626595497794,23.679000000000002,0.8826386249419316,24.17375,0.864574176534464,37.2093023255814,-0.8299985410517685,-0.8983668395962836,21.545,23.343508153705756,19.746491846294248,0.16695364620150882,0.7464285714285711,21.0,0.0,0.5461011120360729,21.0,0.0,0.5951780102279062,21.0,0.009569451016150672,0.5950078238437003,20.7,-0.004819286435948995,0.5955448149062448,22.0,-0.011299555253933394,0.6177881628236472,0.5330680059705976
2025-12-03,21.0,20.9,21.0,20.5,0,0.004773278752657812,0.004784688995215447,8.0,0.0,0.25,8.0,1.0,0.15,1,0.08652258283822534,0.22522442803170414,0.5330680059705976,0.4061000308186095,0.4064642261727256,0.3787368554050387,20.98,1.0009532888465205,20.869999999999997,1.0062290368950648,21.445,0.9792492422476101,23.603,0.8897174088039655,24.13825,0.8699885037233437,20.588235294117695,-0.7863507673697328,-0.8759636251509735,21.445,23.12111706663088,19.76888293336912,0.15631774927776917,0.6607142857142855,20.9,-0.004773278752657771,0.5391486354519441,21.0,0.0,0.5461011120360729,21.0,0.0,0.5951780102279062,20.8,0.004819286435948922,0.5933296299976355,21.65,-0.016036998909817076,0.617418702242026,0.5328356490353051
2025-12-04,20.9,21.0,21.0,20.6,0,-0.004773278752657771,-0.004761904761904856,8.0,0.0,0.25,8.0,1.0,0.15,1,0.06339661761419915,0.16698504122591135,0.5328356490353051,0.4049950393749375,0.4064083519168362,0.37833901408026277,20.96,0.9971374045801525,20.86,1.0019175455417066,21.365000000000002,0.97823543178095,23.522999999999996,0.8884921141010926,24.102250000000005,0.8671389600555962,20.000000000000043,-0.7511697393582253,-0.8510048479924239,21.365000000000002,22.9807448990933,19.749255100906705,0.15125157024042096,0.6178571428571425,21.0,0.004773278752657812,0.5330680059705976,20.9,-0.004773278752657771,0.5391486354519441,21.0,0.0,0.5461011120360729,21.0,0.009569451016150672,0.5950078238437003,21.0,-0.030483016725075765,0.6206575326744801,0.5405378781038767
2025-12-05,21.5,21.0,22.3,20.7,0,0.02830377616285194,0.028708133971292016,8.0,0.0,0.25,8.0,1.0,0.15,1,0.2186305687087732,0.16663649620384674,0.5405378781038767,0.409813202284976,0.40830328274173006,0.3793966307771258,21.06,1.0208926875593543,20.96,1.025763358778626,21.34,1.0074976569821932,23.442999999999998,0.9171181162820459,24.069000000000003,0.8932651958951348,38.80597014925376,-0.6671826691001144,-0.814240412213962,21.34,22.92963749591524,19.75036250408476,0.1489819583800601,0.671428571428571,20.9,-0.004773278752657771,0.5328356490353051,21.0,0.004773278752657812,0.5330680059705976,20.9,-0.004773278752657771,0.5391486354519441,21.0,0.0,0.5951780102279062,20.5,-0.02409755157906053,0.6148948867042995,0.5399318021248662
2025-12-08,21.05,21.5,21.75,21.0,0,-0.02115237500522668,-0.020930232558139528,8.0,0.0,0.25,8.0,1.0,0.15,1,0.2879099442402222,0.20084234495198028,0.5399318021248662,0.4108549219268984,0.40222415118243665,0.3799409447282516,21.07,0.9990507831039392,20.985,1.0030974505599237,21.302500000000002,0.9881469311113719,23.346999999999998,0.9016147684927401,24.0335,0.87586077766451,36.619718309859195,-0.6296750480249571,-0.777327339376161,21.302500000000002,22.8817986451349,19.723201354865104,0.14827354959604722,0.689285714285714,21.5,0.02830377616285194,0.5405378781038767,20.9,-0.004773278752657771,0.5328356490353051,21.0,0.004773278752657812,0.5330680059705976,21.0,0.0,0.5461011120360729,20.8,0.014528100562909808,0.6193249494834503,0.5396503147096636
2025-12-09,20.9,20.5,21.0,20.4,0,-0.00715140115762524,-0.0071258907363421775,8.0,0.0,0.25,8.0,1.0,0.15,1,0.2911184824424421,0.203125894204241,0.5396503147096636,0.4074500295026438,0.3965250046471264,0.37862108771167746,21.07,0.9919316563834836,21.005,0.9950011901928112,21.3475,0.9790373580044501,23.250999999999998,0.8988860694163692,23.9975,0.8709240545890197,38.80597014925376,-0.6050787631595185,-0.7428776241328325,21.3475,22.818079907096696,19.876920092903305,0.13777537483046684,0.664285714285714,21.05,-0.02115237500522668,0.5399318021248662,21.5,0.02830377616285194,0.5405378781038767,20.9,-0.004773278752657771,0.5328356490353051,20.9,-0.004773278752657771,0.5391486354519441,20.7,-0.004819286435948995,0.5955448149062448,0.457461941695543
2025-12-10,20.3,20.5,20.6,20.2,0,-0.0291282729230236,-0.028708133971291794,8.0,0.0,0.25,8.0,1.0,0.15,1,0.3496940678788957,0.250933709992099,0.457461941695543,0.41056951283623566,0.39845399442134194,0.37968886803287455,20.93,0.9698996655518395,20.955000000000002,0.9687425435456931,21.2625,0.9547325102880659,23.143999999999995,0.8771171793985485,23.960250000000002,0.8472365689005749,39.393939393939434,-0.6267759329867744,-0.719657285903621,21.2625,22.770330438602944,19.754669561397055,0.1418300236193246,0.664285714285714,20.9,-0.00715140115762524,0.5396503147096636,21.05,-0.02115237500522668,0.5399318021248662,21.5,0.02830377616285194,0.5405378781038767,21.0,0.004773278752657812,0.5330680059705976,20.8,0.004819286435948922,0.5933296299976355,0.3014649847772642
2025-12-11,20.2,20.2,20.5,20.2,0,-0.004938281640582677,-0.0049261083743843415,8.0,0.0,0.25,8.0,1.0,0.15,1,0.3496363630699854,0.2419097373948178,0.3014649847772642,0.4090543370170747,0.398428328125366,0.3791102373326132,20.79,0.9716209716209716,20.875,0.9676646706586826,21.1225,0.9563261924488106,23.031999999999996,0.8770406391108024,23.92375,0.8443492345472595,44.827586206896555,-0.6446096024185373,-0.7046477492066042,21.1225,22.461578630606102,19.783421369393896,0.12679168001951505,0.6178571428571428,20.3,-0.0291282729230236,0.457461941695543,20.9,-0.00715140115762524,0.5396503147096636,21.05,-0.02115237500522668,0.5399318021248662,20.9,-0.004773278752657771,0.5328356490353051,21.0,0.009569451016150672,0.5950078238437003,0.24447429086882003
2025-12-12,20.1,20.2,20.35,20.05,0,-0.004962789342128902,-0.004950495049504844,8.0,0.0,0.25,8.0,1.0,0.15,1,0.17557088764189252,0.24095965835122685,0.24447429086882003,0.4083364897685563,0.3793446905186645,0.37871415329887703,20.51,0.9800097513408094,20.785,0.9670435410151552,20.9775,0.9581694672863784,22.903999999999996,0.8775759692630111,23.88975,0.8413650205632124,37.03703703703708,-0.6592130801509022,-0.6955608153954639,20.9775,22.064976557520385,19.890023442479613,0.10368028197071967,0.6142857142857141,20.2,-0.004938281640582677,0.3014649847772642,20.3,-0.0291282729230236,0.457461941695543,20.9,-0.00715140115762524,0.5396503147096636,21.5,0.02830377616285194,0.5405378781038767,21.0,0.0,0.5951780102279062,0.2434328536516429
2025-12-15,20.0,20.05,20.6,20.0,0,-0.004987541511039162,-0.004975124378109541,8.0,0.0,0.25,8.0,1.0,0.15,1,0.1683468143502068,0.2397185931287497,0.2434328536516429,0.407981228299022,0.37810775286910675,0.3774208499463894,20.3,0.9852216748768473,20.685,0.9668842156151801,20.865000000000002,0.9585430146177809,22.783999999999995,0.8778089887640451,23.85725,0.8383195883850821,37.03703703703708,-0.6711193595121436,-0.6906725242187999,20.865000000000002,21.859775827695305,19.8702241723047,0.0953535420747954,0.6321428571428572,20.1,-0.004962789342128902,0.24447429086882003,20.2,-0.004938281640582677,0.3014649847772642,20.3,-0.0291282729230236,0.457461941695543,21.05,-0.02115237500522668,0.5399318021248662,21.0,0.0,0.5461011120360729,0.22430324492430026
2025-12-16,20.0,20.0,20.15,20.0,0,0.0,0.0,8.0,0.0,0.25,8.0,1.0,0.15,1,0.1835635654882832,0.2409718438745359,0.22430324492430026,0.407981228299022,0.37288628283581504,0.37638977282363506,20.119999999999997,0.9940357852882705,20.595,0.9711094925952902,20.765,0.963159162051529,22.663999999999998,0.8824567596187788,23.828249999999997,0.8393398592007387,34.61538461538463,-0.6727995571938905,-0.687097930813818,20.765,21.678120733354923,19.851879266645078,0.0879480600390005,0.6107142857142858,20.0,-0.004987541511039162,0.2434328536516429,20.1,-0.004962789342128902,0.24447429086882003,20.2,-0.004938281640582677,0.3014649847772642,20.9,-0.00715140115762524,0.5396503147096636,20.9,-0.004773278752657771,0.5391486354519441,0.27021671565271327
2025-12-17,20.8,20.1,20.9,20.05,0,0.03922071315328133,0.040000000000000036,8.0,0.0,0.25,8.0,1.0,0.15,1,0.30676696717630764,0.32506834175485805,0.27021671565271327,0.41738348978670653,0.372767586926445,0.37849576178652217,20.220000000000002,1.0286844708209693,20.575,1.0109356014580804,20.7225,1.0037398962480395,22.555999999999997,0.9221493172548325,23.804000000000002,0.8738027222315576,46.87500000000002,-0.6026310561503188,-0.6702045558811182,20.7225,21.53585885780961,19.90914114219039,0.07850007072598489,0.6607142857142857,20.0,0.0,0.22430324492430026,20.0,-0.004987541511039162,0.2434328536516429,20.1,-0.004962789342128902,0.24447429086882003,20.3,-0.0291282729230236,0.457461941695543,21.0,0.004773278752657812,0.5330680059705976,0.2677061889587209
2025-12-18,20.95,20.8,21.0,20.6,0,0.007185659660874312,0.007211538461538325,8.0,0.0,0.25,8.0,1.0,0.15,1,0.2941707676519199,0.326676651297288,0.2677061889587209,0.41094469731270833,0.37285567172776357,0.37855854331308325,20.369999999999997,1.0284732449680904,20.58,1.0179786200194363,20.720000000000002,1.011100386100386,22.454999999999995,0.9329770652415945,23.780249999999995,0.8809831688060472,49.253731343283576,-0.5288223324705896,-0.6419281111990125,20.720000000000002,21.530068223246783,19.909931776753222,0.0781919134408089,0.6714285714285714,20.8,0.03922071315328133,0.27021671565271327,20.0,0.0,0.22430324492430026,20.0,-0.004987541511039162,0.2434328536516429,20.2,-0.004938281640582677,0.3014649847772642,20.9,-0.004773278752657771,0.5328356490353051,0.25729159604026575
2025-12-19,20.5,20.95,21.0,20.5,0,-0.021713760223784247,-0.021479713603818618,8.0,0.0,0.25,8.0,1.0,0.15,1,0.35572741121284496,0.30191514775649275,0.25729159604026575,0.41193545925861946,0.37262619758477344,0.3791470228712862,20.45,1.0024449877750612,20.479999999999997,1.0009765625000002,20.72,0.9893822393822395,22.344999999999995,0.9174311926605506,23.75425,0.8630034625382826,43.42105263157895,-0.5008659554284058,-0.6137156800448913,20.72,21.53006822324678,19.90993177675322,0.07819191344080892,0.5892857142857143,20.95,0.007185659660874312,0.2677061889587209,20.8,0.03922071315328133,0.27021671565271327,20.0,0.0,0.22430324492430026,20.1,-0.004962789342128902,0.24447429086882003,21.5,0.02830377616285194,0.5405378781038767,0.2433735020245251
2025-12-22,20.5,20.5,20.95,20.5,0,0.0,0.0,8.0,0.0,0.25,8.0,1.0,0.15,1,0.3495493463018084,0.2881212046969405,0.2433735020245251,0.40063040536468886,0.3717035189427949,0.3790850963357479,20.55,0.9975669099756691,20.425,1.003671970624235,20.705000000000002,0.99009900990099,22.232,0.9220942785174524,23.72875,0.8639308855291576,44.59459459459462,-0.4732549368861996,-0.585623531413153,20.705000000000002,21.519926538502887,19.890073461497117,0.07871784965012169,0.5857142857142856,20.5,-0.021713760223784247,0.25729159604026575,20.95,0.007185659660874312,0.2677061889587209,20.8,0.03922071315328133,0.27021671565271327,20.0,-0.004987541511039162,0.2434328536516429,21.05,-0.02115237500522668,0.5399318021248662,0.2375807108519756
2025-12-23,20.5,20.5,20.8,20.45,0,0.0,0.0,8.0,0.0,0.25,8.0,1.0,0.15,1,0.3495493463018084,0.2872262734098717,0.2375807108519756,0.40042350456566234,0.3711762361979931,0.37904421395274007,20.65,0.9927360774818402,20.384999999999998,1.0056414029923966,20.695,0.9905774341628413,22.123999999999995,0.9265955523413489,23.706499999999995,0.8647417374981547,43.05555555555556,-0.4462291538473053,-0.5577446558999835,20.695,21.51507701820492,19.87492298179508,0.07925363790335054,0.5750000000000001,20.5,0.0,0.2433735020245251,20.5,-0.021713760223784247,0.25729159604026575,20.95,0.007185659660874312,0.2677061889587209,20.0,0.0,0.22430324492430026,20.9,-0.00715140115762524,0.5396503147096636,0.23711186257837633
2025-12-24,20.5,20.5,20.75,20.5,0,0.0,0.0,8.0,0.0,0.25,8.0,1.0,0.15,1,0.17406091071046437,0.24396438610211824,0.23711186257837633,0.39673750200493935,0.37021689441303085,0.3786963109689837,20.589999999999996,0.9956289460903353,20.404999999999998,1.004655721636854,20.68,0.9912959381044487,22.018999999999995,0.9310141241654937,23.688499999999998,0.8653988222133103,44.285714285714306,-0.4199698747843854,-0.5301896996768639,20.68,21.50295999774784,19.85704000225216,0.07958994175511033,0.5642857142857144,20.5,0.0,0.2375807108519756,20.5,0.0,0.2433735020245251,20.5,-0.021713760223784247,0.25729159604026575,20.8,0.03922071315328133,0.27021671565271327,20.3,-0.0291282729230236,0.457461941695543,0.2514910036348121
2025-12-29,21.0,20.5,21.0,20.5,0,0.024097551579060524,0.024390243902439046,8.0,0.0,0.25,8.0,1.0,0.15,1,0.2573241178431039,0.26672160035103115,0.2514910036348121,0.39911552727447874,0.370311259514393,0.3792704135238879,20.6,1.0194174757281553,20.485,1.0251403465950697,20.68,1.0154738878143135,21.923,0.9578980978880628,23.6735,0.8870678184467865,42.64705882352941,-0.3547243441819923,-0.4950966285778896,20.68,21.50295999774784,19.85704000225216,0.07958994175511033,0.48571428571428577,20.5,0.0,0.23711186257837633,20.5,0.0,0.2375807108519756,20.5,0.0,0.2433735020245251,20.95,0.007185659660874312,0.2677061889587209,20.2,-0.004938281640582677,0.3014649847772642,0.2557878927396106
2025-12-30,21.35,21.0,22.4,21.0,0,0.016529301951210724,0.01666666666666683,8.0,0.0,0.25,8.0,1.0,0.15,1,0.1816576419570132,0.2685757763126738,0.2557878927396106,0.4010399317717604,0.3710847202079644,0.37962478211184586,20.770000000000003,1.0279248916706787,20.610000000000003,1.0359049005337213,20.6975,1.0315255465635946,21.837000000000003,0.9776984017951182,23.660500000000003,0.9023477948479534,54.54545454545455,-0.271643380386017,-0.45040597893951506,20.6975,21.56290224903219,19.83209775096781,0.08362384336583548,0.5321428571428571,21.0,0.024097551579060524,0.2514910036348121,20.5,0.0,0.23711186257837633,20.5,0.0,0.2375807108519756,20.5,-0.021713760223784247,0.25729159604026575,20.1,-0.004962789342128902,0.24447429086882003,0.26274307095658145
2025-12-31,21.0,21.35,21.9,21.0,0,-0.016529301951210582,-0.016393442622950838,8.0,0.0,0.25,8.0,1.0,0.15,1,0.2523733783492174,0.28742481019822663,0.26274307095658145,0.4019520897142876,0.36824524010011894,0.3799641864092283,20.869999999999997,1.0062290368950648,20.71,1.0140028971511348,20.6975,1.0146152917018962,21.748,0.9656060327386425,23.64625,0.8880900777078818,51.428571428571445,-0.23137603404574136,-0.40659998996076036,20.6975,21.56290224903219,19.83209775096781,0.08362384336583548,0.5499999999999997,21.35,0.016529301951210724,0.2557878927396106,21.0,0.024097551579060524,0.2514910036348121,20.5,0.0,0.23711186257837633,20.5,0.0,0.2433735020245251,20.0,-0.004987541511039162,0.2434328536516429,0.41029781195448584
2026-01-02,23.0,21.0,23.0,21.9,0,0.09097177820572679,0.09523809523809534,8.0,0.0,0.25,8.0,1.0,0.15,1,0.6523438679137443,0.5160514009166038,0.41029781195448584,0.4436151656907422,0.3901999371930661,0.3901541750951826,21.369999999999997,1.0762751520823586,21.01,1.0947168015230841,20.8025,1.105636341785843,21.708000000000002,1.0595172286714574,23.63925,0.9729581099231152,77.55102040816325,-0.03764661985838913,-0.3328093159402861,20.8025,22.1478526244851,19.457147375514896,0.12934528296936446,0.6428571428571426,21.0,-0.016529301951210582,0.26274307095658145,21.35,0.016529301951210724,0.2557878927396106,21.0,0.024097551579060524,0.2514910036348121,20.5,0.0,0.2375807108519756,20.0,0.0,0.22430324492430026,0.49129657339876337
2026-01-05,25.0,23.0,25.0,22.1,0,0.083381608939051,0.08695652173913038,8.0,0.0,0.25,8.0,1.0,0.15,1,0.7308711069370353,0.6147224211873246,0.49129657339876337,0.4719878349376545,0.40583077874556783,0.3989731623642716,22.27,1.1225864391558151,21.43,1.1665888940737283,21.002499999999998,1.1903344839900014,21.719,1.1510658870113724,23.644499999999997,1.0573283427435558,85.29411764705883,0.27410886555743375,-0.21142567964074213,21.002499999999998,23.313907636734893,18.691092363265103,0.22010785732507038,0.8285714285714282,23.0,0.09097177820572679,0.41029781195448584,21.0,-0.016529301951210582,0.26274307095658145,21.35,0.016529301951210724,0.2557878927396106,20.5,0.0,0.23711186257837633,20.8,0.03922071315328133,0.27021671565271327,0.5486220994647307
2026-01-06,23.5,25.0,25.0,23.3,0,-0.06187540371808753,-0.06000000000000005,8.0,0.0,0.25,8.0,1.0,0.15,1,1.0371138983812564,0.7358084128493719,0.5486220994647307,0.4862290679258122,0.4154086750778557,0.40273117108032164,22.77,1.0320597277119017,21.685000000000002,1.0836984090385058,21.1325,1.1120312315154384,21.69,1.0834485938220377,23.6425,0.9939727186211272,70.73170731707316,0.39557987133271055,-0.0900245694460516,21.1325,23.6981178080222,18.5668821919778,0.24281252175769075,0.928571428571428,25.0,0.083381608939051,0.49129657339876337,23.0,0.09097177820572679,0.41029781195448584,21.0,-0.016529301951210582,0.26274307095658145,21.0,0.024097551579060524,0.2514910036348121,20.95,0.007185659660874312,0.2677061889587209,0.5583075133508318
2026-01-07,22.9,23.5,23.75,22.75,0,-0.025863510589919352,-0.025531914893617058,8.0,0.0,0.25,8.0,1.0,0.15,1,1.0945549579568168,0.7413252839419364,0.5583075133508318,0.48862768086534614,0.4160498139634192,0.4035554219363808,23.080000000000002,0.9922010398613517,21.925,1.0444697833523373,21.2025,1.0800613135243484,21.647999999999996,1.0578344419807835,23.63875,0.9687483475226057,66.66666666666666,0.4383781821670958,0.01565598087657788,21.2025,23.884108904331136,18.520891095668865,0.25295214284458295,0.9571428571428565,23.5,-0.06187540371808753,0.5486220994647307,25.0,0.083381608939051,0.49129657339876337,23.0,0.09097177820572679,0.41029781195448584,21.35,0.016529301951210724,0.2557878927396106,20.5,-0.021713760223784247,0.25729159604026575,0.5543660194808716
2026-01-08,22.6,22.9,24.1,22.6,0,-0.013187004281953688,-0.013100436681222627,8.0,0.0,0.25,8.0,1.0,0.15,1,1.08892130505424,0.7497473966213444,0.5543660194808716,0.4887284977824174,0.4164763668684269,0.4037193668675584,23.4,0.9658119658119659,22.135,1.0210074542579626,21.28,1.0620300751879699,21.627000000000002,1.0449900587228926,23.63475,0.9562191264980591,64.44444444444446,0.442982235588147,0.10112123181889171,21.28,24.031726730618175,18.528273269381828,0.2586209333287757,1.0535714285714282,22.9,-0.025863510589919352,0.5583075133508318,23.5,-0.06187540371808753,0.5486220994647307,25.0,0.083381608939051,0.49129657339876337,21.0,-0.016529301951210582,0.26274307095658145,20.5,0.0,0.2433735020245251,0.547740231426809
2026-01-09,22.65,22.6,23.0,22.6,0,0.00220994565080267,0.0022123893805308104,8.0,0.0,0.25,8.0,1.0,0.15,1,0.854195005817234,0.7490242266042046,0.547740231426809,0.4886908388664783,0.41638094624640193,0.4035855149524722,23.330000000000002,0.9708529789969994,22.35,1.0134228187919463,21.3675,1.06002106002106,21.618,1.0477379961143491,23.63125,0.9584765934937846,61.2121212121212,0.4455297733329786,0.17000294012170908,21.3675,24.178994264621323,18.556005735378676,0.2631561263246822,1.0178571428571423,22.6,-0.013187004281953688,0.5543660194808716,22.9,-0.025863510589919352,0.5583075133508318,23.5,-0.06187540371808753,0.5486220994647307,23.0,0.09097177820572679,0.41029781195448584,20.5,0.0,0.2375807108519756,0.5477751802912431
2026-01-12,23.0,22.65,23.0,22.75,0,0.015334364000106742,0.015452538631346657,8.0,0.0,0.25,8.0,1.0,0.15,1,0.4709749979784897,0.747260599697554,0.5477751802912431,0.48993084430877604,0.413543635344937,0.40354024824731105,22.93,1.003052769297863,22.6,1.0176991150442478,21.5025,1.0696430647599116,21.615,1.0640758732361786,23.630249999999997,0.973328678283133,62.130177514792905,0.4703686730096095,0.2300760866992892,21.5025,24.35713150907963,18.647868490920374,0.26551624314192557,1.014285714285714,22.65,0.00220994565080267,0.547740231426809,22.6,-0.013187004281953688,0.5543660194808716,22.9,-0.025863510589919352,0.5583075133508318,25.0,0.083381608939051,0.49129657339876337,20.5,0.0,0.23711186257837633,0.5346908497781311
2026-01-13,22.95,23.0,23.5,22.85,0,-0.0021762794225955173,-0.0021739130434782483,8.0,0.0,0.25,8.0,1.0,0.15,1,0.24789265437888877,0.7465047284573827,0.5346908497781311,0.4896810048370012,0.400956616626051,0.4030216498791055,22.82,1.0056967572304996,22.795,1.0067997367843824,21.64,1.060536044362292,21.614,1.061811788655501,23.633000000000003,0.9710997334236025,65.21739130434781,0.48048041864788615,0.28015695308900856,21.64,24.495391944706263,18.784608055293738,0.2638994403610224,1.0249999999999997,23.0,0.015334364000106742,0.5477751802912431,22.65,0.00220994565080267,0.547740231426809,22.6,-0.013187004281953688,0.5543660194808716,23.5,-0.06187540371808753,0.5486220994647307,21.0,0.024097551579060524,0.2514910036348121,0.5337090089825017
2026-01-14,22.95,22.95,23.5,22.9,0,0.0,0.0,8.0,0.0,0.25,8.0,1.0,0.15,1,0.16222094233546777,0.746373549426999,0.5337090089825017,0.4894571039392136,0.4009031297451415,0.4029038195938509,22.83,1.0052562417871223,22.955000000000002,0.9997821825310389,21.7825,1.053598071846666,21.584,1.0632876204595998,23.63775,0.9709045911730176,65.21739130434781,0.48292716615766906,0.32071099570274064,21.7825,24.59848351520272,18.96651648479728,0.2585546668383079,1.0357142857142854,22.95,-0.0021762794225955173,0.5346908497781311,23.0,0.015334364000106742,0.5477751802912431,22.65,0.00220994565080267,0.547740231426809,22.9,-0.025863510589919352,0.5583075133508318,21.35,0.016529301951210724,0.2557878927396106,0.534153049130683
2026-01-15,22.8,22.95,24.4,22.8,0,-0.006557400546159052,-0.006535947712418277,8.0,0.0,0.25,8.0,1.0,0.15,1,0.13096152314428042,0.7391301629770084,0.534153049130683,0.48948358596495906,0.38677813599834177,0.40283158864499413,22.869999999999997,0.9969392216878008,23.135,0.9855197752323319,21.9225,1.0400273691412933,21.566,1.0572196976722619,23.64125,0.9644160101517475,64.02439024390245,0.46737487812507794,0.3500437721872081,21.9225,24.64211200793109,19.20288799206891,0.24811148435909136,1.1249999999999996,22.95,0.0,0.5337090089825017,22.95,-0.0021762794225955173,0.5346908497781311,23.0,0.015334364000106742,0.5477751802912431,22.6,-0.013187004281953688,0.5543660194808716,21.0,-0.016529301951210582,0.26274307095658145,0.5335164375199485
2026-01-16,22.75,22.8,23.1,22.75,0,-0.002195390563435726,-0.002192982456140413,8.0,0.0,0.25,8.0,1.0,0.15,1,0.1337178385635458,0.5773442604808975,0.5335164375199485,0.48942052417707793,0.3851013116821328,0.4027473452220731,22.889999999999997,0.9938837920489298,23.110000000000003,0.9844223279965382,22.06,1.0312783318223029,21.561,1.0551458652196095,23.6425,0.9622501850481125,63.63636363636363,0.4458752236479775,0.36921006247936206,22.06,24.64509900044545,19.474900999554546,0.23436980965053972,1.1321428571428567,22.8,-0.006557400546159052,0.534153049130683,22.95,0.0,0.5337090089825017,22.95,-0.0021762794225955173,0.5346908497781311,22.65,0.00220994565080267,0.547740231426809,23.0,0.09097177820572679,0.41029781195448584,0.5330497678617232
2026-01-19,22.9,22.75,23.65,22.85,0,0.006571765163234519,0.00659340659340657,8.0,0.0,0.25,8.0,1.0,0.15,1,0.07610924697104172,0.3444496813373737,0.5330497678617232,0.48965417429501684,0.38414135081541056,0.40272967946684096,22.869999999999997,1.0013117621337997,22.9,1.0,22.165,1.0331603879990976,21.559,1.0622014008070875,23.64475,0.9685025217014348,62.0253164556962,0.4359153778479907,0.3825511255530878,22.165,24.704809358779947,19.62519064122005,0.22917296266906817,1.1607142857142851,22.75,-0.002195390563435726,0.5335164375199485,22.8,-0.006557400546159052,0.534153049130683,22.95,0.0,0.5337090089825017,23.0,0.015334364000106742,0.5477751802912431,25.0,0.083381608939051,0.49129657339876337,0.5198170499697796
2026-01-20,22.9,23.0,23.0,22.85,0,0.0,0.0,8.0,0.0,0.25,8.0,1.0,0.15,1,0.0753228102432856,0.17642985891463359,0.5198170499697796,0.4895127678605349,0.3837727928280515,0.40272582159952325,22.86,1.0017497812773404,22.84,1.0026269702276707,22.2625,1.0286355979786637,21.566999999999997,1.061807390921315,23.646749999999997,0.968420607483058,60.26490066225164,0.4231443832428923,0.39066977709104866,22.2625,24.755199867929917,19.76980013207008,0.2239371021161072,1.071428571428571,22.9,0.006571765163234519,0.5330497678617232,22.75,-0.002195390563435726,0.5335164375199485,22.8,-0.006557400546159052,0.534153049130683,22.95,-0.0021762794225955173,0.5346908497781311,23.5,-0.06187540371808753,0.5486220994647307,0.5197900806368819
2026-01-21,22.95,22.9,22.95,22.8,0,0.002181025946360146,0.0021834061135370675,8.0,0.0,0.25,8.0,1.0,0.15,1,0.07767332509205103,0.11996063774864632,0.5197900806368819,0.4884622675249097,0.37992467974999544,0.4027097351945791,22.86,1.0039370078740157,22.845,1.0045961917268549,22.384999999999998,1.025240116149207,21.586,1.0631891040489205,23.651500000000002,0.9703401475593513,63.44827586206896,0.41230506401391054,0.39499683447562106,22.384999999999998,24.750564359057055,20.01943564094294,0.21135263426911388,1.0178571428571423,22.9,0.0,0.5198170499697796,22.9,0.006571765163234519,0.5330497678617232,22.75,-0.002195390563435726,0.5335164375199485,22.95,0.0,0.5337090089825017,22.9,-0.025863510589919352,0.5583075133508318,0.5349831687605114
2026-01-22,22.05,22.95,22.95,22.0,0,-0.04000533461369913,-0.039215686274509776,8.0,0.0,0.25,8.0,1.0,0.15,1,0.3000910444497723,0.22944959129515366,0.5349831687605114,0.49282100251584915,0.38008845343953573,0.4046653859921731,22.71,0.9709379128137384,22.79,0.96752961825362,22.4625,0.981636060100167,21.590999999999998,1.0212588578574409,23.65,0.9323467230443976,42.27642276422764,0.3273192148856303,0.3814613105576229,22.4625,24.66390505371575,20.261094946284246,0.19600712776545381,0.9428571428571423,22.95,0.002181025946360146,0.5197900806368819,22.9,0.0,0.5198170499697796,22.9,0.006571765163234519,0.5330497678617232,22.8,-0.006557400546159052,0.534153049130683,22.6,-0.013187004281953688,0.5543660194808716,0.5364752423960958
2026-01-23,22.4,22.05,22.9,22.05,0,0.015748356968139112,0.015873015873015817,8.0,0.0,0.25,8.0,1.0,0.15,1,0.341237912671556,0.24659549782040066,0.5364752423960958,0.4920911497340478,0.3809101764855684,0.40498834841703574,22.64,0.989399293286219,22.765,0.9839666154184054,22.557499999999997,0.9930178432893717,21.639,1.0351679837330745,23.64875,0.947195940588826,21.111111111111043,0.2849249545727517,0.36215403936064866,22.557499999999997,24.55704600110257,20.557953998897425,0.17728436228328254,0.7964285714285708,22.05,-0.04000533461369913,0.5349831687605114,22.95,0.002181025946360146,0.5197900806368819,22.9,0.0,0.5198170499697796,22.75,-0.002195390563435726,0.5335164375199485,22.65,0.00220994565080267,0.547740231426809,0.5407928084639952
2026-01-26,22.05,22.4,22.7,22.05,0,-0.015748356968139057,-0.015624999999999889,8.0,0.0,0.25,8.0,1.0,0.15,1,0.3381558495075999,0.23776575772739256,0.5407928084639952,0.49282673833033924,0.3795441710976075,0.40496187258800564,22.47,0.9813084112149534,22.669999999999998,0.9726510807234231,22.634999999999998,0.9741550695825051,21.64,1.0189463955637708,23.64625,0.932494581593276,28.35820895522383,0.22054284230970111,0.33383179995045914,22.634999999999998,24.405845768789902,20.864154231210094,0.15646969461364296,0.7214285714285708,22.4,0.015748356968139112,0.5364752423960958,22.05,-0.04000533461369913,0.5349831687605114,22.95,0.002181025946360146,0.5197900806368819,22.9,0.006571765163234519,0.5330497678617232,23.0,0.015334364000106742,0.5477751802912431,0.5436797028176539
2026-01-27,22.5,22.05,22.8,22.35,0,0.02020270731751947,0.020408163265306145,8.0,0.0,0.25,8.0,1.0,0.15,1,0.39265350384543884,0.2677912051069501,0.5436797028176539,0.48256452664578015,0.3803740327003116,0.40547965561400157,22.39,1.0049129075480125,22.625,0.994475138121547,22.71,0.9907529722589168,21.63,1.0402219140083218,23.645500000000002,0.9515552642151783,43.75,0.20348514361574388,0.3077624686835161,22.71,24.307893349974826,21.112106650025176,0.1407215631858058,0.703571428571428,22.05,-0.015748356968139057,0.5407928084639952,22.4,0.015748356968139112,0.5364752423960958,22.05,-0.04000533461369913,0.5349831687605114,22.9,0.0,0.5198170499697796,22.95,-0.0021762794225955173,0.5346908497781311,0.5389649595259901
2026-01-28,22.6,22.5,23.0,22.4,0,0.004434597067865775,0.004444444444444473,8.0,0.0,0.25,8.0,1.0,0.15,1,0.3950351471610948,0.26962840597794246,0.5389649595259901,0.48044501361194253,0.38045498967239294,0.40548297266524325,22.32,1.0125448028673836,22.59,1.0004426737494467,22.7725,0.992425074102536,21.622000000000003,1.0452317084451022,23.655749999999998,0.955370258816567,50.0,0.19577913872884878,0.2853658026925826,22.7725,24.23877885622401,21.306221143775993,0.12877627456133564,0.6392857142857137,22.5,0.02020270731751947,0.5436797028176539,22.05,-0.015748356968139057,0.5407928084639952,22.4,0.015748356968139112,0.5364752423960958,22.95,0.002181025946360146,0.5197900806368819,22.95,0.0,0.5337090089825017,0.5372738166210423
2026-01-29,22.8,22.6,23.1,22.5,0,0.008810629682154906,0.008849557522123908,8.0,0.0,0.25,8.0,1.0,0.15,1,0.22134991418341513,0.272635923011136,0.5372738166210423,0.4807700566662744,0.3800499759589707,0.4053199008502572,22.470000000000002,1.014686248331108,22.589999999999996,1.00929614873838,22.8625,0.9972662657189721,21.633000000000003,1.0539453612536402,23.664749999999998,0.9634583082432734,52.380952380952415,0.20346498517098155,0.2689856391882624,22.8625,24.068570173396633,21.656429826603368,0.1055064121068678,0.6535714285714282,22.6,0.004434597067865775,0.5389649595259901,22.5,0.02020270731751947,0.5436797028176539,22.05,-0.015748356968139057,0.5407928084639952,22.05,-0.04000533461369913,0.5349831687605114,22.8,-0.006557400546159052,0.534153049130683,0.5343728509022299
2026-01-30,22.6,22.95,22.95,22.6,0,-0.008810629682154807,-0.00877192982456132,8.0,0.0,0.25,8.0,1.0,0.15,1,0.2266329238577946,0.276127549126887,0.5343728509022299,0.48091446592341947,0.3797798535631178,0.40535816240668976,22.509999999999998,1.0039982230119948,22.575,1.001107419712071,22.8425,0.9893838240122579,21.645,1.0441210441210442,23.67275,0.9546841832909146,43.33333333333334,0.19121355448979216,0.25343122224856834,22.8425,24.052230287469126,21.632769712530877,0.10591925467607524,0.6535714285714279,22.8,0.008810629682154906,0.5372738166210423,22.6,0.004434597067865775,0.5389649595259901,22.5,0.02020270731751947,0.5436797028176539,22.4,0.015748356968139112,0.5364752423960958,22.75,-0.002195390563435726,0.5335164375199485,0.42934946484836034
2026-02-02,22.55,22.4,22.7,22.4,0,-0.0022148403295528985,-0.0022123893805310324,8.0,0.0,0.25,8.0,1.0,0.15,1,0.1752357227122902,0.27319010954857725,0.42934946484836034,0.4644402512859275,0.37970677009336645,0.40462391872397524,22.610000000000003,0.9973463069438301,22.54,1.0004436557231589,22.720000000000002,0.9925176056338028,21.662999999999997,1.0409453907584363,23.681749999999997,0.9522100351536522,43.33333333333334,0.17544717940350552,0.2378344136795558,22.720000000000002,23.382054219435783,22.05794578056422,0.05827942072498072,0.6285714285714281,22.6,-0.008810629682154807,0.5343728509022299,22.8,0.008810629682154906,0.5372738166210423,22.6,0.004434597067865775,0.5389649595259901,22.05,-0.015748356968139057,0.5407928084639952,22.9,0.006571765163234519,0.5330497678617232,0.3043345732821062
2026-02-03,22.75,22.55,22.75,22.5,0,0.008830079448271995,0.008869179600886845,8.0,0.0,0.25,8.0,1.0,0.15,1,0.12125466368313066,0.27813537145989814,0.3043345732821062,0.46085863137600513,0.37991781990594253,0.3934163945141046,22.660000000000004,1.0039717563989408,22.525,1.0099889012208658,22.682499999999997,1.0029758624490246,21.697999999999997,1.0484837312194675,23.69325,0.9601890833887289,46.875,0.17704962422874004,0.22567745578939266,22.682499999999997,23.23431518645197,22.130684813548026,0.04865558791596796,0.603571428571428,22.55,-0.0022148403295528985,0.42934946484836034,22.6,-0.008810629682154807,0.5343728509022299,22.8,0.008810629682154906,0.5372738166210423,22.5,0.02020270731751947,0.5436797028176539,22.9,0.0,0.5198170499697796,0.22187466508029224
2026-02-04,22.8,22.75,22.8,22.6,0,0.002195390563435656,0.00219780219780219,8.0,0.0,0.25,8.0,1.0,0.15,1,0.11969855583001099,0.27813948507841685,0.22187466508029224,0.45701195921637594,0.37937269676807556,0.3923920656452097,22.700000000000003,1.0044052863436121,22.51,1.0128831630386494,22.677500000000002,1.0054018300077168,21.744,1.0485651214128036,23.7035,0.9618832661843189,50.0,0.18027604539690145,0.21659717371089443,22.677500000000002,23.222790844652817,22.132209155347187,0.04809091342985909,0.5035714285714281,22.75,0.008830079448271995,0.3043345732821062,22.55,-0.0022148403295528985,0.42934946484836034,22.6,-0.008810629682154807,0.5343728509022299,22.6,0.004434597067865775,0.5389649595259901,22.95,0.002181025946360146,0.5197900806368819,0.20566558086567469
2026-02-05,23.0,22.8,23.55,22.8,0,0.008733679968754631,0.00877192982456143,8.0,0.0,0.25,8.0,1.0,0.15,1,0.11941399740389867,0.17269561112050247,0.20566558086567469,0.45735640560171287,0.3795206772935792,0.39236209614843226,22.740000000000002,1.011433597185576,22.605,1.0174740101747402,22.6975,1.0133274589712522,21.788,1.0556269506150173,23.7115,0.9699934630875313,53.846153846153854,0.19670385633609655,0.21261851023593487,22.6975,23.259896189250284,22.13510381074972,0.04955578272940039,0.5321428571428566,22.8,0.002195390563435656,0.22187466508029224,22.75,0.008830079448271995,0.3043345732821062,22.55,-0.0022148403295528985,0.42934946484836034,22.8,0.008810629682154906,0.5372738166210423,22.05,-0.04000533461369913,0.5349831687605114,0.19983477651760126
2026-02-06,23.0,23.0,23.45,22.85,0,0.0,0.0,8.0,0.0,0.25,8.0,1.0,0.15,1,0.08032413373864315,0.16095053069974533,0.19983477651760126,0.455170583921894,0.3795125928901778,0.3920921992491397,22.82,1.0078878177037687,22.665,1.014780498566071,22.715,1.0125467752586397,21.834,1.0534029495282586,23.719,0.9696867490197731,51.61290322580648,0.20733300899403062,0.21156140998755402,22.715,23.29274516327118,22.137254836728818,0.05086904365143576,0.5107142857142851,23.0,0.008733679968754631,0.20566558086567469,22.8,0.002195390563435656,0.22187466508029224,22.75,0.008830079448271995,0.3043345732821062,22.6,-0.008810629682154807,0.5343728509022299,22.4,0.015748356968139112,0.5364752423960958,0.20163388322531395
2026-02-09,23.2,23.0,23.25,22.95,0,0.008658062743114531,0.008695652173912993,8.0,0.0,0.25,8.0,1.0,0.15,1,0.06759337826285665,0.12561462489605765,0.20163388322531395,0.45307994185078887,0.37958138582949286,0.3920450285928124,22.95,1.0108932461873639,22.78,1.0184372256365233,22.725,1.020902090209021,21.881999999999998,1.0602321542820583,23.7245,0.9778920525195474,54.54545454545457,0.22925233932153688,0.2150995958543506,22.725,23.329805318828505,22.120194681171498,0.05322819087599594,0.521428571428571,23.0,0.0,0.19983477651760126,23.0,0.008733679968754631,0.20566558086567469,22.8,0.002195390563435656,0.22187466508029224,22.55,-0.0022148403295528985,0.42934946484836034,22.05,-0.015748356968139057,0.5407928084639952,0.2344797768718356
2026-02-10,24.1,23.05,25.0,23.05,0,0.038059561824345195,0.03879310344827602,8.0,0.0,0.25,8.0,1.0,0.15,1,0.2433465376723104,0.19731442995445436,0.2344797768718356,0.4586533918056247,0.3835991687263806,0.3939319609002975,23.220000000000002,1.0378983634797587,22.940000000000005,1.050566695727986,22.7825,1.0578294743772634,21.944000000000003,1.0982500911410864,23.73175,1.0155171868909794,63.855421686747036,0.3156079133465468,0.23520125935278985,22.7825,23.64228883576395,21.92271116423605,0.07547800599266546,0.6499999999999996,23.2,0.008658062743114531,0.20163388322531395,23.0,0.0,0.19983477651760126,23.0,0.008733679968754631,0.20566558086567469,22.75,0.008830079448271995,0.3043345732821062,22.5,0.02020270731751947,0.5436797028176539,0.2350482365374082
2026-02-11,24.0,24.1,24.4,23.8,0,-0.004158010148663788,-0.004149377593361092,8.0,0.0,0.25,8.0,1.0,0.15,1,0.2621527424400018,0.20485430972557947,0.2350482365374082,0.42279091863318585,0.3835744757565756,0.39390371793374335,23.46,1.0230179028132993,23.080000000000002,1.0398613518197573,22.835,1.0510181738559228,22.004,1.0907107798582076,23.733249999999998,1.0112395057566916,79.10447761194031,0.37169153500891383,0.26249931448401465,22.835,23.851754382180523,21.81824561781948,0.08905227783494832,0.6249999999999994,24.1,0.038059561824345195,0.2344797768718356,23.2,0.008658062743114531,0.20163388322531395,23.0,0.0,0.19983477651760126,22.8,0.002195390563435656,0.22187466508029224,22.6,0.004434597067865775,0.5389649595259901,0.23532750677943629
2026-02-12,24.15,24.0,24.4,23.9,0,0.006230549750635942,0.006249999999999867,8.0,0.0,0.25,8.0,1.0,0.15,1,0.26366800999924767,0.20427542454029324,0.23532750677943629,0.3789082208618394,0.38369284356729033,0.3890896648093967,23.689999999999998,1.0194174757281553,23.215,1.040275683825113,22.9025,1.0544700360222683,22.066999999999997,1.094394344496307,23.734499999999997,1.017506161916198,77.7777777777778,0.4233617054280465,0.29467179267282106,22.9025,24.076550568264082,21.728449431735918,0.10252597474197858,0.5999999999999996,24.0,-0.004158010148663788,0.2350482365374082,24.1,0.038059561824345195,0.2344797768718356,23.2,0.008658062743114531,0.20163388322531395,23.0,0.008733679968754631,0.20566558086567469,22.8,0.008810629682154906,0.5372738166210423,0.2470663538639115
2026-02-13,24.8,24.15,24.9,24.05,0,0.02655927307235488,0.0269151138716357,8.0,0.0,0.25,8.0,1.0,0.15,1,0.2691055150007214,0.2107349795909474,0.2470663538639115,0.3722926607612154,0.38565739159792073,0.38997432160814616,24.05,1.0311850311850312,23.435,1.0582462129293793,23.005000000000003,1.078026515974788,22.145,1.1198916233912848,23.7395,1.0446723814739147,89.85507246376808,0.5108712497116592,0.3379116840805887,23.005000000000003,24.449736362764465,21.56026363723554,0.12560194416556944,0.6142857142857139,24.15,0.006230549750635942,0.23532750677943629,24.0,-0.004158010148663788,0.2350482365374082,24.1,0.038059561824345195,0.2344797768718356,23.0,0.0,0.19983477651760126,22.6,-0.008810629682154807,0.5343728509022299,0.3723480870806684
2026-02-16,27.0,24.8,27.0,25.0,0,0.0849932128333925,0.08870967741935476,8.0,0.0,0.25,8.0,1.0,0.15,1,0.5517526252498971,0.4241212362338641,0.3723480870806684,0.4082534298364986,0.4040177304533652,0.39895495714393714,24.810000000000002,1.0882708585247882,23.880000000000003,1.1306532663316582,23.21,1.1632916846186987,22.265,1.2126656186840332,23.756,1.1365549755851154,93.26923076923075,0.7491095393958425,0.42015125514363943,23.21,25.505212408471,20.914787591529002,0.19777788957096065,0.7178571428571424,24.8,0.02655927307235488,0.2470663538639115,24.15,0.006230549750635942,0.23532750677943629,24.0,-0.004158010148663788,0.2350482365374082,23.2,0.008658062743114531,0.20163388322531395,22.55,-0.0022148403295528985,0.42934946484836034,0.41923254535769544
2026-02-17,25.75,27.5,28.0,25.25,0,-0.047402238894583906,-0.04629629629629628,8.0,0.0,0.25,8.0,1.0,0.15,1,0.7677105825722108,0.5370952478608308,0.41923254535769544,0.41426834085823033,0.40887536593642554,0.4017440650030203,25.14,1.024264120922832,24.18,1.0649296939619521,23.3525,1.1026656674874211,22.362000000000002,1.151507020838923,23.764499999999998,1.08354899114225,74.8031496062992,0.8275115094971746,0.5016233060143465,23.3525,25.90602697263986,20.798973027360137,0.21869409893072364,0.8714285714285709,27.0,0.0849932128333925,0.3723480870806684,24.8,0.02655927307235488,0.2470663538639115,24.15,0.006230549750635942,0.23532750677943629,24.1,0.038059561824345195,0.2344797768718356,22.75,0.008830079448271995,0.3043345732821062,0.43634987862356095
2026-02-18,25.0,25.75,25.75,24.9,0,-0.02955880224154439,-0.029126213592232997,8.0,0.0,0.25,8.0,1.0,0.15,1,0.823161311294465,0.5761980322935188,0.43634987862356095,0.4182980403717554,0.4109296024921591,0.4027856205110797,25.34,0.9865824782951855,24.4,1.0245901639344264,23.455000000000002,1.0658708164570454,22.432000000000002,1.1144793152639085,23.776999999999997,1.0514362619338016,65.94202898550724,0.8196781640267403,0.5652342776168253,23.455000000000002,26.10331624761239,20.806683752387613,0.22582104008632603,0.8892857142857137,25.75,-0.047402238894583906,0.41923254535769544,27.0,0.0849932128333925,0.3723480870806684,24.8,0.02655927307235488,0.2470663538639115,24.0,-0.004158010148663788,0.2350482365374082,22.8,0.002195390563435656,0.22187466508029224,0.452769766283125
2026-02-19,26.0,25.0,26.0,24.55,0,0.03922071315328133,0.040000000000000036,8.0,0.0,0.25,8.0,1.0,0.15,1,0.8511221304171025,0.5954920025444969,0.452769766283125,0.4231687215826686,0.4147932197257641,0.40473577993131643,25.71,1.0112796577207313,24.7,1.0526315789473684,23.6525,1.0992495507874431,22.531000000000002,1.1539656473303448,23.7975,1.0925517386280073,72.07792207792207,0.8839719456208179,0.6289818112176239,23.6525,26.444872128721844,20.860127871278156,0.23611644677914337,0.9678571428571424,25.0,-0.02955880224154439,0.43634987862356095,25.75,-0.047402238894583906,0.41923254535769544,27.0,0.0849932128333925,0.3723480870806684,24.15,0.006230549750635942,0.23532750677943629,23.0,0.008733679968754631,0.20566558086567469,0.4228768892084304
2026-02-20,25.9,26.0,26.3,25.85,0,-0.0038535693159900777,-0.0038461538461539435,8.0,0.0,0.25,8.0,1.0,0.15,1,0.8519508177111355,0.598022325390858,0.4228768892084304,0.4179479115139314,0.41418505305065106,0.4047458165275328,25.93,0.9988430389510219,24.990000000000002,1.0364145658263304,23.8275,1.0869793306053928,22.631,1.1444478812248684,23.82175,1.087241701386338,71.61290322580643,0.9162936041846059,0.6864441698110203,23.8275,26.72604319125633,20.92895680874367,0.24329394113997102,0.978571428571428,26.0,0.03922071315328133,0.452769766283125,25.0,-0.02955880224154439,0.43634987862356095,25.75,-0.047402238894583906,0.41923254535769544,24.8,0.02655927307235488,0.2470663538639115,23.0,0.0,0.19983477651760126,0.42305301178698557
2026-02-23,25.85,25.9,26.0,25.7,0,-0.0019323677510538128,-0.0019305019305018156,8.0,0.0,0.25,8.0,1.0,0.15,1,0.5203980066004271,0.6019674738855353,0.42305301178698557,0.4143716926730236,0.4141796901444488,0.4047488448095462,25.7,1.0058365758754864,25.255000000000003,1.0235596911502671,24.017500000000002,1.0762985323201832,22.742000000000004,1.1366634420895259,23.844749999999998,1.0840960798498622,70.39473684210526,0.9271861446071235,0.7345925647702409,24.017500000000002,26.923623299445243,21.11137670055476,0.24200048293496332,0.9821428571428567,25.9,-0.0038535693159900777,0.4228768892084304,26.0,0.03922071315328133,0.452769766283125,25.0,-0.02955880224154439,0.43634987862356095,27.0,0.0849932128333925,0.3723480870806684,23.2,0.008658062743114531,0.20163388322531395,0.4329234288541223
2026-02-24,27.0,25.85,27.2,25.85,0,0.04352626504989093,0.044487427466150864,8.0,0.0,0.25,8.0,1.0,0.15,1,0.49413549320499517,0.6094737133122111,0.4329234288541223,0.421455208973904,0.41813793627723866,0.40711562282692154,25.95,1.0404624277456647,25.544999999999998,1.0569583088667058,24.2425,1.1137465195421263,22.878,1.1801730920535012,23.872,1.1310321715817695,74.13793103448276,1.0168918541164196,0.7910524226394767,24.2425,27.34415914853387,21.14084085146613,0.2558860801100439,1.0642857142857136,25.85,-0.0019323677510538128,0.42305301178698557,25.9,-0.0038535693159900777,0.4228768892084304,26.0,0.03922071315328133,0.452769766283125,25.75,-0.047402238894583906,0.41923254535769544,24.1,0.038059561824345195,0.2344797768718356,0.43918537232916527
2026-02-25,26.6,27.0,27.0,26.0,0,-0.014925650216675593,-0.014814814814814725,8.0,0.0,0.25,8.0,1.0,0.15,1,0.42776432397769326,0.6194664058174553,0.43918537232916527,0.4228110460026657,0.41865072282660426,0.40719563927330504,26.27,1.0125618576322803,25.805,1.0308079829490409,24.4425,1.0882683849851693,23.008000000000003,1.1561196105702363,23.896,1.1131570137261466,70.22471910112361,1.0436767620896141,0.8415772905295043,24.4425,27.61330016466037,21.27169983533963,0.25944974242899627,1.0821428571428566,27.0,0.04352626504989093,0.4329234288541223,25.85,-0.0019323677510538128,0.42305301178698557,25.9,-0.0038535693159900777,0.4228768892084304,25.0,-0.02955880224154439,0.43634987862356095,24.0,-0.004158010148663788,0.2350482365374082,0.44635515083635074
2026-02-26,26.2,26.6,26.6,26.0,0,-0.015151805020602333,-0.015037593984962516,8.0,0.0,0.25,8.0,1.0,0.15,1,0.3850777455264974,0.6325471741533737,0.44635515083635074,0.4245331562703163,0.4189080534170629,0.4073749482394751,26.310000000000002,0.9958190801976433,26.01,1.0073048827374087,24.6125,1.0644997460639918,23.132,1.1326301227736468,23.9205,1.0952948307936707,67.2043010752688,1.0208595046658822,0.8774337333567799,24.6125,27.777086112457308,21.447913887542693,0.25715275672583504,1.0821428571428569,26.6,-0.014925650216675593,0.43918537232916527,27.0,0.04352626504989093,0.4329234288541223,25.85,-0.0019323677510538128,0.42305301178698557,26.0,0.03922071315328133,0.452769766283125,24.15,0.006230549750635942,0.23532750677943629,0.4465730016914286
2026-02-27,26.5,26.2,26.85,26.3,0,0.011385322225125429,0.011450381679389388,8.0,0.0,0.25,8.0,1.0,0.15,1,0.38684236293443114,0.6247183017024447,0.4465730016914286,0.4246513491190347,0.41910898069391356,0.406945167654679,26.43,1.00264850548619,26.18,1.0122230710466005,24.807499999999997,1.068225335080117,23.262000000000004,1.139196973605021,23.9465,1.1066335372601424,67.5531914893617,1.015280633411777,0.9050031133677794,24.807499999999997,27.930298171680718,21.684701828319277,0.2517624244023558,1.107142857142857,26.2,-0.015151805020602333,0.44635515083635074,26.6,-0.014925650216675593,0.43918537232916527,27.0,0.04352626504989093,0.4329234288541223,25.9,-0.0038535693159900777,0.4228768892084304,24.8,0.02655927307235488,0.2470663538639115,0.4539799881479924
2026-03-02,25.95,26.5,26.15,25.75,0,-0.020973123380278874,-0.02075471698113207,8.0,0.0,0.25,8.0,1.0,0.15,1,0.42842087948309576,0.4563164221946019,0.4539799881479924,0.427455004162937,0.419324802311826,0.40720976711405343,26.45,0.9810964083175804,26.075,0.9952061361457335,24.9775,1.0389350415373837,23.365,1.1106355660175478,23.969749999999998,1.082614545416619,60.22099447513811,0.955464929341904,0.9150954765626043,24.9775,27.949381381779613,22.005618618220385,0.23796467875324703,1.0214285714285711,26.5,0.011385322225125429,0.4465730016914286,26.2,-0.015151805020602333,0.44635515083635074,26.6,-0.014925650216675593,0.43918537232916527,25.85,-0.0019323677510538128,0.42305301178698557,27.0,0.0849932128333925,0.3723480870806684,0.4554225524772824
2026-03-03,26.5,25.95,26.5,25.7,0,0.02097312338027885,0.021194605009633882,8.0,0.0,0.25,8.0,1.0,0.15,1,0.29611834339807125,0.39965390289741826,0.4554225524772824,0.42884088099000733,0.4200758388685427,0.4068670730853128,26.35,1.0056925996204933,26.15,1.0133843212237095,25.165,1.0530498708523743,23.476000000000003,1.1288124041574372,23.995,1.1043967493227755,63.15789473684211,0.9415869283829821,0.9203937669266798,25.165,28.015872442641104,22.314127557358894,0.22657440434262707,1.0357142857142858,25.95,-0.020973123380278874,0.4539799881479924,26.5,0.011385322225125429,0.4465730016914286,26.2,-0.015151805020602333,0.44635515083635074,27.0,0.04352626504989093,0.4329234288541223,25.75,-0.047402238894583906,0.41923254535769544,0.46468532275543545
2026-03-04,26.0,26.5,26.5,25.9,0,-0.019048194970694474,-0.018867924528301883,8.0,0.0,0.25,8.0,1.0,0.15,1,0.30717053698597585,0.3787072283691596,0.46468532275543545,0.4309315074809114,0.42051407429655957,0.40727519285514585,26.23,0.9912314144109797,26.25,0.9904761904761905,25.325,1.0266535044422507,23.586000000000002,1.1023488510133128,24.015,1.082656672912763,59.39086294416244,0.8800974754563846,0.9123345086326208,25.325,27.968661734870977,22.68133826512902,0.2087788142050131,1.042857142857143,26.5,0.02097312338027885,0.4554225524772824,25.95,-0.020973123380278874,0.4539799881479924,26.5,0.011385322225125429,0.4465730016914286,26.6,-0.014925650216675593,0.43918537232916527,25.0,-0.02955880224154439,0.43634987862356095,0.464995282654661
2026-03-05,26.0,26.0,26.15,26.0,0,0.0,0.0,8.0,0.0,0.25,8.0,1.0,0.15,1,0.29276087214515834,0.3235041011250105,0.464995282654661,0.4309783859420969,0.4202836856009639,0.4072707580419848,26.189999999999998,0.9927453226422299,26.25,0.9904761904761905,25.475,1.0206084396467123,23.696000000000005,1.0972316002700875,24.0275,1.0820934346061803,56.52173913043478,0.8218923772893163,0.89424608236396,25.475,27.894112494936508,23.055887505063495,0.18992050990669332,0.992857142857143,26.0,-0.019048194970694474,0.46468532275543545,26.5,0.02097312338027885,0.4554225524772824,25.95,-0.020973123380278874,0.4539799881479924,26.2,-0.015151805020602333,0.44635515083635074,26.0,0.03922071315328133,0.452769766283125,0.46574443127004905
2026-03-06,25.95,26.0,26.25,25.9,0,-0.0019249284095843938,-0.0019230769230769162,8.0,0.0,0.25,8.0,1.0,0.15,1,0.2701359584632788,0.32300532238658447,0.46574443127004905,0.43079670933747455,0.41997141256956516,0.4072755255502244,26.080000000000002,0.9950153374233128,26.255000000000003,0.9883831651114072,25.622499999999995,1.0127817348033956,23.805,1.090107120352867,24.04225,1.0793498944566335,42.553191489361694,0.7629351935140996,0.8679839045939879,25.622499999999995,27.748151602883727,23.496848397116263,0.16592070273265547,0.860714285714286,26.0,0.0,0.464995282654661,26.0,-0.019048194970694474,0.46468532275543545,26.5,0.02097312338027885,0.4554225524772824,26.5,0.011385322225125429,0.4465730016914286,25.9,-0.0038535693159900777,0.4228768892084304,0.4888869927628532
2026-03-09,25.0,25.95,25.85,24.5,0,-0.037295784743696894,-0.036608863198458574,8.0,0.0,0.25,8.0,1.0,0.15,1,0.34771980139645847,0.37423994953420825,0.4888869927628532,0.435359179219061,0.42313934381023355,0.40896545512777094,25.889999999999997,0.9656237929702589,26.169999999999998,0.9552923194497517,25.7125,0.9722897423432183,23.895,1.0462439840970914,24.05325,1.0393605853678818,44.444444444444436,0.6322657738211106,0.8208402784394125,25.7125,27.537436913112945,23.887563086887052,0.14194939528345718,0.7678571428571431,25.95,-0.0019249284095843938,0.46574443127004905,26.0,0.0,0.464995282654661,26.0,-0.019048194970694474,0.46468532275543545,25.95,-0.020973123380278874,0.4539799881479924,25.85,-0.0019323677510538128,0.42305301178698557,0.48876098501083787
2026-03-10,25.0,25.0,25.1,24.95,0,0.0,0.0,8.0,0.0,0.25,8.0,1.0,0.15,1,0.2606589248854186,0.2712087933081387,0.48876098501083787,0.43275691133657257,0.42298693207058835,0.40815547340649844,25.589999999999996,0.976944118796405,25.97,0.9626492106276473,25.7575,0.9705910899737941,23.975,1.0427528675703857,24.068999999999996,1.0386804603431803,50.0,0.5226841398870441,0.7612090507289389,25.7575,27.454951650346267,24.060048349653734,0.13180251579899188,0.7178571428571432,25.0,-0.037295784743696894,0.4888869927628532,25.95,-0.0019249284095843938,0.46574443127004905,26.0,0.0,0.464995282654661,26.5,0.02097312338027885,0.4554225524772824,27.0,0.04352626504989093,0.4329234288541223,0.4724187080647119
2026-03-11,25.0,25.0,25.3,24.9,0,0.0,0.0,8.0,0.0,0.25,8.0,1.0,0.15,1,0.26169212174180434,0.2704171269689818,0.4724187080647119,0.4323293686246517,0.42169451068520164,0.40666855205494834,25.389999999999997,0.9846396218983853,25.810000000000002,0.9686168151879115,25.807499999999997,0.968710646130001,24.048,1.0395874916833001,24.086499999999997,1.0379258090631682,39.99999999999999,0.43087306897133004,0.6951418543774172,25.807499999999997,27.33764447202324,24.277355527976756,0.11858137921327071,0.6428571428571433,25.0,0.0,0.48876098501083787,25.0,-0.037295784743696894,0.4888869927628532,25.95,-0.0019249284095843938,0.46574443127004905,26.0,-0.019048194970694474,0.46468532275543545,26.6,-0.014925650216675593,0.43918537232916527,0.4723953752600469
2026-03-12,24.9,25.0,25.5,24.8,0,-0.004008021397538822,-0.0040000000000000036,8.0,0.0,0.25,8.0,1.0,0.15,1,0.2555993507854763,0.26583956623383703,0.4723953752600469,0.4276728811917445,0.42171961246874023,0.4066669861570096,25.169999999999998,0.9892729439809297,25.68,0.969626168224299,25.845,0.963435867672664,24.125999999999998,1.0320815717483214,24.103,1.0330664232668132,39.99999999999999,0.3460538758724496,0.6253242586764237,25.845,27.234395930838907,24.45560406916109,0.10751758025451025,0.6607142857142863,25.0,0.0,0.4724187080647119,25.0,0.0,0.48876098501083787,25.0,-0.037295784743696894,0.4888869927628532,26.0,0.0,0.464995282654661,26.2,-0.015151805020602333,0.44635515083635074,0.4721442739394137
2026-03-13,24.9,24.9,25.0,24.9,0,0.0,0.0,8.0,0.0,0.25,8.0,1.0,0.15,1,0.25912902506995755,0.2518600216665332,0.4721442739394137,0.4274029182063555,0.4212729258505835,0.4066608437966761,24.96,0.9975961538461537,25.520000000000003,0.9757053291536049,25.85,0.9632495164410056,24.164,1.0304585333554046,24.11775,1.0324346176571197,40.40404040404038,0.27565645819244367,0.5553906985796278,25.85,27.22419833089395,24.47580166910605,0.10632095403434817,0.646428571428572,24.9,-0.004008021397538822,0.4723953752600469,25.0,0.0,0.4724187080647119,25.0,0.0,0.48876098501083787,25.95,-0.0019249284095843938,0.46574443127004905,26.5,0.011385322225125429,0.4465730016914286,0.466427349083009
2026-03-16,25.3,24.9,25.35,24.9,0,0.015936592262812597,0.016064257028112428,8.0,0.0,0.25,8.0,1.0,0.15,1,0.1233677673360888,0.2593957084943823,0.466427349083009,0.42780035716401005,0.42177043276729453,0.40694299693875,25.020000000000003,1.01119104716227,25.455,0.9939108230210176,25.764999999999997,0.9819522608189406,24.17,1.046752172114191,24.13425,1.0483027233081617,29.761904761904802,0.24926923399081602,0.4941664056618654,25.764999999999997,27.046898263472904,24.48310173652709,0.09950694845510635,0.5821428571428581,24.9,0.0,0.4721442739394137,24.9,-0.004008021397538822,0.4723953752600469,25.0,0.0,0.4724187080647119,25.0,-0.037295784743696894,0.4888869927628532,25.95,-0.020973123380278874,0.4539799881479924,0.367836536822967
2026-03-17,26.0,25.3,26.3,25.4,0,0.027292142288007554,0.027667984189723382,8.0,0.0,0.25,8.0,1.0,0.15,1,0.21108430633005607,0.2767881539846332,0.367836536822967,0.43001625983010006,0.42356177879285434,0.40721784888298596,25.22,1.0309278350515465,25.404999999999998,1.023420586498721,25.777499999999996,1.0086315585297256,24.22,1.0734929810074318,24.15375,1.0764374061998656,43.33333333333333,0.2815952636449133,0.45165217725847506,25.777499999999996,27.063650928361998,24.491349071637995,0.0997886473367861,0.5821428571428581,25.3,0.015936592262812597,0.466427349083009,24.9,0.0,0.4721442739394137,24.9,-0.004008021397538822,0.4723953752600469,25.0,0.0,0.48876098501083787,26.5,0.02097312338027885,0.4554225524772824,0.3309702069015682
2026-03-18,25.7,26.0,26.0,25.55,0,-0.011605546120308003,-0.011538461538461608,8.0,0.0,0.25,8.0,1.0,0.15,1,0.250629956988465,0.2661999763481732,0.3309702069015682,0.43109816322615035,0.4238614974454391,0.4069520452564291,25.359999999999996,1.0134069400630916,25.375,1.012807881773399,25.8125,0.9956416464891041,24.276000000000003,1.0586587576206952,24.17225,1.0632026393902099,44.31818181818183,0.27978123828963675,0.4172779894647074,25.8125,27.046609523417434,24.578390476582566,0.09562107687495856,0.5714285714285722,26.0,0.027292142288007554,0.367836536822967,25.3,0.015936592262812597,0.466427349083009,24.9,0.0,0.4721442739394137,25.0,0.0,0.4724187080647119,26.0,-0.019048194970694474,0.46468532275543545,0.3139129019886377
2026-03-23,25.9,25.7,26.1,25.7,0,0.007751976804317924,0.0077821011673151474,8.0,0.0,0.25,8.0,1.0,0.15,1,0.23592973242333648,0.2699640417208114,0.3139129019886377,0.4251962933034927,0.42399233510097467,0.4070135113191395,25.56,1.013302034428795,25.365,1.0210920559826533,25.807499999999997,1.0035842293906811,24.342,1.0640046011009778,24.191750000000003,1.0706129155600566,43.02325581395348,0.2911260191276419,0.39204759539729434,25.807499999999997,27.039218952905852,24.575781047094143,0.09545434101759989,0.5535714285714294,25.7,-0.011605546120308003,0.3309702069015682,26.0,0.027292142288007554,0.367836536822967,25.3,0.015936592262812597,0.466427349083009,24.9,-0.004008021397538822,0.4723953752600469,26.0,0.0,0.464995282654661,0.28301376330708605
2026-03-24,26.0,26.0,26.4,25.95,0,0.0038535693159899723,0.0038610038610038533,8.0,0.0,0.25,8.0,1.0,0.15,1,0.2293197729456768,0.2705990372352465,0.28301376330708605,0.42513050543676084,0.41992748854095163,0.4068831168726498,25.78,1.008533747090768,25.369999999999997,1.0248324793062673,25.8125,1.0072639225181599,24.409000000000002,1.0651808759064278,24.211750000000002,1.0738587669210196,50.64935064935066,0.30467391272861377,0.37457285886355823,25.8125,27.046609523417434,24.578390476582566,0.09562107687495856,0.5357142857142865,25.9,0.007751976804317924,0.3139129019886377,25.7,-0.011605546120308003,0.3309702069015682,26.0,0.027292142288007554,0.367836536822967,24.9,0.0,0.4721442739394137,25.95,-0.0019249284095843938,0.46574443127004905,0.28272987012368583
2026-03-25,26.05,26.0,26.25,26.0,0,0.0019212301778938723,0.0019230769230769162,8.0,0.0,0.25,8.0,1.0,0.15,1,0.2227386037586145,0.17219408575465076,0.28272987012368583,0.42206627447200973,0.41979450281304564,0.406735899794134,25.93,1.004627844195912,25.475,1.0225711481844946,25.822499999999998,1.008810146190338,24.47,1.0645688598283614,24.232749999999996,1.074991488790996,43.283582089552255,0.3158048958891655,0.36281926626867966,25.822499999999998,27.061121899744407,24.58387810025559,0.09593353856089915,0.49642857142857216,26.0,0.0038535693159899723,0.28301376330708605,25.9,0.007751976804317924,0.3139129019886377,25.7,-0.011605546120308003,0.3309702069015682,25.3,0.015936592262812597,0.466427349083009,25.0,-0.037295784743696894,0.4888869927628532,0.2827287771282631
2026-03-26,26.0,26.05,26.05,25.8,0,-0.0019212301778939326,-0.0019193857965451588,8.0,0.0,0.25,8.0,1.0,0.15,1,0.11692684816008952,0.17374251388263862,0.2827287771282631,0.4221541185204815,0.41344493946039346,0.40673457920353956,25.93,1.0026995757809487,25.575,1.0166177908113392,25.772499999999997,1.008827238335435,24.531,1.0598834128245893,24.252749999999995,1.0720433765243118,50.0,0.31693823146065725,0.3536430593070752,25.772499999999997,26.885331854703225,24.65966814529677,0.08635808359322746,0.47142857142857203,26.05,0.0019212301778938723,0.28272987012368583,26.0,0.0038535693159899723,0.28301376330708605,25.9,0.007751976804317924,0.3139129019886377,26.0,0.027292142288007554,0.367836536822967,25.0,0.0,0.48876098501083787,0.23501042062747202
