Date,Price,Open,High,Low,Vol,Change_%,simple_return,log_return,squared_return,abs_return,realized_vol_5d,realized_vol_21d,stock
2020-01-02,29.2,29.7,29.6,29.15,18900000.0,-1.68,,,,,,,GTCO
2020-01-03,30.1,29.2,30.1,29.2,17670000.0,3.08,0.03082191780821919,0.030356462480593992,0.0009215148143357107,0.030356462480593992,,,GTCO
2020-01-06,31.0,30.1,31.0,30.65,19030000.0,2.99,0.029900332225913484,0.029462032730316067,0.0008680113726022152,0.029462032730316067,,,GTCO
2020-01-07,30.5,31.0,31.05,30.5,17580000.0,-1.61,-0.016129032258064502,-0.01626052087178029,0.00026440453902160246,0.01626052087178029,,,GTCO
2020-01-08,31.25,30.5,31.7,30.5,21690000.0,2.46,0.024590163934426146,0.024292692569044483,0.000590134912254109,0.024292692569044483,,,GTCO
2020-01-09,32.55,31.25,32.95,31.4,18830000.0,4.16,0.04159999999999986,0.04075799247216761,0.0016612139503612716,0.04075799247216761,0.3501499947680148,,GTCO
2020-01-10,31.95,32.55,32.5,31.45,13980000.0,-1.84,-0.018433179723502224,-0.018605187831034358,0.00034615301422806895,0.018605187831034358,0.4360699175233413,,GTCO
2020-01-13,31.5,31.95,31.95,31.2,18170000.0,-1.41,-0.014084507042253502,-0.014184634991956413,0.0002012038698550343,0.014184634991956413,0.4356032717599953,,GTCO
2020-01-14,31.6,31.5,31.6,31.5,15720000.0,0.32,0.0031746031746031633,0.0031695747612790395,1.004620416733708e-05,0.0031695747612790395,0.40141548676042826,,GTCO
2020-01-15,31.8,31.6,31.8,31.7,6060000.0,0.63,0.006329113924050667,0.006309169193264756,3.980561590924105e-05,0.006309169193264756,0.3720823199598367,,GTCO
2020-01-16,32.35,31.8,32.6,31.8,17210000.0,1.73,0.01729559748427678,0.01714773116077847,0.00029404468396233293,0.01714773116077847,0.23594560618735846,,GTCO
2020-01-17,33.5,32.35,33.5,32.25,12590000.0,3.55,0.03554868624420404,0.0349314178841112,0.0012202039553944038,0.0349314178841112,0.28798772631781433,,GTCO
2020-01-20,34.0,33.5,34.4,33.5,33600000.0,1.49,0.014925373134328401,0.014815085785140682,0.0002194867668210775,0.014815085785140682,0.1971606285743204,,GTCO
2020-01-21,32.2,34.0,33.85,32.2,9360000.0,-5.29,-0.05294117647058816,-0.05439407206579869,0.002958715075899301,0.05439407206579869,0.5419173073151295,,GTCO
2020-01-22,32.2,32.2,32.4,32.1,26460000.0,0.0,0.0,0.0,0.0,0.0,0.5418999714890116,,GTCO
2020-01-23,32.1,32.2,32.35,32.1,15990000.0,-0.31,-0.0031055900621118626,-0.0031104224143925024,9.674727595955283e-06,0.0031104224143925024,0.5262610798927198,,GTCO
2020-01-24,32.1,32.1,32.2,32.1,34310000.0,0.0,0.0,0.0,0.0,0.0,0.4217513072704015,,GTCO
2020-01-27,32.1,32.1,32.2,32.1,26670000.0,0.0,0.0,0.0,0.0,0.0,0.3812391570443411,,GTCO
2020-01-28,31.0,32.1,31.1,30.5,15120000.0,-3.43,-0.034267912772585674,-0.034868825650823936,0.0012158350022675572,0.034868825650823936,0.24296621083609724,,GTCO
2020-01-29,30.1,31.0,30.65,30.0,24340000.0,-2.9,-0.029032258064516037,-0.029462032730316105,0.0008680113726022174,0.029462032730316105,0.2730987319231518,,GTCO
2020-01-30,31.0,30.1,31.0,30.0,75730000.0,2.99,0.029900332225913484,0.029462032730316067,0.0008680113726022152,0.029462032730316067,0.41309504603924285,,GTCO
2020-01-31,30.0,31.0,30.7,30.0,26300000.0,-3.23,-0.032258064516129004,-0.03278982282299084,0.0010751724807631308,0.03278982282299084,0.4427459499432963,0.41390866326699055,GTCO
2020-02-03,29.4,30.0,29.5,29.0,35820000.0,-2.0,-0.020000000000000018,-0.020202707317519466,0.0004081493829573546,0.020202707317519466,0.42678932824326105,0.40615033668053147,GTCO
2020-02-04,29.0,29.4,29.0,29.0,13270000.0,-1.36,-0.013605442176870652,-0.013698844358161802,0.00018765833674914143,0.013698844358161802,0.39824573912056727,0.3924910376804415,GTCO
2020-02-05,29.1,29.0,29.4,29.0,13620000.0,0.34,0.0034482758620690834,0.0034423441909729197,1.1849733529125005e-05,0.0034423441909729197,0.38251709913303933,0.3901421737756278,GTCO
2020-02-06,30.0,29.1,31.0,30.0,5270000.0,3.09,0.030927835051546282,0.03045920748470844,0.0009277633205965186,0.03045920748470844,0.38848449361832543,0.3959670751122183,GTCO
2020-02-07,29.5,30.0,30.8,29.5,76800000.0,-1.67,-0.01666666666666672,-0.01680711831638129,0.0002824792261008394,0.01680711831638129,0.3331192905655678,0.36689196597170587,GTCO
2020-02-10,29.3,29.5,29.3,29.3,2690000.0,-0.68,-0.006779661016949157,-0.006802747322752523,4.627737113721662e-05,0.006802747322752523,0.30262764791153723,0.3635122454321103,GTCO
2020-02-11,29.0,29.3,29.5,29.0,41430000.0,-1.02,-0.010238907849829393,-0.010291686036547636,0.00010591880147486958,0.010291686036547636,0.29424508921786596,0.36240302330834734,GTCO
2020-02-12,29.0,29.0,29.1,29.0,46050000.0,0.0,0.0,0.0,0.0,0.0,0.2927188628599599,0.36178560545910377,GTCO
2020-02-13,30.85,29.0,30.85,29.5,2520000.0,6.38,0.06379310344827593,0.06184092036492286,0.0038242994315807314,0.06184092036492286,0.5084090375296332,0.42713559270123397,GTCO
2020-02-14,29.9,30.85,30.0,29.9,1780000.0,-3.08,-0.030794165316045508,-0.03127826995475621,0.000978330171362605,0.03127826995475621,0.5566583096400547,0.43347119762500097,GTCO
2020-02-17,29.0,29.9,29.9,29.0,12420000.0,-3.01,-0.030100334448160515,-0.030562650410166696,0.0009340756000940625,0.030562650410166696,0.6055994843010433,0.41896151756814676,GTCO
2020-02-18,28.85,29.0,29.0,28.85,17070000.0,-0.52,-0.005172413793103403,-0.005185837032365414,2.6892905726252522e-05,0.005185837032365414,0.602302108779273,0.41158218869811697,GTCO
2020-02-19,28.4,28.85,28.55,28.4,79350000.0,-1.56,-0.015597920277296451,-0.015720847786948305,0.0002471450551403974,0.015720847786948305,0.6108760037865828,0.37677481604396174,GTCO
2020-02-20,28.0,28.4,29.0,27.6,56300000.0,-1.41,-0.014084507042253502,-0.014184634991956413,0.0002012038698550343,0.014184634991956413,0.17898037098796343,0.37714213039783495,GTCO
2020-02-21,27.95,28.0,29.0,27.95,9110000.0,-0.18,-0.0017857142857142794,-0.0017873105740957515,3.194479088274485e-06,0.0017873105740957515,0.1779869047055029,0.37732663546560147,GTCO
2020-02-24,26.9,27.95,28.3,26.9,177130000.0,-3.76,-0.03756708407871201,-0.03829091299331477,0.0014661940178616016,0.03829091299331477,0.22653015576549732,0.39192930355899924,GTCO
2020-02-25,26.8,26.9,27.0,26.8,38740000.0,-0.37,-0.0037174721189590088,-0.003724399090982328,1.3871148588909993e-05,0.003724399090982328,0.23073142693073473,0.39113319758866544,GTCO
2020-02-26,27.0,26.8,27.05,27.0,6790000.0,0.75,0.00746268656716409,0.0074349784875179905,5.5278905109855305e-05,0.0074349784875179905,0.27821584712578035,0.3826866608223728,GTCO
2020-02-27,26.4,27.0,27.0,26.4,35620000.0,-2.22,-0.022222222222222254,-0.02247285585205863,0.0005050292501474058,0.02247285585205863,0.2917550264674041,0.3781598406151903,GTCO
2020-02-28,23.8,26.4,25.0,23.8,96010000.0,-9.85,-0.0984848484848484,-0.10367842947484138,0.010749216738369658,0.10367842947484138,0.69298451781397,0.4857126659271898,GTCO
2020-03-02,22.7,23.8,23.8,22.5,93690000.0,-4.62,-0.04621848739495804,-0.04732065619007208,0.002239244502259007,0.04732065619007208,0.700947902081668,0.49583140967157585,GTCO
2020-03-03,24.5,22.7,24.9,23.5,83130000.0,7.93,0.07929515418502198,0.07630819306332426,0.005822940328589568,0.07630819306332426,1.0578146980594285,0.5837627824667198,GTCO
2020-03-04,24.6,24.5,25.0,24.6,24830000.0,0.41,0.004081632653061273,0.004073325387635869,1.65919797135589e-05,0.004073325387635869,1.0529914614196618,0.5850831903848773,GTCO
2020-03-05,24.9,24.6,25.7,24.8,75790000.0,1.22,0.012195121951219301,0.012121360532344602,0.0001469273811550814,0.012121360532344602,1.0734548246312654,0.5879565247696685,GTCO
2020-03-06,24.6,24.9,24.85,24.3,43950000.0,-1.2,-0.012048192771084265,-0.012121360532344737,0.0001469273811550847,0.012121360532344737,0.7167312811379829,0.5716660044226896,GTCO
2020-03-09,22.15,22.15,22.15,22.15,15210000.0,-9.96,-0.09959349593495948,-0.10490894644717262,0.011005887044655733,0.10490894644717262,1.0354680949880448,0.6605142930015909,GTCO
2020-03-10,19.95,19.95,19.95,19.95,54520000.0,-9.93,-0.09932279909706543,-0.10460835315527214,0.010942907549858135,0.10460835315527214,0.9330172290922939,0.7308935279735845,GTCO
2020-03-11,19.9,18.0,20.0,18.0,385180000.0,-0.25,-0.0025062656641604564,-0.002509411605425807,6.297146605445727e-06,0.002509411605425807,0.9139182232394606,0.7324637853904495,GTCO
2020-03-12,18.1,19.9,19.8,18.0,62180000.0,-9.05,-0.0904522613065325,-0.09480779345866647,0.00898851770050116,0.09480779345866647,0.8227210864751147,0.7755788745063954,GTCO
2020-03-13,19.0,18.1,19.2,18.0,162150000.0,4.97,0.04972375690607733,0.04852704089466038,0.002354873697992041,0.04852704089466038,1.1212037460730857,0.7585316952660878,GTCO
2020-03-16,19.0,19.0,19.5,18.9,137230000.0,0.0,0.0,0.0,0.0,0.0,1.052588062588027,0.762003270164616,GTCO
2020-03-17,19.6,19.0,19.75,19.45,131060000.0,3.16,0.03157894736842115,0.03109058707003118,0.0009666246043591901,0.03109058707003118,0.878624187604788,0.7825114468205777,GTCO
2020-03-18,20.9,20.0,20.9,19.35,177750000.0,6.63,0.0663265306122447,0.06421959273429359,0.0041241560909585345,0.06421959273429359,1.0025287498334476,0.8328794987360898,GTCO
2020-03-19,18.3,18.4,18.5,17.55,100710000.0,-12.44,-0.12440191387559796,-0.1328480991233899,0.01764861744069803,0.1328480991233899,1.2567487973141853,0.9270419891040201,GTCO
2020-03-20,18.6,18.3,18.6,17.9,35720000.0,1.64,0.016393442622950838,0.016260520871780326,0.0002644045390216036,0.016260520871780326,1.201472096929566,0.9357902400610277,GTCO
2020-03-23,16.75,18.6,17.05,16.75,63270000.0,-9.95,-0.09946236559139787,-0.10476332244808015,0.010975353730360415,0.10476332244808015,1.393025461238913,0.9782863655770021,GTCO
2020-03-24,16.9,16.75,18.0,16.7,78900000.0,0.9,0.008955223880596996,0.008915363657952329,7.948370915353713e-05,0.008915363657952329,1.3446191296016012,0.9834832042313228,GTCO
2020-03-25,17.1,16.9,17.5,16.95,49680000.0,1.18,0.01183431952662728,0.01176484157958643,0.00013841149739276574,0.01176484157958643,1.1516549373531737,0.9885868630171216,GTCO
2020-03-26,18.0,17.1,18.0,17.4,7770000.0,5.26,0.05263157894736836,0.05129329438755048,0.002631002049127918,0.05129329438755048,0.9402886543550417,1.015997956999044,GTCO
2020-03-27,18.45,18.0,19.5,18.45,54270000.0,2.5,0.02499999999999991,0.024692612590371414,0.0006097251165381689,0.024692612590371414,0.9531602057426345,1.0272219866260153,GTCO
2020-03-30,17.9,18.45,18.05,17.85,15800000.0,-2.98,-0.02981029810298108,-0.030263657639826934,0.0009158889737406552,0.030263657639826934,0.469081241925971,0.9796002380016927,GTCO
2020-03-31,17.7,17.9,18.0,17.7,16870000.0,-1.12,-0.011173184357541888,-0.011236073266925842,0.00012624934245972555,0.011236073266925842,0.5015845652612603,0.971878372518292,GTCO
2020-04-01,17.55,17.7,17.85,17.5,22250000.0,-0.85,-0.008474576271186307,-0.008510689667908506,7.24318386234446e-05,0.008510689667908506,0.5156376488658497,0.9178513298174594,GTCO
2020-04-02,17.3,17.55,17.7,17.25,34180000.0,-1.42,-0.014245014245014231,-0.01434744840814154,0.00020584927582428323,0.01434744840814154,0.31902212487193005,0.9150177499748956,GTCO
2020-04-03,17.6,17.3,18.05,17.3,43560000.0,1.73,0.01734104046242768,0.01719240054037277,0.00029557863634060993,0.01719240054037277,0.27162134012541556,0.9172008011713284,GTCO
2020-04-06,17.85,17.6,18.3,17.85,55660000.0,1.42,0.014204545454545414,0.014104606181541945,0.00019893991553639125,0.014104606181541945,0.23778456782747795,0.9232656717521585,GTCO
2020-04-07,18.0,17.85,18.15,18.0,161050000.0,0.84,0.008403361344537785,0.00836824967051658,7.002760254810084e-05,0.00836824967051658,0.22257331306811656,0.8663302315813579,GTCO
2020-04-08,18.3,18.0,18.4,18.0,102240000.0,1.67,0.016666666666666607,0.016529301951210506,0.00027321782299429145,0.016529301951210506,0.2090042087349757,0.7984006991533155,GTCO
2020-04-09,18.85,18.3,19.0,18.6,31620000.0,3.01,0.030054644808743314,0.029611854046644653,0.0008768619000797854,0.029611854046644653,0.12349453895039397,0.8069208682650282,GTCO
2020-04-14,20.45,18.85,20.6,19.0,19660000.0,8.49,0.08488063660477452,0.08146996859479097,0.0066373557828362266,0.08146996859479097,0.47300724684351136,0.7837849741387986,GTCO
2020-04-15,21.9,20.45,21.9,20.45,36770000.0,7.09,0.07090464547677255,0.06850375433364432,0.0046927643578042934,0.06850375433364432,0.5136303358226101,0.800381518418109,GTCO
2020-04-16,20.5,21.9,21.6,20.1,26280000.0,-6.39,-0.06392694063926929,-0.06606175067809252,0.004364154902654457,0.06606175067809252,0.9209127355918468,0.8391907615021186,GTCO
2020-04-17,20.8,20.5,21.35,20.65,32850000.0,1.46,0.014634146341463428,0.014528100562909808,0.00021106570596602026,0.014528100562909808,0.9223192709981509,0.8343061315644494,GTCO
2020-04-20,19.9,20.8,21.0,19.9,51790000.0,-4.33,-0.04326923076923084,-0.04423325497682565,0.001956580845844871,0.04423325497682565,1.0432053890928095,0.8181880150531208,GTCO
2020-04-21,18.35,19.9,19.5,18.35,24440000.0,-7.79,-0.07788944723618074,-0.08109015722986726,0.006575613599564593,0.08109015722986726,0.9866517962840038,0.7289373385581679,GTCO
2020-04-22,18.6,18.35,19.05,18.5,25770000.0,1.36,0.013623978201634968,0.013532006218576373,0.00018311519229958963,0.013532006218576373,0.7079530166150314,0.7282375056606843,GTCO
2020-04-23,18.9,18.6,19.0,18.9,13560000.0,1.61,0.01612903225806428,0.0160003413464409,0.00025601092320262625,0.0160003413464409,0.7037642369745523,0.6217039711831198,GTCO
2020-04-24,19.3,18.9,19.3,18.9,51400000.0,2.12,0.021164021164021385,0.020943173845243388,0.0004386165307120867,0.020943173845243388,0.7226605230937947,0.6238678333549403,GTCO
2020-04-27,20.0,19.3,20.0,19.1,11750000.0,3.63,0.03626943005181338,0.035627177643151035,0.001269295786816641,0.035627177643151035,0.741087373932255,0.6319146391388998,GTCO
2020-04-28,21.0,20.5,21.0,20.0,19070000.0,5.0,0.050000000000000044,0.04879016416943204,0.0023804801196801303,0.04879016416943204,0.2365650090572189,0.6297827604129221,GTCO
2020-04-29,21.1,21.0,21.25,21.0,22330000.0,0.48,0.004761904761904745,0.004750602758597799,2.2568226569997015e-05,0.004750602758597799,0.2733633962465936,0.6266405887694081,GTCO
2020-04-30,21.0,21.1,21.1,21.0,36130000.0,-0.47,-0.004739336492891044,-0.004750602758597865,2.256822656999764e-05,0.004750602758597865,0.3471912412777305,0.6139406719720878,GTCO
2020-05-04,21.0,21.0,21.0,20.95,44530000.0,0.0,0.0,0.0,0.0,0.0,0.37813787817866834,0.6108216461271071,GTCO
2020-05-05,21.0,21.0,21.05,20.95,54290000.0,0.0,0.0,0.0,0.0,0.0,0.3504565516290124,0.6086058006526295,GTCO
2020-05-06,22.95,21.0,23.1,21.95,45880000.0,9.29,0.09285714285714275,0.08879549878313106,0.00788464060414503,0.08879549878313106,0.6326369282587998,0.6622368309590427,GTCO
2020-05-07,22.5,22.95,22.6,21.9,54880000.0,-1.96,-0.019607843137254832,-0.019802627296179643,0.0003921440478313991,0.019802627296179643,0.6861910526939373,0.6719370704898727,GTCO
2020-05-08,21.95,22.5,23.0,21.95,27160000.0,-2.44,-0.02444444444444449,-0.02474816968919414,0.0006124719029651476,0.02474816968919414,0.7316812715472132,0.6835610154812556,GTCO
2020-05-11,21.0,21.95,21.95,21.0,27690000.0,-4.33,-0.0432801822323462,-0.044244701797757316,0.0019575936371724694,0.044244701797757316,0.8266508102598007,0.7088245581264926,GTCO
2020-05-12,21.0,21.0,21.4,21.0,14970000.0,0.0,0.0,0.0,0.0,0.0,0.8266508102598007,0.7084372821210865,GTCO
2020-05-13,21.45,21.0,21.45,21.0,1870000.0,2.14,0.021428571428571352,0.021202207650602906,0.00044953360925928436,0.021202207650602906,0.3967017438179296,0.7055816249681096,GTCO
2020-05-14,22.0,21.45,22.0,21.6,24620000.0,2.56,0.025641025641025772,0.02531780798429,0.0006409914011293786,0.02531780798429,0.47355447007846774,0.6550618449253373,GTCO
2020-05-15,22.5,22.0,22.6,22.45,29820000.0,2.27,0.022727272727272707,0.022472855852058576,0.0005050292501474034,0.022472855852058576,0.46489909827647224,0.6157149091740912,GTCO
2020-05-18,22.75,22.5,22.8,22.5,15270000.0,1.11,0.011111111111111072,0.011049836186584935,0.0001220988797503619,0.011049836186584935,0.1657891015310838,0.5653195174509555,GTCO
2020-05-19,23.3,22.75,23.55,22.9,41890000.0,2.42,0.024175824175824312,0.023888215174695592,0.0005706468242325567,0.023888215174695592,0.0897901722975481,0.5682381491408734,GTCO
2020-05-20,23.85,23.3,24.1,23.4,31070000.0,2.36,0.023605150214592197,0.023330856762695265,0.0005443288772814034,0.023330856762695265,0.09166365863611821,0.5414416048729123,GTCO
2020-05-21,24.0,23.85,24.0,23.8,32000000.0,0.63,0.0062893081761006275,0.006269613013595395,3.930804734024473e-05,0.006269613013595395,0.12974823242887668,0.4327137871864085,GTCO
2020-05-22,23.75,24.0,23.9,23.5,11880000.0,-1.04,-0.01041666666666663,-0.010471299867295366,0.00010964812091081994,0.010471299867295366,0.22469269142379455,0.4401153539569447,GTCO
2020-05-27,24.85,23.75,25.1,23.75,62690000.0,4.63,0.04631578947368431,0.04527522206198761,0.00204984573276229,0.04527522206198761,0.3324810138252995,0.4551957372671396,GTCO
2020-05-28,24.4,24.85,25.0,24.2,23490000.0,-1.81,-0.01810865191146893,-0.01827462024348167,0.0003339617450434701,0.01827462024348167,0.4087108823984911,0.4667356679855829,GTCO
2020-05-29,24.0,24.4,24.6,24.0,36950000.0,-1.64,-0.016393442622950727,-0.01652930195121047,0.0002732178229942903,0.01652930195121047,0.41985896578938653,0.4672631818491974,GTCO
2020-06-01,24.55,24.0,24.6,24.5,36170000.0,2.29,0.022916666666666696,0.022658023892583996,0.0005133860467169072,0.022658023892583996,0.4474093006658635,0.4473445043100337,GTCO
2020-06-02,25.1,24.55,25.3,24.85,40450000.0,2.24,0.022403258655804503,0.02215599189720864,0.000490887976949175,0.02215599189720864,0.4383496141635553,0.4500821266835111,GTCO
2020-06-03,25.0,25.1,25.15,24.9,42400000.0,-0.4,-0.003984063745020028,-0.003992021269537561,1.5936233816440277e-05,0.003992021269537561,0.31948274187642756,0.44981328283670224,GTCO
2020-06-04,24.5,25.0,25.1,24.5,18740000.0,-2.0,-0.020000000000000018,-0.020202707317519466,0.0004081493829573546,0.020202707317519466,0.32709113050715044,0.4598441850803207,GTCO
2020-06-05,23.9,24.5,24.2,23.9,17160000.0,-2.45,-0.02448979591836742,-0.02479465861321639,0.0006147750957459458,0.02479465861321639,0.3584659306361933,0.47267379013301564,GTCO
2020-06-08,24.1,23.9,24.9,23.9,22880000.0,0.84,0.008368200836820217,0.00833338155914446,6.944524821028896e-05,0.00833338155914446,0.3105428499681999,0.3654510503748699,GTCO
2020-06-09,24.05,24.1,24.25,24.05,7060000.0,-0.21,-0.0020746887966804906,-0.002076843944839117,4.313280771214906e-06,0.002076843944839117,0.21699354172300284,0.35698635998969414,GTCO
2020-06-10,24.2,24.05,24.3,24.05,69410000.0,0.62,0.006237006237006071,0.006217636610870362,3.865900502483548e-05,0.006217636610870362,0.24124426628808812,0.3422840504726655,GTCO
2020-06-11,24.0,24.2,25.0,24.0,81210000.0,-0.83,-0.008264462809917328,-0.008298802814695066,6.887012815719075e-05,0.008298802814695066,0.21164829479223513,0.2972807300283413,GTCO
2020-06-15,23.6,24.0,24.0,23.5,14380000.0,-1.67,-0.016666666666666607,-0.016807118316381174,0.00028247922610083557,0.016807118316381174,0.16494497562515065,0.307341368281498,GTCO
2020-06-16,23.6,23.6,23.9,23.5,11520000.0,0.0,0.0,0.0,0.0,0.0,0.13893920259524778,0.3024808221640133,GTCO
2020-06-17,23.0,23.6,23.6,23.0,43670000.0,-2.54,-0.025423728813559365,-0.02575249610241474,0.0006631910555048863,0.02575249610241474,0.20308198349362921,0.3099410702631597,GTCO
2020-06-18,23.1,23.0,24.35,23.1,29400000.0,0.43,0.004347826086956497,0.004338401598598141,1.8821728430718906e-05,0.004338401598598141,0.19450965358395014,0.30117647210463155,GTCO
2020-06-19,23.15,23.1,23.4,23.0,12120000.0,0.22,0.0021645021645020357,0.0021621630044950956,4.674948858007259e-06,0.0021621630044950956,0.21136296857029505,0.29910033591058,GTCO
2020-06-22,22.75,23.15,23.15,22.75,11350000.0,-1.73,-0.017278617710583144,-0.017429635135283648,0.00030379218094911425,0.017429635135283648,0.21318176328687846,0.29315274116146406,GTCO
2020-06-23,22.75,22.75,22.8,22.55,11170000.0,0.0,0.0,0.0,0.0,0.0,0.21318176328687846,0.2794361992271171,GTCO
2020-06-24,22.7,22.75,22.9,22.7,4460000.0,-0.22,-0.00219780219780219,-0.0022002209096024235,4.840972051051716e-06,0.0022002209096024235,0.1369387191658361,0.2777180876375549,GTCO
2020-06-25,22.7,22.7,22.75,22.55,5080000.0,0.0,0.0,0.0,0.0,0.0,0.1260709904582854,0.2763688536794535,GTCO
2020-06-26,22.7,22.7,22.75,22.7,38310000.0,0.0,0.0,0.0,0.0,0.0,0.1207837526734839,0.21648347518617572,GTCO
2020-06-29,22.35,22.7,22.6,22.35,17830000.0,-1.54,-0.01541850220264307,-0.015538603427779048,0.00024144819648578677,0.015538603427779048,0.1074775670455359,0.2144575499327523,GTCO
2020-06-30,22.05,22.35,22.4,22.05,5060000.0,-1.34,-0.01342281879194629,-0.01351371916672282,0.00018262060571705172,0.01351371916672282,0.12130385479035023,0.21251499960422182,GTCO
2020-07-01,21.85,22.05,22.05,21.8,7210000.0,-0.91,-0.009070294784580435,-0.009111680351255778,8.302271882346063e-05,0.009111680351255778,0.1165975029836617,0.1894830180843309,GTCO
2020-07-02,20.7,21.85,21.6,20.7,21090000.0,-5.26,-0.052631578947368474,-0.05406722127027582,0.002923264415888966,0.05406722127027582,0.33004436088012445,0.2289296074043267,GTCO
2020-07-03,20.8,20.7,21.0,20.6,29150000.0,0.48,0.004830917874396157,0.004819286435948922,2.322552175172126e-05,0.004819286435948922,0.34828287551716636,0.23343503277292152,GTCO
2020-07-06,21.0,20.8,21.5,20.95,60470000.0,0.96,0.009615384615384581,0.009569451016150672,9.157439275050714e-05,0.009569451016150672,0.39902785791001627,0.23778598914290092,GTCO
2020-07-07,21.05,21.0,21.05,20.95,19720000.0,0.24,0.0023809523809523725,0.0023781224049674193,5.6554661730080226e-06,0.0023781224049674193,0.4121206139566645,0.2311940667127766,GTCO
2020-07-08,22.5,21.05,22.5,21.5,18170000.0,6.89,0.06888361045130642,0.06661474908198403,0.004437524795255692,0.06661474908198403,0.6785947313362177,0.3396041854881769,GTCO
2020-07-09,22.75,22.5,22.85,22.5,23580000.0,1.11,0.011111111111111072,0.011049836186584935,0.0001220988797503619,0.011049836186584935,0.42718500426468614,0.3432110493271756,GTCO
2020-07-10,22.45,22.75,22.7,22.3,4600000.0,-1.32,-0.013186813186813251,-0.013274531208696188,0.00017621317881064908,0.013274531208696188,0.4806844520554619,0.3435101570097703,GTCO
2020-07-13,22.0,22.45,22.35,21.9,9750000.0,-2.0,-0.020044543429844075,-0.020248160829947424,0.0004099880169954172,0.020248160829947424,0.5452297239340615,0.34804498207611856,GTCO
2020-07-14,21.3,22.0,21.95,21.0,10400000.0,-3.18,-0.031818181818181746,-0.03233538064293635,0.0010455768413235825,0.03233538064293635,0.6231387861040819,0.35914384410274275,GTCO
2020-07-15,21.5,21.3,21.5,21.3,7140000.0,0.94,0.009389671361502261,0.009345862418237599,8.734514434062594e-05,0.009345862418237599,0.29992493044517454,0.3621911485980026,GTCO
2020-07-16,22.0,21.5,22.0,21.8,3890000.0,2.33,0.023255813953488413,0.02298951822469878,0.0005285179482037574,0.02298951822469878,0.35699002515804357,0.36539159744698096,GTCO
2020-07-17,21.5,22.0,22.0,21.4,7240000.0,-2.27,-0.022727272727272707,-0.02298951822469872,0.0005285179482037545,0.02298951822469872,0.37448755763952846,0.3715203543396078,GTCO
2020-07-20,21.5,21.5,21.75,21.5,36970000.0,0.0,0.0,0.0,0.0,0.0,0.3623644855986182,0.3711865098777239,GTCO
2020-07-21,21.5,21.5,21.8,21.5,14400000.0,0.0,0.0,0.0,0.0,0.0,0.2664497264934623,0.36785310055851156,GTCO
2020-07-22,21.55,21.5,21.65,21.5,9510000.0,0.23,0.0023255813953488857,0.0023228814161397287,5.395778073447312e-06,0.0023228814161397287,0.25858307889066345,0.3681551009058528,GTCO
2020-07-23,21.5,21.55,21.6,21.5,11670000.0,-0.23,-0.0023201856148492572,-0.0023228814161397496,5.395778073447408e-06,0.0023228814161397496,0.1652790749814496,0.3681537499237113,GTCO
2020-07-24,21.65,21.5,21.75,21.6,5660000.0,0.7,0.006976744186046435,0.006952519314881663,4.833752482380259e-05,0.006952519314881663,0.055821853143496754,0.36955427215334696,GTCO
2020-07-27,23.3,21.65,23.3,21.8,8980000.0,7.62,0.07621247113163987,0.07344790612315616,0.00539459491387596,0.07344790612315616,0.5119915367479813,0.45329862532843546,GTCO
2020-07-28,22.6,23.3,22.6,22.4,8450000.0,-3.0,-0.030042918454935563,-0.030503454293414625,0.0009304607238304352,0.030503454293414625,0.6089608525070592,0.4631363999716676,GTCO
2020-07-29,22.5,22.6,22.55,22.5,10870000.0,-0.44,-0.004424778761062065,-0.004434597067865864,1.966565115432452e-05,0.004434597067865864,0.6161605633764281,0.4607292517415427,GTCO
2020-08-03,22.85,22.5,22.95,22.5,18170000.0,1.56,0.015555555555555545,0.015435808129839248,0.0002382641726212114,0.015435808129839248,0.6091347402888845,0.46181254567577446,GTCO
2020-08-04,23.15,22.85,23.15,22.95,7610000.0,1.31,0.013129102844638751,0.01304366319202918,0.00017013714946709685,0.01304366319202918,0.6073741391386747,0.4150605149068608,GTCO
2020-08-05,23.6,23.15,23.65,23.2,9090000.0,1.94,0.019438444924406273,0.019251931499321525,0.00037063686645456834,0.019251931499321525,0.3269176157663791,0.4178400312446326,GTCO
2020-08-06,23.75,23.6,23.8,23.7,13160000.0,0.64,0.0063559322033897026,0.0063358184490857035,4.014259541977477e-05,0.0063358184490857035,0.14767707458717966,0.41764343912034646,GTCO
2020-08-07,24.35,23.75,24.45,23.8,27170000.0,2.53,0.025263157894736876,0.024949319047948615,0.0006224685209563316,0.024949319047948615,0.11024687885487018,0.4225625103067835,GTCO
2020-08-10,24.55,24.35,24.8,24.4,13980000.0,0.82,0.008213552361396204,0.00818000471193069,6.691247708720828e-05,0.00818000471193069,0.12305993275332185,0.36283949743674593,GTCO
2020-08-11,24.8,24.55,24.85,24.45,25280000.0,1.02,0.010183299389002087,0.010131798930406955,0.00010265334956619552,0.010131798930406955,0.12669318243653538,0.36263348046853705,GTCO
2020-08-12,24.85,24.8,24.9,24.8,66250000.0,0.2,0.002016129032258007,0.0020140993717011856,4.0565962790871106e-06,0.0020140993717011856,0.13827544700066158,0.3572264360359571,GTCO
2020-08-13,24.8,24.85,24.85,24.8,12530000.0,-0.2,-0.002012072434607659,-0.0020140993717012562,4.056596279087395e-06,0.0020140993717012562,0.16379280616570469,0.3465171343124289,GTCO
2020-08-14,24.9,24.8,24.9,24.8,41760000.0,0.4,0.004032258064516014,0.004024150299725327,1.6193785634779436e-05,0.004024150299725327,0.07699293305359901,0.3179364560070625,GTCO
2020-08-17,24.85,24.9,24.85,24.8,19030000.0,-0.2,-0.00200803212851397,-0.0020100509280241118,4.040304733250593e-06,0.0020100509280241118,0.07996406688569775,0.3195067953743336,GTCO
2020-08-18,24.9,24.85,24.9,24.75,35290000.0,0.2,0.002012072434607548,0.0020100509280241,4.040304733250546e-06,0.0020100509280241,0.042852961665998106,0.3144162919940643,GTCO
2020-08-19,25.2,24.9,25.25,24.95,8029999.999999999,1.2,0.012048192771084265,0.01197619104671562,0.0001434291519874314,0.01197619104671562,0.09141192744119445,0.29677660944405293,GTCO
2020-08-20,25.25,25.2,25.25,25.2,29940000.0,0.2,0.001984126984126977,0.0019821612039912025,3.928963038607854e-06,0.0019821612039912025,0.08208764294045638,0.2962191825264357,GTCO
2020-08-21,25.1,25.25,25.8,25.0,16149999.999999998,-0.59,-0.005940594059405835,-0.005958309583630523,3.550145309438334e-05,0.005958309583630523,0.10593782415299424,0.29886676877663304,GTCO
2020-08-24,25.2,25.1,25.3,24.0,12930000.0,0.4,0.003984063745019917,0.003976148379639417,1.580975593690916e-05,0.003976148379639417,0.10151826466281562,0.2985695583472789,GTCO
2020-08-25,25.0,25.2,25.15,25.0,4810000.0,-0.79,-0.007936507936507908,-0.007968169649176845,6.349172755806304e-05,0.007968169649176845,0.12772523980865524,0.3015238599586529,GTCO
2020-08-26,25.05,25.0,25.05,25.0,6370000.0,0.2,0.0020000000000000018,0.001998002662673058,3.99201464004863e-06,0.001998002662673058,0.08533760095301417,0.30205936796822713,GTCO
2020-08-27,25.2,25.05,25.2,25.05,3520000.0,0.6,0.0059880239520957446,0.005970166986503754,3.564289384673932e-05,0.005970166986503754,0.09838739403760333,0.18109820758408582,GTCO
2020-08-28,25.4,25.2,25.4,25.25,5180000.0,0.79,0.007936507936507908,0.007905179507113247,6.249186303968324e-05,0.007905179507113247,0.09824097447963945,0.13176481575449633,GTCO
2020-08-31,25.5,25.4,25.55,25.45,10040000.0,0.39,0.003937007874015741,0.003929278139889557,1.5439226700613938e-05,0.003929278139889557,0.09819343887552133,0.1268639731281535,GTCO
2020-09-01,25.6,25.5,25.75,25.5,10920000.0,0.39,0.0039215686274509665,0.003913899321136315,1.5318607895991304e-05,0.003913899321136315,0.035840792226201144,0.12221392275824175,GTCO
2020-09-02,25.65,25.6,25.65,25.4,5670000.0,0.2,0.001953124999999778,0.0019512201312615277,3.8072600006402537e-06,0.0019512201312615277,0.036067369620050825,0.11949615741010615,GTCO
2020-09-03,25.7,25.65,25.7,25.65,6500000.0,0.19,0.0019493177387914784,0.0019474202843956288,3.792445764075552e-06,0.0019474202843956288,0.03859864811307815,0.10773528816746847,GTCO
2020-09-04,26.55,25.7,26.9,26.0,24380000.0,3.31,0.0330739299610896,0.03253875578677383,0.0010587706281513073,0.03253875578677383,0.21074482827898494,0.14611388895408758,GTCO
2020-09-07,25.9,26.55,26.7,25.9,7150000.0,-2.45,-0.024482109227871973,-0.02478677898245581,0.0006143844123251131,0.02478677898245581,0.322180413283678,0.16252612335389527,GTCO
2020-09-08,24.3,25.9,25.9,24.3,8180000.0,-6.18,-0.06177606177606165,-0.06376661835898915,0.004066181616940973,0.06376661835898915,0.5725682609427275,0.28111853362712147,GTCO
2020-09-09,24.3,24.3,24.55,24.1,24890000.0,0.0,0.0,0.0,0.0,0.0,0.5700736810801144,0.278474704153721,GTCO
2020-09-10,24.75,24.3,24.8,24.25,9030000.0,1.85,0.01851851851851838,0.0183491386681964,0.0003366908898647003,0.0183491386681964,0.6040813191300198,0.2863188671355614,GTCO
2020-09-11,25.0,24.75,25.0,24.8,6700000.0,1.01,0.010101010101010166,0.010050335853501506,0.00010100925076817785,0.010050335853501506,0.5261727272274982,0.28839407612595724,GTCO
2020-09-14,25.1,25.0,25.15,25.0,29560000.0,0.4,0.0040000000000000036,0.003992021269537457,1.5936233816439447e-05,0.003992021269537457,0.5218669511227977,0.2883889856623046,GTCO
2020-09-15,25.15,25.1,25.15,25.0,46290000.0,0.2,0.0019920318725097363,0.0019900504080097876,3.960300626419922e-06,0.0019900504080097876,0.11804341349576075,0.28830400159473096,GTCO
2020-09-16,24.95,24.85,25.0,24.8,4660000.0,-0.8,-0.007952286282306154,-0.007984074348220531,6.37454431979131e-05,0.007984074348220531,0.15512749368715104,0.28975070265172287,GTCO
2020-09-17,25.0,24.95,25.05,24.9,20290000.0,0.2,0.002004008016032177,0.0020020026706731903,4.008014693382586e-06,0.0020020026706731903,0.10301852142099521,0.28664103472358377,GTCO
2020-09-18,25.35,25.0,25.35,25.0,4790000.0,1.4,0.014000000000000012,0.013902905168991434,0.00019329077213796873,0.013902905168991434,0.12354677022409581,0.29082256259162614,GTCO
2020-09-21,25.4,25.35,25.4,25.25,5600000.0,0.2,0.001972386587770991,0.001970443987298517,3.882649507080878e-06,0.001970443987298517,0.12313083021978108,0.2900069656438997,GTCO
2020-09-22,25.4,25.4,25.45,25.35,20330000.0,0.0,0.0,0.0,0.0,0.0,0.12432876797730762,0.28974478709851653,GTCO
2020-09-23,25.5,25.4,26.0,25.45,19080000.0,0.39,0.003937007874015741,0.003929278139889557,1.5439226700613938e-05,0.003929278139889557,0.08750162274363114,0.28835531697731154,GTCO
2020-09-24,26.0,25.5,26.5,25.95,51730000.0,1.96,0.019607843137254832,0.019418085857101516,0.00037706205835376594,0.019418085857101516,0.1332943203399515,0.29538693218017775,GTCO
2020-09-25,27.0,26.0,27.2,26.3,7940000.0,3.85,0.03846153846153855,0.03774032798284711,0.0014243323562528728,0.03774032798284711,0.25417196358865873,0.32050933722012814,GTCO
2020-09-28,27.0,27.0,27.2,27.0,14660000.0,0.0,0.0,0.0,0.0,0.0,0.25969409388436215,0.3202433822793855,GTCO
2020-09-29,27.05,27.0,27.3,26.95,16530000.000000002,0.19,0.0018518518518517713,0.0018501392881613734,3.4230153855982737e-06,0.0018501392881613734,0.25449051014171054,0.32024090571421665,GTCO
2020-09-30,28.05,27.05,28.5,27.3,10800000.0,3.7,0.0369685767097967,0.03630162667621482,0.0013178080993392711,0.03630162667621482,0.2868215919893286,0.3406506169648221,GTCO
2020-10-02,29.0,28.05,29.0,28.0,20260000.0,3.39,0.033868092691622165,0.03330719801776876,0.0011093694397948594,0.03330719801776876,0.30432262119568737,0.354885931243691,GTCO
2020-10-05,29.7,29.0,29.8,29.45,36310000.0,2.41,0.024137931034482696,0.023851215822179847,0.0005688804961962023,0.023851215822179847,0.272962494637105,0.3599302424523573,GTCO
2020-10-06,31.5,29.7,31.5,29.7,40060000.0,6.06,0.06060606060606055,0.058840500022933395,0.0034622044429488247,0.058840500022933395,0.3281456105933554,0.3935128061573585,GTCO
2020-10-07,31.0,31.5,33.0,30.0,76160000.0,-1.59,-0.015873015873015928,-0.01600034134644119,0.00025601092320263547,0.01600034134644119,0.4346488768119474,0.3853413677727338,GTCO
2020-10-08,32.0,31.0,32.0,30.05,18290000.0,3.23,0.032258064516129004,0.03174869831458027,0.0010079798446702322,0.03174869831458027,0.4298575552078634,0.2896182467212793,GTCO
2020-10-09,30.4,32.0,32.05,30.4,32619999.999999996,-5.0,-0.050000000000000044,-0.05129329438755058,0.0026310020491279278,0.05129329438755058,0.686538697246242,0.3638591987731041,GTCO
2020-10-12,30.3,30.4,30.5,30.25,65480000.00000001,-0.33,-0.003289473684210509,-0.003294895896852538,1.085633897109569e-05,0.003294895896852538,0.6776038966138279,0.3658195767975898,GTCO
2020-10-13,29.55,30.3,30.4,29.5,100310000.0,-2.48,-0.024752475247524774,-0.025063968663216276,0.0006282025251506875,0.025063968663216276,0.4839325236818364,0.3850351599482469,GTCO
2020-10-14,30.0,29.55,30.0,29.85,25120000.0,1.52,0.015228426395939021,0.015113637810048106,0.0002284220478533157,0.015113637810048106,0.5199615211783462,0.38551735967603495,GTCO
2020-10-15,29.5,30.0,29.9,29.5,62190000.0,-1.67,-0.01666666666666672,-0.01680711831638129,0.0002824792261008394,0.01680711831638129,0.3934780721474459,0.3948967983950753,GTCO
2020-10-16,30.35,29.5,30.6,29.15,21590000.0,2.88,0.028813559322034,0.028406254159733225,0.0008069152753873612,0.028406254159733225,0.351068383503482,0.3969210820557565,GTCO
2020-10-19,30.8,30.35,30.95,30.5,26890000.0,1.48,0.014827018121911006,0.014718172474021485,0.00021662460097504371,0.014718172474021485,0.3645151428512714,0.39640715214100497,GTCO
2020-10-20,30.4,30.8,31.0,30.25,15460000.0,-1.3,-0.012987012987013102,-0.013072081567352888,0.00017087931650352714,0.013072081567352888,0.31193260794688976,0.4039471410033361,GTCO
2020-10-21,30.0,29.5,30.4,28.75,38200000.0,-1.32,-0.013157894736842035,-0.013245226750020567,0.0001754360316594604,0.013245226750020567,0.32264077607991937,0.41050325293249373,GTCO
2020-10-22,30.0,30.0,30.4,29.85,77840000.0,0.0,0.0,0.0,0.0,0.0,0.28764846757149476,0.41050325293249373,GTCO
2020-10-23,30.45,30.0,30.45,30.0,76500000.0,1.5,0.014999999999999902,0.014888612493750559,0.00022167078198906523,0.014888612493750559,0.2220228271764524,0.4109140788376363,GTCO
2020-10-26,30.65,30.45,30.75,30.5,56790000.0,0.66,0.006568144499178974,0.006546668226314368,4.2858864865434107e-05,0.006546668226314368,0.19540451337800419,0.4089990217476365,GTCO
2020-10-27,31.25,30.65,31.25,31.0,8250000.0,1.96,0.019575856443719397,0.019386713800190084,0.00037584467197048063,0.019386713800190084,0.20448478613404597,0.396851283141655,GTCO
2020-10-28,31.25,31.25,31.35,31.1,12610000.0,0.0,0.0,0.0,0.0,0.0,0.1390916895600384,0.396851283141655,GTCO
2020-10-30,32.5,31.25,32.5,31.9,56220000.0,4.0,0.040000000000000036,0.03922071315328133,0.0015382643402519752,0.03922071315328133,0.2377564170959164,0.41162664709249686,GTCO
2020-11-02,32.5,32.5,32.5,31.5,12190000.0,0.0,0.0,0.0,0.0,0.0,0.2641992981840798,0.4000466976791305,GTCO
2020-11-03,32.0,32.5,32.05,31.9,18900000.0,-1.54,-0.01538461538461533,-0.015504186535965199,0.00024037980014200456,0.015504186535965199,0.33514681792372053,0.3953272279025129,GTCO
2020-11-04,32.1,32.0,32.2,32.0,3910000.0,0.31,0.0031250000000000444,0.0031201273362436777,9.735194594375069e-06,0.0031201273362436777,0.3218591346566618,0.3891393623563152,GTCO
2020-11-05,32.3,32.1,32.5,32.1,15670000.0,0.62,0.006230529595015355,0.006211200092640455,3.85790065908168e-05,0.006211200092640455,0.31833496704029407,0.3339724243742377,GTCO
2020-11-06,33.5,32.3,33.5,32.5,10520000.0,3.72,0.037151702786377694,0.03647820860240988,0.0013306597028409299,0.03647820860240988,0.3007445167270109,0.3490650102468182,GTCO
2020-11-09,35.25,33.5,36.3,33.25,21730000.0,5.22,0.052238805970149294,0.050920090427256946,0.0025928556091200246,0.050920090427256946,0.4268955122689534,0.3739131068292497,GTCO
2020-11-10,35.0,35.25,35.25,34.2,34810000.0,-0.71,-0.007092198581560294,-0.0071174677688639896,5.0658347440817736e-05,0.0071174677688639896,0.390172351667383,0.3178050427135949,GTCO
2020-11-11,36.0,34.5,36.0,34.5,34170000.0,2.86,0.02857142857142847,0.028170876966696224,0.0007935983090727359,0.028170876966696224,0.3703249537490872,0.3239569389629025,GTCO
2020-11-12,38.2,36.0,38.45,35.0,49670000.0,6.11,0.061111111111111116,0.0593165771564195,0.0035184563255534675,0.0593165771564195,0.40913358821715884,0.34588945708913565,GTCO
2020-11-13,36.4,38.2,38.0,35.5,56020000.0,-4.71,-0.047120418848167644,-0.04826674096983463,0.002329678283849113,0.04826674096983463,0.7057764072864178,0.4040207062840877,GTCO
2020-11-16,36.0,36.4,36.25,35.1,32220000.0,-1.1,-0.01098901098901095,-0.011049836186584935,0.0001220988797503619,0.011049836186584935,0.6509439139338059,0.39982008274409997,GTCO
2020-11-17,37.0,36.0,38.0,34.1,21760000.0,2.78,0.02777777777777768,0.027398974188114347,0.0007507037865609563,0.027398974188114347,0.6591713256344848,0.39923416565967634,GTCO
2020-11-18,37.0,37.0,37.6,37.0,70680000.0,0.0,0.0,0.0,0.0,0.0,0.6433973738361913,0.4000345686743107,GTCO
2020-11-19,35.8,37.0,36.25,35.8,5860000.0,-3.24,-0.032432432432432545,-0.03297001923756994,0.0010870221685257318,0.03297001923756994,0.4660339174153746,0.4191810043257253,GTCO
2020-11-20,35.35,35.8,35.6,34.15,5690000.0,-1.26,-0.012569832402234526,-0.012649501064072748,0.00016000987716997757,0.012649501064072748,0.350363340446041,0.4188093202757422,GTCO
2020-11-23,34.05,35.35,35.35,34.0,37100000.0,-3.68,-0.036775106082036935,-0.03746835974706055,0.0014038779821351475,0.03746835974706055,0.41859988883624905,0.4467953640975782,GTCO
2020-11-24,34.1,34.05,34.2,34.0,30000000.0,0.15,0.001468428781204345,0.001467351693949966,2.1531209937378347e-06,0.001467351693949966,0.2884491362436277,0.44586049444462866,GTCO
2020-11-25,34.5,34.1,34.8,34.3,22210000.0,1.17,0.011730205278592365,0.011661939747842957,0.00013600083868231945,0.011661939747842957,0.3377041002157982,0.44637936934296446,GTCO
2020-11-26,35.4,34.5,35.4,35.0,6880000.0,2.61,0.02608695652173898,0.02575249610241455,0.0006631910555048766,0.02575249610241455,0.38395172792634913,0.4493850262020199,GTCO
2020-11-27,35.0,35.4,35.3,34.5,7430000.0,-1.13,-0.011299435028248594,-0.011363758650315095,0.00012913501066261115,0.011363758650315095,0.3818599743926496,0.45298663524316046,GTCO
2020-11-30,33.2,35.0,34.7,33.2,13570000.0,-5.14,-0.05142857142857138,-0.052798185566970766,0.00278764839916428,0.052798185566970766,0.4755939477386767,0.4778835644763687,GTCO
2020-12-01,35.0,33.2,36.5,34.15,24060000.0,5.42,0.054216867469879526,0.05279818556697083,0.002787648399164287,0.05279818556697083,0.6333857096902212,0.5103668683473599,GTCO
2020-12-02,34.1,35.0,34.3,34.0,39000000.0,-2.57,-0.02571428571428569,-0.02605067719994255,0.0006786377825756066,0.02605067719994255,0.6649818119303095,0.5165922460218447,GTCO
2020-12-03,33.6,34.1,34.1,33.6,6660000.0,-1.47,-0.014662756598240456,-0.014771317320312543,0.00021819181537736533,0.014771317320312543,0.6177096590869675,0.520256367448449,GTCO
2020-12-04,33.25,33.6,33.6,33.25,2240000.0,-1.04,-0.01041666666666674,-0.010471299867295478,0.0001096481209108223,0.010471299867295478,0.6176578087939202,0.5218327736864633,GTCO
2020-12-07,33.15,33.25,33.3,33.15,9120000.0,-0.3,-0.00300751879699257,-0.003012050469991721,9.072448033777347e-06,0.003012050469991721,0.48946183548351857,0.5060587182876793,GTCO
2020-12-08,33.15,33.15,33.15,33.0,9730000.0,0.0,0.0,0.0,0.0,0.0,0.1637723189837949,0.4703487778634583,GTCO
2020-12-09,33.15,33.15,33.15,33.1,32659999.999999996,0.0,0.0,0.0,0.0,0.0,0.10567199029223406,0.4701955896415871,GTCO
2020-12-10,32.35,33.15,33.15,31.4,87020000.0,-2.41,-0.02413273001508287,-0.024428695684961855,0.000596761172868474,0.024428695684961855,0.16421046553417412,0.46207790474950716,GTCO
2020-12-11,32.9,32.35,33.0,31.95,4690000.0,1.7,0.01700154559505407,0.01685863682441661,0.0002842136355775758,0.01685863682441661,0.23379909341333613,0.4077207022154906,GTCO
2020-12-14,33.0,32.9,33.0,31.5,19170000.0,0.3,0.003039513677811634,0.003034903695154111,9.210640438860078e-06,0.003034903695154111,0.23626792230820254,0.38028178469638,GTCO
2020-12-15,33.55,33.0,33.6,33.5,5590000.0,1.67,0.016666666666666607,0.016529301951210506,0.00027321782299429145,0.016529301951210506,0.2673607594780516,0.3864030300521196,GTCO
2020-12-16,33.95,33.55,33.95,33.85,2810000.0,1.19,0.01192250372578263,0.011851990587014548,0.00014046968087468145,0.011851990587014548,0.2738232164219892,0.37437733142459884,GTCO
2020-12-17,33.75,33.95,34.0,33.5,9200000.0,-0.59,-0.005891016200294641,-0.005908436686166394,3.490962407443692e-05,0.005908436686166394,0.15534304949479893,0.3741220991576502,GTCO
2020-12-18,33.75,33.75,33.8,33.75,23430000.0,0.0,0.0,0.0,0.0,0.0,0.14367933868302368,0.3595220016091327,GTCO
2020-12-21,33.5,33.75,33.75,33.4,11090000.0,-0.74,-0.007407407407407418,-0.00743497848751809,5.527890510985679e-05,0.00743497848751809,0.16998486509511904,0.35817471899629033,GTCO
2020-12-22,33.0,33.5,33.0,33.0,38220000.0,-1.49,-0.014925373134328401,-0.015037877364540559,0.00022613775563096132,0.015037877364540559,0.1591716094934583,0.33851820063664334,GTCO
2020-12-23,33.0,33.0,33.05,32.95,9290000.0,0.0,0.0,0.0,0.0,0.0,0.09889026286744917,0.33839473646596435,GTCO
2020-12-24,32.8,33.0,33.0,32.8,59180000.0,-0.61,-0.0060606060606061,-0.006079046076382226,3.695480119877814e-05,0.006079046076382226,0.09892291036549686,0.3352254517641967,GTCO
2020-12-29,32.7,32.8,32.8,32.7,7030000.0,-0.3,-0.0030487804878046587,-0.0030534374868901202,9.323480486345852e-06,0.0030534374868901202,0.08977011267899854,0.3192065137768632,GTCO
2020-12-30,32.5,32.7,32.7,32.5,10420000.0,-0.61,-0.006116207951070374,-0.006134988567515944,3.7638084723551337e-05,0.006134988567515944,0.08922662532713178,0.31815300320746154,GTCO
2020-12-31,32.35,32.5,32.6,32.35,5940000.0,-0.46,-0.004615384615384577,-0.004626068388782191,2.1400508737689855e-05,0.004626068388782191,0.040601427422361114,0.26316953434736123,GTCO
2021-01-04,33.5,32.35,33.5,33.1,5710000.0,3.55,0.03554868624420404,0.0349314178841112,0.0012202039553944038,0.0349314178841112,0.28400436018328734,0.22081848452980882,GTCO
2021-01-05,32.55,33.5,33.5,32.55,12860000.0,-2.84,-0.028358208955224007,-0.02876807017644263,0.000827601861676728,0.02876807017644263,0.3641167018277751,0.22470087949308357,GTCO
2021-01-06,32.5,32.55,33.0,32.45,10490000.0,-0.15,-0.001536098310291778,-0.0015372793188863669,2.363227704275732e-06,0.0015372793188863669,0.36387613461367896,0.22001076875661643,GTCO
2021-01-07,33.0,32.5,33.0,33.0,9550000.0,1.54,0.01538461538461533,0.01526747213078838,0.0002330957052643999,0.01526747213078838,0.37716959768339103,0.2249239327599448,GTCO
2021-01-08,33.0,33.0,33.0,32.9,24890000.0,0.0,0.0,0.0,0.0,0.0,0.37263815159886704,0.22471826425836358,GTCO
2021-01-11,32.85,33.0,33.1,32.65,9590000.0,-0.45,-0.004545454545454519,-0.004555816535860691,2.0755464308421704e-05,0.004555816535860691,0.2518791823905699,0.2252167184316443,GTCO
2021-01-12,32.5,32.85,32.85,32.5,9760000.0,-1.07,-0.010654490106544956,-0.010711655594927772,0.00011473956558434745,0.010711655594927772,0.15277540047794747,0.22799690747610213,GTCO
2021-01-13,32.4,32.5,32.6,32.4,18250000.0,-0.31,-0.003076923076923088,-0.003081666537408112,9.496668647780904e-06,0.003081666537408112,0.15394755085661443,0.21170005287655758,GTCO
2021-01-14,33.0,32.4,33.1,32.35,68990000.0,1.85,0.0185185185185186,0.018349138668196617,0.00033669088986470835,0.018349138668196617,0.1742010421023117,0.21324640797429378,GTCO
2021-01-15,33.05,33.0,33.1,33.0,38620000.0,0.15,0.0015151515151514694,0.0015140048312150113,2.2922106289423947e-06,0.0015140048312150113,0.1745323193143037,0.21305165889103028,GTCO
2021-01-18,33.65,33.05,34.3,33.15,12530000.0,1.82,0.018154311649016597,0.017991489793041476,0.0003236937049731156,0.017991489793041476,0.205622939253519,0.21452987242301297,GTCO
2021-01-19,33.75,33.65,33.75,33.65,10360000.0,0.3,0.002971768202080227,0.002967361227802008,8.805232656262641e-06,0.002967361227802008,0.15797174063032646,0.2105907475971671,GTCO
2021-01-20,33.05,33.75,33.7,33.0,24010000.0,-2.07,-0.020740740740740837,-0.020958851020843636,0.0004392734361139183,0.020958851020843636,0.2549633984692359,0.2218125981949797,GTCO
2021-01-21,33.0,33.05,33.05,32.9,62050000.0,-0.15,-0.0015128593040846239,-0.0015140048312149606,2.2922106289422414e-06,0.0015140048312149606,0.2211571343752548,0.22178876681092774,GTCO
2021-01-22,33.1,33.0,33.15,33.0,20520000.0,0.3,0.003030303030303161,0.0030257209165371114,9.154987064770178e-06,0.0030257209165371114,0.22206764375511043,0.22096501561268395,GTCO
2021-01-25,33.1,33.1,33.15,33.1,7220000.0,0.0,0.0,0.0,0.0,0.0,0.15977541902576578,0.21460960964747935,GTCO
2021-01-26,33.15,33.1,33.3,33.1,13230000.0,0.15,0.001510574018126709,0.0015094342488541186,2.2783917516137972e-06,0.0015094342488541186,0.15647603227198778,0.21466053363841284,GTCO
2021-01-27,33.2,33.15,33.25,33.15,27160000.0,0.15,0.0015082956259429015,0.0015071592905715604,2.2715291271561692e-06,0.0015071592905715604,0.027376049030876096,0.2134626890689733,GTCO
2021-01-28,34.0,33.2,34.5,33.2,21170000.0,2.41,0.02409638554216853,0.023810648693718392,0.0005669469912156734,0.023810648693718392,0.1592229791705526,0.22752717036695777,GTCO
2021-01-29,34.5,34.0,34.95,34.4,20500000.0,1.47,0.014705882352941124,0.014598799421152631,0.0002131249445390464,0.014598799421152631,0.16675761957374435,0.22967767528888508,GTCO
2021-02-01,34.5,34.5,34.5,34.45,22580000.0,0.0,0.0,0.0,0.0,0.0,0.16675761957374435,0.22833709618487863,GTCO
2021-02-02,33.75,34.5,34.25,33.5,11320000.0,-2.17,-0.021739130434782594,-0.02197890671877523,0.0004830723405526229,0.02197890671877523,0.27507636359332166,0.21284030309588395,GTCO
2021-02-03,33.05,33.75,33.6,33.0,60670000.0,-2.07,-0.020740740740740837,-0.020958851020843636,0.0004392734361139183,0.020958851020843636,0.32709928993046433,0.20075306340340815,GTCO
2021-02-04,33.0,33.05,33.65,33.0,87210000.0,-0.15,-0.0015128593040846239,-0.0015140048312149606,2.2922106289422414e-06,0.0015140048312149606,0.2458657197628229,0.2007497735107425,GTCO
2021-02-05,36.0,33.0,36.0,32.5,24000000.0,9.09,0.09090909090909083,0.08701137698962969,0.007570979725631458,0.08701137698962969,0.7158220966783525,0.3582667718460911,GTCO
2021-02-08,32.85,36.0,33.1,32.85,2970000.0,-8.75,-0.08749999999999991,-0.09156719352549039,0.00838455093013461,0.09156719352549039,1.016458885104632,0.48839590097123975,GTCO
2021-02-09,32.7,32.85,32.95,32.65,7600000.0,-0.46,-0.004566210045662045,-0.004576667027411755,2.0945881079797948e-05,0.004576667027411755,1.010816773368772,0.4883982402576462,GTCO
2021-02-10,32.2,32.7,32.65,32.2,35980000.0,-1.53,-0.015290519877675823,-0.015408625352845068,0.0002374257352643398,0.015408625352845068,1.0065120484189432,0.4899384187322378,GTCO
2021-02-11,30.55,32.2,31.25,30.3,18920000.0,-5.12,-0.05124223602484479,-0.052601766932758365,0.0027669458844482315,0.052601766932758365,1.0586833994900549,0.5222653466902284,GTCO
2021-02-12,30.35,30.55,30.65,30.2,42060000.0,-0.65,-0.006546644844517169,-0.006568168112097044,4.314083234876845e-05,0.006568168112097044,0.5952294989282816,0.5166544884341415,GTCO
2021-02-15,30.8,30.35,30.95,30.6,12470000.0,1.48,0.014827018121911006,0.014718172474021485,0.00021662460097504371,0.014718172474021485,0.3932471688513706,0.5204365860517878,GTCO
2021-02-16,30.9,30.8,31.0,30.75,46160000.0,0.32,0.0032467532467532756,0.003241493924171023,1.0507282860437658e-05,0.003241493924171023,0.40732147472743513,0.5152956262131838,GTCO
2021-02-17,30.9,30.9,32.0,30.9,16530000.000000002,0.0,0.0,0.0,0.0,0.0,0.4122455156718219,0.5148881119224415,GTCO
2021-02-18,30.3,30.9,30.95,30.0,35430000.0,-1.94,-0.01941747572815522,-0.019608471388376198,0.000384492150188768,0.019608471388376198,0.20099614829582788,0.5143553177821543,GTCO
2021-02-19,30.4,30.3,30.5,30.4,11450000.0,0.33,0.0033003300330032292,0.0032948958968524846,1.085633897109534e-05,0.0032948958968524846,0.1979447456899689,0.5149337306087157,GTCO
2021-02-22,30.5,30.3,30.8,30.3,26850000.0,0.33,0.00328947368421062,0.0032840752011900187,1.078514992707126e-05,0.0032840752011900187,0.15824422333223181,0.5149783384970695,GTCO
2021-02-23,30.75,30.5,30.8,30.4,16610000.0,0.82,0.008196721311475308,0.008163310639160835,6.663964059143649e-05,0.008163310639160835,0.17171590234468742,0.5165304831488722,GTCO
2021-02-24,31.05,30.75,31.8,30.95,48800000.0,0.98,0.009756097560975618,0.009708814126960903,9.426107175187561e-05,0.009708814126960903,0.18822242531445396,0.5183116620775623,GTCO
2021-02-25,31.05,31.05,31.45,31.0,15400000.0,0.0,0.0,0.0,0.0,0.0,0.06298549005394245,0.5181685378213599,GTCO
2021-02-26,31.0,31.05,31.1,31.0,9020000.0,-0.16,-0.0016103059581320522,-0.0016116038943415328,2.5972671122567944e-06,0.0016116038943415328,0.07852864179295391,0.5088787637228455,GTCO
2021-03-01,31.0,31.0,31.0,30.9,4099999.9999999995,0.0,0.0,0.0,0.0,0.0,0.08347979105165815,0.5045057972047753,GTCO
2021-03-02,31.5,31.0,31.5,30.9,7690000.0,1.61,0.016129032258064502,0.01600034134644112,0.00025601092320263325,0.01600034134644112,0.12212307075109531,0.5095607314192507,GTCO
2021-03-03,31.7,31.5,31.95,31.65,28990000.0,0.63,0.006349206349206327,0.00632913505164753,4.0057950501993376e-05,0.00632913505164753,0.11579147565272813,0.5066355988572172,GTCO
2021-03-04,31.5,31.7,31.8,31.05,15500000.0,-0.63,-0.006309148264984188,-0.006329135051647512,4.005795050199316e-05,0.006329135051647512,0.13686112343622028,0.5026143660460152,GTCO
2021-03-05,31.0,31.5,31.05,30.9,20830000.0,-1.59,-0.015873015873015928,-0.01600034134644119,0.00025601092320263547,0.01600034134644119,0.1931441898861647,0.504833774608341,GTCO
2021-03-08,31.05,31.0,31.05,30.8,4690000.0,0.16,0.001612903225806539,0.0016116038943416128,2.5972671122570523e-06,0.0016116038943416128,0.1934827649927523,0.38563269973003644,GTCO
2021-03-09,31.0,31.05,31.1,30.0,11080000.0,-0.16,-0.0016103059581320522,-0.0016116038943415328,2.5972671122567944e-06,0.0016116038943415328,0.13519433401148176,0.23283524025948643,GTCO
2021-03-10,30.7,30.0,31.1,30.0,34340000.0,-0.97,-0.009677419354838679,-0.009724549891994744,9.4566870601895e-05,0.009724549891994744,0.10950481254149301,0.2340211519467065,GTCO
2021-03-11,30.95,30.7,31.0,30.9,8130000.000000001,0.81,0.008143322475570036,0.008110344537453643,6.577768851620414e-05,0.008110344537453643,0.1504932577336563,0.23249184076620003,GTCO
2021-03-12,30.75,30.95,30.85,30.7,30970000.0,-0.65,-0.006462035541195399,-0.006483004878078154,4.202935224918514e-05,0.006483004878078154,0.110682859655583,0.14364381245880745,GTCO
2021-03-15,29.95,30.75,30.8,29.8,4160000.0,-2.6,-0.026016260162601612,-0.026360669691068508,0.0006948849065616179,0.026360669691068508,0.20074420740102136,0.16960382348073044,GTCO
2021-03-16,28.5,29.95,29.0,28.5,16329999.999999998,-4.84,-0.048414023372287174,-0.049625237286853544,0.002462664175776519,0.049625237286853544,0.3501335731480723,0.2314241198224965,GTCO
2021-03-17,28.0,28.5,28.2,27.85,34200000.0,-1.75,-0.01754385964912286,-0.017699577099400975,0.0003132750294976394,0.017699577099400975,0.3444887777527147,0.2348586400321822,GTCO
2021-03-18,29.8,28.0,30.0,28.5,122180000.0,6.43,0.06428571428571428,0.06230388333615484,0.0038817738787651924,0.06230388333615484,0.6691760196539667,0.3303150764376704,GTCO
2021-03-19,31.0,29.8,31.45,30.8,39390000.0,4.03,0.04026845637583887,0.03947881097378742,0.0015585765159040381,0.03947881097378742,0.7487174882818416,0.35267104882449446,GTCO
2021-03-22,31.0,31.0,31.5,30.95,36130000.0,0.0,0.0,0.0,0.0,0.0,0.7089892041752884,0.35259590114265876,GTCO
2021-03-23,31.05,31.0,31.3,30.95,26830000.0,0.16,0.001612903225806539,0.0016116038943416128,2.5972671122570523e-06,0.0016116038943416128,0.51972382638524,0.3525028357536103,GTCO
2021-03-24,31.0,31.05,31.2,31.0,72620000.0,-0.16,-0.0016103059581320522,-0.0016116038943415328,2.5972671122567944e-06,0.0016116038943415328,0.46101724270553845,0.3515730708210767,GTCO
2021-03-25,31.15,31.0,31.25,31.0,19280000.0,0.48,0.004838709677419395,0.004827040748315944,2.330032238590255e-05,0.004827040748315944,0.2743202314968143,0.35034647729381296,GTCO
2021-03-26,31.55,31.15,31.55,31.2,19790000.0,1.28,0.012841091492777013,0.012759343753760139,0.00016280085302661787,0.012759343753760139,0.09030332284562795,0.3530538657932208,GTCO
2021-03-29,32.9,31.55,33.0,31.95,230370000.0,4.28,0.04278922345483349,0.04189906878410394,0.0017555319649750732,0.04189906878410394,0.279400791296334,0.38047866434570393,GTCO
2021-03-30,33.0,33.0,33.0,32.9,28970000.0,0.3,0.003039513677811634,0.003034903695154111,9.210640438860078e-06,0.003034903695154111,0.27626499211305194,0.3803391940901881,GTCO
2021-03-31,32.85,33.0,33.0,32.5,10710000.0,-0.45,-0.004545454545454519,-0.004555816535860691,2.0755464308421704e-05,0.004555816535860691,0.28614011303102027,0.378130089252015,GTCO
2021-04-01,29.95,30.15,30.2,29.8,9650000.0,-8.83,-0.08828006088280071,-0.09242242036916128,0.008541903786893958,0.09242242036916128,0.8008977012114052,0.4992267381031186,GTCO
2021-04-06,28.95,29.95,29.1,28.5,11700000.0,-3.34,-0.03338898163606008,-0.033959120542454084,0.001153221868016927,0.033959120542454084,0.7937772726680958,0.5107957626501577,GTCO
2021-04-07,28.0,28.95,28.95,28.0,29210000.0,-3.28,-0.032815198618307395,-0.033365693843800295,0.0011132695256782128,0.033365693843800295,0.5959222487621387,0.5193974508747374,GTCO
2021-04-08,28.75,28.0,28.8,28.55,20500000.0,2.68,0.02678571428571419,0.02643325706815543,0.0006987170792311891,0.02643325706815543,0.6976774732031442,0.5302894026970693,GTCO
2021-04-09,28.9,28.75,29.0,28.9,9230000.0,0.52,0.00521739130434784,0.005203827875027044,2.707982455290848e-05,0.005203827875027044,0.7210133488400954,0.5311467669487976,GTCO
2021-04-12,28.9,28.9,28.9,28.85,4170000.0,0.0,0.0,0.0,0.0,0.0,0.41529101354097225,0.5307420905880793,GTCO
2021-04-13,28.95,28.9,29.0,28.9,32830000.0,0.17,0.0017301038062282892,0.001728608900617689,2.988088731294695e-06,0.001728608900617689,0.34066029214776017,0.529536469339472,GTCO
2021-04-14,28.8,28.95,28.95,28.7,8700000.0,-0.52,-0.005181347150258975,-0.005194816877103911,2.6986122386643628e-05,0.005194816877103911,0.19394391339898262,0.5294540560597899,GTCO
2021-04-15,28.75,28.8,28.8,28.75,12250000.0,-0.17,-0.0017361111111111605,-0.0017376198985408486,3.0193229118051093e-06,0.0017376198985408486,0.061519278203724444,0.5226625275406223,GTCO
2021-04-16,29.15,28.75,29.15,28.8,33470000.0,1.39,0.013913043478260834,0.013817145553141903,0.00019091351123670907,0.013817145553141903,0.11476654307699061,0.4952274297318943,GTCO
2021-04-19,29.5,29.15,29.5,29.3,12760000.0,1.2,0.012006861063464935,0.011935350549272854,0.00014245259273402782,0.011935350549272854,0.13326790815289313,0.4917000677184013,GTCO
2021-04-20,30.0,29.5,30.45,29.9,22760000.0,1.69,0.016949152542372836,0.01680711831638119,0.0002824792261008361,0.01680711831638119,0.15714793009906908,0.4450000113860768,GTCO
2021-04-21,31.25,30.0,31.25,30.05,13680000.0,4.17,0.04166666666666674,0.0408219945202552,0.0016664352366117456,0.0408219945202552,0.24491949109709824,0.4465111040978823,GTCO
2021-04-22,31.3,31.45,31.45,30.55,37290000.0,0.16,0.0016000000000000458,0.0015987213636970735,2.5559099987414304e-06,0.0015987213636970735,0.23011263687068903,0.44652819346297457,GTCO
2021-04-23,31.2,31.3,31.25,31.0,42670000.0,-0.32,-0.0031948881789137795,-0.0032000027306709027,1.0240017476301234e-05,0.0032000027306709027,0.2726956951187786,0.44668270994021536,GTCO
2021-04-26,31.3,31.2,31.3,31.2,16440000.000000002,0.32,0.0032051282051281937,0.0032000027306708497,1.0240017476300895e-05,0.0032000027306708497,0.2829008267001782,0.4467438022698038,GTCO
2021-04-27,31.15,31.3,31.3,31.05,15890000.0,-0.48,-0.004792332268370725,-0.004803852312645501,2.3076997041709523e-05,0.004803852312645501,0.3001019445085781,0.4468029357869482,GTCO
2021-04-28,31.0,31.15,31.15,31.0,2210000.0,-0.48,-0.0048154093097912964,-0.004827040748315868,2.3300322385901815e-05,0.004827040748315868,0.05966688194029972,0.44462297307927057,GTCO
2021-04-29,30.05,31.0,30.05,30.05,1030000.0,-3.06,-0.030645161290322576,-0.031124543503929656,0.0009687372083280098,0.031124543503929656,0.21050840071057206,0.42782641327649173,GTCO
2021-04-30,30.1,30.05,30.1,30.05,5650000.0,0.17,0.0016638935108153063,0.0016625107736134572,2.763942072380816e-06,0.0016625107736134572,0.22031536586142755,0.42755567871138433,GTCO
2021-05-04,30.1,30.1,30.1,29.65,15940000.0,0.0,0.0,0.0,0.0,0.0,0.21182612522524852,0.42782327208784343,GTCO
2021-05-05,29.0,30.1,29.9,28.9,15950000.0,-3.65,-0.03654485049833889,-0.03722934176835604,0.0013860238885050594,0.03722934176835604,0.29247985041093544,0.31117729662540694,GTCO
2021-05-06,29.0,29.0,29.55,29.0,14380000.0,0.0,0.0,0.0,0.0,0.0,0.3041094549685427,0.2879623701642365,GTCO
2021-05-07,29.25,29.0,29.35,29.0,11900000.0,0.86,0.008620689655172376,0.008583743691391435,7.368065575950225e-05,0.008583743691391435,0.2880305859347788,0.2620701944850652,GTCO
2021-05-10,30.0,29.25,30.3,29.4,11460000.0,2.56,0.02564102564102555,0.025317807984289786,0.0006409914011293676,0.025317807984289786,0.36359910589118105,0.260789488915577,GTCO
2021-05-11,29.55,30.0,30.0,29.55,7960000.0,-1.5,-0.015000000000000013,-0.015113637810048184,0.00022842204785331806,0.015113637810048184,0.37742462381199493,0.2670918083767138,GTCO
2021-05-14,30.0,29.55,30.0,29.5,11190000.0,1.52,0.015228426395939021,0.015113637810048106,0.0002284220478533157,0.015113637810048106,0.24356548609702314,0.271432693204206,GTCO
2021-05-17,29.5,30.0,30.0,29.5,7840000.0,-1.67,-0.01666666666666672,-0.01680711831638129,0.0002824792261008394,0.01680711831638129,0.2965126325205016,0.27896603980429074,GTCO
2021-05-18,29.5,29.5,29.5,29.5,1180000.0,0.0,0.0,0.0,0.0,0.0,0.29333800704710217,0.27811600895022726,GTCO
2021-05-19,29.35,29.5,29.5,29.35,1990000.0,-0.51,-0.005084745762711784,-0.005097717071668606,2.5986719342781547e-05,0.005097717071668606,0.20535037799796896,0.27879734621907765,GTCO
2021-05-20,29.5,29.35,29.8,29.45,11940000.0,0.51,0.005110732538330387,0.00509771707166858,2.598671934278128e-05,0.00509771707166858,0.1882152269500616,0.2753550127805588,GTCO
2021-05-21,29.25,29.5,29.35,29.0,8610000.0,-0.85,-0.008474576271186418,-0.00851068966790862,7.243183862344652e-05,0.00851068966790862,0.13250370583719667,0.27382500618835875,GTCO
2021-05-24,29.0,29.25,29.0,29.0,3600000.0,-0.85,-0.008547008547008517,-0.008583743691391442,7.368065575950238e-05,0.008583743691391442,0.0937947022474315,0.26777442373631694,GTCO
2021-05-25,28.65,29.0,29.0,28.65,7140000.0,-1.21,-0.012068965517241459,-0.012142386825725536,0.00014743755782555307,0.012142386825725536,0.10486946685870437,0.2207395437758889,GTCO
2021-05-26,28.45,28.65,29.0,28.45,12890000.0,-0.7,-0.00698080279232105,-0.007005282588408576,4.907398414346036e-05,0.007005282588408576,0.10488479786623285,0.21993358723255582,GTCO
2021-05-27,28.1,28.45,28.6,28.1,7960000.0,-1.23,-0.012302284710017486,-0.012378584232639756,0.00015322934760455758,0.012378584232639756,0.038114642947085366,0.22151832028200608,GTCO
2021-05-28,28.0,28.1,28.5,28.0,46330000.0,-0.36,-0.003558718861210064,-0.003565066164496257,1.2709696757236052e-05,0.003565066164496257,0.05866538574810746,0.2196007266847921,GTCO
2021-05-31,28.4,28.0,28.6,28.2,3830000.0,1.43,0.014285714285714235,0.014184634991956381,0.0002012038698550334,0.014184634991956381,0.17321346199420537,0.22976342344918502,GTCO
2021-06-01,28.4,28.4,28.85,28.4,8450000.0,0.0,0.0,0.0,0.0,0.0,0.15891451102168416,0.23025862452603216,GTCO
2021-06-02,28.4,28.4,28.4,28.2,3550000.0,0.0,0.0,0.0,0.0,0.0,0.15195728838129127,0.20857478886100667,GTCO
2021-06-03,28.4,28.4,28.6,28.4,2040000.0,0.0,0.0,0.0,0.0,0.0,0.10979793552863601,0.20821693763692817,GTCO
2021-06-04,28.65,28.4,28.65,28.65,1070000.0,0.88,0.008802816901408494,0.008764297993588258,7.681291932041516e-05,0.008764297993588258,0.10430351528519194,0.21186664179185555,GTCO
2021-06-07,28.3,28.65,28.55,28.3,4230000.0,-1.22,-0.012216404886561838,-0.012291638511556511,0.00015108437729877917,0.012291638511556511,0.11916693683558005,0.17444644925325978,GTCO
2021-06-08,28.4,28.3,28.4,28.3,10270000.0,0.35,0.0035335689045936647,0.0035273405179684406,1.2442131129701866e-05,0.0035273405179684406,0.12305033095518511,0.17516932888988776,GTCO
2021-06-09,28.9,28.4,28.95,28.45,15120000.0,1.76,0.01760563380281699,0.017452449951226207,0.00030458800930005563,0.017452449951226207,0.1746213607119799,0.18376352294115944,GTCO
2021-06-10,29.0,28.9,29.15,28.7,6750000.0,0.35,0.0034602076124568004,0.0034542348680876036,1.1931738523912184e-05,0.0034542348680876036,0.17197325587835038,0.15887176982706852,GTCO
2021-06-11,28.9,29.0,29.0,28.8,14100000.0,-0.34,-0.0034482758620689724,-0.0034542348680875576,1.1931738523911867e-05,0.0034542348680875576,0.17333065356993074,0.15134471436383262,GTCO
2021-06-15,28.5,28.9,28.9,28.5,3580000.0,-1.38,-0.01384083044982698,-0.013937507843781624,0.0001942541248954743,0.013937507843781624,0.18190499330101587,0.14557792901157893,GTCO
2021-06-16,28.05,28.5,28.5,28.0,26490000.0,-1.58,-0.015789473684210464,-0.015915455305899457,0.00025330171759408316,0.015915455305899457,0.21668162208453892,0.14449810853540607,GTCO
2021-06-17,28.55,28.05,28.6,28.4,3730000.0,1.78,0.017825311942959,0.017668304133313897,0.00031216897094727694,0.017668304133313897,0.2179343749094778,0.16029455587779512,GTCO
2021-06-24,28.55,28.55,28.55,28.55,,0.0,0.0,0.0,0.0,0.0,0.21338396788235683,0.15984854781341765,GTCO
2021-06-25,30.0,29.0,30.25,29.3,21180000.0,5.08,0.05078809106830118,0.04954044556013611,0.0024542557462968093,0.04954044556013611,0.4299977266574722,0.2375636685433377,GTCO
2021-06-28,30.0,30.0,30.25,29.95,11850000.0,0.0,0.0,0.0,0.0,0.0,0.39634850772494806,0.235178120028408,GTCO
2021-06-29,30.0,30.0,30.0,29.5,13430000.0,0.0,0.0,0.0,0.0,0.0,0.3425935713653746,0.2325411309738405,GTCO
2021-06-30,29.9,30.0,29.95,29.9,6830000.0,-0.33,-0.0033333333333334103,-0.0033389012655147096,1.114826166085573e-05,0.0033389012655147096,0.3583639358832222,0.22793308110789362,GTCO
2021-07-01,29.5,29.9,29.95,29.5,41840000.0,-1.34,-0.013377926421404673,-0.013468217050866593,0.00018139287052925364,0.013468217050866593,0.391468609683902,0.23222154410589443,GTCO
2021-07-02,29.45,29.5,29.5,29.45,5300000.0,-0.17,-0.0016949152542372614,-0.001696353248178402,2.877614342605415e-06,0.001696353248178402,0.08942825300938802,0.2269347303889732,GTCO
2021-07-05,29.3,29.45,29.5,29.3,2610000.0,-0.51,-0.005093378607809784,-0.005106394074574028,2.607526044484474e-05,0.005106394074574028,0.08324997249436233,0.22749317239531258,GTCO
2021-07-06,29.3,29.3,29.45,29.2,5600000.0,0.0,0.0,0.0,0.0,0.0,0.08324997249436233,0.2233153421772537,GTCO
2021-07-07,29.85,29.3,29.5,29.25,11910000.0,1.88,0.018771331058020424,0.018597323815589418,0.00034586045310188937,0.018597323815589418,0.18709809454970724,0.23091950987860732,GTCO
2021-07-08,29.3,29.85,29.85,29.3,8980000.0,-1.84,-0.018425460636515956,-0.018597323815589515,0.00034586045310189295,0.018597323815589515,0.21170581788443787,0.24204426345177354,GTCO
2021-07-09,29.45,29.3,29.5,29.3,30970000.0,0.51,0.005119453924914641,0.0051063940745740555,2.6075260444845026e-05,0.0051063940745740555,0.2164807148613678,0.2422955946441454,GTCO
2021-07-12,29.55,29.45,29.65,29.55,5580000.0,0.34,0.00339558573853993,0.003389833754511524,1.1490972883225695e-05,0.003389833754511524,0.21221580433659487,0.24104130378905855,GTCO
2021-07-13,29.45,29.55,29.6,29.45,27910000.0,-0.34,-0.0033840947546531774,-0.0033898337545115397,1.1490972883225802e-05,0.0033898337545115397,0.21526837389766534,0.2365672956317849,GTCO
2021-07-14,29.45,29.45,29.45,29.25,10370000.0,0.0,0.0,0.0,0.0,0.0,0.15028821378351853,0.23657652231567955,GTCO
2021-07-15,29.3,29.45,29.3,29.3,1390000.0,-0.51,-0.005093378607809784,-0.005106394074574028,2.607526044484474e-05,0.005106394074574028,0.06879931249174655,0.2305138643216242,GTCO
2021-07-16,29.4,29.3,29.7,29.3,75640000.0,0.34,0.0034129692832762792,0.0034071583216141346,1.1608727828544447e-05,0.0034071583216141346,0.06152700689529695,0.23050671771683132,GTCO
2021-07-19,29.45,29.4,29.45,29.3,2430000.0,0.17,0.001700680272108901,0.0016992357529598428,2.887402144137004e-06,0.0016992357529598428,0.05599234438402095,0.23004072988974386,GTCO
2021-07-22,29.5,29.45,29.5,29.3,13300000.0,0.17,0.0016977928692700761,0.0016963532481785555,2.877614342605936e-06,0.0016963532481785555,0.05197142829643604,0.2236225870507676,GTCO
2021-07-23,29.6,29.5,29.6,29.45,8400000.0,0.34,0.003389830508474523,0.003384097984240494,1.1452119166940575e-05,0.003384097984240494,0.055978142161658535,0.21433056593343458,GTCO
2021-07-26,29.65,29.6,29.65,29.6,12760000.0,0.17,0.0016891891891890332,0.0016877641137196147,2.8485477035597565e-06,0.0016877641137196147,0.01479215699735375,0.2071674626130623,GTCO
2021-07-27,29.55,29.65,29.65,29.5,7220000.0,-0.34,-0.003372681281618828,-0.003378381591627195,1.1413462178645499e-05,0.003378381591627195,0.0407045875825747,0.20786674466726596,GTCO
2021-07-28,29.55,29.55,29.6,29.55,1910000.0,0.0,0.0,0.0,0.0,0.0,0.04070004392321748,0.11339766735533599,GTCO
2021-07-29,29.05,29.55,29.35,29.0,15290000.0,-1.69,-0.016920473773265665,-0.017065260554186983,0.00029122311778229023,0.017065260554186983,0.13034482005511946,0.1266657277026379,GTCO
2021-07-30,28.5,29.05,29.0,28.5,17840000.0,-1.89,-0.018932874354561147,-0.01911439602331544,0.00036536013533613706,0.01911439602331544,0.15554055770260797,0.1403225995702718,GTCO
2021-08-02,28.5,28.5,28.9,28.5,8010000.0,0.0,0.0,0.0,0.0,0.0,0.1495554393125088,0.14053039098674408,GTCO
2021-08-03,28.45,28.5,28.55,28.45,7040000.0,-0.18,-0.0017543859649122862,-0.00175592670226492,3.083278583726957e-06,0.00175592670226492,0.1530562794028914,0.13451308566875972,GTCO
2021-08-04,28.35,28.45,28.5,28.3,3060000.0,-0.35,-0.0035149384885764245,-0.003521130398578825,1.2398359283795874e-05,0.003521130398578825,0.14382274979504886,0.13465650077947516,GTCO
2021-08-05,28.0,28.35,28.1,28.0,13000000.0,-1.23,-0.012345679012345734,-0.012422519998557209,0.0001543190031145538,0.012422519998557209,0.12899125680773213,0.13921898734088925,GTCO
2021-08-06,28.0,28.0,28.4,28.0,14380000.0,0.0,0.0,0.0,0.0,0.0,0.08215944869703413,0.13921898734088925,GTCO
2021-08-09,28.15,28.0,28.3,28.15,1470000.0,0.54,0.005357142857142838,0.005342844410495446,2.854598639476243e-05,0.005342844410495446,0.10282002774826049,0.12065041102918567,GTCO
2021-08-10,28.0,28.15,28.45,28.0,37280000.0,-0.53,-0.005328596802841923,-0.0053428444104954695,2.854598639476268e-05,0.0053428444104954695,0.10438902369603474,0.10670333582040929,GTCO
2021-08-11,28.1,28.0,28.15,28.05,1860000.0,0.36,0.0035714285714285587,0.0035650661644961446,1.2709696757235251e-05,0.0035650661644961446,0.1145909063736693,0.10550748904905075,GTCO
2021-08-12,28.4,28.1,28.4,28.3,2420000.0,1.07,0.010676156583629748,0.010619568827460131,0.00011277524208116294,0.010619568827460131,0.09469517766172653,0.11306525194615542,GTCO
2021-08-13,28.25,28.4,28.4,28.25,3910000.0,-0.53,-0.005281690140845008,-0.005295687574710344,2.8044306888941523e-05,0.005295687574710344,0.11078613677086104,0.11357535523076863,GTCO
2021-08-16,28.35,28.25,28.35,28.35,1060000.0,0.35,0.0035398230088496963,0.0035335725813112656,1.248613518739476e-05,0.0035335725813112656,0.10782314862520367,0.11500257736266092,GTCO
2021-08-17,28.3,28.35,28.3,28.2,4780000.0,-0.18,-0.0017636684303351524,-0.0017652255245691922,3.1160211525905797e-06,0.0017652255245691922,0.09604268045444637,0.11437759297608374,GTCO
2021-08-18,28.05,28.3,28.25,28.0,6220000.0,-0.88,-0.00883392226148405,-0.00887317268048657,7.873319341773323e-05,0.00887317268048657,0.12155161211563774,0.11543736937304534,GTCO
2021-08-19,28.0,28.05,28.05,28.0,4240000.0,-0.18,-0.0017825311942959443,-0.0017841217935014426,3.183090574046804e-06,0.0017841217935014426,0.07331633047780806,0.11456764391040128,GTCO
2021-08-20,28.1,28.0,28.1,28.0,42640000.0,0.36,0.0035714285714285587,0.0035650661644961446,1.2709696757235251e-05,0.0035650661644961446,0.0811618252045289,0.11558872890274893,GTCO
2021-08-23,27.9,28.1,28.05,27.9,20940000.0,-0.71,-0.007117437722420017,-0.007142887512380225,5.102084201451736e-05,0.007142887512380225,0.07839847915847939,0.11479823423165791,GTCO
2021-08-24,28.0,27.9,28.0,27.8,4730000.0,0.36,0.0035842293906811484,0.0035778213478841235,1.2800805597375366e-05,0.0035778213478841235,0.09247225922064696,0.1159139362885968,GTCO
2021-08-25,27.8,28.0,28.15,27.8,4680000.0,-0.71,-0.0071428571428571175,-0.007168489478612516,5.1387241404978345e-05,0.007168489478612516,0.0851441429442153,0.11692166713842478,GTCO
2021-08-26,27.8,27.8,27.85,27.8,5290000.0,0.0,0.0,0.0,0.0,0.0,0.08608943989866603,0.11692166713842478,GTCO
2021-08-27,27.55,27.8,27.9,27.55,22090000.0,-0.9,-0.008992805755395739,-0.009033485097667944,8.160385300978882e-05,0.009033485097667944,0.08646346287375266,0.10760647650362376,GTCO
2021-08-30,27.5,27.55,27.65,27.5,5160000.0,-0.18,-0.001814882032667886,-0.001816530926397894,3.299784606559991e-06,0.001816530926397894,0.0822511751244981,0.0890962341388487,GTCO
2021-08-31,27.35,27.5,27.7,27.35,6920000.0,-0.55,-0.005454545454545379,-0.005469475804535321,2.9915165576397297e-05,0.005469475804535321,0.05932745114588667,0.08979248241556503,GTCO
2021-09-01,27.45,27.35,27.45,27.25,4070000.0000000005,0.37,0.003656307129798808,0.003649639087549331,1.3319865469367914e-05,0.003649639087549331,0.0777825109061541,0.09187659808803521,GTCO
2021-09-02,27.5,27.45,27.5,27.35,6550000.0,0.18,0.0018214936247722413,0.0018198367169858993,3.3118056764900162e-06,0.0018198367169858993,0.08245042147878168,0.09240690276172786,GTCO
2021-09-03,27.85,27.5,28.0,27.6,2150000.0,1.27,0.012727272727272698,0.01264696170076739,0.0001599456402606772,0.01264696170076739,0.10834645712981213,0.09564838125398258,GTCO
2021-09-06,27.85,27.85,27.85,27.85,2250000.0,0.0,0.0,0.0,0.0,0.0,0.10485089881655943,0.09564838125398258,GTCO
2021-09-07,27.6,27.85,27.9,27.6,4620000.0,-0.9,-0.008976660682226245,-0.009017193650188745,8.130978132500421e-05,0.009017193650188745,0.1233030990447048,0.0979650322749785,GTCO
2021-09-08,27.05,27.6,27.45,27.0,19440000.0,-1.99,-0.019927536231884035,-0.020128767430613766,0.0004051672782757375,0.020128767430613766,0.19549489344004928,0.1177340313334303,GTCO
2021-09-09,27.1,27.05,27.15,27.1,9460000.0,0.18,0.001848428835489857,0.0018467225931647112,3.4103843361049956e-06,0.0018467225931647112,0.19553618640791745,0.11692383698630957,GTCO
2021-09-10,27.05,27.1,27.1,27.0,12160000.0,-0.18,-0.0018450184501844769,-0.0018467225931646629,3.410384336104817e-06,0.0018467225931646629,0.14273831435503884,0.10797161394969015,GTCO
2021-09-13,27.1,27.05,27.1,27.05,2040000.0,0.18,0.001848428835489857,0.0018467225931647112,3.4103843361049956e-06,0.0018467225931647112,0.14799488936145228,0.10832494805804074,GTCO
2021-09-14,27.0,27.1,27.0,26.95,5760000.0,-0.37,-0.0036900369003690647,-0.003696861881326203,1.3666787769602713e-05,0.003696861881326203,0.14472179279368128,0.10657020785607045,GTCO
2021-09-15,27.2,27.0,27.2,27.2,1560000.0,0.74,0.007407407407407307,0.00738010729762246,5.446598372442029e-05,0.00738010729762246,0.06746563837768126,0.11175633857266672,GTCO
2021-09-16,27.05,27.2,27.1,27.05,6750000.0,-0.55,-0.005514705882352922,-0.005529968009461086,3.0580546185663004e-05,0.005529968009461086,0.08127531358004468,0.10970459693181296,GTCO
2021-09-17,28.0,27.05,28.0,27.05,3450000.0,3.51,0.03512014787430684,0.03451750488271339,0.0011914581433281428,0.03451750488271339,0.257843525516414,0.16672746957918103,GTCO
2021-09-20,27.3,28.0,28.0,27.3,7330000.0,-2.5,-0.025000000000000022,-0.025317807984289897,0.0006409914011293733,0.025317807984289897,0.34782470556640754,0.18765358066370302,GTCO
2021-09-21,27.1,27.3,27.3,27.1,19040000.0,-0.73,-0.0073260073260073,-0.007352974305258806,5.406623113379622e-05,0.007352974305258806,0.3521877677045173,0.18773633176467638,GTCO
2021-09-22,27.05,27.1,27.15,27.0,10020000.0,-0.18,-0.0018450184501844769,-0.0018467225931646629,3.410384336104817e-06,0.0018467225931646629,0.34728462045300074,0.18686780433338343,GTCO
2021-09-23,27.4,27.05,27.5,27.1,9950000.0,1.29,0.012939001848428777,0.012856008101533955,0.0001652769443067067,0.012856008101533955,0.35692479049301895,0.19220674567385765,GTCO
2021-09-24,27.75,27.4,27.8,27.6,7000000.0,1.28,0.01277372262773735,0.012692826798419097,0.00016110785213466599,0.012692826798419097,0.2520956574431401,0.19773081698593833,GTCO
2021-09-27,27.6,27.75,27.7,27.4,11150000.0,-0.54,-0.00540540540540535,-0.005420067469339145,2.937713137218844e-05,0.005420067469339145,0.1566174526828623,0.19605966180191245,GTCO
2021-09-28,27.7,27.3,27.7,27.6,1960000.0,0.36,0.0036231884057971175,0.003616640470188515,1.30800882906054e-05,0.003616640470188515,0.13194521877802223,0.19629846980491328,GTCO
2021-09-29,27.9,27.7,27.9,27.55,7470000.0,0.72,0.0072202166064980755,0.0071942756340270106,5.1757601898354745e-05,0.0071942756340270106,0.12015094388723349,0.19647381893146315,GTCO
2021-09-30,28.05,27.9,28.2,28.0,19420000.0,0.54,0.005376344086021501,0.005361943141385373,2.8750434251449643e-05,0.005361943141385373,0.10473978813361803,0.1968596373153493,GTCO
2021-10-04,28.1,28.05,28.1,28.0,18270000.0,0.18,0.0017825311942958333,0.001780944370994692,3.1717628525776792e-06,0.001780944370994692,0.07724791873644443,0.19685771637099403,GTCO
2021-10-05,28.5,28.1,28.5,28.05,25660000.0,1.42,0.014234875444839812,0.014134510934904716,0.00019978439936894096,0.014134510934904716,0.07555511188646231,0.1980279607210263,GTCO
2021-10-06,28.4,28.5,28.5,28.3,11770000.0,-0.35,-0.0035087719298245723,-0.003514942107444497,1.2354818018686362e-05,0.003514942107444497,0.10386930875044931,0.19864703226763525,GTCO
2021-10-07,28.4,28.4,28.5,28.0,7130000.0,0.0,0.0,0.0,0.0,0.0,0.1067731611274239,0.19538614099715065,GTCO
2021-10-08,28.6,28.4,28.7,28.4,17330000.0,0.7,0.007042253521126751,0.00701757265864654,4.924632601938346e-05,0.00701757265864654,0.10916102032821455,0.17977260871486286,GTCO
2021-10-11,28.0,28.6,28.7,28.0,12100000.0,-2.1,-0.020979020979021046,-0.02120220765060305,0.00044953360925929054,0.02120220765060305,0.21125284480649228,0.19789322193498676,GTCO
2021-10-12,28.2,28.0,28.45,28.05,9710000.0,0.71,0.0071428571428571175,0.007117467768863955,5.065834744081724e-05,0.007117467768863955,0.18434208491056495,0.19838698814074826,GTCO
2021-10-13,28.5,28.2,28.5,28.25,32610000.0,1.06,0.010638297872340496,0.010582109330537008,0.00011198103788343841,0.010582109330537008,0.20374922451619115,0.20060699390571904,GTCO
2021-10-14,28.5,28.5,28.6,28.35,63750000.0,0.0,0.0,0.0,0.0,0.0,0.20374922451619115,0.1995978699571766,GTCO
2021-10-15,29.6,28.5,29.6,28.6,33170000.0,3.86,0.038596491228070295,0.037870274055409964,0.001434157657031857,0.037870274055409964,0.33769295381953623,0.23385339916830802,GTCO
2021-10-18,29.6,29.6,29.6,29.5,25560000.0,0.0,0.0,0.0,0.0,0.0,0.24837332458539244,0.23178142615837602,GTCO
2021-10-20,29.6,29.6,30.0,29.6,20600000.0,0.0,0.0,0.0,0.0,0.0,0.260435320639984,0.20427161066177157,GTCO
2021-10-21,29.0,29.6,29.55,29.0,3210000.0,-2.03,-0.020270270270270285,-0.020478531343540676,0.0004193702459883779,0.020478531343540676,0.3360968635481016,0.19646300351309498,GTCO
2021-10-22,28.5,29.0,28.55,28.4,18770000.0,-1.72,-0.017241379310344862,-0.01739174271186922,0.0003024727145558562,0.01739174271186922,0.36854855705496103,0.20590018749416752,GTCO
2021-10-25,28.6,28.5,28.65,28.6,21480000.0,0.35,0.0035087719298245723,0.0035026305512020745,1.2268420778214148e-05,0.0035026305512020745,0.17710651323682872,0.2053435913619167,GTCO
2021-10-26,28.5,28.6,28.65,28.5,25040000.0,-0.35,-0.0034965034965035446,-0.003502630551202112,1.226842077821441e-05,0.003502630551202112,0.17015152380669504,0.20290716708290168,GTCO
2021-10-27,28.55,28.5,28.65,28.4,7790000.0,0.18,0.0017543859649122862,0.0017528488274143868,3.072479011767991e-06,0.0017528488274143868,0.175439994886642,0.199060277350502,GTCO
2021-10-28,28.55,28.55,28.6,28.55,6740000.0,0.0,0.0,0.0,0.0,0.0,0.1330921605073227,0.19761670672260215,GTCO
2021-10-29,28.65,28.55,28.8,28.6,7130000.0,0.35,0.003502626970227629,0.003496507058729306,1.2225561611743863e-05,0.003496507058729306,0.046501562214317844,0.19760178548230964,GTCO
2021-11-01,28.4,28.65,28.6,28.4,9260000.0,-0.87,-0.008726003490401424,-0.008764297993588242,7.681291932041489e-05,0.008764297993588242,0.07717122052715461,0.19963748252625169,GTCO
2021-11-02,28.3,28.4,28.5,28.3,5320000.0,-0.35,-0.0035211267605632646,-0.0035273405179682992,1.244213112970087e-05,0.0035273405179682992,0.07721375237597648,0.19947857731388005,GTCO
2021-11-03,28.0,28.3,28.05,28.0,5280000.0,-1.06,-0.010600706713780994,-0.010657294473988093,0.00011357792550529714,0.010657294473988093,0.09370638851652063,0.20303308733945352,GTCO
2021-11-04,28.2,28.0,28.2,28.05,3990000.0,0.71,0.0071428571428571175,0.007117467768863955,5.065834744081724e-05,0.007117467768863955,0.12174998450409118,0.198201623342545,GTCO
2021-11-05,28.2,28.2,28.5,28.2,7770000.0,0.0,0.0,0.0,0.0,0.0,0.113189879002209,0.197902588411014,GTCO
2021-11-08,27.95,28.2,28.05,27.95,11420000.0,-0.89,-0.00886524822695034,-0.008904778342959722,7.929507733724448e-05,0.008904778342959722,0.11363111792086113,0.20010361705542712,GTCO
2021-11-09,27.65,27.95,28.15,27.65,4090000.0,-1.07,-0.01073345259391778,-0.010791471632764432,0.00011645586000075943,0.010791471632764432,0.1260010395908278,0.20088968701374219,GTCO
2021-11-10,27.65,27.65,27.65,27.6,14570000.0,0.0,0.0,0.0,0.0,0.0,0.11631913145433019,0.18783583412165444,GTCO
2021-11-11,27.4,27.65,27.5,27.3,7250000.0,-0.9,-0.009041591320072317,-0.00908271457431925,8.249570403855132e-05,0.00908271457431925,0.08422502905613925,0.1878335684856413,GTCO
2021-11-12,27.45,27.4,27.5,27.45,18440000.0,0.18,0.0018248175182482562,0.0018231545615151783,3.323892555173602e-06,0.0018231545615151783,0.09264764388134573,0.18320439259792537,GTCO
2021-11-15,27.5,27.45,27.6,27.4,18460000.0,0.18,0.0018214936247722413,0.0018198367169858993,3.3118056764900162e-06,0.0018198367169858993,0.09814533225818681,0.18353628141574616,GTCO
2021-11-16,26.9,27.5,27.35,26.9,20840000.0,-2.18,-0.021818181818181848,-0.02205971806473222,0.00048663116109547296,0.02205971806473222,0.16353800361152976,0.13047248400771058,GTCO
2021-11-17,26.3,26.9,27.0,26.3,24220000.0,-2.23,-0.022304832713754608,-0.022557347424074514,0.0005088339228104011,0.022557347424074514,0.19172371821424117,0.1433178144353434,GTCO
2021-11-18,26.1,26.3,26.4,26.1,10940000.0,-0.76,-0.0076045627376425395,-0.007633624855071095,5.827222842795919e-05,0.007633624855071095,0.1924405719161251,0.14197344701548548,GTCO
2021-11-19,25.4,26.1,26.15,24.95,49930000.0,-2.68,-0.026819923371647625,-0.027186140304156947,0.0007390862246373068,0.027186140304156947,0.19300029786493908,0.15213477851740573,GTCO
2021-11-22,25.45,25.4,25.95,25.45,43150000.0,0.2,0.0019685039370078705,0.0019665689720408473,3.8673935217937945e-06,0.0019665689720408473,0.1938320056770881,0.1491199940493781,GTCO
2021-11-23,25.4,25.45,25.55,25.35,36190000.0,-0.2,-0.0019646365422396617,-0.001966568972040827,3.867393521793715e-06,0.001966568972040827,0.2032154887160696,0.14618520044630334,GTCO
2021-11-24,25.4,25.4,25.5,25.35,13570000.0,0.0,0.0,0.0,0.0,0.0,0.1882669167710726,0.1473326369848594,GTCO
2021-11-25,25.0,25.4,25.5,25.0,22960000.0,-1.57,-0.015748031496062964,-0.01587334915629012,0.0002519632134374963,0.01587334915629012,0.19890072602122322,0.14906652039196694,GTCO
2021-11-26,25.0,25.0,25.2,24.95,29530000.0,0.0,0.0,0.0,0.0,0.0,0.11483134389615007,0.14906652039196694,GTCO
2021-11-29,24.95,25.0,25.1,24.9,12390000.0,-0.2,-0.0020000000000000018,-0.0020020026706730793,4.008014693382142e-06,0.0020020026706730793,0.10681381099649342,0.1456812560580486,GTCO
2021-11-30,24.6,24.95,25.25,24.6,16670000.000000002,-1.4,-0.014028056112224352,-0.014127379259210452,0.00019958284473356968,0.014127379259210452,0.12567937041769617,0.1478605627912096,GTCO
2021-12-01,24.6,24.6,24.75,24.6,13590000.0,0.0,0.0,0.0,0.0,0.0,0.12567937041769617,0.1493536807930755,GTCO
2021-12-02,24.5,24.6,24.75,24.3,33479999.999999996,-0.41,-0.004065040650406582,-0.004073325387635898,1.659197971355914e-05,0.004073325387635898,0.09342824327038138,0.14888085206680848,GTCO
2021-12-03,24.1,24.5,24.4,24.0,23960000.0,-1.63,-0.01632653061224487,-0.016461277054071962,0.0002709736422509161,0.016461277054071962,0.11834414509242144,0.14432499209505337,GTCO
2021-12-06,23.95,24.1,24.6,23.9,47790000.0,-0.62,-0.006224066390041583,-0.006243516639685159,3.898150003002546e-05,0.006243516639685159,0.10983221063629346,0.14184631695852312,GTCO
2021-12-07,24.15,23.95,24.2,23.9,19420000.0,0.84,0.008350730688935215,0.008316056241657386,6.915679141440877e-05,0.008316056241657386,0.14364771043981925,0.15228395993271449,GTCO
2021-12-08,24.3,24.15,24.45,24.15,20670000.0,0.62,0.006211180124223725,0.006191970247921201,3.8340495551141336e-05,0.006191970247921201,0.15952367408825516,0.15814959493502628,GTCO
2021-12-09,25.5,24.3,25.6,24.5,9310000.0,4.94,0.04938271604938271,0.048202101817877686,0.0023234426196610475,0.048202101817877686,0.39052658095447795,0.2456886882904007,GTCO
2021-12-10,26.5,25.5,26.5,26.2,2820000.0,3.92,0.03921568627450989,0.03846628082779614,0.001479654760722877,0.03846628082779614,0.3677892020811173,0.2850076235188274,GTCO
2021-12-13,26.0,26.5,26.75,26.0,12830000.0,-1.89,-0.018867924528301883,-0.019048194970694474,0.00036283373164159026,0.019048194970694474,0.42923005516506874,0.29096618510870137,GTCO
2021-12-14,25.0,26.0,26.0,25.0,14980000.0,-3.85,-0.038461538461538436,-0.03922071315328127,0.0015382643402519702,0.03922071315328127,0.588814917667223,0.316730832455052,GTCO
2021-12-15,25.6,25.0,25.6,25.4,17990000.0,2.4,0.02400000000000002,0.023716526617316065,0.0005624736347898614,0.023716526617316065,0.6004811196397014,0.32442608893798974,GTCO
2021-12-16,25.8,25.6,26.0,25.8,1890000.0,0.78,0.0078125,0.007782140442054949,6.0561709859867195e-05,0.007782140442054949,0.5005147436453571,0.3175770263327639,GTCO
2021-12-17,25.6,25.8,25.8,25.6,3140000.0,-0.78,-0.007751937984496138,-0.007782140442054963,6.056170985986741e-05,0.007782140442054963,0.3844386399795794,0.3176170352433163,GTCO
2021-12-20,25.8,25.6,25.8,25.5,10570000.0,0.78,0.0078125,0.007782140442054949,6.0561709859867195e-05,0.007782140442054949,0.378208034873807,0.303988769499377,GTCO
2021-12-21,25.8,25.8,25.9,25.8,4710000.0,0.0,0.0,0.0,0.0,0.0,0.1854203608592134,0.3039654524871165,GTCO
2021-12-22,25.9,25.8,25.9,25.85,3140000.0,0.39,0.003875968992248069,0.003868476777920332,1.4965112581308874e-05,0.003868476777920332,0.10333770148351996,0.304004538782935,GTCO
2021-12-23,25.9,25.9,26.0,25.9,21140000.0,0.0,0.0,0.0,0.0,0.0,0.0915697390868914,0.304004538782935,GTCO
2021-12-24,25.75,25.9,25.8,25.5,3320000.0,-0.58,-0.00579150579150578,-0.005808341595746902,3.373683209288367e-05,0.005808341595746902,0.08033395739866662,0.2989529701146137,GTCO
2021-12-29,26.0,25.75,26.0,25.9,2029999.9999999998,0.97,0.009708737864077666,0.00966191091173689,9.335252246634038e-05,0.00966191091173689,0.09054332378375625,0.30025055402654405,GTCO
2021-12-30,26.0,26.0,26.1,25.7,2920000.0,0.0,0.0,0.0,0.0,0.0,0.09054332378375625,0.3000054423378344,GTCO
2021-12-31,26.0,26.0,26.3,26.0,16960000.0,0.0,0.0,0.0,0.0,0.0,0.08842804635221609,0.294397569883294,GTCO
2022-01-04,26.0,26.0,26.0,25.9,8180000.0,0.0,0.0,0.0,0.0,0.0,0.08842804635221609,0.294397569883294,GTCO
2022-01-05,25.9,26.0,25.95,25.85,9310000.0,-0.38,-0.0038461538461539435,-0.0038535693159900777,1.4849996473140235e-05,0.0038535693159900777,0.0799479493721827,0.29433544632845066,GTCO
2022-01-06,25.9,25.9,25.9,25.85,3690000.0,0.0,0.0,0.0,0.0,0.0,0.027357628227723887,0.28628447744996705,GTCO
2022-01-07,25.8,25.9,25.85,25.75,25680000.0,-0.39,-0.0038610038610037423,-0.003868476777920206,1.49651125813079e-05,0.003868476777920206,0.03357102802099925,0.2853901170282515,GTCO
2022-01-10,25.55,25.8,25.8,25.55,10350000.0,-0.97,-0.009689922480620172,-0.009737175277858317,9.481258239173519e-05,0.009737175277858317,0.06333053752861623,0.2884218377604691,GTCO
2022-01-11,25.5,25.55,25.6,25.35,14050000.0,-0.2,-0.00195694716242667,-0.001958864485333034,3.837150071899052e-06,0.001958864485333034,0.05781265501930958,0.28855457169667714,GTCO
2022-01-12,25.45,25.5,25.5,25.45,9830000.0,-0.2,-0.0019607843137254832,-0.001962709167848706,3.8522272775573594e-06,0.001962709167848706,0.05941093905209497,0.2354329121819014,GTCO
2022-01-13,25.45,25.45,25.5,25.4,10920000.0,0.0,0.0,0.0,0.0,0.0,0.05941093905209497,0.18922636061201517,GTCO
2022-01-14,25.2,25.45,25.45,25.2,17590000.0,-0.98,-0.00982318271119842,-0.009871748479154117,9.745141803568162e-05,0.009871748479154117,0.07497093112978168,0.18126628879355686,GTCO
2022-01-17,25.15,25.2,25.4,25.15,24810000.0,-0.2,-0.001984126984126977,-0.001986097971629403,3.944585152910428e-06,0.001986097971629403,0.06111549499756637,0.11869962221967427,GTCO
2022-01-18,25.5,25.15,25.8,25.15,18730000.0,1.39,0.013916500994035852,0.013820555618632316,0.00019100775760770927,0.013820555618632316,0.13661671657836458,0.09706394905830827,GTCO
2022-01-19,25.45,25.5,25.75,25.3,25460000.0,-0.2,-0.0019607843137254832,-0.001962709167848706,3.8522272775573594e-06,0.001962709167848706,0.13661671657836458,0.0927584230007046,GTCO
2022-01-20,25.5,25.45,25.6,25.3,6670000.0,0.2,0.0019646365422396617,0.001962709167848689,3.852227277557293e-06,0.001962709167848689,0.13732545104037377,0.08939983918173261,GTCO
2022-01-21,25.8,25.5,25.9,25.5,3280000.0,1.18,0.0117647058823529,0.011696039763191236,0.0001367973461421505,0.011696039763191236,0.12003828036243448,0.09466832325341998,GTCO
2022-01-24,25.65,25.8,25.9,25.65,11060000.0,-0.58,-0.005813953488372214,-0.0058309203107933215,3.3999631670822085e-05,0.0058309203107933215,0.1356327904698856,0.09679920974710426,GTCO
2022-01-25,25.5,25.65,25.7,25.45,24520000.0,-0.58,-0.005847953216374213,-0.005865119452398022,3.439962619089767e-05,0.005865119452398022,0.11581349959834629,0.09741667800254775,GTCO
2022-01-26,25.5,25.5,25.5,25.45,36750000.0,0.0,0.0,0.0,0.0,0.0,0.11454928331086509,0.09741667800254775,GTCO
2022-01-27,25.5,25.5,25.75,25.5,16050000.0,0.0,0.0,0.0,0.0,0.0,0.11369866337052487,0.09567218929259495,GTCO
2022-01-28,25.65,25.5,25.75,25.55,20920000.0,0.59,0.00588235294117645,0.005865119452398058,3.439962619089809e-05,0.005865119452398058,0.07776846620747159,0.09141805807216685,GTCO
2022-01-31,26.9,25.65,26.9,25.75,11890000.0,4.87,0.04873294346978563,0.047582714991014935,0.0022641147659161576,0.047582714991014935,0.34415946464136027,0.19052690848785991,GTCO
2022-02-01,28.0,26.9,28.0,27.0,21120000.0,4.09,0.040892193308550207,0.040078223567410524,0.0016062640043193403,0.040078223567410524,0.3684932598218182,0.23224781734955338,GTCO
2022-02-02,27.7,28.0,28.05,27.3,24630000.0,-1.07,-0.010714285714285787,-0.010772096981911183,0.00011603807338770001,0.010772096981911183,0.4086855636880348,0.237254006204513,GTCO
2022-02-03,27.45,27.7,27.7,27.0,21300000.0,-0.9,-0.009025270758122761,-0.009066245237753194,8.219680271108248e-05,0.009066245237753194,0.43597403018041314,0.23982891671839793,GTCO
2022-02-04,27.5,27.45,27.5,27.2,12460000.0,0.18,0.0018214936247722413,0.0018198367169858993,3.3118056764900162e-06,0.0018198367169858993,0.4420638422269277,0.23964707651860354,GTCO
2022-02-07,27.35,27.5,27.7,27.3,44930000.0,-0.55,-0.005454545454545379,-0.005469475804535321,2.9915165576397297e-05,0.005469475804535321,0.3351249816311796,0.24027633367355244,GTCO
2022-02-08,27.25,27.35,27.95,27.0,32350000.0,-0.37,-0.003656307129798919,-0.0036630077587371467,1.3417625840568534e-05,0.0036630077587371467,0.07835168536568153,0.23719137336229154,GTCO
2022-02-09,27.25,27.25,27.3,27.25,17340000.0,0.0,0.0,0.0,0.0,0.0,0.06882463260590764,0.23676502714359235,GTCO
2022-02-10,27.25,27.25,27.3,27.25,2500000.0,0.0,0.0,0.0,0.0,0.0,0.04759019949282269,0.23632710113450942,GTCO
2022-02-11,26.6,27.25,27.3,26.6,9240000.0,-2.39,-0.023853211009174258,-0.024142305321599635,0.000582850906241338,0.024142305321599635,0.15968314595873842,0.2546065737772164,GTCO
2022-02-14,26.4,26.6,26.65,26.2,23180000.0,-0.75,-0.007518796992481258,-0.007547205635382966,5.69603129027564e-05,0.007547205635382966,0.1593923772699397,0.2533531058862992,GTCO
2022-02-15,26.3,26.4,26.5,26.25,7640000.0,-0.38,-0.0037878787878786735,-0.003795070968551498,1.4402563656342404e-05,0.003795070968551498,0.15921717347890035,0.2538081706799751,GTCO
2022-02-16,26.0,26.3,26.3,26.0,14220000.0,-1.14,-0.011406844106463865,-0.011472401162236807,0.00013161598842729245,0.011472401162236807,0.1473933563715181,0.25425078245207916,GTCO
2022-02-17,26.3,26.0,26.3,26.15,130139999.99999999,1.15,0.011538461538461497,0.011472401162236781,0.00013161598842729186,0.011472401162236781,0.20477725184318946,0.25657732071086314,GTCO
2022-02-18,26.2,26.3,26.3,26.0,18780000.0,-0.38,-0.0038022813688213253,-0.0038095284166677302,1.4512506757398943e-05,0.0038095284166677302,0.13820669675873404,0.25724271327510073,GTCO
2022-02-21,26.45,26.2,26.75,26.3,10640000.0,0.95,0.009541984732824416,0.009496747537257207,9.018821378640084e-05,0.009496747537257207,0.1550548632456242,0.2562325253822142,GTCO
2022-02-22,26.8,26.45,27.0,26.8,9190000.0,1.32,0.013232514177693888,0.01314572921250273,0.00017281019652844767,0.01314572921250273,0.17204021342883014,0.2581113082563622,GTCO
2022-02-23,26.5,26.8,26.75,26.5,10980000.0,-1.12,-0.011194029850746245,-0.011257154524634447,0.0001267235279914978,0.011257154524634447,0.17084165853576663,0.26086599410466843,GTCO
2022-02-24,26.9,26.5,26.95,26.8,7320000.0,1.51,0.015094339622641506,0.014981553615616894,0.00022444694873760364,0.014981553615616894,0.18219665304849614,0.264675062457214,GTCO
2022-02-25,26.9,26.9,27.0,26.8,10150000.0,0.0,0.0,0.0,0.0,0.0,0.17301146464785194,0.264675062457214,GTCO
2022-02-28,26.9,26.9,26.95,26.8,8530000.0,0.0,0.0,0.0,0.0,0.0,0.17153660521919964,0.2645278570230164,GTCO
2022-03-01,26.95,26.9,26.95,26.9,7750000.0,0.19,0.0018587360594795044,0.0018570107472126892,3.44848891526343e-06,0.0018570107472126892,0.14815018705605199,0.20699514926002172,GTCO
2022-03-02,26.65,26.95,26.95,26.65,5450000.0,-1.11,-0.011131725417439675,-0.011194146743152587,0.00012530892130723366,0.011194146743152587,0.14781896204866096,0.1507444864932385,GTCO
2022-03-03,26.35,26.65,26.6,26.35,3270000.0,-1.13,-0.011257035647279423,-0.011320875624482085,0.00012816222490499263,0.011320875624482085,0.10396558862071786,0.1511421255299029,GTCO
2022-03-04,26.0,26.35,26.35,26.0,8800000.0,-1.33,-0.013282732447817858,-0.013371736965889308,0.0001788033494849306,0.013371736965889308,0.11339950745529405,0.1542462901438344,GTCO
2022-03-07,26.0,26.0,26.1,26.0,15350000.0,0.0,0.0,0.0,0.0,0.0,0.11339950745529405,0.1537195106354453,GTCO
2022-03-08,26.2,26.0,26.3,26.0,29350000.0,0.77,0.007692307692307665,0.007662872745569097,5.8719618714785675e-05,0.007662872745569097,0.14455318486258853,0.15739457622084943,GTCO
2022-03-09,26.15,26.2,26.5,26.0,54130000.0,-0.19,-0.001908396946564861,-0.0019102202561192376,3.648941426888246e-06,0.0019102202561192376,0.13692389184807008,0.15728470199424283,GTCO
2022-03-10,26.0,26.15,26.15,25.8,13580000.0,-0.57,-0.005736137667303964,-0.005752652489449811,3.309301066437311e-05,0.005752652489449811,0.12257963850012597,0.15764248340913434,GTCO
2022-03-11,27.0,26.0,27.0,26.15,5570000.0,3.85,0.03846153846153855,0.03774032798284711,0.0014243323562528728,0.03774032798284711,0.27892728392168087,0.20992795712294887,GTCO
2022-03-14,26.7,27.0,26.95,26.45,17020000.0,-1.11,-0.011111111111111183,-0.011173300598125302,0.00012484264625606722,0.011173300598125302,0.30776441740994254,0.19580950709349687,GTCO
2022-03-15,26.2,26.7,26.75,26.2,8289999.999999999,-1.87,-0.01872659176029967,-0.018904154639152723,0.0003573670626209994,0.018904154639152723,0.3498955459632714,0.2051834258222583,GTCO
2022-03-16,26.15,26.2,26.35,26.15,9120000.0,-0.19,-0.001908396946564861,-0.0019102202561192376,3.648941426888246e-06,0.0019102202561192376,0.3498955459632714,0.2048897538585689,GTCO
2022-03-17,26.2,26.15,26.2,26.15,18250000.0,0.19,0.0019120458891013214,0.0019102202561192452,3.6489414268882746e-06,0.0019102202561192452,0.34616766100715984,0.20087763436410458,GTCO
2022-03-18,26.2,26.2,26.3,26.15,11740000.0,0.0,0.0,0.0,0.0,0.0,0.13942864314159875,0.19677394848076163,GTCO
2022-03-21,26.15,26.2,26.3,26.1,18410000.0,-0.19,-0.001908396946564861,-0.0019102202561192376,3.648941426888246e-06,0.0019102202561192376,0.13321026058853425,0.1964424190869765,GTCO
2022-03-22,26.0,26.15,26.2,26.0,28340000.0,-0.57,-0.005736137667303964,-0.005752652489449811,3.309301066437311e-05,0.005752652489449811,0.045107010605128596,0.19415391389645334,GTCO
2022-03-23,26.0,26.0,26.1,25.95,23950000.0,0.0,0.0,0.0,0.0,0.0,0.04612650384835621,0.18746721532359473,GTCO
2022-03-24,23.0,23.7,23.7,23.0,26090000.0,-11.54,-0.11538461538461542,-0.12260232209233239,0.015031329382432014,0.12260232209233239,0.857600623629318,0.45984140496634296,GTCO
2022-03-25,23.15,23.0,23.6,23.15,16420000.000000002,0.65,0.006521739130434634,0.006500564603093242,4.2257340158988805e-05,0.006500564603093242,0.8711761543573042,0.45571237483083077,GTCO
2022-03-28,23.25,23.15,23.3,23.15,12670000.0,0.43,0.004319654427645814,0.004310351501122263,1.8579130063226946e-05,0.004310351501122263,0.8824976355653956,0.45680768558531115,GTCO
2022-03-29,23.3,23.25,23.3,23.25,4960000.0,0.22,0.0021505376344086446,0.002148228538289605,4.614885852721893e-06,0.002148228538289605,0.8942173641646809,0.45727950843978665,GTCO
2022-03-30,23.0,23.3,23.25,23.0,5490000.0,-1.29,-0.012875536480686733,-0.012959144642505228,0.00016793942986537196,0.012959144642505228,0.8787961199213459,0.45660815492241114,GTCO
2022-03-31,22.4,23.0,23.0,22.2,5450000.0,-2.61,-0.026086956521739202,-0.026433257068155597,0.0006987170792311978,0.026433257068155597,0.2234255140029715,0.461170611080979,GTCO
2022-04-01,21.5,22.4,22.45,21.45,14510000.0,-4.02,-0.0401785714285714,-0.041008023727377024,0.001681658010025117,0.041008023727377024,0.30514888463723217,0.4749048219275523,GTCO
2022-04-04,21.8,21.5,22.0,21.5,9700000.0,1.4,0.013953488372093092,0.01385703466142628,0.00019201740960796937,0.01385703466142628,0.34739424884484243,0.481562813396379,GTCO
2022-04-05,22.35,21.8,22.5,21.8,15270000.0,2.52,0.025229357798165264,0.024916351264534637,0.0006208245603376768,0.024916351264534637,0.4357974845471666,0.49459129559335685,GTCO
2022-04-06,22.1,22.35,22.45,22.1,15490000.0,-1.12,-0.01118568232662187,-0.011248712535870653,0.00012653353371465357,0.011248712535870653,0.43481980114130975,0.49175960045601447,GTCO
2022-04-07,22.45,22.1,22.65,22.15,8980000.0,1.58,0.015837104072398134,0.015713005664556114,0.0002468985470143725,0.015713005664556114,0.4249906830176621,0.49830220311993123,GTCO
2022-04-08,23.0,22.45,23.0,22.4,9060000.0,2.45,0.024498886414253906,0.0242036017408864,0.0005858143372314391,0.0242036017408864,0.23309366435143106,0.5101127799273634,GTCO
2022-04-11,22.95,23.0,23.2,22.95,43250000.0,-0.22,-0.0021739130434782483,-0.0021762794225955173,4.736192125212678e-06,0.0021762794225955173,0.2579609191619592,0.48528289969832206,GTCO
2022-04-12,23.65,22.95,23.75,23.0,39090000.0,3.05,0.030501089324618702,0.03004517843138778,0.0009027127469739294,0.03004517843138778,0.278077423234957,0.5023144611749063,GTCO
2022-04-13,24.4,23.65,24.95,23.7,65890000.0,3.17,0.031712473572938604,0.031220017361214127,0.0009746894840345115,0.031220017361214127,0.21801204385415177,0.5156420487272203,GTCO
2022-04-14,24.5,24.4,24.7,24.5,19950000.0,0.41,0.004098360655737654,0.004089985251525066,1.672797935769256e-05,0.004089985251525066,0.24561156882282772,0.516277448250013,GTCO
2022-04-19,24.5,24.5,24.6,24.45,8400000.0,0.0,0.0,0.0,0.0,0.0,0.26331493666265043,0.5160860749516212,GTCO
2022-04-20,23.7,24.5,24.3,23.6,6680000.0,-3.27,-0.032653061224489854,-0.03319806940959586,0.0011021118125243445,0.03319806940959586,0.419206204153501,0.5262106194357038,GTCO
2022-04-21,24.1,23.7,24.1,23.8,6900000.0,1.69,0.016877637130801704,0.016736792355523826,0.00028012021835192077,0.016736792355523826,0.38087197324504063,0.5314287647259259,GTCO
2022-04-22,24.2,24.1,24.2,24.0,9380000.0,0.41,0.004149377593360981,0.004140792666031387,1.7146163903059322e-05,0.004140792666031387,0.29725603594977923,0.532095934140368,GTCO
2022-04-25,24.6,24.2,24.6,24.3,13700000.0,1.65,0.016528925619834878,0.01639380977567657,0.0002687569989610687,0.01639380977567657,0.32385715718701397,0.5364350419490023,GTCO
2022-04-26,24.25,24.6,24.8,24.0,15070000.0,-1.42,-0.014227642276422814,-0.014329825554824968,0.0002053439004317147,0.014329825554824968,0.34161925576185076,0.3179824659122521,GTCO
2022-04-27,23.95,24.25,24.0,23.85,12290000.0,-1.24,-0.012371134020618624,-0.01244829352656803,0.0001549600117235955,0.01244829352656803,0.23868650602466718,0.32174656120485107,GTCO
2022-04-28,23.95,23.95,24.2,23.95,11750000.0,0.0,0.0,0.0,0.0,0.0,0.20054894371660656,0.3216385092405354,GTCO
2022-04-29,24.0,24.0,24.0,23.95,14890000.0,0.21,0.0020876826722338038,0.002085506491021361,4.34933732409223e-06,0.002085506491021361,0.19757804037131604,0.32163677494640397,GTCO
2022-05-04,23.95,24.0,24.0,23.95,9670000.0,-0.21,-0.002083333333333326,-0.0020855064910213707,4.34933732409227e-06,0.0020855064910213707,0.11921455629767236,0.3176976557530136,GTCO
2022-05-05,23.5,23.95,23.95,23.45,20310000.0,-1.88,-0.018789144050104345,-0.018967902706810924,0.0003597813330950452,0.018967902706810924,0.1433206411011883,0.3102663160744853,GTCO
2022-05-06,23.4,23.5,23.5,23.35,14000000.0,-0.43,-0.004255319148936176,-0.00426439878645754,1.8185097009940536e-05,0.00426439878645754,0.13251105503978156,0.2690383025806863,GTCO
2022-05-09,23.75,23.4,23.95,23.3,24760000.0,1.5,0.014957264957265126,0.014846508116994638,0.00022041880326798766,0.014846508116994638,0.19328795854995426,0.269514987302454,GTCO
2022-05-10,23.75,23.75,23.8,23.6,51960000.0,0.0,0.0,0.0,0.0,0.0,0.1912869876140015,0.25885328146097414,GTCO
2022-05-11,23.95,23.75,24.0,23.75,18860000.0,0.84,0.008421052631578885,0.008385793376273964,7.032153054956029e-05,0.008385793376273964,0.20525234743388437,0.25423205935934323,GTCO
2022-05-12,23.6,23.95,23.9,23.6,13270000.0,-1.46,-0.014613778705636626,-0.014721611825359738,0.00021672585473657166,0.014721611825359738,0.18135280688146918,0.25813561808364704,GTCO
2022-05-13,23.9,23.6,23.9,23.75,13960000.0,1.27,0.012711864406779627,0.012631746905900564,0.00015956102989472847,0.012631746905900564,0.19076289391907605,0.24875000022357535,GTCO
2022-05-16,23.95,23.9,24.0,23.9,10260000.0,0.21,0.0020920502092049986,0.0020898649194592365,4.367535381586361e-06,0.0020898649194592365,0.16590790698610494,0.24832336635598737,GTCO
2022-05-17,23.9,23.95,24.0,23.9,50390000.0,-0.21,-0.0020876826722338038,-0.002089864919459242,4.367535381586384e-06,0.002089864919459242,0.16789041605700578,0.2266504675956601,GTCO
2022-05-18,23.9,23.9,23.95,23.85,65930000.00000001,0.0,0.0,0.0,0.0,0.0,0.15556783807729718,0.1972269767013248,GTCO
2022-05-19,23.9,23.9,23.9,23.85,13730000.0,0.0,0.0,0.0,0.0,0.0,0.09269404168971483,0.196407873673127,GTCO
2022-05-20,23.7,23.9,23.8,23.7,5540000.0,-0.84,-0.008368200836820106,-0.008403410796379504,7.061731301270761e-05,0.008403410796379504,0.06410477387777504,0.19792278533481714,GTCO
2022-05-23,23.5,23.7,23.65,23.45,12870000.0,-0.84,-0.008438818565400852,-0.008474626990972232,7.181930263611507e-05,0.008474626990972232,0.06866889192289669,0.1637373471020993,GTCO
2022-05-24,23.0,23.5,23.5,23.0,14800000.0,-2.13,-0.021276595744680882,-0.02150620522096362,0.00046251686300620285,0.02150620522096362,0.1398136536702232,0.16685828200339145,GTCO
2022-05-25,22.4,23.0,22.85,21.65,13980000.0,-2.61,-0.026086956521739202,-0.026433257068155597,0.0006987170792311978,0.026433257068155597,0.17086474289090328,0.1848096315768808,GTCO
2022-05-26,23.0,22.4,23.5,23.0,20650000.0,2.68,0.026785714285714413,0.026433257068155646,0.0006987170792312004,0.026433257068155646,0.3280033684823195,0.2011039071280854,GTCO
2022-05-27,23.0,23.0,23.2,23.0,20140000.0,0.0,0.0,0.0,0.0,0.0,0.3322288618363586,0.19720217340065194,GTCO
2022-05-30,22.9,23.0,23.0,22.9,6200000.0,-0.43,-0.004347826086956608,-0.004357305368955813,1.898611007833115e-05,0.004357305368955813,0.33157899876050295,0.19403603017923732,GTCO
2022-05-31,22.55,22.9,22.9,22.55,5910000.0,-1.53,-0.015283842794759694,-0.015401844611506477,0.0002372168174369911,0.015401844611506477,0.3150552235980569,0.1991682682140637,GTCO
2022-06-01,22.6,22.55,22.6,22.55,20120000.0,0.22,0.0022172949002217113,0.0022148403295528213,4.90551768541365e-06,0.0022148403295528213,0.24387176829895993,0.19920929982744237,GTCO
2022-06-02,22.55,22.6,22.8,22.5,17800000.0,-0.22,-0.0022123893805310324,-0.0022148403295528985,4.905517685413992e-06,0.0022148403295528985,0.10880963726459432,0.1992034507946449,GTCO
2022-06-03,22.55,22.55,22.6,22.55,9060000.0,0.0,0.0,0.0,0.0,0.0,0.10880963726459432,0.19053582209784373,GTCO
2022-06-06,22.5,22.55,22.55,22.5,6340000.0,-0.22,-0.0022172949002217113,-0.002219756738312888,4.9273199772854715e-06,0.002219756738312888,0.10936458922063924,0.19035648303033553,GTCO
2022-06-07,22.4,22.5,22.5,22.35,8680000.0,-0.44,-0.004444444444444473,-0.004454350349380309,1.9841237035024477e-05,0.004454350349380309,0.04021521642203614,0.18048935507224112,GTCO
2022-06-08,22.4,22.4,22.5,22.4,4460000.0,0.0,0.0,0.0,0.0,0.0,0.029561766523774846,0.18048935507224112,GTCO
2022-06-09,22.2,22.4,22.4,22.0,22220000.0,-0.89,-0.008928571428571397,-0.008968669982760375,8.043704125966699e-05,0.008968669982760375,0.05953803081004933,0.1769305618760906,GTCO
2022-06-10,22.0,22.2,22.2,21.95,17890000.0,-0.9,-0.009009009009009028,-0.009049835519917927,8.189952293756818e-05,0.009049835519917927,0.06407094636276735,0.17350139133176398,GTCO
2022-06-14,21.5,22.0,22.0,21.5,20410000.0,-2.27,-0.022727272727272707,-0.02298951822469872,0.0005285179482037545,0.02298951822469872,0.13686418910771314,0.17603791589669712,GTCO
2022-06-15,21.65,21.5,22.0,21.65,24390000.0,0.7,0.006976744186046435,0.006952519314881663,4.833752482380259e-05,0.006952519314881663,0.1787621418175967,0.17929499154669698,GTCO
2022-06-16,21.5,21.65,21.8,21.5,9640000.0,-0.69,-0.006928406466512604,-0.006952519314881641,4.833752482380228e-05,0.006952519314881641,0.16859855124746834,0.17915744909770415,GTCO
2022-06-17,21.05,21.5,21.7,21.05,16780000.0,-2.09,-0.020930232558139528,-0.02115237500522668,0.00044742296836173845,0.02115237500522668,0.19257346578199994,0.18649480901620044,GTCO
2022-06-20,21.0,21.05,21.5,21.0,11300000.0,-0.24,-0.002375296912114022,-0.0023781224049674358,5.6554661730081005e-06,0.0023781224049674358,0.20165140929702027,0.18570357185782105,GTCO
2022-06-21,21.0,21.2,21.2,21.0,17290000.0,0.0,0.0,0.0,0.0,0.0,0.16630708709496386,0.1867032570987483,GTCO
2022-06-22,21.0,21.0,21.0,21.0,15830000.0,0.0,0.0,0.0,0.0,0.0,0.14100037287346825,0.18745699593435683,GTCO
2022-06-23,20.95,21.0,21.0,20.9,7200000.0,-0.24,-0.0023809523809523725,-0.0023837913552762504,5.682461225489783e-06,0.0023837913552762504,0.1429699334437868,0.17817304087572236,GTCO
2022-06-24,20.9,20.95,20.95,20.9,7040000.0,-0.24,-0.0023866348448687846,-0.002389487397381467,5.709650022244858e-06,0.002389487397381467,0.020726827837113427,0.15924955555759238,GTCO
2022-06-27,20.85,20.9,20.95,20.75,10180000.0,-0.24,-0.0023923444976075015,-0.0023952107259547105,5.737034421728491e-06,0.0023952107259547105,0.02077635520185799,0.11718549593875933,GTCO
2022-06-28,20.7,20.85,20.85,20.5,14110000.0,-0.72,-0.007194244604316613,-0.007220247973487132,5.213198079864504e-05,0.007220247973487132,0.04189033686456098,0.11622266450808258,GTCO
2022-06-29,20.5,20.7,20.65,20.5,42150000.0,-0.97,-0.009661835748792202,-0.009708814126960827,9.426107175187412e-05,0.009708814126960827,0.05463679517806791,0.11731318684659377,GTCO
2022-06-30,20.5,20.5,20.5,20.4,15160000.0,0.0,0.0,0.0,0.0,0.0,0.06327054926383849,0.11259362812321606,GTCO
2022-07-01,20.45,20.5,20.5,20.45,23470000.0,-0.24,-0.0024390243902439046,-0.0024420036555517443,5.963381853728082e-06,0.0024420036555517443,0.06316942740152726,0.11020448675022113,GTCO
2022-07-04,20.45,20.45,20.55,20.45,20180000.0,0.0,0.0,0.0,0.0,0.0,0.06978863941985626,0.11111241722476045,GTCO
2022-07-05,20.45,20.45,20.5,20.35,29020000.0,0.0,0.0,0.0,0.0,0.0,0.0667371461786991,0.11111241722476045,GTCO
2022-07-06,20.3,20.45,20.45,20.3,13110000.0,-0.73,-0.007334963325183352,-0.007361996441069082,5.4198991598313834e-05,0.007361996441069082,0.05078520908697453,0.1111203336742455,GTCO
2022-07-07,20.4,20.3,20.5,20.2,19450000.0,0.49,0.004926108374384119,0.004914014802428941,2.414754147849075e-05,0.004914014802428941,0.07078300638421957,0.11621562402026477,GTCO
2022-07-08,20.4,20.4,20.5,20.4,17860000.0,0.0,0.0,0.0,0.0,0.0,0.06971602861709571,0.11621562402026477,GTCO
2022-07-13,20.4,20.4,20.5,20.4,51890000.0,0.0,0.0,0.0,0.0,0.0,0.06971602861709571,0.1159778752206516,GTCO
2022-07-14,20.7,20.4,20.7,20.45,6020000.0,1.47,0.014705882352941124,0.014598799421152631,0.0002131249445390464,0.014598799421152631,0.1284617032143153,0.13102806284680157,GTCO
2022-07-15,20.95,20.7,21.05,20.7,14840000.0,1.21,0.012077294685990392,0.0120049460968234,0.0001441187307876354,0.0120049460968234,0.10729023507283254,0.11894502351161026,GTCO
2022-07-18,21.35,20.95,21.35,21.2,5890000.0,1.91,0.019093078758950055,0.018913093306486994,0.00035770509841988313,0.018913093306486994,0.13761290556203307,0.1353959252312492,GTCO
2022-07-19,21.45,21.35,21.6,21.35,8880000.0,0.47,0.004683840749414525,0.004672905699392423,2.183604767541419e-05,0.004672905699392423,0.12115243295916388,0.13457974992853788,GTCO
2022-07-20,20.9,21.45,21.45,20.6,16820000.0,-2.56,-0.02564102564102566,-0.025975486403260677,0.0006747258938859804,0.025975486403260677,0.285547567544593,0.144735251370375,GTCO
2022-07-21,20.85,20.9,21.2,20.75,33850000.0,-0.24,-0.0023923444976075015,-0.0023952107259547105,5.737034421728491e-06,0.0023952107259547105,0.27423142374452236,0.14473829461288706,GTCO
2022-07-22,20.75,20.85,20.8,20.65,36390000.0,-0.48,-0.004796163069544446,-0.004807701568103232,2.311399436794228e-05,0.004807701568103232,0.2589923942346223,0.14555131435385077,GTCO
2022-07-25,20.7,20.75,20.8,20.7,5100000.0,-0.24,-0.002409638554216942,-0.0024125464053839896,5.820380158131209e-06,0.0024125464053839896,0.18445336554049957,0.14567209043615434,GTCO
2022-07-26,20.4,20.7,20.65,20.35,12690000.0,-1.45,-0.01449275362318847,-0.014598799421152749,0.00021312494453904984,0.014598799421152749,0.1624172707775508,0.15340697218744043,GTCO
2022-07-27,19.6,20.4,20.35,19.6,15700000.0,-3.92,-0.039215686274509665,-0.04000533461369902,0.0016004267975540248,0.04000533461369902,0.25391670242325076,0.20390511784993176,GTCO
2022-07-28,18.9,19.6,19.85,18.9,12680000.0,-3.57,-0.03571428571428581,-0.03636764417087495,0.0013226055425393747,0.03636764417087495,0.2791338067338424,0.23422068554921527,GTCO
2022-07-29,19.85,18.9,20.0,19.0,10990000.0,5.03,0.050264550264550456,0.04904208506760291,0.002405126107778,0.04904208506760291,0.56981838041114,0.2987259621161133,GTCO
2022-08-01,20.0,19.85,20.0,19.9,21370000.0,0.76,0.007556675062972307,0.007528266420791588,5.667479530241819e-05,0.007528266420791588,0.5811710531397296,0.29908633835233245,GTCO
2022-08-02,20.35,20.0,20.5,20.3,9370000.0,1.75,0.01750000000000007,0.017348638334613073,0.00030097525206520626,0.017348638334613073,0.5984396855332064,0.30590586895355376,GTCO
2022-08-03,20.4,20.35,20.45,20.4,6440000.0,0.25,0.002457002457002311,0.002453988961566566,6.022061823490552e-06,0.002453988961566566,0.4874351846141746,0.3059540894221019,GTCO
2022-08-04,20.5,20.4,20.5,20.45,5630000.0,0.49,0.004901960784313708,0.00488998529419177,2.3911956177411773e-05,0.00488998529419177,0.3045234101662961,0.30644610133152705,GTCO
2022-08-05,20.6,20.5,20.6,20.45,21700000.0,0.49,0.004878048780487809,0.004866189651172906,2.3679801721182292e-05,0.004866189651172906,0.09262259597903445,0.30688615273167114,GTCO
2022-08-08,20.5,20.6,20.75,20.5,6670000.0,-0.49,-0.004854368932038944,-0.004866189651173011,2.3679801721183312e-05,0.004866189651173011,0.12707636508278577,0.30621715123242704,GTCO
2022-08-09,20.55,20.5,20.6,20.45,7850000.0,0.24,0.0024390243902439046,0.002436054797881121,5.934362978279629e-06,0.002436054797881121,0.06354672311066487,0.30588384428158144,GTCO
2022-08-10,20.55,20.55,20.55,20.5,9310000.0,0.0,0.0,0.0,0.0,0.0,0.06471259726244713,0.30588384428158144,GTCO
2022-08-11,20.45,20.55,20.55,20.45,6370000.0,-0.49,-0.0048661800486619056,-0.004878058453432967,2.3795454275108827e-05,0.004878058453432967,0.06914835422825234,0.3064202275730858,GTCO
2022-08-12,20.4,20.45,20.55,20.4,7530000.0,-0.24,-0.0024449877750611915,-0.0024479816386401127,5.992614103119131e-06,0.0024479816386401127,0.05042851890925707,0.3019258337807274,GTCO
2022-08-15,20.35,20.4,20.5,20.25,15520000.0,-0.25,-0.002450980392156743,-0.0024539889615665914,6.022061823490677e-06,0.0024539889615665914,0.04416259957461447,0.2983964726368468,GTCO
2022-08-16,20.3,20.35,20.35,20.25,9790000.0,-0.25,-0.002457002457002533,-0.002460025840862423,6.051727137710871e-06,0.002460025840862423,0.02737842800905517,0.2891198211214254,GTCO
2022-08-17,20.3,20.3,20.35,20.3,4260000.0,0.0,0.0,0.0,0.0,0.0,0.02737842800905517,0.2881306036990232,GTCO
2022-08-18,20.3,20.3,20.3,20.25,6510000.0,0.0,0.0,0.0,0.0,0.0,0.021337199884562313,0.2753733453514461,GTCO
2022-08-19,20.3,20.3,20.4,20.3,8920000.0,0.0,0.0,0.0,0.0,0.0,0.02136327881967184,0.27538785829763895,GTCO
2022-08-22,20.25,20.3,20.3,20.2,8580000.0,-0.25,-0.0024630541871921707,-0.002466092495193554,6.08161219484997e-06,0.002466092495193554,0.021415898078419413,0.27512850208536027,GTCO
2022-08-23,20.2,20.25,20.25,20.15,9660000.0,-0.25,-0.0024691358024692134,-0.0024721891453891483,6.111719170579927e-06,0.0024721891453891483,0.021468777187925583,0.27513199681102274,GTCO
2022-08-24,20.1,20.2,20.25,20.05,16090000.0,-0.5,-0.004950495049504844,-0.004962789342128902,2.462927805434822e-05,0.004962789342128902,0.03293373939028481,0.2712002799865736,GTCO
2022-08-25,19.95,20.1,20.2,19.95,10660000.0,-0.75,-0.007462686567164312,-0.007490671729157738,5.611016295400297e-05,0.007490671729157738,0.04520628779433961,0.23245414453442148,GTCO
2022-08-26,20.0,19.95,20.1,20.0,9340000.0,0.25,0.0025062656641603454,0.0025031302181184748,6.265660888857843e-06,0.0025031302181184748,0.05879157628848043,0.18898912407760274,GTCO
2022-08-29,19.9,20.0,20.0,19.9,9750000.0,-0.5,-0.0050000000000001155,-0.005012541823544398,2.51255755327818e-05,0.005012541823544398,0.06015900255577581,0.08743687889953812,GTCO
2022-08-30,19.85,19.9,19.9,19.8,5510000.0,-0.25,-0.002512562814070196,-0.002515724597247136,6.328870249194264e-06,0.002515724597247136,0.06011351207679129,0.08355023387752981,GTCO
2022-08-31,19.85,19.85,19.9,19.8,5550000.0,0.0,0.0,0.0,0.0,0.0,0.06275009433630678,0.053395150042153464,GTCO
2022-09-01,19.85,19.85,19.95,19.8,34250000.0,0.0,0.0,0.0,0.0,0.0,0.04536729656574918,0.05194510229417935,GTCO
2022-09-02,19.8,19.85,19.85,19.8,13040000.0,-0.25,-0.0025188916876575096,-0.0025220694327099465,6.360834223409871e-06,0.0025220694327099465,0.0333113506279856,0.04691580423065541,GTCO
2022-09-05,19.9,19.8,20.0,19.9,10000000.0,0.51,0.005050505050504972,0.005037794029957081,2.5379368688271206e-05,0.005037794029957081,0.048972968147085995,0.047219106430116016,GTCO
2022-09-06,19.8,19.9,19.95,19.8,9200000.0,-0.5,-0.005025125628140614,-0.00503779402995707,2.5379368688271094e-05,0.00503779402995707,0.05931598856617301,0.04737005144793295,GTCO
2022-09-07,19.8,19.8,19.9,19.8,9300000.0,0.0,0.0,0.0,0.0,0.0,0.05931598856617301,0.04543154533325323,GTCO
2022-09-08,19.8,19.8,19.9,19.75,4870000.0,0.0,0.0,0.0,0.0,0.0,0.05931598856617301,0.04543154533325323,GTCO
2022-09-09,19.7,19.8,19.85,19.7,5250000.0,-0.51,-0.005050505050505083,-0.005063301956546762,2.563702670317027e-05,0.005063301956546762,0.06700676533427266,0.045595437625977564,GTCO
2022-09-12,19.8,19.7,19.8,19.8,19470000.0,0.51,0.005076142131979822,0.005063301956546855,2.5637026703171208e-05,0.005063301956546855,0.06715195861989971,0.05127763690598632,GTCO
2022-09-13,19.8,19.8,19.8,19.8,7080000.0,0.0,0.0,0.0,0.0,0.0,0.05683542350154406,0.05135966745452448,GTCO
2022-09-14,19.75,19.8,19.8,19.75,9480000.0,-0.25,-0.002525252525252597,-0.0025284463533587487,6.3930409618131545e-06,0.0025284463533587487,0.0596026394472195,0.05137960299745534,GTCO
2022-09-15,19.7,19.75,19.7,19.7,4880000.0,-0.25,-0.0025316455696202667,-0.0025348556031880663,6.425492929013935e-06,0.0025348556031880663,0.06094921216276724,0.05131684386329796,GTCO
2022-09-16,19.7,19.7,19.7,19.7,6680000.0,0.0,0.0,0.0,0.0,0.0,0.04922093373171872,0.05131684386329796,GTCO
2022-09-19,19.65,19.7,19.8,19.65,6110000.0,-0.25,-0.002538071065989911,-0.002541297428672644,6.458192620978192e-06,0.002541297428672644,0.022040340955667818,0.05118030095339528,GTCO
2022-09-20,19.55,19.65,19.7,19.25,35820000.0,-0.51,-0.0050890585241729624,-0.0051020518838953985,2.6030933425960586e-05,0.0051020518838953985,0.02863563071587283,0.0525706716699367,GTCO
2022-09-21,19.25,19.25,19.4,17.55,4990000.0,-1.53,-0.01534526854219953,-0.01546422569758159,0.0002391422764257428,0.01546422569758159,0.09608669464880722,0.07106420056604837,GTCO
2022-09-22,19.1,19.25,19.2,19.1,3600000.0,-0.78,-0.007792207792207684,-0.007822725681208932,6.119503708344576e-05,0.007822725681208932,0.09441320660388185,0.07307954957733918,GTCO
2022-09-23,18.5,19.1,19.15,18.5,4370000.0,-3.14,-0.03141361256544506,-0.031917602968305085,0.0010187333792423575,0.031917602968305085,0.18809584060973727,0.12496326326503998,GTCO
2022-09-26,18.85,18.5,19.0,18.85,3310000.0,1.89,0.018918918918918948,0.018742181809740664,0.0003512693789893738,0.018742181809740664,0.29172520626334947,0.14585982166436628,GTCO
2022-09-27,18.75,18.85,18.85,18.75,3050000.0,-0.53,-0.0053050397877985045,-0.005319161477600045,2.829347882478429e-05,0.005319161477600045,0.29157869729995667,0.1459217508275782,GTCO
2022-09-28,18.0,18.75,18.6,17.75,14340000.0,-4.0,-0.040000000000000036,-0.040821994520255166,0.0016664352366117428,0.040821994520255166,0.3743481357770735,0.19645308222133828,GTCO
2022-09-29,17.8,18.0,18.55,17.8,10000000.0,-1.11,-0.011111111111111072,-0.011173300598125189,0.0001248426462560647,0.011173300598125189,0.37193548021869866,0.19692687555190977,GTCO
2022-09-30,17.75,17.8,17.9,17.5,135620000.0,-0.28,-0.002808988764045006,-0.0028129413766147236,7.912639188271136e-06,0.0028129413766147236,0.3401190789408367,0.19623250117960137,GTCO
2022-10-04,17.6,17.75,17.95,17.6,71190000.0,-0.85,-0.00845070422535199,-0.008486613877318581,7.202261510269633e-05,0.008486613877318581,0.2456615471904366,0.19624691552059662,GTCO
2022-10-05,17.3,17.6,17.6,17.3,19470000.0,-1.7,-0.017045454545454586,-0.017192400540372875,0.0002955786363406135,0.017192400540372875,0.23427034059178586,0.19616025574441995,GTCO
2022-10-06,16.95,17.3,17.25,16.9,27730000.0,-2.02,-0.020231213872832443,-0.02043866767727407,0.00041773913642204785,0.02043866767727407,0.11100791927804818,0.2017242563017454,GTCO
2022-10-07,17.0,16.95,17.0,16.9,33790000.0,0.29,0.002949852507374784,0.0029455102297569658,8.676030513602934e-06,0.0029455102297569658,0.15452244032650422,0.20333744501696402,GTCO
2022-10-11,16.95,17.0,17.05,16.9,38870000.0,-0.29,-0.002941176470588225,-0.002945510229756803,8.676030513601975e-06,0.002945510229756803,0.15417987124588206,0.2022654482343316,GTCO
2022-10-12,16.85,16.95,17.0,16.8,28480000.0,-0.59,-0.005899705014749124,-0.005917177028088396,3.501298398173702e-05,0.005917177028088396,0.15602163873459735,0.20216272177304478,GTCO
2022-10-13,16.95,16.85,17.0,16.9,19150000.0,0.59,0.005934718100890191,0.0059171770280885185,3.501298398173847e-05,0.0059171770280885185,0.16296891820860962,0.20284867678359397,GTCO
2022-10-14,17.9,16.95,17.95,17.0,35000000.0,5.6,0.05604719764011801,0.05453287902025006,0.002973834894237229,0.05453287902025006,0.3941904292292868,0.2949640971935829,GTCO
2022-10-17,18.1,17.9,18.3,18.0,33720000.0,1.12,0.011173184357541999,0.011111225425070849,0.00012345933044674088,0.011111225425070849,0.3880151146925671,0.3000306878433194,GTCO
2022-10-18,18.55,18.1,18.7,18.4,57410000.0,2.49,0.024861878453038555,0.024557850781663965,0.0006030880350144734,0.024557850781663965,0.36744682606519674,0.3161206803942023,GTCO
2022-10-19,18.45,18.55,18.7,18.4,18550000.0,-0.54,-0.005390835579514919,-0.005405418566908047,2.9218549883474245e-05,0.005405418566908047,0.36535674083102776,0.31605814582174657,GTCO
2022-10-20,18.45,18.45,18.65,18.4,8320000.0,0.0,0.0,0.0,0.0,0.0,0.3799541391686768,0.3162394897234817,GTCO
2022-10-21,18.5,18.45,18.75,18.45,8240000.0,0.27,0.0027100271002711285,0.0027063615977430673,7.324393097738408e-06,0.0027063615977430673,0.18541361899399225,0.3167421147065648,GTCO
2022-10-24,18.4,18.5,18.5,18.4,5280000.0,-0.54,-0.005405405405405461,-0.005420067469339256,2.9377131372189643e-05,0.005420067469339256,0.196831377504914,0.31350817416287846,GTCO
2022-10-25,18.3,18.4,18.4,18.2,6320000.0,-0.54,-0.005434782608695565,-0.005449604767564591,2.969819212266272e-05,0.005449604767564591,0.060861807345990136,0.3130746577021384,GTCO
2022-10-26,18.2,18.3,18.2,18.0,4680000.0,-0.55,-0.005464480874317057,-0.005479465764625708,3.002454506570519e-05,0.005479465764625708,0.06107003438369965,0.2941021658341557,GTCO
2022-10-27,18.0,18.2,18.0,18.0,5680000.0,-1.1,-0.01098901098901095,-0.011049836186584935,0.0001220988797503619,0.011049836186584935,0.07800270149401799,0.28721335010732785,GTCO
2022-10-28,17.9,18.0,18.0,17.9,5890000.0,-0.56,-0.005555555555555647,-0.005571045049455472,3.103654294306232e-05,0.005571045049455472,0.039551789157722665,0.28724917124605565,GTCO
2022-10-31,17.6,17.9,18.0,17.6,8380000.000000001,-1.68,-0.016759776536312665,-0.016901810802603025,0.0002856712084069883,0.016901810802603025,0.08068620908777353,0.2571047073633376,GTCO
2022-11-01,17.6,17.6,17.8,17.6,9260000.0,0.0,0.0,0.0,0.0,0.0,0.10183144578540451,0.254472440131122,GTCO
2022-11-02,17.6,17.6,17.8,17.5,10210000.0,0.0,0.0,0.0,0.0,0.0,0.11612624445922187,0.2543421277193687,GTCO
2022-11-03,17.6,17.6,17.7,17.55,6480000.0,0.0,0.0,0.0,0.0,0.0,0.11657280893585917,0.2526373815403875,GTCO
2022-11-04,17.6,17.6,17.65,17.6,19640000.0,0.0,0.0,0.0,0.0,0.0,0.11999095342446699,0.24479380823845856,GTCO
2022-11-07,17.55,17.6,17.6,17.6,8870000.0,-0.28,-0.0028409090909091717,-0.0028449521322313617,8.093752634687772e-06,0.0028449521322313617,0.020197156552056127,0.23283852682618064,GTCO
2022-11-08,17.5,17.6,17.6,17.5,14590000.0,-0.28,-0.002849002849002913,-0.0028530689824065106,8.140002618370122e-06,0.0028530689824065106,0.02477169309301695,0.23330002908294722,GTCO
2022-11-09,17.55,17.5,17.6,17.55,8970000.0,0.29,0.0028571428571428914,0.0028530689824064807,8.140002618369951e-06,0.0028530689824064807,0.037862454525596806,0.23280951800050229,GTCO
2022-11-10,17.6,17.55,17.6,17.6,23880000.0,0.28,0.002849002849002913,0.0028449521322313448,8.093752634687675e-06,0.0028449521322313448,0.04522668639072818,0.23119096842577688,GTCO
2022-11-11,17.55,17.6,17.7,17.45,15520000.0,-0.28,-0.0028409090909091717,-0.0028449521322313617,8.093752634687772e-06,0.0028449521322313617,0.04953158885674412,0.23134802147777392,GTCO
2022-11-14,17.7,17.55,17.7,17.6,3740000.0,0.85,0.008547008547008517,0.00851068966790861,7.243183862344637e-05,0.00851068966790861,0.07547196716998296,0.1327197169182327,GTCO
2022-11-15,18.1,17.7,18.1,18.0,5970000.0,2.26,0.02259887005649719,0.022347298691996618,0.0004994017588293137,0.022347298691996618,0.15244364125318688,0.14975696131383037,GTCO
2022-11-16,19.3,18.1,19.3,18.2,20820000.0,6.63,0.06629834254143652,0.06419315763905986,0.00412076148767319,0.06419315763905986,0.4275696746880871,0.2565292545415512,GTCO
2022-11-17,19.0,19.3,19.5,19.0,7000000.0,-1.55,-0.015544041450777257,-0.015666116744399463,0.0002454272138491532,0.015666116744399463,0.4876368324246709,0.26259539514310026,GTCO
2022-11-18,19.45,19.0,19.45,19.2,3580000.0,2.37,0.023684210526315752,0.023408090898014804,0.0005479387194897235,0.023408090898014804,0.46095399143995736,0.27332486526503635,GTCO
2022-11-21,19.5,19.45,19.9,19.5,8310000.000000001,0.26,0.0025706940874037354,0.0025673955052459545,6.59151968035713e-06,0.0025673955052459545,0.47252619531828577,0.2733240534361374,GTCO
2022-11-22,20.4,19.5,20.4,20.0,2680000.0,4.62,0.04615384615384599,0.04512043528046943,0.0020358536798990305,0.04512043528046943,0.5079000345336379,0.30864586233886315,GTCO
2022-11-23,20.5,20.4,20.5,20.0,11550000.0,0.49,0.004901960784313708,0.00488998529419177,2.3911956177411773e-05,0.00488998529419177,0.36649385155953706,0.3063412447715684,GTCO
2022-11-24,20.3,20.5,20.3,20.2,7130000.0,-0.98,-0.009756097560975618,-0.009804000096620856,9.611841789454174e-05,0.009804000096620856,0.3399522554822624,0.3086351329785853,GTCO
2022-11-25,20.0,20.3,20.0,20.0,5350000.0,-1.48,-0.014778325123152691,-0.014888612493750637,0.00022167078198906756,0.014888612493750637,0.37470475681170673,0.31145535721913703,GTCO
2022-11-28,19.95,20.0,20.0,19.9,5610000.0,-0.25,-0.0025000000000000577,-0.0025031302181185884,6.2656608888584116e-06,0.0025031302181185884,0.37897529118617496,0.3103204708997155,GTCO
2022-11-29,19.9,19.95,20.0,19.85,8490000.0,-0.25,-0.0025062656641604564,-0.002509411605425807,6.297146605445727e-06,0.002509411605425807,0.1206633445236579,0.3013000870906331,GTCO
2022-11-30,20.0,19.9,20.2,20.0,4170000.0,0.5,0.005025125628140836,0.005012541823544414,2.5125575532781956e-05,0.005012541823544414,0.12129530598911374,0.30057357823416586,GTCO
2022-12-01,20.3,20.0,20.55,20.05,3850000.0,1.5,0.015000000000000124,0.014888612493750777,0.00022167078198907173,0.014888612493750777,0.17408298785731216,0.3011986246279067,GTCO
2022-12-02,21.4,20.3,21.4,20.35,5580000.0,5.42,0.054187192118226424,0.05277003598006398,0.0027846766973372472,0.05277003598006398,0.3661902936188282,0.3392624334767527,GTCO
2022-12-05,21.4,21.4,21.5,21.15,8250000.0,0.0,0.0,0.0,0.0,0.0,0.35965791428543153,0.3392624334767527,GTCO
2022-12-06,21.05,21.4,21.4,21.05,3760000.0,-1.64,-0.01635514018691575,-0.016490361899415235,0.00027193203557368566,0.016490361899415235,0.4102990661162017,0.3485867542974651,GTCO
2022-12-07,21.0,21.05,21.2,21.0,4240000.0,-0.24,-0.002375296912114022,-0.0023781224049674358,5.6554661730081005e-06,0.0023781224049674358,0.4205875108697713,0.3483929446152855,GTCO
2022-12-08,20.9,21.0,21.05,20.9,3950000.0,-0.48,-0.004761904761904856,-0.004773278752657771,2.2784190050574125e-05,0.004773278752657771,0.4285644634633741,0.35099259396964533,GTCO
2022-12-09,21.0,20.9,21.5,20.9,7270000.0,0.48,0.004784688995215447,0.004773278752657812,2.2784190050574515e-05,0.004773278752657812,0.1259879848918553,0.35067709671482733,GTCO
2022-12-12,21.0,21.0,21.35,20.95,17200000.0,0.0,0.0,0.0,0.0,0.0,0.1259879848918553,0.34966356118452313,GTCO
2022-12-13,21.0,21.0,21.0,20.9,19210000.0,0.0,0.0,0.0,0.0,0.0,0.056176894195851604,0.3509150701755807,GTCO
2022-12-14,20.9,21.0,21.0,20.9,10210000.0,-0.48,-0.004761904761904856,-0.004773278752657771,2.2784190050574125e-05,0.004773278752657771,0.06339661761420112,0.34965477077018176,GTCO
2022-12-15,20.5,20.95,20.95,20.5,10470000.0,-1.91,-0.019138755980861122,-0.0193242728264027,0.0003734275202692458,0.0193242728264027,0.14728053153062118,0.29201447243555256,GTCO
2022-12-16,20.9,20.5,21.0,20.8,13580000.0,1.95,0.019512195121951237,0.019324272826402842,0.0003734275202692513,0.019324272826402842,0.2195454183818788,0.28916763996754097,GTCO
2022-12-19,21.6,20.9,21.6,21.0,16610000.0,3.35,0.03349282296650724,0.03294415571935406,0.0010853173960610487,0.03294415571935406,0.32689895806600683,0.2987367947651125,GTCO
2022-12-20,21.65,21.6,21.8,21.2,16440000.000000002,0.23,0.0023148148148146586,0.0023121397583793788,5.3459902622786524e-06,0.0023121397583793788,0.32479372619610325,0.2987642129009783,GTCO
2022-12-21,22.05,21.65,22.25,22.0,6870000.0,1.85,0.01847575057736739,0.018307147444356325,0.00033515164754940234,0.018307147444356325,0.31737718920125724,0.26601720209007446,GTCO
2022-12-22,22.15,22.05,22.65,22.0,6640000.0,0.45,0.0045351473922901064,0.004524894598289503,2.047467112562952e-05,0.004524894598289503,0.1978231810456125,0.26599969387096767,GTCO
2022-12-23,22.45,22.15,22.45,22.35,2730000.0,1.35,0.013544018058690765,0.013453117697118676,0.0001809863757725277,0.013453117697118676,0.19501109564364869,0.26332520626556216,GTCO
2022-12-28,23.3,22.45,23.3,22.6,25740000.0,3.79,0.03786191536748329,0.03716274638339158,0.0013810697187562838,0.03716274638339158,0.2209796915182794,0.2757444271503698,GTCO
2022-12-29,23.4,23.3,24.5,23.3,38530000.0,0.43,0.0042918454935620964,0.004282661792000728,1.8341192024662887e-05,0.004282661792000728,0.21410223762351127,0.27370771339953226,GTCO
2022-12-30,23.0,23.4,23.3,23.0,8130000.000000001,-1.71,-0.017094017094017033,-0.017241806434505992,0.0002972798891249722,0.017241806434505992,0.3117122558683723,0.2850823930716461,GTCO
2023-01-03,23.25,23.0,23.3,22.3,13760000.0,1.09,0.010869565217391353,0.010810916104215676,0.00011687590701238986,0.010810916104215676,0.30993231011278594,0.28530773623354505,GTCO
2023-01-04,23.5,23.25,23.5,23.1,12230000.0,1.08,0.010752688172043001,0.01069528911674795,0.00011438920929082715,0.01069528911674795,0.3084395458105311,0.28424617321439916,GTCO
2023-01-05,24.0,23.5,24.0,23.45,19950000.0,2.13,0.02127659574468077,0.021053409197832263,0.00044324603885136815,0.021053409197832263,0.22657970886391043,0.23719505083690148,GTCO
2023-01-06,24.0,24.0,24.0,23.85,10180000.0,0.0,0.0,0.0,0.0,0.0,0.23053490871315332,0.23719505083690148,GTCO
2023-01-09,23.7,24.0,23.95,23.7,8289999.999999999,-1.25,-0.012500000000000067,-0.012578782206860185,0.0001582257618076224,0.012578782206860185,0.2028223655988263,0.232983684180339,GTCO
2023-01-10,23.65,23.7,23.7,23.4,9920000.0,-0.21,-0.0021097046413502962,-0.002111933203143613,4.460261854540441e-06,0.002111933203143613,0.2042399517379911,0.23286996179806363,GTCO
2023-01-11,24.0,23.5,24.0,23.4,33980000.0,1.48,0.014799154334038223,0.01469071541000381,0.00021581711925772342,0.01469071541000381,0.2149076507760059,0.2316410772671269,GTCO
2023-01-12,24.5,24.0,24.5,24.0,19810000.0,2.08,0.02083333333333326,0.02061928720273561,0.00042515500474889646,0.02061928720273561,0.2127757275708325,0.23653099366214214,GTCO
2023-01-13,24.5,24.5,24.95,24.5,18200000.0,0.0,0.0,0.0,0.0,0.0,0.2127757275708325,0.23653099366214214,GTCO
2023-01-16,24.1,24.5,24.2,24.0,20030000.0,-1.63,-0.01632653061224487,-0.016461277054071962,0.0002709736422509161,0.016461277054071962,0.23281766475039328,0.24948670330954184,GTCO
2023-01-17,24.2,24.1,24.2,23.9,16750000.0,0.41,0.004149377593360981,0.004140792666031387,1.7146163903059322e-05,0.004140792666031387,0.2277574706848275,0.24627637278746406,GTCO
2023-01-18,24.45,24.2,24.5,24.2,13160000.0,1.03,0.010330578512396604,0.01027758275824023,0.00010562870735247684,0.01027758275824023,0.21735428953223349,0.22703379262278217,GTCO
2023-01-19,24.35,24.45,24.4,24.3,18520000.0,-0.41,-0.004089979550102152,-0.0040983663922821365,1.6796607085387694e-05,0.0040983663922821365,0.15933967308396793,0.22731971782294716,GTCO
2023-01-20,24.1,24.35,24.35,24.1,4590000.0,-1.03,-0.010266940451745366,-0.010320009031989472,0.00010650258642034427,0.010320009031989472,0.1707622254756771,0.2148258209182261,GTCO
2023-01-23,24.15,24.1,24.15,24.05,10990000.0,0.21,0.0020746887966804906,0.002072539601972375,4.295420401743811e-06,0.002072539601972375,0.12537605540216878,0.2148682165772809,GTCO
2023-01-24,24.05,24.15,24.35,24.05,12490000.0,-0.41,-0.0041407867494822614,-0.004149383546811366,1.7217383818548868e-05,0.004149383546811366,0.12365541216069997,0.21167104666970696,GTCO
2023-01-25,24.35,24.05,24.35,24.1,6710000.0,1.25,0.012474012474012586,0.01239685297682872,0.0001536819637291071,0.01239685297682872,0.1363579199107898,0.21360175213543758,GTCO
2023-01-26,24.35,24.35,24.35,24.3,17790000.0,0.0,0.0,0.0,0.0,0.0,0.13321761642250549,0.21157837670029042,GTCO
2023-01-27,24.45,24.35,24.45,24.3,8690000.0,0.41,0.004106776180698102,0.004098366392282185,1.6796607085388094e-05,0.004098366392282185,0.09734499626977974,0.17361752687170384,GTCO
2023-01-30,25.0,24.45,25.0,24.45,23350000.0,2.25,0.02249488752556239,0.022245608947319737,0.000494867117437072,0.022245608947319737,0.16710690020065605,0.1868560778964473,GTCO
2023-01-31,24.95,25.0,25.05,24.95,14160000.0,-0.2,-0.0020000000000000018,-0.0020020026706730793,4.008014693382142e-06,0.0020020026706730793,0.1586270556420992,0.17283248573220122,GTCO
2023-02-01,25.05,24.95,25.05,24.95,16610000.0,0.4,0.004008016032064132,0.004000005333346137,1.6000042666797544e-05,0.004000005333346137,0.1528860654977428,0.17098924590317,GTCO
2023-02-02,25.05,25.05,25.15,25.05,13930000.0,0.0,0.0,0.0,0.0,0.0,0.1528860654977428,0.1693647695383586,GTCO
2023-02-03,25.2,25.05,25.2,25.05,20800000.0,0.6,0.0059880239520957446,0.005970166986503754,3.564289384673932e-05,0.005970166986503754,0.15225125900756006,0.15674254268552618,GTCO
2023-02-06,25.1,25.2,25.2,25.1,50590000.0,-0.4,-0.003968253968253843,-0.0039761483796392945,1.5809755936908187e-05,0.0039761483796392945,0.06558374801712614,0.15808459152432422,GTCO
2023-02-07,25.25,25.1,25.25,25.1,13660000.0,0.6,0.005976095617529875,0.005958309583630625,3.550145309438455e-05,0.005958309583630625,0.06845507200597664,0.14913541395443647,GTCO
2023-02-08,25.15,25.25,25.15,25.0,17030000.0,-0.4,-0.003960396039603964,-0.003968259175620622,1.574708088489726e-05,0.003968259175620622,0.07918445063604287,0.15007544241193402,GTCO
2023-02-09,25.1,25.15,25.2,25.1,22320000.0,-0.2,-0.001988071570576455,-0.001990050408009925,3.960300626420469e-06,0.001990050408009925,0.08166746309242125,0.14462790115552987,GTCO
2023-02-10,25.2,25.1,25.2,25.1,12120000.0,0.4,0.003984063745019917,0.003976148379639417,1.580975593690916e-05,0.003976148379639417,0.07396070462218206,0.12840676882043134,GTCO
2023-02-13,25.15,25.2,25.15,25.1,22880000.0,-0.2,-0.001984126984126977,-0.001986097971629403,3.944585152910428e-06,0.001986097971629403,0.06835773753515324,0.12885174987815148,GTCO
2023-02-14,25.1,25.15,25.15,25.1,3080000.0,-0.2,-0.001988071570576455,-0.001990050408009925,3.960300626420469e-06,0.001990050408009925,0.04783585636681802,0.11250797507728268,GTCO
2023-02-15,25.15,25.1,25.2,25.1,42350000.0,0.2,0.0019920318725097363,0.0019900504080097876,3.960300626419922e-06,0.0019900504080097876,0.044643256008629055,0.1122232412230115,GTCO
2023-02-16,25.2,25.15,25.2,25.1,19170000.0,0.2,0.001988071570576677,0.001986097971629546,3.9445851529109965e-06,0.001986097971629546,0.042341791499839056,0.10795696209859885,GTCO
2023-02-17,25.15,25.2,25.2,25.15,8740000.0,-0.2,-0.001984126984126977,-0.001986097971629403,3.944585152910428e-06,0.001986097971629403,0.034566207485090206,0.10683402852089306,GTCO
2023-02-20,25.1,25.15,25.25,25.1,36680000.0,-0.2,-0.001988071570576455,-0.001990050408009925,3.960300626420469e-06,0.001990050408009925,0.034577662728519004,0.09877608193098984,GTCO
2023-02-21,25.0,25.1,25.1,25.0,31070000.0,-0.4,-0.003984063745020028,-0.003992021269537561,1.5936233816440277e-05,0.003992021269537561,0.042416998863005505,0.10088208094963119,GTCO
2023-02-22,25.2,25.0,25.2,25.05,12390000.0,0.8,0.008000000000000007,0.007968169649176881,6.349172755806362e-05,0.007968169649176881,0.07550348642545081,0.10084222093956936,GTCO
2023-02-23,25.3,25.2,25.4,25.2,8620000.0,0.4,0.003968253968253954,0.003960401216096914,1.5684777792461918e-05,0.003960401216096914,0.07932516732684275,0.09413051896165908,GTCO
2023-02-24,25.5,25.25,25.5,25.25,14140000.0,0.79,0.007905138339920903,0.007874056430905866,6.200076467709002e-05,0.007874056430905866,0.08798267974881675,0.09614016616290182,GTCO
2023-02-27,26.0,25.5,26.0,25.5,7370000.0,1.96,0.019607843137254832,0.019418085857101516,0.00037706205835376594,0.019418085857101516,0.13422255845155814,0.11310665915480783,GTCO
2023-02-28,26.65,26.0,26.85,25.95,10370000.0,2.5,0.02499999999999991,0.024692612590371414,0.0006097251165381689,0.024692612590371414,0.13997090274050578,0.11855903365333256,GTCO
2023-03-01,26.9,26.65,27.05,26.7,46630000.0,0.94,0.009380863039399667,0.009337135995939917,8.718210860667691e-05,0.009337135995939917,0.1373166250412059,0.11898498194645041,GTCO
2023-03-02,26.7,26.9,26.9,26.3,13060000.0,-0.74,-0.0074349442379182396,-0.0074627212015896,5.5692207732654925e-05,0.0074627212015896,0.19627662655929012,0.12495530742467857,GTCO
2023-03-03,26.5,26.7,26.7,26.0,8010000.0,-0.75,-0.0074906367041198685,-0.00751883241402734,5.65328408702282e-05,0.00751883241402734,0.236826081623807,0.12987598762905278,GTCO
2023-03-06,26.3,26.5,26.5,26.3,9400000.0,-0.75,-0.007547169811320753,-0.007575793808457656,5.739265182826535e-05,0.007575793808457656,0.23007109522298475,0.1339642320024448,GTCO
2023-03-07,26.2,26.3,26.5,26.15,11870000.0,-0.38,-0.0038022813688213253,-0.0038095284166677302,1.4512506757398943e-05,0.0038095284166677302,0.11592464880865609,0.13387124734078595,GTCO
2023-03-08,26.4,26.2,26.4,26.2,12750000.0,0.76,0.007633587786259444,0.0076045993852192125,5.782993180967643e-05,0.0076045993852192125,0.10396152525184599,0.13459750814861313,GTCO
2023-03-09,26.55,26.4,26.7,26.4,41400000.0,0.57,0.005681818181818343,0.005665737535677521,3.210058182318519e-05,0.005665737535677521,0.11557375808699606,0.13323648871206314,GTCO
2023-03-10,26.5,26.55,26.75,26.5,3750000.0,-0.19,-0.0018832391713747842,-0.001885014695771335,3.553280403273899e-06,0.001885014695771335,0.102075971781675,0.13319158710386317,GTCO
2023-03-13,26.0,26.5,26.4,26.0,4290000.0,-1.89,-0.018867924528301883,-0.019048194970694474,0.00036283373164159026,0.019048194970694474,0.1673437497764075,0.15262390491598973,GTCO
2023-03-14,25.2,26.0,25.8,25.1,10850000.0,-3.08,-0.03076923076923077,-0.031252543504104426,0.0009767214754759397,0.031252543504104426,0.2668330860986422,0.19009132358966058,GTCO
2023-03-15,25.0,25.2,25.2,24.0,33850000.0,-0.79,-0.007936507936507908,-0.007968169649176845,6.349172755806304e-05,0.007968169649176845,0.23071459593377572,0.19203544541102202,GTCO
2023-03-16,24.7,25.0,24.7,23.65,2690000.0,-1.2,-0.01200000000000001,-0.012072581234269249,0.00014574721765803003,0.012072581234269249,0.17907504816508482,0.1961583719702987,GTCO
2023-03-17,24.6,24.7,24.7,24.5,8250000.0,-0.4,-0.004048582995951344,-0.004056800695614318,1.6457631883936815e-05,0.004056800695614318,0.16990742277100518,0.1961706868587797,GTCO
2023-03-20,24.7,24.6,25.2,24.7,4890000.0,0.41,0.00406504065040636,0.004056800695614248,1.6457631883936246e-05,0.004056800695614248,0.20889840186550512,0.19696049266708263,GTCO
2023-03-21,24.6,24.7,24.75,24.55,10470000.0,-0.4,-0.004048582995951344,-0.004056800695614318,1.6457631883936815e-05,0.004056800695614318,0.09474084058181431,0.19723985859996987,GTCO
2023-03-22,25.2,24.6,25.2,24.6,13550000.0,2.44,0.024390243902439046,0.024097551579060524,0.0005806919921054823,0.024097551579060524,0.21926278041184655,0.21499839966490777,GTCO
2023-03-23,25.15,25.2,25.15,25.05,4150000.0000000005,-0.2,-0.001984126984126977,-0.001986097971629403,3.944585152910428e-06,0.001986097971629403,0.18930232063313157,0.21333013418082683,GTCO
2023-03-24,24.9,25.15,25.1,24.9,14890000.0,-0.99,-0.00994035785288272,-0.009990093075086299,9.980195964888721e-05,0.009990093075086299,0.2081874262293007,0.2154520930701802,GTCO
2023-03-27,24.8,24.9,24.9,24.8,12840000.0,-0.4,-0.004016064257028051,-0.00402415029972538,1.6193785634779863e-05,0.00402415029972538,0.21206360666691737,0.21337749608418388,GTCO
2023-03-28,24.8,24.8,24.85,24.8,11740000.0,0.0,0.0,0.0,0.0,0.0,0.20811948411766767,0.19976020235492944,GTCO
2023-03-29,25.2,24.95,25.2,24.85,22070000.0,1.61,0.016129032258064502,0.01600034134644112,0.00025601092320263325,0.01600034134644112,0.15389908699946928,0.18683983619831399,GTCO
2023-03-30,25.55,25.2,25.6,25.15,6300000.0,1.39,0.01388888888888884,0.01379332213233577,0.00019025573544638377,0.01379332213233577,0.1796809845327533,0.19103690734161247,GTCO
2023-03-31,25.5,25.55,25.6,25.5,5250000.0,-0.2,-0.00195694716242667,-0.001958864485333034,3.837150071899052e-06,0.001958864485333034,0.14910806938288504,0.19016733755461468,GTCO
2023-04-03,25.4,25.5,25.5,25.35,10430000.0,-0.39,-0.0039215686274510775,-0.003929278139889661,1.5439226700614755e-05,0.003929278139889661,0.14875698218178532,0.18930447714167278,GTCO
2023-04-04,24.6,25.4,25.4,24.6,13570000.0,-3.15,-0.03149606299212593,-0.03200273108617372,0.0010241747969739498,0.03200273108617372,0.3050018144047173,0.21544586917401595,GTCO
2023-04-05,24.7,24.6,24.7,24.55,3700000.0,0.41,0.00406504065040636,0.004056800695614248,1.6457631883936246e-05,0.004056800695614248,0.27147708322911085,0.2168757269442678,GTCO
2023-04-06,24.4,24.7,24.55,24.35,5630000.0,-1.21,-0.012145748987854255,-0.012220111334775331,0.00014933112103430454,0.012220111334775331,0.2223907999172123,0.2157536504406531,GTCO
2023-04-11,24.3,24.4,24.35,24.2,4980000.0,-0.41,-0.004098360655737654,-0.004106781952653359,1.6865658006639338e-05,0.004106781952653359,0.2184663231988755,0.21301763109925034,GTCO
2023-04-12,24.3,24.3,24.3,24.3,5630000.0,0.0,0.0,0.0,0.0,0.0,0.22656830173417042,0.21337740556167614,GTCO
2023-04-13,24.35,24.3,24.35,24.3,3740000.0,0.21,0.002057613168724215,0.0020554991820959595,4.225076887597158e-06,0.0020554991820959595,0.10226802999354243,0.2072174130189849,GTCO
2023-04-14,24.4,24.35,24.5,24.35,6450000.0,0.21,0.002053388090349051,0.002051282770557361,4.2077610047854835e-06,0.002051282770557361,0.09549918189056508,0.18066588649661422,GTCO
2023-04-17,25.0,24.4,25.0,24.6,7310000.0,2.46,0.024590163934426368,0.0242926925690447,0.0005901349122541197,0.0242926925690447,0.1770214812367301,0.19975065609257872,GTCO
2023-04-18,25.15,25.0,25.15,24.95,11780000.0,0.6,0.006000000000000005,0.005982071677547469,3.578518155531559e-05,0.005982071677547469,0.1583347455146019,0.19575295823936292,GTCO
2023-04-19,25.15,25.15,25.25,25.05,15090000.0,0.0,0.0,0.0,0.0,0.0,0.1583347455146019,0.1949720158494642,GTCO
2023-04-20,25.0,25.15,25.2,24.95,9390000.0,-0.6,-0.005964214711729587,-0.005982071677547429,3.578518155531511e-05,0.005982071677547429,0.18223078178217256,0.19612117577673352,GTCO
2023-04-25,25.0,25.0,25.0,24.95,16940000.0,0.0,0.0,0.0,0.0,0.0,0.1850722357718123,0.19541623161866978,GTCO
2023-04-26,25.0,25.0,25.1,24.9,13950000.0,0.0,0.0,0.0,0.0,0.0,0.06714858804151917,0.1760363133556304,GTCO
2023-04-27,24.9,25.0,25.0,24.85,15060000.0,-0.4,-0.0040000000000000036,-0.004008021397538822,1.606423552312905e-05,0.004008021397538822,0.04482196542283616,0.1764077806539495,GTCO
2023-04-28,24.85,24.9,25.0,24.85,28730000.0,-0.2,-0.00200803212851397,-0.0020100509280241118,4.040304733250593e-06,0.0020100509280241118,0.04131112353028921,0.17312008900258893,GTCO
2023-05-02,22.75,22.05,22.75,22.05,15260000.0,-8.45,-0.08450704225352113,-0.08829260714567831,0.007795584476581085,0.08829260714567831,0.616698998179369,0.3514639719271453,GTCO
2023-05-03,23.05,22.75,23.95,22.75,15880000.0,1.32,0.01318681318681314,0.013100624045698056,0.0001716263503867221,0.013100624045698056,0.6481534903455771,0.3562903345864587,GTCO
2023-05-04,24.0,23.05,24.0,23.3,22210000.0,4.12,0.04121475054229928,0.04038806090528803,0.0016311954636892552,0.04038806090528803,0.7648327257421971,0.3821712198193681,GTCO
2023-05-05,24.05,24.0,24.05,23.95,18760000.0,0.21,0.002083333333333437,0.002081166203824671,4.331252767941991e-06,0.002081166203824671,0.768131999848015,0.378079571526872,GTCO
2023-05-08,24.5,24.05,24.5,24.05,8410000.0,1.87,0.018711018711018657,0.01853812099891106,0.0003436619301702672,0.01853812099891106,0.7899924038092573,0.38530769133121456,GTCO
2023-05-09,24.6,24.5,24.6,24.45,12610000.0,0.41,0.004081632653061273,0.004073325387635869,1.65919797135589e-05,0.004073325387635869,0.24399071076517276,0.3857749251666076,GTCO
2023-05-10,24.6,24.6,24.9,24.5,17930000.0,0.0,0.0,0.0,0.0,0.0,0.26901106718890105,0.3695026323635791,GTCO
2023-05-11,24.0,24.6,24.6,23.55,30390000.0,-2.44,-0.024390243902439046,-0.02469261259037152,0.0006097251165381742,0.02469261259037152,0.24775299713417456,0.37882904900718034,GTCO
2023-05-12,24.25,24.0,24.25,23.85,15880000.0,1.04,0.01041666666666674,0.010362787035546658,0.00010738735514409388,0.010362787035546658,0.258862720315805,0.3787559354469814,GTCO
2023-05-15,24.1,24.25,24.25,23.95,17630000.0,-0.62,-0.006185567010309256,-0.00620477688688287,3.8499256215995874e-05,0.00620477688688287,0.21268419237729744,0.3790916462329967,GTCO
2023-05-16,25.1,24.1,25.3,24.25,29220000.0,4.15,0.04149377593361003,0.040656005641128964,0.0016529107946915101,0.040656005641128964,0.38293021035505076,0.4049056780669243,GTCO
2023-05-17,26.15,25.1,26.7,25.15,59990000.0,4.18,0.041832669322709126,0.040981344373193666,0.001679470586634292,0.040981344373193666,0.4588037590228422,0.42735761263668404,GTCO
2023-05-18,26.2,26.15,26.35,26.0,51120000.0,0.19,0.0019120458891013214,0.0019102202561192452,3.6489414268882746e-06,0.0019102202561192452,0.3499116738654019,0.4273634849361784,GTCO
2023-05-19,26.6,26.2,26.6,26.0,28970000.0,1.53,0.01526717557251911,0.015151805020602246,0.00022957719538234744,0.015151805020602246,0.3453441291471192,0.4228795629469659,GTCO
2023-05-22,27.15,26.6,27.15,26.3,20120000.0,2.07,0.020676691729323293,0.02046583059229104,0.00041885022183235583,0.02046583059229104,0.26850786640879526,0.42714127630892373,GTCO
2023-05-23,27.7,27.15,27.75,27.2,31710000.0,2.03,0.0202578268876612,0.02005536681334843,0.00040221773801795747,0.02005536681334843,0.22320059178688492,0.43062134090315046,GTCO
2023-05-24,27.3,27.7,27.65,26.75,31030000.0,-1.44,-0.014440433212996373,-0.014545711002378751,0.00021157770856472226,0.014545711002378751,0.23751180674423558,0.43427889509473255,GTCO
2023-05-25,26.9,27.3,27.25,26.8,30990000.0,-1.47,-0.014652014652014711,-0.014760415583120686,0.000217869868186432,0.014760415583120686,0.29066504628318535,0.4390575015793272,GTCO
2023-05-26,27.5,27.0,27.5,27.0,41040000.0,2.23,0.02230483271375472,0.022059718064732257,0.00048663116109547464,0.022059718064732257,0.30901355327188135,0.4434771721129762,GTCO
2023-05-30,29.4,27.6,29.45,27.55,76380000.0,6.91,0.06909090909090909,0.06680866967211031,0.004463398343357152,0.06680866967211031,0.533268969103441,0.49152817603144977,GTCO
2023-05-31,28.7,29.4,29.55,27.6,39600000.0,-2.38,-0.023809523809523836,-0.02409755157906053,0.0005806919921054827,0.02409755157906053,0.5997024735174098,0.5029674316742472,GTCO
2023-06-01,29.0,28.7,29.2,28.65,34360000.0,1.05,0.010452961672473782,0.010398707220898517,0.00010813311186596695,0.010398707220898517,0.56832467106541,0.3649819763897031,GTCO
2023-06-02,28.35,29.0,28.75,28.3,13980000.0,-2.24,-0.022413793103448265,-0.02266879981271294,0.0005138744849488542,0.02266879981271294,0.5940473037879669,0.38363433457336504,GTCO
2023-06-05,28.1,28.35,28.9,28.1,7760000.0,-0.88,-0.00881834215167554,-0.008857453834061052,7.845448842252284e-05,0.008857453834061052,0.5966884324114277,0.3720026754218188,GTCO
2023-06-06,27.85,28.1,28.2,27.6,30220000.0,-0.89,-0.008896797153024938,-0.00893660996640708,7.986299769168633e-05,0.00893660996640708,0.22086668838119025,0.3759655141331686,GTCO
2023-06-07,27.8,27.85,27.95,27.8,43030000.0,-0.18,-0.0017953321364452268,-0.0017969456767016304,3.2290137650166804e-06,0.0017969456767016304,0.19124139796626674,0.37468952441413134,GTCO
2023-06-08,27.9,27.8,28.0,27.7,16270000.0,0.36,0.003597122302158251,0.00359066813072854,1.2892897625029588e-05,0.00359066813072854,0.15659809504561284,0.3747248049745367,GTCO
2023-06-09,28.0,27.9,28.0,27.9,16680000.0,0.36,0.0035842293906811484,0.0035778213478841235,1.2800805597375366e-05,0.0035778213478841235,0.09925579759469648,0.37420827982976373,GTCO
2023-06-13,30.8,28.25,30.8,28.25,208060000.0,10.0,0.10000000000000009,0.09531017980432493,0.009084030374332749,0.09531017980432493,0.6878161989661589,0.4685352551858948,GTCO
2023-06-14,33.7,30.9,33.85,30.85,125470000.0,9.42,0.09415584415584433,0.08998314737878742,0.008096966812192578,0.08998314737878742,0.791312821690534,0.5408842290173826,GTCO
2023-06-15,31.85,33.5,35.5,31.85,99850000.0,-5.49,-0.054896142433234485,-0.05646045534014375,0.0031877830172163672,0.05646045534014375,1.0255718359013497,0.5920871427666103,GTCO
2023-06-16,30.6,31.85,31.5,30.5,29360000.0,-3.92,-0.039246467817896424,-0.0400373730598373,0.0016029912415325858,0.0400373730598373,1.1302718214559602,0.6107623068397569,GTCO
2023-06-19,32.05,30.6,32.4,30.6,83800000.0,4.74,0.04738562091503251,0.0462971744083438,0.002143428358196604,0.0462971744083438,1.135476642299801,0.6144880993689525,GTCO
2023-06-20,32.3,32.05,32.35,32.0,65400000.00000001,0.78,0.007800312012480548,0.007770046861931858,6.037362823661712e-05,0.007770046861931858,0.9603517778160451,0.6138885475600907,GTCO
2023-06-21,32.0,32.3,32.3,32.0,44860000.0,-0.93,-0.009287925696594312,-0.009331327428884192,8.707367158504647e-05,0.009331327428884192,0.64217193305517,0.6171331812832438,GTCO
2023-06-22,31.5,32.0,32.0,31.05,34600000.0,-1.56,-0.015625,-0.015748356968139168,0.00024801074719593745,0.015748356968139168,0.5093131118086333,0.6212453916846905,GTCO
2023-06-23,31.45,31.5,31.5,31.2,49510000.0,-0.16,-0.0015873015873015817,-0.0015885626851378416,2.5235314046123494e-06,0.0015885626851378416,0.38813652017855454,0.620071312094903,GTCO
2023-06-26,32.7,31.45,32.7,31.9,44830000.0,3.97,0.03974562798092229,0.03897609475675837,0.0015191359624878071,0.03897609475675837,0.34014565965139054,0.6253721609998082,GTCO
2023-06-27,34.4,32.7,34.5,32.55,78990000.0,5.2,0.05198776758409762,0.05068148647614473,0.0025686130714316414,0.05068148647614473,0.47833567885692974,0.6355834449228042,GTCO
2023-06-30,35.0,34.4,35.15,34.5,77030000.0,1.74,0.01744186046511631,0.017291497110061043,0.0002989958723072494,0.017291497110061043,0.4369969306903578,0.6348193830903355,GTCO
2023-07-03,36.5,35.0,36.9,35.0,41810000.0,4.29,0.04285714285714293,0.04196419909903221,0.0017609940060232154,0.04196419909903221,0.3376224697277194,0.61299662169923,GTCO
2023-07-04,35.1,36.5,36.5,35.0,43790000.0,-3.84,-0.0383561643835616,-0.03911113011662565,0.0015296804989996216,0.03911113011662565,0.5759907788213405,0.6256869106521139,GTCO
2023-07-05,36.0,35.1,36.1,35.0,24390000.0,2.56,0.02564102564102555,0.025317807984289786,0.0006409914011293676,0.025317807984289786,0.5584661380296383,0.6280610218247105,GTCO
2023-07-06,35.95,36.0,36.05,35.6,14590000.0,-0.14,-0.001388888888888773,-0.0013898542890541904,1.931694944802329e-06,0.0013898542890541904,0.49211717366797497,0.6182372458632619,GTCO
2023-07-07,36.7,35.95,36.85,35.8,24930000.0,2.09,0.020862308762169768,0.02064767089346898,0.00042632631332500606,0.02064767089346898,0.49631819061759275,0.6145478927340898,GTCO
2023-07-10,36.0,36.7,37.5,35.5,40940000.0,-1.91,-0.019073569482288888,-0.019257816604414647,0.0003708635003692685,0.019257816604414647,0.4297671026099644,0.62014418156769,GTCO
2023-07-11,35.9,36.0,36.0,35.6,30440000.0,-0.28,-0.002777777777777768,-0.0027816429618768026,7.737537567358751e-06,0.0027816429618768026,0.2912306751267727,0.6204339941772585,GTCO
2023-07-12,36.0,35.9,36.0,33.7,19470000.0,0.28,0.0027855153203342198,0.0027816429618767705,7.737537567358572e-06,0.0027816429618767705,0.2265382633855679,0.620581367268957,GTCO
2023-07-13,34.0,36.0,35.75,33.95,51240000.0,-5.56,-0.05555555555555558,-0.05715841383994864,0.003267084272698832,0.05715841383994864,0.46672961232714166,0.6651986963856915,GTCO
2023-07-14,33.7,34.0,33.9,32.05,26000000.0,-0.88,-0.008823529411764675,-0.008862687257845317,7.854722543037376e-05,0.008862687257845317,0.378788453761059,0.5888802702382686,GTCO
2023-07-17,34.0,33.7,34.0,30.35,12050000.0,0.89,0.008902077151335286,0.008862687257845324,7.854722543037388e-05,0.008862687257845324,0.4189664992356015,0.5005586255722199,GTCO
2023-07-18,34.5,34.0,34.5,34.0,5210000.0,1.47,0.014705882352941124,0.014598799421152631,0.0002131249445390464,0.014598799421152631,0.4579309768843889,0.4574853704377957,GTCO
2023-07-19,34.8,34.5,34.85,34.3,13590000.0,0.87,0.008695652173912993,0.008658062743114531,7.496205046370792e-05,0.008658062743114531,0.4683923234571515,0.4288901357225498,GTCO
2023-07-20,35.0,34.8,35.0,34.4,19220000.0,0.57,0.005747126436781658,0.0057306747089850745,3.284063262020117e-05,0.0057306747089850745,0.13974225216572292,0.40327041401723535,GTCO
2023-07-21,38.5,35.0,38.5,35.2,65340000.0,10.0,0.10000000000000009,0.09531017980432493,0.009084030374332749,0.09531017980432493,0.6115893191551317,0.5123256329769478,GTCO
2023-07-24,38.5,38.3,38.6,36.2,20620000.0,0.0,0.0,0.0,0.0,0.0,0.6307482320588327,0.5092759419793228,GTCO
2023-07-25,38.7,38.5,38.8,35.0,45090000.0,0.52,0.0051948051948051965,0.0051813587419975845,2.6846478413274793e-05,0.0051813587419975845,0.6438078830734507,0.501665264020423,GTCO
2023-07-26,38.7,38.7,38.9,38.5,22780000.0,0.0,0.0,0.0,0.0,0.0,0.6587005414894435,0.5012407763139174,GTCO
2023-07-27,37.5,38.7,37.5,36.7,3450000.0,-3.1,-0.03100775193798455,-0.03149866705937105,0.000992166026517107,0.03149866705937105,0.7592861751749391,0.5090831691327456,GTCO
2023-07-28,37.05,37.5,37.6,36.0,7050000.0,-1.2,-0.012000000000000122,-0.01207258123426936,0.0001457472176580327,0.01207258123426936,0.23411575964413303,0.4864040676023394,GTCO
2023-07-31,36.65,37.05,37.1,36.5,12770000.0,-1.08,-0.010796221322537103,-0.010854923409435386,0.00011782936222470833,0.010854923409435386,0.22415945694577472,0.48614549444560645,GTCO
2023-08-01,35.5,36.65,36.1,35.4,17150000.0,-3.14,-0.03137789904502042,-0.03188073185129034,0.0010163810633738784,0.03188073185129034,0.22200874537131862,0.4772478465081176,GTCO
2023-08-02,35.5,35.5,35.9,35.45,7800000.0,0.0,0.0,0.0,0.0,0.0,0.22200874537131862,0.45703119432429423,GTCO
2023-08-03,36.3,35.5,36.5,35.5,11760000.0,2.25,0.022535211267605604,0.022285044789434955,0.0004966232212671221,0.022285044789434955,0.31400134343847347,0.45507603109290373,GTCO
2023-08-04,36.4,36.3,36.5,36.0,14570000.0,0.28,0.0027548209366392573,0.0027510333718900187,7.568184613252566e-06,0.0027510333718900187,0.31507467370689163,0.4550974493254257,GTCO
2023-08-07,37.0,36.4,37.0,36.35,5050000.0,1.65,0.016483516483516425,0.01634913800152941,0.0002672943133930531,0.01634913800152941,0.3339122392324332,0.4529491866145275,GTCO
2023-08-08,37.5,37.0,37.5,37.0,8890000.0,1.35,0.013513513513513598,0.01342302033214077,0.00018017747483706453,0.01342302033214077,0.14867784671581138,0.4492218022972292,GTCO
2023-08-09,37.5,37.5,37.5,37.2,3910000.0,0.0,0.0,0.0,0.0,0.0,0.14867784671581138,0.44895637817808676,GTCO
2023-08-10,38.0,37.5,38.0,37.45,5510000.0,1.33,0.01333333333333342,0.013245226750020723,0.00017543603165946452,0.013245226750020723,0.11543899632195988,0.4506236103488323,GTCO
2023-08-11,37.9,38.0,38.05,37.9,17780000.0,-0.26,-0.0026315789473684292,-0.0026350476380051138,6.943476054556329e-06,0.0026350476380051138,0.13832351068060497,0.3958063584672368,GTCO
2023-08-14,37.6,37.9,37.75,37.2,15570000.0,-0.79,-0.00791556728232179,-0.007947061692531721,6.315578954490515e-05,0.007947061692531721,0.15349097827630714,0.3954098181724651,GTCO
2023-08-15,37.4,37.6,37.4,36.5,7790000.0,-0.53,-0.005319148936170248,-0.005333345975362617,2.8444579292916622e-05,0.005333345975362617,0.1310377529720118,0.3968150440161553,GTCO
2023-08-16,37.2,37.4,37.2,37.15,41750000.0,-0.53,-0.005347593582887611,-0.005361943141385287,2.875043425144872e-05,0.005361943141385287,0.1351262769605181,0.3964630574680657,GTCO
2023-08-17,37.1,37.2,37.2,36.9,12860000.0,-0.27,-0.0026881720430107503,-0.0026917916657114146,7.245742371593432e-06,0.0026917916657114146,0.03517162513436198,0.3965837680854862,GTCO
2023-08-18,36.45,37.1,37.0,35.2,29700000.0,-1.75,-0.017520215633423097,-0.017675511158722217,0.00031242369472211364,0.017675511158722217,0.09245099440290881,0.4028278854880027,GTCO
2023-08-21,36.5,36.45,36.5,36.35,15440000.0,0.14,0.00137174211248281,0.0013708021337786216,1.879098489972022e-06,0.0013708021337786216,0.11292764755489446,0.21706316450051572,GTCO
2023-08-22,36.45,36.5,36.5,36.0,7620000.0,-0.14,-0.001369863013698569,-0.0013708021337786036,1.8790984899719727e-06,0.0013708021337786036,0.11766942113422683,0.2169129189878796,GTCO
2023-08-23,35.8,36.45,36.0,35.6,3530000.0,-1.78,-0.017832647462277196,-0.01799356504801264,0.00032376838313706206,0.01799356504801264,0.14910312259235553,0.22124311388371493,GTCO
2023-08-24,36.0,35.8,36.4,35.95,42820000.0,0.56,0.005586592178770999,0.0055710450494554295,3.103654294306185e-05,0.0055710450494554295,0.17566427319752803,0.22325250234703012,GTCO
2023-08-25,36.1,36.0,36.1,35.85,4220000.0,0.28,0.002777777777777768,0.0027739268827252244,7.694670350705681e-06,0.0027739268827252244,0.14799067398329893,0.1992659386366192,GTCO
2023-08-28,36.0,36.1,36.0,35.5,2640000.0,-0.28,-0.0027700831024931594,-0.0027739268827253194,7.694670350706208e-06,0.0027739268827253194,0.1450634335229948,0.19580635387202724,GTCO
2023-08-29,36.65,36.0,36.65,35.7,13410000.0,1.81,0.01805555555555549,0.017894489876550436,0.00032021276794196604,0.017894489876550436,0.20764962861229752,0.20343568120481728,GTCO
2023-08-30,36.3,36.65,36.3,36.15,12520000.0,-0.95,-0.009549795361528002,-0.009595687061855438,9.207721018905985e-05,0.009595687061855438,0.16271202637388368,0.17158634533196124,GTCO
2023-08-31,36.7,36.3,36.7,36.1,5670000.0,1.1,0.011019283746556585,0.010959013789719602,0.0001200999832432644,0.010959013789719602,0.17273452441858975,0.174899991902561,GTCO
2023-09-01,38.0,36.7,38.0,36.5,8220000.000000001,3.54,0.03542234332425065,0.03480940466586115,0.0012116946531916762,0.03480940466586115,0.27786951817487754,0.19749976909226694,GTCO
2023-09-04,40.5,41.8,41.8,38.3,54800000.0,6.58,0.06578947368421062,0.06371581438610778,0.004059705002884939,0.06371581438610778,0.43685342844614633,0.29066259831124,GTCO
2023-09-05,39.5,40.5,40.5,39.0,38650000.0,-2.47,-0.024691358024691357,-0.02500130220541727,0.0006250651119666024,0.02500130220541727,0.5605197525696736,0.3053897518175903,GTCO
2023-09-06,38.8,39.5,39.85,37.5,11210000.0,-1.77,-0.017721518987341867,-0.017880425277848524,0.00031970960811672445,0.017880425277848524,0.5859121297346266,0.3112701539633979,GTCO
2023-09-07,39.0,38.8,39.0,38.85,4840000.0,0.52,0.005154639175257714,0.005141399500418652,2.6433988822905168e-05,0.005141399500418652,0.5888376766283967,0.31144190176475123,GTCO
2023-09-08,38.85,39.0,39.0,38.85,2590000.0,-0.38,-0.0038461538461538325,-0.0038535693159899662,1.4849996473139376e-05,0.0038535693159899662,0.5583161608836779,0.30919573930809396,GTCO
2023-09-11,35.5,38.85,38.85,35.5,23930000.0,-8.62,-0.08622908622908632,-0.09017538033228643,0.008131599218072511,0.09017538033228643,0.5963529603614575,0.44237829244296756,GTCO
2023-09-12,35.0,35.5,35.85,31.95,39710000.0,-1.41,-0.014084507042253502,-0.014184634991956413,0.0002012038698550343,0.014184634991956413,0.6028076500362025,0.4437622701957511,GTCO
2023-09-13,37.1,35.0,38.0,36.0,20240000.0,6.0,0.06000000000000005,0.058268908123975824,0.0033952656539603357,0.058268908123975824,0.8462723072731833,0.4923298983925169,GTCO
2023-09-14,36.0,37.1,36.25,36.0,11640000.0,-2.96,-0.02964959568733161,-0.030098031157279527,0.0009058914795445692,0.030098031157279527,0.8462558254313471,0.5028265308434184,GTCO
2023-09-15,35.2,35.5,35.7,34.35,26390000.0,-2.22,-0.022222222222222143,-0.022472855852058514,0.0005050292501474006,0.022472855852058514,0.8397056353459151,0.5080290118781516,GTCO
2023-09-18,35.25,35.2,35.35,35.2,12870000.0,0.14,0.0014204545454543638,0.0014194466542260709,2.014828804193587e-06,0.0014194466542260709,0.5612158364153502,0.5051417240681644,GTCO
2023-09-19,35.4,35.25,35.4,35.4,11440000.0,0.43,0.004255319148936065,0.004246290881451004,1.8030986249893943e-05,0.004246290881451004,0.549932293454525,0.5054524959956933,GTCO
2023-09-20,35.6,35.4,36.1,35.5,3040000.0,0.56,0.005649717514124353,0.005633817718256064,3.1739902082535964e-05,0.005633817718256064,0.26587335059555334,0.506049648114844,GTCO
2023-09-21,36.0,35.6,36.0,35.6,7290000.0,1.12,0.011235955056179803,0.011173300598125255,0.00012484264625606617,0.011173300598125255,0.20723037820991763,0.5038801621382504,GTCO
2023-09-22,35.95,36.0,36.0,35.8,10510000.0,-0.14,-0.001388888888888773,-0.0013898542890541904,1.931694944802329e-06,0.0013898542890541904,0.07515765059826436,0.5035334741807046,GTCO
2023-09-25,35.8,35.95,36.0,35.0,9030000.0,-0.42,-0.004172461752434131,-0.004181190760401269,1.7482356174864944e-05,0.004181190760401269,0.09593473064727395,0.5036155878692719,GTCO
2023-09-26,34.75,35.8,35.5,34.75,14180000.0,-2.93,-0.029329608938547413,-0.02976832139585341,0.0008861529587268239,0.02976832139585341,0.25017598802580493,0.5137992754178691,GTCO
2023-09-28,34.5,34.75,35.0,34.5,9350000.0,-0.72,-0.007194244604316502,-0.00722024797348702,5.213198079864342e-05,0.00722024797348702,0.23619452653402068,0.5090858284795239,GTCO
2023-09-29,34.45,34.5,34.5,34.4,10980000.0,-0.14,-0.0014492753623187582,-0.0014503265776464136,2.1034471818275584e-06,0.0014503265776464136,0.18990242168300062,0.5085133309688392,GTCO
2023-10-03,35.2,34.45,35.45,34.45,21440000.0,2.18,0.021770682148040565,0.02153708514438376,0.0004638460365164356,0.02153708514438376,0.28977154082190365,0.5133360122157066,GTCO
2023-10-04,36.0,35.2,36.2,35.35,24630000.0,2.27,0.022727272727272707,0.022472855852058576,0.0005050292501474034,0.022472855852058576,0.34625503748147646,0.5038856895406284,GTCO
2023-10-05,36.0,36.0,36.0,35.7,7840000.0,0.0,0.0,0.0,0.0,0.0,0.22072653370419235,0.4429207125930755,GTCO
2023-10-06,36.05,36.0,36.1,35.7,16750000.0,0.14,0.001388888888888884,0.0013879252748480759,1.926336568562107e-06,0.0013879252748480759,0.19224347257456786,0.437766168477239,GTCO
2023-10-09,35.9,36.05,35.9,35.8,6740000.0,-0.42,-0.004160887656033285,-0.004169568236724892,1.738529928070512e-05,0.004169568236724892,0.20208572902881056,0.43499522335014584,GTCO
2023-10-10,35.65,35.9,35.75,35.65,6790000.0,-0.7,-0.0069637883008356605,-0.0069881486339282515,4.8834221329873286e-05,0.0069881486339282515,0.184599016678559,0.4339171589027713,GTCO
2023-10-11,35.0,35.65,35.65,34.65,10150000.0,-1.82,-0.018232819074333717,-0.01840108537089118,0.0003385999428268254,0.01840108537089118,0.12500258679747037,0.43665605852916656,GTCO
2023-10-12,34.7,35.0,35.0,34.65,11740000.0,-0.86,-0.008571428571428452,-0.008608374536600051,7.410411216238414e-05,0.008608374536600051,0.11510584854040862,0.3088154303541579,GTCO
2023-10-13,34.7,34.7,34.7,34.45,33159999.999999996,0.0,0.0,0.0,0.0,0.0,0.10870761074684895,0.305121371862697,GTCO
2023-10-16,34.8,34.7,34.95,34.8,1970000.0,0.29,0.0028818443804032867,0.002877699827614974,8.28115629785525e-06,0.002877699827614974,0.1318945427361846,0.21911170987066975,GTCO
2023-10-17,35.2,34.8,35.25,35.0,14920000.0,1.15,0.011494252873563315,0.01142869582362285,0.00013061508822889437,0.01142869582362285,0.18088002672109504,0.2009875848988152,GTCO
2023-10-18,35.45,35.2,35.5,35.3,23420000.0,0.71,0.007102272727272707,0.007077170374085079,5.0086340503827535e-05,0.007077170374085079,0.12049096398373528,0.18691360134494114,GTCO
2023-10-19,35.7,35.45,35.75,35.6,11820000.0,0.71,0.007052186177715081,0.007027435807456876,4.938485402792707e-05,0.007027435807456876,0.06961765109434284,0.18832700424133775,GTCO
2023-10-20,35.5,35.7,35.8,35.4,10240000.0,-0.56,-0.0056022408963586345,-0.005617992304223373,3.156183753031304e-05,0.005617992304223373,0.1022720697680829,0.18902201673347285,GTCO
2023-10-23,35.2,35.5,35.8,35.05,27300000.0,-0.85,-0.00845070422535199,-0.008486613877318581,7.202261510269633e-05,0.008486613877318581,0.13919592744802625,0.190171110925614,GTCO
2023-10-24,36.0,35.2,36.0,35.2,42040000.0,2.27,0.022727272727272707,0.022472855852058576,0.0005050292501474034,0.022472855852058576,0.19556579450100436,0.20256359645571823,GTCO
2023-10-25,35.55,36.0,36.0,35.25,20630000.0,-1.25,-0.012500000000000067,-0.012578782206860185,0.0001582257618076224,0.012578782206860185,0.2265439290246296,0.2071863909304293,GTCO
2023-10-26,35.0,35.55,35.5,35.0,13610000.0,-1.55,-0.015471167369901506,-0.015592094759836162,0.0002431134189997103,0.015592094759836162,0.24225196936939863,0.21339591327278767,GTCO
2023-10-27,35.35,35.0,35.35,35.05,5840000.0,1.0,0.010000000000000009,0.009950330853168092,9.900908408750885e-05,0.009950330853168092,0.26009671013246227,0.18907782000264656,GTCO
2023-10-30,35.35,35.35,35.4,35.3,18270000.0,0.0,0.0,0.0,0.0,0.0,0.25121892545635366,0.18685276909117587,GTCO
2023-10-31,34.8,35.35,35.45,34.6,18030000.0,-1.56,-0.015558698727015652,-0.015681005562153204,0.0002458939354402797,0.015681005562153204,0.18036598078704927,0.19565235469035847,GTCO
2023-11-01,35.4,34.8,35.4,34.95,45750000.0,1.72,0.017241379310344973,0.017094433359300255,0.0002922196518755574,0.017094433359300255,0.23500978806121742,0.19015624844087792,GTCO
2023-11-02,35.0,35.4,35.45,35.0,11570000.0,-1.13,-0.011299435028248594,-0.011363758650315095,0.00012913501066261115,0.011363758650315095,0.21971398219083618,0.1759722499920109,GTCO
2023-11-03,35.15,35.0,35.15,35.1,29880000.0,0.43,0.004285714285714226,0.004276556767260172,1.8288937783598773e-05,0.004276556767260172,0.20684112061446333,0.1770035854046235,GTCO
2023-11-06,35.3,35.15,35.3,35.15,9130000.0,0.43,0.00426742532005675,0.004258345682577025,1.8133507952322386e-05,0.004258345682577025,0.2104899818059915,0.17779718814067924,GTCO
2023-11-07,35.6,35.3,35.6,35.4,13410000.0,0.85,0.008498583569405138,0.008462673918733728,7.161684985481608e-05,0.008462673918733728,0.16383831834879498,0.18032778020789403,GTCO
2023-11-08,35.7,35.6,35.7,35.45,10790000.0,0.28,0.002808988764045006,0.0028050509276086816,7.868310706478326e-06,0.0028050509276086816,0.12058350682323737,0.17900561778816093,GTCO
2023-11-09,35.9,35.7,35.9,35.4,14670000.0,0.56,0.0056022408963585235,0.005586606708639776,3.1210174517018954e-05,0.005586606708639776,0.03385696130883564,0.16668626454770563,GTCO
2023-11-10,35.7,35.9,35.95,35.7,24290000.0,-0.56,-0.0055710306406684396,-0.005586606708639712,3.1210174517018235e-05,0.005586606708639712,0.08393519162444817,0.16476135493938396,GTCO
2023-11-13,36.0,35.7,36.0,35.7,12670000.0,0.84,0.008403361344537785,0.00836824967051658,7.002760254810084e-05,0.00836824967051658,0.09216064900584826,0.16643717999283522,GTCO
2023-11-14,36.3,36.0,36.35,36.3,2110000.0,0.83,0.008333333333333304,0.008298802814695064,6.887012815719072e-05,0.008298802814695064,0.09165855756806926,0.1679519633187199,GTCO
2023-11-15,37.0,36.3,37.2,36.5,10470000.0,1.93,0.019283746556473913,0.01910017137341943,0.0003648165464939911,0.01910017137341943,0.13981192095284917,0.1753140115600786,GTCO
2023-11-16,37.0,37.0,37.1,37.0,18090000.0,0.0,0.0,0.0,0.0,0.0,0.14907475590636382,0.17463506142900087,GTCO
2023-11-17,37.0,37.0,37.0,37.0,35330000.0,0.0,0.0,0.0,0.0,0.0,0.12495955846345433,0.1737999098837187,GTCO
2023-11-20,37.1,37.0,37.2,37.0,7360000.0,0.27,0.002702702702702675,0.0026990569691649835,7.2849085227980665e-06,0.0026990569691649835,0.12793348700672172,0.17176158496322463,GTCO
2023-11-21,37.3,37.1,37.3,37.15,3640000.0,0.54,0.005390835579514697,0.005376357036380275,2.890521498263569e-05,0.005376357036380275,0.12632562470566758,0.16766063000781353,GTCO
2023-11-22,38.2,37.3,38.25,37.5,33870000.0,2.41,0.024128686327077986,0.023842188962759872,0.0005684499745359486,0.023842188962759872,0.15892226275180327,0.16974346538844123,GTCO
2023-11-23,38.95,38.2,38.95,38.15,4630000.0,1.96,0.01963350785340312,0.01944325670422775,0.0003780402312664974,0.01944325670422775,0.16932466780418015,0.1693751294656755,GTCO
2023-11-24,39.0,38.95,39.1,38.95,3540000.0,0.13,0.0012836970474967568,0.0012828738128891231,1.645765219796677e-06,0.0012828738128891231,0.16460065080874772,0.15370419569598828,GTCO
2023-11-27,38.85,39.05,39.1,38.8,6010000.0,-0.38,-0.0038461538461538325,-0.0038535693159899662,1.4849996473139376e-05,0.0038535693159899662,0.18900219163541193,0.15570089947674087,GTCO
2023-11-28,38.5,38.85,38.8,38.5,8760000.0,-0.9,-0.009009009009009028,-0.009049835519917927,8.189952293756818e-05,0.009049835519917927,0.23063864371070128,0.1620210940348746,GTCO
2023-11-29,38.45,38.5,38.5,38.45,56910000.0,-0.13,-0.0012987012987012436,-0.0012995453420855034,1.6888180961361282e-06,0.0012995453420855034,0.17200488170887684,0.14688987530931522,GTCO
2023-11-30,39.0,38.45,39.1,38.45,67230000.0,1.43,0.014304291287386084,0.014202950177993317,0.0002017237937585604,0.014202950177993317,0.1378156770356624,0.14414385742257455,GTCO
2023-12-01,39.1,39.0,39.1,39.0,6780000.0,0.26,0.002564102564102555,0.0025608208616736505,6.557803485582978e-06,0.0025608208616736505,0.1387109496953778,0.13228125623161763,GTCO
2023-12-04,39.2,39.1,39.5,39.1,23370000.0,0.26,0.002557544757033181,0.0025542798050967007,6.524345322724839e-06,0.0025542798050967007,0.13336166295815335,0.13257925248831043,GTCO
2023-12-05,39.5,39.2,39.5,39.2,23000000.0,0.77,0.007653061224489832,0.007623925110659366,5.812423409294243e-05,0.007623925110659366,0.09495296281765313,0.13279275862906306,GTCO
2023-12-06,39.7,39.5,40.0,39.55,76700000.0,0.51,0.005063291139240533,0.0050505157860685716,2.5507709705327843e-05,0.0050505157860685716,0.07684556454573688,0.1323112250731481,GTCO
2023-12-07,39.0,39.7,39.5,39.0,21210000.0,-1.76,-0.017632241813602123,-0.01778954156349841,0.0003164677890394375,0.01778954156349841,0.16133957525572815,0.15438277500154185,GTCO
2023-12-08,39.1,39.0,39.2,39.05,19680000.0,0.26,0.002564102564102555,0.0025608208616736505,6.557803485582978e-06,0.0025608208616736505,0.16133957525572815,0.15439865045499465,GTCO
2023-12-11,39.25,39.1,39.5,39.0,9990000.0,0.38,0.0038363171355497716,0.0038289772370972515,1.4661066682208902e-05,0.0038289772370972515,0.16285760293797338,0.15037450272914996,GTCO
2023-12-12,39.5,39.25,39.5,39.2,21590000.0,0.64,0.006369426751592355,0.0063492276786587445,4.031269211544631e-05,0.0063492276786587445,0.159439470786766,0.1498843657684352,GTCO
2023-12-13,39.9,39.5,39.9,39.5,49430000.0,1.01,0.010126582278481067,0.01007565198874164,0.00010151876299823337,0.01007565198874164,0.17289148642902824,0.15058874662228938,GTCO
2023-12-14,39.9,39.9,39.95,39.75,18780000.0,0.0,0.0,0.0,0.0,0.0,0.06094054906954175,0.1415227697408083,GTCO
2023-12-15,39.9,39.9,39.9,39.6,51080000.0,0.0,0.0,0.0,0.0,0.0,0.06848556787631742,0.1415227697408083,GTCO
2023-12-18,39.6,39.9,39.65,39.6,10960000.0,-0.75,-0.007518796992481147,-0.007547205635382854,5.6960312902754715e-05,0.007547205635382854,0.10738173202495298,0.1462724112261262,GTCO
2023-12-19,39.7,39.6,39.75,39.6,22760000.0,0.25,0.002525252525252597,0.002522069432709939,6.360834223409834e-06,0.002522069432709939,0.10031708326875195,0.1462818494528815,GTCO
2023-12-20,40.0,39.7,40.1,39.95,89450000.0,0.76,0.007556675062972307,0.007528266420791588,5.667479530241819e-05,0.007528266420791588,0.08649160101305145,0.14686928979043784,GTCO
2023-12-21,40.0,40.0,40.15,40.0,43590000.0,0.0,0.0,0.0,0.0,0.0,0.08649160101305145,0.12675383437168475,GTCO
2023-12-22,40.05,40.0,40.1,40.0,20710000.0,0.12,0.0012499999999999734,0.0012492194004318981,1.560549110415431e-06,0.0012492194004318981,0.0864907472417873,0.11013422219437805,GTCO
2023-12-27,40.25,40.5,40.5,40.0,20470000.0,0.5,0.004993757802746579,0.004981330350204162,2.4813652057865115e-05,0.004981330350204162,0.04788498887371144,0.11085870802552138,GTCO
2023-12-28,40.05,40.25,40.5,40.05,7250000.0,-0.5,-0.00496894409937898,-0.004981330350204248,2.481365205786598e-05,0.004981330350204248,0.07631899642155272,0.11161149989468584,GTCO
2023-12-29,40.5,40.05,41.4,40.0,12000000.0,1.12,0.011235955056179803,0.011173300598125255,0.00012484264625606617,0.011173300598125255,0.0956321181828358,0.10961106367716945,GTCO
2024-01-02,40.1,40.5,41.0,40.1,14840000.0,-0.99,-0.00987654320987652,-0.00992563979996993,9.851832543874713e-05,0.00992563979996993,0.13121746223301015,0.11710773039040981,GTCO
2024-01-03,41.5,40.1,41.75,40.4,9400000.0,3.49,0.034912718204488824,0.034317092924129156,0.0011776628667633153,0.034317092924129156,0.27468871558518027,0.1573344433459832,GTCO
2024-01-04,42.0,41.5,42.15,41.05,12140000.0,1.2,0.012048192771084265,0.01197619104671562,0.0001434291519874314,0.01197619104671562,0.2757556103804796,0.160385548206273,GTCO
2024-01-05,42.5,42.0,43.35,42.0,30510000.0,1.19,0.011904761904761862,0.011834457647002798,0.000140054387798703,0.011834457647002798,0.24840177301582145,0.16296492028185466,GTCO
2024-01-08,44.0,42.5,44.0,42.7,5230000.0,3.53,0.03529411764705892,0.03468555798789011,0.0012030879329312874,0.03468555798789011,0.2957817263188535,0.1947303911937759,GTCO
2024-01-09,48.2,44.0,48.4,43.5,45130000.0,9.55,0.09545454545454546,0.09116938713829346,0.00831185715117203,0.09116938713829346,0.5147702771524066,0.3559894962600066,GTCO
2024-01-10,44.0,48.2,48.8,43.55,70500000.0,-8.71,-0.08713692946058094,-0.09116938713829348,0.008311857151172032,0.09116938713829348,1.0477753794385234,0.4912465615059149,GTCO
2024-01-11,45.0,44.0,46.0,42.65,13830000.0,2.27,0.022727272727272707,0.022472855852058576,0.0005050292501474034,0.022472855852058576,1.0505963089746522,0.4944529224106665,GTCO
2024-01-12,46.3,45.0,46.45,45.1,10030000.0,2.89,0.028888888888888742,0.02847947132186849,0.0008110802867731297,0.02847947132186849,1.055271038512611,0.4999967293274981,GTCO
2024-01-15,46.35,46.3,46.35,46.0,6360000.0,0.11,0.001079913606911509,0.0010793309196758319,1.1649552341682772e-06,0.0010793309196758319,1.046981564622513,0.5005311669913305,GTCO
2024-01-16,47.35,46.35,47.5,46.5,6490000.0,2.16,0.02157497303128375,0.02134552762022313,0.0004556315493857085,0.02134552762022313,0.7945762358034756,0.5027467767979698,GTCO
2024-01-17,46.5,47.35,47.35,46.45,7800000.0,-1.8,-0.01795142555438234,-0.018114507038776703,0.0003281353652578907,0.018114507038776703,0.306407680359985,0.5103069504639594,GTCO
2024-01-18,45.5,46.5,46.25,45.0,63440000.0,-2.15,-0.021505376344086002,-0.021739986636405875,0.000472627018951106,0.021739986636405875,0.35886741587677123,0.5196904384896885,GTCO
2024-01-19,44.1,45.5,45.5,44.1,12100000.0,-3.08,-0.03076923076923077,-0.031252543504104426,0.0009767214754759397,0.031252543504104426,0.33301386763320995,0.5339157366511752,GTCO
2024-01-22,44.1,44.1,44.45,44.0,9990000.0,0.0,0.0,0.0,0.0,0.0,0.33088676623299784,0.5341421095942879,GTCO
2024-01-23,42.55,44.1,43.0,41.05,20010000.0,-3.51,-0.035147392290249546,-0.035779927433417284,0.0012802032071406067,0.035779927433417284,0.2206388742677234,0.5523236076026108,GTCO
2024-01-24,42.75,42.55,42.75,42.3,8760000.0,0.47,0.004700352526439522,0.004689340363386121,2.1989913043682275e-05,0.004689340363386121,0.2902851910837148,0.5522476643086502,GTCO
2024-01-25,43.8,42.75,44.0,42.0,22200000.0,2.46,0.024561403508771784,0.02426462199963108,0.0005887718807849805,0.02426462199963108,0.4029821218662056,0.5569759191047264,GTCO
2024-01-26,43.95,43.8,44.0,43.5,24650000.0,0.34,0.0034246575342467,0.0034188067487856823,1.1688239585542527e-05,0.0034188067487856823,0.3460070579978294,0.5569767984908267,GTCO
2024-01-29,43.75,43.95,45.95,43.45,33340000.000000004,-0.46,-0.004550625711035372,-0.004561011327562673,2.080282433015502e-05,0.004561011327562673,0.34695494854594744,0.5568915108703261,GTCO
2024-01-30,41.0,43.75,43.0,40.1,18900000.0,-6.29,-0.06285714285714283,-0.0649195460993156,0.004214547465741164,0.0649195460993156,0.5373000764598573,0.6051883243466629,GTCO
2024-01-31,37.0,41.0,40.75,36.9,47910000.0,-9.76,-0.09756097560975607,-0.10265415406008334,0.010537875345791325,0.10265415406008334,0.8400169175523015,0.7028477821796686,GTCO
2024-02-01,40.7,37.0,40.7,36.15,32369999.999999996,10.0,0.10000000000000009,0.09531017980432493,0.009084030374332749,0.09531017980432493,1.19826943632373,0.7728337664243315,GTCO
2024-02-02,41.55,40.7,42.0,41.0,80610000.0,2.09,0.020884520884520752,0.020669428852907762,0.00042722528910541587,0.020669428852907762,1.2207331967411434,0.7752454956749636,GTCO
2024-02-05,40.5,41.55,44.15,40.05,14170000.0,-2.53,-0.025270758122743597,-0.025595547188963653,0.0006551320359024651,0.025595547188963653,1.2226247315251886,0.7785699160657721,GTCO
2024-02-06,39.9,40.5,40.05,39.05,32950000.000000004,-1.48,-0.014814814814814836,-0.014925650216675706,0.00022277503439055153,0.014925650216675706,1.1441522332412362,0.7677713012885534,GTCO
2024-02-07,39.2,39.9,40.0,39.0,26020000.0,-1.75,-0.01754385964912275,-0.01769957709940086,0.00031327502949763536,0.01769957709940086,0.7951219618765398,0.6846901233578175,GTCO
2024-02-08,39.95,39.2,39.95,37.2,18550000.0,1.91,0.01913265306122458,0.01895192541586691,0.0003591754769685821,0.01895192541586691,0.34674038745449776,0.6234042844169712,GTCO
2024-02-09,40.0,39.95,41.15,39.55,11800000.0,0.13,0.0012515644555692873,0.0012507819016524548,1.564455365501331e-06,0.0012507819016524548,0.28206272843492636,0.6160843699668691,GTCO
2024-02-12,39.85,40.0,39.95,37.0,21170000.0,-0.38,-0.00374999999999992,-0.0037570488777121766,1.4115416269518326e-05,0.0037570488777121766,0.23256962942161222,0.6036044891803372,GTCO
2024-02-13,39.45,39.85,39.7,39.45,8600000.0,-1.0,-0.010037641154328703,-0.010088357944340766,0.00010177496601314345,0.010088357944340766,0.2194153173170639,0.6029268521651296,GTCO
2024-02-14,39.2,39.45,39.45,39.0,12300000.0,-0.63,-0.006337135614702172,-0.006357300495466412,4.041526958965748e-05,0.006357300495466412,0.18048233100501354,0.5936919949629219,GTCO
2024-02-15,39.05,39.2,39.25,39.05,56610000.0,-0.38,-0.003826530612245027,-0.003833870510722012,1.4698563092983862e-05,0.003833870510722012,0.06580274144089854,0.5929886034290182,GTCO
2024-02-16,39.0,39.05,39.8,38.85,27580000.0,-0.13,-0.001280409731113874,-0.0012812301560484619,1.641550712767966e-06,0.0012812301560484619,0.052916836484130855,0.5913853910866997,GTCO
2024-02-19,39.0,39.0,39.6,39.0,28830000.0,0.0,0.0,0.0,0.0,0.0,0.06426582461748297,0.585341847391311,GTCO
2024-02-20,38.85,39.0,39.5,38.6,13800000.0,-0.38,-0.0038461538461538325,-0.0038535693159899662,1.4849996473139376e-05,0.0038535693159899662,0.03939014160757684,0.5850085148787132,GTCO
2024-02-21,38.55,38.85,38.9,38.55,17180000.0,-0.77,-0.007722007722007818,-0.007751976804318048,6.0093144374685054e-05,0.007751976804318048,0.0472031426713238,0.5750246470693551,GTCO
2024-02-22,39.5,38.55,39.5,38.8,9550000.0,2.46,0.024643320363164856,0.02434457189773782,0.0005926581808841261,0.02434457189773782,0.20126638902136698,0.5830441612358538,GTCO
2024-02-23,39.05,39.5,40.0,38.8,53040000.0,-1.14,-0.0113924050632912,-0.011457795621381274,0.0001312810805013439,0.011457795621381274,0.22429647300329214,0.5744745709043193,GTCO
2024-02-26,39.5,39.05,39.5,39.5,8250000.0,1.15,0.011523687580025754,0.011457795621381358,0.00013128108050134582,0.011457795621381358,0.23781407950861777,0.5767117919062918,GTCO
2024-02-27,39.45,39.5,39.45,38.1,7870000.0,-0.13,-0.0012658227848100223,-0.0012666246151928314,1.6043379158123883e-06,0.0012666246151928314,0.2341073840085296,0.5768622858708748,GTCO
2024-02-28,36.0,39.45,36.95,36.0,9510000.0,-8.75,-0.08745247148288982,-0.09151510883577334,0.008375015145223439,0.09151510883577334,0.7229052364938384,0.6176291610977674,GTCO
2024-02-29,39.6,36.0,39.6,36.0,8630000.0,10.0,0.10000000000000009,0.09531017980432493,0.009084030374332749,0.09531017980432493,1.0566370260632485,0.6087104932472339,GTCO
2024-03-01,41.7,39.75,43.2,39.6,20490000.0,5.3,0.05303030303030298,0.05167201054432086,0.0026699966736924057,0.05167201054432086,1.1055237502534023,0.5404861616117483,GTCO
2024-03-04,41.5,41.7,41.5,41.15,3110000.0,-0.48,-0.004796163069544446,-0.004807701568103232,2.311399436794228e-05,0.004807701568103232,1.113080138710839,0.5360840669624202,GTCO
2024-03-05,41.7,41.5,41.7,41.3,11830000.0,0.48,0.004819277108433884,0.004807701568103299,2.311399436794292e-05,0.004807701568103299,1.1100796807470268,0.5281212124619671,GTCO
2024-03-06,41.35,41.7,41.7,41.3,37470000.0,-0.84,-0.008393285371702697,-0.008428707335055503,7.104310734001844e-05,0.008428707335055503,0.7113429064964949,0.526067695570736,GTCO
2024-03-07,40.7,41.35,41.0,40.7,6550000.0,-1.57,-0.01571946795646917,-0.01584432902115102,0.0002510427621304884,0.01584432902115102,0.426561479506713,0.5252442845451146,GTCO
2024-03-08,41.1,40.7,41.1,40.0,18040000.0,0.98,0.009828009828009687,0.009780029053639479,9.564896829003233e-05,0.009780029053639479,0.16304313105679724,0.5224212387421976,GTCO
2024-03-11,41.9,41.1,42.0,41.5,96630000.0,1.95,0.019464720194647178,0.0192777054259031,0.00037162992648789384,0.0192777054259031,0.2236666799763508,0.5260968358084028,GTCO
2024-03-12,43.0,41.2,43.9,41.2,39030000.0,2.63,0.026252983293556076,0.025914288765470368,0.0006715503622201838,0.025914288765470368,0.2831308226561246,0.5318655854745571,GTCO
2024-03-13,44.4,43.0,44.5,43.0,26440000.0,3.26,0.032558139534883734,0.03203935374461666,0.0010265201883726816,0.03203935374461666,0.29734975238610695,0.5381653728512377,GTCO
2024-03-14,44.05,44.4,44.1,44.0,13860000.0,-0.79,-0.007882882882882969,-0.007914117055990643,6.2633248775922e-05,0.007914117055990643,0.2480575849792167,0.5386290837465667,GTCO
2024-03-15,48.45,44.05,48.45,44.0,13750000.0,9.99,0.09988649262202065,0.09520698595458692,0.009064370174556911,0.09520698595458692,0.6035998673547137,0.6199984871346411,GTCO
2024-03-18,46.65,48.45,47.0,45.5,35350000.0,-3.72,-0.037151702786377805,-0.037859411043422504,0.0014333350045548218,0.037859411043422504,0.7918186030594725,0.6411724552470434,GTCO
2024-03-19,45.85,46.65,46.65,45.85,8220000.000000001,-1.71,-0.017148981779206762,-0.01729772859087888,0.0002992114144037086,0.01729772859087888,0.8348233656372503,0.6468465941282582,GTCO
2024-03-20,45.85,45.85,45.9,45.5,9300000.0,0.0,0.0,0.0,0.0,0.0,0.8192310759870931,0.6461162625197998,GTCO
2024-03-21,47.2,45.85,48.0,45.85,19040000.0,2.94,0.029443838604144013,0.029018693889035902,0.0008420845950255696,0.029018693889035902,0.820456725227075,0.6474550472553174,GTCO
2024-03-22,48.75,47.2,49.5,48.0,64129999.99999999,3.28,0.032838983050847315,0.03231130485234635,0.001044020421261261,0.03231130485234635,0.4769642833924294,0.650316691885306,GTCO
2024-03-25,48.3,48.75,48.5,47.2,13300000.0,-0.92,-0.009230769230769265,-0.009273636785329215,8.600033922621117e-05,0.009273636785329215,0.3575893004939204,0.6494512543604584,GTCO
2024-03-26,49.2,48.3,49.2,48.0,67150000.0,1.86,0.018633540372670954,0.01846206283973557,0.000340847764298345,0.01846206283973557,0.2881981241759882,0.650085534839163,GTCO
2024-03-27,52.0,49.2,52.5,49.0,49530000.0,5.69,0.05691056910569103,0.0553500950831649,0.003063633025715395,0.0553500950831649,0.3729672707249983,0.6665960794950612,GTCO
2024-03-28,52.5,52.0,52.5,51.0,78680000.0,0.96,0.009615384615384581,0.009569451016150672,9.157439275050714e-05,0.009569451016150672,0.3856773219828078,0.5480360272042112,GTCO
2024-04-02,53.05,52.5,53.95,49.7,84650000.0,1.05,0.010476190476190528,0.010421695462414131,0.00010861173631130329,0.010421695462414131,0.3774674846408643,0.47049240368941087,GTCO
2024-04-03,52.4,53.05,53.2,52.4,29700000.0,-1.23,-0.012252591894439169,-0.012328273732995623,0.00015198633323566983,0.012328273732995623,0.3911880354164903,0.4578595973773286,GTCO
2024-04-04,49.0,52.4,51.0,49.0,54360000.0,-6.49,-0.06488549618320605,-0.0670862932163698,0.004500570737512745,0.0670862932163698,0.7060613594183747,0.529899911987468,GTCO
2024-04-05,48.0,49.0,48.55,47.5,58450000.0,-2.04,-0.020408163265306145,-0.020619287202735703,0.00042515500474890036,0.020619287202735703,0.50177830287455,0.5390182201898667,GTCO
2024-04-08,46.0,48.0,48.0,45.85,33439999.999999996,-4.17,-0.04166666666666663,-0.04255961441879589,0.001811320779476579,0.04255961441879589,0.4698270441420965,0.5634996420565529,GTCO
2024-04-12,41.4,46.0,45.4,41.4,98760000.0,-10.0,-0.09999999999999998,-0.10536051565782628,0.011100838259683056,0.10536051565782628,0.598914880185551,0.6788806663722724,GTCO
2024-04-15,38.2,41.4,39.1,38.2,14290000.0,-7.73,-0.07729468599033806,-0.08044536521873909,0.006471456785176317,0.08044536521873909,0.5222421516060011,0.7336048514494661,GTCO
2024-04-16,36.8,38.2,37.3,36.2,47380000.0,-3.66,-0.03664921465968596,-0.037337670437644355,0.0013941016337101412,0.037337670437644355,0.5502963494893659,0.7376752724663211,GTCO
2024-04-17,35.75,36.8,36.5,35.7,13690000.0,-2.85,-0.028532608695652106,-0.028947576034868513,0.0008379621582944939,0.028947576034868513,0.5175593343400732,0.732059566472559,GTCO
2024-04-18,34.35,35.75,36.0,34.35,32790000.0,-3.92,-0.03916083916083912,-0.03994825047165827,0.0015958627157463454,0.03994825047165827,0.5230657516227029,0.7238954313474211,GTCO
2024-04-19,33.5,34.35,35.0,33.5,38300000.0,-2.47,-0.024745269286754024,-0.02505657983733762,0.000627832193144874,0.02505657983733762,0.35147214455008796,0.7250451753296796,GTCO
2024-04-22,36.7,33.5,36.7,35.0,50160000.0,9.55,0.09552238805970159,0.09123131622950392,0.008323153060967746,0.09123131622950392,0.8859188263355026,0.7176597639908449,GTCO
2024-04-23,35.75,36.7,38.45,35.75,8140000.000000001,-2.59,-0.02588555858310637,-0.026226485920508035,0.0006878285637386062,0.026226485920508035,0.8660357466032732,0.7137494606738632,GTCO
2024-04-24,36.0,35.75,36.5,36.0,81410000.0,0.7,0.006993006993007089,0.0069686693160934355,4.8562352037062153e-05,0.0069686693160934355,0.8427527301405284,0.7167120799622085,GTCO
2024-04-25,35.95,36.0,36.0,35.95,4800000.0,-0.14,-0.001388888888888773,-0.0013898542890541904,1.931694944802329e-06,0.0013898542890541904,0.7644018595958924,0.7164467963152095,GTCO
2024-04-26,35.5,35.95,36.0,35.5,16550000.0,-1.25,-0.012517385257301838,-0.012596387685685615,0.0001586689827280922,0.012596387685685615,0.733826502247395,0.7010696384438182,GTCO
2024-04-29,32.7,32.8,32.8,32.4,12370000.0,-7.89,-0.07887323943661961,-0.08215761857816228,0.006749874290434796,0.08215761857816228,0.5603137133263468,0.7186106113226433,GTCO
2024-04-30,32.7,32.7,32.85,32.35,245460000.0,0.0,0.0,0.0,0.0,0.0,0.5815680919242296,0.7209090769375787,GTCO
2024-05-02,35.0,32.7,35.0,33.5,4120000.0,7.03,0.07033639143730874,0.06797298358620585,0.00462032649761061,0.06797298358620585,0.8464284693025962,0.7715795469114268,GTCO
2024-05-03,38.1,35.0,38.5,37.6,6230000.0,8.86,0.08857142857142852,0.08486622064324155,0.0072022754062673585,0.08486622064324155,1.0665604199235583,0.8118011289021263,GTCO
2024-05-06,41.0,41.75,41.9,40.3,35910000.0,7.61,0.07611548556430447,0.07335778457165254,0.0053813645572609835,0.07335778457165254,1.116993948575357,0.8643142468953376,GTCO
2024-05-07,38.55,41.0,41.5,38.15,8940000.0,-5.98,-0.05975609756097566,-0.06161596669496936,0.0037965273517555735,0.06161596669496936,0.9908259223798457,0.8769380787885873,GTCO
2024-05-08,38.0,38.55,38.7,38.0,25210000.0,-1.43,-0.014267185473411104,-0.014369940282952675,0.000206495183735626,0.014369940282952675,1.0255446631406808,0.8768822449877057,GTCO
2024-05-09,40.0,38.0,41.7,39.9,47630000.0,5.26,0.05263157894736836,0.05129329438755048,0.002631002049127918,0.05129329438755048,0.9929989390974244,0.884648521313509,GTCO
2024-05-10,41.45,40.0,41.45,40.0,11440000.0,3.63,0.036250000000000115,0.03560842746736779,0.0012679601066987929,0.03560842746736779,0.8645029231608623,0.8972282300807973,GTCO
2024-05-13,42.2,41.45,42.2,41.0,26270000.0,1.81,0.018094089264173663,0.0179323394606621,0.0003215687985324191,0.0179323394606621,0.7124590852470649,0.8914606063235846,GTCO
2024-05-14,42.25,42.2,42.25,42.05,32250000.0,0.12,0.0011848341232227888,0.001184132761216772,1.4021703961868568e-06,0.001184132761216772,0.41612319437796463,0.811826179934415,GTCO
2024-05-15,42.25,42.25,42.55,42.15,71870000.0,0.0,0.0,0.0,0.0,0.0,0.35264654070433793,0.7560929849004627,GTCO
2024-05-16,40.0,41.95,41.95,39.95,22930000.0,-5.33,-0.053254437869822535,-0.054724899689246605,0.0029948146459981033,0.054724899689246605,0.5374960283224484,0.7705625901866356,GTCO
2024-05-17,39.9,40.0,39.9,39.5,13770000.0,-0.25,-0.0025000000000000577,-0.0025031302181185884,6.2656608888584116e-06,0.0025031302181185884,0.4371656961934251,0.7617228943463957,GTCO
2024-05-20,39.35,39.9,39.35,37.5,3570000.0,-1.38,-0.013784461152882121,-0.013880349032405453,0.000192664089261399,0.013880349032405453,0.3737482991619555,0.7474611843175997,GTCO
2024-05-21,39.4,39.35,40.0,39.3,40640000.0,0.13,0.0012706480304955914,0.001269841440475937,1.6124972839500027e-06,0.001269841440475937,0.3739678805107816,0.7389850362296678,GTCO
2024-05-22,38.0,39.4,39.35,38.0,35010000.0,-3.55,-0.035532994923857864,-0.036179656577502356,0.0013089675500660095,0.036179656577502356,0.37702816307478365,0.6875917393792266,GTCO
2024-05-23,37.0,38.0,38.0,37.0,38540000.0,-2.63,-0.02631578947368418,-0.026668247082161294,0.0007111954024352044,0.026668247082161294,0.2516378410472637,0.6878191317999398,GTCO
2024-05-24,37.3,37.0,37.3,37.0,7090000.0,0.81,0.008108108108108025,0.008075414005545331,6.521231136095769e-05,0.008075414005545331,0.2939526590637108,0.6879379108458079,GTCO
2024-05-27,37.75,37.3,37.95,37.35,5590000.0,1.21,0.012064343163538993,0.01199214904526397,0.00014381163872382555,0.01199214904526397,0.34471586962683654,0.6887446171152687,GTCO
2024-05-28,38.0,37.75,38.0,37.75,5480000.0,0.66,0.0066225165562914245,0.006600684031352093,4.356902968174651e-05,0.006600684031352093,0.35593627604114175,0.6867112144686227,GTCO
2024-05-29,39.0,38.0,39.4,38.5,12140000.0,2.63,0.026315789473684292,0.025975486403260736,0.0006747258938859834,0.025975486403260736,0.3077740293308751,0.6157752532395195,GTCO
2024-05-30,39.8,39.0,39.95,39.0,14410000.0,2.05,0.02051282051282044,0.020305266160745523,0.00041230383385871725,0.020305266160745523,0.13169896753984964,0.6163065716949282,GTCO
2024-05-31,40.0,39.8,40.25,39.9,24160000.0,0.5,0.005025125628140836,0.005012541823544414,2.5125575532781956e-05,0.005012541823544414,0.14258847774492958,0.5782744189352774,GTCO
2024-06-03,40.0,40.0,40.0,39.0,47630000.0,0.0,0.0,0.0,0.0,0.0,0.17486867211741922,0.502921498633067,GTCO
2024-06-04,40.0,40.0,40.0,40.0,8760000.0,0.0,0.0,0.0,0.0,0.0,0.1921331785181024,0.4314857873375429,GTCO
2024-06-05,40.0,40.0,40.0,39.95,10770000.0,0.0,0.0,0.0,0.0,0.0,0.13957636310433774,0.37133754814871855,GTCO
2024-06-06,40.0,40.0,40.0,40.0,15840000.0,0.0,0.0,0.0,0.0,0.0,0.035585516813049375,0.36678213501690116,GTCO
2024-06-07,39.95,40.0,40.0,39.95,13190000.0,-0.12,-0.0012499999999999734,-0.0012507819016526025,1.5644553655017006e-06,0.0012507819016526025,0.008879670625720626,0.3208985563108805,GTCO
2024-06-10,40.0,39.95,40.05,40.0,12180000.0,0.13,0.0012515644555692873,0.0012507819016524548,1.564455365501331e-06,0.0012507819016524548,0.014039992024684025,0.293699609881947,GTCO
2024-06-11,41.05,40.0,41.95,39.95,33820000.0,2.62,0.026249999999999885,0.025911381784500812,0.0006713997059821605,0.025911381784500812,0.18448757832860774,0.30161246093065885,GTCO
2024-06-13,42.05,41.05,42.45,41.8,46860000.0,2.44,0.02436053593179044,0.024068550520519774,0.0005792951241588126,0.024068550520519774,0.2179820540696705,0.31415927287096995,GTCO
2024-06-14,42.2,42.05,42.25,41.0,15140000.0,0.36,0.003567181926278362,0.0035608346230091817,1.267954321242094e-05,0.0035608346230091817,0.20897457736402528,0.3144335836108188,GTCO
2024-06-19,43.0,42.2,43.05,43.0,5880000.0,1.9,0.018957345971563955,0.018779894651596275,0.00035268444312505436,0.018779894651596275,0.18360153647938243,0.24988059627268025,GTCO
2024-06-20,44.9,43.0,44.9,43.0,11300000.0,4.42,0.04418604651162794,0.04323767905464622,0.0018694968900325923,0.04323767905464622,0.22656789352057294,0.28406352493006237,GTCO
2024-06-21,44.0,44.9,44.55,44.0,58550000.0,-2.0,-0.020044543429844075,-0.020248160829947424,0.0004099880169954172,0.020248160829947424,0.37740831893973537,0.2903587266489545,GTCO
2024-06-24,43.5,44.0,43.5,43.25,9160000.0,-1.14,-0.011363636363636354,-0.011428695823622744,0.00013061508822889193,0.011428695823622744,0.40046580284040184,0.29586971184615324,GTCO
2024-06-25,43.6,43.5,43.6,43.05,37850000.0,0.23,0.0022988505747125743,0.002296212260350157,5.272590744582377e-06,0.002296212260350157,0.40120625802968635,0.2562291677870602,GTCO
2024-06-26,44.0,43.6,44.0,43.6,13850000.0,0.92,0.00917431192660545,0.009132483563272474,8.340225603344191e-05,0.009132483563272474,0.38828274350121844,0.22598297082495494,GTCO
2024-06-27,44.55,44.0,44.55,44.0,66050000.0,1.25,0.012499999999999956,0.01242251999855711,0.00015431900311455135,0.01242251999855711,0.2204426817262198,0.22644167543783814,GTCO
2024-06-28,45.0,44.55,45.0,44.6,9160000.0,1.01,0.010101010101010166,0.010050335853501506,0.00010100925076817785,0.010050335853501506,0.15341961200638718,0.22615955209108915,GTCO
2024-07-01,45.15,45.0,45.45,45.0,6960000.0,0.33,0.0033333333333334103,0.0033277900926747457,1.1074186900904192e-05,0.0033277900926747457,0.07004261646469735,0.22676474056519783,GTCO
2024-07-02,46.0,45.15,46.0,45.15,13230000.0,1.88,0.01882613510520481,0.018651116626100514,0.00034786415140040304,0.018651116626100514,0.08817662599759028,0.22087757605761474,GTCO
2024-07-03,47.2,46.0,47.2,46.0,9330000.0,2.61,0.026086956521739202,0.025752496102414764,0.0006631910555048876,0.025752496102414764,0.13556914771643683,0.22550212056364607,GTCO
2024-07-04,47.2,47.2,47.3,47.0,59430000.0,0.0,0.0,0.0,0.0,0.0,0.1693804744425376,0.22703584987096412,GTCO
2024-07-05,47.35,47.2,47.35,47.2,13170000.0,0.32,0.0031779661016948513,0.0031729270405774918,1.006746600482784e-05,0.0031729270405774918,0.17994066273297257,0.22591124016690073,GTCO
2024-07-08,47.5,47.35,47.65,47.2,40840000.0,0.32,0.0031678986272438703,0.003162891408508217,1.0003882062015092e-05,0.003162891408508217,0.18033968094346403,0.22475695147324318,GTCO
2024-07-09,45.5,46.95,46.95,45.3,23600000.0,-4.21,-0.04210526315789476,-0.043017385083690816,0.001850495419438545,0.043017385083690816,0.3976452452974355,0.28564434299236996,GTCO
2024-07-10,45.1,45.05,45.15,45.0,14490000.0,-0.88,-0.00879120879120876,-0.008830079448272037,7.79703030627962e-05,0.008830079448272037,0.31090083682456515,0.2896436771500513,GTCO
2024-07-11,45.2,45.1,45.2,45.2,5750000.0,0.22,0.0022172949002217113,0.0022148403295528213,4.90551768541365e-06,0.0022148403295528213,0.3153517946129667,0.28884128784093294,GTCO
2024-07-12,45.5,45.2,45.65,45.35,42690000.0,0.66,0.006637168141592875,0.006615239118719183,4.376138859783255e-05,0.006615239118719183,0.32430850095304425,0.288355501501345,GTCO
2024-07-15,45.6,45.5,46.9,45.5,66900000.00000001,0.22,0.00219780219780219,0.002195390563435656,4.819739726022327e-06,0.002195390563435656,0.3222823532787056,0.2794261938985698,GTCO
2024-07-16,45.6,45.6,45.8,45.1,29160000.0,0.0,0.0,0.0,0.0,0.0,0.09067005608795072,0.27105039262084474,GTCO
2024-07-17,45.5,45.6,45.6,45.5,4179999.9999999995,-0.22,-0.002192982456140413,-0.002195390563435726,4.819739726022635e-06,0.002195390563435726,0.05187365885236996,0.2718625392837451,GTCO
2024-07-18,45.3,45.5,45.5,43.0,39750000.0,-0.44,-0.004395604395604491,-0.004405293467916491,1.9406610538467707e-05,0.004405293467916491,0.06727060664096879,0.2673615562229784,GTCO
2024-07-19,44.95,45.3,45.25,44.0,37550000.0,-0.77,-0.007726269315673218,-0.007756271571358985,6.0159748688671577e-05,0.007756271571358985,0.061289327519654296,0.22430534771952743,GTCO
2024-07-22,45.0,44.95,45.25,45.0,8189999.999999999,0.11,0.0011123470522802492,0.0011117288526904154,1.2359410419043474e-06,0.0011117288526904154,0.05642423699776378,0.21180259329076212,GTCO
2024-07-23,45.05,45.0,45.05,45.0,4480000.0,0.11,0.0011111111111110628,0.0011104942840271153,1.2331975548568953e-06,0.0011104942840271153,0.06013741050442261,0.20687590056581445,GTCO
2024-07-24,45.0,45.05,45.05,45.0,21090000.0,-0.11,-0.0011098779134294245,-0.0011104942840270652,1.2331975548567841e-06,0.0011104942840270652,0.06088909527991892,0.2070818905900805,GTCO
2024-07-25,44.75,45.0,45.0,43.2,27050000.0,-0.56,-0.005555555555555536,-0.00557104504945536,3.1036542943061074e-05,0.00557104504945536,0.06401901424881291,0.20652127538855175,GTCO
2024-07-26,44.0,44.75,44.0,43.5,28420000.0,-1.68,-0.016759776536312887,-0.016901810802603254,0.00028567120840699607,0.016901810802603254,0.12015192010283458,0.21067720877677842,GTCO
2024-07-29,44.0,44.0,44.1,43.6,20990000.0,0.0,0.0,0.0,0.0,0.0,0.11723737746601207,0.2071273607954186,GTCO
2024-07-30,43.95,44.0,44.0,43.65,7680000.0,-0.11,-0.001136363636363602,-0.0011370097870751247,1.2927912559046205e-06,0.0011370097870751247,0.11140876795174486,0.20650940215215796,GTCO
2024-07-31,44.0,43.95,44.0,43.95,9680000.0,0.11,0.0011376564277587597,0.001137009787075102,1.2927912559045686e-06,0.001137009787075102,0.11726939703707942,0.19372439417849266,GTCO
2024-08-01,44.0,44.0,44.1,44.0,14870000.0,0.0,0.0,0.0,0.0,0.0,0.12066781096032399,0.1655334599298233,GTCO
2024-08-02,45.0,44.0,45.0,44.8,3350000.0,2.27,0.022727272727272707,0.022472855852058576,0.0005050292501474034,0.022472855852058576,0.16005113528392437,0.18802900196657096,GTCO
2024-08-05,45.0,45.0,45.0,44.3,4900000.0,0.0,0.0,0.0,0.0,0.0,0.16005113528392437,0.18719048351571121,GTCO
2024-08-06,44.35,45.0,44.8,44.35,4580000.0,-1.44,-0.014444444444444371,-0.014549781014731186,0.00021169612757663208,0.014549781014731186,0.2102400341630474,0.19055543573980485,GTCO
2024-08-07,45.0,44.35,45.0,44.5,74340000.0,1.47,0.01465614430665152,0.014549781014731146,0.00021169612757663091,0.014549781014731146,0.22831378907565933,0.1356990032617226,GTCO
2024-08-08,46.0,45.0,46.5,45.8,109920000.0,2.22,0.022222222222222143,0.021978906718775167,0.0004830723405526202,0.021978906718775167,0.25303562283504566,0.15283163966167734,GTCO
2024-08-09,45.9,46.0,46.05,45.9,22270000.0,-0.22,-0.0021739130434782483,-0.0021762794225955173,4.736192125212678e-06,0.0021762794225955173,0.22905159818408463,0.1531271536094414,GTCO
2024-08-12,45.6,45.9,45.9,45.0,123920000.0,-0.65,-0.006535947712418277,-0.006557400546159052,4.299950192276703e-05,0.006557400546159052,0.24063275806835632,0.15354849191199188,GTCO
2024-08-13,45.6,45.6,45.6,45.05,72000000.0,0.0,0.0,0.0,0.0,0.0,0.19246681600595103,0.15336004203095008,GTCO
2024-08-14,45.5,45.6,45.55,45.5,36330000.0,-0.22,-0.002192982456140413,-0.002195390563435726,4.819739726022635e-06,0.002195390563435726,0.17946059148939247,0.15354849191199188,GTCO
2024-08-15,45.55,45.5,45.55,45.2,15940000.0,0.11,0.001098901098901095,0.001098297749062592,1.206257945595956e-06,0.001098297749062592,0.046575433439364836,0.1534072279492786,GTCO
2024-08-16,46.0,45.55,46.0,45.75,90890000.0,0.99,0.009879253567508295,0.009830772783127734,9.664409351348502e-05,0.009830772783127734,0.0954856447065112,0.15609807172339396,GTCO
2024-08-19,45.8,46.0,46.25,45.8,59250000.0,-0.43,-0.004347826086956608,-0.004357305368955813,1.898611007833115e-05,0.004357305368955813,0.08615693373815302,0.15420228008871484,GTCO
2024-08-20,45.8,45.8,45.9,45.5,20270000.0,0.0,0.0,0.0,0.0,0.0,0.08615693373815302,0.1542304134184858,GTCO
2024-08-21,45.5,45.8,45.85,45.5,45750000.0,-0.66,-0.0065502183406113135,-0.006571765163234502,4.3188097360702597e-05,0.006571765163234502,0.10040690818156461,0.15634158228314152,GTCO
2024-08-22,45.55,45.5,45.65,45.55,2670000.0,0.11,0.001098901098901095,0.001098297749062592,1.206257945595956e-06,0.001098297749062592,0.10040690818156461,0.15624685253572992,GTCO
2024-08-23,45.6,45.55,45.65,45.55,11260000.0,0.11,0.001097694840834329,0.001097092814373149,1.2036126433491968e-06,0.001097092814373149,0.055746790281819024,0.15463925455639577,GTCO
2024-08-26,45.5,45.6,45.5,45.3,8740000.0,-0.22,-0.002192982456140413,-0.002195390563435726,4.819739726022635e-06,0.002195390563435726,0.05130443993283915,0.1411125057042285,GTCO
2024-08-27,45.65,45.5,45.8,45.5,13120000.0,0.33,0.003296703296703285,0.0032912810840727306,1.083253117437497e-05,0.0032912810840727306,0.06101777767628866,0.1411039705946847,GTCO
2024-08-28,45.8,45.65,45.8,45.6,6630000.0,0.33,0.003285870755750153,0.0032804840791616796,1.0761575793633253e-05,0.0032804840791616796,0.035661241735006545,0.1407933878098414,GTCO
2024-08-29,45.9,45.8,45.9,45.8,15240000.0,0.22,0.0021834061135370675,0.002181025946360146,4.756874178696171e-06,0.002181025946360146,0.036073993777674965,0.14076262264033756,GTCO
2024-08-30,45.5,45.9,45.8,45.5,26280000.0,-0.87,-0.008714596949891074,-0.008752791109594744,7.661135220820078e-05,0.008752791109594744,0.0820337850129474,0.14552486497760078,GTCO
2024-09-02,45.6,45.5,45.65,45.5,12130000.0,0.22,0.00219780219780219,0.002195390563435656,4.819739726022327e-06,0.002195390563435656,0.08203378501294746,0.12427327711682219,GTCO
2024-09-03,46.0,45.6,46.0,45.6,17220000.0,0.88,0.00877192982456143,0.008733679968754631,7.62771657966259e-05,0.008733679968754631,0.10088731910831324,0.12735916892417318,GTCO
2024-09-04,45.8,46.0,45.9,45.5,21950000.0,-0.43,-0.004347826086956608,-0.004357305368955813,1.898611007833115e-05,0.004357305368955813,0.10691785746654357,0.11602179272430417,GTCO
2024-09-05,45.5,45.8,45.6,45.3,28450000.0,-0.66,-0.0065502183406113135,-0.006571765163234502,4.3188097360702597e-05,0.006571765163234502,0.11352221046068117,0.10902107403772052,GTCO
2024-09-06,45.4,45.5,45.45,45.3,15520000.0,-0.22,-0.00219780219780219,-0.0022002209096024235,4.840972051051716e-06,0.0022002209096024235,0.09628117732952213,0.07635254869885127,GTCO
2024-09-09,45.4,45.4,45.5,45.3,33920000.0,0.0,0.0,0.0,0.0,0.0,0.09372282598314423,0.07616745738775378,GTCO
2024-09-10,45.5,45.4,45.75,45.3,18920000.0,0.22,0.0022026431718062955,0.002200220909602559,4.840972051052313e-06,0.002200220909602559,0.05497213662485736,0.07341507561851096,GTCO
2024-09-11,45.45,45.5,45.6,45.4,12550000.0,-0.11,-0.001098901098900984,-0.0010995053334167764,1.2089119782119366e-06,0.0010995053334167764,0.05162832884929478,0.07349410629057346,GTCO
2024-09-12,45.65,46.5,47.5,45.4,7730000.0,0.44,0.004400440044004306,0.004390786417489539,1.9279005364010623e-05,0.004390786417489539,0.04200251633170749,0.07472338784588661,GTCO
2024-09-13,46.0,45.65,46.15,45.6,11360000.0,0.77,0.00766703176341732,0.00763778944811754,5.833582765377564e-05,0.00763778944811754,0.05566786031942994,0.0790691490537643,GTCO
2024-09-17,46.9,46.0,46.9,46.4,1600000.0,1.96,0.019565217391304346,0.01937627896313868,0.0003754401864573706,0.01937627896313868,0.12494117162956715,0.09796674664095481,GTCO
2024-09-18,46.4,46.9,46.65,46.3,5250000.0,-1.07,-0.010660980810234588,-0.010718216220024147,0.00011488015893918873,0.010718216220024147,0.1761306751858678,0.1045436401254454,GTCO
2024-09-19,46.25,46.4,46.25,46.0,14760000.0,-0.32,-0.003232758620689613,-0.0032379952737753384,1.0484613392991429e-05,0.0032379952737753384,0.180566641272861,0.10538387206738291,GTCO
2024-09-20,47.5,46.25,47.5,46.0,7050000.0,2.7,0.027027027027026973,0.026668247082161273,0.0007111954024352033,0.026668247082161273,0.24524747058449478,0.13590332407988243,GTCO
2024-09-23,46.9,47.5,47.1,46.55,5100000.0,-1.26,-0.012631578947368438,-0.012712035588361861,0.00016159584879977848,0.012712035588361861,0.28601750799939263,0.14522082656892543,GTCO
2024-09-24,46.95,46.9,47.05,46.95,4900000.0,0.11,0.0010660980810235365,0.0010655302020383163,1.135354611455815e-06,0.0010655302020383163,0.2508805519707506,0.14522167207914602,GTCO
2024-09-25,47.35,46.95,47.4,47.0,8440000.0,0.85,0.008519701810436597,0.008483613977815298,7.197170612458311e-05,0.008483613977815298,0.2346837744464734,0.14660540889798124,GTCO
2024-09-26,46.5,46.35,46.65,46.3,10240000.0,-1.8,-0.01795142555438234,-0.018114507038776703,0.0003281353652578907,0.018114507038776703,0.28266225416204593,0.161987583429489,GTCO
2024-09-27,47.4,46.5,47.4,46.5,7060000.0,1.94,0.019354838709677358,0.019169916107720123,0.0003674856835770274,0.019169916107720123,0.24198026098533404,0.17387193324345335,GTCO
2024-09-30,48.0,47.4,48.0,47.4,2880000.0,1.27,0.012658227848101333,0.012578782206860185,0.0001582257618076224,0.012578782206860185,0.2272135760841467,0.17796584405661095,GTCO
2024-10-02,47.85,48.0,48.0,47.85,4600000.0,-0.31,-0.0031249999999999334,-0.003129893008927593,9.796230247333822e-06,0.003129893008927593,0.23324003695360349,0.17466867629094196,GTCO
2024-10-03,48.7,47.85,48.7,48.05,3990000.0,1.78,0.017763845350052376,0.017607912189580965,0.0003100385716759939,0.017607912189580965,0.25295099771422763,0.18243077893334075,GTCO
2024-10-04,49.1,48.7,49.1,49.1,2770000.0,0.82,0.008213552361396204,0.00818000471193069,6.691247708720828e-05,0.00818000471193069,0.14208359415558683,0.18222653272624872,GTCO
2024-10-07,49.0,49.1,49.1,46.4,16030000.000000002,-0.2,-0.0020366598778004397,-0.002038736689848317,4.156447290533673e-06,0.002038736689848317,0.14390465215913187,0.18120423872982538,GTCO
2024-10-08,47.2,49.0,48.5,47.15,8810000.0,-3.67,-0.03673469387755102,-0.03742640551911691,0.0014007358300813849,0.03742640551911691,0.3306267590550166,0.22774863055630418,GTCO
2024-10-09,47.2,47.2,47.75,46.6,10300000.0,0.0,0.0,0.0,0.0,0.0,0.33151031921482593,0.2273954459291354,GTCO
2024-10-10,47.95,47.2,47.95,47.25,2750000.0,1.59,0.01588983050847448,0.015764908737937434,0.0002485323475154961,0.015764908737937434,0.3245707641102998,0.23228326586487785,GTCO
2024-10-11,49.0,47.95,50.05,47.65,10190000.0,2.19,0.021897810218977964,0.02166149678117925,0.00046922044280103896,0.02166149678117925,0.3656149176777552,0.24146067766614318,GTCO
2024-10-14,49.9,49.0,49.9,48.0,4330000.0,1.84,0.01836734693877551,0.01820070464684637,0.000331265649641735,0.01820070464684637,0.38750557651085804,0.24601242973039017,GTCO
2024-10-15,51.5,49.9,51.5,49.5,5730000.0,3.21,0.03206412825651306,0.03156080491221751,0.0009960844067070527,0.03156080491221751,0.18182312666530362,0.2633276575910762,GTCO
2024-10-16,52.0,51.5,52.0,51.0,16739999.999999998,0.97,0.009708737864077666,0.00966191091173689,9.335252246634038e-05,0.00966191091173689,0.1285927270392885,0.2636044943806859,GTCO
2024-10-17,50.0,52.0,52.0,50.0,19630000.0,-3.85,-0.038461538461538436,-0.03922071315328127,0.0015382643402519702,0.03922071315328127,0.44033271264918766,0.3011639122899238,GTCO
2024-10-18,50.0,50.0,50.0,49.7,9750000.0,0.0,0.0,0.0,0.0,0.0,0.4257607704755858,0.297254194938737,GTCO
2024-10-21,51.0,50.0,54.5,50.2,9030000.0,2.0,0.020000000000000018,0.01980262729617973,0.0003921440478314025,0.01980262729617973,0.4292548045141543,0.3013045480565585,GTCO
2024-10-22,52.5,51.0,52.5,51.35,4720000.0,2.94,0.02941176470588225,0.028987536873252187,0.0008402772939781551,0.028987536873252187,0.4192545245278553,0.30353837141894147,GTCO
2024-10-23,52.5,52.5,52.5,51.3,4530000.0,0.0,0.0,0.0,0.0,0.0,0.41641248855097973,0.2974487524517912,GTCO
2024-10-24,53.0,52.5,53.0,52.05,24200000.0,0.95,0.00952380952380949,0.009478743954543739,8.984658695579947e-05,0.009478743954543739,0.20130209207138783,0.2973420344320684,GTCO
2024-10-25,52.0,53.0,53.0,52.0,4990000.0,-1.89,-0.018867924528301883,-0.019048194970694474,0.00036283373164159026,0.019048194970694474,0.2945832207008114,0.3092359303926639,GTCO
2024-10-28,50.9,52.0,51.5,50.9,2150000.0,-2.12,-0.02115384615384619,-0.02138079502495033,0.0004571383958989408,0.02138079502495033,0.33197516544192784,0.31243090200092694,GTCO
2024-10-29,50.6,50.9,51.0,50.55,7130000.0,-0.59,-0.005893909626718985,-0.005911347263057126,3.494402646445298e-05,0.005911347263057126,0.20591129573902128,0.309462011555903,GTCO
2024-10-30,53.3,50.6,53.3,52.5,11620000.0,5.34,0.05335968379446632,0.05198475487837891,0.00270241473976514,0.05198475487837891,0.4763301744421965,0.3518559073344214,GTCO
2024-10-31,53.7,53.3,53.7,53.3,7730000.0,0.75,0.0075046904315199114,0.007476670343020357,5.5900599418200145e-05,0.007476670343020357,0.4748308445218902,0.3506892312212049,GTCO
2024-11-01,55.3,53.7,57.0,53.9,22470000.0,2.98,0.029795158286778367,0.02935990701347008,0.0008620041398396096,0.02935990701347008,0.45976050338390895,0.35808971049291466,GTCO
2024-11-04,55.1,55.3,56.0,54.0,21480000.0,-0.36,-0.003616636528028905,-0.0036231923694202838,1.312752294582537e-05,0.0036231923694202838,0.38974357176032043,0.3595373387785785,GTCO
2024-11-05,55.1,55.1,55.1,54.1,20060000.0,0.0,0.0,0.0,0.0,0.0,0.3707387906110202,0.3590684838039225,GTCO
2024-11-06,54.05,55.1,54.95,54.05,2770000.0,-1.91,-0.019056261343012748,-0.019240172073651564,0.0003701842214237215,0.019240172073651564,0.2819866661946351,0.3364316366158603,GTCO
2024-11-07,53.5,54.05,54.35,53.5,12960000.0,-1.02,-0.010175763182238562,-0.010227890183256313,0.00010460973760075085,0.010227890183256313,0.29132436379562154,0.3407415589697614,GTCO
2024-11-08,53.6,53.5,53.6,50.0,22460000.0,0.19,0.0018691588785046953,0.0018674141747954624,3.4872357002270177e-06,0.0018674141747954624,0.13665523676465605,0.33910290556873685,GTCO
2024-11-11,53.6,53.6,53.6,53.1,11590000.0,0.0,0.0,0.0,0.0,0.0,0.14329371412693978,0.33420431865209016,GTCO
2024-11-12,53.65,53.6,53.7,53.6,15690000.0,0.09,0.000932835820895539,0.0009324009999511908,8.693716247099804e-07,0.0009324009999511908,0.14568947665953538,0.3304693227683222,GTCO
2024-11-13,54.2,53.65,54.8,53.8,14730000.0,1.03,0.010251630941286116,0.01019943936889305,0.00010402856343972545,0.01019943936889305,0.11542055893884004,0.3155213309956108,GTCO
2024-11-14,54.5,54.2,54.5,54.3,7420000.0,0.55,0.005535055350553542,0.005519793223597901,3.0468117231277305e-05,0.005519793223597901,0.0665321163285701,0.31465069952396546,GTCO
2024-11-15,56.0,54.5,56.0,54.0,12170000.0,2.75,0.02752293577981657,0.027150989065950898,0.0007371762072593852,0.027150989065950898,0.1754848240728419,0.2872773792758301,GTCO
2024-11-18,55.35,56.0,56.5,55.35,3160000.0,-1.16,-0.011607142857142816,-0.011675031580503308,0.00013630636240574955,0.011675031580503308,0.22483764946475357,0.2928339259177145,GTCO
2024-11-19,56.0,55.35,56.0,55.5,13490000.0,1.17,0.01174345076784089,0.01167503158050323,0.00013630636240574774,0.01167503158050323,0.22120806766297046,0.28892898505577497,GTCO
2024-11-20,56.0,56.0,56.0,55.55,3380000.0,0.0,0.0,0.0,0.0,0.0,0.2282262165305651,0.27503019141739143,GTCO
2024-11-21,54.6,56.0,55.0,54.5,4660000.0,-2.5,-0.025000000000000022,-0.025317807984289897,0.0006409914011293733,0.025317807984289897,0.32242335217125845,0.2920518304471669,GTCO
2024-11-22,54.6,54.6,54.65,54.5,4330000.0,0.0,0.0,0.0,0.0,0.0,0.22244228078322864,0.29078241424982637,GTCO
2024-11-25,52.75,54.6,54.5,52.75,4340000.0,-3.39,-0.03388278388278387,-0.03447011039468347,0.0011881885106216656,0.03447011039468347,0.3076662588475365,0.3088067277879981,GTCO
2024-11-26,53.0,52.75,53.0,53.0,7270000.0,0.47,0.004739336492890933,0.004728141195945896,2.2355319168800684e-05,0.004728141195945896,0.2800871709817277,0.2983716889806358,GTCO
2024-11-27,53.0,53.0,53.0,52.5,28750000.0,0.0,0.0,0.0,0.0,0.0,0.2800871709817277,0.29711549248835173,GTCO
2024-11-28,53.0,53.0,53.0,53.0,4030000.0000000005,0.0,0.0,0.0,0.0,0.0,0.2551832550460244,0.23557701628076105,GTCO
2024-11-29,52.95,53.0,52.95,51.7,3530000.0,-0.09,-0.0009433962264150386,-0.000943841504706313,8.908367860062772e-07,0.000943841504706313,0.25388183248288987,0.23388849889677277,GTCO
2024-12-02,52.5,52.95,52.5,51.4,20920000.0,-0.85,-0.008498583569405138,-0.008534902449837444,7.28445598282412e-05,0.008534902449837444,0.07595627320735328,0.2079885186031855,GTCO
2024-12-03,52.5,52.5,53.0,52.5,18160000.0,0.0,0.0,0.0,0.0,0.0,0.05927278457314573,0.20811499879488682,GTCO
2024-12-04,52.65,52.5,52.65,52.5,26030000.0,0.29,0.0028571428571428914,0.0028530689824064807,8.140002618369951e-06,0.0028530689824064807,0.06786026513591151,0.20874630956466986,GTCO
2024-12-05,52.75,52.65,52.9,52.65,40180000.0,0.19,0.0018993352326686086,0.0018975337761914111,3.600634431787236e-06,0.0018975337761914111,0.07143747685445391,0.19960382421116682,GTCO
2024-12-06,53.2,53.0,53.2,53.0,12690000.0,0.85,0.008530805687203769,0.0084946239914228,7.215863675565581e-05,0.0084946239914228,0.09795561936807375,0.19942281743674703,GTCO
2024-12-09,53.2,53.2,54.0,52.55,24490000.0,0.0,0.0,0.0,0.0,0.0,0.05545412744653915,0.19927575733673297,GTCO
2024-12-10,53.0,53.2,53.05,53.0,4560000.0,-0.38,-0.003759398496240629,-0.0037664827954768934,1.4186392648623433e-05,0.0037664827954768934,0.07104456341611537,0.19961765450600466,GTCO
2024-12-11,53.0,53.0,53.0,52.8,5810000.0,0.0,0.0,0.0,0.0,0.0,0.07150833695684365,0.19955735232376184,GTCO
2024-12-12,53.0,53.0,53.0,53.0,2180000.0,0.0,0.0,0.0,0.0,0.0,0.07181963402122521,0.1957058197143292,GTCO
2024-12-13,52.95,53.0,53.0,52.1,5610000.0,-0.09,-0.0009433962264150386,-0.000943841504706313,8.908367860062772e-07,0.000943841504706313,0.025890293571514466,0.1942404948773457,GTCO
2024-12-16,52.0,52.95,53.0,52.0,8330000.0,-1.79,-0.01794145420207749,-0.01810435346598817,0.0003277676144214378,0.01810435346598817,0.12264096049484008,0.1725546614845596,GTCO
2024-12-17,52.5,52.0,52.5,52.0,8199999.999999999,0.96,0.009615384615384581,0.009569451016150672,9.157439275050714e-05,0.009569451016150672,0.1591935996631393,0.17558460692084282,GTCO
2024-12-18,52.95,52.5,52.95,52.05,11130000.0,0.86,0.008571428571428674,0.008534902449837506,7.284455982824227e-05,0.008534902449837506,0.17621762651626693,0.17269980141357374,GTCO
2024-12-19,54.0,52.95,54.0,52.95,20410000.0,1.98,0.019830028328611915,0.019635974516858935,0.00038557149522673345,0.019635974516858935,0.22572658925647182,0.189134084993408,GTCO
2024-12-20,57.0,54.0,57.5,54.0,23510000.0,5.56,0.05555555555555558,0.05406722127027579,0.002923264415888963,0.05406722127027579,0.4135446610088421,0.25340009503969224,GTCO
2024-12-23,58.75,57.0,58.75,57.0,39380000.0,3.07,0.030701754385964897,0.030239885189718176,0.0009144506562873367,0.030239885189718176,0.2978945903460644,0.271337441386665,GTCO
2024-12-24,57.95,58.75,58.5,57.0,17420000.0,-1.36,-0.013617021276595698,-0.01371058323850758,0.000187980092740045,0.01371058323850758,0.3994821838017833,0.24277121473179408,GTCO
2024-12-27,57.0,57.95,58.0,57.0,22880000.0,-1.64,-0.016393442622950838,-0.016529301951210582,0.00027321782299429394,0.016529301951210582,0.47610638828445884,0.25342823636789935,GTCO
2024-12-30,57.0,57.0,57.0,55.05,54680000.0,0.0,0.0,0.0,0.0,0.0,0.48373379724613963,0.25342823636789935,GTCO
2024-12-31,57.0,57.0,57.0,57.0,10980000.0,0.0,0.0,0.0,0.0,0.0,0.29439065888265814,0.25342823636789935,GTCO
2025-01-02,57.0,57.0,57.0,57.0,1450000.0,0.0,0.0,0.0,0.0,0.0,0.1324137093432662,0.25324238188908216,GTCO
2025-01-03,57.0,57.0,57.0,57.0,2910000.0,0.0,0.0,0.0,0.0,0.0,0.11734640292276743,0.24983053514649003,GTCO
2025-01-06,56.2,57.0,57.0,56.2,53960000.0,-1.4,-0.014035087719298178,-0.014134510934904693,0.00019978439936894034,0.014134510934904693,0.10034507326318813,0.257308343126616,GTCO
2025-01-07,57.0,56.2,57.0,56.2,20570000.0,1.42,0.014234875444839812,0.014134510934904716,0.00019978439936894096,0.014134510934904716,0.1586594917440697,0.2600460964556453,GTCO
2025-01-08,57.0,57.0,57.0,56.8,5910000.0,0.0,0.0,0.0,0.0,0.0,0.1586594917440697,0.260302145278368,GTCO
2025-01-09,57.0,57.0,57.0,57.0,4280000.0,0.0,0.0,0.0,0.0,0.0,0.1586594917440697,0.25998958709359293,GTCO
2025-01-10,58.0,57.0,58.0,56.7,5150000.0,1.75,0.01754385964912286,0.01739174271186924,0.0003024727145558568,0.01739174271186924,0.20104093895050756,0.26416731525293263,GTCO
2025-01-13,58.0,58.0,58.75,57.4,24380000.0,0.0,0.0,0.0,0.0,0.0,0.13827146975371704,0.26307160749341985,GTCO
2025-01-14,57.95,58.0,58.0,57.95,54350000.0,-0.09,-0.0008620689655172153,-0.0008624407606585953,7.438040656453764e-07,0.0008624407606585953,0.1251403056709808,0.2632658281941636,GTCO
2025-01-15,57.35,57.95,57.35,57.35,1570000.0,-1.04,-0.01035375323554788,-0.010407726210381012,0.0001083207648702519,0.010407726210381012,0.15954522986175898,0.26781317319827447,GTCO
2025-01-16,58.0,57.35,58.5,58.0,65050000.0,1.13,0.011333914559720881,0.01127016697103951,0.0001270166635551099,0.01127016697103951,0.17354464111734674,0.2684537746736629,GTCO
2025-01-17,58.0,58.0,58.0,58.0,3900000.0,0.0,0.0,0.0,0.0,0.0,0.12195539203714388,0.25644071179810096,GTCO
2025-01-20,58.0,58.0,58.0,58.0,7100000.0,0.0,0.0,0.0,0.0,0.0,0.12195539203714388,0.25652880815565093,GTCO
2025-01-21,59.0,58.0,59.0,58.2,4010000.0,1.72,0.01724137931034475,0.01709443335930004,0.00029221965187555004,0.01709443335930004,0.1708017404013817,0.2598150391878674,GTCO
2025-01-22,60.0,59.0,60.0,59.0,6240000.0,1.69,0.016949152542372836,0.01680711831638119,0.0002824792261008361,0.01680711831638119,0.13600727418488756,0.25800649827330624,GTCO
2025-01-23,61.0,60.0,61.2,60.0,42140000.0,1.67,0.016666666666666607,0.016529301951210506,0.00027321782299429145,0.016529301951210506,0.14619691375739352,0.19255473583402777,GTCO
2025-01-24,61.25,61.0,61.25,60.0,6740000.0,0.41,0.004098360655737654,0.004089985251525066,1.672797935769256e-05,0.004089985251525066,0.1304562734153024,0.16578297600206315,GTCO
2025-01-27,62.35,61.25,64.0,61.4,20140000.0,1.8,0.01795918367346938,0.017799822701209084,0.0003168336881944782,0.017799822701209084,0.09236684072963244,0.16412208483051186,GTCO
2025-01-28,62.4,62.35,62.4,62.0,4680000.0,0.08,0.000801924619085792,0.00080160324933651,6.425677693468511e-07,0.00080160324933651,0.12849472902970877,0.14764619554024244,GTCO
2025-01-29,62.35,62.4,62.35,62.15,10330000.0,-0.08,-0.0008012820512820484,-0.0008016032493365211,6.425677693468687e-07,0.0008016032493365211,0.1403927297624114,0.1479668120147417,GTCO
2025-01-30,62.3,62.35,62.3,62.1,16230000.0,-0.08,-0.0008019246190859031,-0.0008022463326380951,6.435991782312731e-07,0.0008022463326380951,0.12463089957521797,0.14828441045756188,GTCO
2025-01-31,61.05,62.3,62.3,61.05,32729999.999999996,-2.01,-0.0200642054574639,-0.02026822523669379,0.00041080095424535104,0.02026822523669379,0.21407407303604462,0.1705295844259847,GTCO
2025-02-03,61.05,61.05,61.05,61.0,5630000.0,0.0,0.0,0.0,0.0,0.0,0.14285662139180913,0.1705295844259847,GTCO
2025-02-04,62.0,61.05,62.0,61.0,20220000.0,1.56,0.015561015561015523,0.015441184488377831,0.00023843017840412015,0.015441184488377831,0.20115044086222453,0.16311432631725664,GTCO
2025-02-05,64.0,62.0,64.5,63.0,7820000.0,3.23,0.032258064516129004,0.03174869831458027,0.0010079798446702322,0.03174869831458027,0.3095946065666516,0.1858153972498823,GTCO
2025-02-06,64.0,64.0,64.15,64.0,8760000.0,0.0,0.0,0.0,0.0,0.0,0.3086618188731639,0.1858153972498823,GTCO
2025-02-07,64.0,64.0,64.0,64.0,5750000.0,0.0,0.0,0.0,0.0,0.0,0.224644341043408,0.1858153972498823,GTCO
2025-02-10,63.05,64.0,63.35,63.05,3060000.0,-1.48,-0.014843750000000044,-0.014955020948743337,0.00022365265157735204,0.014955020948743337,0.28199549799008755,0.19339747263968574,GTCO
2025-02-11,62.9,63.05,63.0,62.8,14080000.0,-0.24,-0.0023790642347343294,-0.0023818987045337156,5.673441438659393e-06,0.0023818987045337156,0.2744690548778408,0.1941887927892408,GTCO
2025-02-12,63.0,62.9,63.7,62.9,14810000.0,0.16,0.0015898251192369983,0.0015885626851379615,2.52353140461273e-06,0.0015885626851379615,0.10715218580985901,0.1936222260724394,GTCO
2025-02-13,63.5,63.0,64.0,63.05,5240000.0,0.79,0.007936507936507908,0.007905179507113247,6.249186303968324e-05,0.007905179507113247,0.13329823426499904,0.18674785537194125,GTCO
2025-02-14,63.45,63.5,63.5,63.2,6480000.0,-0.08,-0.0007874015748030594,-0.0007877117382492058,6.204897825755853e-07,0.0007877117382492058,0.13283072775844296,0.18619585132720706,GTCO
2025-02-17,63.0,63.45,63.5,63.0,7780000.0,-0.71,-0.007092198581560294,-0.0071174677688639896,5.0658347440817736e-05,0.0071174677688639896,0.08761297387944396,0.18985218456582942,GTCO
2025-02-18,62.85,63.0,63.05,62.5,4460000.0,-0.24,-0.0023809523809523725,-0.0023837913552762504,5.682461225489783e-06,0.0023837913552762504,0.08761600056744138,0.19065304947989972,GTCO
2025-02-19,62.85,62.85,63.0,62.85,5240000.0,0.0,0.0,0.0,0.0,0.0,0.08633626215176636,0.18476652301574026,GTCO
2025-02-20,62.4,62.85,62.85,62.25,20830000.0,-0.72,-0.007159904534606243,-0.007185659660874486,5.163370476191883e-05,0.007185659660874486,0.05471667965100521,0.18084419573447968,GTCO
2025-02-21,63.05,62.4,63.05,62.3,4190000.0000000005,1.04,0.01041666666666674,0.010362787035546658,0.00010738735514409388,0.010362787035546658,0.11429726692274776,0.17573437292519206,GTCO
2025-02-24,63.0,63.05,63.5,62.9,17880000.0,-0.08,-0.0007930214115781098,-0.000793336019395874,6.293820396708906e-07,0.000793336019395874,0.10205867380964705,0.1756676308499627,GTCO
2025-02-25,62.5,63.0,62.8,62.5,11610000.0,-0.79,-0.007936507936507908,-0.007968169649176845,6.349172755806304e-05,0.007968169649176845,0.1168974855975344,0.16774892696281546,GTCO
2025-02-26,61.0,62.5,62.5,61.0,3960000.0,-2.4,-0.02400000000000002,-0.024292692569044587,0.0005901349122541141,0.024292692569044587,0.19997299860866774,0.1877813363062654,GTCO
2025-02-27,61.0,61.0,62.0,60.95,9450000.0,0.0,0.0,0.0,0.0,0.0,0.2037051569235349,0.18781686766942235,GTCO
2025-02-28,61.2,61.0,61.2,60.55,7360000.0,0.33,0.003278688524590123,0.0032733253449691085,1.0714658814017134e-05,0.0032733253449691085,0.17526610614954577,0.18841221069625275,GTCO
2025-03-03,60.25,61.2,60.25,60.0,1620000.0,-1.55,-0.01552287581699352,-0.01564461714751608,0.0002447540456923541,0.01564461714751608,0.17936956017715291,0.18301088136216664,GTCO
2025-03-04,59.0,60.25,59.95,57.2,13870000.0,-2.07,-0.020746887966805017,-0.020965128465044964,0.0004395366115558386,0.020965128465044964,0.1977821777614766,0.19604991756765267,GTCO
2025-03-05,58.5,59.0,58.5,57.35,7260000.0,-0.85,-0.008474576271186418,-0.00851068966790862,7.243183862344652e-05,0.00851068966790862,0.16212237680153102,0.1871311370928604,GTCO
2025-03-06,59.0,58.5,59.95,58.0,49950000.0,0.85,0.008547008547008517,0.00851068966790861,7.243183862344637e-05,0.00851068966790861,0.19725403274363948,0.145896496919546,GTCO
2025-03-07,59.5,59.0,60.85,59.0,15850000.0,0.85,0.008474576271186418,0.008438868645864604,7.121450402215669e-05,0.008438868645864604,0.21615711446137886,0.15153917005573148,GTCO
2025-03-10,59.6,59.5,61.0,59.6,3310000.0,0.17,0.001680672268907557,0.0016792615197199939,2.819919251612303e-06,0.0016792615197199939,0.19999725991186104,0.15213439628793132,GTCO
2025-03-11,59.9,59.6,60.0,59.8,28070000.0,0.5,0.00503355704697972,0.005020931050099444,2.5209748609852705e-05,0.005020931050099444,0.11176307841420782,0.14870264129932825,GTCO
2025-03-12,61.6,59.9,61.6,60.0,3820000.0,2.84,0.028380634390651194,0.027985365418070535,0.0007831806775829382,0.027985365418070535,0.1629786408783165,0.18227289364830515,GTCO
2025-03-13,60.5,61.6,62.0,60.0,26690000.0,-1.79,-0.017857142857142905,-0.018018505502678365,0.0003246665405500505,0.018018505502678365,0.2609691282421443,0.19120766639492273,GTCO
2025-03-14,61.0,60.5,61.0,61.0,16880000.0,0.83,0.008264462809917328,0.008230499136515444,6.774111603618146e-05,0.008230499136515444,0.26080135038146823,0.1914216705021536,GTCO
2025-03-17,60.65,61.0,61.0,60.5,3950000.0,-0.57,-0.0057377049180328266,-0.005754228783252152,3.311114889000754e-05,0.005754228783252152,0.2718333391612571,0.19182663024362054,GTCO
2025-03-18,60.5,60.65,60.65,60.5,13470000.0,-0.25,-0.002473206924979321,-0.0024762703532632893,6.131914862450696e-06,0.0024762703532632893,0.2743769588216951,0.19098393003133576,GTCO
2025-03-19,60.0,60.5,60.4,60.0,11670000.0,-0.83,-0.008264462809917328,-0.008298802814695066,6.887012815719075e-05,0.008298802814695066,0.1510167024541894,0.19225666562569335,GTCO
2025-03-20,60.0,60.0,60.05,60.0,3590000.0,0.0,0.0,0.0,0.0,0.0,0.101049778751894,0.19225666562569335,GTCO
2025-03-21,58.2,60.0,60.05,58.2,8240000.0,-3.0,-0.029999999999999916,-0.03045920748470846,0.0009277633205965199,0.03045920748470846,0.19349529205737698,0.21536205491129476,GTCO
2025-03-24,62.0,58.2,62.0,61.2,6760000.0,6.53,0.06529209621993126,0.0632490303076994,0.004000439834864278,0.0632490303076994,0.555963440843333,0.31333246589601776,GTCO
2025-03-25,62.85,62.0,62.85,62.1,5350000.0,1.37,0.013709677419354804,0.01361654999116484,0.0001854104336618912,0.01361654999116484,0.555156661996151,0.3172873815925627,GTCO
2025-03-26,64.1,62.85,66.0,62.85,7240000.0,1.99,0.019888623707239317,0.01969342889036779,0.0003878311414599727,0.01969342889036779,0.5399437955296396,0.3230758240539469,GTCO
2025-03-27,64.25,64.1,64.5,63.95,7000000.0,0.23,0.00234009360374432,0.0023373598487049932,5.463251062338229e-06,0.0023373598487049932,0.5365829617283845,0.30947996727683336,GTCO
2025-03-28,68.8,64.25,70.0,63.1,67850000.0,7.08,0.07081712062256806,0.06842202116396877,0.00468157298016259,0.06842202116396877,0.4802943064198832,0.3843107559068602,GTCO
2025-04-02,69.6,68.8,70.0,69.5,33049999.999999996,1.16,0.011627906976744207,0.011560822401076006,0.0001336526145892208,0.011560822401076006,0.413946064593809,0.38471533053007534,GTCO
2025-04-03,69.5,69.6,69.9,69.4,25760000.0,-0.14,-0.001436781609195359,-0.0014378147696274715,2.067311311758899e-06,0.0014378147696274715,0.44812025383204834,0.37766948877092277,GTCO
2025-04-04,69.4,69.5,69.8,69.4,20860000.0,-0.14,-0.0014388489208632116,-0.0014398850579875322,2.073268980215759e-06,0.0014398850579875322,0.4737554754371391,0.36544089986561806,GTCO
2025-04-07,65.5,69.4,69.2,63.1,34480000.0,-5.62,-0.05619596541786753,-0.05783672487155268,0.0033450867438676807,0.05783672487155268,0.7139205187729075,0.4277058948767037,GTCO
2025-04-08,65.95,65.5,66.75,65.95,51560000.0,0.69,0.006870229007633677,0.006846736522117459,4.6877801003297075e-05,0.006846736522117459,0.4470149487074004,0.42759135765523065,GTCO
2025-04-09,64.8,66.0,66.05,64.8,62880000.0,-1.74,-0.01743745261561802,-0.017591275805094727,0.00030945298445091113,0.017591275805094727,0.41122953248133204,0.4346355663836569,GTCO
2025-04-10,66.5,64.8,68.4,65.5,18420000.0,2.62,0.026234567901234573,0.02589634430357945,0.0006706206482895319,0.02589634430357945,0.5010357683751732,0.44101108001178474,GTCO
2025-04-11,68.0,66.5,68.0,67.0,25680000.0,2.26,0.022556390977443552,0.022305757514298186,0.0004975468182866701,0.022305757514298186,0.5491365454024439,0.4449615405479413,GTCO
2025-04-14,68.0,68.0,69.9,67.75,31020000.0,0.0,0.0,0.0,0.0,0.0,0.27993699396580435,0.4380777198153706,GTCO
2025-04-15,67.0,68.0,68.75,67.0,18280000.0,-1.47,-0.014705882352941124,-0.014815085785140587,0.00021948676682107467,0.014815085785140587,0.3221397003890744,0.4361200438825432,GTCO
2025-04-16,59.0,59.95,61.0,56.95,36780000.0,-11.94,-0.11940298507462688,-0.12715517548524663,0.016168438652683866,0.12715517548524663,0.9976215507202669,0.6313882495554245,GTCO
2025-04-17,59.0,59.0,59.0,58.75,12010000.0,0.0,0.0,0.0,0.0,0.0,0.9398712004285823,0.6312244014438575,GTCO
2025-04-22,60.0,59.0,60.0,59.1,9660000.0,1.69,0.016949152542372836,0.01680711831638119,0.0002824792261008361,0.01680711831638119,0.9234967552791887,0.6343038431186688,GTCO
2025-04-23,61.0,60.0,61.05,60.5,47000000.0,1.67,0.016666666666666607,0.016529301951210506,0.00027321782299429145,0.016529301951210506,0.9585153581153222,0.6362338703127631,GTCO
2025-04-24,61.1,61.0,61.3,61.0,17100000.0,0.16,0.0016393442622950616,0.0016380020042383698,2.6830505658889165e-06,0.0016380020042383698,0.9729972823620929,0.6362336397144362,GTCO
2025-04-25,63.0,61.1,63.0,61.4,60740000.0,3.11,0.03109656301145658,0.030622860213983003,0.0009377595676851432,0.030622860213983003,0.20009736461735622,0.6335210729193276,GTCO
2025-04-28,67.0,63.0,67.5,63.5,33500000.0,6.35,0.06349206349206349,0.061557892999433365,0.0037893741905296874,0.061557892999433365,0.35953448516430553,0.6315446402510879,GTCO
2025-04-29,67.8,67.5,68.3,67.5,28510000.0,1.19,0.011940298507462588,0.011869575555383729,0.00014088682386496296,0.011869575555383729,0.36859051109795776,0.6312276884752845,GTCO
2025-04-30,65.4,67.8,67.0,61.1,11640000.0,-3.54,-0.03539823008849541,-0.03603993648319669,0.001298877021712852,0.03603993648319669,0.5723305478501532,0.6427550917395509,GTCO
2025-05-02,64.0,65.4,65.0,63.25,31870000.0,-2.14,-0.021406727828746308,-0.021639175103481293,0.0004682538991591246,0.021639175103481293,0.6252366699264945,0.6474550359633445,GTCO
2025-05-05,63.45,64.0,63.85,63.45,87180000.0,-0.86,-0.008593749999999956,-0.008630889199275144,7.449224837016434e-05,0.008630889199275144,0.602486853293384,0.5976838912567914,GTCO
2025-05-06,65.0,63.45,65.0,63.5,37990000.0,2.44,0.024428684003152012,0.024135075735240367,0.0005825018807457884,0.024135075735240367,0.38732896745725515,0.603330882586024,GTCO
2025-05-07,67.5,65.0,67.8,66.0,98640000.0,3.85,0.03846153846153855,0.03774032798284711,0.0014243323562528728,0.03774032798284711,0.49214330168013676,0.6198567672865649,GTCO
2025-05-08,68.0,67.5,68.0,67.5,45970000.0,0.74,0.007407407407407307,0.00738010729762246,5.446598372442029e-05,0.00738010729762246,0.3806633965877883,0.6206004579300979,GTCO
2025-05-09,69.05,68.0,69.05,68.2,51280000.0,1.54,0.01544117647058818,0.015323174679194371,0.0002347996822491035,0.015323174679194371,0.27689285174692596,0.5869693465835003,GTCO
2025-05-12,69.0,69.05,69.0,69.0,3340000.0,-0.07,-0.0007241129616220032,-0.0007243752580417329,5.247195144630272e-07,0.0007243752580417329,0.2368330201708646,0.5868510054479705,GTCO
2025-05-13,69.05,69.0,69.05,68.65,31840000.0,0.07,0.0007246376811593791,0.0007243752580417016,5.247195144629817e-07,0.0007243752580417016,0.24897705165062903,0.5825003657885574,GTCO
2025-05-14,68.6,69.05,69.05,68.6,53270000.0,-0.65,-0.00651701665459814,-0.006538345123461607,4.274995695349418e-05,0.006538345123461607,0.1330062163639927,0.5772666689865016,GTCO
2025-05-15,68.55,68.6,68.55,68.15,5510000.0,-0.07,-0.0007288629737608465,-0.0007291287235160571,5.316286954561548e-07,0.0007291287235160571,0.12948963725365362,0.5722896590949363,GTCO
2025-05-16,68.0,68.55,68.5,67.5,30870000.0,-0.8,-0.008023340627279274,-0.008055700832216614,6.489431589817545e-05,0.008055700832216614,0.06263162507833156,0.5730375719591644,GTCO
2025-05-19,68.5,68.0,68.5,68.0,32439999.999999996,0.74,0.007352941176470562,0.007326040092072881,5.367086343065923e-05,0.007326040092072881,0.09779034393513457,0.570954149491068,GTCO
2025-05-20,69.3,68.5,69.3,68.85,9540000.0,1.17,0.011678832116788218,0.01161116092767784,0.0001348190580884325,0.01161116092767784,0.13610795680141122,0.3297338999099751,GTCO
2025-05-21,69.75,69.3,71.0,69.75,8620000.0,0.65,0.006493506493506551,0.00647251450561752,4.1893444025429204e-05,0.00647251450561752,0.12309960372219333,0.32859914031790255,GTCO
2025-05-22,69.0,69.75,69.9,69.0,20510000.0,-1.08,-0.010752688172043001,-0.010810916104215617,0.00011687590701238858,0.010810916104215617,0.15945608523806573,0.3331371892397371,GTCO
2025-05-23,70.0,69.0,70.0,69.4,29380000.0,1.45,0.01449275362318847,0.01438873745209967,0.00020703576546545572,0.01438873745209967,0.15599068398876983,0.3324195347185154,GTCO
2025-05-26,68.4,70.0,71.0,68.0,24950000.0,-2.29,-0.022857142857142798,-0.02312241742085415,0.0005346461873842194,0.02312241742085415,0.2553333913956986,0.34774518143319455,GTCO
2025-05-27,69.8,68.5,69.8,69.55,22510000.0,2.05,0.020467836257309857,0.02026118513982193,0.000410515623270141,0.02026118513982193,0.2862511274435741,0.3400328413847749,GTCO
2025-05-28,69.5,69.8,70.0,69.5,29510000.0,-0.43,-0.004297994269340966,-0.004307257197580332,1.855246456610758e-05,0.004307257197580332,0.2845311655951214,0.2713086904255295,GTCO
2025-05-29,69.0,69.5,69.0,68.7,5750000.0,-0.72,-0.007194244604316502,-0.00722024797348702,5.213198079864342e-05,0.00722024797348702,0.27756362757668346,0.2703898086566953,GTCO
2025-05-30,67.0,69.0,68.1,66.95,20230000.0,-2.9,-0.02898550724637683,-0.02941388520629334,0.0008651766429290023,0.02941388520629334,0.30713059724103764,0.2597694780473171,GTCO
2025-06-02,66.6,67.0,67.0,66.6,6600000.0,-0.6,-0.005970149253731405,-0.005988041844622669,3.5856645132952055e-05,0.005988041844622669,0.27949890769235175,0.247852878323248,GTCO
2025-06-03,68.0,66.6,68.05,68.0,41230000.0,2.1,0.021021021021021102,0.020803127629763326,0.0004327701191802223,0.020803127629763326,0.28263435555413957,0.25301977357758565,GTCO
2025-06-04,69.5,68.0,69.5,68.05,87200000.0,2.21,0.022058823529411686,0.021819047394639673,0.0004760708292095323,0.021819047394639673,0.3425002068419409,0.2507333911768383,GTCO
2025-06-05,70.05,69.5,70.2,69.35,30910000.0,0.79,0.007913669064748108,0.007882520212269468,6.21341248968367e-05,0.007882520212269468,0.33920870760987615,0.21809869777741195,GTCO
2025-06-10,71.2,70.05,71.5,70.05,47250000.0,1.64,0.016416845110635236,0.01628354563491405,0.0002651538584443284,0.01628354563491405,0.1831860322207235,0.223109751418424,GTCO
2025-06-11,71.0,71.2,71.0,70.7,16830000.0,-0.28,-0.002808988764045006,-0.0028129413766147236,7.912639188271136e-06,0.0028129413766147236,0.16372186248320728,0.21845508195686927,GTCO
2025-06-13,71.5,71.0,71.6,71.0,35440000.0,0.7,0.007042253521126751,0.00701757265864654,4.924632601938346e-05,0.00701757265864654,0.14991026736390126,0.21918445619459948,GTCO
2025-06-16,71.5,71.5,71.5,67.1,40460000.0,0.0,0.0,0.0,0.0,0.0,0.1186526966319988,0.2192392231782047,GTCO
2025-06-17,75.65,71.5,78.65,71.5,83360000.0,5.8,0.05804195804195822,0.05641999053440312,0.003183215331902138,0.05641999053440312,0.3825192275151381,0.287442655216355,GTCO
2025-06-18,79.0,75.65,79.0,76.2,11210000.0,4.43,0.044282881692002674,0.0433304122326566,0.0018775246242519568,0.0433304122326566,0.4315829622836474,0.31612734993298564,GTCO
2025-06-19,79.75,79.0,80.0,79.0,62660000.0,0.95,0.009493670886076,0.00944888919793251,8.928150707480566e-05,0.00944888919793251,0.39670359145523526,0.31157595976086916,GTCO
2025-06-20,84.95,79.75,84.95,79.75,21060000.0,6.52,0.06520376175548592,0.0631661064529871,0.003989957004430099,0.0631661064529871,0.4488594192595034,0.36623157021357083,GTCO
2025-06-23,83.55,84.95,84.95,82.0,13330000.0,-1.65,-0.01648028251912892,-0.01661759307653833,0.00027614439965741467,0.01661759307653833,0.5362581159251802,0.3777815824943844,GTCO
2025-06-24,83.6,83.55,83.95,83.3,12830000.0,0.06,0.0005984440454818163,0.0005982650492532878,3.579210691580389e-07,0.0005982650492532878,0.5166061688286719,0.3788047735123754,GTCO
2025-06-25,83.0,83.6,83.4,82.5,20960000.0,-0.72,-0.0071770334928229484,-0.007202912294057997,5.188194551589184e-05,0.007202912294057997,0.49693130016339976,0.3766724273396601,GTCO
2025-06-26,83.0,83.0,83.0,82.8,23050000.0,0.0,0.0,0.0,0.0,0.0,0.5019482476201442,0.37727835085659067,GTCO
2025-06-27,82.5,83.0,82.75,82.1,15780000.0,-0.6,-0.0060240963855421326,-0.006042314455962586,3.650956398473444e-05,0.006042314455962586,0.11044226006723273,0.3638625770204934,GTCO
2025-06-30,81.25,82.5,81.45,80.0,11960000.0,-1.52,-0.015151515151515138,-0.01526747213078842,0.0002330957052644011,0.01526747213078842,0.1022649832261093,0.3706668085850672,GTCO
2025-07-01,80.25,81.25,80.5,80.0,5740000.0,-1.23,-0.012307692307692353,-0.012384059199721666,0.00015336492226221082,0.012384059199721666,0.09402988823692328,0.37486742680604346,GTCO
2025-07-02,80.0,80.25,80.4,80.0,8390000.0,-0.31,-0.0031152647975077885,-0.003120127336243634,9.735194594374794e-06,0.003120127336243634,0.100916077754992,0.37319389908459843,GTCO
2025-07-03,82.75,80.5,83.2,80.5,40640000.0,3.44,0.034375000000000044,0.03379737958329071,0.0011422628666970358,0.03379737958329071,0.314814774090479,0.35937071684220967,GTCO
2025-07-04,83.2,82.75,84.0,82.8,18510000.0,0.54,0.005438066465256908,0.005423333569990736,2.9412547011388458e-05,0.005423333569990736,0.3128520699685835,0.35510114793349357,GTCO
2025-07-07,84.5,83.2,86.65,83.3,12060000.0,1.56,0.015625,0.015504186535965254,0.00024037980014200626,0.015504186535965254,0.2825821210681369,0.3536537137009259,GTCO
2025-07-08,85.95,84.5,85.95,84.0,33760000.0,1.72,0.017159763313609577,0.017014197465730206,0.00028948291540286015,0.017014197465730206,0.2201870236031219,0.3520776595404189,GTCO
2025-07-09,88.0,85.95,90.0,86.8,18230000.0,2.39,0.023851076207097144,0.023571082649348204,0.000555595937262404,0.023571082649348204,0.1665552865384218,0.3550058928528762,GTCO
2025-07-10,90.5,88.0,91.95,89.15,21990000.0,2.84,0.02840909090909083,0.028013036227673888,0.0007847301986929697,0.028013036227673888,0.13670207814454682,0.35955849795623734,GTCO
2025-07-11,94.1,90.5,95.0,92.2,21320000.0,3.98,0.03977900552486191,0.039008195885453546,0.001521639346237915,0.039008195885453546,0.15071993950686352,0.36778873392687184,GTCO
2025-07-14,93.85,94.1,97.85,93.8,20190000.0,-0.27,-0.002656748140276277,-0.002660283558816101,7.077108613307259e-06,0.002660283558816101,0.24538612308136948,0.3714192686345702,GTCO
2025-07-16,101.0,97.0,103.2,97.0,48130000.0,7.62,0.07618540223761339,0.07342275380874179,0.005390900776859107,0.07342275380874179,0.4385553698432176,0.42270304941564835,GTCO
2025-07-17,93.05,102.1,102.1,93.05,19270000.0,-7.87,-0.07871287128712878,-0.08198353375299976,0.00672129980662925,0.08198353375299976,0.9325147048920891,0.5187810085968542,GTCO
2025-07-18,95.05,93.05,95.55,94.9,33890000.0,2.15,0.02149382052659865,0.02126608584617845,0.0004522464072170314,0.02126608584617845,0.926040467536909,0.5063244263918987,GTCO
2025-07-21,94.5,95.05,94.5,93.55,21860000.0,-0.58,-0.005786428195686422,-0.005803234434741038,3.367752990456414e-05,0.005803234434741038,0.8910112197982445,0.5088313965128715,GTCO
2025-07-22,93.8,94.5,102.0,93.7,32750000.0,-0.74,-0.007407407407407418,-0.00743497848751809,5.527890510985679e-05,0.00743497848751809,0.8928386402635724,0.4698076256035109,GTCO
2025-07-23,94.0,93.8,94.0,93.0,12180000.0,0.21,0.002132196162046851,0.002129926257824849,4.5365858637717656e-06,0.002129926257824849,0.6267542391872722,0.46352622877438954,GTCO
2025-07-24,94.1,94.0,95.0,93.6,10470000.0,0.11,0.0010638297872340718,0.0010632643213300838,1.1305310170135237e-06,0.0010632643213300838,0.18129068611130286,0.46346565134787043,GTCO
2025-07-25,94.0,94.1,94.2,93.9,28710000.0,-0.11,-0.0010626992561104665,-0.0010632643213300003,1.1305310170133463e-06,0.0010632643213300003,0.06691593541502369,0.46180800506157704,GTCO
2025-07-28,94.1,94.0,95.0,94.0,15610000.0,0.11,0.0010638297872340718,0.0010632643213300838,1.1305310170135237e-06,0.0010632643213300838,0.06128080824242034,0.46165074102737874,GTCO
2025-07-29,98.0,94.1,98.9,94.3,26840000.0,4.14,0.04144527098831041,0.04060943207923807,0.00164912597379825,0.04060943207923807,0.28322989381212604,0.4744552801828934,GTCO
2025-07-30,101.95,98.15,101.95,98.15,30260000.0,4.03,0.040306122448979576,0.039515018349892246,0.001561436675192321,0.039515018349892246,0.3455819872562151,0.4782530797066294,GTCO
2025-07-31,100.5,102.0,102.05,100.5,24030000.0,-1.42,-0.01422265816576751,-0.014324769521333717,0.0002051990218393314,0.014324769521333717,0.400976928606962,0.47948450969903006,GTCO
2025-08-01,99.5,100.5,102.0,99.5,26280000.0,-1.0,-0.00995024875621886,-0.01000008333458331,0.00010000166669861086,0.01000008333458331,0.42523365568427285,0.48256816198663494,GTCO
2025-08-04,100.0,99.5,102.0,100.0,27390000.0,0.5,0.005025125628140614,0.0050125418235441935,2.512557553277975e-05,0.0050125418235441935,0.4200949132849948,0.4752195280350407,GTCO
2025-08-05,99.0,100.0,101.5,99.0,39040000.0,-1.0,-0.010000000000000009,-0.01005033585350145,0.00010100925076817673,0.01005033585350145,0.3524854008722066,0.4796956469549077,GTCO
2025-08-06,99.4,99.0,100.0,96.0,15130000.0,0.4,0.004040404040404066,0.004032263527938451,1.6259149158742643e-05,0.004032263527938451,0.14182364748692577,0.4791644945592459,GTCO
2025-08-07,99.95,99.4,99.95,99.5,29210000.0,0.55,0.005533199195171035,0.005517947283880727,3.044774222768669e-05,0.005517947283880727,0.12965219132538974,0.478012414724166,GTCO
2025-08-08,100.0,99.95,100.0,99.5,13620000.0,0.05,0.0005002501250626068,0.0005001250416823734,2.5012505731779574e-07,0.0005001250416823734,0.10289899825170094,0.47471776752249784,GTCO
2025-08-11,99.85,100.0,99.85,99.85,3710000.0,-0.15,-0.0015000000000000568,-0.0015011261262672026,2.2533796469619774e-06,0.0015011261262672026,0.09713621965342463,0.46851101723554484,GTCO
2025-08-12,99.0,99.85,99.45,98.5,26500000.0,-0.85,-0.00851276915373056,-0.00854920972723426,7.308898696023687e-05,0.00854920972723426,0.08777733837506047,0.45332635314774933,GTCO
2025-08-13,97.7,99.0,98.65,97.5,11210000.0,-1.31,-0.013131313131313105,-0.013218291085852844,0.00017472321923033677,0.013218291085852844,0.11806171670880257,0.4562821196835602,GTCO
2025-08-14,97.2,97.7,98.0,97.0,7860000.0,-0.51,-0.0051177072671443335,-0.0051308475823436785,2.6325596913241972e-05,0.0051308475823436785,0.08729773052129647,0.3750828016061241,GTCO
2025-08-15,97.7,97.2,97.7,97.0,20670000.0,0.51,0.005144032921810648,0.0051308475823436134,2.6325596913241305e-05,0.0051308475823436134,0.11067588591619038,0.23619074334208848,GTCO
2025-08-18,97.0,97.7,97.0,96.7,10780000.0,-0.72,-0.007164790174002067,-0.007190580545354254,5.1704448579227086e-05,0.007190580545354254,0.1077988240401701,0.22785649468070646,GTCO
2025-08-19,95.0,97.0,97.0,95.0,6290000.0,-2.06,-0.020618556701030966,-0.020834086902842025,0.00043405917707517363,0.020834086902842025,0.15328185775859715,0.23915294110292146,GTCO
2025-08-20,90.15,95.0,94.0,90.15,10160000.0,-5.11,-0.05105263157894735,-0.05240194195121454,0.002745963520258458,0.05240194195121454,0.35413768185560646,0.30028035331633324,GTCO
2025-08-21,92.75,90.15,93.7,92.75,8920000.0,2.88,0.028840820854131977,0.02843275183821822,0.0008084213770937016,0.02843275183821822,0.47803397795663943,0.31801711243014674,GTCO
2025-08-22,94.0,92.75,94.0,92.8,15990000.0,1.35,0.013477088948786964,0.013387080782459279,0.00017921393187609054,0.013387080782459279,0.4970309307988249,0.32169175415255585,GTCO
2025-08-25,96.05,94.0,96.5,95.05,25000000.0,2.18,0.021808510638297918,0.021574106944561803,0.0004654420904553898,0.021574106944561803,0.5391333651370831,0.33023828276414124,GTCO
2025-08-26,98.0,96.05,98.0,97.0,12070000.0,2.03,0.020301926080166677,0.020098589456006358,0.00040395329812108996,0.020098589456006358,0.5270760530575948,0.3367828379512748,GTCO
2025-08-27,95.0,98.0,97.85,95.0,9370000.0,-3.06,-0.030612244897959218,-0.03109058707003112,0.0009666246043591862,0.03109058707003112,0.3785381667213855,0.3243958438470595,GTCO
2025-08-28,92.05,97.0,97.0,92.0,96450000.0,-3.11,-0.031052631578947443,-0.03154498392145405,0.0009950860106047947,0.03154498392145405,0.4346573460994381,0.30399962853987833,GTCO
2025-08-29,92.0,92.05,94.95,92.0,21330000.0,-0.05,-0.0005431830526887449,-0.0005433306300465419,2.952081735467722e-07,0.0005433306300465419,0.4153920604249731,0.3023398217091278,GTCO
2025-09-01,92.0,92.0,92.1,92.0,9000000.0,0.0,0.0,0.0,0.0,0.0,0.3545009409101424,0.3019102257843119,GTCO
2025-09-02,91.5,92.0,95.0,91.5,32610000.0,-0.54,-0.005434782608695676,-0.005449604767564703,2.969819212266394e-05,0.005449604767564703,0.25716330834217843,0.30026294325698166,GTCO
2025-09-03,90.5,91.5,91.5,89.95,34850000.0,-1.09,-0.010928961748633892,-0.010989121575595206,0.00012076079300321206,0.010989121575595206,0.20619535458216803,0.30050973954965715,GTCO
2025-09-04,92.0,90.5,92.0,91.95,5710000.0,1.66,0.016574585635359185,0.01643872634315994,0.00027023172378530053,0.01643872634315994,0.16284469028295342,0.30781533360855795,GTCO
2025-09-08,92.0,92.0,92.0,91.9,17410000.0,0.0,0.0,0.0,0.0,0.0,0.1627990007997723,0.3063267926693141,GTCO
2025-09-09,92.5,92.0,92.5,92.0,16340000.0,0.54,0.005434782608695565,0.005420067469339113,2.93771313721881e-05,0.005420067469339113,0.16728455422591332,0.30769775306533204,GTCO
2025-09-10,92.4,92.5,93.0,92.0,22400000.0,-0.11,-0.00108108108108107,-0.0010816658707410232,1.170001055925936e-06,0.0010816658707410232,0.15921637489901805,0.30773916426868825,GTCO
2025-09-11,92.65,92.4,93.0,92.65,4500000.0,0.27,0.0027056277056276556,0.002701974083730262,7.300663949149989e-06,0.002701974083730262,0.11163794179403463,0.30796986073827554,GTCO
2025-09-12,93.0,92.65,93.0,93.0,3040000.0,0.38,0.0037776578521315773,0.0037705404218870493,1.4216975073084167e-05,0.0037705404218870493,0.042514046772990595,0.3065963634372538,GTCO
2025-09-15,94.2,93.0,94.25,94.2,7910000.0,1.29,0.012903225806451646,0.012820688429061469,0.00016437005179507065,0.012820688429061469,0.08123354867888573,0.3108205157176561,GTCO
2025-09-16,95.0,94.2,95.0,95.0,32890000.0,0.85,0.00849256900212314,0.008456710018223458,7.151594433232101e-05,0.008456710018223458,0.08561002867810738,0.3119251121848453,GTCO
2025-09-17,94.0,95.0,94.0,94.0,2310000.0,-1.05,-0.010526315789473717,-0.010582109330536972,0.00011198103788343765,0.010582109330536972,0.13984846276509547,0.31294696578916703,GTCO
2025-09-18,94.7,94.0,94.7,94.1,3560000.0,0.74,0.007446808510638281,0.007419217922028647,5.504479457455107e-05,0.007419217922028647,0.1422823875987611,0.30618034927043497,GTCO
2025-09-19,94.0,94.7,94.8,92.05,8490000.0,-0.74,-0.007391763463569179,-0.007419217922028677,5.504479457455152e-05,0.007419217922028677,0.1655595458498586,0.24248194494587152,GTCO
2025-09-22,93.0,94.0,94.0,93.0,18590000.0,-1.06,-0.010638297872340385,-0.010695289116747919,0.00011438920929082648,0.010695289116747919,0.15372511677891348,0.22604795930343266,GTCO
2025-09-23,90.0,93.0,94.0,85.15,45010000.0,-3.23,-0.032258064516129004,-0.03278982282299084,0.0010751724807631308,0.03278982282299084,0.22825359654614125,0.24750056987893793,GTCO
2025-09-24,91.0,90.0,91.0,90.0,22880000.0,1.11,0.011111111111111072,0.011049836186584935,0.0001220988797503619,0.011049836186584935,0.2762507310179618,0.23730733777135854,GTCO
2025-09-25,92.8,91.0,92.8,91.0,6840000.0,1.98,0.01978021978021971,0.01958713327530478,0.0003836557899445517,0.01958713327530478,0.32418683257172287,0.23669752615000955,GTCO
2025-09-26,93.0,92.8,94.0,93.0,7960000.0,0.22,0.0021551724137931494,0.0021528533611010927,4.634777594404272e-06,0.0021528533611010927,0.3250471006109147,0.21311152850254558,GTCO
2025-09-29,94.0,93.0,94.0,93.5,2570000.0,1.08,0.010752688172043001,0.01069528911674795,0.00011438920929082715,0.01069528911674795,0.32504710061091474,0.18527740074892388,GTCO
2025-09-30,93.9,94.0,94.0,93.9,4490000.0,-0.11,-0.0010638297872339608,-0.0010643960557865904,1.1329389635740505e-06,0.0010643960557865904,0.12945468166237306,0.18534080868964906,GTCO
2025-10-02,95.9,93.9,95.9,93.85,26150000.0,2.13,0.021299254526091493,0.02107559567517522,0.00044418073306346444,0.02107559567517522,0.15832123756005023,0.1978999651255488,GTCO
2025-10-03,95.85,95.9,96.0,94.75,35140000.0,-0.05,-0.0005213764337853588,-0.0005215123977392003,2.719751809956899e-07,0.0005215123977392003,0.1496467275084438,0.19629959826595333,GTCO
2025-10-06,99.0,95.85,99.25,96.15,20060000.0,3.29,0.032863849765258246,0.03233538064293645,0.0010455768413235892,0.03233538064293645,0.22781338743737045,0.21597530723768757,GTCO
2025-10-07,95.0,99.0,98.0,95.0,6020000.0,-4.04,-0.04040404040404044,-0.041242958534049134,0.0017009816286412964,0.041242958534049134,0.44687147850871267,0.26246938461009833,GTCO
2025-10-08,94.0,94.0,95.5,94.0,19030000.0,-1.05,-0.010526315789473717,-0.010582109330536972,0.00011198103788343765,0.010582109330536972,0.45615154782473827,0.26578454578019567,GTCO
2025-10-09,95.0,94.0,95.0,94.4,1700000.0,1.06,0.010638297872340496,0.010582109330537008,0.00011198103788343841,0.010582109330537008,0.4313231865402031,0.2674565887652972,GTCO
2025-10-10,95.0,95.0,95.0,95.0,1490000.0,0.0,0.0,0.0,0.0,0.0,0.43144298358894945,0.26736298827771493,GTCO
2025-10-13,94.0,95.0,94.0,94.0,11060000.0,-1.05,-0.010526315789473717,-0.010582109330536972,0.00011198103788343765,0.010582109330536972,0.30738364344714697,0.2704411556682031,GTCO
2025-10-14,94.0,94.0,94.3,94.0,9750000.0,0.0,0.0,0.0,0.0,0.0,0.1405469853203497,0.27021511320095026,GTCO
2025-10-15,93.4,94.0,94.0,93.4,9270000.0,-0.64,-0.006382978723404209,-0.006403437035206913,4.10040058638595e-05,0.006403437035206913,0.12718574082361533,0.2673701257047577,GTCO
2025-10-16,93.5,93.4,93.6,93.35,27570000.0,0.11,0.0010706638115631772,0.001070091059844386,1.1450948763588812e-06,0.001070091059844386,0.08073782937139812,0.2655028719530959,GTCO
2025-10-17,93.3,93.5,93.5,93.3,6340000.0,-0.21,-0.002139037433155133,-0.0021413284413432264,4.585287493705411e-06,0.0021413284413432264,0.07675203000755629,0.26316733675820486,GTCO
2025-10-20,93.25,93.3,93.45,93.25,5740000.0,-0.05,-0.000535905680600135,-0.0005360493293731397,2.873488835213928e-07,0.0005360493293731397,0.04640911636958492,0.26164436916423817,GTCO
2025-10-21,92.95,93.25,93.25,92.95,31360000.0,-0.32,-0.0032171581769436797,-0.0032223443564718796,1.0383503151686172e-05,0.0032223443564718796,0.04501820984445025,0.26069557804449783,GTCO
2025-10-22,93.0,93.0,93.5,93.0,79450000.0,0.05,0.0005379236148466138,0.0005377789858028366,2.8920623757112757e-07,0.0005377789858028366,0.02862526563103659,0.25807021033990296,GTCO
2025-10-23,92.8,93.0,93.5,92.8,6990000.0,-0.22,-0.0021505376344086446,-0.0021528533611010897,4.634777594404259e-06,0.0021528533611010897,0.023660060738857527,0.22923412500382784,GTCO
2025-10-24,92.5,92.8,93.0,92.3,19180000.0,-0.32,-0.003232758620689613,-0.0032379952737753384,1.0484613392991429e-05,0.0032379952737753384,0.026619979596276128,0.22703467149494394,GTCO
2025-10-27,90.65,92.5,91.2,90.65,11550000.0,-2.0,-0.019999999999999907,-0.020202707317519355,0.0004081493829573501,0.020202707317519355,0.13138758090459485,0.22734128089291233,GTCO
2025-10-28,90.45,90.65,90.65,90.05,15600000.0,-0.22,-0.0022062879205736463,-0.0022087253595559323,4.878467713945482e-06,0.0022087253595559323,0.1327601119316272,0.22705291962146412,GTCO
2025-10-29,90.35,90.45,91.0,90.1,33970000.0,-0.11,-0.00110558319513554,-0.0011061948030667468,1.2236669423318787e-06,0.0011061948030667468,0.12853228135988998,0.22282245768864867,GTCO
2025-10-30,89.0,90.35,90.0,88.55,97920000.0,-1.49,-0.014941892639734333,-0.015054647306097627,0.00022664240551099256,0.015054647306097627,0.13787967363327414,0.22739602173217127,GTCO
2025-10-31,89.5,89.0,89.8,89.0,66440000.0,0.56,0.00561797752808979,0.0056022555486697516,3.1385267232601016e-05,0.0056022555486697516,0.16928410932240764,0.2129998571417822,GTCO
2025-11-03,89.5,89.5,95.0,88.1,49830000.0,0.0,0.0,0.0,0.0,0.0,0.12077385590444355,0.21309287282621875,GTCO
2025-11-04,85.15,89.5,89.5,85.15,8250000.0,-4.86,-0.048603351955307184,-0.049824218172112314,0.0024824527164622467,0.049824218172112314,0.3560712125185012,0.22957580403136155,GTCO
2025-11-05,85.95,85.15,87.0,85.6,28510000.0,0.94,0.009395184967704084,0.009351324720161008,8.744727402189436e-05,0.009351324720161008,0.3830842114764722,0.19997111960611014,GTCO
2025-11-06,85.5,85.95,85.95,85.0,12650000.0,-0.52,-0.005235602094240899,-0.00524935588614379,2.7555737219392456e-05,0.00524935588614379,0.38122938963308717,0.19886746513969697,GTCO
2025-11-07,85.0,85.5,85.35,85.0,10690000.0,-0.58,-0.005847953216374324,-0.005865119452398134,3.4399626190898986e-05,0.005865119452398134,0.3636963759778166,0.19114870008431492,GTCO
2025-11-10,84.5,85.0,84.7,84.0,6150000.0,-0.59,-0.00588235294117645,-0.005899722127188271,3.48067211780349e-05,0.005899722127188271,0.35547104507980054,0.19017903614587847,GTCO
2025-11-11,78.0,84.5,83.1,77.5,13500000.0,-7.69,-0.07692307692307687,-0.08004270767353637,0.006406835051711198,0.08004270767353637,0.5641925296460703,0.32066438008685455,GTCO
2025-11-12,85.8,85.8,85.8,85.75,104780000.0,10.0,0.09999999999999987,0.09531017980432474,0.009084030374332712,0.09531017980432474,0.9909500945796639,0.4828812051828859,GTCO
2025-11-13,88.5,85.8,89.95,88.0,8760000.0,3.15,0.03146853146853146,0.030983545519967227,0.0009599800929878812,0.030983545519967227,1.0128070565014338,0.498005739065195,GTCO
2025-11-14,86.0,88.5,88.6,85.55,17710000.0,-2.82,-0.02824858757062143,-0.02865525576037606,0.0008211236826925654,0.02865525576037606,1.043361508098444,0.5058547745354868,GTCO
2025-11-17,85.5,86.0,86.5,85.5,21780000.0,-0.58,-0.005813953488372103,-0.00583092031079321,3.399963167082078e-05,0.00583092031079321,1.0433273942712071,0.5058471145934923,GTCO
2025-11-18,85.8,85.5,86.0,85.5,7840000.0,0.35,0.0035087719298245723,0.0035026305512020745,1.2268420778214148e-05,0.0035026305512020745,0.7569409197807486,0.5064045699616146,GTCO
2025-11-19,84.6,85.8,85.5,84.45,18730000.0,-1.4,-0.013986013986014068,-0.014084739881739085,0.00019837989753625153,0.014084739881739085,0.3537269738201826,0.5076004319846731,GTCO
2025-11-20,84.0,84.6,84.1,83.8,25660000.0,-0.71,-0.007092198581560183,-0.0071174677688638785,5.065834744081616e-05,0.0071174677688638785,0.18979157789357226,0.5073391424319196,GTCO
2025-11-21,84.5,84.0,84.5,83.55,48430000.0,0.6,0.005952380952380931,0.0059347355198145265,3.52210856901482e-05,0.0059347355198145265,0.1300850821439051,0.5086521005297656,GTCO
2025-11-24,84.8,84.5,84.9,84.5,203850000.0,0.36,0.0035502958579880506,0.0035440084347291103,1.2559995785431078e-05,0.0035440084347291103,0.13645876170418525,0.509399686405373,GTCO
2025-11-25,86.0,84.8,86.0,84.6,26190000.0,1.42,0.014150943396226356,0.014051753455650287,0.00019745177517837978,0.014051753455650287,0.17626904335241692,0.5096094813898513,GTCO
2025-11-26,86.0,86.0,90.0,86.0,134120000.0,0.0,0.0,0.0,0.0,0.0,0.12347818766357117,0.5096832329196255,GTCO
2025-11-27,86.1,86.0,88.0,86.0,26200000.0,0.12,0.0011627906976743319,0.0011621151801772967,1.3505116919985108e-06,0.0011621151801772967,0.08861272898074089,0.5098164692139289,GTCO
2025-11-28,86.4,86.1,87.2,86.15,10420000.0,0.35,0.0034843205574914826,0.0034782643763250137,1.2098323071611637e-05,0.0034782643763250137,0.08858893120255508,0.5080108562653238,GTCO
2025-12-01,86.4,86.4,86.5,86.4,9860000.0,0.0,0.0,0.0,0.0,0.0,0.09425683469059748,0.5074065678367928,GTCO
2025-12-02,86.4,86.4,86.4,86.35,20810000.0,0.0,0.0,0.0,0.0,0.0,0.023999150974758642,0.5074065678367928,GTCO
2025-12-03,87.0,86.4,87.0,86.5,34820000.0,0.69,0.00694444444444442,0.006920442844573757,4.789252916501212e-05,0.006920442844573757,0.04669564202020056,0.4767120269151113,GTCO
2025-12-04,88.0,87.0,88.05,88.0,28290000.0,1.15,0.011494252873563315,0.01142869582362285,0.00013061508822889437,0.01142869582362285,0.07749249415982598,0.47722332432916054,GTCO
2025-12-05,89.0,88.0,89.1,88.0,3000000.0,1.14,0.011363636363636465,0.011299555253933466,0.0001276799489366954,0.011299555253933466,0.09063028761179627,0.47788205194668326,GTCO
2025-12-08,90.05,89.0,90.1,90.05,3620000.0,1.18,0.01179775280898876,0.011728701889825242,0.00013756244802039022,0.011728701889825242,0.07989950540181136,0.4781614212738122,GTCO
2025-12-09,91.0,90.05,91.5,90.5,32659999.999999996,1.05,0.010549694614103267,0.010494434894884946,0.00011013316376297882,0.010494434894884946,0.03149581365996553,0.47779785864249164,GTCO
2025-12-10,91.25,91.0,93.4,91.0,30010000.0,0.27,0.0027472527472527375,0.002743485945750834,7.526715134532348e-06,0.002743485945750834,0.0607379740686966,0.36903283871813014,GTCO
2025-12-11,90.85,91.25,91.25,90.85,6820000.0,-0.44,-0.004383561643835687,-0.004393197620420765,1.9300185332070672e-05,0.004393197620420765,0.11197580274775154,0.1864849362816763,GTCO
2025-12-12,89.9,90.85,90.0,89.5,13670000.0,-1.05,-0.010456796917996614,-0.010511853364605517,0.00011049906115896834,0.010511853364605517,0.1515941795627638,0.16089697036247738,GTCO
2025-12-15,89.9,89.9,90.0,89.5,12160000.0,0.0,0.0,0.0,0.0,0.0,0.12471930656761748,0.12045453906380259,GTCO
2025-12-16,88.0,89.9,89.9,88.0,16920000.0,-2.11,-0.021134593993325956,-0.021361126999368155,0.0004562977466831352,0.021361126999368155,0.15244271224405817,0.14322035282345902,GTCO
2025-12-17,88.4,88.0,88.5,88.0,15130000.0,0.45,0.00454545454545463,0.004535155165391363,2.056763237417596e-05,0.004535155165391363,0.15979193663755567,0.14345832318176005,GTCO
2025-12-18,88.1,88.4,88.3,88.1,16900000.0,-0.34,-0.0033936651583711397,-0.0033994367014640262,1.1556169887260619e-05,0.0033994367014640262,0.16071023503719684,0.1333229933087751,GTCO
2025-12-19,88.1,88.1,88.1,80.5,22400000.0,0.0,0.0,0.0,0.0,0.0,0.16005096528339552,0.12946078399956495,GTCO
2025-12-22,88.1,88.1,88.3,88.1,2870000.0,0.0,0.0,0.0,0.0,0.0,0.16005096528339552,0.12897505679830878,GTCO
2025-12-23,88.0,88.1,88.3,88.0,63450000.0,-0.11,-0.0011350737797956034,-0.0011357184639272685,1.2898564293053145e-06,0.0011357184639272685,0.045880938280689836,0.12928152640295892,GTCO
2025-12-24,88.65,88.0,89.0,88.0,23280000.0,0.74,0.007386363636363802,0.007359218042010588,5.415809018985416e-05,0.007359218042010588,0.06419322524731365,0.12320234838285443,GTCO
2025-12-29,89.55,88.65,90.0,88.85,9640000.0,1.02,0.0101522842639592,0.010101095986503699,0.00010203214012856114,0.010101095986503699,0.08101506630701305,0.1266307140107566,GTCO
2025-12-30,91.0,89.55,91.0,90.7,4300000.0,1.62,0.016192071468453362,0.01606237801012924,0.00025799998734028334,0.01606237801012924,0.11383717470665693,0.13569323736355107,GTCO
2025-12-31,90.7,91.0,91.0,90.0,10370000.0,-0.33,-0.003296703296703285,-0.0033021493957591107,1.090419063191226e-05,0.0033021493957591107,0.12729308114972998,0.13718739026344245,GTCO
2026-01-02,92.3,90.7,92.3,90.7,8130000.000000001,1.76,0.01764057331863289,0.01748678438771559,0.00030578762822245373,0.01748678438771559,0.13178811114825423,0.14652862700552133,GTCO
2026-01-05,97.0,92.3,98.8,93.0,8500000.0,5.09,0.050920910075839654,0.04966683699457635,0.002466794697045818,0.04966683699457635,0.30975437725367205,0.217106416394157,GTCO
2026-01-06,99.95,97.0,100.05,99.05,20370000.0,3.04,0.030412371134020733,0.02995908244302636,0.0008975466208280503,0.02995908244302636,0.3099211426344167,0.23307303852883676,GTCO
2026-01-07,99.0,99.95,99.0,97.9,11260000.0,-0.95,-0.009504752376188086,-0.009550210811819134,9.120652655018709e-05,0.009550210811819134,0.38495915290279437,0.23886337788789036,GTCO
2026-01-08,99.0,99.0,99.0,98.0,10230000.0,0.0,0.0,0.0,0.0,0.0,0.37464321490481756,0.23867847216139776,GTCO
2026-01-09,99.2,99.0,99.5,99.0,10800000.0,0.2,0.002020202020202033,0.0020181641562371953,4.07298656152059e-06,0.0020181641562371953,0.3904705860163382,0.2376335063883337,GTCO
2026-01-12,99.45,99.2,99.5,99.2,5180000.0,0.25,0.002520161290322509,0.0025169910091540253,6.335243740162199e-06,0.0025169910091540253,0.2347496335166128,0.23674891058527434,GTCO
2026-01-13,99.5,99.45,99.95,99.0,19480000.0,0.05,0.0005027652086475598,0.0005026388645658785,2.5264582817207557e-07,0.0005026388645658785,0.07849258795042811,0.23705305970139678,GTCO
2026-01-14,99.0,99.5,99.75,99.0,8109999.999999999,-0.5,-0.005025125628140725,-0.005037794029957181,2.5379368688272212e-05,0.005037794029957181,0.04765013560884962,0.23735511981548302,GTCO
2026-01-15,98.9,99.0,99.0,98.8,20660000.0,-0.1,-0.0010101010101009056,-0.001010611505923392,1.0213356159047462e-06,0.001010611505923392,0.04818724663833114,0.23221620689898942,GTCO
2026-01-16,98.95,98.9,99.0,98.9,15550000.0,0.05,0.0005055611729019027,0.000505433419908285,2.5546294196018476e-07,0.000505433419908285,0.04487926194591559,0.23209817627891313,GTCO
2026-01-19,97.4,98.95,99.0,97.0,12370000.0,-1.57,-0.015664477008590194,-0.015788461400085316,0.000249275513381984,0.015788461400085316,0.10923939360486076,0.22494674101541376,GTCO
2026-01-20,95.0,97.4,97.45,94.1,39050000.0,-2.46,-0.024640657084188944,-0.024949319047948615,0.0006224685209563316,0.024949319047948615,0.17207896783278484,0.24749590044883715,GTCO
2026-01-21,94.95,95.0,94.95,94.5,22880000.0,-0.05,-0.000526315789473708,-0.0005264543422459734,2.771541744696405e-07,0.0005264543422459734,0.1817546606001279,0.2466959871577702,GTCO
2026-01-22,95.6,94.95,95.6,94.05,9730000.0,0.68,0.006845708267509076,0.006822382799060578,4.654490705691765e-05,0.006822382799060578,0.20826565683664577,0.24658555126508563,GTCO
2026-01-23,98.5,95.6,98.5,98.5,14940000.0,3.03,0.030334728033472924,0.02988372812068771,0.0008930372063911816,0.02988372812068771,0.3374451425179724,0.26189896824607817,GTCO
2026-01-26,98.5,98.5,98.6,98.5,31560000.0,0.0,0.0,0.0,0.0,0.0,0.3111872950805053,0.2615759351160469,GTCO
2026-01-27,98.5,98.5,99.0,98.3,25280000.0,0.0,0.0,0.0,0.0,0.0,0.20668367794625178,0.2621116517037151,GTCO
2026-01-28,99.0,98.5,99.0,98.5,21900000.0,0.51,0.0050761421319796,0.0050633019565466345,2.563702670316898e-05,0.0050633019565466345,0.19704260781350497,0.26146061539093374,GTCO
2026-01-29,98.85,99.0,98.9,98.8,26030000.0,-0.15,-0.0015151515151515804,-0.001516300517964075,2.299167260778122e-06,0.001516300517964075,0.20961725088520988,0.25898004971696026,GTCO
2026-01-30,99.0,98.85,99.0,98.85,6360000.0,0.15,0.0015174506828528056,0.001516300517964008,2.299167260777919e-06,0.001516300517964008,0.03977186468720732,0.25781752219036247,GTCO
2026-02-02,98.8,99.0,98.8,98.8,14950000.0,-0.2,-0.002020202020202033,-0.002022245380767809,4.089476380036741e-06,0.002022245380767809,0.045232064433059715,0.25394886853266857,GTCO
2026-02-03,99.5,98.8,99.5,98.5,65900000.00000001,0.71,0.007085020242914908,0.0070600394107248835,4.984415648098856e-05,0.0070600394107248835,0.06338013617674064,0.19085778909367965,GTCO
2026-02-04,99.8,99.5,99.8,99.0,7300000.0,0.3,0.0030150753768845018,0.0030105391528712842,9.06334599097095e-06,0.0030105391528712842,0.05867138432028597,0.16005927867167044,GTCO
2026-02-05,100.0,99.8,100.0,99.95,6480000.0,0.2,0.002004008016032177,0.0020020026706731903,4.008014693382586e-06,0.0020020026706731903,0.0517730138317377,0.15640018948481585,GTCO
2026-02-06,100.25,100.0,101.0,99.9,31580000.0,0.25,0.0024999999999999467,0.002496880198587146,6.234410726096585e-06,0.002496880198587146,0.05128773072397084,0.15654302545339205,GTCO
2026-02-09,100.2,100.25,100.35,100.1,17090000.0,-0.05,-0.0004987531172069293,-0.0004988775359140897,2.4887879583971385e-07,0.0004988775359140897,0.04333082099576503,0.15649802554675887,GTCO
2026-02-10,101.0,100.2,101.5,100.55,45610000.0,0.8,0.007984031936127733,0.007952328190495015,6.323952364934172e-05,0.007952328190495015,0.048939245118684895,0.15851018685612625,GTCO
2026-02-11,106.0,101.0,106.0,102.3,20600000.0,4.95,0.04950495049504955,0.04831857727080773,0.0023346849094750175,0.04831857727080773,0.3255144383639398,0.22864844181183058,GTCO
2026-02-12,107.0,106.0,107.2,105.0,40780000.0,0.94,0.009433962264151052,0.009389740349839137,8.816722383739721e-05,0.009389740349839137,0.31520357460037046,0.2277075982817075,GTCO
2026-02-13,112.0,107.0,112.0,108.0,45040000.0,4.67,0.04672897196261672,0.045670036833188266,0.002085752264344773,0.045670036833188266,0.36505802923537517,0.2691800574622566,GTCO
2026-02-16,120.0,112.0,122.95,113.0,47400000.0,7.14,0.0714285714285714,0.06899287148695142,0.004760016316014994,0.06899287148695142,0.4221353270600396,0.345533818698261,GTCO
2026-02-17,117.2,120.0,121.5,117.2,33700000.0,-2.33,-0.023333333333333317,-0.023609865639133736,0.0005574257554979479,0.023609865639133736,0.5832697954984992,0.3536239411333479,GTCO
2026-02-18,115.95,117.2,116.5,115.95,9330000.0,-1.07,-0.010665529010238872,-0.010722813441371545,0.00011497872809845827,0.010722813441371545,0.6146328652516723,0.33966873524555335,GTCO
2026-02-19,117.0,115.95,118.9,117.0,52630000.0,0.91,0.009055627425614388,0.00901487109621536,8.126790088137912e-05,0.00901487109621536,0.6149672260893867,0.337726237813156,GTCO
2026-02-20,118.0,117.0,118.45,117.0,11380000.0,0.85,0.008547008547008517,0.00851068966790861,7.243183862344637e-05,0.00851068966790861,0.5635701804178235,0.3375802231215409,GTCO
2026-02-23,120.0,118.0,120.0,117.0,16079999.999999998,1.69,0.016949152542372836,0.01680711831638119,0.0002824792261008361,0.01680711831638119,0.2642740193430485,0.33085966016920837,GTCO
2026-02-24,120.0,120.0,121.0,120.0,28060000.0,0.0,0.0,0.0,0.0,0.0,0.16643127766163782,0.33085966016920837,GTCO
2026-02-25,118.0,120.0,120.0,117.45,31540000.0,-1.67,-0.01666666666666672,-0.01680711831638129,0.0002824792261008394,0.01680711831638129,0.2034832561865646,0.34181843930824857,GTCO
2026-02-26,117.1,118.0,117.3,117.0,18220000.0,-0.76,-0.007627118644067843,-0.007656353861993149,5.8619754460057405e-05,0.007656353861993149,0.20937869099584416,0.3462880107486116,GTCO
2026-02-27,117.0,117.1,117.0,116.5,11600000.0,-0.09,-0.0008539709649871829,-0.0008543358059155315,7.298896692693407e-07,0.0008543358059155315,0.19600706339873922,0.34606642604153603,GTCO
2026-03-02,117.95,117.0,118.0,116.0,16450000.0,0.81,0.00811965811965809,0.008086871055927888,6.539748347520423e-05,0.008086871055927888,0.14803464095214403,0.3452564007392388,GTCO
2026-03-03,118.9,117.95,119.0,116.0,26290000.0,0.81,0.008054260279779513,0.008021997843052056,6.435244939393184e-05,0.008021997843052056,0.16923630565244016,0.34320514796400065,GTCO
2026-03-04,119.0,118.9,120.0,118.0,25180000.0,0.08,0.000841042893187538,0.0008406894147932238,7.067586921453731e-07,0.0008406894147932238,0.10516889463063143,0.3442811526467571,GTCO
2026-03-05,119.0,119.0,119.05,119.0,45470000.0,0.0,0.0,0.0,0.0,0.0,0.07071525050545008,0.3450455279162982,GTCO
2026-03-06,119.0,119.0,119.05,118.0,38870000.0,0.0,0.0,0.0,0.0,0.0,0.06781554930661005,0.34558099794583125,GTCO
2026-03-09,118.0,119.0,118.05,117.9,8740000.0,-0.84,-0.008403361344537785,-0.008438868645864595,7.121450402215654e-05,0.008438868645864595,0.0926443771790742,0.34993712659266385,GTCO
2026-03-10,117.0,118.0,118.0,117.0,11250000.0,-0.85,-0.008474576271186418,-0.00851068966790862,7.243183862344652e-05,0.00851068966790862,0.07631906775833168,0.3534038251674026,GTCO
2026-03-11,118.0,117.0,118.7,117.0,11080000.0,0.85,0.008547008547008517,0.00851068966790861,7.243183862344637e-05,0.00851068966790861,0.11276356977885467,0.3534204870493371,GTCO
2026-03-12,117.45,118.0,117.45,117.0,13560000.0,-0.47,-0.004661016949152552,-0.004671913360742971,2.182677445028868e-05,0.004671913360742971,0.11323500072647899,0.32244586362933464,GTCO
2026-03-13,117.5,117.45,118.0,117.4,33620000.0,0.04,0.00042571306939120923,0.0004256224792918316,1.8115449487852563e-07,0.0004256224792918316,0.11389432695860612,0.3223629563771127,GTCO
2026-03-16,118.15,117.5,118.15,117.5,28900000.0,0.55,0.00553191489361704,0.005516670048703211,3.043364842625909e-05,0.005516670048703211,0.11139971438147223,0.2855940637136305,GTCO
2026-03-17,123.5,118.15,127.5,118.3,100020000.0,4.53,0.04528142192128648,0.04428615243511502,0.0019612632975062444,0.04428615243511502,0.30756053275797474,0.21798692343210216,GTCO
2026-03-18,114.35,123.5,123.7,114.35,48890000.0,-7.41,-0.07408906882591093,-0.07697723559924174,0.0059254948005011705,0.07697723559924174,0.698376757552226,0.3395412489499934,GTCO
2026-03-23,105.0,114.35,117.0,105.0,31100000.0,-8.18,-0.08176650634018356,-0.08530357031126669,0.007276699107849219,0.08530357031126669,0.8938816020424826,0.4471971958058251,GTCO
2026-03-24,111.0,105.0,112.3,100.0,184380000.0,5.71,0.05714285714285716,0.055569851154810786,0.0030880083573678256,0.055569851154810786,1.0540180751764678,0.49204844776142226,GTCO
2026-03-25,114.55,111.0,119.3,111.0,25570000.0,3.2,0.03198198198198199,0.0314812075871704,0.000991066431146515,0.0314812075871704,1.095543216560647,0.5047979680844255,GTCO
2026-03-26,115.4,114.55,115.5,115.3,9530000.0,0.74,0.007420340462680031,0.007392945174494637,5.465563835308354e-05,0.007392945174494637,1.0169464851399628,0.5015595845322429,GTCO
2026-03-27,116.1,115.4,116.9,112.0,19180000.0,0.61,0.0060658578856152,0.006047534629846576,3.657267509919356e-05,0.006047534629846576,0.8474990513514593,0.5022793522946261,GTCO
