Date,Price,Open,High,Low,Vol,Change_%,simple_return,log_return,squared_return,abs_return,realized_vol_5d,realized_vol_21d,stock
2020-01-02,592.1,657.8,592.1,592.1,4000000.0,-9.99,,,,,,,SEPLAT
2020-01-03,592.1,592.1,592.1,592.1,17990.0,0.0,0.0,0.0,0.0,0.0,,,SEPLAT
2020-01-06,589.5,592.1,589.5,589.5,1140000.0,-0.44,-0.004391150143556843,-0.004400819560304829,1.9367212802361588e-05,0.004400819560304829,,,SEPLAT
2020-01-07,589.5,589.5,589.5,589.5,6550.0,0.0,0.0,0.0,0.0,0.0,,,SEPLAT
2020-01-08,589.5,589.5,589.5,589.5,381460.0,0.0,0.0,0.0,0.0,0.0,,,SEPLAT
2020-01-09,589.5,589.5,589.5,589.5,211570.0,0.0,0.0,0.0,0.0,0.0,0.031242719555746493,,SEPLAT
2020-01-10,589.5,589.5,589.5,589.5,120.0,0.0,0.0,0.0,0.0,0.0,0.031242719555746493,,SEPLAT
2020-01-13,588.0,589.5,589.1,588.0,4380000.0,-0.25,-0.0025445292620864812,-0.0025477720787986644,6.491142565506068e-06,0.0025477720787986644,0.018087387464791754,,SEPLAT
2020-01-14,588.0,588.0,588.0,588.0,13170.0,0.0,0.0,0.0,0.0,0.0,0.018087387464791754,,SEPLAT
2020-01-15,588.0,588.0,588.0,588.0,80020.0,0.0,0.0,0.0,0.0,0.0,0.018087387464791754,,SEPLAT
2020-01-16,588.0,588.0,588.0,588.0,2680.0,0.0,0.0,0.0,0.0,0.0,0.018087387464791754,,SEPLAT
2020-01-17,588.0,588.0,588.0,588.0,3170.0,0.0,0.0,0.0,0.0,0.0,0.018087387464791754,,SEPLAT
2020-01-20,588.0,588.0,588.0,588.0,910.0,0.0,0.0,0.0,0.0,0.0,0.0,,SEPLAT
2020-01-21,588.0,588.0,588.0,588.0,15170.0,0.0,0.0,0.0,0.0,0.0,0.0,,SEPLAT
2020-01-22,588.0,588.0,588.0,588.0,11510.0,0.0,0.0,0.0,0.0,0.0,0.0,,SEPLAT
2020-01-23,600.0,588.0,600.0,600.0,8780000.0,2.04,0.020408163265306145,0.02020270731751947,0.0004081493829573547,0.02020270731751947,0.14342499399006675,,SEPLAT
2020-01-24,605.0,600.0,605.0,605.0,1070000.0,0.83,0.008333333333333304,0.008298802814695064,6.887012815719072e-05,0.008298802814695064,0.14077213713844652,,SEPLAT
2020-01-27,605.0,605.0,605.0,605.0,820.0,0.0,0.0,0.0,0.0,0.0,0.14077213713844652,,SEPLAT
2020-01-28,605.0,605.0,605.0,605.0,209060.0,0.0,0.0,0.0,0.0,0.0,0.14077213713844652,,SEPLAT
2020-01-29,605.0,605.0,605.0,605.0,13610.0,0.0,0.0,0.0,0.0,0.0,0.14077213713844652,,SEPLAT
2020-01-30,605.0,605.0,605.0,605.0,28920.0,0.0,0.0,0.0,0.0,0.0,0.05891565546713721,,SEPLAT
2020-01-31,605.0,605.0,605.0,605.0,20010.0,0.0,0.0,0.0,0.0,0.0,0.0,0.07783022639268108,SEPLAT
2020-02-03,605.0,605.0,605.0,605.0,9810.0,0.0,0.0,0.0,0.0,0.0,0.0,0.07783022639268108,SEPLAT
2020-02-04,605.0,605.0,605.0,605.0,49270.0,0.0,0.0,0.0,0.0,0.0,0.0,0.07541933654575232,SEPLAT
2020-02-05,605.0,605.0,605.0,605.0,11760.0,0.0,0.0,0.0,0.0,0.0,0.0,0.07541933654575232,SEPLAT
2020-02-06,605.0,605.0,605.0,605.0,7770.0,0.0,0.0,0.0,0.0,0.0,0.0,0.07541933654575232,SEPLAT
2020-02-07,605.0,605.0,605.0,605.0,1130.0,0.0,0.0,0.0,0.0,0.0,0.0,0.07541933654575232,SEPLAT
2020-02-10,605.0,605.0,605.0,605.0,60.0,0.0,0.0,0.0,0.0,0.0,0.0,0.07541933654575232,SEPLAT
2020-02-11,605.0,605.0,605.0,605.0,15380.0,0.0,0.0,0.0,0.0,0.0,0.0,0.07431718638480089,SEPLAT
2020-02-12,605.0,605.0,605.0,605.0,1510.0,0.0,0.0,0.0,0.0,0.0,0.0,0.07431718638480089,SEPLAT
2020-02-13,605.0,605.0,605.0,605.0,12780.0,0.0,0.0,0.0,0.0,0.0,0.0,0.07431718638480089,SEPLAT
2020-02-14,605.0,605.0,605.0,605.0,2230.0,0.0,0.0,0.0,0.0,0.0,0.0,0.07431718638480089,SEPLAT
2020-02-17,605.0,605.0,605.0,605.0,10.0,0.0,0.0,0.0,0.0,0.0,0.0,0.07431718638480089,SEPLAT
2020-02-18,605.0,605.0,605.0,605.0,1800.0,0.0,0.0,0.0,0.0,0.0,0.0,0.07431718638480089,SEPLAT
2020-02-19,605.0,605.0,605.0,605.0,800.0,0.0,0.0,0.0,0.0,0.0,0.0,0.07431718638480089,SEPLAT
2020-02-20,605.0,605.0,605.0,605.0,28280.0,0.0,0.0,0.0,0.0,0.0,0.0,0.07431718638480089,SEPLAT
2020-02-21,605.0,605.0,605.0,605.0,200.0,0.0,0.0,0.0,0.0,0.0,0.0,0.028747896234094898,SEPLAT
2020-02-24,605.0,605.0,605.0,605.0,230.0,0.0,0.0,0.0,0.0,0.0,0.0,0.0,SEPLAT
2020-02-25,605.0,605.0,605.0,605.0,1400.0,0.0,0.0,0.0,0.0,0.0,0.0,0.0,SEPLAT
2020-02-26,605.0,605.0,605.0,605.0,2270.0,0.0,0.0,0.0,0.0,0.0,0.0,0.0,SEPLAT
2020-02-27,605.0,605.0,605.0,605.0,70.0,0.0,0.0,0.0,0.0,0.0,0.0,0.0,SEPLAT
2020-02-28,605.0,605.0,605.0,605.0,2070.0,0.0,0.0,0.0,0.0,0.0,0.0,0.0,SEPLAT
2020-03-02,605.0,605.0,605.0,605.0,14040.0,0.0,0.0,0.0,0.0,0.0,0.0,0.0,SEPLAT
2020-03-03,605.0,605.0,605.0,605.0,1020.0,0.0,0.0,0.0,0.0,0.0,0.0,0.0,SEPLAT
2020-03-04,605.0,605.0,605.0,605.0,1440.0,0.0,0.0,0.0,0.0,0.0,0.0,0.0,SEPLAT
2020-03-05,605.0,605.0,605.0,605.0,34390.0,0.0,0.0,0.0,0.0,0.0,0.0,0.0,SEPLAT
2020-03-06,605.0,605.0,605.0,605.0,5190.0,0.0,0.0,0.0,0.0,0.0,0.0,0.0,SEPLAT
2020-03-09,605.0,605.0,605.0,605.0,2850.0,0.0,0.0,0.0,0.0,0.0,0.0,0.0,SEPLAT
2020-03-10,605.0,605.0,605.0,605.0,20.0,0.0,0.0,0.0,0.0,0.0,0.0,0.0,SEPLAT
2020-03-11,605.0,605.0,605.0,605.0,1520.0,0.0,0.0,0.0,0.0,0.0,0.0,0.0,SEPLAT
2020-03-12,605.0,605.0,605.0,605.0,1520.0,0.0,0.0,0.0,0.0,0.0,0.0,0.0,SEPLAT
2020-03-13,544.5,605.0,544.5,544.5,1530000.0,-10.0,-0.09999999999999998,-0.10536051565782628,0.011100838259683056,0.10536051565782628,0.74798545994426,0.36497953246202275,SEPLAT
2020-03-16,544.5,544.5,544.5,544.5,5660.0,0.0,0.0,0.0,0.0,0.0,0.74798545994426,0.36497953246202275,SEPLAT
2020-03-17,544.5,544.5,544.5,544.5,1540.0,0.0,0.0,0.0,0.0,0.0,0.74798545994426,0.36497953246202275,SEPLAT
2020-03-18,544.5,544.5,544.5,544.5,560.0,0.0,0.0,0.0,0.0,0.0,0.74798545994426,0.36497953246202275,SEPLAT
2020-03-19,544.5,544.5,544.5,544.5,30.0,0.0,0.0,0.0,0.0,0.0,0.74798545994426,0.36497953246202275,SEPLAT
2020-03-20,544.5,544.5,544.5,544.5,170.0,0.0,0.0,0.0,0.0,0.0,0.0,0.36497953246202275,SEPLAT
2020-03-23,544.5,544.5,544.5,544.5,110.0,0.0,0.0,0.0,0.0,0.0,0.0,0.36497953246202275,SEPLAT
2020-03-24,544.5,544.5,544.5,544.5,80.0,0.0,0.0,0.0,0.0,0.0,0.0,0.36497953246202275,SEPLAT
2020-03-25,544.5,544.5,544.5,544.5,440.0,0.0,0.0,0.0,0.0,0.0,0.0,0.36497953246202275,SEPLAT
2020-03-26,544.5,544.5,544.5,544.5,400.0,0.0,0.0,0.0,0.0,0.0,0.0,0.36497953246202275,SEPLAT
2020-03-27,544.5,544.5,544.5,544.5,1050.0,0.0,0.0,0.0,0.0,0.0,0.0,0.36497953246202275,SEPLAT
2020-03-30,544.5,544.5,544.5,544.5,740.0,0.0,0.0,0.0,0.0,0.0,0.0,0.36497953246202275,SEPLAT
2020-03-31,544.5,544.5,544.5,544.5,280.0,0.0,0.0,0.0,0.0,0.0,0.0,0.36497953246202275,SEPLAT
2020-04-01,544.5,544.5,544.5,544.5,3560.0,0.0,0.0,0.0,0.0,0.0,0.0,0.36497953246202275,SEPLAT
2020-04-02,544.5,544.5,544.5,544.5,760.0,0.0,0.0,0.0,0.0,0.0,0.0,0.36497953246202275,SEPLAT
2020-04-03,544.5,544.5,544.5,544.5,2500.0,0.0,0.0,0.0,0.0,0.0,0.0,0.36497953246202275,SEPLAT
2020-04-06,490.1,544.5,490.1,490.1,175170.0,-9.99,-0.09990817263544527,-0.10525849045751325,0.011079349813394408,0.10525849045751325,0.7472611528743336,0.5028460502763923,SEPLAT
2020-04-07,490.1,490.1,490.1,490.1,3710.0,0.0,0.0,0.0,0.0,0.0,0.7472611528743336,0.5028460502763923,SEPLAT
2020-04-08,490.1,490.1,490.1,490.1,84100.0,0.0,0.0,0.0,0.0,0.0,0.7472611528743336,0.5028460502763923,SEPLAT
2020-04-09,495.0,490.1,495.0,495.0,219180.0,1.0,0.009997959600081652,0.00994831065318852,9.89688848523442e-05,0.00994831065318852,0.7679682905387132,0.5065137124101949,SEPLAT
2020-04-14,495.0,495.0,495.0,495.0,2110.0,0.0,0.0,0.0,0.0,0.0,0.7679682905387132,0.5065137124101949,SEPLAT
2020-04-15,495.0,495.0,495.0,495.0,1660.0,0.0,0.0,0.0,0.0,0.0,0.07062599943758782,0.36796249451990276,SEPLAT
2020-04-16,495.0,495.0,495.0,495.0,470.0,0.0,0.0,0.0,0.0,0.0,0.07062599943758782,0.36796249451990276,SEPLAT
2020-04-17,495.0,495.0,495.0,495.0,5270.0,0.0,0.0,0.0,0.0,0.0,0.07062599943758782,0.36796249451990276,SEPLAT
2020-04-20,495.0,495.0,495.0,495.0,9100.0,0.0,0.0,0.0,0.0,0.0,0.0,0.36796249451990276,SEPLAT
2020-04-21,494.4,495.0,494.4,494.4,151460.0,-0.12,-0.00121212121212122,-0.0012128564252092936,1.4710207081714667e-06,0.0012128564252092936,0.008610426452379808,0.3677979507080637,SEPLAT
2020-04-22,494.4,494.4,494.4,494.4,9320.0,0.0,0.0,0.0,0.0,0.0,0.008610426452379808,0.3677979507080637,SEPLAT
2020-04-23,494.4,494.4,494.4,494.4,3230.0,0.0,0.0,0.0,0.0,0.0,0.008610426452379808,0.3677979507080637,SEPLAT
2020-04-24,494.4,494.4,494.4,494.4,6220.0,0.0,0.0,0.0,0.0,0.0,0.008610426452379808,0.3677979507080637,SEPLAT
2020-04-27,494.4,494.4,494.4,494.4,3230.0,0.0,0.0,0.0,0.0,0.0,0.008610426452379808,0.3677979507080637,SEPLAT
2020-04-28,494.4,494.4,494.4,494.4,8670.0,0.0,0.0,0.0,0.0,0.0,0.0,0.3677979507080637,SEPLAT
2020-04-29,494.4,494.4,494.4,494.4,370.0,0.0,0.0,0.0,0.0,0.0,0.0,0.3677979507080637,SEPLAT
2020-04-30,494.4,494.4,494.4,494.4,990.0,0.0,0.0,0.0,0.0,0.0,0.0,0.3677979507080637,SEPLAT
2020-05-04,494.4,494.4,494.4,494.4,6650.0,0.0,0.0,0.0,0.0,0.0,0.0,0.3677979507080637,SEPLAT
2020-05-05,494.4,494.4,494.4,494.4,1010.0,0.0,0.0,0.0,0.0,0.0,0.0,0.3677979507080637,SEPLAT
2020-05-06,494.4,494.4,494.4,494.4,36840.0,0.0,0.0,0.0,0.0,0.0,0.0,0.3677979507080637,SEPLAT
2020-05-07,494.4,494.4,494.4,494.4,8150.0,0.0,0.0,0.0,0.0,0.0,0.0,0.3677979507080637,SEPLAT
2020-05-08,494.4,494.4,494.4,494.4,450.0,0.0,0.0,0.0,0.0,0.0,0.0,0.03492503276621282,SEPLAT
2020-05-11,494.4,494.4,494.4,494.4,6450.0,0.0,0.0,0.0,0.0,0.0,0.0,0.03492503276621282,SEPLAT
2020-05-12,494.4,494.4,494.4,494.4,7280.0,0.0,0.0,0.0,0.0,0.0,0.0,0.03492503276621282,SEPLAT
2020-05-13,476.4,476.4,476.4,476.4,2130.0,-3.64,-0.036407766990291246,-0.03708706866233596,0.0013754506619648218,0.03708706866233596,0.26329206855320775,0.12833192371601382,SEPLAT
2020-05-14,476.4,476.4,476.4,476.4,320.0,0.0,0.0,0.0,0.0,0.0,0.26329206855320775,0.12833192371601382,SEPLAT
2020-05-15,476.4,476.4,476.4,476.4,2920.0,0.0,0.0,0.0,0.0,0.0,0.26329206855320775,0.12833192371601382,SEPLAT
2020-05-18,476.4,476.4,476.4,476.4,1070.0,0.0,0.0,0.0,0.0,0.0,0.26329206855320775,0.12833192371601382,SEPLAT
2020-05-19,476.4,476.4,476.4,476.4,2070.0,0.0,0.0,0.0,0.0,0.0,0.26329206855320775,0.12833192371601382,SEPLAT
2020-05-20,476.4,476.4,476.4,476.4,1900.0,0.0,0.0,0.0,0.0,0.0,0.0,0.12833192371601382,SEPLAT
2020-05-21,476.4,476.4,476.4,476.4,610.0,0.0,0.0,0.0,0.0,0.0,0.0,0.12847337445392285,SEPLAT
2020-05-22,476.4,476.4,476.4,476.4,4770.0,0.0,0.0,0.0,0.0,0.0,0.0,0.12847337445392285,SEPLAT
2020-05-27,476.4,476.4,476.4,476.4,6410.0,0.0,0.0,0.0,0.0,0.0,0.0,0.12847337445392285,SEPLAT
2020-05-28,476.4,476.4,476.4,476.4,3550.0,0.0,0.0,0.0,0.0,0.0,0.0,0.12847337445392285,SEPLAT
2020-05-29,476.4,476.4,476.4,476.4,48910.0,0.0,0.0,0.0,0.0,0.0,0.0,0.12847337445392285,SEPLAT
2020-06-01,476.4,476.4,476.4,476.4,3950.0,0.0,0.0,0.0,0.0,0.0,0.0,0.12847337445392285,SEPLAT
2020-06-02,476.4,476.4,476.4,476.4,4680.0,0.0,0.0,0.0,0.0,0.0,0.0,0.12847337445392285,SEPLAT
2020-06-03,476.4,476.4,476.4,476.4,1710.0,0.0,0.0,0.0,0.0,0.0,0.0,0.12847337445392285,SEPLAT
2020-06-04,476.4,476.4,476.4,476.4,8240.0,0.0,0.0,0.0,0.0,0.0,0.0,0.12847337445392285,SEPLAT
2020-06-05,476.4,476.4,476.4,476.4,990.0,0.0,0.0,0.0,0.0,0.0,0.0,0.12847337445392285,SEPLAT
2020-06-08,476.4,476.4,476.4,476.4,2740.0,0.0,0.0,0.0,0.0,0.0,0.0,0.12847337445392285,SEPLAT
2020-06-09,476.4,476.4,476.4,476.4,1380.0,0.0,0.0,0.0,0.0,0.0,0.0,0.12847337445392285,SEPLAT
2020-06-10,476.4,476.4,476.4,476.4,190.0,0.0,0.0,0.0,0.0,0.0,0.0,0.12847337445392285,SEPLAT
2020-06-11,476.4,476.4,476.4,476.4,250.0,0.0,0.0,0.0,0.0,0.0,0.0,0.12847337445392285,SEPLAT
2020-06-15,476.4,476.4,476.4,476.4,380.0,0.0,0.0,0.0,0.0,0.0,0.0,0.12847337445392285,SEPLAT
2020-06-16,476.4,476.4,476.4,476.4,160.0,0.0,0.0,0.0,0.0,0.0,0.0,0.0,SEPLAT
2020-06-17,428.8,476.4,428.8,428.8,851640.0,-9.99,-0.09991603694374473,-0.10526722772455278,0.011081189232812854,0.10526722772455278,0.7473231813170043,0.3646563735816971,SEPLAT
2020-06-18,428.8,428.8,428.8,428.8,8070.0,0.0,0.0,0.0,0.0,0.0,0.7473231813170043,0.3646563735816971,SEPLAT
2020-06-19,428.8,428.8,428.8,428.8,14750.0,0.0,0.0,0.0,0.0,0.0,0.7473231813170043,0.3646563735816971,SEPLAT
2020-06-22,428.8,428.8,428.8,428.8,17210.0,0.0,0.0,0.0,0.0,0.0,0.7473231813170043,0.3646563735816971,SEPLAT
2020-06-23,428.8,428.8,428.8,428.8,37580.0,0.0,0.0,0.0,0.0,0.0,0.7473231813170043,0.3646563735816971,SEPLAT
2020-06-24,386.0,428.8,386.0,386.0,624300.0,-9.98,-0.09981343283582089,-0.10515324029176137,0.011057203943856907,0.10515324029176137,0.7465139508210066,0.502372063325496,SEPLAT
2020-06-25,386.0,386.0,386.0,386.0,62800.0,0.0,0.0,0.0,0.0,0.0,0.7465139508210066,0.502372063325496,SEPLAT
2020-06-26,386.0,386.0,386.0,386.0,2250.0,0.0,0.0,0.0,0.0,0.0,0.7465139508210066,0.502372063325496,SEPLAT
2020-06-29,386.0,386.0,386.0,386.0,19170.0,0.0,0.0,0.0,0.0,0.0,0.7465139508210066,0.502372063325496,SEPLAT
2020-06-30,386.0,386.0,386.0,386.0,11720.0,0.0,0.0,0.0,0.0,0.0,0.7465139508210066,0.502372063325496,SEPLAT
2020-07-01,386.0,386.0,386.0,386.0,198300.0,0.0,0.0,0.0,0.0,0.0,0.0,0.502372063325496,SEPLAT
2020-07-02,386.0,386.0,386.0,386.0,226550.0,0.0,0.0,0.0,0.0,0.0,0.0,0.502372063325496,SEPLAT
2020-07-03,386.0,386.0,386.0,386.0,31620.0,0.0,0.0,0.0,0.0,0.0,0.0,0.502372063325496,SEPLAT
2020-07-06,386.0,386.0,386.0,386.0,486250.0,0.0,0.0,0.0,0.0,0.0,0.0,0.502372063325496,SEPLAT
2020-07-07,386.0,386.0,386.0,386.0,13730.0,0.0,0.0,0.0,0.0,0.0,0.0,0.502372063325496,SEPLAT
2020-07-08,386.0,386.0,386.0,386.0,7430.0,0.0,0.0,0.0,0.0,0.0,0.0,0.502372063325496,SEPLAT
2020-07-09,386.0,386.0,386.0,386.0,5670.0,0.0,0.0,0.0,0.0,0.0,0.0,0.502372063325496,SEPLAT
2020-07-10,386.0,386.0,386.0,386.0,5030.0,0.0,0.0,0.0,0.0,0.0,0.0,0.502372063325496,SEPLAT
2020-07-13,386.0,386.0,386.0,386.0,4910.0,0.0,0.0,0.0,0.0,0.0,0.0,0.502372063325496,SEPLAT
2020-07-14,386.0,386.0,386.0,386.0,86450.0,0.0,0.0,0.0,0.0,0.0,0.0,0.502372063325496,SEPLAT
2020-07-15,386.0,386.0,386.0,386.0,440.0,0.0,0.0,0.0,0.0,0.0,0.0,0.502372063325496,SEPLAT
2020-07-16,386.0,386.0,386.0,386.0,710.0,0.0,0.0,0.0,0.0,0.0,0.0,0.36426150953165903,SEPLAT
2020-07-17,386.0,386.0,386.0,386.0,717430.0,0.0,0.0,0.0,0.0,0.0,0.0,0.36426150953165903,SEPLAT
2020-07-20,386.0,386.0,386.0,386.0,2890.0,0.0,0.0,0.0,0.0,0.0,0.0,0.36426150953165903,SEPLAT
2020-07-21,386.0,386.0,386.0,386.0,60.0,0.0,0.0,0.0,0.0,0.0,0.0,0.36426150953165903,SEPLAT
2020-07-22,386.0,386.0,386.0,386.0,1180.0,0.0,0.0,0.0,0.0,0.0,0.0,0.36426150953165903,SEPLAT
2020-07-23,386.0,386.0,386.0,386.0,22410.0,0.0,0.0,0.0,0.0,0.0,0.0,0.0,SEPLAT
2020-07-24,347.4,386.0,347.4,347.4,110280.0,-10.0,-0.10000000000000009,-0.1053605156578264,0.011100838259683084,0.1053605156578264,0.7479854599442608,0.36497953246202314,SEPLAT
2020-07-27,312.7,347.4,312.7,312.7,864090.0,-9.99,-0.09988485895221644,-0.10523258934320893,0.01107389785987645,0.10523258934320893,0.9155354889462992,0.502784249536582,SEPLAT
2020-07-28,282.0,312.7,282.0,282.0,232200.0,-9.82,-0.0981771666133674,-0.10333719352568196,0.010678575565764247,0.10333719352568196,0.9099453328517422,0.5956680181403358,SEPLAT
2020-07-29,310.2,282.0,310.2,310.2,537300.0,10.0,0.09999999999999987,0.09531017980432474,0.009084030374332712,0.09531017980432474,1.4282291903787456,0.7069184225676652,SEPLAT
2020-08-03,310.2,310.2,310.2,310.2,11590.0,0.0,0.0,0.0,0.0,0.0,1.4282291903787456,0.7069184225676652,SEPLAT
2020-08-04,321.0,310.2,321.0,321.0,429160.0,3.48,0.03481624758220514,0.03422387238757752,0.001171273441201191,0.03422387238757752,1.3920424625262215,0.7230265347228862,SEPLAT
2020-08-05,321.0,321.0,321.0,321.0,33910.0,0.0,0.0,0.0,0.0,0.0,1.1446341471979864,0.7230265347228862,SEPLAT
2020-08-06,350.0,321.0,350.0,350.0,158240.0,9.03,0.09034267912772576,0.08649203135344341,0.007480871487645038,0.08649203135344341,0.7275791761546099,0.7947807212486114,SEPLAT
2020-08-07,350.0,350.0,350.0,350.0,5900.0,0.0,0.0,0.0,0.0,0.0,0.6012268955024953,0.7947807212486114,SEPLAT
2020-08-10,350.0,350.0,350.0,350.0,25390.0,0.0,0.0,0.0,0.0,0.0,0.6012268955024953,0.7947807212486114,SEPLAT
2020-08-11,350.0,350.0,350.0,350.0,14760.0,0.0,0.0,0.0,0.0,0.0,0.6140325097071897,0.7947807212486114,SEPLAT
2020-08-12,385.0,350.0,385.0,380.0,742050.0,10.0,0.10000000000000009,0.09531017980432493,0.009084030374332749,0.09531017980432493,0.7919173335224092,0.8671114584415472,SEPLAT
2020-08-13,385.0,385.0,385.0,385.0,5340.0,0.0,0.0,0.0,0.0,0.0,0.6766351534367473,0.8671114584415472,SEPLAT
2020-08-14,385.0,385.0,385.0,385.0,6700.0,0.0,0.0,0.0,0.0,0.0,0.6766351534367473,0.8671114584415472,SEPLAT
2020-08-17,385.0,385.0,385.0,385.0,3500.0,0.0,0.0,0.0,0.0,0.0,0.6766351534367473,0.8671114584415472,SEPLAT
2020-08-18,385.0,385.0,385.0,385.0,35430.0,0.0,0.0,0.0,0.0,0.0,0.6766351534367473,0.8671114584415472,SEPLAT
2020-08-19,385.0,385.0,385.0,385.0,1460.0,0.0,0.0,0.0,0.0,0.0,0.0,0.8671114584415472,SEPLAT
2020-08-20,385.0,385.0,385.0,385.0,390.0,0.0,0.0,0.0,0.0,0.0,0.0,0.8671114584415472,SEPLAT
2020-08-21,385.0,385.0,385.0,385.0,175350.0,0.0,0.0,0.0,0.0,0.0,0.0,0.8671114584415472,SEPLAT
2020-08-24,385.0,385.0,385.0,385.0,1720.0,0.0,0.0,0.0,0.0,0.0,0.0,0.8671114584415472,SEPLAT
2020-08-25,385.0,385.0,385.0,385.0,32590.000000000004,0.0,0.0,0.0,0.0,0.0,0.0,0.8671114584415472,SEPLAT
2020-08-26,385.0,385.0,385.0,385.0,22370.0,0.0,0.0,0.0,0.0,0.0,0.0,0.7782539347754537,SEPLAT
2020-08-27,385.0,385.0,385.0,385.0,113580.0,0.0,0.0,0.0,0.0,0.0,0.0,0.6682263657150097,SEPLAT
2020-08-28,385.0,385.0,385.0,385.0,121430.0,0.0,0.0,0.0,0.0,0.0,0.0,0.5289389664325421,SEPLAT
2020-08-31,385.0,385.0,385.0,385.0,224950.0,0.0,0.0,0.0,0.0,0.0,0.0,0.4421260539222842,SEPLAT
2020-09-01,385.0,385.0,385.0,385.0,46250.0,0.0,0.0,0.0,0.0,0.0,0.0,0.4421260539222842,SEPLAT
2020-09-02,385.0,385.0,385.0,385.0,910.0,0.0,0.0,0.0,0.0,0.0,0.0,0.43461078802971254,SEPLAT
2020-09-03,385.0,385.0,385.0,385.0,600.0,0.0,0.0,0.0,0.0,0.0,0.0,0.43461078802971254,SEPLAT
2020-09-04,400.0,385.0,400.0,400.0,644710.0,3.9,0.03896103896103886,0.03822121282019767,0.0014608611094468428,0.03822121282019767,0.2713436933413432,0.34952432391162147,SEPLAT
2020-09-07,400.0,400.0,400.0,400.0,27860.0,0.0,0.0,0.0,0.0,0.0,0.2713436933413432,0.34952432391162147,SEPLAT
2020-09-08,400.0,400.0,400.0,400.0,30370.0,0.0,0.0,0.0,0.0,0.0,0.2713436933413432,0.34952432391162147,SEPLAT
2020-09-09,400.0,400.0,400.0,400.0,3360.0,0.0,0.0,0.0,0.0,0.0,0.2713436933413432,0.34952432391162147,SEPLAT
2020-09-10,390.0,400.0,390.0,390.0,447000.0,-2.5,-0.025000000000000022,-0.025317807984289897,0.0006409914011293733,0.025317807984289897,0.3609970016165981,0.16242980920829958,SEPLAT
2020-09-11,390.0,390.0,390.0,390.0,41610.0,0.0,0.0,0.0,0.0,0.0,0.17973860636190664,0.16242980920829958,SEPLAT
2020-09-14,390.0,390.0,390.0,390.0,420.0,0.0,0.0,0.0,0.0,0.0,0.17973860636190664,0.16242980920829958,SEPLAT
2020-09-15,385.0,390.0,385.0,385.0,142790.0,-1.28,-0.012820512820512775,-0.012903404835907841,0.00016649785635932987,0.012903404835907841,0.18018039083862047,0.1690597959994858,SEPLAT
2020-09-16,385.0,385.0,385.0,385.0,7330.0,0.0,0.0,0.0,0.0,0.0,0.18018039083862047,0.1690597959994858,SEPLAT
2020-09-17,385.0,385.0,385.0,385.0,10800.0,0.0,0.0,0.0,0.0,0.0,0.09160508697943709,0.1690597959994858,SEPLAT
2020-09-18,385.0,385.0,385.0,385.0,104370.0,0.0,0.0,0.0,0.0,0.0,0.09160508697943709,0.1690597959994858,SEPLAT
2020-09-21,385.0,385.0,385.0,385.0,13550.0,0.0,0.0,0.0,0.0,0.0,0.09160508697943709,0.1690597959994858,SEPLAT
2020-09-22,385.0,385.0,385.0,385.0,330.0,0.0,0.0,0.0,0.0,0.0,0.0,0.1690597959994858,SEPLAT
2020-09-23,400.0,385.0,400.0,400.0,270290.0,3.9,0.03896103896103886,0.03822121282019767,0.0014608611094468428,0.03822121282019767,0.2713436933413432,0.21473599590369072,SEPLAT
2020-09-24,400.0,400.0,400.0,400.0,167570.0,0.0,0.0,0.0,0.0,0.0,0.2713436933413432,0.21473599590369072,SEPLAT
2020-09-25,400.0,400.0,400.0,400.0,5020.0,0.0,0.0,0.0,0.0,0.0,0.2713436933413432,0.21473599590369072,SEPLAT
2020-09-28,398.0,400.0,398.0,396.0,366780.0,-0.5,-0.0050000000000000044,-0.005012541823544286,2.512557553278068e-05,0.005012541823544286,0.2823502819260684,0.21596980658534803,SEPLAT
2020-09-29,400.0,398.0,400.0,400.0,407280.0,0.5,0.005025125628140614,0.0050125418235441935,2.512557553277975e-05,0.0050125418235441935,0.2771159007225159,0.21620525534818977,SEPLAT
2020-09-30,400.0,400.0,400.0,400.0,485980.0,0.0,0.0,0.0,0.0,0.0,0.05626564242173294,0.21620525534818977,SEPLAT
2020-10-02,400.0,400.0,400.0,400.0,216140.0,0.0,0.0,0.0,0.0,0.0,0.05626564242173294,0.21620525534818977,SEPLAT
2020-10-05,410.0,400.0,410.0,410.0,402430.0,2.5,0.02499999999999991,0.024692612590371414,0.0006097251165381689,0.024692612590371414,0.18410857772155564,0.23006276516974675,SEPLAT
2020-10-06,410.0,410.0,410.0,410.0,22870.0,0.0,0.0,0.0,0.0,0.0,0.16993352081376467,0.19113105588907278,SEPLAT
2020-10-07,410.0,410.0,410.0,410.0,103280.0,0.0,0.0,0.0,0.0,0.0,0.17530015936536886,0.19113105588907278,SEPLAT
2020-10-08,410.0,410.0,410.0,410.0,9060.0,0.0,0.0,0.0,0.0,0.0,0.17530015936536886,0.19113105588907278,SEPLAT
2020-10-09,410.0,410.0,410.0,410.0,5570.0,0.0,0.0,0.0,0.0,0.0,0.17530015936536886,0.19113105588907278,SEPLAT
2020-10-12,420.0,410.0,420.0,420.0,116200.0,2.44,0.024390243902439046,0.024097551579060524,0.0005806919921054823,0.024097551579060524,0.17107564526289626,0.18122347563009505,SEPLAT
2020-10-13,420.0,420.0,420.0,420.0,1610.0,0.0,0.0,0.0,0.0,0.0,0.17107564526289626,0.18122347563009505,SEPLAT
2020-10-14,420.0,420.0,420.0,420.0,12010.0,0.0,0.0,0.0,0.0,0.0,0.17107564526289626,0.18122347563009505,SEPLAT
2020-10-15,420.0,420.0,420.0,420.0,66950.0,0.0,0.0,0.0,0.0,0.0,0.17107564526289626,0.17174598165892357,SEPLAT
2020-10-16,420.0,420.0,420.0,420.0,100.0,0.0,0.0,0.0,0.0,0.0,0.17107564526289626,0.17174598165892357,SEPLAT
2020-10-19,420.0,420.0,420.0,420.0,670.0,0.0,0.0,0.0,0.0,0.0,0.0,0.17174598165892357,SEPLAT
2020-10-20,420.0,420.0,420.0,420.0,1050.0,0.0,0.0,0.0,0.0,0.0,0.0,0.17174598165892357,SEPLAT
2020-10-21,420.0,420.0,420.0,420.0,40680.0,0.0,0.0,0.0,0.0,0.0,0.0,0.17174598165892357,SEPLAT
2020-10-22,420.0,420.0,420.0,420.0,34090.0,0.0,0.0,0.0,0.0,0.0,0.0,0.17174598165892357,SEPLAT
2020-10-23,420.0,420.0,420.0,420.0,5270.0,0.0,0.0,0.0,0.0,0.0,0.0,0.11918108910614923,SEPLAT
2020-10-26,420.0,420.0,420.0,420.0,1140.0,0.0,0.0,0.0,0.0,0.0,0.0,0.11918108910614923,SEPLAT
2020-10-27,420.0,420.0,420.0,420.0,1860.0,0.0,0.0,0.0,0.0,0.0,0.0,0.11918108910614923,SEPLAT
2020-10-28,420.0,420.0,420.0,420.0,1940.0,0.0,0.0,0.0,0.0,0.0,0.0,0.11652896256863757,SEPLAT
2020-10-30,420.0,420.0,420.0,420.0,6180.0,0.0,0.0,0.0,0.0,0.0,0.0,0.11649449556567817,SEPLAT
2020-11-02,420.0,420.0,420.0,420.0,4190.0,0.0,0.0,0.0,0.0,0.0,0.0,0.11649449556567817,SEPLAT
2020-11-03,420.0,420.0,420.0,420.0,147780.0,0.0,0.0,0.0,0.0,0.0,0.0,0.11649449556567817,SEPLAT
2020-11-04,420.0,420.0,420.0,420.0,1280.0,0.0,0.0,0.0,0.0,0.0,0.0,0.0834763673458882,SEPLAT
2020-11-05,420.0,420.0,420.0,420.0,16210.0,0.0,0.0,0.0,0.0,0.0,0.0,0.0834763673458882,SEPLAT
2020-11-06,420.0,420.0,420.0,420.0,11490.0,0.0,0.0,0.0,0.0,0.0,0.0,0.0834763673458882,SEPLAT
2020-11-09,420.0,420.0,420.0,420.0,16239.999999999998,0.0,0.0,0.0,0.0,0.0,0.0,0.0834763673458882,SEPLAT
2020-11-10,420.0,420.0,420.0,420.0,73630.0,0.0,0.0,0.0,0.0,0.0,0.0,0.0834763673458882,SEPLAT
2020-11-11,420.0,420.0,420.0,420.0,15180.0,0.0,0.0,0.0,0.0,0.0,0.0,0.0,SEPLAT
2020-11-12,420.0,420.0,420.0,420.0,96390.0,0.0,0.0,0.0,0.0,0.0,0.0,0.0,SEPLAT
2020-11-13,420.0,420.0,420.0,420.0,124390.0,0.0,0.0,0.0,0.0,0.0,0.0,0.0,SEPLAT
2020-11-16,400.7,400.7,400.7,400.7,14650.0,-4.6,-0.04595238095238097,-0.047041693635315136,0.0022129209400788487,0.047041693635315136,0.3339628952143845,0.16295720690091062,SEPLAT
2020-11-17,400.7,400.7,400.7,400.7,36760.0,0.0,0.0,0.0,0.0,0.0,0.3339628952143845,0.16295720690091062,SEPLAT
2020-11-18,400.7,400.7,400.7,400.7,15750.0,0.0,0.0,0.0,0.0,0.0,0.3339628952143845,0.16295720690091062,SEPLAT
2020-11-19,400.7,400.7,400.7,400.7,34420.0,0.0,0.0,0.0,0.0,0.0,0.3339628952143845,0.16295720690091062,SEPLAT
2020-11-20,400.7,400.7,400.7,400.7,57210.0,0.0,0.0,0.0,0.0,0.0,0.3339628952143845,0.16295720690091062,SEPLAT
2020-11-23,400.7,400.7,400.7,400.7,40990.0,0.0,0.0,0.0,0.0,0.0,0.0,0.16295720690091062,SEPLAT
2020-11-24,400.7,400.7,400.7,400.7,12430.0,0.0,0.0,0.0,0.0,0.0,0.0,0.16295720690091062,SEPLAT
2020-11-25,400.7,400.7,400.7,400.7,14300.0,0.0,0.0,0.0,0.0,0.0,0.0,0.16295720690091062,SEPLAT
2020-11-26,400.7,400.7,400.7,400.7,7240.0,0.0,0.0,0.0,0.0,0.0,0.0,0.16295720690091062,SEPLAT
2020-11-27,400.7,400.7,400.7,400.7,83810.0,0.0,0.0,0.0,0.0,0.0,0.0,0.16295720690091062,SEPLAT
2020-11-30,400.7,400.7,400.7,400.7,103380.0,0.0,0.0,0.0,0.0,0.0,0.0,0.16295720690091062,SEPLAT
2020-12-01,402.3,400.7,402.3,402.3,1070000.0,0.4,0.003993012228600046,0.003985061313643755,1.588071367350009e-05,0.003985061313643755,0.028291128806472263,0.16422721055035136,SEPLAT
2020-12-02,402.3,402.3,402.3,402.3,3170.0,0.0,0.0,0.0,0.0,0.0,0.028291128806472263,0.16422721055035136,SEPLAT
2020-12-03,402.3,402.3,402.3,402.3,1640.0,0.0,0.0,0.0,0.0,0.0,0.028291128806472263,0.16422721055035136,SEPLAT
2020-12-04,402.3,402.3,402.3,402.3,82570.0,0.0,0.0,0.0,0.0,0.0,0.028291128806472263,0.16422721055035136,SEPLAT
2020-12-07,402.3,402.3,402.3,402.3,7910.0,0.0,0.0,0.0,0.0,0.0,0.028291128806472263,0.16422721055035136,SEPLAT
2020-12-08,402.3,402.3,402.3,402.3,257070.0,0.0,0.0,0.0,0.0,0.0,0.0,0.16422721055035136,SEPLAT
2020-12-09,402.3,402.3,402.3,402.3,75270.0,0.0,0.0,0.0,0.0,0.0,0.0,0.16422721055035136,SEPLAT
2020-12-10,402.3,402.3,402.3,402.3,33460.0,0.0,0.0,0.0,0.0,0.0,0.0,0.16422721055035136,SEPLAT
2020-12-11,402.3,402.3,402.3,402.3,119250.0,0.0,0.0,0.0,0.0,0.0,0.0,0.16422721055035136,SEPLAT
2020-12-14,402.3,402.3,402.3,402.3,98780.0,0.0,0.0,0.0,0.0,0.0,0.0,0.16422721055035136,SEPLAT
2020-12-15,402.3,402.3,402.3,402.3,221270.0,0.0,0.0,0.0,0.0,0.0,0.0,0.01380465733301626,SEPLAT
2020-12-16,402.3,402.3,402.3,402.3,70490.0,0.0,0.0,0.0,0.0,0.0,0.0,0.01380465733301626,SEPLAT
2020-12-17,402.3,402.3,402.3,402.3,91840.0,0.0,0.0,0.0,0.0,0.0,0.0,0.01380465733301626,SEPLAT
2020-12-18,402.3,402.3,402.3,402.3,3040.0,0.0,0.0,0.0,0.0,0.0,0.0,0.01380465733301626,SEPLAT
2020-12-21,402.3,402.3,402.3,402.3,36670.0,0.0,0.0,0.0,0.0,0.0,0.0,0.01380465733301626,SEPLAT
2020-12-22,402.3,402.3,402.3,402.3,62430.0,0.0,0.0,0.0,0.0,0.0,0.0,0.01380465733301626,SEPLAT
2020-12-23,402.3,402.3,402.3,402.3,7170.0,0.0,0.0,0.0,0.0,0.0,0.0,0.01380465733301626,SEPLAT
2020-12-24,402.3,402.3,402.3,402.3,3040.0,0.0,0.0,0.0,0.0,0.0,0.0,0.01380465733301626,SEPLAT
2020-12-29,402.3,402.3,402.3,402.3,31060.0,0.0,0.0,0.0,0.0,0.0,0.0,0.01380465733301626,SEPLAT
2020-12-30,402.3,402.3,415.0,400.0,757510.0,0.0,0.0,0.0,0.0,0.0,0.0,0.01380465733301626,SEPLAT
2020-12-31,402.3,402.3,417.5,400.1,6210.0,0.0,0.0,0.0,0.0,0.0,0.0,0.01380465733301626,SEPLAT
2021-01-04,402.3,402.3,420.0,402.3,6890.0,0.0,0.0,0.0,0.0,0.0,0.0,0.0,SEPLAT
2021-01-05,410.0,402.3,410.0,410.0,731410.0,1.91,0.019139945314441853,0.018959080742610854,0.00035944674260483773,0.018959080742610854,0.134596121145016,0.06567618222200537,SEPLAT
2021-01-06,410.0,410.0,440.5,410.3,42670.0,0.0,0.0,0.0,0.0,0.0,0.134596121145016,0.06567618222200537,SEPLAT
2021-01-07,451.0,410.0,451.0,451.0,185730.0,10.0,0.10000000000000009,0.09531017980432493,0.009084030374332749,0.09531017980432493,0.6560602206750383,0.33339666064591517,SEPLAT
2021-01-08,496.1,451.0,496.1,496.1,244110.0,10.0,0.10000000000000009,0.09531017980432493,0.009084030374332749,0.09531017980432493,0.7834515588368504,0.4550741360473452,SEPLAT
2021-01-11,496.1,496.1,544.8,496.0,33400.0,0.0,0.0,0.0,0.0,0.0,0.7834515588368504,0.4550741360473452,SEPLAT
2021-01-12,496.1,496.1,496.1,496.1,821320.0,0.0,0.0,0.0,0.0,0.0,0.8287054339749172,0.4550741360473452,SEPLAT
2021-01-13,496.5,496.1,496.5,496.2,1120000.0,0.08,0.000806289054626097,0.0008059641782240883,6.4957825658043e-07,0.0008059641782240883,0.8263860350164877,0.4548599432931176,SEPLAT
2021-01-14,540.0,496.5,540.0,540.0,122490.0,8.76,0.08761329305135956,0.08398565607309283,0.007053590426027835,0.08398565607309283,0.779749407324894,0.5199398288762056,SEPLAT
2021-01-15,540.0,540.0,539.9,510.6,70100.0,0.0,0.0,0.0,0.0,0.0,0.594834365662316,0.5199398288762056,SEPLAT
2021-01-18,540.0,540.0,539.8,506.0,193180.0,0.0,0.0,0.0,0.0,0.0,0.594834365662316,0.5199398288762056,SEPLAT
2021-01-19,540.0,540.0,521.8,510.0,76780.0,0.0,0.0,0.0,0.0,0.0,0.594834365662316,0.5199398288762056,SEPLAT
2021-01-20,540.0,540.0,515.5,506.0,175990.0,0.0,0.0,0.0,0.0,0.0,0.5962390103572586,0.5199398288762056,SEPLAT
2021-01-21,540.0,540.0,522.0,506.0,42370.0,0.0,0.0,0.0,0.0,0.0,0.0,0.5199398288762056,SEPLAT
2021-01-22,540.0,540.0,520.0,496.5,29170.0,0.0,0.0,0.0,0.0,0.0,0.0,0.5199398288762056,SEPLAT
2021-01-25,540.0,540.0,515.0,488.0,6590.0,0.0,0.0,0.0,0.0,0.0,0.0,0.5199398288762056,SEPLAT
2021-01-26,490.0,540.0,490.0,490.0,790000.0,-9.26,-0.09259259259259256,-0.09716374845364774,0.009440794013563734,0.09716374845364774,0.6897941854521623,0.6464902076875485,SEPLAT
2021-01-27,490.0,490.0,515.0,490.0,72220.0,0.0,0.0,0.0,0.0,0.0,0.6897941854521623,0.6464902076875485,SEPLAT
2021-01-28,490.0,490.0,512.0,490.0,167860.0,0.0,0.0,0.0,0.0,0.0,0.6897941854521623,0.6464902076875485,SEPLAT
2021-01-29,490.0,490.0,528.0,490.0,73990.0,0.0,0.0,0.0,0.0,0.0,0.6897941854521623,0.6464902076875485,SEPLAT
2021-02-01,495.0,490.0,495.0,495.0,252070.0,1.02,0.010204081632652962,0.010152371464017908,0.00010307064634340512,0.010152371464017908,0.7112447743436806,0.6455880188835467,SEPLAT
2021-02-02,495.0,495.0,495.0,495.0,915050.0,0.0,0.0,0.0,0.0,0.0,0.07207468748255288,0.6455880188835467,SEPLAT
2021-02-03,495.0,495.0,529.8,495.2,169480.0,0.0,0.0,0.0,0.0,0.0,0.07207468748255288,0.6455670467928604,SEPLAT
2021-02-04,495.0,495.0,535.0,498.0,114290.0,0.0,0.0,0.0,0.0,0.0,0.07207468748255288,0.6455670467928604,SEPLAT
2021-02-05,495.0,495.0,540.0,515.1,18400.0,0.0,0.0,0.0,0.0,0.0,0.07207468748255288,0.564265367859344,SEPLAT
2021-02-08,495.0,495.0,530.0,518.0,53660.0,0.0,0.0,0.0,0.0,0.0,0.0,0.45731079407425673,SEPLAT
2021-02-09,495.0,495.0,544.0,520.1,46760.0,0.0,0.0,0.0,0.0,0.0,0.0,0.45731079407425673,SEPLAT
2021-02-10,495.0,495.0,544.5,520.0,292470.0,0.0,0.0,0.0,0.0,0.0,0.0,0.45731079407425673,SEPLAT
2021-02-11,495.0,495.0,544.5,500.0,215720.0,0.0,0.0,0.0,0.0,0.0,0.0,0.4572990718233986,SEPLAT
2021-02-12,495.0,495.0,539.5,511.0,95860.0,0.0,0.0,0.0,0.0,0.0,0.0,0.3401618833429916,SEPLAT
2021-02-15,544.5,495.0,544.5,544.5,349770.0,10.0,0.10000000000000009,0.09531017980432493,0.009084030374332749,0.09531017980432493,0.6766351534367473,0.48442765750370637,SEPLAT
2021-02-16,549.0,544.5,549.0,549.0,2170000.0,0.83,0.008264462809917328,0.008230499136515444,6.774111603618146e-05,0.008230499136515444,0.6644404670318946,0.485181496761451,SEPLAT
2021-02-17,549.0,549.0,590.0,554.1,97920.0,0.0,0.0,0.0,0.0,0.0,0.6644404670318946,0.485181496761451,SEPLAT
2021-02-18,549.0,549.0,588.8,545.2,197580.0,0.0,0.0,0.0,0.0,0.0,0.6644404670318946,0.485181496761451,SEPLAT
2021-02-19,530.0,549.0,530.0,530.0,613830.0,-3.46,-0.03460837887067392,-0.03522143496336308,0.0012405494808784153,0.03522143496336308,0.7719491437641093,0.5009853305742795,SEPLAT
2021-02-22,530.0,530.0,530.0,530.0,290750.0,0.0,0.0,0.0,0.0,0.0,0.2706345761979168,0.5009853305742795,SEPLAT
2021-02-23,530.0,530.0,530.0,508.0,6390.0,0.0,0.0,0.0,0.0,0.0,0.25004738318221226,0.5009853305742795,SEPLAT
2021-02-24,530.0,530.0,529.8,500.0,6400.0,0.0,0.0,0.0,0.0,0.0,0.25004738318221226,0.3585348765791756,SEPLAT
2021-02-25,530.0,530.0,530.0,530.0,608690.0,0.0,0.0,0.0,0.0,0.0,0.25004738318221226,0.3585348765791756,SEPLAT
2021-02-26,530.0,530.0,530.0,500.0,20120.0,0.0,0.0,0.0,0.0,0.0,0.0,0.3585348765791756,SEPLAT
2021-03-01,530.0,530.0,575.0,500.0,7810.0,0.0,0.0,0.0,0.0,0.0,0.0,0.3585348765791756,SEPLAT
2021-03-02,530.0,530.0,569.9,511.0,46030.0,0.0,0.0,0.0,0.0,0.0,0.0,0.35797029594524193,SEPLAT
2021-03-03,583.0,530.0,583.0,583.0,507520.0,10.0,0.10000000000000009,0.09531017980432493,0.009084030374332749,0.09531017980432493,0.6766351534367473,0.4788917142298564,SEPLAT
2021-03-04,583.0,583.0,583.0,530.2,2230.0,0.0,0.0,0.0,0.0,0.0,0.6766351534367473,0.4788917142298564,SEPLAT
2021-03-05,539.9,583.0,539.9,539.9,18630000.0,-7.39,-0.07392795883361925,-0.07680324912625112,0.005898739076348994,0.07680324912625112,0.9693290946348405,0.5614293085982569,SEPLAT
2021-03-08,539.9,539.9,550.0,490.0,129070.0,0.0,0.0,0.0,0.0,0.0,0.9693290946348405,0.5614293085982569,SEPLAT
2021-03-09,539.9,539.9,545.0,509.0,298120.0,0.0,0.0,0.0,0.0,0.0,0.9693290946348405,0.5614293085982569,SEPLAT
2021-03-10,540.0,539.9,540.0,540.0,827320.0,0.02,0.00018521948508998243,0.0001852023340789222,3.4299904548280706e-08,0.0001852023340789222,0.5455791661312359,0.5614124897610713,SEPLAT
2021-03-11,540.0,540.0,540.0,540.0,554540.0,0.0,0.0,0.0,0.0,0.0,0.5455791661312359,0.5614124897610713,SEPLAT
2021-03-12,540.0,540.0,550.0,540.0,45800.0,0.0,0.0,0.0,0.0,0.0,0.0013148061412761188,0.5614124897610713,SEPLAT
2021-03-15,545.0,540.0,545.0,545.0,227380.0,0.93,0.0092592592592593,0.009216655104924048,8.494673132312251e-05,0.009216655104924048,0.06511550455706484,0.561463266664259,SEPLAT
2021-03-16,545.0,545.0,549.9,540.4,2950.0,0.0,0.0,0.0,0.0,0.0,0.06511550455706484,0.45424400064446263,SEPLAT
2021-03-17,550.0,545.0,550.0,550.0,483110.0,0.92,0.00917431192660545,0.009132483563272474,8.340225603344191e-05,0.009132483563272474,0.07977268323911496,0.4544595261117784,SEPLAT
2021-03-18,550.0,550.0,570.0,530.0,69110.0,0.0,0.0,0.0,0.0,0.0,0.07977268323911496,0.4544595261117784,SEPLAT
2021-03-19,550.0,550.0,550.0,550.0,454140.0,0.0,0.0,0.0,0.0,0.0,0.07977268323911496,0.4544595261117784,SEPLAT
2021-03-22,550.0,550.0,583.0,520.4,2390.0,0.0,0.0,0.0,0.0,0.0,0.06483420165379823,0.4359831315698597,SEPLAT
2021-03-23,550.0,550.0,570.0,530.0,300.0,0.0,0.0,0.0,0.0,0.0,0.06483420165379823,0.4359831315698597,SEPLAT
2021-03-24,550.0,550.0,582.5,520.0,4100.0,0.0,0.0,0.0,0.0,0.0,0.0,0.4359831315698597,SEPLAT
2021-03-25,550.0,550.0,550.0,520.3,650.0,0.0,0.0,0.0,0.0,0.0,0.0,0.4359831315698597,SEPLAT
2021-03-26,550.0,550.0,549.8,530.0,8870.0,0.0,0.0,0.0,0.0,0.0,0.0,0.4359831315698597,SEPLAT
2021-03-29,550.0,550.0,550.0,525.0,4220.0,0.0,0.0,0.0,0.0,0.0,0.0,0.4359831315698597,SEPLAT
2021-03-30,550.0,550.0,549.0,530.5,1860.0,0.0,0.0,0.0,0.0,0.0,0.0,0.4359831315698597,SEPLAT
2021-03-31,550.0,550.0,550.0,550.0,946900.0,0.0,0.0,0.0,0.0,0.0,0.0,0.4359831315698597,SEPLAT
2021-04-01,550.0,550.0,545.0,531.0,2560.0,0.0,0.0,0.0,0.0,0.0,0.0,0.2727793657685845,SEPLAT
2021-04-06,550.0,550.0,550.0,530.1,16760.0,0.0,0.0,0.0,0.0,0.0,0.0,0.2727793657685845,SEPLAT
2021-04-07,550.0,550.0,548.0,530.0,144270.0,0.0,0.0,0.0,0.0,0.0,0.0,0.04376661217934181,SEPLAT
2021-04-08,550.0,550.0,550.0,527.9,2940.0,0.0,0.0,0.0,0.0,0.0,0.0,0.04376661217934181,SEPLAT
2021-04-09,550.0,550.0,549.4,531.1,490.0,0.0,0.0,0.0,0.0,0.0,0.0,0.04376661217934181,SEPLAT
2021-04-12,550.0,550.0,582.0,531.0,83370.0,0.0,0.0,0.0,0.0,0.0,0.0,0.04380847756740649,SEPLAT
2021-04-13,550.0,550.0,550.0,530.9,88080.0,0.0,0.0,0.0,0.0,0.0,0.0,0.04380847756740649,SEPLAT
2021-04-14,550.0,550.0,550.0,531.1,44410.0,0.0,0.0,0.0,0.0,0.0,0.0,0.04380847756740649,SEPLAT
2021-04-15,550.0,550.0,550.0,531.3,470.0,0.0,0.0,0.0,0.0,0.0,0.0,0.03163585106175225,SEPLAT
2021-04-16,550.0,550.0,559.0,531.0,1620.0,0.0,0.0,0.0,0.0,0.0,0.0,0.03163585106175225,SEPLAT
2021-04-19,550.0,550.0,550.0,550.0,601810.0,0.0,0.0,0.0,0.0,0.0,0.0,0.0,SEPLAT
2021-04-20,550.0,550.0,570.0,540.7,53390.0,0.0,0.0,0.0,0.0,0.0,0.0,0.0,SEPLAT
2021-04-21,550.0,550.0,570.0,550.0,87360.0,0.0,0.0,0.0,0.0,0.0,0.0,0.0,SEPLAT
2021-04-22,550.0,550.0,560.0,550.0,200.0,0.0,0.0,0.0,0.0,0.0,0.0,0.0,SEPLAT
2021-04-23,550.0,550.0,561.0,550.0,580.0,0.0,0.0,0.0,0.0,0.0,0.0,0.0,SEPLAT
2021-04-26,550.0,550.0,555.0,550.0,153160.0,0.0,0.0,0.0,0.0,0.0,0.0,0.0,SEPLAT
2021-04-27,550.0,550.0,561.0,551.3,340.0,0.0,0.0,0.0,0.0,0.0,0.0,0.0,SEPLAT
2021-04-28,570.0,550.0,570.0,570.0,224720.0,3.64,0.036363636363636376,0.035718082602079246,0.001275781424768956,0.035718082602079246,0.2535732316478918,0.12373106763148645,SEPLAT
2021-04-29,570.0,570.0,598.8,566.0,149880.0,0.0,0.0,0.0,0.0,0.0,0.2535732316478918,0.12373106763148645,SEPLAT
2021-04-30,570.0,570.0,599.0,575.6,2420.0,0.0,0.0,0.0,0.0,0.0,0.2535732316478918,0.12373106763148645,SEPLAT
2021-05-04,570.0,570.0,599.0,575.5,970.0,0.0,0.0,0.0,0.0,0.0,0.2535732316478918,0.12373106763148645,SEPLAT
2021-05-05,549.5,549.5,580.0,560.0,114560.0,-3.6,-0.035964912280701755,-0.03662758698491978,0.001341580128337865,0.03662758698491978,0.4060583149599666,0.1815991719425298,SEPLAT
2021-05-06,604.4,549.5,604.4,604.4,580360.0,9.99,0.09990900818926285,0.09522745655490834,0.009068268481916957,0.09522745655490834,0.7826574979225881,0.3766980392570953,SEPLAT
2021-05-07,620.0,604.4,620.0,620.0,401680.0,2.58,0.02581072137657192,0.025483247640552847,0.0006493959103097423,0.025483247640552847,0.7795195797653596,0.38315784009370896,SEPLAT
2021-05-10,620.0,620.0,645.0,606.0,50390.0,0.0,0.0,0.0,0.0,0.0,0.7795195797653596,0.38315784009370896,SEPLAT
2021-05-11,620.0,620.0,638.7,620.0,12600.0,0.0,0.0,0.0,0.0,0.0,0.7795195797653596,0.38315784009370896,SEPLAT
2021-05-14,620.0,620.0,639.0,621.0,194970.0,0.0,0.0,0.0,0.0,0.0,0.6546887221859669,0.38315784009370896,SEPLAT
2021-05-17,620.0,620.0,659.0,626.0,23890.0,0.0,0.0,0.0,0.0,0.0,0.1809131114087947,0.38315784009370896,SEPLAT
2021-05-18,620.0,620.0,680.0,650.0,266720.0,0.0,0.0,0.0,0.0,0.0,0.0,0.38315784009370896,SEPLAT
2021-05-19,682.0,620.0,682.0,682.0,1590000.0,10.0,0.10000000000000009,0.09531017980432493,0.009084030374332749,0.09531017980432493,0.6766351534367473,0.4920532148491376,SEPLAT
2021-05-20,682.0,682.0,700.0,651.4,80230.0,0.0,0.0,0.0,0.0,0.0,0.6766351534367473,0.4920532148491376,SEPLAT
2021-05-21,682.0,682.0,695.0,682.0,29940.0,0.0,0.0,0.0,0.0,0.0,0.6766351534367473,0.4920532148491376,SEPLAT
2021-05-24,682.0,682.0,695.0,665.1,7440.0,0.0,0.0,0.0,0.0,0.0,0.6766351534367473,0.4920532148491376,SEPLAT
2021-05-25,682.0,682.0,680.0,665.5,7900.0,0.0,0.0,0.0,0.0,0.0,0.6766351534367473,0.4920532148491376,SEPLAT
2021-05-26,682.0,682.0,690.0,680.0,86690.0,0.0,0.0,0.0,0.0,0.0,0.0,0.4920532148491376,SEPLAT
2021-05-27,671.7,671.7,685.0,660.0,48090.0,-1.51,-0.015102639296187603,-0.015217845570643184,0.0002315828238119444,0.015217845570643184,0.10803598622737703,0.49882221104890007,SEPLAT
2021-05-28,688.0,671.7,688.0,688.0,372160.0,2.43,0.024266785767455668,0.023977025660524787,0.0005748977595254641,0.023977025660524787,0.2232522429418903,0.4999709476317375,SEPLAT
2021-05-31,688.0,688.0,718.8,661.0,436770.0,0.0,0.0,0.0,0.0,0.0,0.2232522429418903,0.4999709476317375,SEPLAT
2021-06-01,680.0,688.0,680.0,680.0,419200.0,-1.16,-0.011627906976744207,-0.011696039763191298,0.00013679734614215197,0.011696039763191298,0.24355252561507001,0.49699943764513843,SEPLAT
2021-06-02,680.0,680.0,680.0,680.0,470580.0,0.0,0.0,0.0,0.0,0.0,0.24355252561507001,0.49699943764513843,SEPLAT
2021-06-03,680.0,680.0,688.0,667.3,8830.0,0.0,0.0,0.0,0.0,0.0,0.20721106802718683,0.49699943764513843,SEPLAT
2021-06-04,680.0,680.0,680.0,680.0,356190.0,0.0,0.0,0.0,0.0,0.0,0.08303364526241427,0.49699943764513843,SEPLAT
2021-06-07,680.0,680.0,700.0,670.0,196190.0,0.0,0.0,0.0,0.0,0.0,0.08303364526241427,0.4706843688887402,SEPLAT
2021-06-08,680.0,680.0,719.0,672.0,94150.0,0.0,0.0,0.0,0.0,0.0,0.0,0.355235655245643,SEPLAT
2021-06-09,680.0,680.0,709.4,680.0,10460.0,0.0,0.0,0.0,0.0,0.0,0.0,0.3481729260939438,SEPLAT
2021-06-10,680.0,680.0,690.0,680.0,121080.0,0.0,0.0,0.0,0.0,0.0,0.0,0.3481729260939438,SEPLAT
2021-06-11,690.0,680.0,690.0,690.0,740010.0,1.47,0.014705882352941124,0.014598799421152631,0.0002131249445390464,0.014598799421152631,0.10364119453560895,0.34951915299785374,SEPLAT
2021-06-15,690.0,690.0,690.0,680.7,43580.0,0.0,0.0,0.0,0.0,0.0,0.10364119453560895,0.34951915299785374,SEPLAT
2021-06-16,700.0,690.0,700.0,700.0,725850.0,1.45,0.01449275362318847,0.01438873745209967,0.00020703576546545572,0.01438873745209967,0.12602631005531661,0.3504297861289843,SEPLAT
2021-06-17,700.0,700.0,700.0,700.0,248290.0,0.0,0.0,0.0,0.0,0.0,0.12602631005531661,0.3504297861289843,SEPLAT
2021-06-18,700.0,700.0,720.0,700.0,141320.0,0.0,0.0,0.0,0.0,0.0,0.12602631005531661,0.12950731326050213,SEPLAT
2021-06-21,700.0,700.0,715.0,690.0,230350.0,0.0,0.0,0.0,0.0,0.0,0.10214990249363419,0.12950731326050213,SEPLAT
2021-06-22,700.0,700.0,700.0,671.0,126410.0,0.0,0.0,0.0,0.0,0.0,0.10214990249363419,0.12950731326050213,SEPLAT
2021-06-23,700.0,700.0,698.8,671.0,450.0,0.0,0.0,0.0,0.0,0.0,0.0,0.12950731326050213,SEPLAT
2021-06-24,700.0,700.0,690.0,644.0,2350.0,0.0,0.0,0.0,0.0,0.0,0.0,0.12950731326050213,SEPLAT
2021-06-25,700.0,700.0,680.0,645.1,2400.0,0.0,0.0,0.0,0.0,0.0,0.0,0.12950731326050213,SEPLAT
2021-06-28,700.0,700.0,689.8,632.6,3350.0,0.0,0.0,0.0,0.0,0.0,0.0,0.11506315089753488,SEPLAT
2021-06-29,690.0,700.0,690.0,690.0,536080.0,-1.43,-0.014285714285714235,-0.014388737452099556,0.00020703576546545242,0.014388737452099556,0.10214990249363336,0.09808805505327045,SEPLAT
2021-06-30,690.0,690.0,685.0,656.2,7470.0,0.0,0.0,0.0,0.0,0.0,0.10214990249363336,0.09808805505327045,SEPLAT
2021-07-01,690.0,690.0,694.8,680.0,41980.0,0.0,0.0,0.0,0.0,0.0,0.10214990249363336,0.08817482987904203,SEPLAT
2021-07-02,700.0,690.0,700.0,700.0,387050.0,1.45,0.01449275362318847,0.01438873745209967,0.00020703576546545572,0.01438873745209967,0.16151317732199813,0.10003579289134101,SEPLAT
2021-07-05,700.0,700.0,720.0,655.0,17700.0,0.0,0.0,0.0,0.0,0.0,0.16151317732199813,0.10003579289134101,SEPLAT
2021-07-06,750.0,700.0,750.0,707.4,577260.0,7.14,0.0714285714285714,0.06899287148695142,0.004760016316014994,0.06899287148695142,0.4746818650386081,0.2544158712897364,SEPLAT
2021-07-07,750.0,750.0,800.0,740.0,43000.0,0.0,0.0,0.0,0.0,0.0,0.4746818650386081,0.2544158712897364,SEPLAT
2021-07-08,770.0,750.0,770.0,770.0,409570.0,2.67,0.026666666666666616,0.026317308317373358,0.000692600717071689,0.026317308317373358,0.45269369939691384,0.26446993672234814,SEPLAT
2021-07-09,770.0,770.0,799.0,745.8,860.0,0.0,0.0,0.0,0.0,0.0,0.47859804676562234,0.26446993672234814,SEPLAT
2021-07-12,770.0,770.0,770.0,735.0,2850.0,0.0,0.0,0.0,0.0,0.0,0.47859804676562234,0.26446993672234814,SEPLAT
2021-07-13,770.0,770.0,780.0,735.4,202970.0,0.0,0.0,0.0,0.0,0.0,0.18683435481841426,0.26326529411061245,SEPLAT
2021-07-14,770.0,770.0,779.8,735.4,106400.0,0.0,0.0,0.0,0.0,0.0,0.18683435481841426,0.26326529411061245,SEPLAT
2021-07-15,770.0,770.0,779.8,770.0,68570.0,0.0,0.0,0.0,0.0,0.0,0.0,0.2616674562914197,SEPLAT
2021-07-16,770.0,770.0,774.8,738.1,9220.0,0.0,0.0,0.0,0.0,0.0,0.0,0.2616674562914197,SEPLAT
2021-07-19,770.0,770.0,769.8,738.3,710.0,0.0,0.0,0.0,0.0,0.0,0.0,0.2616674562914197,SEPLAT
2021-07-22,770.0,770.0,760.0,750.0,1930.0,0.0,0.0,0.0,0.0,0.0,0.0,0.2616674562914197,SEPLAT
2021-07-23,770.0,770.0,770.0,750.1,111420.0,0.0,0.0,0.0,0.0,0.0,0.0,0.2616674562914197,SEPLAT
2021-07-26,770.0,770.0,770.0,738.4,125380.0,0.0,0.0,0.0,0.0,0.0,0.0,0.2616674562914197,SEPLAT
2021-07-27,770.0,770.0,768.7,740.0,14810.0,0.0,0.0,0.0,0.0,0.0,0.0,0.2616674562914197,SEPLAT
2021-07-28,770.0,770.0,769.8,740.0,1500.0,0.0,0.0,0.0,0.0,0.0,0.0,0.2616674562914197,SEPLAT
2021-07-29,770.0,770.0,770.0,739.0,222000.0,0.0,0.0,0.0,0.0,0.0,0.0,0.2616674562914197,SEPLAT
2021-07-30,770.0,770.0,774.0,700.0,466940.0,0.0,0.0,0.0,0.0,0.0,0.0,0.25316262321562766,SEPLAT
2021-08-02,770.0,770.0,820.0,723.0,62030.0,0.0,0.0,0.0,0.0,0.0,0.0,0.25316262321562766,SEPLAT
2021-08-03,770.0,770.0,795.0,722.0,141630.0,0.0,0.0,0.0,0.0,0.0,0.0,0.25316262321562766,SEPLAT
2021-08-04,770.0,770.0,770.0,770.0,131100.0,0.0,0.0,0.0,0.0,0.0,0.0,0.25150060912906874,SEPLAT
2021-08-05,770.0,770.0,770.0,723.4,420.0,0.0,0.0,0.0,0.0,0.0,0.0,0.25150060912906874,SEPLAT
2021-08-06,770.0,770.0,770.0,733.1,24000.0,0.0,0.0,0.0,0.0,0.0,0.0,0.09116583024829149,SEPLAT
2021-08-09,770.0,770.0,770.0,750.0,530.0,0.0,0.0,0.0,0.0,0.0,0.0,0.09116583024829149,SEPLAT
2021-08-10,770.0,770.0,769.8,750.0,2050.0,0.0,0.0,0.0,0.0,0.0,0.0,0.0,SEPLAT
2021-08-11,770.0,770.0,770.0,750.0,21140.0,0.0,0.0,0.0,0.0,0.0,0.0,0.0,SEPLAT
2021-08-12,770.0,770.0,770.0,760.0,180.0,0.0,0.0,0.0,0.0,0.0,0.0,0.0,SEPLAT
2021-08-13,759.7,759.7,770.0,745.0,3320.0,-1.34,-0.013376623376623265,-0.013466896338553509,0.0001813572969933459,0.013466896338553509,0.09560547980353759,0.04665069735727593,SEPLAT
2021-08-16,759.7,759.7,769.0,705.0,1020.0,0.0,0.0,0.0,0.0,0.0,0.09560547980353759,0.04665069735727593,SEPLAT
2021-08-17,759.7,759.7,745.0,702.0,370.0,0.0,0.0,0.0,0.0,0.0,0.09560547980353759,0.04665069735727593,SEPLAT
2021-08-18,759.7,759.7,734.7,683.8,249130.0,0.0,0.0,0.0,0.0,0.0,0.09560547980353759,0.04665069735727593,SEPLAT
2021-08-19,759.7,759.7,709.7,683.8,60330.0,0.0,0.0,0.0,0.0,0.0,0.09560547980353759,0.04665069735727593,SEPLAT
2021-08-20,759.7,759.7,709.7,683.8,401050.0,0.0,0.0,0.0,0.0,0.0,0.0,0.04665069735727593,SEPLAT
2021-08-23,759.7,759.7,690.0,683.8,2009.9999999999998,0.0,0.0,0.0,0.0,0.0,0.0,0.04665069735727593,SEPLAT
2021-08-24,759.7,759.7,690.0,683.8,423580.0,0.0,0.0,0.0,0.0,0.0,0.0,0.04665069735727593,SEPLAT
2021-08-25,759.7,759.7,700.0,683.8,5180.0,0.0,0.0,0.0,0.0,0.0,0.0,0.04665069735727593,SEPLAT
2021-08-26,759.7,759.7,700.0,683.8,160410.0,0.0,0.0,0.0,0.0,0.0,0.0,0.04665069735727593,SEPLAT
2021-08-27,759.7,759.7,710.0,686.0,110.0,0.0,0.0,0.0,0.0,0.0,0.0,0.04665069735727593,SEPLAT
2021-08-30,759.7,759.7,725.0,689.0,280.0,0.0,0.0,0.0,0.0,0.0,0.0,0.04665069735727593,SEPLAT
2021-08-31,759.7,759.7,725.0,683.8,3150.0,0.0,0.0,0.0,0.0,0.0,0.0,0.04665069735727593,SEPLAT
2021-09-01,759.7,759.7,710.0,683.8,183970.0,0.0,0.0,0.0,0.0,0.0,0.0,0.04665069735727593,SEPLAT
2021-09-02,759.7,759.7,720.0,684.0,45140.0,0.0,0.0,0.0,0.0,0.0,0.0,0.04665069735727593,SEPLAT
2021-09-03,759.7,759.7,720.0,684.2,201130.0,0.0,0.0,0.0,0.0,0.0,0.0,0.04665069735727593,SEPLAT
2021-09-06,759.7,759.7,725.0,684.9,110.0,0.0,0.0,0.0,0.0,0.0,0.0,0.04665069735727593,SEPLAT
2021-09-07,759.7,759.7,715.0,685.0,281840.0,0.0,0.0,0.0,0.0,0.0,0.0,0.04665069735727593,SEPLAT
2021-09-08,759.7,759.7,714.9,690.0,565070.0,0.0,0.0,0.0,0.0,0.0,0.0,0.04665069735727593,SEPLAT
2021-09-09,759.7,759.7,718.0,692.0,165530.0,0.0,0.0,0.0,0.0,0.0,0.0,0.04665069735727593,SEPLAT
2021-09-10,759.7,759.7,716.8,685.5,88560.0,0.0,0.0,0.0,0.0,0.0,0.0,0.04665069735727593,SEPLAT
2021-09-13,759.7,759.7,716.5,686.0,3870.0,0.0,0.0,0.0,0.0,0.0,0.0,0.0,SEPLAT
2021-09-14,759.7,759.7,710.0,690.0,2029.9999999999998,0.0,0.0,0.0,0.0,0.0,0.0,0.0,SEPLAT
2021-09-15,710.0,759.7,710.0,710.0,664620.0,-6.54,-0.06542056074766356,-0.06765864847381481,0.004577692713303243,0.06765864847381481,0.4803287548653354,0.23437643345617948,SEPLAT
2021-09-16,710.0,710.0,710.0,710.0,201470.0,0.0,0.0,0.0,0.0,0.0,0.4803287548653354,0.23437643345617948,SEPLAT
2021-09-17,710.0,710.0,713.0,691.0,6200.0,0.0,0.0,0.0,0.0,0.0,0.4803287548653354,0.23437643345617948,SEPLAT
2021-09-20,710.0,710.0,713.0,650.0,115510.0,0.0,0.0,0.0,0.0,0.0,0.4803287548653354,0.23437643345617948,SEPLAT
2021-09-21,710.0,710.0,699.4,650.4,30.0,0.0,0.0,0.0,0.0,0.0,0.4803287548653354,0.23437643345617948,SEPLAT
2021-09-22,710.0,710.0,706.0,690.0,20790.0,0.0,0.0,0.0,0.0,0.0,0.0,0.23437643345617948,SEPLAT
2021-09-23,710.0,710.0,725.0,660.0,40830.0,0.0,0.0,0.0,0.0,0.0,0.0,0.23437643345617948,SEPLAT
2021-09-24,710.0,710.0,710.0,710.0,525210.0,0.0,0.0,0.0,0.0,0.0,0.0,0.23437643345617948,SEPLAT
2021-09-27,710.0,710.0,720.0,700.0,19200.0,0.0,0.0,0.0,0.0,0.0,0.0,0.23437643345617948,SEPLAT
2021-09-28,710.0,710.0,724.0,685.8,15010.0,0.0,0.0,0.0,0.0,0.0,0.0,0.23437643345617948,SEPLAT
2021-09-29,710.0,710.0,724.0,710.0,50530.0,0.0,0.0,0.0,0.0,0.0,0.0,0.23437643345617948,SEPLAT
2021-09-30,710.0,710.0,724.0,695.0,870.0,0.0,0.0,0.0,0.0,0.0,0.0,0.23437643345617948,SEPLAT
2021-10-04,710.0,710.0,724.9,688.1,2540.0,0.0,0.0,0.0,0.0,0.0,0.0,0.23437643345617948,SEPLAT
2021-10-05,710.0,710.0,724.9,691.2,8350.0,0.0,0.0,0.0,0.0,0.0,0.0,0.23437643345617948,SEPLAT
2021-10-06,710.0,710.0,710.0,710.0,254140.0,0.0,0.0,0.0,0.0,0.0,0.0,0.23437643345617948,SEPLAT
2021-10-07,710.0,710.0,719.0,696.0,99380.0,0.0,0.0,0.0,0.0,0.0,0.0,0.23437643345617948,SEPLAT
2021-10-08,710.0,710.0,719.0,700.0,53660.0,0.0,0.0,0.0,0.0,0.0,0.0,0.23437643345617948,SEPLAT
2021-10-11,710.0,710.0,725.0,695.4,161630.0,0.0,0.0,0.0,0.0,0.0,0.0,0.23437643345617948,SEPLAT
2021-10-12,710.0,710.0,715.0,700.0,100020.0,0.0,0.0,0.0,0.0,0.0,0.0,0.23437643345617948,SEPLAT
2021-10-13,710.0,710.0,710.0,710.0,326200.0,0.0,0.0,0.0,0.0,0.0,0.0,0.23437643345617948,SEPLAT
2021-10-14,720.0,710.0,720.0,720.0,909940.0,1.41,0.014084507042253502,0.01398624197473987,0.00019561496457597542,0.01398624197473987,0.09929246806595736,0.241692450046825,SEPLAT
2021-10-15,720.0,720.0,724.8,696.9,19160.0,0.0,0.0,0.0,0.0,0.0,0.09929246806595736,0.048449763414403706,SEPLAT
2021-10-18,720.0,720.0,760.0,700.0,14220.0,0.0,0.0,0.0,0.0,0.0,0.09929246806595736,0.048449763414403706,SEPLAT
2021-10-20,720.0,720.0,759.0,720.0,10040.0,0.0,0.0,0.0,0.0,0.0,0.09929246806595736,0.048449763414403706,SEPLAT
2021-10-21,720.0,720.0,770.0,720.0,115860.0,0.0,0.0,0.0,0.0,0.0,0.09929246806595736,0.048449763414403706,SEPLAT
2021-10-22,731.5,720.0,731.5,731.5,212550.0,1.6,0.015972222222222276,0.01584600845007806,0.00025109598379994527,0.01584600845007806,0.11249550028119899,0.07137632695993229,SEPLAT
2021-10-25,731.5,731.5,760.0,720.8,104870.0,0.0,0.0,0.0,0.0,0.0,0.11249550028119899,0.07137632695993229,SEPLAT
2021-10-26,731.5,731.5,740.0,720.0,256769.99999999997,0.0,0.0,0.0,0.0,0.0,0.11249550028119899,0.07137632695993229,SEPLAT
2021-10-27,731.5,731.5,740.0,731.5,53540.0,0.0,0.0,0.0,0.0,0.0,0.11249550028119899,0.07137632695993229,SEPLAT
2021-10-28,731.5,731.5,740.0,721.0,28710.0,0.0,0.0,0.0,0.0,0.0,0.11249550028119899,0.07137632695993229,SEPLAT
2021-10-29,731.5,731.5,731.5,721.0,29620.0,0.0,0.0,0.0,0.0,0.0,0.0,0.07137632695993229,SEPLAT
2021-11-01,731.5,731.5,741.0,721.0,70820.0,0.0,0.0,0.0,0.0,0.0,0.0,0.07137632695993229,SEPLAT
2021-11-02,731.5,731.5,749.0,723.0,43750.0,0.0,0.0,0.0,0.0,0.0,0.0,0.07137632695993229,SEPLAT
2021-11-03,731.5,731.5,731.5,688.9,23520.0,0.0,0.0,0.0,0.0,0.0,0.0,0.07137632695993229,SEPLAT
2021-11-04,731.5,731.5,732.0,690.0,70530.0,0.0,0.0,0.0,0.0,0.0,0.0,0.07137632695993229,SEPLAT
2021-11-05,731.5,731.5,714.0,689.2,16210.0,0.0,0.0,0.0,0.0,0.0,0.0,0.07137632695993229,SEPLAT
2021-11-08,731.5,731.5,715.0,691.2,245240.0,0.0,0.0,0.0,0.0,0.0,0.0,0.07137632695993229,SEPLAT
2021-11-09,731.5,731.5,700.0,685.0,64569.99999999999,0.0,0.0,0.0,0.0,0.0,0.0,0.07137632695993229,SEPLAT
2021-11-10,731.5,731.5,719.8,685.0,160200.0,0.0,0.0,0.0,0.0,0.0,0.0,0.07137632695993229,SEPLAT
2021-11-11,731.5,731.5,723.4,691.2,22380.0,0.0,0.0,0.0,0.0,0.0,0.0,0.07137632695993229,SEPLAT
2021-11-12,731.5,731.5,717.4,671.0,24310.0,0.0,0.0,0.0,0.0,0.0,0.0,0.07137632695993229,SEPLAT
2021-11-15,731.5,731.5,718.9,692.0,8630.0,0.0,0.0,0.0,0.0,0.0,0.0,0.054892183465401784,SEPLAT
2021-11-16,721.2,721.2,718.9,690.6,17930.0,-1.41,-0.01408065618591925,-0.014180729131016699,0.00020109307868726561,0.014180729131016699,0.10067318990594362,0.07547130775475239,SEPLAT
2021-11-17,721.2,721.2,705.0,649.1,97270.0,0.0,0.0,0.0,0.0,0.0,0.10067318990594362,0.07547130775475239,SEPLAT
2021-11-18,721.2,721.2,688.4,649.1,30440.0,0.0,0.0,0.0,0.0,0.0,0.10067318990594362,0.07547130775475239,SEPLAT
2021-11-19,721.2,721.2,649.1,649.1,11780.0,0.0,0.0,0.0,0.0,0.0,0.10067318990594362,0.07547130775475239,SEPLAT
2021-11-22,721.2,721.2,699.4,649.1,150660.0,0.0,0.0,0.0,0.0,0.0,0.10067318990594362,0.04912348668658581,SEPLAT
2021-11-23,721.2,721.2,669.4,649.1,26480.0,0.0,0.0,0.0,0.0,0.0,0.0,0.04912348668658581,SEPLAT
2021-11-24,721.2,721.2,649.1,649.1,1550.0,0.0,0.0,0.0,0.0,0.0,0.0,0.04912348668658581,SEPLAT
2021-11-25,695.0,721.2,695.0,695.0,1720000.0,-3.63,-0.036328341652800966,-0.03700464576437015,0.0013693438081465179,0.03700464576437015,0.26270692402482376,0.13496495549659135,SEPLAT
2021-11-26,695.0,695.0,688.4,649.2,30710.0,0.0,0.0,0.0,0.0,0.0,0.26270692402482376,0.13496495549659135,SEPLAT
2021-11-29,695.0,695.0,670.0,630.1,102660.0,0.0,0.0,0.0,0.0,0.0,0.26270692402482376,0.13496495549659135,SEPLAT
2021-11-30,695.0,695.0,669.4,630.1,22850.0,0.0,0.0,0.0,0.0,0.0,0.26270692402482376,0.13496495549659135,SEPLAT
2021-12-01,695.0,695.0,670.0,630.1,1330.0,0.0,0.0,0.0,0.0,0.0,0.26270692402482376,0.13496495549659135,SEPLAT
2021-12-02,650.0,695.0,650.0,650.0,1550000.0,-6.47,-0.06474820143884896,-0.06693948267510938,0.004480894340811269,0.06693948267510938,0.475223184174434,0.26052770348409715,SEPLAT
2021-12-03,650.0,650.0,645.0,585.4,154290.0,0.0,0.0,0.0,0.0,0.0,0.475223184174434,0.26052770348409715,SEPLAT
2021-12-06,650.0,650.0,634.4,585.4,950.0,0.0,0.0,0.0,0.0,0.0,0.475223184174434,0.26052770348409715,SEPLAT
2021-12-07,615.0,650.0,615.0,615.0,713550.0,-5.38,-0.05384615384615388,-0.055350095083164956,0.0030636330257154012,0.055350095083164956,0.5356075892429436,0.3111147924374984,SEPLAT
2021-12-08,630.1,615.0,630.1,630.0,604390.0,2.46,0.02455284552845538,0.024256269141492034,0.0005883665926644986,0.024256269141492034,0.6255234979517494,0.33000339294384756,SEPLAT
2021-12-09,630.1,630.1,645.8,615.8,54560.0,0.0,0.0,0.0,0.0,0.0,0.4667911398158993,0.33000339294384756,SEPLAT
2021-12-10,650.1,630.1,650.1,650.1,198390.0,3.17,0.03174099349309634,0.03124766026241325,0.0009764162718752001,0.03124766026241325,0.5399906507589679,0.35526682407675675,SEPLAT
2021-12-13,650.1,650.1,670.0,651.0,150400.0,0.0,0.0,0.0,0.0,0.0,0.5399906507589679,0.35526682407675675,SEPLAT
2021-12-14,650.1,650.1,670.0,650.0,64489.99999999999,0.0,0.0,0.0,0.0,0.0,0.24446814640593245,0.35526682407675675,SEPLAT
2021-12-15,650.0,650.1,650.0,650.0,157830.0,-0.02,-0.00015382248884787675,-0.00015383432074027073,2.366499823762049e-08,0.00015383432074027073,0.2221119273603273,0.3543285339495457,SEPLAT
2021-12-16,650.0,650.0,650.0,650.0,339770.0,0.0,0.0,0.0,0.0,0.0,0.2221119273603273,0.3543285339495457,SEPLAT
2021-12-17,650.0,650.0,663.4,630.1,350.0,0.0,0.0,0.0,0.0,0.0,0.0010921153378702696,0.3543285339495457,SEPLAT
2021-12-20,650.0,650.0,649.5,620.4,346730.0,0.0,0.0,0.0,0.0,0.0,0.0010921153378702696,0.3543285339495457,SEPLAT
2021-12-21,650.0,650.0,680.0,615.0,147570.0,0.0,0.0,0.0,0.0,0.0,0.0010921153378702696,0.3543285339495457,SEPLAT
2021-12-22,650.0,650.0,649.4,648.8,990.0,0.0,0.0,0.0,0.0,0.0,5.95235926800202e-09,0.3543285339495457,SEPLAT
2021-12-23,650.0,650.0,650.0,618.4,2240.0,0.0,0.0,0.0,0.0,0.0,5.95235926800202e-09,0.3543285339495457,SEPLAT
2021-12-24,650.0,650.0,650.0,635.0,51040.0,0.0,0.0,0.0,0.0,0.0,5.95235926800202e-09,0.3347970586578193,SEPLAT
2021-12-29,650.0,650.0,670.0,600.0,5920.0,0.0,0.0,0.0,0.0,0.0,5.95235926800202e-09,0.3347970586578193,SEPLAT
2021-12-30,650.0,650.0,650.0,648.4,9180.0,0.0,0.0,0.0,0.0,0.0,5.95235926800202e-09,0.3347970586578193,SEPLAT
2021-12-31,650.0,650.0,664.9,620.4,22690.0,0.0,0.0,0.0,0.0,0.0,5.95235926800202e-09,0.3347970586578193,SEPLAT
2022-01-04,650.0,650.0,664.9,650.0,15900.0,0.0,0.0,0.0,0.0,0.0,5.95235926800202e-09,0.3347970586578193,SEPLAT
2022-01-05,665.0,650.0,665.0,665.0,184210.0,2.31,0.023076923076922995,0.022814677766171264,0.0005205095215742294,0.022814677766171264,0.16196814466845386,0.2540953613411367,SEPLAT
2022-01-06,665.0,665.0,678.0,651.0,11910.0,0.0,0.0,0.0,0.0,0.0,0.16196814466845386,0.2540953613411367,SEPLAT
2022-01-07,665.0,665.0,665.0,665.0,211040.0,0.0,0.0,0.0,0.0,0.0,0.16196814466845386,0.2540953613411367,SEPLAT
2022-01-10,665.0,665.0,700.9,670.0,58520.0,0.0,0.0,0.0,0.0,0.0,0.16196814466845386,0.15036337059024812,SEPLAT
2022-01-11,670.0,665.0,670.0,665.0,895910.0,0.75,0.007518796992481258,0.007490671729157659,5.611016295400179e-05,0.007490671729157659,0.15733728453246482,0.13155468818348812,SEPLAT
2022-01-12,690.0,670.0,690.0,690.0,1350000.0,2.99,0.029850746268656803,0.029413885206293407,0.0008651766429290061,0.029413885206293407,0.20218937931020262,0.1597547174280773,SEPLAT
2022-01-13,690.0,690.0,690.0,690.0,1330000.0,0.0,0.0,0.0,0.0,0.0,0.2021893793102026,0.12664165883080544,SEPLAT
2022-01-14,690.0,690.0,693.8,690.0,110590.0,0.0,0.0,0.0,0.0,0.0,0.2021893793102026,0.12664165883080544,SEPLAT
2022-01-17,690.0,690.0,695.0,681.0,2380.0,0.0,0.0,0.0,0.0,0.0,0.2021893793102026,0.12664165883080544,SEPLAT
2022-01-18,690.0,690.0,695.0,690.0,3910.0,0.0,0.0,0.0,0.0,0.0,0.20881786993363846,0.1265970044272483,SEPLAT
2022-01-19,720.1,690.0,720.1,720.1,208020.0,4.36,0.04362318840579715,0.04269849366351611,0.001823161361133325,0.04269849366351611,0.30312923415784165,0.1866677053647897,SEPLAT
2022-01-20,720.1,720.1,775.0,700.0,541420.0,0.0,0.0,0.0,0.0,0.0,0.30312923415784165,0.1866677053647897,SEPLAT
2022-01-21,755.1,720.1,755.1,755.0,713930.0,4.86,0.04860436050548533,0.04746009955455874,0.0022524610497286265,0.04746009955455874,0.3928666511081312,0.23673077138738424,SEPLAT
2022-01-24,780.0,755.1,780.0,770.0,1030000.0,3.3,0.03297576479936426,0.032443728874257484,0.0010525955432663288,0.032443728874257484,0.36562683283839886,0.25067407106622497,SEPLAT
2022-01-25,790.0,780.0,790.0,780.0,1230000.0,1.28,0.012820512820512775,0.012739025777429712,0.0001622827777580187,0.012739025777429712,0.3201621659791599,0.24899350277442153,SEPLAT
2022-01-26,785.0,790.0,785.0,785.0,412340.0,-0.63,-0.006329113924050667,-0.00634922767865878,4.031269211544676e-05,0.00634922767865878,0.35658806236573387,0.2529183615104176,SEPLAT
2022-01-27,786.0,785.0,786.0,786.0,120220.0,0.13,0.001273885350318471,0.0012730746467981126,1.6207190563201392e-06,0.0012730746467981126,0.3528006563397398,0.25238631866251765,SEPLAT
2022-01-28,790.0,786.0,790.0,785.0,814790.0,0.51,0.0050890585241729624,0.005076153031860568,2.5767329602867236e-05,0.005076153031860568,0.2346908951953876,0.25070060581824744,SEPLAT
2022-01-31,790.0,790.0,830.0,795.2,116270.0,0.0,0.0,0.0,0.0,0.0,0.1115535686018427,0.25070060581824744,SEPLAT
2022-02-01,869.0,790.0,869.0,840.0,397470.0,10.0,0.10000000000000009,0.09531017980432493,0.009084030374332749,0.09531017980432493,0.6797795801104743,0.3867164946216947,SEPLAT
2022-02-02,872.1,869.0,872.1,870.4,1110000.0,0.36,0.003567318757192295,0.003560970967548012,1.2680514231719823e-05,0.003560970967548012,0.6597874655713378,0.38530638608476014,SEPLAT
2022-02-03,872.1,872.1,900.0,865.1,211240.0,0.0,0.0,0.0,0.0,0.0,0.6622481400101586,0.38682998178876044,SEPLAT
2022-02-04,870.0,872.1,870.0,870.0,654660.0,-0.24,-0.002407980736154114,-0.002410884584310531,5.812364478866161e-06,0.002410884584310531,0.6754414998608244,0.3879323929504218,SEPLAT
2022-02-07,866.0,870.0,866.0,866.0,809800.0,-0.46,-0.0045977011494252595,-0.004608303086194219,2.123645733422716e-05,0.004608303086194219,0.6844657729730099,0.39016959692001857,SEPLAT
2022-02-08,866.0,866.0,866.0,866.0,793680.0,0.0,0.0,0.0,0.0,0.0,0.048500118144072735,0.39016959692001857,SEPLAT
2022-02-09,866.0,866.0,866.0,825.0,87990.0,0.0,0.0,0.0,0.0,0.0,0.03291331691348178,0.3922570391072253,SEPLAT
2022-02-10,866.0,866.0,928.0,866.0,784240.0,0.0,0.0,0.0,0.0,0.0,0.03291331691348178,0.38923338831126797,SEPLAT
2022-02-11,850.0,866.0,864.8,850.0,702390.0,-1.85,-0.018475750577367167,-0.018648559078072977,0.00034776875568837807,0.018648559078072977,0.12818822014933615,0.4009489357794538,SEPLAT
2022-02-14,850.0,850.0,864.9,820.0,64019.99999999999,0.0,0.0,0.0,0.0,0.0,0.13239163601487108,0.4009489357794538,SEPLAT
2022-02-15,850.0,850.0,853.4,825.0,1070.0,0.0,0.0,0.0,0.0,0.0,0.13239163601487108,0.4009489357794538,SEPLAT
2022-02-16,850.0,850.0,852.4,810.1,6220.0,0.0,0.0,0.0,0.0,0.0,0.13239163601487108,0.4009489357794538,SEPLAT
2022-02-17,800.0,850.0,820.0,800.0,835890.0,-5.88,-0.05882352941176472,-0.060624621816434854,0.0036753447703857488,0.060624621816434854,0.41746228968325927,0.4511642190188269,SEPLAT
2022-02-18,800.0,800.0,819.0,795.0,21640.0,0.0,0.0,0.0,0.0,0.0,0.430392119383524,0.4511642190188269,SEPLAT
2022-02-21,800.0,800.0,819.9,800.0,570.0,0.0,0.0,0.0,0.0,0.0,0.430392119383524,0.4240392220936663,SEPLAT
2022-02-22,800.0,800.0,800.0,800.0,969380.0,0.0,0.0,0.0,0.0,0.0,0.430392119383524,0.41007779782880843,SEPLAT
2022-02-23,800.0,800.0,800.0,800.0,807580.0,0.0,0.0,0.0,0.0,0.0,0.430392119383524,0.4079322206641283,SEPLAT
2022-02-24,859.9,800.0,859.9,859.9,412020.0,7.49,0.07487500000000002,0.07220437574892356,0.005213471877291741,0.07220437574892356,0.5126002171434418,0.47613272395354017,SEPLAT
2022-02-25,859.9,859.9,945.8,900.0,101620.0,0.0,0.0,0.0,0.0,0.0,0.5126002171434418,0.47625644281569446,SEPLAT
2022-02-28,859.9,859.9,945.8,945.8,10870.0,0.0,0.0,0.0,0.0,0.0,0.5126002171434418,0.47647396372665946,SEPLAT
2022-03-01,945.8,859.9,945.8,945.8,104610.0,9.99,0.0998953366670543,0.09521502679292457,0.009065901327177344,0.09521502679292457,0.7392103096571625,0.5710788888130112,SEPLAT
2022-03-02,1034.0,945.8,1034.0,1034.0,799620.0,9.33,0.09325438781983508,0.08915892485859905,0.007949313881941313,0.08915892485859905,0.7555915341568854,0.5595887993431568,SEPLAT
2022-03-03,1034.0,1034.0,1120.0,1000.0,135710.0,0.0,0.0,0.0,0.0,0.0,0.8022700649873059,0.5601027746817971,SEPLAT
2022-03-04,1034.0,1034.0,1033.9,930.6,62910.0,0.0,0.0,0.0,0.0,0.0,0.8022700649873059,0.5601027746817971,SEPLAT
2022-03-07,990.0,1034.0,990.0,990.0,226420.0,-4.26,-0.04255319148936165,-0.04348511193973878,0.0018909549604116122,0.04348511193973878,0.9700427514925366,0.5872383644225452,SEPLAT
2022-03-08,990.0,990.0,990.0,942.5,42720.0,0.0,0.0,0.0,0.0,0.0,0.7704882299670395,0.5863906882170895,SEPLAT
2022-03-09,990.0,990.0,987.4,947.7,69480.0,0.0,0.0,0.0,0.0,0.0,0.30871366993501476,0.5863906882170895,SEPLAT
2022-03-10,990.0,990.0,990.0,990.0,160660.0,0.0,0.0,0.0,0.0,0.0,0.30871366993501476,0.5863906882170895,SEPLAT
2022-03-11,990.0,990.0,990.0,990.0,386880.0,0.0,0.0,0.0,0.0,0.0,0.30871366993501476,0.5863906882170895,SEPLAT
2022-03-14,990.0,990.0,1000.0,939.0,100440.0,0.0,0.0,0.0,0.0,0.0,0.0,0.5798869119648246,SEPLAT
2022-03-15,960.0,990.0,960.0,960.0,552630.0,-3.03,-0.030303030303030276,-0.03077165866675366,0.0009468949771031957,0.03077165866675366,0.2184571052769881,0.5943581615646953,SEPLAT
2022-03-16,960.0,960.0,960.0,930.0,214620.0,0.0,0.0,0.0,0.0,0.0,0.2184571052769881,0.5943581615646953,SEPLAT
2022-03-17,930.0,960.0,930.0,930.0,311580.0,-3.13,-0.03125,-0.0317486983145803,0.001007979844670234,0.0317486983145803,0.2718571248001435,0.608271194027713,SEPLAT
2022-03-18,930.0,930.0,930.0,870.0,6170.0,0.0,0.0,0.0,0.0,0.0,0.2718571248001435,0.5611912339995277,SEPLAT
2022-03-21,930.0,930.0,930.0,870.0,6100.0,0.0,0.0,0.0,0.0,0.0,0.2718571248001435,0.5611912339995277,SEPLAT
2022-03-22,930.0,930.0,930.0,880.6,740.0,0.0,0.0,0.0,0.0,0.0,0.22539339868634084,0.5611912339995277,SEPLAT
2022-03-23,930.0,930.0,950.0,886.0,27800.0,0.0,0.0,0.0,0.0,0.0,0.22539339868634084,0.5611912339995277,SEPLAT
2022-03-24,930.0,930.0,960.0,900.0,34110.0,0.0,0.0,0.0,0.0,0.0,0.0,0.5611912339995277,SEPLAT
2022-03-25,930.0,930.0,960.0,906.0,103160.0,0.0,0.0,0.0,0.0,0.0,0.0,0.5090817178402136,SEPLAT
2022-03-28,930.0,930.0,964.0,880.5,384530.0,0.0,0.0,0.0,0.0,0.0,0.0,0.5090817178402136,SEPLAT
2022-03-29,930.0,930.0,965.0,931.0,170.0,0.0,0.0,0.0,0.0,0.0,0.0,0.5090817178402136,SEPLAT
2022-03-30,930.0,930.0,981.7,940.0,71330.0,0.0,0.0,0.0,0.0,0.0,0.0,0.3852901848475806,SEPLAT
2022-03-31,930.0,930.0,930.0,930.0,207040.0,0.0,0.0,0.0,0.0,0.0,0.0,0.2042428936115665,SEPLAT
2022-04-01,930.0,930.0,978.4,930.0,52520.0,0.0,0.0,0.0,0.0,0.0,0.0,0.2042428936115665,SEPLAT
2022-04-04,930.0,930.0,973.4,881.0,21610.0,0.0,0.0,0.0,0.0,0.0,0.0,0.2042428936115665,SEPLAT
2022-04-05,950.0,930.0,950.0,950.0,305070.0,2.15,0.021505376344086002,0.02127739844728488,0.000452727684684521,0.02127739844728488,0.15105454414912467,0.17121682920842052,SEPLAT
2022-04-06,960.0,950.0,960.0,960.0,191450.0,1.05,0.010526315789473717,0.010471299867295437,0.00010964812091082143,0.010471299867295437,0.15076183107690622,0.1764914188242155,SEPLAT
2022-04-07,960.0,960.0,960.0,945.0,1190.0,0.0,0.0,0.0,0.0,0.0,0.15076183107690622,0.1764914188242155,SEPLAT
2022-04-08,960.0,960.0,969.0,940.1,930.0,0.0,0.0,0.0,0.0,0.0,0.15076183107690622,0.1764914188242155,SEPLAT
2022-04-11,960.0,960.0,969.0,960.1,8090.0,0.0,0.0,0.0,0.0,0.0,0.15076183107690622,0.1764914188242155,SEPLAT
2022-04-12,985.0,960.0,985.0,985.0,999420.0,2.6,0.02604166666666674,0.02570835671020703,0.0006609196047392468,0.02570835671020703,0.1790328896742788,0.20007389312086465,SEPLAT
2022-04-13,985.0,985.0,990.0,985.0,18760.0,0.0,0.0,0.0,0.0,0.0,0.18251122726796298,0.16648578452894186,SEPLAT
2022-04-14,985.0,985.0,1015.0,960.5,270900.0,0.0,0.0,0.0,0.0,0.0,0.18251122726796298,0.16648578452894186,SEPLAT
2022-04-19,985.0,985.0,1033.0,960.5,20590.0,0.0,0.0,0.0,0.0,0.0,0.18251122726796298,0.11589967328229615,SEPLAT
2022-04-20,1030.0,985.0,1030.0,1030.0,373720.0,4.57,0.045685279187817285,0.0446724400515926,0.0019956269001631345,0.0446724400515926,0.32395814118994704,0.18520302603774477,SEPLAT
2022-04-21,1030.0,1030.0,1132.0,1030.0,19990.0,0.0,0.0,0.0,0.0,0.0,0.3171428633411479,0.18520302603774477,SEPLAT
2022-04-22,1030.0,1030.0,1131.0,1052.0,1370.0,0.0,0.0,0.0,0.0,0.0,0.3171428633411479,0.18520302603774477,SEPLAT
2022-04-25,1030.0,1030.0,1133.0,1062.1,47770.0,0.0,0.0,0.0,0.0,0.0,0.3171428633411479,0.18520302603774477,SEPLAT
2022-04-26,1100.0,1030.0,1100.0,1020.0,621310.0,6.8,0.06796116504854366,0.06575137756278043,0.004323243651403306,0.06575137756278043,0.49442062971965334,0.2795011604288995,SEPLAT
2022-04-27,1100.0,1100.0,1200.0,1100.2,6430.0,0.0,0.0,0.0,0.0,0.0,0.46678847461213807,0.2795011604288995,SEPLAT
2022-04-28,1200.0,1100.0,1200.0,1200.0,479530.0,9.09,0.09090909090909083,0.08701137698962969,0.007570979725631458,0.08701137698962969,0.6747567614369251,0.38915755204083363,SEPLAT
2022-04-29,1200.0,1200.0,1320.0,1185.2,291540.0,0.0,0.0,0.0,0.0,0.0,0.6747567614369251,0.38915755204083363,SEPLAT
2022-05-04,1200.0,1200.0,1300.0,1101.0,159170.0,0.0,0.0,0.0,0.0,0.0,0.6747567614369251,0.38915755204083363,SEPLAT
2022-05-05,1200.0,1200.0,1249.8,1120.0,31690.0,0.0,0.0,0.0,0.0,0.0,0.6177194979696088,0.38915755204083363,SEPLAT
2022-05-06,1200.0,1189.6,1200.0,1200.0,709870.0,0.0,0.0,0.0,0.0,0.0,0.6177194979696088,0.38915755204083363,SEPLAT
2022-05-09,1200.0,1200.0,1200.0,1200.0,701120.0,0.0,0.0,0.0,0.0,0.0,0.0,0.38915755204083363,SEPLAT
2022-05-10,1200.0,1200.0,1279.0,1152.0,135540.0,0.0,0.0,0.0,0.0,0.0,0.0,0.38984064387945794,SEPLAT
2022-05-11,1200.0,1200.0,1290.0,1202.0,2520.0,0.0,0.0,0.0,0.0,0.0,0.0,0.391744653845509,SEPLAT
2022-05-12,1200.0,1200.0,1319.0,1206.0,49310.0,0.0,0.0,0.0,0.0,0.0,0.0,0.391744653845509,SEPLAT
2022-05-13,1300.0,1200.0,1300.0,1300.0,210130.0,8.33,0.08333333333333326,0.08004270767353636,0.006406835051711196,0.08004270767353636,0.5682468535823532,0.45706966381567954,SEPLAT
2022-05-16,1300.1,1300.0,1300.1,1300.0,1090000.0,0.01,7.692307692308553e-05,7.692011849491717e-05,5.916704629272098e-09,7.692011849491717e-05,0.5681105799624518,0.4570391265892594,SEPLAT
2022-05-17,1300.0,1300.1,1300.0,1300.0,283820.0,-0.01,-7.691716021840378e-05,-7.69201184948676e-05,5.916704629264473e-09,7.69201184948676e-05,0.5682475095511,0.45775756956472624,SEPLAT
2022-05-18,1300.1,1300.0,1300.1,1300.1,485950.0,0.01,7.692307692308553e-05,7.692011849491717e-05,5.916704629272098e-09,7.692011849491717e-05,0.5681112360885467,0.45772967036725204,SEPLAT
2022-05-19,1299.9,1300.1,1299.9,1220.0,336590.0,-0.02,-0.00015383432043669654,-0.00015384615414940498,2.366863914656248e-08,0.00015384615414940498,0.5683855971996328,0.4577859500340443,SEPLAT
2022-05-20,1299.9,1299.9,1290.3,1202.0,11920.0,0.0,0.0,0.0,0.0,0.0,0.0015921116457689156,0.4577859500340443,SEPLAT
2022-05-23,1299.9,1299.9,1273.0,1203.4,218410.0,0.0,0.0,0.0,0.0,0.0,0.0013922658496915501,0.445080122162428,SEPLAT
2022-05-24,1300.0,1299.9,1300.0,1300.0,872140.0,0.01,7.692899453792812e-05,7.692603565457612e-05,5.917614961529117e-09,7.692603565457612e-05,0.0014955555490842088,0.44505606691190486,SEPLAT
2022-05-25,1300.0,1300.0,1300.0,1228.0,2490.0,0.0,0.0,0.0,0.0,0.0,0.0013376784106891072,0.44505606691190486,SEPLAT
2022-05-26,1300.0,1300.0,1300.0,1300.0,566320.0,0.0,0.0,0.0,0.0,0.0,0.0005461206771435755,0.44505606691190486,SEPLAT
2022-05-27,1300.0,1300.0,1350.0,1250.0,90180.0,0.0,0.0,0.0,0.0,0.0,0.0005461206771435755,0.39922026791129395,SEPLAT
2022-05-30,1300.0,1300.0,1310.0,1230.1,56970.0,0.0,0.0,0.0,0.0,0.0,0.0005461206771435755,0.39922026791129395,SEPLAT
2022-05-31,1289.5,1289.5,1290.0,1240.1,1100.0,-0.81,-0.008076923076923093,-0.008109718128228652,6.576752811932043e-05,0.008109718128228652,0.057573287358059985,0.2800906566687759,SEPLAT
2022-06-01,1289.5,1289.5,1285.0,1241.3,2440.0,0.0,0.0,0.0,0.0,0.0,0.057573287358059985,0.2800906566687759,SEPLAT
2022-06-02,1289.5,1289.5,1290.0,1245.0,4130.0,0.0,0.0,0.0,0.0,0.0,0.057573287358059985,0.2800906566687759,SEPLAT
2022-06-03,1289.5,1289.5,1289.0,1251.1,5590.0,0.0,0.0,0.0,0.0,0.0,0.057573287358059985,0.2800906566687759,SEPLAT
2022-06-06,1289.5,1289.5,1289.5,1251.2,620.0,0.0,0.0,0.0,0.0,0.0,0.057573287358059985,0.2800906566687759,SEPLAT
2022-06-07,1289.5,1289.5,1290.0,1260.2,126840.0,0.0,0.0,0.0,0.0,0.0,0.0,0.2800906566687759,SEPLAT
2022-06-08,1289.5,1289.5,1399.0,1250.1,39040.0,0.0,0.0,0.0,0.0,0.0,0.0,0.2800906566687759,SEPLAT
2022-06-09,1289.5,1289.5,1398.9,1295.0,19370.0,0.0,0.0,0.0,0.0,0.0,0.0,0.2800906566687759,SEPLAT
2022-06-10,1289.5,1289.5,1300.0,1255.0,165720.0,0.0,0.0,0.0,0.0,0.0,0.0,0.2800906566687759,SEPLAT
2022-06-14,1289.5,1289.5,1300.0,1251.0,6950.0,0.0,0.0,0.0,0.0,0.0,0.0,0.028103501128305435,SEPLAT
2022-06-15,1289.5,1289.5,1375.0,1288.0,3540.0,0.0,0.0,0.0,0.0,0.0,0.0,0.028088789838515614,SEPLAT
2022-06-16,1289.5,1289.5,1367.9,1251.0,1870.0,0.0,0.0,0.0,0.0,0.0,0.0,0.02810084829167986,SEPLAT
2022-06-17,1224.64,1224.64,1319.4,1255.5,2009.9999999999998,-5.03,-0.050298565335401224,-0.05160762308406193,0.002663346760386602,0.05160762308406193,0.36637777869773264,0.17956057643346968,SEPLAT
2022-06-20,1224.64,1224.64,1300.0,1251.0,960.0,0.0,0.0,0.0,0.0,0.0,0.36637777869773264,0.17959044274030372,SEPLAT
2022-06-21,1225.11,1224.64,1225.11,1225.11,431180.0,0.04,0.00038378625555246515,0.0003837126284449352,1.4723538122812092e-07,0.0003837126284449352,0.36706827744109605,0.17967179991527832,SEPLAT
2022-06-22,1225.11,1225.11,1290.0,1262.0,12290.0,0.0,0.0,0.0,0.0,0.0,0.36706827744109605,0.17967179991527832,SEPLAT
2022-06-23,1225.11,1225.11,1299.0,1255.0,95120.0,0.0,0.0,0.0,0.0,0.0,0.36706827744109605,0.17965635951010117,SEPLAT
2022-06-24,1225.11,1225.11,1300.0,1280.0,151150.0,0.0,0.0,0.0,0.0,0.0,0.0027240894283940558,0.17965635951010117,SEPLAT
2022-06-27,1225.11,1225.11,1394.9,1250.0,324020.0,0.0,0.0,0.0,0.0,0.0,0.0027240894283940558,0.17965635951010117,SEPLAT
2022-06-28,1225.11,1225.11,1399.0,1280.2,316290.0,0.0,0.0,0.0,0.0,0.0,0.0,0.17965635951010117,SEPLAT
2022-06-29,1225.11,1225.11,1389.7,1290.0,203890.0,0.0,0.0,0.0,0.0,0.0,0.0,0.17965635951010117,SEPLAT
2022-06-30,1234.61,1225.11,1234.61,1234.61,108260.0,0.78,0.007754405726832614,0.00772449485061523,5.966782069718121e-05,0.00772449485061523,0.05483847338445823,0.18214422689910653,SEPLAT
2022-07-01,1235.08,1234.61,1235.08,1235.08,179340.0,0.04,0.0003806870185727451,0.0003806145756544928,1.4486745520064962e-07,0.0003806145756544928,0.05422610154318026,0.1822035280011605,SEPLAT
2022-07-04,1235.08,1235.08,1389.0,1300.5,33750.0,0.0,0.0,0.0,0.0,0.0,0.05422610154318026,0.1822035280011605,SEPLAT
2022-07-05,1235.08,1235.08,1320.0,1300.5,150100.0,0.0,0.0,0.0,0.0,0.0,0.05422610154318026,0.1822035280011605,SEPLAT
2022-07-06,1235.08,1235.08,1385.9,1295.0,51880.0,0.0,0.0,0.0,0.0,0.0,0.05422610154318026,0.1822035280011605,SEPLAT
2022-07-07,1235.08,1235.08,1380.0,1302.0,120.0,0.0,0.0,0.0,0.0,0.0,0.002702095435418958,0.1822035280011605,SEPLAT
2022-07-08,1235.08,1235.08,1385.7,1300.0,2240.0,0.0,0.0,0.0,0.0,0.0,0.0,0.1822035280011605,SEPLAT
2022-07-13,1235.08,1235.08,1380.0,1300.1,6380.0,0.0,0.0,0.0,0.0,0.0,0.0,0.1822035280011605,SEPLAT
2022-07-14,1235.08,1235.08,1380.0,1307.8,88290.0,0.0,0.0,0.0,0.0,0.0,0.0,0.1822035280011605,SEPLAT
2022-07-15,1235.08,1235.08,1380.0,1307.1,37040.0,0.0,0.0,0.0,0.0,0.0,0.0,0.1822035280011605,SEPLAT
2022-07-18,1358.54,1235.08,1358.54,1358.54,935540.0,10.0,0.09996113612073709,0.09527484838084756,0.00907729673399349,0.09527484838084756,0.6763843252125762,0.3834780972891588,SEPLAT
2022-07-19,1358.54,1358.54,1431.0,1335.8,137790.0,0.0,0.0,0.0,0.0,0.0,0.6763843252125762,0.3834780972891588,SEPLAT
2022-07-20,1358.54,1358.54,1500.0,1430.0,98900.0,0.0,0.0,0.0,0.0,0.0,0.6763843252125762,0.32965026058458613,SEPLAT
2022-07-21,1358.54,1358.54,1490.0,1430.3,8970.0,0.0,0.0,0.0,0.0,0.0,0.6763843252125762,0.32965026058458613,SEPLAT
2022-07-22,1358.54,1358.54,1495.0,1431.8,770.0,0.0,0.0,0.0,0.0,0.0,0.6763843252125762,0.3297197739191831,SEPLAT
2022-07-25,1358.54,1358.54,1497.0,1430.0,25890.0,0.0,0.0,0.0,0.0,0.0,0.0,0.3297197739191831,SEPLAT
2022-07-26,1358.54,1358.54,1469.0,1351.0,127730.0,0.0,0.0,0.0,0.0,0.0,0.0,0.3297197739191831,SEPLAT
2022-07-27,1358.54,1358.54,1445.0,1300.1,81110.0,0.0,0.0,0.0,0.0,0.0,0.0,0.3297197739191831,SEPLAT
2022-07-28,1358.54,1358.54,1440.5,1287.5,84330.0,0.0,0.0,0.0,0.0,0.0,0.0,0.3297197739191831,SEPLAT
2022-07-29,1358.54,1358.54,1500.0,1390.0,2750.0,0.0,0.0,0.0,0.0,0.0,0.0,0.3297197739191831,SEPLAT
2022-08-01,1358.54,1358.54,1500.0,1337.8,24270.0,0.0,0.0,0.0,0.0,0.0,0.0,0.3297197739191831,SEPLAT
2022-08-02,1358.54,1358.54,1450.0,1322.1,78200.0,0.0,0.0,0.0,0.0,0.0,0.0,0.32997845933060527,SEPLAT
2022-08-03,1358.54,1358.54,1449.9,1400.0,58580.0,0.0,0.0,0.0,0.0,0.0,0.0,0.3300417561580988,SEPLAT
2022-08-04,1358.54,1358.54,1427.4,1342.0,104090.0,0.0,0.0,0.0,0.0,0.0,0.0,0.3300417561580988,SEPLAT
2022-08-05,1358.54,1358.54,1400.0,1307.4,43540.0,0.0,0.0,0.0,0.0,0.0,0.0,0.3300417561580988,SEPLAT
2022-08-08,1358.54,1358.54,1399.9,1301.4,88740.0,0.0,0.0,0.0,0.0,0.0,0.0,0.3300417561580988,SEPLAT
2022-08-09,1358.54,1358.54,1570.9,1450.1,294100.0,0.0,0.0,0.0,0.0,0.0,0.0,0.3300417561580988,SEPLAT
2022-08-10,1358.54,1358.54,1549.0,1435.1,44090.0,0.0,0.0,0.0,0.0,0.0,0.0,0.3300417561580988,SEPLAT
2022-08-11,1358.54,1358.54,1400.0,1287.5,176050.0,0.0,0.0,0.0,0.0,0.0,0.0,0.3300417561580988,SEPLAT
2022-08-12,1358.54,1358.54,1287.5,1287.5,3190.0,0.0,0.0,0.0,0.0,0.0,0.0,0.3300417561580988,SEPLAT
2022-08-15,1348.48,1348.48,1278.0,1278.0,1190.0,-0.74,-0.007405008317752815,-0.007432561497130272,5.524297040862339e-05,0.007432561497130272,0.05276595217178042,0.33232550286803136,SEPLAT
2022-08-16,1348.48,1348.48,1278.0,1278.0,21280.0,0.0,0.0,0.0,0.0,0.0,0.05276595217178042,0.02574714828682083,SEPLAT
2022-08-17,1348.48,1348.48,1278.0,1278.0,24350.0,0.0,0.0,0.0,0.0,0.0,0.05276595217178042,0.02574714828682083,SEPLAT
2022-08-18,1348.48,1348.48,1300.0,1278.0,203600.0,0.0,0.0,0.0,0.0,0.0,0.05276595217178042,0.02574714828682083,SEPLAT
2022-08-19,1348.48,1348.48,1349.5,1278.1,10280.0,0.0,0.0,0.0,0.0,0.0,0.05276595217178042,0.02574714828682083,SEPLAT
2022-08-22,1348.48,1348.48,1350.0,1278.0,77680.0,0.0,0.0,0.0,0.0,0.0,0.0,0.02574714828682083,SEPLAT
2022-08-23,1234.61,1348.48,1234.61,1234.61,171820.0,-8.44,-0.08444322496440448,-0.08822290145937178,0.007783280341910024,0.08822290145937178,0.6263204684762148,0.30541023751531543,SEPLAT
2022-08-24,1234.61,1234.61,1295.0,1171.0,130080.00000000001,0.0,0.0,0.0,0.0,0.0,0.6263204684762148,0.30541023751531543,SEPLAT
2022-08-25,1234.61,1234.61,1318.5,1280.0,65440.0,0.0,0.0,0.0,0.0,0.0,0.6263204684762148,0.30541023751531543,SEPLAT
2022-08-26,1234.61,1234.61,1300.0,1213.9,780.0,0.0,0.0,0.0,0.0,0.0,0.6263204684762148,0.30541023751531543,SEPLAT
2022-08-29,1234.61,1234.61,1315.0,1171.8,47940.0,0.0,0.0,0.0,0.0,0.0,0.6263204684762148,0.30541023751531543,SEPLAT
2022-08-30,1234.61,1234.61,1323.4,1187.8,26110.0,0.0,0.0,0.0,0.0,0.0,0.0,0.30541023751531543,SEPLAT
2022-08-31,1234.61,1234.61,1320.0,1207.8,39230.0,0.0,0.0,0.0,0.0,0.0,0.0,0.30541023751531543,SEPLAT
2022-09-01,1234.61,1234.61,1300.0,1193.0,84110.0,0.0,0.0,0.0,0.0,0.0,0.0,0.30541023751531543,SEPLAT
2022-09-02,1234.61,1234.61,1298.0,1170.0,50620.0,0.0,0.0,0.0,0.0,0.0,0.0,0.30541023751531543,SEPLAT
2022-09-05,1234.61,1234.61,1300.0,1186.0,29760.0,0.0,0.0,0.0,0.0,0.0,0.0,0.30541023751531543,SEPLAT
2022-09-06,1234.61,1234.61,1300.0,1203.0,194600.0,0.0,0.0,0.0,0.0,0.0,0.0,0.30541023751531543,SEPLAT
2022-09-07,1234.61,1234.61,1299.9,1217.0,10250.0,0.0,0.0,0.0,0.0,0.0,0.0,0.30541023751531543,SEPLAT
2022-09-08,1234.61,1234.61,1298.9,1250.0,10330.0,0.0,0.0,0.0,0.0,0.0,0.0,0.30541023751531543,SEPLAT
2022-09-09,1234.61,1234.61,1300.0,1207.1,1650.0,0.0,0.0,0.0,0.0,0.0,0.0,0.30541023751531543,SEPLAT
2022-09-12,1234.61,1234.61,1280.0,1207.2,17740.0,0.0,0.0,0.0,0.0,0.0,0.0,0.30541023751531543,SEPLAT
2022-09-13,1234.61,1234.61,1290.0,1187.8,3630.0,0.0,0.0,0.0,0.0,0.0,0.0,0.3056130954375489,SEPLAT
2022-09-14,1234.61,1234.61,1298.9,1210.0,190.0,0.0,0.0,0.0,0.0,0.0,0.0,0.3056130954375489,SEPLAT
2022-09-15,1234.61,1234.61,1250.0,1200.0,157230.0,0.0,0.0,0.0,0.0,0.0,0.0,0.3056130954375489,SEPLAT
2022-09-16,1234.61,1234.61,1249.9,1190.1,9520.0,0.0,0.0,0.0,0.0,0.0,0.0,0.3056130954375489,SEPLAT
2022-09-19,1187.12,1234.61,1187.12,1187.12,492640.0,-3.85,-0.03846558832343816,-0.039224925018526875,0.0015385947427090556,0.039224925018526875,0.2784693430748462,0.3281917990776676,SEPLAT
2022-09-20,1187.12,1187.12,1230.0,1180.2,570.0,0.0,0.0,0.0,0.0,0.0,0.2784693430748462,0.3281917990776676,SEPLAT
2022-09-21,1187.12,1187.12,1230.0,1128.0,8220.0,0.0,0.0,0.0,0.0,0.0,0.2784693430748462,0.1358791261103365,SEPLAT
2022-09-22,1187.12,1187.12,1199.9,1125.2,160.0,0.0,0.0,0.0,0.0,0.0,0.2784693430748462,0.1358791261103365,SEPLAT
2022-09-23,1187.12,1187.12,1199.8,1125.0,63430.0,0.0,0.0,0.0,0.0,0.0,0.2784693430748462,0.1358791261103365,SEPLAT
2022-09-26,1187.12,1187.12,1199.9,1125.0,6380.0,0.0,0.0,0.0,0.0,0.0,0.0,0.1358791261103365,SEPLAT
2022-09-27,1187.12,1187.12,1199.9,1125.0,3070.0,0.0,0.0,0.0,0.0,0.0,0.0,0.1358791261103365,SEPLAT
2022-09-28,1187.12,1187.12,1189.8,1125.0,11330.0,0.0,0.0,0.0,0.0,0.0,0.0,0.1358791261103365,SEPLAT
2022-09-29,1187.12,1187.12,1189.0,1125.0,66920.0,0.0,0.0,0.0,0.0,0.0,0.0,0.1358791261103365,SEPLAT
2022-09-30,1187.12,1187.12,1180.0,1125.0,4530.0,0.0,0.0,0.0,0.0,0.0,0.0,0.1358791261103365,SEPLAT
2022-10-04,1187.12,1187.12,1183.9,1125.0,4580.0,0.0,0.0,0.0,0.0,0.0,0.0,0.1358791261103365,SEPLAT
2022-10-05,1187.12,1187.12,1250.0,1125.0,182780.0,0.0,0.0,0.0,0.0,0.0,0.0,0.1358791261103365,SEPLAT
2022-10-06,1187.12,1187.12,1199.9,1125.0,189510.0,0.0,0.0,0.0,0.0,0.0,0.0,0.1358791261103365,SEPLAT
2022-10-07,1187.12,1187.12,1189.9,1130.0,1000.0,0.0,0.0,0.0,0.0,0.0,0.0,0.1358791261103365,SEPLAT
2022-10-11,1139.64,1187.12,1139.64,1139.64,257570.0,-4.0,-0.03999595660084898,-0.040817782655009405,0.0016660913808715866,0.040817782655009405,0.28977751050750633,0.19114116282499027,SEPLAT
2022-10-12,1139.64,1139.64,1200.0,1083.2,3520.0,0.0,0.0,0.0,0.0,0.0,0.28977751050750633,0.19114116282499027,SEPLAT
2022-10-13,1139.64,1139.64,1150.0,1081.1,760.0,0.0,0.0,0.0,0.0,0.0,0.28977751050750633,0.19114116282499027,SEPLAT
2022-10-14,1139.64,1139.64,1139.64,1139.64,628280.0,0.0,0.0,0.0,0.0,0.0,0.28977751050750633,0.19114116282499027,SEPLAT
2022-10-17,1139.64,1139.64,1139.64,1139.64,688060.0,0.0,0.0,0.0,0.0,0.0,0.28977751050750633,0.19114116282499027,SEPLAT
2022-10-18,1139.64,1139.64,1240.0,1091.0,90.0,0.0,0.0,0.0,0.0,0.0,0.0,0.19114116282499027,SEPLAT
2022-10-19,1139.64,1139.64,1190.0,1093.3,150.0,0.0,0.0,0.0,0.0,0.0,0.0,0.19114116282499027,SEPLAT
2022-10-20,1139.64,1139.64,1097.0,1097.0,40.0,0.0,0.0,0.0,0.0,0.0,0.0,0.14139694682156012,SEPLAT
2022-10-21,1139.64,1139.64,1190.0,1100.0,340.0,0.0,0.0,0.0,0.0,0.0,0.0,0.14139694682156012,SEPLAT
2022-10-24,1139.64,1139.64,1200.0,1097.0,70.0,0.0,0.0,0.0,0.0,0.0,0.0,0.14139694682156012,SEPLAT
2022-10-25,1139.64,1139.64,1200.0,1100.0,1160.0,0.0,0.0,0.0,0.0,0.0,0.0,0.14139694682156012,SEPLAT
2022-10-26,1139.64,1139.64,1150.0,1100.0,640.0,0.0,0.0,0.0,0.0,0.0,0.0,0.14139694682156012,SEPLAT
2022-10-27,1139.64,1139.64,1135.0,1100.0,3200.0,0.0,0.0,0.0,0.0,0.0,0.0,0.14139694682156012,SEPLAT
2022-10-28,1139.64,1139.64,1135.0,1080.0,139580.0,0.0,0.0,0.0,0.0,0.0,0.0,0.14139694682156012,SEPLAT
2022-10-31,1139.64,1139.64,1140.0,1100.0,1200000.0,0.0,0.0,0.0,0.0,0.0,0.0,0.14139694682156012,SEPLAT
2022-11-01,1044.67,1139.64,1044.67,1044.67,2300000.0,-8.33,-0.08333333333333337,-0.08701137698962981,0.00757097972563148,0.08701137698962981,0.6177194979696097,0.32647039606779954,SEPLAT
2022-11-02,1044.67,1044.67,1090.0,991.4,40830.0,0.0,0.0,0.0,0.0,0.0,0.6177194979696097,0.32647039606779954,SEPLAT
2022-11-03,1044.67,1044.67,1090.0,990.0,60450.0,0.0,0.0,0.0,0.0,0.0,0.6177194979696097,0.32647039606779954,SEPLAT
2022-11-04,1044.67,1044.67,1085.0,991.7,13280.0,0.0,0.0,0.0,0.0,0.0,0.6177194979696097,0.32647039606779954,SEPLAT
2022-11-07,1044.67,1044.67,1084.5,990.0,56810.0,0.0,0.0,0.0,0.0,0.0,0.6177194979696097,0.32647039606779954,SEPLAT
2022-11-08,1044.67,1044.67,1070.0,999.3,50470.0,0.0,0.0,0.0,0.0,0.0,0.0,0.32647039606779954,SEPLAT
2022-11-09,1044.67,1044.67,1043.4,990.0,2740.0,0.0,0.0,0.0,0.0,0.0,0.0,0.3014162515651368,SEPLAT
2022-11-10,1044.67,1044.67,1050.0,991.0,68080.0,0.0,0.0,0.0,0.0,0.0,0.0,0.3014162515651368,SEPLAT
2022-11-11,1034.13,1034.13,1045.0,1025.0,5250.0,-1.01,-0.01008931049996642,-0.010140552549133857,0.00010283080600174517,0.010140552549133857,0.07199078151046812,0.3017066692181592,SEPLAT
2022-11-14,1034.13,1034.13,1025.0,985.0,190.0,0.0,0.0,0.0,0.0,0.0,0.07199078151046812,0.3017066692181592,SEPLAT
2022-11-15,1034.13,1034.13,1020.0,985.0,1120.0,0.0,0.0,0.0,0.0,0.0,0.07199078151046812,0.3017066692181592,SEPLAT
2022-11-16,1034.13,1034.13,1013.4,980.1,770.0,0.0,0.0,0.0,0.0,0.0,0.07199078151046812,0.3017066692181592,SEPLAT
2022-11-17,1034.13,1034.13,1015.0,980.5,350.0,0.0,0.0,0.0,0.0,0.0,0.07199078151046812,0.3017066692181592,SEPLAT
2022-11-18,1034.13,1034.13,1025.0,980.2,49950.0,0.0,0.0,0.0,0.0,0.0,0.0,0.3017066692181592,SEPLAT
2022-11-21,1034.13,1034.13,1050.0,980.1,455730.0,0.0,0.0,0.0,0.0,0.0,0.0,0.3017066692181592,SEPLAT
2022-11-22,1034.13,1034.13,1088.9,1038.4,30460.0,0.0,0.0,0.0,0.0,0.0,0.0,0.3017066692181592,SEPLAT
2022-11-23,1034.13,1034.13,1088.0,1002.4,390.0,0.0,0.0,0.0,0.0,0.0,0.0,0.3017066692181592,SEPLAT
2022-11-24,997.18,1034.13,997.18,997.18,117280.0,-3.57,-0.035730517439780396,-0.03638447721306271,0.0013238301820678797,0.03638447721306271,0.25830416407061874,0.32042329789782836,SEPLAT
2022-11-25,997.18,997.18,1085.0,1008.0,32450.000000000004,0.0,0.0,0.0,0.0,0.0,0.25830416407061874,0.32042329789782836,SEPLAT
2022-11-28,997.18,997.18,1095.0,1008.0,650.0,0.0,0.0,0.0,0.0,0.0,0.25830416407061874,0.32042329789782836,SEPLAT
2022-11-29,997.18,997.18,1095.0,1080.0,170.0,0.0,0.0,0.0,0.0,0.0,0.25830416407061874,0.32042329789782836,SEPLAT
2022-11-30,997.18,997.18,1094.9,1060.5,26680.0,0.0,0.0,0.0,0.0,0.0,0.25830416407061874,0.1291401618903018,SEPLAT
2022-12-01,997.18,997.18,1095.0,1049.9,42830.0,0.0,0.0,0.0,0.0,0.0,0.0,0.1291401618903018,SEPLAT
2022-12-02,997.18,997.18,1089.9,1050.0,2490.0,0.0,0.0,0.0,0.0,0.0,0.0,0.1291401618903018,SEPLAT
2022-12-05,997.18,997.18,1045.0,1000.0,2009.9999999999998,0.0,0.0,0.0,0.0,0.0,0.0,0.1291401618903018,SEPLAT
2022-12-06,997.18,997.18,1050.0,950.0,7090.0,0.0,0.0,0.0,0.0,0.0,0.0,0.1291401618903018,SEPLAT
2022-12-07,997.18,997.18,1000.0,952.0,2170.0,0.0,0.0,0.0,0.0,0.0,0.0,0.1291401618903018,SEPLAT
2022-12-08,997.18,997.18,999.9,945.1,2530.0,0.0,0.0,0.0,0.0,0.0,0.0,0.1291401618903018,SEPLAT
2022-12-09,997.18,997.18,996.0,947.0,390.0,0.0,0.0,0.0,0.0,0.0,0.0,0.1291401618903018,SEPLAT
2022-12-12,997.18,997.18,1000.0,966.0,43110.0,0.0,0.0,0.0,0.0,0.0,0.0,0.12603952627971357,SEPLAT
2022-12-13,997.18,997.18,1038.9,968.0,1300.0,0.0,0.0,0.0,0.0,0.0,0.0,0.12603952627971357,SEPLAT
2022-12-14,997.18,997.18,1030.0,970.0,230.0,0.0,0.0,0.0,0.0,0.0,0.0,0.12603952627971357,SEPLAT
2022-12-15,997.18,997.18,1029.9,970.0,2400.0,0.0,0.0,0.0,0.0,0.0,0.0,0.12603952627971357,SEPLAT
2022-12-16,997.18,997.18,1024.9,960.0,2590.0,0.0,0.0,0.0,0.0,0.0,0.0,0.12603952627971357,SEPLAT
2022-12-19,997.18,997.18,1015.0,945.0,4260.0,0.0,0.0,0.0,0.0,0.0,0.0,0.12603952627971357,SEPLAT
2022-12-20,997.18,997.18,995.0,955.0,660.0,0.0,0.0,0.0,0.0,0.0,0.0,0.12603952627971357,SEPLAT
2022-12-21,997.18,997.18,1010.5,995.0,3080.0,0.0,0.0,0.0,0.0,0.0,0.0,0.12603952627971357,SEPLAT
2022-12-22,997.18,997.18,1049.9,1000.0,86220.0,0.0,0.0,0.0,0.0,0.0,0.0,0.12603952627971357,SEPLAT
2022-12-23,997.18,997.18,1049.9,1000.0,76850.0,0.0,0.0,0.0,0.0,0.0,0.0,0.0,SEPLAT
2022-12-28,997.18,997.18,997.18,997.18,391110.0,0.0,0.0,0.0,0.0,0.0,0.0,0.0,SEPLAT
2022-12-29,1044.67,997.18,1044.67,1044.67,522830.00000000006,4.76,0.04762430052748767,0.0465250297621967,0.0021645783943732883,0.0465250297621967,0.3302949455810878,0.1611674307435577,SEPLAT
2022-12-30,1044.67,1044.67,1044.67,1044.67,1020000.0,0.0,0.0,0.0,0.0,0.0,0.3302949455810878,0.1611674307435577,SEPLAT
2023-01-03,1044.67,1044.67,1097.5,995.0,7490.0,0.0,0.0,0.0,0.0,0.0,0.3302949455810878,0.1611674307435577,SEPLAT
2023-01-04,1044.67,1044.67,1050.0,995.1,5670.0,0.0,0.0,0.0,0.0,0.0,0.3302949455810878,0.1611674307435577,SEPLAT
2023-01-05,1044.67,1044.67,1049.6,1000.0,1010.0,0.0,0.0,0.0,0.0,0.0,0.3302949455810878,0.1611674307435577,SEPLAT
2023-01-06,1044.67,1044.67,1044.67,1044.67,192510.0,0.0,0.0,0.0,0.0,0.0,0.0,0.1611674307435577,SEPLAT
2023-01-09,1044.67,1044.67,1140.0,1050.0,5190.0,0.0,0.0,0.0,0.0,0.0,0.0,0.1611674307435577,SEPLAT
2023-01-10,1044.67,1044.67,1044.67,1044.67,243040.0,0.0,0.0,0.0,0.0,0.0,0.0,0.1611674307435577,SEPLAT
2023-01-11,1044.67,1044.67,1100.0,1000.2,5980.0,0.0,0.0,0.0,0.0,0.0,0.0,0.1611674307435577,SEPLAT
2023-01-12,1044.67,1044.67,1119.0,1100.0,8090.0,0.0,0.0,0.0,0.0,0.0,0.0,0.1611674307435577,SEPLAT
2023-01-13,1044.67,1044.67,1119.9,1052.5,9490.0,0.0,0.0,0.0,0.0,0.0,0.0,0.1611674307435577,SEPLAT
2023-01-16,1044.67,1044.67,1044.67,1044.67,153140.0,0.0,0.0,0.0,0.0,0.0,0.0,0.1611674307435577,SEPLAT
2023-01-17,1044.67,1044.67,1128.0,1098.8,390.0,0.0,0.0,0.0,0.0,0.0,0.0,0.1611674307435577,SEPLAT
2023-01-18,1044.67,1044.67,1205.0,1100.0,3240.0,0.0,0.0,0.0,0.0,0.0,0.0,0.1611674307435577,SEPLAT
2023-01-19,1044.67,1044.67,1197.3,1103.4,130.0,0.0,0.0,0.0,0.0,0.0,0.0,0.1611674307435577,SEPLAT
2023-01-20,1044.67,1044.67,1204.9,1103.4,1590.0,0.0,0.0,0.0,0.0,0.0,0.0,0.1611674307435577,SEPLAT
2023-01-23,1044.67,1044.67,1204.9,1109.1,460.0,0.0,0.0,0.0,0.0,0.0,0.0,0.1611674307435577,SEPLAT
2023-01-24,1044.67,1044.67,1210.0,1120.0,10740.0,0.0,0.0,0.0,0.0,0.0,0.0,0.1611674307435577,SEPLAT
2023-01-25,1044.67,1044.67,1210.0,1210.0,120.0,0.0,0.0,0.0,0.0,0.0,0.0,0.1611674307435577,SEPLAT
2023-01-26,1044.67,1044.67,1210.0,1210.0,20.0,0.0,0.0,0.0,0.0,0.0,0.0,0.1611674307435577,SEPLAT
2023-01-27,1044.67,1044.67,1210.0,1130.0,3480.0,0.0,0.0,0.0,0.0,0.0,0.0,0.1611674307435577,SEPLAT
2023-01-30,1044.67,1044.67,1210.0,1127.8,3900.0,0.0,0.0,0.0,0.0,0.0,0.0,0.0,SEPLAT
2023-01-31,1044.67,1044.67,1210.0,1160.0,2280.0,0.0,0.0,0.0,0.0,0.0,0.0,0.0,SEPLAT
2023-02-01,1149.13,1044.67,1149.13,1149.13,412240.0,10.0,0.09999329931940237,0.0953040882579554,0.009082869238680152,0.0953040882579554,0.6765919077475577,0.33014304606361444,SEPLAT
2023-02-02,1258.35,1149.13,1258.35,1258.35,443710.0,9.5,0.09504581727045669,0.09079620464922619,0.008243950778704164,0.09079620464922619,0.8094503329058944,0.44445240555874943,SEPLAT
2023-02-03,1258.35,1258.35,1350.0,1230.0,23880.0,0.0,0.0,0.0,0.0,0.0,0.8094503329058944,0.44445240555874943,SEPLAT
2023-02-06,1258.35,1258.35,1258.35,1258.35,545180.0,0.0,0.0,0.0,0.0,0.0,0.8094503329058944,0.44445240555874943,SEPLAT
2023-02-07,1258.35,1258.35,1352.0,1223.8,4440.0,0.0,0.0,0.0,0.0,0.0,0.8094503329058944,0.44445240555874943,SEPLAT
2023-02-08,1258.35,1258.35,1324.6,1220.0,420.0,0.0,0.0,0.0,0.0,0.0,0.6445891088489549,0.44445240555874943,SEPLAT
2023-02-09,1258.35,1258.35,1258.35,1258.35,389250.0,0.0,0.0,0.0,0.0,0.0,0.0,0.44445240555874943,SEPLAT
2023-02-10,1258.35,1258.35,1334.9,1300.0,105220.0,0.0,0.0,0.0,0.0,0.0,0.0,0.44445240555874943,SEPLAT
2023-02-13,1258.35,1258.35,1329.9,1227.4,113860.0,0.0,0.0,0.0,0.0,0.0,0.0,0.44445240555874943,SEPLAT
2023-02-14,1258.35,1258.35,1258.35,1258.35,204230.0,0.0,0.0,0.0,0.0,0.0,0.0,0.44445240555874943,SEPLAT
2023-02-15,1258.35,1258.35,1258.35,1258.35,892880.0,0.0,0.0,0.0,0.0,0.0,0.0,0.44445240555874943,SEPLAT
2023-02-16,1258.35,1258.35,1325.0,1325.0,800.0,0.0,0.0,0.0,0.0,0.0,0.0,0.44445240555874943,SEPLAT
2023-02-17,1258.35,1258.35,1329.9,1300.0,1280.0,0.0,0.0,0.0,0.0,0.0,0.0,0.44445240555874943,SEPLAT
2023-02-20,1258.35,1258.35,1258.35,1258.35,133150.0,0.0,0.0,0.0,0.0,0.0,0.0,0.44445240555874943,SEPLAT
2023-02-21,1258.35,1258.35,1258.35,1258.35,244440.0,0.0,0.0,0.0,0.0,0.0,0.0,0.44445240555874943,SEPLAT
2023-02-22,1258.35,1258.35,1258.35,1258.35,826450.0,0.0,0.0,0.0,0.0,0.0,0.0,0.44445240555874943,SEPLAT
2023-02-23,1258.35,1258.35,1325.0,1281.0,27070.0,0.0,0.0,0.0,0.0,0.0,0.0,0.44445240555874943,SEPLAT
2023-02-24,1258.35,1258.35,1258.35,1258.35,399420.0,0.0,0.0,0.0,0.0,0.0,0.0,0.44445240555874943,SEPLAT
2023-02-27,1258.35,1258.35,1319.7,1200.0,5140.0,0.0,0.0,0.0,0.0,0.0,0.0,0.44445240555874943,SEPLAT
2023-02-28,1258.35,1258.35,1300.0,1207.9,13790.0,0.0,0.0,0.0,0.0,0.0,0.0,0.44445240555874943,SEPLAT
2023-03-01,1258.35,1258.35,1298.0,1196.1,147050.0,0.0,0.0,0.0,0.0,0.0,0.0,0.44445240555874943,SEPLAT
2023-03-02,1258.35,1258.35,1297.4,1193.0,15420.0,0.0,0.0,0.0,0.0,0.0,0.0,0.3145272791737625,SEPLAT
2023-03-03,1139.64,1258.35,1139.64,1139.64,349050.0,-9.43,-0.09433782334008811,-0.09908891591755174,0.009818613257715639,0.09908891591755174,0.7034615186269028,0.3432540736722402,SEPLAT
2023-03-06,1139.64,1139.64,1200.0,1123.0,1630.0,0.0,0.0,0.0,0.0,0.0,0.7034615186269028,0.3432540736722402,SEPLAT
2023-03-07,1139.64,1139.64,1195.0,1082.1,5550.0,0.0,0.0,0.0,0.0,0.0,0.7034615186269028,0.3432540736722402,SEPLAT
2023-03-08,1139.64,1139.64,1190.0,1100.2,1300.0,0.0,0.0,0.0,0.0,0.0,0.7034615186269028,0.3432540736722402,SEPLAT
2023-03-09,1139.64,1139.64,1199.0,1100.1,3620.0,0.0,0.0,0.0,0.0,0.0,0.7034615186269028,0.3432540736722402,SEPLAT
2023-03-10,1139.64,1139.64,1199.0,1107.0,6990.0,0.0,0.0,0.0,0.0,0.0,0.0,0.3432540736722402,SEPLAT
2023-03-13,1139.64,1139.64,1170.0,1100.0,17100.0,0.0,0.0,0.0,0.0,0.0,0.0,0.3432540736722402,SEPLAT
2023-03-14,1139.64,1139.64,1178.0,1100.0,3530.0,0.0,0.0,0.0,0.0,0.0,0.0,0.3432540736722402,SEPLAT
2023-03-15,1139.64,1139.64,1178.6,1149.9,1660.0,0.0,0.0,0.0,0.0,0.0,0.0,0.3432540736722402,SEPLAT
2023-03-16,1139.64,1139.64,1177.0,1105.0,800.0,0.0,0.0,0.0,0.0,0.0,0.0,0.3432540736722402,SEPLAT
2023-03-17,1139.64,1139.64,1150.0,1120.0,59590.0,0.0,0.0,0.0,0.0,0.0,0.0,0.3432540736722402,SEPLAT
2023-03-20,1139.64,1139.64,1180.0,1099.0,2970.0,0.0,0.0,0.0,0.0,0.0,0.0,0.3432540736722402,SEPLAT
2023-03-21,1139.64,1139.64,1179.0,1100.0,920.0,0.0,0.0,0.0,0.0,0.0,0.0,0.3432540736722402,SEPLAT
2023-03-22,1139.64,1139.64,1126.9,1098.0,800.0,0.0,0.0,0.0,0.0,0.0,0.0,0.3432540736722402,SEPLAT
2023-03-23,1139.64,1139.64,1127.0,1080.0,5900.0,0.0,0.0,0.0,0.0,0.0,0.0,0.3432540736722402,SEPLAT
2023-03-24,1139.64,1139.64,1158.0,1080.0,201160.0,0.0,0.0,0.0,0.0,0.0,0.0,0.3432540736722402,SEPLAT
2023-03-27,1092.15,1139.64,1092.15,1092.15,690500.0,-4.17,-0.04167105401705806,-0.04256419253403172,0.0018117104860741217,0.04256419253403172,0.3021757907214536,0.36674612103109333,SEPLAT
2023-03-28,1092.15,1092.15,1160.0,1082.0,5950.0,0.0,0.0,0.0,0.0,0.0,0.3021757907214536,0.36674612103109333,SEPLAT
2023-03-29,1092.15,1092.15,1092.15,1092.15,204170.0,0.0,0.0,0.0,0.0,0.0,0.3021757907214536,0.36674612103109333,SEPLAT
2023-03-30,1092.15,1092.15,1135.3,1088.1,3010.0,0.0,0.0,0.0,0.0,0.0,0.3021757907214536,0.36674612103109333,SEPLAT
2023-03-31,1092.15,1092.15,1130.0,1100.0,2250.0,0.0,0.0,0.0,0.0,0.0,0.3021757907214536,0.36674612103109333,SEPLAT
2023-04-03,1092.15,1092.15,1150.0,1100.0,102360.0,0.0,0.0,0.0,0.0,0.0,0.0,0.14744668810417366,SEPLAT
2023-04-04,1092.15,1092.15,1187.9,1100.0,292970.0,0.0,0.0,0.0,0.0,0.0,0.0,0.14744668810417366,SEPLAT
2023-04-05,1092.15,1092.15,1163.4,1101.2,299430.0,0.0,0.0,0.0,0.0,0.0,0.0,0.14744668810417366,SEPLAT
2023-04-06,1092.15,1092.15,1170.0,1107.4,44100.0,0.0,0.0,0.0,0.0,0.0,0.0,0.14744668810417366,SEPLAT
2023-04-11,1092.15,1092.15,1171.9,1110.1,28590.0,0.0,0.0,0.0,0.0,0.0,0.0,0.14744668810417366,SEPLAT
2023-04-12,1092.15,1092.15,1092.15,1092.15,107380.0,0.0,0.0,0.0,0.0,0.0,0.0,0.14744668810417366,SEPLAT
2023-04-13,1092.15,1092.15,1173.0,1120.0,31250.0,0.0,0.0,0.0,0.0,0.0,0.0,0.14744668810417366,SEPLAT
2023-04-14,1092.15,1092.15,1173.4,1120.0,1840.0,0.0,0.0,0.0,0.0,0.0,0.0,0.14744668810417366,SEPLAT
2023-04-17,1092.15,1092.15,1150.0,1040.0,68250.0,0.0,0.0,0.0,0.0,0.0,0.0,0.14744668810417366,SEPLAT
2023-04-18,1092.15,1092.15,1149.9,1120.0,2390.0,0.0,0.0,0.0,0.0,0.0,0.0,0.14744668810417366,SEPLAT
2023-04-19,1102.29,1102.29,1115.0,1012.0,1290.0,0.93,0.009284438950693419,0.009241603478801467,8.540723485939536e-05,0.009241603478801467,0.06560887620523252,0.15243833611974408,SEPLAT
2023-04-20,1102.29,1102.29,1115.0,1100.0,98270.0,0.0,0.0,0.0,0.0,0.0,0.06560887620523252,0.15243833611974408,SEPLAT
2023-04-25,1102.29,1102.29,1150.0,1100.0,1300.0,0.0,0.0,0.0,0.0,0.0,0.06560887620523252,0.15243833611974408,SEPLAT
2023-04-26,1102.29,1102.29,1149.0,1100.0,1580.0,0.0,0.0,0.0,0.0,0.0,0.06560887620523252,0.15243833611974408,SEPLAT
2023-04-27,1102.29,1102.29,1150.0,1090.0,142550.0,0.0,0.0,0.0,0.0,0.0,0.06560887620523252,0.15243833611974408,SEPLAT
2023-04-28,1102.29,1102.29,1225.0,1150.0,850.0,0.0,0.0,0.0,0.0,0.0,0.0,0.15243833611974408,SEPLAT
2023-05-02,1102.29,1102.29,1200.0,1100.0,1970.0,0.0,0.0,0.0,0.0,0.0,0.0,0.0320138535373789,SEPLAT
2023-05-03,1102.29,1102.29,1222.0,1120.0,3700.0,0.0,0.0,0.0,0.0,0.0,0.0,0.0320138535373789,SEPLAT
2023-05-04,1102.29,1102.29,1225.0,1115.7,1250.0,0.0,0.0,0.0,0.0,0.0,0.0,0.0320138535373789,SEPLAT
2023-05-05,1161.3,1102.29,1161.3,1161.3,289360.0,5.35,0.053534006477424345,0.05215023326408078,0.0027196468294980376,0.05215023326408078,0.3702299288370689,0.18188542173496158,SEPLAT
2023-05-08,1161.3,1161.3,1224.0,1116.0,300.0,0.0,0.0,0.0,0.0,0.0,0.3702299288370689,0.18188542173496158,SEPLAT
2023-05-09,1161.3,1161.3,1218.0,1127.4,1030.0,0.0,0.0,0.0,0.0,0.0,0.3702299288370689,0.18188542173496158,SEPLAT
2023-05-10,1161.3,1161.3,1205.0,1204.5,2650.0,0.0,0.0,0.0,0.0,0.0,0.3702299288370689,0.18188542173496158,SEPLAT
2023-05-11,1161.3,1161.3,1200.0,1176.0,1800.0,0.0,0.0,0.0,0.0,0.0,0.3702299288370689,0.18188542173496158,SEPLAT
2023-05-12,1161.3,1161.3,1200.0,1175.0,25760.0,0.0,0.0,0.0,0.0,0.0,0.0,0.18188542173496158,SEPLAT
2023-05-15,1161.3,1161.3,1200.0,1115.3,1640.0,0.0,0.0,0.0,0.0,0.0,0.0,0.18188542173496158,SEPLAT
2023-05-16,1161.3,1161.3,1195.0,1123.7,6040.0,0.0,0.0,0.0,0.0,0.0,0.0,0.18188542173496158,SEPLAT
2023-05-17,1161.3,1161.3,1195.0,1120.0,41230.0,0.0,0.0,0.0,0.0,0.0,0.0,0.18188542173496158,SEPLAT
2023-05-18,1161.3,1161.3,1161.3,1161.3,580320.0,0.0,0.0,0.0,0.0,0.0,0.0,0.18188542173496158,SEPLAT
2023-05-19,1161.3,1147.56,1161.3,1147.56,393050.0,0.0,0.0,0.0,0.0,0.0,0.0,0.18188542173496158,SEPLAT
2023-05-22,1161.3,1161.3,1199.9,1165.0,380.0,0.0,0.0,0.0,0.0,0.0,0.0,0.18188542173496158,SEPLAT
2023-05-23,1161.3,1161.3,1183.5,1175.0,10320.0,0.0,0.0,0.0,0.0,0.0,0.0,0.1806537072799129,SEPLAT
2023-05-24,1186.01,1161.3,1186.01,1186.01,1530000.0,2.13,0.02127787823990368,0.02105466497361621,0.00044329891715122124,0.02105466497361621,0.14947329334841578,0.19140987992312658,SEPLAT
2023-05-25,1186.01,1186.01,1290.0,1180.4,5700.0,0.0,0.0,0.0,0.0,0.0,0.14947329334841578,0.19140987992312658,SEPLAT
2023-05-26,1186.01,1186.01,1292.0,1200.2,25750.0,0.0,0.0,0.0,0.0,0.0,0.14947329334841578,0.19140987992312658,SEPLAT
2023-05-30,1186.01,1186.01,1320.0,1310.0,24840.0,0.0,0.0,0.0,0.0,0.0,0.14947329334841578,0.19140987992312658,SEPLAT
2023-05-31,1186.01,1186.01,1320.0,1231.0,2430.0,0.0,0.0,0.0,0.0,0.0,0.14947329334841578,0.19140987992312658,SEPLAT
2023-06-01,1186.01,1186.01,1320.0,1210.0,630.0,0.0,0.0,0.0,0.0,0.0,0.0,0.19140987992312658,SEPLAT
2023-06-02,1186.01,1186.01,1320.0,1300.0,2150.0,0.0,0.0,0.0,0.0,0.0,0.0,0.19140987992312658,SEPLAT
2023-06-05,1186.01,1186.01,1320.0,1212.7,32080.0,0.0,0.0,0.0,0.0,0.0,0.0,0.19140987992312658,SEPLAT
2023-06-06,1186.01,1186.01,1320.0,1210.0,9580.0,0.0,0.0,0.0,0.0,0.0,0.0,0.07293549894128823,SEPLAT
2023-06-07,1186.01,1186.01,1304.9,1223.0,110.0,0.0,0.0,0.0,0.0,0.0,0.0,0.07293549894128823,SEPLAT
2023-06-08,1186.01,1186.01,1312.0,1260.0,2200.0,0.0,0.0,0.0,0.0,0.0,0.0,0.07293549894128823,SEPLAT
2023-06-09,1186.01,1186.01,1318.0,1265.0,3880.0,0.0,0.0,0.0,0.0,0.0,0.0,0.07293549894128823,SEPLAT
2023-06-13,1186.01,1186.01,1320.0,1200.2,120430.0,0.0,0.0,0.0,0.0,0.0,0.0,0.07293549894128823,SEPLAT
2023-06-14,1304.61,1186.01,1304.61,1304.61,493350.0,10.0,0.09999915683678884,0.09530941329202094,0.009083884262069259,0.09530941329202094,0.676629711739213,0.3345416996905038,SEPLAT
2023-06-15,1304.61,1304.61,1452.0,1331.0,42080.0,0.0,0.0,0.0,0.0,0.0,0.676629711739213,0.3345416996905038,SEPLAT
2023-06-16,1304.61,1304.61,1449.9,1275.1,60240.0,0.0,0.0,0.0,0.0,0.0,0.676629711739213,0.3345416996905038,SEPLAT
2023-06-19,1304.61,1304.61,1448.0,1325.0,9080.0,0.0,0.0,0.0,0.0,0.0,0.676629711739213,0.3345416996905038,SEPLAT
2023-06-20,1344.14,1304.61,1344.14,1344.14,757790.0,3.03,0.03030024298449363,0.029850257807442007,0.0008910378911707525,0.029850257807442007,0.6565377448826354,0.34415462548534015,SEPLAT
2023-06-21,1344.14,1344.14,1450.0,1341.0,3790.0,0.0,0.0,0.0,0.0,0.0,0.21191580808190272,0.34415462548534015,SEPLAT
2023-06-22,1344.14,1344.14,1400.0,1360.0,244730.0,0.0,0.0,0.0,0.0,0.0,0.21191580808190272,0.34415462548534015,SEPLAT
2023-06-23,1344.14,1344.14,1448.4,1323.0,336670.0,0.0,0.0,0.0,0.0,0.0,0.21191580808190272,0.34415462548534015,SEPLAT
2023-06-26,1344.14,1344.14,1429.0,1330.0,42880.0,0.0,0.0,0.0,0.0,0.0,0.21191580808190272,0.3410059430112453,SEPLAT
2023-06-27,1383.48,1344.14,1383.48,1344.14,805280.0,2.93,0.029267784605770064,0.02884766070807138,0.0008321875283280053,0.02884766070807138,0.2047980747656859,0.3491971177393528,SEPLAT
2023-06-30,1383.48,1383.48,1530.0,1360.0,62730.0,0.0,0.0,0.0,0.0,0.0,0.2047980747656859,0.3491971177393528,SEPLAT
2023-07-03,1383.48,1383.48,1539.2,1410.0,36960.0,0.0,0.0,0.0,0.0,0.0,0.2047980747656859,0.3491971177393528,SEPLAT
2023-07-04,1383.48,1383.48,1504.0,1401.0,63780.0,0.0,0.0,0.0,0.0,0.0,0.2047980747656859,0.3491971177393528,SEPLAT
2023-07-05,1383.48,1383.48,1538.0,1400.5,6500.0,0.0,0.0,0.0,0.0,0.0,0.2047980747656859,0.3491971177393528,SEPLAT
2023-07-06,1383.48,1383.48,1504.0,1400.5,13970.0,0.0,0.0,0.0,0.0,0.0,0.0,0.3491971177393528,SEPLAT
2023-07-07,1383.48,1383.48,1503.0,1400.0,15080.0,0.0,0.0,0.0,0.0,0.0,0.0,0.3491971177393528,SEPLAT
2023-07-10,1383.48,1383.48,1498.0,1430.0,116070.0,0.0,0.0,0.0,0.0,0.0,0.0,0.3491971177393528,SEPLAT
2023-07-11,1383.48,1383.48,1499.0,1433.0,15600.0,0.0,0.0,0.0,0.0,0.0,0.0,0.3491971177393528,SEPLAT
2023-07-12,1383.48,1383.48,1499.0,1300.2,179170.0,0.0,0.0,0.0,0.0,0.0,0.0,0.3491971177393528,SEPLAT
2023-07-13,1383.48,1383.48,1480.0,1360.0,70550.0,0.0,0.0,0.0,0.0,0.0,0.0,0.3491971177393528,SEPLAT
2023-07-14,1383.48,1383.48,1470.0,1420.0,11750.0,0.0,0.0,0.0,0.0,0.0,0.0,0.3491971177393528,SEPLAT
2023-07-17,1383.48,1383.48,1459.0,1420.0,2620.0,0.0,0.0,0.0,0.0,0.0,0.0,0.14016195240810547,SEPLAT
2023-07-18,1383.48,1383.48,1535.0,1420.0,3920.0,0.0,0.0,0.0,0.0,0.0,0.0,0.14016195240810547,SEPLAT
2023-07-19,1383.48,1383.48,1538.0,1460.1,23020.0,0.0,0.0,0.0,0.0,0.0,0.0,0.14016195240810547,SEPLAT
2023-07-20,1383.48,1383.48,1539.7,1451.0,101430.0,0.0,0.0,0.0,0.0,0.0,0.0,0.14016195240810547,SEPLAT
2023-07-21,1383.48,1383.48,1539.7,1441.0,123390.0,0.0,0.0,0.0,0.0,0.0,0.0,0.0999312280517759,SEPLAT
2023-07-24,1383.48,1383.48,1539.7,1440.0,175370.0,0.0,0.0,0.0,0.0,0.0,0.0,0.0999312280517759,SEPLAT
2023-07-25,1521.75,1383.48,1521.75,1521.75,110600.0,9.99,0.0999436204354236,0.09525892434117114,0.009074262666636967,0.09525892434117114,0.6762712757455422,0.3399703013279362,SEPLAT
2023-07-26,1673.85,1521.75,1673.85,1673.85,133360.0,10.0,0.09995071463775251,0.09526537392578603,0.009075491469219833,0.09526537392578603,0.8282878164379283,0.4585826328351343,SEPLAT
2023-07-27,1673.85,1673.85,1862.6,1682.1,16160.0,0.0,0.0,0.0,0.0,0.0,0.8282878164379284,0.4585826328351343,SEPLAT
2023-07-28,1673.85,1673.85,1770.0,1524.3,117390.0,0.0,0.0,0.0,0.0,0.0,0.8282878164379283,0.4548705279238543,SEPLAT
2023-07-31,1673.85,1673.85,1650.0,1524.3,87560.0,0.0,0.0,0.0,0.0,0.0,0.8282878164379283,0.4548705279238543,SEPLAT
2023-08-01,1673.85,1673.85,1633.4,1524.3,84810.0,0.0,0.0,0.0,0.0,0.0,0.6763170632541217,0.4548705279238543,SEPLAT
2023-08-02,1673.85,1673.85,1593.6,1524.3,2670.0,0.0,0.0,0.0,0.0,0.0,0.0,0.4548705279238543,SEPLAT
2023-08-03,1673.85,1673.85,1583.6,1524.3,62700.0,0.0,0.0,0.0,0.0,0.0,0.0,0.4548705279238543,SEPLAT
2023-08-04,1673.85,1673.85,1593.5,1524.6,216800.0,0.0,0.0,0.0,0.0,0.0,0.0,0.4548705279238543,SEPLAT
2023-08-07,1673.85,1673.85,1593.0,1524.3,39190.0,0.0,0.0,0.0,0.0,0.0,0.0,0.4548705279238543,SEPLAT
2023-08-08,1673.85,1673.85,1578.0,1524.4,89020.0,0.0,0.0,0.0,0.0,0.0,0.0,0.4548705279238543,SEPLAT
2023-08-09,1673.85,1673.85,1577.0,1524.5,2040.0,0.0,0.0,0.0,0.0,0.0,0.0,0.4548705279238543,SEPLAT
2023-08-10,1673.85,1673.85,1572.0,1524.4,108770.0,0.0,0.0,0.0,0.0,0.0,0.0,0.4548705279238543,SEPLAT
2023-08-11,1673.85,1673.85,1693.0,1525.1,2110000.0,0.0,0.0,0.0,0.0,0.0,0.0,0.4548705279238543,SEPLAT
2023-08-14,1673.85,1673.85,1690.0,1533.4,790.0,0.0,0.0,0.0,0.0,0.0,0.0,0.4548705279238543,SEPLAT
2023-08-15,1673.85,1673.85,1693.6,1550.0,14760.0,0.0,0.0,0.0,0.0,0.0,0.0,0.4548705279238543,SEPLAT
2023-08-16,1673.85,1673.85,1693.6,1530.0,128360.00000000001,0.0,0.0,0.0,0.0,0.0,0.0,0.4548705279238543,SEPLAT
2023-08-17,1673.85,1673.85,1693.0,1556.0,41040.0,0.0,0.0,0.0,0.0,0.0,0.0,0.4548705279238543,SEPLAT
2023-08-18,1651.32,1651.32,1667.9,1504.0,1800.0,-1.35,-0.013459987454072952,-0.013551394234629296,0.00018364028570234413,0.013551394234629296,0.0962053553571637,0.46066161599884137,SEPLAT
2023-08-21,1651.32,1651.32,1670.8,1613.4,15440.0,0.0,0.0,0.0,0.0,0.0,0.0962053553571637,0.46066161599884137,SEPLAT
2023-08-22,1651.32,1651.32,1694.0,1552.5,790.0,0.0,0.0,0.0,0.0,0.0,0.0962053553571637,0.46066161599884137,SEPLAT
2023-08-23,1651.32,1651.32,1650.0,1600.0,6980.0,0.0,0.0,0.0,0.0,0.0,0.0962053553571637,0.33564677180905433,SEPLAT
2023-08-24,1651.32,1651.32,1670.0,1550.0,139940.0,0.0,0.0,0.0,0.0,0.0,0.0962053553571637,0.04694340665554769,SEPLAT
2023-08-25,1651.32,1651.32,1669.0,1515.2,11510.0,0.0,0.0,0.0,0.0,0.0,0.0,0.04694340665554769,SEPLAT
2023-08-28,1651.32,1651.32,1669.0,1523.4,34270.0,0.0,0.0,0.0,0.0,0.0,0.0,0.04694340665554769,SEPLAT
2023-08-29,1651.32,1651.32,1665.0,1600.0,85480.0,0.0,0.0,0.0,0.0,0.0,0.0,0.04694340665554769,SEPLAT
2023-08-30,1651.32,1651.32,1670.8,1600.0,5970.0,0.0,0.0,0.0,0.0,0.0,0.0,0.04694340665554769,SEPLAT
2023-08-31,1815.58,1651.32,1815.58,1815.58,133000.0,9.95,0.09947193760143391,0.09483000781423526,0.00899273038204792,0.09483000781423526,0.6732262704731711,0.33415347162404224,SEPLAT
2023-09-01,1815.58,1815.58,1835.0,1654.8,19750.0,0.0,0.0,0.0,0.0,0.0,0.6732262704731711,0.33415347162404224,SEPLAT
2023-09-04,1815.58,1815.58,1800.0,1680.0,30430.0,0.0,0.0,0.0,0.0,0.0,0.6732262704731711,0.33415347162404224,SEPLAT
2023-09-05,1815.58,1815.58,1839.0,1658.4,101800.0,0.0,0.0,0.0,0.0,0.0,0.6732262704731711,0.33415347162404224,SEPLAT
2023-09-06,1815.58,1815.58,1943.4,1656.0,26070.0,0.0,0.0,0.0,0.0,0.0,0.6732262704731711,0.33415347162404224,SEPLAT
2023-09-07,1815.58,1815.58,1837.0,1667.4,2910.0,0.0,0.0,0.0,0.0,0.0,0.0,0.33415347162404224,SEPLAT
2023-09-08,1815.58,1815.58,1819.9,1667.0,1000000.0,0.0,0.0,0.0,0.0,0.0,0.0,0.33415347162404224,SEPLAT
2023-09-11,1815.58,1815.58,1800.0,1657.0,59620.0,0.0,0.0,0.0,0.0,0.0,0.0,0.33415347162404224,SEPLAT
2023-09-12,1815.58,1815.58,1819.0,1658.0,41180.0,0.0,0.0,0.0,0.0,0.0,0.0,0.33415347162404224,SEPLAT
2023-09-13,1815.58,1815.58,1700.0,1653.3,23210.0,0.0,0.0,0.0,0.0,0.0,0.0,0.33415347162404224,SEPLAT
2023-09-14,1815.58,1815.58,1815.0,1653.3,1310000.0,0.0,0.0,0.0,0.0,0.0,0.0,0.33415347162404224,SEPLAT
2023-09-15,1815.58,1815.58,1701.0,1653.3,8480.0,0.0,0.0,0.0,0.0,0.0,0.0,0.33415347162404224,SEPLAT
2023-09-18,1815.58,1815.58,1699.0,1653.3,47380.0,0.0,0.0,0.0,0.0,0.0,0.0,0.3285007832328183,SEPLAT
2023-09-19,1815.58,1815.58,1654.0,1653.3,17390.0,0.0,0.0,0.0,0.0,0.0,0.0,0.3285007832328183,SEPLAT
2023-09-20,1815.58,1815.58,1700.0,1653.3,50610.0,0.0,0.0,0.0,0.0,0.0,0.0,0.3285007832328183,SEPLAT
2023-09-21,1815.58,1815.58,1769.0,1653.3,40180.0,0.0,0.0,0.0,0.0,0.0,0.0,0.3285007832328183,SEPLAT
2023-09-22,1815.58,1815.58,1740.0,1653.3,97930.0,0.0,0.0,0.0,0.0,0.0,0.0,0.3285007832328183,SEPLAT
2023-09-25,1815.58,1815.58,1690.0,1653.3,27760.0,0.0,0.0,0.0,0.0,0.0,0.0,0.3285007832328183,SEPLAT
2023-09-26,1815.58,1815.58,1699.8,1653.3,3650.0,0.0,0.0,0.0,0.0,0.0,0.0,0.3285007832328183,SEPLAT
2023-09-28,1815.58,1815.58,1777.0,1653.3,51020.0,0.0,0.0,0.0,0.0,0.0,0.0,0.3285007832328183,SEPLAT
2023-09-29,1815.58,1815.58,1775.0,1653.3,52070.0,0.0,0.0,0.0,0.0,0.0,0.0,0.3285007832328183,SEPLAT
2023-10-03,1815.58,1815.58,1767.4,1653.4,3090.0,0.0,0.0,0.0,0.0,0.0,0.0,0.0,SEPLAT
2023-10-04,1815.58,1815.58,1720.0,1654.0,170.0,0.0,0.0,0.0,0.0,0.0,0.0,0.0,SEPLAT
2023-10-05,1815.58,1815.58,1770.0,1653.8,330.0,0.0,0.0,0.0,0.0,0.0,0.0,0.0,SEPLAT
2023-10-06,1815.58,1815.58,1768.9,1654.4,2270.0,0.0,0.0,0.0,0.0,0.0,0.0,0.0,SEPLAT
2023-10-09,1815.58,1815.58,1763.4,1653.4,3240.0,0.0,0.0,0.0,0.0,0.0,0.0,0.0,SEPLAT
2023-10-10,1815.58,1815.58,1800.0,1653.3,2120000.0,0.0,0.0,0.0,0.0,0.0,0.0,0.0,SEPLAT
2023-10-11,1815.58,1815.58,1783.3,1656.1,30340.0,0.0,0.0,0.0,0.0,0.0,0.0,0.0,SEPLAT
2023-10-12,1815.58,1815.58,1785.0,1657.0,193230.0,0.0,0.0,0.0,0.0,0.0,0.0,0.0,SEPLAT
2023-10-13,1815.58,1815.58,1746.4,1670.1,52400.0,0.0,0.0,0.0,0.0,0.0,0.0,0.0,SEPLAT
2023-10-16,1815.58,1815.58,1783.4,1700.0,44990.0,0.0,0.0,0.0,0.0,0.0,0.0,0.0,SEPLAT
2023-10-17,1815.58,1815.58,1740.0,1700.0,35190.0,0.0,0.0,0.0,0.0,0.0,0.0,0.0,SEPLAT
2023-10-18,1815.58,1815.58,1749.0,1660.0,15270.0,0.0,0.0,0.0,0.0,0.0,0.0,0.0,SEPLAT
2023-10-19,1815.58,1815.58,1837.0,1725.0,163500.0,0.0,0.0,0.0,0.0,0.0,0.0,0.0,SEPLAT
2023-10-20,1815.58,1815.58,1815.58,1815.58,242200.0,0.0,0.0,0.0,0.0,0.0,0.0,0.0,SEPLAT
2023-10-23,1815.58,1815.58,1837.0,1680.1,6780.0,0.0,0.0,0.0,0.0,0.0,0.0,0.0,SEPLAT
2023-10-24,1815.58,1815.58,1950.0,1700.0,47380.0,0.0,0.0,0.0,0.0,0.0,0.0,0.0,SEPLAT
2023-10-25,1815.58,1815.58,1890.0,1753.0,6910.0,0.0,0.0,0.0,0.0,0.0,0.0,0.0,SEPLAT
2023-10-26,1815.58,1815.58,1900.0,1755.1,22940.0,0.0,0.0,0.0,0.0,0.0,0.0,0.0,SEPLAT
2023-10-27,1882.79,1815.58,1882.79,1882.79,582570.0,3.7,0.03701847343548614,0.0363497433948757,0.0013213038448733096,0.0363497433948757,0.25805757842313953,0.12591920480403185,SEPLAT
2023-10-30,1882.79,1882.79,1882.79,1882.79,193890.0,0.0,0.0,0.0,0.0,0.0,0.25805757842313953,0.12591920480403185,SEPLAT
2023-10-31,1882.79,1882.79,1999.9,1940.0,1680.0,0.0,0.0,0.0,0.0,0.0,0.25805757842313953,0.12591920480403185,SEPLAT
2023-11-01,1882.79,1882.79,2080.0,1970.0,3170.0,0.0,0.0,0.0,0.0,0.0,0.25805757842313953,0.12591920480403185,SEPLAT
2023-11-02,1882.79,1882.79,2080.0,1970.3,7440.0,0.0,0.0,0.0,0.0,0.0,0.25805757842313953,0.12591920480403185,SEPLAT
2023-11-03,1882.79,1882.79,2090.0,1970.0,1110.0,0.0,0.0,0.0,0.0,0.0,0.0,0.12591920480403185,SEPLAT
2023-11-06,1957.01,1882.79,1957.01,1957.01,159080.0,3.94,0.039420222117177106,0.03866307897075289,0.0014948336754986745,0.03866307897075289,0.2744806318215061,0.1791847611967396,SEPLAT
2023-11-07,1957.01,1957.01,2090.0,1980.1,660.0,0.0,0.0,0.0,0.0,0.0,0.2744806318215061,0.1791847611967396,SEPLAT
2023-11-08,1957.01,1957.01,2175.0,2050.0,3520.0,0.0,0.0,0.0,0.0,0.0,0.2744806318215061,0.1791847611967396,SEPLAT
2023-11-09,1957.01,1957.01,2178.0,1985.0,11160.0,0.0,0.0,0.0,0.0,0.0,0.2744806318215061,0.1791847611967396,SEPLAT
2023-11-10,1957.01,1957.01,2178.1,2007.4,5370.0,0.0,0.0,0.0,0.0,0.0,0.2744806318215061,0.1791847611967396,SEPLAT
2023-11-13,1927.46,1927.46,2145.2,2000.0,26200.0,-1.51,-0.015099565152962957,-0.015214724292680957,0.00023148783530229603,0.015214724292680957,0.1080138273520373,0.19040638634670534,SEPLAT
2023-11-14,1927.46,1927.46,2145.0,2003.4,1220.0,0.0,0.0,0.0,0.0,0.0,0.1080138273520373,0.19040638634670534,SEPLAT
2023-11-15,1927.46,1927.46,2145.0,2001.0,2900.0,0.0,0.0,0.0,0.0,0.0,0.1080138273520373,0.19040638634670534,SEPLAT
2023-11-16,1927.46,1927.46,2145.2,2030.4,20140.0,0.0,0.0,0.0,0.0,0.0,0.1080138273520373,0.19040638634670534,SEPLAT
2023-11-17,2075.61,1927.46,2075.61,2075.51,489190.0,7.69,0.07686281427370734,0.0740520124135902,0.005483700542502518,0.0740520124135902,0.5625280919532596,0.3110388963950853,SEPLAT
2023-11-20,2075.61,2075.61,2300.0,2023.4,1300.0,0.0,0.0,0.0,0.0,0.0,0.5257171362454595,0.3110388963950853,SEPLAT
2023-11-21,2075.61,2075.61,2310.0,2200.0,7790.0,0.0,0.0,0.0,0.0,0.0,0.5257171362454595,0.3110388963950853,SEPLAT
2023-11-22,2075.61,2075.61,2300.0,2200.1,64140.0,0.0,0.0,0.0,0.0,0.0,0.5257171362454595,0.3110388963950853,SEPLAT
2023-11-23,2075.61,2075.61,2289.1,2200.0,18000.0,0.0,0.0,0.0,0.0,0.0,0.5257171362454595,0.3110388963950853,SEPLAT
2023-11-24,2075.61,2075.61,2281.1,2201.8,2220.0,0.0,0.0,0.0,0.0,0.0,0.0,0.3110388963950853,SEPLAT
2023-11-27,2075.61,2075.61,2300.0,2207.4,7910.0,0.0,0.0,0.0,0.0,0.0,0.0,0.2917918520483713,SEPLAT
2023-11-28,2075.61,2075.61,2310.1,2203.4,27230.0,0.0,0.0,0.0,0.0,0.0,0.0,0.2917918520483713,SEPLAT
2023-11-29,2283.16,2075.61,2283.16,2283.16,190210.0,10.0,0.09999470035314895,0.09530536193194525,0.009083112012979079,0.09530536193194525,0.6766009499358877,0.42777220544182804,SEPLAT
2023-11-30,2283.16,2283.16,2283.16,2283.16,340370.0,0.0,0.0,0.0,0.0,0.0,0.6766009499358877,0.42777220544182804,SEPLAT
2023-12-01,2283.16,2283.16,2292.95,2283.16,750130.0,0.0,0.0,0.0,0.0,0.0,0.6766009499358877,0.42777220544182804,SEPLAT
2023-12-04,2283.16,2283.16,2310.2,2200.2,59030.0,0.0,0.0,0.0,0.0,0.0,0.6766009499358877,0.42777220544182804,SEPLAT
2023-12-05,2283.16,2283.16,2309.0,2210.0,530.0,0.0,0.0,0.0,0.0,0.0,0.6766009499358877,0.4149730244060293,SEPLAT
2023-12-06,2283.16,2283.16,2310.0,2100.0,210290.0,0.0,0.0,0.0,0.0,0.0,0.0,0.4149730244060293,SEPLAT
2023-12-07,2283.16,2283.16,2310.1,2270.0,360380.0,0.0,0.0,0.0,0.0,0.0,0.0,0.4149730244060293,SEPLAT
2023-12-08,2283.16,2283.16,2310.2,2120.0,4010.0,0.0,0.0,0.0,0.0,0.0,0.0,0.4149730244060293,SEPLAT
2023-12-11,2283.16,2283.16,2310.1,2107.0,82030.0,0.0,0.0,0.0,0.0,0.0,0.0,0.4149730244060293,SEPLAT
2023-12-12,2283.06,2283.16,2283.06,2283.06,196670.0,0.0,-4.379894532136053e-05,-4.379990452317428e-05,1.918431636239183e-09,4.379990452317428e-05,0.00031094847558149375,0.40784998526089394,SEPLAT
2023-12-13,2283.06,2283.06,2310.1,2181.9,10810.0,0.0,0.0,0.0,0.0,0.0,0.00031094847558149375,0.40784998526089394,SEPLAT
2023-12-14,2283.06,2283.06,2310.0,2190.3,900.0,0.0,0.0,0.0,0.0,0.0,0.00031094847558149375,0.40784998526089394,SEPLAT
2023-12-15,2283.06,2283.06,2304.4,2123.8,1290.0,0.0,0.0,0.0,0.0,0.0,0.00031094847558149375,0.40784998526089394,SEPLAT
2023-12-18,2283.06,2283.06,2300.0,2130.1,2020.0,0.0,0.0,0.0,0.0,0.0,0.00031094847558149375,0.33015507934277244,SEPLAT
2023-12-19,2283.06,2283.06,2310.0,2160.0,2790.0,0.0,0.0,0.0,0.0,0.0,0.0,0.33015507934277244,SEPLAT
2023-12-20,2283.06,2283.06,2300.0,2140.0,2070.0,0.0,0.0,0.0,0.0,0.0,0.0,0.33015507934277244,SEPLAT
2023-12-21,2283.06,2283.06,2287.4,2135.1,15590.0,0.0,0.0,0.0,0.0,0.0,0.0,0.33015507934277244,SEPLAT
2023-12-22,2283.06,2283.06,2300.0,2135.0,1200000.0,0.0,0.0,0.0,0.0,0.0,0.0,0.33015507934277244,SEPLAT
2023-12-27,2283.06,2283.06,2274.9,2100.1,21150.0,0.0,0.0,0.0,0.0,0.0,0.0,0.33015507934277244,SEPLAT
2023-12-28,2283.06,2283.06,2247.9,2100.1,10670.0,0.0,0.0,0.0,0.0,0.0,0.0,0.33015507934277244,SEPLAT
2023-12-29,2283.06,2283.06,2294.0,2200.0,12110.0,0.0,0.0,0.0,0.0,0.0,0.0,0.33015507934277244,SEPLAT
2024-01-02,2283.06,2283.06,2290.7,2123.2,91680.0,0.0,0.0,0.0,0.0,0.0,0.0,0.00015172731992556856,SEPLAT
2024-01-03,2283.06,2283.06,2300.0,2200.1,160000.0,0.0,0.0,0.0,0.0,0.0,0.0,0.00015172731992556856,SEPLAT
2024-01-04,2283.06,2283.06,2298.2,2250.0,31720.0,0.0,0.0,0.0,0.0,0.0,0.0,0.00015172731992556856,SEPLAT
2024-01-05,2283.06,2283.06,2298.0,2261.0,61780.0,0.0,0.0,0.0,0.0,0.0,0.0,0.00015172731992556856,SEPLAT
2024-01-08,2283.06,2283.06,2320.0,2170.0,7030.0,0.0,0.0,0.0,0.0,0.0,0.0,0.00015172731992556856,SEPLAT
2024-01-09,2283.06,2283.06,2500.0,2226.0,15260.0,0.0,0.0,0.0,0.0,0.0,0.0,0.00015172731992556856,SEPLAT
2024-01-10,2283.06,2283.06,2500.0,2320.0,189220.0,0.0,0.0,0.0,0.0,0.0,0.0,0.00015172731992556856,SEPLAT
2024-01-11,2283.06,2283.06,2500.0,2330.0,8800.0,0.0,0.0,0.0,0.0,0.0,0.0,0.00015172731992556856,SEPLAT
2024-01-12,2283.06,2283.06,2540.0,2333.4,266220.0,0.0,0.0,0.0,0.0,0.0,0.0,0.00015172731992556856,SEPLAT
2024-01-15,2283.06,2283.06,2541.0,2451.3,7600.0,0.0,0.0,0.0,0.0,0.0,0.0,0.0,SEPLAT
2024-01-16,2283.06,2283.06,2541.0,2540.0,11340.0,0.0,0.0,0.0,0.0,0.0,0.0,0.0,SEPLAT
2024-01-17,2283.06,2283.06,2541.0,2541.0,21100.0,0.0,0.0,0.0,0.0,0.0,0.0,0.0,SEPLAT
2024-01-18,2283.06,2283.06,2541.0,2541.0,1260.0,0.0,0.0,0.0,0.0,0.0,0.0,0.0,SEPLAT
2024-01-19,2511.37,2283.06,2511.37,2511.37,107340.0,10.0,0.1000017520345502,0.09531177256173842,0.009084333988860552,0.09531177256173842,0.6766464608926672,0.3301696652727604,SEPLAT
2024-01-22,2511.37,2511.37,2795.1,2795.1,29550.0,0.0,0.0,0.0,0.0,0.0,0.6766464608926672,0.3301696652727604,SEPLAT
2024-01-23,2762.51,2511.37,2762.51,2762.51,103680.0,10.0,0.10000119456710888,0.09531126577383417,0.009084237383410453,0.09531126577383417,0.8287170795121096,0.4551062663203437,SEPLAT
2024-01-24,2762.51,2762.51,3074.0,2800.0,62770.0,0.0,0.0,0.0,0.0,0.0,0.8287170795121096,0.4551062663203437,SEPLAT
2024-01-25,3038.75,2762.51,3038.75,3038.75,266910.0,10.0,0.09999601811396142,0.09530655990137431,0.00908334036023425,0.09530655990137431,0.8287027068157578,0.5425132687232647,SEPLAT
2024-01-26,3038.75,3038.75,3382.0,3300.0,321310.0,0.0,0.0,0.0,0.0,0.0,0.8286944183405605,0.5425132687232647,SEPLAT
2024-01-29,3038.75,3038.75,3382.0,3131.6,15620.0,0.0,0.0,0.0,0.0,0.0,0.8286944183405605,0.5425132687232647,SEPLAT
2024-01-30,3038.75,3038.75,3333.0,2795.0,11720.0,0.0,0.0,0.0,0.0,0.0,0.6766094546751518,0.5425132687232647,SEPLAT
2024-01-31,3038.75,3038.75,3164.0,3074.6,276650.0,0.0,0.0,0.0,0.0,0.0,0.6766094546751518,0.5425132687232647,SEPLAT
2024-02-01,3038.75,3038.75,3363.9,3125.0,51000.0,0.0,0.0,0.0,0.0,0.0,0.0,0.5425132687232647,SEPLAT
2024-02-02,3038.75,3038.75,3382.0,3074.7,135820.0,0.0,0.0,0.0,0.0,0.0,0.0,0.5425132687232647,SEPLAT
2024-02-05,3038.75,3038.75,3382.0,2875.0,10380.0,0.0,0.0,0.0,0.0,0.0,0.0,0.5425132687232647,SEPLAT
2024-02-06,3038.75,3038.75,3380.0,3101.1,3280.0,0.0,0.0,0.0,0.0,0.0,0.0,0.5425132687232647,SEPLAT
2024-02-07,3038.75,3038.75,3339.5,3101.0,60090.0,0.0,0.0,0.0,0.0,0.0,0.0,0.5425132687232647,SEPLAT
2024-02-08,3038.75,3038.75,3381.0,3100.0,1910.0,0.0,0.0,0.0,0.0,0.0,0.0,0.5425132687232647,SEPLAT
2024-02-09,3038.75,3038.75,3382.0,3200.0,24960.0,0.0,0.0,0.0,0.0,0.0,0.0,0.5425132687232647,SEPLAT
2024-02-12,3038.75,3038.75,3323.4,3110.0,3300.0,0.0,0.0,0.0,0.0,0.0,0.0,0.5425132687232647,SEPLAT
2024-02-13,3038.75,3038.75,3369.0,3145.1,28130.0,0.0,0.0,0.0,0.0,0.0,0.0,0.5425132687232647,SEPLAT
2024-02-14,3330.7,3038.75,3330.7,3330.7,261680.0,9.61,0.09607568901686547,0.09173624546329615,0.008415538731702123,0.09173624546329615,0.6512627365954443,0.6031840367170895,SEPLAT
2024-02-15,3330.7,3330.7,3570.0,3300.0,44390.0,0.0,0.0,0.0,0.0,0.0,0.6512627365954443,0.6031840367170895,SEPLAT
2024-02-16,3330.7,3330.7,3580.0,3280.0,3620.0,0.0,0.0,0.0,0.0,0.0,0.6512627365954443,0.6031840367170895,SEPLAT
2024-02-19,3330.7,3330.7,3370.0,3103.4,4640.0,0.0,0.0,0.0,0.0,0.0,0.6512627365954443,0.5358292402400949,SEPLAT
2024-02-20,3330.7,3330.7,3350.0,3040.0,94770.0,0.0,0.0,0.0,0.0,0.0,0.6512627365954443,0.5358292402400949,SEPLAT
2024-02-21,3330.7,3330.7,3339.0,3093.0,228970.0,0.0,0.0,0.0,0.0,0.0,0.0,0.446648485875847,SEPLAT
2024-02-22,3330.7,3330.7,3299.0,3080.0,20990.0,0.0,0.0,0.0,0.0,0.0,0.0,0.446648485875847,SEPLAT
2024-02-23,3330.7,3330.7,3300.0,3033.0,14360.0,0.0,0.0,0.0,0.0,0.0,0.0,0.3177836760760776,SEPLAT
2024-02-26,3330.7,3330.7,3310.0,3033.0,5820.0,0.0,0.0,0.0,0.0,0.0,0.0,0.3177836760760776,SEPLAT
2024-02-27,3330.7,3330.7,3089.0,3033.0,500.0,0.0,0.0,0.0,0.0,0.0,0.0,0.3177836760760776,SEPLAT
2024-02-28,3330.7,3330.7,3033.0,3033.0,490.0,0.0,0.0,0.0,0.0,0.0,0.0,0.3177836760760776,SEPLAT
2024-02-29,3330.7,3330.7,3033.0,3033.0,970.0,0.0,0.0,0.0,0.0,0.0,0.0,0.3177836760760776,SEPLAT
2024-03-01,3330.7,3330.7,3033.0,3033.0,7520.0,0.0,0.0,0.0,0.0,0.0,0.0,0.3177836760760776,SEPLAT
2024-03-04,3330.7,3330.7,3033.0,3033.0,890.0,0.0,0.0,0.0,0.0,0.0,0.0,0.3177836760760776,SEPLAT
2024-03-05,3330.7,3330.7,3033.0,3033.0,730.0,0.0,0.0,0.0,0.0,0.0,0.0,0.3177836760760776,SEPLAT
2024-03-06,3330.7,3330.7,3033.0,3033.0,2190.0,0.0,0.0,0.0,0.0,0.0,0.0,0.3177836760760776,SEPLAT
2024-03-07,3330.7,3330.7,3033.0,3033.0,4710.0,0.0,0.0,0.0,0.0,0.0,0.0,0.3177836760760776,SEPLAT
2024-03-08,3330.7,3330.7,3033.0,3033.0,2740.0,0.0,0.0,0.0,0.0,0.0,0.0,0.3177836760760776,SEPLAT
2024-03-11,3330.7,3330.7,3033.0,3033.0,7480.0,0.0,0.0,0.0,0.0,0.0,0.0,0.3177836760760776,SEPLAT
2024-03-12,3330.7,3330.7,3033.0,3033.0,240.0,0.0,0.0,0.0,0.0,0.0,0.0,0.3177836760760776,SEPLAT
2024-03-13,3330.7,3330.7,3033.0,3033.0,2290.0,0.0,0.0,0.0,0.0,0.0,0.0,0.3177836760760776,SEPLAT
2024-03-14,3330.7,3330.7,3033.0,3033.0,33380.0,0.0,0.0,0.0,0.0,0.0,0.0,0.0,SEPLAT
2024-03-15,3330.7,3330.7,3033.0,3033.0,1340.0,0.0,0.0,0.0,0.0,0.0,0.0,0.0,SEPLAT
2024-03-18,3330.7,3330.7,3033.0,3033.0,25080.0,0.0,0.0,0.0,0.0,0.0,0.0,0.0,SEPLAT
2024-03-19,3330.7,3330.7,3033.0,3033.0,125590.0,0.0,0.0,0.0,0.0,0.0,0.0,0.0,SEPLAT
2024-03-20,3330.7,3330.7,3033.0,3033.0,1550.0,0.0,0.0,0.0,0.0,0.0,0.0,0.0,SEPLAT
2024-03-21,3330.7,3330.7,3370.0,3370.0,2970.0,0.0,0.0,0.0,0.0,0.0,0.0,0.0,SEPLAT
2024-03-22,3330.7,3330.7,3370.0,3370.0,830.0,0.0,0.0,0.0,0.0,0.0,0.0,0.0,SEPLAT
2024-03-25,3330.7,3330.7,3370.0,3370.0,13940.0,0.0,0.0,0.0,0.0,0.0,0.0,0.0,SEPLAT
2024-03-26,3330.7,3330.7,3370.0,3370.0,970.0,0.0,0.0,0.0,0.0,0.0,0.0,0.0,SEPLAT
2024-03-27,3330.7,3330.7,3370.0,3370.0,1290.0,0.0,0.0,0.0,0.0,0.0,0.0,0.0,SEPLAT
2024-03-28,3330.7,3330.7,3033.0,3033.0,206330.0,0.0,0.0,0.0,0.0,0.0,0.0,0.0,SEPLAT
2024-04-02,3330.7,3330.7,3033.0,3033.0,3900.0,0.0,0.0,0.0,0.0,0.0,0.0,0.0,SEPLAT
2024-04-03,3330.7,3330.7,3033.0,3033.0,450.0,0.0,0.0,0.0,0.0,0.0,0.0,0.0,SEPLAT
2024-04-04,3330.7,3330.7,3033.0,3033.0,1090.0,0.0,0.0,0.0,0.0,0.0,0.0,0.0,SEPLAT
2024-04-05,3330.7,3330.7,3033.0,3033.0,190.0,0.0,0.0,0.0,0.0,0.0,0.0,0.0,SEPLAT
2024-04-08,3330.7,3330.7,3033.0,3033.0,10590.0,0.0,0.0,0.0,0.0,0.0,0.0,0.0,SEPLAT
2024-04-12,3330.7,3330.7,3033.0,3033.0,330.0,0.0,0.0,0.0,0.0,0.0,0.0,0.0,SEPLAT
2024-04-15,3330.7,3330.7,3033.0,3033.0,6510.0,0.0,0.0,0.0,0.0,0.0,0.0,0.0,SEPLAT
2024-04-16,3330.7,3330.7,3033.0,3033.0,70.0,0.0,0.0,0.0,0.0,0.0,0.0,0.0,SEPLAT
2024-04-17,3330.7,3330.7,3033.0,3033.0,870.0,0.0,0.0,0.0,0.0,0.0,0.0,0.0,SEPLAT
2024-04-18,3330.7,3330.7,3033.0,3033.0,16480.0,0.0,0.0,0.0,0.0,0.0,0.0,0.0,SEPLAT
2024-04-19,3330.7,3330.7,3033.0,3033.0,270.0,0.0,0.0,0.0,0.0,0.0,0.0,0.0,SEPLAT
2024-04-22,3330.7,3330.7,3033.0,3033.0,740.0,0.0,0.0,0.0,0.0,0.0,0.0,0.0,SEPLAT
2024-04-23,3330.7,3330.7,3033.0,3033.0,280.0,0.0,0.0,0.0,0.0,0.0,0.0,0.0,SEPLAT
2024-04-24,3330.7,3330.7,3033.0,3033.0,5440.0,0.0,0.0,0.0,0.0,0.0,0.0,0.0,SEPLAT
2024-04-25,3330.7,3330.7,3033.0,3033.0,240.0,0.0,0.0,0.0,0.0,0.0,0.0,0.0,SEPLAT
2024-04-26,3330.7,3330.7,3033.0,3033.0,230.0,0.0,0.0,0.0,0.0,0.0,0.0,0.0,SEPLAT
2024-04-29,3291.4,3291.4,2962.3,2962.3,20210.0,-1.18,-0.011799321463956458,-0.011869485932346765,0.00014088469629817775,0.011869485932346765,0.08426499091217039,0.04111710538909728,SEPLAT
2024-04-30,3291.4,3291.4,2962.3,2962.3,9020.0,0.0,0.0,0.0,0.0,0.0,0.08426499091217039,0.04111710538909728,SEPLAT
2024-05-02,3291.4,3291.4,2962.3,2962.3,1630.0,0.0,0.0,0.0,0.0,0.0,0.08426499091217039,0.04111710538909728,SEPLAT
2024-05-03,3291.4,3291.4,2962.3,2962.3,6740.0,0.0,0.0,0.0,0.0,0.0,0.08426499091217039,0.04111710538909728,SEPLAT
2024-05-06,3291.4,3291.4,2962.3,2962.3,860.0,0.0,0.0,0.0,0.0,0.0,0.08426499091217039,0.04111710538909728,SEPLAT
2024-05-07,3291.4,3291.4,2962.3,2962.3,11360.0,0.0,0.0,0.0,0.0,0.0,0.0,0.04111710538909728,SEPLAT
2024-05-08,3291.4,3291.4,2962.3,2962.3,2730.0,0.0,0.0,0.0,0.0,0.0,0.0,0.04111710538909728,SEPLAT
2024-05-09,3291.4,3291.4,2962.3,2962.3,44660.0,0.0,0.0,0.0,0.0,0.0,0.0,0.04111710538909728,SEPLAT
2024-05-10,3291.4,3291.4,2962.3,2962.3,1890.0,0.0,0.0,0.0,0.0,0.0,0.0,0.04111710538909728,SEPLAT
2024-05-13,2962.3,3291.4,2962.3,2962.3,176440.0,-10.0,-0.09998784711672837,-0.10534701254535858,0.011097993052231938,0.10534701254535858,0.747889597355445,0.36519314769345707,SEPLAT
2024-05-14,2962.3,2962.3,2922.0,2666.1,162270.0,0.0,0.0,0.0,0.0,0.0,0.747889597355445,0.36519314769345707,SEPLAT
2024-05-15,2962.3,2962.3,2962.0,2697.4,81670.0,0.0,0.0,0.0,0.0,0.0,0.747889597355445,0.36519314769345707,SEPLAT
2024-05-16,2962.3,2962.3,2962.2,2855.0,10310.0,0.0,0.0,0.0,0.0,0.0,0.747889597355445,0.36519314769345707,SEPLAT
2024-05-17,2962.2,2962.3,2962.2,2962.2,802550.0,0.0,-3.375755325263352e-05,-3.375812305165771e-05,1.1396108719708636e-09,3.375812305165771e-05,0.7478297186325771,0.365186665127316,SEPLAT
2024-05-20,2962.2,2962.2,3249.8,2700.1,20460.0,0.0,0.0,0.0,0.0,0.0,0.00023965889906075855,0.365186665127316,SEPLAT
2024-05-21,2962.2,2962.2,3200.0,2930.0,65290.00000000001,0.0,0.0,0.0,0.0,0.0,0.00023965889906075855,0.365186665127316,SEPLAT
2024-05-22,2962.2,2962.2,3100.0,2800.3,96550.0,0.0,0.0,0.0,0.0,0.0,0.00023965889906075855,0.365186665127316,SEPLAT
2024-05-23,3000.0,2962.2,3000.0,3000.0,214120.0,1.28,0.012760785902369953,0.01268005315737463,0.00016078374807384634,0.01268005315737463,0.09007966096815873,0.37023613106690806,SEPLAT
2024-05-24,3000.0,3000.0,3080.0,2965.0,96940.0,0.0,0.0,0.0,0.0,0.0,0.09001944735956674,0.37023613106690806,SEPLAT
2024-05-27,3000.0,3000.0,3089.0,3000.0,10950.0,0.0,0.0,0.0,0.0,0.0,0.09001944735956674,0.37023613106690806,SEPLAT
2024-05-28,3100.0,3000.0,3100.0,3100.0,516880.0,3.33,0.03333333333333344,0.03278982282299097,0.0010751724807631395,0.03278982282299097,0.2276282521649943,0.3925448619568438,SEPLAT
2024-05-29,3100.0,3100.0,3250.0,3100.0,4460.0,0.0,0.0,0.0,0.0,0.0,0.2276282521649943,0.39147692922977245,SEPLAT
2024-05-30,3410.0,3100.0,3410.0,3410.0,177010.0,10.0,0.10000000000000009,0.09531017980432493,0.009084030374332749,0.09531017980432493,0.6582314831347327,0.5187626551565869,SEPLAT
2024-05-31,3410.0,3410.0,3751.0,3600.0,103880.0,0.0,0.0,0.0,0.0,0.0,0.6582314831347327,0.5187626551565869,SEPLAT
2024-06-03,3365.5,3365.5,3702.0,3472.0,25200.0,-1.3,-0.013049853372434028,-0.013135750826794686,0.0001725479497836373,0.013135750826794686,0.6959661506765499,0.5212899991453859,SEPLAT
2024-06-04,3365.5,3365.5,3670.0,3430.0,156560.0,0.0,0.0,0.0,0.0,0.0,0.7057486882873141,0.5212899991453859,SEPLAT
2024-06-05,3365.5,3365.5,3650.0,3420.3,55330.0,0.0,0.0,0.0,0.0,0.0,0.7057486882873141,0.5212899991453859,SEPLAT
2024-06-06,3365.5,3365.5,3630.0,3400.0,30580.0,0.0,0.0,0.0,0.0,0.0,0.09325457988268054,0.5212899991453859,SEPLAT
2024-06-07,3365.5,3365.5,3623.0,3365.5,83980.0,0.0,0.0,0.0,0.0,0.0,0.09325457988268054,0.5212899991453859,SEPLAT
2024-06-10,3441.0,3365.5,3441.0,3441.0,126060.0,2.24,0.02243351656514636,0.022185586346712607,0.0004922002415474408,0.022185586346712607,0.15750203863439677,0.5263619958096623,SEPLAT
2024-06-11,3450.0,3441.0,3450.0,3450.0,521929.99999999994,0.26,0.0026155187445509043,0.002612104227924961,6.823088497543457e-06,0.002612104227924961,0.1539168899897185,0.3529258862519401,SEPLAT
2024-06-13,3450.0,3450.0,3600.0,3370.1,5370.0,0.0,0.0,0.0,0.0,0.0,0.1539168899897185,0.3529258862519401,SEPLAT
2024-06-14,3450.0,3450.0,3499.0,3360.5,130120.0,0.0,0.0,0.0,0.0,0.0,0.1539168899897185,0.3529258862519401,SEPLAT
2024-06-19,3450.0,3450.0,3581.0,3200.0,17050.0,0.0,0.0,0.0,0.0,0.0,0.1539168899897185,0.3529258862519401,SEPLAT
2024-06-20,3450.0,3450.0,3420.0,3210.0,4050.0,0.0,0.0,0.0,0.0,0.0,0.018544100417011104,0.35291711792517905,SEPLAT
2024-06-21,3450.0,3450.0,3402.0,3305.1,2570.0,0.0,0.0,0.0,0.0,0.0,0.0,0.35291711792517905,SEPLAT
2024-06-24,3450.0,3450.0,3400.0,3201.6,13070.0,0.0,0.0,0.0,0.0,0.0,0.0,0.35291711792517905,SEPLAT
2024-06-25,3450.0,3450.0,3400.0,3240.0,11780.0,0.0,0.0,0.0,0.0,0.0,0.0,0.35291711792517905,SEPLAT
2024-06-26,3450.0,3450.0,3430.0,3302.0,2890.0,0.0,0.0,0.0,0.0,0.0,0.0,0.35319642379016597,SEPLAT
2024-06-27,3794.9,3450.0,3794.9,3794.9,131140.0,10.0,0.0999710144927537,0.09528382899601236,0.009079008068141325,0.09528382899601236,0.6764480812555557,0.46659977172620676,SEPLAT
2024-06-28,3794.9,3794.9,3617.4,3415.5,24290.0,0.0,0.0,0.0,0.0,0.0,0.6764480812555557,0.46659977172620676,SEPLAT
2024-07-01,3794.9,3794.9,3599.9,3415.7,2830.0,0.0,0.0,0.0,0.0,0.0,0.6764480812555557,0.461271721729329,SEPLAT
2024-07-02,3794.9,3794.9,3499.0,3415.5,5460.0,0.0,0.0,0.0,0.0,0.0,0.6764480812555557,0.461271721729329,SEPLAT
2024-07-03,3794.9,3794.9,3499.9,3415.7,11330.0,0.0,0.0,0.0,0.0,0.0,0.6764480812555557,0.34058018338284574,SEPLAT
2024-07-04,3794.9,3794.9,3500.0,3415.5,15120.0,0.0,0.0,0.0,0.0,0.0,0.0,0.34058018338284574,SEPLAT
2024-07-05,3794.9,3794.9,3499.0,3415.5,4340.0,0.0,0.0,0.0,0.0,0.0,0.0,0.33471099894044365,SEPLAT
2024-07-08,3794.9,3794.9,3439.0,3415.5,7020.0,0.0,0.0,0.0,0.0,0.0,0.0,0.33471099894044365,SEPLAT
2024-07-09,3794.9,3794.9,3415.5,3415.5,7660.0,0.0,0.0,0.0,0.0,0.0,0.0,0.33471099894044365,SEPLAT
2024-07-10,3794.9,3794.9,3500.0,3415.5,68420.0,0.0,0.0,0.0,0.0,0.0,0.0,0.33471099894044365,SEPLAT
2024-07-11,3480.0,3794.9,3480.0,3480.0,334190.0,-8.3,-0.0829797886637329,-0.08662576625289771,0.007504023378901672,0.08662576625289771,0.6149819333091373,0.4632087194054896,SEPLAT
2024-07-12,3730.0,3480.0,3730.0,3730.0,114730.0,7.18,0.07183908045977017,0.06937593986934125,0.004813021032754453,0.06937593986934125,0.8787630999905629,0.5155326909434657,SEPLAT
2024-07-15,3730.0,3730.0,3687.4,3363.6,4230.0,0.0,0.0,0.0,0.0,0.0,0.8787630999905629,0.5156904865393732,SEPLAT
2024-07-16,3730.0,3730.0,3600.0,3357.0,44210.0,0.0,0.0,0.0,0.0,0.0,0.8787630999905629,0.5156904865393732,SEPLAT
2024-07-17,3730.0,3730.0,3587.4,3380.2,2950.0,0.0,0.0,0.0,0.0,0.0,0.8787630999905629,0.5156904865393732,SEPLAT
2024-07-18,3730.0,3730.0,3520.0,3357.1,6410.0,0.0,0.0,0.0,0.0,0.0,0.4925203143534532,0.5156904865393732,SEPLAT
2024-07-19,3730.0,3730.0,3507.6,3358.1,1120.0,0.0,0.0,0.0,0.0,0.0,0.0,0.5156904865393732,SEPLAT
2024-07-22,3730.0,3730.0,3507.0,3380.0,1590.0,0.0,0.0,0.0,0.0,0.0,0.0,0.5156904865393732,SEPLAT
2024-07-23,3730.0,3730.0,3575.5,3380.5,10700.0,0.0,0.0,0.0,0.0,0.0,0.0,0.5156904865393732,SEPLAT
2024-07-24,3730.0,3730.0,3599.9,3400.0,9790.0,0.0,0.0,0.0,0.0,0.0,0.0,0.5156904865393732,SEPLAT
2024-07-25,3730.0,3730.0,3594.5,3411.6,10480.0,0.0,0.0,0.0,0.0,0.0,0.0,0.5156904865393732,SEPLAT
2024-07-26,3730.0,3730.0,3600.0,3420.0,11970.0,0.0,0.0,0.0,0.0,0.0,0.0,0.3937209997964415,SEPLAT
2024-07-29,3730.0,3730.0,3700.0,3412.0,736500.0,0.0,0.0,0.0,0.0,0.0,0.0,0.3937209997964415,SEPLAT
2024-07-30,3730.0,3730.0,3700.0,3591.0,284640.0,0.0,0.0,0.0,0.0,0.0,0.0,0.3937209997964415,SEPLAT
2024-07-31,3730.0,3730.0,3730.0,3620.0,2390.0,0.0,0.0,0.0,0.0,0.0,0.0,0.3937209997964415,SEPLAT
2024-08-01,3730.0,3730.0,3895.0,3610.3,47790.0,0.0,0.0,0.0,0.0,0.0,0.0,0.3937209997964415,SEPLAT
2024-08-02,3730.0,3730.0,3759.9,3720.0,11570.0,0.0,0.0,0.0,0.0,0.0,0.0,0.3937209997964415,SEPLAT
2024-08-05,3730.0,3730.0,3800.0,3500.0,50910.0,0.0,0.0,0.0,0.0,0.0,0.0,0.3937209997964415,SEPLAT
2024-08-06,3730.0,3730.0,3730.0,3730.0,31490.0,0.0,0.0,0.0,0.0,0.0,0.0,0.3937209997964415,SEPLAT
2024-08-07,3730.0,3730.0,3730.0,3730.0,183820.0,0.0,0.0,0.0,0.0,0.0,0.0,0.3937209997964415,SEPLAT
2024-08-08,3730.0,3730.0,3730.0,3730.0,431140.0,0.0,0.0,0.0,0.0,0.0,0.0,0.3937209997964415,SEPLAT
2024-08-09,3730.0,3730.0,3730.0,3730.0,8100.0,0.0,0.0,0.0,0.0,0.0,0.0,0.24032530535308474,SEPLAT
2024-08-12,3730.0,3730.0,3730.0,3730.0,2110.0,0.0,0.0,0.0,0.0,0.0,0.0,0.0,SEPLAT
2024-08-13,3730.0,3730.0,3730.0,3730.0,3730.0,0.0,0.0,0.0,0.0,0.0,0.0,0.0,SEPLAT
2024-08-14,3682.9,3682.9,3682.9,3682.9,9710.0,-1.26,-0.012627345844503979,-0.012707748339853579,0.00016148686786905138,0.012707748339853579,0.09021606365055057,0.0440209315488509,SEPLAT
2024-08-15,3682.9,3682.9,3682.9,3682.9,1630.0,0.0,0.0,0.0,0.0,0.0,0.09021606365055057,0.0440209315488509,SEPLAT
2024-08-16,3682.9,3682.9,3682.9,3682.9,44650.0,0.0,0.0,0.0,0.0,0.0,0.09021606365055057,0.0440209315488509,SEPLAT
2024-08-19,3682.9,3682.9,3682.9,3682.9,17850.0,0.0,0.0,0.0,0.0,0.0,0.09021606365055057,0.0440209315488509,SEPLAT
2024-08-20,3730.1,3682.9,3730.1,3730.1,343320.0,1.28,0.012815987401232576,0.012734557631955723,0.00016216895808160173,0.012734557631955723,0.14279463567932285,0.06385971324501342,SEPLAT
2024-08-21,3730.1,3730.1,3730.1,3730.1,11560.0,0.0,0.0,0.0,0.0,0.0,0.0904063907437562,0.06385971324501342,SEPLAT
2024-08-22,3730.1,3730.1,3730.1,3730.1,256100.00000000003,0.0,0.0,0.0,0.0,0.0,0.0904063907437562,0.06385971324501342,SEPLAT
2024-08-23,3730.1,3730.1,3730.1,3730.1,84520.0,0.0,0.0,0.0,0.0,0.0,0.0904063907437562,0.06385971324501342,SEPLAT
2024-08-26,3730.1,3730.1,3730.1,3730.1,1270.0,0.0,0.0,0.0,0.0,0.0,0.0904063907437562,0.06385971324501342,SEPLAT
2024-08-27,3730.1,3730.1,3730.1,3730.1,28750.0,0.0,0.0,0.0,0.0,0.0,0.0,0.06385971324501342,SEPLAT
2024-08-28,3730.1,3730.1,3730.1,3730.1,9870.0,0.0,0.0,0.0,0.0,0.0,0.0,0.06385971324501342,SEPLAT
2024-08-29,3730.1,3730.1,3730.1,3730.1,21670.0,0.0,0.0,0.0,0.0,0.0,0.0,0.06385971324501342,SEPLAT
2024-08-30,3730.1,3730.1,3730.1,3730.1,19670.0,0.0,0.0,0.0,0.0,0.0,0.0,0.06385971324501342,SEPLAT
2024-09-02,3730.1,3730.1,3730.1,3730.1,46230.0,0.0,0.0,0.0,0.0,0.0,0.0,0.06385971324501342,SEPLAT
2024-09-03,3730.1,3730.1,3730.1,3730.1,69750.0,0.0,0.0,0.0,0.0,0.0,0.0,0.06385971324501342,SEPLAT
2024-09-04,3730.1,3730.1,3730.1,3730.1,13230.0,0.0,0.0,0.0,0.0,0.0,0.0,0.06385971324501342,SEPLAT
2024-09-05,3730.1,3730.1,3730.1,3730.1,84210.0,0.0,0.0,0.0,0.0,0.0,0.0,0.06385971324501342,SEPLAT
2024-09-06,3730.1,3730.1,3730.1,3730.1,57780.0,0.0,0.0,0.0,0.0,0.0,0.0,0.06385971324501342,SEPLAT
2024-09-09,3730.1,3730.1,3730.1,3730.1,1340.0,0.0,0.0,0.0,0.0,0.0,0.0,0.06385971324501342,SEPLAT
2024-09-10,3730.1,3730.1,3730.1,3730.1,15920.0,0.0,0.0,0.0,0.0,0.0,0.0,0.06385971324501342,SEPLAT
2024-09-11,3730.1,3730.1,3730.1,3730.1,1130.0,0.0,0.0,0.0,0.0,0.0,0.0,0.06385971324501342,SEPLAT
2024-09-12,3730.1,3730.1,3730.1,3730.1,1500.0,0.0,0.0,0.0,0.0,0.0,0.0,0.044113801660922644,SEPLAT
2024-09-13,3730.1,3730.1,3730.1,3730.1,12030.0,0.0,0.0,0.0,0.0,0.0,0.0,0.044113801660922644,SEPLAT
2024-09-17,3730.1,3730.1,3730.1,3730.1,740.0,0.0,0.0,0.0,0.0,0.0,0.0,0.044113801660922644,SEPLAT
2024-09-18,3730.1,3730.1,3730.1,3730.1,42590.0,0.0,0.0,0.0,0.0,0.0,0.0,0.044113801660922644,SEPLAT
2024-09-19,3730.1,3730.1,3730.1,3730.1,7060.0,0.0,0.0,0.0,0.0,0.0,0.0,0.0,SEPLAT
2024-09-20,3730.1,3730.1,3730.1,3730.1,100.0,0.0,0.0,0.0,0.0,0.0,0.0,0.0,SEPLAT
2024-09-23,3730.1,3730.1,3730.1,3730.1,31290.0,0.0,0.0,0.0,0.0,0.0,0.0,0.0,SEPLAT
2024-09-24,3730.1,3730.1,3730.1,3730.1,630.0,0.0,0.0,0.0,0.0,0.0,0.0,0.0,SEPLAT
2024-09-25,4103.1,3730.1,4103.1,4103.1,109980.0,10.0,0.09999731910672649,0.09530774262565175,0.009083565804397476,0.09530774262565175,0.6766178511845758,0.3301557051646537,SEPLAT
2024-09-26,4103.1,4103.1,4103.1,4103.1,43960.0,0.0,0.0,0.0,0.0,0.0,0.6766178511845758,0.3301557051646537,SEPLAT
2024-09-27,4103.1,4103.1,4103.1,4103.1,174180.0,0.0,0.0,0.0,0.0,0.0,0.6766178511845758,0.3301557051646537,SEPLAT
2024-09-30,4103.1,4103.1,4103.1,4103.1,98890.0,0.0,0.0,0.0,0.0,0.0,0.6766178511845758,0.3301557051646537,SEPLAT
2024-10-02,4103.1,4103.1,4103.1,4103.1,59020.0,0.0,0.0,0.0,0.0,0.0,0.6766178511845758,0.3301557051646537,SEPLAT
2024-10-03,4513.4,4103.1,4513.4,4513.4,518049.99999999994,10.0,0.0999975628183567,0.09530796418219464,0.009083608036554497,0.09530796418219464,0.6766194240799969,0.4550887625363672,SEPLAT
2024-10-04,4964.7,4513.4,4964.7,4964.7,142720.0,10.0,0.09999113750166178,0.09530212295519742,0.009082494639767567,0.09530212295519742,0.8286607759480868,0.5424909396766188,SEPLAT
2024-10-07,4964.7,4964.7,4964.7,4964.7,12530.0,0.0,0.0,0.0,0.0,0.0,0.8286607759480868,0.5424909396766188,SEPLAT
2024-10-08,5217.2,4964.7,5217.2,5217.2,417090.0,5.09,0.050859064998892256,0.04960798680312085,0.002460952354658612,0.04960798680312085,0.7565877057888873,0.5539018670995158,SEPLAT
2024-10-09,5217.2,5217.2,5217.2,5217.2,98180.0,0.0,0.0,0.0,0.0,0.0,0.7565877057888873,0.5539018670995158,SEPLAT
2024-10-10,5217.2,5217.2,5217.2,5217.2,14150.0,0.0,0.0,0.0,0.0,0.0,0.6801841793078803,0.5539018670995158,SEPLAT
2024-10-11,5217.2,5217.2,5217.2,5217.2,22320.0,0.0,0.0,0.0,0.0,0.0,0.35218176936745926,0.5539018670995158,SEPLAT
2024-10-14,5217.2,5217.2,5217.2,5217.2,32640.0,0.0,0.0,0.0,0.0,0.0,0.35218176936745926,0.5539018670995158,SEPLAT
2024-10-15,5217.2,5217.2,5217.2,5217.2,234270.0,0.0,0.0,0.0,0.0,0.0,0.0,0.5539018670995158,SEPLAT
2024-10-16,5217.2,5217.2,5217.2,5217.2,12940.0,0.0,0.0,0.0,0.0,0.0,0.0,0.5539018670995158,SEPLAT
2024-10-17,5217.2,5217.2,5217.2,5217.2,67970.0,0.0,0.0,0.0,0.0,0.0,0.0,0.5539018670995158,SEPLAT
2024-10-18,5217.2,5217.2,5217.2,5217.2,1060000.0,0.0,0.0,0.0,0.0,0.0,0.0,0.5539018670995158,SEPLAT
2024-10-21,5738.2,5217.2,5738.2,4860.0,3710000.0,9.99,0.09986199493981451,0.09518471278804477,0.009060129548542574,0.09518471278804477,0.6757444259825942,0.6141697800929733,SEPLAT
2024-10-22,5700.0,5738.2,5700.0,5700.0,3390000.0,-0.67,-0.006657139869645556,-0.006679397461531265,4.46143504491103e-05,0.006679397461531265,0.6891303657794379,0.6174076086059747,SEPLAT
2024-10-23,5700.0,5700.0,5700.0,5700.0,92450.0,0.0,0.0,0.0,0.0,0.0,0.6891303657794379,0.6174076086059747,SEPLAT
2024-10-24,5700.0,5700.0,5700.0,5700.0,606160.0,0.0,0.0,0.0,0.0,0.0,0.6891303657794379,0.6174076086059747,SEPLAT
2024-10-25,5700.0,5700.0,5700.0,5700.0,20290.0,0.0,0.0,0.0,0.0,0.0,0.6891303657794379,0.5565835305926067,SEPLAT
2024-10-28,5700.0,5700.0,5700.0,5700.0,5810.0,0.0,0.0,0.0,0.0,0.0,0.04741901794254238,0.5565835305926067,SEPLAT
2024-10-29,5700.0,5700.0,5700.0,5700.0,19550.0,0.0,0.0,0.0,0.0,0.0,0.0,0.5565835305926067,SEPLAT
2024-10-30,5700.0,5700.0,5700.0,5700.0,21480.0,0.0,0.0,0.0,0.0,0.0,0.0,0.5565835305926067,SEPLAT
2024-10-31,5700.0,5700.0,5700.0,5700.0,87010.0,0.0,0.0,0.0,0.0,0.0,0.0,0.5565835305926067,SEPLAT
2024-11-01,5700.0,5700.0,5700.0,5700.0,13210.0,0.0,0.0,0.0,0.0,0.0,0.0,0.4769460649345431,SEPLAT
2024-11-04,5700.0,5700.0,5700.0,5700.0,25500.0,0.0,0.0,0.0,0.0,0.0,0.0,0.3664459063230244,SEPLAT
2024-11-05,5700.0,5700.0,5700.0,5700.0,167360.0,0.0,0.0,0.0,0.0,0.0,0.0,0.3664459063230244,SEPLAT
2024-11-06,5700.0,5700.0,5700.0,5700.0,239430.0,0.0,0.0,0.0,0.0,0.0,0.0,0.33169241568457347,SEPLAT
2024-11-07,5700.0,5700.0,5700.0,5700.0,8730.0,0.0,0.0,0.0,0.0,0.0,0.0,0.33169241568457347,SEPLAT
2024-11-08,5700.0,5700.0,5700.0,5700.0,7960.0,0.0,0.0,0.0,0.0,0.0,0.0,0.33169241568457347,SEPLAT
2024-11-11,5700.0,5700.0,5700.0,5700.0,31670.0,0.0,0.0,0.0,0.0,0.0,0.0,0.33169241568457347,SEPLAT
2024-11-12,5700.0,5700.0,5700.0,5700.0,1020.0,0.0,0.0,0.0,0.0,0.0,0.0,0.33169241568457347,SEPLAT
2024-11-13,5639.5,5639.5,5639.5,5639.5,5390.0,-1.06,-0.010614035087719298,-0.010670765742670011,0.00011386524153493987,0.010670765742670011,0.07575492177648241,0.33543933118417046,SEPLAT
2024-11-14,5639.5,5639.5,5639.5,5639.5,12670.0,0.0,0.0,0.0,0.0,0.0,0.07575492177648241,0.33543933118417046,SEPLAT
2024-11-15,5639.5,5639.5,5639.5,5639.5,16900.0,0.0,0.0,0.0,0.0,0.0,0.07575492177648241,0.33543933118417046,SEPLAT
2024-11-18,5639.5,5639.5,5639.5,5639.5,12420.0,0.0,0.0,0.0,0.0,0.0,0.07575492177648241,0.33543933118417046,SEPLAT
2024-11-19,5639.5,5639.5,5639.5,5639.5,5490.0,0.0,0.0,0.0,0.0,0.0,0.07575492177648241,0.04261720264249622,SEPLAT
2024-11-20,5639.5,5639.5,5639.5,5639.5,269300.0,0.0,0.0,0.0,0.0,0.0,0.0,0.03696461684393988,SEPLAT
2024-11-21,5639.5,5639.5,5639.5,5639.5,1320.0,0.0,0.0,0.0,0.0,0.0,0.0,0.03696461684393988,SEPLAT
2024-11-22,5639.5,5639.5,5639.5,5639.5,3710.0,0.0,0.0,0.0,0.0,0.0,0.0,0.03696461684393988,SEPLAT
2024-11-25,5639.5,5639.5,5639.5,5639.5,3210.0,0.0,0.0,0.0,0.0,0.0,0.0,0.03696461684393988,SEPLAT
2024-11-26,5639.5,5639.5,5639.5,5639.5,1820.0,0.0,0.0,0.0,0.0,0.0,0.0,0.03696461684393988,SEPLAT
2024-11-27,5639.5,5639.5,5639.5,5639.5,7350.0,0.0,0.0,0.0,0.0,0.0,0.0,0.03696461684393988,SEPLAT
2024-11-28,5639.5,5639.5,5639.5,5639.5,3800.0,0.0,0.0,0.0,0.0,0.0,0.0,0.03696461684393988,SEPLAT
2024-11-29,5300.0,5639.5,5300.0,5075.6,1520000.0,-6.02,-0.06020037237343734,-0.06208858853975828,0.0038549928268594032,0.06208858853975828,0.4407852521055054,0.2164053083461937,SEPLAT
2024-12-02,5300.0,5300.0,5300.0,5300.0,15590.0,0.0,0.0,0.0,0.0,0.0,0.4407852521055054,0.2164053083461937,SEPLAT
2024-12-03,5300.0,5300.0,5300.0,5300.0,15390.0,0.0,0.0,0.0,0.0,0.0,0.4407852521055054,0.2164053083461937,SEPLAT
2024-12-04,5700.0,5300.0,5700.0,5700.0,1420000.0,7.55,0.07547169811320753,0.0727593542824283,0.005293923635595918,0.0727593542824283,0.7582526195743375,0.34162998912606796,SEPLAT
2024-12-05,5700.0,5700.0,5700.0,5700.0,19200.0,0.0,0.0,0.0,0.0,0.0,0.7582526195743375,0.34162998912606796,SEPLAT
2024-12-06,5700.0,5700.0,5700.0,5700.0,4080.0,0.0,0.0,0.0,0.0,0.0,0.5165401738819879,0.34162998912606796,SEPLAT
2024-12-09,5700.0,5700.0,5700.0,5700.0,32580.0,0.0,0.0,0.0,0.0,0.0,0.5165401738819879,0.34162998912606796,SEPLAT
2024-12-10,5700.0,5700.0,5700.0,5700.0,25440.0,0.0,0.0,0.0,0.0,0.0,0.5165401738819879,0.34162998912606796,SEPLAT
2024-12-11,5700.0,5700.0,5700.0,5700.0,3500.0,0.0,0.0,0.0,0.0,0.0,0.0,0.34162998912606796,SEPLAT
2024-12-12,5700.0,5700.0,5700.0,5700.0,2700.0,0.0,0.0,0.0,0.0,0.0,0.0,0.3394230815398624,SEPLAT
2024-12-13,5700.0,5700.0,5700.0,5700.0,26110.0,0.0,0.0,0.0,0.0,0.0,0.0,0.3394230815398624,SEPLAT
2024-12-16,5700.0,5700.0,5700.0,5700.0,10980.0,0.0,0.0,0.0,0.0,0.0,0.0,0.3394230815398624,SEPLAT
2024-12-17,5700.0,5700.0,5700.0,5700.0,30100.0,0.0,0.0,0.0,0.0,0.0,0.0,0.3394230815398624,SEPLAT
2024-12-18,5700.0,5700.0,5700.0,5700.0,131760.0,0.0,0.0,0.0,0.0,0.0,0.0,0.3394230815398624,SEPLAT
2024-12-19,5700.0,5700.0,5700.0,5700.0,438270.0,0.0,0.0,0.0,0.0,0.0,0.0,0.3394230815398624,SEPLAT
2024-12-20,5700.0,5700.0,5700.0,5700.0,419470.0,0.0,0.0,0.0,0.0,0.0,0.0,0.3394230815398624,SEPLAT
2024-12-23,5700.0,5700.0,5700.0,5700.0,56730.0,0.0,0.0,0.0,0.0,0.0,0.0,0.3394230815398624,SEPLAT
2024-12-24,5700.0,5700.0,5700.0,5700.0,6590.0,0.0,0.0,0.0,0.0,0.0,0.0,0.3394230815398624,SEPLAT
2024-12-27,5700.0,5700.0,5700.0,5700.0,600750.0,0.0,0.0,0.0,0.0,0.0,0.0,0.3394230815398624,SEPLAT
2024-12-30,5700.0,5700.0,5700.0,5700.0,188250.0,0.0,0.0,0.0,0.0,0.0,0.0,0.3394230815398624,SEPLAT
2024-12-31,5700.0,5700.0,5700.0,5700.0,1860000.0,0.0,0.0,0.0,0.0,0.0,0.0,0.3394230815398624,SEPLAT
2025-01-02,5700.0,5700.0,5700.0,5700.0,11300.0,0.0,0.0,0.0,0.0,0.0,0.0,0.25204579668613997,SEPLAT
2025-01-03,5700.0,5700.0,5700.0,5700.0,37860.0,0.0,0.0,0.0,0.0,0.0,0.0,0.25204579668613997,SEPLAT
2025-01-06,5700.0,5700.0,5700.0,5700.0,29010.0,0.0,0.0,0.0,0.0,0.0,0.0,0.25204579668613997,SEPLAT
2025-01-07,5700.0,5700.0,5700.0,5700.0,6630.0,0.0,0.0,0.0,0.0,0.0,0.0,0.0,SEPLAT
2025-01-08,5700.0,5700.0,5700.0,5700.0,4400.0,0.0,0.0,0.0,0.0,0.0,0.0,0.0,SEPLAT
2025-01-09,5700.0,5700.0,5700.0,5700.0,888160.0,0.0,0.0,0.0,0.0,0.0,0.0,0.0,SEPLAT
2025-01-10,5700.0,5700.0,5700.0,5700.0,5110.0,0.0,0.0,0.0,0.0,0.0,0.0,0.0,SEPLAT
2025-01-13,5700.0,5700.0,5700.0,5700.0,11920.0,0.0,0.0,0.0,0.0,0.0,0.0,0.0,SEPLAT
2025-01-14,5700.0,5700.0,5700.0,5700.0,23730.0,0.0,0.0,0.0,0.0,0.0,0.0,0.0,SEPLAT
2025-01-15,5700.0,5700.0,5700.0,5700.0,4260.0,0.0,0.0,0.0,0.0,0.0,0.0,0.0,SEPLAT
2025-01-16,5700.0,5700.0,5700.0,5700.0,3150.0,0.0,0.0,0.0,0.0,0.0,0.0,0.0,SEPLAT
2025-01-17,5700.0,5700.0,5700.0,5700.0,78330.0,0.0,0.0,0.0,0.0,0.0,0.0,0.0,SEPLAT
2025-01-20,5700.0,5700.0,5700.0,5700.0,4930.0,0.0,0.0,0.0,0.0,0.0,0.0,0.0,SEPLAT
2025-01-21,5700.0,5700.0,5700.0,5700.0,9890.0,0.0,0.0,0.0,0.0,0.0,0.0,0.0,SEPLAT
2025-01-22,5700.0,5700.0,5700.0,5700.0,5530.0,0.0,0.0,0.0,0.0,0.0,0.0,0.0,SEPLAT
2025-01-23,5700.0,5700.0,5700.0,5700.0,1540000.0,0.0,0.0,0.0,0.0,0.0,0.0,0.0,SEPLAT
2025-01-24,5700.0,5700.0,5700.0,5700.0,880.0,0.0,0.0,0.0,0.0,0.0,0.0,0.0,SEPLAT
2025-01-27,5700.0,5700.0,5700.0,5700.0,52230.0,0.0,0.0,0.0,0.0,0.0,0.0,0.0,SEPLAT
2025-01-28,5700.0,5700.0,5700.0,5700.0,57390.0,0.0,0.0,0.0,0.0,0.0,0.0,0.0,SEPLAT
2025-01-29,5700.0,5700.0,5700.0,5700.0,6730.0,0.0,0.0,0.0,0.0,0.0,0.0,0.0,SEPLAT
2025-01-30,5700.0,5700.0,5700.0,5700.0,1390.0,0.0,0.0,0.0,0.0,0.0,0.0,0.0,SEPLAT
2025-01-31,5700.0,5700.0,5700.0,5700.0,6170.0,0.0,0.0,0.0,0.0,0.0,0.0,0.0,SEPLAT
2025-02-03,5700.0,5700.0,5700.0,5700.0,51530.0,0.0,0.0,0.0,0.0,0.0,0.0,0.0,SEPLAT
2025-02-04,5700.0,5700.0,5700.0,5700.0,32860.0,0.0,0.0,0.0,0.0,0.0,0.0,0.0,SEPLAT
2025-02-05,5700.0,5700.0,5700.0,5700.0,11370.0,0.0,0.0,0.0,0.0,0.0,0.0,0.0,SEPLAT
2025-02-06,5700.0,5700.0,5700.0,5700.0,50540.0,0.0,0.0,0.0,0.0,0.0,0.0,0.0,SEPLAT
2025-02-07,5700.0,5700.0,5700.0,5700.0,5470.0,0.0,0.0,0.0,0.0,0.0,0.0,0.0,SEPLAT
2025-02-10,5700.0,5700.0,5700.0,5700.0,41330.0,0.0,0.0,0.0,0.0,0.0,0.0,0.0,SEPLAT
2025-02-11,5700.0,5700.0,5700.0,5700.0,1200.0,0.0,0.0,0.0,0.0,0.0,0.0,0.0,SEPLAT
2025-02-12,5700.0,5700.0,5700.0,5700.0,7090.0,0.0,0.0,0.0,0.0,0.0,0.0,0.0,SEPLAT
2025-02-13,5700.0,5700.0,5700.0,5700.0,1880.0,0.0,0.0,0.0,0.0,0.0,0.0,0.0,SEPLAT
2025-02-14,5700.0,5700.0,5700.0,5700.0,352550.0,0.0,0.0,0.0,0.0,0.0,0.0,0.0,SEPLAT
2025-02-17,5700.0,5700.0,5700.0,5700.0,3870.0,0.0,0.0,0.0,0.0,0.0,0.0,0.0,SEPLAT
2025-02-18,5700.0,5700.0,5700.0,5700.0,1570.0,0.0,0.0,0.0,0.0,0.0,0.0,0.0,SEPLAT
2025-02-19,5700.0,5700.0,5700.0,5700.0,7040.0,0.0,0.0,0.0,0.0,0.0,0.0,0.0,SEPLAT
2025-02-20,5700.0,5700.0,5700.0,5700.0,590.0,0.0,0.0,0.0,0.0,0.0,0.0,0.0,SEPLAT
2025-02-21,5700.0,5700.0,5700.0,5700.0,6780.0,0.0,0.0,0.0,0.0,0.0,0.0,0.0,SEPLAT
2025-02-24,5700.0,5700.0,5700.0,5700.0,1120.0,0.0,0.0,0.0,0.0,0.0,0.0,0.0,SEPLAT
2025-02-25,5700.0,5700.0,5700.0,5700.0,14670.0,0.0,0.0,0.0,0.0,0.0,0.0,0.0,SEPLAT
2025-02-26,5700.0,5700.0,5700.0,5700.0,98410.0,0.0,0.0,0.0,0.0,0.0,0.0,0.0,SEPLAT
2025-02-27,5700.0,5700.0,5700.0,5700.0,1230.0,0.0,0.0,0.0,0.0,0.0,0.0,0.0,SEPLAT
2025-02-28,5700.0,5700.0,5700.0,5700.0,12360.0,0.0,0.0,0.0,0.0,0.0,0.0,0.0,SEPLAT
2025-03-03,5700.0,5700.0,5700.0,5700.0,2420.0,0.0,0.0,0.0,0.0,0.0,0.0,0.0,SEPLAT
2025-03-04,5700.0,5700.0,5700.0,5700.0,2050.0,0.0,0.0,0.0,0.0,0.0,0.0,0.0,SEPLAT
2025-03-05,5700.0,5700.0,5700.0,5700.0,13080.0,0.0,0.0,0.0,0.0,0.0,0.0,0.0,SEPLAT
2025-03-06,5700.0,5700.0,5700.0,5700.0,17110.0,0.0,0.0,0.0,0.0,0.0,0.0,0.0,SEPLAT
2025-03-07,5700.0,5700.0,5700.0,5700.0,4500.0,0.0,0.0,0.0,0.0,0.0,0.0,0.0,SEPLAT
2025-03-10,5700.0,5700.0,5700.0,5700.0,4440.0,0.0,0.0,0.0,0.0,0.0,0.0,0.0,SEPLAT
2025-03-11,5700.0,5700.0,5700.0,5700.0,79770.0,0.0,0.0,0.0,0.0,0.0,0.0,0.0,SEPLAT
2025-03-12,5700.0,5700.0,5700.0,5700.0,3550.0,0.0,0.0,0.0,0.0,0.0,0.0,0.0,SEPLAT
2025-03-13,5700.0,5700.0,5700.0,5700.0,13170.0,0.0,0.0,0.0,0.0,0.0,0.0,0.0,SEPLAT
2025-03-14,5700.0,5700.0,5700.0,5700.0,2450.0,0.0,0.0,0.0,0.0,0.0,0.0,0.0,SEPLAT
2025-03-17,5700.0,5700.0,5700.0,5700.0,9610.0,0.0,0.0,0.0,0.0,0.0,0.0,0.0,SEPLAT
2025-03-18,5700.0,5700.0,5700.0,5700.0,7340.0,0.0,0.0,0.0,0.0,0.0,0.0,0.0,SEPLAT
2025-03-19,5700.0,5700.0,5700.0,5700.0,7070.0,0.0,0.0,0.0,0.0,0.0,0.0,0.0,SEPLAT
2025-03-20,5700.0,5700.0,5700.0,5700.0,54100.0,0.0,0.0,0.0,0.0,0.0,0.0,0.0,SEPLAT
2025-03-21,5700.0,5700.0,5700.0,5700.0,4890.0,0.0,0.0,0.0,0.0,0.0,0.0,0.0,SEPLAT
2025-03-24,5700.0,5700.0,5700.0,5700.0,550.0,0.0,0.0,0.0,0.0,0.0,0.0,0.0,SEPLAT
2025-03-25,5700.0,5700.0,5700.0,5700.0,1580.0,0.0,0.0,0.0,0.0,0.0,0.0,0.0,SEPLAT
2025-03-26,5700.0,5700.0,5700.0,5700.0,687290.0,0.0,0.0,0.0,0.0,0.0,0.0,0.0,SEPLAT
2025-03-27,5700.0,5700.0,5700.0,5700.0,1990.0,0.0,0.0,0.0,0.0,0.0,0.0,0.0,SEPLAT
2025-03-28,5700.0,5700.0,5700.0,5700.0,3120.0,0.0,0.0,0.0,0.0,0.0,0.0,0.0,SEPLAT
2025-04-02,5700.0,5700.0,5700.0,5700.0,12490.0,0.0,0.0,0.0,0.0,0.0,0.0,0.0,SEPLAT
2025-04-03,5700.0,5700.0,5700.0,5700.0,740.0,0.0,0.0,0.0,0.0,0.0,0.0,0.0,SEPLAT
2025-04-04,5700.0,5700.0,5700.0,5700.0,3230.0,0.0,0.0,0.0,0.0,0.0,0.0,0.0,SEPLAT
2025-04-07,5700.0,5700.0,5700.0,5700.0,3970.0,0.0,0.0,0.0,0.0,0.0,0.0,0.0,SEPLAT
2025-04-08,5700.0,5700.0,5700.0,5700.0,1250.0,0.0,0.0,0.0,0.0,0.0,0.0,0.0,SEPLAT
2025-04-09,5700.0,5700.0,5700.0,5700.0,570.0,0.0,0.0,0.0,0.0,0.0,0.0,0.0,SEPLAT
2025-04-10,5700.0,5700.0,5700.0,5700.0,3220.0,0.0,0.0,0.0,0.0,0.0,0.0,0.0,SEPLAT
2025-04-11,5700.0,5700.0,5700.0,5700.0,61480.0,0.0,0.0,0.0,0.0,0.0,0.0,0.0,SEPLAT
2025-04-14,5700.0,5700.0,5700.0,5700.0,1470.0,0.0,0.0,0.0,0.0,0.0,0.0,0.0,SEPLAT
2025-04-15,5700.0,5700.0,5700.0,5700.0,1630.0,0.0,0.0,0.0,0.0,0.0,0.0,0.0,SEPLAT
2025-04-16,5700.0,5700.0,5700.0,5700.0,430.0,0.0,0.0,0.0,0.0,0.0,0.0,0.0,SEPLAT
2025-04-17,5700.0,5700.0,5700.0,5700.0,1550.0,0.0,0.0,0.0,0.0,0.0,0.0,0.0,SEPLAT
2025-04-22,5700.0,5700.0,5700.0,5700.0,3030.0,0.0,0.0,0.0,0.0,0.0,0.0,0.0,SEPLAT
2025-04-23,5700.0,5700.0,5700.0,5700.0,3950.0,0.0,0.0,0.0,0.0,0.0,0.0,0.0,SEPLAT
2025-04-24,5700.0,5700.0,5700.0,5700.0,870.0,0.0,0.0,0.0,0.0,0.0,0.0,0.0,SEPLAT
2025-04-25,5700.0,5700.0,5700.0,5700.0,1860.0,0.0,0.0,0.0,0.0,0.0,0.0,0.0,SEPLAT
2025-04-28,5700.0,5700.0,5700.0,5700.0,4840.0,0.0,0.0,0.0,0.0,0.0,0.0,0.0,SEPLAT
2025-04-29,5700.0,5700.0,5700.0,5700.0,9650.0,0.0,0.0,0.0,0.0,0.0,0.0,0.0,SEPLAT
2025-04-30,5700.0,5700.0,5700.0,5700.0,8470.0,0.0,0.0,0.0,0.0,0.0,0.0,0.0,SEPLAT
2025-05-02,5700.0,5700.0,5700.0,5700.0,32960.0,0.0,0.0,0.0,0.0,0.0,0.0,0.0,SEPLAT
2025-05-05,5646.88,5646.88,5646.88,5646.88,34990.0,-0.93,-0.00931929824561406,-0.009362994596950475,8.766566782252378e-05,0.009362994596950475,0.06647066765314757,0.032434364705822206,SEPLAT
2025-05-06,5646.88,5646.88,5646.88,5646.88,114530.0,0.0,0.0,0.0,0.0,0.0,0.06647066765314757,0.032434364705822206,SEPLAT
2025-05-07,5646.88,5646.88,5646.88,5646.88,26310.0,0.0,0.0,0.0,0.0,0.0,0.06647066765314757,0.032434364705822206,SEPLAT
2025-05-08,5646.88,5646.88,5646.88,5646.88,8880.0,0.0,0.0,0.0,0.0,0.0,0.06647066765314757,0.032434364705822206,SEPLAT
2025-05-09,5646.88,5646.88,5646.88,5646.88,12650.0,0.0,0.0,0.0,0.0,0.0,0.06647066765314757,0.032434364705822206,SEPLAT
2025-05-12,5588.9,5588.9,5588.9,5588.9,8540.0,-1.03,-0.010267616807865698,-0.01032069240448563,0.00010651669170800738,0.01032069240448563,0.07326964761812066,0.04705559700718279,SEPLAT
2025-05-13,5588.9,5588.9,5588.9,5588.9,3240.0,0.0,0.0,0.0,0.0,0.0,0.07326964761812066,0.04705559700718279,SEPLAT
2025-05-14,5588.9,5588.9,5588.9,5588.9,3540.0,0.0,0.0,0.0,0.0,0.0,0.07326964761812066,0.04705559700718279,SEPLAT
2025-05-15,5588.9,5588.9,5588.9,5588.9,5450.0,0.0,0.0,0.0,0.0,0.0,0.07326964761812066,0.04705559700718279,SEPLAT
2025-05-16,5588.9,5588.9,5588.9,5588.9,34860.0,0.0,0.0,0.0,0.0,0.0,0.07326964761812066,0.04705559700718279,SEPLAT
2025-05-19,5588.9,5588.9,5588.9,5588.9,25530.0,0.0,0.0,0.0,0.0,0.0,0.0,0.04705559700718279,SEPLAT
2025-05-20,5588.9,5588.9,5588.9,5588.9,2190.0,0.0,0.0,0.0,0.0,0.0,0.0,0.04705559700718279,SEPLAT
2025-05-21,5588.9,5588.9,5588.9,5588.9,4960.0,0.0,0.0,0.0,0.0,0.0,0.0,0.04705559700718279,SEPLAT
2025-05-22,5588.9,5588.9,5588.9,5588.9,6270.0,0.0,0.0,0.0,0.0,0.0,0.0,0.04705559700718279,SEPLAT
2025-05-23,5588.9,5588.9,5588.9,5588.9,8080.0,0.0,0.0,0.0,0.0,0.0,0.0,0.04705559700718279,SEPLAT
2025-05-26,5516.0,5516.0,5516.0,5516.0,5920.0,-1.3,-0.013043711642720335,-0.013129527908013068,0.000172384503087294,0.013129527908013068,0.09321040154188596,0.06302950281708065,SEPLAT
2025-05-27,5516.0,5516.0,5516.0,5516.0,4070.0000000000005,0.0,0.0,0.0,0.0,0.0,0.09321040154188596,0.06302950281708065,SEPLAT
2025-05-28,5516.0,5516.0,5516.0,5516.0,15600.0,0.0,0.0,0.0,0.0,0.0,0.09321040154188596,0.06302950281708065,SEPLAT
2025-05-29,4964.4,5516.0,4964.4,4964.4,112250.0,-10.0,-0.10000000000000009,-0.1053605156578264,0.011100838259683084,0.1053605156578264,0.7302810518623488,0.36473842222840275,SEPLAT
2025-05-30,4964.4,4964.4,4964.4,4964.4,130000.0,0.0,0.0,0.0,0.0,0.0,0.7302810518623488,0.36473842222840275,SEPLAT
2025-06-02,4964.4,4964.4,4964.4,4964.4,15410.0,0.0,0.0,0.0,0.0,0.0,0.7479854599442608,0.36473842222840275,SEPLAT
2025-06-03,4964.4,4964.4,4964.4,4964.4,87360.0,0.0,0.0,0.0,0.0,0.0,0.7479854599442608,0.3652798840693224,SEPLAT
2025-06-04,4964.4,4964.4,4964.4,4964.4,41960.0,0.0,0.0,0.0,0.0,0.0,0.7479854599442608,0.3652798840693224,SEPLAT
2025-06-05,4964.4,4964.4,4964.4,4964.4,48380.0,0.0,0.0,0.0,0.0,0.0,0.0,0.3652798840693224,SEPLAT
2025-06-06,4964.4,4964.4,4964.4,4964.4,,0.0,0.0,0.0,0.0,0.0,0.0,0.3652798840693224,SEPLAT
2025-06-10,4964.4,4964.4,4964.4,4964.4,49880.0,0.0,0.0,0.0,0.0,0.0,0.0,0.3652798840693224,SEPLAT
2025-06-11,4964.4,4964.4,4964.4,4964.4,337380.0,0.0,0.0,0.0,0.0,0.0,0.0,0.36553887967816234,SEPLAT
2025-06-13,4964.4,4964.4,4964.4,4964.4,43220.0,0.0,0.0,0.0,0.0,0.0,0.0,0.36553887967816234,SEPLAT
2025-06-16,4964.4,4964.4,4964.4,4964.4,185290.0,0.0,0.0,0.0,0.0,0.0,0.0,0.36553887967816234,SEPLAT
2025-06-17,4964.4,4964.4,4964.4,4964.4,16870.0,0.0,0.0,0.0,0.0,0.0,0.0,0.36553887967816234,SEPLAT
2025-06-18,5450.0,4964.4,5450.0,5450.0,372810.0,9.78,0.09781645314640253,0.09332316440192376,0.00870921301398849,0.09332316440192376,0.6625287434557235,0.5013967168849942,SEPLAT
2025-06-19,5450.0,5450.0,5450.0,5450.0,24630.0,0.0,0.0,0.0,0.0,0.0,0.6625287434557235,0.5013967168849942,SEPLAT
2025-06-20,5450.0,5450.0,5450.0,5450.0,53080.0,0.0,0.0,0.0,0.0,0.0,0.6625287434557235,0.5013967168849942,SEPLAT
2025-06-23,5450.0,5450.0,5450.0,5450.0,33480.0,0.0,0.0,0.0,0.0,0.0,0.6625287434557235,0.5013967168849942,SEPLAT
2025-06-24,5450.0,5450.0,5450.0,5450.0,227340.0,0.0,0.0,0.0,0.0,0.0,0.6625287434557235,0.5013967168849942,SEPLAT
2025-06-25,5450.0,5450.0,5450.0,5450.0,44670.0,0.0,0.0,0.0,0.0,0.0,0.0,0.5013967168849942,SEPLAT
2025-06-26,5450.0,5450.0,5450.0,5450.0,61530.0,0.0,0.0,0.0,0.0,0.0,0.0,0.49951947645022515,SEPLAT
2025-06-27,5450.0,5450.0,5450.0,5450.0,81760.0,0.0,0.0,0.0,0.0,0.0,0.0,0.49951947645022515,SEPLAT
2025-06-30,5450.0,5450.0,5450.0,5450.0,19530.0,0.0,0.0,0.0,0.0,0.0,0.0,0.49951947645022515,SEPLAT
2025-07-01,5450.0,5450.0,5450.0,5450.0,114860.0,0.0,0.0,0.0,0.0,0.0,0.0,0.3232809245344703,SEPLAT
2025-07-02,5450.0,5450.0,5450.0,5450.0,10540.0,0.0,0.0,0.0,0.0,0.0,0.0,0.3232809245344703,SEPLAT
2025-07-03,5450.0,5450.0,5450.0,5450.0,2610000.0,0.0,0.0,0.0,0.0,0.0,0.0,0.3232809245344703,SEPLAT
2025-07-04,5450.0,5450.0,5450.0,5450.0,1440.0,0.0,0.0,0.0,0.0,0.0,0.0,0.3232809245344703,SEPLAT
2025-07-07,5450.0,5450.0,5450.0,5450.0,3510.0,0.0,0.0,0.0,0.0,0.0,0.0,0.3232809245344703,SEPLAT
2025-07-08,5450.0,5450.0,5450.0,5450.0,4010.0,0.0,0.0,0.0,0.0,0.0,0.0,0.3232809245344703,SEPLAT
2025-07-09,5450.0,5450.0,5450.0,5450.0,14790.0,0.0,0.0,0.0,0.0,0.0,0.0,0.3232809245344703,SEPLAT
2025-07-10,5450.0,5450.0,5450.0,5450.0,17300.0,0.0,0.0,0.0,0.0,0.0,0.0,0.3232809245344703,SEPLAT
2025-07-11,5450.0,5450.0,5450.0,5450.0,21870.0,0.0,0.0,0.0,0.0,0.0,0.0,0.3232809245344703,SEPLAT
2025-07-14,5450.0,5450.0,5450.0,5450.0,1090000.0,0.0,0.0,0.0,0.0,0.0,0.0,0.3232809245344703,SEPLAT
2025-07-16,5450.0,5450.0,5450.0,5450.0,30310.0,0.0,0.0,0.0,0.0,0.0,0.0,0.3232809245344703,SEPLAT
2025-07-17,5450.0,5450.0,5450.0,5450.0,8660.0,0.0,0.0,0.0,0.0,0.0,0.0,0.3232809245344703,SEPLAT
2025-07-18,5450.0,5450.0,5450.0,5450.0,7240.0,0.0,0.0,0.0,0.0,0.0,0.0,0.0,SEPLAT
2025-07-21,5450.0,5450.0,5450.0,5450.0,30630.0,0.0,0.0,0.0,0.0,0.0,0.0,0.0,SEPLAT
2025-07-22,5450.0,5450.0,5450.0,5450.0,76530.0,0.0,0.0,0.0,0.0,0.0,0.0,0.0,SEPLAT
2025-07-23,5450.0,5450.0,5450.0,5450.0,10070.0,0.0,0.0,0.0,0.0,0.0,0.0,0.0,SEPLAT
2025-07-24,5450.0,5450.0,5450.0,5450.0,93090.0,0.0,0.0,0.0,0.0,0.0,0.0,0.0,SEPLAT
2025-07-25,5450.0,5450.0,5450.0,5450.0,337850.0,0.0,0.0,0.0,0.0,0.0,0.0,0.0,SEPLAT
2025-07-28,5450.0,5450.0,5450.0,5450.0,33060.0,0.0,0.0,0.0,0.0,0.0,0.0,0.0,SEPLAT
2025-07-29,5450.0,5450.0,5450.0,5450.0,79310.0,0.0,0.0,0.0,0.0,0.0,0.0,0.0,SEPLAT
2025-07-30,5450.0,5450.0,5450.0,5450.0,185370.0,0.0,0.0,0.0,0.0,0.0,0.0,0.0,SEPLAT
2025-07-31,5450.0,5450.0,5450.0,5450.0,80240.0,0.0,0.0,0.0,0.0,0.0,0.0,0.0,SEPLAT
2025-08-01,5450.0,5450.0,5450.0,5450.0,35510.0,0.0,0.0,0.0,0.0,0.0,0.0,0.0,SEPLAT
2025-08-04,5450.0,5450.0,5450.0,5450.0,61670.0,0.0,0.0,0.0,0.0,0.0,0.0,0.0,SEPLAT
2025-08-05,5450.0,5450.0,5450.0,5450.0,10940.0,0.0,0.0,0.0,0.0,0.0,0.0,0.0,SEPLAT
2025-08-06,5450.0,5450.0,5450.0,5450.0,42080.0,0.0,0.0,0.0,0.0,0.0,0.0,0.0,SEPLAT
2025-08-07,5450.0,5450.0,5450.0,5450.0,8039.999999999999,0.0,0.0,0.0,0.0,0.0,0.0,0.0,SEPLAT
2025-08-08,5450.0,5450.0,5450.0,5450.0,257890.0,0.0,0.0,0.0,0.0,0.0,0.0,0.0,SEPLAT
2025-08-11,5450.0,5450.0,5450.0,5450.0,17690.0,0.0,0.0,0.0,0.0,0.0,0.0,0.0,SEPLAT
2025-08-12,5450.0,5450.0,5450.0,5450.0,14640.0,0.0,0.0,0.0,0.0,0.0,0.0,0.0,SEPLAT
2025-08-13,5450.0,5450.0,5450.0,5450.0,147520.0,0.0,0.0,0.0,0.0,0.0,0.0,0.0,SEPLAT
2025-08-14,5379.3,5379.3,5379.3,5379.3,98370.0,-1.3,-0.012972477064220111,-0.013057354490861806,0.00017049450630002899,0.013057354490861806,0.09269802110898302,0.045232002781220595,SEPLAT
2025-08-15,5379.3,5379.3,5379.3,5379.3,76530.0,0.0,0.0,0.0,0.0,0.0,0.09269802110898302,0.045232002781220595,SEPLAT
2025-08-18,5379.3,5379.3,5379.3,5379.3,7070.0,0.0,0.0,0.0,0.0,0.0,0.09269802110898302,0.045232002781220595,SEPLAT
2025-08-19,5379.3,5379.3,5379.3,5379.3,96590.0,0.0,0.0,0.0,0.0,0.0,0.09269802110898302,0.045232002781220595,SEPLAT
2025-08-20,5379.3,5379.3,5379.3,5379.3,18630.0,0.0,0.0,0.0,0.0,0.0,0.09269802110898302,0.045232002781220595,SEPLAT
2025-08-21,5379.3,5379.3,5379.3,5379.3,40220.0,0.0,0.0,0.0,0.0,0.0,0.0,0.045232002781220595,SEPLAT
2025-08-22,5379.3,5379.3,5379.3,5379.3,25880.0,0.0,0.0,0.0,0.0,0.0,0.0,0.045232002781220595,SEPLAT
2025-08-25,5379.3,5379.3,5379.3,5379.3,4630.0,0.0,0.0,0.0,0.0,0.0,0.0,0.045232002781220595,SEPLAT
2025-08-26,5379.3,5379.3,5379.3,5379.3,12780.0,0.0,0.0,0.0,0.0,0.0,0.0,0.045232002781220595,SEPLAT
2025-08-27,5379.3,5379.3,5379.3,5379.3,489840.0,0.0,0.0,0.0,0.0,0.0,0.0,0.045232002781220595,SEPLAT
2025-08-28,5379.3,5379.3,5379.3,5379.3,51020.0,0.0,0.0,0.0,0.0,0.0,0.0,0.045232002781220595,SEPLAT
2025-08-29,5379.3,5379.3,5379.3,5379.3,29890.0,0.0,0.0,0.0,0.0,0.0,0.0,0.045232002781220595,SEPLAT
2025-09-01,5379.3,5379.3,5379.3,5379.3,147460.0,0.0,0.0,0.0,0.0,0.0,0.0,0.045232002781220595,SEPLAT
2025-09-02,5379.3,5379.3,5379.3,5379.3,26760.0,0.0,0.0,0.0,0.0,0.0,0.0,0.045232002781220595,SEPLAT
2025-09-03,5379.3,5379.3,5379.3,5379.3,20370.0,0.0,0.0,0.0,0.0,0.0,0.0,0.045232002781220595,SEPLAT
2025-09-04,5379.3,5379.3,5379.3,5379.3,19760.0,0.0,0.0,0.0,0.0,0.0,0.0,0.045232002781220595,SEPLAT
2025-09-08,5379.3,5379.3,5379.3,5379.3,6640.0,0.0,0.0,0.0,0.0,0.0,0.0,0.045232002781220595,SEPLAT
2025-09-09,5379.3,5379.3,5379.3,5379.3,88270.0,0.0,0.0,0.0,0.0,0.0,0.0,0.045232002781220595,SEPLAT
2025-09-10,5379.3,5379.3,5379.3,5379.3,22590.0,0.0,0.0,0.0,0.0,0.0,0.0,0.045232002781220595,SEPLAT
2025-09-11,5379.3,5379.3,5379.3,5379.3,3260.0,0.0,0.0,0.0,0.0,0.0,0.0,0.045232002781220595,SEPLAT
2025-09-12,5379.3,5379.3,5379.3,5379.3,6340.0,0.0,0.0,0.0,0.0,0.0,0.0,0.045232002781220595,SEPLAT
2025-09-15,5379.3,5379.3,5379.3,5379.3,35980.0,0.0,0.0,0.0,0.0,0.0,0.0,0.0,SEPLAT
2025-09-16,5379.3,5379.3,5379.3,5379.3,39980.0,0.0,0.0,0.0,0.0,0.0,0.0,0.0,SEPLAT
2025-09-17,5379.3,5379.3,5379.3,5379.3,3450.0,0.0,0.0,0.0,0.0,0.0,0.0,0.0,SEPLAT
2025-09-18,5379.3,5379.3,5379.3,5379.3,32920.0,0.0,0.0,0.0,0.0,0.0,0.0,0.0,SEPLAT
2025-09-19,5379.3,5379.3,5379.3,5379.3,152310.0,0.0,0.0,0.0,0.0,0.0,0.0,0.0,SEPLAT
2025-09-22,5379.3,5379.3,5379.3,5379.3,12140.0,0.0,0.0,0.0,0.0,0.0,0.0,0.0,SEPLAT
2025-09-23,5379.3,5379.3,5379.3,5379.3,21100.0,0.0,0.0,0.0,0.0,0.0,0.0,0.0,SEPLAT
2025-09-24,5379.3,5379.3,5379.3,5379.3,11630.0,0.0,0.0,0.0,0.0,0.0,0.0,0.0,SEPLAT
2025-09-25,5379.3,5379.3,5379.3,5379.3,3790.0,0.0,0.0,0.0,0.0,0.0,0.0,0.0,SEPLAT
2025-09-26,5379.3,5379.3,5379.3,5379.3,2650.0,0.0,0.0,0.0,0.0,0.0,0.0,0.0,SEPLAT
2025-09-29,5379.3,5379.3,5379.3,5379.3,17070.0,0.0,0.0,0.0,0.0,0.0,0.0,0.0,SEPLAT
2025-09-30,5379.3,5379.3,5379.3,5379.3,34750.0,0.0,0.0,0.0,0.0,0.0,0.0,0.0,SEPLAT
2025-10-02,5379.3,5379.3,5379.3,5379.3,7730.0,0.0,0.0,0.0,0.0,0.0,0.0,0.0,SEPLAT
2025-10-03,5379.3,5379.3,5379.3,5379.3,11530.0,0.0,0.0,0.0,0.0,0.0,0.0,0.0,SEPLAT
2025-10-06,5917.2,5379.3,5917.2,5917.2,278030.0,10.0,0.09999442306619821,0.09530510985165286,0.00908306396383562,0.09530510985165286,0.6765991603433419,0.3301465849679919,SEPLAT
2025-10-07,5917.2,5917.2,5917.2,5917.2,14250.0,0.0,0.0,0.0,0.0,0.0,0.6765991603433419,0.3301465849679919,SEPLAT
2025-10-08,5917.2,5917.2,5917.2,5917.2,22140.0,0.0,0.0,0.0,0.0,0.0,0.6765991603433419,0.3301465849679919,SEPLAT
2025-10-09,5917.2,5917.2,5917.2,5917.2,7020.0,0.0,0.0,0.0,0.0,0.0,0.6765991603433419,0.3301465849679919,SEPLAT
2025-10-10,5917.2,5917.2,5917.2,5917.2,214910.0,0.0,0.0,0.0,0.0,0.0,0.6765991603433419,0.3301465849679919,SEPLAT
2025-10-13,5917.2,5917.2,5917.2,5917.2,27980.0,0.0,0.0,0.0,0.0,0.0,0.0,0.3301465849679919,SEPLAT
2025-10-14,5917.2,5917.2,5917.2,5917.2,61350.0,0.0,0.0,0.0,0.0,0.0,0.0,0.3301465849679919,SEPLAT
2025-10-15,5917.2,5917.2,5917.2,5917.2,3260.0,0.0,0.0,0.0,0.0,0.0,0.0,0.3301465849679919,SEPLAT
2025-10-16,5917.2,5917.2,5917.2,5917.2,41540.0,0.0,0.0,0.0,0.0,0.0,0.0,0.3301465849679919,SEPLAT
2025-10-17,5917.2,5917.2,5917.2,5917.2,32270.000000000004,0.0,0.0,0.0,0.0,0.0,0.0,0.3301465849679919,SEPLAT
2025-10-20,5917.2,5917.2,5917.2,5917.2,108750.0,0.0,0.0,0.0,0.0,0.0,0.0,0.3301465849679919,SEPLAT
2025-10-21,5917.2,5917.2,5917.2,5917.2,154450.0,0.0,0.0,0.0,0.0,0.0,0.0,0.3301465849679919,SEPLAT
2025-10-22,5917.2,5917.2,5917.2,5917.2,160320.0,0.0,0.0,0.0,0.0,0.0,0.0,0.3301465849679919,SEPLAT
2025-10-23,5917.2,5917.2,5917.2,5917.2,399060.0,0.0,0.0,0.0,0.0,0.0,0.0,0.3301465849679919,SEPLAT
2025-10-24,5917.2,5917.2,5917.2,5917.2,39710.0,0.0,0.0,0.0,0.0,0.0,0.0,0.3301465849679919,SEPLAT
2025-10-27,5917.2,5917.2,5917.2,5917.2,252810.0,0.0,0.0,0.0,0.0,0.0,0.0,0.3301465849679919,SEPLAT
2025-10-28,5917.2,5917.2,5917.2,5917.2,166800.0,0.0,0.0,0.0,0.0,0.0,0.0,0.3301465849679919,SEPLAT
2025-10-29,5917.2,5917.2,5917.2,5917.2,5130.0,0.0,0.0,0.0,0.0,0.0,0.0,0.3301465849679919,SEPLAT
2025-10-30,5917.2,5917.2,5917.2,5917.2,112700.0,0.0,0.0,0.0,0.0,0.0,0.0,0.3301465849679919,SEPLAT
2025-10-31,5917.2,5917.2,5917.2,5917.2,25170.0,0.0,0.0,0.0,0.0,0.0,0.0,0.3301465849679919,SEPLAT
2025-11-03,5917.2,5917.2,5917.2,5917.2,61090.0,0.0,0.0,0.0,0.0,0.0,0.0,0.3301465849679919,SEPLAT
2025-11-04,5917.2,5917.2,5917.2,5917.2,87310.0,0.0,0.0,0.0,0.0,0.0,0.0,0.0,SEPLAT
2025-11-05,5917.2,5917.2,5917.2,5917.2,29320.0,0.0,0.0,0.0,0.0,0.0,0.0,0.0,SEPLAT
2025-11-06,5917.2,5917.2,5917.2,5917.2,46850.0,0.0,0.0,0.0,0.0,0.0,0.0,0.0,SEPLAT
2025-11-07,5877.17,5877.17,5877.17,5877.17,131000.0,-0.68,-0.006765023997836739,-0.00678801050083434,4.6077086559437264e-05,0.00678801050083434,0.04819009402974473,0.02351435813951228,SEPLAT
2025-11-10,5877.17,5877.17,5877.17,5877.17,5970.0,0.0,0.0,0.0,0.0,0.0,0.04819009402974473,0.02351435813951228,SEPLAT
2025-11-11,5877.17,5877.17,5877.17,5877.17,7680.0,0.0,0.0,0.0,0.0,0.0,0.04819009402974473,0.02351435813951228,SEPLAT
2025-11-12,5917.2,5917.2,5917.2,5917.2,58920.0,0.68,0.0068111012613212285,0.006788010500834296,4.607708655943667e-05,0.006788010500834296,0.07619522889583741,0.03407554227444975,SEPLAT
2025-11-13,5877.17,5877.17,5877.17,5877.17,93070.0,-0.68,-0.006765023997836739,-0.00678801050083434,4.6077086559437264e-05,0.00678801050083434,0.09015541064786232,0.04140129973818526,SEPLAT
2025-11-14,5809.0,5809.0,5809.0,5809.0,18340.0,-1.16,-0.011599119984618489,-0.01166691452471386,0.00013611689452697922,0.01166691452471386,0.11254334449734821,0.057030134037783,SEPLAT
2025-11-17,5809.0,5809.0,5809.0,5809.0,103810.0,0.0,0.0,0.0,0.0,0.0,0.11254334449734821,0.057030134037783,SEPLAT
2025-11-18,5809.0,5809.0,5809.0,5809.0,105600.0,0.0,0.0,0.0,0.0,0.0,0.11254334449734821,0.057030134037783,SEPLAT
2025-11-19,5809.0,5809.0,5809.0,5809.0,7990.0,0.0,0.0,0.0,0.0,0.0,0.08477534524519385,0.057030134037783,SEPLAT
2025-11-20,5809.0,5809.0,5809.0,5809.0,14850.0,0.0,0.0,0.0,0.0,0.0,0.08282687658097311,0.057030134037783,SEPLAT
2025-11-21,5809.0,5809.0,5809.0,5809.0,7300.0,0.0,0.0,0.0,0.0,0.0,0.0,0.057030134037783,SEPLAT
2025-11-24,5809.0,5809.0,5809.0,5809.0,4830.0,0.0,0.0,0.0,0.0,0.0,0.0,0.057030134037783,SEPLAT
2025-11-25,5809.0,5809.0,5809.0,5809.0,4740.0,0.0,0.0,0.0,0.0,0.0,0.0,0.057030134037783,SEPLAT
2025-11-26,5809.0,5809.0,5809.0,5809.0,168520.0,0.0,0.0,0.0,0.0,0.0,0.0,0.057030134037783,SEPLAT
2025-11-27,5809.0,5809.0,5809.0,5809.0,108720.0,0.0,0.0,0.0,0.0,0.0,0.0,0.057030134037783,SEPLAT
2025-11-28,5809.0,5809.0,5809.0,5809.0,67920.0,0.0,0.0,0.0,0.0,0.0,0.0,0.057030134037783,SEPLAT
2025-12-01,5809.0,5809.0,5809.0,5809.0,87620.0,0.0,0.0,0.0,0.0,0.0,0.0,0.057030134037783,SEPLAT
2025-12-02,5809.0,5809.0,5809.0,5809.0,4980.0,0.0,0.0,0.0,0.0,0.0,0.0,0.057030134037783,SEPLAT
2025-12-03,5809.0,5809.0,5809.0,5809.0,181330.0,0.0,0.0,0.0,0.0,0.0,0.0,0.057030134037783,SEPLAT
2025-12-04,5809.0,5809.0,5809.0,5809.0,45240.0,0.0,0.0,0.0,0.0,0.0,0.0,0.057030134037783,SEPLAT
2025-12-05,5809.0,5809.0,5809.0,5809.0,63460.0,0.0,0.0,0.0,0.0,0.0,0.0,0.057030134037783,SEPLAT
2025-12-08,5809.0,5809.0,5809.0,5809.0,14780.0,0.0,0.0,0.0,0.0,0.0,0.0,0.05286345917192293,SEPLAT
2025-12-09,5809.0,5809.0,5809.0,5809.0,6940.0,0.0,0.0,0.0,0.0,0.0,0.0,0.05286345917192293,SEPLAT
2025-12-10,5809.0,5809.0,5809.0,5809.0,12680.0,0.0,0.0,0.0,0.0,0.0,0.0,0.05286345917192293,SEPLAT
2025-12-11,5809.0,5809.0,5809.0,5809.0,19190.0,0.0,0.0,0.0,0.0,0.0,0.0,0.04573066375059174,SEPLAT
2025-12-12,5809.0,5809.0,5809.0,5809.0,47300.0,0.0,0.0,0.0,0.0,0.0,0.0,0.04041537744873542,SEPLAT
2025-12-15,5809.0,5809.0,5809.0,5809.0,5970.0,0.0,0.0,0.0,0.0,0.0,0.0,0.0,SEPLAT
2025-12-16,5809.0,5809.0,5809.0,5809.0,19660.0,0.0,0.0,0.0,0.0,0.0,0.0,0.0,SEPLAT
2025-12-17,5809.0,5809.0,5809.0,5809.0,10260.0,0.0,0.0,0.0,0.0,0.0,0.0,0.0,SEPLAT
2025-12-18,5809.0,5809.0,5809.0,5809.0,9450.0,0.0,0.0,0.0,0.0,0.0,0.0,0.0,SEPLAT
2025-12-19,5809.0,5809.0,5809.0,5809.0,18030.0,0.0,0.0,0.0,0.0,0.0,0.0,0.0,SEPLAT
2025-12-22,5809.0,5809.0,5809.0,5809.0,83510.0,0.0,0.0,0.0,0.0,0.0,0.0,0.0,SEPLAT
2025-12-23,5809.0,5809.0,5809.0,5809.0,11460.0,0.0,0.0,0.0,0.0,0.0,0.0,0.0,SEPLAT
2025-12-24,5809.0,5809.0,5809.0,5809.0,125510.0,0.0,0.0,0.0,0.0,0.0,0.0,0.0,SEPLAT
2025-12-29,5809.0,5809.0,5809.0,5809.0,22520.0,0.0,0.0,0.0,0.0,0.0,0.0,0.0,SEPLAT
2025-12-30,5809.0,5809.0,5809.0,5809.0,35600.0,0.0,0.0,0.0,0.0,0.0,0.0,0.0,SEPLAT
2025-12-31,5809.0,5809.0,5809.0,5809.0,1230000.0,0.0,0.0,0.0,0.0,0.0,0.0,0.0,SEPLAT
2026-01-02,5610.0,5809.0,5610.0,5610.0,1130000.0,-3.43,-0.03425718712342918,-0.03485771947579052,0.0012150606070529058,0.03485771947579052,0.24746525937081845,0.12075068233610471,SEPLAT
2026-01-05,5610.0,5610.0,5610.0,5610.0,16560.0,0.0,0.0,0.0,0.0,0.0,0.24746525937081845,0.12075068233610471,SEPLAT
2026-01-06,5610.0,5610.0,5610.0,5610.0,140600.0,0.0,0.0,0.0,0.0,0.0,0.24746525937081845,0.12075068233610471,SEPLAT
2026-01-07,6171.0,5610.0,6171.0,6171.0,566830.0,10.0,0.10000000000000009,0.09531017980432493,0.009084030374332749,0.09531017980432493,0.7763994025848784,0.35717761182581903,SEPLAT
2026-01-08,6171.0,6171.0,6171.0,6171.0,180420.0,0.0,0.0,0.0,0.0,0.0,0.7763994025848784,0.35717761182581903,SEPLAT
2026-01-09,6171.0,6171.0,6171.0,6171.0,15450.0,0.0,0.0,0.0,0.0,0.0,0.6766351534367473,0.35717761182581903,SEPLAT
2026-01-12,6171.0,6171.0,6171.0,6171.0,56500.0,0.0,0.0,0.0,0.0,0.0,0.6766351534367473,0.35717761182581903,SEPLAT
2026-01-13,6171.0,6171.0,6171.0,6171.0,328210.0,0.0,0.0,0.0,0.0,0.0,0.6766351534367473,0.35717761182581903,SEPLAT
2026-01-14,6700.0,6171.0,6700.0,6700.0,610770.0,8.57,0.08572354561659368,0.0822466270579905,0.006764507662416176,0.0822466270579905,0.5838931290790937,0.45031491779346466,SEPLAT
2026-01-15,6700.0,6700.0,6700.0,6700.0,45000.0,0.0,0.0,0.0,0.0,0.0,0.5838931290790937,0.45031491779346466,SEPLAT
2026-01-16,6700.0,6700.0,6700.0,6700.0,17060.0,0.0,0.0,0.0,0.0,0.0,0.5838931290790937,0.45031491779346466,SEPLAT
2026-01-19,6700.0,6700.0,6700.0,6700.0,59110.0,0.0,0.0,0.0,0.0,0.0,0.5838931290790937,0.45031491779346466,SEPLAT
2026-01-20,6700.0,6700.0,6700.0,6700.0,26840.0,0.0,0.0,0.0,0.0,0.0,0.5838931290790937,0.45031491779346466,SEPLAT
2026-01-21,6700.0,6700.0,6700.0,6700.0,138640.0,0.0,0.0,0.0,0.0,0.0,0.0,0.45031491779346466,SEPLAT
2026-01-22,6700.0,6700.0,6700.0,6700.0,70640.0,0.0,0.0,0.0,0.0,0.0,0.0,0.45031491779346466,SEPLAT
2026-01-23,6700.0,6700.0,6700.0,6700.0,262089.99999999997,0.0,0.0,0.0,0.0,0.0,0.0,0.45031491779346466,SEPLAT
2026-01-26,6700.0,6700.0,6700.0,6700.0,16650.0,0.0,0.0,0.0,0.0,0.0,0.0,0.45031491779346466,SEPLAT
2026-01-27,6700.0,6700.0,6700.0,6700.0,215930.0,0.0,0.0,0.0,0.0,0.0,0.0,0.45031491779346466,SEPLAT
2026-01-28,6700.0,6700.0,6700.0,6700.0,6840.0,0.0,0.0,0.0,0.0,0.0,0.0,0.45031491779346466,SEPLAT
2026-01-29,6700.0,6700.0,6700.0,6700.0,39700.0,0.0,0.0,0.0,0.0,0.0,0.0,0.45031491779346466,SEPLAT
2026-01-30,6700.0,6700.0,6700.0,6700.0,13420.0,0.0,0.0,0.0,0.0,0.0,0.0,0.45031491779346466,SEPLAT
2026-02-02,6700.0,6700.0,6700.0,6700.0,64260.00000000001,0.0,0.0,0.0,0.0,0.0,0.0,0.42517728945129646,SEPLAT
2026-02-03,6700.0,6700.0,6700.0,6700.0,108130.0,0.0,0.0,0.0,0.0,0.0,0.0,0.42517728945129646,SEPLAT
2026-02-04,6700.0,6700.0,6700.0,6700.0,355720.0,0.0,0.0,0.0,0.0,0.0,0.0,0.42517728945129646,SEPLAT
2026-02-05,7370.0,6700.0,7370.0,7370.0,246640.0,10.0,0.10000000000000009,0.09531017980432493,0.009084030374332749,0.09531017980432493,0.6766351534367473,0.42517728945129646,SEPLAT
2026-02-06,7370.0,7370.0,7370.0,7370.0,261329.99999999997,0.0,0.0,0.0,0.0,0.0,0.6766351534367473,0.42517728945129646,SEPLAT
2026-02-09,7370.0,7370.0,7370.0,7370.0,196470.0,0.0,0.0,0.0,0.0,0.0,0.6766351534367473,0.42517728945129646,SEPLAT
2026-02-10,7370.0,7370.0,7370.0,7370.0,196480.0,0.0,0.0,0.0,0.0,0.0,0.6766351534367473,0.42517728945129646,SEPLAT
2026-02-11,7370.0,7370.0,7370.0,7370.0,126310.0,0.0,0.0,0.0,0.0,0.0,0.6766351534367473,0.42517728945129646,SEPLAT
2026-02-12,8107.0,7370.0,8107.0,8107.0,230110.0,10.0,0.10000000000000009,0.09531017980432493,0.009084030374332749,0.09531017980432493,0.6766351534367473,0.45509987094569326,SEPLAT
2026-02-13,8400.0,8107.0,8400.0,8400.0,473810.0,3.61,0.036141606019489236,0.03550381984369774,0.0012605212234937456,0.03550381984369774,0.6603724245558462,0.4627319376587356,SEPLAT
2026-02-16,8400.0,8400.0,8400.0,8400.0,132810.0,0.0,0.0,0.0,0.0,0.0,0.6603724245558462,0.4627319376587356,SEPLAT
2026-02-17,8400.0,8400.0,8400.0,8400.0,178740.0,0.0,0.0,0.0,0.0,0.0,0.6603724245558462,0.4627319376587356,SEPLAT
2026-02-18,9099.9,8400.0,9099.9,9099.9,174600.0,8.33,0.08332142857142855,0.08003171860216776,0.006405075982416565,0.08003171860216776,0.7036206254505231,0.5189077277122737,SEPLAT
2026-02-19,9099.9,9099.9,9099.9,9099.9,97410.0,0.0,0.0,0.0,0.0,0.0,0.5610187339637164,0.5189077277122737,SEPLAT
2026-02-20,9099.9,9099.9,9099.9,9099.9,192240.0,0.0,0.0,0.0,0.0,0.0,0.5681688389148026,0.5189077277122737,SEPLAT
2026-02-23,9099.9,9099.9,9099.9,9099.9,30080.0,0.0,0.0,0.0,0.0,0.0,0.5681688389148026,0.5189077277122737,SEPLAT
2026-02-24,9099.9,9099.9,9099.9,9099.9,78400.0,0.0,0.0,0.0,0.0,0.0,0.5681688389148026,0.5189077277122737,SEPLAT
2026-02-25,9099.9,9099.9,9099.9,9099.9,70610.0,0.0,0.0,0.0,0.0,0.0,0.0,0.5189077277122737,SEPLAT
2026-02-26,9099.9,9099.9,9099.9,9099.9,59650.0,0.0,0.0,0.0,0.0,0.0,0.0,0.5189077277122737,SEPLAT
2026-02-27,9099.9,9099.9,9099.9,9099.9,117750.0,0.0,0.0,0.0,0.0,0.0,0.0,0.5189077277122737,SEPLAT
2026-03-02,9099.9,9099.9,9099.9,9099.9,124590.0,0.0,0.0,0.0,0.0,0.0,0.0,0.5189077277122737,SEPLAT
2026-03-03,9099.9,9099.9,9099.9,9099.9,165500.0,0.0,0.0,0.0,0.0,0.0,0.0,0.5189077277122737,SEPLAT
2026-03-04,9099.9,9099.9,9099.9,9099.9,38190.0,0.0,0.0,0.0,0.0,0.0,0.0,0.5189077277122737,SEPLAT
2026-03-05,9099.9,9099.9,9099.9,9099.9,82870.0,0.0,0.0,0.0,0.0,0.0,0.0,0.5189077277122737,SEPLAT
2026-03-06,9099.9,9099.9,9099.9,9099.9,24730.0,0.0,0.0,0.0,0.0,0.0,0.0,0.42938532505012245,SEPLAT
2026-03-09,9099.9,9099.9,9099.9,9099.9,166380.0,0.0,0.0,0.0,0.0,0.0,0.0,0.42938532505012245,SEPLAT
2026-03-10,9099.9,9099.9,9099.9,9099.9,105980.0,0.0,0.0,0.0,0.0,0.0,0.0,0.42938532505012245,SEPLAT
2026-03-11,9099.9,9099.9,9099.9,9099.9,81680.0,0.0,0.0,0.0,0.0,0.0,0.0,0.42938532505012245,SEPLAT
2026-03-12,9099.9,9099.9,9099.9,9099.9,56990.0,0.0,0.0,0.0,0.0,0.0,0.0,0.42938532505012245,SEPLAT
2026-03-13,9099.9,9099.9,9099.9,9099.9,13890.0,0.0,0.0,0.0,0.0,0.0,0.0,0.2976196371345215,SEPLAT
2026-03-16,9099.9,9099.9,9099.9,9099.9,393250.0,0.0,0.0,0.0,0.0,0.0,0.0,0.27723800567201956,SEPLAT
2026-03-17,9099.9,9099.9,9099.9,9099.9,222820.0,0.0,0.0,0.0,0.0,0.0,0.0,0.27723800567201956,SEPLAT
2026-03-18,9099.9,9099.9,9099.9,9099.9,190800.0,0.0,0.0,0.0,0.0,0.0,0.0,0.27723800567201956,SEPLAT
2026-03-23,9099.9,9099.9,9099.9,9099.9,47730.0,0.0,0.0,0.0,0.0,0.0,0.0,0.0,SEPLAT
2026-03-24,9099.9,9099.9,9099.9,9099.9,116210.0,0.0,0.0,0.0,0.0,0.0,0.0,0.0,SEPLAT
2026-03-25,9099.9,9099.9,9099.9,9099.9,62540.0,0.0,0.0,0.0,0.0,0.0,0.0,0.0,SEPLAT
2026-03-26,9099.9,9099.9,9099.9,9099.9,137410.0,0.0,0.0,0.0,0.0,0.0,0.0,0.0,SEPLAT
2026-03-27,9099.9,9099.9,9450.0,9000.1,30880.0,0.0,0.0,0.0,0.0,0.0,0.0,0.0,SEPLAT
