Date,Price,Open,High,Low,Vol,Change_%,simple_return,log_return,squared_return,abs_return,realized_vol_5d,realized_vol_21d,stock
2020-01-02,18.7,18.6,18.8,18.6,30910000.0,0.54,,,,,,,ZENITH
2020-01-03,19.25,18.7,19.3,18.75,63540000.0,2.94,0.02941176470588247,0.028987536873252406,0.0008402772939781678,0.028987536873252406,,,ZENITH
2020-01-06,20.0,19.25,20.0,19.25,97110000.0,3.9,0.03896103896103886,0.03822121282019767,0.0014608611094468428,0.03822121282019767,,,ZENITH
2020-01-07,21.0,20.0,21.2,19.9,73210000.0,5.0,0.050000000000000044,0.04879016416943204,0.0023804801196801303,0.04879016416943204,,,ZENITH
2020-01-08,21.8,21.0,22.2,21.05,86060000.0,3.81,0.03809523809523818,0.03738753207162041,0.001397827554406445,0.03738753207162041,,,ZENITH
2020-01-09,22.0,21.8,22.0,21.5,80780000.0,0.92,0.00917431192660545,0.009132483563272474,8.340225603344191e-05,0.009132483563272474,0.2355062084214383,,ZENITH
2020-01-10,21.85,22.0,22.1,21.8,29180000.0,-0.68,-0.006818181818181723,-0.0068415318167166,4.6806557599145546e-05,0.0068415318167166,0.3688315959141007,,ZENITH
2020-01-13,21.7,21.85,21.9,21.6,39500000.0,-0.69,-0.006864988558352492,-0.00688866099518538,4.7453650306588426e-05,0.00688866099518538,0.4066563792648595,,ZENITH
2020-01-14,21.3,21.7,21.8,21.25,69720000.0,-1.84,-0.018433179723502224,-0.018605187831034358,0.00034615301422806895,0.018605187831034358,0.34427945377551794,,ZENITH
2020-01-15,21.35,21.3,21.5,21.2,31550000.0,0.23,0.0023474178403755097,0.0023446669592540547,5.497463149817655e-06,0.0023446669592540547,0.1669277888179489,,ZENITH
2020-01-16,21.8,21.35,21.95,21.45,71830000.0,2.11,0.021077283372365363,0.020858230120409788,0.00043506576375597014,0.020858230120409788,0.2333466259954767,,ZENITH
2020-01-17,22.3,21.8,22.3,21.7,38280000.0,2.29,0.022935779816513735,0.02267670867102972,0.0005142331161507546,0.02267670867102972,0.2823350722145773,,ZENITH
2020-01-20,22.75,22.3,22.75,22.3,35000000.0,2.02,0.020179372197309364,0.019978466930886295,0.0003991391409085173,0.019978466930886295,0.28101931035030464,,ZENITH
2020-01-21,22.35,22.75,23.0,22.35,57810000.0,-1.76,-0.01758241758241752,-0.01773882433738152,0.0003146658888724789,0.01773882433738152,0.2755849497296813,,ZENITH
2020-01-22,22.0,22.35,22.2,21.5,25730000.0,-1.57,-0.015659955257270708,-0.015783867701262,0.00024913047961094175,0.015783867701262,0.3303600852015608,,ZENITH
2020-01-23,22.0,22.0,22.0,21.95,15230000.0,0.0,0.0,0.0,0.0,0.0,0.30333274630868373,,ZENITH
2020-01-24,21.95,22.0,22.0,21.9,11040000.0,-0.23,-0.002272727272727315,-0.0022753138371355394,5.1770530574604524e-06,0.0022753138371355394,0.24049499578516598,,ZENITH
2020-01-27,21.45,21.95,21.95,21.3,45450000.0,-2.28,-0.02277904328018221,-0.023042494147154355,0.0005309565365216427,0.023042494147154355,0.1602242533974923,,ZENITH
2020-01-28,21.15,21.45,21.3,21.0,34290000.0,-1.4,-0.013986013986014068,-0.014084739881739085,0.00019837989753625153,0.014084739881739085,0.15360911453383372,,ZENITH
2020-01-29,21.15,21.15,21.2,21.0,46570000.0,0.0,0.0,0.0,0.0,0.0,0.1634383182771106,,ZENITH
2020-01-30,21.15,21.15,21.35,21.1,23960000.0,0.0,0.0,0.0,0.0,0.0,0.1634383182771106,,ZENITH
2020-01-31,20.85,21.15,21.45,20.8,47420000.0,-1.42,-0.014184397163120477,-0.014285957247476428,0.0002040885744767243,0.014285957247476428,0.15968716588599574,0.33479018228656016,ZENITH
2020-02-03,19.9,20.85,20.85,19.75,47520000.0,-4.56,-0.045563549160671624,-0.04663421651436391,0.0021747501499085717,0.04663421651436391,0.30245741202767606,0.3678907057885114,ZENITH
2020-02-04,19.2,19.9,19.65,18.95,68480000.0,-3.52,-0.035175879396984855,-0.03580945269671078,0.0012823169024379667,0.03580945269671078,0.33579664157232003,0.3643566148060284,ZENITH
2020-02-05,19.2,19.2,19.9,19.0,98130000.0,0.0,0.0,0.0,0.0,0.0,0.33579664157232003,0.31455262039266263,ZENITH
2020-02-06,20.0,19.2,21.1,19.2,34290000.0,4.17,0.04166666666666674,0.0408219945202552,0.0016664352366117456,0.0408219945202552,0.5442929971106198,0.3204528888698675,ZENITH
2020-02-07,19.8,20.0,20.1,19.7,58630000.0,-1.0,-0.010000000000000009,-0.01005033585350145,0.00010100925076817673,0.01005033585350145,0.5436012039300894,0.317344223770562,ZENITH
2020-02-10,19.85,19.8,20.0,19.8,18570000.0,0.25,0.002525252525252597,0.002522069432709939,6.360834223409834e-06,0.002522069432709939,0.4386980241002483,0.31832216174224487,ZENITH
2020-02-11,20.0,19.85,20.0,19.9,30240000.0,0.76,0.007556675062972307,0.007528266420791588,5.667479530241819e-05,0.007528266420791588,0.30712076351779644,0.32090692273952776,ZENITH
2020-02-12,19.95,20.0,20.25,19.9,20710000.0,-0.25,-0.0025000000000000577,-0.0025031302181185884,6.2656608888584116e-06,0.0025031302181185884,0.31179153042914787,0.31641655050770157,ZENITH
2020-02-13,19.9,20.0,20.0,19.65,25410000.0,-0.25,-0.0025062656641604564,-0.002509411605425807,6.297146605445727e-06,0.002509411605425807,0.10396971712450911,0.31580685582069573,ZENITH
2020-02-14,19.65,19.9,19.95,19.65,21710000.0,-1.26,-0.012562814070351758,-0.012642393415176468,0.00015983011126409732,0.012642393415176468,0.11875748987371083,0.30457384416726296,ZENITH
2020-02-17,19.6,19.65,19.8,19.6,22450000.0,-0.25,-0.00254452926208637,-0.002547772078798553,6.4911425655055e-06,0.002547772078798553,0.11320832863219896,0.2878245367744597,ZENITH
2020-02-18,19.5,19.6,19.6,19.4,48990000.0,-0.51,-0.005102040816326592,-0.005115100666770489,2.6164254831195898e-05,0.005115100666770489,0.0695812637391805,0.2718077704561827,ZENITH
2020-02-19,19.5,19.5,19.6,19.45,40000000.0,0.0,0.0,0.0,0.0,0.0,0.07723268291298771,0.2701984762066148,ZENITH
2020-02-20,19.4,19.5,19.55,19.35,36720000.0,-0.51,-0.005128205128205221,-0.005141399500418764,2.6433988822906317e-05,0.005141399500418764,0.07505341528709983,0.2680958673383955,ZENITH
2020-02-21,19.85,19.4,20.2,19.4,112480000.0,2.32,0.023195876288659933,0.022930941063917108,0.0005258280580768399,0.022930941063917108,0.18856743165693046,0.2857378926042754,ZENITH
2020-02-24,19.1,20.0,20.0,19.05,56150000.0,-3.78,-0.03778337531486142,-0.03851567208061519,0.0014834569958214804,0.03851567208061519,0.3485466331198077,0.3082404416206744,ZENITH
2020-02-25,19.05,19.1,19.5,18.95,43320000.0,-0.26,-0.002617801047120505,-0.002621233479874304,6.870864956013954e-06,0.002621233479874304,0.34901993019454547,0.30259985307275533,ZENITH
2020-02-26,19.05,19.05,19.1,19.0,31010000.0,0.0,0.0,0.0,0.0,0.0,0.34901993019454547,0.30158509445844917,ZENITH
2020-02-27,19.0,19.05,19.1,19.0,45570000.0,-0.26,-0.002624671916010568,-0.0026281224062695806,6.90702738233621e-06,0.0026281224062695806,0.3492618215347379,0.301175459447178,ZENITH
2020-02-28,18.5,19.0,19.0,17.3,45560000.0,-2.63,-0.02631578947368418,-0.026668247082161294,0.0007111954024352044,0.026668247082161294,0.2768112095953029,0.30953250112646996,ZENITH
2020-03-02,18.05,18.5,18.35,17.95,44190000.0,-2.43,-0.024324324324324298,-0.02462504730538918,0.0006063929547926549,0.02462504730538918,0.20878930849784322,0.31488785916233897,ZENITH
2020-03-03,19.6,18.05,19.8,18.25,54550000.0,8.59,0.08587257617728539,0.08238388145758169,0.006787103924016872,0.08238388145758169,0.7076887356527821,0.41183636395549,ZENITH
2020-03-04,19.6,19.6,19.8,19.15,49370000.0,0.0,0.0,0.0,0.0,0.0,0.7076887356527821,0.3915805783988165,ZENITH
2020-03-05,20.0,19.6,20.1,19.7,62750000.0,2.04,0.020408163265306145,0.02020270731751947,0.0004081493829573547,0.02020270731751947,0.7093365907844592,0.3971564722691759,ZENITH
2020-03-06,18.8,20.0,20.0,18.8,85840000.0,-6.0,-0.05999999999999994,-0.06187540371808741,0.0038285655852763056,0.06187540371808741,0.8540743071500813,0.42857767983093964,ZENITH
2020-03-09,16.95,16.95,16.95,16.95,53510000.0,-9.84,-0.09840425531914898,-0.1035890360094443,0.010730688381365948,0.1035890360094443,1.1492250841627363,0.5526461777993117,ZENITH
2020-03-10,13.05,13.05,13.05,13.05,30090000.0,-23.01,-0.23008849557522115,-0.2614797000577567,0.06837163354229442,0.2614797000577567,1.7792788016009669,1.0371916675666084,ZENITH
2020-03-11,12.05,11.75,13.85,11.75,412410000.0,-7.66,-0.07662835249042144,-0.0797234738320384,0.0063558322798477115,0.0797234738320384,1.6337106947215585,1.051976474099934,ZENITH
2020-03-12,10.85,10.85,11.0,10.85,433160000.0,-9.96,-0.09958506224066399,-0.10489957995019554,0.011003921873727467,0.10489957995019554,1.2671734602700409,1.0847473405344166,ZENITH
2020-03-13,11.9,11.0,11.9,10.95,161140000.0,9.68,0.09677419354838723,0.09237332013101526,0.00853283027202703,0.09237332013101526,1.9948716242929065,1.161058596741545,ZENITH
2020-03-16,12.8,12.0,13.05,11.25,133169999.99999999,7.56,0.07563025210084029,0.07290677080808773,0.005315397229663034,0.07290677080808773,2.2977951433193664,1.2088884790890042,ZENITH
2020-03-17,13.5,12.8,13.7,13.05,173940000.0,5.47,0.0546875,0.053244514518812285,0.0028349783263440123,0.053244514518812285,1.4595290703667216,1.2344552921499483,ZENITH
2020-03-18,13.5,13.5,13.85,13.05,147010000.0,0.0,0.0,0.0,0.0,0.0,1.2576227177887815,1.2352420962631772,ZENITH
2020-03-19,12.15,13.5,13.5,12.15,118450000.0,-10.0,-0.09999999999999998,-0.10536051565782628,0.011100838259683056,0.10536051565782628,1.2605704169742442,1.2698585309206092,ZENITH
2020-03-20,11.85,12.15,12.35,11.8,95400000.0,-2.47,-0.024691358024691468,-0.025001302205417384,0.0006250651119666081,0.025001302205417384,1.1189201009370395,1.2682950278731224,ZENITH
2020-03-23,10.7,11.85,11.85,10.7,120460000.0,-9.7,-0.09704641350210974,-0.10208412611327974,0.010421168804312004,0.10208412611327974,1.0813156164678295,1.2844943045389692,ZENITH
2020-03-24,10.95,10.7,11.05,10.75,77910000.0,2.34,0.02336448598130847,0.023095714794649395,0.0005334120418757869,0.023095714794649395,0.9362925681359541,1.2966748015518217,ZENITH
2020-03-25,11.75,10.95,11.95,11.4,44700000.0,7.31,0.0730593607305936,0.07051378432765813,0.004972193780207486,0.07051378432765813,1.2244372902635252,1.337739015429697,ZENITH
2020-03-26,12.1,11.75,12.15,11.95,40600000.0,2.98,0.029787234042553123,0.02935221201252737,0.000861552350028356,0.02935221201252737,1.0472962513164978,1.3479259536180381,ZENITH
2020-03-27,12.6,12.6,12.8,12.3,42870000.0,4.13,0.04132231404958686,0.04049136135473699,0.0016395503443598885,0.04049136135473699,1.055226426749125,1.3637611390218352,ZENITH
2020-03-30,11.95,12.6,12.1,11.45,48190000.0,-5.16,-0.051587301587301626,-0.05296553557991268,0.0028053479592669963,0.05296553557991268,0.7261853143211792,1.3685226164856694,ZENITH
2020-03-31,11.7,11.95,12.1,11.65,29650000.0,-2.09,-0.02092050209205021,-0.021142436573809237,0.00044700262427754643,0.021142436573809237,0.7876640165686424,1.3684535076032767,ZENITH
2020-04-01,11.4,11.7,11.85,11.35,38670000.0,-2.56,-0.02564102564102555,-0.025975486403260563,0.0006747258938859744,0.025975486403260563,0.6272584870333461,1.3161413500100596,ZENITH
2020-04-02,11.0,11.4,11.35,10.95,100830000.0,-3.51,-0.03508771929824561,-0.03571808260207923,0.0012757814247689552,0.03571808260207923,0.5626836916213658,1.313129841533225,ZENITH
2020-04-03,11.9,11.75,11.95,11.1,27750000.0,8.18,0.08181818181818179,0.07864312731911313,0.0061847414745302386,0.07864312731911313,0.8223463375597702,1.3548263727592291,ZENITH
2020-04-06,12.05,11.9,12.15,12.0,32530000.0,1.26,0.012605042016806678,0.012526259819180256,0.00015690718505760977,0.012526259819180256,0.7414121538195416,1.3536339628634273,ZENITH
2020-04-07,12.95,12.05,13.0,12.25,28580000.0,7.47,0.07468879668049788,0.07203112820888272,0.005188483431044499,0.07203112820888272,0.8482064399802559,1.3556271740157386,ZENITH
2020-04-08,13.25,12.95,13.25,12.9,30290000.0,2.32,0.02316602316602312,0.022901764286684414,0.0005244908074428536,0.022901764286684414,0.7448901581483832,1.0130075985533114,ZENITH
2020-04-09,14.0,13.25,14.0,13.05,28280000.0,5.66,0.05660377358490565,0.05505977718302739,0.0030315790634446236,0.05505977718302739,0.4665035789884538,0.9853623290319812,ZENITH
2020-04-14,14.5,14.0,14.75,13.7,35590000.0,3.57,0.03571428571428581,0.03509131981127019,0.001231400726096844,0.03509131981127019,0.38254756888714064,0.9004718492337518,ZENITH
2020-04-15,15.9,14.45,15.9,14.45,72100000.0,9.66,0.096551724137931,0.0921704597996571,0.008495393659680205,0.0921704597996571,0.44173807932431636,0.9002490858929412,ZENITH
2020-04-16,14.35,15.9,15.9,14.35,84560000.0,-9.75,-0.09748427672955984,-0.10256916702055582,0.010520434023290677,0.10256916702055582,1.1691152904141697,0.9584238349661792,ZENITH
2020-04-17,15.0,14.35,15.3,13.85,29900000.0,4.53,0.04529616724738683,0.04430025889658002,0.0019625129383040174,0.04430025889658002,1.1816518245201346,0.9532901074849125,ZENITH
2020-04-20,14.15,15.0,15.0,14.1,26030000.0,-5.67,-0.05666666666666664,-0.05833557701296341,0.003403039545435385,0.05833557701296341,1.2697141861007473,0.9782504911034595,ZENITH
2020-04-21,13.05,14.15,14.0,13.0,52200000.0,-7.77,-0.07773851590106007,-0.0809264903205442,0.006549096835601135,0.0809264903205442,1.3448975756813653,0.9475679702234655,ZENITH
2020-04-22,13.75,13.05,13.8,13.45,30960000.0,5.36,0.05363984674329503,0.052250690343877894,0.0027301346414118147,0.052250690343877894,1.148681235738101,0.9561400500078279,ZENITH
2020-04-23,13.9,13.75,14.0,13.65,19380000.0,1.09,0.01090909090909098,0.010850016024065844,0.00011772284772248557,0.010850016024065844,0.9577302820409737,0.8698128826000464,ZENITH
2020-04-24,14.05,13.9,14.3,13.95,10950000.0,1.08,0.010791366906474753,0.010733555643108633,0.00011520921674370918,0.010733555643108633,0.8716190356676884,0.8689619090467442,ZENITH
2020-04-27,14.2,14.05,14.4,14.2,5910000.0,1.07,0.010676156583629748,0.010619568827460131,0.00011277524208116294,0.010619568827460131,0.7785976961898012,0.8423956688418467,ZENITH
2020-04-28,14.85,14.2,14.95,14.3,27050000.0,4.58,0.045774647887323994,0.044757900641493625,0.0020032696698338154,0.044757900641493625,0.3310869528764131,0.8487476088410022,ZENITH
2020-04-29,14.7,14.85,14.95,14.7,21720000.0,-1.01,-0.010101010101010166,-0.010152371464018073,0.00010307064634340846,0.010152371464018073,0.31343289729278545,0.8437534301762589,ZENITH
2020-04-30,14.3,14.7,14.85,14.0,25550000.0,-2.72,-0.027210884353741416,-0.02758795651882894,0.0007610953448847961,0.02758795651882894,0.4299648499730467,0.8252766141143363,ZENITH
2020-05-04,14.35,14.3,14.5,14.2,22850000.0,0.35,0.0034965034965033226,0.003490404939768346,1.2182926643559271e-05,0.003490404939768346,0.4276640138356852,0.8184937056001891,ZENITH
2020-05-05,14.85,14.35,14.9,14.3,40310000.0,3.48,0.03484320557491283,0.034249923043078445,0.001173057228456796,0.034249923043078445,0.4796638182918583,0.8119604903683855,ZENITH
2020-05-06,15.8,14.85,16.0,14.95,63390000.0,6.4,0.06397306397306401,0.062010074784212534,0.003845249374743631,0.062010074784212534,0.5682544814656367,0.8092706906264198,ZENITH
2020-05-07,15.2,15.8,15.7,14.8,75900000.0,-3.8,-0.03797468354430389,-0.03871451218069051,0.001498813453388834,0.03871451218069051,0.667232091985046,0.799130136711841,ZENITH
2020-05-08,15.4,15.2,15.4,15.05,14710000.0,1.32,0.013157894736842257,0.013072081567352921,0.000170879316503528,0.013072081567352921,0.5940642991465717,0.7991398707697976,ZENITH
2020-05-11,15.05,15.4,15.2,15.0,12270000.0,-2.27,-0.022727272727272707,-0.02298951822469872,0.0005285179482037545,0.02298951822469872,0.652731460866638,0.7761843958859401,ZENITH
2020-05-12,15.05,15.05,15.35,15.05,9170000.0,0.0,0.0,0.0,0.0,0.0,0.6152096473972307,0.7743829872017073,ZENITH
2020-05-13,15.1,15.05,15.1,15.05,7410000.0,0.33,0.0033222591362125353,0.0033167526259938207,1.1000847982036906e-05,0.0033167526259938207,0.3366105232541787,0.7535997478792062,ZENITH
2020-05-14,15.4,15.1,15.4,15.1,27280000.0,1.99,0.019867549668874274,0.019672765598704928,0.00038701770630158804,0.019672765598704928,0.25881290000400603,0.7473487662072459,ZENITH
2020-05-15,15.45,15.4,15.45,15.25,18700000.0,0.32,0.0032467532467532756,0.003241493924171023,1.0507282860437658e-05,0.003241493924171023,0.2426960376950391,0.6732769374893315,ZENITH
2020-05-18,15.5,15.45,15.5,15.3,54930000.0,0.32,0.003236245954692629,0.00323102058144654,1.0439493997731138e-05,0.00323102058144654,0.12432969302280877,0.5637417291402794,ZENITH
2020-05-19,15.85,15.5,16.0,15.5,39750000.0,2.26,0.022580645161290214,0.022329476398088577,0.0004986055162127948,0.022329476398088577,0.15494909525095568,0.5487279378594343,ZENITH
2020-05-20,16.5,15.85,16.5,15.8,75070000.0,4.1,0.04100946372239744,0.04019088058324528,0.0016153068820566822,0.04019088058324528,0.24458565782256295,0.5159802218729851,ZENITH
2020-05-21,17.0,16.5,17.0,16.2,57420000.0,3.03,0.030303030303030276,0.02985296314968113,0.0008911994088162194,0.02985296314968113,0.2598718974289199,0.40884945620365193,ZENITH
2020-05-22,16.95,17.0,16.95,16.75,44960000.0,-0.29,-0.002941176470588225,-0.002945510229756803,8.676030513601975e-06,0.002945510229756803,0.2869617050647858,0.3854268378545423,ZENITH
2020-05-27,17.9,16.95,18.0,17.0,67270000.0,5.6,0.05604719764011801,0.05453287902025006,0.002973834894237229,0.05453287902025006,0.3407187471739501,0.41524483983972754,ZENITH
2020-05-28,17.45,17.9,17.9,17.2,27420000.0,-2.51,-0.025139664804469275,-0.025461064198273143,0.0006482657901085864,0.025461064198273143,0.5197261218730888,0.435136321671699,ZENITH
2020-05-29,16.9,17.45,17.5,16.9,33490000.000000004,-3.15,-0.03151862464183386,-0.032026026719408435,0.001025666387432263,0.032026026719408435,0.5850402810753548,0.45917894371836276,ZENITH
2020-06-01,17.05,16.9,17.3,16.9,21580000.0,0.89,0.00887573964497057,0.008836581800498164,7.808517791689538e-05,0.008836581800498164,0.5460463394524391,0.4396785567575443,ZENITH
2020-06-02,17.1,17.05,17.3,17.1,34900000.0,0.29,0.0029325513196480912,0.0029282597790883597,8.57470533382661e-06,0.0029282597790883597,0.5452437945587505,0.4357240070353159,ZENITH
2020-06-03,17.0,17.1,17.35,17.0,21800000.0,-0.58,-0.005847953216374324,-0.005865119452398134,3.4399626190898986e-05,0.005865119452398134,0.28205078068309686,0.4200877484568989,ZENITH
2020-06-04,16.7,17.0,17.1,16.6,25210000.0,-1.76,-0.01764705882352946,-0.017804624633506707,0.0003170046583400738,0.017804624633506707,0.2605723518358556,0.4294904550379905,ZENITH
2020-06-05,16.75,16.7,16.9,16.7,22270000.0,0.3,0.0029940119760478723,0.002989538848365986,8.937342525889424e-06,0.002989538848365986,0.16480170027655697,0.4182067758953429,ZENITH
2020-06-08,16.9,16.75,17.1,16.75,19270000.0,0.9,0.008955223880596996,0.008915363657952329,7.948370915353713e-05,0.008915363657952329,0.16512216500377602,0.36527777442064546,ZENITH
2020-06-09,16.9,16.9,16.95,16.8,9950000.0,0.0,0.0,0.0,0.0,0.0,0.16113662313114036,0.3324406110057566,ZENITH
2020-06-10,16.6,16.9,16.9,16.6,16440000.000000002,-1.78,-0.017751479289940697,-0.017910926566530105,0.0003208012904716339,0.017910926566530105,0.19649114214545335,0.3402521472751782,ZENITH
2020-06-11,16.65,16.6,16.7,16.6,12390000.0,0.3,0.0030120481927708997,0.0030075210639551007,9.045182950133622e-06,0.0030075210639551007,0.16198014454439244,0.32631246994211116,ZENITH
2020-06-15,16.2,16.65,16.75,15.8,24140000.0,-2.7,-0.027027027027026973,-0.027398974188114388,0.0007507037865609585,0.027398974188114388,0.24297532853563622,0.34468839359049747,ZENITH
2020-06-16,16.1,16.2,16.6,16.1,22630000.0,-0.62,-0.006172839506172756,-0.006191970247920995,3.834049555113879e-05,0.006191970247920995,0.20213528316806148,0.34632428237581864,ZENITH
2020-06-17,16.15,16.1,16.3,16.15,6710000.0,0.31,0.0031055900621115295,0.003100777678247964,9.614822209920836e-06,0.003100777678247964,0.2124443191183146,0.3410214932242043,ZENITH
2020-06-18,16.15,16.25,16.25,16.1,8410000.0,0.0,0.0,0.0,0.0,0.0,0.20339282887445692,0.34108933174677825,ZENITH
2020-06-19,16.15,16.15,16.35,16.15,12660000.0,0.0,0.0,0.0,0.0,0.0,0.19647373917123157,0.34113917217740797,ZENITH
2020-06-22,16.15,16.15,16.25,16.15,10430000.0,0.0,0.0,0.0,0.0,0.0,0.053858946127940115,0.33300915383545265,ZENITH
2020-06-23,16.25,16.15,16.25,16.15,8060000.000000001,0.62,0.006191950464396356,0.006172859107081016,3.810418955587304e-05,0.006172859107081016,0.043848528675381415,0.30181688993491956,ZENITH
2020-06-24,16.4,16.25,16.4,16.25,21350000.0,0.92,0.009230769230769154,0.00918842605440617,8.442717335729014e-05,0.00918842605440617,0.0688931450341208,0.2833607184035048,ZENITH
2020-06-25,16.15,16.4,16.4,16.1,18950000.0,-1.52,-0.015243902439024404,-0.015361285161487206,0.000235969081812527,0.015361285161487206,0.15028482297863413,0.28727921925010297,ZENITH
2020-06-26,16.2,16.15,16.2,16.2,3990000.0,0.31,0.003095975232198178,0.0030911925696728796,9.55547150280082e-06,0.0030911925696728796,0.151878648207905,0.20151221044814321,ZENITH
2020-06-29,16.2,16.2,16.25,16.1,10250000.0,0.0,0.0,0.0,0.0,0.0,0.151878648207905,0.1873471586953726,ZENITH
2020-06-30,16.1,16.2,16.15,16.1,9810000.0,-0.62,-0.006172839506172756,-0.006191970247920995,3.834049555113879e-05,0.006191970247920995,0.14872392452409033,0.15672414506905033,ZENITH
2020-07-01,15.7,16.1,16.05,15.7,5720000.0,-2.48,-0.024844720496894568,-0.0251585596361551,0.0006329531229659727,0.0251585596361551,0.18380637948701367,0.16994736016900736,ZENITH
2020-07-02,14.8,15.7,15.6,14.8,15540000.0,-5.73,-0.057324840764331086,-0.05903353158419286,0.003484957851301896,0.05903353158419286,0.4079623399290384,0.25347098202582324,ZENITH
2020-07-03,15.25,14.8,15.6,15.0,27230000.0,3.04,0.03040540540540526,0.02995232228335111,0.0008971416101657315,0.02995232228335111,0.5218703150855811,0.28382565904352675,ZENITH
2020-07-06,16.05,15.25,16.05,15.25,8000000.0,5.25,0.05245901639344264,0.05112934652260426,0.002614210075828544,0.05112934652260426,0.6942396300988335,0.3400543074847799,ZENITH
2020-07-07,16.35,16.05,16.35,16.15,7990000.0,1.87,0.01869158878504673,0.01851904776723753,0.0003429551302052254,0.01851904776723753,0.7065820239258247,0.34704564563583074,ZENITH
2020-07-08,16.65,16.35,16.65,16.35,16780000.0,1.83,0.0183486238532109,0.01818231908319033,0.0003305967272429472,0.01818231908319033,0.6631080715742481,0.3518834481668627,ZENITH
2020-07-09,16.75,16.65,16.85,16.05,23080000.0,0.6,0.006006006006006093,0.005988041844622693,3.5856645132952346e-05,0.005988041844622693,0.26997216263103,0.3526461845736158,ZENITH
2020-07-10,16.7,16.75,16.75,16.3,13240000.0,-0.3,-0.0029850746268657025,-0.0029895388483660483,8.937342525889799e-06,0.0029895388483660483,0.32557901734613837,0.3470675619828182,ZENITH
2020-07-13,16.2,16.7,16.35,15.95,8660000.0,-2.99,-0.029940119760479056,-0.030397477184371045,0.0009240066191743583,0.030397477184371045,0.3199654206836338,0.362705979824145,ZENITH
2020-07-14,15.6,16.2,16.0,15.5,10640000.0,-3.7,-0.03703703703703698,-0.03774032798284697,0.0014243323562528618,0.03774032798284697,0.37922618106592093,0.373683249071317,ZENITH
2020-07-15,15.55,15.6,16.1,15.4,15950000.0,-0.32,-0.0032051282051280827,-0.0032102756302480988,1.0305869622164828e-05,0.0032102756302480988,0.30422634692283607,0.37338403314482244,ZENITH
2020-07-16,15.75,15.55,15.8,15.7,4460000.0,1.29,0.012861736334405016,0.0127797266463988,0.00016332141315667553,0.0127797266463988,0.3342167141922132,0.3764303952496386,ZENITH
2020-07-17,15.75,15.75,15.9,15.7,8279999.999999999,0.0,0.0,0.0,0.0,0.0,0.3400921900112166,0.3764303952496386,ZENITH
2020-07-20,15.65,15.75,15.75,15.6,14190000.0,-0.63,-0.006349206349206327,-0.006369448285479823,4.056987146140185e-05,0.006369448285479823,0.2969766487413401,0.3768222238960918,ZENITH
2020-07-21,15.55,15.65,15.65,15.5,17870000.0,-0.64,-0.006389776357827448,-0.006410278360919054,4.1091668664467075e-05,0.006410278360919054,0.12630653936260888,0.3771553674711853,ZENITH
2020-07-22,15.55,15.55,15.6,15.5,8660000.0,0.0,0.0,0.0,0.0,0.0,0.12423335323817505,0.37611534791588813,ZENITH
2020-07-23,15.55,15.55,15.6,15.5,17940000.0,0.0,0.0,0.0,0.0,0.0,0.05555922265615712,0.3739823679528631,ZENITH
2020-07-24,15.5,15.55,15.7,15.5,34570000.0,-0.32,-0.003215434083601365,-0.0032206147000422834,1.0372359046128447e-05,0.0032206147000422834,0.050718813230235055,0.3710892308144296,ZENITH
2020-07-27,15.9,15.5,16.25,15.8,7210000.0,2.58,0.02580645161290329,0.025479085300984968,0.0006491837877748682,0.025479085300984968,0.20242561816602697,0.382843881521694,ZENITH
2020-07-28,16.35,15.9,16.35,16.1,6630000.0,2.83,0.028301886792452935,0.027908788117076658,0.0007789004541638793,0.027908788117076658,0.2427172581138629,0.39565420862691997,ZENITH
2020-07-29,16.3,16.35,16.3,16.15,5180000.0,-0.31,-0.003058103975535187,-0.003062789530545767,9.380679708420758e-06,0.003062789530545767,0.2515084051558014,0.39514158901092555,ZENITH
2020-08-03,16.35,16.3,16.4,16.3,8199999.999999999,0.31,0.0030674846625766694,0.003062789530545731,9.380679708420538e-06,0.003062789530545731,0.24514002739163712,0.3839061037279372,ZENITH
2020-08-04,16.95,16.35,16.95,16.35,6980000.0,3.67,0.0366972477064218,0.03603993648319666,0.0012988770217128495,0.03603993648319666,0.26872686344733837,0.3313422156450404,ZENITH
2020-08-05,16.5,16.95,17.0,16.5,30790000.0,-2.65,-0.02654867256637161,-0.02690745291992427,0.0007240110226379411,0.02690745291992427,0.4005080996343253,0.33900058184827386,ZENITH
2020-08-06,16.7,16.5,16.7,16.65,6050000.0,1.21,0.012121212121211977,0.012048338516174355,0.00014516246100033047,0.012048338516174355,0.36347825857741717,0.2942611132588044,ZENITH
2020-08-07,16.9,16.7,16.95,16.8,11340000.0,1.2,0.011976047904191489,0.01190490250631824,0.0001417267036849423,0.01190490250631824,0.36005879668938495,0.29041861734200597,ZENITH
2020-08-10,16.8,16.9,16.9,16.6,7190000.0,-0.59,-0.005917159763313529,-0.005934735519814466,3.5221085690147476e-05,0.005934735519814466,0.3720839587462543,0.28500838074228707,ZENITH
2020-08-11,16.85,16.8,16.85,16.8,15310000.0,0.3,0.0029761904761904656,0.00297177038915748,8.8314192458732e-06,0.00297177038915748,0.25694523932963365,0.2844578401854701,ZENITH
2020-08-12,16.75,16.85,16.85,16.7,15210000.0,-0.59,-0.005934718100890302,-0.005952398527295385,3.5431048227748265e-05,0.005952398527295385,0.14223974656733807,0.28507188524694427,ZENITH
2020-08-13,16.75,16.75,16.8,16.75,25660000.0,0.0,0.0,0.0,0.0,0.0,0.11757395828006935,0.2626024429787801,ZENITH
2020-08-14,16.7,16.75,16.75,16.65,58050000.0,-0.3,-0.0029850746268657025,-0.0029895388483660483,8.937342525889799e-06,0.0029895388483660483,0.061520402810929325,0.22138027304482735,ZENITH
2020-08-17,16.7,16.7,16.8,16.7,18600000.0,0.0,0.0,0.0,0.0,0.0,0.05387473960494947,0.2204783400968844,ZENITH
2020-08-18,16.75,16.7,16.75,16.7,35840000.0,0.3,0.0029940119760478723,0.002989538848365986,8.937342525889424e-06,0.002989538848365986,0.0539613749726732,0.21782140351145654,ZENITH
2020-08-19,16.9,16.75,16.9,16.7,35940000.0,0.9,0.008955223880596996,0.008915363657952329,7.948370915353713e-05,0.008915363657952329,0.07163856572825335,0.21849804377846155,ZENITH
2020-08-20,16.9,16.9,17.0,16.85,9650000.0,0.0,0.0,0.0,0.0,0.0,0.07163856572825335,0.2160259750936857,ZENITH
2020-08-21,16.8,16.9,16.95,16.75,19080000.0,-0.59,-0.005917159763313529,-0.005934735519814466,3.5221085690147476e-05,0.005934735519814466,0.0856758670327597,0.2157527902188823,ZENITH
2020-08-24,16.85,16.8,16.95,16.8,45460000.0,0.3,0.0029761904761904656,0.00297177038915748,8.8314192458732e-06,0.00297177038915748,0.08566422936087696,0.21535904212040036,ZENITH
2020-08-25,16.95,16.85,17.0,16.8,10430000.0,0.59,0.005934718100890191,0.0059171770280885185,3.501298398173847e-05,0.0059171770280885185,0.09062795097426621,0.21501061492273965,ZENITH
2020-08-26,16.95,16.95,17.0,16.9,10200000.0,0.0,0.0,0.0,0.0,0.0,0.0697937029096439,0.21391465867936305,ZENITH
2020-08-27,16.85,16.95,17.0,16.85,7440000.0,-0.59,-0.005899705014749124,-0.005917177028088396,3.501298398173702e-05,0.005917177028088396,0.08412090315054851,0.20198696163906874,ZENITH
2020-08-28,16.85,16.85,16.9,16.85,4750000.0,0.0,0.0,0.0,0.0,0.0,0.06969031146215257,0.1801686845030989,ZENITH
2020-08-31,16.75,16.85,16.9,16.65,23900000.0,-0.59,-0.005934718100890302,-0.005952398527295385,3.5431048227748265e-05,0.005952398527295385,0.07872331809812347,0.18135167826877796,ZENITH
2020-09-01,16.85,16.75,16.85,16.75,7230000.0,0.6,0.005970149253731405,0.005952398527295352,3.543104822774787e-05,0.005952398527295352,0.07892380166576268,0.18198138410910125,ZENITH
2020-09-02,16.95,16.85,16.95,16.85,13050000.0,0.59,0.005934718100890191,0.0059171770280885185,3.501298398173847e-05,0.0059171770280885185,0.09421225004422769,0.1331801999892117,ZENITH
2020-09-03,17.2,16.95,17.2,17.0,25490000.0,1.47,0.014749262536873253,0.014641549992948187,0.00021437498619600106,0.014641549992948187,0.12186148843319386,0.10138915042629393,ZENITH
2020-09-04,17.4,17.2,17.45,17.2,78600000.0,1.16,0.011627906976744207,0.011560822401076006,0.0001336526145892208,0.011560822401076006,0.1248874860945385,0.10079136930507364,ZENITH
2020-09-07,17.3,17.4,17.5,17.25,30820000.0,-0.57,-0.005747126436781436,-0.0057637047167499065,3.322029206188512e-05,0.0057637047167499065,0.12371106159406595,0.09733966647718426,ZENITH
2020-09-08,16.9,17.3,17.3,16.9,26040000.0,-2.31,-0.023121387283237094,-0.023392879574705577,0.0005472268147966773,0.023392879574705577,0.24614854687079435,0.1274106992920754,ZENITH
2020-09-09,16.4,16.9,16.9,16.4,35840000.0,-2.96,-0.029585798816568087,-0.03003228709887509,0.0009019382683892592,0.03003228709887509,0.31875671385566556,0.16452390807911474,ZENITH
2020-09-10,16.95,16.5,17.05,16.05,33159999.999999996,3.35,0.0335365853658538,0.032986498996306665,0.0010881091160333406,0.032986498996306665,0.4094632374753141,0.2017101306448139,ZENITH
2020-09-11,17.2,16.95,17.2,16.95,17730000.0,1.47,0.014749262536873253,0.014641549992948187,0.00021437498619600106,0.014641549992948187,0.4168485985789541,0.20748717998573507,ZENITH
2020-09-14,17.25,17.2,17.25,17.1,13240000.0,0.29,0.0029069767441860517,0.00290275965796141,8.426013631888243e-06,0.00290275965796141,0.41686830468905184,0.20696908427780322,ZENITH
2020-09-15,17.2,17.25,17.25,17.05,18780000.0,-0.29,-0.0028985507246377384,-0.0029027596579614626,8.426013631888548e-06,0.0029027596579614626,0.3688349095823953,0.20748538558878282,ZENITH
2020-09-16,17.0,17.2,17.2,16.95,17990000.0,-1.16,-0.011627906976744096,-0.011696039763191187,0.00013679734614214937,0.011696039763191187,0.27471518332365014,0.21225386389487963,ZENITH
2020-09-17,16.7,16.7,16.8,16.6,25080000.0,-1.76,-0.01764705882352946,-0.017804624633506707,0.0003170046583400738,0.017804624633506707,0.20093489689813465,0.219296882640721,ZENITH
2020-09-18,16.7,16.7,16.75,16.65,16000000.0,0.0,0.0,0.0,0.0,0.0,0.13669513554597187,0.219296882640721,ZENITH
2020-09-21,16.7,16.7,16.85,16.65,11660000.0,0.0,0.0,0.0,0.0,0.0,0.12605789670352777,0.21842844902197428,ZENITH
2020-09-22,16.7,16.7,16.7,16.65,45880000.0,0.0,0.0,0.0,0.0,0.0,0.13275497114727464,0.2181126366113094,ZENITH
2020-09-23,17.0,16.7,17.0,16.75,28450000.0,1.8,0.017964071856287456,0.017804624633506686,0.0003170046583400731,0.017804624633506686,0.19985641583609506,0.22620562918407247,ZENITH
2020-09-24,17.1,17.0,17.2,17.0,44540000.0,0.59,0.00588235294117645,0.005865119452398058,3.439962619089809e-05,0.005865119452398058,0.12279753431274645,0.22707058652682854,ZENITH
2020-09-25,17.3,17.1,17.4,17.25,50750000.0,1.17,0.011695906432748426,0.011628037995118993,0.00013521126761593092,0.011628037995118993,0.12230297909404694,0.22902695829658679,ZENITH
2020-09-28,17.3,17.3,17.45,17.3,89510000.0,0.0,0.0,0.0,0.0,0.0,0.12230297909404694,0.22902695829658679,ZENITH
2020-09-29,17.5,17.3,17.5,17.3,90880000.0,1.16,0.01156069364161838,0.011494379425734991,0.00013212075838275986,0.011494379425734991,0.10673615692252493,0.23008088676282396,ZENITH
2020-09-30,17.85,17.5,17.95,17.55,24870000.0,2.0,0.020000000000000018,0.01980262729617973,0.0003921440478314025,0.01980262729617973,0.11713291421865243,0.23788377273998362,ZENITH
2020-10-02,18.05,17.85,18.1,17.9,132330000.00000001,1.12,0.011204481792717047,0.011142176553241803,0.0001241480983436114,0.011142176553241803,0.11196066812387237,0.2394450418286993,ZENITH
2020-10-05,19.0,18.05,19.2,18.2,204690000.0,5.26,0.05263157894736836,0.05129329438755048,0.002631002049127918,0.05129329438755048,0.3096810411301399,0.290192900194958,ZENITH
2020-10-06,20.8,19.0,20.8,19.1,135700000.0,9.47,0.09473684210526323,0.0905140075408319,0.008192785561101774,0.0905140075408319,0.5431568505757822,0.4154359359773879,ZENITH
2020-10-07,19.55,20.8,22.0,19.15,120620000.0,-6.01,-0.060096153846153855,-0.061977700275897524,0.003841235331488988,0.061977700275897524,0.8954376819282925,0.4803247596114091,ZENITH
2020-10-08,20.1,19.55,20.7,19.6,74230000.0,2.81,0.028132992327365658,0.02774452863365522,0.0007697588691037144,0.02774452863365522,0.8958982694797011,0.47375494440679283,ZENITH
2020-10-09,20.0,20.05,20.5,19.75,49970000.0,-0.5,-0.004975124378109541,-0.004987541511039162,2.487557032433881e-05,0.004987541511039162,0.9172545512213055,0.45585624597760444,ZENITH
2020-10-12,19.95,20.0,20.05,19.95,47220000.0,-0.25,-0.0025000000000000577,-0.0025031302181185884,6.2656608888584116e-06,0.0025031302181185884,0.882386521341535,0.4492989221798597,ZENITH
2020-10-13,20.0,19.95,20.0,19.8,14830000.0,0.25,0.0025062656641603454,0.0025031302181184748,6.265660888857843e-06,0.0025031302181184748,0.5229408553102303,0.4489238805973604,ZENITH
2020-10-14,20.0,20.0,20.05,19.95,53050000.0,0.0,0.0,0.0,0.0,0.0,0.2105377617517535,0.4493849021834563,ZENITH
2020-10-15,20.0,20.0,20.45,19.95,67230000.0,0.0,0.0,0.0,0.0,0.0,0.04520179218065982,0.4486873243441021,ZENITH
2020-10-16,21.55,20.0,21.65,20.1,73930000.0,7.75,0.07750000000000012,0.07464354299576592,0.005571658510960756,0.07464354299576592,0.5306609673081483,0.4997003793564385,ZENITH
2020-10-19,21.0,21.55,21.5,20.75,43000000.0,-2.55,-0.025522041763341052,-0.025853378826333782,0.000668397196737924,0.025853378826333782,0.6003062721661369,0.5063395901765769,ZENITH
2020-10-20,21.05,21.0,21.1,20.55,27160000.0,0.24,0.0023809523809523725,0.0023781224049674193,5.6554661730080226e-06,0.0023781224049674193,0.6004086651705012,0.5057606287702991,ZENITH
2020-10-21,20.8,20.5,20.8,19.3,39610000.0,-1.19,-0.01187648456057011,-0.011947573421118175,0.00014274451065300945,0.011947573421118175,0.6189431132486103,0.5107109423713473,ZENITH
2020-10-22,20.65,20.8,20.65,20.05,39580000.0,-0.72,-0.007211538461538547,-0.0072376673002306135,5.2383827948827495e-05,0.0072376673002306135,0.6268047203780056,0.5131871575072294,ZENITH
2020-10-23,21.0,20.65,21.2,20.6,19560000.0,1.69,0.016949152542373058,0.016807118316381407,0.0002824792261008434,0.016807118316381407,0.2532445254309764,0.5130103057272886,ZENITH
2020-10-26,21.15,21.0,21.2,21.1,47790000.0,0.71,0.0071428571428571175,0.007117467768863955,5.065834744081724e-05,0.007117467768863955,0.18165558526009154,0.5128995355224276,ZENITH
2020-10-27,21.45,21.15,21.45,21.2,18860000.0,1.42,0.014184397163120588,0.014084739881739023,0.00019837989753624977,0.014084739881739023,0.20325826938799937,0.513061007026425,ZENITH
2020-10-28,21.5,21.45,21.7,21.15,46660000.0,0.23,0.002331002331002363,0.002328289759591168,5.420933204617099e-06,0.002328289759591168,0.15271757478810338,0.5125386801778236,ZENITH
2020-10-30,22.1,21.5,22.2,21.5,75230000.0,2.79,0.027906976744186185,0.027524673390090154,0.0007576076452311371,0.027524673390090154,0.15339407921762327,0.5159863356622297,ZENITH
2020-11-02,21.95,22.1,22.9,21.75,47030000.0,-0.68,-0.006787330316742168,-0.006810469002526863,4.6382488034379244e-05,0.006810469002526863,0.20497957652605628,0.5185686083734159,ZENITH
2020-11-03,21.85,21.95,21.9,21.7,41100000.0,-0.46,-0.004555808656036331,-0.004566217979581083,2.0850346637049548e-05,0.004566217979581083,0.226816299054711,0.5209235139231809,ZENITH
2020-11-04,21.85,21.85,21.95,21.75,21870000.0,0.0,0.0,0.0,0.0,0.0,0.21910082607077472,0.49838930898831413,ZENITH
2020-11-05,21.9,21.85,22.0,21.8,35990000.0,0.23,0.0022883295194506825,0.002285715280855861,5.2244943451379874e-06,0.002285715280855861,0.21911776803216468,0.3941512957457904,ZENITH
2020-11-06,22.3,21.9,22.3,21.95,29510000.0,1.83,0.0182648401826484,0.018100041643617937,0.0003276115075007035,0.018100041643617937,0.15550459350493714,0.31981882199827283,ZENITH
2020-11-09,23.95,22.3,24.0,22.95,70220000.0,7.4,0.07399103139013441,0.07138164539085105,0.005095339298705207,0.07138164539085105,0.4974712345939624,0.38568394252944843,ZENITH
2020-11-10,24.5,23.95,24.5,23.4,67910000.0,2.3,0.022964509394572064,0.022704793693757098,0.000515507656676072,0.022704793693757098,0.45754026292789224,0.385551942046862,ZENITH
2020-11-11,25.6,24.5,25.65,24.0,60810000.0,4.49,0.044897959183673564,0.04391923393483558,0.001928899109422813,0.04391923393483558,0.4241059091724527,0.40034643425123484,ZENITH
2020-11-12,28.15,25.6,28.15,25.6,161380000.0,9.96,0.09960937499999978,0.0949550031001824,0.00901645261375565,0.0949550031001824,0.5191178510453952,0.4909300347285564,ZENITH
2020-11-13,27.15,28.15,28.5,25.45,163520000.0,-3.55,-0.035523978685612745,-0.0361703082057549,0.0013082911956993001,0.0361703082057549,0.7984419865538095,0.5211027360735343,ZENITH
2020-11-16,26.0,27.15,27.15,25.65,94030000.0,-4.24,-0.0423572744014733,-0.0432805083584624,0.0018732024037669338,0.0432805083584624,0.915139709999397,0.5566872045974683,ZENITH
2020-11-17,25.9,26.0,25.95,24.5,46340000.0,-0.38,-0.0038461538461539435,-0.0038535693159900777,1.4849996473140235e-05,0.0038535693159900777,0.923048156816095,0.5107852611975252,ZENITH
2020-11-18,26.7,25.9,27.15,25.2,57300000.0,3.09,0.030888030888030826,0.03042059670071172,0.0009254127036273527,0.03042059670071172,0.8974437725148758,0.499823568377575,ZENITH
2020-11-19,26.05,26.7,26.8,26.05,20330000.0,-2.43,-0.02434456928838946,-0.024645797206827868,0.0006074153199600843,0.024645797206827868,0.4713822957942266,0.5145435489447722,ZENITH
2020-11-20,25.6,26.05,26.3,25.25,44330000.0,-1.73,-0.017274472168905874,-0.017425416713859058,0.0003036451476516386,0.017425416713859058,0.4371544836152509,0.5178468064294104,ZENITH
2020-11-23,24.15,25.6,25.6,23.15,79740000.0,-5.66,-0.05664062500000011,-0.05830797138693521,0.0033998195272596553,0.05830797138693521,0.5120295236625174,0.5670124740817125,ZENITH
2020-11-24,24.1,24.15,24.15,24.0,71930000.0,-0.21,-0.0020703933747411307,-0.0020725396019723123,4.29542040174355e-06,0.0020725396019723123,0.5145698788887368,0.5668609435217182,ZENITH
2020-11-25,24.5,24.1,25.3,24.5,59220000.0,1.66,0.016597510373443924,0.01646127705407193,0.0002709736422509151,0.01646127705407193,0.4424460316036955,0.5679005773175766,ZENITH
2020-11-26,24.5,24.5,25.0,24.5,40570000.0,0.0,0.0,0.0,0.0,0.0,0.45082627675200815,0.5677830223995265,ZENITH
2020-11-27,24.45,24.5,24.55,24.4,15380000.0,-0.2,-0.0020408163265306367,-0.0020429016298002933,4.173447069040694e-06,0.0020429016298002933,0.45296333485005696,0.5683728966721662,ZENITH
2020-11-30,24.0,24.45,24.45,24.0,47020000.0,-1.84,-0.018404907975460127,-0.01857638557293542,0.00034508210095436317,0.01857638557293542,0.19711905443191802,0.5689356745666149,ZENITH
2020-12-01,24.4,24.0,24.4,23.5,9390000.0,1.67,0.016666666666666607,0.016529301951210506,0.00027321782299429145,0.016529301951210506,0.23314962189340907,0.5691301333775531,ZENITH
2020-12-02,24.0,24.4,24.3,24.0,44020000.0,-1.64,-0.016393442622950727,-0.01652930195121047,0.0002732178229942903,0.01652930195121047,0.22599024793764738,0.5731685026431219,ZENITH
2020-12-03,23.55,24.0,24.05,23.55,31200000.0,-1.88,-0.018749999999999933,-0.018928009885518796,0.00035826955822629725,0.018928009885518796,0.24350209379588542,0.5787513331852285,ZENITH
2020-12-04,23.95,23.55,23.95,23.5,14930000.0,1.7,0.01698513800424628,0.01684250339449748,0.0002836699205936592,0.01684250339449748,0.30204087728139456,0.5805390416954469,ZENITH
2020-12-07,23.7,23.95,23.9,23.7,14750000.0,-1.04,-0.01043841336116913,-0.010493275715838768,0.00011010883524861162,0.010493275715838768,0.2825081324224576,0.5804005448946474,ZENITH
2020-12-08,23.4,23.7,23.7,23.2,33860000.0,-1.27,-0.012658227848101333,-0.012739025777429826,0.0001622827777580216,0.012739025777429826,0.2296752184026329,0.5259361868016624,ZENITH
2020-12-09,23.45,23.4,23.55,23.4,29720000.0,0.21,0.002136752136752129,0.0021344725286326196,4.5559729754873285e-06,0.0021344725286326196,0.22609245972085634,0.518983162945965,ZENITH
2020-12-10,22.0,23.45,23.3,21.85,65040000.00000001,-6.18,-0.061833688699360345,-0.06382804153397252,0.0040740188860625215,0.06382804153397252,0.4832977832513568,0.5326751462990286,ZENITH
2020-12-11,22.7,22.0,23.1,22.0,47770000.0,3.18,0.031818181818181746,0.03132247112904107,0.0009810971976296112,0.03132247112904107,0.5474633535200453,0.4104822399094822,ZENITH
2020-12-14,22.6,22.7,22.75,22.6,38630000.0,-0.44,-0.004405286343612258,-0.00441501820911672,1.949238578683221e-05,0.00441501820911672,0.5493198722956716,0.3998144341747697,ZENITH
2020-12-15,23.5,22.6,23.5,22.8,23420000.0,3.98,0.03982300884955747,0.039050514871873034,0.001524942711758377,0.039050514871873034,0.6448485236806264,0.4117263219455807,ZENITH
2020-12-16,24.1,23.5,24.95,23.65,19340000.0,2.55,0.025531914893617058,0.02521141934649607,0.0006356156654648763,0.02521141934649607,0.6681290232291277,0.4246873867462828,ZENITH
2020-12-17,24.75,24.1,24.75,24.5,15770000.0,2.7,0.026970954356846377,0.026613648518089904,0.000708286287444429,0.026613648518089904,0.2626338319315444,0.42105323342500345,ZENITH
2020-12-18,24.8,24.75,25.0,24.7,20220000.0,0.2,0.002020202020202033,0.0020181641562371953,4.07298656152059e-06,0.0020181641562371953,0.2891071011247976,0.4143473230539672,ZENITH
2020-12-21,24.3,24.8,24.8,24.0,12250000.0,-2.02,-0.020161290322580627,-0.0203673028244337,0.00041482702434218494,0.0203673028244337,0.3753010024463622,0.41581943843061814,ZENITH
2020-12-22,24.5,24.3,24.6,24.1,59020000.0,0.82,0.008230452674897082,0.00819676720417849,6.718699259949608e-05,0.00819676720417849,0.3056271790520034,0.36389567258431416,ZENITH
2020-12-23,24.5,24.5,24.65,24.45,43180000.0,0.0,0.0,0.0,0.0,0.0,0.26801352472839823,0.3637685740996012,ZENITH
2020-12-24,24.5,24.5,25.4,24.5,84430000.0,0.0,0.0,0.0,0.0,0.0,0.1712448278832828,0.3592713345028324,ZENITH
2020-12-29,25.0,24.5,25.15,24.55,29900000.0,2.04,0.020408163265306145,0.02020270731751947,0.0004081493829573547,0.02020270731751947,0.2350901855421513,0.366024158206715,ZENITH
2020-12-30,24.95,25.0,25.3,24.9,27540000.0,-0.2,-0.0020000000000000018,-0.0020020026706730793,4.008014693382142e-06,0.0020020026706730793,0.14635122969139008,0.36601995494197465,ZENITH
2020-12-31,24.8,25.0,25.0,24.75,44040000.0,-0.6,-0.006012024048096087,-0.006030169026591076,3.636293848925836e-05,0.006030169026591076,0.16245136123481085,0.3601132108618862,ZENITH
2021-01-04,25.7,24.8,26.0,25.7,8770000.0,3.63,0.03629032258064502,0.03564733873023749,0.0012707327585482898,0.03564733873023749,0.28196174600844115,0.37587053726066083,ZENITH
2021-01-05,24.6,25.7,25.7,24.5,31710000.0,-4.28,-0.04280155642023342,-0.04374454896285695,0.0019135855639637888,0.04374454896285695,0.478183831335492,0.4039778642202915,ZENITH
2021-01-06,25.1,24.6,25.1,24.6,12530000.0,2.03,0.020325203252032464,0.020121403199421028,0.00040487086671367077,0.020121403199421028,0.47797645593234184,0.4021359208458465,ZENITH
2021-01-07,25.3,25.1,25.45,25.1,12980000.0,0.8,0.007968127490039834,0.007936549595736342,6.298881948558269e-05,0.007936549595736342,0.4795132037782989,0.399457566702122,ZENITH
2021-01-08,25.65,25.3,25.75,25.3,23690000.0,1.38,0.01383399209486158,0.013739175883303912,0.00018876495395235982,0.013739175883303912,0.47714754731296977,0.398259353582288,ZENITH
2021-01-11,25.85,25.65,25.9,25.65,13360000.0,0.78,0.007797270955165914,0.007767029337659817,6.032674473206829e-05,0.007767029337659817,0.40656745181246057,0.3938628029168424,ZENITH
2021-01-12,25.8,25.85,25.85,25.55,16540000.0,-0.19,-0.0019342359767892114,-0.0019361090268664404,3.748518163913715e-06,0.0019361090268664404,0.12969912357225621,0.3944542857442108,ZENITH
2021-01-13,25.9,25.8,26.0,25.7,45770000.0,0.39,0.003875968992248069,0.003868476777920332,1.4965112581308874e-05,0.003868476777920332,0.0918510348241998,0.3064997049593868,ZENITH
2021-01-14,26.4,25.9,26.5,26.0,42810000.0,1.93,0.019305019305019266,0.019121041446778377,0.00036561422600941653,0.019121041446778377,0.13070114831651974,0.29746797189032487,ZENITH
2021-01-15,26.3,26.4,26.8,26.3,36270000.0,-0.38,-0.0037878787878786735,-0.003795070968551498,1.4402563656342404e-05,0.003795070968551498,0.1450159016403741,0.2971708232333169,ZENITH
2021-01-18,26.15,26.55,26.55,25.9,31380000.0,-0.57,-0.005703422053232043,-0.005719748672787065,3.271552487984939e-05,0.005719748672787065,0.1596982859535826,0.2764985327296703,ZENITH
2021-01-19,26.2,26.15,26.5,26.1,28520000.0,0.19,0.0019120458891013214,0.0019102202561192452,3.6489414268882746e-06,0.0019102202561192452,0.1555392395825036,0.2667405775060819,ZENITH
2021-01-20,26.3,26.2,26.3,26.0,13830000.0,0.38,0.003816793893129722,0.0038095284166676487,1.4512506757398322e-05,0.0038095284166676487,0.1555209033414175,0.25373853453391043,ZENITH
2021-01-21,26.45,26.3,26.5,26.2,26790000.0,0.57,0.005703422053231932,0.005687219120589514,3.234446132559897e-05,0.005687219120589514,0.07813578595352248,0.25389750302429437,ZENITH
2021-01-22,26.5,26.45,26.5,26.4,25710000.0,0.19,0.001890359168241984,0.0018885746878681546,3.566714351656298e-06,0.0018885746878681546,0.06888037425618451,0.23930022878462678,ZENITH
2021-01-25,26.5,26.5,26.55,26.25,15870000.0,0.0,0.0,0.0,0.0,0.0,0.03434028297653327,0.2392283675943814,ZENITH
2021-01-26,26.25,26.5,26.35,26.2,19060000.0,-0.94,-0.009433962264150941,-0.00947874395454377,8.984658695580006e-05,0.00947874395454377,0.0937615350703886,0.24331244465893087,ZENITH
2021-01-27,26.4,26.25,26.5,26.25,47160000.0,0.57,0.005714285714285561,0.005698021114637575,3.246744462285563e-05,0.005698021114637575,0.09892783104391288,0.24314359472375377,ZENITH
2021-01-28,27.2,26.4,27.3,26.35,35230000.0,3.03,0.030303030303030276,0.02985296314968113,0.0008911994088162194,0.02985296314968113,0.2328632202384987,0.2535437201985283,ZENITH
2021-01-29,27.2,27.0,27.5,27.0,44960000.0,0.0,0.0,0.0,0.0,0.0,0.23513049385132398,0.25303930685342657,ZENITH
2021-02-01,27.15,27.2,27.35,27.1,31520000.0,-0.18,-0.0018382352941176405,-0.0018399269220071826,3.385331078326825e-06,0.0018399269220071826,0.238045876776017,0.25133380121564936,ZENITH
2021-02-02,26.3,27.15,27.2,26.3,38580000.0,-3.13,-0.03130755064456714,-0.031808107196225496,0.0010117556834065723,0.031808107196225496,0.34942705721874756,0.25397596474434037,ZENITH
2021-02-03,26.95,26.3,26.95,26.25,31500000.0,2.47,0.024714828897338448,0.02441435817128734,0.0005960608849159049,0.02441435817128734,0.39024906067515,0.20791353140180507,ZENITH
2021-02-04,26.75,26.95,26.9,26.45,29540000.0,-0.74,-0.007421150278293154,-0.007448824012990625,5.548497917650575e-05,0.007448824012990625,0.3185822032199284,0.20344092230318683,ZENITH
2021-02-05,26.0,26.5,26.5,25.65,52780000.0,-2.8,-0.028037383177570097,-0.028437935320533514,0.0008087161652948476,0.028437935320533514,0.3609690227667997,0.22971617369725578,ZENITH
2021-02-08,26.0,26.0,26.1,25.95,14170000.0,0.0,0.0,0.0,0.0,0.0,0.3635034602566368,0.22522830398883964,ZENITH
2021-02-09,25.8,26.0,26.05,25.8,25080000.0,-0.77,-0.007692307692307665,-0.007722046093910278,5.9629995876474975e-05,0.007722046093910278,0.30184602008757055,0.2254483765970173,ZENITH
2021-02-10,25.0,25.8,25.7,25.0,43740000.0,-3.1,-0.03100775193798455,-0.03149866705937105,0.000992166026517107,0.03149866705937105,0.2227769130278145,0.25037567895158835,ZENITH
2021-02-11,24.8,25.0,24.8,22.8,37100000.0,-0.8,-0.008000000000000007,-0.008032171697264267,6.451578217433313e-05,0.008032171697264267,0.2215628552993578,0.2505544218526795,ZENITH
2021-02-12,25.0,24.8,25.0,24.55,55600000.0,0.81,0.008064516129032251,0.008032171697264253,6.45157821743329e-05,0.008032171697264253,0.2345421226082578,0.24152101537878332,ZENITH
2021-02-15,25.15,25.0,25.15,25.0,21510000.0,0.6,0.006000000000000005,0.005982071677547469,3.578518155531559e-05,0.005982071677547469,0.2504516571808358,0.24327711124598542,ZENITH
2021-02-16,25.0,25.15,25.35,25.0,25990000.0,-0.6,-0.005964214711729587,-0.005982071677547429,3.578518155531511e-05,0.005982071677547429,0.25028601472395184,0.2433275873390155,ZENITH
2021-02-17,25.0,25.0,25.3,24.9,13980000.0,0.0,0.0,0.0,0.0,0.0,0.11241851017486477,0.24301657946022398,ZENITH
2021-02-18,24.1,25.0,25.0,23.9,37740000.0,-3.6,-0.03599999999999992,-0.03666398437159136,0.0013442477500002954,0.03666398437159136,0.2879788162704819,0.2693544258385801,ZENITH
2021-02-19,24.7,24.1,24.75,24.4,17580000.0,2.49,0.024896265560165887,0.024591403137322113,0.0006047371082622959,0.024591403137322113,0.35420130435110236,0.2855367415390342,ZENITH
2021-02-22,24.8,24.7,25.0,24.75,21750000.0,0.4,0.004048582995951566,0.004040409537005127,1.6324909226721983e-05,0.004040409537005127,0.3515598870334463,0.28612229033928754,ZENITH
2021-02-23,26.0,24.8,26.05,24.7,52670000.0,4.84,0.048387096774193505,0.04725288485054551,0.0022328351266989134,0.04725288485054551,0.49507675934816814,0.3352901538931592,ZENITH
2021-02-24,26.3,26.15,26.75,26.1,154620000.0,1.15,0.011538461538461497,0.011472401162236781,0.00013161598842729186,0.011472401162236781,0.49030149748221286,0.3363945737726295,ZENITH
2021-02-25,25.85,26.3,26.2,25.85,24570000.0,-1.71,-0.017110266159695797,-0.01725833822928071,0.00029785023843625203,0.01725833822928071,0.3807066535180605,0.3409418683206304,ZENITH
2021-02-26,25.45,25.9,25.9,25.3,26610000.0,-1.55,-0.01547388781431347,-0.015594857957906513,0.0002431995947272801,0.015594857957906513,0.41569349650344106,0.3250985379242294,ZENITH
2021-03-01,25.8,25.45,25.85,25.45,20620000.0,1.38,0.013752455795677854,0.013658748931040044,0.00018656142236118755,0.013658748931040044,0.41846155196109724,0.3301784135264179,ZENITH
2021-03-02,25.65,25.8,25.85,25.5,48100000.0,-0.58,-0.005813953488372214,-0.0058309203107933215,3.3999631670822085e-05,0.0058309203107933215,0.2322905263776687,0.3303647913092063,ZENITH
2021-03-03,25.55,25.65,25.75,25.55,41380000.0,-0.39,-0.0038986354775827348,-0.0039062549670649885,1.5258827867719895e-05,0.0039062549670649885,0.19594923676838766,0.31308279735512307,ZENITH
2021-03-04,25.3,25.55,25.65,25.3,38650000.0,-0.98,-0.009784735812133127,-0.009832920916238946,9.668633374500936e-05,0.009832920916238946,0.17447565325729367,0.2997265382950998,ZENITH
2021-03-05,25.3,25.3,25.4,24.95,46850000.0,0.0,0.0,0.0,0.0,0.0,0.14320473753394783,0.29944670019328895,ZENITH
2021-03-08,24.9,25.3,25.4,24.7,66500000.0,-1.58,-0.015810276679842028,-0.015936592262812754,0.00025397497295114334,0.015936592262812754,0.09648736298380035,0.2888266920988295,ZENITH
2021-03-09,21.75,22.2,22.2,21.1,35770000.0,-12.65,-0.12650602409638545,-0.13525404593596874,0.018293656942049142,0.13525404593596874,0.9125843121623962,0.5439931138120346,ZENITH
2021-03-10,21.75,21.75,21.95,21.75,12130000.0,0.0,0.0,0.0,0.0,0.0,0.9208104357771422,0.5447892203768442,ZENITH
2021-03-11,21.45,21.75,21.75,21.4,11500000.0,-1.38,-0.01379310344827589,-0.01388911216066715,0.0001929074366115921,0.01388911216066715,0.9150340414538963,0.5386529524507995,ZENITH
2021-03-12,21.35,21.45,21.5,21.3,10470000.0,-0.47,-0.004662004662004615,-0.00467290569939237,2.1836047675413695e-05,0.00467290569939237,0.9049577342303377,0.5387205568643364,ZENITH
2021-03-15,21.2,21.35,21.4,21.15,7670000.0,-0.7,-0.007025761124121899,-0.007050557996666911,4.9710368064363726e-05,0.007050557996666911,0.9182032988173737,0.5358970720198993,ZENITH
2021-03-16,20.3,21.2,21.15,20.3,15190000.0,-4.25,-0.04245283018867918,-0.04338029563022505,0.0018818500489657228,0.04338029563022505,0.27430082063528016,0.5470080254519696,ZENITH
2021-03-17,20.5,20.3,20.6,19.5,28450000.0,0.99,0.009852216748768461,0.009804000096620835,9.611841789454134e-05,0.009804000096620835,0.31165805405110814,0.5512592961926239,ZENITH
2021-03-18,22.0,20.5,22.0,20.55,32840000.000000004,7.32,0.07317073170731714,0.07061756721395342,0.004986840799217228,0.07061756721395342,0.6597074475100754,0.6168839827991948,ZENITH
2021-03-19,22.5,22.0,22.7,22.1,66099999.99999999,2.27,0.022727272727272707,0.022472855852058576,0.0005050292501474034,0.022472855852058576,0.6626092441944855,0.6139584591912916,ZENITH
2021-03-22,22.5,22.5,22.6,22.4,25000000.0,0.0,0.0,0.0,0.0,0.0,0.6526649149335967,0.6057518030261966,ZENITH
2021-03-23,22.0,22.5,22.5,21.95,22530000.0,-2.22,-0.022222222222222254,-0.02247285585205863,0.0005050292501474058,0.02247285585205863,0.5498799843958058,0.6080321605841018,ZENITH
2021-03-24,22.0,22.0,22.05,21.95,16670000.000000002,0.0,0.0,0.0,0.0,0.0,0.5612222926783313,0.5774396434888251,ZENITH
2021-03-25,22.0,22.0,22.05,22.0,12090000.0,0.0,0.0,0.0,0.0,0.0,0.25225718130228464,0.5739332688172085,ZENITH
2021-03-26,22.0,22.0,22.05,21.95,21010000.0,0.0,0.0,0.0,0.0,0.0,0.15954144980985302,0.5737290810810963,ZENITH
2021-03-29,22.05,22.0,22.15,21.95,12690000.0,0.23,0.002272727272727204,0.0022701485345390775,5.153574368869922e-06,0.0022701485345390775,0.1643132244198965,0.5739611932457223,ZENITH
2021-03-30,22.6,22.05,22.95,22.1,24910000.0,2.49,0.024943310657596474,0.024637304385385292,0.0006069967673781253,0.024637304385385292,0.17158943045777456,0.5801257197329464,ZENITH
2021-03-31,22.55,22.6,22.65,22.5,22140000.0,-0.22,-0.0022123893805310324,-0.0022148403295528985,4.905517685413992e-06,0.0022148403295528985,0.1766125212884457,0.5802982411748491,ZENITH
2021-04-01,22.1,22.55,22.55,22.05,6720000.0,-2.0,-0.019955654101995512,-0.02015745742498017,0.0004063230898398882,0.02015745742498017,0.25340426522898324,0.5822396806625079,ZENITH
2021-04-06,21.9,22.1,22.05,21.85,16590000.0,-0.9,-0.009049773755656187,-0.009090971701252075,8.264576647296605e-05,0.009090971701252075,0.2634730313365415,0.5821983825304338,ZENITH
2021-04-07,21.0,21.9,21.9,20.65,55030000.0,-4.11,-0.041095890410958846,-0.04196419909903208,0.001760994006023205,0.04196419909903208,0.3876898951200633,0.5939860854356522,ZENITH
2021-04-08,21.8,21.0,21.9,21.2,17580000.0,3.81,0.03809523809523818,0.03738753207162041,0.001397827554406445,0.03738753207162041,0.4623353689643237,0.6143662764378542,ZENITH
2021-04-09,21.95,21.8,22.0,21.8,7330000.0,0.69,0.006880733944954143,0.006857169726137045,4.70207766530504e-05,0.006857169726137045,0.4728736777204329,0.3976112506211021,ZENITH
2021-04-12,22.0,21.95,22.15,22.0,4540000.0,0.23,0.002277904328018332,0.0022753138371356054,5.177053057460752e-06,0.0022753138371356054,0.4552381274659594,0.3976579423036058,ZENITH
2021-04-13,21.9,22.0,22.1,21.05,10940000.0,-0.45,-0.00454545454545463,-0.004555816535860802,2.0755464308422717e-05,0.004555816535860802,0.4512225790341852,0.3946928642700708,ZENITH
2021-04-14,22.0,21.9,22.05,21.9,19620000.0,0.46,0.004566210045662267,0.0045558165358608824,2.0755464308423452e-05,0.0045558165358608824,0.2582614534408487,0.3943194291234928,ZENITH
2021-04-15,21.8,22.0,21.9,21.55,5720000.0,-0.91,-0.009090909090909038,-0.009132483563272474,8.340225603344191e-05,0.009132483563272474,0.10563140586364969,0.3949489276407056,ZENITH
2021-04-16,21.5,21.8,21.85,21.5,6140000.0,-1.38,-0.013761467889908285,-0.013857034661426241,0.00019201740960796826,0.013857034661426241,0.12200981789154565,0.3649397762697463,ZENITH
2021-04-19,21.65,21.5,21.7,21.5,18170000.0,0.7,0.006976744186046435,0.006952519314881663,4.833752482380259e-05,0.006952519314881663,0.14061065497802303,0.36437706040117446,ZENITH
2021-04-20,22.25,21.65,22.35,21.7,26180000.0,2.77,0.02771362586605086,0.02733655416375042,0.0007472871935476603,0.02733655416375042,0.25615589194936683,0.28471579128605423,ZENITH
2021-04-21,22.3,22.25,22.5,22.0,12470000.0,0.22,0.0022471910112360494,0.0022446698538239494,5.038542752666031e-06,0.0022446698538239494,0.25589412724940125,0.2734812143377521,ZENITH
2021-04-22,22.0,22.3,22.3,22.0,28750000.0,-1.35,-0.013452914798206317,-0.01354422510775726,0.00018344603376960216,0.01354422510775726,0.27026859595148395,0.2772150957997073,ZENITH
2021-04-23,22.3,22.0,22.3,22.15,5030000.0,1.36,0.013636363636363669,0.013544225107757253,0.00018344603376960197,0.013544225107757253,0.2381986235100458,0.2701651545679184,ZENITH
2021-04-26,22.2,22.3,22.3,22.05,14250000.0,-0.45,-0.004484304932735439,-0.004494389587839326,2.019953776727855e-05,0.004494389587839326,0.2526924846997781,0.2707483200780278,ZENITH
2021-04-27,22.1,22.2,22.25,22.1,14780000.0,-0.45,-0.0045045045045044585,-0.004514680354526583,2.038233870354827e-05,0.004514680354526583,0.15941062416985102,0.2712900098180486,ZENITH
2021-04-28,22.1,22.1,22.45,22.0,16579999.999999998,0.0,0.0,0.0,0.0,0.0,0.15699745339711557,0.2712900098180486,ZENITH
2021-04-29,22.15,22.1,22.15,22.05,9830000.0,0.23,0.002262443438913797,0.002259887967437283,5.1070936253678146e-06,0.002259887967437283,0.11770187059990057,0.27128903322187187,ZENITH
2021-04-30,22.25,22.15,22.25,22.05,15610000.0,0.45,0.004514672686230403,0.004504512121104729,2.0290629449179425e-05,0.004504512121104729,0.06397834893677466,0.25704350435188467,ZENITH
2021-05-04,22.0,22.25,22.6,22.0,58000000.0,-1.12,-0.011235955056179803,-0.011299555253933394,0.00012767994893669377,0.011299555253933394,0.09947887557677279,0.2596124992658709,ZENITH
2021-05-05,21.3,22.0,22.0,21.3,25030000.0,-3.18,-0.031818181818181746,-0.03233538064293635,0.0010455768413235825,0.03233538064293635,0.24163264589889422,0.27386752320640967,ZENITH
2021-05-06,21.95,21.3,22.0,21.6,29430000.0,3.05,0.030516431924882514,0.03006006680580082,0.0009036076163692082,0.03006006680580082,0.36312269940355085,0.2935303749305113,ZENITH
2021-05-07,22.2,21.95,22.2,21.9,25510000.0,1.14,0.011389521640091216,0.011325149357053503,0.00012825900795956937,0.011325149357053503,0.3743488015964224,0.25246373092458124,ZENITH
2021-05-10,23.0,22.2,24.0,22.25,44000000.0,3.6,0.03603603603603611,0.035401927050916,0.001253296438918378,0.035401927050916,0.45169921768936727,0.24909212257992852,ZENITH
2021-05-11,23.25,23.0,23.4,23.0,26420000.0,1.09,0.010869565217391353,0.010810916104215676,0.00011687590701238986,0.010810916104215676,0.4227527103225142,0.25032668791952395,ZENITH
2021-05-14,23.7,23.25,23.8,23.25,32030000.0,1.94,0.019354838709677358,0.019169916107720123,0.0003674856835770274,0.019169916107720123,0.17563486535353012,0.2566920043146008,ZENITH
2021-05-17,23.7,23.7,23.7,23.5,52680000.0,0.0,0.0,0.0,0.0,0.0,0.2083580391428763,0.2553622749249267,ZENITH
2021-05-18,23.5,23.7,23.6,23.35,18550000.0,-0.84,-0.008438818565400852,-0.008474626990972232,7.181930263611507e-05,0.008474626990972232,0.2705393213375428,0.2588175519206786,ZENITH
2021-05-19,23.0,23.5,23.3,23.0,9640000.0,-2.13,-0.021276595744680882,-0.02150620522096362,0.00046251686300620285,0.02150620522096362,0.2533336903031258,0.26953826904346617,ZENITH
2021-05-20,23.0,23.0,23.05,22.95,27570000.0,0.0,0.0,0.0,0.0,0.0,0.2352491021714287,0.2631068721355235,ZENITH
2021-05-21,23.0,23.0,23.0,23.0,3210000.0,0.0,0.0,0.0,0.0,0.0,0.14945790261458722,0.26296356212617383,ZENITH
2021-05-24,23.05,23.0,23.05,23.0,7210000.0,0.22,0.0021739130434783593,0.0021715535135079325,4.7156446620286465e-06,0.0021715535135079325,0.15561484080709098,0.2474673853296281,ZENITH
2021-05-25,23.05,23.05,23.05,23.0,28190000.0,0.0,0.0,0.0,0.0,0.0,0.1572431418196883,0.24752524367187093,ZENITH
2021-05-26,22.8,23.05,23.0,22.8,22100000.0,-1.08,-0.010845986984815648,-0.010905233482262468,0.00011892411730265839,0.010905233482262468,0.08263300015573981,0.24565593216606127,ZENITH
2021-05-27,22.9,22.8,23.0,22.9,5850000.0,0.44,0.004385964912280604,0.0043763745997987815,1.9152654637763945e-05,0.0043763745997987815,0.09357722617692911,0.24211414744212223,ZENITH
2021-05-28,23.0,22.9,23.0,22.95,20240000.0,0.44,0.004366812227074357,0.004357305368955847,1.8986110078331454e-05,0.004357305368955847,0.10095566938458692,0.24140203444450287,ZENITH
2021-05-31,23.0,23.0,23.0,22.95,20930000.0,0.0,0.0,0.0,0.0,0.0,0.09917431343064921,0.24044563065602823,ZENITH
2021-06-01,22.85,23.0,23.0,22.85,20480000.0,-0.65,-0.006521739130434745,-0.0065430985889359475,4.281213914453559e-05,0.0065430985889359475,0.10786666445815592,0.24215957740386224,ZENITH
2021-06-02,22.95,22.85,23.0,22.95,5280000.0,0.44,0.004376367614879584,0.0043668191663403895,1.9069109631517775e-05,0.0043668191663403895,0.0758911531456682,0.24234302137738084,ZENITH
2021-06-03,23.0,22.95,23.0,22.95,27510000.0,0.22,0.002178649237472907,0.00217627942259567,4.736192125213343e-06,0.00217627942259567,0.07178996256252293,0.2421363867002609,ZENITH
2021-06-04,23.0,23.0,23.0,22.95,3340000.0,0.0,0.0,0.0,0.0,0.0,0.06478347610911696,0.2376870383513862,ZENITH
2021-06-07,22.95,23.0,23.0,22.95,15940000.0,-0.22,-0.0021739130434782483,-0.0021762794225955173,4.736192125212678e-06,0.0021762794225955173,0.06660032177017797,0.20304197334626897,ZENITH
2021-06-08,22.9,22.95,22.95,22.9,15250000.0,-0.22,-0.002178649237472796,-0.002181025946360226,4.756874178696519e-06,0.002181025946360226,0.04513976371908282,0.17934177897915093,ZENITH
2021-06-09,22.95,22.9,22.95,22.9,20760000.0,0.22,0.0021834061135370675,0.002181025946360146,4.756874178696171e-06,0.002181025946360146,0.03458505969769754,0.17613091467517536,ZENITH
2021-06-10,23.1,22.95,23.1,23.0,27320000.0,0.65,0.0065359477124184995,0.0065146810211938935,4.244106880790391e-05,0.0065146810211938935,0.05774408893623448,0.12812647891851348,ZENITH
2021-06-11,23.15,23.1,23.2,23.1,25720000.0,0.22,0.0021645021645020357,0.0021621630044950956,4.674948858007259e-06,0.0021621630044950956,0.05773744779044202,0.12248595056712243,ZENITH
2021-06-15,23.35,23.15,23.35,23.15,25830000.0,0.86,0.008639308855291628,0.008602203582663288,7.399790647758511e-05,0.008602203582663288,0.06684024417059965,0.10575062883697794,ZENITH
2021-06-16,23.4,23.35,23.4,23.25,9760000.0,0.21,0.0021413276231261325,0.0021390382487492207,4.575484629612133e-06,0.0021390382487492207,0.048372960206754294,0.10618988187485105,ZENITH
2021-06-17,23.5,23.4,23.55,23.2,15740000.0,0.43,0.004273504273504258,0.004264398786457518,1.8185097009940353e-05,0.004264398786457518,0.04469067990407592,0.10343050656532547,ZENITH
2021-06-18,23.8,23.5,23.8,23.45,44970000.0,1.28,0.01276595744680864,0.01268515952731586,0.00016091327223345236,0.01268515952731586,0.07279237686089289,0.07871616600554965,ZENITH
2021-06-21,23.9,23.8,23.9,23.6,16140000.0,0.42,0.004201680672268893,0.004192878260035958,1.758022810348216e-05,0.004192878260035958,0.0673209218567865,0.07896306257950114,ZENITH
2021-06-22,23.8,23.9,23.95,23.8,10470000.0,-0.42,-0.004184100418409997,-0.004192878260035927,1.7580228103481905e-05,0.004192878260035927,0.09589287042883746,0.08148163313791026,ZENITH
2021-06-23,23.5,23.8,23.75,23.5,33680000.0,-1.26,-0.012605042016806789,-0.0126851595273158,0.0001609132722334508,0.0126851595273158,0.1529925159338043,0.09531253352126189,ZENITH
2021-06-24,23.8,23.5,23.8,23.5,13570000.0,1.28,0.01276595744680864,0.01268515952731586,0.00016091327223345236,0.01268515952731586,0.1749291569836784,0.1035428536571506,ZENITH
2021-06-25,23.8,23.8,23.85,23.65,8580000.0,0.0,0.0,0.0,0.0,0.0,0.14996726656992304,0.09344679755873515,ZENITH
2021-06-28,23.65,23.8,23.75,23.55,8810000.0,-0.63,-0.00630252100840345,-0.006322465739487126,3.9973573026988495e-05,0.006322465739487126,0.15002582705600584,0.09735022483233023,ZENITH
2021-06-29,23.75,23.65,23.85,23.7,11130000.0,0.42,0.0042283298097252064,0.0042194155427082896,1.780346752204829e-05,0.0042194155427082896,0.1544645536113861,0.09730100703178916,ZENITH
2021-06-30,23.75,23.75,23.8,23.75,11160000.0,0.0,0.0,0.0,0.0,0.0,0.11120489480219056,0.09730100703178916,ZENITH
2021-07-01,23.9,23.75,23.9,23.75,9820000.0,0.63,0.0063157894736840525,0.0062959284568146106,3.9638715133328005e-05,0.0062959284568146106,0.07691346913178389,0.09399051639136281,ZENITH
2021-07-02,24.0,23.9,24.0,23.9,17880000.0,0.42,0.004184100418409997,0.004175371410480592,1.743372641545869e-05,0.004175371410480592,0.07970677248551482,0.09393567393763357,ZENITH
2021-07-05,24.1,24.0,24.15,23.95,13310000.0,0.42,0.004166666666666652,0.004158010148663677,1.7289048396390133e-05,0.004158010148663677,0.036468262710101784,0.09419838150770707,ZENITH
2021-07-06,24.8,24.1,24.8,24.15,11450000.0,2.9,0.029045643153526868,0.02863181267432708,0.0008197806970177568,0.02863181267432708,0.18096890920742076,0.13078826825307602,ZENITH
2021-07-07,25.0,24.8,25.0,24.25,27540000.0,0.81,0.008064516129032251,0.008032171697264253,6.45157821743329e-05,0.008032171697264253,0.16506006857092173,0.12989697920393486,ZENITH
2021-07-08,25.0,25.0,25.0,24.8,22820000.0,0.0,0.0,0.0,0.0,0.0,0.17996166244334397,0.12878862410100375,ZENITH
2021-07-09,24.95,25.0,24.95,24.9,9870000.0,-0.2,-0.0020000000000000018,-0.0020020026706730793,4.008014693382142e-06,0.0020020026706730793,0.19510073525493946,0.13041086112176975,ZENITH
2021-07-12,24.4,24.95,25.0,24.15,35320000.0,-2.2,-0.022044088176352727,-0.02229068989837151,0.0004968748561453618,0.02229068989837151,0.2921264852851585,0.15850311895510064,ZENITH
2021-07-13,24.3,24.4,24.85,24.3,6470000.0,-0.41,-0.004098360655737654,-0.004106781952653359,1.6865658006639338e-05,0.004106781952653359,0.17735791802885817,0.1602034188380981,ZENITH
2021-07-14,24.0,24.3,24.3,24.0,17650000.0,-1.23,-0.012345679012345734,-0.012422519998557209,0.0001543190031145538,0.012422519998557209,0.14609302013501038,0.16623817777212008,ZENITH
2021-07-15,24.3,24.0,24.3,24.2,3560000.0,1.25,0.012499999999999956,0.01242251999855711,0.00015431900311455135,0.01242251999855711,0.2046950702399187,0.17064474123509452,ZENITH
2021-07-16,24.45,24.3,24.65,24.2,6630000.0,0.62,0.006172839506172867,0.006153865574378286,3.787006150751819e-05,0.006153865574378286,0.22143201069612073,0.1711138372472246,ZENITH
2021-07-19,24.45,24.45,24.6,24.1,3640000.0,0.0,0.0,0.0,0.0,0.0,0.15112823619284932,0.16661075123301755,ZENITH
2021-07-22,24.65,24.45,24.7,24.55,10010000.0,0.82,0.008179959100204526,0.008146684567818108,6.636846944752572e-05,0.008146684567818108,0.15308314600094564,0.16803765671488635,ZENITH
2021-07-23,24.85,24.65,25.0,24.65,24290000.0,0.81,0.008113590263691739,0.008080852053938674,6.530016991764488e-05,0.008080852053938674,0.07169722135136246,0.16820360192674236,ZENITH
2021-07-26,24.65,24.85,24.9,24.65,8060000.000000001,-0.8,-0.008048289738430747,-0.008080852053938783,6.530016991764666e-05,0.008080852053938783,0.11053540883688172,0.16381841556825094,ZENITH
2021-07-27,24.8,24.65,24.85,24.7,7060000.0,0.61,0.006085192697768749,0.006066752682237362,3.680548810743423e-05,0.006066752682237362,0.11037348447419212,0.16008084903344946,ZENITH
2021-07-28,24.4,24.8,24.75,24.4,10980000.0,-1.61,-0.016129032258064613,-0.016260520871780405,0.0002644045390216062,0.016260520871780405,0.1770097899746879,0.17205183733897414,ZENITH
2021-07-29,24.45,24.4,24.5,24.35,6010000.0,0.2,0.002049180327868827,0.002047083621724823,4.190551354334018e-06,0.002047083621724823,0.16319257072256,0.1698790201879263,ZENITH
2021-07-30,24.55,24.45,24.7,24.55,2730000.0,0.41,0.004089979550102374,0.004081638319648678,1.665977137242448e-05,0.004081638319648678,0.15014967496337353,0.1698527588163875,ZENITH
2021-08-02,24.6,24.55,24.65,24.55,7840000.0,0.2,0.0020366598778003286,0.0020345886977874567,4.139551169164459e-06,0.0020345886977874567,0.14317348572793848,0.16976085778041783,ZENITH
2021-08-03,24.4,24.6,24.5,24.4,7190000.0,-0.81,-0.008130081300813163,-0.008163310639161094,6.66396405914407e-05,0.008163310639161094,0.13819785880900406,0.1721733162813133,ZENITH
2021-08-04,24.5,24.4,24.5,24.4,1670000.0,0.41,0.004098360655737654,0.004089985251525066,1.672797935769256e-05,0.004089985251525066,0.08133725820515689,0.1721536392962302,ZENITH
2021-08-05,24.4,24.5,24.5,24.4,11940000.0,-0.41,-0.004081632653061273,-0.004089985251525166,1.6727979357693376e-05,0.004089985251525166,0.08696883999103505,0.17260669088821567,ZENITH
2021-08-06,24.35,24.4,24.4,24.35,6010000.0,-0.2,-0.002049180327868716,-0.0020512827705572493,4.207761004785024e-06,0.0020512827705572493,0.07738737760119976,0.13931075611938049,ZENITH
2021-08-09,24.25,24.35,24.35,24.25,4290000.0,-0.41,-0.004106776180698213,-0.004115232145106655,1.693513560811912e-05,0.004115232145106655,0.07106822143197349,0.1358400011890555,ZENITH
2021-08-10,24.1,24.25,24.2,24.1,6900000.0,-0.62,-0.006185567010309256,-0.00620477688688287,3.8499256215995874e-05,0.00620477688688287,0.06274364812797575,0.1367029842165923,ZENITH
2021-08-11,24.2,24.1,24.25,24.15,3310000.0,0.41,0.004149377593360981,0.004140792666031387,1.7146163903059322e-05,0.004140792666031387,0.06307866537620925,0.13820589508303188,ZENITH
2021-08-12,24.3,24.2,24.45,24.25,11070000.0,0.41,0.004132231404958775,0.004123717183862156,1.7005043412480032e-05,0.004123717183862156,0.07547499187291593,0.11663325507129485,ZENITH
2021-08-13,24.4,24.3,24.4,24.25,7680000.0,0.41,0.00411522633744843,0.004106781952653281,1.6865658006638697e-05,0.004106781952653281,0.08156844617593796,0.11663325507129485,ZENITH
2021-08-16,24.25,24.4,24.4,24.0,5380000.0,-0.61,-0.006147540983606481,-0.006166514915663904,3.8025906205105404e-05,0.006166514915663904,0.08963898564702362,0.1099259302857347,ZENITH
2021-08-17,24.2,24.25,24.25,24.2,3550000.0,-0.21,-0.0020618556701030855,-0.0020639842208514825,4.260030863923902e-06,0.0020639842208514825,0.07524649417393638,0.1012284371402881,ZENITH
2021-08-18,24.2,24.2,24.25,24.2,8510000.0,0.0,0.0,0.0,0.0,0.0,0.0692666458315547,0.09857413206570234,ZENITH
2021-08-19,24.25,24.2,24.3,24.1,5810000.0,0.21,0.0020661157024792765,0.0020639842208514275,4.260030863923674e-06,0.0020639842208514275,0.06278118297484264,0.09896178659080189,ZENITH
2021-08-20,24.3,24.25,24.45,24.25,8890000.0,0.21,0.0020618556701030855,0.0020597329630105622,4.24249987891227e-06,0.0020597329630105622,0.05465497398466617,0.094490330027031,ZENITH
2021-08-23,24.3,24.3,24.4,24.3,5590000.0,0.0,0.0,0.0,0.0,0.0,0.0273968224937181,0.08903812368708976,ZENITH
2021-08-24,24.5,24.3,24.6,24.4,6840000.0,0.82,0.008230452674897082,0.00819676720417849,6.718699259949608e-05,0.00819676720417849,0.053439978878763915,0.09071804690564739,ZENITH
2021-08-25,24.4,24.5,24.5,24.4,5800000.0,-0.41,-0.004081632653061273,-0.004089985251525166,1.6727979357693376e-05,0.004089985251525166,0.07048946451808592,0.0885465888694093,ZENITH
2021-08-26,24.3,24.4,24.4,24.3,3930000.0,-0.41,-0.004098360655737654,-0.004106781952653359,1.6865658006639338e-05,0.004106781952653359,0.08101235511709998,0.06978561333275363,ZENITH
2021-08-27,24.4,24.3,24.45,24.35,16360000.0,0.41,0.00411522633744843,0.004106781952653281,1.6865658006638697e-05,0.004106781952653281,0.08484815172563595,0.07097424346929684,ZENITH
2021-08-30,24.25,24.4,24.4,24.0,9080000.0,-0.61,-0.006147540983606481,-0.006166514915663904,3.8025906205105404e-05,0.006166514915663904,0.0987617979513713,0.07223826656365039,ZENITH
2021-08-31,24.0,24.25,24.2,23.9,10140000.0,-1.03,-0.010309278350515427,-0.010362787035546547,0.00010738735514409158,0.010362787035546547,0.0835644542466177,0.07901998561063253,ZENITH
2021-09-01,24.0,24.0,24.05,23.95,16590000.0,0.0,0.0,0.0,0.0,0.0,0.08856389673060046,0.07487591756084698,ZENITH
2021-09-02,24.05,24.0,24.05,23.95,13710000.0,0.21,0.002083333333333437,0.002081166203824671,4.331252767941991e-06,0.002081166203824671,0.09565015162099853,0.07353868241437504,ZENITH
2021-09-03,24.1,24.05,24.3,24.0,7010000.0,0.21,0.0020790020790020236,0.002076843944839069,4.313280771214706e-06,0.002076843944839069,0.08818857880181284,0.0732521702793616,ZENITH
2021-09-06,24.25,24.1,24.25,24.15,7450000.0,0.62,0.006224066390041472,0.00620477688688287,3.8499256215995874e-05,0.00620477688688287,0.0986684454557438,0.0766786901652032,ZENITH
2021-09-07,24.2,24.25,24.3,24.2,14300000.0,-0.21,-0.0020618556701030855,-0.0020639842208514825,4.260030863923902e-06,0.0020639842208514825,0.04868959934341167,0.07568038232277166,ZENITH
2021-09-08,24.0,24.2,24.2,24.0,7410000.0,-0.83,-0.008264462809917328,-0.008298802814695066,6.887012815719075e-05,0.008298802814695066,0.08704745127173766,0.07811770506396397,ZENITH
2021-09-09,23.8,24.0,24.1,23.5,9140000.0,-0.83,-0.008333333333333304,-0.00836824967051658,7.002760254810084e-05,0.00836824967051658,0.10168741873214861,0.08131654823772919,ZENITH
2021-09-10,24.0,23.8,24.0,23.45,10220000.0,0.84,0.008403361344537785,0.00836824967051658,7.002760254810084e-05,0.00836824967051658,0.12505314498726067,0.08575866279079862,ZENITH
2021-09-13,23.7,23.7,24.0,23.7,4190000.0000000005,-1.25,-0.012500000000000067,-0.012578782206860185,0.0001582257618076224,0.012578782206860185,0.1294887036850687,0.0933804509274561,ZENITH
2021-09-14,23.8,23.7,23.8,23.6,8320000.0,0.42,0.0042194092827005925,0.004210532536343679,1.7728584239608736e-05,0.004210532536343679,0.14403908410662522,0.09360566037912155,ZENITH
2021-09-15,23.65,23.8,23.75,23.5,9710000.0,-0.63,-0.00630252100840345,-0.006322465739487126,3.9973573026988495e-05,0.006322465739487126,0.14038390620042568,0.09542227496236995,ZENITH
2021-09-16,23.65,23.65,23.65,23.5,8490000.0,0.0,0.0,0.0,0.0,0.0,0.13233114086286274,0.09542227496236995,ZENITH
2021-09-17,23.8,23.65,23.8,23.65,9950000.0,0.63,0.00634249471458781,0.006322465739487108,3.9973573026988264e-05,0.006322465739487108,0.12344815191111896,0.09829547760462164,ZENITH
2021-09-20,23.5,23.8,23.7,23.5,5660000.0,-1.26,-0.012605042016806789,-0.0126851595273158,0.0001609132722334508,0.0126851595273158,0.12404105750109083,0.10570799870161757,ZENITH
2021-09-21,22.95,23.5,23.4,22.7,14200000.0,-2.34,-0.023404255319148914,-0.023682484643559095,0.0005608600788924124,0.023682484643559095,0.1839661965860422,0.1302042630687002,ZENITH
2021-09-22,22.9,22.95,22.95,22.8,11760000.0,-0.22,-0.002178649237472796,-0.002181025946360226,4.756874178696519e-06,0.002181025946360226,0.18762804524530333,0.12405683229868211,ZENITH
2021-09-23,22.85,22.9,22.9,22.8,9200000.0,-0.22,-0.0021834061135369565,-0.0021857932199800967,4.77769200051096e-06,0.0021857932199800967,0.18349385711714727,0.12406317237414782,ZENITH
2021-09-24,23.5,22.85,23.5,22.85,12020000.0,2.84,0.02844638949671774,0.028049303809899586,0.0007867634442200475,0.028049303809899586,0.30595912888152504,0.16433057225310194,ZENITH
2021-09-27,23.45,23.5,23.5,23.45,4820000.0,-0.21,-0.0021276595744681437,-0.002129926257824965,4.5365858637722585e-06,0.002129926257824965,0.29279618090560866,0.16301937684669032,ZENITH
2021-09-28,23.3,23.45,23.45,23.3,5750000.0,-0.64,-0.006396588486140664,-0.006417134320633429,4.117961288905146e-05,0.006417134320633429,0.22396534062224518,0.16310448472246633,ZENITH
2021-09-29,23.5,23.3,23.5,23.2,12110000.0,0.86,0.008583690987124415,0.008547060578458348,7.305224453183675e-05,0.008547060578458348,0.22118113988401059,0.16389856636518008,ZENITH
2021-09-30,23.45,23.5,23.6,23.3,10510000.0,-0.21,-0.0021276595744681437,-0.002129926257824965,4.5365858637722585e-06,0.002129926257824965,0.2210643701512279,0.16390048333072715,ZENITH
2021-10-04,23.5,23.45,23.55,23.5,9380000.0,0.21,0.002132196162046851,0.002129926257824849,4.5365858637717656e-06,0.002129926257824849,0.08974420173899601,0.16391250931931392,ZENITH
2021-10-05,23.9,23.5,23.95,23.55,9220000.0,1.7,0.017021276595744705,0.01687803778735173,0.00028486815955127293,0.01687803778735173,0.14547335461892652,0.17516209687733736,ZENITH
2021-10-06,24.05,23.9,24.4,23.9,11630000.0,0.63,0.006276150627615218,0.006256537614305358,3.914426291921778e-05,0.006256537614305358,0.11375295822280161,0.17518676682241793,ZENITH
2021-10-07,24.15,24.05,24.3,24.0,11660000.0,0.42,0.004158004158004047,0.004149383546811397,1.721738381854913e-05,0.004149383546811397,0.11264752982060532,0.17576191413568118,ZENITH
2021-10-08,24.5,24.15,24.5,24.3,3920000.0,1.45,0.01449275362318847,0.01438873745209967,0.00020703576546545572,0.01438873745209967,0.10320512127727444,0.17994613385765074,ZENITH
2021-10-11,24.55,24.5,24.7,24.5,12230000.0,0.2,0.0020408163265306367,0.002038736689848309,4.15644729053364e-06,0.002038736689848309,0.10357558098476492,0.17671488263921672,ZENITH
2021-10-12,24.55,24.55,24.6,24.55,6700000.0,0.0,0.0,0.0,0.0,0.0,0.08822415340555428,0.1749724210176659,ZENITH
2021-10-13,24.8,24.55,24.8,24.6,4150000.0000000005,1.02,0.010183299389002087,0.010131798930406955,0.00010265334956619552,0.010131798930406955,0.09473591481486004,0.17025915880550663,ZENITH
2021-10-14,24.7,24.8,24.8,24.7,9800000.0,-0.4,-0.0040322580645162365,-0.004040409537005086,1.6324909226721655e-05,0.004040409537005086,0.12004703078187001,0.17140259188062948,ZENITH
2021-10-15,24.7,24.7,24.9,24.5,5110000.0,0.0,0.0,0.0,0.0,0.0,0.08321442009427162,0.1690254038794009,ZENITH
2021-10-18,24.85,24.7,25.0,24.7,7040000.0,0.61,0.006072874493927127,0.006054508908706222,3.665707812560301e-05,0.006054508908706222,0.08914167584102657,0.16939262592769375,ZENITH
2021-10-20,24.95,24.85,25.05,24.85,11940000.0,0.4,0.004024144869215096,0.004016069654889744,1.6128815472926224e-05,0.004016069654889744,0.08677502853240579,0.16890000349856424,ZENITH
2021-10-21,24.95,24.95,25.0,24.9,6160000.0,0.0,0.0,0.0,0.0,0.0,0.06241640451857947,0.16026492923449698,ZENITH
2021-10-22,25.0,24.95,25.0,24.9,8980000.0,0.2,0.002004008016032177,0.0020020026706731903,4.008014693382586e-06,0.0020020026706731903,0.04173249668903239,0.1281690862450024,ZENITH
2021-10-25,24.9,25.0,25.0,24.9,7290000.0,-0.4,-0.0040000000000000036,-0.004008021397538822,1.606423552312905e-05,0.004008021397538822,0.061405173078575265,0.12944250199146548,ZENITH
2021-10-26,24.8,24.9,25.0,24.65,7820000.0,-0.4,-0.004016064257028051,-0.00402415029972538,1.6193785634779863e-05,0.00402415029972538,0.057006688382241016,0.130697701216514,ZENITH
2021-10-27,25.0,24.8,25.0,24.85,5720000.0,0.81,0.008064516129032251,0.008032171697264253,6.45157821743329e-05,0.008032171697264253,0.07936468704958433,0.09853051134146773,ZENITH
2021-10-28,25.05,25.0,25.2,24.95,5540000.0,0.2,0.0020000000000000018,0.001998002662673058,3.99201464004863e-06,0.001998002662673058,0.07999469307608156,0.09687453466891138,ZENITH
2021-10-29,25.25,25.05,25.25,25.0,9000000.0,0.8,0.007984031936127733,0.007952328190495015,6.323952364934172e-05,0.007952328190495015,0.09531433293403987,0.09165491025815752,ZENITH
2021-11-01,25.15,25.25,25.3,25.0,13490000.0,-0.4,-0.003960396039603964,-0.003968259175620622,1.574708088489726e-05,0.003968259175620622,0.0951569812908072,0.09376388991687937,ZENITH
2021-11-02,25.0,25.15,25.1,25.0,29900000.0,-0.6,-0.005964214711729587,-0.005982071677547429,3.578518155531511e-05,0.005982071677547429,0.10360364311911105,0.09741751474506197,ZENITH
2021-11-03,24.5,25.0,25.0,24.5,5760000.0,-2.0,-0.020000000000000018,-0.020202707317519466,0.0004081493829573546,0.020202707317519466,0.1674898455041865,0.12645843034967028,ZENITH
2021-11-04,24.5,24.5,24.6,24.5,5310000.0,0.0,0.0,0.0,0.0,0.0,0.1635049003922685,0.11434814783758046,ZENITH
2021-11-05,24.6,24.5,24.85,24.6,1680000.0,0.41,0.004081632653061273,0.004073325387635869,1.65919797135589e-05,0.004073325387635869,0.14640809576159378,0.11337300692107628,ZENITH
2021-11-08,24.5,24.6,24.6,24.4,32619999.999999996,-0.41,-0.004065040650406582,-0.004073325387635898,1.659197971355914e-05,0.004073325387635898,0.14635357735753823,0.11414071864124246,ZENITH
2021-11-09,24.4,24.5,24.5,24.4,17480000.0,-0.41,-0.004081632653061273,-0.004089985251525166,1.6727979357693376e-05,0.004089985251525166,0.1463631216370953,0.10365524694218871,ZENITH
2021-11-10,24.1,24.4,24.4,24.1,11420000.0,-1.23,-0.012295081967212962,-0.012371291802546718,0.00015304886086375962,0.012371291802546718,0.09681044615897132,0.11146811702082457,ZENITH
2021-11-11,24.0,24.1,24.1,24.0,12520000.0,-0.41,-0.004149377593361092,-0.004158010148663788,1.7289048396391058e-05,0.004158010148663788,0.0922972771375032,0.11198348895729122,ZENITH
2021-11-12,24.0,24.0,24.0,23.95,9670000.0,0.0,0.0,0.0,0.0,0.0,0.07174893195370892,0.1044499771856651,ZENITH
2021-11-15,24.05,24.0,24.1,23.95,16160000.0,0.21,0.002083333333333437,0.002081166203824671,4.331252767941991e-06,0.002081166203824671,0.08790835902893307,0.10477148423928193,ZENITH
2021-11-16,24.05,24.05,24.15,24.0,6470000.0,0.0,0.0,0.0,0.0,0.0,0.09150914988637411,0.10477148423928193,ZENITH
2021-11-17,24.1,24.05,24.95,24.05,7560000.0,0.21,0.0020790020790020236,0.002076843944839069,4.313280771214706e-06,0.002076843944839069,0.040420485671751126,0.1021408152964239,ZENITH
2021-11-18,24.1,24.1,24.2,24.1,4630000.0,0.0,0.0,0.0,0.0,0.0,0.018076603751067413,0.10036012377572172,ZENITH
2021-11-19,23.9,24.1,24.15,23.9,7550000.0,-0.83,-0.008298755186722073,-0.00833338155914441,6.944524821028812e-05,0.00833338155914441,0.06855648253360831,0.10275638958171819,ZENITH
2021-11-22,24.2,23.9,24.2,23.9,11740000.0,1.26,0.012552301255230214,0.012474174225175818,0.00015560502260004072,0.012474174225175818,0.11816429361835609,0.11376952077504159,ZENITH
2021-11-23,24.2,24.2,24.5,24.2,13430000.0,0.0,0.0,0.0,0.0,0.0,0.11816429361835609,0.11352480049048264,ZENITH
2021-11-24,24.45,24.2,24.45,24.2,37410000.0,1.03,0.010330578512396604,0.01027758275824023,0.00010562870735247684,0.01027758275824023,0.13495690903332647,0.11992254259974387,ZENITH
2021-11-25,24.45,24.45,24.5,24.4,22890000.0,0.0,0.0,0.0,0.0,0.0,0.13495690903332647,0.1157273095548553,ZENITH
2021-11-26,24.35,24.45,24.4,24.3,13150000.0,-0.41,-0.004089979550102152,-0.0040983663922821365,1.6796607085387694e-05,0.0040983663922821365,0.11459386579794226,0.1156248575429607,ZENITH
2021-11-29,24.2,24.35,24.2,24.1,12780000.0,-0.62,-0.006160164271047264,-0.00617921636595812,3.8182714897324676e-05,0.00617921636595812,0.10058978997948874,0.11159279748565913,ZENITH
2021-11-30,23.95,24.2,24.15,23.95,38970000.0,-1.03,-0.010330578512396715,-0.010384309305716493,0.00010783387975679016,0.010384309305716493,0.12471220224123947,0.11515872523162006,ZENITH
2021-12-01,24.0,23.95,24.05,23.95,18340000.0,0.21,0.0020876826722338038,0.002085506491021361,4.34933732409223e-06,0.002085506491021361,0.07863336117057525,0.11532429669548735,ZENITH
2021-12-02,23.55,24.0,24.0,23.55,14560000.0,-1.88,-0.018749999999999933,-0.018928009885518796,0.00035826955822629725,0.018928009885518796,0.1240133790265865,0.11283915780646593,ZENITH
2021-12-03,23.5,23.55,23.8,23.5,8029999.999999999,-0.21,-0.002123142250530785,-0.0021253993123134776,4.517322236782604e-06,0.0021253993123134776,0.12814581113265844,0.1126322282638128,ZENITH
2021-12-06,23.5,23.5,23.5,23.4,10250000.0,0.0,0.0,0.0,0.0,0.0,0.13808532338707422,0.11073982557684044,ZENITH
2021-12-07,24.0,23.5,24.0,23.5,11280000.0,2.13,0.02127659574468077,0.021053409197832263,0.00044324603885136815,0.021053409197832263,0.22583020284706212,0.13652719954918946,ZENITH
2021-12-08,24.0,24.0,24.0,23.9,11920000.0,0.0,0.0,0.0,0.0,0.0,0.22534434520708738,0.13608844912735993,ZENITH
2021-12-09,24.55,24.0,24.55,23.95,18700000.0,2.29,0.022916666666666696,0.022658023892583996,0.0005133860467169072,0.022658023892583996,0.19688066259478476,0.15171979078657183,ZENITH
2021-12-10,25.5,24.55,25.5,24.55,13270000.0,3.87,0.0386965376782078,0.03796659792385093,0.0014414625579113618,0.03796659792385093,0.25888525080542285,0.19739205804462714,ZENITH
2021-12-13,25.05,25.5,25.2,24.9,9730000.0,-1.76,-0.01764705882352935,-0.017804624633506592,0.00031700465834006976,0.017804624633506592,0.34589828602762995,0.20991178823773138,ZENITH
2021-12-14,24.75,25.05,25.0,24.75,3220000.0,-1.2,-0.0119760479041916,-0.01204833851617448,0.00014516246100033348,0.01204833851617448,0.3746212939736967,0.21550795053890395,ZENITH
2021-12-15,24.8,24.75,24.8,24.75,3290000.0,0.2,0.002020202020202033,0.0020181641562371953,4.07298656152059e-06,0.0020181641562371953,0.3728021130650783,0.2154601356074964,ZENITH
2021-12-16,24.8,24.8,24.9,24.7,9620000.0,0.0,0.0,0.0,0.0,0.0,0.3448069541289788,0.21550560836062968,ZENITH
2021-12-17,24.8,24.8,25.2,24.8,21940000.0,0.0,0.0,0.0,0.0,0.0,0.14003909679355048,0.21550560836062968,ZENITH
2021-12-20,24.85,24.8,24.95,24.8,3680000.0,0.2,0.002016129032258007,0.0020140993717011856,4.0565962790871106e-06,0.0020140993717011856,0.09406250468941088,0.21260058193896758,ZENITH
2021-12-21,24.65,24.85,24.95,24.65,6780000.0,-0.8,-0.008048289738430747,-0.008080852053938783,6.530016991764666e-05,0.008080852053938783,0.06647967323704773,0.21158715773662454,ZENITH
2021-12-22,24.4,24.65,24.6,24.4,3850000.0,-1.01,-0.010141987829614618,-0.010193768189542944,0.00010391290990213763,0.010193768189542944,0.08708899128223503,0.21503826517647895,ZENITH
2021-12-23,24.2,24.4,24.45,24.2,5930000.0,-0.82,-0.008196721311475419,-0.00823049913651548,6.774111603618206e-05,0.00823049913651548,0.08732739052164444,0.21387224991740883,ZENITH
2021-12-24,24.4,24.2,24.5,24.0,5910000.0,0.83,0.008264462809917328,0.008230499136515444,6.774111603618146e-05,0.008230499136515444,0.12696406193532128,0.21599939870376805,ZENITH
2021-12-29,24.75,24.4,24.85,24.75,7940000.0,1.43,0.014344262295082011,0.014242356715543168,0.00020284472481277757,0.014242356715543168,0.17824184983614486,0.22100491225749996,ZENITH
2021-12-30,25.0,24.75,25.0,24.8,9000000.0,1.01,0.010101010101010166,0.010050335853501506,0.00010100925076817785,0.010050335853501506,0.1781012930354306,0.22171923779255118,ZENITH
2021-12-31,25.15,25.0,26.0,25.0,70250000.0,0.6,0.006000000000000005,0.005982071677547469,3.578518155531559e-05,0.005982071677547469,0.13558751604698735,0.21783513816320765,ZENITH
2022-01-04,25.3,25.15,25.3,25.05,11040000.0,0.6,0.0059642147117298094,0.005946499187726524,3.53608525896322e-05,0.005946499187726524,0.05473212089599968,0.21819127712273756,ZENITH
2022-01-05,25.3,25.3,25.35,25.25,10880000.0,0.0,0.0,0.0,0.0,0.0,0.0842262047140088,0.20415709484650132,ZENITH
2022-01-06,25.35,25.3,25.5,25.35,10270000.0,0.2,0.0019762845849802257,0.001974334303717608,3.8979959428360915e-06,0.001974334303717608,0.06214506396213377,0.20324762113717507,ZENITH
2022-01-07,25.4,25.35,25.5,25.35,11980000.0,0.2,0.001972386587770991,0.001970443987298517,3.882649507080878e-06,0.001970443987298517,0.04239863588801926,0.20292118419787666,ZENITH
2022-01-10,25.35,25.4,25.5,25.35,12130000.0,-0.2,-0.0019685039370077595,-0.0019704439872986136,3.882649507081259e-06,0.0019704439872986136,0.0466047454142686,0.19357443180090783,ZENITH
2022-01-11,25.4,25.35,25.45,25.35,10910000.0,0.2,0.001972386587770991,0.001970443987298517,3.882649507080878e-06,0.001970443987298517,0.027987897859526725,0.19336042413501128,ZENITH
2022-01-12,25.45,25.4,25.45,25.35,3890000.0,0.2,0.0019685039370078705,0.0019665689720408473,3.8673935217937945e-06,0.0019665689720408473,0.027977590311866925,0.17921821275986777,ZENITH
2022-01-13,25.5,25.45,25.5,25.45,4480000.0,0.2,0.0019646365422396617,0.001962709167848689,3.852227277557293e-06,0.001962709167848689,0.027956970156921206,0.1215855485746066,ZENITH
2022-01-14,25.5,25.5,25.6,25.5,10540000.0,0.0,0.0,0.0,0.0,0.0,0.02794665797236487,0.10294942511786605,ZENITH
2022-01-17,25.5,25.5,25.5,25.4,20920000.0,0.0,0.0,0.0,0.0,0.0,0.017099074315960902,0.09178790918857027,ZENITH
2022-01-18,25.7,25.5,25.8,25.5,4280000.0,0.78,0.007843137254901933,0.007812539736793625,6.10357771389794e-05,0.007812539736793625,0.05093549306029863,0.09441944410261037,ZENITH
2022-01-19,25.8,25.7,25.8,25.75,6270000.0,0.39,0.0038910505836575737,0.003883500026397612,1.5081572455030255e-05,0.003883500026397612,0.051840229756035895,0.09449807704406725,ZENITH
2022-01-20,25.85,25.8,25.95,25.8,9500000.0,0.19,0.0019379844961240345,0.0019361090268664007,3.748518163913561e-06,0.0019361090268664007,0.051865427914538166,0.09424980406603427,ZENITH
2022-01-21,25.8,25.85,25.85,25.75,8100000.0,-0.19,-0.0019342359767892114,-0.0019361090268664404,3.748518163913715e-06,0.0019361090268664404,0.059532006111716274,0.09521735659466828,ZENITH
2022-01-24,25.6,25.8,25.75,25.55,4780000.0,-0.78,-0.007751937984496138,-0.007782140442054963,6.056170985986741e-05,0.007782140442054963,0.09428721851215374,0.09483216142289912,ZENITH
2022-01-25,25.4,25.6,25.65,25.4,17320000.0,-0.78,-0.007812500000000111,-0.007843177461026005,6.151543268514633e-05,0.007843177461026005,0.08588449637062902,0.09137258386918663,ZENITH
2022-01-26,25.4,25.4,25.45,25.35,12120000.0,0.0,0.0,0.0,0.0,0.0,0.07132234024748535,0.08401227568140748,ZENITH
2022-01-27,25.5,25.4,25.5,25.45,7840000.0,0.39,0.003937007874015741,0.003929278139889557,1.5439226700613938e-05,0.003929278139889557,0.08098247249133521,0.08147242122072003,ZENITH
2022-01-28,25.75,25.5,25.8,25.5,26720000.0,0.98,0.009803921568627416,0.009756174945364656,9.518294956456104e-05,0.009756174945364656,0.12088276276458286,0.07420596404244961,ZENITH
2022-01-31,26.05,25.75,26.05,25.85,17510000.0,1.17,0.011650485436893288,0.011583141089630855,0.00013416915750229466,0.011583141089630855,0.1243840722363799,0.07648577982905885,ZENITH
2022-02-01,27.35,26.05,27.5,26.0,12720000.0,4.99,0.0499040307101728,0.04869876066861434,0.0023715692906589787,0.04869876066861434,0.3096675355906897,0.1791010548892179,ZENITH
2022-02-02,26.5,27.35,27.35,26.4,30050000.0,-3.11,-0.031078610603290757,-0.03157179587581377,0.0009967782948240513,0.03157179587581377,0.45274796611192286,0.21707591678767216,ZENITH
2022-02-03,26.15,26.5,26.5,26.1,12850000.0,-1.32,-0.013207547169811429,-0.013295542481244727,0.0001767714498705832,0.013295542481244727,0.4793837184388071,0.22356778603993305,ZENITH
2022-02-04,26.35,26.15,26.35,26.3,6000000.0,0.76,0.007648183556405508,0.007619084476439579,5.805044825912257e-05,0.007619084476439579,0.47829637027152083,0.22454826295930658,ZENITH
2022-02-07,26.95,26.35,27.0,26.6,9720000.0,2.28,0.022770398481973375,0.02251502236763477,0.0005069262322150939,0.02251502236763477,0.4943682329446315,0.23569724489945404,ZENITH
2022-02-08,27.0,26.95,27.0,26.45,24320000.0,0.19,0.0018552875695732052,0.0018535686493228347,3.435716737752478e-06,0.0018535686493228347,0.3281058593275176,0.2350892843439499,ZENITH
2022-02-09,27.1,27.0,27.1,27.0,15840000.0,0.37,0.0037037037037037646,0.0036968618813262026,1.366678776960271e-05,0.0036968618813262026,0.20369493030559183,0.23506983177569635,ZENITH
2022-02-10,27.4,27.1,27.4,27.15,11650000.0,1.11,0.011070110701106861,0.011009285508369177,0.00012120436740478757,0.011009285508369177,0.12974944623322146,0.23660983754013118,ZENITH
2022-02-11,26.9,27.4,27.3,26.9,16590000.0,-1.82,-0.018248175182481785,-0.01841672678623115,0.000339175825518684,0.01841672678623115,0.2379930023591331,0.24852679828782626,ZENITH
2022-02-14,27.05,26.9,27.05,26.45,20000000.0,0.56,0.005576208178438735,0.005560718684697179,3.0921592290340326e-05,0.005560718684697179,0.17848425799243003,0.24855578554663874,ZENITH
2022-02-15,26.85,27.05,26.9,26.85,5670000.0,-0.74,-0.007393715341959317,-0.007421184337616816,5.5073976972889144e-05,0.007421184337616816,0.18679298757224594,0.2509309910566908,ZENITH
2022-02-16,26.85,26.85,26.9,26.8,17290000.0,0.0,0.0,0.0,0.0,0.0,0.1825908195170411,0.25028848167019063,ZENITH
2022-02-17,26.8,26.85,26.85,26.8,11800000.0,-0.19,-0.0018621973929237035,-0.0018639334380627533,3.474247861528436e-06,0.0018639334380627533,0.14431834378256858,0.2505597004167256,ZENITH
2022-02-18,26.8,26.8,26.85,26.8,10620000.0,0.0,0.0,0.0,0.0,0.0,0.07390414065964203,0.25063725432145534,ZENITH
2022-02-21,26.95,26.8,27.0,26.8,46330000.0,0.56,0.005597014925373012,0.0055814098381950445,3.1152135781900435e-05,0.0055814098381950445,0.07401542283539811,0.25060891977089766,ZENITH
2022-02-22,26.95,26.95,27.0,26.9,51630000.0,0.0,0.0,0.0,0.0,0.0,0.04480329029925069,0.24818979084678344,ZENITH
2022-02-23,26.95,26.95,27.05,26.95,11230000.0,0.0,0.0,0.0,0.0,0.0,0.04480329029925069,0.24556564621117694,ZENITH
2022-02-24,27.0,26.95,27.05,27.0,4720000.0,0.19,0.0018552875695732052,0.0018535686493228347,3.435716737752478e-06,0.0018535686493228347,0.03850351288330357,0.24538125801127372,ZENITH
2022-02-25,26.95,27.0,27.0,26.95,5410000.0,-0.19,-0.0018518518518518823,-0.0018535686493229438,3.4357167377528823e-06,0.0018535686493229438,0.04475452996474625,0.24589543648384762,ZENITH
2022-02-28,27.1,26.95,27.2,26.9,15490000.0,0.56,0.005565862708719838,0.0055504305306490415,3.0807279075561e-05,0.0055504305306490415,0.04455992789902002,0.24478957681300895,ZENITH
2022-03-01,27.0,27.1,27.2,26.95,23080000.0,-0.37,-0.0036900369003690647,-0.003696861881326203,1.3666787769602713e-05,0.003696861881326203,0.05649315435791479,0.2433114737475148,ZENITH
2022-03-02,26.95,27.0,27.0,26.35,17510000.0,-0.19,-0.0018518518518518823,-0.0018535686493229438,3.4357167377528823e-06,0.0018535686493229438,0.058747056732071985,0.17320956676762247,ZENITH
2022-03-03,26.7,26.95,26.9,26.5,11860000.0,-0.93,-0.00927643784786647,-0.009319731948802366,8.685740359752755e-05,0.009319731948802366,0.08446162207784412,0.13650227819468894,ZENITH
2022-03-04,26.45,26.7,26.65,26.35,13010000.0,-0.94,-0.009363295880149836,-0.009407407101895481,8.849930838079354e-05,0.009407407101895481,0.09821861806121046,0.13219868125494888,ZENITH
2022-03-07,26.85,26.45,26.9,26.5,10630000.0,1.51,0.015122873345935872,0.015009662650565449,0.00022528997288377941,0.015009662650565449,0.15885821755395046,0.13946243954456522,ZENITH
2022-03-08,26.8,26.85,26.9,26.7,14270000.0,-0.19,-0.0018621973929237035,-0.0018639334380627533,3.474247861528436e-06,0.0018639334380627533,0.15804921610588113,0.11532386743444585,ZENITH
2022-03-09,26.5,26.8,26.8,26.5,22290000.0,-1.12,-0.011194029850746245,-0.011257154524634447,0.0001267235279914978,0.011257154524634447,0.17283122309802426,0.1210870538140951,ZENITH
2022-03-10,26.7,26.5,26.8,24.55,14310000.0,0.75,0.007547169811320753,0.007518832414027319,5.653284087022788e-05,0.007518832414027319,0.17757464225849875,0.12360886429812658,ZENITH
2022-03-11,27.0,26.7,27.0,26.7,29950000.0,1.12,0.011235955056179803,0.011173300598125255,0.00012484264625606617,0.011173300598125255,0.16877635553747314,0.12380591352301994,ZENITH
2022-03-14,27.0,27.0,27.1,26.95,28460000.0,0.0,0.0,0.0,0.0,0.0,0.13870131623966425,0.10571561022236854,ZENITH
2022-03-15,26.8,27.0,27.0,26.8,9640000.0,-0.74,-0.007407407407407418,-0.00743497848751809,5.527890510985679e-05,0.00743497848751809,0.15130369782111266,0.10695431444604515,ZENITH
2022-03-16,26.4,26.8,26.8,26.4,10030000.0,-1.49,-0.014925373134328401,-0.015037877364540559,0.00022613775563096132,0.015037877364540559,0.17022280286203487,0.11608167086984901,ZENITH
2022-03-17,26.45,26.4,26.55,26.4,8730000.0,0.19,0.0018939393939394478,0.0018921481520379623,3.5802246292606756e-06,0.0018921481520379623,0.15717760402439587,0.11643149867445049,ZENITH
2022-03-18,26.65,26.45,26.75,26.55,8660000.0,0.76,0.007561436672967936,0.00753299230754523,5.674597310553561e-05,0.00753299230754523,0.13922909119228644,0.11976556231256448,ZENITH
2022-03-21,27.0,26.65,27.0,26.65,19930000.0,1.31,0.013133208255159623,0.013047715392475675,0.00017024287696304664,0.013047715392475675,0.17959705268360154,0.12835335800847522,ZENITH
2022-03-22,26.95,26.8,26.95,26.75,28220000.0,-0.19,-0.0018518518518518823,-0.0018535686493229438,3.4357167377528823e-06,0.0018535686493229438,0.16910488920886305,0.12711618691245213,ZENITH
2022-03-23,26.9,26.95,26.9,26.85,12610000.0,-0.19,-0.0018552875695733162,-0.0018570107472127711,3.4484889152637345e-06,0.0018570107472127711,0.1025868736140601,0.12727885465443434,ZENITH
2022-03-24,26.6,26.9,26.9,26.5,20180000.0,-1.12,-0.011152416356877248,-0.011215070820139957,0.00012577781350075473,0.011215070820139957,0.14918130195921264,0.13298213713014687,ZENITH
2022-03-25,26.9,26.6,26.9,26.55,22050000.0,1.13,0.011278195488721776,0.011215070820140003,0.00012577781350075576,0.011215070820140003,0.1609612255714517,0.13899649551388818,ZENITH
2022-03-28,23.55,24.1,24.0,23.4,13100000.0,-12.45,-0.12453531598513001,-0.13300046614536656,0.017689123994884797,0.13300046614536656,0.946152025560988,0.48089087708665296,ZENITH
2022-03-29,23.25,23.55,23.6,23.25,11710000.0,-1.27,-0.01273885350318471,-0.012820688429061434,0.00016437005179506975,0.012820688429061434,0.9306148471751021,0.47933646689315956,ZENITH
2022-03-30,22.75,23.25,23.1,22.5,15840000.0,-2.15,-0.021505376344086002,-0.021739986636405875,0.000472627018951106,0.021739986636405875,0.9036740327590452,0.481698398991254,ZENITH
2022-03-31,22.4,22.75,22.75,22.4,15250000.0,-1.54,-0.015384615384615441,-0.015504186535965312,0.00024037980014200805,0.015504186535965312,0.8974987023064069,0.48176911653307536,ZENITH
2022-04-01,22.4,22.4,22.4,22.3,24190000.0,0.0,0.0,0.0,0.0,0.0,0.8645385100348945,0.48272463772724966,ZENITH
2022-04-04,22.0,22.4,22.4,22.0,12580000.0,-1.79,-0.017857142857142794,-0.01801850550267825,0.0003246665405500464,0.01801850550267825,0.13161834780938153,0.48387987641103913,ZENITH
2022-04-05,22.75,22.0,23.0,22.2,12070000.0,3.41,0.03409090909090917,0.033522692038643644,0.001123770881517742,0.033522692038643644,0.36085438441891415,0.49934695289958314,ZENITH
2022-04-06,22.65,22.75,22.75,22.65,10000000.0,-0.44,-0.004395604395604491,-0.004405293467916491,1.9406610538467707e-05,0.004405293467916491,0.3276790780174355,0.4990380005017734,ZENITH
2022-04-07,22.8,22.65,22.9,22.75,23300000.0,0.66,0.0066225165562914245,0.006600684031352093,4.356902968174651e-05,0.006600684031352093,0.3021121605504728,0.5014031958007431,ZENITH
2022-04-08,23.0,22.8,23.0,22.8,11950000.0,0.88,0.00877192982456143,0.008733679968754631,7.62771657966259e-05,0.008733679968754631,0.3020275635948138,0.5018687979834596,ZENITH
2022-04-11,24.0,23.0,24.15,23.2,31120000.0,4.35,0.04347826086956519,0.0425596144187959,0.0018113207794765802,0.0425596144187959,0.3135113345299462,0.5273984316140178,ZENITH
2022-04-12,25.4,24.0,25.4,24.0,27210000.0,5.83,0.05833333333333335,0.056695343676545294,0.0032143619946015845,0.056695343676545294,0.4152353398641776,0.5698550247449885,ZENITH
2022-04-13,25.1,25.4,25.4,24.8,43910000.0,-1.18,-0.011811023622047112,-0.011881327886752563,0.0001411659523525241,0.011881327886752563,0.4473759447524725,0.5705077767581601,ZENITH
2022-04-14,25.0,25.1,25.1,24.95,31090000.0,-0.4,-0.003984063745020028,-0.003992021269537561,1.5936233816440277e-05,0.003992021269537561,0.47371622377072387,0.5688813875607371,ZENITH
2022-04-19,24.85,25.0,25.0,24.0,13040000.0,-0.6,-0.005999999999999894,-0.00601807232556291,3.621719451570617e-05,0.00601807232556291,0.5033732850514552,0.5687552195012988,ZENITH
2022-04-20,24.0,24.85,24.65,23.8,23650000.0,-3.42,-0.03420523138832998,-0.03480392219469212,0.0012113130001341825,0.03480392219469212,0.5394410492829482,0.5777408489011491,ZENITH
2022-04-21,24.3,24.0,24.3,24.0,10820000.0,1.25,0.012499999999999956,0.01242251999855711,0.00015431900311455135,0.01242251999855711,0.2711399867981203,0.5774989498771314,ZENITH
2022-04-22,25.3,24.3,25.3,24.0,39900000.0,4.12,0.04115226337448563,0.04032804538697181,0.001626351244733658,0.04032804538697181,0.43702053897076537,0.5985142701320377,ZENITH
2022-04-25,25.55,25.3,25.8,25.2,35840000.0,0.99,0.009881422924901129,0.009832920916238833,9.668633374500714e-05,0.009832920916238833,0.43692216594480554,0.6001653140145606,ZENITH
2022-04-26,24.8,25.55,25.5,24.8,19440000.0,-2.94,-0.02935420743639927,-0.029793663478777006,0.0008876623834866107,0.029793663478777006,0.5004575913055638,0.6069951730827814,ZENITH
2022-04-27,24.15,24.8,24.35,24.05,9290000.0,-2.62,-0.02620967741935487,-0.02655927307235483,0.0007053949861319123,0.02655927307235483,0.4670620409259153,0.6096835805890233,ZENITH
2022-04-28,24.55,24.15,24.7,24.35,2540000.0,1.66,0.016563146997929712,0.016427474141947996,0.00026986190668437004,0.016427474141947996,0.47391479829995226,0.3977080000264206,ZENITH
2022-04-29,24.5,24.55,24.75,24.4,8170000.0,-0.2,-0.0020366598778004397,-0.002038736689848317,4.156447290533673e-06,0.002038736689848317,0.3327289132879875,0.3943921363911928,ZENITH
2022-05-04,24.15,24.5,24.5,24.1,15850000.0,-1.43,-0.014285714285714346,-0.014388737452099669,0.00020703576546545567,0.014388737452099669,0.30109099993310595,0.3894923860636645,ZENITH
2022-05-05,24.0,24.15,24.2,23.9,29350000.0,-0.62,-0.006211180124223503,-0.0062305497506359745,3.881975019515e-05,0.0062305497506359745,0.25227914034999516,0.3852901303934941,ZENITH
2022-05-06,24.45,24.0,25.0,24.0,24050000.0,1.88,0.018750000000000044,0.018576385572935457,0.0003450821009543646,0.018576385572935457,0.22928527733820583,0.38865344970945176,ZENITH
2022-05-09,24.3,24.45,25.0,24.25,21200000.0,-0.61,-0.006134969325153339,-0.0061538655743782235,3.7870061507517424e-05,0.0061538655743782235,0.19635858549466706,0.3822389740491927,ZENITH
2022-05-10,24.25,24.3,24.6,24.2,4490000.0,-0.21,-0.002057613168724326,-0.002059732963010616,4.242499878912492e-06,0.002059732963010616,0.1963585857265387,0.368085084336185,ZENITH
2022-05-11,24.3,24.25,24.5,24.15,16210000.0,0.21,0.0020618556701030855,0.0020597329630105622,4.24249987891227e-06,0.0020597329630105622,0.16316585193658703,0.3671173134456595,ZENITH
2022-05-12,24.0,24.5,24.5,24.0,24480000.0,-1.23,-0.012345679012345734,-0.012422519998557209,0.0001543190031145538,0.012422519998557209,0.18542556030941104,0.37088895405114297,ZENITH
2022-05-13,24.5,24.0,24.5,24.15,10280000.0,2.08,0.02083333333333326,0.02061928720273561,0.00042515500474889646,0.02061928720273561,0.19843045613525323,0.3756835557638427,ZENITH
2022-05-16,24.35,24.5,24.35,24.25,4800000.0,-0.61,-0.006122448979591799,-0.006141268022082465,3.7715172919052673e-05,0.006141268022082465,0.19840422728676313,0.3479366030919485,ZENITH
2022-05-17,24.1,24.35,24.3,24.1,7500000.0,-1.03,-0.010266940451745366,-0.010320009031989472,0.00010650258642034427,0.010320009031989472,0.21301353994014055,0.28349694214080295,ZENITH
2022-05-18,24.4,24.1,24.4,24.2,3460000.0,1.24,0.012448132780082943,0.012371291802546829,0.00015304886086376236,0.012371291802546829,0.23456801205047845,0.2858256963199793,ZENITH
2022-05-19,24.3,24.4,24.4,24.3,4130000.0,-0.41,-0.004098360655737654,-0.004106781952653359,1.6865658006639338e-05,0.004106781952653359,0.21125974388689187,0.2858393540992749,ZENITH
2022-05-20,24.1,24.3,24.3,24.0,6980000.0,-0.82,-0.008230452674897082,-0.008264509849893424,6.830212305898543e-05,0.008264509849893424,0.14380229270624437,0.28640674117122555,ZENITH
2022-05-23,24.05,24.0,24.4,24.0,8580000.0,-0.21,-0.0020746887966804906,-0.002076843944839117,4.313280771214906e-06,0.002076843944839117,0.14160739857660493,0.2595795240918801,ZENITH
2022-05-24,24.0,24.05,24.1,24.0,24990000.0,-0.21,-0.0020790020790021346,-0.002081166203824623,4.331252767941793e-06,0.002081166203824623,0.12383219308695267,0.2557375432414876,ZENITH
2022-05-25,23.6,24.0,23.9,23.5,15340000.0,-1.67,-0.016666666666666607,-0.016807118316381174,0.00028247922610083557,0.016807118316381174,0.09850773532880434,0.21367857209627242,ZENITH
2022-05-26,23.85,23.6,24.0,23.85,7180000.0,1.06,0.010593220338983134,0.01053750530278592,0.00011103901800624139,0.01053750530278592,0.15886126401352504,0.21423792670948735,ZENITH
2022-05-27,23.9,23.85,24.0,23.9,5050000.0,0.21,0.002096436058700135,0.002094241603114685,4.385847892216366e-06,0.002094241603114685,0.15728176398258412,0.19181553407547083,ZENITH
2022-05-30,23.85,23.9,24.0,23.85,4470000.0,-0.21,-0.0020920502092048876,-0.0020942416031146257,4.385847892216117e-06,0.0020942416031146257,0.15728467079460107,0.16937115126310487,ZENITH
2022-05-31,23.45,23.85,23.8,23.45,11980000.0,-1.68,-0.016771488469601747,-0.016913722442061924,0.0002860740068471092,0.016913722442061924,0.19129778855133,0.16650451539697855,ZENITH
2022-06-01,23.45,23.45,23.7,23.4,5640000.0,0.0,0.0,0.0,0.0,0.0,0.15829867331437186,0.16667644913666282,ZENITH
2022-06-02,23.0,23.45,23.5,22.95,26920000.0,-1.92,-0.019189765458422103,-0.019376278963138607,0.0003754401864573677,0.019376278963138607,0.16010703316074076,0.17212160869730656,ZENITH
2022-06-03,23.45,23.0,23.45,23.35,9760000.0,1.96,0.019565217391304346,0.01937627896313868,0.0003754401864573706,0.01937627896313868,0.24708707039869202,0.18701089145702463,ZENITH
2022-06-06,23.35,23.45,23.5,23.3,8920000.0,-0.43,-0.004264392324093702,-0.004273510777381938,1.8262894364399575e-05,0.004273510777381938,0.24662230787403588,0.17293408191540974,ZENITH
2022-06-07,23.4,23.35,23.5,23.35,7920000.0,0.21,0.0021413276231261325,0.0021390382487492207,4.575484629612133e-06,0.0021390382487492207,0.2206510278941857,0.17292634462051715,ZENITH
2022-06-08,23.4,23.4,23.4,23.3,4580000.0,0.0,0.0,0.0,0.0,0.0,0.2206510278941857,0.17303410548937903,ZENITH
2022-06-09,22.85,23.4,23.3,22.85,12580000.0,-2.35,-0.02350427350427342,-0.023784905023441952,0.0005657217069741542,0.023784905023441952,0.2453417702096164,0.1884359042502369,ZENITH
2022-06-10,22.85,22.85,23.0,22.8,14740000.0,0.0,0.0,0.0,0.0,0.0,0.1691579952119875,0.18544065706963014,ZENITH
2022-06-14,22.7,22.85,22.85,22.6,8210000.000000001,-0.66,-0.006564551422319598,-0.006586192852856838,4.33779362950225e-05,0.006586192852856838,0.16917066309905457,0.1659238617245133,ZENITH
2022-06-15,22.25,22.7,22.5,22.25,12840000.0,-1.98,-0.01982378854625544,-0.020022915875107704,0.0004009171601416401,0.020022915875107704,0.1778556863807626,0.17527211039701635,ZENITH
2022-06-16,21.95,22.25,22.2,21.95,17340000.0,-1.35,-0.013483146067415741,-0.013574869091068874,0.00018427707083965708,0.013574869091068874,0.1538866063994503,0.17703572618312013,ZENITH
2022-06-17,21.4,21.95,21.95,21.25,33200000.000000004,-2.51,-0.02505694760820054,-0.025376217493374646,0.0006439524142710534,0.025376217493374646,0.16128389441922242,0.18010925234651223,ZENITH
2022-06-20,22.0,21.4,22.0,21.65,7830000.0,2.8,0.028037383177570208,0.027651531330510164,0.0007646071849221853,0.027651531330510164,0.3320124388421882,0.21507083419034395,ZENITH
2022-06-21,22.0,22.0,22.1,22.0,12810000.0,0.0,0.0,0.0,0.0,0.0,0.33651844913891876,0.21526728176905657,ZENITH
2022-06-22,21.95,22.0,22.1,21.95,14530000.0,-0.23,-0.002272727272727315,-0.0022753138371355394,5.1770530574604524e-06,0.0022753138371355394,0.31361277630561113,0.21524207126565878,ZENITH
2022-06-23,21.6,21.95,22.0,21.6,9380000.0,-1.59,-0.015945330296127436,-0.016073824831060908,0.00025836784469963024,0.016073824831060908,0.31951079553695194,0.21881123948343642,ZENITH
2022-06-24,21.65,21.6,21.8,21.55,8240000.0,0.23,0.0023148148148146586,0.0023121397583793788,5.3459902622786524e-06,0.0023121397583793788,0.2518147569486186,0.21583431145861995,ZENITH
2022-06-27,21.7,21.65,21.75,21.65,11860000.0,0.23,0.002309468822170979,0.002306806097915092,5.3213543733782535e-06,0.002306806097915092,0.12206572827017562,0.21061806611765918,ZENITH
2022-06-28,21.65,21.7,21.7,21.6,16090000.0,-0.23,-0.0023041474654378336,-0.0023068060979150595,5.321354373378104e-06,0.0023068060979150595,0.11987527429559716,0.2094306685239897,ZENITH
2022-06-29,21.7,21.65,21.7,21.65,12680000.0,0.23,0.002309468822170979,0.002306806097915092,5.3213543733782535e-06,0.002306806097915092,0.12635825259892922,0.210674024356274,ZENITH
2022-06-30,21.7,21.7,21.7,21.65,14070000.0,0.0,0.0,0.0,0.0,0.0,0.03276761567032442,0.2062154567312781,ZENITH
2022-07-01,21.85,21.7,21.9,21.7,5420000.0,0.69,0.00691244239631339,0.006888660995185316,4.7453650306587545e-05,0.006888660995185316,0.05412857467294407,0.209130067802603,ZENITH
2022-07-04,22.1,21.85,22.2,22.0,8580000.0,1.14,0.011441647597254079,0.011376686982108048,0.00012942900668886672,0.011376686982108048,0.08723788763456881,0.20658208108285467,ZENITH
2022-07-05,21.65,22.1,22.1,21.65,11740000.0,-2.04,-0.020361990950226394,-0.020572154075208432,0.0004232135232941149,0.020572154075208432,0.1952979894514183,0.20101504119261662,ZENITH
2022-07-06,21.75,21.65,21.85,21.7,7220000.0,0.46,0.004618937644341958,0.0046083030861944025,2.1236457334228855e-05,0.0046083030861944025,0.19767957754058196,0.2030970147902213,ZENITH
2022-07-07,21.85,21.75,21.95,21.8,3900000.0,0.46,0.0045977011494253706,0.00458716400690614,2.1042073626255194e-05,0.00458716400690614,0.199678969385589,0.20410980251983527,ZENITH
2022-07-08,22.0,21.85,22.0,21.8,8359999.999999999,0.69,0.00686498855835227,0.006841531816716564,4.6806557599145044e-05,0.006841531816716564,0.1995972879135282,0.2068457209208812,ZENITH
2022-07-13,22.45,22.0,22.5,22.3,3500000.0,2.05,0.020454545454545503,0.020248160829947494,0.00040998801699541996,0.020248160829947494,0.23450615327772734,0.20717005000860758,ZENITH
2022-07-14,22.1,22.45,22.65,22.1,6590000.0,-1.56,-0.015590200445434244,-0.01571300566455611,0.0002468985470143724,0.01571300566455611,0.2041169363829676,0.21342261520622136,ZENITH
2022-07-15,22.2,22.1,22.4,22.1,5620000.0,0.45,0.004524886877828038,0.004514680354526613,2.0382338703548544e-05,0.004514680354526613,0.2041037469981575,0.21361203296644937,ZENITH
2022-07-18,22.0,22.2,22.4,22.0,10680000.0,-0.9,-0.009009009009009028,-0.009049835519917927,8.189952293756818e-05,0.009049835519917927,0.22402379632308003,0.20452753508540655,ZENITH
2022-07-19,21.92,21.92,22.17,21.92,3790000.0,-0.35,-0.0036363636363635488,-0.0036429912785009805,1.3271385455234209e-05,0.0036429912785009805,0.22021918318564274,0.1993798550924349,ZENITH
2022-07-20,21.87,21.92,21.92,21.82,4520000.0,-0.23,-0.0022810218978102093,-0.0022836273911383035,5.214954061557134e-06,0.0022836273911383035,0.12054254312697692,0.17726300754787325,ZENITH
2022-07-21,21.87,21.87,21.87,21.77,9520000.0,0.0,0.0,0.0,0.0,0.0,0.0789261864312446,0.14849320364130517,ZENITH
2022-07-22,20.68,21.87,21.87,20.68,16100000.000000002,-5.47,-0.054412437128486535,-0.055948785048448114,0.003130266548397451,0.055948785048448114,0.37436371808104446,0.2433424039735233,ZENITH
2022-07-25,21.62,20.68,21.62,20.78,12310000.0,4.58,0.045454545454545414,0.044451762570833796,0.0019759591956537803,0.044451762570833796,0.5648289228185378,0.29361000805033227,ZENITH
2022-07-26,20.93,21.62,21.62,20.93,11430000.0,-3.23,-0.03191489361702138,-0.03243527575315396,0.0010520471131831373,0.03243527575315396,0.601154924848757,0.30943361004881026,ZENITH
2022-07-27,20.53,20.93,20.93,20.43,9310000.0,-1.9,-0.019111323459149454,-0.019296305427066066,0.0003723474031346193,0.019296305427066066,0.6008794278095237,0.3150812103397276,ZENITH
2022-07-28,18.83,20.53,20.48,18.83,16990000.0,-8.25,-0.08280565026790077,-0.0864358883617813,0.00747116279689032,0.0864358883617813,0.7745186469327688,0.4277428978576815,ZENITH
2022-07-29,20.63,18.83,20.68,19.28,22780000.0,9.52,0.09559214020180562,0.0912949844140994,0.008334774179170654,0.0912949844140994,1.0999647624515296,0.5464361245820937,ZENITH
2022-08-01,20.93,20.63,21.03,20.88,20520000.0,1.45,0.014541929229277883,0.01443720937474804,0.00020843301453031266,0.01443720937474804,1.0418187799752712,0.5493321767092795,ZENITH
2022-08-02,21.33,20.93,21.33,20.93,9330000.0,1.9,0.019111323459149565,0.018930996025350855,0.00035838261051184987,0.018930996025350855,1.024902765814655,0.5539739840216703,ZENITH
2022-08-03,21.33,21.33,21.33,21.23,8390000.0,0.0,0.0,0.0,0.0,0.0,1.0065141325424547,0.5532798781869603,ZENITH
2022-08-04,21.92,21.33,21.92,21.33,6600000.0,2.8,0.027660571964369662,0.027284929596555808,0.0007444673830890071,0.027284929596555808,0.5628409120657094,0.5605141125648725,ZENITH
2022-08-05,21.82,21.92,21.92,21.67,10210000.0,-0.45,-0.0045620437956205295,-0.004572481674890117,2.0907588667205925e-05,0.004572481674890117,0.21047685779712028,0.5559770130991657,ZENITH
2022-08-08,21.18,21.82,21.82,20.93,10270000.0,-2.97,-0.02933088909257564,-0.029769640231664382,0.0008862314795227306,0.029769640231664382,0.35334525890121865,0.5653520462095919,ZENITH
2022-08-09,21.18,21.18,21.28,21.08,4460000.0,0.0,0.0,0.0,0.0,0.0,0.3215955169043711,0.5649769892758985,ZENITH
2022-08-10,21.38,21.18,21.43,21.33,5410000.0,0.94,0.009442870632672351,0.009398565423638785,8.833303202241849e-05,0.009398565423638785,0.33097902334508184,0.5655208848110831,ZENITH
2022-08-11,21.33,21.38,21.43,21.33,5780000.0,-0.23,-0.002338634237605275,-0.002341373113640003,5.482028057276283e-06,0.002341373113640003,0.231689061144598,0.5600321556137939,ZENITH
2022-08-12,21.18,21.33,21.38,21.18,9740000.0,-0.7,-0.007032348804500654,-0.007057192309998751,4.980396330030551e-05,0.007057192309998751,0.23176295010394904,0.5582465713620509,ZENITH
2022-08-15,21.62,21.18,21.62,21.38,8359999.999999999,2.12,0.020774315391879128,0.020561472037801815,0.0004227741323613059,0.020561472037801815,0.17422920175432716,0.5633592530435807,ZENITH
2022-08-16,21.72,21.62,21.77,21.43,6270000.0,0.46,0.0046253469010175685,0.004614682854672462,2.1295297849207987e-05,0.004614682854672462,0.1704054107388097,0.5629672282524905,ZENITH
2022-08-17,21.62,21.72,21.72,21.57,16719999.999999998,-0.46,-0.004604051565377465,-0.0046146828546724025,2.1295297849207434e-05,0.0046146828546724025,0.17672267320275015,0.5630432481110996,ZENITH
2022-08-18,21.87,21.62,21.87,21.62,5770000.0,1.15,0.011563367252543921,0.011497022477614234,0.00013218152585076694,0.011497022477614234,0.18140353710305934,0.5645630361921725,ZENITH
2022-08-19,21.87,21.87,21.87,21.82,7090000.0,0.0,0.0,0.0,0.0,0.0,0.1571489767922926,0.5645630361921725,ZENITH
2022-08-22,21.92,21.87,21.92,21.82,6430000.0,0.23,0.0022862368541380906,0.002283627391138315,5.214954061557188e-06,0.002283627391138315,0.09458523271278596,0.5266129161260399,ZENITH
2022-08-23,21.92,21.92,22.12,21.92,25290000.0,0.0,0.0,0.0,0.0,0.0,0.0945462511819282,0.5043260275795522,ZENITH
2022-08-24,21.92,21.92,22.22,21.87,11900000.0,0.0,0.0,0.0,0.0,0.0,0.07914012078795257,0.4898176652448267,ZENITH
2022-08-25,21.92,21.92,21.92,21.87,5560000.0,0.0,0.0,0.0,0.0,0.0,0.016212146209018695,0.48366951891228616,ZENITH
2022-08-26,21.82,21.92,21.92,21.82,6800000.0,-0.45,-0.0045620437956205295,-0.004572481674890117,2.0907588667205925e-05,0.004572481674890117,0.03974557374558615,0.36000882238162984,ZENITH
2022-08-29,21.87,21.82,21.92,21.82,12490000.0,0.23,0.0022914757103575933,0.002288854283751835,5.238853932249125e-06,0.002288854283751835,0.03976829720506195,0.1887902396909576,ZENITH
2022-08-30,21.87,21.92,21.92,21.82,6920000.0,0.0,0.0,0.0,0.0,0.0,0.03976829720506195,0.18412406190840794,ZENITH
2022-08-31,21.82,21.87,21.87,21.82,6060000.0,-0.23,-0.0022862368541380906,-0.002288854283751714,5.238853932248571e-06,0.002288854283751714,0.041398527320312024,0.17407059993891538,ZENITH
2022-09-01,21.18,21.82,21.87,21.18,7480000.0,-2.97,-0.02933088909257564,-0.029769640231664382,0.0008862314795227306,0.029769640231664382,0.20724297827590385,0.20432014389544845,ZENITH
2022-09-02,21.43,21.18,21.43,21.38,12440000.0,1.18,0.011803588290840494,0.011734469312225328,0.00013769777003955796,0.011734469312225328,0.24712197231875396,0.18391477069968673,ZENITH
2022-09-05,20.93,21.43,21.82,20.93,9530000.0,-2.33,-0.023331777881474558,-0.023608273027577276,0.0005573505553446328,0.023608273027577276,0.2750128823821159,0.1996246026442845,ZENITH
2022-09-06,20.18,20.93,20.93,20.18,12540000.0,-3.57,-0.03583373148590541,-0.036491521532445476,0.0013316311437529319,0.036491521532445476,0.3199167917888154,0.21236525326110872,ZENITH
2022-09-07,19.98,19.88,20.18,19.93,10220000.0,-0.99,-0.009910802775024763,-0.009960241705055424,9.920641482312538e-05,0.009960241705055424,0.3032783345962932,0.21380224829266492,ZENITH
2022-09-08,19.98,19.98,20.13,19.93,8289999.999999999,0.0,0.0,0.0,0.0,0.0,0.30177346886168055,0.20949365948412318,ZENITH
2022-09-09,19.98,19.98,20.13,19.98,14070000.0,0.0,0.0,0.0,0.0,0.0,0.25181322798962696,0.20977490686190953,ZENITH
2022-09-12,19.98,19.98,20.13,19.93,5940000.0,0.0,0.0,0.0,0.0,0.0,0.2509081718698967,0.20952756782917692,ZENITH
2022-09-13,19.93,19.98,20.33,19.93,26830000.0,-0.25,-0.0025025025025025016,-0.0025056389957041083,6.278226776793092e-06,0.0025056389957041083,0.06846543165759428,0.19162519539036052,ZENITH
2022-09-14,19.43,19.93,20.03,19.43,18310000.0,-2.5,-0.025087807325639755,-0.02540787083535465,0.0006455599003860654,0.02540787083535465,0.17677198652372345,0.20276291083068237,ZENITH
2022-09-15,19.58,19.43,19.83,19.43,8590000.0,0.77,0.007720020586721388,0.007690373713015429,5.914184784583872e-05,0.007690373713015429,0.19909457670035025,0.20771129185035747,ZENITH
2022-09-16,19.68,19.58,19.73,19.58,12010000.0,0.51,0.005107252298263587,0.0050942545217430935,2.5951429132299953e-05,0.0050942545217430935,0.20866900087365978,0.20253243922159622,ZENITH
2022-09-19,19.68,19.68,19.73,19.58,9280000.0,0.0,0.0,0.0,0.0,0.0,0.20866900087365978,0.20253243922159622,ZENITH
2022-09-20,19.73,19.68,19.73,19.63,11130000.0,0.25,0.002540650406504197,0.0025374284104167444,6.4385429379900465e-06,0.0025374284104167444,0.21249720095983637,0.2026497043148951,ZENITH
2022-09-21,19.88,19.88,19.88,19.73,6320000.0,0.76,0.007602635580334471,0.007573881193903955,5.736367633937199e-05,0.007573881193903955,0.05268011245248467,0.20666865040130017,ZENITH
2022-09-22,19.93,19.93,20.03,19.93,24480000.0,0.25,0.0025150905432596016,0.0025119329962754178,6.309807377777198e-06,0.0025119329962754178,0.04579012383341663,0.2075622878636844,ZENITH
2022-09-23,19.88,19.93,19.98,19.83,20900000.0,-0.25,-0.0025087807325639977,-0.0025119329962753974,6.309807377777095e-06,0.0025119329962753974,0.05938324184441331,0.2070529840514616,ZENITH
2022-09-26,19.93,19.88,19.93,19.88,8900000.0,0.25,0.0025150905432596016,0.0025119329962754178,6.309807377777198e-06,0.0025119329962754178,0.05660680711345318,0.20853619416251665,ZENITH
2022-09-27,20.13,19.93,20.38,19.93,35400000.0,1.0,0.010035122930255769,0.00998510542699664,9.970233038823777e-05,0.00998510542699664,0.07753647630839516,0.2132575648114939,ZENITH
2022-09-28,19.83,20.13,19.93,19.58,11600000.0,-1.49,-0.014903129657228065,-0.015015297119995554,0.00022545914760174678,0.015015297119995554,0.14696197538576883,0.21607983285822338,ZENITH
2022-09-29,19.93,19.83,19.93,19.68,14220000.0,0.5,0.005042864346949116,0.00503019169299879,2.5302828468314035e-05,0.00503019169299879,0.15124247761945986,0.2185661808653587,ZENITH
2022-09-30,19.93,19.93,19.93,19.88,21590000.0,0.0,0.0,0.0,0.0,0.0,0.1496571601986116,0.19826624877404658,ZENITH
2022-10-04,19.23,19.93,19.93,19.23,14440000.0,-3.5,-0.035122930255895635,-0.03575457462401499,0.0012783896065442567,0.03575457462401499,0.2941259721219857,0.2210486778791536,ZENITH
2022-10-05,18.93,19.23,19.43,18.93,6390000.0,-1.55,-0.015600624024960985,-0.01572359437945687,0.0002472314202096876,0.01572359437945687,0.2535994469061433,0.21434225068497792,ZENITH
2022-10-06,19.23,18.93,19.23,18.93,14450000.0,1.58,0.015847860538827252,0.015723594379456876,0.00024723142020968784,0.015723594379456876,0.3184172376778884,0.1921884983728279,ZENITH
2022-10-07,19.48,19.23,19.48,19.18,7450000.0,1.3,0.013000520020800765,0.012916738613700612,0.0001668421364146644,0.012916738613700612,0.3400426703474787,0.196973047269581,ZENITH
2022-10-11,19.33,19.48,19.58,19.33,5060000.0,-0.77,-0.007700205338809107,-0.007730004994149585,5.9752977209577526e-05,0.007730004994149585,0.3379228399068953,0.1981926609416725,ZENITH
2022-10-12,19.38,19.33,19.58,19.33,11860000.0,0.26,0.002586652871184647,0.0025833132423806037,6.6735073082589875e-06,0.0025833132423806037,0.2123355230511066,0.19865281253852696,ZENITH
2022-10-13,19.48,19.38,19.53,19.43,8560000.0,0.51,0.005159958720330371,0.005146691751769001,2.6488435987727072e-05,0.005146691751769001,0.14698601555012727,0.1999227584569468,ZENITH
2022-10-14,19.93,19.48,19.93,19.43,5550000.0,2.3,0.0231006160164271,0.022837836010314305,0.0005215667536340088,0.022837836010314305,0.18197717170694697,0.2164419548577956,ZENITH
2022-10-17,20.13,19.93,20.13,20.03,2470000.0,1.0,0.010035122930255769,0.00998510542699664,9.970233038823777e-05,0.00998510542699664,0.17725416547807366,0.19803463530268386,ZENITH
2022-10-18,20.33,20.13,20.78,20.13,13200000.0,0.99,0.009935419771485376,0.00988638798855518,9.774066746024815e-05,0.00988638798855518,0.12381770235387987,0.19901733653638914,ZENITH
2022-10-19,20.28,20.33,20.33,20.28,6350000.0,-0.25,-0.0024594195769797045,-0.0024624489172727225,6.0636546701776035e-06,0.0024624489172727225,0.14623656650315126,0.19915800422924676,ZENITH
2022-10-20,20.13,20.28,20.23,20.13,3130000.0,-0.74,-0.007396449704142105,-0.007423939071282392,5.511487133411327e-05,0.007423939071282392,0.18861948037184212,0.20147664516786556,ZENITH
2022-10-21,19.98,20.13,19.98,19.93,10800000.0,-0.74,-0.007451564828613977,-0.007479466431292624,5.594241809683322e-05,0.007479466431292624,0.14049349695070568,0.20353904539282405,ZENITH
2022-10-24,19.93,19.98,20.08,19.93,2610000.0,-0.25,-0.0025025025025025016,-0.0025056389957041083,6.278226776793092e-06,0.0025056389957041083,0.11258579152101138,0.20217766262994116,ZENITH
2022-10-25,19.68,19.93,19.93,19.63,5300000.0,-1.25,-0.012543903662819877,-0.012623242600595995,0.00015934625375350152,0.012623242600595995,0.06714553302651001,0.20666940901598135,ZENITH
2022-10-26,19.53,19.68,19.68,19.43,6270000.0,-0.76,-0.007621951219512146,-0.00765114673551975,5.854004636845453e-05,0.00765114673551975,0.05680189689460509,0.20803040756921762,ZENITH
2022-10-27,20.03,19.53,20.03,19.53,6150000.0,2.55,0.0256016385048643,0.025279404789139308,0.0006390483064931593,0.025279404789139308,0.23998809243859384,0.22676734413841965,ZENITH
2022-10-28,20.03,20.03,20.13,19.73,7290000.0,0.0,0.0,0.0,0.0,0.0,0.2330315381702234,0.2239806427681248,ZENITH
2022-10-31,19.93,20.03,20.13,19.93,6940000.0,-0.5,-0.004992511233150365,-0.005005015453023625,2.5050179685005287e-05,0.005005015453023625,0.23572238234182963,0.21827018674037857,ZENITH
2022-11-01,19.93,19.93,20.08,19.93,9600000.0,0.0,0.0,0.0,0.0,0.0,0.20861079730719378,0.21757352890013976,ZENITH
2022-11-02,19.88,19.93,19.88,19.68,8400000.0,-0.25,-0.0025087807325639977,-0.0025119329962753974,6.309807377777095e-06,0.0025119329962753974,0.19560255959008543,0.2177474642024409,ZENITH
2022-11-03,19.83,19.88,19.83,19.73,7220000.0,-0.25,-0.0025150905432596016,-0.0025182586967234123,6.341626863623099e-06,0.0025182586967234123,0.033261296702360756,0.17556636034032533,ZENITH
2022-11-04,19.78,19.83,19.83,19.73,10170000.0,-0.25,-0.002521432173474336,-0.002524616337138356,6.373687649745888e-06,0.002524616337138356,0.028091004051168638,0.16491687328248858,ZENITH
2022-11-07,19.93,19.78,19.93,19.78,15180000.0,0.76,0.007583417593528763,0.007554808030137241,5.7075124372226146e-05,0.007554808030137241,0.06924099590988382,0.1587202853617336,ZENITH
2022-11-08,19.83,19.93,19.93,19.83,10770000.0,-0.5,-0.005017561465127995,-0.005030191692998789,2.5302828468314024e-05,0.005030191692998789,0.07790749687543269,0.15487252871776022,ZENITH
2022-11-09,19.88,19.83,19.93,19.68,13520000.0,0.25,0.002521432173474558,0.0025182586967233927,6.3416268636230005e-06,0.0025182586967233927,0.07993996707345222,0.15175804449931243,ZENITH
2022-11-10,19.83,19.88,19.93,19.83,17230000.0,-0.25,-0.0025150905432596016,-0.0025182586967234123,6.341626863623099e-06,0.0025182586967234123,0.07993996707345222,0.15225787938404947,ZENITH
2022-11-11,19.88,19.83,19.93,19.83,5300000.0,0.25,0.002521432173474558,0.0025182586967233927,6.3416268636230005e-06,0.0025182586967233927,0.07789706727296519,0.15164718120092394,ZENITH
2022-11-14,19.88,19.88,20.03,19.88,19390000.0,0.0,0.0,0.0,0.0,0.0,0.05208783061108061,0.12910935669413098,ZENITH
2022-11-15,20.03,19.88,20.13,19.83,4600000.0,0.75,0.007545271629778805,0.00751694844929904,5.6504513989419236e-05,0.00751694844929904,0.05907168559908569,0.12694029543877933,ZENITH
2022-11-16,21.72,20.03,21.82,20.03,14060000.0,8.46,0.0843734398402396,0.08100234538800777,0.006561379958358103,0.08100234538800777,0.5647976477787175,0.30813341700149066,ZENITH
2022-11-17,21.23,21.72,21.62,21.23,5540000.0,-2.29,-0.022559852670349878,-0.02281821935056993,0.0005206711343307241,0.02281821935056993,0.625691353800889,0.32061992814614876,ZENITH
2022-11-18,21.28,21.23,21.28,20.93,4920000.0,0.23,0.0023551577955722713,0.002352388758278875,5.533732870076828e-06,0.002352388758278875,0.6258782451564138,0.3187130316519525,ZENITH
2022-11-21,21.62,21.28,21.67,21.28,11520000.0,1.64,0.015977443609022535,0.015851147737618563,0.0002512588845998101,0.015851147737618563,0.6141686600153726,0.3196200789588673,ZENITH
2022-11-22,22.02,21.62,22.42,21.57,13600000.0,1.84,0.018501387604070274,0.018332319083471656,0.0003360739229782191,0.018332319083471656,0.6086659074790337,0.3226131965278106,ZENITH
2022-11-23,22.62,22.02,22.67,21.92,11160000.0,2.71,0.027247956403269713,0.02688333939344045,0.0007227139369429071,0.02688333939344045,0.308080374817759,0.3248284052253654,ZENITH
2022-11-24,21.92,22.62,22.42,21.52,5290000.0,-3.08,-0.030946065428824054,-0.03143500860815961,0.000988159766195069,0.03143500860815961,0.36365640969268564,0.34765076676665174,ZENITH
2022-11-25,21.82,21.92,21.82,21.62,6420000.0,-0.45,-0.0045620437956205295,-0.004572481674890117,2.0907588667205925e-05,0.004572481674890117,0.3717415431354492,0.34157488211065196,ZENITH
2022-11-28,21.92,21.82,21.92,21.62,7150000.0,0.46,0.004582951420714965,0.004572481674890049,2.0907588667205308e-05,0.004572481674890049,0.3594429538901043,0.3412544925887067,ZENITH
2022-11-29,21.62,21.92,21.72,21.52,9360000.0,-1.36,-0.013686131386861367,-0.01378064986875262,0.00018990631080515157,0.01378064986875262,0.34372804020178416,0.34559390892068564,ZENITH
2022-11-30,21.82,21.62,21.82,21.62,8070000.0,0.92,0.009250693802035137,0.009208168193862526,8.479036148646146e-05,0.009208168193862526,0.25662797178996566,0.3457647484324276,ZENITH
2022-12-01,22.67,21.82,22.82,22.07,9820000.0,3.88,0.03895508707607709,0.038215484114512956,0.001460423226106592,0.038215484114512956,0.3125469235897774,0.3639394601966743,ZENITH
2022-12-02,22.67,22.67,22.67,22.52,3440000.0,0.0,0.0,0.0,0.0,0.0,0.3036912890357217,0.36327862442518827,ZENITH
2022-12-05,22.12,22.67,22.62,21.92,11550000.0,-2.42,-0.024261138067931176,-0.024560287865303565,0.0006032077400265776,0.024560287865303565,0.382459403531768,0.3778086858779687,ZENITH
2022-12-06,21.97,22.12,22.02,21.97,3610000.0,-0.68,-0.006781193490054349,-0.00680429025761531,4.6298365909878626e-05,0.00680429025761531,0.367447789501876,0.3800085648188643,ZENITH
2022-12-07,21.92,21.97,22.12,21.92,12550000.0,-0.23,-0.002275830678197366,-0.0022784243167038786,5.191217366947536e-06,0.0022784243167038786,0.36467678702602274,0.37924498973451554,ZENITH
2022-12-08,21.97,21.92,21.97,21.92,5020000.0,0.23,0.002281021897809987,0.002278424316703824,5.191217366947287e-06,0.002278424316703824,0.1708153824331715,0.3792638544147606,ZENITH
2022-12-09,22.02,21.97,22.02,22.02,834290.0,0.23,0.002275830678197588,0.00227324489801511,5.167642366351728e-06,0.00227324489801511,0.17673451305390828,0.3784676106731785,ZENITH
2022-12-12,22.37,22.02,22.47,22.02,5550000.0,1.58,0.01589464123524076,0.015769644207504402,0.00024868167843127714,0.015769644207504402,0.13405946717632714,0.3801579616146199,ZENITH
2022-12-13,22.92,22.37,22.92,22.42,14240000.0,2.45,0.024586499776486415,0.024289116344500622,0.0005899611727966873,0.024289116344500622,0.17673418189014542,0.38491567824421735,ZENITH
2022-12-14,22.92,22.92,23.42,22.92,9820000.0,0.0,0.0,0.0,0.0,0.0,0.1685585008135608,0.38561350471510464,ZENITH
2022-12-15,23.42,22.92,23.42,22.87,8720000.0,2.17,0.021815008726003393,0.02158046632303237,0.00046571652671953433,0.02158046632303237,0.17615808602841246,0.2817523864925975,ZENITH
2022-12-16,24.02,23.42,24.41,23.12,14180000.0,2.55,0.02561912894961571,0.025296458482266197,0.0006399108117450174,0.025296458482266197,0.16510776255213938,0.27412932799508793,ZENITH
2022-12-19,23.92,24.02,24.02,23.92,3790000.0,-0.41,-0.004163197335553592,-0.004171887569406382,1.740464589176749e-05,0.004171887569406382,0.22664297819440354,0.27611156658887537,ZENITH
2022-12-20,24.17,23.92,24.17,24.02,4540000.0,1.04,0.010451505016722429,0.010397265632960678,0.0001081031326423452,0.010397265632960678,0.2050154745116244,0.2741922094879057,ZENITH
2022-12-21,24.22,24.17,24.36,24.22,7650000.0,0.21,0.0020686801820437584,0.0020665434095544525,4.270601663572942e-06,0.0020665434095544525,0.19869871695514454,0.27021867485253587,ZENITH
2022-12-22,24.02,24.22,24.02,23.97,2460000.0,-0.82,-0.008257638315441795,-0.008291921473108723,6.875596171620154e-05,0.008291921473108723,0.21156362743279863,0.2608744323603493,ZENITH
2022-12-23,24.46,24.02,24.46,24.22,6020000.0,1.87,0.01831806827643634,0.01815231360718885,0.00032950648929373354,0.01815231360718885,0.1706305676043401,0.2338967606034063,ZENITH
2022-12-28,24.81,24.46,24.81,24.27,5070000.0,1.43,0.01430907604251841,0.014207667444683353,0.00020185781421871518,0.014207667444683353,0.16754535629539963,0.23303474393478918,ZENITH
2022-12-29,24.81,24.81,25.31,24.02,19710000.0,0.0,0.0,0.0,0.0,0.0,0.17167004529012095,0.23395266278436622,ZENITH
2022-12-30,23.92,24.81,24.66,23.92,4340000.0,-3.61,-0.035872632003224436,-0.03653186862127858,0.0013345774249623585,0.03653186862127858,0.34630707201896016,0.2687514596780399,ZENITH
2023-01-03,23.92,23.92,23.92,23.42,5450000.0,0.0,0.0,0.0,0.0,0.0,0.3425420125410556,0.2687474769461721,ZENITH
2023-01-04,24.02,23.92,24.31,23.82,3970000.0,0.42,0.004180602006688794,0.004171887569406327,1.740464589176703e-05,0.004171887569406327,0.30617010140522855,0.23895946911004035,ZENITH
2023-01-05,24.46,24.02,24.46,23.92,6270000.0,1.87,0.01831806827643634,0.01815231360718885,0.00032950648929373354,0.01815231360718885,0.32154373082080034,0.24453158316361254,ZENITH
2023-01-06,24.36,24.46,24.46,24.31,5140000.0,-0.41,-0.004088307440719641,-0.004096687417330121,1.6782847795310937e-05,0.004096687417330121,0.32057678670374246,0.22425273169512216,ZENITH
2023-01-09,24.22,24.36,24.41,24.07,8320000.0,-0.61,-0.005747126436781658,-0.0057637047167501294,3.322029206188769e-05,0.0057637047167501294,0.15181644501173763,0.22361440933303853,ZENITH
2023-01-10,24.27,24.22,24.41,24.22,25550000.0,0.21,0.002064409578860449,0.002062281613563822,4.253005453643402e-06,0.002062281613563822,0.1503823346288958,0.22242394323477802,ZENITH
2023-01-11,24.31,24.27,24.31,24.17,9040000.0,0.21,0.0016481252575195615,0.0016467685895219695,2.7118467874361767e-06,0.0016467685895219695,0.15011062081318363,0.22252668519803098,ZENITH
2023-01-12,25.01,24.31,25.01,24.41,11820000.0,2.87,0.02879473467708782,0.028387956561495887,0.0008058760777373774,0.028387956561495887,0.21938297978377022,0.2366985089180363,ZENITH
2023-01-13,25.46,25.01,25.61,24.91,20380000.0,1.79,0.017992802878848524,0.01783284823973284,0.00031801047634134264,0.01783284823973284,0.22081291113661755,0.23786957960982744,ZENITH
2023-01-16,24.51,25.46,25.41,24.51,13560000.0,-3.72,-0.03731343283582089,-0.03802739558923925,0.001446082815300493,0.03802739558923925,0.400701675010814,0.2733398214330434,ZENITH
2023-01-17,24.51,24.51,24.51,24.17,11360000.0,0.0,0.0,0.0,0.0,0.0,0.40107215057769297,0.2733398214330434,ZENITH
2023-01-18,24.46,24.51,24.61,24.41,16980000.0,-0.2,-0.002039983680130586,-0.0020420672809949372,4.170038780110056e-06,0.0020420672809949372,0.40211193866743405,0.2654536320787862,ZENITH
2023-01-19,24.41,24.46,24.76,24.41,18620000.0,-0.2,-0.0020441537203598203,-0.002046245854157645,4.18712209565735e-06,0.002046245854157645,0.322853986131207,0.2518581873213721,ZENITH
2023-01-20,24.36,24.41,24.51,24.31,7000000.0,-0.2,-0.002048340843916474,-0.002050441563172473,4.204310603985175e-06,0.002050441563172473,0.25945407068253246,0.2514408880682574,ZENITH
2023-01-23,24.51,24.36,24.51,24.41,9950000.0,0.61,0.006157635467980427,0.0061387546983250624,3.768430924620803e-05,0.0061387546983250624,0.05626263578731163,0.24983496262236882,ZENITH
2023-01-24,24.41,24.51,24.46,24.41,10930000.0,-0.41,-0.004079967360261172,-0.00408831313515256,1.6714304291060952e-05,0.00408831313515256,0.06330785987541458,0.25030929366750454,ZENITH
2023-01-25,24.41,24.41,24.46,24.41,4780000.0,0.0,0.0,0.0,0.0,0.0,0.06247411603632573,0.24833326530465505,ZENITH
2023-01-26,24.61,24.41,24.61,24.46,5800000.0,0.82,0.008193363375665674,0.008159979998095758,6.658527356932285e-05,0.008159979998095758,0.08395166471722337,0.24184668685494556,ZENITH
2023-01-27,24.81,24.61,24.81,24.71,3930000.0,0.81,0.008126777732629042,0.008093933300745171,6.551175627691162e-05,0.008093933300745171,0.0867617600446078,0.23831551829404024,ZENITH
2023-01-30,25.01,24.81,25.51,24.66,36890000.0,0.8,0.00806126561870224,0.00802894718581815,6.44639929126572e-05,0.00802894718581815,0.0910923533933496,0.23993302018419416,ZENITH
2023-01-31,24.91,25.01,25.71,24.91,12560000.0,-0.4,-0.003998400639744104,-0.004006415615438633,1.6051366083630525e-05,0.004006415615438633,0.0906327168783107,0.2000157708873014,ZENITH
2023-02-01,25.41,24.91,25.41,24.91,7320000.0,2.0,0.020072260136491327,0.019873468057983623,0.0003949547326516954,0.019873468057983623,0.1340348210449585,0.20923340436765417,ZENITH
2023-02-02,25.01,25.41,25.21,25.01,9300000.0,-1.57,-0.015741833923652027,-0.01586705244254495,0.00025176335321447173,0.01586705244254495,0.2160268779676776,0.21896048560813067,ZENITH
2023-02-03,25.11,25.01,25.11,24.91,8010000.0,0.4,0.003998400639743993,0.00399042827996585,1.592351785755121e-05,0.00399042827996585,0.21212879290741796,0.21108906524088258,ZENITH
2023-02-06,25.01,25.11,25.06,24.91,18080000.0,-0.4,-0.0039824771007566095,-0.0039904282799658975,1.5923517857551593e-05,0.0039904282799658975,0.20919091453236893,0.21105547824424015,ZENITH
2023-02-07,24.91,25.01,25.01,24.91,14720000.0,-0.4,-0.003998400639744104,-0.004006415615438633,1.6051366083630525e-05,0.004006415615438633,0.20919091453236896,0.21040604392687792,ZENITH
2023-02-08,25.11,24.91,25.11,24.86,6140000.0,0.8,0.008028904054596442,0.007996843895404485,6.394951228746797e-05,0.007996843895404485,0.1453623985116271,0.21166412415458905,ZENITH
2023-02-09,25.01,25.11,25.16,25.01,5430000.0,-0.4,-0.0039824771007566095,-0.0039904282799658975,1.5923517857551593e-05,0.0039904282799658975,0.08971956426809372,0.2125541566344246,ZENITH
2023-02-10,25.11,25.01,25.11,25.01,6900000.0,0.4,0.003998400639743993,0.00399042827996585,1.592351785755121e-05,0.00399042827996585,0.0897195642680937,0.18894400965368965,ZENITH
2023-02-13,25.56,25.11,25.56,25.01,12640000.0,1.79,0.017921146953405076,0.017762456339840468,0.0003155048552247388,0.017762456339840468,0.14477933485697714,0.18886133023339172,ZENITH
2023-02-14,25.21,25.56,25.31,25.21,5070000.0,-1.36,-0.013693270735524177,-0.013787888309505517,0.0001901058640353989,0.013787888309505517,0.18995497512174989,0.13920034677845297,ZENITH
2023-02-15,25.26,25.21,25.26,25.06,4980000.0,0.2,0.0019833399444664224,0.0019813757225165345,3.925849753777919e-06,0.0019813757225165345,0.18346717402982618,0.13912905223888097,ZENITH
2023-02-16,25.41,25.26,25.41,25.26,8470000.0,0.59,0.005938242280284944,0.005920680409727576,3.5054456514131897e-05,0.005920680409727576,0.17927687520366553,0.1393556177067034,ZENITH
2023-02-17,24.91,25.41,25.41,24.91,16950000.0,-1.96,-0.019677292404565172,-0.019873468057983703,0.0003949547326516985,0.019873468057983703,0.24163116295399897,0.1580130159706801,ZENITH
2023-02-20,24.91,24.91,25.11,24.86,30380000.0,0.0,0.0,0.0,0.0,0.0,0.17593735639052266,0.15767918542978945,ZENITH
2023-02-21,24.91,24.91,25.01,24.81,15090000.0,0.0,0.0,0.0,0.0,0.0,0.1597878036268385,0.15661980644393278,ZENITH
2023-02-22,25.11,24.91,25.11,24.91,13050000.0,0.8,0.008028904054596442,0.007996843895404485,6.394951228746797e-05,0.007996843895404485,0.1751354762465905,0.15748820096176316,ZENITH
2023-02-23,25.26,25.11,25.31,25.21,11570000.0,0.6,0.005973715651135025,0.005955943752851426,3.547326598712993e-05,0.005955943752851426,0.1752258457998669,0.15819652237931775,ZENITH
2023-02-24,25.66,25.26,25.66,25.26,8160000.0,1.58,0.015835312747426666,0.015711242265145225,0.0002468431335140857,0.015711242265145225,0.10357279368554101,0.1641737101267782,ZENITH
2023-02-27,25.86,25.66,25.91,25.56,7980000.0,0.78,0.0077942322681214815,0.007764014156220944,6.027991581799921e-05,0.007764014156220944,0.08922763167855578,0.164023052102869,ZENITH
2023-02-28,26.41,25.86,26.91,25.91,34370000.0,2.12,0.021268368136117655,0.021045352965329524,0.0004429068814353042,0.021045352965329524,0.10214881224701747,0.17584891500969288,ZENITH
2023-03-01,26.56,26.41,26.91,26.41,12530000.0,0.57,0.005679666792881344,0.0056635982991921135,3.20763456946118e-05,0.0056635982991921135,0.10860884848566495,0.17446092510892378,ZENITH
2023-03-02,26.31,26.56,26.61,26.01,9310000.0,-0.94,-0.009412650602409589,-0.009457229556031689,8.943919087547933e-05,0.009457229556031689,0.1844123407547078,0.1683103206852956,ZENITH
2023-03-03,26.51,26.31,26.56,26.16,17460000.0,0.76,0.007601672367921086,0.00757292524873295,5.734919682289702e-05,0.00757292524873295,0.1720109994529826,0.1567483828805315,ZENITH
2023-03-06,26.21,26.51,26.36,26.21,4790000.0,-1.13,-0.011316484345530009,-0.01138100296561922,0.00012952722850343345,0.01138100296561922,0.21226071098147065,0.16411608115000362,ZENITH
2023-03-07,25.86,26.21,26.26,25.76,13310000.0,-1.33,-0.013353681800839401,-0.01344364399160358,0.00018073156377297904,0.01344364399160358,0.15885262166891514,0.17159084380816284,ZENITH
2023-03-08,25.91,25.86,25.91,25.91,6280000.0,0.19,0.0019334880123742515,0.0019316212303071116,3.7311605773731595e-06,0.0019316212303071116,0.14592358548609946,0.170378626262283,ZENITH
2023-03-09,25.91,25.91,25.91,25.76,18560000.0,0.0,0.0,0.0,0.0,0.0,0.14295830650401092,0.16900427936547294,ZENITH
2023-03-10,25.71,25.91,25.91,25.71,13270000.0,-0.77,-0.007719027402547263,-0.0077489732962204745,6.004658714553801e-05,0.0077489732962204745,0.10832247000447555,0.17103033477073798,ZENITH
2023-03-13,24.91,25.71,25.71,24.91,14890000.0,-3.1,-0.031116297160637907,-0.031610692003709084,0.0009992358489533575,0.031610692003709084,0.2138879243113061,0.20508519868868494,ZENITH
2023-03-14,24.91,24.91,24.91,24.81,16570000.0,0.0,0.0,0.0,0.0,0.0,0.22207890423528998,0.19422878860651024,ZENITH
2023-03-15,23.77,24.91,24.91,23.77,18620000.0,-4.6,-0.04576475311120032,-0.04684504790198649,0.002194458512939409,0.04684504790198649,0.33369431715835807,0.24759274032351744,ZENITH
2023-03-16,24.36,23.77,24.41,23.57,14770000.0,2.52,0.02482120319730763,0.024518161469593815,0.0006011402418490747,0.024518161469593815,0.44148794847836603,0.2647885252771927,ZENITH
2023-03-17,24.51,24.36,24.56,24.31,9520000.0,0.61,0.006157635467980427,0.0061387546983250624,3.768430924620803e-05,0.0061387546983250624,0.4611519536760496,0.26486895764886514,ZENITH
2023-03-20,24.66,24.51,24.86,24.61,9900000.0,0.61,0.006119951040391536,0.006101300196176892,3.722586408386818e-05,0.006101300196176892,0.42374530784835795,0.25761870636173656,ZENITH
2023-03-21,25.01,24.66,25.31,24.61,12010000.0,1.41,0.014193025141930216,0.01409324715332941,0.0001986196153248275,0.01409324715332941,0.43949158242710384,0.2625288949872405,ZENITH
2023-03-22,24.96,25.01,25.41,24.96,6110000.0,-0.2,-0.0019992003198721076,-0.0020012013883008253,4.004806996537151e-06,0.0020012013883008253,0.1590236730033378,0.26263872441163366,ZENITH
2023-03-23,25.01,24.96,25.01,24.96,7920000.0,0.2,0.0020032051282050656,0.002001201388300706,4.004806996536673e-06,0.002001201388300706,0.09486623808220576,0.26118318225653014,ZENITH
2023-03-24,24.86,25.01,24.96,24.71,5100000.0,-0.6,-0.005997600959616212,-0.006015658806962689,3.6188150881787756e-05,0.006015658806962689,0.12292115073517967,0.2609259368037547,ZENITH
2023-03-27,24.91,24.86,24.96,24.91,11960000.0,0.2,0.00201126307321009,0.002009243191524113,4.037058202686003e-06,0.002009243191524113,0.11945649028571081,0.25425948753721955,ZENITH
2023-03-28,24.91,24.91,25.01,24.91,10240000.0,0.0,0.0,0.0,0.0,0.0,0.053259239961079605,0.252142455322538,ZENITH
2023-03-29,25.61,25.36,25.91,25.11,27180000.0,2.8,0.02810116419108799,0.027713570937344893,0.0007680420140992475,0.027713570937344893,0.2069916686285756,0.2606632605420973,ZENITH
2023-03-30,25.81,25.61,25.91,25.71,14090000.0,0.78,0.007809449433814786,0.007779113519088493,6.0514607142865365e-05,0.007779113519088493,0.20552810690737666,0.2614938999369258,ZENITH
2023-03-31,25.76,25.81,25.81,25.71,5390000.0,-0.19,-0.0019372336303756788,-0.001939112494369487,3.7601572658198537e-06,0.001939112494369487,0.1917156685302512,0.25985382846716853,ZENITH
2023-04-03,25.71,25.76,25.81,25.71,8189999.999999999,-0.19,-0.0019409937888199558,-0.001942879958354833,3.7747825325768777e-06,0.001942879958354833,0.2002083830630979,0.25797946609293976,ZENITH
2023-04-04,25.06,25.71,25.71,24.91,14780000.0,-2.52,-0.025281991443018348,-0.02560707180987594,0.000655722126676143,0.02560707180987594,0.305826936007456,0.2693305288981606,ZENITH
2023-04-05,25.41,25.06,25.41,25.06,15910000.0,1.39,0.013966480446927498,0.013869847864150596,0.00019237267977468284,0.013869847864150596,0.23862650183476825,0.27149327815492436,ZENITH
2023-04-06,25.41,25.41,25.46,25.31,19170000.0,0.0,0.0,0.0,0.0,0.0,0.22545682294031583,0.2713275846898543,ZENITH
2023-04-11,25.41,25.41,25.46,25.31,44610000.0,0.0,0.0,0.0,0.0,0.0,0.22651656461800188,0.2713275846898543,ZENITH
2023-04-12,25.41,25.41,25.41,25.31,11420000.0,0.0,0.0,0.0,0.0,0.0,0.22736351123125612,0.2701985212576047,ZENITH
2023-04-13,24.96,25.41,25.41,24.96,20690000.0,-1.76,-0.017709563164108544,-0.017868253830845726,0.000319274494963533,0.017868253830845726,0.17897578790174096,0.2540078202627582,ZENITH
2023-04-14,24.91,24.96,25.11,24.86,18230000.0,-0.2,-0.0020032051282051766,-0.0020052142271379113,4.020884096716291e-06,0.0020052142271379113,0.12406119155233171,0.25411227523422464,ZENITH
2023-04-17,21.92,22.02,21.92,21.72,13420000.0,-12.0,-0.1200321156162183,-0.12786986719427415,0.016350702936281308,0.12786986719427415,0.8805838521470334,0.48887903959365403,ZENITH
2023-04-18,21.72,21.92,21.82,21.72,12200000.0,-0.91,-0.009124087591241059,-0.009165967014080281,8.401495130320778e-05,0.009165967014080281,0.8634443633862494,0.47804922746305467,ZENITH
2023-04-19,21.77,21.72,21.77,21.62,16540000.0,0.23,0.002302025782688899,0.0022993801807215147,5.287149215494906e-06,0.0022993801807215147,0.8688467375244949,0.47705924417244655,ZENITH
2023-04-20,21.87,21.77,21.92,21.77,18180000.0,0.46,0.0045934772622875375,0.004582959442220386,2.1003517249036993e-05,0.004582959442220386,0.9040056461295893,0.4766169757428057,ZENITH
2023-04-25,21.97,21.87,22.52,21.92,27650000.0,0.46,0.004572473708276181,0.0045620517078423725,2.0812315785027508e-05,0.0045620517078423725,0.9163035862618157,0.47275322186279456,ZENITH
2023-04-26,22.47,21.97,22.47,21.97,13110000.0,2.27,0.022758306781975435,0.022503199800718975,0.0005063940012710785,0.022503199800718975,0.18007006367188694,0.48298684736153324,ZENITH
2023-04-27,22.72,22.47,22.82,22.42,16930000.0,1.11,0.011125945705384943,0.011064507655712784,0.0001224233296633268,0.011064507655712784,0.1305919517485326,0.48565633427953264,ZENITH
2023-04-28,22.72,22.72,22.87,22.47,15330000.0,0.0,0.0,0.0,0.0,0.0,0.13879030067864442,0.48587818739142224,ZENITH
2023-05-02,23.42,22.72,23.42,22.72,12190000.0,3.07,0.03080985915492973,0.03034476431662083,0.0009208047214312649,0.03034476431662083,0.19964715019930931,0.5002078303469071,ZENITH
2023-05-03,23.92,23.42,23.97,23.52,15320000.0,2.13,0.021349274124679685,0.02112457091285963,0.0004462474962524352,0.02112457091285963,0.186079066099586,0.5070762996375445,ZENITH
2023-05-04,23.92,23.92,24.02,23.72,24990000.0,0.0,0.0,0.0,0.0,0.0,0.21110398505804873,0.49562034902953217,ZENITH
2023-05-05,23.97,23.92,24.02,23.82,33270000.000000004,0.21,0.002090301003344397,0.0020881193638619187,4.360242477735104e-06,0.0020881193638619187,0.22418102755238906,0.49441514719825136,ZENITH
2023-05-08,24.31,23.97,24.31,23.92,8700000.0,1.46,0.014184397163120588,0.014084739881739023,0.00019837989753624977,0.014084739881739023,0.20309121342405517,0.49816324357525443,ZENITH
2023-05-09,24.41,24.31,24.41,24.22,42900000.0,0.41,0.004113533525298196,0.004105096076836674,1.6851813800059853e-05,0.004105096076836674,0.1426511608891294,0.49872829200304303,ZENITH
2023-05-10,24.31,24.41,24.36,24.02,24570000.0,-0.41,-0.004096681687832948,-0.004105096076836802,1.68518138000609e-05,0.004105096076836802,0.10770461466365289,0.4916722012431226,ZENITH
2023-05-11,23.82,24.31,24.36,23.57,16850000.0,-2.05,-0.02015631427396125,-0.020362224400877864,0.0004146201825517059,0.020362224400877864,0.20197992233722825,0.49253486649069117,ZENITH
2023-05-12,23.92,23.82,23.92,23.72,10450000.0,0.42,0.004198152812762368,0.004189365155276925,1.755078040424845e-05,0.004189365155276925,0.20443359238294762,0.49307813812531004,ZENITH
2023-05-15,24.07,23.92,24.07,23.77,18850000.0,0.62,0.006270903010033413,0.006251322712549564,3.907903565643804e-05,0.006251322712549564,0.17484785864563038,0.4940124529314129,ZENITH
2023-05-16,24.41,24.07,24.51,24.07,57590000.0,1.45,0.014125467386788548,0.014026632609888134,0.0001967464223727772,0.014026632609888134,0.20771480157049405,0.49731394321914074,ZENITH
2023-05-17,25.06,24.41,25.26,24.41,31810000.0,2.65,0.026628430970913497,0.02628006506305348,0.0006906418197183241,0.02628006506305348,0.27195800805245113,0.5029493049669655,ZENITH
2023-05-18,24.91,25.06,24.91,24.81,29160000.0,-0.6,-0.005985634477254531,-0.006003620193833131,3.604345543180096e-05,0.006003620193833131,0.19109845154855298,0.5033597919140348,ZENITH
2023-05-19,25.91,24.91,25.91,24.81,58050000.0,4.0,0.04014452027298265,0.03935966529992947,0.001549183252522472,0.03935966529992947,0.2788725013701669,0.22381354332890835,ZENITH
2023-05-22,26.36,25.91,26.36,24.96,53620000.0,1.73,0.017367811655731424,0.017218715060287913,0.00029648414832738576,0.017218715060287913,0.26530040901225527,0.21692663629227452,ZENITH
2023-05-23,26.91,26.36,26.91,26.16,59210000.0,2.08,0.020864946889226132,0.020650255104508002,0.0004264330358812588,0.020650255104508002,0.2629301563967339,0.21885603180349011,ZENITH
2023-05-24,26.66,26.91,27.11,25.91,37680000.0,-0.93,-0.00929022668153101,-0.009333649988251811,8.711702210319304e-05,0.009333649988251811,0.32036950507538203,0.228373798941868,ZENITH
2023-05-25,26.66,26.66,26.71,26.51,39540000.0,0.0,0.0,0.0,0.0,0.0,0.30091213641301523,0.23013925863011872,ZENITH
2023-05-26,26.91,26.51,26.91,26.31,50190000.0,0.93,0.00937734433608406,0.009333649988251869,8.711702210319411e-05,0.009333649988251869,0.1960902476749815,0.22502195712294704,ZENITH
2023-05-30,29.6,27.01,29.6,26.91,66360000.0,10.0,0.09996283909327386,0.09527639659120023,0.00907759174740367,0.09527639659120023,0.6636256852378382,0.37549064964309775,ZENITH
2023-05-31,28.9,29.6,29.85,26.96,44690000.0,-2.36,-0.023648648648648796,-0.023932766211628362,0.0005727772985404602,0.023932766211628362,0.7448604455689652,0.3942887796144035,ZENITH
2023-06-01,29.4,28.9,29.7,28.7,37290000.0,1.72,0.01730103806228378,0.017153079226249493,0.0002942281269419919,0.017153079226249493,0.7151266850213858,0.38893830400871054,ZENITH
2023-06-02,28.5,29.4,29.0,27.9,22000000.0,-3.05,-0.030612244897959107,-0.031090587070031005,0.000966624604359179,0.031090587070031005,0.7979802373356678,0.4128469995137385,ZENITH
2023-06-05,27.85,28.5,28.3,27.35,28850000.0,-2.27,-0.02280701754385961,-0.023071120901311772,0.000532276619642945,0.023071120901311772,0.840289447485056,0.4262395297744133,ZENITH
2023-06-06,27.9,27.85,27.9,27.45,15930000.0,0.18,0.0017953321364452268,0.0017937224540269007,3.217440242080287e-06,0.0017937224540269007,0.32430600272806415,0.4262856144987181,ZENITH
2023-06-07,27.85,27.9,27.9,27.75,8170000.0,-0.18,-0.0017921146953403522,-0.0017937224540267663,3.2174402420798044e-06,0.0017937224540267663,0.31002435420450514,0.42661689368040384,ZENITH
2023-06-08,27.9,27.85,28.0,27.9,30930000.0,0.18,0.0017953321364452268,0.0017937224540269007,3.217440242080287e-06,0.0017937224540269007,0.2459360869980253,0.4268536511689812,ZENITH
2023-06-09,27.9,27.9,27.9,27.7,21120000.0,0.0,0.0,0.0,0.0,0.0,0.16863319488236553,0.42582073698518796,ZENITH
2023-06-13,30.69,28.0,30.69,28.0,86000000.0,10.0,0.10000000000000009,0.09531017980432493,0.009084030374332749,0.09531017980432493,0.6738653389831255,0.5132355187224303,ZENITH
2023-06-14,33.68,30.74,33.73,30.74,119560000.0,9.74,0.09742587161941985,0.09296732074248103,0.008642922726035344,0.09296732074248103,0.818873241668435,0.5834078023896038,ZENITH
2023-06-15,31.94,33.53,35.38,30.89,62890000.0,-5.18,-0.051662707838479816,-0.05304504658725961,0.002813776967444542,0.05304504658725961,1.0284400385650347,0.6305274927239376,ZENITH
2023-06-16,30.89,31.94,31.89,30.39,39230000.0,-3.28,-0.032874139010644954,-0.03342663585637603,0.0011173399846747636,0.03342663585637603,1.1107955092414825,0.6510931892724605,ZENITH
2023-06-19,31.89,30.89,31.89,30.89,28370000.0,3.23,0.03237293622531556,0.03185997409147584,0.0010150579491095119,0.03185997409147584,1.0969451260945213,0.6530044602496977,ZENITH
2023-06-20,31.89,31.89,31.89,31.59,18770000.0,0.0,0.0,0.0,0.0,0.0,0.9151921233787482,0.6513084244981051,ZENITH
2023-06-21,31.64,31.89,31.89,31.39,14910000.0,-0.78,-0.00783944810285353,-0.007870338122513098,6.1942222162683e-05,0.007870338122513098,0.5160628852327089,0.6466260960312922,ZENITH
2023-06-22,31.69,31.64,31.74,30.89,20390000.0,0.16,0.001580278128950674,0.001579030803376232,2.4933382780109886e-06,0.001579030803376232,0.3709750522498644,0.646547682801245,ZENITH
2023-06-23,31.89,31.69,31.89,31.59,36570000.0,0.63,0.00631113916061854,0.006291307319136922,3.9580547783825804e-05,0.006291307319136922,0.24023308567569227,0.6451348363922041,ZENITH
2023-06-26,32.39,31.89,32.39,31.74,28670000.0,1.56,0.01567889620570706,0.015557252161271622,0.00024202809480939054,0.015557252161271622,0.13693513353605896,0.6424231440480708,ZENITH
2023-06-27,33.88,32.39,34.03,31.94,52620000.0,4.62,0.046001852423587675,0.044975136600615855,0.002022762912244056,0.044975136600615855,0.32103941368364236,0.6530493450036894,ZENITH
2023-06-30,34.13,33.88,34.13,33.68,74660000.0,0.74,0.0073789846517118285,0.007351893134761934,5.405033266495966e-05,0.007351893134761934,0.2764584097122656,0.6531649018767224,ZENITH
2023-07-03,35.13,34.13,35.18,34.08,50150000.0,2.92,0.029299736302373258,0.028878703359119972,0.0008339795077040472,0.028878703359119972,0.259435789646986,0.5822776582856863,ZENITH
2023-07-04,33.78,35.13,35.13,33.38,52890000.0,-3.83,-0.038428693424423566,-0.03918655489808165,0.0015355860847803668,0.03918655489808165,0.5035871975500708,0.5951254305948759,ZENITH
2023-07-05,33.98,33.78,34.23,33.43,11900000.0,0.59,0.005920663114268754,0.005903204864131906,3.4847827667910594e-05,0.005903204864131906,0.5033693370096365,0.5940845864117181,ZENITH
2023-07-06,34.43,33.98,34.73,33.88,13710000.0,1.32,0.013243084167157138,0.013156161106646413,0.00017308457506403578,0.013156161106646413,0.40313783746047227,0.5779931741744766,ZENITH
2023-07-07,34.68,34.43,34.83,34.58,53240000.0,0.72,0.007261109497531226,0.007234874561908714,5.23434099265538e-05,0.007234874561908714,0.40306313915745784,0.566218685171196,ZENITH
2023-07-10,34.68,34.68,36.27,34.18,48050000.0,0.0,0.0,0.0,0.0,0.0,0.3332341987858945,0.5665979440486696,ZENITH
2023-07-11,33.98,34.68,34.48,33.88,11680000.0,-2.01,-0.020184544405997817,-0.020391035668555265,0.00041579433563629305,0.020391035668555265,0.20531277776591625,0.5752207363563611,ZENITH
2023-07-12,34.23,33.98,34.23,31.54,40420000.0,0.73,0.007357268981754039,0.007330336298308064,5.3733830246292765e-05,0.007330336298308064,0.20761789721482823,0.5746087977842664,ZENITH
2023-07-13,33.53,34.23,33.88,32.49,14300000.0,-2.04,-0.020449897750511092,-0.020661892063956633,0.0004269137836625941,0.020661892063956633,0.22568413417511798,0.5834107157796424,ZENITH
2023-07-14,32.39,33.53,32.89,30.29,36550000.0,-3.42,-0.03399940351923647,-0.03459082729489921,0.001196525332945544,0.03459082729489921,0.27028915395987946,0.5094252302676996,ZENITH
2023-07-17,33.83,32.39,33.83,30.29,13930000.0,4.46,0.04445816610064823,0.04349824960937907,0.0018920977190798466,0.04349824960937907,0.4932546077905361,0.41974489865177245,ZENITH
2023-07-18,32.69,33.83,34.18,32.39,8650000.0,-3.39,-0.033697901271061204,-0.03427876205649787,0.0011750335281259983,0.03427876205649787,0.5291667471650713,0.3939876093961517,ZENITH
2023-07-19,32.14,32.69,32.59,31.89,10050000.0,-1.68,-0.01682471703884969,-0.016967860426752607,0.00028790828746175717,0.016967860426752607,0.5134520629880283,0.37967677153971385,ZENITH
2023-07-20,32.19,32.14,32.39,31.94,13780000.0,0.16,0.00155569383945231,0.0015544850013501817,2.416423619422674e-06,0.0015544850013501817,0.5156957142127785,0.363712434250191,ZENITH
2023-07-21,35.03,33.03,35.38,33.03,73610000.0,8.82,0.08822615719167448,0.08454899189867869,0.007148532031082835,0.08454899189867869,0.7645385941930809,0.4659604313539088,ZENITH
2023-07-24,34.58,35.03,34.88,33.43,13380000.0,-1.28,-0.01284613188695416,-0.012929356954251126,0.00016716827125044193,0.012929356954251126,0.7396948136160195,0.4679740813947763,ZENITH
2023-07-25,34.88,34.58,35.03,34.38,36430000.0,0.86,0.008675534991324563,0.008638118785634533,7.461709615473223e-05,0.008638118785634533,0.6564297800158179,0.4681088906884308,ZENITH
2023-07-26,35.18,34.88,35.38,34.83,26570000.0,0.86,0.008600917431192512,0.008564140268633084,7.334449854082275e-05,0.008564140268633084,0.6061744977300075,0.4682805444972411,ZENITH
2023-07-27,34.88,35.18,35.08,34.73,16489999.999999998,-0.85,-0.008527572484366086,-0.0085641402686332,7.334449854082475e-05,0.0085641402686332,0.6274320156758568,0.4686727944666448,ZENITH
2023-07-28,33.88,34.88,34.73,33.23,12890000.0,-2.86,-0.028669724770642224,-0.02908872925692526,0.0008461541697826995,0.02908872925692526,0.2524725680540735,0.4562019200459584,ZENITH
2023-07-31,33.78,33.88,33.78,33.23,7650000.0,-0.29,-0.002951593860684776,-0.0029559584041996354,8.737690087358455e-06,0.0029559584041996354,0.24677386605456184,0.4555057644806833,ZENITH
2023-08-01,33.38,33.78,33.38,32.74,24390000.0,-1.18,-0.011841326228537508,-0.011911993145964908,0.00014189558070951493,0.011911993145964908,0.21838824201223456,0.444142272374162,ZENITH
2023-08-02,33.38,33.38,33.88,33.03,12120000.0,0.0,0.0,0.0,0.0,0.0,0.18072634124301507,0.42355102769365555,ZENITH
2023-08-03,33.48,33.38,34.48,33.48,12130000.0,0.3,0.002995805871779389,0.002991327387585434,8.948039539718697e-06,0.002991327387585434,0.20546658358386552,0.42311041678765426,ZENITH
2023-08-04,33.98,33.48,33.98,33.38,23950000.0,1.49,0.014934289127837452,0.014823870622511332,0.0002197471402329545,0.014823870622511332,0.15423438490984204,0.4238376701691961,ZENITH
2023-08-07,34.08,33.98,34.23,33.88,5820000.0,0.29,0.00294290759270166,0.002938585717329088,8.635286018090511e-06,0.002938585717329088,0.15134796808966094,0.42309425218580315,ZENITH
2023-08-08,34.88,34.08,34.88,34.18,7020000.0,2.34,0.023474178403755985,0.02320289707966401,0.0005383744328894808,0.02320289707966401,0.1566008214965473,0.4312252037014364,ZENITH
2023-08-09,34.88,34.88,34.88,34.53,6140000.0,0.0,0.0,0.0,0.0,0.0,0.1566008214965473,0.42464806839303876,ZENITH
2023-08-10,34.88,34.88,35.13,34.88,12530000.0,0.0,0.0,0.0,0.0,0.0,0.1648055334264108,0.4240833013253103,ZENITH
2023-08-11,34.88,34.88,34.88,34.73,18420000.0,0.0,0.0,0.0,0.0,0.0,0.16078265000794156,0.4168272734171332,ZENITH
2023-08-14,33.98,34.88,34.33,33.98,10760000.0,-2.57,-0.02580275229357809,-0.026141482796993028,0.0006833771228254824,0.026141482796993028,0.2772391447941919,0.40845593152988774,ZENITH
2023-08-15,34.28,33.98,34.28,33.38,11340000.0,0.88,0.00882872277810498,0.008789977485793287,7.726370420075287e-05,0.008789977485793287,0.21006387224351322,0.3811069464817983,ZENITH
2023-08-16,34.33,34.28,34.53,34.18,10790000.0,0.15,0.0014585764294048342,0.0014575137400215808,2.1243463023516963e-06,0.0014575137400215808,0.21182824864046368,0.35934792664714305,ZENITH
2023-08-17,33.88,34.33,34.33,33.83,7300000.0,-1.31,-0.013108068744538182,-0.013194737685746919,0.00017410110259566996,0.013194737685746919,0.21991142044915796,0.3570249080979064,ZENITH
2023-08-18,33.88,33.88,33.88,33.83,8870000.0,0.0,0.0,0.0,0.0,0.0,0.21991142044915796,0.35711796047829636,ZENITH
2023-08-21,33.83,33.88,33.83,33.78,6250000.0,-0.15,-0.001475796930342499,-0.0014768869912366507,2.1811951848840465e-06,0.0014768869912366507,0.12593892442874607,0.19578349885341165,ZENITH
2023-08-22,33.68,33.83,33.78,33.38,6570000.0,-0.44,-0.004433934377771176,-0.0044437934184910965,1.9747299946224785e-05,0.0044437934184910965,0.0924932348195454,0.19179522250335493,ZENITH
2023-08-23,33.28,33.68,33.78,33.28,7990000.0,-1.18,-0.01187648456057,-0.011947573421118062,0.00014274451065300674,0.011947573421118062,0.09583793538694166,0.1916718676045218,ZENITH
2023-08-24,32.89,33.28,33.43,32.79,7310000.0,-1.2,-0.01171875,-0.01178795575204224,0.00013895590081210575,0.01178795575204224,0.08970528107964032,0.1901827441641075,ZENITH
2023-08-25,32.64,32.89,32.89,32.49,12360000.0,-0.76,-0.007601094557616261,-0.007630130105059307,5.821888542013236e-05,0.007630130105059307,0.0726566906260894,0.18987841073767167,ZENITH
2023-08-28,32.64,32.64,32.64,32.49,4630000.0,0.0,0.0,0.0,0.0,0.0,0.08063375614259975,0.16492875890841135,ZENITH
2023-08-29,33.38,32.64,33.63,32.59,14710000.0,2.29,0.02267156862745101,0.022418388137782786,0.0005025841266962799,0.022418388137782786,0.22818641405393528,0.1848593680188012,ZENITH
2023-08-30,32.79,33.38,33.53,32.59,11280000.0,-1.79,-0.017675254643499172,-0.017833327377132207,0.0003180275653399731,0.017833327377132207,0.24768591673461082,0.19049034033219658,ZENITH
2023-08-31,32.79,32.79,32.89,32.79,8970000.0,0.0,0.0,0.0,0.0,0.0,0.2350521081454451,0.19049034033219658,ZENITH
2023-09-01,34.28,32.79,34.28,32.89,19810000.0,4.56,0.04544068313510219,0.04443850287302218,0.0019747805375956006,0.04443850287302218,0.3818743341674893,0.2468041885404195,ZENITH
2023-09-04,36.97,37.67,37.67,35.23,75680000.0,7.85,0.07847141190198359,0.07554467921896144,0.005706998558295784,0.07554467921896144,0.5832094870921531,0.35513214871265947,ZENITH
2023-09-05,36.87,36.97,37.62,35.87,34480000.0,-0.27,-0.002704895861509349,-0.002708560702487418,7.336301079059136e-06,0.002708560702487418,0.6163229774999501,0.35588599560398365,ZENITH
2023-09-06,36.87,36.87,36.87,36.82,10040000.0,0.0,0.0,0.0,0.0,0.0,0.5577833146046168,0.34891149765522667,ZENITH
2023-09-07,36.82,36.87,36.87,36.72,4720000.0,-0.14,-0.0013561160835366959,-0.0013570364411212919,1.8415479025311415e-06,0.0013570364411212919,0.5614494791374159,0.34907260754933617,ZENITH
2023-09-08,36.82,36.82,36.87,36.77,8840000.0,0.0,0.0,0.0,0.0,0.0,0.54382207390088,0.34907260754933617,ZENITH
2023-09-11,34.68,36.82,36.77,34.38,43280000.0,-5.82,-0.058120586637696925,-0.05987802389259072,0.003585377745281665,0.05987802389259072,0.41825624966185404,0.41081076067497463,ZENITH
2023-09-12,33.48,33.18,33.83,31.24,38460000.0,-3.45,-0.03460207612456756,-0.03521490629106662,0.0012400896250886033,0.03521490629106662,0.4323282913145778,0.4191277262554136,ZENITH
2023-09-13,33.73,33.48,34.78,31.89,29910000.0,0.74,0.007467144563918726,0.007439403452284274,5.5344723725859174e-05,0.007439403452284274,0.4558276943722584,0.41876813686123576,ZENITH
2023-09-14,32.89,33.73,34.43,32.74,15890000.0,-2.51,-0.02490364660539568,-0.02521898887259316,0.0006359973997559776,0.02521898887259316,0.4324724475619346,0.42709343042314896,ZENITH
2023-09-15,33.13,32.49,33.58,32.49,9770000.0,0.76,0.00729705077531162,0.007270556110838866,5.286098616085638e-05,0.007270556110838866,0.45866860558150896,0.4262419788850034,ZENITH
2023-09-18,33.03,33.13,33.43,32.89,11950000.0,-0.3,-0.003018412315122343,-0.003022976909106305,9.13838939298991e-06,0.003022976909106305,0.30926568865883397,0.42627535661854776,ZENITH
2023-09-19,32.89,33.03,33.38,32.89,14090000.0,-0.45,-0.004238570996064173,-0.004247579201732672,1.804192907499196e-05,0.004247579201732672,0.21122055743635604,0.42640525263293666,ZENITH
2023-09-20,32.89,32.89,33.08,32.89,9750000.0,0.0,0.0,0.0,0.0,0.0,0.19260548055369045,0.42627578258633547,ZENITH
2023-09-21,32.89,32.89,32.93,32.89,9870000.0,0.0,0.0,0.0,0.0,0.0,0.07101128214317083,0.42446096834921765,ZENITH
2023-09-22,32.89,32.89,33.23,32.89,13990000.0,0.0,0.0,0.0,0.0,0.0,0.03234674076095141,0.4224921808060006,ZENITH
2023-09-25,31.89,32.39,32.64,31.89,9730000.0,-3.03,-0.030404378230465157,-0.03087617917899932,0.0009533384406936711,0.03087617917899932,0.2136647266637533,0.4352630491554826,ZENITH
2023-09-26,30.94,31.89,31.99,30.94,21650000.0,-2.97,-0.02978990279084348,-0.030242635877046144,0.0009146170247915986,0.030242635877046144,0.2657325233143238,0.44675015400149504,ZENITH
2023-09-28,31.19,30.94,31.34,30.89,21190000.0,0.81,0.00808015513897864,0.0080476854747918,6.476524150117493e-05,0.0080476854747918,0.29372255637380845,0.4393436785765402,ZENITH
2023-09-29,31.34,31.19,31.44,31.19,10970000.0,0.48,0.004809233728759077,0.004797706308162737,2.3017985819384522e-05,0.004797706308162737,0.3063485969872056,0.43685389170311206,ZENITH
2023-10-03,31.39,31.34,31.84,31.34,17870000.0,0.16,0.0015954052329292256,0.0015941339259874768,2.541262973984246e-06,0.0015941339259874768,0.30970436053493094,0.4369878006488732,ZENITH
2023-10-04,31.79,31.39,31.89,31.39,12080000.0,1.27,0.01274291175533615,0.012662404068849208,0.00016033647680280898,0.012662404068849208,0.2707179836111746,0.4072182217602305,ZENITH
2023-10-05,31.79,31.79,31.79,31.69,6090000.0,0.0,0.0,0.0,0.0,0.0,0.08085021333528754,0.28923706738795174,ZENITH
2023-10-06,31.89,31.79,32.29,31.79,7860000.0,0.31,0.003145643284051536,0.0031407060992548626,9.864034801896695e-06,0.0031407060992548626,0.07826816422250883,0.2910824170454666,ZENITH
2023-10-09,31.84,31.89,31.99,31.84,7790000.0,-0.16,-0.0015678896205707504,-0.0015691200457840255,2.462137718081262e-06,0.0015691200457840255,0.08877598007062727,0.29066353949489726,ZENITH
2023-10-10,31.69,31.84,31.84,31.44,11310000.0,-0.47,-0.004711055276381826,-0.004722187273352803,2.229905264461518e-05,0.004722187273352803,0.1055585613137683,0.29007578942406737,ZENITH
2023-10-11,31.49,31.69,31.69,31.29,32390000.0,-0.63,-0.00631113916061854,-0.006331138589896148,4.008331584447218e-05,0.006331138589896148,0.05978173108764151,0.28893780393594304,ZENITH
2023-10-12,31.89,31.49,31.89,31.49,20550000.0,1.27,0.012702445220704961,0.012622445909032949,0.00015932614072646263,0.012622445909032949,0.12091277066891899,0.22531620192378327,ZENITH
2023-10-13,31.89,31.89,31.94,31.84,13030000.0,0.0,0.0,0.0,0.0,0.0,0.11883918022613156,0.19478810327470633,ZENITH
2023-10-16,32.04,31.89,32.04,31.89,7730000.0,0.47,0.00470366886171214,0.004692641178192225,2.2020881227265312e-05,0.004692641178192225,0.12190533196792032,0.19328120177021602,ZENITH
2023-10-17,32.89,32.04,33.28,32.04,15500000.0,2.64,0.026529338327091256,0.02618353800080725,0.0006855776622397173,0.02618353800080725,0.19933786930677794,0.19891622891663838,ZENITH
2023-10-18,33.28,32.89,33.68,33.28,8310000.000000001,1.21,0.011857707509881354,0.011787955752042173,0.00013895590081210415,0.011787955752042173,0.15766179306009848,0.20159419116460472,ZENITH
2023-10-19,33.03,33.28,33.08,32.93,4360000.0,-0.75,-0.0075120192307692735,-0.0075403765503096,5.68572785204589e-05,0.0075403765503096,0.20339761714740534,0.20311011804936827,ZENITH
2023-10-20,32.93,33.03,33.13,32.89,18090000.0,-0.3,-0.003027550711474425,-0.0030321430144253795,9.193891259928627e-06,0.0030321430144253795,0.21099234416875962,0.20283330201543154,ZENITH
2023-10-23,33.13,32.93,33.33,32.89,16219999.999999998,0.61,0.006073489219556638,0.006055119923531582,3.6664477288349116e-05,0.006055119923531582,0.21051146628135645,0.2038933314252705,ZENITH
2023-10-24,33.43,33.33,33.58,33.28,9410000.0,0.9,0.009055236945366696,0.009014484120202707,8.126092395338677e-05,0.009014484120202707,0.1303962951177717,0.20608001677020604,ZENITH
2023-10-25,33.23,33.43,33.58,33.18,16710000.0,-0.6,-0.005982650314089177,-0.006000618065504366,3.600741716805736e-05,0.006000618065504366,0.11760317822697293,0.20740859838963888,ZENITH
2023-10-26,32.98,33.23,33.38,32.89,6900000.0,-0.75,-0.007523322299127333,-0.007551765235050106,5.7029158165311386e-05,0.007551765235050106,0.11764736633711592,0.1763818556736605,ZENITH
2023-10-27,33.18,32.98,33.48,32.89,6540000.0,0.6,0.006064281382656134,0.006045967630845567,3.655372459323236e-05,0.006045967630845567,0.12195386940152818,0.1333915383677921,ZENITH
2023-10-30,33.38,33.18,33.48,33.28,24510000.0,0.6,0.006027727546714878,0.006009633471390575,3.611569446045794e-05,0.006009633471390575,0.12184751225979513,0.13266789951621966,ZENITH
2023-10-31,33.03,33.38,33.58,32.98,30000000.0,-1.04,-0.010485320551228305,-0.010540678830990757,0.00011110591021809667,0.010540678830990757,0.12495360776272141,0.1407783501867374,ZENITH
2023-11-01,34.28,33.03,34.33,32.98,14120000.0,3.77,0.037844383893430145,0.03714585432688069,0.0013798144936738408,0.03714585432688069,0.29984176894045456,0.1848598855886491,ZENITH
2023-11-02,33.88,34.28,34.28,33.68,13730000.0,-1.16,-0.011668611435239118,-0.011737223945725307,0.00013776242595210753,0.011737223945725307,0.3131321331626357,0.190027022190155,ZENITH
2023-11-03,33.88,33.88,34.13,33.48,8189999.999999999,0.0,0.0,0.0,0.0,0.0,0.3152622721186243,0.190027022190155,ZENITH
2023-11-06,33.48,33.88,33.88,33.38,9370000.0,-1.18,-0.011806375442739214,-0.01187662416257921,0.00014105420149916032,0.01187662416257921,0.3337374532119848,0.19691468459999323,ZENITH
2023-11-07,33.18,33.48,33.68,33.18,13140000.0,-0.89,-0.008960573476702427,-0.009000960858976056,8.101729638481898e-05,0.009000960858976056,0.3306647359717788,0.2004144978093341,ZENITH
2023-11-08,33.08,33.18,33.23,33.08,5140000.0,-0.3,-0.003013863773357439,-0.003018414606807862,9.11082673859106e-06,0.003018414606807862,0.08511735337441148,0.19978431907311117,ZENITH
2023-11-09,32.93,33.08,33.53,32.93,20600000.0,-0.45,-0.004534461910519871,-0.00454477376721757,2.0654968595188985e-05,0.00454477376721757,0.07532524027077746,0.19893476538896843,ZENITH
2023-11-10,32.93,32.93,33.48,32.89,10110000.0,0.0,0.0,0.0,0.0,0.0,0.07532524027077746,0.19531824494030248,ZENITH
2023-11-13,33.38,32.93,33.38,33.18,4380000.0,1.36,0.013665350744002547,0.013572821845416218,0.00018422149284740772,0.013572821845416218,0.13591373561733266,0.19959255042964577,ZENITH
2023-11-14,34.28,33.38,34.28,33.53,3870000.0,2.69,0.02696225284601561,0.026605175495890053,0.0007078353631671086,0.026605175495890053,0.2113572388372188,0.21677085806518798,ZENITH
2023-11-15,33.63,34.28,33.88,33.38,10460000.0,-1.89,-0.018961493582263622,-0.019143567977400716,0.00036647619490536216,0.019143567977400716,0.277781920009317,0.21310063527903814,ZENITH
2023-11-16,33.38,33.63,33.88,33.08,10460000.0,-0.74,-0.007433838834374096,-0.007461607518489241,5.567558675997517e-05,0.007461607518489241,0.28367931430394033,0.21131536058989125,ZENITH
2023-11-17,33.28,33.38,33.48,33.23,7410000.0,-0.3,-0.0029958058717795,-0.0030003022806811656,9.001813775460604e-06,0.0030003022806811656,0.28627583464266876,0.20981536999610345,ZENITH
2023-11-20,33.03,33.28,33.18,32.98,15220000.0,-0.75,-0.0075120192307692735,-0.0075403765503096,5.68572785204589e-05,0.0075403765503096,0.27191612396167164,0.21130936136016498,ZENITH
2023-11-21,33.08,33.03,33.38,33.08,8810000.0,0.15,0.001513775355737046,0.0015126307527921165,2.288051794292445e-06,0.0015126307527921165,0.12202572221404465,0.21029182315217226,ZENITH
2023-11-22,33.28,33.08,33.33,33.23,14420000.0,0.6,0.006045949214026791,0.006027745797517466,3.6333719399489475e-05,0.006027745797517466,0.093331488534098,0.20891577856472632,ZENITH
2023-11-23,33.38,33.28,33.48,33.38,20790000.0,0.3,0.0030048076923077094,0.0030003022806811912,9.001813775460757e-06,0.0030003022806811912,0.08455417593298073,0.20809972481801764,ZENITH
2023-11-24,34.58,33.38,34.68,33.78,22660000.0,3.58,0.035949670461354,0.03531856202145532,0.0012474008232633861,0.03531856202145532,0.2582005435930279,0.23868339358463853,ZENITH
2023-11-27,35.18,34.58,35.23,34.78,12960000.0,1.73,0.017351069982648903,0.017202259054267643,0.0002959177165701331,0.017202259054267643,0.22388003250506855,0.2439853417836724,ZENITH
2023-11-28,35.03,35.18,35.23,34.83,10230000.0,-0.42,-0.004263786242183043,-0.004272902100016649,1.8257692356326687e-05,0.004272902100016649,0.2447461594249984,0.24487263553363128,ZENITH
2023-11-29,34.88,35.03,35.08,34.78,9450000.0,-0.43,-0.004282043962318016,-0.0042912381686165705,1.8414725019791697e-05,0.0042912381686165705,0.2689313490227129,0.24168044684348464,ZENITH
2023-11-30,33.93,34.88,34.88,33.88,16010000.000000002,-2.71,-0.027236238532110213,-0.027614020244640228,0.0007625341140714004,0.027614020244640228,0.3797549727219339,0.22880229762905266,ZENITH
2023-12-01,34.88,33.93,34.88,33.93,8880000.0,2.79,0.027998821102269478,0.0276140202446402,0.0007625341140713989,0.0276140202446402,0.3407232034952432,0.2444956312419968,ZENITH
2023-12-04,34.73,34.88,34.98,34.68,16219999.999999998,-0.43,-0.004300458715596478,-0.004309732284796376,1.857379236661619e-05,0.004309732284796376,0.3122043056971063,0.245257898481465,ZENITH
2023-12-05,34.78,34.78,34.83,34.58,15530000.0,0.14,0.0014396775122373917,0.0014386421701544536,2.069691293746716e-06,0.0014386421701544536,0.3128795276056553,0.24061988158811637,ZENITH
2023-12-06,35.97,34.78,35.97,34.38,38750000.0,3.44,0.034215066129959615,0.03364274878139547,0.0011318345455680863,0.03364274878139547,0.3959223882314423,0.26095546809379033,ZENITH
2023-12-07,35.13,35.97,36.02,35.03,31730000.0,-2.35,-0.02335279399499568,-0.023629791429796747,0.0005583670430156959,0.023629791429796747,0.37496992563870846,0.277056731160922,ZENITH
2023-12-08,34.88,35.13,35.28,34.88,19060000.0,-0.71,-0.0071164247082265986,-0.007141867236956798,5.100626763031692e-05,0.007141867236956798,0.33316157403291774,0.2780758834938761,ZENITH
2023-12-11,35.38,34.88,35.53,34.88,12730000.0,1.43,0.014334862385321001,0.01423308969086024,0.00020258084214807204,0.01423308969086024,0.34388477988765354,0.2806680958023697,ZENITH
2023-12-12,35.38,35.38,35.38,35.13,23070000.0,0.0,0.0,0.0,0.0,0.0,0.34463389359565083,0.27840919768030736,ZENITH
2023-12-13,36.27,35.38,36.37,35.38,44940000.0,2.54,0.02515545505935557,0.02484426456317178,0.0006172374816848732,0.02484426456317178,0.29861324028649344,0.2765705117426281,ZENITH
2023-12-14,36.97,36.27,37.02,36.32,37420000.0,1.92,0.019299696719051518,0.01911581965372951,0.00036541456103391143,0.01911581965372951,0.21223688205890595,0.2702015592102067,ZENITH
2023-12-15,36.97,36.97,36.97,36.52,24790000.0,0.0,0.0,0.0,0.0,0.0,0.17888671996386282,0.26725668000961855,ZENITH
2023-12-18,36.97,36.97,36.97,36.77,17210000.0,0.0,0.0,0.0,0.0,0.0,0.1937981352758201,0.26634476254929607,ZENITH
2023-12-19,37.62,36.97,37.62,36.92,22040000.0,1.75,0.0175818230998106,0.017429050924343728,0.00030377181612336696,0.017429050924343728,0.18319393166352874,0.2655671765548829,ZENITH
2023-12-20,38.37,37.62,38.37,37.67,24120000.0,1.99,0.019936204146730363,0.019740080385976588,0.0003896707736448176,0.019740080385976588,0.163680342794153,0.2690009401468801,ZENITH
2023-12-21,38.52,38.37,38.71,38.17,14450000.0,0.39,0.00390930414386248,0.0039016826710638803,1.5223127665680175e-05,0.0039016826710638803,0.15294480052802165,0.26920489306169726,ZENITH
2023-12-22,37.77,38.52,38.52,37.67,26390000.0,-1.94,-0.01947040498442365,-0.01966245020555929,0.00038661194808609854,0.01966245020555929,0.2514511595306862,0.2844249031621167,ZENITH
2023-12-27,37.87,37.77,37.87,37.82,15510000.0,0.26,0.002647603918453756,0.0026441051893379254,6.9912922522837464e-06,0.0026441051893379254,0.24930619009928015,0.2635762329612963,ZENITH
2023-12-28,38.07,37.87,38.07,37.37,28030000.0,0.53,0.005281225244256671,0.005267328480702529,2.7744749323620013e-05,0.005267328480702529,0.22421357448980514,0.2594409669209456,ZENITH
2023-12-29,38.52,38.07,39.31,37.32,28980000.0,1.18,0.011820330969267268,0.01175101653551895,0.00013808638961803978,0.01175101653551895,0.18976725620873894,0.25912798719261865,ZENITH
2024-01-02,38.86,38.52,38.91,38.07,11070000.0,0.91,0.008826583592938642,0.008787857019369131,7.722643099287531e-05,0.008787857019369131,0.19782966920228076,0.2574783766504782,ZENITH
2024-01-03,40.51,38.86,40.51,39.01,20890000.0,4.23,0.04246011322696863,0.04158341326530519,0.0017291802587931595,0.04158341326530519,0.2507826496188814,0.2581270860623135,ZENITH
2024-01-04,40.86,40.51,40.86,40.06,29400000.0,0.86,0.008639842014317445,0.008602732174876802,7.400700087266056e-05,0.008602732174876802,0.23696092429207236,0.24855779609354287,ZENITH
2024-01-05,41.85,40.86,42.3,41.36,20170000.0,2.44,0.02422907488986792,0.023940207546008403,0.0005731335373459577,0.023940207546008403,0.22440577855238447,0.25084923535421566,ZENITH
2024-01-08,42.9,41.85,42.9,41.85,15660000.0,2.5,0.02508960573476693,0.024780028998486865,0.00061404983716585,0.024780028998486865,0.21707877892833805,0.2551194469494232,ZENITH
2024-01-09,47.19,42.9,47.19,42.9,45720000.0,9.99,0.10000000000000009,0.09531017980432493,0.009084030374332749,0.09531017980432493,0.5342418416172351,0.3840238462713362,ZENITH
2024-01-10,42.5,47.09,47.14,42.5,55700000.0,-9.93,-0.0993854630218266,-0.10467792980792494,0.01095746898887286,0.10467792980792494,1.1459027863239528,0.5486044893968932,ZENITH
2024-01-11,43.35,42.5,44.84,41.85,45780000.0,1.99,0.020000000000000018,0.01980262729617973,0.0003921440478314025,0.01980262729617973,1.1480507658970496,0.5465087085487451,ZENITH
2024-01-12,42.85,43.35,43.75,42.8,27080000.0,-1.15,-0.011534025374855816,-0.011601058182762055,0.00013458455095983042,0.011601058182762055,1.1521534477594448,0.5515015612426867,ZENITH
2024-01-15,44.39,42.85,44.39,42.9,25110000.0,3.6,0.03593932322053672,0.03530857380215505,0.0012466953839422297,0.03530857380215505,1.1660412999001548,0.5576718644550164,ZENITH
2024-01-16,45.69,44.39,45.84,44.05,21100000.0,2.92,0.02928587519711634,0.028865236729236136,0.0008332018914348428,0.028865236729236136,0.9172733761310647,0.559119562713128,ZENITH
2024-01-17,45.04,45.69,45.39,44.54,24460000.0,-1.42,-0.014226307725979437,-0.014328471743745201,0.00020530510251130465,0.014328471743745201,0.367010440203268,0.5649712175638654,ZENITH
2024-01-18,44.15,45.04,45.14,44.1,36420000.0,-1.99,-0.019760213143872107,-0.019958056781465915,0.00039832403049221756,0.019958056781465915,0.41632646693283076,0.5733245925022493,ZENITH
2024-01-19,44.84,44.15,44.84,43.45,34880000.0,1.58,0.015628539071347758,0.015507671153990219,0.00024048786462030033,0.015507671153990219,0.39780404330102015,0.5729607896258557,ZENITH
2024-01-22,43.85,44.84,43.95,43.65,25850000.0,-2.22,-0.022078501338091083,-0.02232587938576721,0.0004984448903478252,0.02232587938576721,0.3676759042348294,0.5822333052836366,ZENITH
2024-01-23,41.9,43.85,43.65,39.96,32140000.0,-4.43,-0.04446978335233753,-0.04548889189010002,0.002069239285389207,0.04548889189010002,0.3470776883366807,0.6079473928646923,ZENITH
2024-01-24,42.1,41.9,42.35,41.65,14520000.0,0.48,0.004773269689737569,0.004761913760243785,2.2675822659999105e-05,0.004761913760243785,0.38213029528181,0.6079495388627458,ZENITH
2024-01-25,42.7,42.1,42.85,41.7,15000000.0,1.42,0.014251781472684133,0.014151179546243182,0.0002002558825500114,0.014151179546243182,0.42060494987790514,0.6024637013740066,ZENITH
2024-01-26,42.85,42.7,42.85,42.35,14760000.0,0.35,0.003512880562060783,0.0035067248092098195,1.2297118887527645e-05,0.0035067248092098195,0.3880962208746185,0.6024134154340123,ZENITH
2024-01-29,41.85,42.85,42.55,41.6,34660000.0,-2.33,-0.023337222870478458,-0.023613848108304514,0.0005576138224820767,0.023613848108304514,0.39096296787630364,0.6110315855852734,ZENITH
2024-01-30,38.86,41.85,41.36,37.87,27760000.0,-7.14,-0.07144563918757474,-0.07412635298619037,0.005494716207033294,0.07412635298619037,0.5697669616759957,0.6679698357660576,ZENITH
2024-01-31,34.98,38.86,39.86,34.98,61390000.0,-10.0,-0.09984559958826567,-0.10518897435883813,0.011064720326664305,0.10518897435883813,0.8119509951115642,0.7602852282146425,ZENITH
2024-02-01,38.47,34.98,38.47,33.88,74580000.0,9.97,0.09977129788450556,0.09510224717374786,0.009044437417496633,0.09510224717374786,1.229563486402819,0.821731597657383,ZENITH
2024-02-02,39.36,38.47,41.26,38.52,31690000.0,2.33,0.023134910319729585,0.022871355419848846,0.0005230988987410492,0.022871355419848846,1.2610270014663552,0.8256294171458733,ZENITH
2024-02-05,38.57,39.36,39.96,38.37,16910000.0,-2.03,-0.020071138211382067,-0.0202752999639162,0.0004110877886267803,0.0202752999639162,1.2601448140252571,0.8224747284155921,ZENITH
2024-02-06,37.37,38.57,38.37,37.32,14370000.0,-3.1,-0.031112263417163666,-0.031606528722743964,0.000998972657901639,0.031606528722743964,1.1702161035407506,0.8209046938581888,ZENITH
2024-02-07,36.67,37.37,37.42,36.67,11980000.0,-1.87,-0.018731602890018628,-0.018909261414157778,0.0003575601672289562,0.018909261414157778,0.8282903470867183,0.7329311787958509,ZENITH
2024-02-08,35.87,36.67,36.37,34.38,31860000.0,-2.17,-0.021816198527406683,-0.02205769053904352,0.00048654171191621,0.02205769053904352,0.3365520355439845,0.6528133260554013,ZENITH
2024-02-09,36.72,35.87,37.87,35.87,11960000.0,2.36,0.02369668246445511,0.023420274208098637,0.0005485092439825302,0.023420274208098637,0.3403414584222505,0.6548769833430835,ZENITH
2024-02-12,36.77,36.72,36.87,36.67,8600000.0,0.14,0.0013616557734206225,0.001360729560891067,1.8515849378827962e-06,0.001360729560891067,0.3492942962027458,0.6554939970132486,ZENITH
2024-02-13,35.38,36.77,36.82,35.33,16070000.0,-3.79,-0.0378025564318738,-0.03853560658154141,0.0014849929746073378,0.03853560658154141,0.3790457178270581,0.6448591252113532,ZENITH
2024-02-14,36.37,35.38,36.37,35.87,17930000.0,2.82,0.02798191068400202,0.027597570267258214,0.0007616258846562547,0.027597570267258214,0.45388498443644815,0.643890797158106,ZENITH
2024-02-15,35.63,36.37,36.37,35.63,6950000.0,-2.05,-0.020346439373109537,-0.020556279381152814,0.00042256062199600835,0.020556279381152814,0.4497367849341071,0.6446740015807276,ZENITH
2024-02-16,35.68,35.63,37.87,35.68,10740000.0,0.14,0.0014033118158853775,0.0014023280940638361,1.9665240834007113e-06,0.0014023280940638361,0.39748928892673135,0.6452472432121243,ZENITH
2024-02-19,35.58,35.68,36.47,35.58,15250000.0,-0.28,-0.002802690582959677,-0.0028066254741195788,7.87714655197695e-06,0.0028066254741195788,0.3938797309033795,0.6391640399497205,ZENITH
2024-02-20,35.53,35.58,36.07,35.33,21080000.0,-0.14,-0.0014052838673411783,-0.0014062722047533443,1.977601513861832e-06,0.0014062722047533443,0.27408568483251183,0.6386074498206084,ZENITH
2024-02-21,35.38,35.53,36.32,35.38,15920000.0,-0.42,-0.004221784407542839,-0.004230721301296416,1.7899002729243243e-05,0.004230721301296416,0.13746712463867372,0.6255940977098562,ZENITH
2024-02-22,35.63,35.38,35.73,35.38,12580000.0,0.7,0.007066139061616683,0.007041290886105413,4.957977734275116e-05,0.007041290886105413,0.07068170406787393,0.6262319744644105,ZENITH
2024-02-23,35.18,35.63,35.73,34.98,20790000.0,-1.26,-0.012629806342969507,-0.01271024030833267,0.00016155020869556454,0.01271024030833267,0.11198304168671912,0.6211822314798807,ZENITH
2024-02-26,35.18,35.18,35.48,35.13,20700000.0,0.0,0.0,0.0,0.0,0.0,0.1137665523537663,0.6203949149465565,ZENITH
2024-02-27,34.38,35.18,35.18,34.38,25040000.0,-2.27,-0.022740193291642896,-0.02300273935470883,0.0005291260178206704,0.02300273935470883,0.18472520454505176,0.6202219871304495,ZENITH
2024-02-28,32.34,34.28,34.28,31.39,31030000.0,-5.94,-0.05933682373472948,-0.0611701458057424,0.0037417867378957844,0.0611701458057424,0.42504952263432266,0.6046028229957383,ZENITH
2024-02-29,34.88,32.34,35.18,31.39,22840000.0,7.86,0.07854050711193561,0.07560874489181803,0.005716682304116019,0.07560874489181803,0.7960486173147366,0.5642633287934995,ZENITH
2024-03-01,35.38,34.88,36.47,34.38,25660000.0,1.43,0.014334862385321001,0.01423308969086024,0.00020258084214807204,0.01423308969086024,0.800984491598697,0.45031544219283864,ZENITH
2024-03-04,35.33,35.38,36.57,35.18,8070000.0,-0.14,-0.0014132278123234476,-0.0014142273605854687,2.000039027428541e-06,0.0014142273605854687,0.8011735085296745,0.43980006913205316,ZENITH
2024-03-05,35.38,35.33,35.87,34.88,13400000.0,0.14,0.001415227851684131,0.0014142273605853774,2.0000390274282833e-06,0.0014142273605853774,0.7736537464068011,0.4368051681376697,ZENITH
2024-03-06,33.88,35.38,35.43,33.88,16690000.000000002,-4.23,-0.04239683436970043,-0.04332181894778561,0.0018767799969447165,0.04332181894778561,0.6812744774103621,0.4478427718580698,ZENITH
2024-03-07,33.83,33.88,34.88,32.89,17140000.0,-0.15,-0.001475796930342499,-0.0014768869912366507,2.1811951848840465e-06,0.0014768869912366507,0.34585765305890404,0.44492021218558314,ZENITH
2024-03-08,33.88,33.83,34.38,33.83,18000000.0,0.15,0.0014779781259237623,0.0014768869912365624,2.181195184883786e-06,0.0014768869912365624,0.30840970697558395,0.44022187800227564,ZENITH
2024-03-11,36.07,33.88,36.07,34.88,14530000.0,6.47,0.06463990554899635,0.06263662513159388,0.003923346807875818,0.06263662513159388,0.6003288199616043,0.4879359554811533,ZENITH
2024-03-12,38.07,36.17,38.86,36.07,15540000.0,5.52,0.05544774050457435,0.05396507547895828,0.002912229371449664,0.05396507547895828,0.6938962547717815,0.5236595719061965,ZENITH
2024-03-13,38.86,38.07,39.01,38.27,13810000.0,2.09,0.020751247701602304,0.020538873554888037,0.00042184532690367916,0.020538873554888037,0.4695928217585523,0.5062280221205782,ZENITH
2024-03-14,38.37,38.86,39.31,37.87,13340000.0,-1.28,-0.01260936695831194,-0.012689539690433068,0.00016102441755507616,0.012689539690433068,0.5173883520088852,0.5022559357204738,ZENITH
2024-03-15,39.56,38.37,39.56,37.87,10480000.0,3.12,0.031013812874641777,0.030542602495650478,0.0009328505672073148,0.030542602495650478,0.4726960253851629,0.5038268871123331,ZENITH
2024-03-18,38.86,39.56,39.36,37.47,21560000.0,-1.76,-0.01769464105156726,-0.017853062805217357,0.00031873185152703546,0.017853062805217357,0.4786443069439534,0.5099293630454149,ZENITH
2024-03-19,37.97,38.86,38.37,37.97,7260000.0,-2.31,-0.02290272774060731,-0.02316906970558307,0.0005368057910221673,0.02316906970558307,0.3863962799704404,0.5181986245404812,ZENITH
2024-03-20,37.87,37.97,38.27,37.82,11180000.0,-0.26,-0.0026336581511720025,-0.002637132330007523,6.954466925970907e-06,0.002637132330007523,0.3389100620177067,0.5183508848320038,ZENITH
2024-03-21,39.31,37.87,39.36,37.42,21850000.0,3.82,0.038024821758648075,0.037319697520065566,0.001392759822989188,0.037319697520065566,0.4398517277358088,0.5308435076041249,ZENITH
2024-03-22,39.81,39.31,41.36,39.26,47820000.0,1.27,0.012719409819384353,0.012639197578456851,0.00015974931542726953,0.012639197578456851,0.38941628537560746,0.531466457715219,ZENITH
2024-03-25,39.36,39.81,39.41,38.86,8369999.999999999,-1.13,-0.011303692539562982,-0.011368064828173216,0.00012923289793754895,0.011368064828173216,0.3716816055178999,0.5309139774154396,ZENITH
2024-03-26,40.31,39.36,40.51,39.36,42590000.0,2.41,0.02413617886178865,0.023849504945021773,0.000568798886122618,0.023849504945021773,0.3117038318387838,0.5343052223016858,ZENITH
2024-03-27,43.85,40.31,44.1,39.86,53390000.0,8.78,0.0878193996526917,0.08417514168911769,0.007085454478383039,0.08417514168911769,0.5633088625241347,0.5862528892051191,ZENITH
2024-03-28,44.34,43.85,44.34,43.1,88660000.0,1.14,0.011174458380843744,0.01111248536997332,0.00012348733109787105,0.01111248536997332,0.5705496038718552,0.5233195942264798,ZENITH
2024-04-02,44.39,44.34,44.54,41.36,62800000.0,0.11,0.001127649977446854,0.0011270146577783214,1.2701620388471868e-06,0.0011270146577783214,0.5905963621234608,0.47615840975739837,ZENITH
2024-04-03,43.85,44.39,44.79,43.85,42020000.0,-1.23,-0.012164902004956013,-0.012239500027751768,0.00014980536092933552,0.012239500027751768,0.5937018913870774,0.4830118535422279,ZENITH
2024-04-04,43.05,43.85,43.45,42.85,162250000.0,-1.82,-0.01824401368301032,-0.018412487944452296,0.00033901971230460113,0.018412487944452296,0.6561613965423986,0.4916823139474112,ZENITH
2024-04-05,42.35,43.05,42.85,41.36,86520000.0,-1.62,-0.016260162601625883,-0.016393809775676272,0.0002687569989610589,0.016393809775676272,0.20080529193107052,0.49914490657653515,ZENITH
2024-04-08,41.41,42.35,42.35,41.41,16149999.999999998,-2.24,-0.022195985832349607,-0.022446023540587653,0.0005038239727846152,0.022446023540587653,0.1437337522746597,0.4765293343782433,ZENITH
2024-04-12,39.86,42.35,42.85,38.86,136290000.0,-3.73,-0.03743057232552516,-0.03814908277282714,0.0014553525164080166,0.03814908277282714,0.15863505320560653,0.5034036929165217,ZENITH
2024-04-15,38.52,39.86,39.81,38.47,14360000.0,-3.38,-0.03361766181635717,-0.034195727854723766,0.0011693478035143309,0.034195727854723766,0.15415808175407944,0.5238124769693184,ZENITH
2024-04-16,35.28,38.52,38.81,35.28,41500000.0,-8.41,-0.08411214953271029,-0.08786135579133426,0.007719617841491427,0.08786135579133426,0.44851013283528623,0.5760233766323283,ZENITH
2024-04-17,35.28,35.28,36.67,34.88,47190000.0,0.0,0.0,0.0,0.0,0.0,0.5129073902688548,0.5403030795084459,ZENITH
2024-04-18,35.87,35.28,37.37,35.38,22080000.0,1.69,0.016723356009070267,0.016585060405600628,0.00027506422865742166,0.016585060405600628,0.6396253686410885,0.5382448188632938,ZENITH
2024-04-19,35.38,35.87,36.37,35.38,24490000.0,-1.39,-0.013660440479509206,-0.013754602812551855,0.0001891890985310594,0.013754602812551855,0.6404248136295451,0.5384787380634898,ZENITH
2024-04-22,37.77,35.38,37.77,35.87,15220000.0,6.76,0.06755228942905589,0.0653684479927262,0.00427303399297775,0.0653684479927262,0.8831272358151733,0.5785399130852635,ZENITH
2024-04-23,35.87,37.77,37.87,35.87,21320000.0,-5.01,-0.05030447445062236,-0.051613845180174464,0.0026639890142830186,0.051613845180174464,0.6803047844820882,0.6014140931412484,ZENITH
2024-04-24,36.47,35.87,37.37,36.37,46320000.0,1.67,0.01672706997490936,0.01658871327639761,0.00027518540816653036,0.01658871327639761,0.6853836875101126,0.6010606405808767,ZENITH
2024-04-25,36.27,36.47,36.87,36.17,48660000.0,-0.55,-0.005483959418700168,-0.005499051525777725,3.0239567683158324e-05,0.005499051525777725,0.683113153593058,0.6011854516613886,ZENITH
2024-04-26,32.49,32.79,33.38,32.49,24020000.0,-10.44,-0.1042183622828784,-0.11005860361380204,0.01211289622942,0.11005860361380204,1.0620225949966828,0.689805019535131,ZENITH
2024-04-29,31.19,32.49,32.14,31.14,18780000.0,-3.99,-0.04001231148045559,-0.04083481906129711,0.0016674824477688735,0.04083481906129711,0.770431125385729,0.6934591338764733,ZENITH
2024-04-30,31.99,31.19,32.19,31.89,11920000.0,2.56,0.02564924655338241,0.02532582334171466,0.0006413973279357391,0.02532582334171466,0.873320195900117,0.7051778889952587,ZENITH
2024-05-02,32.64,31.99,32.69,32.34,15910000.0,2.02,0.02031884964051267,0.020115176134479634,0.00040462031092113905,0.020115176134479634,0.883662359674661,0.7030432181514924,ZENITH
2024-05-03,34.48,32.39,34.58,32.39,19040000.0,5.65,0.05637254901960764,0.0548409156995859,0.0030075260347690873,0.0548409156995859,1.0446348151341118,0.6595013230988385,ZENITH
2024-05-06,34.68,34.78,37.67,34.68,27000000.0,0.58,0.0058004640371229765,0.005783706116848761,3.3451256446073777e-05,0.005783706116848761,0.5558042367157844,0.6574597227841334,ZENITH
2024-05-07,34.58,34.68,35.13,34.58,20800000.0,-0.29,-0.0028835063437140374,-0.0028876716571967415,8.338647599777376e-06,0.0028876716571967415,0.3519521705105423,0.656619275828706,ZENITH
2024-05-08,33.68,34.58,34.88,33.38,11380000.0,-2.59,-0.026026604973973355,-0.026371290881018424,0.0006954449827312855,0.026371290881018424,0.4775118164182942,0.6585354974265382,ZENITH
2024-05-09,33.88,33.68,34.68,33.58,34070000.0,0.59,0.005938242280285166,0.005920680409727796,3.5054456514134505e-05,0.005920680409727796,0.4696924021245277,0.6612024988750189,ZENITH
2024-05-10,33.88,33.88,35.68,33.43,35220000.0,0.0,0.0,0.0,0.0,0.0,0.21159246932866296,0.6620826746340169,ZENITH
2024-05-13,34.58,33.88,34.58,34.33,30560000.0,2.06,0.02066115702479321,0.020450610471290622,0.00041822746864846164,0.020450610471290622,0.2697963362174223,0.6690720499887081,ZENITH
2024-05-14,34.28,34.58,34.58,34.28,15640000.0,-0.86,-0.00867553499132434,-0.008713386525565277,7.592310474390253e-05,0.008713386525565277,0.276036808553512,0.660396512384528,ZENITH
2024-05-15,33.18,34.28,34.23,33.18,7330000.0,-3.2,-0.03208868144690791,-0.0326148089672807,0.0010637257639722138,0.0326148089672807,0.31230739131537016,0.6596039119487279,ZENITH
2024-05-16,32.39,33.18,33.43,32.14,10690000.0,-2.4,-0.023809523809523836,-0.02409755157906053,0.0005806919921054827,0.02409755157906053,0.33051927638541656,0.5950680225345466,ZENITH
2024-05-17,32.69,32.39,33.08,32.69,4870000.0,0.92,0.009262117937635095,0.00921948755288134,8.499895073773396e-05,0.00921948755288134,0.3521023452405562,0.5967172593690698,ZENITH
2024-05-20,31.69,32.69,32.69,30.89,15320000.0,-3.05,-0.030590394616090477,-0.0310680470332898,0.0009652235464627071,0.0310680470332898,0.28031010291216235,0.5992035676377496,ZENITH
2024-05-21,32.39,31.69,33.88,32.39,7730000.0,2.2,0.022088987062164778,0.02184855948040861,0.0004773595513689529,0.02184855948040861,0.39913745818284985,0.6059775534462944,ZENITH
2024-05-22,30.89,32.39,32.84,30.64,35480000.0,-4.62,-0.04631058968817536,-0.047417226252747594,0.0022483933455042554,0.047417226252747594,0.4582892818736784,0.5675522884591059,ZENITH
2024-05-23,30.74,30.89,30.89,29.6,29040000.0,-0.48,-0.0048559404337974454,-0.004867768820040636,2.3695173285359805e-05,0.004867768820040636,0.45269676915196083,0.5466411703357207,ZENITH
2024-05-24,29.9,30.74,32.84,29.85,24570000.0,-2.76,-0.02732595966167861,-0.027706257713809076,0.0007676367165040049,0.027706257713809076,0.42674069054723157,0.543728451646181,ZENITH
2024-05-27,30.64,29.9,31.89,30.59,8850000.0,2.5,0.02474916387959869,0.024447864475749835,0.0005976980774246307,0.024447864475749835,0.4949000077435807,0.5562289075354765,ZENITH
2024-05-28,31.29,30.64,31.34,30.74,13880000.0,2.11,0.021214099216710025,0.020992212808400065,0.0004406729985931558,0.020992212808400065,0.49181133845433844,0.4225440826241413,ZENITH
2024-05-29,32.39,31.29,32.98,31.79,13710000.0,3.5,0.035155001597954705,0.03455117550244725,0.0011937837286009109,0.03455117550244725,0.40267841461190346,0.41541490344029763,ZENITH
2024-05-30,32.89,32.39,33.53,32.84,39360000.0,1.54,0.01543686322939175,0.015318927017727637,0.00023466952497446574,0.015318927017727637,0.38234197827424704,0.4096803970792876,ZENITH
2024-05-31,32.89,32.89,33.63,32.89,111520000.0,0.0,0.0,0.0,0.0,0.0,0.20236390500229773,0.4039390569296064,ZENITH
2024-06-03,32.89,32.89,33.38,32.89,7140000.0,0.0,0.0,0.0,0.0,0.0,0.2334190661485621,0.35209309854138005,ZENITH
2024-06-04,31.89,32.89,32.93,31.89,6140000.0,-3.03,-0.030404378230465157,-0.03087617917899932,0.0009533384406936711,0.03087617917899932,0.38145404150163564,0.3642483628878792,ZENITH
2024-06-05,32.79,31.89,32.79,31.84,6070000.0,2.81,0.02822201317027284,0.02783110983459066,0.000774570674625049,0.02783110983459066,0.34891875100507613,0.3806007002888929,ZENITH
2024-06-06,32.89,32.79,32.89,32.29,6760000.0,0.3,0.003049710277523765,0.0030450693444088483,9.272447312258533e-06,0.0030450693444088483,0.33082085551813806,0.3709018305630505,ZENITH
2024-06-07,33.13,32.89,33.13,32.79,43390000.0,0.76,0.00729705077531162,0.007270556110838866,5.286098616085638e-05,0.007270556110838866,0.3348232849553029,0.3712544745950223,ZENITH
2024-06-10,34.68,33.13,34.68,32.93,16140000.0,4.66,0.046785390884394706,0.04572393560053651,0.00209067828680201,0.04572393560053651,0.45727384479150013,0.40514972116703774,ZENITH
2024-06-11,34.88,34.68,34.88,33.88,74540000.0,0.57,0.005767012687428075,0.005750447128437938,3.306764217696013e-05,0.005750447128437938,0.29207164860628365,0.39946879444847755,ZENITH
2024-06-13,35.87,34.88,36.12,34.73,71470000.0,2.86,0.028383027522935533,0.027987692503412088,0.0007833109316655491,0.027987692503412088,0.29240817484443976,0.40902296867039395,ZENITH
2024-06-14,35.87,35.87,35.87,35.58,28130000.0,0.0,0.0,0.0,0.0,0.0,0.30280472695826677,0.38920962691712147,ZENITH
2024-06-19,35.87,35.87,36.07,35.18,15320000.0,0.0,0.0,0.0,0.0,0.0,0.3218468464621248,0.37625097813840586,ZENITH
2024-06-20,35.82,35.87,35.87,34.88,12560000.0,-0.14,-0.0013939224979090392,-0.0013948949116254113,1.9457318144784638e-06,0.0013948949116254113,0.19589220050983186,0.3764977902305178,ZENITH
2024-06-21,35.77,35.82,35.87,33.88,15810000.0,-0.14,-0.0013958682300390102,-0.0013968433616392741,1.951171376955708e-06,0.0013968433616392741,0.20394891177801971,0.3547244911800805,ZENITH
2024-06-24,35.73,35.77,35.73,34.93,12610000.0,-0.14,-0.0011182555213867795,-0.0011188812356080862,1.2518952193958775e-06,0.0011188812356080862,0.011475329781724828,0.3505023047130904,ZENITH
2024-06-25,35.08,35.73,35.68,35.08,6620000.0,-1.81,-0.01819199552197026,-0.018359504531336064,0.0003370714066361495,0.018359504531336064,0.12373680441123974,0.3079618417201981,ZENITH
2024-06-26,35.58,35.08,35.58,34.53,6790000.0,1.42,0.01425313568985187,0.014152514733706895,0.00020029367328779074,0.014152514733706895,0.1826145942041426,0.30650505515199966,ZENITH
2024-06-27,35.38,35.58,35.48,35.38,5300000.0,-0.56,-0.005621135469364713,-0.005636993506049769,3.177569578724726e-05,0.005636993506049769,0.18475079454493176,0.2837409648023135,ZENITH
2024-06-28,35.58,35.38,35.63,35.18,7660000.0,0.56,0.005652911249293346,0.005636993506049829,3.177569578724794e-05,0.005636993506049829,0.1938535770490571,0.27742527120936084,ZENITH
2024-07-01,34.68,35.58,35.53,34.68,6830000.0,-2.52,-0.025295109612141653,-0.025620530325347984,0.0006564115741520757,0.025620530325347984,0.2607713305210752,0.29451739666999044,ZENITH
2024-07-02,35.58,34.68,35.58,34.43,9100000.0,2.59,0.02595155709342567,0.025620530325348046,0.0006564115741520788,0.025620530325348046,0.31113726415532544,0.2846473793522217,ZENITH
2024-07-03,35.73,35.58,35.73,35.58,6860000.0,0.42,0.004215851602023646,0.00420698979762938,1.7698763157357688e-05,0.00420698979762938,0.2959790764150177,0.28190203911571254,ZENITH
2024-07-04,37.32,35.73,37.32,35.77,24100000.0,4.46,0.04450041981528141,0.04353870394382478,0.0018956187411080234,0.04353870394382478,0.4115122933700062,0.31287222453734626,ZENITH
2024-07-05,37.37,37.32,37.62,36.87,16489999.999999998,0.13,0.001339764201500504,0.001338867518249419,1.7925662314233583e-06,0.001338867518249419,0.415935916269966,0.31258202663012935,ZENITH
2024-07-08,37.52,37.37,37.52,36.92,12400000.0,0.4,0.0040139149050042455,0.004005880640631628,1.6047079706987264e-05,0.004005880640631628,0.291469678629951,0.2825283843461131,ZENITH
2024-07-09,37.37,37.52,37.47,37.12,17600000.0,-0.4,-0.003997867803838151,-0.004005880640631596,1.6047079706987007e-05,0.004005880640631596,0.3038367327089581,0.27544158465225277,ZENITH
2024-07-10,36.92,37.37,37.17,36.12,36470000.0,-1.2,-0.01204174471501196,-0.012114833862741035,0.00014676919952181686,0.012114833862741035,0.34246240974785336,0.28256171638971095,ZENITH
2024-07-11,36.97,36.92,36.97,36.87,11900000.0,0.13,0.001354279523293478,0.0013533633138890077,1.8315922593806366e-06,0.0013533633138890077,0.10187255250893273,0.28283894710546253,ZENITH
2024-07-12,36.92,36.42,36.92,36.42,4980000.0,-0.13,-0.0013524479307546189,-0.0013533633138890903,1.8315922593808603e-06,0.0013533633138890903,0.09823380438353636,0.2419588006637605,ZENITH
2024-07-15,38.86,36.92,38.86,36.87,15760000.0,5.26,0.05254604550379183,0.051212034314642475,0.0026226724586441183,0.051212034314642475,0.4002510736548468,0.2941402478585657,ZENITH
2024-07-16,39.86,38.86,39.86,37.87,57620000.0,2.56,0.025733401955738477,0.025407870835354562,0.0006455599003860609,0.025407870835354562,0.4036687820715238,0.29174189708918363,ZENITH
2024-07-17,39.86,39.86,40.21,39.26,78020000.0,0.0,0.0,0.0,0.0,0.0,0.36353780400686525,0.29174189708918363,ZENITH
2024-07-18,37.07,39.86,38.86,37.07,17930000.0,-7.0,-0.06999498243853486,-0.07256529762200775,0.0052657224189705636,0.07256529762200775,0.7332548006324648,0.39684547881200505,ZENITH
2024-07-19,36.87,37.07,37.87,35.87,29990000.0,-0.54,-0.005395198273536628,-0.0054098049165878315,2.9265989235537874e-05,0.0054098049165878315,0.734479249319111,0.3974662735955409,ZENITH
2024-07-22,37.37,36.87,37.37,36.67,10210000.0,1.35,0.013561160835367403,0.01347003125133928,0.00018144174191205684,0.01347003125133928,0.6053305919361309,0.39949088632675017,ZENITH
2024-07-23,36.77,37.37,37.42,36.62,10170000.0,-1.6,-0.016055659620015872,-0.0161859481842117,0.00026198491862198603,0.0161859481842117,0.5286596612911606,0.4043923498131676,ZENITH
2024-07-24,36.77,36.77,36.87,35.53,60270000.0,0.0,0.0,0.0,0.0,0.0,0.5286596612911606,0.3980599367365681,ZENITH
2024-07-25,35.95,36.9,36.95,35.55,40590000.0,-2.23,-0.02230078868642915,-0.022553211146124942,0.0005086473330016943,0.022553211146124942,0.22352927682916904,0.4044762516135381,ZENITH
2024-07-26,35.85,35.95,36.0,35.4,16590000.0,-0.28,-0.002781641168289384,-0.0027855171214264235,7.759105633759748e-06,0.0027855171214264235,0.22483880885964994,0.40405216362458923,ZENITH
2024-07-29,34.55,35.85,35.4,34.5,15350000.0,-3.63,-0.03626220362622046,-0.03693601683195056,0.001364269339410135,0.03693601683195056,0.23962681604734729,0.42383285752532857,ZENITH
2024-07-30,33.85,34.55,34.55,33.8,44240000.0,-2.03,-0.020260492040520828,-0.020468550855394743,0.0004189615741198809,0.020468550855394743,0.24209883325902615,0.4204855641483043,ZENITH
2024-07-31,33.1,33.85,34.9,33.1,83890000.0,-2.22,-0.02215657311669128,-0.02240571697526678,0.000502016153175758,0.02240571697526678,0.19285902323234122,0.4148285681163936,ZENITH
2024-08-01,35.0,33.1,35.0,33.3,19240000.0,5.74,0.05740181268882161,0.055814779106396324,0.0031152895666958155,0.055814779106396324,0.5759215394009041,0.4625892203623946,ZENITH
2024-08-02,36.0,35.0,36.0,35.0,13760000.0,2.86,0.02857142857142847,0.028170876966696224,0.0007935983090727359,0.028170876966696224,0.6245084758616563,0.44674483635244533,ZENITH
2024-08-05,36.0,36.0,36.1,35.85,36990000.0,0.0,0.0,0.0,0.0,0.0,0.5319639934511309,0.44665359182164577,ZENITH
2024-08-06,36.5,36.0,36.5,35.95,21880000.0,1.39,0.01388888888888884,0.01379332213233577,0.00019025573544638377,0.01379332213233577,0.4672160591737952,0.44952825129054846,ZENITH
2024-08-07,37.0,36.5,37.5,36.2,35920000.0,1.37,0.013698630136986356,0.013605652055778678,0.00018511376786291457,0.013605652055778678,0.337025018456704,0.4523298324475692,ZENITH
2024-08-08,38.0,37.0,38.0,36.95,28130000.0,2.7,0.027027027027026973,0.026668247082161273,0.0007111954024352033,0.026668247082161273,0.18230513441179136,0.4596462296620041,ZENITH
2024-08-09,38.85,38.0,38.9,37.6,31950000.0,2.24,0.022368421052631593,0.022121917087270692,0.000489379215616079,0.022121917087270692,0.1616916544523401,0.4652315330847963,ZENITH
2024-08-12,38.55,38.0,38.6,37.2,27100000.0,-0.77,-0.007722007722007818,-0.007751976804318048,6.0093144374685054e-05,0.007751976804318048,0.2098962117688018,0.4664019351018902,ZENITH
2024-08-13,37.0,38.55,37.55,36.95,4630000.0,-4.02,-0.04020752269779504,-0.04103818736511402,0.001684132822214204,0.04103818736511402,0.44142062789659364,0.4531905260758045,ZENITH
2024-08-14,37.0,37.0,37.0,36.7,7430000.0,0.0,0.0,0.0,0.0,0.0,0.430723155672332,0.4420009391749499,ZENITH
2024-08-15,37.85,37.0,37.85,36.9,9950000.0,2.3,0.02297297297297307,0.022713067239233435,0.0005158834234139392,0.022713067239233435,0.4159575395570556,0.4512036834719688,ZENITH
2024-08-16,38.0,37.85,38.0,37.05,16710000.0,0.4,0.003963011889035695,0.003955179842928014,1.5643447589904074e-05,0.003955179842928014,0.37041362103948133,0.3723865688535865,ZENITH
2024-08-19,38.0,38.0,38.2,37.45,14120000.0,0.0,0.0,0.0,0.0,0.0,0.3701144706137131,0.3716511693829033,ZENITH
2024-08-20,38.0,38.0,38.0,37.7,11660000.0,0.0,0.0,0.0,0.0,0.0,0.1566050152535346,0.3690765771836639,ZENITH
2024-08-21,38.0,38.0,38.0,37.7,7830000.0,0.0,0.0,0.0,0.0,0.0,0.1566050152535346,0.363915655762159,ZENITH
2024-08-22,37.9,38.0,37.95,37.2,3740000.0,-0.26,-0.0026315789473684292,-0.0026350476380051138,6.943476054556329e-06,0.0026350476380051138,0.03743016900465922,0.3641729947726778,ZENITH
2024-08-23,37.9,37.9,37.9,37.1,8050000.000000001,0.0,0.0,0.0,0.0,0.0,0.018706982470476877,0.353678716502745,ZENITH
2024-08-26,37.95,37.9,37.95,37.7,13300000.0,0.13,0.0013192612137205018,0.001318391753258454,1.7381568150599004e-06,0.001318391753258454,0.022915054626370973,0.3531890898146264,ZENITH
2024-08-27,38.0,37.95,38.0,37.85,11550000.0,0.13,0.0013175230566533358,0.0013166558847466812,1.7335827188380658e-06,0.0013166558847466812,0.0256155925575368,0.3226198062310689,ZENITH
2024-08-28,38.4,38.0,38.4,37.9,9240000.0,1.05,0.010526315789473717,0.010471299867295437,0.00010964812091082143,0.010471299867295437,0.07862839103008039,0.30996459617206806,ZENITH
2024-08-29,38.35,38.4,38.4,38.0,13500000.0,-0.13,-0.0013020833333332593,-0.001302931780415906,1.6976312244177626e-06,0.001302931780415906,0.07401393198715182,0.29379091212492403,ZENITH
2024-08-30,38.25,38.35,38.35,38.0,11420000.0,-0.26,-0.0026075619295958807,-0.002610967540720402,6.817151498695544e-06,0.002610967540720402,0.08122972740309421,0.2354145711650918,ZENITH
2024-09-02,39.0,38.5,41.0,38.5,39980000.0,1.96,0.019607843137254832,0.019418085857101516,0.00037706205835376594,0.019418085857101516,0.14806464578043588,0.22596094107001177,ZENITH
2024-09-03,38.3,39.0,39.0,38.1,7880000.0,-1.79,-0.017948717948717996,-0.01811174994304617,0.0003280354859994329,0.01811174994304617,0.22602266479079638,0.23818990097948203,ZENITH
2024-09-04,37.4,38.3,38.25,37.4,10890000.0,-2.35,-0.023498694516971286,-0.023779191766114063,0.0005654499610496268,0.023779191766114063,0.26797021748685307,0.2518077481232748,ZENITH
2024-09-05,37.0,37.4,37.4,36.75,56560000.0,-1.07,-0.010695187165775333,-0.010752791776261737,0.00011562253098364204,0.010752791776261737,0.26753780892317736,0.2507739075378197,ZENITH
2024-09-06,37.5,37.0,38.0,36.85,34620000.0,1.35,0.013513513513513598,0.01342302033214077,0.00018017747483706453,0.01342302033214077,0.30616805549307036,0.2368363679738708,ZENITH
2024-09-09,37.0,37.5,37.5,36.9,173490000.0,-1.33,-0.013333333333333308,-0.013423020332140661,0.00018017747483706158,0.013423020332140661,0.22662081708649537,0.2255493223408723,ZENITH
2024-09-10,37.0,37.0,37.0,36.9,14880000.0,0.0,0.0,0.0,0.0,0.0,0.22491100339177109,0.2247957552263504,ZENITH
2024-09-11,37.0,37.0,37.0,36.7,18990000.0,0.0,0.0,0.0,0.0,0.0,0.16890748174976303,0.1741365490102947,ZENITH
2024-09-12,37.0,37.0,37.65,36.7,19270000.0,0.0,0.0,0.0,0.0,0.0,0.15067302953571698,0.1741365490102947,ZENITH
2024-09-13,38.0,37.0,38.0,37.0,28620000.0,2.7,0.027027027027026973,0.026668247082161273,0.0007111954024352033,0.026668247082161273,0.23226277633156092,0.18103889794275915,ZENITH
2024-09-17,36.7,37.0,37.0,35.1,12830000.0,-3.42,-0.03421052631578936,-0.03480940466586106,0.00121169465319167,0.03480940466586106,0.3468529444516521,0.21708914536556165,ZENITH
2024-09-18,36.7,36.7,36.95,36.1,16920000.0,0.0,0.0,0.0,0.0,0.0,0.3468529444516521,0.21708914536556165,ZENITH
2024-09-19,37.0,36.7,37.0,36.45,12060000.0,0.82,0.008174386920980936,0.008141157583699866,6.627844680263384e-05,0.008141157583699866,0.3540022819884923,0.21968865472690444,ZENITH
2024-09-20,37.9,37.0,37.9,36.5,14370000.0,2.43,0.024324324324324298,0.024033199444156193,0.0005775946755225895,0.024033199444156193,0.39297377431502817,0.23656573945339177,ZENITH
2024-09-23,37.5,37.9,37.5,36.7,8940000.0,-1.06,-0.01055408970976246,-0.010610179112015459,0.00011257590078904914,0.010610179112015459,0.3489735772352488,0.23922988563292832,ZENITH
2024-09-24,37.6,37.5,37.75,37.5,18610000.0,0.27,0.002666666666666595,0.0026631174194836284,7.09219438995714e-06,0.0026631174194836284,0.2017606937141833,0.23947849986168676,ZENITH
2024-09-25,37.7,37.6,37.9,37.5,21050000.0,0.27,0.0026595744680850686,0.0026560440581162104,7.054570038654427e-06,0.0026560440581162104,0.19859843657421475,0.2396426956968975,ZENITH
2024-09-26,37.75,38.0,38.0,37.7,14810000.0,0.13,0.0013262599469494596,0.0013253812410684883,1.7566354341762464e-06,0.0013253812410684883,0.19851587141922142,0.23964344602503185,ZENITH
2024-09-27,37.7,37.75,37.9,37.5,11750000.0,-0.13,-0.0013245033112582183,-0.0013253812410685707,1.7566354341764647e-06,0.0013253812410685707,0.0886122375384059,0.23641618408456141,ZENITH
2024-09-30,37.75,37.7,38.1,37.5,21760000.0,0.13,0.0013262599469494596,0.0013253812410684883,1.7566354341762464e-06,0.0013253812410684883,0.025825586382817494,0.236531679852349,ZENITH
2024-10-02,37.75,37.75,37.85,37.7,35170000.0,0.0,0.0,0.0,0.0,0.0,0.02401478694662966,0.23644588419734802,ZENITH
2024-10-03,37.7,37.75,37.7,37.5,19010000.0,-0.13,-0.0013245033112582183,-0.0013253812410685707,1.7566354341764647e-06,0.0013253812410685707,0.021039774937330148,0.2249268765961883,ZENITH
2024-10-04,37.5,37.7,37.7,37.35,12910000.0,-0.53,-0.0053050397877985045,-0.005319161477600045,2.829347882478429e-05,0.005319161477600045,0.03947409174351026,0.2173420959037642,ZENITH
2024-10-07,37.5,37.5,37.7,37.45,9840000.0,0.0,0.0,0.0,0.0,0.0,0.0405872812279457,0.2009377815817075,ZENITH
2024-10-08,37.4,37.5,37.5,37.35,7080000.0,-0.27,-0.002666666666666706,-0.0026702285558789208,7.130120540631227e-06,0.0026702285558789208,0.03534283869854486,0.19734206913157226,ZENITH
2024-10-09,37.35,37.4,37.45,37.25,11170000.0,-0.13,-0.0013368983957218195,-0.001337792841659831,1.7896896871962857e-06,0.001337792841659831,0.032020204595220425,0.19171839018080195,ZENITH
2024-10-10,37.5,37.35,37.7,37.3,25550000.0,0.4,0.004016064257028162,0.004008021397538868,1.606423552312942e-05,0.004008021397538868,0.054772129911848835,0.18598291957750937,ZENITH
2024-10-11,37.45,37.5,37.7,37.4,19730000.0,-0.13,-0.0013333333333332975,-0.0013342230131366103,1.7801510487833354e-06,0.0013342230131366103,0.04078865645213168,0.18609809066811847,ZENITH
2024-10-14,37.5,37.45,37.7,37.4,34090000.0,0.13,0.001335113484646211,0.0013342230131366622,1.7801510487834737e-06,0.0013342230131366622,0.042406295693659224,0.18610348245264957,ZENITH
2024-10-15,37.5,37.5,37.55,37.5,30380000.0,0.0,0.0,0.0,0.0,0.0,0.03548600853274926,0.18610348245264957,ZENITH
2024-10-16,37.45,37.5,37.85,37.4,11590000.0,-0.13,-0.0013333333333332975,-0.0013342230131366103,1.7801510487833354e-06,0.0013342230131366103,0.03547415247603323,0.16023871032056872,ZENITH
2024-10-17,37.5,37.45,37.8,37.4,20050000.0,0.13,0.001335113484646211,0.0013342230131366622,1.7801510487834737e-06,0.0013342230131366622,0.021180133717577963,0.10139057899985092,ZENITH
2024-10-18,37.45,37.5,37.6,37.45,27920000.0,-0.13,-0.0013333333333332975,-0.0013342230131366103,1.7801510487833354e-06,0.0013342230131366103,0.021180133717577963,0.10166581052365654,ZENITH
2024-10-21,37.5,37.45,37.75,37.45,14770000.0,0.13,0.001335113484646211,0.0013342230131366622,1.7801510487834737e-06,0.0013342230131366622,0.021180133717577963,0.09828887354757171,ZENITH
2024-10-22,37.55,37.5,37.8,37.5,11830000.0,0.13,0.0013333333333331865,0.001332445233778473,1.7754103010189695e-06,0.001332445233778473,0.0231965243833176,0.04961693862797016,ZENITH
2024-10-23,39.3,37.55,39.4,38.0,16110000.0,4.66,0.046604527296937315,0.0455511406650717,0.002074906415889149,0.0455511406650717,0.31917541287693807,0.16099692084192585,ZENITH
2024-10-24,40.0,39.3,40.3,39.5,25030000.0,1.78,0.01781170483460559,0.017654935238720745,0.0003116967382834235,0.017654935238720745,0.31338533411778147,0.16964589237147523,ZENITH
2024-10-25,39.9,40.0,40.2,39.9,18830000.0,-0.25,-0.0025000000000000577,-0.0025031302181185884,6.2656608888584116e-06,0.0025031302181185884,0.31682300309848976,0.17069531184286224,ZENITH
2024-10-28,39.9,39.9,40.0,39.9,7070000.0,0.0,0.0,0.0,0.0,0.0,0.31995761538611206,0.17089150549187782,ZENITH
2024-10-29,39.0,39.9,39.2,39.0,22860000.0,-2.26,-0.022556390977443552,-0.022814677766171288,0.0005205095215742305,0.022814677766171288,0.40676193596402804,0.1920715791825413,ZENITH
2024-10-30,39.5,39.0,39.85,39.3,23080000.0,1.28,0.012820512820512775,0.012739025777429712,0.0001622827777580187,0.012739025777429712,0.25044535861698547,0.19588677811921212,ZENITH
2024-10-31,39.95,39.5,39.95,39.55,11030000.0,1.14,0.0113924050632912,0.01132800030520755,0.00012832359091478234,0.01132800030520755,0.22688174361097638,0.19823096696802484,ZENITH
2024-11-01,41.25,39.95,42.0,39.95,40710000.0,3.25,0.03254067584480591,0.032022440568406224,0.0010254366999571088,0.032022440568406224,0.3189858105522388,0.221945772830648,ZENITH
2024-11-04,40.65,41.25,41.0,40.2,15820000.0,-1.45,-0.014545454545454528,-0.014652276786870375,0.00021468921503906043,0.014652276786870375,0.35335333516769885,0.22926867206375623,ZENITH
2024-11-05,43.0,40.65,43.0,41.0,46360000.0,5.78,0.05781057810578116,0.05620127969974292,0.0031585838398887358,0.05620127969974292,0.4186976289346074,0.2915946454027724,ZENITH
2024-11-06,42.65,43.5,43.5,42.3,20620000.0,-0.81,-0.008139534883720989,-0.008172841755874358,6.679534236656346e-05,0.008172841755874358,0.46393465808129747,0.29438877618854686,ZENITH
2024-11-07,43.0,42.65,43.0,42.05,12320000.0,0.82,0.008206330597889888,0.008172841755874386,6.679534236656392e-05,0.008172841755874386,0.4661911472425859,0.293138892448077,ZENITH
2024-11-08,42.0,43.0,43.5,42.0,3800000.0,-2.33,-0.023255813953488413,-0.02353049741019416,0.0005536843083711541,0.02353049741019416,0.5017207675740476,0.3112949247138214,ZENITH
2024-11-11,41.6,42.0,42.2,41.1,9690000.0,-0.95,-0.00952380952380949,-0.009569451016150672,9.157439275050714e-05,0.009569451016150672,0.4912576027285908,0.3148256522032639,ZENITH
2024-11-12,42.0,41.6,42.1,41.85,13530000.0,0.96,0.009615384615384581,0.009569451016150672,9.157439275050714e-05,0.009569451016150672,0.21876991513153254,0.31490847089823926,ZENITH
2024-11-13,43.0,42.0,43.0,42.2,6530000.0,2.38,0.023809523809523725,0.023530497410194036,0.0005536843083711482,0.023530497410194036,0.2909795209230453,0.32033036125316067,ZENITH
2024-11-14,43.0,43.0,43.1,42.7,16219999.999999998,0.0,0.0,0.0,0.0,0.0,0.2851361014346132,0.31995143622332445,ZENITH
2024-11-15,43.3,43.0,43.3,42.9,30320000.0,0.7,0.006976744186046435,0.006952519314881663,4.833752482380259e-05,0.006952519314881663,0.19431327460756628,0.3193820776100695,ZENITH
2024-11-18,43.5,43.3,43.7,43.3,9730000.0,0.46,0.004618937644341958,0.0046083030861944025,2.1236457334228855e-05,0.0046083030861944025,0.14107691152449195,0.31812473502794236,ZENITH
2024-11-19,44.0,43.5,44.65,43.55,6990000.0,1.15,0.011494252873563315,0.01142869582362285,0.00013061508822889437,0.01142869582362285,0.14221889288315226,0.31772865819016305,ZENITH
2024-11-20,44.9,44.0,45.0,44.0,14050000.0,2.05,0.020454545454545503,0.020248160829947494,0.00040998801699541996,0.020248160829947494,0.12200612972583955,0.3197685310083547,ZENITH
2024-11-21,44.5,44.9,44.85,44.5,22320000.0,-0.89,-0.008908685968819552,-0.008948605576014033,8.007754175506945e-05,0.008948605576014033,0.1693272292910036,0.29500182136871356,ZENITH
2024-11-22,44.3,44.5,44.3,44.15,10300000.0,-0.45,-0.004494382022471988,-0.004504512121104653,2.0290629449178737e-05,0.004504512121104653,0.1874851466508986,0.29387768999930824,ZENITH
2024-11-25,43.1,44.3,44.3,43.1,9630000.0,-2.71,-0.02708803611738142,-0.02746167994138778,0.0007541438652032199,0.02746167994138778,0.29464720522503624,0.31380197971258256,ZENITH
2024-11-26,43.5,43.1,43.8,43.15,3580000.0,0.93,0.009280742459396807,0.00923794098493636,8.533955364116696e-05,0.00923794098493636,0.28878044451121065,0.31407092418437793,ZENITH
2024-11-27,43.5,43.5,43.5,43.45,3730000.0,0.0,0.0,0.0,0.0,0.0,0.21579508162880898,0.2990063798131539,ZENITH
2024-11-28,44.0,43.5,44.0,43.5,14730000.0,1.15,0.011494252873563315,0.01142869582362285,0.00013061508822889437,0.01142869582362285,0.2465476591742733,0.2986243068237813,ZENITH
2024-11-29,44.5,44.0,44.55,44.3,5070000.0,1.14,0.011363636363636465,0.011299555253933466,0.0001276799489366954,0.011299555253933466,0.2624964395902732,0.2986168932596664,ZENITH
2024-12-02,44.7,44.5,44.7,44.0,17780000.0,0.45,0.004494382022471877,0.004484312447328586,2.0109058125266095e-05,0.004484312447328586,0.07858113620367504,0.2821599610770871,ZENITH
2024-12-03,45.0,44.85,45.0,44.6,10630000.0,0.67,0.006711409395973034,0.006688988150796489,4.4742562481495835e-05,0.006688988150796489,0.0766607320850867,0.2741215577121784,ZENITH
2024-12-04,44.75,45.0,45.15,44.75,9190000.0,-0.56,-0.005555555555555536,-0.00557104504945536,3.1036542943061074e-05,0.00557104504945536,0.11045614429840242,0.2024402150799338,ZENITH
2024-12-05,44.0,44.75,44.8,44.0,17270000.0,-1.68,-0.016759776536312887,-0.016901810802603254,0.00028567120840699607,0.016901810802603254,0.1791147040761659,0.21002859773117252,ZENITH
2024-12-06,43.95,44.0,44.0,43.95,4179999.9999999995,-0.11,-0.001136363636363602,-0.0011370097870751247,1.2927912559046205e-06,0.0011370097870751247,0.14889885020429183,0.208764978034281,ZENITH
2024-12-09,44.35,43.95,44.5,43.95,11840000.0,0.91,0.009101251422070522,0.00906008462440248,8.208513340133423e-05,0.00906008462440248,0.16506240944784736,0.19012826108694134,ZENITH
2024-12-10,44.0,44.35,44.0,43.9,12190000.0,-0.79,-0.007891770011273946,-0.007923074837327322,6.277511487788938e-05,0.007923074837327322,0.1509862949870294,0.18888276221331007,ZENITH
2024-12-11,44.1,44.0,44.1,43.95,21220000.0,0.23,0.002272727272727204,0.0022701485345390775,5.153574368869922e-06,0.0022701485345390775,0.1575821214238381,0.18720877233567942,ZENITH
2024-12-12,43.75,44.1,43.8,43.75,4630000.0,-0.79,-0.00793650793650802,-0.007968169649176958,6.349172755806484e-05,0.007968169649176958,0.11455656118207704,0.1735499595782469,ZENITH
2024-12-13,44.0,43.75,44.0,43.8,14170000.0,0.57,0.005714285714285783,0.005698021114637796,3.246744462285815e-05,0.005698021114637796,0.12441868631521841,0.1743300462522776,ZENITH
2024-12-16,44.3,44.0,44.5,44.0,12930000.0,0.68,0.006818181818181834,0.006795043132828808,4.6172611177003935e-05,0.006795043132828808,0.11496859064311533,0.1742642149065365,ZENITH
2024-12-17,44.0,44.3,44.2,44.0,13940000.0,-0.68,-0.006772009029345272,-0.00679504313282869,4.6172611177002336e-05,0.00679504313282869,0.11039860524907195,0.17583123831895017,ZENITH
2024-12-18,44.7,44.0,44.95,44.0,15980000.0,1.59,0.015909090909090873,0.01578386770126195,0.00024913047961094023,0.01578386770126195,0.15892569785643884,0.1798299448516848,ZENITH
2024-12-19,44.8,44.7,45.0,44.8,9710000.0,0.22,0.0022371364653241965,0.002234637801416141,4.9936061035179655e-06,0.002234637801416141,0.12956020847931046,0.1654762066224675,ZENITH
2024-12-20,45.85,44.8,45.85,44.85,60410000.0,2.34,0.0234375,0.02316705928153438,0.0005367126357541282,0.02316705928153438,0.18511537768033529,0.18056316296767286,ZENITH
2024-12-23,46.0,45.85,46.5,45.8,34650000.0,0.33,0.0032715376226826187,0.0032661977866211022,1.0668047981328587e-05,0.0032661977866211022,0.18851131436125065,0.17935132651442048,ZENITH
2024-12-24,46.0,46.0,46.0,45.05,15120000.0,0.0,0.0,0.0,0.0,0.0,0.15999285799718918,0.14481456822288566,ZENITH
2024-12-27,45.95,46.0,47.0,44.5,33259999.999999996,-0.11,-0.0010869565217390686,-0.0010875476873988823,1.182759972366657e-06,0.0010875476873988823,0.15902698575849358,0.14371419308385458,ZENITH
2024-12-30,45.95,45.95,46.8,45.35,19640000.0,0.0,0.0,0.0,0.0,0.0,0.1626812655317773,0.14371419308385458,ZENITH
2024-12-31,45.5,45.95,45.9,45.5,4230000.0,-0.98,-0.009793253536452773,-0.009841522844791433,9.685557190455166e-05,0.009841522844791433,0.0781577554390109,0.14613519321982996,ZENITH
2025-01-02,45.85,45.5,45.95,45.8,14840000.0,0.77,0.007692307692307665,0.007662872745569097,5.8719618714785675e-05,0.007662872745569097,0.0986981939181951,0.14361390227316173,ZENITH
2025-01-03,46.5,45.85,46.8,45.85,8510000.0,1.42,0.014176663031624903,0.014077113890836811,0.0001981651354955907,0.014077113890836811,0.14452514658406215,0.14989735731771686,ZENITH
2025-01-06,46.65,46.5,46.7,46.5,5250000.0,0.32,0.003225806451612856,0.003220614700042157,1.0372359046127634e-05,0.003220614700042157,0.1416294772681277,0.14897398467763392,ZENITH
2025-01-07,44.95,46.65,46.0,44.65,7670000.0,-3.64,-0.03644158628081451,-0.037122166375723485,0.0013780552364268954,0.037122166375723485,0.32195724408215104,0.1998294355554825,ZENITH
2025-01-08,44.5,44.95,45.0,44.5,13140000.0,-1.0,-0.010011123470522909,-0.010061571745434858,0.00010123522598853305,0.010061571745434858,0.3221952247932581,0.19376076297112818,ZENITH
2025-01-09,46.5,44.5,46.5,45.15,5900000.0,4.49,0.04494382022471921,0.043963123421116204,0.001932756220940296,0.043963123421116204,0.4749736018983536,0.2450463742546791,ZENITH
2025-01-10,46.0,46.5,46.6,45.9,18210000.0,-1.08,-0.010752688172043001,-0.010810916104215617,0.00011687590701238858,0.010810916104215617,0.4706409941608806,0.24818146018894954,ZENITH
2025-01-13,46.85,46.0,46.85,46.2,8940000.0,1.85,0.018478260869565277,0.018309612195336254,0.0003352418987436061,0.018309612195336254,0.4931650411993351,0.25192128051679674,ZENITH
2025-01-14,46.75,46.85,46.8,46.35,13390000.0,-0.21,-0.002134471718249764,-0.0021367529497352197,4.565713168202163e-06,0.0021367529497352197,0.37079385826978606,0.25254142609166813,ZENITH
2025-01-15,46.95,46.75,47.1,46.95,12790000.0,0.43,0.004278074866310266,0.0042689499195760145,1.822393341584806e-05,0.0042689499195760145,0.3398405464668391,0.2495196197270086,ZENITH
2025-01-16,46.95,46.95,47.0,46.8,7520000.0,0.0,0.0,0.0,0.0,0.0,0.16955962910702796,0.24962802171147364,ZENITH
2025-01-17,46.8,46.95,46.95,46.8,8400000.0,-0.32,-0.0031948881789138905,-0.003200002730671014,1.0240017476301947e-05,0.003200002730671014,0.13948255035550475,0.25015953919202105,ZENITH
2025-01-20,47.0,46.8,47.0,46.9,19700000.0,0.43,0.004273504273504258,0.004264398786457518,1.8185097009940353e-05,0.004264398786457518,0.055657708716661744,0.24784105621730618,ZENITH
2025-01-21,47.2,47.0,47.2,46.9,26700000.0,0.43,0.004255319148936287,0.004246290881451224,1.8030986249895816e-05,0.004246290881451224,0.05402357983779061,0.24361169977562389,ZENITH
2025-01-22,47.55,47.2,47.55,47.0,16980000.0,0.74,0.00741525423728806,0.007387896399889542,5.4581013215500856e-05,0.007387896399889542,0.0658296099217735,0.24417001686410977,ZENITH
2025-01-23,48.1,47.55,50.0,47.7,25150000.0,1.16,0.0115667718191379,0.011500388120316332,0.000132258926917913,0.011500388120316332,0.08555240386947705,0.23510688014132547,ZENITH
2025-01-24,49.6,48.1,49.6,48.5,9230000.0,3.12,0.031185031185031242,0.030708656619166358,0.0009430215913538698,0.030708656619166358,0.17583808056796382,0.2549380792837181,ZENITH
2025-01-27,51.0,49.6,51.45,49.75,33210000.0,2.82,0.028225806451612767,0.02783479899344384,0.0007747760350054221,0.02783479899344384,0.19253500816255156,0.26790657506127635,ZENITH
2025-01-28,50.8,51.0,51.0,50.2,33790000.0,-0.39,-0.0039215686274510775,-0.003929278139889661,1.5439226700614755e-05,0.003929278139889661,0.22998245105118095,0.2688876816186499,ZENITH
2025-01-29,50.9,50.8,50.9,50.05,8930000.0,0.2,0.0019685039370078705,0.0019665689720408473,3.8673935217937945e-06,0.0019665689720408473,0.2436562430890244,0.2685334197048385,ZENITH
2025-01-30,50.65,50.9,50.95,50.5,19250000.0,-0.49,-0.004911591355599265,-0.004923692861784723,2.4242751397189836e-05,0.004923692861784723,0.2781049728847952,0.26566331806725196,ZENITH
2025-01-31,50.6,50.65,50.6,50.45,21220000.0,-0.1,-0.0009871668311943749,-0.0009876544012724297,9.754612163528017e-07,0.0009876544012724297,0.2158604201887046,0.26630359800505493,ZENITH
2025-02-03,50.0,50.6,50.5,49.6,54530000.0,-1.19,-0.011857707509881465,-0.011928570865273845,0.00014229080288786,0.011928570865273845,0.0826339521499808,0.26997049426897624,ZENITH
2025-02-04,49.2,50.0,50.0,49.0,29520000.0,-1.6,-0.015999999999999903,-0.01612938192988353,0.0002601569614400533,0.01612938192988353,0.11950732152179559,0.27837347491884795,ZENITH
2025-02-05,50.0,49.2,50.0,49.25,44730000.0,1.63,0.016260162601625883,0.016129381929883498,0.00026015696144005235,0.016129381929883498,0.19829961009753394,0.2414620787320797,ZENITH
2025-02-06,50.3,50.0,50.3,50.05,40540000.0,0.6,0.006000000000000005,0.005982071677547469,3.578518155531559e-05,0.005982071677547469,0.20845665951091746,0.2351063217753675,ZENITH
2025-02-07,52.0,50.3,52.0,50.5,16780000.0,3.38,0.03379721669980129,0.03323864147573393,0.00110480728715238,0.03323864147573393,0.32282529991551234,0.21529171042800313,ZENITH
2025-02-10,50.8,52.0,51.5,50.8,24870000.0,-2.31,-0.023076923076923106,-0.023347363996991177,0.0005450994056079998,0.023347363996991177,0.3685154389357714,0.2309406843955717,ZENITH
2025-02-11,51.3,50.8,51.4,50.8,20800000.0,0.98,0.009842519685039353,0.009794397592287625,9.593022419580962e-05,0.009794397592287625,0.32652699920270756,0.22647070451665344,ZENITH
2025-02-12,51.45,51.3,51.45,51.0,25550000.0,0.29,0.0029239766081872176,0.002919710103334846,8.524707087515579e-06,0.002919710103334846,0.3201280850972998,0.22532850694928036,ZENITH
2025-02-13,51.45,51.45,51.5,51.25,16350000.000000002,0.0,0.0,0.0,0.0,0.0,0.32262383511583415,0.22588297672196483,ZENITH
2025-02-14,51.6,51.45,51.6,51.4,15880000.0,0.29,0.002915451895043608,0.002911210207458313,8.475144872009474e-06,0.002911210207458313,0.20175361063199712,0.22539981102640758,ZENITH
2025-02-17,51.45,51.6,51.55,51.05,12960000.0,-0.29,-0.0029069767441860517,-0.0029112102074584415,8.475144872010223e-06,0.0029112102074584415,0.07491166391207577,0.22527773886361513,ZENITH
2025-02-18,50.75,51.45,51.3,50.0,15850000.0,-1.36,-0.013605442176870763,-0.013698844358161915,0.00018765833674914452,0.013698844358161915,0.10937737129320034,0.23395244417690036,ZENITH
2025-02-19,50.45,50.75,50.9,50.3,22090000.0,-0.59,-0.005911330049261032,-0.005928871122278698,3.515151278459027e-05,0.005928871122278698,0.10124610543491135,0.23627240206764824,ZENITH
2025-02-20,49.95,50.45,50.5,49.6,22980000.0,-0.99,-0.009910802775024763,-0.009960241705055424,9.920641482312538e-05,0.009960241705055424,0.10160835623697874,0.2399845504787971,ZENITH
2025-02-21,49.4,49.95,50.0,49.05,20040000.0,-1.1,-0.011011011011011096,-0.01107208090068579,0.00012259097547133105,0.01107208090068579,0.0679976021268485,0.24186533425076373,ZENITH
2025-02-24,48.4,49.4,49.5,48.0,28190000.0,-2.02,-0.020242914979757054,-0.020450610471290768,0.0004182274686484676,0.020450610471290768,0.08546194128606024,0.22793258909374647,ZENITH
2025-02-25,48.0,48.4,48.4,47.8,18420000.0,-0.83,-0.008264462809917328,-0.008298802814695066,6.887012815719075e-05,0.008298802814695066,0.08814003429763242,0.20301115712957143,ZENITH
2025-02-26,48.0,48.0,48.0,47.95,26790000.0,0.0,0.0,0.0,0.0,0.0,0.11590857047495552,0.20321315244867963,ZENITH
2025-02-27,48.0,48.0,48.0,47.95,33340000.000000004,0.0,0.0,0.0,0.0,0.0,0.1357568135409275,0.2027578392298617,ZENITH
2025-02-28,48.35,48.0,48.4,47.95,122230000.0,0.73,0.007291666666666696,0.007265210991412432,5.278329074974002e-05,0.007265210991412432,0.16791873620367884,0.2055218719126045,ZENITH
2025-03-03,48.0,48.35,49.0,47.95,32369999.999999996,-0.72,-0.007238883143743546,-0.007265210991412413,5.278329074973974e-05,0.007265210991412413,0.10060690380679976,0.2061996351242739,ZENITH
2025-03-04,47.85,48.0,47.95,47.6,25650000.0,-0.31,-0.0031249999999999334,-0.003129893008927593,9.796230247333822e-06,0.003129893008927593,0.08452469839599495,0.20337003257309588,ZENITH
2025-03-05,47.0,47.85,47.6,46.8,21650000.0,-1.78,-0.017763845350052265,-0.0179235161889047,0.0003212524325739289,0.0179235161889047,0.14806032656549306,0.20501857240217916,ZENITH
2025-03-06,47.3,47.0,47.9,47.0,36510000.0,0.64,0.006382978723404209,0.00636269378782865,4.04838722376733e-05,0.00636269378782865,0.16534191434882423,0.19665034104538204,ZENITH
2025-03-07,47.8,47.3,48.0,47.45,42150000.0,1.06,0.010570824524312794,0.010515343999522907,0.0001105724594283024,0.010515343999522907,0.17902174925460826,0.19975818150311447,ZENITH
2025-03-10,48.0,47.8,48.0,47.9,27640000.0,0.42,0.004184100418409997,0.004175371410480592,1.743372641545869e-05,0.004175371410480592,0.1774005056838086,0.15465337053046524,ZENITH
2025-03-11,47.5,48.0,47.95,47.45,22360000.0,-1.04,-0.01041666666666663,-0.010471299867295366,0.00010964812091081994,0.010471299867295366,0.1925682105643437,0.1398866150041112,ZENITH
2025-03-12,47.75,47.5,47.75,47.3,22810000.0,0.53,0.0052631578947368585,0.005249355886143745,2.755573721939198e-05,0.005249355886143745,0.1268885812668231,0.13538102468048124,ZENITH
2025-03-13,48.0,47.75,48.0,47.7,28730000.0,0.52,0.005235602094240788,0.005221943981151625,2.726869894228568e-05,0.005221943981151625,0.12532703260301944,0.13696398233795515,ZENITH
2025-03-14,47.8,48.0,48.0,47.5,18560000.0,-0.42,-0.004166666666666763,-0.004175371410480733,1.743372641545987e-05,0.004175371410480733,0.11206435929373935,0.13645719067973444,ZENITH
2025-03-17,47.55,47.8,47.9,47.0,25980000.0,-0.52,-0.005230125523012608,-0.005243850506011036,2.7497968129392193e-05,0.005243850506011036,0.10988436608017242,0.13453714362675218,ZENITH
2025-03-18,47.75,47.55,47.75,47.3,19560000.0,0.42,0.004206098843322792,0.004197277935339916,1.7617142066491306e-05,0.004197277935339916,0.0839482810767269,0.1374131369587387,ZENITH
2025-03-19,47.5,47.75,47.75,46.8,21630000.0,-0.52,-0.005235602094240788,-0.005249355886143678,2.755573721939128e-05,0.005249355886143678,0.08394828107672585,0.13258566166493696,ZENITH
2025-03-20,46.85,47.5,47.5,46.5,22910000.0,-1.37,-0.013684210526315743,-0.013778702356164284,0.0001898526386197672,0.013778702356164284,0.10113216859944296,0.13736010991079664,ZENITH
2025-03-21,45.6,46.85,47.0,45.6,22680000.0,-2.67,-0.026680896478121663,-0.027043292164090797,0.0007313396510723746,0.027043292164090797,0.18611860318164605,0.15855584095928132,ZENITH
2025-03-24,47.9,45.6,47.95,46.85,55060000.0,5.04,0.05043859649122795,0.04920778789652904,0.00242140638966979,0.04920778789652904,0.4612504065931509,0.24190017852983892,ZENITH
2025-03-25,49.45,47.9,49.45,47.8,20140000.0,3.24,0.0323590814196244,0.031846553651851746,0.0010142029795002718,0.031846553651851746,0.5106804422735591,0.2575249238746989,ZENITH
2025-03-26,48.9,49.45,48.95,48.5,21490000.0,-1.11,-0.011122345803842304,-0.011184661587894818,0.00012509665483572983,0.011184661587894818,0.5212754709288508,0.25903063168604273,ZENITH
2025-03-27,47.8,48.0,48.0,46.9,41500000.0,-2.25,-0.02249488752556239,-0.02275175698341607,0.0005176424458324219,0.02275175698341607,0.5458320872838762,0.27169054454265096,ZENITH
2025-03-28,47.0,47.8,47.95,46.9,23200000.0,-1.67,-0.0167364016736401,-0.016878037787351637,0.00028486815955126974,0.016878037787351637,0.5131866808309802,0.27775817434733874,ZENITH
2025-04-02,47.0,47.0,47.4,46.9,28640000.0,0.0,0.0,0.0,0.0,0.0,0.34322121191054633,0.27616899722267363,ZENITH
2025-04-03,47.05,47.0,47.1,46.95,34930000.0,0.11,0.0010638297872340718,0.0010632643213300838,1.1305310170135237e-06,0.0010632643213300838,0.16529730449341407,0.275426747554932,ZENITH
2025-04-04,47.9,47.05,48.2,46.95,22860000.0,1.81,0.018065887353878818,0.017904638385480877,0.00032057607571483527,0.017904638385480877,0.25582527374974356,0.28286892443492206,ZENITH
2025-04-07,45.5,47.05,47.5,43.85,31670000.0,-5.01,-0.050104384133611624,-0.05140317845996475,0.002642286755786984,0.05140317845996475,0.4171780908040118,0.3295895736540577,ZENITH
2025-04-08,47.0,45.5,47.2,45.0,17980000.0,3.3,0.03296703296703307,0.032435275753153955,0.0010520471131831369,0.032435275753153955,0.5030015407225162,0.34925910416472133,ZENITH
2025-04-09,47.3,47.0,47.8,46.0,32330000.0,0.64,0.006382978723404209,0.00636269378782865,4.04838722376733e-05,0.00636269378782865,0.5050256796738201,0.3479321090256364,ZENITH
2025-04-10,49.2,47.3,49.2,47.25,30200000.0,4.02,0.04016913319238924,0.03938332800037537,0.0015510465243851505,0.03938332800037537,0.5727558174609522,0.3742736727999707,ZENITH
2025-04-11,49.95,49.2,49.95,48.6,33350000.0,1.52,0.015243902439024293,0.0151288815963,0.00022888305835486481,0.0151288815963,0.570351648472792,0.37474172219362567,ZENITH
2025-04-14,50.0,49.95,51.0,48.1,55430000.0,0.1,0.0010010010010008674,0.0010005003335834001,1.001000917500495e-06,0.0010005003335834001,0.2625972679724854,0.3746229587089675,ZENITH
2025-04-15,49.8,50.0,49.9,49.1,23120000.0,-0.4,-0.0040000000000000036,-0.004008021397538822,1.606423552312905e-05,0.004008021397538822,0.27123489811929735,0.3750467308831849,ZENITH
2025-04-16,44.0,45.8,44.8,44.0,13960000.0,-11.65,-0.11646586345381527,-0.12382535011234608,0.015332717330445085,0.12382535011234608,1.0066133127849317,0.5747422923667618,ZENITH
2025-04-17,44.0,44.0,44.05,43.95,15580000.0,0.0,0.0,0.0,0.0,0.0,0.9078743801651384,0.5748799744393771,ZENITH
2025-04-22,45.0,44.0,46.9,43.95,23730000.0,2.27,0.022727272727272707,0.022472855852058576,0.0005050292501474034,0.022472855852058576,0.9282383224217186,0.5814891480459826,ZENITH
2025-04-23,45.1,45.0,45.45,45.0,17100000.0,0.22,0.0022222222222223476,0.0022197567383130316,4.9273199772861084e-06,0.0022197567383130316,0.9300868234082448,0.5816723212310246,ZENITH
2025-04-24,45.5,45.1,45.5,45.15,12300000.0,0.89,0.008869179600886845,0.008830079448271995,7.797030306279547e-05,0.008830079448271995,0.9488166325131714,0.5814059917688515,ZENITH
2025-04-25,46.5,45.5,47.2,45.2,22940000.0,2.2,0.0219780219780219,0.02173998663640582,0.00047262701895110364,0.02173998663640582,0.1683298938395267,0.5788409917232754,ZENITH
2025-04-28,46.4,46.5,46.5,46.0,6480000.0,-0.22,-0.0021505376344086446,-0.0021528533611010897,4.634777594404259e-06,0.0021528533611010897,0.1776700636790448,0.5515681369420401,ZENITH
2025-04-29,47.75,46.95,48.0,46.7,12690000.0,2.91,0.02909482758620685,0.028679607694529628,0.0008225198975121231,0.028679607694529628,0.20682419412434283,0.5492588401599321,ZENITH
2025-04-30,47.8,47.6,48.0,47.6,20710000.0,0.1,0.0010471204188480243,0.0010465725706708953,1.0953141456806861e-06,0.0010465725706708953,0.2104070776895328,0.5482212664017913,ZENITH
2025-05-02,47.5,47.8,48.25,46.5,24480000.0,-0.63,-0.006276150627614996,-0.0062959284568147,3.963871513332913e-05,0.0062959284568147,0.24725745344738212,0.5429645588496497,ZENITH
2025-05-05,46.95,47.5,47.5,46.85,14430000.0,-1.16,-0.011578947368421022,-0.011646505386323579,0.00013564108771366414,0.011646505386323579,0.249105751093265,0.5412516554499789,ZENITH
2025-05-06,48.0,46.95,48.0,47.0,26180000.0,2.24,0.022364217252396124,0.022117805253618974,0.000489197309237015,0.022117805253618974,0.2815465233312205,0.5466735522812461,ZENITH
2025-05-07,49.0,48.0,49.0,48.0,38470000.0,2.08,0.02083333333333326,0.02061928720273561,0.00042515500474889646,0.02061928720273561,0.24556452485040134,0.550882159061128,ZENITH
2025-05-08,49.0,49.0,49.45,48.85,19990000.0,0.0,0.0,0.0,0.0,0.0,0.2467805850428176,0.5478248493890326,ZENITH
2025-05-09,48.9,49.0,49.0,47.95,21800000.0,-0.2,-0.0020408163265306367,-0.0020429016298002933,4.173447069040694e-06,0.0020429016298002933,0.23618008870679216,0.5138726669891145,ZENITH
2025-05-12,48.8,48.9,48.85,48.0,24320000.0,-0.2,-0.002044989775051187,-0.0020470836217249106,4.190551354334377e-06,0.0020470836217249106,0.19827198894696776,0.5031209335009285,ZENITH
2025-05-13,48.0,48.7,48.7,47.85,20700000.0,-1.64,-0.016393442622950727,-0.01652930195121047,0.0002732178229942903,0.01652930195121047,0.21100810422468227,0.5067357371857759,ZENITH
2025-05-14,48.5,48.0,48.5,48.0,27350000.0,1.04,0.01041666666666674,0.010362787035546658,0.00010738735514409388,0.010362787035546658,0.15224845187334227,0.488464211319591,ZENITH
2025-05-15,48.5,48.5,49.2,48.0,24050000.0,0.0,0.0,0.0,0.0,0.0,0.15224845187334227,0.48509367784877216,ZENITH
2025-05-16,48.4,48.5,48.5,48.0,15250000.0,-0.21,-0.0020618556701030855,-0.0020639842208514825,4.260030863923902e-06,0.0020639842208514825,0.15224845217547586,0.48501853008225654,ZENITH
2025-05-19,48.0,48.4,48.5,48.0,13230000.0,-0.83,-0.008264462809917328,-0.008298802814695066,6.887012815719075e-05,0.008298802814695066,0.1585647554512706,0.48552015653248,ZENITH
2025-05-20,48.05,48.0,48.4,48.0,12660000.0,0.1,0.0010416666666666075,0.0010411245084105101,1.0839402420130263e-06,0.0010411245084105101,0.10689824124187719,0.19675481453061264,ZENITH
2025-05-21,47.95,48.05,48.7,47.95,20150000.0,-0.21,-0.002081165452653355,-0.0020833340868541403,4.340280917448374e-06,0.0020833340868541403,0.05753254913122279,0.197445363950004,ZENITH
2025-05-22,47.6,47.95,47.95,47.6,13100000.0,-0.73,-0.007299270072992692,-0.007326040092072898,5.367086343065947e-05,0.007326040092072898,0.0625256625142968,0.18931168765275033,ZENITH
2025-05-23,47.4,47.6,47.7,47.2,11610000.0,-0.42,-0.004201680672269004,-0.004210532536343605,1.7728584239608112e-05,0.004210532536343605,0.060718221321035035,0.19081098278806516,ZENITH
2025-05-26,48.25,47.4,48.5,47.6,17940000.0,1.79,0.01793248945147674,0.01777359908396407,0.0003159008243974884,0.01777359908396407,0.15621017230399561,0.19704046078503779,ZENITH
2025-05-27,48.5,48.25,48.5,48.2,27430000.0,0.52,0.005181347150259086,0.005167970158442598,2.6707915558553207e-05,0.005167970158442598,0.15893739892063838,0.18495563845604157,ZENITH
2025-05-28,48.45,48.5,48.5,48.3,17590000.0,-0.1,-0.0010309278350515427,-0.0010314596066622707,1.0639089201758862e-06,0.0010314596066622707,0.15746000342911007,0.18467856526684695,ZENITH
2025-05-29,48.5,48.45,48.6,48.3,27700000.0,0.1,0.0010319917440659854,0.0010314596066622124,1.063908920175766e-06,0.0010314596066622124,0.13570030240796196,0.1572626650214437,ZENITH
2025-05-30,49.0,48.5,49.0,48.5,29930000.0,1.03,0.010309278350515427,0.010256500167189061,0.00010519579567954924,0.010256500167189061,0.12024612023337401,0.16068626924551982,ZENITH
2025-06-02,48.95,49.0,50.0,48.6,14450000.0,-0.1,-0.0010204081632652073,-0.0010209291341071224,1.0422962968687188e-06,0.0010209291341071224,0.07678300471498592,0.1586194083557298,ZENITH
2025-06-03,48.6,48.95,49.0,48.6,8390000.0,-0.72,-0.007150153217568955,-0.007175838070071314,5.14926520078848e-05,0.007175838070071314,0.10008813064734456,0.15468204993839252,ZENITH
2025-06-04,48.8,48.6,48.95,48.7,12840000.0,0.41,0.00411522633744843,0.004106781952653281,1.6865658006638697e-05,0.004106781952653281,0.10204794480232468,0.13611409741448427,ZENITH
2025-06-05,50.75,48.8,50.75,48.9,62820000.0,4.0,0.03995901639344268,0.039181305062795276,0.0015351746664238268,0.039181305062795276,0.28601507848794894,0.17871313748631434,ZENITH
2025-06-06,50.75,48.8,50.75,50.75,,0.0,0.0,0.0,0.0,0.0,0.2925279354754001,0.17871313748631434,ZENITH
2025-06-10,50.3,50.75,51.5,50.05,49330000.0,-0.89,-0.00886699507389166,-0.008906540816203226,7.932646931069402e-05,0.008906540816203226,0.3109569875265507,0.18206062961010963,ZENITH
2025-06-11,50.1,50.3,50.5,49.95,28670000.0,-0.4,-0.003976143141153021,-0.003984069014874347,1.5872805915281853e-05,0.003984069014874347,0.30353518968442544,0.18263797535045367,ZENITH
2025-06-13,50.2,50.1,50.55,50.2,34720000.0,0.2,0.001996007984031989,0.0019940186068644495,3.97611020452164e-06,0.0019940186068644495,0.3047683346437086,0.17080376824208945,ZENITH
2025-06-16,47.0,50.2,48.8,45.2,76850000.0,-6.37,-0.06374501992031878,-0.06586742498762499,0.004338517674500405,0.06586742498762499,0.45312963271563717,0.288268903013917,ZENITH
2025-06-17,46.05,47.0,46.05,43.0,96230000.0,-2.02,-0.02021276595744692,-0.02041983900874285,0.00041696982514297613,0.02041983900874285,0.43225052937378294,0.29552120388110836,ZENITH
2025-06-18,48.5,46.95,49.5,46.95,149920000.0,5.32,0.053203040173724236,0.051836035242121686,0.0026869745496224816,0.051836035242121686,0.6733447919152051,0.35034927371260893,ZENITH
2025-06-19,49.95,48.5,51.0,48.0,37550000.0,2.99,0.02989690721649496,0.029458707151125123,0.0008678154270157505,0.029458707151125123,0.7236606173434296,0.363128668016632,ZENITH
2025-06-20,49.9,49.95,50.5,49.0,24850000.0,-0.1,-0.0010010010010010895,-0.0010015023370896325,1.0030069311959958e-06,0.0010015023370896325,0.7232966013833195,0.3632581931971025,ZENITH
2025-06-23,50.85,49.9,51.0,49.9,46260000.0,1.9,0.019038076152304573,0.01885911973709594,0.00035566639725812167,0.01885911973709594,0.4411190725072932,0.36765561813419717,ZENITH
2025-06-24,53.0,50.85,53.0,50.75,34210000.0,4.23,0.04228121927236961,0.04141179105755277,0.0017149364385944078,0.04141179105755277,0.32482087720471897,0.3888997740788825,ZENITH
2025-06-25,58.0,53.0,58.1,53.0,60620000.0,9.43,0.09433962264150941,0.09015109699429748,0.008127220289275231,0.09015109699429748,0.5422420881702918,0.4857078696304671,ZENITH
2025-06-26,58.3,56.5,58.55,56.5,60300000.0,0.52,0.005172413793103292,0.005159082810027202,2.661613544071817e-05,0.005159082810027202,0.5857710850678715,0.48500177089576185,ZENITH
2025-06-27,58.0,58.3,58.0,57.05,30550000.0,-0.51,-0.005145797598627766,-0.005159082810027336,2.661613544071955e-05,0.005159082810027336,0.6005989148884088,0.4873461852529057,ZENITH
2025-06-30,56.95,58.0,58.0,56.55,21820000.0,-1.81,-0.018103448275861966,-0.018269320653228085,0.00033376807713046626,0.018269320653228085,0.6947736662865988,0.4951972177840824,ZENITH
2025-07-01,56.05,56.95,56.95,55.05,18340000.0,-1.58,-0.015803336259877176,-0.01592954037502232,0.0002537502565594663,0.01592954037502232,0.716195463662941,0.5015191381413766,ZENITH
2025-07-02,57.0,56.05,57.0,55.35,17390000.0,1.69,0.016949152542372836,0.01680711831638119,0.0002824792261008361,0.01680711831638119,0.2331358469411045,0.5025854911378432,ZENITH
2025-07-03,58.0,57.0,58.0,57.0,16270000.0,1.75,0.01754385964912286,0.01739174271186924,0.0003024727145558568,0.01739174271186924,0.27423909369389826,0.5028372538102713,ZENITH
2025-07-04,57.5,58.0,57.5,57.0,17510000.0,-0.86,-0.008620689655172376,-0.008658062743114541,7.49620504637081e-05,0.008658062743114541,0.27864621767971176,0.5034296773486856,ZENITH
2025-07-07,57.55,57.5,57.8,55.1,24730000.0,0.09,0.0008695652173913437,0.0008691873645869339,7.554866747575795e-07,0.0008691873645869339,0.23711698089039723,0.5038705080249389,ZENITH
2025-07-08,57.3,57.55,57.5,57.1,17130000.0,-0.43,-0.004344048653344923,-0.004353511447197775,1.8953061920882067e-05,0.004353511447197775,0.1915371256926551,0.49219898669363954,ZENITH
2025-07-09,59.0,57.3,59.85,57.5,23120000.0,2.97,0.029668411867364908,0.029236820185025728,0.0008547916545315279,0.029236820185025728,0.2527583215427296,0.4982554647112762,ZENITH
2025-07-10,63.4,59.0,63.4,58.15,32530000.0,7.46,0.07457627118644061,0.07192641753746072,0.005173409539773137,0.07192641753746072,0.5346864063287041,0.5421373784994626,ZENITH
2025-07-11,69.7,63.4,69.7,63.5,55150000.0,9.94,0.09936908517350163,0.09473645632329801,0.008974996156696152,0.09473645632329801,0.6927804643167708,0.6111716344625002,ZENITH
2025-07-14,71.5,69.7,72.0,69.75,43880000.0,2.58,0.02582496413199431,0.025497131933483817,0.0006501037368334803,0.025497131933483817,0.6275298611284813,0.6099411832179954,ZENITH
2025-07-16,76.0,72.4,78.5,72.4,66280000.0,6.29,0.06293706293706292,0.06103589058636909,0.0037253799396712185,0.06103589058636909,0.46451812500818,0.5484340197847296,ZENITH
2025-07-17,75.0,76.0,76.85,72.4,83360000.0,-1.32,-0.013157894736842146,-0.01324522675002068,0.0001754360316594634,0.01324522675002068,0.6727524209575024,0.5418191982802746,ZENITH
2025-07-18,72.0,75.0,75.0,71.5,50700000.0,-4.0,-0.040000000000000036,-0.040821994520255166,0.0016664352366117428,0.040821994520255166,0.8678968249821675,0.5742750540629189,ZENITH
2025-07-21,71.0,72.0,72.0,68.65,24600000.0,-1.39,-0.01388888888888884,-0.01398624197473984,0.00019561496457597456,0.01398624197473984,0.6322296089955509,0.5837703949462588,ZENITH
2025-07-22,70.75,71.0,72.0,70.2,26530000.0,-0.35,-0.0035211267605633756,-0.0035273405179684107,1.2442131129701656e-05,0.0035273405179684107,0.6020326932041659,0.5848025774613885,ZENITH
2025-07-23,71.5,70.75,72.0,70.75,10360000.0,1.06,0.010600706713780994,0.01054491317661504,0.0001111951939023495,0.01054491317661504,0.2986821000772133,0.5851115653026958,ZENITH
2025-07-24,73.2,71.5,73.2,71.3,22500000.0,2.38,0.023776223776223793,0.02349797126730392,0.0005521546536790407,0.02349797126730392,0.39044635667300526,0.5786521914021348,ZENITH
2025-07-25,74.0,73.2,75.4,72.0,16960000.0,1.09,0.010928961748633892,0.010869672236903891,0.00011814977453771924,0.010869672236903891,0.2299634873459134,0.5107573236815126,ZENITH
2025-07-28,72.7,74.0,74.0,72.0,31030000.0,-1.76,-0.0175675675675675,-0.017723708664696,0.0003141298488310201,0.017723708664696,0.2505078592055627,0.5204529250325411,ZENITH
2025-07-29,73.0,72.7,73.15,72.0,25610000.0,0.41,0.004126547455295615,0.004118056608917326,1.695839023424767e-05,0.004118056608917326,0.24029876104939926,0.5179194197753106,ZENITH
2025-07-30,75.0,73.0,75.95,72.1,20580000.0,2.74,0.027397260273972712,0.02702867238791942,0.0007305491310534776,0.02702867238791942,0.2834335798139663,0.5094170026102208,ZENITH
2025-07-31,76.5,75.0,77.2,75.4,15830000.0,2.0,0.020000000000000018,0.01980262729617973,0.0003921440478314025,0.01980262729617973,0.2730059705906252,0.4986765226647618,ZENITH
2025-08-01,76.5,76.5,77.1,76.1,38610000.0,0.0,0.0,0.0,0.0,0.0,0.27870869956069105,0.501221412857671,ZENITH
2025-08-04,76.9,76.5,77.0,75.1,24000000.0,0.52,0.005228758169934622,0.005215135679108119,2.7197640151506498e-05,0.005215135679108119,0.18375371611784264,0.501961037370147,ZENITH
2025-08-05,75.9,76.9,76.9,75.3,16140000.0,-1.3,-0.013003901170351106,-0.01308919211001405,0.00017132695009285405,0.01308919211001405,0.2532076573710763,0.504645547178403,ZENITH
2025-08-06,74.4,75.9,75.9,74.2,60350000.0,-1.98,-0.01976284584980237,-0.019960742562538058,0.0003984312436479184,0.019960742562538058,0.24799272911356876,0.5160980243898015,ZENITH
2025-08-07,74.7,74.4,74.7,73.15,38330000.0,0.4,0.004032258064516014,0.004024150299725327,1.6193785634779436e-05,0.004024150299725327,0.17743983188925613,0.5135159338923146,ZENITH
2025-08-08,74.65,74.7,74.7,73.1,28810000.0,-0.07,-0.0006693440428380271,-0.0006695681535722385,4.483215122781368e-07,0.0006695681535722385,0.17636816456679416,0.511775268376168,ZENITH
2025-08-11,74.0,74.65,74.65,73.85,16050000.0,-0.87,-0.008707300736771728,-0.008745430781029767,7.648255954578292e-05,0.008745430781029767,0.15212717725337702,0.4653641307400866,ZENITH
2025-08-12,74.0,74.0,74.0,73.7,27390000.0,0.0,0.0,0.0,0.0,0.0,0.1512281796849837,0.3401021498305926,ZENITH
2025-08-13,72.55,74.0,73.75,72.55,25400000.0,-1.96,-0.019594594594594672,-0.01978911387397298,0.0003916090279170699,0.01978911387397298,0.15016470394167752,0.3382827126447041,ZENITH
2025-08-14,72.0,72.55,72.6,72.0,15850000.0,-0.76,-0.007580978635423841,-0.007609860314141537,5.790997400074633e-05,0.007609860314141537,0.1268461984147394,0.25806711059913445,ZENITH
2025-08-15,72.4,72.0,72.4,71.05,13810000.0,0.56,0.005555555555555536,0.005540180375615351,3.069359859435345e-05,0.005540180375615351,0.15254639028903563,0.25647992849401835,ZENITH
2025-08-18,72.3,72.4,73.0,71.8,13670000.0,-0.14,-0.0013812154696133394,-0.0013821702269517587,1.910394536271876e-06,0.0013821702269517587,0.1535185797503541,0.21341380256841433,ZENITH
2025-08-19,67.05,72.3,71.8,67.05,12780000.0,-7.26,-0.07261410788381739,-0.07538551943703144,0.005682976540791045,0.07538551943703144,0.5155955409978671,0.33575384257794544,ZENITH
2025-08-20,68.0,67.05,70.0,68.0,18310000.0,1.42,0.014168530947054503,0.014069095448419234,0.0001979394467367308,0.014069095448419234,0.568633429810976,0.34072102811710314,ZENITH
2025-08-21,68.3,68.0,69.75,68.0,9100000.0,0.44,0.004411764705882337,0.004402061400637665,1.937814457498404e-05,0.004402061400637665,0.5819826883883004,0.33855434514373955,ZENITH
2025-08-22,70.0,68.3,70.5,68.3,10060000.0,2.49,0.024890190336749773,0.024585475472614745,0.0006044456042145413,0.024585475472614745,0.6289673062774043,0.3396129475605328,ZENITH
2025-08-25,70.0,70.0,70.0,67.1,10180000.0,0.0,0.0,0.0,0.0,0.0,0.6297853808380341,0.3364436439796909,ZENITH
2025-08-26,70.6,70.0,70.95,70.0,8650000.0,0.86,0.008571428571428452,0.008534902449837286,7.28445598282385e-05,0.008534902449837286,0.15107295982514032,0.33390334929691756,ZENITH
2025-08-27,69.9,70.6,70.5,69.55,7690000.0,-0.99,-0.009915014164305735,-0.009964495259431605,9.929116577523492e-05,0.009964495259431605,0.20143609246101304,0.33453627040039996,ZENITH
2025-08-28,69.0,69.9,69.9,68.55,6670000.0,-1.29,-0.012875536480686733,-0.012959144642505228,0.00016793942986537196,0.012959144642505228,0.24123586421838356,0.3190359714179672,ZENITH
2025-08-29,66.0,69.0,69.1,65.2,17350000.0,-4.35,-0.04347826086956519,-0.04445176257083381,0.0019759591956537816,0.04445176257083381,0.31982243220194945,0.3359072560404855,ZENITH
2025-09-01,64.4,66.0,68.0,64.0,16790000.0,-2.42,-0.024242424242424176,-0.024541108916117545,0.0006022660268327441,0.024541108916117545,0.31024428387071334,0.34016627644532005,ZENITH
2025-09-02,65.0,64.4,65.75,64.4,19200000.0,0.93,0.009316770186335255,0.009273636785329033,8.60003392262078e-05,0.009273636785329033,0.31404728052753694,0.34246556609222084,ZENITH
2025-09-03,64.25,65.0,64.7,64.0,18170000.0,-1.15,-0.011538461538461497,-0.01160554612030789,0.0001346887007505935,0.01160554612030789,0.31209638488992025,0.3422265557926504,ZENITH
2025-09-04,64.9,64.25,65.0,64.3,26350000.0,1.01,0.010116731517509914,0.010065899934715315,0.00010132234149570178,0.010065899934715315,0.3680102035354982,0.3447298505135718,ZENITH
2025-09-08,65.75,64.9,65.75,64.0,26730000.0,1.31,0.013097072419106182,0.013012047347829488,0.0001693133761821564,0.013012047347829488,0.2621349788193806,0.34956100054083244,ZENITH
2025-09-09,66.0,65.75,66.0,65.7,9960000.0,0.38,0.0038022813688212143,0.0037950709685515343,1.440256365634268e-05,0.0037950709685515343,0.15579560104348714,0.35077128117666106,ZENITH
2025-09-10,66.0,66.0,66.2,65.75,29060000.0,0.0,0.0,0.0,0.0,0.0,0.15331599389826006,0.35117429056238836,ZENITH
2025-09-11,67.0,66.0,68.0,66.0,27910000.0,1.52,0.015151515151515138,0.015037877364540502,0.00022613775563095958,0.015037877364540502,0.100358847992419,0.3579128693074086,ZENITH
2025-09-12,68.0,67.0,68.0,67.15,15960000.0,1.49,0.014925373134328401,0.014815085785140682,0.0002194867668210775,0.014815085785140682,0.11052688710815237,0.3596398991421371,ZENITH
2025-09-15,68.0,68.0,68.4,67.9,17110000.0,0.0,0.0,0.0,0.0,0.0,0.12130997446440545,0.35939935784733607,ZENITH
2025-09-16,67.8,68.0,68.0,67.0,18440000.0,-0.29,-0.002941176470588225,-0.002945510229756803,8.676030513601975e-06,0.002945510229756803,0.13963665690497587,0.35814136672244723,ZENITH
2025-09-17,66.95,67.8,67.75,64.0,9820000.0,-1.25,-0.01253687315634211,-0.012616122809168299,0.00015916655473601662,0.012616122809168299,0.1899341388992222,0.3595636436766077,ZENITH
2025-09-18,66.0,66.95,67.0,64.0,24270000.0,-1.42,-0.014189693801344383,-0.014291330110756065,0.00020424211633460296,0.014291330110756065,0.18552538044317354,0.25229075133559364,ZENITH
2025-09-19,64.0,66.0,66.65,63.2,27930000.0,-3.03,-0.030303030303030276,-0.03077165866675366,0.0009468949771031957,0.03077165866675366,0.191797746729327,0.266517793622923,ZENITH
2025-09-22,65.7,64.0,66.5,64.5,58600000.0,2.66,0.026562500000000044,0.026215842130893015,0.0006872703786319053,0.026215842130893015,0.3338799270786894,0.28416300691238755,ZENITH
2025-09-23,67.9,65.7,68.0,65.7,104430000.0,3.35,0.03348554033485551,0.03293710907408572,0.00108485315415822,0.03293710907408572,0.44064219344060884,0.2952098583481115,ZENITH
2025-09-24,68.8,67.9,69.5,68.5,68990000.0,1.33,0.013254786450662692,0.013167710374647488,0.00017338859651059907,0.013167710374647488,0.4309609540057296,0.29951764096780537,ZENITH
2025-09-25,69.45,68.8,69.45,69.0,45530000.0,0.94,0.009447674418604723,0.009403324261054866,8.842250715854304e-05,0.009403324261054866,0.3938031311893108,0.299874417830702,ZENITH
2025-09-26,69.85,69.45,70.0,69.5,38970000.0,0.58,0.005759539236861011,0.0057430165026180115,3.298223854934282e-05,0.0057430165026180115,0.18390149330312094,0.2987485518105719,ZENITH
2025-09-29,69.6,69.85,70.0,69.5,18750000.0,-0.36,-0.0035790980672870676,-0.003585518362596885,1.2855941928519447e-05,0.003585518362596885,0.21407602122576536,0.2953844532966089,ZENITH
2025-09-30,69.0,69.6,69.6,69.0,49410000.0,-0.86,-0.008620689655172376,-0.008658062743114541,7.49620504637081e-05,0.008658062743114541,0.1443968074141754,0.24931669204613546,ZENITH
2025-10-02,69.0,69.0,69.5,69.0,47090000.0,0.0,0.0,0.0,0.0,0.0,0.11434537475799358,0.2299996233095138,ZENITH
2025-10-03,69.4,69.0,69.45,69.2,29870000.0,0.58,0.005797101449275477,0.005780362915499549,3.341259543488245e-05,0.005780362915499549,0.09853361133027097,0.22917048799431747,ZENITH
2025-10-06,69.0,68.15,69.0,68.4,16239999.999999998,-0.58,-0.0057636887608070175,-0.005780362915499537,3.3412595434882306e-05,0.005780362915499537,0.08862118278958572,0.2253104910957338,ZENITH
2025-10-07,68.6,69.0,69.0,68.4,6770000.0,-0.58,-0.005797101449275477,-0.005813969865419957,3.380224559601135e-05,0.005813969865419957,0.09177797723852223,0.22610156105191667,ZENITH
2025-10-08,69.0,68.6,69.0,68.8,18570000.0,0.58,0.005830903790087438,0.005813969865419816,3.3802245596009715e-05,0.005813969865419816,0.0920275500591705,0.22329868873710548,ZENITH
2025-10-09,69.2,69.0,69.9,69.0,5820000.0,0.29,0.0028985507246377384,0.0028943580263645565,8.37730838478093e-06,0.0028943580263645565,0.09429361755965311,0.22324436669683884,ZENITH
2025-10-10,68.5,69.2,69.35,68.5,18220000.0,-1.01,-0.010115606936416222,-0.010167117355444313,0.00010337027531937695,0.010167117355444313,0.10610059296099628,0.2272798689788193,ZENITH
2025-10-13,68.0,68.5,68.5,67.8,21100000.0,-0.73,-0.007299270072992692,-0.007326040092072898,5.367086343065947e-05,0.007326040092072898,0.10952201063438932,0.22401055981904747,ZENITH
2025-10-14,68.0,68.0,68.15,68.0,17900000.0,0.0,0.0,0.0,0.0,0.0,0.10760353590830261,0.21805249301163726,ZENITH
2025-10-15,68.1,68.0,68.25,68.0,20850000.0,0.15,0.0014705882352941124,0.001469507979359978,2.1594537014026455e-06,0.001469507979359978,0.09157205496908924,0.2181119051152572,ZENITH
2025-10-16,68.05,68.1,68.5,68.0,25050000.0,-0.07,-0.0007342143906020615,-0.0007344840579916098,5.394668314438223e-07,0.0007344840579916098,0.08077810495357746,0.21786108033297286,ZENITH
2025-10-17,68.2,68.05,68.5,68.2,5150000.0,0.22,0.0022042615723734116,0.002201835751941493,4.848080678527761e-06,0.002201835751941493,0.06011645093165603,0.21288928768290213,ZENITH
2025-10-20,68.6,68.2,68.6,68.05,14780000.0,0.59,0.00586510263929596,0.005847969882422899,3.41987517457253e-05,0.005847969882422899,0.04071363081603857,0.20612833754920853,ZENITH
2025-10-21,68.5,68.6,68.8,68.5,14220000.0,-0.15,-0.001457725947521804,-0.001458789463659873,2.1280666992850596e-06,0.001458789463659873,0.04569242562095605,0.16944078733444468,ZENITH
2025-10-22,67.55,68.5,68.45,67.5,23980000.0,-1.39,-0.013868613138686148,-0.013965680861971759,0.00019504024193844424,0.013965680861971759,0.11868860855184281,0.1575302546077792,ZENITH
2025-10-23,67.55,67.55,68.0,67.1,12090000.0,0.0,0.0,0.0,0.0,0.0,0.11914820320767242,0.10767210256483703,ZENITH
2025-10-24,67.2,67.55,67.55,67.2,15060000.0,-0.52,-0.005181347150258975,-0.005194816877103911,2.6986122386643628e-05,0.005194816877103911,0.11630577647203023,0.09712067061693608,ZENITH
2025-10-27,65.5,67.2,67.25,65.0,18180000.0,-2.53,-0.02529761904761907,-0.025623104887897645,0.0006565435040962042,0.025623104887897645,0.16893977832846846,0.12192461449062955,ZENITH
2025-10-28,63.4,65.5,65.0,62.15,28140000.0,-3.21,-0.032061068702290085,-0.03258628119802601,0.0010618657223168233,0.03258628119802601,0.2163852947534057,0.15573929315429613,ZENITH
2025-10-29,63.7,63.4,64.0,63.0,17020000.0,0.47,0.004731861198738141,0.004720701134937394,2.2285019205399198e-05,0.004720701134937394,0.2607154972581139,0.15905297146067637,ZENITH
2025-10-30,63.0,63.7,64.0,63.0,13280000.0,-1.1,-0.010989010989011061,-0.011049836186585046,0.00012209887975036436,0.011049836186585046,0.24038633152108244,0.1601065378669598,ZENITH
2025-10-31,63.0,63.0,63.4,63.0,21540000.0,0.0,0.0,0.0,0.0,0.0,0.25470411450222447,0.1601065378669598,ZENITH
2025-11-03,63.0,63.0,63.25,62.9,31810000.0,0.0,0.0,0.0,0.0,0.0,0.2385627064409224,0.15672280413611436,ZENITH
2025-11-04,61.55,63.0,62.95,60.4,38280000.0,-2.3,-0.023015873015873045,-0.0232848737610702,0.0005421853460689755,0.0232848737610702,0.17945415712729085,0.16957715226410774,ZENITH
2025-11-05,60.8,61.55,62.0,60.5,53670000.0,-1.22,-0.012185215272136452,-0.012260063658341171,0.0001503091609065779,0.012260063658341171,0.15480266302156417,0.1712181518232033,ZENITH
2025-11-06,59.9,60.8,60.1,59.6,41890000.0,-1.48,-0.014802631578947345,-0.014913283850717635,0.0002224060352120754,0.014913283850717635,0.1598709785315337,0.16861817254445827,ZENITH
2025-11-07,60.0,59.9,60.2,59.9,22460000.0,0.17,0.0016694490818029983,0.0016680571006970134,2.7824144911857264e-06,0.0016680571006970134,0.16679321557784063,0.16778726791287812,ZENITH
2025-11-10,59.6,60.0,60.0,59.45,21940000.0,-0.67,-0.006666666666666599,-0.00668898815079654,4.474256248149652e-05,0.00668898815079654,0.14782019414052913,0.16733801754483757,ZENITH
2025-11-11,54.0,59.6,59.6,53.7,41920000.0,-9.4,-0.09395973154362414,-0.09867152750702966,0.009736070340570512,0.09867152750702966,0.6512002276366669,0.36019146189568657,ZENITH
2025-11-12,59.4,59.4,59.4,59.4,86810000.0,10.0,0.09999999999999987,0.09531017980432474,0.009084030374332712,0.09531017980432474,1.0935420385244268,0.5148900419859349,ZENITH
2025-11-13,64.4,65.0,65.0,62.15,40770000.0,8.42,0.08417508417508435,0.08081940674170884,0.006531776506081773,0.08081940674170884,1.2385670776462594,0.5970612174322917,ZENITH
2025-11-14,64.0,64.4,64.55,63.1,25500000.0,-0.62,-0.006211180124223725,-0.0062305497506361975,3.881975019515278e-05,0.0062305497506361975,1.2449702444905313,0.5971414145764375,ZENITH
2025-11-17,62.95,64.0,64.0,62.75,13240000.0,-1.64,-0.016406249999999956,-0.01654232286931564,0.00027364844591268317,0.01654232286931564,1.2566518388735997,0.5986432874389086,ZENITH
2025-11-18,61.0,62.95,61.6,60.1,12120000.0,-3.1,-0.030976965845909477,-0.03146689631704495,0.0009901655638276568,0.03146689631704495,0.9373696987415477,0.6049765719382311,ZENITH
2025-11-19,59.5,61.0,60.25,59.5,34540000.0,-2.46,-0.024590163934426257,-0.0248975516217272,0.0006198880767565708,0.0248975516217272,0.729784314012895,0.6083980813804302,ZENITH
2025-11-20,59.85,59.5,59.95,59.5,13720000.0,0.59,0.00588235294117645,0.005865119452398058,3.439962619089809e-05,0.005865119452398058,0.2358791585304988,0.6092948186465248,ZENITH
2025-11-21,59.75,60.0,60.0,59.05,91500000.0,-0.17,-0.001670843776106934,-0.0016722411923621062,2.7963906054326383e-06,0.0016722411923621062,0.2480411916209647,0.6091230334281209,ZENITH
2025-11-24,59.5,59.75,59.75,59.0,13130000.0,-0.42,-0.004184100418409997,-0.004192878260035927,1.7580228103481905e-05,0.004192878260035927,0.25466586008595277,0.6091463513342114,ZENITH
2025-11-25,59.75,59.5,60.1,59.5,9840000.0,0.42,0.004201680672268893,0.004192878260035958,1.758022810348216e-05,0.004192878260035958,0.19547376946099698,0.6056642311302207,ZENITH
2025-11-26,60.3,59.75,61.1,60.0,36130000.0,0.92,0.009205020920502127,0.009162912921519745,8.39589732073535e-05,0.009162912921519745,0.08717981945035218,0.5983852317183218,ZENITH
2025-11-27,60.0,60.3,61.0,60.0,24560000.0,-0.5,-0.00497512437810943,-0.004987541511039051,2.4875570324337702e-05,0.004987541511039051,0.09575442686621885,0.5978770333235609,ZENITH
2025-11-28,60.0,60.0,60.5,60.0,15070000.0,0.0,0.0,0.0,0.0,0.0,0.09408517434059754,0.5971923546100407,ZENITH
2025-12-01,60.0,60.0,60.1,59.8,25020000.0,0.0,0.0,0.0,0.0,0.0,0.08415332923247906,0.5971923546100407,ZENITH
2025-12-02,59.7,60.0,60.0,59.5,40330000.0,-0.5,-0.0050000000000000044,-0.005012541823544286,2.512557553278068e-05,0.005012541823544286,0.09181860779207787,0.597199079055641,ZENITH
2025-12-03,60.0,59.7,60.1,59.95,52660000.0,0.5,0.005025125628140614,0.0050125418235441935,2.512557553277975e-05,0.0050125418235441935,0.06647970563620896,0.5928560649231487,ZENITH
2025-12-04,60.5,60.0,60.85,60.0,27100000.0,0.83,0.008333333333333304,0.008298802814695064,6.887012815719072e-05,0.008298802814695064,0.08146702999528653,0.5923071952466545,ZENITH
2025-12-05,62.2,60.5,62.2,60.8,59460000.0,2.81,0.028099173553719048,0.02771163470833802,0.0007679346982083643,0.02771163470833802,0.19886039395665833,0.5973812464300283,ZENITH
2025-12-08,65.0,62.2,65.95,63.0,41990000.0,4.5,0.045016077170418,0.044032270150503344,0.0019388408146069078,0.044032270150503344,0.3119380968186399,0.6150336492997696,ZENITH
2025-12-09,64.5,65.0,65.3,64.5,16239999.999999998,-0.77,-0.007692307692307665,-0.007722046093910278,5.9629995876474975e-05,0.007722046093910278,0.32380847670766405,0.6152662493689061,ZENITH
2025-12-10,64.5,64.5,64.95,64.4,10600000.0,0.0,0.0,0.0,0.0,0.0,0.33573927558585853,0.49059272897681105,ZENITH
2025-12-11,64.45,64.5,64.65,64.4,20330000.0,-0.08,-0.0007751937984495916,-0.0007754944165303904,6.013915900698107e-07,0.0007754944165303904,0.35202292811164004,0.37573619112554324,ZENITH
2025-12-12,64.0,64.0,64.0,63.75,37670000.0,-0.7,-0.006982156710628407,-0.00700664602552455,4.9093088526998976e-05,0.00700664602552455,0.34464457593059694,0.25192712850692045,ZENITH
2025-12-15,64.05,64.0,64.5,64.05,8670000.0,0.08,0.0007812499999999556,0.000780944983071351,6.098750665843127e-07,0.000780944983071351,0.06476506550444314,0.2510154568471822,ZENITH
2025-12-16,63.5,64.05,64.5,63.5,14290000.0,-0.86,-0.00858704137392663,-0.008624122444097299,7.437548793078276e-05,0.008624122444097299,0.06912693444380383,0.24587167618936273,ZENITH
2025-12-17,63.5,63.5,64.0,62.75,32220000.0,0.0,0.0,0.0,0.0,0.0,0.06912693444380383,0.21691983215397875,ZENITH
2025-12-18,63.5,63.5,63.5,63.4,10500000.0,0.0,0.0,0.0,0.0,0.0,0.07098186388441445,0.1940918536460694,ZENITH
2025-12-19,63.3,63.5,63.5,63.3,19280000.0,-0.31,-0.0031496062992126816,-0.003154576748515544,9.9513544622749e-06,0.003154576748515544,0.06186303960785886,0.19498464321871312,ZENITH
2025-12-22,63.0,63.3,63.4,63.0,18090000.0,-0.47,-0.004739336492890933,-0.004750602758597753,2.2568226569996578e-05,0.004750602758597753,0.05737460043385296,0.19613637728152056,ZENITH
2025-12-23,62.5,63.0,62.95,61.0,19910000.0,-0.79,-0.007936507936507908,-0.007968169649176845,6.349172755806304e-05,0.007968169649176845,0.05360947632535306,0.1981902219779731,ZENITH
2025-12-24,63.0,62.5,63.05,62.65,33930000.0,0.8,0.008000000000000007,0.007968169649176881,6.349172755806362e-05,0.007968169649176881,0.09623561608390685,0.199063930131439,ZENITH
2025-12-29,62.7,63.0,63.2,62.6,50570000.0,-0.48,-0.004761904761904745,-0.00477327875265766,2.2784190050573065e-05,0.00477327875265766,0.09725600044260145,0.19905999340834887,ZENITH
2025-12-30,62.85,62.7,63.0,62.5,36110000.0,0.24,0.0023923444976077235,0.0023894873973814854,5.709650022244945e-06,0.0023894873973814854,0.10283741133811738,0.19749742613181814,ZENITH
2025-12-31,61.8,62.85,62.95,60.0,58760000.0,-1.67,-0.01670644391408116,-0.016847570572611357,0.0002838406341991202,0.016847570572611357,0.1517134766699069,0.20820548145591386,ZENITH
2026-01-02,64.5,61.8,64.5,63.0,9940000.0,4.37,0.043689320388349495,0.0427618593380817,0.001828576614049885,0.0427618593380817,0.35549414266105384,0.2525384221549295,ZENITH
2026-01-05,67.0,64.5,67.2,65.0,53390000.0,3.88,0.03875968992248069,0.03802739558923932,0.0014460828153004983,0.03802739558923932,0.42217828121249035,0.2771877379330316,ZENITH
2026-01-06,66.9,67.0,69.55,65.55,19890000.0,-0.15,-0.0014925373134327957,-0.0014936522567832536,2.2309970641937065e-06,0.0014936522567832536,0.41438698724480855,0.2782442131840323,ZENITH
2026-01-07,67.0,66.9,67.75,67.0,22070000.0,0.15,0.001494768310911665,0.0014936522567831501,2.2309970641933974e-06,0.0014936522567831501,0.4158738008788599,0.2782828198278548,ZENITH
2026-01-08,67.0,67.0,68.45,67.0,22390000.0,0.0,0.0,0.0,0.0,0.0,0.35262680401750024,0.2658912029114486,ZENITH
2026-01-09,67.0,67.0,67.25,66.9,17890000.0,0.0,0.0,0.0,0.0,0.0,0.27048785466492575,0.22143472630460365,ZENITH
2026-01-12,67.0,67.0,67.5,67.0,17080000.0,0.0,0.0,0.0,0.0,0.0,0.016766204999596603,0.2190100429231301,ZENITH
2026-01-13,68.0,67.0,68.25,67.0,23660000.0,1.49,0.014925373134328401,0.014815085785140682,0.0002194867668210775,0.014815085785140682,0.10303851185173007,0.2234349685023276,ZENITH
2026-01-14,69.0,68.0,69.0,68.8,18100000.0,1.47,0.014705882352941124,0.014598799421152631,0.0002131249445390464,0.014598799421152631,0.12788006926328563,0.2269014357981773,ZENITH
2026-01-15,69.0,69.0,69.5,69.0,72430000.0,0.0,0.0,0.0,0.0,0.0,0.12788006926328563,0.2241933715398864,ZENITH
2026-01-16,69.85,69.0,69.95,69.2,54550000.0,1.23,0.01231884057971011,0.012243581105711408,0.00014990527829213338,0.012243581105711408,0.12179174706826996,0.2258987478059132,ZENITH
2026-01-19,71.4,69.85,71.5,70.0,22280000.0,2.22,0.022190408017179752,0.02194778364256796,0.0004817052068209737,0.02194778364256796,0.12677179427356824,0.2289576909554791,ZENITH
2026-01-20,72.0,71.4,72.35,71.5,49100000.0,0.84,0.008403361344537785,0.00836824967051658,7.002760254810084e-05,0.00836824967051658,0.12831527263974216,0.22822020677728339,ZENITH
2026-01-21,72.0,72.0,72.05,71.8,38110000.0,0.0,0.0,0.0,0.0,0.0,0.14622092087403762,0.22822020677728336,ZENITH
2026-01-22,69.55,72.0,72.5,69.55,23400000.0,-3.4,-0.03402777777777777,-0.034620200646603386,0.0011985582928110774,0.034620200646603386,0.34484509551764475,0.26685267006480456,ZENITH
2026-01-23,71.0,69.55,71.0,70.0,49190000.0,2.08,0.02084831056793668,0.020633958671863448,0.0004257602504721688,0.020633958671863448,0.36569289430361873,0.2702511260528495,ZENITH
2026-01-26,71.0,71.0,71.05,70.15,25980000.0,0.0,0.0,0.0,0.0,0.0,0.3261075405974125,0.2665605242336721,ZENITH
2026-01-27,70.9,71.0,71.0,70.5,14510000.0,-0.14,-0.0014084507042252392,-0.001409443503233493,1.986530988807102e-06,0.001409443503233493,0.31538972371384777,0.26769704617972034,ZENITH
2026-01-28,71.0,70.9,71.45,70.95,32420000.0,0.14,0.0014104372355430161,0.001409443503233604,1.986530988807414e-06,0.001409443503233604,0.31641368898607564,0.265518816804995,ZENITH
2026-01-29,71.35,71.0,71.4,71.1,21030000.0,0.49,0.004929577464788615,0.004917466881529885,2.4181480530943254e-05,0.004917466881529885,0.14272491925158842,0.2652395585257479,ZENITH
2026-01-30,71.45,71.35,71.65,71.25,30550000.0,0.14,0.0014015416958654825,0.00140056045303102,1.9615695825944557e-06,0.00140056045303102,0.03734106248219899,0.25263194325701244,ZENITH
2026-02-02,71.5,71.45,71.55,71.35,40190000.0,0.07,0.0006997900629810427,0.0006995453240854948,4.893636604498799e-07,0.0006995453240854948,0.03616132277042543,0.21691258829811091,ZENITH
2026-02-03,73.2,71.5,74.65,71.5,35420000.0,2.38,0.023776223776223793,0.02349797126730392,0.0005521546536790407,0.02349797126730392,0.1540998245949075,0.1935389168559389,ZENITH
2026-02-04,73.8,73.2,74.5,73.55,14650000.0,0.82,0.008196721311475308,0.008163310639160835,6.663964059143649e-05,0.008163310639160835,0.14768752434410984,0.19284010257614415,ZENITH
2026-02-05,73.6,73.8,74.35,73.6,22090000.0,-0.27,-0.0027100271002710175,-0.002713705871596273,7.364199557536087e-06,0.002713705871596273,0.16570007914047252,0.19426001733516904,ZENITH
2026-02-06,74.0,73.6,74.1,73.8,32430000.0,0.54,0.005434782608695787,0.0054200674693393345,2.9377131372190497e-05,0.0054200674693393345,0.16073349641876117,0.19359340343611356,ZENITH
2026-02-09,74.3,74.0,74.4,74.05,46240000.0,0.41,0.004054054054054124,0.004045858519543796,1.636897116016512e-05,0.004045858519543796,0.15406967785817285,0.19285325287419305,ZENITH
2026-02-10,76.1,74.3,76.25,75.0,52080000.0,2.42,0.024226110363391617,0.023937313143926636,0.000572994960550403,0.023937313143926636,0.15691615935380623,0.2027255491143539,ZENITH
2026-02-11,77.85,76.1,79.0,76.1,34760000.0,2.3,0.022996057818659654,0.02273563341236718,0.000516909026661547,0.02273563341236718,0.18985881585103734,0.2087990803288274,ZENITH
2026-02-12,78.0,77.85,78.1,77.5,42520000.0,0.19,0.0019267822736031004,0.001924928409584418,3.7053493820251972e-06,0.001924928409584418,0.17117152187324017,0.20716988311561294,ZENITH
2026-02-13,81.4,78.0,81.4,77.95,72600000.0,4.36,0.04358974358974366,0.04266644631890294,0.0018204256414838264,0.04266644631890294,0.2648710367054125,0.24184139781061523,ZENITH
2026-02-16,89.5,81.4,89.5,82.5,69280000.0,9.95,0.09950859950859936,0.09486335227231493,0.008999055604341319,0.09486335227231493,0.5603717246692741,0.3866595123077818,ZENITH
2026-02-17,80.55,89.5,90.2,80.55,93100000.0,-10.0,-0.09999999999999998,-0.10536051565782628,0.011100838259683056,0.10536051565782628,1.171787301828201,0.5580789685603235,ZENITH
2026-02-18,83.7,80.55,86.0,82.0,30200000.0,3.91,0.03910614525139677,0.03836086787244637,0.0014715561839272883,0.03836086787244637,1.186496902774583,0.5694135934938348,ZENITH
2026-02-19,85.0,83.7,85.0,83.9,53220000.0,1.55,0.015531660692950977,0.01541227899488678,0.00023753834381622826,0.01541227899488678,1.1813501633597878,0.5694712420277488,ZENITH
2026-02-20,86.5,85.0,86.95,83.7,43990000.0,1.76,0.01764705882352935,0.01749315744751712,0.00030601055748362367,0.01749315744751712,1.1604803052347739,0.5486728180686516,ZENITH
2026-02-23,88.95,86.5,88.95,87.1,16129999.999999998,2.83,0.02832369942196533,0.027930000174010525,0.000780084909720228,0.027930000174010525,0.9353988515868983,0.5509672457149275,ZENITH
2026-02-24,93.0,88.95,93.0,89.0,67620000.0,4.55,0.04553119730185484,0.04452507904141166,0.001982482663643956,0.04452507904141166,0.2018163591849601,0.5615263540744455,ZENITH
2026-02-25,91.0,93.0,94.0,89.2,120670000.0,-2.15,-0.021505376344086002,-0.021739986636405875,0.000472627018951106,0.021739986636405875,0.3872424174694644,0.5723452216586021,ZENITH
2026-02-26,89.0,90.0,90.55,88.05,45490000.0,-2.2,-0.02197802197802201,-0.022223136784710235,0.0004938678085519412,0.022223136784710235,0.477037996719157,0.5835407253221384,ZENITH
2026-02-27,91.0,88.9,91.4,88.8,79360000.0,2.25,0.022471910112359605,0.022223136784710256,0.0004938678085519421,0.022223136784710256,0.48336026257921827,0.5844362582404413,ZENITH
2026-03-02,91.95,91.0,92.55,90.5,24370000.0,1.04,0.010439560439560402,0.01038544453348002,0.00010785745815799002,0.01038544453348002,0.4580727985627013,0.5832913272615106,ZENITH
2026-03-03,92.0,91.5,92.45,91.0,40860000.0,0.05,0.0005437737901032857,0.000543625998710181,2.955292264736417e-07,0.000543625998710181,0.311999756167099,0.5833296767569257,ZENITH
2026-03-04,92.0,92.0,92.7,92.0,47630000.0,0.0,0.0,0.0,0.0,0.0,0.25987685610838107,0.5831752964910337,ZENITH
2026-03-05,93.1,92.0,93.1,92.0,24340000.0,1.2,0.011956521739130421,0.011885607233981063,0.000141267659320463,0.011885607233981063,0.14583988810759568,0.5830989250088257,ZENITH
2026-03-06,93.0,93.1,93.15,92.1,39990000.0,-0.11,-0.0010741138560687036,-0.0010746911297654092,1.1549610243964515e-06,0.0010746911297654092,0.09915222059118727,0.5826384693592638,ZENITH
2026-03-09,93.05,93.0,93.4,93.0,39720000.0,0.05,0.0005376344086021057,0.0005374899350037816,2.8889543023036934e-07,0.0005374899350037816,0.08501497790160294,0.5834873875744182,ZENITH
2026-03-10,93.15,93.05,93.2,92.9,35350000.0,0.11,0.0010746910263299547,0.0010741139593377236,1.153720797644161e-06,0.0010741139593377236,0.08437470275407694,0.5840183321742597,ZENITH
2026-03-11,93.0,93.15,93.2,93.0,19100000.0,-0.16,-0.0016103059581320522,-0.0016116038943415328,2.5972671122567944e-06,0.0016116038943415328,0.08805964628476695,0.5834643859803704,ZENITH
2026-03-12,93.15,93.0,93.15,93.05,27480000.0,0.16,0.001612903225806539,0.0016116038943416128,2.5972671122570523e-06,0.0016116038943416128,0.02207421015678891,0.5820363964931234,ZENITH
2026-03-13,95.95,93.15,95.95,93.05,13750000.0,3.01,0.030059044551798086,0.029616125406111367,0.0008771148840705152,0.029616125406111367,0.20830079836965867,0.5859598799030401,ZENITH
2026-03-16,103.0,95.0,103.0,95.0,59950000.0,7.35,0.07347576862949445,0.07090176577592679,0.005027060390144383,0.07090176577592679,0.49225927612692444,0.6133975658954091,ZENITH
2026-03-17,111.15,108.0,113.3,108.0,163110000.0,7.91,0.07912621359223304,0.07615165218056984,0.005799074129830487,0.07615165218056984,0.5868212342412328,0.5839617901858111,ZENITH
2026-03-18,110.0,111.15,111.95,108.05,54510000.0,-1.03,-0.010346378767431497,-0.010400274617789456,0.00010816571212543561,0.010400274617789456,0.6238305370298513,0.4152184681579783,ZENITH
2026-03-23,107.5,110.0,110.0,105.1,38170000.0,-2.27,-0.022727272727272707,-0.02298951822469872,0.0005285179482037545,0.02298951822469872,0.7202425202671954,0.42568306881348206,ZENITH
2026-03-24,107.2,107.5,108.0,106.2,42710000.0,-0.28,-0.0027906976744185297,-0.0027945989310158,7.809783185234653e-06,0.0027945989310158,0.7535058762336138,0.42846256227025237,ZENITH
2026-03-25,101.5,107.2,107.2,100.0,33850000.0,-5.32,-0.05317164179104483,-0.05463745015485965,0.0029852509594247728,0.05463745015485965,0.768962850388309,0.4840474740449789,ZENITH
2026-03-26,103.05,101.5,104.45,103.0,17080000.0,1.53,0.015270935960591148,0.01515550885462603,0.00022968944864264798,0.01515550885462603,0.4135267448947537,0.4792916144095452,ZENITH
2026-03-27,103.0,103.05,105.0,102.5,13810000.0,-0.05,-0.00048520135856378044,-0.00048531910683224347,2.3553463545644654e-07,0.00048531910683224347,0.4264643730255853,0.4598651611787519,ZENITH
