Date,Price,Open,High,Low,Volume,log_return,simple_return,hist_vol_5d,hist_vol_10d,hist_vol_21d,hist_vol_63d,hist_vol_126d,hist_vol_252d,ma_5d,ma_ratio_5d,ma_10d,ma_ratio_10d,ma_20d,ma_ratio_20d,ma_50d,ma_ratio_50d,ma_200d,ma_ratio_200d,rsi_14d,macd,macd_signal,bb_middle,bb_upper,bb_lower,bb_width,atr_14d,price_lag_1,return_lag_1,vol_lag_1,price_lag_2,return_lag_2,vol_lag_2,price_lag_3,return_lag_3,vol_lag_3,price_lag_5,return_lag_5,vol_lag_5,price_lag_10,return_lag_10,vol_lag_10,target_vol_1d
2021-01-07,25.3,25.1,25.45,25.1,0,0.007936549595736342,0.007968127490039834,0.4795132037782989,0.33488357075761394,0.399457566702122,0.4587772760970426,0.38571372641299967,0.576570670783487,25.1,1.0079681274900398,24.895000000000003,1.0162683269732877,24.2275,1.0442678774120318,24.11,1.0493571132310244,18.13975,1.3947270497112696,66.66666666666669,0.39970658747476406,0.33060775049696484,24.2275,26.18883010721599,22.26616989278401,0.1619094093254351,0.6678571428571425,25.1,0.020121403199421028,0.4021359208458465,24.6,-0.04374454896285695,0.4039778642202915,25.7,0.03564733873023749,0.37587053726066083,24.95,-0.0020020026706730793,0.36601995494197465,24.3,-0.0203673028244337,0.41581943843061814,0.398259353582288
2021-01-08,25.65,25.3,25.75,25.3,0,0.013739175883303912,0.01383399209486158,0.47714754731296977,0.337954873332314,0.398259353582288,0.43971324509172965,0.3854004091101248,0.5760342276719262,25.27,1.0150375939849623,25.01,1.025589764094362,24.339999999999996,1.0538208709942483,24.2,1.0599173553719008,18.200499999999998,1.4093019422543338,65.04854368932038,0.43792314347193084,0.352070829091958,24.339999999999996,26.358754175488134,22.32124582451186,0.16587955427182724,0.596428571428571,25.3,0.007936549595736342,0.399457566702122,25.1,0.020121403199421028,0.4021359208458465,24.6,-0.04374454896285695,0.4039778642202915,24.8,-0.006030169026591076,0.3601132108618862,24.5,0.00819676720417849,0.36389567258431416,0.3938628029168424
2021-01-11,25.85,25.65,25.9,25.65,0,0.007767029337659817,0.007797270955165914,0.40656745181246057,0.337251505951441,0.3938628029168424,0.4371939204879166,0.3848856463789294,0.5748697890264073,25.3,1.0217391304347827,25.145000000000003,1.02803738317757,24.46,1.0568274734260017,24.288,1.0643115942028987,18.262249999999998,1.4154882339251738,61.702127659574494,0.47882872844439106,0.3774224089624446,24.46,26.540384579830885,22.379615420169117,0.17010503514561603,0.5678571428571425,25.65,0.013739175883303912,0.398259353582288,25.3,0.007936549595736342,0.399457566702122,25.1,0.020121403199421028,0.4021359208458465,25.7,0.03564733873023749,0.37587053726066083,24.5,0.0,0.3637685740996012,0.3944542857442108
2021-01-12,25.8,25.85,25.85,25.55,0,-0.0019361090268664404,-0.0019342359767892114,0.12969912357225621,0.3382522576609141,0.3944542857442108,0.4369816843884394,0.38494515572270527,0.5728721753937813,25.54,1.01018010963195,25.275,1.020771513353116,24.65,1.0466531440162272,24.374000000000002,1.0585049643062279,18.3305,1.4074902484929488,60.63829787234044,0.501431922044528,0.4022243115788613,24.65,26.46107702762695,22.838922972373048,0.14694336938149702,0.5678571428571425,25.85,0.007767029337659817,0.3938628029168424,25.65,0.013739175883303912,0.398259353582288,25.3,0.007936549595736342,0.399457566702122,24.6,-0.04374454896285695,0.4039778642202915,24.5,0.0,0.3592713345028324,0.3064997049593868
2021-01-13,25.9,25.8,26.0,25.7,0,0.003868476777920332,0.003875968992248069,0.0918510348241998,0.32770044635319157,0.3064997049593868,0.43677955548652536,0.3848368126731342,0.571703298131865,25.7,1.0077821011673151,25.365000000000002,1.021092055982653,24.81,1.0439338976219266,24.45,1.0593047034764826,18.400750000000002,1.4075513226363054,68.6046511627907,0.5214038609387117,0.4260602214508314,24.81,26.453359844630928,23.16664015536907,0.13247560214678994,0.5321428571428568,25.8,-0.0019361090268664404,0.3944542857442108,25.85,0.007767029337659817,0.3938628029168424,25.65,0.013739175883303912,0.398259353582288,25.1,0.020121403199421028,0.4021359208458465,25.0,0.02020270731751947,0.366024158206715,0.29746797189032487
2021-01-14,26.4,25.9,26.5,26.0,0,0.019121041446778377,0.019305019305019266,0.13070114831651974,0.3347830616017741,0.29746797189032487,0.43778929140594897,0.38241214217441716,0.5719387064354519,25.919999999999998,1.0185185185185186,25.509999999999998,1.0348882791062328,25.0,1.056,24.539,1.0758384612249887,18.47925,1.4286294086610656,70.6521739130435,0.5709955069562227,0.4550472785519097,25.0,26.43270079882205,23.56729920117795,0.11461606390576407,0.539285714285714,25.9,0.003868476777920332,0.3064997049593868,25.8,-0.0019361090268664404,0.3944542857442108,25.85,0.007767029337659817,0.3938628029168424,25.3,0.007936549595736342,0.399457566702122,24.95,-0.0020020026706730793,0.36601995494197465,0.2971708232333169
2021-01-15,26.3,26.4,26.8,26.3,0,-0.003795070968551498,-0.0037878787878786735,0.1450159016403741,0.33278184711639097,0.2971708232333169,0.4380103040557323,0.3779520064848398,0.5719063630254455,26.05,1.0095969289827256,25.660000000000004,1.024941543257989,25.139999999999997,1.0461416070007956,24.627999999999997,1.0678902062692872,18.555999999999997,1.4173313214054755,69.1489361702128,0.5953650813920888,0.4831108391199455,25.139999999999997,26.50095941391127,23.779040586088723,0.10827043865642598,0.5607142857142856,26.4,0.019121041446778377,0.29746797189032487,25.9,0.003868476777920332,0.3064997049593868,25.8,-0.0019361090268664404,0.3944542857442108,25.65,0.013739175883303912,0.398259353582288,24.8,-0.006030169026591076,0.3601132108618862,0.2764985327296703
2021-01-18,26.15,26.55,26.55,25.9,0,-0.005719748672787065,-0.005703422053232043,0.1596982859535826,0.29136207932869573,0.2764985327296703,0.4383902243484617,0.3780671084366848,0.5718919122148063,26.110000000000003,1.0015319800842588,25.705000000000002,1.0173118070414315,25.2425,1.035951272655244,24.714000000000002,1.058104717973618,18.628,1.4038007300837447,67.01030927835052,0.5957074535980631,0.5056301620155691,25.2425,26.582285921626056,23.902714078373943,0.10615318780834358,0.5428571428571429,26.3,-0.003795070968551498,0.2971708232333169,26.4,0.019121041446778377,0.29746797189032487,25.9,0.003868476777920332,0.3064997049593868,25.85,0.007767029337659817,0.3938628029168424,25.7,0.03564733873023749,0.37587053726066083,0.2667405775060819
2021-01-19,26.2,26.15,26.5,26.1,0,0.0019102202561192452,0.0019120458891013214,0.1555392395825036,0.1453943605646448,0.2667405775060819,0.41440280823677633,0.37787794786084583,0.5715630505269144,26.189999999999998,1.0003818251240932,25.865,1.0129518654552485,25.315,1.0349595101718347,24.8,1.0564516129032258,18.6985,1.4011819129876728,63.63636363636364,0.5931756089890889,0.5231392514102731,25.315,26.698778199445652,23.93122180055435,0.10932476393013238,0.5250000000000001,26.15,-0.005719748672787065,0.2764985327296703,26.3,-0.003795070968551498,0.2971708232333169,26.4,0.019121041446778377,0.29746797189032487,25.8,-0.0019361090268664404,0.3944542857442108,24.6,-0.04374454896285695,0.4039778642202915,0.25373853453391043
2021-01-20,26.3,26.2,26.3,26.0,0,0.0038095284166676487,0.003816793893129722,0.1555209033414175,0.12337132433971179,0.25373853453391043,0.4102040594832344,0.3778342609702563,0.571568846580863,26.27,1.00114198705748,25.985000000000003,1.0121223782951703,25.39,1.0358408822371012,24.88,1.057073954983923,18.767,1.4013960675654074,65.16853932584273,0.5924093420277643,0.5369932695337714,25.39,26.818138280197786,23.961861719802215,0.11249612289860461,0.5178571428571429,26.2,0.0019102202561192452,0.2667405775060819,26.15,-0.005719748672787065,0.2764985327296703,26.3,-0.003795070968551498,0.2971708232333169,25.9,0.003868476777920332,0.3064997049593868,25.1,0.020121403199421028,0.4021359208458465,0.25389750302429437
2021-01-21,26.45,26.3,26.5,26.2,0,0.005687219120589514,0.005703422053231932,0.07813578595352248,0.1222151126078702,0.25389750302429437,0.41021829725568554,0.3775473519866284,0.5712362997476422,26.28,1.006468797564688,26.1,1.0134099616858236,25.4975,1.037356603588587,24.93,1.060970718010429,18.839499999999997,1.4039650733830518,68.53932584269663,0.5970236987728512,0.5489993553815874,25.4975,26.9036799690157,24.0913200309843,0.11029943869129911,0.5214285714285715,26.3,0.0038095284166676487,0.25373853453391043,26.2,0.0019102202561192452,0.2667405775060819,26.15,-0.005719748672787065,0.2764985327296703,26.4,0.019121041446778377,0.29746797189032487,25.3,0.007936549595736342,0.399457566702122,0.23930022878462678
2021-01-22,26.5,26.45,26.5,26.4,0,0.0018885746878681546,0.001890359168241984,0.06888037425618451,0.1109402035526166,0.23930022878462678,0.4090150665917042,0.3772610330389739,0.5708139047598703,26.32,1.006838905775076,26.185000000000002,1.0120297880465914,25.5975,1.0352573493505226,24.97,1.0612735282338808,18.9135,1.4011156052555054,61.11111111111113,0.5978238506526452,0.558764254435799,25.5975,26.98938437208734,24.20561562791266,0.1087515868414759,0.44285714285714306,26.45,0.005687219120589514,0.25389750302429437,26.3,0.0038095284166676487,0.25373853453391043,26.2,0.0019102202561192452,0.2667405775060819,26.3,-0.003795070968551498,0.2971708232333169,25.65,0.013739175883303912,0.398259353582288,0.2392283675943814
2021-01-25,26.5,26.5,26.55,26.25,0,0.0,0.0,0.03434028297653327,0.10893881042529108,0.2392283675943814,0.40847380468630856,0.3772610330389739,0.5704854634599302,26.389999999999997,1.004168245547556,26.25,1.0095238095238095,25.6975,1.0312287187469598,24.988000000000003,1.0605090443412837,18.988999999999997,1.3955447890884198,87.99999999999997,0.5916379428587213,0.5653389921203835,25.6975,27.04402574388504,24.350974256114963,0.10479819000953701,0.3785714285714289,26.5,0.0018885746878681546,0.23930022878462678,26.45,0.005687219120589514,0.25389750302429437,26.3,0.0038095284166676487,0.25373853453391043,26.15,-0.005719748672787065,0.2764985327296703,25.85,0.007767029337659817,0.3938628029168424,0.24331244465893087
2021-01-26,26.25,26.5,26.35,26.2,0,-0.00947874395454377,-0.009433962264150941,0.0937615350703886,0.12315874885683085,0.24331244465893087,0.4084964004961051,0.3777132181800382,0.5702785589574896,26.4,0.9943181818181819,26.294999999999998,0.9982886480319453,25.785000000000004,1.0180337405468294,24.95,1.0521042084168337,19.06525,1.3768505527071506,75.55555555555551,0.5601061012212156,0.56429241394055,25.785000000000004,27.027281432644195,24.542718567355813,0.09635690770945826,0.36428571428571466,26.5,0.0,0.2392283675943814,26.5,0.0018885746878681546,0.23930022878462678,26.45,0.005687219120589514,0.25389750302429437,26.2,0.0019102202561192452,0.2667405775060819,25.8,-0.0019361090268664404,0.3944542857442108,0.24314359472375377
2021-01-27,26.4,26.25,26.5,26.25,0,0.005698021114637575,0.005714285714285561,0.09892783104391288,0.1243849320728889,0.24314359472375377,0.40845576472395406,0.37757265678756036,0.5700620484169265,26.419999999999998,0.9992429977289932,26.345,1.0020876826722338,25.855,1.0210790949526203,24.935,1.0587527571686384,19.137749999999997,1.3794725085237294,74.99999999999996,0.5409845033431573,0.5596308318210714,25.855,27.068476953133935,24.641523046866066,0.0938678749281713,0.35714285714285765,26.25,-0.00947874395454377,0.24331244465893087,26.5,0.0,0.2392283675943814,26.5,0.0018885746878681546,0.23930022878462678,26.3,0.0038095284166676487,0.25373853453391043,25.9,0.003868476777920332,0.3064997049593868,0.2535437201985283
2021-01-28,27.2,26.4,27.3,26.35,0,0.02985296314968113,0.030303030303030276,0.2328632202384987,0.1694590154978738,0.2535437201985283,0.41132095104281347,0.3781192593838153,0.5708051937581848,26.57,1.0237109522017311,26.425,1.0293282876064334,25.9675,1.0474631751227494,24.959,1.0897872510917905,19.2135,1.415671272802977,79.24528301886792,0.5836557927168329,0.5644358240002237,25.9675,27.243296964541994,24.69170303545801,0.09826105435964129,0.39285714285714335,26.4,0.005698021114637575,0.24314359472375377,26.25,-0.00947874395454377,0.24331244465893087,26.5,0.0,0.2392283675943814,26.45,0.005687219120589514,0.25389750302429437,26.4,0.019121041446778377,0.29746797189032487,0.25303930685342657
2021-01-29,27.2,27.0,27.5,27.0,0,0.0,0.0,0.23513049385132398,0.16624774264860126,0.25303930685342657,0.4113804687500719,0.3766575925073488,0.5707972531422713,26.71,1.0183451890677648,26.514999999999997,1.0258344333396192,26.0875,1.0426449448969815,24.985,1.088653191915149,19.28475,1.4104408924149912,77.55102040816323,0.6104363665256471,0.5736359325053084,26.0875,27.35235905185136,24.82264094814864,0.09697050708970657,0.4107142857142862,27.2,0.02985296314968113,0.2535437201985283,26.4,0.005698021114637575,0.24314359472375377,26.25,-0.00947874395454377,0.24331244465893087,26.5,0.0018885746878681546,0.23930022878462678,26.3,-0.003795070968551498,0.2971708232333169,0.25133380121564936
2021-02-01,27.15,27.2,27.35,27.1,0,-0.0018399269220071826,-0.0018382352941176405,0.238045876776017,0.16138106197513624,0.25133380121564936,0.40866091366204543,0.37661507389589943,0.5702997544320602,26.839999999999996,1.0115499254843519,26.615,1.0201014465526959,26.160000000000004,1.0378440366972475,24.994,1.0862607025686164,19.35425,1.4027926682769933,77.55102040816323,0.6204731537943715,0.5830033767631211,26.160000000000004,27.49558581666694,24.82441418333307,0.10210900739043845,0.4071428571428576,27.2,0.0,0.25303930685342657,27.2,0.02985296314968113,0.2535437201985283,26.4,0.005698021114637575,0.24314359472375377,26.5,0.0,0.2392283675943814,26.15,-0.005719748672787065,0.2764985327296703,0.25397596474434037
2021-02-02,26.3,27.15,27.2,26.3,0,-0.031808107196225496,-0.03130755064456714,0.34942705721874756,0.24119194187593465,0.25397596474434037,0.4141871663307656,0.38001259946513116,0.5710433031585385,26.85,0.9795158286778398,26.625,0.9877934272300469,26.244999999999997,1.002095637264241,24.999000000000002,1.0520420816832672,19.41575,1.354570387443184,56.25000000000003,0.5534595466254864,0.5770946107355942,26.244999999999997,27.36086643230025,25.129133567699746,0.08503459190704905,0.4500000000000003,27.15,-0.0018399269220071826,0.25133380121564936,27.2,0.0,0.25303930685342657,27.2,0.02985296314968113,0.2535437201985283,26.25,-0.00947874395454377,0.24331244465893087,26.2,0.0019102202561192452,0.2667405775060819,0.20791353140180507
2021-02-03,26.95,26.3,26.95,26.25,0,0.02441435817128734,0.024714828897338448,0.39024906067515,0.2698676934267579,0.20791353140180507,0.41612339555938765,0.3783746445251626,0.5715278818815849,26.959999999999997,0.9996290801186944,26.689999999999998,1.009741476208318,26.3375,1.0232558139534884,25.026000000000003,1.0768800447534563,19.477999999999998,1.3836122805216142,58.20895522388062,0.5465006287965828,0.570975814347792,26.3375,27.35620661031151,25.318793389688487,0.07735788213091686,0.4571428571428573,26.3,-0.031808107196225496,0.25397596474434037,27.15,-0.0018399269220071826,0.25133380121564936,27.2,0.0,0.25303930685342657,26.4,0.005698021114637575,0.24314359472375377,26.3,0.0038095284166676487,0.25373853453391043,0.20344092230318683
2021-02-04,26.75,26.95,26.9,26.45,0,-0.007448824012990625,-0.007421150278293154,0.3185822032199284,0.27347635334854303,0.20344092230318683,0.4166320321145098,0.3761978473571576,0.571589003216505,26.869999999999997,0.9955340528470414,26.72,1.001122754491018,26.410000000000004,1.0128739113971978,25.078000000000003,1.0666719834117553,19.53225,1.3695298800701403,56.52173913043478,0.518866141850328,0.5605538798482992,26.410000000000004,27.318208183876788,25.50179181612322,0.06877759817317562,0.4571428571428573,26.95,0.02441435817128734,0.20791353140180507,26.3,-0.031808107196225496,0.25397596474434037,27.15,-0.0018399269220071826,0.25133380121564936,27.2,0.02985296314968113,0.2535437201985283,26.45,0.005687219120589514,0.25389750302429437,0.22971617369725578
2021-02-05,26.0,26.5,26.5,25.65,0,-0.028437935320533514,-0.028037383177570097,0.3609690227667997,0.31092398928175585,0.22971617369725578,0.4214134251665525,0.3787641743959673,0.5721422156879713,26.630000000000003,0.9763424708974839,26.669999999999998,0.974878140232471,26.427500000000002,0.9838236685271023,25.116000000000003,1.0351966873706002,19.5905,1.3271738853015493,48.14814814814817,0.43147312624456546,0.5347377291275525,26.427500000000002,27.286186267073585,25.56881373292642,0.06498429795278277,0.4892857142857144,26.75,-0.007448824012990625,0.20344092230318683,26.95,0.02441435817128734,0.20791353140180507,26.3,-0.031808107196225496,0.25397596474434037,27.2,0.0,0.25303930685342657,26.5,0.0018885746878681546,0.23930022878462678,0.22522830398883964
2021-02-08,26.0,26.0,26.1,25.95,0,0.0,0.0,0.3635034602566368,0.31092398928175585,0.22522830398883964,0.4202824639531064,0.37860659808599195,0.5701513930306749,26.4,0.9848484848484849,26.619999999999997,0.9767092411720512,26.435000000000002,0.9835445432192169,25.146000000000004,1.0339616638829237,19.6455,1.3234582983380418,47.50000000000001,0.3580857422087753,0.49940733174379703,26.435000000000002,27.27486214407499,25.595137855925014,0.06354167914318051,0.4714285714285718,26.0,-0.028437935320533514,0.22971617369725578,26.75,-0.007448824012990625,0.20344092230318683,26.95,0.02441435817128734,0.20791353140180507,27.15,-0.0018399269220071826,0.25133380121564936,26.5,0.0,0.2392283675943814,0.2254483765970173
2021-02-09,25.8,26.0,26.05,25.8,0,-0.007722046093910278,-0.007692307692307665,0.30184602008757055,0.30984900930420367,0.2254483765970173,0.3966519747315843,0.3787040421451458,0.5690185144260523,26.3,0.9809885931558935,26.575,0.9708372530573848,26.435000000000002,0.9759788159636844,25.172000000000004,1.0249483553154297,19.70375,1.3093954196536193,43.90243902439023,0.2805533388507193,0.4556365331651815,26.435000000000002,27.27486214407499,25.595137855925014,0.06354167914318051,0.46785714285714314,26.0,0.0,0.22522830398883964,26.0,-0.028437935320533514,0.22971617369725578,26.75,-0.007448824012990625,0.20344092230318683,26.3,-0.031808107196225496,0.25397596474434037,26.25,-0.00947874395454377,0.24331244465893087,0.25037567895158835
2021-02-10,25.0,25.8,25.7,25.0,0,-0.03149866705937105,-0.03100775193798455,0.2227769130278145,0.33970879111785257,0.25037567895158835,0.39950096581660466,0.3819075124246023,0.5699547288937071,25.910000000000004,0.9648784253184097,26.435000000000002,0.9457159069415547,26.389999999999997,0.9473285335354302,25.183000000000003,0.9927331930270419,19.7635,1.2649581298859007,34.73684210526315,0.15279372552061332,0.3950679716362679,26.389999999999997,27.424458922894235,25.35554107710576,0.07839779635424315,0.5035714285714289,25.8,-0.007722046093910278,0.2254483765970173,26.0,0.0,0.22522830398883964,26.0,-0.028437935320533514,0.22971617369725578,26.95,0.02441435817128734,0.20791353140180507,26.4,0.005698021114637575,0.24314359472375377,0.2505544218526795
2021-02-11,24.8,25.0,24.8,22.8,0,-0.008032171697264267,-0.008000000000000007,0.2215628552993578,0.2769044799107582,0.2505544218526795,0.3898519037335002,0.3820185471861056,0.5686240744227374,25.52,0.9717868338557994,26.195,0.9467455621301776,26.309999999999995,0.942607373622197,25.199,0.9841660383348545,19.81875,1.2513402712078208,32.65306122448979,0.03500150737855634,0.3230546787847256,26.309999999999995,27.565136813678198,25.054863186321793,0.0954113883449793,0.6535714285714287,25.0,-0.03149866705937105,0.25037567895158835,25.8,-0.007722046093910278,0.2254483765970173,26.0,0.0,0.22522830398883964,26.75,-0.007448824012990625,0.20344092230318683,27.2,0.02985296314968113,0.2535437201985283,0.24152101537878332
2021-02-12,25.0,24.8,25.0,24.55,0,0.008032171697264253,0.008064516129032251,0.2345421226082578,0.2871530176816139,0.24152101537878332,0.33875606254128743,0.3820554042506598,0.5685634550388508,25.32,0.9873617693522907,25.975,0.9624639076034648,26.244999999999997,0.9525623928367309,25.211,0.9916306374201738,19.87425,1.257909103488182,35.2941176470588,-0.041730304640189786,0.25009768209974254,26.244999999999997,27.630222763767907,24.859777236232087,0.1055608888373336,0.6642857142857144,24.8,-0.008032171697264267,0.2505544218526795,25.0,-0.03149866705937105,0.25037567895158835,25.8,-0.007722046093910278,0.2254483765970173,26.0,-0.028437935320533514,0.22971617369725578,27.2,0.0,0.25303930685342657,0.24327711124598542
2021-02-15,25.15,25.0,25.15,25.0,0,0.005982071677547469,0.006000000000000005,0.2504516571808358,0.2947662610523552,0.24327711124598542,0.3318348555808329,0.3819740771359119,0.5685837380643567,25.15,1.0,25.775,0.9757516973811833,26.195,0.9601068906279824,25.234,0.9966711579614804,19.929750000000002,1.2619325380398647,38.99999999999997,-0.08940645018604698,0.18219685564258464,26.195,27.664299869073982,24.72570013092602,0.11218170407130995,0.6535714285714285,25.0,0.008032171697264253,0.24152101537878332,24.8,-0.008032171697264267,0.2505544218526795,25.0,-0.03149866705937105,0.25037567895158835,26.0,0.0,0.22522830398883964,27.15,-0.0018399269220071826,0.25133380121564936,0.2433275873390155
2021-02-16,25.0,25.15,25.35,25.0,0,-0.005982071677547429,-0.005964214711729587,0.25028601472395184,0.26221949254299826,0.2433275873390155,0.3208187496849799,0.38217030929334345,0.5685870587967546,24.990000000000002,1.0004001600640255,25.645,0.9748488984207448,26.135,0.9565716472163764,25.263,0.9895895182678225,19.98375,1.2510164508663288,36.0,-0.13770649071130237,0.11821618637180725,26.135,27.69843077540113,24.571569224598875,0.1196426841707386,0.6607142857142857,25.15,0.005982071677547469,0.24327711124598542,25.0,0.008032171697264253,0.24152101537878332,24.8,-0.008032171697264267,0.2505544218526795,25.8,-0.007722046093910278,0.2254483765970173,26.3,-0.031808107196225496,0.25397596474434037,0.24301657946022398
2021-02-17,25.0,25.0,25.3,24.9,0,0.0,0.0,0.11241851017486477,0.2084936542336051,0.24301657946022398,0.3207535750954014,0.38219704656642983,0.5685775911767588,24.990000000000002,1.0004001600640255,25.45,0.9823182711198428,26.07,0.9589566551591868,25.284000000000002,0.988767600063281,20.0345,1.2478474631261074,23.809523809523768,-0.17397909806628675,0.05977712948418845,26.07,27.71073154415879,24.42926845584121,0.12587123468805445,0.6214285714285717,25.0,-0.005982071677547429,0.2433275873390155,25.15,0.005982071677547469,0.24327711124598542,25.0,0.008032171697264253,0.24152101537878332,25.0,-0.03149866705937105,0.25037567895158835,26.95,0.02441435817128734,0.20791353140180507,0.2693544258385801
2021-02-18,24.1,25.0,25.0,23.9,0,-0.03666398437159136,-0.03599999999999992,0.2879788162704819,0.25470991224825335,0.2693544258385801,0.3224728399529238,0.38623207956270356,0.5698074411710965,24.85,0.9698189134808853,25.185,0.956918800873536,25.952499999999997,0.9286195934881034,25.291999999999998,0.9528704728767992,20.081500000000002,1.2001095535692055,19.607843137254875,-0.2722100115430841,-0.0066202987212660575,25.952499999999997,27.80195938046709,24.103040619532905,0.14252649112548635,0.6642857142857146,25.0,0.0,0.24301657946022398,25.0,-0.005982071677547429,0.2433275873390155,25.15,0.005982071677547469,0.24327711124598542,24.8,-0.008032171697264267,0.2505544218526795,26.75,-0.007448824012990625,0.20344092230318683,0.2855367415390342
2021-02-19,24.7,24.1,24.75,24.4,0,0.024591403137322113,0.024896265560165887,0.35420130435110236,0.2868308088223369,0.2855367415390342,0.32322180508112647,0.38743440122756106,0.5701445988906928,24.79,0.9963695038321904,25.055,0.9858311714228697,25.8625,0.9550507491541808,25.318,0.9755904889801721,20.133499999999998,1.2268110363324807,28.31858407079642,-0.29820619718395847,-0.06493747841380454,25.8625,27.77392685750114,23.95107314249886,0.1478145467376426,0.6928571428571431,24.1,-0.03666398437159136,0.2693544258385801,25.0,0.0,0.24301657946022398,25.0,-0.005982071677547429,0.2433275873390155,25.0,0.008032171697264253,0.24152101537878332,26.0,-0.028437935320533514,0.22971617369725578,0.28612229033928754
2021-02-22,24.8,24.7,25.0,24.75,0,0.004040409537005127,0.004048582995951566,0.3515598870334463,0.28955807315774407,0.28612229033928754,0.3215931939977308,0.38722679873394095,0.570142575668802,24.72,1.0032362459546926,24.935,0.9945859234008423,25.777499999999996,0.9620793327514306,25.345,0.9784967449201026,20.18575,1.2285894752486284,34.69387755102038,-0.30719800989765034,-0.1133895847105737,25.777499999999996,27.72049687135698,23.834503128643014,0.15075138173655184,0.6500000000000004,24.7,0.024591403137322113,0.2855367415390342,24.1,-0.03666398437159136,0.2693544258385801,25.0,0.0,0.24301657946022398,25.15,0.005982071677547469,0.24327711124598542,26.0,0.0,0.22522830398883964,0.3352901538931592
2021-02-23,26.0,24.8,26.05,24.7,0,0.04725288485054551,0.048387096774193505,0.49507675934816814,0.3883021964400363,0.3352901538931592,0.3136757680389583,0.39223072568718187,0.5719868026664248,24.919999999999998,1.043338683788122,24.955000000000002,1.0418753756762171,25.764999999999997,1.009120900446342,25.425,1.022615535889872,20.241500000000002,1.2844897858360298,41.28440366972476,-0.21501554966025793,-0.13371477770051055,25.764999999999997,27.69839080374293,23.831609196257062,0.15007885144521133,0.696428571428572,24.8,0.004040409537005127,0.28612229033928754,24.7,0.024591403137322113,0.2855367415390342,24.1,-0.03666398437159136,0.2693544258385801,25.0,-0.005982071677547429,0.2433275873390155,25.8,-0.007722046093910278,0.2254483765970173,0.3363945737726295
2021-02-24,26.3,26.15,26.75,26.1,0,0.011472401162236781,0.011538461538461497,0.49030149748221286,0.34591146487631547,0.3363945737726295,0.314275585177752,0.392380038079174,0.5720788585256511,25.18,1.044479745830024,25.085,1.0484353199122982,25.76,1.0209627329192545,25.497,1.0314939012432836,20.294,1.295949541736474,45.94594594594595,-0.11641088081716688,-0.13025399832384182,25.76,27.686982915827876,23.833017084172127,0.14961047483135673,0.7142857142857147,26.0,0.04725288485054551,0.3352901538931592,24.8,0.004040409537005127,0.28612229033928754,24.7,0.024591403137322113,0.2855367415390342,25.0,0.0,0.24301657946022398,25.0,-0.03149866705937105,0.25037567895158835,0.3409418683206304
2021-02-25,25.85,26.3,26.2,25.85,0,-0.01725833822928071,-0.017110266159695797,0.3807066535180605,0.35856505927611865,0.3409418683206304,0.3149366789327559,0.3934468276474352,0.5723416953001027,25.53,1.0125342734038387,25.19,1.0262008733624455,25.692500000000003,1.0061301936362752,25.562,1.011266724043502,20.347250000000003,1.270441951615083,48.571428571428584,-0.07372732681397665,-0.1189486640218688,25.692500000000003,27.497835659123545,23.88716434087646,0.14053405928761642,0.6678571428571433,26.3,0.011472401162236781,0.3363945737726295,26.0,0.04725288485054551,0.3352901538931592,24.8,0.004040409537005127,0.28612229033928754,24.1,-0.03666398437159136,0.2693544258385801,24.8,-0.008032171697264267,0.2505544218526795,0.3250985379242294
2021-02-26,25.45,25.9,25.9,25.3,0,-0.015594857957906513,-0.01547388781431347,0.41569349650344106,0.37080390330766544,0.3250985379242294,0.3166478194960041,0.3941437713837564,0.5721655903284609,25.68,0.9910436137071651,25.235,1.0085199128194968,25.605,0.9939464948252295,25.601,0.9941017928987149,20.3975,1.2477019242554235,45.13274336283185,-0.07135443035205924,-0.10942981728790689,25.605,27.26660987250884,23.94339012749116,0.1297879220862207,0.7000000000000001,25.85,-0.01725833822928071,0.3409418683206304,26.3,0.011472401162236781,0.3363945737726295,26.0,0.04725288485054551,0.3352901538931592,24.7,0.024591403137322113,0.2855367415390342,25.0,0.008032171697264253,0.24152101537878332,0.3301784135264179
2021-03-01,25.8,25.45,25.85,25.45,0,0.013658748931040044,0.013752455795677854,0.41846155196109724,0.37521371824576627,0.3301784135264179,0.3176699221458298,0.3943883857919289,0.5709266507864921,25.880000000000003,0.9969088098918083,25.3,1.0197628458498025,25.5375,1.0102790014684289,25.635,1.0064365125804564,20.45125,1.2615365808935883,50.0,-0.04076193961577701,-0.09569624175348092,25.5375,27.036578664414606,24.038421335585397,0.11740214699282264,0.710714285714286,25.45,-0.015594857957906513,0.3250985379242294,25.85,-0.01725833822928071,0.3409418683206304,26.3,0.011472401162236781,0.3363945737726295,24.8,0.004040409537005127,0.28612229033928754,25.15,0.005982071677547469,0.24327711124598542,0.3303647913092063
2021-03-02,25.65,25.8,25.85,25.5,0,-0.0058309203107933215,-0.005813953488372214,0.2322905263776687,0.37511821673959406,0.3303647913092063,0.31551689768202196,0.3943826273962528,0.57095720197779,25.810000000000002,0.9938008523827973,25.365000000000002,1.0112359550561796,25.505000000000003,1.0056851597725935,25.653,0.9998830546134955,20.504250000000003,1.2509601667946886,56.310679611650464,-0.028294752405116697,-0.08221594388380808,25.505000000000003,26.96206987875557,24.047930121244434,0.11425758704219316,0.6785714285714288,25.8,0.013658748931040044,0.3301784135264179,25.45,-0.015594857957906513,0.3250985379242294,25.85,-0.01725833822928071,0.3409418683206304,26.0,0.04725288485054551,0.3352901538931592,25.0,-0.005982071677547429,0.2433275873390155,0.31308279735512307
2021-03-03,25.55,25.65,25.75,25.55,0,-0.0039062549670649885,-0.0038986354775827348,0.19594923676838766,0.37637704720964005,0.31308279735512307,0.3140872724731942,0.3944995228316339,0.57097867248543,25.659999999999997,0.9957131722525333,25.419999999999998,1.0051140833988985,25.435,1.004521328877531,25.667999999999996,0.9954028362163007,20.5565,1.2429158660277773,57.42574257425743,-0.026181773793862106,-0.07100910986581889,25.435,26.724675601805572,24.145324398194425,0.10140952245375061,0.5357142857142859,25.65,-0.0058309203107933215,0.3303647913092063,25.8,0.013658748931040044,0.3301784135264179,25.45,-0.015594857957906513,0.3250985379242294,26.3,0.011472401162236781,0.3363945737726295,25.0,0.0,0.24301657946022398,0.2997265382950998
2021-03-04,25.3,25.55,25.65,25.3,0,-0.009832920916238946,-0.009784735812133127,0.17447565325729367,0.31850035336150717,0.2997265382950998,0.31287475699314793,0.39491777336484096,0.5710721741748604,25.55,0.9902152641878669,25.54,0.990602975724354,25.3625,0.9975357318876293,25.688000000000002,0.9848956711304889,20.605999999999998,1.2277977288168496,52.941176470588246,-0.04417095837143492,-0.0656414795669421,25.3625,26.4942778282991,24.2307221717009,0.08924812840209759,0.5285714285714287,25.55,-0.0039062549670649885,0.31308279735512307,25.65,-0.0058309203107933215,0.3303647913092063,25.8,0.013658748931040044,0.3301784135264179,25.85,-0.01725833822928071,0.3409418683206304,24.1,-0.03666398437159136,0.2693544258385801,0.29944670019328895
2021-03-05,25.3,25.3,25.4,24.95,0,0.0,0.0,0.14320473753394783,0.2991794498334058,0.29944670019328895,0.31029417177293794,0.39460372651881903,0.570390843470743,25.52,0.9913793103448276,25.6,0.98828125,25.3275,0.998914223669924,25.704,0.9842826019296608,20.655250000000002,1.2248701903874317,51.51515151515154,-0.05776167610746796,-0.06406551887504727,25.3275,26.41884152115061,24.23615847884939,0.0861783848505072,0.5500000000000002,25.3,-0.009832920916238946,0.2997265382950998,25.55,-0.0039062549670649885,0.31308279735512307,25.65,-0.0058309203107933215,0.3303647913092063,25.45,-0.015594857957906513,0.3250985379242294,24.7,0.024591403137322113,0.2855367415390342,0.2888266920988295
2021-03-08,24.9,25.3,25.4,24.7,0,-0.015936592262812754,-0.015810276679842028,0.09648736298380035,0.3126182292078006,0.2888266920988295,0.31047644957690207,0.3953253455283178,0.5700613300151173,25.34,0.9826361483820046,25.610000000000003,0.9722764545099569,25.2725,0.9852606588188741,25.712,0.9684194150591163,20.702250000000003,1.2027678150925623,49.038461538461526,-0.09966025352336416,-0.07118446580471066,25.2725,26.331533819845625,24.213466180154377,0.08380918546606973,0.5750000000000001,25.3,0.0,0.29944670019328895,25.3,-0.009832920916238946,0.2997265382950998,25.55,-0.0039062549670649885,0.31308279735512307,25.8,0.013658748931040044,0.3301784135264179,24.8,0.004040409537005127,0.28612229033928754,0.5439931138120346
2021-03-09,21.75,22.2,22.2,21.1,0,-0.13525404593596874,-0.12650602409638545,0.9125843121623962,0.6769648605782858,0.5439931138120346,0.41221954204018263,0.4408083188837019,0.5804235741337218,24.560000000000002,0.8855863192182409,25.185,0.8636092912447886,25.07,0.8675708017550857,25.656999999999996,0.8477218692754415,20.73175,1.0491154871151736,30.538922155688624,-0.38263309618797336,-0.13347419188136322,25.07,26.941503757887595,23.198496242112405,0.14930225431891464,0.8178571428571425,24.9,-0.015936592262812754,0.2888266920988295,25.3,0.0,0.29944670019328895,25.3,-0.009832920916238946,0.2997265382950998,25.65,-0.0058309203107933215,0.3303647913092063,26.0,0.04725288485054551,0.3352901538931592,0.5447892203768442
2021-03-10,21.75,21.75,21.95,21.75,0,0.0,0.0,0.9208104357771422,0.6654028434623347,0.5447892203768442,0.41157747035657344,0.43935026517965947,0.5804235741337218,23.8,0.9138655462184874,24.729999999999997,0.8794985847149213,24.9075,0.8732309545317676,25.592,0.8498749609252892,20.758000000000003,1.047788804316408,34.22818791946308,-0.5999749746723495,-0.2267743484395605,24.9075,27.297231321607434,22.517768678392564,0.1918884931532619,0.7535714285714281,21.75,-0.13525404593596874,0.5439931138120346,24.9,-0.015936592262812754,0.2888266920988295,25.3,0.0,0.29944670019328895,25.55,-0.0039062549670649885,0.31308279735512307,26.3,0.011472401162236781,0.3363945737726295,0.5386529524507995
2021-03-11,21.45,21.75,21.75,21.4,0,-0.01388911216066715,-0.01379310344827589,0.9150340414538963,0.6658639289223846,0.5386529524507995,0.4123030708002783,0.43756684759678427,0.5802577614286226,23.03,0.9313938341293964,24.29,0.8830794565664882,24.740000000000002,0.8670169765561843,25.522,0.8404513752840687,20.780250000000002,1.032230122351752,27.272727272727295,-0.7873513754829311,-0.33888975384823466,24.740000000000002,27.58727016077137,21.892729839228632,0.23017543741078167,0.7321428571428569,21.75,0.0,0.5447892203768442,21.75,-0.13525404593596874,0.5439931138120346,24.9,-0.015936592262812754,0.2888266920988295,25.3,-0.009832920916238946,0.2997265382950998,25.85,-0.01725833822928071,0.3409418683206304,0.5387205568643364
2021-03-12,21.35,21.45,21.5,21.3,0,-0.00467290569939237,-0.004662004662004615,0.9049577342303377,0.669518280139897,0.5387205568643364,0.39240073860757546,0.4354491350392297,0.5769161423039251,22.240000000000002,0.9599820143884892,23.880000000000003,0.8940536013400334,24.557499999999997,0.8693881706199736,25.453000000000003,0.8388009271991513,20.80225,1.0263312862791285,25.874125874125895,-0.9331607906424111,-0.45774396120706995,24.557499999999997,27.77803852966404,21.336961470335954,0.2622855363668162,0.7249999999999996,21.45,-0.01388911216066715,0.5386529524507995,21.75,0.0,0.5447892203768442,21.75,-0.13525404593596874,0.5439931138120346,25.3,0.0,0.29944670019328895,25.45,-0.015594857957906513,0.3250985379242294,0.5358970720198993
2021-03-15,21.2,21.35,21.4,21.15,0,-0.007050557996666911,-0.007025761124121899,0.9182032988173737,0.6502691136431911,0.5358970720198993,0.3872327578818534,0.4352432131998487,0.5674272914883673,21.5,0.9860465116279069,23.419999999999998,0.9052092228864219,24.36,0.870279146141215,25.362999999999996,0.8358632653865868,20.81875,1.0183128189732813,10.655737704918067,-1.0487304373839699,-0.57594125644245,24.36,27.89651627571811,20.82348372428189,0.2903543740326856,0.646428571428571,21.35,-0.00467290569939237,0.5387205568643364,21.45,-0.01388911216066715,0.5386529524507995,21.75,0.0,0.5447892203768442,24.9,-0.015936592262812754,0.2888266920988295,25.8,0.013658748931040044,0.3301784135264179,0.5470080254519696
2021-03-16,20.3,21.2,21.15,20.3,0,-0.04338029563022505,-0.04245283018867918,0.27430082063528016,0.6552474063094936,0.5470080254519696,0.39632955914993545,0.4398737098124324,0.5046193844041313,21.21,0.9570957095709571,22.884999999999998,0.8870439152283156,24.125,0.8414507772020726,25.277,0.8031016338964275,20.833,0.9744155906494505,5.22388059701494,-1.1991199846899327,-0.7005770020919466,24.125,28.082072282967506,20.167927717032494,0.32804744314756523,0.6571428571428566,21.2,-0.007050557996666911,0.5358970720198993,21.35,-0.00467290569939237,0.5387205568643364,21.45,-0.01388911216066715,0.5386529524507995,21.75,-0.13525404593596874,0.5439931138120346,25.65,-0.0058309203107933215,0.3303647913092063,0.5512592961926239
2021-03-17,20.5,20.3,20.6,19.5,0,0.009804000096620835,0.009852216748768461,0.31165805405110814,0.6701096142911156,0.5512592961926239,0.3883418898488085,0.43999645952298405,0.4980049684546962,20.96,0.9780534351145038,22.380000000000003,0.9159964253798033,23.9,0.8577405857740587,25.185,0.8139765733571571,20.851,0.983166274998801,8.52713178294573,-1.2873269521269144,-0.8179269920989403,23.9,28.14859109773906,19.651408902260936,0.3555306357940638,0.7035714285714282,20.3,-0.04338029563022505,0.5470080254519696,21.2,-0.007050557996666911,0.5358970720198993,21.35,-0.00467290569939237,0.5387205568643364,21.75,0.0,0.5447892203768442,25.55,-0.0039062549670649885,0.31308279735512307,0.6168839827991948
2021-03-18,22.0,20.5,22.0,20.55,0,0.07061756721395342,0.07317073170731714,0.6597074475100754,0.8167371299468887,0.6168839827991948,0.4112933389979411,0.45033748396664275,0.49102141585637804,21.07,1.0441385856668248,22.05,0.9977324263038548,23.794999999999998,0.9245639840302585,25.119,0.8758310442294678,20.875749999999996,1.0538543525382322,27.152317880794712,-1.2221064627726754,-0.8987628862336874,23.794999999999998,28.125783325280132,19.464216674719864,0.3640078441084374,0.7678571428571426,20.5,0.009804000096620835,0.5512592961926239,20.3,-0.04338029563022505,0.5470080254519696,21.2,-0.007050557996666911,0.5358970720198993,21.45,-0.01388911216066715,0.5386529524507995,25.3,-0.009832920916238946,0.2997265382950998,0.6139584591912916
2021-03-19,22.5,22.0,22.7,22.1,0,0.022472855852058576,0.022727272727272707,0.6626092441944855,0.8350898373536582,0.6139584591912916,0.4102270731806246,0.45036056667313656,0.4831319630299072,21.3,1.056338028169014,21.77,1.033532384014699,23.685,0.9499683343888538,25.056000000000004,0.8979885057471263,20.902749999999997,1.076413390582579,28.57142857142857,-1.1171946097142502,-0.9424492309298,23.685,28.03072990659231,19.339270093407688,0.36696051565060683,0.7892857142857138,22.0,0.07061756721395342,0.6168839827991948,20.5,0.009804000096620835,0.5512592961926239,20.3,-0.04338029563022505,0.5470080254519696,21.35,-0.00467290569939237,0.5387205568643364,25.3,0.0,0.29944670019328895,0.6057518030261966
2021-03-22,22.5,22.5,22.6,22.4,0,0.0,0.0,0.6526649149335967,0.8366720158088975,0.6057518030261966,0.41017632125419223,0.45036056667313656,0.4779422370828261,21.56,1.0435992578849722,21.53,1.0450534138411518,23.57,0.9546033092914722,24.989,0.9003961743166993,20.930249999999997,1.0749991041674134,29.139072847682115,-1.0222671509395447,-0.958412814931749,23.57,27.91322218489529,19.22677781510471,0.3685381573945939,0.7785714285714282,22.5,0.022472855852058576,0.6139584591912916,22.0,0.07061756721395342,0.6168839827991948,20.5,0.009804000096620835,0.5512592961926239,21.2,-0.007050557996666911,0.5358970720198993,24.9,-0.015936592262812754,0.2888266920988295,0.6080321605841018
2021-03-23,22.0,22.5,22.5,21.95,0,-0.02247285585205863,-0.022222222222222254,0.5498799843958058,0.4799325818041768,0.6080321605841018,0.41059044596435496,0.45171791675769357,0.4758224743728586,21.9,1.0045662100456623,21.555,1.020644861980979,23.369999999999997,0.94137783483098,24.913,0.883073094368402,20.956749999999996,1.0497810967826597,27.67295597484275,-0.9761300575868255,-0.9619562634627643,23.369999999999997,27.609215418968382,19.130784581031612,0.3627912211355058,0.8035714285714283,22.5,0.0,0.6057518030261966,22.5,0.022472855852058576,0.6139584591912916,22.0,0.07061756721395342,0.6168839827991948,20.3,-0.04338029563022505,0.5470080254519696,21.75,-0.13525404593596874,0.5439931138120346,0.5774396434888251
2021-03-24,22.0,22.0,22.05,21.95,0,0.0,0.0,0.5612222926783313,0.4799325818041768,0.5774396434888251,0.41012428732847767,0.45171791675769357,0.4758224743728586,22.2,0.990990990990991,21.580000000000002,1.0194624652455977,23.154999999999998,0.9501187648456058,24.835,0.8858465874773505,20.982999999999997,1.0484678072725542,28.57142857142857,-0.9288587729647624,-0.9553367653631639,23.154999999999998,27.200257131896088,19.109742868103908,0.3494067917854537,0.7857142857142857,22.0,-0.02247285585205863,0.6080321605841018,22.5,0.0,0.6057518030261966,22.5,0.022472855852058576,0.6139584591912916,20.5,0.009804000096620835,0.5512592961926239,21.75,0.0,0.5447892203768442,0.5739332688172085
2021-03-25,22.0,22.0,22.05,22.0,0,0.0,0.0,0.25225718130228464,0.4727629651061692,0.5739332688172085,0.41012428732847767,0.4511784177236023,0.4634735710997437,22.2,0.990990990990991,21.634999999999998,1.016870811185579,22.9625,0.9580838323353295,24.747000000000003,0.8889966460581079,21.008499999999998,1.0471951829021588,28.57142857142857,-0.8812375810475892,-0.940516928500049,22.9625,26.830298911661636,19.09470108833836,0.3368796003624725,0.7571428571428572,22.0,0.0,0.5774396434888251,22.0,-0.02247285585205863,0.6080321605841018,22.5,0.0,0.6057518030261966,22.0,0.07061756721395342,0.6168839827991948,21.45,-0.01388911216066715,0.5386529524507995,0.5737290810810963
2021-03-26,22.0,22.0,22.05,21.95,0,0.0,0.0,0.15954144980985302,0.47134885978848945,0.5737290810810963,0.41012428732847767,0.45115457986363505,0.46266556999481667,22.1,0.9954751131221719,21.7,1.0138248847926268,22.79,0.9653356735410268,24.661000000000005,0.8920968330562424,21.033999999999995,1.0459256441951128,30.13698630136986,-0.8338849368840187,-0.919190530176843,22.79,26.494989523388615,19.085010476611384,0.32514168700207247,0.7142857142857145,22.0,0.0,0.5739332688172085,22.0,0.0,0.5774396434888251,22.0,-0.02247285585205863,0.6080321605841018,22.5,0.022472855852058576,0.6139584591912916,21.35,-0.00467290569939237,0.5387205568643364,0.5739611932457223
2021-03-29,22.05,22.0,22.15,21.95,0,0.0022701485345390775,0.002272727272727204,0.1643132244198965,0.46809562251177006,0.5739611932457223,0.4077918058589322,0.45094601532567774,0.45060411051694804,22.009999999999998,1.0018173557473877,21.785000000000004,1.012164333256828,22.6025,0.9755558013494083,24.579,0.8971072867081655,21.06125,1.0469464063149148,53.57142857142858,-0.7832937206660233,-0.8920111682746792,22.6025,26.03569323509063,19.16930676490937,0.30378880522868096,0.4571428571428576,22.0,0.0,0.5737290810810963,22.0,0.0,0.5739332688172085,22.0,0.0,0.5774396434888251,22.5,0.0,0.6057518030261966,21.2,-0.007050557996666911,0.5358970720198993,0.5801257197329464
2021-03-30,22.6,22.05,22.95,22.1,0,0.024637304385385292,0.024943310657596474,0.17158943045777456,0.3943222712732727,0.5801257197329464,0.4112551916009572,0.4520785696557064,0.45067621521715856,22.130000000000003,1.0212381382738365,22.015,1.0265727912786737,22.45,1.0066815144766148,24.506999999999998,0.9221854980209737,21.090999999999998,1.071547105400408,58.94736842105265,-0.6908556598608548,-0.8517800665919144,22.45,25.569885288039405,19.330114711960594,0.27794078289883345,0.5071428571428575,22.05,0.0022701485345390775,0.5739611932457223,22.0,0.0,0.5737290810810963,22.0,0.0,0.5739332688172085,22.0,-0.02247285585205863,0.6080321605841018,20.3,-0.04338029563022505,0.5470080254519696,0.5802982411748491
2021-03-31,22.55,22.6,22.65,22.5,0,-0.0022148403295528985,-0.0022123893805310324,0.1766125212884457,0.3996942073664738,0.5802982411748491,0.41115779765369115,0.45192123040133597,0.44555675158425995,22.240000000000002,1.0139388489208632,22.22,1.0148514851485149,22.3,1.0112107623318385,24.432,0.9229698755730191,21.12275,1.0675693269105586,62.22222222222224,-0.6145482827643782,-0.8043337098264073,22.3,25.060053393838704,19.539946606161298,0.24753842097208098,0.492857142857143,22.6,0.024637304385385292,0.5801257197329464,22.05,0.0022701485345390775,0.5739611932457223,22.0,0.0,0.5737290810810963,22.0,0.0,0.5774396434888251,20.5,0.009804000096620835,0.5512592961926239,0.5822396806625079
2021-04-01,22.1,22.55,22.55,22.05,0,-0.02015745742498017,-0.019955654101995512,0.25340426522898324,0.23849247203472115,0.5822396806625079,0.4057728087369764,0.45228313524011726,0.4453214312774231,22.26,0.9928122192273136,22.23,0.9941520467836258,22.14,0.998193315266486,24.345,0.9077839392072296,21.15275,1.044781411400409,57.731958762886585,-0.5836573373723901,-0.7601984353356039,22.14,24.511453030039323,19.768546969960678,0.2142233992808783,0.5142857142857145,22.55,-0.0022148403295528985,0.5802982411748491,22.6,0.024637304385385292,0.5801257197329464,22.05,0.0022701485345390775,0.5739611932457223,22.0,0.0,0.5739332688172085,22.0,0.07061756721395342,0.6168839827991948,0.5821983825304338
2021-04-06,21.9,22.1,22.05,21.85,0,-0.009090971701252075,-0.009049773755656187,0.2634730313365415,0.20751860995594104,0.5821983825304338,0.39724930583848767,0.45233626483278483,0.4438200756104732,22.240000000000002,0.9847122302158272,22.169999999999998,0.9878213802435725,21.97,0.9968138370505234,24.252999999999997,0.9029810745062468,21.1815,1.033921110402946,57.14285714285713,-0.5687580800154493,-0.721910364271573,21.97,23.817159982242607,20.12284001775739,0.16815293420506225,0.5142857142857145,22.1,-0.02015745742498017,0.5822396806625079,22.55,-0.0022148403295528985,0.5802982411748491,22.6,0.024637304385385292,0.5801257197329464,22.0,0.0,0.5737290810810963,22.5,0.022472855852058576,0.6139584591912916,0.5939860854356522
2021-04-07,21.0,21.9,21.9,20.65,0,-0.04196419909903208,-0.041095890410958846,0.3876898951200633,0.28476182596830546,0.5939860854356522,0.40266480784763786,0.45087912423280624,0.4425819754753232,22.03,0.9532455742169768,22.02,0.9536784741144414,21.775,0.9644087256027555,24.142999999999997,0.8698173383589447,21.205750000000002,0.9902974429105312,57.14285714285713,-0.622398170917954,-0.7020079256008491,21.775,23.056651894605523,20.493348105394475,0.11771774003265434,0.5392857142857146,21.9,-0.009090971701252075,0.5821983825304338,22.1,-0.02015745742498017,0.5822396806625079,22.55,-0.0022148403295528985,0.5802982411748491,22.05,0.0022701485345390775,0.5739611932457223,22.5,0.0,0.6057518030261966,0.6143662764378542
2021-04-08,21.8,21.0,21.9,21.2,0,0.03738753207162041,0.03809523809523818,0.4623353689643237,0.3452277066169587,0.6143662764378542,0.4101051053989234,0.43556668510585245,0.44334730401504774,21.869999999999997,0.9967992684042069,22.0,0.990909090909091,21.7775,1.0010331764435771,24.054000000000002,0.9062941714475763,21.233999999999995,1.026655364038806,61.81818181818182,-0.5935133626972018,-0.6803090130201197,21.7775,23.059141628208312,20.495858371791687,0.11770328349978762,0.5250000000000001,21.0,-0.04196419909903208,0.5939860854356522,21.9,-0.009090971701252075,0.5821983825304338,22.1,-0.02015745742498017,0.5822396806625079,22.6,0.024637304385385292,0.5801257197329464,22.0,-0.02247285585205863,0.6080321605841018,0.3976112506211021
2021-04-09,21.95,21.8,22.0,21.8,0,0.006857169726137045,0.006880733944954143,0.4728736777204329,0.3474446455633229,0.3976112506211021,0.40923685317605396,0.42648558699193034,0.4424471978413089,21.75,1.0091954022988505,21.994999999999997,0.9979540804728348,21.7875,1.0074584050487665,23.965,0.9159190486125599,21.263,1.0323096458637069,49.39759036144577,-0.5521533179351081,-0.6546778740031174,21.7875,23.07135726374966,20.50364273625034,0.11785264612733537,0.4321428571428572,21.8,0.03738753207162041,0.6143662764378542,21.0,-0.04196419909903208,0.5939860854356522,21.9,-0.009090971701252075,0.5821983825304338,22.55,-0.0022148403295528985,0.5802982411748491,22.0,0.0,0.5774396434888251,0.3976579423036058
2021-04-12,22.0,21.95,22.15,22.0,0,0.0022753138371356054,0.002277904328018332,0.4552381274659594,0.3476740355056627,0.3976579423036058,0.40882553118873577,0.4247735304356446,0.44077178512685455,21.73,1.0124252185918086,21.994999999999997,1.0002273243919073,21.814999999999998,1.0084804033921615,23.861,0.9220066216839193,21.29175,1.033264057674921,43.24324324324325,-0.509467774968396,-0.6256358541961732,21.814999999999998,23.09196185492986,20.538038145070136,0.11707190968873364,0.39642857142857146,21.95,0.006857169726137045,0.3976112506211021,21.8,0.03738753207162041,0.6143662764378542,21.0,-0.04196419909903208,0.5939860854356522,22.1,-0.02015745742498017,0.5822396806625079,22.0,0.0,0.5739332688172085,0.3946928642700708
2021-04-13,21.9,22.0,22.1,21.05,0,-0.004555816535860802,-0.00454545454545463,0.4512225790341852,0.34842541908615837,0.3946928642700708,0.40884286008333554,0.4247622808320076,0.434192537640538,21.73,1.0078232857800276,21.985,0.9961337275415055,21.8425,1.002632482545496,23.755,0.9219111765944011,21.31925,1.0272406393283064,42.10526315789473,-0.4781959931572324,-0.596147881988385,21.8425,23.100851051344414,20.58414894865559,0.11522042360942314,0.457142857142857,22.0,0.0022753138371356054,0.3976579423036058,21.95,0.006857169726137045,0.3976112506211021,21.8,0.03738753207162041,0.6143662764378542,21.9,-0.009090971701252075,0.5821983825304338,22.0,0.0,0.5737290810810963,0.3943194291234928
2021-04-14,22.0,21.9,22.05,21.9,0,0.0045558165358608824,0.004566210045662267,0.2582614534408487,0.34911432350378196,0.3943194291234928,0.40888937842590206,0.4247715965488496,0.4340794282132485,21.93,1.0031919744642044,21.979999999999997,1.0009099181073704,21.8825,1.005369587569976,23.651999999999997,0.9301538981904279,21.348499999999998,1.0305173665597116,50.0,-0.44026857443728673,-0.5649720204781654,21.8825,23.105212687342373,20.659787312657627,0.11175255910817986,0.42857142857142855,21.9,-0.004555816535860802,0.3946928642700708,22.0,0.0022753138371356054,0.3976579423036058,21.95,0.006857169726137045,0.3976112506211021,21.0,-0.04196419909903208,0.5939860854356522,22.05,0.0022701485345390775,0.5739611932457223,0.3949489276407056
2021-04-15,21.8,22.0,21.9,21.55,0,-0.009132483563272474,-0.009090909090909038,0.10563140586364969,0.32186602632972794,0.3949489276407056,0.4066903017054401,0.4249949060672142,0.42855874392364224,21.93,0.9940720474236207,21.9,0.995433789954338,21.957500000000003,0.9928270522600477,23.561999999999998,0.9252185722773959,21.3765,1.0198114752181133,47.222222222222236,-0.42149047060328826,-0.53627571050319,21.957500000000003,22.929895306229657,20.98510469377035,0.08857067573536638,0.4535714285714284,22.0,0.0045558165358608824,0.3943194291234928,21.9,-0.004555816535860802,0.3946928642700708,22.0,0.0022753138371356054,0.3976579423036058,21.8,0.03738753207162041,0.6143662764378542,22.6,0.024637304385385292,0.5801257197329464,0.3649397762697463
2021-04-16,21.5,21.8,21.85,21.5,0,-0.013857034661426241,-0.013761467889908285,0.12200981789154565,0.3257417502601307,0.3649397762697463,0.40726382098928626,0.425491384585704,0.42834094077420726,21.84,0.9844322344322345,21.794999999999998,0.9864647855012618,22.0075,0.9769396796546632,23.452999999999996,0.916727071163604,21.403000000000002,1.0045320749427649,43.589743589743605,-0.42590659471507664,-0.5142018873455674,22.0075,22.736793096807542,21.27820690319246,0.0662767780808853,0.4749999999999999,21.8,-0.009132483563272474,0.3949489276407056,22.0,0.0045558165358608824,0.3943194291234928,21.9,-0.004555816535860802,0.3946928642700708,21.95,0.006857169726137045,0.3976112506211021,22.55,-0.0022148403295528985,0.5802982411748491,0.36437706040117446
2021-04-19,21.65,21.5,21.7,21.5,0,0.006952519314881663,0.006976744186046435,0.14061065497802303,0.3182218312030818,0.36437706040117446,0.40773332029966,0.4255860705671876,0.4250378390730726,21.77,0.9944878272852549,21.75,0.9954022988505746,21.990000000000002,0.984538426557526,23.351,0.9271551539548627,21.43075,1.010230626552967,45.679012345679006,-0.41254707264066326,-0.4938709244045866,21.990000000000002,22.736641603588385,21.24335839641162,0.06790737640640138,0.4821428571428569,21.5,-0.013857034661426241,0.3649397762697463,21.8,-0.009132483563272474,0.3949489276407056,22.0,0.0045558165358608824,0.3943194291234928,22.0,0.0022753138371356054,0.3976579423036058,22.1,-0.02015745742498017,0.5822396806625079,0.28471579128605423
2021-04-20,22.25,21.65,22.35,21.7,0,0.02733655416375042,0.02771362586605086,0.25615589194936683,0.34692389914316696,0.28471579128605423,0.4121247897990147,0.414103573132738,0.4244971383162646,21.839999999999996,1.018772893772894,21.785000000000004,1.0213449621299058,21.9775,1.0123990444773063,23.276,0.9559202612132669,21.4635,1.0366436042583922,52.17391304347825,-0.34951557161209834,-0.464999853846089,21.9775,22.69603286193654,21.258967138063458,0.06538804340225608,0.5178571428571429,21.65,0.006952519314881663,0.36437706040117446,21.5,-0.013857034661426241,0.3649397762697463,21.8,-0.009132483563272474,0.3949489276407056,21.9,-0.004555816535860802,0.3946928642700708,21.9,-0.009090971701252075,0.5821983825304338,0.2734812143377521
2021-04-21,22.3,22.25,22.5,22.0,0,0.0022446698538239494,0.0022471910112360494,0.25589412724940125,0.24857944858979683,0.2734812143377521,0.4120378386891257,0.4124355273561801,0.4146664192136866,21.9,1.0182648401826484,21.915,1.0175678758840978,21.9675,1.0151359963582565,23.201999999999998,0.9611240410309457,21.500999999999998,1.0371610622761733,46.34146341463414,-0.29216022953431064,-0.43043192898373334,21.9675,22.660529201176058,21.274470798823945,0.06309586445212759,0.4892857142857144,22.25,0.02733655416375042,0.28471579128605423,21.65,0.006952519314881663,0.36437706040117446,21.5,-0.013857034661426241,0.3649397762697463,22.0,0.0045558165358608824,0.3943194291234928,21.0,-0.04196419909903208,0.5939860854356522,0.2772150957997073
2021-04-22,22.0,22.3,22.3,22.0,0,-0.01354422510775726,-0.013452914798206317,0.27026859595148395,0.1940544506350144,0.2772150957997073,0.4122572915887516,0.4129019705817523,0.4016198928921971,21.939999999999998,1.0027347310847767,21.935,1.002963300661044,21.9675,1.0014794582906565,23.125999999999998,0.9513102136123844,21.53475,1.0216046157954004,43.67816091954023,-0.26782587058978535,-0.39791071730494376,21.9675,22.660529201176058,21.274470798823945,0.06309586445212759,0.5000000000000002,22.3,0.0022446698538239494,0.2734812143377521,22.25,0.02733655416375042,0.28471579128605423,21.65,0.006952519314881663,0.36437706040117446,21.8,-0.009132483563272474,0.3949489276407056,21.8,0.03738753207162041,0.6143662764378542,0.2701651545679184
2021-04-23,22.3,22.0,22.3,22.15,0,0.013544225107757253,0.013636363636363669,0.2381986235100458,0.20250886759007164,0.2701651545679184,0.41346763014750965,0.41294513687929135,0.3995163708871476,22.1,1.009049773755656,21.97,1.0150204824761038,21.9825,1.0144433071761627,23.072,0.9665395284327324,21.566,1.0340350551794493,52.38095238095237,-0.2217767190453266,-0.3626839176530203,21.9825,22.69129809314121,21.273701906858793,0.06448748715034307,0.48571428571428604,22.0,-0.01354422510775726,0.2772150957997073,22.3,0.0022446698538239494,0.2734812143377521,22.25,0.02733655416375042,0.28471579128605423,21.5,-0.013857034661426241,0.3649397762697463,21.95,0.006857169726137045,0.3976112506211021,0.2707483200780278
2021-04-26,22.2,22.3,22.3,22.05,0,-0.004494389587839326,-0.004484304932735439,0.2526924846997781,0.20469947297212085,0.2707483200780278,0.41344432424500355,0.4128590187319888,0.3950130939244989,22.21,0.9995497523638001,21.99,1.009549795361528,21.9925,1.0094350346709104,23.02,0.9643788010425717,21.59525,1.028003843437793,53.65853658536585,-0.19114816192023554,-0.3283767665064634,21.9925,22.707949803306377,21.277050196693622,0.06506307180233056,0.48571428571428604,22.3,0.013544225107757253,0.2701651545679184,22.0,-0.01354422510775726,0.2772150957997073,22.3,0.0022446698538239494,0.2734812143377521,21.65,0.006952519314881663,0.36437706040117446,22.0,0.0022753138371356054,0.3976579423036058,0.2712900098180486
2021-04-27,22.1,22.2,22.25,22.1,0,-0.004514680354526583,-0.0045045045045044585,0.15941062416985102,0.20466884774246527,0.2712900098180486,0.41323805160021043,0.41226968206170334,0.38624233395006197,22.18,0.9963931469792606,22.01,1.004089050431622,21.997500000000002,1.0046596204114104,22.962,0.9624597160526087,21.6225,1.022083477858712,66.66666666666666,-0.17295031047555653,-0.29729147530028205,21.997500000000002,22.71456639199228,21.280433608007726,0.06519526237002167,0.40714285714285736,22.2,-0.004494389587839326,0.2707483200780278,22.3,0.013544225107757253,0.2701651545679184,22.0,-0.01354422510775726,0.2772150957997073,22.25,0.02733655416375042,0.28471579128605423,21.9,-0.004555816535860802,0.3946928642700708,0.2712900098180486
2021-04-28,22.1,22.1,22.45,22.0,0,0.0,0.0,0.15699745339711557,0.2036713112126232,0.2712900098180486,0.4129226366729725,0.41215892718501385,0.38294983411434597,22.139999999999997,0.9981933152664862,22.020000000000003,1.0036330608537691,22.0,1.0045454545454546,22.901,0.9650233614252653,21.64925,1.0208205826991699,56.000000000000014,-0.15672179084823767,-0.2691775384098732,22.0,22.718184846458566,21.281815153541434,0.0652895314962333,0.3750000000000003,22.1,-0.004514680354526583,0.2712900098180486,22.2,-0.004494389587839326,0.2707483200780278,22.3,0.013544225107757253,0.2701651545679184,22.3,0.0022446698538239494,0.2734812143377521,22.0,0.0045558165358608824,0.3943194291234928,0.27128903322187187
2021-04-29,22.15,22.1,22.15,22.05,0,0.002259887967437283,0.002262443438913797,0.11770187059990057,0.19656298414415865,0.27128903322187187,0.4077026564627234,0.41170345137036457,0.3828442214640852,22.169999999999998,0.9990978800180425,22.055,1.0043074132849694,21.9775,1.0078489364122398,22.843999999999998,0.9696200315181229,21.6765,1.0218439323691555,54.16666666666664,-0.13823253141546132,-0.24298853701099082,21.9775,22.642785850711107,21.31221414928889,0.06054245029790538,0.367857142857143,22.1,0.0,0.2712900098180486,22.1,-0.004514680354526583,0.2712900098180486,22.2,-0.004494389587839326,0.2707483200780278,22.0,-0.01354422510775726,0.2772150957997073,21.8,-0.009132483563272474,0.3949489276407056,0.25704350435188467
2021-04-30,22.25,22.15,22.25,22.05,0,0.004504512121104729,0.004514672686230403,0.06397834893677466,0.17676793946239291,0.25704350435188467,0.4079485148616335,0.41173704848148984,0.3827497529487068,22.16,1.0040613718411553,22.130000000000003,1.0054225033890645,21.9625,1.0130904951622084,22.788999999999998,0.9763482381850894,21.706750000000003,1.0250267773849147,55.10204081632653,-0.11419413691496061,-0.2172296569917848,21.9625,22.58562877776806,21.339371222231936,0.05674479478821289,0.367857142857143,22.15,0.002259887967437283,0.27128903322187187,22.1,0.0,0.2712900098180486,22.1,-0.004514680354526583,0.2712900098180486,22.3,0.013544225107757253,0.2701651545679184,21.5,-0.013857034661426241,0.3649397762697463,0.2596124992658709
2021-05-04,22.0,22.25,22.6,22.0,0,-0.011299555253933394,-0.011235955056179803,0.09947887557677279,0.18984321670713428,0.2596124992658709,0.40826000004730423,0.41021451171717643,0.38287166959272056,22.119999999999997,0.9945750452079567,22.165,0.9925558312655087,21.9575,1.0019355573266537,22.747,0.967160504681936,21.73875,1.0120177103099304,51.92307692307695,-0.11400229920755933,-0.19658418543493972,21.9575,22.577580639915897,21.337419360084102,0.0564800765037821,0.3357142857142859,22.25,0.004504512121104729,0.25704350435188467,22.15,0.002259887967437283,0.27128903322187187,22.1,0.0,0.2712900098180486,22.2,-0.004494389587839326,0.2707483200780278,21.65,0.006952519314881663,0.36437706040117446,0.27386752320640967
2021-05-05,21.3,22.0,22.0,21.3,0,-0.03233538064293635,-0.031818181818181746,0.24163264589889422,0.1994528882636312,0.27386752320640967,0.40841078116306756,0.41264535960052745,0.38193515722373744,21.96,0.9699453551912568,22.07,0.9651110104213865,21.927500000000002,0.971382966594459,22.679000000000002,0.9391948498611049,21.7675,0.978523027449179,39.062500000000014,-0.16839328334897274,-0.19094600501774633,21.927500000000002,22.6138135695788,21.241186430421205,0.06259843297948209,0.375,22.0,-0.011299555253933394,0.2596124992658709,22.25,0.004504512121104729,0.25704350435188467,22.15,0.002259887967437283,0.27128903322187187,22.1,-0.004514680354526583,0.2712900098180486,22.25,0.02733655416375042,0.28471579128605423,0.2935303749305113
2021-05-06,21.95,21.3,22.0,21.6,0,0.03006006680580082,0.030516431924882514,0.36312269940355085,0.26376483501254216,0.2935303749305113,0.4101230873471155,0.4148131574238507,0.3828265550745453,21.93,1.0009119927040584,22.035000000000004,0.9961425005672792,21.975,0.9988623435722411,22.622,0.9702944036778357,21.798500000000004,1.0069500194967542,52.05479452054793,-0.15723643863527315,-0.1842040917412517,21.975,22.504647350402117,21.445352649597886,0.048204537010431404,0.39285714285714285,21.3,-0.03233538064293635,0.27386752320640967,22.0,-0.011299555253933394,0.2596124992658709,22.25,0.004504512121104729,0.25704350435188467,22.1,0.0,0.2712900098180486,22.3,0.0022446698538239494,0.2734812143377521,0.25246373092458124
2021-05-07,22.2,21.95,22.2,21.9,0,0.011325149357053503,0.011389521640091216,0.3743488015964224,0.26172133019127153,0.25246373092458124,0.41106097358847254,0.41512024615603105,0.3818251823804854,21.94,1.0118505013673655,22.055,1.0065744729086374,21.995,1.0093203000681972,22.546,0.984653597090393,21.830750000000002,1.016914215040711,59.722222222222214,-0.12676043279251914,-0.1727153599515052,21.995,22.52702690869678,21.462973091303223,0.048377077399116016,0.38928571428571423,21.95,0.03006006680580082,0.2935303749305113,21.3,-0.03233538064293635,0.27386752320640967,22.0,-0.011299555253933394,0.2596124992658709,22.15,0.002259887967437283,0.27128903322187187,22.0,-0.01354422510775726,0.2772150957997073,0.24909212257992852
2021-05-10,23.0,22.2,24.0,22.25,0,0.035401927050916,0.03603603603603611,0.45169921768936727,0.30985224259926103,0.24909212257992852,0.4147902958798751,0.4180987257727991,0.3833022729237973,22.09,1.041195110909914,22.125,1.03954802259887,22.047500000000003,1.0432021771175868,22.48,1.0231316725978647,21.8675,1.0517891848633818,65.88235294117649,-0.03762099308331912,-0.14569648657786796,22.047500000000003,22.742955170902725,21.35204482909728,0.06308698681507854,0.5035714285714287,22.2,0.011325149357053503,0.25246373092458124,21.95,0.03006006680580082,0.2935303749305113,21.3,-0.03233538064293635,0.27386752320640967,22.25,0.004504512121104729,0.25704350435188467,22.3,0.013544225107757253,0.2701651545679184,0.25032668791952395
2021-05-11,23.25,23.0,23.4,23.0,0,0.010810916104215676,0.010869565217391353,0.4227527103225142,0.3088856872394646,0.25032668791952395,0.41555928354612265,0.41760302026844054,0.3820290037910126,22.34,1.040734109221128,22.23,1.0458839406207827,22.110000000000003,1.0515603799185886,22.427999999999997,1.0366506153023007,21.906,1.0613530539578198,62.820512820512825,0.052589348490364785,-0.10603931956422141,22.110000000000003,22.98815596264862,21.231844037351387,0.07943518431918736,0.4821428571428569,23.0,0.035401927050916,0.24909212257992852,22.2,0.011325149357053503,0.25246373092458124,21.95,0.03006006680580082,0.2935303749305113,22.0,-0.011299555253933394,0.2596124992658709,22.2,-0.004494389587839326,0.2707483200780278,0.2566920043146008
2021-05-14,23.7,23.25,23.8,23.25,0,0.019169916107720123,0.019354838709677358,0.17563486535353012,0.31213649401923166,0.2566920043146008,0.41747102216714593,0.406062821220744,0.37762449625053285,22.82,1.0385626643295354,22.389999999999997,1.05850826261724,22.2,1.0675675675675675,22.393,1.0583664538025275,21.94675,1.079886543565676,66.27906976744185,0.15856509361515236,-0.05311843692834666,22.2,23.322497216031497,21.0775027839685,0.10112587531815294,0.4857142857142855,23.25,0.010810916104215676,0.25032668791952395,23.0,0.035401927050916,0.24909212257992852,22.2,0.011325149357053503,0.25246373092458124,21.3,-0.03233538064293635,0.27386752320640967,22.1,-0.004514680354526583,0.2712900098180486,0.2553622749249267
2021-05-17,23.7,23.7,23.7,23.5,0,0.0,0.0,0.2083580391428763,0.31213649401923166,0.2553622749249267,0.41295330169039557,0.4047615091560146,0.3754522942032576,23.169999999999998,1.0228744065602071,22.55,1.0509977827050998,22.285,1.0634956248597711,22.351,1.0603552413762247,21.9875,1.0778851620238772,71.25000000000001,0.23978751394237818,0.005462753245798306,22.285,23.586861016107942,20.983138983892058,0.11683742572205001,0.47857142857142826,23.7,0.019169916107720123,0.2566920043146008,23.25,0.010810916104215676,0.25032668791952395,23.0,0.035401927050916,0.24909212257992852,21.95,0.03006006680580082,0.2935303749305113,22.1,0.0,0.2712900098180486,0.2588175519206786
2021-05-18,23.5,23.7,23.6,23.35,0,-0.008474626990972232,-0.008438818565400852,0.2705393213375428,0.3212106067696598,0.2588175519206786,0.4129855364532279,0.399985530408484,0.375418940297998,23.43,1.0029876227059327,22.685000000000002,1.0359268238924397,22.369999999999997,1.050514081358963,22.308000000000003,1.053433745741438,22.0275,1.0668482578594938,65.38461538461539,0.2847362761481307,0.061317457826264785,22.369999999999997,23.757690243002646,20.98230975699735,0.12406707581606155,0.48214285714285665,23.7,0.0,0.2553622749249267,23.7,0.019169916107720123,0.2566920043146008,23.25,0.010810916104215676,0.25032668791952395,22.2,0.011325149357053503,0.25246373092458124,22.15,0.002259887967437283,0.27128903322187187,0.26953826904346617
2021-05-19,23.0,23.5,23.3,23.0,0,-0.02150620522096362,-0.021276595744680882,0.2533336903031258,0.34968829018533903,0.26953826904346617,0.4146241979362079,0.37710435980747636,0.37532401033848634,23.43,0.9816474605207,22.76,1.0105448154657293,22.445,1.0247271107150813,22.257,1.0333827559868805,22.063,1.0424692924806238,59.302325581395365,0.2768216450996661,0.10441829528094505,22.445,23.79637357022927,21.09362642977073,0.120416446445023,0.4999999999999995,23.5,-0.008474626990972232,0.2588175519206786,23.7,0.0,0.2553622749249267,23.7,0.019169916107720123,0.2566920043146008,23.0,0.035401927050916,0.24909212257992852,22.25,0.004504512121104729,0.25704350435188467,0.2631068721355235
2021-05-20,23.0,23.0,23.05,22.95,0,0.0,0.0,0.2352491021714287,0.34095684295030587,0.2631068721355235,0.4143683225475671,0.3738758040495779,0.37532401033848634,23.38,0.9837467921300257,22.860000000000003,1.006124234470691,22.5125,1.0216546363131593,22.211,1.0355229390842375,22.09625,1.04090060530633,60.71428571428571,0.267466060715833,0.13702784836792264,22.5125,23.83114164558537,21.19385835441463,0.1171475087693832,0.4964285714285711,23.0,-0.02150620522096362,0.26953826904346617,23.5,-0.008474626990972232,0.2588175519206786,23.7,0.0,0.2553622749249267,23.25,0.010810916104215676,0.25032668791952395,22.0,-0.011299555253933394,0.2596124992658709,0.26296356212617383
2021-05-21,23.0,23.0,23.0,23.0,0,0.0,0.0,0.14945790261458722,0.27567836318652217,0.26296356212617383,0.414273251150759,0.36906166605679763,0.37532417042677035,23.24,0.9896729776247849,23.03,0.9986973512809378,22.55,1.0199556541019956,22.165,1.037672005413941,22.129749999999998,1.0393248907014314,60.71428571428571,0.2570881406348704,0.1610399068213122,22.55,23.879819932408136,21.220180067591865,0.11794411817367052,0.464285714285714,23.0,0.0,0.2631068721355235,23.0,-0.02150620522096362,0.26953826904346617,23.5,-0.008474626990972232,0.2588175519206786,23.7,0.019169916107720123,0.2566920043146008,21.3,-0.03233538064293635,0.27386752320640967,0.2474673853296281
2021-05-24,23.05,23.0,23.05,23.0,0,0.0021715535135079325,0.0021739130434783593,0.15561484080709098,0.24626025849628175,0.2474673853296281,0.41432421213621373,0.3690652244187732,0.3748891419098519,23.110000000000003,0.9974037213327562,23.14,0.9961106309420916,22.5875,1.0204759269507473,22.128,1.0416666666666667,22.163249999999998,1.0400099263420304,60.714285714285744,0.250016116176738,0.1788351486923974,22.5875,23.92987613365588,21.245123866344116,0.1188600893109802,0.4607142857142857,23.0,0.0,0.26296356212617383,23.0,0.0,0.2631068721355235,23.0,-0.02150620522096362,0.26953826904346617,23.7,0.0,0.2553622749249267,21.95,0.03006006680580082,0.2935303749305113,0.24752524367187093
2021-05-25,23.05,23.05,23.05,23.0,0,0.0,0.0,0.1572431418196883,0.24453001753958645,0.24752524367187093,0.40804203453782667,0.3663539519736124,0.37488890935845776,23.020000000000003,1.0013032145960035,23.225,0.9924650161463939,22.64,1.0181095406360423,22.154,1.0404441635821975,22.19375,1.0385806814981695,59.756097560975626,0.2416261697645048,0.19139335290681886,22.64,23.967681001635423,21.312318998364578,0.11728630756496665,0.45000000000000007,23.05,0.0021715535135079325,0.2474673853296281,23.0,0.0,0.26296356212617383,23.0,0.0,0.2631068721355235,23.5,-0.008474626990972232,0.2588175519206786,22.2,0.011325149357053503,0.25246373092458124,0.24565593216606127
2021-05-26,22.8,23.05,23.0,22.8,0,-0.010905233482262468,-0.010845986984815648,0.08263300015573981,0.17824666741701004,0.24565593216606127,0.4052633535787677,0.365091815377054,0.375093158064455,22.98,0.9921671018276762,23.205000000000002,0.982546864899806,22.665,1.0059563203176705,22.175,1.0281848928974069,22.225250000000003,1.0258602265441332,59.756097560975626,0.2123562553986318,0.19558593340518146,22.665,23.984529421701243,21.345470578298755,0.11643762821100763,0.42499999999999993,23.05,0.0,0.24752524367187093,23.05,0.0021715535135079325,0.2474673853296281,23.0,0.0,0.26296356212617383,23.0,-0.02150620522096362,0.26953826904346617,23.0,0.035401927050916,0.24909212257992852,0.24211414744212223
2021-05-27,22.9,22.8,23.0,22.9,0,0.0043763745997987815,0.004385964912280604,0.09357722617692911,0.16913009668171275,0.24211414744212223,0.4052818053731124,0.3644226386813957,0.3745229459053469,22.96,0.9973867595818814,23.169999999999998,0.9883470004315926,22.7,1.0088105726872247,22.204,1.031345703476851,22.25625,1.0289244594215108,72.85714285714285,0.19498117997923003,0.1954649827199912,22.7,24.004647562813904,21.395352437186094,0.11494692183382423,0.38928571428571423,22.8,-0.010905233482262468,0.24565593216606127,23.05,0.0,0.24752524367187093,23.05,0.0021715535135079325,0.2474673853296281,23.0,0.0,0.2631068721355235,23.25,0.010810916104215676,0.25032668791952395,0.24140203444450287
2021-05-28,23.0,22.9,23.0,22.95,0,0.004357305368955847,0.004366812227074357,0.10095566938458692,0.13028595682079883,0.24140203444450287,0.3933131515044544,0.3551742794425694,0.37251134898353905,22.96,1.0017421602787455,23.1,0.9956709956709956,22.744999999999997,1.0112112552209278,22.237,1.034312182398705,22.28675,1.0320033203585088,67.79661016949154,0.1871234293802253,0.19379667205203802,22.744999999999997,24.024350163990928,21.465649836009067,0.11249506827794507,0.34642857142857153,22.9,0.0043763745997987815,0.24211414744212223,22.8,-0.010905233482262468,0.24565593216606127,23.05,0.0,0.24752524367187093,23.0,0.0,0.26296356212617383,23.7,0.019169916107720123,0.2566920043146008,0.24044563065602823
2021-05-31,23.0,23.0,23.0,22.95,0,0.0,0.0,0.09917431343064921,0.13028595682079883,0.24044563065602823,0.3923904930833812,0.3551665472828342,0.3714100293929433,22.95,1.002178649237473,23.029999999999998,0.9986973512809381,22.79,1.0092145677928916,22.273000000000003,1.0326404166479592,22.31775,1.0305698379092874,64.81481481481484,0.17883461133963507,0.19080425990955743,22.79,24.036722017721686,21.543277982278312,0.109409567154163,0.3285714285714287,23.0,0.004357305368955847,0.24140203444450287,22.9,0.0043763745997987815,0.24211414744212223,22.8,-0.010905233482262468,0.24565593216606127,23.05,0.0021715535135079325,0.2474673853296281,23.7,0.0,0.2553622749249267,0.24215957740386224
2021-06-01,22.85,23.0,23.0,22.85,0,-0.0065430985889359475,-0.006521739130434745,0.10786666445815592,0.12835915691319963,0.24215957740386224,0.3912948483562547,0.3544579591216105,0.37146775859393405,22.91,0.9973810563072895,22.964999999999996,0.9949923797082519,22.825,1.0010952902519168,22.323999999999998,1.0235620856477334,22.34775,1.022474298307436,46.34146341463418,0.1583367098965489,0.18431074990695576,22.825,24.03482817396714,21.61517182603286,0.10600904043523673,0.21071428571428566,23.0,0.0,0.24044563065602823,23.0,0.004357305368955847,0.24140203444450287,22.9,0.0043763745997987815,0.24211414744212223,23.05,0.0,0.24752524367187093,23.5,-0.008474626990972232,0.2588175519206786,0.24234302137738084
2021-06-02,22.95,22.85,23.0,22.95,0,0.0043668191663403895,0.004376367614879584,0.0758911531456682,0.07905195996837595,0.24234302137738084,0.39050314439912287,0.3545254939093366,0.36760185530557565,22.94,1.0004359197907584,22.96,0.9995644599303135,22.86,1.0039370078740157,22.372999999999998,1.025790014749922,22.37875,1.025526448081327,42.1052631578947,0.14844990153063975,0.17713858023169257,22.86,24.039919711808448,21.68008028819155,0.1032300710243612,0.1928571428571428,22.85,-0.0065430985889359475,0.24215957740386224,23.0,0.0,0.24044563065602823,23.0,0.004357305368955847,0.24140203444450287,22.8,-0.010905233482262468,0.24565593216606127,23.0,-0.02150620522096362,0.26953826904346617,0.2421363867002609
2021-06-03,23.0,22.95,23.0,22.95,0,0.00217627942259567,0.002178649237472907,0.07178996256252293,0.07996928843186166,0.2421363867002609,0.38934813833160425,0.3545391365601285,0.36664323191502735,22.96,1.0017421602787455,22.96,1.0017421602787455,22.910000000000004,1.0039284155390658,22.392999999999997,1.0271066851248158,22.41,1.0263275323516288,26.666666666666643,0.1430006938191113,0.1703110029491763,22.910000000000004,24.01910110592147,21.800898894078536,0.09682244486437955,0.15714285714285708,22.95,0.0043668191663403895,0.24234302137738084,22.85,-0.0065430985889359475,0.24215957740386224,23.0,0.0,0.24044563065602823,22.9,0.0043763745997987815,0.24211414744212223,23.0,0.0,0.2631068721355235,0.2376870383513862
2021-06-04,23.0,23.0,23.0,22.95,0,0.0,0.0,0.06478347610911696,0.07996928843186166,0.2376870383513862,0.38927884671843654,0.3536002467090848,0.36513415246653974,22.96,1.0017421602787455,22.96,1.0017421602787455,22.995,1.000217438573603,22.403,1.0266482167566844,22.4415,1.0248869282356348,26.666666666666643,0.13710173400159675,0.1636691491596604,22.995,23.804743299153895,22.185256700846107,0.07042777118103011,0.1464285714285715,23.0,0.00217627942259567,0.2421363867002609,22.95,0.0043668191663403895,0.24234302137738084,22.85,-0.0065430985889359475,0.24215957740386224,23.0,0.004357305368955847,0.24140203444450287,23.0,0.0,0.26296356212617383,0.20304197334626897
2021-06-07,22.95,23.0,23.0,22.95,0,-0.0021762794225955173,-0.0021739130434782483,0.06660032177017797,0.07964127194987972,0.20304197334626897,0.38925492968122133,0.3527900251564904,0.36506967596909373,22.95,1.0,22.95,1.0,23.045,0.9958776307224994,22.412,1.0240049973228629,22.47275,1.021236831273431,29.629629629629576,0.12692902492517888,0.15632112431276413,23.045,23.6897357679892,22.4002642320108,0.055954503622408336,0.12500000000000025,23.0,0.0,0.2376870383513862,23.0,0.00217627942259567,0.2421363867002609,22.95,0.0043668191663403895,0.24234302137738084,23.0,0.0,0.24044563065602823,23.05,0.0021715535135079325,0.2474673853296281,0.17934177897915093
2021-06-08,22.9,22.95,22.95,22.9,0,-0.002181025946360226,-0.002178649237472796,0.04513976371908282,0.08005936611671992,0.17934177897915093,0.38890607458476467,0.35205741038466304,0.3650808532280039,22.96,0.9973867595818814,22.935,0.9984739481142358,23.08,0.9922010398613519,22.43,1.0209540793580025,22.5035,1.0176194814140023,44.44444444444436,0.11352386510832702,0.14776167247187671,23.08,23.59442354042721,22.565576459572785,0.04457742984637895,0.09285714285714317,22.95,-0.0021762794225955173,0.20304197334626897,23.0,0.0,0.2376870383513862,23.0,0.00217627942259567,0.2421363867002609,22.85,-0.0065430985889359475,0.24215957740386224,23.05,0.0,0.24752524367187093,0.17613091467517536
2021-06-09,22.95,22.9,22.95,22.9,0,0.002181025946360146,0.0021834061135370675,0.03458505969769754,0.0566725108444671,0.17613091467517536,0.3889665937310037,0.3510787675771984,0.36501409007565216,22.96,0.9995644599303135,22.95,1.0,23.077499999999997,0.9944751381215471,22.448999999999998,1.0223172524388615,22.53375,1.0184722915626558,47.36842105263154,0.10571613174630912,0.1393525643267632,23.077499999999997,23.59404214684959,22.560957853150406,0.04476586691362509,0.08928571428571454,22.9,-0.002181025946360226,0.17934177897915093,22.95,-0.0021762794225955173,0.20304197334626897,23.0,0.0,0.2376870383513862,22.95,0.0043668191663403895,0.24234302137738084,22.8,-0.010905233482262468,0.24565593216606127,0.12812647891851348
2021-06-10,23.1,22.95,23.1,23.0,0,0.0065146810211938935,0.0065359477124184995,0.05774408893623448,0.06142088238132296,0.12812647891851348,0.38818181354933085,0.35037087179153803,0.36455331315158307,22.979999999999997,1.0052219321148828,22.970000000000002,1.0056595559425336,23.07,1.0013003901170352,22.471,1.0279916336611634,22.56475,1.0237206261979415,54.545454545454604,0.11036003145702011,0.1335540577528146,23.07,23.580314660410497,22.559685339589503,0.04424054273172927,0.10000000000000041,22.95,0.002181025946360146,0.17613091467517536,22.9,-0.002181025946360226,0.17934177897915093,22.95,-0.0021762794225955173,0.20304197334626897,23.0,0.00217627942259567,0.2421363867002609,22.9,0.0043763745997987815,0.24211414744212223,0.12248595056712243
2021-06-11,23.15,23.1,23.2,23.1,0,0.0021621630044950956,0.0021645021645020357,0.05773744779044202,0.05886607359888764,0.12248595056712243,0.2765166257931165,0.35008465339954237,0.3645503735232252,23.009999999999998,1.006084311169057,22.985,1.0071785947356973,23.042499999999997,1.0046652923944885,22.493999999999996,1.0291633324442075,22.596500000000002,1.0244949439072422,54.545454545454454,0.1167293542337049,0.13018911704899266,23.042499999999997,23.4608614654671,22.624138534532893,0.03631215931145527,0.10357142857142877,23.1,0.0065146810211938935,0.12812647891851348,22.95,0.002181025946360146,0.17613091467517536,22.9,-0.002181025946360226,0.17934177897915093,23.0,0.0,0.2376870383513862,23.0,0.004357305368955847,0.24140203444450287,0.10575062883697794
2021-06-15,23.35,23.15,23.35,23.15,0,0.008602203582663288,0.008639308855291628,0.06684024417059965,0.07082947448289893,0.10575062883697794,0.276926335721804,0.3498428650195599,0.3645439263750732,23.089999999999996,1.0112602858380253,23.020000000000003,1.0143353605560381,23.025,1.0141150922909883,22.52,1.0368561278863233,22.629,1.0318617702947546,61.53846153846156,0.13634373128969557,0.13142003989713325,23.025,23.345361637755957,22.70463836224404,0.027827286667184228,0.11428571428571464,23.15,0.0021621630044950956,0.12248595056712243,23.1,0.0065146810211938935,0.12812647891851348,22.95,0.002181025946360146,0.17613091467517536,22.95,-0.0021762794225955173,0.20304197334626897,23.0,0.0,0.24044563065602823,0.10618988187485105
2021-06-16,23.4,23.35,23.4,23.25,0,0.0021390382487492207,0.0021413276231261325,0.048372960206754294,0.05477982702438658,0.10618988187485105,0.2752441443762567,0.34984292168454,0.3645426444986967,23.19,1.0090556274256144,23.075,1.0140845070422535,23.02,1.0165073848827106,22.535999999999998,1.038338658146965,22.66125,1.0325997021347013,77.27272727272722,0.15414594999408493,0.13596522191652358,23.02,23.310915071705956,22.729084928294043,0.025274984509640032,0.1071428571428574,23.35,0.008602203582663288,0.10575062883697794,23.15,0.0021621630044950956,0.12248595056712243,23.1,0.0065146810211938935,0.12812647891851348,22.9,-0.002181025946360226,0.17934177897915093,22.85,-0.0065430985889359475,0.24215957740386224,0.10343050656532547
2021-06-17,23.5,23.4,23.55,23.2,0,0.004264398786457518,0.004273504273504258,0.04469067990407592,0.0546780545927379,0.10343050656532547,0.27502546217194174,0.33785200099062485,0.364044032915044,23.3,1.0085836909871244,23.13,1.01599654128837,23.044999999999998,1.0197439791711869,22.555,1.0418975836843272,22.694000000000003,1.0355159954172908,77.27272727272731,0.17431411621554105,0.14363500077632707,23.044999999999998,23.406138550462124,22.683861449537872,0.03134203084939259,0.11785714285714326,23.4,0.0021390382487492207,0.10618988187485105,23.35,0.008602203582663288,0.10575062883697794,23.15,0.0021621630044950956,0.12248595056712243,22.95,0.002181025946360146,0.17613091467517536,22.95,0.0043668191663403895,0.24234302137738084,0.07871616600554965
2021-06-18,23.8,23.5,23.8,23.45,0,0.01268515952731586,0.01276595744680864,0.07279237686089289,0.07523109551639014,0.07871616600554965,0.2753570851531336,0.33544636400470634,0.3642160810892944,23.44,1.015358361774744,23.21,1.0254200775527789,23.085,1.030972492960797,22.589000000000002,1.0536101642392315,22.72875,1.0471319364241325,80.76923076923077,0.21206052432390976,0.1573201054858436,23.085,23.578217150850453,22.59178284914955,0.04273053072128669,0.13571428571428612,23.5,0.004264398786457518,0.10343050656532547,23.4,0.0021390382487492207,0.10618988187485105,23.35,0.008602203582663288,0.10575062883697794,23.1,0.0065146810211938935,0.12812647891851348,23.0,0.00217627942259567,0.2421363867002609,0.07896306257950114
2021-06-21,23.9,23.8,23.9,23.6,0,0.004192878260035958,0.004201680672268893,0.0673209218567865,0.07280056451136523,0.07896306257950114,0.25959204641180533,0.33541942114028456,0.3630749191270685,23.589999999999996,1.0131411615091142,23.3,1.0257510729613732,23.130000000000003,1.0332900994379592,22.629,1.0561668655265366,22.764,1.0499033561764188,82.14285714285712,0.2471944848153811,0.1752949813517511,23.130000000000003,23.740780346423527,22.519219653576478,0.05281282718750753,0.15357142857142872,23.8,0.01268515952731586,0.07871616600554965,23.5,0.004264398786457518,0.10343050656532547,23.4,0.0021390382487492207,0.10618988187485105,23.15,0.0021621630044950956,0.12248595056712243,23.0,0.0,0.2376870383513862,0.08148163313791026
2021-06-22,23.8,23.9,23.95,23.8,0,-0.004192878260035927,-0.004184100418409997,0.09589287042883746,0.0779848702836305,0.08148163313791026,0.25952075532643865,0.33093023244593484,0.36303766158080525,23.68,1.0050675675675675,23.384999999999998,1.0177464186444303,23.167499999999997,1.027301176216683,22.685,1.0491514216442583,22.79925,1.0438939877408249,85.18518518518522,0.26392685289484774,0.19302135566037043,23.167499999999997,23.845946367579998,22.489053632419996,0.05856880263990515,0.15357142857142872,23.9,0.004192878260035958,0.07896306257950114,23.8,0.01268515952731586,0.07871616600554965,23.5,0.004264398786457518,0.10343050656532547,23.35,0.008602203582663288,0.10575062883697794,22.95,-0.0021762794225955173,0.20304197334626897,0.09531253352126189
2021-06-23,23.5,23.8,23.75,23.5,0,-0.0126851595273158,-0.012605042016806789,0.1529925159338043,0.110834720885201,0.09531253352126189,0.22111677182385941,0.3294696093476213,0.36331311153784385,23.7,0.9915611814345991,23.445,1.002345915973555,23.189999999999998,1.0133678309616214,22.718999999999998,1.0343765130507505,22.8325,1.0292346436001314,67.74193548387098,0.2500969207303889,0.20443646867437415,23.189999999999998,23.88175596548765,22.498244034512346,0.05965985040859434,0.1642857142857146,23.8,-0.004192878260035927,0.08148163313791026,23.9,0.004192878260035958,0.07896306257950114,23.8,0.01268515952731586,0.07871616600554965,23.4,0.0021390382487492207,0.10618988187485105,22.9,-0.002181025946360226,0.17934177897915093,0.1035428536571506
2021-06-24,23.8,23.5,23.8,23.5,0,0.01268515952731586,0.01276595744680864,0.1749291569836784,0.12176369854854503,0.1035428536571506,0.21810795826807144,0.3277687880455702,0.3634823493661117,23.759999999999998,1.0016835016835017,23.53,1.0114747131321717,23.240000000000002,1.0240963855421685,22.756000000000004,1.0458780101951133,22.866749999999996,1.040812533482021,72.22222222222223,0.2603430203652941,0.21561777901255816,23.240000000000002,23.95715813421585,22.522841865784155,0.06171756748845497,0.18214285714285744,23.5,-0.0126851595273158,0.09531253352126189,23.8,-0.004192878260035927,0.08148163313791026,23.9,0.004192878260035958,0.07896306257950114,23.5,0.004264398786457518,0.10343050656532547,22.95,0.002181025946360146,0.17613091467517536,0.09344679755873515
2021-06-25,23.8,23.8,23.85,23.65,0,0.0,0.0,0.14996726656992304,0.12184410339456106,0.09344679755873515,0.21810795826807144,0.3277523064813522,0.3634823493661117,23.759999999999998,1.0016835016835017,23.6,1.0084745762711864,23.285,1.0221172428602106,22.792,1.0442260442260443,22.899749999999997,1.0393126562517059,72.22222222222223,0.2654037192773657,0.2255749670655197,23.285,24.02491464656999,22.54508535343001,0.06355290071462223,0.1928571428571433,23.8,0.01268515952731586,0.1035428536571506,23.5,-0.0126851595273158,0.09531253352126189,23.8,-0.004192878260035927,0.08148163313791026,23.8,0.01268515952731586,0.07871616600554965,23.1,0.0065146810211938935,0.12812647891851348,0.09735022483233023
2021-06-28,23.65,23.8,23.75,23.55,0,-0.006322465739487126,-0.00630252100840345,0.15002582705600584,0.13058027933296362,0.09735022483233023,0.2134173672944284,0.3266208988970971,0.3635641990189284,23.71,0.9974694221847321,23.65,1.0,23.3175,1.014259676208856,22.826999999999998,1.0360537959434004,22.931000000000004,1.0313549343683222,68.4210526315789,0.25437829854719496,0.23133563336185475,23.3175,24.06179408449133,22.57320591550867,0.0638399557835385,0.20714285714285754,23.8,0.0,0.09344679755873515,23.8,0.01268515952731586,0.1035428536571506,23.5,-0.0126851595273158,0.09531253352126189,23.9,0.004192878260035958,0.07896306257950114,23.15,0.0021621630044950956,0.12248595056712243,0.09730100703178916
2021-06-29,23.75,23.65,23.85,23.7,0,0.0042194155427082896,0.0042283298097252064,0.1544645536113861,0.12628711915205926,0.09730100703178916,0.21349194884177683,0.32646278571480547,0.3635443126701885,23.7,1.0021097046413503,23.689999999999998,1.0025327142254117,23.354999999999997,1.0169128666238494,22.862,1.0388417461289476,22.963250000000002,1.034261265282571,71.7948717948718,0.2508184583905404,0.2352321983675919,23.354999999999997,24.10746961819999,22.602530381800005,0.06443756096767221,0.21785714285714342,23.65,-0.006322465739487126,0.09735022483233023,23.8,0.0,0.09344679755873515,23.8,0.01268515952731586,0.1035428536571506,23.8,-0.004192878260035927,0.08148163313791026,23.35,0.008602203582663288,0.10575062883697794,0.09730100703178916
2021-06-30,23.75,23.75,23.8,23.75,0,0.0,0.0,0.11120489480219056,0.12653448084971483,0.09730100703178916,0.21349194884177683,0.32646278571480547,0.3634654750275097,23.75,1.0,23.725,1.0010537407797682,23.4,1.0149572649572651,22.901,1.0370726169162918,22.9975,1.0327209479291228,71.05263157894737,0.24517107982460828,0.2372199746589952,23.4,24.132695097063845,22.667304902936152,0.06262351256955953,0.21785714285714342,23.75,0.0042194155427082896,0.09730100703178916,23.65,-0.006322465739487126,0.09735022483233023,23.8,0.0,0.09344679755873515,23.5,-0.0126851595273158,0.09531253352126189,23.4,0.0021390382487492207,0.10618988187485105,0.09399051639136281
2021-07-01,23.9,23.75,23.9,23.75,0,0.0062959284568146106,0.0063157894736840525,0.07691346913178389,0.1281843124324053,0.09399051639136281,0.21371754166732154,0.32659377167747333,0.3631036606584804,23.77,1.005469078670593,23.765,1.0056806227645696,23.447499999999998,1.019298432668728,22.949,1.0414397141487646,23.035,1.037551551986108,71.05263157894731,0.24991833502424043,0.23975964673204425,23.447499999999998,24.180536223703434,22.71446377629656,0.06252574677073773,0.21785714285714317,23.75,0.0,0.09730100703178916,23.75,0.0042194155427082896,0.09730100703178916,23.65,-0.006322465739487126,0.09735022483233023,23.8,0.01268515952731586,0.1035428536571506,23.5,0.004264398786457518,0.10343050656532547,0.09393567393763357
2021-07-02,24.0,23.9,24.0,23.9,0,0.004175371410480592,0.004184100418409997,0.07970677248551482,0.11408481156785757,0.09393567393763357,0.2137861134408418,0.3253597737469635,0.36310988318019816,23.81,1.0079798404031919,23.785,1.0090393104898046,23.4975,1.0213852537503991,22.996,1.0436597669159855,23.07025,1.0403008203205426,71.7948717948718,0.2587668302943307,0.24356108344450153,23.4975,24.238392065438553,22.756607934561444,0.06306135252163461,0.21785714285714342,23.9,0.0062959284568146106,0.09399051639136281,23.75,0.0,0.09730100703178916,23.75,0.0042194155427082896,0.09730100703178916,23.8,0.0,0.09344679755873515,23.8,0.01268515952731586,0.07871616600554965,0.09419838150770707
2021-07-05,24.1,24.0,24.15,23.95,0,0.004158010148663677,0.004166666666666652,0.036468262710101784,0.11405622206096813,0.09419838150770707,0.20857731280563727,0.3254123486482948,0.3631157586767892,23.9,1.0083682008368202,23.805,1.012392354547364,23.5525,1.0232459399214522,23.032999999999998,1.046324838275518,23.104750000000003,1.0430755580562439,70.27027027027026,0.2707277102889094,0.2489944088133831,23.5525,24.3011654793686,22.803834520631398,0.06357418357869447,0.21785714285714317,24.0,0.004175371410480592,0.09393567393763357,23.9,0.0062959284568146106,0.09399051639136281,23.75,0.0,0.09730100703178916,23.65,-0.006322465739487126,0.09735022483233023,23.9,0.004192878260035958,0.07896306257950114,0.13078826825307602
2021-07-06,24.8,24.1,24.8,24.15,0,0.02863181267432708,0.029045643153526868,0.18096890920742076,0.1758457227445215,0.13078826825307602,0.21563720549330842,0.32785940599836355,0.36403648291484947,24.11,1.0286188303608461,23.905,1.0374398661367914,23.645,1.0488475364770564,23.083000000000002,1.074383745613655,23.1425,1.0716214756400564,78.0,0.3328540098825101,0.26576632902720854,23.645,24.525729362815,22.764270637185,0.0744960340718968,0.2571428571428575,24.1,0.004158010148663677,0.09419838150770707,24.0,0.004175371410480592,0.09393567393763357,23.9,0.0062959284568146106,0.09399051639136281,23.75,0.0042194155427082896,0.09730100703178916,23.8,-0.004192878260035927,0.08148163313791026,0.12989697920393486
2021-07-07,25.0,24.8,25.0,24.25,0,0.008032171697264253,0.008064516129032251,0.16506006857092173,0.14915015338570872,0.12989697920393486,0.21145427339409464,0.32411086855893273,0.3630884373041146,24.36,1.026272577996716,24.055,1.0392849719393058,23.75,1.0526315789473684,23.143,1.0802402454305837,23.181499999999996,1.0784461747514182,78.84615384615384,0.39368966899564484,0.29135099702089584,23.75,24.74947354563252,22.75052645436748,0.08416619331642264,0.285714285714286,24.8,0.02863181267432708,0.13078826825307602,24.1,0.004158010148663677,0.09419838150770707,24.0,0.004175371410480592,0.09393567393763357,23.75,0.0,0.09730100703178916,23.5,-0.0126851595273158,0.09531253352126189,0.12878862410100375
2021-07-08,25.0,25.0,25.0,24.8,0,0.0,0.0,0.17996166244334397,0.1472585343037332,0.12878862410100375,0.2103022357606992,0.3181164970084008,0.35791291658711955,24.580000000000002,1.017087062652563,24.175,1.0341261633919339,23.8525,1.0481081647626036,23.197000000000003,1.0777255679613742,23.221499999999995,1.0765885063411065,76.08695652173911,0.4368664427282063,0.32045408616235793,23.8525,24.924377349620627,22.78062265037937,0.08987547214091841,0.2750000000000001,25.0,0.008032171697264253,0.12989697920393486,24.8,0.02863181267432708,0.13078826825307602,24.1,0.004158010148663677,0.09419838150770707,23.9,0.0062959284568146106,0.09399051639136281,23.8,0.01268515952731586,0.1035428536571506,0.13041086112176975
2021-07-09,24.95,25.0,24.95,24.9,0,-0.0020020026706730793,-0.0020000000000000018,0.19510073525493946,0.14945755349565482,0.13041086112176975,0.19052571591726644,0.31684941820593276,0.3568394289921962,24.770000000000003,1.0072668550666126,24.29,1.0271716755866611,23.945,1.041971183963249,23.252,1.0730259762601067,23.26275,1.0725301178923385,73.33333333333331,0.46172726040780887,0.3487087210114481,23.945,25.06180936506321,22.828190634936792,0.0932812165431788,0.2607142857142861,25.0,0.0,0.12878862410100375,25.0,0.008032171697264253,0.12989697920393486,24.8,0.02863181267432708,0.13078826825307602,24.0,0.004175371410480592,0.09393567393763357,23.8,0.0,0.09344679755873515,0.15850311895510064
2021-07-12,24.4,24.95,25.0,24.15,0,-0.02229068989837151,-0.022044088176352727,0.2921264852851585,0.19656172072570474,0.15850311895510064,0.18367230440611443,0.3181946750681344,0.3542246932230347,24.83,0.9826822392267418,24.365000000000002,1.0014364867638004,24.0075,1.016349057586171,23.298000000000002,1.0473001974418403,23.30125,1.047154122632906,61.11111111111105,0.4320686160210876,0.365380700013376,24.0075,25.07583613870415,22.93916386129585,0.08900019899649282,0.31071428571428633,24.95,-0.0020020026706730793,0.13041086112176975,25.0,0.0,0.12878862410100375,25.0,0.008032171697264253,0.12989697920393486,24.1,0.004158010148663677,0.09419838150770707,23.65,-0.006322465739487126,0.09735022483233023,0.1602034188380981
2021-07-13,24.3,24.4,24.85,24.3,0,-0.004106781952653359,-0.004098360655737654,0.17735791802885817,0.19967930883537943,0.1602034188380981,0.18375144402293356,0.31760907057140436,0.3538661075304825,24.73,0.9826122118883946,24.42,0.995085995085995,24.055,1.0101849927250053,23.342,1.0410418987233314,23.339250000000003,1.0411645618432468,66.0,0.3959307195241273,0.3714907039155263,24.055,25.08400053705588,23.02599946294412,0.08555398354237197,0.3285714285714292,24.4,-0.02229068989837151,0.15850311895510064,24.95,-0.0020020026706730793,0.13041086112176975,25.0,0.0,0.12878862410100375,24.8,0.02863181267432708,0.13078826825307602,23.75,0.0042194155427082896,0.09730100703178916,0.16623817777212008
2021-07-14,24.0,24.3,24.3,24.0,0,-0.012422519998557209,-0.012345679012345734,0.14609302013501038,0.21296314068911623,0.16623817777212008,0.18587559505818474,0.3178420319043567,0.35374728376966313,24.53,0.9783938035059111,24.445,0.981795868275721,24.085,0.9964708324683412,23.379,1.026562299499551,23.375750000000004,1.0267050255072028,53.99999999999998,0.339173897829653,0.36502734269835163,24.085,25.06753163870216,23.10246836129784,0.08158867666200202,0.3285714285714292,24.3,-0.004106781952653359,0.1602034188380981,24.4,-0.02229068989837151,0.15850311895510064,24.95,-0.0020020026706730793,0.13041086112176975,25.0,0.008032171697264253,0.12989697920393486,23.75,0.0,0.09730100703178916,0.17064474123509452
2021-07-15,24.3,24.0,24.3,24.2,0,0.01242251999855711,0.012499999999999956,0.2046950702399187,0.21931709941626412,0.17064474123509452,0.1867709556656849,0.31836759859101116,0.3538886312447138,24.39,0.996309963099631,24.485,0.9924443536859302,24.125,1.0072538860103628,23.42,1.0375747224594363,23.412250000000004,1.0379181838567415,58.928571428571416,0.3147726968117084,0.354976413521023,24.125,25.07173955736084,23.17826044263916,0.07848618092110585,0.3357142857142862,24.0,-0.012422519998557209,0.16623817777212008,24.3,-0.004106781952653359,0.1602034188380981,24.4,-0.02229068989837151,0.15850311895510064,25.0,0.0,0.12878862410100375,23.9,0.0062959284568146106,0.09399051639136281,0.1711138372472246
2021-07-16,24.45,24.3,24.65,24.2,0,0.006153865574378286,0.006172839506172867,0.22143201069612073,0.22017572435239613,0.1711138372472246,0.18689929109508854,0.3184468576371034,0.35389090153094177,24.29,1.0065870728694937,24.53,0.9967386873216468,24.157500000000002,1.0121080409810617,23.469,1.0417998210405215,23.449,1.0426883875645017,64.28571428571429,0.3040336054522115,0.3447878519072607,24.157500000000002,25.10188785520079,23.213112144799215,0.07818589301051743,0.3500000000000004,24.3,0.01242251999855711,0.17064474123509452,24.0,-0.012422519998557209,0.16623817777212008,24.3,-0.004106781952653359,0.1602034188380981,24.95,-0.0020020026706730793,0.13041086112176975,24.0,0.004175371410480592,0.09393567393763357,0.16661075123301755
2021-07-19,24.45,24.45,24.6,24.1,0,0.0,0.0,0.15112823619284932,0.219948619868425,0.16661075123301755,0.1856409205246676,0.31722266836563084,0.3524415766263232,24.3,1.0061728395061729,24.565,0.9953185426419702,24.185,1.0109572048790574,23.531999999999996,1.0390107088220297,23.48475,1.0411011401015553,62.962962962962955,0.2921550170030116,0.3342612849264109,24.185,25.129847523203274,23.240152476796723,0.07813500295251401,0.3714285714285716,24.45,0.006153865574378286,0.1711138372472246,24.3,0.01242251999855711,0.17064474123509452,24.0,-0.012422519998557209,0.16623817777212008,24.4,-0.02229068989837151,0.15850311895510064,24.1,0.004158010148663677,0.09419838150770707,0.16803765671488635
2021-07-22,24.65,24.45,24.7,24.55,0,0.008146684567818108,0.008179959100204526,0.15308314600094564,0.16661599077822126,0.16803765671488635,0.18328911679919688,0.3174303477323305,0.35027532057525357,24.369999999999997,1.0114895363151417,24.55,1.0040733197556007,24.2275,1.017438860798679,23.586000000000002,1.0451115068260832,23.521499999999996,1.0479773823948304,65.51724137931032,0.2954734446624343,0.32650371687361557,24.2275,25.175891990908372,23.279108009091626,0.07829053686169626,0.38571428571428584,24.45,0.0,0.16661075123301755,24.45,0.006153865574378286,0.1711138372472246,24.3,0.01242251999855711,0.17064474123509452,24.3,-0.004106781952653359,0.1602034188380981,24.8,0.02863181267432708,0.13078826825307602,0.16820360192674236
2021-07-23,24.85,24.65,25.0,24.65,0,0.008080852053938674,0.008113590263691739,0.07169722135136246,0.16668682749958946,0.16820360192674236,0.1834226194369878,0.31757405815081835,0.3502946534794295,24.54,1.012632436837816,24.535,1.0128388017118404,24.295,1.022844206626878,23.639,1.051228901391768,23.558249999999997,1.0548321713200262,66.10169491525427,0.3106605495846324,0.32333508341581896,24.295,25.217182765307218,23.372817234692786,0.07591543653486034,0.40000000000000036,24.65,0.008146684567818108,0.16803765671488635,24.45,0.0,0.16661075123301755,24.45,0.006153865574378286,0.1711138372472246,24.0,-0.012422519998557209,0.16623817777212008,25.0,0.008032171697264253,0.12989697920393486,0.16381841556825094
2021-07-26,24.65,24.85,24.9,24.65,0,-0.008080852053938783,-0.008048289738430747,0.11053540883688172,0.17075634187921404,0.16381841556825094,0.1772595973114661,0.3177415167238873,0.35026293282249565,24.61,1.0016253555465258,24.5,1.0061224489795917,24.3375,1.0128402670775551,23.672000000000004,1.041314633322068,23.59225,1.044834638493573,60.655737704917996,0.30306457139450416,0.319280981011556,24.3375,25.24180258093893,23.433197419061067,0.07431351461234162,0.410714285714286,24.85,0.008080852053938674,0.16820360192674236,24.65,0.008146684567818108,0.16803765671488635,24.45,0.0,0.16661075123301755,24.3,0.01242251999855711,0.17064474123509452,25.0,0.0,0.12878862410100375,0.16008084903344946
2021-07-27,24.8,24.65,24.85,24.7,0,0.006066752682237362,0.006085192697768749,0.11037348447419212,0.1747307196575333,0.16008084903344946,0.1774785102779632,0.31781903249786514,0.35028456153576115,24.68,1.0048622366288493,24.485000000000003,1.0128650193996322,24.3875,1.016914402870323,23.703000000000003,1.0462810614690123,23.625999999999998,1.0496910183695929,61.29032258064513,0.3056253910872009,0.316549863026685,24.3875,25.277133277490854,23.497866722509144,0.07295813654461139,0.4107142857142862,24.65,-0.008080852053938783,0.16381841556825094,24.85,0.008080852053938674,0.16820360192674236,24.65,0.008146684567818108,0.16803765671488635,24.45,0.006153865574378286,0.1711138372472246,24.95,-0.0020020026706730793,0.13041086112176975,0.17205183733897414
2021-07-28,24.4,24.8,24.75,24.4,0,-0.016260520871780405,-0.016129032258064613,0.1770097899746879,0.15531732595027598,0.17205183733897414,0.1785061475893206,0.3184773443873104,0.3506556604776755,24.669999999999998,0.9890555330360762,24.485,0.9965284868286706,24.425,0.998976458546571,23.717,1.0287979086731036,23.653000000000002,1.0315816175537986,42.85714285714284,0.27223998895370727,0.3076878882120894,24.425,25.244178021907942,23.60582197809206,0.06707701305285087,0.389285714285715,24.8,0.006066752682237362,0.16008084903344946,24.65,-0.008080852053938783,0.16381841556825094,24.85,0.008080852053938674,0.16820360192674236,24.45,0.0,0.16661075123301755,24.4,-0.02229068989837151,0.15850311895510064,0.1698790201879263
2021-07-29,24.45,24.4,24.5,24.35,0,0.002047083621724823,0.002049180327868827,0.16319257072256,0.1538263065338913,0.1698790201879263,0.17686416462422164,0.3184799606537914,0.3505597391242945,24.63,0.9926918392204629,24.5,0.9979591836734694,24.46,0.999591169255928,23.732,1.030254508680263,23.67125,1.032898558377779,39.622641509433976,0.24696948883255132,0.2955442083361818,24.46,25.215053152536925,23.704946847463077,0.06173778843310905,0.34642857142857203,24.4,-0.016260520871780405,0.17205183733897414,24.8,0.006066752682237362,0.16008084903344946,24.65,-0.008080852053938783,0.16381841556825094,24.65,0.008146684567818108,0.16803765671488635,24.3,-0.004106781952653359,0.1602034188380981,0.1698527588163875
2021-07-30,24.55,24.45,24.7,24.55,0,0.004081638319648678,0.004089979550102374,0.15014967496337353,0.13592876566235995,0.1698527588163875,0.1765218012411644,0.3185487734668064,0.35056250732122163,24.57,0.9991859991859992,24.555,0.9997963754836082,24.5,1.0020408163265306,23.752999999999997,1.033553656380247,23.69625,1.0360289075275624,41.81818181818186,0.23233340481930753,0.28290204763280696,24.5,25.177456543565043,23.822543456434957,0.05530257498490147,0.35000000000000064,24.45,0.002047083621724823,0.1698790201879263,24.4,-0.016260520871780405,0.17205183733897414,24.8,0.006066752682237362,0.16008084903344946,24.85,0.008080852053938674,0.16820360192674236,24.0,-0.012422519998557209,0.16623817777212008,0.16976085778041783
2021-08-02,24.6,24.55,24.65,24.55,0,0.0020345886977874567,0.0020366598778003286,0.14317348572793848,0.12364275607020624,0.16976085778041783,0.17608557489000679,0.318318354313535,0.35055785246369814,24.56,1.001628664495114,24.585,1.0006101281269066,24.535,1.0026492765437132,23.785,1.0342652932520497,23.71875,1.0371541501976285,43.6363636363637,0.22220731728962306,0.2707631015641702,24.535,25.151526774078736,23.918473225921264,0.050256920650396227,0.3500000000000004,24.55,0.004081638319648678,0.1698527588163875,24.45,0.002047083621724823,0.1698790201879263,24.4,-0.016260520871780405,0.17205183733897414,24.65,-0.008080852053938783,0.16381841556825094,24.3,0.01242251999855711,0.17064474123509452,0.1721733162813133
2021-08-03,24.4,24.6,24.5,24.4,0,-0.008163310639161094,-0.008130081300813163,0.13819785880900406,0.12846361462058803,0.1721733162813133,0.17715973706932667,0.3183765000309489,0.35066403713869737,24.48,0.9967320261437908,24.58,0.9926769731489016,24.555,0.9936876399918549,23.813,1.024650401041448,23.740750000000002,1.0277687099185997,50.0,0.19578707985423804,0.2557678972221838,24.555,25.122450438362712,23.987549561637287,0.046218728435162885,0.3035714285714291,24.6,0.0020345886977874567,0.16976085778041783,24.55,0.004081638319648678,0.1698527588163875,24.45,0.002047083621724823,0.1698790201879263,24.8,0.006066752682237362,0.16008084903344946,24.45,0.006153865574378286,0.1711138372472246,0.1721536392962302
2021-08-04,24.5,24.4,24.5,24.4,0,0.004089985251525066,0.004098360655737654,0.08133725820515689,0.13027406340250994,0.1721536392962302,0.17722643796458956,0.31547597929669363,0.34986540359443385,24.5,1.0,24.585,0.9965426072808623,24.575,0.9969481180061038,23.842999999999996,1.0275552573082247,23.763500000000004,1.0309929092936645,54.16666666666663,0.1808334798139306,0.24078101374053318,24.575,25.101657783622972,24.048342216377026,0.04286126418091336,0.27142857142857196,24.4,-0.008163310639161094,0.1721733162813133,24.6,0.0020345886977874567,0.16976085778041783,24.55,0.004081638319648678,0.1698527588163875,24.4,-0.016260520871780405,0.17205183733897414,24.45,0.0,0.16661075123301755,0.17260669088821567
2021-08-05,24.4,24.5,24.5,24.4,0,-0.004089985251525166,-0.004081632653061273,0.08696883999103505,0.12370176788127638,0.17260669088821567,0.17748742990124797,0.31550731658936554,0.3489222688206294,24.490000000000002,0.9963250306247446,24.56,0.993485342019544,24.555,0.9936876399918549,23.87,1.022203602848764,23.785500000000003,1.0258350675831913,59.09090909090899,0.15907970793261939,0.22444075257895044,24.555,25.07603136585868,24.03396863414132,0.042437903959167515,0.25714285714285773,24.5,0.004089985251525066,0.1721536392962302,24.4,-0.008163310639161094,0.1721733162813133,24.6,0.0020345886977874567,0.16976085778041783,24.45,0.002047083621724823,0.1698790201879263,24.65,0.008146684567818108,0.16803765671488635,0.13931075611938049
2021-08-06,24.35,24.4,24.4,24.35,0,-0.0020512827705572493,-0.002049180327868716,0.07738737760119976,0.112808233483988,0.13931075611938049,0.17573941302578505,0.31550877863014914,0.34891019659170075,24.45,0.9959100204498978,24.509999999999998,0.9934720522235824,24.5225,0.9929656437965134,23.896,1.0189989956478072,23.807250000000003,1.0227976771781704,51.2820512820513,0.1362346763112754,0.20679953732541545,24.5225,25.006425831635756,24.038574168364246,0.039467903487471104,0.23928571428571463,24.4,-0.004089985251525166,0.17260669088821567,24.5,0.004089985251525066,0.1721536392962302,24.4,-0.008163310639161094,0.1721733162813133,24.55,0.004081638319648678,0.1698527588163875,24.85,0.008080852053938674,0.16820360192674236,0.1358400011890555
2021-08-09,24.25,24.35,24.35,24.25,0,-0.004115232145106655,-0.004106776180698213,0.07106822143197349,0.10853031971417605,0.1358400011890555,0.16211871279662998,0.31244906210297935,0.34895366582423915,24.380000000000003,0.9946677604593929,24.47,0.9910093992644055,24.485,0.9904022871145599,23.925,1.013584117032393,23.828500000000005,1.0176889019451494,44.73684210526322,0.10880640736222702,0.18720091133277778,24.485,24.927599973836596,24.042400026163403,0.03615274444244204,0.2142857142857148,24.35,-0.0020512827705572493,0.13931075611938049,24.4,-0.004089985251525166,0.17260669088821567,24.5,0.004089985251525066,0.1721536392962302,24.6,0.0020345886977874567,0.16976085778041783,24.65,-0.008080852053938783,0.16381841556825094,0.1367029842165923
2021-08-10,24.1,24.25,24.2,24.1,0,-0.00620477688688287,-0.006185567010309256,0.06274364812797575,0.10139188660756988,0.1367029842165923,0.15260516654043607,0.3104929268402382,0.347316627935755,24.32,0.9909539473684211,24.4,0.987704918032787,24.442500000000003,0.9859875217346834,23.949,1.0063050649296421,23.84125,1.0108530383264303,41.46341463414645,0.07411125183391931,0.1645829794330061,24.442500000000003,24.85960152745895,24.025398472541056,0.034129203433277806,0.1892857142857147,24.25,-0.004115232145106655,0.1358400011890555,24.35,-0.0020512827705572493,0.13931075611938049,24.4,-0.004089985251525166,0.17260669088821567,24.4,-0.008163310639161094,0.1721733162813133,24.8,0.006066752682237362,0.16008084903344946,0.13820589508303188
2021-08-11,24.2,24.1,24.25,24.15,0,0.004140792666031387,0.004149377593360981,0.06307866537620925,0.07391069606810262,0.13820589508303188,0.15139356470294266,0.31043174754797653,0.34616217110276876,24.259999999999998,0.9975267930750207,24.380000000000003,0.9926168990976209,24.432499999999997,0.9904839864934003,23.973000000000003,1.0094689859425185,23.85725,1.0143667019459492,38.46153846153856,0.05406107298030349,0.14247859814246558,24.432499999999997,24.863258205466835,24.00174179453316,0.03526108302194514,0.18214285714285744,24.1,-0.00620477688688287,0.1367029842165923,24.25,-0.004115232145106655,0.1358400011890555,24.35,-0.0020512827705572493,0.13931075611938049,24.5,0.004089985251525066,0.1721536392962302,24.4,-0.016260520871780405,0.17205183733897414,0.11663325507129485
2021-08-12,24.3,24.2,24.45,24.25,0,0.004123717183862156,0.004132231404958775,0.07547499187291593,0.07684553157848407,0.11663325507129485,0.13483362057827067,0.3079922123124288,0.34601085866385295,24.240000000000002,1.0024752475247525,24.365,0.9973322388672277,24.432499999999997,0.994576895528497,23.999000000000002,1.0125421892578856,23.8735,1.0178649967537228,35.135135135135215,0.04571337076757587,0.12312555266748765,24.432499999999997,24.863258205466835,24.00174179453316,0.03526108302194514,0.1750000000000002,24.2,0.004140792666031387,0.13820589508303188,24.1,-0.00620477688688287,0.1367029842165923,24.25,-0.004115232145106655,0.1358400011890555,24.4,-0.004089985251525166,0.17260669088821567,24.45,0.002047083621724823,0.1698790201879263,0.11663325507129485
2021-08-13,24.4,24.3,24.4,24.25,0,0.004106781952653281,0.00411522633744843,0.08156844617593796,0.07688865501607993,0.11663325507129485,0.13348510978959177,0.30806139096751733,0.3458630059705539,24.25,1.0061855670103093,24.35,1.002053388090349,24.452499999999997,0.9978529802678663,24.03,1.0153974198918019,23.8915,1.0212837201515181,42.85714285714289,0.046629406119230055,0.10782632335783612,24.452499999999997,24.83290836782837,24.072091632171624,0.03111406750462106,0.16785714285714295,24.3,0.004123717183862156,0.11663325507129485,24.2,0.004140792666031387,0.13820589508303188,24.1,-0.00620477688688287,0.1367029842165923,24.35,-0.0020512827705572493,0.13931075611938049,24.55,0.004081638319648678,0.1698527588163875,0.1099259302857347
2021-08-16,24.25,24.4,24.4,24.0,0,-0.006166514915663904,-0.006147540983606481,0.08963898564702362,0.07994305311505426,0.1099259302857347,0.12882389555858642,0.30799576223039005,0.34586805717055424,24.25,1.0,24.314999999999998,0.9973267530331072,24.45,0.9918200408997956,24.055999999999997,1.0080645161290325,23.9095,1.0142412011961772,34.285714285714306,0.03484989642471703,0.09323103797121231,24.45,24.835254529667903,24.064745470332095,0.031513662958519754,0.18214285714285694,24.4,0.004106781952653281,0.11663325507129485,24.3,0.004123717183862156,0.11663325507129485,24.2,0.004140792666031387,0.13820589508303188,24.25,-0.004115232145106655,0.1358400011890555,24.6,0.0020345886977874567,0.16976085778041783,0.1012284371402881
2021-08-17,24.2,24.25,24.25,24.2,0,-0.0020639842208514825,-0.0020618556701030855,0.07524649417393638,0.0709193236381553,0.1012284371402881,0.12891371533533774,0.3048184170750695,0.3458825666666381,24.27,0.9971157807993407,24.295,0.996089730397201,24.4375,0.9902813299232737,24.08,1.004983388704319,23.925500000000003,1.0114731144594677,42.8571428571429,0.02123518203244501,0.07883186678345885,24.4375,24.838649663628978,24.036350336371022,0.03283066300799818,0.15714285714285683,24.25,-0.006166514915663904,0.1099259302857347,24.4,0.004106781952653281,0.11663325507129485,24.3,0.004123717183862156,0.11663325507129485,24.1,-0.00620477688688287,0.1367029842165923,24.4,-0.008163310639161094,0.1721733162813133,0.09857413206570234
2021-08-18,24.2,24.2,24.25,24.2,0,0.0,0.0,0.0692666458315547,0.06577095125222586,0.09857413206570234,0.12766899443341662,0.3046170230605806,0.34580611185252974,24.27,0.9971157807993407,24.265,0.9973212445909746,24.425,0.9907881269191402,24.104,1.0039827414537006,23.940749999999998,1.010828816975241,40.74074074074075,0.01032638663072305,0.0651307707529117,24.425,24.839855713659535,24.010144286340466,0.03396976160978787,0.14999999999999986,24.2,-0.0020639842208514825,0.1012284371402881,24.25,-0.006166514915663904,0.1099259302857347,24.4,0.004106781952653281,0.11663325507129485,24.2,0.004140792666031387,0.13820589508303188,24.5,0.004089985251525066,0.1721536392962302,0.09896178659080189
2021-08-19,24.25,24.2,24.3,24.1,0,0.0020639842208514275,0.0020661157024792765,0.06278118297484264,0.0655382870769406,0.09896178659080189,0.11963138532896861,0.3044089484418875,0.3458035216924204,24.259999999999998,0.9995877988458368,24.25,1.0,24.405,0.9936488424503175,24.13,1.0049730625777042,23.95475,1.012325321700289,38.46153846153844,0.005650533975458671,0.053234723397421094,24.405,24.812689252144157,23.997310747855845,0.033410305441028944,0.1464285714285712,24.2,0.0,0.09857413206570234,24.2,-0.0020639842208514825,0.1012284371402881,24.25,-0.006166514915663904,0.1099259302857347,24.3,0.004123717183862156,0.11663325507129485,24.4,-0.004089985251525166,0.17260669088821567,0.094490330027031
2021-08-20,24.3,24.25,24.45,24.25,0,0.0020597329630105622,0.0020618556701030855,0.05465497398466617,0.06626373128298815,0.094490330027031,0.11964352495232276,0.30429779592836487,0.34577503301335094,24.240000000000002,1.0024752475247525,24.245,1.0022685089709218,24.3775,0.9968208388883191,24.157999999999998,1.0058779700306317,23.96875,1.0138200782268578,38.46153846153844,0.005911327091983054,0.04377004413633349,24.3775,24.729150244895298,24.025849755104705,0.02885039441249482,0.15357142857142847,24.25,0.0020639842208514275,0.09896178659080189,24.2,0.0,0.09857413206570234,24.2,-0.0020639842208514825,0.1012284371402881,24.4,0.004106781952653281,0.11663325507129485,24.35,-0.0020512827705572493,0.13931075611938049,0.08903812368708976
2021-08-23,24.3,24.3,24.4,24.3,0,0.0,0.0,0.0273968224937181,0.0625831407180963,0.08903812368708976,0.11964352495232276,0.3041891100120127,0.34577503301335094,24.25,1.002061855670103,24.25,1.002061855670103,24.36,0.9975369458128079,24.185,1.0047550134380816,23.979750000000003,1.0133550182966877,45.45454545454554,0.0060482866323745554,0.036225692635541706,24.36,24.688633534500187,24.03136646549981,0.026981406773414457,0.14642857142857096,24.3,0.0020597329630105622,0.094490330027031,24.25,0.0020639842208514275,0.09896178659080189,24.2,0.0,0.09857413206570234,24.25,-0.006166514915663904,0.1099259302857347,24.25,-0.004115232145106655,0.1358400011890555,0.09071804690564739
2021-08-24,24.5,24.3,24.6,24.4,0,0.00819676720417849,0.008230452674897082,0.053439978878763915,0.06303220543688308,0.09071804690564739,0.12051307410769346,0.3044221373673462,0.3458369339639305,24.310000000000002,1.0078157136980666,24.29,1.0086455331412103,24.345,1.0063668104333539,24.212999999999997,1.011853136744724,23.9925,1.0211524434719184,50.0,0.022041080726616258,0.03338877025375662,24.345,24.610369652804664,24.079630347195334,0.021800751924803054,0.1607142857142852,24.3,0.0,0.08903812368708976,24.3,0.0020597329630105622,0.094490330027031,24.25,0.0020639842208514275,0.09896178659080189,24.2,-0.0020639842208514825,0.1012284371402881,24.1,-0.00620477688688287,0.1367029842165923,0.0885465888694093
2021-08-25,24.4,24.5,24.5,24.4,0,-0.004089985251525166,-0.004081632653061273,0.07048946451808592,0.06730825230511077,0.0885465888694093,0.12092356663689549,0.3000010657815092,0.3458018399443343,24.35,1.002053388090349,24.31,1.0037021801727684,24.345000000000002,1.0022591907989318,24.238000000000003,1.0066837197788594,24.00525,1.016444319471782,50.0,0.026342659225218057,0.03197954804804891,24.345000000000002,24.610369652804668,24.079630347195337,0.021800751924803054,0.1607142857142852,24.5,0.00819676720417849,0.09071804690564739,24.3,0.0,0.08903812368708976,24.3,0.0020597329630105622,0.094490330027031,24.2,0.0,0.09857413206570234,24.2,0.004140792666031387,0.13820589508303188,0.06978561333275363
2021-08-26,24.3,24.4,24.4,24.3,0,-0.004106781952653359,-0.004098360655737654,0.08101235511709998,0.06867439961081725,0.06978561333275363,0.11897386193367762,0.2980162316535613,0.3458436011553436,24.36,0.9975369458128079,24.310000000000002,0.9995886466474702,24.3375,0.9984591679506934,24.256999999999998,1.0017726841736407,24.0175,1.011762256687832,47.999999999999964,0.02143543258765135,0.0298707249559694,24.3375,24.59882254721379,24.076177452786208,0.021474888317517458,0.16428571428571384,24.4,-0.004089985251525166,0.0885465888694093,24.5,0.00819676720417849,0.09071804690564739,24.3,0.0,0.08903812368708976,24.25,0.0020639842208514275,0.09896178659080189,24.3,0.004123717183862156,0.11663325507129485,0.07097424346929684
2021-08-27,24.4,24.3,24.45,24.35,0,0.004106781952653281,0.00411522633744843,0.08484815172563595,0.06867439961081725,0.07097424346929684,0.11894408782039165,0.2980181187193419,0.34577436106858417,24.380000000000003,1.0008203445447086,24.31,1.0037021801727684,24.330000000000002,1.0028771064529387,24.277,1.0050665238703298,24.03,1.0153974198918019,55.99999999999998,0.02532366889625237,0.028961313744025996,24.330000000000002,24.573656358527185,24.08634364147282,0.020029293754803345,0.1678571428571422,24.3,-0.004106781952653359,0.06978561333275363,24.4,-0.004089985251525166,0.0885465888694093,24.5,0.00819676720417849,0.09071804690564739,24.3,0.0020597329630105622,0.094490330027031,24.4,0.004106781952653281,0.11663325507129485,0.07223826656365039
2021-08-30,24.25,24.4,24.4,24.0,0,-0.006166514915663904,-0.006147540983606481,0.0987617979513713,0.06867439961081725,0.07223826656365039,0.11959971897106099,0.2903732245019894,0.3458555504041027,24.369999999999997,0.9950759130077966,24.31,0.9975318798848211,24.3125,0.9974293059125964,24.292,0.9982710357319281,24.039749999999998,1.0087459312180869,55.99999999999998,0.016115607099326468,0.026392172415086092,24.3125,24.52244986869851,24.10255013130149,0.017270940355661377,0.18571428571428505,24.4,0.004106781952653281,0.07097424346929684,24.3,-0.004106781952653359,0.06978561333275363,24.4,-0.004089985251525166,0.0885465888694093,24.3,0.0,0.08903812368708976,24.25,-0.006166514915663904,0.1099259302857347,0.07901998561063253
2021-08-31,24.0,24.25,24.2,23.9,0,-0.010362787035546547,-0.010309278350515427,0.0835644542466177,0.08608659525681554,0.07901998561063253,0.12167335998845052,0.2901920898337893,0.3460273045204156,24.27,0.9888751545117429,24.29,0.9880609304240429,24.2925,0.9879592466810744,24.296,0.9878169245966415,24.04,0.9983361064891847,42.857142857142854,-0.01122535991648732,0.01886866594877141,24.2925,24.540173384240745,24.044826615759256,0.02039093417645321,0.19999999999999954,24.25,-0.006166514915663904,0.07223826656365039,24.4,0.004106781952653281,0.07097424346929684,24.3,-0.004106781952653359,0.06978561333275363,24.5,0.00819676720417849,0.09071804690564739,24.2,-0.0020639842208514825,0.1012284371402881,0.07487591756084698
2021-09-01,24.0,24.0,24.05,23.95,0,0.0,0.0,0.08856389673060046,0.08608659525681554,0.07487591756084698,0.12079611743848147,0.28923478019775506,0.3460273045204156,24.19,0.9921455146754857,24.27,0.9888751545117429,24.267500000000002,0.9889770268878129,24.298000000000002,0.9877356161000904,24.0375,0.9984399375975038,38.461538461538375,-0.0325184211406544,0.008591248530886247,24.267500000000002,24.527611312201056,24.007388687798947,0.02143700935004055,0.18928571428571392,24.0,-0.010362787035546547,0.07901998561063253,24.25,-0.006166514915663904,0.07223826656365039,24.4,0.004106781952653281,0.07097424346929684,24.4,-0.004089985251525166,0.0885465888694093,24.2,0.0,0.09857413206570234,0.07353868241437504
2021-09-02,24.05,24.0,24.05,23.95,0,0.002081166203824671,0.002083333333333437,0.09565015162099853,0.08610280932108011,0.07353868241437504,0.12060656782744884,0.28846525352710367,0.34595038892298197,24.14,0.996271748135874,24.25,0.9917525773195877,24.25,0.9917525773195877,24.303,0.9895897625807514,24.02975,1.0008427053964357,36.00000000000004,-0.04484183467935665,-0.002095368111162332,24.25,24.51950246556476,23.98049753443524,0.0222270074692585,0.18571428571428555,24.0,0.0,0.07487591756084698,24.0,-0.010362787035546547,0.07901998561063253,24.25,-0.006166514915663904,0.07223826656365039,24.3,-0.004106781952653359,0.06978561333275363,24.25,0.0020639842208514275,0.09896178659080189,0.0732521702793616
2021-09-03,24.1,24.05,24.3,24.0,0,0.002076843944839069,0.0020790020790020236,0.08818857880181284,0.08611891996235635,0.0732521702793616,0.1206019291556673,0.2877875500783541,0.3459481133915755,24.080000000000002,1.0008305647840532,24.229999999999997,0.9946347503095339,24.2375,0.9943269726663229,24.315,0.9911577215710466,24.009500000000003,1.0037693413024011,43.478260869565275,-0.04999730870905594,-0.011675756230741055,24.2375,24.510639640396658,23.964360359603344,0.022538598485541583,0.17857142857142858,24.05,0.002081166203824671,0.07353868241437504,24.0,0.0,0.07487591756084698,24.0,-0.010362787035546547,0.07901998561063253,24.4,0.004106781952653281,0.07097424346929684,24.3,0.0020597329630105622,0.094490330027031,0.0766786901652032
2021-09-06,24.25,24.1,24.25,24.15,0,0.00620477688688287,0.006224066390041472,0.0986684454557438,0.09313331570622205,0.0766786901652032,0.12108434847584354,0.28784488846620454,0.34590160851498924,24.080000000000002,1.0070598006644518,24.225,1.001031991744066,24.2375,1.000515729757607,24.323999999999998,0.996957737214274,23.995,1.0106272140029173,52.000000000000036,-0.041500915898037505,-0.017640788164200345,24.2375,24.510639640396658,23.964360359603344,0.022538598485541583,0.18571428571428555,24.1,0.002076843944839069,0.0732521702793616,24.05,0.002081166203824671,0.07353868241437504,24.0,0.0,0.07487591756084698,24.25,-0.006166514915663904,0.07223826656365039,24.3,0.0,0.08903812368708976,0.07568038232277166
2021-09-07,24.2,24.25,24.3,24.2,0,-0.0020639842208514825,-0.0020618556701030855,0.04868959934341167,0.08061460429688345,0.07568038232277166,0.12107318628510576,0.28781202332676353,0.3458901656204032,24.119999999999997,1.0033167495854063,24.195,1.0002066542674106,24.2425,0.9982468804784985,24.331999999999997,0.9945750452079567,23.986,1.00892187109147,50.0,-0.038359856961786676,-0.02178460192371761,24.2425,24.50861236249337,23.97638763750663,0.021954201298823976,0.1892857142857142,24.25,0.00620477688688287,0.0766786901652032,24.1,0.002076843944839069,0.0732521702793616,24.05,0.002081166203824671,0.07353868241437504,24.0,-0.010362787035546547,0.07901998561063253,24.5,0.00819676720417849,0.09071804690564739,0.07811770506396397
2021-09-08,24.0,24.2,24.2,24.0,0,-0.008298802814695066,-0.008264462809917328,0.08704745127173766,0.0872852154004427,0.07811770506396397,0.12230599422567039,0.2877191522585614,0.34599739772153043,24.119999999999997,0.9950248756218907,24.155,0.9935831090871454,24.2325,0.9904054472299597,24.339000000000002,0.9860717367188462,23.9765,1.0009801263737408,41.37931034482756,-0.05141617993809433,-0.027710917526592955,24.2325,24.51954483419882,23.945455165801185,0.023690897282477377,0.1892857142857142,24.2,-0.0020639842208514825,0.07568038232277166,24.25,0.00620477688688287,0.0766786901652032,24.1,0.002076843944839069,0.0732521702793616,24.0,0.0,0.07487591756084698,24.4,-0.004089985251525166,0.0885465888694093,0.08131654823772919
2021-09-09,23.8,24.0,24.1,23.5,0,-0.00836824967051658,-0.008333333333333304,0.10168741873214861,0.09306952288174518,0.08131654823772919,0.12361526400471647,0.2879379100164416,0.3458770478373996,24.07,0.9887827170751974,24.104999999999997,0.9873470234391206,24.2075,0.9831663740576269,24.34,0.9778142974527527,23.962000000000003,0.9932392955512894,34.37499999999994,-0.07701396939317107,-0.03757152789990858,24.2075,24.551279304968237,23.863720695031763,0.028402710314426267,0.21785714285714292,24.0,-0.008298802814695066,0.07811770506396397,24.2,-0.0020639842208514825,0.07568038232277166,24.25,0.00620477688688287,0.0766786901652032,24.05,0.002081166203824671,0.07353868241437504,24.3,-0.004106781952653359,0.06978561333275363,0.08575866279079862
2021-09-10,24.0,23.8,24.0,23.45,0,0.00836824967051658,0.008403361344537785,0.12505314498726067,0.10293579417201555,0.08575866279079862,0.12403201075646901,0.2873595065086455,0.3457965804345868,24.05,0.9979209979209979,24.065,0.9972989819239559,24.1875,0.9922480620155039,24.345,0.9858287122612447,23.95175,1.0020144665838613,41.66666666666661,-0.08023714951446692,-0.046104652222820244,24.1875,24.53066637057391,23.84433362942609,0.028375513845904803,0.2500000000000003,23.8,-0.00836824967051658,0.08131654823772919,24.0,-0.008298802814695066,0.07811770506396397,24.2,-0.0020639842208514825,0.07568038232277166,24.1,0.002076843944839069,0.0732521702793616,24.4,0.004106781952653281,0.07097424346929684,0.0933804509274561
2021-09-13,23.7,23.7,24.0,23.7,0,-0.012578782206860185,-0.012500000000000067,0.1294887036850687,0.11512037137286539,0.0933804509274561,0.1267546027894511,0.21428529216865333,0.34600297193087437,23.94,0.9899749373433583,24.01,0.9870887130362348,24.160000000000004,0.9809602649006621,24.340999999999998,0.9736658313134219,23.942249999999998,0.9898819033298876,28.94736842105256,-0.10577967354665674,-0.05803965648758755,24.160000000000004,24.56470912231176,23.755290877688246,0.033502410787397144,0.2500000000000003,24.0,0.00836824967051658,0.08575866279079862,23.8,-0.00836824967051658,0.08131654823772919,24.0,-0.008298802814695066,0.07811770506396397,24.25,0.00620477688688287,0.0766786901652032,24.25,-0.006166514915663904,0.07223826656365039,0.09360566037912155
2021-09-14,23.8,23.7,23.8,23.6,0,0.004210532536343679,0.0042194092827005925,0.14403908410662522,0.1096351253504908,0.09360566037912155,0.12589711255908786,0.21434102479935474,0.3451292230336754,23.860000000000003,0.997485331098072,23.990000000000002,0.9920800333472279,24.139999999999997,0.9859154929577466,24.337,0.9779348317376834,23.9405,0.9941312838077735,34.210526315789494,-0.1166089482323116,-0.06975351483653236,24.139999999999997,24.574801830236595,23.7051981697634,0.03602334964677696,0.25714285714285723,23.7,-0.012578782206860185,0.0933804509274561,24.0,0.00836824967051658,0.08575866279079862,23.8,-0.00836824967051658,0.08131654823772919,24.2,-0.0020639842208514825,0.07568038232277166,24.0,-0.010362787035546547,0.07901998561063253,0.09542227496236995
2021-09-15,23.65,23.8,23.75,23.5,0,-0.006322465739487126,-0.00630252100840345,0.14038390620042568,0.11283133478155163,0.09542227496236995,0.12653134374591354,0.21356740117447373,0.34377588660936603,23.79,0.9941151744430433,23.955000000000002,0.9872677937800041,24.1125,0.9808190772420943,24.328000000000003,0.9721308780006575,23.938249999999996,0.9879586018192642,33.33333333333327,-0.135730357764011,-0.0829488834220281,24.1125,24.5979460780921,23.6270539219079,0.04026509719789317,0.27142857142857174,23.8,0.004210532536343679,0.09360566037912155,23.7,-0.012578782206860185,0.0933804509274561,24.0,0.00836824967051658,0.08575866279079862,24.0,-0.008298802814695066,0.07811770506396397,24.0,0.0,0.07487591756084698,0.09542227496236995
2021-09-16,23.65,23.65,23.65,23.5,0,0.0,0.0,0.13233114086286274,0.1114732888586977,0.09542227496236995,0.12625744177108922,0.213429294671545,0.34231754566685213,23.76,0.9953703703703702,23.915,0.9889190884382186,24.0825,0.9820409010692411,24.305,0.973050812590002,23.933999999999997,0.9881340352636417,29.72972972972974,-0.14916473437415334,-0.09619205361245314,24.0825,24.604918465054354,23.560081534945645,0.04338573362851483,0.27142857142857174,23.65,-0.006322465739487126,0.09542227496236995,23.8,0.004210532536343679,0.09360566037912155,23.7,-0.012578782206860185,0.0933804509274561,23.8,-0.00836824967051658,0.08131654823772919,24.05,0.002081166203824671,0.07353868241437504,0.09829547760462164
2021-09-17,23.8,23.65,23.8,23.65,0,0.006322465739487108,0.00634249471458781,0.12344815191111896,0.11735872796688862,0.09829547760462164,0.12430604211879655,0.21327397929091182,0.34209356931624885,23.720000000000002,1.0033726812816188,23.884999999999998,0.9964412811387902,24.057499999999997,0.9892964771900656,24.281,0.9801902722293152,23.9305,0.9945467081757591,37.83783783783789,-0.14602454813567078,-0.10615855251709669,24.057499999999997,24.58393288171004,23.531067118289954,0.04376455423132441,0.2535714285714291,23.65,0.0,0.09542227496236995,23.65,-0.006322465739487126,0.09542227496236995,23.8,0.004210532536343679,0.09360566037912155,24.0,0.00836824967051658,0.08575866279079862,24.1,0.002076843944839069,0.0732521702793616,0.10570799870161757
2021-09-20,23.5,23.8,23.7,23.5,0,-0.0126851595273158,-0.012605042016806789,0.12404105750109083,0.12196912279953703,0.10570799870161757,0.12655509861712713,0.20466479006094163,0.34237475988749644,23.68,0.9923986486486487,23.81,0.9869802603947921,24.017500000000002,0.9784532112001665,24.250999999999998,0.9690322048575317,23.925749999999997,0.9822053645131292,36.84210526315793,-0.16583181477918885,-0.11809320496951511,24.017500000000002,24.586224334294954,23.44877566570505,0.047359161802431736,0.2500000000000005,23.8,0.006322465739487108,0.09829547760462164,23.65,0.0,0.09542227496236995,23.65,-0.006322465739487126,0.09542227496236995,23.7,-0.012578782206860185,0.0933804509274561,24.25,0.00620477688688287,0.0766786901652032,0.1302042630687002
2021-09-21,22.95,23.5,23.4,22.7,0,-0.023682484643559095,-0.023404255319148914,0.1839661965860422,0.15921464632101281,0.1302042630687002,0.1347494411980924,0.20727640849572898,0.34325585923939506,23.509999999999998,0.97618034878775,23.685,0.9689677010766308,23.94,0.9586466165413533,24.211000000000002,0.9479162364214612,23.920499999999997,0.9594281055997994,28.571428571428612,-0.22333515115483138,-0.13914159420657837,23.94,24.639322980873043,23.24067701912696,0.05842297250401352,0.30000000000000043,23.5,-0.0126851595273158,0.10570799870161757,23.8,0.006322465739487108,0.09829547760462164,23.65,0.0,0.09542227496236995,23.8,0.004210532536343679,0.09360566037912155,24.2,-0.0020639842208514825,0.07568038232277166,0.12405683229868211
2021-09-22,22.9,22.95,22.95,22.8,0,-0.002181025946360226,-0.002178649237472796,0.18762804524530333,0.1589537077749971,0.12405683229868211,0.13253258048242608,0.181928075708943,0.34303030689342007,23.36,0.9803082191780822,23.575,0.9713679745493107,23.865,0.9595642153781688,24.180999999999997,0.9470245233861296,23.913,0.9576381047965541,26.53061224489798,-0.2698310967351283,-0.16527949471228837,23.865,24.67031131606833,23.059688683931668,0.06748890140945572,0.3035714285714288,22.95,-0.023682484643559095,0.1302042630687002,23.5,-0.0126851595273158,0.10570799870161757,23.8,0.006322465739487108,0.09829547760462164,23.65,-0.006322465739487126,0.09542227496236995,24.0,-0.008298802814695066,0.07811770506396397,0.12406317237414782
2021-09-23,22.85,22.9,22.9,22.8,0,-0.0021857932199800967,-0.0021834061135369565,0.18349385711714727,0.15797659992949892,0.12406317237414782,0.1298706053077733,0.1791960557912641,0.34251754876358603,23.2,0.9849137931034484,23.48,0.973168654173765,23.792499999999997,0.9603866764736788,24.152,0.9460914210003313,23.907249999999998,0.9557770132491191,24.489795918367378,-0.3071731498623116,-0.19365822574229302,23.792499999999997,24.688852256883028,22.896147743116966,0.07534746301422976,0.2892857142857143,22.9,-0.002181025946360226,0.12405683229868211,22.95,-0.023682484643559095,0.1302042630687002,23.5,-0.0126851595273158,0.10570799870161757,23.65,0.0,0.09542227496236995,23.8,-0.00836824967051658,0.08131654823772919,0.16433057225310194
2021-09-24,23.5,22.85,23.5,22.85,0,0.028049303809899586,0.02844638949671774,0.30595912888152504,0.22006851431487018,0.16433057225310194,0.14198893167304494,0.18349631729843738,0.34356216001600826,23.139999999999997,1.0155574762316337,23.43,1.0029876227059327,23.7475,0.9895778503000316,24.142000000000003,0.9734073399055586,23.906999999999996,0.9829756974944578,37.288135593220346,-0.28107734362448866,-0.21114204931873218,23.7475,24.604959527968244,22.890040472031753,0.07221471969413586,0.32500000000000007,22.85,-0.0021857932199800967,0.12406317237414782,22.9,-0.002181025946360226,0.12405683229868211,22.95,-0.023682484643559095,0.1302042630687002,23.8,0.006322465739487108,0.09829547760462164,24.0,0.00836824967051658,0.08575866279079862,0.16301937684669032
2021-09-27,23.45,23.5,23.5,23.45,0,-0.002129926257824965,-0.0021276595744681437,0.29279618090560866,0.2122570720522919,0.16301937684669032,0.14150106294125478,0.18062938915935742,0.34357719905791445,23.13,1.0138348465196714,23.404999999999998,1.001922666096988,23.7075,0.9891384582937889,24.125,0.972020725388601,23.904500000000002,0.9809868434813528,37.288135593220346,-0.26141735476437944,-0.22119711040786164,23.7075,24.54055082930683,22.87444917069317,0.07027740835658178,0.32142857142857145,23.5,0.028049303809899586,0.16433057225310194,22.85,-0.0021857932199800967,0.12406317237414782,22.9,-0.002181025946360226,0.12405683229868211,23.5,-0.0126851595273158,0.10570799870161757,23.7,-0.012578782206860185,0.0933804509274561,0.16310448472246633
2021-09-28,23.3,23.45,23.45,23.3,0,-0.006417134320633429,-0.006396588486140664,0.22396534062224518,0.21157105591162165,0.16310448472246633,0.14176956182283085,0.1808934560274942,0.3436623762789184,23.2,1.0043103448275863,23.355,0.9976450438878185,23.6725,0.9842644418629212,24.102000000000004,0.96672475313252,23.9025,0.9747934316494091,37.93103448275864,-0.25500092640087857,-0.22795787360646505,23.6725,24.512597112179908,22.83240288782009,0.07097662791677331,0.3178571428571428,23.45,-0.002129926257824965,0.16301937684669032,23.5,0.028049303809899586,0.16433057225310194,22.85,-0.0021857932199800967,0.12406317237414782,22.95,-0.023682484643559095,0.1302042630687002,23.8,0.004210532536343679,0.09360566037912155,0.16389856636518008
2021-09-29,23.5,23.3,23.5,23.2,0,0.008547060578458348,0.008583690987124415,0.22118113988401059,0.21641954564494606,0.16389856636518008,0.14287027044192585,0.1812535370650088,0.3433411281477096,23.32,1.0077186963979416,23.34,1.0068551842330762,23.6475,0.9937625541812031,24.083000000000002,0.9757920524851554,23.903,0.983140191607748,44.82758620689654,-0.23111340074399678,-0.2285889790339714,23.6475,24.476243500410096,22.818756499589906,0.07009142618966867,0.2964285714285713,23.3,-0.006417134320633429,0.16310448472246633,23.45,-0.002129926257824965,0.16301937684669032,23.5,0.028049303809899586,0.16433057225310194,22.9,-0.002181025946360226,0.12405683229868211,23.65,-0.006322465739487126,0.09542227496236995,0.16390048333072715
2021-09-30,23.45,23.5,23.6,23.3,0,-0.002129926257824965,-0.0021276595744681437,0.2210643701512279,0.2165083141981953,0.16390048333072715,0.14231358240600314,0.18129096339791584,0.34332713354542693,23.44,1.0004266211604094,23.32,1.00557461406518,23.6175,0.9929078014184397,24.058999999999997,0.9746872272330521,23.903000000000002,0.9810484039660292,39.99999999999999,-0.21375293590462974,-0.22562177040810308,23.6175,24.428136527024083,22.806863472975916,0.0686471071895064,0.27857142857142847,23.5,0.008547060578458348,0.16389856636518008,23.3,-0.006417134320633429,0.16310448472246633,23.45,-0.002129926257824965,0.16301937684669032,22.85,-0.0021857932199800967,0.12406317237414782,23.65,0.0,0.09542227496236995,0.16391250931931392
2021-10-04,23.5,23.45,23.55,23.5,0,0.002129926257824849,0.002132196162046851,0.08974420173899601,0.21362351504642996,0.16391250931931392,0.1421106907809279,0.18128832187967114,0.3431703159312795,23.439999999999998,1.0025597269624575,23.29,1.009016745384285,23.5875,0.996290408055114,24.031999999999996,0.9778628495339549,23.910500000000003,0.9828318102925492,46.00000000000002,-0.19372689723099512,-0.2192427957726815,23.5875,24.366754029250774,22.808245970749223,0.06607347359836999,0.26428571428571423,23.45,-0.002129926257824965,0.16390048333072715,23.5,0.008547060578458348,0.16389856636518008,23.3,-0.006417134320633429,0.16310448472246633,23.5,0.028049303809899586,0.16433057225310194,23.8,0.006322465739487108,0.09829547760462164,0.17516209687733736
2021-10-05,23.9,23.5,23.95,23.55,0,0.01687803778735173,0.017021276595744705,0.14547335461892652,0.22081365297734962,0.17516209687733736,0.14596966886088011,0.17952964808542166,0.3435251687177235,23.53,1.0157246068848278,23.330000000000002,1.024432061723103,23.57,1.0140008485362748,24.017,0.9951284506807677,23.9165,0.9993100997219493,51.78571428571425,-0.14392043505386454,-0.20417832362891813,23.57,24.300825056464408,22.839174943535593,0.06201315710347116,0.2821428571428571,23.5,0.002129926257824849,0.16391250931931392,23.45,-0.002129926257824965,0.16390048333072715,23.5,0.008547060578458348,0.16389856636518008,23.45,-0.002129926257824965,0.16301937684669032,23.5,-0.0126851595273158,0.10570799870161757,0.17518676682241793
2021-10-06,24.05,23.9,24.4,23.9,0,0.006256537614305358,0.006276150627615218,0.11375295822280161,0.16973836758116537,0.17518676682241793,0.13445398873212158,0.17967640435828147,0.3434087552137155,23.68,1.015625,23.439999999999998,1.026023890784983,23.5625,1.0206896551724138,24.002,1.001999833347221,23.92375,1.0052771827159204,57.14285714285719,-0.09129234719367574,-0.18160112834186967,23.5625,24.26876892149662,22.85623107850338,0.05994855567080056,0.2964285714285713,23.9,0.01687803778735173,0.17516209687733736,23.5,0.002129926257824849,0.16391250931931392,23.45,-0.002129926257824965,0.16390048333072715,23.3,-0.006417134320633429,0.16310448472246633,22.95,-0.023682484643559095,0.1302042630687002,0.17576191413568118
2021-10-07,24.15,24.05,24.3,24.0,0,0.004149383546811397,0.004158004158004047,0.11264752982060532,0.1654935701448142,0.17576191413568118,0.1336759968986979,0.17731223459083914,0.3429166539438342,23.810000000000002,1.0142797144057116,23.565,1.024824952259707,23.57,1.0246075519728468,23.997000000000003,1.0063757969746217,23.927,1.0093200150457642,58.62068965517242,-0.041041938218384644,-0.15348929031717268,23.57,24.298661353729813,22.841338646270188,0.06182955907762514,0.3071428571428572,24.05,0.006256537614305358,0.17518676682241793,23.9,0.01687803778735173,0.17516209687733736,23.5,0.002129926257824849,0.16391250931931392,23.5,0.008547060578458348,0.16389856636518008,22.9,-0.002181025946360226,0.12405683229868211,0.17994613385765074
2021-10-08,24.5,24.15,24.5,24.3,0,0.01438873745209967,0.01449275362318847,0.10320512127727444,0.16537574547149939,0.17994613385765074,0.1369731290268882,0.17780587203859852,0.343026511729054,24.02,1.0199833472106579,23.729999999999997,1.032448377581121,23.605,1.0379156958271551,23.998,1.0209184098674888,23.929000000000002,1.0238622591834174,61.29032258064516,0.026715982639387903,-0.11744823572586056,23.605,24.439707638699662,22.77029236130034,0.07072295180679194,0.32142857142857145,24.15,0.004149383546811397,0.17576191413568118,24.05,0.006256537614305358,0.17518676682241793,23.9,0.01687803778735173,0.17516209687733736,23.45,-0.002129926257824965,0.16390048333072715,22.85,-0.0021857932199800967,0.12406317237414782,0.17671488263921672
2021-10-11,24.55,24.5,24.7,24.5,0,0.002038736689848309,0.0020408163265306367,0.10357558098476492,0.11703611187028208,0.17671488263921672,0.1370099317326071,0.1669856112813948,0.33932303274879666,24.23,1.0132067684688404,23.835,1.0299979022445982,23.6325,1.0388236538664974,23.998,1.0230019168264022,23.928,1.0259946506185222,68.42105263157897,0.08348682111611083,-0.07726122435746628,23.6325,24.55375486501515,22.71124513498485,0.07796507902381469,0.31428571428571417,24.5,0.01438873745209967,0.17994613385765074,24.15,0.004149383546811397,0.17576191413568118,24.05,0.006256537614305358,0.17518676682241793,23.5,0.002129926257824849,0.16391250931931392,23.5,0.028049303809899586,0.16433057225310194,0.1749724210176659
2021-10-12,24.55,24.55,24.6,24.55,0,0.0,0.0,0.08822415340555428,0.11417684841557395,0.1749724210176659,0.1294858850535934,0.15884166318281923,0.32721076508672886,24.36,1.007799671592775,23.945,1.0252662351221549,23.675,1.036958817317846,23.997,1.023044547235071,23.926750000000002,1.0260482514340643,84.78260869565224,0.12701398150538168,-0.03640618318489669,23.675,24.683646826719297,22.666353173280704,0.08520775727301341,0.2607142857142856,24.55,0.002038736689848309,0.17671488263921672,24.5,0.01438873745209967,0.17994613385765074,24.15,0.004149383546811397,0.17576191413568118,23.9,0.01687803778735173,0.17516209687733736,23.45,-0.002129926257824965,0.16301937684669032,0.17025915880550663
2021-10-13,24.8,24.55,24.8,24.6,0,0.010131798930406955,0.010183299389002087,0.09473591481486004,0.09870403166350741,0.17025915880550663,0.13073232253590314,0.15915466889376448,0.3212435998697437,24.509999999999998,1.0118319053447573,24.095,1.0292591824029882,23.725,1.0453108535300315,24.005,1.033118100395751,23.929250000000003,1.036388520325543,88.0000000000001,0.17961202475617455,0.006797458403317556,23.725,24.851942766957695,22.598057233042308,0.09500044400064855,0.26785714285714285,24.55,0.0,0.1749724210176659,24.55,0.002038736689848309,0.17671488263921672,24.5,0.01438873745209967,0.17994613385765074,24.05,0.006256537614305358,0.17518676682241793,23.3,-0.006417134320633429,0.16310448472246633,0.17140259188062948
2021-10-14,24.7,24.8,24.8,24.7,0,-0.004040409537005086,-0.0040322580645162365,0.12004703078187001,0.11003798176648559,0.17140259188062948,0.1284659469771501,0.15930071105502114,0.32015189178536585,24.62,1.0032493907392364,24.214999999999996,1.0200289077018379,23.777499999999996,1.0387971822100728,24.009,1.028780873838977,23.93025,1.0321664002674438,86.27450980392152,0.21079724924319265,0.04759741657129258,23.777499999999996,24.984704251674664,22.57029574832533,0.10154173076855581,0.2678571428571431,24.8,0.010131798930406955,0.17025915880550663,24.55,0.0,0.1749724210176659,24.55,0.002038736689848309,0.17671488263921672,24.15,0.004149383546811397,0.17576191413568118,23.5,0.008547060578458348,0.16389856636518008,0.1690254038794009
2021-10-15,24.7,24.7,24.9,24.5,0,0.0,0.0,0.08321442009427162,0.10665178426277537,0.1690254038794009,0.1261443379320944,0.15911525735025941,0.32009993751111404,24.66,1.0016220600162207,24.34,1.0147904683648314,23.830000000000002,1.0365086026017625,24.015,1.0285238392671248,23.93125,1.0321232697832332,81.578947368421,0.2328278695764041,0.08464350717231489,23.830000000000002,25.10337099236976,22.556629007630242,0.10687125408055052,0.2500000000000003,24.7,-0.004040409537005086,0.17140259188062948,24.8,0.010131798930406955,0.17025915880550663,24.55,0.0,0.1749724210176659,24.5,0.01438873745209967,0.17994613385765074,23.45,-0.002129926257824965,0.16390048333072715,0.16939262592769375
2021-10-18,24.85,24.7,25.0,24.7,0,0.006054508908706222,0.006072874493927127,0.08914167584102657,0.10530664675202692,0.16939262592769375,0.12612562181888537,0.1591977282351821,0.32012466031892717,24.72,1.0052588996763756,24.475,1.0153217568947905,23.8825,1.0405108342928924,24.025,1.0343392299687826,23.933000000000003,1.03831529687043,84.99999999999999,0.259400830013238,0.11959497174049952,23.8825,25.23479823867148,22.53020176132852,0.1132459532018407,0.2678571428571431,24.7,0.0,0.1690254038794009,24.7,-0.004040409537005086,0.17140259188062948,24.8,0.010131798930406955,0.17025915880550663,24.55,0.002038736689848309,0.17671488263921672,23.5,0.002129926257824849,0.16391250931931392,0.16890000349856424
2021-10-20,24.95,24.85,25.05,24.85,0,0.004016069654889744,0.004024144869215096,0.08677502853240579,0.08440865358223221,0.16890000349856424,0.12634784758934323,0.15860098684949486,0.3201359770274808,24.8,1.0060483870967742,24.580000000000002,1.0150528885272578,23.955000000000002,1.0415362137340847,24.039,1.037896751112775,23.932750000000002,1.0425045178677752,92.30769230769221,0.2852411741729952,0.15272421222699867,23.955000000000002,25.374747939080912,22.535252060919092,0.11853458059535879,0.27142857142857174,24.85,0.006054508908706222,0.16939262592769375,24.7,0.0,0.1690254038794009,24.7,-0.004040409537005086,0.17140259188062948,24.55,0.0,0.1749724210176659,23.9,0.01687803778735173,0.17516209687733736,0.16026492923449698
2021-10-21,24.95,24.95,25.0,24.9,0,0.0,0.0,0.06241640451857947,0.08617185911610752,0.16026492923449698,0.12534361099231514,0.15717584831113612,0.3201359770274808,24.830000000000002,1.0048328634716068,24.669999999999998,1.0113498175922173,24.055,1.037206401995427,24.055999999999997,1.0371632856667776,23.932750000000002,1.0425045178677752,91.42857142857133,0.302235846387358,0.18262653905907053,24.055,25.458341876041175,22.651658123958825,0.11667776978101642,0.2571428571428575,24.95,0.004016069654889744,0.16890000349856424,24.85,0.006054508908706222,0.16939262592769375,24.7,0.0,0.1690254038794009,24.8,0.010131798930406955,0.17025915880550663,24.05,0.006256537614305358,0.17518676682241793,0.1281690862450024
2021-10-22,25.0,24.95,25.0,24.9,0,0.0020020026706731903,0.002004008016032177,0.04173249668903239,0.08651365263381791,0.1281690862450024,0.12437444380122005,0.15696516354583565,0.32013672720425745,24.89,1.004419445560466,24.755000000000003,1.0098969905069681,24.160000000000004,1.0347682119205297,24.072,1.0385510136257894,23.93375,1.0445500600616284,94.28571428571422,0.3160950813543124,0.20932024751811892,24.160000000000004,25.512813831669384,22.807186168330624,0.11198789997263077,0.24285714285714327,24.95,0.0,0.16026492923449698,24.95,0.004016069654889744,0.16890000349856424,24.85,0.006054508908706222,0.16939262592769375,24.7,-0.004040409537005086,0.17140259188062948,24.15,0.004149383546811397,0.17576191413568118,0.12944250199146548
2021-10-25,24.9,25.0,25.0,24.9,0,-0.004008021397538822,-0.0040000000000000036,0.061405173078575265,0.06894526678045113,0.12944250199146548,0.12355018888852387,0.152618816491324,0.3114883555289775,24.93,0.9987966305655835,24.795,1.0042347247428915,24.2625,1.026275115919629,24.084,1.0338814150473343,23.92975,1.0405457641638547,88.88888888888876,0.3153740252018764,0.23053100305487045,24.2625,25.50341434879716,23.021585651202837,0.10229072426972999,0.24285714285714327,25.0,0.0020020026706731903,0.1281690862450024,24.95,0.0,0.16026492923449698,24.95,0.004016069654889744,0.16890000349856424,24.7,0.0,0.1690254038794009,24.5,0.01438873745209967,0.17994613385765074,0.130697701216514
2021-10-26,24.8,24.9,25.0,24.65,0,-0.00402415029972538,-0.004016064257028051,0.057006688382241016,0.07441381519591789,0.130697701216514,0.12323734019133972,0.1527643161023679,0.31039195007906606,24.919999999999998,0.9951845906902088,24.82,0.9991941982272361,24.3275,1.0194224642893845,24.092000000000002,1.0293873484974265,23.93075,1.036323558601381,80.0,0.3032378812055043,0.24507237868499723,24.3275,25.536011481119658,23.118988518880343,0.09935352840363025,0.23571428571428626,24.9,-0.004008021397538822,0.12944250199146548,25.0,0.0020020026706731903,0.1281690862450024,24.95,0.0,0.16026492923449698,24.85,0.006054508908706222,0.16939262592769375,24.55,0.002038736689848309,0.17671488263921672,0.09853051134146773
2021-10-27,25.0,24.8,25.0,24.85,0,0.008032171697264253,0.008064516129032251,0.07936468704958433,0.08189922863240386,0.09853051134146773,0.11973686867908574,0.15171143552098387,0.3104748572674313,24.93,1.0028078620136383,24.865,1.0054293183189222,24.405,1.0243802499487809,24.107000000000003,1.0370431824781183,23.93025,1.0447028342787894,80.64516129032253,0.3062282198840691,0.2573035469248116,24.405,25.57475031073802,23.235249689261984,0.09586152925531793,0.2142857142857148,24.8,-0.00402415029972538,0.130697701216514,24.9,-0.004008021397538822,0.12944250199146548,25.0,0.0020020026706731903,0.1281690862450024,24.95,0.004016069654889744,0.16890000349856424,24.55,0.0,0.1749724210176659,0.09687453466891138
2021-10-28,25.05,25.0,25.2,24.95,0,0.001998002662673058,0.0020000000000000018,0.07999469307608156,0.06772796675091236,0.09687453466891138,0.11973414072960564,0.15066412672768495,0.3102183859313811,24.95,1.0040080160320641,24.89,1.006428284451587,24.4925,1.0227620700214353,24.124000000000002,1.0383850107776487,23.929000000000002,1.046846922144678,80.0,0.3090699015281402,0.26765681784547735,24.4925,25.57259502505838,23.41240497494162,0.08819802184818866,0.21071428571428616,25.0,0.008032171697264253,0.09853051134146773,24.8,-0.00402415029972538,0.130697701216514,24.9,-0.004008021397538822,0.12944250199146548,24.95,0.0,0.16026492923449698,24.8,0.010131798930406955,0.17025915880550663,0.09165491025815752
2021-10-29,25.25,25.05,25.25,25.0,0,0.007952328190495015,0.007984031936127733,0.09531433293403987,0.06945757524208102,0.09165491025815752,0.12046789485881372,0.15079009375684427,0.31019820045742824,25.0,1.01,24.945,1.012226899178192,24.580000000000002,1.0272579332790885,24.145,1.0457651687720024,23.927,1.055293183432942,77.77777777777774,0.323728542115056,0.27887116269939305,24.580000000000002,25.60361588190207,23.556384118097935,0.08328851764866292,0.20357142857142893,25.05,0.001998002662673058,0.09687453466891138,25.0,0.008032171697264253,0.09853051134146773,24.8,-0.00402415029972538,0.130697701216514,25.0,0.0020020026706731903,0.1281690862450024,24.7,-0.004040409537005086,0.17140259188062948,0.09376388991687937
2021-11-01,25.15,25.25,25.3,25.0,0,-0.003968259175620622,-0.003960396039603964,0.0951569812908072,0.07556837887246207,0.09376388991687937,0.12074412672840598,0.15075162335794817,0.30981720613475655,25.05,1.0039920159680638,24.990000000000002,1.0064025610244096,24.665,1.0196634907764037,24.163,1.0408475768737324,23.9235,1.0512675820845612,71.42857142857132,0.323546809901206,0.28780629213975567,24.665,25.56885140837361,23.761148591626387,0.07329020136822313,0.21071428571428616,25.25,0.007952328190495015,0.09165491025815752,25.05,0.001998002662673058,0.09687453466891138,25.0,0.008032171697264253,0.09853051134146773,24.9,-0.004008021397538822,0.12944250199146548,24.7,0.0,0.1690254038794009,0.09741751474506197
2021-11-02,25.0,25.15,25.1,25.0,0,-0.005982071677547429,-0.005964214711729587,0.10360364311911105,0.0806069228648831,0.09741751474506197,0.12019652850708284,0.15107074486660027,0.30982238191804246,25.089999999999996,0.9964129135113593,25.005000000000003,0.9998000399920015,24.740000000000002,1.0105092966855294,24.177000000000003,1.0340406171154402,23.9195,1.045172348920337,64.51612903225804,0.3077514720139902,0.2917953281146026,24.740000000000002,25.468805800426097,24.011194199573907,0.05891720294471258,0.21785714285714317,25.15,-0.003968259175620622,0.09376388991687937,25.25,0.007952328190495015,0.09165491025815752,25.05,0.001998002662673058,0.09687453466891138,24.8,-0.00402415029972538,0.130697701216514,24.85,0.006054508908706222,0.16939262592769375,0.12645843034967028
2021-11-03,24.5,25.0,25.0,24.5,0,-0.020202707317519466,-0.020000000000000018,0.1674898455041865,0.1290268043042079,0.12645843034967028,0.12679202377704474,0.15399823782339542,0.31022817370266254,24.99,0.9803921568627452,24.96,0.9815705128205128,24.77,0.9890997174000807,24.181000000000004,1.0131921756751165,23.9125,1.0245687401986407,41.66666666666665,0.25198302811929096,0.2838328681155403,24.77,25.395257841549327,24.144742158450672,0.05048509015335709,0.23571428571428601,25.0,-0.005982071677547429,0.09741751474506197,25.15,-0.003968259175620622,0.09376388991687937,25.25,0.007952328190495015,0.09165491025815752,25.0,0.008032171697264253,0.09853051134146773,24.95,0.004016069654889744,0.16890000349856424,0.11434814783758046
2021-11-04,24.5,24.5,24.6,24.5,0,0.0,0.0,0.1635049003922685,0.1290268043042079,0.11434814783758046,0.12651935396254016,0.15391153817223704,0.3102233422965298,24.88,0.9847266881028939,24.915,0.9833433674493277,24.7925,0.9882020772411011,24.181000000000004,1.0131921756751165,23.903,1.0249759444421203,44.11764705882354,0.20541820138561917,0.2681499347695561,24.7925,25.33566324966564,24.24933675033436,0.04381673890617236,0.23571428571428601,24.5,-0.020202707317519466,0.12645843034967028,25.0,-0.005982071677547429,0.09741751474506197,25.15,-0.003968259175620622,0.09376388991687937,25.05,0.001998002662673058,0.09687453466891138,24.95,0.0,0.16026492923449698,0.11337300692107628
2021-11-05,24.6,24.5,24.85,24.6,0,0.004073325387635869,0.004081632653061273,0.14640809576159378,0.1311463746219696,0.11337300692107628,0.12669581891146178,0.15301515825815967,0.3090578767970637,24.75,0.993939393939394,24.875,0.9889447236180905,24.815,0.9913358855530929,24.185,1.0171593963200332,23.894499999999997,1.0295256230513299,47.22222222222228,0.1745720470913099,0.2494343572339069,24.815,25.277373738097296,24.352626261902707,0.037265664968550855,0.23214285714285765,24.5,0.0,0.11434814783758046,24.5,-0.020202707317519466,0.12645843034967028,25.0,-0.005982071677547429,0.09741751474506197,25.25,0.007952328190495015,0.09165491025815752,25.0,0.0020020026706731903,0.1281690862450024,0.11414071864124246
2021-11-08,24.5,24.6,24.6,24.4,0,-0.004073325387635898,-0.004065040650406582,0.14635357735753823,0.13118017350239744,0.11414071864124246,0.1266900959825375,0.14568940173212278,0.30900565500281807,24.62,0.9951259138911454,24.835,0.9865109724179585,24.815,0.9873060648801127,24.189,1.0128570837984208,23.88625,1.0256946988330107,39.999999999999964,0.14043819917307587,0.2276351256217407,24.815,25.277373738097296,24.352626261902707,0.037265664968550855,0.22500000000000067,24.6,0.004073325387635869,0.11337300692107628,24.5,0.0,0.11434814783758046,24.5,-0.020202707317519466,0.12645843034967028,25.15,-0.003968259175620622,0.09376388991687937,24.9,-0.004008021397538822,0.12944250199146548,0.10365524694218871
2021-11-09,24.4,24.5,24.5,24.4,0,-0.004089985251525166,-0.004081632653061273,0.1463631216370953,0.13121437657829751,0.10365524694218871,0.12632815766722932,0.13989906339542316,0.30899828166307747,24.5,0.9959183673469387,24.795,0.9840693688243596,24.807499999999997,0.9835735160737681,24.189,1.0087229732523046,23.87725,1.0218932247222774,34.285714285714306,0.10411751263687563,0.2029316030247677,24.807499999999997,25.292295127643964,24.32270487235603,0.039084561333787494,0.21785714285714367,24.5,-0.004073325387635898,0.11414071864124246,24.6,0.004073325387635869,0.11337300692107628,24.5,0.0,0.11434814783758046,25.0,-0.005982071677547429,0.09741751474506197,24.8,-0.00402415029972538,0.130697701216514,0.11146811702082457
2021-11-10,24.1,24.4,24.4,24.1,0,-0.012371291802546718,-0.012295081967212962,0.09681044615897132,0.12912233669429507,0.11146811702082457,0.12852995775034337,0.14033167404219493,0.30926342811873253,24.42,0.9868959868959869,24.705000000000002,0.9755110301558388,24.785000000000004,0.9723623159168852,24.186,0.9964442239311999,23.86625,1.0097941654009324,29.268292682926898,0.05054298600438756,0.17245387962069167,24.785000000000004,25.35448730404773,24.215512695952278,0.04595419036092202,0.23214285714285765,24.4,-0.004089985251525166,0.10365524694218871,24.5,-0.004073325387635898,0.11414071864124246,24.6,0.004073325387635869,0.11337300692107628,24.5,-0.020202707317519466,0.12645843034967028,25.0,0.008032171697264253,0.09853051134146773,0.11198348895729122
2021-11-11,24.0,24.1,24.1,24.0,0,-0.004158010148663788,-0.004149377593361092,0.0922972771375032,0.1251992109962542,0.11198348895729122,0.12850001759357307,0.13145381181178786,0.30929087843228187,24.32,0.9868421052631579,24.6,0.975609756097561,24.745,0.9698929076581128,24.186,0.9923096005953858,23.854,1.0061205667812527,26.190476190476204,1.544535495412447e-05,0.13796619276754418,24.745,25.41377736048151,24.07622263951849,0.05405353489444412,0.23214285714285765,24.1,-0.012371291802546718,0.11146811702082457,24.4,-0.004089985251525166,0.10365524694218871,24.5,-0.004073325387635898,0.11414071864124246,24.5,0.0,0.11434814783758046,25.05,0.001998002662673058,0.09687453466891138,0.1044499771856651
2021-11-12,24.0,24.0,24.0,23.95,0,0.0,0.0,0.07174893195370892,0.10872056176125307,0.1044499771856651,0.12820309236109997,0.1306037375662307,0.30877796498331705,24.2,0.9917355371900827,24.475,0.9805924412665985,24.71,0.971266693646297,24.186,0.9923096005953858,23.8415,1.0066480716397879,27.50000000000003,-0.03957183515790774,0.1024585871824538,24.71,25.457346182025013,23.96265381797499,0.06048937126871811,0.22857142857142904,24.0,-0.004158010148663788,0.11198348895729122,24.1,-0.012371291802546718,0.11146811702082457,24.4,-0.004089985251525166,0.10365524694218871,24.6,0.004073325387635869,0.11337300692107628,25.25,0.007952328190495015,0.09165491025815752,0.10477148423928193
2021-11-15,24.05,24.0,24.1,23.95,0,0.002081166203824671,0.002083333333333437,0.08790835902893307,0.11453406844374832,0.10477148423928193,0.12771954639164518,0.12781981843937196,0.30042299382648663,24.11,0.9975114060555786,24.365,0.9870716191257953,24.6775,0.9745719785229461,24.186,0.9943769122632928,23.829250000000002,1.0092638249210528,30.769230769230802,-0.06614794570037219,0.06873728060588861,24.6775,25.48109390110468,23.87390609889532,0.06512765888802999,0.2142857142857148,24.0,0.0,0.1044499771856651,24.0,-0.004158010148663788,0.11198348895729122,24.1,-0.012371291802546718,0.11146811702082457,24.5,-0.004073325387635898,0.11414071864124246,25.15,-0.003968259175620622,0.09376388991687937,0.10477148423928193
2021-11-16,24.05,24.05,24.15,24.0,0,0.0,0.0,0.09150914988637411,0.11625002608759868,0.10477148423928193,0.1276593055417442,0.12781981843937196,0.2995581975919952,24.04,1.0004159733777038,24.27,0.9909353110836424,24.6375,0.9761542364282091,24.185,0.9944180277031218,23.818250000000003,1.0097299339791965,22.857142857142932,-0.08621586198634645,0.0377466520874416,24.6375,25.483465658129663,23.791534341870335,0.0686730113144324,0.21071428571428616,24.05,0.002081166203824671,0.10477148423928193,24.0,0.0,0.1044499771856651,24.0,-0.004158010148663788,0.11198348895729122,24.4,-0.004089985251525166,0.10365524694218871,25.0,-0.005982071677547429,0.09741751474506197,0.1021408152964239
2021-11-17,24.1,24.05,24.95,24.05,0,0.002076843944839069,0.0020790020790020236,0.040420485671751126,0.07516858709629763,0.1021408152964239,0.12773338489172556,0.12725990185657612,0.29629327412277234,24.04,1.002495840266223,24.229999999999997,0.9946347503095339,24.595,0.9798739581215695,24.182000000000002,0.9966090480522702,23.806749999999997,1.0123179350394322,22.857142857142932,-0.09696746748690543,0.010803828172572194,24.595,25.460052477871493,23.729947522128505,0.07034376725932051,0.2571428571428575,24.05,0.0,0.10477148423928193,24.05,0.002081166203824671,0.10477148423928193,24.0,0.0,0.1044499771856651,24.1,-0.012371291802546718,0.11146811702082457,24.5,-0.020202707317519466,0.12645843034967028,0.10036012377572172
2021-11-18,24.1,24.1,24.2,24.1,0,0.0,0.0,0.018076603751067413,0.07516858709629763,0.10036012377572172,0.12766019361132983,0.12344188062504842,0.2804562759481293,24.06,1.00166251039069,24.19,0.9962794543199669,24.552500000000002,0.9815701048773037,24.18,0.9966914805624484,23.79125,1.012977460200704,12.903225806451758,-0.10428604766555694,-0.012214146995053634,24.552500000000002,25.427578943806033,23.67742105619397,0.07128226810353576,0.24642857142857164,24.1,0.002076843944839069,0.1021408152964239,24.05,0.0,0.10477148423928193,24.05,0.002081166203824671,0.10477148423928193,24.0,-0.004158010148663788,0.11198348895729122,24.5,0.0,0.11434814783758046,0.10275638958171819
2021-11-19,23.9,24.1,24.15,23.9,0,-0.00833338155914441,-0.008298755186722073,0.06855648253360831,0.07453539294522424,0.10275638958171819,0.12863457128539288,0.12405340178319627,0.2782863787336604,24.04,0.9941763727121464,24.119999999999997,0.9908789386401328,24.4975,0.975609756097561,24.178,0.9885019439159566,23.774749999999997,1.0052681941976256,12.121212121212238,-0.12478594897173068,-0.034728507390389046,24.4975,25.392206655836404,23.602793344163594,0.07304473157149954,0.24285714285714302,24.1,0.0,0.10036012377572172,24.1,0.002076843944839069,0.1021408152964239,24.05,0.0,0.10477148423928193,24.0,0.0,0.1044499771856651,24.6,0.004073325387635869,0.11337300692107628,0.11376952077504159
2021-11-22,24.2,23.9,24.2,23.9,0,0.012474174225175818,0.012552301255230214,0.11816429361835609,0.10656582596465665,0.11376952077504159,0.13113347590396318,0.12524030726435484,0.2752510235523713,24.07,1.0054009140008309,24.09,1.004566210045662,24.4625,0.9892692897291774,24.186000000000003,1.0005788472670138,23.76,1.0185185185185184,27.777777777777857,-0.11549343918058952,-0.05088149374842914,24.4625,25.345601591579705,23.579398408420293,0.07220043671576544,0.2535714285714289,23.9,-0.00833338155914441,0.10275638958171819,24.1,0.0,0.10036012377572172,24.1,0.002076843944839069,0.1021408152964239,24.05,0.002081166203824671,0.10477148423928193,24.5,-0.004073325387635898,0.11414071864124246,0.11352480049048264
2021-11-23,24.2,24.2,24.5,24.2,0,0.0,0.0,0.11816429361835609,0.10546677607744265,0.11352480049048264,0.1300546416096303,0.12521615914292006,0.27522783397137807,24.1,1.004149377593361,24.07,1.0054009140008309,24.432499999999997,0.9904839864934003,24.19,1.000413393964448,23.7495,1.0189688203962188,38.4615384615385,-0.10689681824245412,-0.06208455864723414,24.432499999999997,25.308059971193224,23.55694002880677,0.07167174633731516,0.23928571428571463,24.2,0.012474174225175818,0.11376952077504159,23.9,-0.00833338155914441,0.10275638958171819,24.1,0.0,0.10036012377572172,24.05,0.0,0.10477148423928193,24.4,-0.004089985251525166,0.10365524694218871,0.11992254259974387
2021-11-24,24.45,24.2,24.45,24.2,0,0.01027758275824023,0.010330578512396604,0.13495690903332647,0.09696938147221593,0.11992254259974387,0.13147270086148716,0.12599337943135805,0.2737056767495261,24.169999999999998,1.0115846090194456,24.105,1.014312383322962,24.405,1.0018438844499078,24.205,1.010121875645528,23.737000000000002,1.0300374942073556,48.38709677419354,-0.07900035661580063,-0.06546771824094744,24.405,25.23907686128097,23.57092313871903,0.06835294909083955,0.2500000000000003,24.2,0.0,0.11352480049048264,24.2,0.012474174225175818,0.11376952077504159,23.9,-0.00833338155914441,0.10275638958171819,24.1,0.002076843944839069,0.1021408152964239,24.1,-0.012371291802546718,0.11146811702082457,0.1157273095548553
2021-11-25,24.45,24.45,24.5,24.4,0,0.0,0.0,0.13495690903332647,0.09238413524509302,0.1157273095548553,0.13120345826690916,0.12494839406884445,0.27261663607824904,24.240000000000002,1.0086633663366336,24.15,1.0124223602484472,24.375,1.003076923076923,24.218000000000004,1.0095796514988848,23.7255,1.0305367642410064,44.8275862068965,-0.05624386552237226,-0.0636229476972324,24.375,25.152648276602775,23.597351723397225,0.06380703808022774,0.2321428571428574,24.45,0.01027758275824023,0.11992254259974387,24.2,0.0,0.11352480049048264,24.2,0.012474174225175818,0.11376952077504159,24.1,0.0,0.10036012377572172,24.0,-0.004158010148663788,0.11198348895729122,0.1156248575429607
2021-11-26,24.35,24.45,24.4,24.3,0,-0.0040983663922821365,-0.004089979550102152,0.11459386579794226,0.09687335451887527,0.1156248575429607,0.1312106648254485,0.1250006013060225,0.27209899397172566,24.33,1.0008220304151254,24.185,1.0068224105850736,24.33,1.0008220304151254,24.232,1.004869593925388,23.717250000000003,1.0266788940539058,44.827586206896605,-0.045750958078549786,-0.06004854977349588,24.33,24.989664986743165,23.67033501325683,0.054226468289615005,0.2285714285714285,24.45,0.0,0.1157273095548553,24.45,0.01027758275824023,0.11992254259974387,24.2,0.0,0.11352480049048264,23.9,-0.00833338155914441,0.10275638958171819,24.0,0.0,0.1044499771856651,0.11159279748565913
2021-11-29,24.2,24.35,24.2,24.1,0,-0.00617921636595812,-0.006160164271047264,0.10058978997948874,0.1039757618466914,0.11159279748565913,0.131213080686134,0.12523088613046424,0.2658435629623433,24.33,0.9946568023016852,24.2,1.0,24.2825,0.9966024915062288,24.243,0.998226292125562,23.708250000000003,1.0207417249269768,43.33333333333337,-0.04897445272422729,-0.057833730363642165,24.2825,24.818837482127513,23.746162517872484,0.044174815783178376,0.23928571428571413,24.35,-0.0040983663922821365,0.1156248575429607,24.45,0.0,0.1157273095548553,24.45,0.01027758275824023,0.11992254259974387,24.2,0.012474174225175818,0.11376952077504159,24.05,0.002081166203824671,0.10477148423928193,0.11515872523162006
2021-11-30,23.95,24.2,24.15,23.95,0,-0.010384309305716493,-0.010330578512396715,0.12471220224123947,0.11785559658790425,0.11515872523162006,0.13121997442435784,0.12615602540372825,0.2660387427977783,24.28,0.9864085667215815,24.19,0.9900785448532451,24.23,0.9884440775897647,24.246,0.9877918007093954,23.699,1.0105911641841427,44.8275862068965,-0.07088488923894687,-0.06044396213870311,24.23,24.66697524920653,23.79302475079347,0.03606894339302761,0.23571428571428577,24.2,-0.00617921636595812,0.11159279748565913,24.35,-0.0040983663922821365,0.1156248575429607,24.45,0.0,0.1157273095548553,24.2,0.0,0.11352480049048264,24.05,0.0,0.10477148423928193,0.11532429669548735
2021-12-01,24.0,23.95,24.05,23.95,0,0.002085506491021361,0.0020876826722338038,0.07863336117057525,0.11786073623913197,0.11532429669548735,0.13128838578504004,0.12579918508878105,0.2655322721938133,24.19,0.9921455146754857,24.18,0.9925558312655087,24.205000000000002,0.9915306754802726,24.256,0.9894459102902374,23.694000000000003,1.0129146619397316,50.0,-0.08325477665943382,-0.06500612504284925,24.205000000000002,24.634074892246055,23.77592510775395,0.035453409811696174,0.23571428571428577,23.95,-0.010384309305716493,0.11515872523162006,24.2,-0.00617921636595812,0.11159279748565913,24.35,-0.0040983663922821365,0.1156248575429607,24.45,0.01027758275824023,0.11992254259974387,24.1,0.002076843944839069,0.1021408152964239,0.11283915780646593
2021-12-02,23.55,24.0,24.0,23.55,0,-0.018928009885518796,-0.018749999999999933,0.1240133790265865,0.14992935007470742,0.11283915780646593,0.13655310948741414,0.12859698109277493,0.26620020157266755,24.009999999999998,0.9808413161182842,24.125,0.9761658031088083,24.1575,0.9748525302701025,24.267999999999997,0.9704137135322236,23.68775,0.9941847579445071,37.83783783783789,-0.1278949474115585,-0.0775838895165911,24.1575,24.65409366000381,23.66090633999619,0.041113000931703246,0.26428571428571423,24.0,0.002085506491021361,0.11532429669548735,23.95,-0.010384309305716493,0.11515872523162006,24.2,-0.00617921636595812,0.11159279748565913,24.45,0.0,0.1157273095548553,24.1,0.0,0.10036012377572172,0.1126322282638128
2021-12-03,23.5,23.55,23.8,23.5,0,-0.0021253993123134776,-0.002123142250530785,0.12814581113265844,0.14613520225693313,0.1126322282638128,0.13651025624764998,0.12860792660120451,0.26620080116127615,23.84,0.985738255033557,24.085,0.9757110234585842,24.1025,0.975002593092003,24.28,0.9678747940691927,23.68025,0.9923881715775804,35.13513513513516,-0.1654005518764805,-0.09514722198856898,24.1025,24.63509543251416,23.56990456748584,0.04419420661874579,0.27499999999999986,23.55,-0.018928009885518796,0.11283915780646593,24.0,0.002085506491021361,0.11532429669548735,23.95,-0.010384309305716493,0.11515872523162006,24.35,-0.0040983663922821365,0.1156248575429607,23.9,-0.00833338155914441,0.10275638958171819,0.11073982557684044
2021-12-06,23.5,23.5,23.5,23.4,0,0.0,0.0,0.13808532338707422,0.12403161279503612,0.11073982557684044,0.13585249616723624,0.12860792660120451,0.2655577164058822,23.7,0.9915611814345991,24.014999999999997,0.9785550697480743,24.0525,0.9770294148217442,24.292999999999996,0.9673568517679992,23.672000000000004,0.9927340317674889,35.13513513513516,-0.1929003781452785,-0.1146978532199109,24.0525,24.614896189249475,23.490103810750522,0.04676405273875699,0.27142857142857146,23.5,-0.0021253993123134776,0.1126322282638128,23.55,-0.018928009885518796,0.11283915780646593,24.0,0.002085506491021361,0.11532429669548735,24.2,-0.00617921636595812,0.11159279748565913,24.2,0.012474174225175818,0.11376952077504159,0.13652719954918946
2021-12-07,24.0,23.5,24.0,23.5,0,0.021053409197832263,0.02127659574468077,0.22583020284706212,0.17324618403190106,0.13652719954918946,0.14247595990570217,0.13190683872454917,0.2658802056661325,23.71,1.0122311261071277,23.994999999999997,1.0002083767451553,24.0325,0.998647664620826,24.302999999999997,0.9875324034069869,23.667,1.014070224363037,47.82608695652171,-0.17236149128299516,-0.12623058083252775,24.0325,24.570796533420815,23.494203466579183,0.04479738133118202,0.24285714285714302,23.5,0.0,0.11073982557684044,23.5,-0.0021253993123134776,0.1126322282638128,23.55,-0.018928009885518796,0.11283915780646593,23.95,-0.010384309305716493,0.11515872523162006,24.2,0.0,0.11352480049048264,0.13608844912735993
2021-12-08,24.0,24.0,24.0,23.9,0,0.0,0.0,0.22534434520708738,0.1621210749776657,0.13608844912735993,0.1415058961260007,0.13185835540202473,0.26536590953261235,23.71,1.0122311261071277,23.95,1.0020876826722338,24.027499999999996,0.9988554780980129,24.314,0.9870856296783745,23.662000000000003,1.0142845068041584,47.82608695652171,-0.1543055372879536,-0.13184557212361292,24.027499999999996,24.565013769711726,23.489986230288267,0.04474154778580624,0.24285714285714327,24.0,0.021053409197832263,0.13652719954918946,23.5,0.0,0.11073982557684044,23.5,-0.0021253993123134776,0.1126322282638128,24.0,0.002085506491021361,0.11532429669548735,24.45,0.01027758275824023,0.11992254259974387,0.15171979078657183
2021-12-09,24.55,24.0,24.55,23.95,0,0.022658023892583996,0.022916666666666696,0.19688066259478476,0.20390594592315528,0.15171979078657183,0.1475257640105665,0.13555283256576042,0.26564621283174444,23.91,1.0267670430782099,23.96,1.0246243739565943,24.055,1.0205778424443983,24.338999999999995,1.0086692140186535,23.664250000000003,1.0374298784030762,62.26415094339626,-0.09452602304924085,-0.12438166230873851,24.055,24.640706950255048,23.46929304974495,0.048697314508837915,0.26785714285714335,24.0,0.0,0.13608844912735993,24.0,0.021053409197832263,0.13652719954918946,23.5,0.0,0.11073982557684044,23.55,-0.018928009885518796,0.11283915780646593,24.45,0.0,0.1157273095548553,0.19739205804462714
2021-12-10,25.5,24.55,25.5,24.55,0,0.03796659792385093,0.0386965376782078,0.25888525080542285,0.2748677932175349,0.19739205804462714,0.1648121860307593,0.14529742185116015,0.2678087717216151,24.31,1.048951048951049,24.075,1.059190031152648,24.13,1.056775797762122,24.378999999999998,1.0459821977931827,23.668250000000004,1.0773927096426645,69.6969696969697,0.029170474124100565,-0.0936712350221707,24.13,25.000813291970083,23.259186708029915,0.07217681657439567,0.31428571428571467,24.55,0.022658023892583996,0.15171979078657183,24.0,0.0,0.13608844912735993,24.0,0.021053409197832263,0.13652719954918946,23.5,-0.0021253993123134776,0.1126322282638128,24.35,-0.0040983663922821365,0.1156248575429607,0.20991178823773138
2021-12-13,25.05,25.5,25.2,24.9,0,-0.017804624633506592,-0.01764705882352935,0.34589828602762995,0.29323224101806655,0.20991178823773138,0.16687580253082068,0.14764069564460686,0.26820271941294027,24.619999999999997,1.0174654752233958,24.160000000000004,1.0368377483443707,24.18,1.0359801488833746,24.411000000000005,1.0261767236082093,23.6695,1.058324003464374,61.33333333333335,0.08985382120721397,-0.05696622377629376,24.18,25.141577651022235,23.218422348977764,0.07953495872805917,0.3357142857142862,25.5,0.03796659792385093,0.19739205804462714,24.55,0.022658023892583996,0.15171979078657183,24.0,0.0,0.13608844912735993,23.5,0.0,0.11073982557684044,24.2,-0.00617921636595812,0.11159279748565913,0.21550795053890395
2021-12-14,24.75,25.05,25.0,24.75,0,-0.01204833851617448,-0.0119760479041916,0.3746212939736967,0.295540660841834,0.21550795053890395,0.1687147230240728,0.1482786035701107,0.26817010159301446,24.77,0.9991925716592652,24.240000000000002,1.021039603960396,24.215,1.022093743547388,24.436000000000003,1.012849893599607,23.663249999999998,1.0459256441951128,53.94736842105264,0.11244215500501298,-0.023084548020032417,24.215,25.207126901899017,23.222873098100983,0.08194316761503338,0.3392857142857148,25.05,-0.017804624633506592,0.20991178823773138,25.5,0.03796659792385093,0.19739205804462714,24.55,0.022658023892583996,0.15171979078657183,24.0,0.021053409197832263,0.13652719954918946,23.95,-0.010384309305716493,0.11515872523162006,0.2154601356074964
2021-12-15,24.8,24.75,24.8,24.75,0,0.0020181641562371953,0.002020202020202033,0.3728021130650783,0.29554851156707596,0.2154601356074964,0.1681431781059493,0.14827594623874113,0.2681692942999269,24.93,0.9947853991175292,24.32,1.0197368421052633,24.25,1.022680412371134,24.454,1.0141490144761593,23.655749999999998,1.0483709034801265,54.54545454545457,0.1328467794334287,0.008101717470659808,24.25,25.273924339309122,23.226075660690878,0.08444736819044307,0.3357142857142862,24.75,-0.01204833851617448,0.21550795053890395,25.05,-0.017804624633506592,0.20991178823773138,25.5,0.03796659792385093,0.19739205804462714,24.0,0.0,0.13608844912735993,24.0,0.002085506491021361,0.11532429669548735,0.21550560836062968
2021-12-16,24.8,24.8,24.9,24.7,0,0.0,0.0,0.3448069541289788,0.26988627640013735,0.21550560836062968,0.1681431781059493,0.14817804671205315,0.26034558154567217,24.98,0.9927942353883107,24.445,1.014522397218245,24.285,1.021206506073708,24.469,1.0135273202828068,23.6505,1.048603623602038,55.999999999999986,0.14731938513166654,0.03594525100286115,24.285,25.334862146338185,23.235137853661815,0.0864617785742792,0.3392857142857148,24.8,0.0020181641562371953,0.2154601356074964,24.75,-0.01204833851617448,0.21550795053890395,25.05,-0.017804624633506592,0.20991178823773138,24.55,0.022658023892583996,0.15171979078657183,23.55,-0.018928009885518796,0.11283915780646593,0.21550560836062968
2021-12-17,24.8,24.8,25.2,24.8,0,0.0,0.0,0.14003909679355048,0.26848447032599404,0.21550560836062968,0.1677671329271298,0.14714487445312474,0.2584972094269631,24.84,0.998389694041868,24.575,1.0091556459816888,24.330000000000002,1.019317714755446,24.482,1.0129891348746018,23.64725,1.0487477402234933,58.33333333333336,0.15697946782821504,0.06015209436793193,24.330000000000002,25.38750451037889,23.272495489621114,0.08693008716636969,0.3500000000000004,24.8,0.0,0.21550560836062968,24.8,0.0020181641562371953,0.2154601356074964,24.75,-0.01204833851617448,0.21550795053890395,25.5,0.03796659792385093,0.19739205804462714,23.5,-0.0021253993123134776,0.1126322282638128,0.21260058193896758
2021-12-20,24.85,24.8,24.95,24.8,0,0.0020140993717011856,0.002016129032258007,0.09406250468941088,0.26754222388564197,0.21260058193896758,0.16557856407937216,0.14706170154629186,0.258458145022561,24.800000000000004,1.002016129032258,24.71,1.0056657223796035,24.3625,1.0200102616726527,24.489,1.0147413124259872,23.6425,1.0510732790525539,63.23529411764708,0.16674757287162834,0.0814711900686712,24.3625,25.442887357434017,23.282112642565984,0.08869265120032974,0.34285714285714314,24.8,0.0,0.21550560836062968,24.8,0.0,0.21550560836062968,24.8,0.0020181641562371953,0.2154601356074964,25.05,-0.017804624633506592,0.20991178823773138,23.5,0.0,0.11073982557684044,0.21158715773662454
2021-12-21,24.65,24.85,24.95,24.65,0,-0.008080852053938783,-0.008048289738430747,0.06647967323704773,0.2602555098564898,0.21158715773662454,0.15897766679257636,0.1474040542795542,0.2556598273822297,24.779999999999998,0.9947538337368846,24.775000000000002,0.9949545913218969,24.385,1.0108673364773426,24.491,1.0064921808011105,23.6375,1.0428344791115811,59.154929577464756,0.156545973428468,0.09648614674063057,24.385,25.469872051635143,23.30012794836486,0.08897863864138948,0.3571428571428574,24.85,0.0020140993717011856,0.21260058193896758,24.8,0.0,0.21550560836062968,24.8,0.0,0.21550560836062968,24.75,-0.01204833851617448,0.21550795053890395,24.0,0.021053409197832263,0.13652719954918946,0.21503826517647895
2021-12-22,24.4,24.65,24.6,24.4,0,-0.010193768189542944,-0.010141987829614618,0.08708899128223503,0.26809890884005977,0.21503826517647895,0.1604576555703587,0.1470038963305748,0.254630340846105,24.7,0.9878542510121457,24.814999999999998,0.9832762442071328,24.3825,1.0007177278786015,24.488000000000003,0.9964064031362299,23.631749999999997,1.0325092301670422,62.68656716417905,0.1268262476718256,0.10255416692686958,24.3825,25.466971736545684,23.298028263454317,0.0889549255856195,0.34285714285714314,24.65,-0.008080852053938783,0.21158715773662454,24.85,0.0020140993717011856,0.21260058193896758,24.8,0.0,0.21550560836062968,24.8,0.0020181641562371953,0.2154601356074964,24.0,0.0,0.13608844912735993,0.21387224991740883
2021-12-23,24.2,24.4,24.45,24.2,0,-0.00823049913651548,-0.008196721311475419,0.08732739052164444,0.24410377408523629,0.21387224991740883,0.1613992051047881,0.14642563020898006,0.25336162105357035,24.580000000000002,0.984540276647681,24.78,0.976594027441485,24.369999999999997,0.9930242100943784,24.476000000000003,0.9887236476548454,23.62625,1.0242844293952702,59.99999999999998,0.0861418329317587,0.09927170012784742,24.369999999999997,25.45695615560542,23.283043844394577,0.0892044444485368,0.3392857142857145,24.4,-0.010193768189542944,0.21503826517647895,24.65,-0.008080852053938783,0.21158715773662454,24.85,0.0020140993717011856,0.21260058193896758,24.8,0.0,0.21550560836062968,24.55,0.022658023892583996,0.15171979078657183,0.21599939870376805
2021-12-24,24.4,24.2,24.5,24.0,0,0.008230499136515444,0.008264462809917328,0.12696406193532128,0.1274969181541393,0.21599939870376805,0.15247516349776907,0.1468725900670868,0.25348962794252894,24.5,0.9959183673469387,24.669999999999998,0.9890555330360762,24.372500000000002,1.0011283208534207,24.47,0.9971393543114017,23.621750000000002,1.0329463312413347,62.16216216216213,0.06923932186268544,0.09326522447481503,24.372500000000002,25.459492470800484,23.28550752919952,0.08919827435022928,0.367857142857143,24.2,-0.00823049913651548,0.21387224991740883,24.4,-0.010193768189542944,0.21503826517647895,24.65,-0.008080852053938783,0.21158715773662454,24.8,0.0,0.21550560836062968,25.5,0.03796659792385093,0.19739205804462714,0.22100491225749996
2021-12-29,24.75,24.4,24.85,24.75,0,0.014242356715543168,0.014344262295082011,0.17824184983614486,0.13452450841569435,0.22100491225749996,0.1547837620760127,0.1479079271876111,0.25306891676080756,24.479999999999997,1.011029411764706,24.639999999999997,1.0044642857142858,24.4,1.014344262295082,24.471,1.0114012504597278,23.621,1.0477964523093857,60.56338028169012,0.08312778957936118,0.09123773749572427,24.4,25.496405610691532,23.303594389308465,0.08986931235176505,0.36428571428571466,24.4,0.008230499136515444,0.21599939870376805,24.2,-0.00823049913651548,0.21387224991740883,24.4,-0.010193768189542944,0.21503826517647895,24.85,0.0020140993717011856,0.21260058193896758,25.05,-0.017804624633506592,0.20991178823773138,0.22171923779255118
2021-12-30,25.0,24.75,25.0,24.8,0,0.010050335853501506,0.010101010101010166,0.1781012930354306,0.13032337651639447,0.22171923779255118,0.1551420341195798,0.1484434942679568,0.253135435969558,24.55,1.0183299389002036,24.665,1.0135819987837016,24.452499999999997,1.022390348635109,24.474,1.0214921957996241,23.637249999999998,1.0576526457180933,63.15789473684209,0.11300476241061119,0.09559114247870165,24.452499999999997,25.558690713545722,23.34630928645427,0.09047669674231473,0.3750000000000003,24.75,0.014242356715543168,0.22100491225749996,24.4,0.008230499136515444,0.21599939870376805,24.2,-0.00823049913651548,0.21387224991740883,24.65,-0.008080852053938783,0.21158715773662454,24.75,-0.01204833851617448,0.21550795053890395,0.21783513816320765
2021-12-31,25.15,25.0,26.0,25.0,0,0.005982071677547469,0.006000000000000005,0.13558751604698735,0.13268395750797987,0.21783513816320765,0.15472705378469026,0.14865134532978921,0.2532042083864902,24.7,1.0182186234817814,24.7,1.0182186234817814,24.509999999999998,1.0261117911056712,24.478,1.0274532233025573,23.654249999999998,1.0632338797467686,58.82352941176467,0.1470906555130327,0.10589104508556786,24.509999999999998,25.636522361774002,23.383477638225994,0.09192348933284408,0.40357142857142875,25.0,0.010050335853501506,0.22171923779255118,24.75,0.014242356715543168,0.22100491225749996,24.4,0.008230499136515444,0.21599939870376805,24.4,-0.010193768189542944,0.21503826517647895,24.8,0.0020181641562371953,0.2154601356074964,0.21819127712273756
2022-01-04,25.3,25.15,25.3,25.05,0,0.005946499187726524,0.0059642147117298094,0.05473212089599968,0.13427377338447966,0.21819127712273756,0.15488971240825622,0.1486244824445581,0.25327157617442975,24.92,1.0152487961476726,24.75,1.0222222222222221,24.5975,1.028559812989125,24.485,1.0332856851133347,23.6735,1.068705514604938,46.153846153846175,0.18408569249626439,0.12152997456770717,24.5975,25.68109780847149,23.513902191528512,0.08810633669856596,0.35357142857142876,25.15,0.005982071677547469,0.21783513816320765,25.0,0.010050335853501506,0.22171923779255118,24.75,0.014242356715543168,0.22100491225749996,24.2,-0.00823049913651548,0.21387224991740883,24.8,0.0,0.21550560836062968,0.20415709484650132
2022-01-05,25.3,25.3,25.35,25.25,0,0.0,0.0,0.0842262047140088,0.13427377338447966,0.20415709484650132,0.15489661117450942,0.14853086356567433,0.2524683389048852,25.1,1.0079681274900398,24.8,1.0201612903225807,24.6875,1.0248101265822784,24.491,1.033032542566657,23.693250000000003,1.0678146729553775,55.813953488372086,0.21097256543189147,0.13941849274054402,24.6875,25.68268578006318,23.69231421993682,0.08062264547347292,0.31785714285714306,25.3,0.005946499187726524,0.21819127712273756,25.15,0.005982071677547469,0.21783513816320765,25.0,0.010050335853501506,0.22171923779255118,24.4,0.008230499136515444,0.21599939870376805,24.8,0.0,0.21550560836062968,0.20324762113717507
2022-01-06,25.35,25.3,25.5,25.35,0,0.001974334303717608,0.0019762845849802257,0.06214506396213377,0.13427377229957385,0.20324762113717507,0.15158677846810187,0.14845211638474384,0.2524672468953297,25.22,1.005154639175258,24.85,1.0201207243460764,24.78,1.023002421307506,24.5,1.0346938775510204,23.713999999999995,1.0689887829973859,65.78947368421052,0.23362213749904015,0.15825922169224327,24.78,25.645964627938074,23.914035372061928,0.06989222178676942,0.31071428571428583,25.3,0.0,0.20415709484650132,25.3,0.005946499187726524,0.21819127712273756,25.15,0.005982071677547469,0.21783513816320765,24.75,0.014242356715543168,0.22100491225749996,24.85,0.0020140993717011856,0.21260058193896758,0.20292118419787666
2022-01-07,25.4,25.35,25.5,25.35,0,0.001970443987298517,0.001972386587770991,0.04239863588801926,0.12208840327270144,0.20292118419787666,0.15121712625055117,0.14291588077458878,0.2524001428424118,25.3,1.0039525691699605,24.925,1.0190571715145436,24.85,1.022132796780684,24.511999999999997,1.0362271540469974,23.739500000000003,1.0699467132837674,65.78947368421045,0.25269377216704214,0.17714613178720306,24.85,25.675896641932685,24.02410335806732,0.06647055468271092,0.3178571428571428,25.35,0.001974334303717608,0.20324762113717507,25.3,0.0,0.20415709484650132,25.3,0.005946499187726524,0.21819127712273756,25.0,0.010050335853501506,0.22171923779255118,24.65,-0.008080852053938783,0.21158715773662454,0.19357443180090783
2022-01-10,25.35,25.4,25.5,25.35,0,-0.0019704439872986136,-0.0019685039370077595,0.0466047454142686,0.10264085301069877,0.19357443180090783,0.15117251773863666,0.14250881906956345,0.24987089159548848,25.339999999999996,1.0003946329913183,25.020000000000003,1.013189448441247,24.9175,1.0173572790207686,24.519000000000002,1.0338920836901995,23.76375,1.0667508284677292,64.10256410256412,0.2607676309848017,0.1938704316267228,24.9175,25.668131313241602,24.1668686867584,0.06024932784120412,0.31428571428571417,25.4,0.001970443987298517,0.20292118419787666,25.35,0.001974334303717608,0.20324762113717507,25.3,0.0,0.20415709484650132,25.15,0.005982071677547469,0.21783513816320765,24.4,-0.010193768189542944,0.21503826517647895,0.19336042413501128
2022-01-11,25.4,25.35,25.45,25.35,0,0.001970443987298517,0.001972386587770991,0.027987897859526725,0.07920737022293965,0.19336042413501128,0.14864443191750049,0.14253298626965988,0.24599760142024688,25.36,1.001577287066246,25.139999999999997,1.0103420843277646,24.96,1.017628205128205,24.526,1.035635651961184,23.78075,1.0680907877169559,64.99999999999997,0.2681101969419082,0.2087183846897599,24.96,25.71922398054153,24.200776019458473,0.06083525485108393,0.2928571428571427,25.35,-0.0019704439872986136,0.19357443180090783,25.4,0.001970443987298517,0.20292118419787666,25.35,0.001974334303717608,0.20324762113717507,25.3,0.005946499187726524,0.21819127712273756,24.2,-0.00823049913651548,0.21387224991740883,0.17921821275986777
2022-01-12,25.45,25.4,25.45,25.35,0,0.0019665689720408473,0.0019685039370078705,0.027977590311866925,0.07793031797853855,0.17921821275986777,0.14864160884249047,0.1425240360954749,0.24518469606526236,25.39,1.0023631350925561,25.245,1.0081204198851257,24.957500000000003,1.0197335470299507,24.53,1.0375050958010599,23.7955,1.0695299531424007,64.99999999999997,0.2747961366867422,0.22193393508915638,24.957500000000003,25.709532334129786,24.20546766587022,0.060265037293782076,0.2892857142857141,25.4,0.001970443987298517,0.19336042413501128,25.35,-0.0019704439872986136,0.19357443180090783,25.4,0.001970443987298517,0.20292118419787666,25.3,0.0,0.20415709484650132,24.4,0.008230499136515444,0.21599939870376805,0.1215855485746066
2022-01-13,25.5,25.45,25.5,25.45,0,0.001962709167848689,0.0019646365422396617,0.027956970156921206,0.054556626181052045,0.1215855485746066,0.14866276838168052,0.1389041256354122,0.24506464448067783,25.419999999999998,1.003147128245476,25.32,1.0071090047393365,24.98,1.0208166533226581,24.537,1.039246851693361,23.8105,1.070956090800277,72.97297297297308,0.28089143264993766,0.23372543460131262,24.98,25.769670150991004,24.190329849008997,0.06322419143242625,0.27142857142857124,25.45,0.0019665689720408473,0.17921821275986777,25.4,0.001970443987298517,0.19336042413501128,25.35,-0.0019704439872986136,0.19357443180090783,25.35,0.001974334303717608,0.20324762113717507,24.75,0.014242356715543168,0.22100491225749996,0.10294942511786605
2022-01-14,25.5,25.5,25.6,25.5,0,0.0,0.0,0.02794665797236487,0.03931312057707419,0.10294942511786605,0.14739876031239227,0.1387598292944564,0.24467789629137823,25.44,1.0023584905660377,25.369999999999997,1.0051241623965315,25.017500000000002,1.0192864994503847,24.546999999999997,1.0388234814844992,23.828000000000003,1.070169548430418,84.37500000000017,0.2824659074627007,0.24347352917359025,25.017500000000002,25.83202278569649,24.202977214303512,0.06511624148667847,0.2607142857142856,25.5,0.001962709167848689,0.1215855485746066,25.45,0.0019665689720408473,0.17921821275986777,25.4,0.001970443987298517,0.19336042413501128,25.4,0.001970443987298517,0.20292118419787666,25.0,0.010050335853501506,0.22171923779255118,0.09178790918857027
2022-01-17,25.5,25.5,25.5,25.4,0,0.0,0.0,0.017099074315960902,0.0332673710801602,0.09178790918857027,0.1471206205213563,0.1375556348578136,0.2445528624104581,25.47,1.0011778563015312,25.405,1.0037394213737454,25.052500000000002,1.0178624887735754,24.566999999999997,1.0379777750641106,23.8455,1.069384160533434,96.42857142857162,0.28048048564976114,0.2508749204688244,25.052500000000002,25.887570119966497,24.217429880033507,0.06666561181251335,0.25,25.5,0.0,0.10294942511786605,25.5,0.001962709167848689,0.1215855485746066,25.45,0.0019665689720408473,0.17921821275986777,25.35,-0.0019704439872986136,0.19357443180090783,25.15,0.005982071677547469,0.21783513816320765,0.09441944410261037
2022-01-18,25.7,25.5,25.8,25.5,0,0.007812539736793625,0.007843137254901933,0.05093549306029863,0.040883291809107526,0.09441944410261037,0.1478393982030718,0.13690177855966512,0.24467181754887496,25.53,1.0066588327457893,25.445,1.0100216152485753,25.0975,1.024006375136966,24.590999999999998,1.0450978000081332,23.864,1.0769359704994972,96.42857142857162,0.29168301288293463,0.25903653895164647,25.0975,25.97137521691287,24.22362478308713,0.06963842748583497,0.23571428571428577,25.5,0.0,0.09178790918857027,25.5,0.0,0.10294942511786605,25.5,0.001962709167848689,0.1215855485746066,25.4,0.001970443987298517,0.19336042413501128,25.3,0.005946499187726524,0.21819127712273756,0.09449807704406725
2022-01-19,25.8,25.7,25.8,25.75,0,0.003883500026397612,0.0038910505836575737,0.051840229756035895,0.04135641853303847,0.09449807704406725,0.1475791561288536,0.13674846421335052,0.2446720574371148,25.6,1.0078125,25.494999999999997,1.0119631300254954,25.1475,1.025946913212049,24.615,1.048141377209019,23.883000000000003,1.0802662982037432,95.65217391304371,0.30511310672222436,0.26825185250576206,25.1475,26.063138977348476,24.231861022651525,0.07282147150599268,0.21071428571428566,25.7,0.007812539736793625,0.09441944410261037,25.5,0.0,0.09178790918857027,25.5,0.0,0.10294942511786605,25.45,0.0019665689720408473,0.17921821275986777,25.3,0.0,0.20415709484650132,0.09424980406603427
2022-01-20,25.85,25.8,25.95,25.8,0,0.0019361090268664007,0.0019379844961240345,0.051865427914538166,0.04135641534177182,0.09424980406603427,0.147441775327637,0.13676370040381486,0.24392499254505895,25.669999999999998,1.0070120763537205,25.544999999999998,1.0119397142297908,25.197499999999998,1.0258954261335451,24.642,1.049021994967941,23.902,1.0814994561124591,94.73684210526343,0.3161467915624421,0.2778308403170981,25.197499999999998,26.153079185073114,24.241920814926882,0.07584714238103908,0.20357142857142843,25.8,0.003883500026397612,0.09449807704406725,25.7,0.007812539736793625,0.09441944410261037,25.5,0.0,0.09178790918857027,25.5,0.001962709167848689,0.1215855485746066,25.35,0.001974334303717608,0.20324762113717507,0.09521735659466828
2022-01-21,25.8,25.85,25.85,25.75,0,-0.0019361090268664404,-0.0019342359767892114,0.059532006111716274,0.04572919192144307,0.09521735659466828,0.14752262205811992,0.13636130890130094,0.24390367684972156,25.73,1.002720559657987,25.585,1.0084033613445378,25.255,1.0215798851712532,24.67,1.0458046209971625,23.917999999999996,1.0786855088218081,88.23529411764729,0.3172000000091941,0.2857046722555173,25.255,26.21026243294033,24.29973756705967,0.0756493710505112,0.13928571428571423,25.85,0.0019361090268664007,0.09424980406603427,25.8,0.003883500026397612,0.09449807704406725,25.7,0.007812539736793625,0.09441944410261037,25.5,0.0,0.10294942511786605,25.4,0.001970443987298517,0.20292118419787666,0.09483216142289912
2022-01-24,25.6,25.8,25.75,25.55,0,-0.007782140442054963,-0.007751937984496138,0.09428721851215374,0.06396979119757927,0.09483216142289912,0.1484213762375946,0.13639638460505926,0.2439603007267254,25.75,0.9941747572815535,25.610000000000003,0.9996095275283092,25.315,1.0112581473434723,24.7,1.0364372469635628,23.933249999999997,1.0696416073872126,66.6666666666668,0.29845593255284086,0.288254924314982,25.315,26.19165632706726,24.438343672932742,0.0692598322786695,0.13928571428571423,25.8,-0.0019361090268664404,0.09521735659466828,25.85,0.0019361090268664007,0.09424980406603427,25.8,0.003883500026397612,0.09449807704406725,25.5,0.0,0.09178790918857027,25.35,-0.0019704439872986136,0.19357443180090783,0.09137258386918663
2022-01-25,25.4,25.6,25.65,25.4,0,-0.007843177461026005,-0.007812500000000111,0.08588449637062902,0.07730143711118544,0.09137258386918663,0.14907860158577815,0.13636757917542117,0.2440751817850838,25.690000000000005,0.9887115609186451,25.610000000000003,0.9918000780944942,25.375,1.0009852216748767,24.728,1.027175671303785,23.949749999999998,1.0605538679944468,54.545454545454454,0.2644147864539548,0.2834868967427766,25.375,26.07725201653993,24.67274798346007,0.05534991263368906,0.14999999999999986,25.6,-0.007782140442054963,0.09483216142289912,25.8,-0.0019361090268664404,0.09521735659466828,25.85,0.0019361090268664007,0.09424980406603427,25.7,0.007812539736793625,0.09441944410261037,25.4,0.001970443987298517,0.19336042413501128,0.08401227568140748
2022-01-26,25.4,25.4,25.45,25.35,0,0.0,0.0,0.07132234024748535,0.07652709624037297,0.08401227568140748,0.14881949294792066,0.13611446138525538,0.24404328490940863,25.610000000000003,0.9918000780944942,25.605,0.9919937512204646,25.425,0.999016715830875,24.756,1.0260138956212634,23.96725,1.0597794907634375,52.38095238095225,0.23473109892401212,0.2737357371790237,25.425,25.956631055286373,24.89336894471363,0.04181955203825934,0.1428571428571426,25.4,-0.007843177461026005,0.09137258386918663,25.6,-0.007782140442054963,0.09483216142289912,25.8,-0.0019361090268664404,0.09521735659466828,25.8,0.003883500026397612,0.09449807704406725,25.45,0.0019665689720408473,0.17921821275986777,0.08147242122072003
2022-01-27,25.5,25.4,25.5,25.45,0,0.003929278139889557,0.003937007874015741,0.08098247249133521,0.07868710913923524,0.08147242122072003,0.14818683713352462,0.13417624885072343,0.24400748405172826,25.54,0.9984338292873923,25.605,0.9958992384299942,25.4625,1.0014727540500736,24.785,1.028848093605003,23.98975,1.0629539699246553,54.545454545454604,0.2167768582789087,0.26234396139900074,25.4625,25.889083736455152,25.035916263544845,0.03350682269652656,0.13928571428571423,25.4,0.0,0.08401227568140748,25.4,-0.007843177461026005,0.09137258386918663,25.6,-0.007782140442054963,0.09483216142289912,25.85,0.0019361090268664007,0.09424980406603427,25.5,0.001962709167848689,0.1215855485746066,0.07420596404244961
2022-01-28,25.75,25.5,25.8,25.5,0,0.009756174945364656,0.009803921568627416,0.12088276276458286,0.09268371741420854,0.07420596404244961,0.14935286753168714,0.13481423379558016,0.244200081820674,25.53,1.008617312965139,25.630000000000003,1.0046820132657042,25.5,1.0098039215686274,24.819000000000003,1.0375115838671984,24.009500000000003,1.0724921385284991,65.38461538461527,0.22018277391845942,0.25391172390289246,25.5,25.885254529667176,25.114745470332824,0.03021604154252358,0.1500000000000001,25.5,0.003929278139889557,0.08147242122072003,25.4,0.0,0.08401227568140748,25.4,-0.007843177461026005,0.09137258386918663,25.8,-0.0019361090268664404,0.09521735659466828,25.5,0.0,0.10294942511786605,0.07648577982905885
2022-01-31,26.05,25.75,26.05,25.85,0,0.011583141089630855,0.011650485436893288,0.1243840722363799,0.1064823656658976,0.07648577982905885,0.15026912911049634,0.13564085168465012,0.24448005837916073,25.619999999999997,1.0167837626854022,25.685000000000002,1.0142106287716566,25.544999999999998,1.0197690350362107,24.857999999999997,1.0479523694585247,24.03,1.0840615896795671,70.96774193548384,0.24427364487345216,0.25198410809700444,25.544999999999998,25.966650890763542,25.123349109236454,0.03301240092100563,0.1642857142857146,25.75,0.009756174945364656,0.07420596404244961,25.5,0.003929278139889557,0.08147242122072003,25.4,0.0,0.08401227568140748,25.6,-0.007782140442054963,0.09483216142289912,25.5,0.0,0.09178790918857027,0.1791010548892179
2022-02-01,27.35,26.05,27.5,26.0,0,0.04869876066861434,0.0499040307101728,0.3096675355906897,0.2578115778215901,0.1791010548892179,0.17822783873023892,0.1518149515615822,0.24910994982576024,26.009999999999998,1.0515186466743562,25.85,1.058027079303675,25.647499999999997,1.0663807388634372,24.923000000000002,1.0973799301849696,24.056749999999997,1.136895050245773,83.92857142857137,0.36406821733250894,0.27440092994410537,25.647499999999997,26.545729252179598,24.749270747820397,0.0700441955106424,0.26428571428571473,26.05,0.011583141089630855,0.07648577982905885,25.75,0.009756174945364656,0.07420596404244961,25.5,0.003929278139889557,0.08147242122072003,25.4,-0.007843177461026005,0.09137258386918663,25.7,0.007812539736793625,0.09441944410261037,0.21707591678767216
2022-02-02,26.5,27.35,27.35,26.4,0,-0.03157179587581377,-0.031078610603290757,0.45274796611192286,0.3206077954273956,0.21707591678767216,0.18948820533946154,0.15809348786027103,0.25105891064244884,26.23,1.0102935569958063,25.919999999999998,1.0223765432098766,25.7075,1.0308275795001458,24.975,1.061061061061061,24.07975,1.1005097644286175,63.88888888888885,0.38596917048609924,0.2967145780525042,25.7075,26.666268398573234,24.748731601426766,0.07459055906433797,0.3285714285714292,27.35,0.04869876066861434,0.1791010548892179,26.05,0.011583141089630855,0.07648577982905885,25.75,0.009756174945364656,0.07420596404244961,25.4,0.0,0.08401227568140748,25.8,0.003883500026397612,0.09449807704406725,0.22356778603993305
2022-02-03,26.15,26.5,26.5,26.1,0,-0.013295542481244727,-0.013207547169811429,0.4793837184388071,0.33055683247842904,0.22356778603993305,0.18684306418125135,0.1592397390701807,0.2496140714868537,26.360000000000003,0.9920333839150226,25.95,1.0077071290944124,25.747500000000002,1.0156325856879307,25.013999999999996,1.0454145678420086,24.1005,1.0850397294661935,58.227848101265785,0.37080929993138056,0.3115335224282795,25.747500000000002,26.71021272426986,24.784787275730146,0.07478106412427274,0.3500000000000004,26.5,-0.03157179587581377,0.21707591678767216,27.35,0.04869876066861434,0.1791010548892179,26.05,0.011583141089630855,0.07648577982905885,25.5,0.003929278139889557,0.08147242122072003,25.85,0.0019361090268664007,0.09424980406603427,0.22454826295930658
2022-02-04,26.35,26.15,26.35,26.3,0,0.007619084476439579,0.007648183556405508,0.47829637027152083,0.331534627698737,0.22454826295930658,0.1872924379897987,0.15941764683236873,0.24973510995484494,26.48,0.9950906344410877,26.005000000000003,1.0132666794847145,25.794999999999998,1.0215157976352007,25.057000000000002,1.0516023466496387,24.12325,1.0923072139947976,60.240963855421676,0.37066057741778025,0.3233589334261796,25.794999999999998,26.779030380359806,24.81096961964019,0.07629621092148156,0.35714285714285765,26.15,-0.013295542481244727,0.22356778603993305,26.5,-0.03157179587581377,0.21707591678767216,27.35,0.04869876066861434,0.1791010548892179,25.75,0.009756174945364656,0.07420596404244961,25.8,-0.0019361090268664404,0.09521735659466828,0.23569724489945404
2022-02-07,26.95,26.35,27.0,26.6,0,0.02251502236763477,0.022770398481973375,0.4943682329446315,0.3409756405012581,0.23569724489945404,0.19203193918426897,0.1623495285546947,0.2507528070458943,26.660000000000004,1.0108777194298573,26.139999999999997,1.0309869931140017,25.875,1.0415458937198068,25.107000000000003,1.0734058230772292,24.150499999999997,1.1159189250740151,63.7362637362637,0.4141832526288596,0.3415237972667156,25.875,26.961520278589784,24.788479721410216,0.08398224375573211,0.3821428571428575,26.35,0.007619084476439579,0.22454826295930658,26.15,-0.013295542481244727,0.22356778603993305,26.5,-0.03157179587581377,0.21707591678767216,26.05,0.011583141089630855,0.07648577982905885,25.6,-0.007782140442054963,0.09483216142289912,0.2350892843439499
2022-02-08,27.0,26.95,27.0,26.45,0,0.0018535686493228347,0.0018552875695732052,0.3281058593275176,0.3340423032272115,0.2350892843439499,0.1917048542739947,0.16220421442344204,0.24872093165386905,26.589999999999996,1.0154193305754045,26.3,1.026615969581749,25.955000000000002,1.0402619919090734,25.158,1.0732172668733604,24.17725,1.1167523188121065,63.33333333333329,0.44755078161043116,0.36272919413545873,25.955000000000002,27.126548682636276,24.783451317363728,0.09027537527538232,0.4142857142857146,26.95,0.02251502236763477,0.23569724489945404,26.35,0.007619084476439579,0.22454826295930658,26.15,-0.013295542481244727,0.22356778603993305,27.35,0.04869876066861434,0.1791010548892179,25.4,-0.007843177461026005,0.09137258386918663,0.23506983177569635
2022-02-09,27.1,27.0,27.1,27.0,0,0.0036968618813262026,0.0037037037037037646,0.20369493030559183,0.3326619905274766,0.23506983177569635,0.1914073437578683,0.1619399267419551,0.2475480028844696,26.71,1.0146012729314864,26.470000000000006,1.023800528900642,26.0375,1.040806529044647,25.213,1.0748423432356324,24.2015,1.1197653038034834,63.7362637362637,0.47657034669160225,0.38549742464668746,26.0375,27.288972816534027,24.786027183465976,0.09612849286867217,0.4107142857142862,27.0,0.0018535686493228347,0.2350892843439499,26.95,0.02251502236763477,0.23569724489945404,26.35,0.007619084476439579,0.22454826295930658,26.5,-0.03157179587581377,0.21707591678767216,25.4,0.0,0.08401227568140748,0.23660983754013118
2022-02-10,27.4,27.1,27.4,27.15,0,0.011009285508369177,0.011070110701106861,0.12974944623322146,0.3330412722239546,0.23660983754013118,0.19014586739890701,0.16250470764548783,0.2476768484024056,26.96,1.016320474777448,26.660000000000004,1.0277569392348085,26.1325,1.0485028221563186,25.277,1.0839893974759662,24.226999999999997,1.1309695793948902,66.66666666666661,0.5178070960094239,0.41195935891923474,26.1325,27.495652306429317,24.769347693570683,0.1043262073226302,0.4250000000000002,27.1,0.0036968618813262026,0.23506983177569635,27.0,0.0018535686493228347,0.2350892843439499,26.95,0.02251502236763477,0.23569724489945404,26.15,-0.013295542481244727,0.22356778603993305,25.5,0.003929278139889557,0.08147242122072003,0.24852679828782626
2022-02-11,26.9,27.4,27.3,26.9,0,-0.01841672678623115,-0.018248175182481785,0.2379930023591331,0.3561795065331048,0.24852679828782626,0.19413077075675098,0.1647383530319307,0.24671865156428605,27.07,0.9937199852234946,26.775,1.0046685340802988,26.202499999999997,1.0266195973666636,25.336,1.0617303441742973,24.2515,1.1092097396037357,62.745098039215634,0.5043281150360954,0.4304331101426069,26.202499999999997,27.57266134278426,24.832338657215733,0.10458248966963188,0.44285714285714306,27.4,0.011009285508369177,0.23660983754013118,27.1,0.0036968618813262026,0.23506983177569635,27.0,0.0018535686493228347,0.2350892843439499,26.35,0.007619084476439579,0.22454826295930658,25.75,0.009756174945364656,0.07420596404244961,0.24855578554663874
2022-02-14,27.05,26.9,27.05,26.45,0,0.005560718684697179,0.005576208178438735,0.17848425799243003,0.3540407888513362,0.24855578554663874,0.19423849813427196,0.1648098860440118,0.24677825433848516,27.090000000000003,0.9985234403839054,26.875,1.0065116279069768,26.28,1.0292998477929984,25.397,1.0650864275308107,24.27525,1.1143036631960537,66.33663366336633,0.4999861428770984,0.44434371668950523,26.28,27.65817575840305,24.90182424159695,0.10488399987846646,0.46785714285714314,26.9,-0.01841672678623115,0.24852679828782626,27.4,0.011009285508369177,0.23660983754013118,27.1,0.0036968618813262026,0.23506983177569635,26.95,0.02251502236763477,0.23569724489945404,26.05,0.011583141089630855,0.07648577982905885,0.2509309910566908
2022-02-15,26.85,27.05,26.9,26.85,0,-0.007421184337616816,-0.007393715341959317,0.18679298757224594,0.25199787941404567,0.2509309910566908,0.19512994828576938,0.16492659525448777,0.24676879335306895,27.060000000000002,0.9922394678492239,26.825,1.000931966449208,26.3375,1.0194589463692454,25.463,1.054471193496446,24.2985,1.1050064818815977,63.80952380952382,0.47493204910150766,0.45046138317190576,26.3375,27.709734060132106,24.96526593986789,0.10420382041819519,0.4750000000000004,27.05,0.005560718684697179,0.24855578554663874,26.9,-0.01841672678623115,0.24852679828782626,27.4,0.011009285508369177,0.23660983754013118,27.0,0.0018535686493228347,0.2350892843439499,27.35,0.04869876066861434,0.1791010548892179,0.25028848167019063
2022-02-16,26.85,26.85,26.9,26.8,0,0.0,0.0,0.1825908195170411,0.18990598426321195,0.25028848167019063,0.19512994828576938,0.16487995194914282,0.24471361527314564,27.01,0.9940762680488708,26.860000000000003,0.9996276991809382,26.389999999999997,1.0174308450170522,25.53,1.0517038777908343,24.32225,1.1039274738151281,63.10679611650485,0.4498904423075061,0.45034719499902587,26.389999999999997,27.755977575525765,25.02402242447423,0.10352236267720868,0.47500000000000014,26.85,-0.007421184337616816,0.2509309910566908,27.05,0.005560718684697179,0.24855578554663874,26.9,-0.01841672678623115,0.24852679828782626,27.1,0.0036968618813262026,0.23506983177569635,26.5,-0.03157179587581377,0.21707591678767216,0.2505597004167256
2022-02-17,26.8,26.85,26.85,26.8,0,-0.0018639334380627533,-0.0018621973929237035,0.14431834378256858,0.17322263032323548,0.2505597004167256,0.1952620922616827,0.1649198139793,0.2445808831881333,26.889999999999997,0.9966530308664933,26.925,0.9953574744661096,26.4375,1.01371158392435,25.596,1.047038599781216,24.345750000000002,1.1008081492662989,60.6060606060606,0.42115538920898743,0.44450883384101825,26.4375,27.790420816913997,25.084579183086003,0.10234861971926218,0.4571428571428573,26.85,0.0,0.25028848167019063,26.85,-0.007421184337616816,0.2509309910566908,27.05,0.005560718684697179,0.24855578554663874,27.4,0.011009285508369177,0.23660983754013118,26.15,-0.013295542481244727,0.22356778603993305,0.25063725432145534
2022-02-18,26.8,26.8,26.85,26.8,0,0.0,0.0,0.07390414065964203,0.1710722439682947,0.25063725432145534,0.1952620922616827,0.16491400412904597,0.2444580585745569,26.869999999999997,0.9973948641607742,26.97,0.9936967000370783,26.4875,1.0117980179329873,25.652,1.0447528457820052,24.368999999999996,1.099757889121425,58.06451612903225,0.393842679354492,0.434375602943713,26.4875,27.81489356793968,25.16010643206032,0.10022792395957943,0.43928571428571445,26.8,-0.0018639334380627533,0.2505597004167256,26.85,0.0,0.25028848167019063,26.85,-0.007421184337616816,0.2509309910566908,26.9,-0.01841672678623115,0.24852679828782626,26.35,0.007619084476439579,0.22454826295930658,0.25060891977089766
2022-02-21,26.95,26.8,27.0,26.8,0,0.0055814098381950445,0.005597014925373012,0.07401542283539811,0.1294099308764612,0.25060891977089766,0.1943411699522283,0.16504366828960512,0.24444899717941876,26.85,1.0037243947858472,26.97,0.9992584352984798,26.555,1.014874788175485,25.711,1.0481894908793903,24.3925,1.104847801578354,44.28571428571426,0.37992140890604276,0.42348476413617897,26.555,27.82857763799349,25.28142236200651,0.09591998779841766,0.34642857142857153,26.8,0.0,0.25063725432145534,26.8,-0.0018639334380627533,0.2505597004167256,26.85,0.0,0.25028848167019063,27.05,0.005560718684697179,0.24855578554663874,26.95,0.02251502236763477,0.23569724489945404,0.24818979084678344
2022-02-22,26.95,26.95,27.0,26.9,0,0.0,0.0,0.04480329029925069,0.1290004268749824,0.24818979084678344,0.1931820629084463,0.16504366828960512,0.24436846558928324,26.869999999999997,1.0029772981019724,26.964999999999996,0.999443723345077,26.6325,1.0119215244532056,25.759,1.0462362669358283,24.41725,1.1037278972857303,58.49056603773583,0.3646848419289874,0.4117247796947407,26.6325,27.7938399701693,25.4711600298307,0.08721223844320294,0.2857142857142857,26.95,0.0055814098381950445,0.25060891977089766,26.8,0.0,0.25063725432145534,26.8,-0.0018639334380627533,0.2505597004167256,26.85,-0.007421184337616816,0.2509309910566908,27.0,0.0018535686493228347,0.2350892843439499,0.24556564621117694
2022-02-23,26.95,26.95,27.05,26.95,0,0.0,0.0,0.04480329029925069,0.12720770299723574,0.24556564621117694,0.1931820629084463,0.16471198495763334,0.24436846558928324,26.889999999999997,1.0022313127556712,26.95,1.0,26.71,1.0089853987270685,25.788,1.0450597176981542,24.445500000000003,1.1024523941011637,67.3913043478261,0.348591408064582,0.39909810536870893,26.71,27.72234485490873,25.69765514509127,0.07580268475542712,0.2642857142857145,26.95,0.0,0.24818979084678344,26.95,0.0055814098381950445,0.25060891977089766,26.8,0.0,0.25063725432145534,26.85,0.0,0.25028848167019063,27.1,0.0036968618813262026,0.23506983177569635,0.24538125801127372
2022-02-24,27.0,26.95,27.05,27.0,0,0.0018535686493228347,0.0018552875695732052,0.03850351288330357,0.11119793031183033,0.24538125801127372,0.19239635470411787,0.16457383806608916,0.24153846661230405,26.929999999999996,1.0025993316004458,26.910000000000004,1.003344481605351,26.785000000000004,1.008026880716819,25.826999999999998,1.045417586246951,24.47075,1.1033580907818519,65.11627906976742,0.33599864468859764,0.3864782132326867,26.785000000000004,27.627989667163458,25.94201033283655,0.06294490701239158,0.25714285714285723,26.95,0.0,0.24556564621117694,26.95,0.0,0.24818979084678344,26.95,0.0055814098381950445,0.25060891977089766,26.8,-0.0018639334380627533,0.2505597004167256,27.4,0.011009285508369177,0.23660983754013118,0.24589543648384762
2022-02-25,26.95,27.0,27.0,26.95,0,-0.0018535686493229438,-0.0018518518518518823,0.04475452996474625,0.059667068385657496,0.24589543648384762,0.1924937075324711,0.16446912020914062,0.24032954531516465,26.959999999999997,0.9996290801186944,26.915000000000003,1.001300390117035,26.845,1.0039113428943938,25.871,1.0417069305399869,24.4945,1.100246994223193,50.0,0.31831487116395607,0.3728455448189406,26.845,27.53469863746659,26.155301362533407,0.05138376885577139,0.21428571428571455,27.0,0.0018535686493228347,0.24538125801127372,26.95,0.0,0.24556564621117694,26.95,0.0,0.24818979084678344,26.8,0.0,0.25063725432145534,26.9,-0.01841672678623115,0.24852679828782626,0.24478957681300895
2022-02-28,27.1,26.95,27.2,26.9,0,0.0055504305306490415,0.005565862708719838,0.04455992789902002,0.05964113490324067,0.24478957681300895,0.19231110852150032,0.1645399124209219,0.24035759272745197,26.990000000000002,1.0040755835494628,26.919999999999998,1.0066864784546807,26.8975,1.0075285807231156,25.916999999999998,1.0456457151676508,24.515,1.1054456455231492,52.941176470588275,0.3127983549134363,0.3608361068378398,26.8975,27.484620538145897,26.310379461854104,0.043656141882769506,0.19642857142857167,26.95,-0.0018535686493229438,0.24589543648384762,27.0,0.0018535686493228347,0.24538125801127372,26.95,0.0,0.24556564621117694,26.95,0.0055814098381950445,0.25060891977089766,27.05,0.005560718684697179,0.24855578554663874,0.2433114737475148
2022-03-01,27.0,27.1,27.2,26.95,0,-0.003696861881326203,-0.0036900369003690647,0.05649315435791479,0.048169600691256115,0.2433114737475148,0.19196157536607078,0.1643650908189505,0.2357316832072802,27.0,1.0,26.935000000000002,1.0024132170038982,26.880000000000003,1.0044642857142856,25.961,1.0400215708177651,24.53375,1.1005247872828245,47.05882352941173,0.296934436427545,0.34805577275578087,26.880000000000003,27.430023922921922,26.329976077078083,0.04092439902692854,0.2071428571428573,27.1,0.0055504305306490415,0.24478957681300895,26.95,-0.0018535686493229438,0.24589543648384762,27.0,0.0018535686493228347,0.24538125801127372,26.95,0.0,0.24818979084678344,26.85,-0.007421184337616816,0.2509309910566908,0.17320956676762247
2022-03-02,26.95,27.0,27.0,26.35,0,-0.0018535686493229438,-0.0018518518518518823,0.058747056732071985,0.04964592484235936,0.17320956676762247,0.1905248266719518,0.163633456459204,0.23546557158959502,27.0,0.9981481481481481,26.945,1.0001855631842642,26.902499999999996,1.0017656351640183,26.004,1.036379018612521,24.55,1.0977596741344195,34.48275862068975,0.27713296825281475,0.33387121185518764,26.902499999999996,27.42310187839308,26.381898121606913,0.03870286243977948,0.2321428571428574,27.0,-0.003696861881326203,0.2433114737475148,27.1,0.0055504305306490415,0.24478957681300895,26.95,-0.0018535686493229438,0.24589543648384762,26.95,0.0,0.24556564621117694,26.85,0.0,0.25028848167019063,0.13650227819468894
2022-03-03,26.7,26.95,26.9,26.5,0,-0.009319731948802366,-0.00927643784786647,0.08446162207784412,0.06927489468843126,0.13650227819468894,0.19183416981788828,0.1642686722714359,0.23501150297018333,26.939999999999998,0.9910913140311804,26.935000000000002,0.9912752923705215,26.93,0.9914593390271073,26.041,1.0253062478399446,24.565,1.086912273559943,41.66666666666674,0.2385177670532066,0.31480052289479143,26.93,27.326564191388556,26.533435808611443,0.02945148097946946,0.2285714285714288,26.95,-0.0018535686493229438,0.17320956676762247,27.0,-0.003696861881326203,0.2433114737475148,27.1,0.0055504305306490415,0.24478957681300895,27.0,0.0018535686493228347,0.24538125801127372,26.8,-0.0018639334380627533,0.2505597004167256,0.13219868125494888
2022-03-04,26.45,26.7,26.65,26.35,0,-0.009407407101895481,-0.009363295880149836,0.09821861806121046,0.08265744530677942,0.13219868125494888,0.18859228245118567,0.16489681953595273,0.23467710220507212,26.839999999999996,0.9854694485842028,26.9,0.983271375464684,26.935000000000002,0.9819936885093743,26.077,1.014303792614181,24.57975,1.0760890570489936,26.923076923076948,0.18560252090476226,0.2889609224967856,26.935000000000002,27.30220853102846,26.567791468971546,0.027266272955519325,0.21071428571428566,26.7,-0.009319731948802366,0.13650227819468894,26.95,-0.0018535686493229438,0.17320956676762247,27.0,-0.003696861881326203,0.2433114737475148,26.95,-0.0018535686493229438,0.24589543648384762,26.8,0.0,0.25063725432145534,0.13946243954456522
2022-03-07,26.85,26.45,26.9,26.5,0,0.015009662650565449,0.015122873345935872,0.15885821755395046,0.11275320965531754,0.13946243954456522,0.19023322274805096,0.16611564666790402,0.23475903181208355,26.79,1.002239641657335,26.889999999999997,0.998512458162886,26.93,0.9970293353137765,26.125999999999998,1.0277118579193143,24.599,1.0915077848693038,50.0,0.1739384104362678,0.26595642008468207,26.93,27.29906710272349,26.56093289727651,0.027409365222687807,0.2285714285714285,26.45,-0.009407407101895481,0.13219868125494888,26.7,-0.009319731948802366,0.13650227819468894,26.95,-0.0018535686493229438,0.17320956676762247,27.1,0.0055504305306490415,0.24478957681300895,26.95,0.0055814098381950445,0.25060891977089766,0.11532386743444585
2022-03-08,26.8,26.85,26.9,26.7,0,-0.0018639334380627533,-0.0018621973929237035,0.15804921610588113,0.11296917373208047,0.11532386743444585,0.1903539528407081,0.16598390098512927,0.23469092947546175,26.75,1.0018691588785047,26.875,0.9972093023255815,26.919999999999998,0.9955423476968798,26.177999999999997,1.023760409504164,24.618000000000002,1.088634332602161,48.38709677419354,0.15882905425227634,0.24453094691820093,26.919999999999998,27.291908307880597,26.5480916921194,0.027630632086225758,0.23571428571428577,26.85,0.015009662650565449,0.13946243954456522,26.45,-0.009407407101895481,0.13219868125494888,26.7,-0.009319731948802366,0.13650227819468894,27.0,-0.003696861881326203,0.2433114737475148,26.95,0.0,0.24818979084678344,0.1210870538140951
2022-03-09,26.5,26.8,26.8,26.5,0,-0.011257154524634447,-0.011194029850746245,0.17283122309802426,0.12491442942357381,0.1210870538140951,0.18822483883678587,0.1668100817639186,0.23493423502726057,26.660000000000004,0.993998499624906,26.830000000000002,0.9877003354453969,26.889999999999997,0.985496467088137,26.22,1.0106788710907704,24.6355,1.0756834649185119,41.666666666666686,0.1212495979343089,0.21987467712142256,26.889999999999997,27.296007518723602,26.483992481276392,0.03019765851421385,0.2535714285714286,26.8,-0.0018639334380627533,0.11532386743444585,26.85,0.015009662650565449,0.13946243954456522,26.45,-0.009407407101895481,0.13219868125494888,26.95,-0.0018535686493229438,0.17320956676762247,26.95,0.0,0.24556564621117694,0.12360886429812658
2022-03-10,26.7,26.5,26.8,24.55,0,0.007518832414027319,0.007547169811320753,0.17757464225849875,0.13241857514658803,0.12360886429812658,0.18856984410797759,0.16658563120338718,0.23483512138179158,26.660000000000004,1.0015003750937732,26.8,0.9962686567164178,26.855,0.9942282628933159,26.259,1.0167942419741802,24.65375,1.0829995436799675,47.49999999999997,0.10637965810758843,0.19717567331865576,26.855,27.190449423589357,26.519550576410644,0.024982269490922072,0.4107142857142857,26.5,-0.011257154524634447,0.1210870538140951,26.8,-0.0018639334380627533,0.11532386743444585,26.85,0.015009662650565449,0.13946243954456522,26.7,-0.009319731948802366,0.13650227819468894,27.0,0.0018535686493228347,0.24538125801127372,0.12380591352301994
2022-03-11,27.0,26.7,27.0,26.7,0,0.011173300598125255,0.011235955056179803,0.16877635553747314,0.14585613621996377,0.12380591352301994,0.18473987259756566,0.16669884064581608,0.23509058208168127,26.770000000000003,1.0085917071348522,26.805,1.0072747621712368,26.860000000000003,1.0052122114668651,26.299,1.0266550058937602,24.6735,1.0942914462885283,51.16279069767444,0.11744874048713783,0.1812302867523522,26.860000000000003,27.201205293963234,26.518794706036772,0.025406202082146764,0.417857142857143,26.7,0.007518832414027319,0.12360886429812658,26.5,-0.011257154524634447,0.1210870538140951,26.8,-0.0018639334380627533,0.11532386743444585,26.45,-0.009407407101895481,0.13219868125494888,26.95,-0.0018535686493229438,0.24589543648384762,0.10571561022236854
2022-03-14,27.0,27.0,27.1,26.95,0,0.0,0.0,0.13870131623966425,0.14276820955665073,0.10571561022236854,0.16924238404098893,0.16637304072096945,0.23452787674481057,26.8,1.007462686567164,26.794999999999998,1.0076506810972197,26.857499999999998,1.005305780508238,26.336,1.0252126366950183,24.694499999999998,1.0933608698293142,51.16279069767444,0.12478265129177402,0.16994075966023658,26.857499999999998,27.193537278629222,26.521462721370774,0.025023719901645636,0.4214285714285716,27.0,0.011173300598125255,0.12380591352301994,26.7,0.007518832414027319,0.12360886429812658,26.5,-0.011257154524634447,0.1210870538140951,26.85,0.015009662650565449,0.13946243954456522,27.1,0.0055504305306490415,0.24478957681300895,0.10695431444604515
2022-03-15,26.8,27.0,27.0,26.8,0,-0.00743497848751809,-0.007407407407407418,0.15130369782111266,0.14639462769168185,0.10695431444604515,0.16581851399605604,0.16568837372015907,0.19116675526687044,26.8,1.0,26.775,1.0009337068160598,26.855,0.997951964252467,26.366,1.016460593188197,24.714000000000002,1.0844056000647406,46.80851063829792,0.11315215233481624,0.15858303819515251,26.855,27.192014758379184,26.517985241620817,0.025098846276610194,0.42857142857142855,27.0,0.0,0.10571561022236854,27.0,0.011173300598125255,0.12380591352301994,26.7,0.007518832414027319,0.12360886429812658,26.8,-0.0018639334380627533,0.11532386743444585,27.0,-0.003696861881326203,0.2433114737475148,0.11608167086984901
2022-03-16,26.4,26.8,26.8,26.4,0,-0.015037877364540559,-0.014925373134328401,0.17022280286203487,0.16319127129539332,0.11608167086984901,0.16688432255682914,0.1671603383974938,0.19182253216491585,26.78,0.9858103061986556,26.72,0.9880239520958084,26.8325,0.983881487002702,26.388,1.0004547521600726,24.730999999999998,1.0674861509845943,38.8888888888889,0.07084162292597895,0.1410347551413178,26.8325,27.226233813364363,26.438766186635636,0.02934753104364957,0.45000000000000007,26.8,-0.00743497848751809,0.10695431444604515,27.0,0.0,0.10571561022236854,27.0,0.011173300598125255,0.12380591352301994,26.5,-0.011257154524634447,0.1210870538140951,26.95,-0.0018535686493229438,0.17320956676762247,0.11643149867445049
2022-03-17,26.45,26.4,26.55,26.4,0,0.0018921481520379623,0.0018939393939394478,0.15717760402439587,0.15887814816936247,0.11643149867445049,0.16688146289096428,0.16685585503705924,0.19126015420738054,26.73,0.9895248784137672,26.695,0.9908222513579321,26.815000000000005,0.9863882155509974,26.41,1.001514577811435,24.74825,1.0687624377481237,40.74074074074077,0.04087363979454395,0.12100253207196304,26.815000000000005,27.244320147990596,26.385679852009414,0.032020894871571205,0.4571428571428573,26.4,-0.015037877364540559,0.11608167086984901,26.8,-0.00743497848751809,0.10695431444604515,27.0,0.0,0.10571561022236854,26.7,0.007518832414027319,0.12360886429812658,26.7,-0.009319731948802366,0.13650227819468894,0.11976556231256448
2022-03-18,26.65,26.45,26.75,26.55,0,0.00753299230754523,0.007561436672967936,0.13922909119228644,0.1563396364227235,0.11976556231256448,0.16737322861794543,0.16711491807867096,0.19129695080443082,26.660000000000004,0.9996249062265564,26.714999999999996,0.9975669099756692,26.807499999999997,0.9941247785134757,26.435,1.0081331567996974,24.76725,1.0760177250199354,41.818181818181785,0.032883070220972144,0.10337863970176488,26.807499999999997,27.2431181331071,26.371881866892895,0.032499720832386614,0.4571428571428573,26.45,0.0018921481520379623,0.11643149867445049,26.4,-0.015037877364540559,0.11608167086984901,26.8,-0.00743497848751809,0.10695431444604515,27.0,0.011173300598125255,0.12380591352301994,26.45,-0.009407407101895481,0.13219868125494888,0.12835335800847522
2022-03-21,27.0,26.65,27.0,26.65,0,0.013047715392475675,0.013133208255159623,0.17959705268360154,0.15156764046281046,0.12835335800847522,0.16903740248868257,0.16782012293074547,0.1915160998671908,26.660000000000004,1.0127531882970742,26.73,1.0101010101010102,26.810000000000002,1.0070869078701976,26.467999999999996,1.0200997430859908,24.7875,1.0892586989409985,50.0,0.054168144541151264,0.09353654066964216,26.810000000000002,27.249617058235597,26.370382941764408,0.03279500620929461,0.4642857142857145,26.65,0.00753299230754523,0.11976556231256448,26.45,0.0018921481520379623,0.11643149867445049,26.4,-0.015037877364540559,0.11608167086984901,27.0,0.0,0.10571561022236854,26.85,0.015009662650565449,0.13946243954456522,0.12711618691245213
2022-03-22,26.95,26.8,26.95,26.75,0,-0.0018535686493229438,-0.0018518518518518823,0.16910488920886305,0.1515630136413542,0.12711618691245213,0.1691525080373231,0.16673486834873927,0.18629446311638734,26.689999999999998,1.009741476208318,26.744999999999997,1.0076649841091794,26.809999999999995,1.0052219321148828,26.499000000000002,1.017019510170195,24.80725,1.086375958641123,50.0,0.06623858003940342,0.08807694854359442,26.809999999999995,27.24961705823559,26.3703829417644,0.03279500620929462,0.43571428571428605,27.0,0.013047715392475675,0.12835335800847522,26.65,0.00753299230754523,0.11976556231256448,26.45,0.0018921481520379623,0.11643149867445049,26.8,-0.00743497848751809,0.10695431444604515,26.8,-0.0018639334380627533,0.11532386743444585,0.12727885465443434
2022-03-23,26.9,26.95,26.9,26.85,0,-0.0018570107472127711,-0.0018552875695733162,0.1025868736140601,0.13776218833061118,0.12727885465443434,0.16820679150493817,0.16301374794434145,0.18611387677270605,26.79,1.0041060097051138,26.784999999999997,1.0042934478252754,26.807499999999997,1.0034505269047842,26.528000000000002,1.0140229191797345,24.826749999999997,1.083508715397706,53.57142857142855,0.07095201434669818,0.08465196170421517,26.807499999999997,27.244324666737885,26.37067533326211,0.03258973546491748,0.410714285714286,26.95,-0.0018535686493229438,0.12711618691245213,27.0,0.013047715392475675,0.12835335800847522,26.65,0.00753299230754523,0.11976556231256448,26.4,-0.015037877364540559,0.11608167086984901,26.5,-0.011257154524634447,0.1210870538140951,0.13298213713014687
2022-03-24,26.6,26.9,26.9,26.5,0,-0.011215070820139957,-0.011152416356877248,0.14918130195921264,0.1466502876448298,0.13298213713014687,0.16850471404591424,0.16389650461624464,0.1729405372860726,26.82,0.9917971662938107,26.775,0.9934640522875818,26.7875,0.9930004666355576,26.55,1.0018832391713748,24.845,1.0706379553230028,52.63157894736845,0.049904682087777985,0.07770250578092773,26.7875,27.22384245362914,26.351157546370864,0.03257806466666449,0.4142857142857146,26.9,-0.0018570107472127711,0.12727885465443434,26.95,-0.0018535686493229438,0.12711618691245213,27.0,0.013047715392475675,0.12835335800847522,26.45,0.0018921481520379623,0.11643149867445049,26.7,0.007518832414027319,0.12360886429812658,0.13899649551388818
2022-03-25,26.9,26.6,26.9,26.55,0,0.011215070820140003,0.011278195488721776,0.1609612255714517,0.14674251050097167,0.13899649551388818,0.16848954851078515,0.1644350928987515,0.17188424591342935,26.869999999999997,1.0011164867882396,26.764999999999997,1.0050439006164769,26.785000000000004,1.0042934478252752,26.578000000000003,1.012115283317029,24.865,1.0818419465111602,50.90909090909085,0.05677751656198282,0.07351750793713875,26.785000000000004,27.217982313966196,26.35201768603381,0.03233020824836233,0.40714285714285736,26.6,-0.011215070820139957,0.13298213713014687,26.9,-0.0018570107472127711,0.12727885465443434,26.95,-0.0018535686493229438,0.12711618691245213,26.65,0.00753299230754523,0.11976556231256448,27.0,0.011173300598125255,0.12380591352301994,0.48089087708665296
2022-03-28,23.55,24.1,24.0,23.4,0,-0.13300046614536656,-0.12453531598513001,0.946152025560988,0.6815685144125546,0.48089087708665296,0.3172567139539309,0.24807257918491002,0.21776731525120782,26.18,0.8995416348357526,26.419999999999998,0.8913701741105224,26.607499999999998,0.8850887907544867,26.539,0.8873732996721806,24.868,0.9470001608492843,23.14049586776858,-0.20572128852588278,0.017669748644534446,26.607499999999998,28.103204375518253,25.111795624481744,0.11242727618289991,0.6428571428571431,26.9,0.011215070820140003,0.13899649551388818,26.6,-0.011215070820139957,0.13298213713014687,26.9,-0.0018570107472127711,0.12727885465443434,27.0,0.013047715392475675,0.12835335800847522,27.0,0.0,0.10571561022236854,0.47933646689315956
2022-03-29,23.25,23.55,23.6,23.25,0,-0.012820688429061434,-0.01273885350318471,0.9306148471751021,0.6807244477008216,0.47933646689315956,0.3167402284596716,0.2487189724184149,0.21697167585191396,25.439999999999998,0.9139150943396227,26.064999999999998,0.8920007673124881,26.419999999999998,0.8800151400454203,26.49,0.8776896942242356,24.86875,0.9349082684091481,23.14049586776858,-0.4329699672867342,-0.07245819454171928,26.419999999999998,28.5247315118179,24.315268488182095,0.15932865343057556,0.6464285714285717,23.55,-0.13300046614536656,0.48089087708665296,26.9,0.011215070820140003,0.13899649551388818,26.6,-0.011215070820139957,0.13298213713014687,26.95,-0.0018535686493229438,0.12711618691245213,26.8,-0.00743497848751809,0.10695431444604515,0.481698398991254
2022-03-30,22.75,23.25,23.1,22.5,0,-0.021739986636405875,-0.021505376344086002,0.9036740327590452,0.6817833623788576,0.481698398991254,0.31861129935645033,0.25044554040621303,0.21808004981693616,24.610000000000003,0.9244209670865501,25.7,0.8852140077821012,26.209999999999997,0.8679893170545594,26.429000000000002,0.8607968519429414,24.866749999999996,0.914876290629053,18.897637795275585,-0.6459657131274383,-0.1871596982588631,26.209999999999997,28.859647444273413,23.56035255572658,0.20218599345848276,0.5392857142857146,23.25,-0.012820688429061434,0.47933646689315956,23.55,-0.13300046614536656,0.48089087708665296,26.9,0.011215070820140003,0.13899649551388818,26.9,-0.0018570107472127711,0.12727885465443434,26.4,-0.015037877364540559,0.11608167086984901,0.48176911653307536
2022-03-31,22.4,22.75,22.75,22.4,0,-0.015504186535965312,-0.015384615384615441,0.8974987023064069,0.6753633564737453,0.48176911653307536,0.3194581113091768,0.25106306048071825,0.2186399535752317,23.77,0.9423643247791333,25.294999999999998,0.8855505040521843,25.994999999999997,0.8617041738795923,26.36,0.849772382397572,24.862000000000002,0.9009733730190651,14.062499999999986,-0.8334015172689888,-0.3164080620608883,25.994999999999997,29.130518088643072,22.859481911356923,0.24124009145166952,0.5428571428571433,22.75,-0.021739986636405875,0.481698398991254,23.25,-0.012820688429061434,0.47933646689315956,23.55,-0.13300046614536656,0.48089087708665296,26.6,-0.011215070820139957,0.13298213713014687,26.45,0.0018921481520379623,0.11643149867445049,0.48272463772724966
2022-04-01,22.4,22.4,22.4,22.3,0,0.0,0.0,0.8645385100348945,0.6688475036999624,0.48272463772724966,0.319090314680151,0.25105120879233805,0.2186399535752317,22.869999999999997,0.9794490599038042,24.87,0.9006835544833132,25.7925,0.8684695163322671,26.291999999999998,0.8519701810436635,24.857,0.9011546043368065,14.062499999999986,-0.9707554775819531,-0.44727754516510126,25.7925,29.30477546575805,22.280224534241952,0.27234858705112325,0.5392857142857144,22.4,-0.015504186535965312,0.48176911653307536,22.75,-0.021739986636405875,0.481698398991254,23.25,-0.012820688429061434,0.47933646689315956,26.9,0.011215070820140003,0.13899649551388818,26.65,0.00753299230754523,0.11976556231256448,0.48387987641103913
2022-04-04,22.0,22.4,22.4,22.0,0,-0.01801850550267825,-0.017857142857142794,0.13161834780938153,0.6471127402767627,0.48387987641103913,0.3206777906792368,0.25226188849281317,0.21937522236025178,22.559999999999995,0.9751773049645392,24.369999999999997,0.9027492819039804,25.55,0.8610567514677103,26.22,0.8390541571319604,24.8495,0.8853296847019055,13.636363636363626,-1.0992150706752248,-0.577665050267126,25.55,29.407596742996418,21.692403257003583,0.30196451999971957,0.5535714285714286,22.4,0.0,0.48272463772724966,22.4,-0.015504186535965312,0.48176911653307536,22.75,-0.021739986636405875,0.481698398991254,23.55,-0.13300046614536656,0.48089087708665296,27.0,0.013047715392475675,0.12835335800847522,0.49934695289958314
2022-04-05,22.75,22.0,23.0,22.2,0,0.033522692038643644,0.03409090909090917,0.36085438441891415,0.6979909445753211,0.49934695289958314,0.32846721412157387,0.25565208132031897,0.22055422767376073,22.459999999999997,1.0129118432769368,23.95,0.9498956158663884,25.3475,0.8975244106913897,26.166999999999998,0.8694156762334239,24.844250000000002,0.9157048411604294,23.741007194244588,-1.1275043237178082,-0.6876329049572625,25.3475,29.351244957437753,21.343755042562247,0.3159084688776213,0.5964285714285713,22.0,-0.01801850550267825,0.48387987641103913,22.4,0.0,0.48272463772724966,22.4,-0.015504186535965312,0.48176911653307536,23.25,-0.012820688429061434,0.47933646689315956,26.95,-0.0018535686493229438,0.12711618691245213,0.4990380005017734
2022-04-06,22.65,22.75,22.75,22.65,0,-0.004405293467916491,-0.004395604395604491,0.3276790780174355,0.6965646715657658,0.4990380005017734,0.3284237519774429,0.2555377704663806,0.22058744877292985,22.439999999999998,1.0093582887700536,23.525,0.9628055260361318,25.154999999999998,0.900417412045319,26.112,0.8674172794117647,24.837999999999997,0.9119091714308721,22.857142857142833,-1.14479642426436,-0.779065608818682,25.154999999999998,29.293382597865207,21.016617402134788,0.3290306179976315,0.5928571428571426,22.75,0.033522692038643644,0.49934695289958314,22.0,-0.01801850550267825,0.48387987641103913,22.4,0.0,0.48272463772724966,22.75,-0.021739986636405875,0.481698398991254,26.9,-0.0018570107472127711,0.12727885465443434,0.5014031958007431
2022-04-07,22.8,22.65,22.9,22.75,0,0.006600684031352093,0.0066225165562914245,0.3021121605504728,0.7065186189396236,0.5014031958007431,0.32885476651158957,0.2556507098723532,0.21975174006083747,22.52,1.0124333925399644,23.145,0.9850939727802982,24.96,0.9134615384615384,26.058000000000003,0.8749712180520377,24.833,0.9181331293037491,22.30215827338131,-1.1333324412251713,-0.8499189752999798,24.96,29.158947236479015,20.761052763520986,0.33645410548710053,0.5892857142857141,22.65,-0.004405293467916491,0.4990380005017734,22.75,0.033522692038643644,0.49934695289958314,22.0,-0.01801850550267825,0.48387987641103913,22.4,-0.015504186535965312,0.48176911653307536,26.6,-0.011215070820139957,0.13298213713014687,0.5018687979834596
2022-04-08,23.0,22.8,23.0,22.8,0,0.008733679968754631,0.00877192982456143,0.3020275635948138,0.7040051527125288,0.5018687979834596,0.329437815942859,0.2551132196219065,0.21972423305944982,22.639999999999997,1.0159010600706715,22.755,1.010766864425401,24.759999999999998,0.9289176090468498,26.003,0.8845133253855324,24.830499999999997,0.9262801796178088,20.588235294117638,-1.0954808027617027,-0.8990313407923245,24.759999999999998,28.930775517940354,20.58922448205964,0.33689624539098195,0.5785714285714282,22.8,0.006600684031352093,0.5014031958007431,22.65,-0.004405293467916491,0.4990380005017734,22.75,0.033522692038643644,0.49934695289958314,22.4,0.0,0.48272463772724966,26.9,0.011215070820140003,0.13899649551388818,0.5273984316140178
2022-04-11,24.0,23.0,24.15,23.2,0,0.0425596144187959,0.04347826086956519,0.3135113345299462,0.3445804780215355,0.5273984316140178,0.3410121221864536,0.26226255760317047,0.21969933133896913,23.04,1.0416666666666667,22.8,1.0526315789473684,24.61,0.9752133279154815,25.962000000000003,0.924428010168708,24.831500000000002,0.9665143064253064,30.967741935483858,-0.9735687691762323,-0.9139388264691061,24.61,28.655478307547845,20.564521692452153,0.3287670302761354,0.6428571428571423,23.0,0.008733679968754631,0.5018687979834596,22.8,0.006600684031352093,0.5014031958007431,22.65,-0.004405293467916491,0.4990380005017734,22.0,-0.01801850550267825,0.48387987641103913,23.55,-0.13300046614536656,0.48089087708665296,0.5698550247449885
2022-04-12,25.4,24.0,25.4,24.0,0,0.056695343676545294,0.05833333333333335,0.4152353398641776,0.42806081228807613,0.5698550247449885,0.3599436821558822,0.2743200329035621,0.2237622380484055,23.57,1.0776410691557063,23.015,1.1036280686508797,24.54,1.0350448247758761,25.923,0.9798248659491571,24.8395,1.022564866442561,41.75824175824175,-0.7552779306784814,-0.8822066473109812,24.54,28.472804008391364,20.607195991608634,0.3205219240742759,0.7357142857142852,24.0,0.0425596144187959,0.5273984316140178,23.0,0.008733679968754631,0.5018687979834596,22.8,0.006600684031352093,0.5014031958007431,22.75,0.033522692038643644,0.49934695289958314,23.25,-0.012820688429061434,0.47933646689315956,0.5705077767581601
2022-04-13,25.1,25.4,25.4,24.8,0,-0.011881327886752563,-0.011811023622047112,0.4473759447524725,0.4108529498569999,0.5705077767581601,0.36071885763980477,0.2744910657674923,0.2240211620303539,24.06,1.0432252701579385,23.25,1.0795698924731183,24.475,1.0255362614913177,25.895,0.9692990924888976,24.846749999999997,1.0101924799017983,41.75824175824175,-0.5995768129873298,-0.825680680446251,24.475,28.320366316134436,20.629633683865567,0.31422809529188434,0.7499999999999994,25.4,0.056695343676545294,0.5698550247449885,24.0,0.0425596144187959,0.5273984316140178,23.0,0.008733679968754631,0.5018687979834596,22.65,-0.004405293467916491,0.4990380005017734,22.75,-0.021739986636405875,0.481698398991254,0.5688813875607371
2022-04-14,25.0,25.1,25.1,24.95,0,-0.003992021269537561,-0.003984063745020028,0.47371622377072387,0.3947242731882391,0.5688813875607371,0.36079591898561936,0.27448960446714227,0.22405986574264547,24.5,1.0204081632653061,23.509999999999998,1.0633772862611655,24.4025,1.024485196188915,25.872000000000003,0.9662956091527519,24.852999999999998,1.0059147788999316,39.32584269662922,-0.4787331815998179,-0.7562911806769644,24.4025,28.144364860143554,20.660635139856446,0.3066788124285261,0.7357142857142855,25.1,-0.011881327886752563,0.5705077767581601,25.4,0.056695343676545294,0.5698550247449885,24.0,0.0425596144187959,0.5273984316140178,22.8,0.006600684031352093,0.5014031958007431,22.4,-0.015504186535965312,0.48176911653307536,0.5687552195012988
2022-04-19,24.85,25.0,25.0,24.0,0,-0.00601807232556291,-0.005999999999999894,0.5033732850514552,0.40052567765335384,0.5687552195012988,0.3605899872906605,0.2746257494607969,0.2240978083149728,24.87,0.9991958182549256,23.755,1.0460955588297203,24.312499999999996,1.0221079691516712,25.842,0.9616128782601967,24.8585,0.9996580646458959,61.403508771929836,-0.39056528599308393,-0.6831460017401885,24.312499999999996,27.910580628685874,20.71441937131412,0.2959860671412548,0.5571428571428569,25.0,-0.003992021269537561,0.5688813875607371,25.1,-0.011881327886752563,0.5705077767581601,25.4,0.056695343676545294,0.5698550247449885,23.0,0.008733679968754631,0.5018687979834596,22.4,0.0,0.48272463772724966,0.5777408489011491
2022-04-20,24.0,24.85,24.65,23.8,0,-0.03480392219469212,-0.03420523138832998,0.5394410492829482,0.44069801946039777,0.5777408489011491,0.3669097762106347,0.27887024601222976,0.2268228148967233,24.87,0.9650180940892641,23.955,1.0018785222291797,24.1625,0.9932747025349198,25.782999999999998,0.930845906217275,24.859,0.9654451104227845,55.99999999999999,-0.3848432562613908,-0.6234854526444289,24.1625,27.531690907090216,20.793309092909787,0.27887767466861574,0.6071428571428569,24.85,-0.00601807232556291,0.5687552195012988,25.0,-0.003992021269537561,0.5688813875607371,25.1,-0.011881327886752563,0.5705077767581601,24.0,0.0425596144187959,0.5273984316140178,22.0,-0.01801850550267825,0.48387987641103913,0.5774989498771314
2022-04-21,24.3,24.0,24.3,24.0,0,0.01242251999855711,0.012499999999999956,0.2711399867981203,0.4196484618900373,0.5774989498771314,0.36786620062528697,0.2793840319576035,0.22694270886435902,24.65,0.9858012170385396,24.11,1.0078805474906678,24.029999999999998,1.0112359550561798,25.728999999999996,0.9444595592522058,24.860500000000002,0.9774541944047787,62.8099173553719,-0.3520428824686235,-0.5691969386092678,24.029999999999998,27.135750184822452,20.924249815177543,0.2584894036473121,0.5749999999999998,24.0,-0.03480392219469212,0.5777408489011491,24.85,-0.00601807232556291,0.5687552195012988,25.0,-0.003992021269537561,0.5688813875607371,25.4,0.056695343676545294,0.5698550247449885,22.75,0.033522692038643644,0.49934695289958314,0.5985142701320377
2022-04-22,25.3,24.3,25.3,24.0,0,0.04032804538697181,0.04115226337448563,0.43702053897076537,0.4460774400750694,0.5985142701320377,0.37701804114234694,0.28520554986277463,0.22996623706189498,24.69,1.0247063588497367,24.375,1.037948717948718,23.95,1.0563674321503131,25.693,0.9847040049819017,24.866499999999995,1.017433092715099,71.64179104477614,-0.24256061944045726,-0.5038696747755057,23.95,26.81778843820708,21.082211561792917,0.23948128920309664,0.6428571428571426,24.3,0.01242251999855711,0.5774989498771314,24.0,-0.03480392219469212,0.5777408489011491,24.85,-0.00601807232556291,0.5687552195012988,25.1,-0.011881327886752563,0.5705077767581601,22.65,-0.004405293467916491,0.4990380005017734,0.6001653140145606
2022-04-25,25.55,25.3,25.8,25.2,0,0.009832920916238833,0.009881422924901129,0.43692216594480554,0.44546648578717557,0.6001653140145606,0.3772451388929154,0.28552508320182207,0.23006356337410083,24.8,1.030241935483871,24.65,1.0365111561866127,23.8975,1.0691494926247516,25.656,0.9958684128468975,24.870250000000002,1.027331852313507,72.66187050359714,-0.1340766741113768,-0.42991107464267997,23.8975,26.594374409190358,21.200625590809643,0.2257034760280663,0.6785714285714286,25.3,0.04032804538697181,0.5985142701320377,24.3,0.01242251999855711,0.5774989498771314,24.0,-0.03480392219469212,0.5777408489011491,25.0,-0.003992021269537561,0.5688813875607371,22.8,0.006600684031352093,0.5014031958007431,0.6069951730827814
2022-04-26,24.8,25.55,25.5,24.8,0,-0.029793663478777006,-0.02935420743639927,0.5004575913055638,0.4914999998168068,0.6069951730827814,0.38162174955082584,0.28859839379928043,0.2305050396218483,24.79,1.00040338846309,24.830000000000002,0.9987917841320982,23.7925,1.0423452768729642,25.614,0.9682205044116499,24.86925,0.9972154367341194,69.17808219178082,-0.10738325057307563,-0.36540550982875913,23.7925,26.13776959509621,21.44723040490379,0.1971436036647018,0.7035714285714286,25.55,0.009832920916238833,0.6001653140145606,25.3,0.04032804538697181,0.5985142701320377,24.3,0.01242251999855711,0.5774989498771314,24.85,-0.00601807232556291,0.5687552195012988,23.0,0.008733679968754631,0.5018687979834596,0.6096835805890233
2022-04-27,24.15,24.8,24.35,24.05,0,-0.02655927307235483,-0.02620967741935487,0.4670620409259153,0.4758095604810344,0.6096835805890233,0.3851945162948548,0.2909766920296518,0.23207179308027112,24.82,0.9730056406124092,24.845000000000002,0.972026564701147,23.822499999999998,1.0137475076083535,25.556000000000004,0.9449835655032084,24.865,0.9712447214960789,59.72222222222221,-0.13709771075733457,-0.31974395001447425,23.822499999999998,26.170057521294837,21.47494247870516,0.19708741914533226,0.6857142857142858,24.8,-0.029793663478777006,0.6069951730827814,25.55,0.009832920916238833,0.6001653140145606,25.3,0.04032804538697181,0.5985142701320377,24.0,-0.03480392219469212,0.5777408489011491,24.0,0.0425596144187959,0.5273984316140178,0.3977080000264206
2022-04-28,24.55,24.15,24.7,24.35,0,0.016427474141947996,0.016563146997929712,0.47391479829995226,0.3752512772761843,0.3977080000264206,0.3866267267227397,0.29169748119249467,0.2322099591663601,24.869999999999997,0.98713309207881,24.759999999999998,0.991518578352181,23.8875,1.0277341705913134,25.51,0.9623676989415915,24.862999999999996,0.9874110123476654,62.66666666666668,-0.12690707174777316,-0.2811765743611341,23.8875,26.240297886503495,21.534702113496504,0.19698988060730468,0.7178571428571429,24.15,-0.02655927307235483,0.6096835805890233,24.8,-0.029793663478777006,0.6069951730827814,25.55,0.009832920916238833,0.6001653140145606,24.3,0.01242251999855711,0.5774989498771314,25.4,0.056695343676545294,0.5698550247449885,0.3943921363911928
2022-04-29,24.5,24.55,24.75,24.4,0,-0.002038736689848317,-0.0020366598778004397,0.3327289132879875,0.3722661505514032,0.3943921363911928,0.38606150982706916,0.29169358059983863,0.23184932850191675,24.71,0.9915014164305949,24.7,0.9919028340080972,23.975,1.021897810218978,25.463,0.9621804186466637,24.8635,0.9853801757596478,61.48648648648648,-0.12146532241836283,-0.24923432397257986,23.975,26.279343724360242,21.67065627563976,0.19222888211555708,0.7250000000000002,24.55,0.016427474141947996,0.3977080000264206,24.15,-0.02655927307235483,0.6096835805890233,24.8,-0.029793663478777006,0.6069951730827814,25.3,0.04032804538697181,0.5985142701320377,25.1,-0.011881327886752563,0.5705077767581601,0.3894923860636645
2022-05-04,24.15,24.5,24.5,24.1,0,-0.014388737452099669,-0.014285714285714346,0.30109099993310595,0.3771227398141848,0.3894923860636645,0.38617272947071585,0.2921492437344717,0.2322686363036505,24.43,0.988538681948424,24.615000000000002,0.9811090798293722,24.0625,1.0036363636363637,25.41,0.9504132231404958,24.862750000000002,0.9713326160621812,57.61589403973508,-0.14373785132075767,-0.22813502944221542,24.0625,26.244694694386574,21.880305305613426,0.18137722135161136,0.7392857142857144,24.5,-0.002038736689848317,0.3943921363911928,24.55,0.016427474141947996,0.3977080000264206,24.15,-0.02655927307235483,0.6096835805890233,25.55,0.009832920916238833,0.6001653140145606,25.0,-0.003992021269537561,0.5688813875607371,0.3852901303934941
2022-05-05,24.0,24.15,24.2,23.9,0,-0.0062305497506359745,-0.006211180124223503,0.25227914034999516,0.37716461470703333,0.3852901303934941,0.37271496741852994,0.29222318303406547,0.23231093311429685,24.27,0.9888751545117429,24.53,0.9783938035059111,24.1425,0.9940975458216839,25.353999999999996,0.9465961978386055,24.862750000000002,0.9652994942232858,50.0,-0.17151561212666877,-0.2168111459791061,24.1425,26.180629947821988,22.10437005217801,0.16884166493295968,0.6785714285714288,24.15,-0.014388737452099669,0.3894923860636645,24.5,-0.002038736689848317,0.3943921363911928,24.55,0.016427474141947996,0.3977080000264206,24.8,-0.029793663478777006,0.6069951730827814,24.85,-0.00601807232556291,0.5687552195012988,0.38865344970945176
2022-05-06,24.45,24.0,25.0,24.0,0,0.018576385572935457,0.018750000000000044,0.22928527733820583,0.3470217974821949,0.38865344970945176,0.37006871381540896,0.29333438828066644,0.2330262725462654,24.330000000000002,1.004932182490752,24.575,0.9949135300101729,24.264999999999997,1.007624150010303,25.304000000000002,0.9662503951944356,24.8635,0.9833691958091179,41.739130434782616,-0.15542678526945863,-0.20453427383717662,24.264999999999997,26.038221866961933,22.49177813303806,0.14615469746234797,0.6500000000000004,24.0,-0.0062305497506359745,0.3852901303934941,24.15,-0.014388737452099669,0.3894923860636645,24.5,-0.002038736689848317,0.3943921363911928,24.15,-0.02655927307235483,0.6096835805890233,24.0,-0.03480392219469212,0.5777408489011491,0.3822389740491927
2022-05-09,24.3,24.45,25.0,24.25,0,-0.0061538655743782235,-0.006134969325153339,0.19635858549466706,0.34370014175942487,0.3822389740491927,0.3694011236133877,0.2920709213837408,0.23311076747426654,24.279999999999998,1.0008237232289952,24.575,0.9888097660223806,24.342499999999998,0.998254082366232,25.250999999999998,0.9623381252227635,24.862750000000002,0.9773657379010768,42.857142857142854,-0.1530161455919341,-0.19423064818812813,24.342499999999998,25.9661006120246,22.718899387975394,0.13339637358731465,0.6607142857142863,24.45,0.018576385572935457,0.38865344970945176,24.0,-0.0062305497506359745,0.3852901303934941,24.15,-0.014388737452099669,0.3894923860636645,24.55,0.016427474141947996,0.3977080000264206,24.3,0.01242251999855711,0.5774989498771314,0.368085084336185
2022-05-10,24.25,24.3,24.6,24.2,0,-0.002059732963010616,-0.002057613168724326,0.1963585857265387,0.2601536393746274,0.368085084336185,0.3689726401309808,0.29208452176870636,0.23308623216923632,24.23,1.0008254230293026,24.47,0.9910093992644055,24.4225,0.9929368410277408,25.197,0.9624161606540461,24.86175,0.9753939284241857,43.24324324324325,-0.1533722980315737,-0.18605897815681724,24.4225,25.839492738531444,23.005507261468555,0.11603994173663175,0.678571428571429,24.3,-0.0061538655743782235,0.3822389740491927,24.45,0.018576385572935457,0.38865344970945176,24.0,-0.0062305497506359745,0.3852901303934941,24.5,-0.002038736689848317,0.3943921363911928,25.3,0.04032804538697181,0.5985142701320377,0.3671173134456595
2022-05-11,24.3,24.25,24.5,24.15,0,0.0020597329630105622,0.0020618556701030855,0.16316585193658703,0.25115169146940686,0.3671173134456595,0.36585713381887885,0.2920406573672282,0.23279903101807778,24.259999999999998,1.001648804616653,24.345000000000002,0.9981515711645101,24.4975,0.991937952852332,25.143,0.9664717814103329,24.86,0.9774738535800483,44.95412844036697,-0.14791489839845084,-0.17843016220514396,24.4975,25.6946347371727,23.3003652628273,0.09773525765263394,0.6321428571428578,24.25,-0.002059732963010616,0.368085084336185,24.3,-0.0061538655743782235,0.3822389740491927,24.45,0.018576385572935457,0.38865344970945176,24.15,-0.014388737452099669,0.3894923860636645,25.55,0.009832920916238833,0.6001653140145606,0.37088895405114297
2022-05-12,24.0,24.5,24.5,24.0,0,-0.012422519998557209,-0.012345679012345734,0.18542556030941104,0.2158198731458966,0.37088895405114297,0.36641628435321816,0.2925081360190492,0.2308315910117771,24.259999999999998,0.989282769991756,24.265,0.989078920255512,24.5475,0.977696303085854,25.084,0.9567852017222134,24.855749999999997,0.9655713466702877,50.0,-0.16588514200898885,-0.17592115816591297,24.5475,25.5488017842569,23.5461982157431,0.0815807543951033,0.5928571428571434,24.3,0.0020597329630105622,0.3671173134456595,24.25,-0.002059732963010616,0.368085084336185,24.3,-0.0061538655743782235,0.3822389740491927,24.0,-0.0062305497506359745,0.3852901303934941,24.8,-0.029793663478777006,0.6069951730827814,0.3756835557638427
2022-05-13,24.5,24.0,24.5,24.15,0,0.02061928720273561,0.02083333333333326,0.19843045613525323,0.2028848958617174,0.3756835557638427,0.3690150435563499,0.2939233460494989,0.22980750078855045,24.27,1.0094767202307375,24.3,1.008230452674897,24.572499999999998,0.9970495472581138,25.032000000000004,0.9787472035794182,24.855,0.9857171595252464,51.96078431372548,-0.13818792384619627,-0.16837451130196962,24.572499999999998,25.540664296625987,23.60433570337401,0.07880063458142146,0.6071428571428577,24.0,-0.012422519998557209,0.37088895405114297,24.3,0.0020597329630105622,0.3671173134456595,24.25,-0.002059732963010616,0.368085084336185,24.45,0.018576385572935457,0.38865344970945176,24.15,-0.02655927307235483,0.6096835805890233,0.3479366030919485
2022-05-16,24.35,24.5,24.35,24.25,0,-0.006141268022082465,-0.006122448979591799,0.19840422728676313,0.18722851714108651,0.3479366030919485,0.3682262624385368,0.2935250998540397,0.22964029161936483,24.28,1.0028830313014827,24.28,1.0028830313014827,24.520000000000003,0.9930668841761826,24.979,0.9748188478321791,24.85275,0.979770850308316,38.823529411764724,-0.1268788449568774,-0.1600753780329512,24.520000000000003,25.40994381845045,23.630056181549556,0.0725892184706727,0.5321428571428576,24.5,0.02061928720273561,0.3756835557638427,24.0,-0.012422519998557209,0.37088895405114297,24.3,0.0020597329630105622,0.3671173134456595,24.3,-0.0061538655743782235,0.3822389740491927,24.55,0.016427474141947996,0.3977080000264206,0.28349694214080295
2022-05-17,24.1,24.35,24.3,24.1,0,-0.010320009031989472,-0.010266940451745366,0.21301353994014055,0.19325847527088288,0.28349694214080295,0.3671020804403477,0.29383373896404175,0.2271753717537077,24.25,0.9938144329896907,24.240000000000002,0.9942244224422442,24.47,0.9848794442174091,24.921999999999997,0.9670170933311935,24.85125,0.9697701322871083,32.94117647058826,-0.13651556269365628,-0.1553634149650922,24.47,25.33474821403828,23.605251785961716,0.0706782357203337,0.5071428571428575,24.35,-0.006141268022082465,0.3479366030919485,24.5,0.02061928720273561,0.3756835557638427,24.0,-0.012422519998557209,0.37088895405114297,24.25,-0.002059732963010616,0.368085084336185,24.5,-0.002038736689848317,0.3943921363911928,0.2858256963199793
2022-05-18,24.4,24.1,24.4,24.2,0,0.012371291802546829,0.012448132780082943,0.23456801205047845,0.19052283616982202,0.2858256963199793,0.3679047760252659,0.2943513509340434,0.2272539901682606,24.270000000000003,1.0053564070869385,24.265,1.0055635689264373,24.44,0.9983633387888706,24.875999999999998,0.9808650908506191,24.851,0.9818518369482113,44.73684210526312,-0.11857834083279783,-0.14800640013863334,24.44,25.268187621762312,23.61181237823769,0.06777312780378975,0.47500000000000014,24.1,-0.010320009031989472,0.28349694214080295,24.35,-0.006141268022082465,0.3479366030919485,24.5,0.02061928720273561,0.3756835557638427,24.3,0.0020597329630105622,0.3671173134456595,24.15,-0.014388737452099669,0.3894923860636645,0.2858393540992749
2022-05-19,24.3,24.4,24.4,24.3,0,-0.004106781952653359,-0.004098360655737654,0.21125974388689187,0.18854475156705516,0.2858393540992749,0.36775264929912754,0.29439878998605373,0.22649316711020415,24.330000000000002,0.9987669543773119,24.294999999999998,1.0002058036633052,24.4125,0.9953917050691244,24.833,0.97853662465268,24.84975,0.9778770410165092,52.30769230769235,-0.1111508497357434,-0.14063529005805536,24.4125,25.21962289548697,23.605377104513032,0.06612373951762167,0.42857142857142855,24.4,0.012371291802546829,0.2858256963199793,24.1,-0.010320009031989472,0.28349694214080295,24.35,-0.006141268022082465,0.3479366030919485,24.0,-0.012422519998557209,0.37088895405114297,24.0,-0.0062305497506359745,0.3852901303934941,0.28640674117122555
2022-05-20,24.1,24.3,24.3,24.0,0,-0.008264509849893424,-0.008230452674897082,0.14380229270624437,0.16628074582308686,0.28640674117122555,0.36797935435032836,0.29463534531759783,0.2266475309221936,24.25,0.9938144329896907,24.26,0.9934047815333883,24.4175,0.9869970308180609,24.778000000000002,0.9726370167083703,24.84725,0.9699262493837347,42.62295081967213,-0.12001932993336695,-0.13651209803311767,24.4175,25.215045576983936,23.619954423016065,0.06532573580292296,0.4107142857142857,24.3,-0.004106781952653359,0.2858393540992749,24.4,0.012371291802546829,0.2858256963199793,24.1,-0.010320009031989472,0.28349694214080295,24.5,0.02061928720273561,0.3756835557638427,24.45,0.018576385572935457,0.38865344970945176,0.2595795240918801
2022-05-23,24.05,24.0,24.4,24.0,0,-0.002076843944839117,-0.0020746887966804906,0.14160739857660493,0.1642934728930346,0.2595795240918801,0.3679799506391671,0.29463534531759783,0.2264957218463034,24.19,0.9942124844977263,24.235,0.9923664122137406,24.405,0.9854538004507273,24.723000000000003,0.9727783845002629,24.845499999999998,0.9679821295606852,42.62295081967213,-0.1295884317413858,-0.1351273647747713,24.405,25.21798669633597,23.592013303664032,0.06662460121581387,0.4142857142857141,24.1,-0.008264509849893424,0.28640674117122555,24.3,-0.004106781952653359,0.2858393540992749,24.4,0.012371291802546829,0.2858256963199793,24.35,-0.006141268022082465,0.3479366030919485,24.3,-0.0061538655743782235,0.3822389740491927,0.2557375432414876
2022-05-24,24.0,24.05,24.1,24.0,0,-0.002081166203824623,-0.0020790020790021346,0.12383219308695267,0.16429725438060605,0.2557375432414876,0.36796398649209805,0.29464981062902157,0.22546666461233045,24.17,0.9929664873810509,24.21,0.9913258983890954,24.34,0.9860312243221035,24.673000000000002,0.9727232197138572,24.842999999999996,0.9660669001328344,47.27272727272729,-0.13959740402126997,-0.13602137262407105,24.34,25.053479243970838,23.626520756029162,0.058626067705081164,0.39285714285714285,24.05,-0.002076843944839117,0.2595795240918801,24.1,-0.008264509849893424,0.28640674117122555,24.3,-0.004106781952653359,0.2858393540992749,24.1,-0.010320009031989472,0.28349694214080295,24.25,-0.002059732963010616,0.368085084336185,0.21367857209627242
2022-05-25,23.6,24.0,23.9,23.5,0,-0.016807118316381174,-0.016666666666666607,0.09850773532880434,0.18081111638602582,0.21367857209627242,0.36887382905730276,0.295373849640488,0.2261048334617401,24.009999999999998,0.9829237817576011,24.14,0.9776304888152444,24.2425,0.9734969578220068,24.611,0.9589208077688839,24.839000000000002,0.9501187648456056,43.33333333333334,-0.17775716972178657,-0.14436853204361416,24.2425,24.767932152962416,23.717067847037583,0.04334801715684574,0.4071428571428571,24.0,-0.002081166203824623,0.2557375432414876,24.05,-0.002076843944839117,0.2595795240918801,24.1,-0.008264509849893424,0.28640674117122555,24.4,0.012371291802546829,0.2858256963199793,24.3,0.0020597329630105622,0.3671173134456595,0.21423792670948735
2022-05-26,23.85,23.6,24.0,23.85,0,0.01053750530278592,0.010593220338983134,0.15886126401352504,0.18374710503852154,0.21423792670948735,0.36971953811508274,0.29522029595341664,0.22634547144885186,23.92,0.9970735785953178,24.125,0.9886010362694301,24.195,0.9857408555486671,24.548000000000002,0.9715659116832328,24.836499999999997,0.960280232722002,39.2857142857143,-0.1856856793763626,-0.15263196151016384,24.195,24.678300059348995,23.711699940651005,0.03995040788171068,0.36428571428571416,23.6,-0.016807118316381174,0.21367857209627242,24.0,-0.002081166203824623,0.2557375432414876,24.05,-0.002076843944839117,0.2595795240918801,24.3,-0.004106781952653359,0.2858393540992749,24.0,-0.012422519998557209,0.37088895405114297,0.19181553407547083
2022-05-27,23.9,23.85,24.0,23.9,0,0.002094241603114685,0.002096436058700135,0.15728176398258412,0.14272405011950332,0.19181553407547083,0.3697879141726326,0.29523680521176215,0.22634478935168836,23.88,1.0008375209380234,24.065,0.9931435694992727,24.1825,0.9883179985526723,24.486,0.9760679572000326,24.83475,0.9623612075821177,42.592592592592524,-0.18579279458291964,-0.15926412812471502,24.1825,24.683315125043176,23.681684874956826,0.041419631968834913,0.3214285714285712,23.85,0.01053750530278592,0.21423792670948735,23.6,-0.016807118316381174,0.21367857209627242,24.0,-0.002081166203824623,0.2557375432414876,24.1,-0.008264509849893424,0.28640674117122555,24.5,0.02061928720273561,0.3756835557638427,0.16937115126310487
2022-05-30,23.85,23.9,24.0,23.85,0,-0.0020942416031146257,-0.0020920502092048876,0.15728467079460107,0.14125510175983672,0.16937115126310487,0.36970904371639945,0.29487841231430534,0.22635581238918592,23.84,1.0004194630872485,24.015,0.9931292941911306,24.1475,0.9876798840459675,24.427000000000003,0.9763785974536373,24.8335,0.9603962389514165,42.59259259259259,-0.18774802393754086,-0.16496090728728022,24.1475,24.63790799340788,23.657092006592123,0.040617703150046834,0.30357142857142805,23.9,0.002094241603114685,0.19181553407547083,23.85,0.01053750530278592,0.21423792670948735,23.6,-0.016807118316381174,0.21367857209627242,24.05,-0.002076843944839117,0.2595795240918801,24.35,-0.006141268022082465,0.3479366030919485,0.16650451539697855
2022-05-31,23.45,23.85,23.8,23.45,0,-0.016913722442061924,-0.016771488469601747,0.19129778855133,0.15521973366594646,0.16650451539697855,0.3709149057875205,0.29582423571495164,0.22672948476976762,23.73,0.9882005899705014,23.95,0.9791231732776617,24.095,0.9732309607802448,24.368,0.962327642810243,24.829750000000004,0.9444315790533532,36.06557377049174,-0.21904915207649012,-0.17577855624512223,24.095,24.64741098353962,23.54258901646038,0.04585274816680802,0.30714285714285666,23.85,-0.0020942416031146257,0.16937115126310487,23.9,0.002094241603114685,0.19181553407547083,23.85,0.01053750530278592,0.21423792670948735,24.0,-0.002081166203824623,0.2557375432414876,24.1,-0.010320009031989472,0.28349694214080295,0.16667644913666282
2022-06-01,23.45,23.45,23.7,23.4,0,0.0,0.0,0.15829867331437186,0.1322311359784435,0.16667644913666282,0.37060900237532646,0.2957758009424176,0.22668906950990783,23.7,0.989451476793249,23.855,0.9830224271641165,24.060000000000002,0.9746467165419783,24.307999999999996,0.964702978443311,24.8255,0.9445932609615113,39.99999999999994,-0.24107654133548095,-0.18883815326319398,24.060000000000002,24.682050937158234,23.43794906284177,0.0517083073281988,0.2928571428571424,23.45,-0.016913722442061924,0.16650451539697855,23.85,-0.0020942416031146257,0.16937115126310487,23.9,0.002094241603114685,0.19181553407547083,23.6,-0.016807118316381174,0.21367857209627242,24.4,0.012371291802546829,0.2858256963199793,0.17212160869730656
2022-06-02,23.0,23.45,23.5,22.95,0,-0.019376278963138607,-0.019189765458422103,0.16010703316074076,0.15322050717834793,0.17212160869730656,0.3721732527188526,0.29689146884049467,0.2274819830291806,23.529999999999998,0.9774755631109223,23.725,0.9694415173867228,24.01,0.9579341940857975,24.235,0.9490406436971323,24.8185,0.9267280456111369,22.2222222222221,-0.29148459227815593,-0.20936744106618638,24.01,24.79243883231483,23.227561167685174,0.06517607932651626,0.2964285714285711,23.45,0.0,0.16667644913666282,23.45,-0.016913722442061924,0.16650451539697855,23.85,-0.0020942416031146257,0.16937115126310487,23.85,0.01053750530278592,0.21423792670948735,24.3,-0.004106781952653359,0.2858393540992749,0.18701089145702463
2022-06-03,23.45,23.0,23.45,23.35,0,0.01937627896313868,0.019565217391304346,0.24708707039869202,0.19608097864636742,0.18701089145702463,0.3747467179762082,0.29785617661555785,0.22830570029972047,23.44,1.0004266211604094,23.66,0.9911242603550295,23.96,0.9787145242070117,24.164,0.97045191193511,24.8145,0.9450119889580689,34.999999999999915,-0.29175888185115895,-0.22584572922318089,23.96,24.75180008109338,23.168199918906623,0.06609349591764421,0.31071428571428533,23.0,-0.019376278963138607,0.17212160869730656,23.45,0.0,0.16667644913666282,23.45,-0.016913722442061924,0.16650451539697855,23.9,0.002094241603114685,0.19181553407547083,24.1,-0.008264509849893424,0.28640674117122555,0.17293408191540974
2022-06-06,23.35,23.45,23.5,23.3,0,-0.004273510777381938,-0.004264392324093702,0.24662230787403588,0.19618484490292123,0.17293408191540974,0.37449330588222574,0.29789496725984305,0.2282509031944465,23.339999999999996,1.0004284490145674,23.59,0.9898261975413312,23.9125,0.9764767381076843,24.092,0.9692013946538272,24.81025,0.9411432774760432,36.842105263157826,-0.29662610152401214,-0.24000180368334717,23.9125,24.731918921199345,23.093081078800658,0.06853477647250127,0.30714285714285666,23.45,0.01937627896313868,0.18701089145702463,23.0,-0.019376278963138607,0.17212160869730656,23.45,0.0,0.16667644913666282,23.85,-0.0020942416031146257,0.16937115126310487,24.05,-0.002076843944839117,0.2595795240918801,0.17292634462051715
2022-06-07,23.4,23.35,23.5,23.35,0,0.0021390382487492207,0.0021413276231261325,0.2206510278941857,0.19784726341035064,0.17292634462051715,0.3742930216568874,0.29671496937050074,0.2282198236539515,23.330000000000002,1.0030004286326617,23.53,0.9944751381215469,23.87,0.980310012568077,24.022,0.9741070685205229,24.80625,0.9433106575963719,30.769230769230674,-0.2930704918486242,-0.2506155413164026,23.87,24.70376129361785,23.036238706382154,0.06985850805344343,0.2964285714285711,23.35,-0.004273510777381938,0.17293408191540974,23.45,0.01937627896313868,0.18701089145702463,23.0,-0.019376278963138607,0.17212160869730656,23.45,-0.016913722442061924,0.16650451539697855,24.0,-0.002081166203824623,0.2557375432414876,0.17303410548937903
2022-06-08,23.4,23.4,23.4,23.3,0,0.0,0.0,0.2206510278941857,0.18117971211799028,0.17303410548937903,0.3727301275605202,0.2967002332956137,0.22821010210871928,23.32,1.0034305317324184,23.509999999999998,0.9953211399404509,23.825,0.9821615949632738,23.958000000000002,0.9767092411720509,24.802,0.9434723006209176,31.999999999999886,-0.28694492310752295,-0.2578814176746267,23.825,24.658192970634218,22.99180702936578,0.06994274674788825,0.2964285714285711,23.4,0.0021390382487492207,0.17292634462051715,23.35,-0.004273510777381938,0.17293408191540974,23.45,0.01937627896313868,0.18701089145702463,23.45,0.0,0.16667644913666282,23.6,-0.016807118316381174,0.21367857209627242,0.1884359042502369
2022-06-09,22.85,23.4,23.3,22.85,0,-0.023784905023441952,-0.02350427350427342,0.2453417702096164,0.2015512938388229,0.1884359042502369,0.3752239401176224,0.2985954221775279,0.22945335059337388,23.29,0.9811077715757837,23.41,0.9760785988893635,23.767500000000002,0.9613968654675502,23.877,0.9569878963018805,24.79475,0.921566057330685,28.070175438596394,-0.32275030459973664,-0.2708551950596487,23.767500000000002,24.702365596868898,22.832634403131106,0.07866755837752358,0.31428571428571367,23.4,0.0,0.17303410548937903,23.4,0.0021390382487492207,0.17292634462051715,23.35,-0.004273510777381938,0.17293408191540974,23.0,-0.019376278963138607,0.17212160869730656,23.85,0.01053750530278592,0.21423792670948735,0.18544065706963014
2022-06-10,22.85,22.85,23.0,22.8,0,0.0,0.0,0.1691579952119875,0.1999637565086082,0.18544065706963014,0.37483512068263247,0.2970516001023454,0.22944319477999836,23.169999999999998,0.9861890375485544,23.305,0.9804762926410642,23.685,0.9647456195904582,23.862999999999996,0.9575493441729876,24.7875,0.9218356026222895,28.57142857142847,-0.3471248877677162,-0.2861091336012622,23.685,24.63871848433747,22.731281515662527,0.08053354311483824,0.29999999999999943,22.85,-0.023784905023441952,0.1884359042502369,23.4,0.0,0.17303410548937903,23.4,0.0021390382487492207,0.17292634462051715,23.45,0.01937627896313868,0.18701089145702463,23.9,0.002094241603114685,0.19181553407547083,0.1659238617245133
2022-06-14,22.7,22.85,22.85,22.6,0,-0.006586192852856838,-0.006564551422319598,0.16917066309905457,0.1997264154820546,0.1659238617245133,0.37438663292874425,0.29718018136806307,0.22952717479547047,23.04,0.9852430555555556,23.19,0.9788702026735661,23.6025,0.9617625251562335,23.851999999999997,0.9517021633406004,24.778499999999998,0.9161167948019453,27.586206896551616,-0.37423175620111593,-0.303733658121233,23.6025,24.598531599582564,22.606468400417434,0.08440051685902471,0.31071428571428505,22.85,0.0,0.18544065706963014,22.85,-0.023784905023441952,0.1884359042502369,23.4,0.0,0.17303410548937903,23.35,-0.004273510777381938,0.17293408191540974,23.85,-0.0020942416031146257,0.16937115126310487,0.17527211039701635
2022-06-15,22.25,22.7,22.5,22.25,0,-0.020022915875107704,-0.01982378854625544,0.1778556863807626,0.2054719404456631,0.17527211039701635,0.3749284854454427,0.29662116742729505,0.2303843449686111,22.81,0.9754493643138975,23.07,0.964456003467707,23.51,0.9464057847724372,23.842,0.9332270782652462,24.76775,0.8983456309111647,27.118644067796495,-0.42710201772356626,-0.32840733004169964,23.51,24.645364536868037,22.374635463131966,0.09658566881055171,0.30714285714285644,22.7,-0.006586192852856838,0.1659238617245133,22.85,0.0,0.18544065706963014,22.85,-0.023784905023441952,0.1884359042502369,23.4,0.0021390382487492207,0.17292634462051715,23.45,-0.016913722442061924,0.16650451539697855,0.17703572618312013
2022-06-16,21.95,22.25,22.2,21.95,0,-0.013574869091068874,-0.013483146067415741,0.1538866063994503,0.20704908470400366,0.17703572618312013,0.3754591224904116,0.2919672629284373,0.23067895668724683,22.520000000000003,0.9746891651865007,22.919999999999998,0.9576788830715532,23.3875,0.9385355424906467,23.833000000000002,0.9209919019846431,24.756,0.8866537405073517,18.333333333333186,-0.4875889517628238,-0.3602436543859245,23.3875,24.641073838439414,22.133926161560584,0.10720032824709055,0.29999999999999943,22.25,-0.020022915875107704,0.17527211039701635,22.7,-0.006586192852856838,0.1659238617245133,22.85,0.0,0.18544065706963014,23.4,0.0,0.17303410548937903,23.45,0.0,0.16667644913666282,0.18010925234651223
2022-06-17,21.4,21.95,21.95,21.25,0,-0.025376217493374646,-0.02505694760820054,0.16128389441922242,0.2192391797449899,0.18010925234651223,0.3779710207668129,0.29303032245145477,0.23203529649237015,22.23,0.9626630679262257,22.759999999999998,0.9402460456942003,23.2425,0.9207271162740669,23.813000000000002,0.8986687943560239,24.741,0.8649609959177074,14.285714285714207,-0.573297074423067,-0.402854338393353,23.2425,24.705113018574632,21.779886981425367,0.12585677259973177,0.3392857142857138,21.95,-0.013574869091068874,0.17703572618312013,22.25,-0.020022915875107704,0.17527211039701635,22.7,-0.006586192852856838,0.1659238617245133,22.85,-0.023784905023441952,0.1884359042502369,23.0,-0.019376278963138607,0.17212160869730656,0.21507083419034395
2022-06-20,22.0,21.4,22.0,21.65,0,0.027651531330510164,0.028037383177570208,0.3320124388421882,0.24922303061170292,0.21507083419034395,0.3823252114176655,0.2954495198710367,0.2335470506867133,22.060000000000002,0.99728014505893,22.615000000000002,0.9728056599602033,23.1375,0.9508373851971907,23.813000000000002,0.9238651156931087,24.72975,0.8896167571447346,27.160493827160465,-0.5860507651178608,-0.4394936237382546,23.1375,24.641835838763487,21.63316416123651,0.13003443230802708,0.3714285714285711,21.4,-0.025376217493374646,0.18010925234651223,21.95,-0.013574869091068874,0.17703572618312013,22.25,-0.020022915875107704,0.17527211039701635,22.85,0.0,0.18544065706963014,23.45,0.01937627896313868,0.18701089145702463,0.21526728176905657
2022-06-21,22.0,22.0,22.1,22.0,0,0.0,0.0,0.33651844913891876,0.25115161327745467,0.21526728176905657,0.38224765656839155,0.2954226394630383,0.23353500355761425,21.919999999999998,1.0036496350364965,22.48,0.9786476868327402,23.035,0.9550683742131539,23.798000000000002,0.9244474325573577,24.719749999999998,0.8899766381132496,30.136986301369845,-0.5893643317292465,-0.469467765336453,23.035,24.556806405835157,21.513193594164843,0.13212992453528608,0.34999999999999964,22.0,0.027651531330510164,0.21507083419034395,21.4,-0.025376217493374646,0.18010925234651223,21.95,-0.013574869091068874,0.17703572618312013,22.7,-0.006586192852856838,0.1659238617245133,23.35,-0.004273510777381938,0.17293408191540974,0.21524207126565878
2022-06-22,21.95,22.0,22.1,21.95,0,-0.0022753138371355394,-0.002272727272727315,0.31361277630561113,0.24812739554533936,0.21524207126565878,0.3816599572576522,0.29542540053783256,0.2334997919090085,21.86,1.004117108874657,22.335,0.9827624804119095,22.932499999999997,0.957156873432901,23.783999999999995,0.9228893373696604,24.709500000000002,0.8883223051862643,29.729729729729712,-0.5892326322740224,-0.4934207387239669,22.932499999999997,24.456785855218733,21.40821414478126,0.13293673652839733,0.339285714285714,22.0,0.0,0.21526728176905657,22.0,0.027651531330510164,0.21507083419034395,21.4,-0.025376217493374646,0.18010925234651223,22.25,-0.020022915875107704,0.17527211039701635,23.4,0.0021390382487492207,0.17292634462051715,0.21881123948343642
2022-06-23,21.6,21.95,22.0,21.6,0,-0.016073824831060908,-0.015945330296127436,0.31951079553695194,0.24963977297063825,0.21881123948343642,0.38110199933093913,0.2961926930301514,0.23366870673689277,21.79,0.9912804038549794,22.154999999999998,0.9749492213947192,22.8325,0.946019927734589,23.76,0.9090909090909091,24.69725,0.8745913006508822,30.555555555555543,-0.6103347750680896,-0.5168035459927915,22.8325,24.432919352939116,21.232080647060883,0.14018783339004634,0.3285714285714282,21.95,-0.0022753138371355394,0.21524207126565878,22.0,0.0,0.21526728176905657,22.0,0.027651531330510164,0.21507083419034395,21.95,-0.013574869091068874,0.17703572618312013,23.4,0.0,0.17303410548937903,0.21583431145861995
2022-06-24,21.65,21.6,21.8,21.55,0,0.0023121397583793788,0.0023148148148146586,0.2518147569486186,0.23752948785398464,0.21583431145861995,0.3812680431604586,0.29619930280411544,0.23363928161442785,21.84,0.9913003663003662,22.035,0.9825277966870887,22.7225,0.9528000880184838,23.732999999999997,0.9122319133695699,24.685,0.8770508405914523,21.874999999999915,-0.6159238068860269,-0.5366275981714387,22.7225,24.330858103617672,21.11414189638233,0.14156524181913713,0.31428571428571395,21.6,-0.016073824831060908,0.21881123948343642,21.95,-0.0022753138371355394,0.21524207126565878,22.0,0.0,0.21526728176905657,21.4,-0.025376217493374646,0.18010925234651223,22.85,-0.023784905023441952,0.1884359042502369,0.21061806611765918
2022-06-27,21.7,21.65,21.75,21.65,0,0.002306806097915092,0.002309468822170979,0.12206572827017562,0.2392722966860718,0.21061806611765918,0.38143081153466823,0.2960695966085919,0.2336235402372924,21.779999999999998,0.9963269054178145,21.919999999999998,0.989963503649635,22.6125,0.9596462133775566,23.686999999999998,0.9161143243129143,24.67225,0.8795306467792764,23.80952380952374,-0.6092949992575036,-0.5511610783886517,22.6125,24.18223849649151,21.04276150350849,0.1388381201982541,0.30714285714285694,21.65,0.0023121397583793788,0.21583431145861995,21.6,-0.016073824831060908,0.21881123948343642,21.95,-0.0022753138371355394,0.21524207126565878,22.0,0.027651531330510164,0.21507083419034395,22.85,0.0,0.18544065706963014,0.2094306685239897
2022-06-28,21.65,21.7,21.7,21.6,0,-0.0023068060979150595,-0.0023041474654378336,0.11987527429559716,0.2395242652169649,0.2094306685239897,0.38110584577744094,0.2957864433579668,0.23330442887078348,21.71,0.9972362966374941,21.814999999999998,0.9924363969745589,22.5025,0.9621153205199421,23.612000000000002,0.9169066576317125,24.659499999999998,0.8779577850321377,22.222222222222214,-0.6011465602407675,-0.5611581747590748,22.5025,24.01437405490464,20.990625945095363,0.1343738744499178,0.3035714285714283,21.7,0.002306806097915092,0.21061806611765918,21.65,0.0023121397583793788,0.21583431145861995,21.6,-0.016073824831060908,0.21881123948343642,22.0,0.0,0.21526728176905657,22.7,-0.006586192852856838,0.1659238617245133,0.210674024356274
2022-06-29,21.7,21.65,21.7,21.65,0,0.002306806097915092,0.002309468822170979,0.12635825259892922,0.22543557435719427,0.210674024356274,0.38014506381913854,0.29563884407452523,0.23295393308774098,21.66,1.0018467220683287,21.759999999999998,0.9972426470588236,22.415,0.9681017175998216,23.544,0.9216785592932382,24.647999999999996,0.8803959753326843,23.4375,-0.5839231785582442,-0.5657111755189087,22.415,23.898275181197672,20.931724818802326,0.13234665904061324,0.29999999999999993,21.65,-0.0023068060979150595,0.2094306685239897,21.7,0.002306806097915092,0.21061806611765918,21.65,0.0023121397583793788,0.21583431145861995,21.95,-0.0022753138371355394,0.21524207126565878,22.25,-0.020022915875107704,0.17527211039701635,0.2062154567312781
2022-06-30,21.7,21.7,21.7,21.65,0,0.0,0.0,0.03276761567032442,0.216905987706202,0.2062154567312781,0.2741492380829555,0.2953573387674169,0.23295393308774098,21.68,1.0009225092250922,21.735,0.998389694041868,22.327499999999997,0.9718956443847274,23.477999999999998,0.9242695289206918,24.6375,0.8807711821410451,28.301886792452805,-0.5637746809031832,-0.5653238765957636,22.327499999999997,23.759272916425523,20.89572708357447,0.12825196877622003,0.2642857142857145,21.7,0.002306806097915092,0.210674024356274,21.65,-0.0023068060979150595,0.2094306685239897,21.7,0.002306806097915092,0.21061806611765918,21.6,-0.016073824831060908,0.21881123948343642,21.95,-0.013574869091068874,0.17703572618312013,0.209130067802603
2022-07-01,21.85,21.7,21.9,21.7,0,0.006888660995185316,0.00691244239631339,0.05412857467294407,0.1717587988866156,0.209130067802603,0.2736157849889393,0.29477826912828364,0.23298942768865244,21.72,1.005985267034991,21.779999999999998,1.0032139577594126,22.27,0.9811405478221824,23.418000000000003,0.9330429584080622,24.626749999999998,0.887246591612779,32.14285714285717,-0.5295982262628556,-0.558178746529182,22.27,23.680263133341544,20.859736866658455,0.12665138153044855,0.2642857142857145,21.7,0.0,0.2062154567312781,21.7,0.002306806097915092,0.210674024356274,21.65,-0.0023068060979150595,0.2094306685239897,21.65,0.0023121397583793788,0.21583431145861995,21.4,-0.025376217493374646,0.18010925234651223,0.20658208108285467
2022-07-04,22.1,21.85,22.2,22.0,0,0.011376686982108048,0.011441647597254079,0.08723788763456881,0.11345071025397642,0.20658208108285467,0.27141349797876435,0.2948843561480143,0.23323904949919672,21.8,1.0137614678899083,21.79,1.0142267094997706,22.202499999999997,0.9953834027699585,23.38,0.9452523524379813,24.61875,0.8976897689768978,39.655172413793146,-0.47684347432227625,-0.5419116920878009,22.202499999999997,23.499652752437843,20.90534724756215,0.11684744983113128,0.27142857142857146,21.85,0.006888660995185316,0.209130067802603,21.7,0.0,0.2062154567312781,21.7,0.002306806097915092,0.210674024356274,21.7,0.002306806097915092,0.21061806611765918,22.0,0.027651531330510164,0.21507083419034395,0.20101504119261662
2022-07-05,21.65,22.1,22.1,21.65,0,-0.020572154075208432,-0.020361990950226394,0.1952979894514183,0.15510806795496135,0.20101504119261662,0.27274127775774043,0.29600977377410015,0.2341193383222029,21.8,0.9931192660550457,21.755,0.9951735233279706,22.1175,0.9788628913756074,23.327,0.9281090581729325,24.607999999999997,0.879795188556567,39.655172413793096,-0.46597472594351075,-0.5267242988589429,22.1175,23.317181975402015,20.917818024597985,0.10848260204833414,0.27142857142857174,22.1,0.011376686982108048,0.20658208108285467,21.85,0.006888660995185316,0.209130067802603,21.7,0.0,0.2062154567312781,21.65,-0.0023068060979150595,0.2094306685239897,22.0,0.0,0.21526728176905657,0.2030970147902213
2022-07-06,21.75,21.65,21.85,21.7,0,0.0046083030861944025,0.004618937644341958,0.19767957754058196,0.158093955212559,0.2030970147902213,0.27293405888215166,0.29595078258747,0.23407719400267532,21.810000000000002,0.997248968363136,21.735,1.0006901311249137,22.035,0.9870660313138189,23.256,0.9352425180598555,24.598499999999998,0.8842002561131778,46.29629629629631,-0.4441718635277425,-0.5102138117927029,22.035,23.08034053882193,20.98965946117807,0.09488001260012968,0.26428571428571473,21.65,-0.020572154075208432,0.20101504119261662,22.1,0.011376686982108048,0.20658208108285467,21.85,0.006888660995185316,0.209130067802603,21.7,0.002306806097915092,0.210674024356274,21.95,-0.0022753138371355394,0.21524207126565878,0.20410980251983527
2022-07-07,21.85,21.75,21.95,21.8,0,0.00458716400690614,0.0045977011494253706,0.199678969385589,0.13495326363765564,0.20410980251983527,0.2707615898582014,0.29605935726051236,0.23408559140303736,21.84,1.0004578754578755,21.76,1.0041360294117647,21.9575,0.9951041785266994,23.182,0.9425416271244933,24.5895,0.8885906586144493,60.00000000000003,-0.4140508532187752,-0.4909812200779174,21.9575,22.783571871474503,21.131428128525496,0.07524279826706172,0.22857142857142904,21.75,0.0046083030861944025,0.2030970147902213,21.65,-0.020572154075208432,0.20101504119261662,22.1,0.011376686982108048,0.20658208108285467,21.7,0.0,0.2062154567312781,21.6,-0.016073824831060908,0.21881123948343642,0.2068457209208812
2022-07-08,22.0,21.85,22.0,21.8,0,0.006841531816716564,0.00686498855835227,0.1995972879135282,0.13792733724627673,0.2068457209208812,0.26242145131123784,0.29624331416270006,0.23415310662935998,21.869999999999997,1.0059442158207592,21.794999999999998,1.009405827024547,21.915,1.0038786219484372,23.125999999999998,0.9513102136123844,24.5805,0.8950184089013649,50.0,-0.37376743086025144,-0.4675384622343842,21.915,22.62737187213549,21.202628127864507,0.06501226302856418,0.20000000000000032,21.85,0.00458716400690614,0.20410980251983527,21.75,0.0046083030861944025,0.2030970147902213,21.65,-0.020572154075208432,0.20101504119261662,21.85,0.006888660995185316,0.209130067802603,21.65,0.0023121397583793788,0.21583431145861995,0.20717005000860758
2022-07-13,22.45,22.0,22.5,22.3,0,0.020248160829947494,0.020454545454545503,0.23450615327772734,0.1668593899160889,0.20717005000860758,0.2655559617577502,0.29775218572671464,0.23325925855923096,21.94,1.0232452142206014,21.87,1.0265203475080018,21.895000000000003,1.025348253025805,23.092,0.972198163866274,24.57525,0.9135207169815159,59.99999999999997,-0.30204945116784643,-0.4344406600210767,21.895000000000003,22.513061485613942,21.276938514386064,0.056456860983232625,0.2285714285714288,22.0,0.006841531816716564,0.2068457209208812,21.85,0.00458716400690614,0.20410980251983527,21.75,0.0046083030861944025,0.2030970147902213,22.1,0.011376686982108048,0.20658208108285467,21.7,0.002306806097915092,0.21061806611765918,0.21342261520622136
2022-07-14,22.1,22.45,22.65,22.1,0,-0.01571300566455611,-0.015590200445434244,0.2041169363829676,0.19145208115161183,0.21342261520622136,0.26699952456105225,0.2984777546927863,0.23360631166909124,22.03,1.00317748524739,21.915,1.0084417065936575,21.865,1.0107477704093302,23.042999999999996,0.9590765091350955,24.571000000000005,0.8994342924585893,52.941176470588275,-0.27033821977159533,-0.40162017197118044,21.865,22.36563118055779,21.364368819442205,0.04579292756074027,0.257142857142857,22.45,0.020248160829947494,0.20717005000860758,22.0,0.006841531816716564,0.2068457209208812,21.85,0.00458716400690614,0.20410980251983527,21.65,-0.020572154075208432,0.20101504119261662,21.65,-0.0023068060979150595,0.2094306685239897,0.21361203296644937
2022-07-15,22.2,22.1,22.4,22.1,0,0.004514680354526613,0.004524886877828038,0.2041037469981575,0.1918530731302363,0.21361203296644937,0.2665397469861185,0.2985520057817456,0.23365942451509042,22.12,1.0036166365280288,21.964999999999996,1.0106988390621445,21.8625,1.0154373927958833,22.997,0.9653433056485629,24.5675,0.9036328482751603,63.04347826086952,-0.23443525249793495,-0.3681831880765314,21.8625,22.355476993163773,21.36952300683623,0.045097952490682415,0.24999999999999975,22.1,-0.01571300566455611,0.21342261520622136,22.45,0.020248160829947494,0.20717005000860758,22.0,0.006841531816716564,0.2068457209208812,21.75,0.0046083030861944025,0.2030970147902213,21.7,0.002306806097915092,0.210674024356274,0.20452753508540655
2022-07-18,22.0,22.2,22.4,22.0,0,-0.009049835519917927,-0.009009009009009028,0.22402379632308003,0.20006484074164044,0.20452753508540655,0.252203456879995,0.29873265847519587,0.23381201840803104,22.15,0.9932279909706547,21.994999999999997,1.0002273243919073,21.865,1.0061742510862108,22.954,0.9584386163631611,24.563250000000004,0.8956469522559106,57.14285714285717,-0.219588936229421,-0.3384643377071093,21.865,22.36034676848845,21.369653231511545,0.04530956034653126,0.26071428571428534,22.2,0.004514680354526613,0.21361203296644937,22.1,-0.01571300566455611,0.21342261520622136,22.45,0.020248160829947494,0.20717005000860758,21.85,0.00458716400690614,0.20410980251983527,21.7,0.0,0.2062154567312781,0.1993798550924349
2022-07-19,21.92,21.92,22.17,21.92,0,-0.0036429912785009805,-0.0036363636363635488,0.22021918318564274,0.19891717416491914,0.1993798550924349,0.22289768816058023,0.29871986250350413,0.23280859370963683,22.134,0.9903316165175748,22.002000000000002,0.9962730660849013,21.891,1.001324745329131,22.9124,0.9566872086730329,24.555350000000004,0.8926771558947438,54.43548387096779,-0.21183653532127877,-0.3131387772299432,21.891,22.335564837494093,21.446435162505903,0.04061622013558953,0.27142857142857096,22.0,-0.009049835519917927,0.20452753508540655,22.2,0.004514680354526613,0.21361203296644937,22.1,-0.01571300566455611,0.21342261520622136,22.0,0.006841531816716564,0.2068457209208812,21.85,0.006888660995185316,0.209130067802603,0.17726300754787325
2022-07-20,21.87,21.92,21.92,21.82,0,-0.0022836273911383035,-0.0022810218978102093,0.12054254312697692,0.1892412168731487,0.17726300754787325,0.22205256404200135,0.2987188164263858,0.23278678659292784,22.018,0.9932782269052594,21.979000000000003,0.9950407206879293,21.8845,0.9993374306015674,22.860799999999998,0.9566594344904816,24.547449999999998,0.8909275708882186,54.43548387096779,-0.20733722936394727,-0.291978467656744,21.8845,22.326146441111757,21.442853558888242,0.04036157473204847,0.27142857142857124,21.92,-0.0036429912785009805,0.1993798550924349,22.0,-0.009049835519917927,0.20452753508540655,22.2,0.004514680354526613,0.21361203296644937,22.45,0.020248160829947494,0.20717005000860758,22.1,0.011376686982108048,0.20658208108285467,0.14849320364130517
2022-07-21,21.87,21.87,21.87,21.77,0,0.0,0.0,0.0789261864312446,0.15486284414372303,0.14849320364130517,0.2220641708356336,0.2987188164263858,0.23247487693177346,21.972,0.9953577280174768,22.001,0.9940457251943093,21.878,0.9996343358625103,22.812200000000004,0.9586975390361296,24.540300000000002,0.8911871493013532,53.497942386831305,-0.20144931467527982,-0.2738726370604512,21.878,22.316302947381747,21.439697052618254,0.04006791730338665,0.27499999999999986,21.87,-0.0022836273911383035,0.17726300754787325,21.92,-0.0036429912785009805,0.1993798550924349,22.0,-0.009049835519917927,0.20452753508540655,22.1,-0.01571300566455611,0.21342261520622136,21.65,-0.020572154075208432,0.20101504119261662,0.2433424039735233
2022-07-22,20.68,21.87,21.87,20.68,0,-0.055948785048448114,-0.054412437128486535,0.37436371808104446,0.32279393040986015,0.2433424039735233,0.24670973638917035,0.3082890348808019,0.23866947115212966,21.668,0.9544028059811704,21.894,0.9445510185438933,21.814500000000002,0.9479933072039238,22.7408,0.9093787377752761,24.526200000000003,0.8431799463430942,35.91160220994476,-0.2894693323445523,-0.27699197611727144,21.814500000000002,22.504564070251433,21.12443592974857,0.06326654933658171,0.3564285714285713,21.87,0.0,0.14849320364130517,21.87,-0.0022836273911383035,0.17726300754787325,21.92,-0.0036429912785009805,0.1993798550924349,22.2,0.004514680354526613,0.21361203296644937,21.75,0.0046083030861944025,0.2030970147902213,0.29361000805033227
2022-07-25,21.62,20.68,21.62,20.78,0,0.044451762570833796,0.045454545454545414,0.5648289228185378,0.40711876764014837,0.29361000805033227,0.2558258693431266,0.3150413501830984,0.24280096597212214,21.592000000000002,1.0012967765839198,21.871,0.9885236157468795,21.8155,0.9910384818133896,22.687199999999997,0.9529602595296027,24.517049999999998,0.8818352942136188,47.392290249433096,-0.2801463338535868,-0.27762284766453454,21.8155,22.504312097209755,21.126687902790245,0.06314887095961635,0.4092857142857143,20.68,-0.055948785048448114,0.2433424039735233,21.87,0.0,0.14849320364130517,21.87,-0.0022836273911383035,0.17726300754787325,22.0,-0.009049835519917927,0.20452753508540655,21.85,0.00458716400690614,0.20410980251983527,0.30943361004881026
2022-07-26,20.93,21.62,21.62,20.93,0,-0.03243527575315396,-0.03191489361702138,0.601154924848757,0.4327186394907315,0.30943361004881026,0.2614601392871515,0.31804262170334086,0.24489296455428405,21.394,0.9783116761708891,21.764,0.9616798382650248,21.779500000000002,0.9609954314837346,22.625799999999998,0.9250501639721027,24.504199999999997,0.8541392904073588,37.93814432989689,-0.32469217453612487,-0.2870367130388526,21.779500000000002,22.572163066404297,20.986836933595708,0.0727898313922996,0.43357142857142883,21.62,0.044451762570833796,0.29361000805033227,20.68,-0.055948785048448114,0.2433424039735233,21.87,0.0,0.14849320364130517,21.92,-0.0036429912785009805,0.1993798550924349,22.0,0.006841531816716564,0.2068457209208812,0.3150812103397276
2022-07-27,20.53,20.93,20.93,20.43,0,-0.019296305427066066,-0.019111323459149454,0.6008794278095237,0.413245368350544,0.3150812103397276,0.24877006993886705,0.3190173912431243,0.24544402658203476,21.125999999999998,0.9717883177127712,21.572,0.9516966437975154,21.720999999999997,0.9451682703374616,22.5464,0.9105666536564597,24.487350000000003,0.838392067741099,38.33333333333336,-0.38780139815309056,-0.3071896500617002,21.720999999999997,22.691185006773342,20.75081499322665,0.08933152311342438,0.4371428571428572,20.93,-0.03243527575315396,0.30943361004881026,21.62,0.044451762570833796,0.29361000805033227,20.68,-0.055948785048448114,0.2433424039735233,21.87,-0.0022836273911383035,0.17726300754787325,22.45,0.020248160829947494,0.20717005000860758,0.4277428978576815
2022-07-28,18.83,20.53,20.48,18.83,0,-0.0864358883617813,-0.08280565026790077,0.7745186469327688,0.5688921307148964,0.4277428978576815,0.2977703606949867,0.3406432165368141,0.25981687554521893,20.517999999999997,0.9177307729798226,21.245,0.8863261943986819,21.580000000000002,0.8725671918443001,22.436,0.8392761633089677,24.46125,0.7697889519137411,27.187499999999986,-0.568439093030733,-0.35943953865550676,21.580000000000002,23.197418345779038,19.962581654220966,0.1498997540110321,0.5442857142857144,20.53,-0.019296305427066066,0.3150812103397276,20.93,-0.03243527575315396,0.30943361004881026,21.62,0.044451762570833796,0.29361000805033227,21.87,0.0,0.14849320364130517,22.1,-0.01571300566455611,0.21342261520622136,0.5464361245820937
2022-07-29,20.63,18.83,20.68,19.28,0,0.0912949844140994,0.09559214020180562,1.0999647624515296,0.7830526434768977,0.5464361245820937,0.35036903179642936,0.36542279245394516,0.27565838532099,20.508,1.0059488979910278,21.088,0.9782814871016691,21.526500000000002,0.9583536571202934,22.366600000000002,0.9223574436883566,24.44365,0.8439819748687286,42.46913580246912,-0.559896670578393,-0.39953096504008406,21.526500000000002,23.197116337573615,19.85588366242639,0.1552148595985053,0.6621428571428574,18.83,-0.0864358883617813,0.4277428978576815,20.53,-0.019296305427066066,0.3150812103397276,20.93,-0.03243527575315396,0.30943361004881026,20.68,-0.055948785048448114,0.2433424039735233,22.2,0.004514680354526613,0.21361203296644937,0.5493321767092795
2022-08-01,20.93,20.63,21.03,20.88,0,0.01443720937474804,0.014541929229277883,1.0418187799752712,0.7904535356798713,0.5493321767092795,0.3487176023256002,0.36612399355240083,0.2759917600924007,20.369999999999997,1.027491408934708,20.981,0.9975692293027023,21.488,0.9740320178704394,22.297199999999997,0.9386828839495543,24.4258,0.8568808391127415,43.515151515151516,-0.5228916766846403,-0.42420310736899536,21.488,23.177167967092704,19.798832032907296,0.15721965442039315,0.6764285714285718,20.63,0.0912949844140994,0.5464361245820937,18.83,-0.0864358883617813,0.4277428978576815,20.53,-0.019296305427066066,0.3150812103397276,21.62,0.044451762570833796,0.29361000805033227,22.0,-0.009049835519917927,0.20452753508540655,0.5539739840216703
2022-08-02,21.33,20.93,21.33,20.93,0,0.018930996025350855,0.019111323459149565,1.024902765814655,0.7995973675308683,0.5539739840216703,0.34929870058475515,0.3671886079914199,0.2762398316078235,20.45,1.0430317848410757,20.922,1.019501003728133,21.462,0.9938495946323734,22.237800000000004,0.9591776164908397,24.409699999999997,0.8738329434610012,43.17073170731707,-0.4560314486860051,-0.4305687756323973,21.462,23.14369838962987,19.78030161037013,0.15671404245921802,0.6692857142857146,20.93,0.01443720937474804,0.5493321767092795,20.63,0.0912949844140994,0.5464361245820937,18.83,-0.0864358883617813,0.4277428978576815,20.93,-0.03243527575315396,0.30943361004881026,21.92,-0.0036429912785009805,0.1993798550924349,0.5532798781869603
2022-08-03,21.33,21.33,21.33,21.23,0,0.0,0.0,1.0065141325424547,0.7997151104035197,0.5532798781869603,0.3493270760336316,0.3668491718108446,0.2762282158836554,20.61,1.0349344978165937,20.868000000000002,1.0221391604370327,21.423499999999997,0.9956356337666582,22.182399999999998,0.9615731390652049,24.393599999999996,0.8744096812278631,45.09554140127387,-0.3984511395852408,-0.424145248422966,21.423499999999997,23.078747159156062,19.76825284084393,0.15452630608033846,0.6371428571428576,21.33,0.018930996025350855,0.5539739840216703,20.93,0.01443720937474804,0.5493321767092795,20.63,0.0912949844140994,0.5464361245820937,20.53,-0.019296305427066066,0.3150812103397276,21.87,-0.0022836273911383035,0.17726300754787325,0.5605141125648725
2022-08-04,21.92,21.33,21.92,21.33,0,0.027284929596555808,0.027660571964369662,0.5628409120657094,0.8137105904290174,0.5605141125648725,0.3533367013290873,0.3686452958278541,0.277589317965432,21.228,1.0325984548709253,20.872999999999998,1.0501604944186271,21.437,1.022531137752484,22.1398,0.9900721777071158,24.379199999999997,0.8991271247620924,48.32134292565949,-0.3017320810067474,-0.3996626149397223,21.437,23.104384968019815,19.769615031980187,0.15556140952743516,0.6578571428571437,21.33,0.0,0.5532798781869603,21.33,0.018930996025350855,0.5539739840216703,20.93,0.01443720937474804,0.5493321767092795,18.83,-0.0864358883617813,0.4277428978576815,21.87,0.0,0.14849320364130517,0.5559770130991657
2022-08-05,21.82,21.92,21.92,21.67,0,-0.004572481674890117,-0.0045620437956205295,0.21047685779712028,0.7530041096170615,0.5559770130991657,0.35326275043153693,0.3616915205099982,0.27760858223634266,21.465999999999998,1.0164911953787386,20.987000000000002,1.0396912374326963,21.4405,1.0177001469182156,22.0962,0.9875001131416262,24.3648,0.8955542421854479,48.907766990291265,-0.23049370655343537,-0.36582883326246496,21.4405,23.110942424849277,19.770057575150723,0.15582121917392572,0.647142857142858,21.92,0.027284929596555808,0.5605141125648725,21.33,0.0,0.5532798781869603,21.33,0.018930996025350855,0.5539739840216703,20.63,0.0912949844140994,0.5464361245820937,20.68,-0.055948785048448114,0.2433424039735233,0.5653520462095919
2022-08-08,21.18,21.82,21.82,20.93,0,-0.029769640231664382,-0.02933088909257564,0.35334525890121865,0.7371440377246392,0.5653520462095919,0.3553156925442843,0.3614012568945195,0.27904636999759463,21.516,0.9843837144450642,20.943,1.0113164303108437,21.407000000000004,0.9893959919652449,22.047800000000002,0.9606400638612468,24.347199999999997,0.8699152263915358,45.79545454545454,-0.22310758746262138,-0.3372845841024963,21.407000000000004,23.06971939589132,19.74428060410869,0.1553435227627706,0.6928571428571438,21.82,-0.004572481674890117,0.5559770130991657,21.92,0.027284929596555808,0.5605141125648725,21.33,0.0,0.5532798781869603,20.93,0.01443720937474804,0.5493321767092795,21.62,0.044451762570833796,0.29361000805033227,0.5649769892758985
2022-08-09,21.18,21.18,21.28,21.08,0,0.0,0.0,0.3215955169043711,0.7174350260151717,0.5649769892758985,0.3552560742597493,0.36103602109654515,0.279007890713896,21.486,0.9857581681094666,20.968,1.010110644792064,21.366,0.9912945801741084,21.994399999999995,0.9629723929727569,24.32885,0.8705713586955405,46.05714285714285,-0.214778205411843,-0.31278330836436563,21.366,23.007455066957856,19.724544933042143,0.15365113422801244,0.7000000000000011,21.18,-0.029769640231664382,0.5653520462095919,21.82,-0.004572481674890117,0.5559770130991657,21.92,0.027284929596555808,0.5605141125648725,21.33,0.018930996025350855,0.5539739840216703,20.93,-0.03243527575315396,0.30943361004881026,0.5655208848110831
2022-08-10,21.38,21.18,21.43,21.33,0,0.009398565423638785,0.009442870632672351,0.33097902334508184,0.7089055577200646,0.5655208848110831,0.3560103478556081,0.36113710797405024,0.27916342724633353,21.496000000000002,0.9946036471901748,21.053,1.0155322281860066,21.3125,1.00316715542522,21.944000000000003,0.9742982136347064,24.311,0.8794372917609312,47.26256983240223,-0.1898503054528362,-0.28819670778205975,21.3125,22.87294359415067,19.75205640584933,0.1464345894804147,0.7107142857142866,21.18,0.0,0.5649769892758985,21.18,-0.029769640231664382,0.5653520462095919,21.82,-0.004572481674890117,0.5559770130991657,21.33,0.0,0.5532798781869603,20.53,-0.019296305427066066,0.3150812103397276,0.5600321556137939
2022-08-11,21.33,21.38,21.43,21.33,0,-0.002341373113640003,-0.002338634237605275,0.231689061144598,0.5045807827602821,0.5600321556137939,0.3559151936162298,0.359489866870108,0.2791651710214581,21.378,0.9977547010945831,21.302999999999997,1.0012674271229405,21.274,1.0026323211431794,21.893599999999996,0.974257317206855,24.2929,0.8780343227856698,54.161331626120344,-0.17214496724617234,-0.26498635967488227,21.274,22.789997500344967,19.758002499655035,0.14252115261304557,0.6328571428571438,21.38,0.009398565423638785,0.5655208848110831,21.18,0.0,0.5649769892758985,21.18,-0.029769640231664382,0.5653520462095919,21.92,0.027284929596555808,0.5605141125648725,18.83,-0.0864358883617813,0.4277428978576815,0.5582465713620509
2022-08-12,21.18,21.33,21.38,21.18,0,-0.007057192309998751,-0.007032348804500654,0.23176295010394904,0.2533748141471737,0.5582465713620509,0.355442279849271,0.35952536208684366,0.27921864889855574,21.249999999999996,0.9967058823529413,21.357999999999997,0.9916658863189438,21.223,0.9979738962446403,21.848200000000002,0.9694162448165066,24.2738,0.8725457077177862,46.86609686609686,-0.16827730948031316,-0.24564454963596846,21.223,22.67511424807873,19.770885751921266,0.13684344796482426,0.5800000000000008,21.33,-0.002341373113640003,0.5600321556137939,21.38,0.009398565423638785,0.5655208848110831,21.18,0.0,0.5649769892758985,21.82,-0.004572481674890117,0.5559770130991657,20.63,0.0912949844140994,0.5464361245820937,0.5633592530435807
2022-08-15,21.62,21.18,21.62,21.38,0,0.020561472037801815,0.020774315391879128,0.17422920175432716,0.2630455667255896,0.5633592530435807,0.35542735476901455,0.3608458340829071,0.2799551293301231,21.338,1.013215859030837,21.427,1.009007327203995,21.204,1.019618939822675,21.8116,0.9912156833978252,24.257400000000004,0.8912744152299915,55.096011816839,-0.1282296880457494,-0.22216157731792466,21.204,22.622871308284605,19.785128691715396,0.13383053275651804,0.5621428571428579,21.18,-0.007057192309998751,0.5582465713620509,21.33,-0.002341373113640003,0.5600321556137939,21.38,0.009398565423638785,0.5655208848110831,21.18,-0.029769640231664382,0.5653520462095919,20.93,0.01443720937474804,0.5493321767092795,0.5629672282524905
2022-08-16,21.72,21.62,21.77,21.43,0,0.004614682854672462,0.0046253469010175685,0.1704054107388097,0.2485578932203985,0.5629672282524905,0.3555670966445999,0.36050161813764203,0.279963299839579,21.445999999999998,1.0127762752960925,21.466,1.011832665610733,21.194,1.0248183448145702,21.785999999999998,0.9969705315340127,24.242000000000004,0.8959656793993893,59.19629057187014,-0.08741483150247831,-0.1952122281548354,21.194,22.594321767534577,19.79367823246542,0.13214322615217308,0.5507142857142865,21.62,0.020561472037801815,0.5633592530435807,21.18,-0.007057192309998751,0.5582465713620509,21.33,-0.002341373113640003,0.5600321556137939,21.18,0.0,0.5649769892758985,21.33,0.018930996025350855,0.5539739840216703,0.5630432481110996
2022-08-17,21.62,21.72,21.72,21.57,0,-0.0046146828546724025,-0.004604051565377465,0.17672267320275015,0.25057115172624395,0.5630432481110996,0.3551952658988592,0.3597500864087395,0.27995700417925856,21.494,1.0058621010514563,21.494999999999997,1.0058153058850898,21.1815,1.0207020277128627,21.7494,0.9940504105860392,24.2251,0.8924627762114501,78.64476386036964,-0.06241840735600945,-0.16865346399507022,21.1815,22.560718314080237,19.802281685919763,0.1302285781535998,0.4400000000000005,21.72,0.004614682854672462,0.5629672282524905,21.62,0.020561472037801815,0.5633592530435807,21.18,-0.007057192309998751,0.5582465713620509,21.38,0.009398565423638785,0.5655208848110831,21.33,0.0,0.5532798781869603,0.5645630361921725
2022-08-18,21.87,21.62,21.87,21.62,0,0.011497022477614234,0.011563367252543921,0.18140353710305934,0.21479739244711557,0.5645630361921725,0.35505853280770355,0.3600905565519307,0.28017559352597005,21.601999999999997,1.012406258679752,21.490000000000002,1.0176826430898092,21.1815,1.032504780114723,21.7198,1.006915349128445,24.2092,0.9033755762272194,68.67469879518076,-0.02217997353919543,-0.1393587659038953,21.1815,22.560718314080237,19.802281685919763,0.1302285781535998,0.3257142857142861,21.62,-0.0046146828546724025,0.5630432481110996,21.72,0.004614682854672462,0.5629672282524905,21.62,0.020561472037801815,0.5633592530435807,21.33,-0.002341373113640003,0.5600321556137939,21.92,0.027284929596555808,0.5605141125648725,0.5645630361921725
2022-08-19,21.87,21.87,21.87,21.82,0,0.0,0.0,0.1571489767922926,0.21343017687234503,0.5645630361921725,0.35504215298897335,0.3600052493389666,0.2801167846541662,21.740000000000002,1.0059797608095675,21.495,1.0174459176552686,21.241,1.029612541782402,21.6892,1.0083359460007746,24.1923,0.904006646742972,65.5629139072848,0.009598628152485134,-0.1095672870926192,21.241,22.631749892380892,19.850250107619107,0.13094956851192432,0.30071428571428604,21.87,0.011497022477614234,0.5645630361921725,21.62,-0.0046146828546724025,0.5630432481110996,21.72,0.004614682854672462,0.5629672282524905,21.18,-0.007057192309998751,0.5582465713620509,21.82,-0.004572481674890117,0.5559770130991657,0.5266129161260399
2022-08-22,21.92,21.87,21.92,21.82,0,0.002283627391138315,0.0022862368541380906,0.09458523271278596,0.13265134275284546,0.5266129161260399,0.35487284235133604,0.36004055468214735,0.2801247490781906,21.8,1.0055045871559634,21.569,1.016273355278409,21.256,1.0312382386149794,21.659599999999998,1.0120223826848143,24.176150000000003,0.9066786895349341,61.04868913857683,0.03837561092343478,-0.07997870748940841,21.256,22.670234403261347,19.841765596738654,0.13306684261021326,0.2792857142857148,21.87,0.0,0.5645630361921725,21.87,0.011497022477614234,0.5645630361921725,21.62,-0.0046146828546724025,0.5630432481110996,21.62,0.020561472037801815,0.5633592530435807,21.18,-0.029769640231664382,0.5653520462095919,0.5043260275795522
2022-08-23,21.92,21.92,22.12,21.92,0,0.0,0.0,0.0945462511819282,0.13265134275284546,0.5043260275795522,0.35488354761996677,0.3600475544766916,0.2801247490781906,21.84,1.0036630036630036,21.643,1.0127985953888095,21.305500000000002,1.028842317711389,21.641,1.0128921953699,24.160750000000004,0.907256604203098,61.04868913857683,0.06048435114656314,-0.05188609576221411,21.305500000000002,22.740835647523664,19.87016435247634,0.13473850860328662,0.28642857142857203,21.92,0.002283627391138315,0.5266129161260399,21.87,0.0,0.5645630361921725,21.87,0.011497022477614234,0.5645630361921725,21.72,0.004614682854672462,0.5629672282524905,21.18,0.0,0.5649769892758985,0.4898176652448267
2022-08-24,21.92,21.92,22.22,21.87,0,0.0,0.0,0.07914012078795257,0.12916351943634957,0.4898176652448267,0.3548934367728586,0.3600475544766916,0.2801141797162139,21.9,1.0009132420091325,21.697,1.0102779186062592,21.375,1.025497076023392,21.622400000000003,1.0137635045138376,24.147850000000002,0.9077412688914334,50.0,0.07711673335959546,-0.026085529937852195,21.375,22.78664331263417,19.96335668736583,0.13208358480787546,0.2692857142857145,21.92,0.0,0.5043260275795522,21.92,0.002283627391138315,0.5266129161260399,21.87,0.0,0.5645630361921725,21.62,-0.0046146828546724025,0.5630432481110996,21.38,0.009398565423638785,0.5655208848110831,0.48366951891228616
2022-08-25,21.92,21.92,21.92,21.87,0,0.0,0.0,0.016212146209018695,0.12722938388193683,0.48366951891228616,0.35352451706880067,0.35990976686311615,0.28010358701411286,21.91,1.0004564125969877,21.756000000000004,1.0075381503952932,21.5295,1.0181379038064053,21.606800000000003,1.0144954366218042,24.134950000000003,0.9082264516810683,52.52525252525257,0.08926897887283047,-0.0030146281757156626,21.5295,22.298380936645117,20.76061906335488,0.07142580521100055,0.2550000000000003,21.92,0.0,0.4898176652448267,21.92,0.0,0.5043260275795522,21.92,0.002283627391138315,0.5266129161260399,21.87,0.011497022477614234,0.5645630361921725,21.33,-0.002341373113640003,0.5600321556137939,0.36000882238162984
2022-08-26,21.82,21.92,21.92,21.82,0,-0.004572481674890117,-0.0045620437956205295,0.03974557374558615,0.1223980316967394,0.36000882238162984,0.3527811439707439,0.35992586491548656,0.28013420271619793,21.900000000000002,0.9963470319634702,21.82,1.0,21.589,1.0106998934642644,21.598200000000002,1.01026937429971,24.12105,0.9046040698891632,72.22222222222227,0.08979545066954842,0.015547387593337153,21.589,22.23992323098118,20.938076769018817,0.0603013785706778,0.1985714285714289,21.92,0.0,0.48366951891228616,21.92,0.0,0.4898176652448267,21.92,0.0,0.5043260275795522,21.87,0.0,0.5645630361921725,21.18,-0.007057192309998751,0.5582465713620509,0.1887902396909576
2022-08-29,21.87,21.82,21.92,21.82,0,0.002288854283751835,0.0022914757103575933,0.03976829720506195,0.07349578380767108,0.1887902396909576,0.35278922033942706,0.3599619031735505,0.28001387454102766,21.890000000000004,0.9990863407948833,21.845000000000002,1.0011444266422522,21.636000000000003,1.0108153078202995,21.5966,1.0126594000907552,24.1079,0.9071715080948569,73.15436241610745,0.093173222582422,0.03107255459115412,21.636000000000003,22.218748478739386,21.05325152126062,0.05386841178955285,0.19142857142857167,21.82,-0.004572481674890117,0.36000882238162984,21.92,0.0,0.48366951891228616,21.92,0.0,0.4898176652448267,21.92,0.002283627391138315,0.5266129161260399,21.62,0.020561472037801815,0.5633592530435807,0.18412406190840794
2022-08-30,21.87,21.92,21.92,21.82,0,0.0,0.0,0.03976829720506195,0.07101298257212418,0.18412406190840794,0.35279754893681403,0.35993499628979153,0.2799903738403059,21.880000000000003,0.9995429616087751,21.860000000000003,1.0004574565416284,21.663,1.0095554632322394,21.605999999999998,1.0122188281033049,24.09525,0.9076477729012981,68.99224806201559,0.09475782197190696,0.04380960806730469,21.663,22.236010517033453,21.089989482966548,0.052902231180672346,0.18071428571428605,21.87,0.002288854283751835,0.1887902396909576,21.82,-0.004572481674890117,0.36000882238162984,21.92,0.0,0.48366951891228616,21.92,0.0,0.5043260275795522,21.72,0.004614682854672462,0.5629672282524905,0.17407059993891538
2022-08-31,21.82,21.87,21.87,21.82,0,-0.002288854283751714,-0.0022862368541380906,0.041398527320312024,0.06699609487329329,0.17407059993891538,0.35138924646574626,0.3599359644219083,0.2799723358418516,21.860000000000003,0.9981701738334857,21.880000000000003,0.9972577696526507,21.6875,1.0061095100864554,21.6024,1.0100729548568679,24.08385,0.9060013245390582,68.99224806201559,0.09093085201242701,0.053233856856329156,21.6875,22.24216917593841,21.13283082406159,0.05115104792515606,0.17714285714285744,21.87,0.0,0.18412406190840794,21.87,0.002288854283751835,0.1887902396909576,21.82,-0.004572481674890117,0.36000882238162984,21.92,0.0,0.4898176652448267,21.62,-0.0046146828546724025,0.5630432481110996,0.20432014389544845
2022-09-01,21.18,21.82,21.87,21.18,0,-0.029769640231664382,-0.02933088909257564,0.20724297827590385,0.15153084387537252,0.20432014389544845,0.3560092579403446,0.36196659481261734,0.2814670640335789,21.712,0.9754974207811349,21.811,0.971069643757737,21.6505,0.9782684002678922,21.586,0.9811915130176967,24.06975,0.8799426666251208,50.0,0.03584213364517197,0.04975551221409772,21.6505,22.237642052209733,21.06335794779027,0.05423819793628153,0.21214285714285758,21.82,-0.002288854283751714,0.17407059993891538,21.87,0.0,0.18412406190840794,21.87,0.002288854283751835,0.1887902396909576,21.92,0.0,0.48366951891228616,21.87,0.011497022477614234,0.5645630361921725,0.18391477069968673
2022-09-02,21.43,21.18,21.43,21.38,0,0.011734469312225328,0.011803588290840494,0.24712197231875396,0.16893265286222264,0.18391477069968673,0.3551373644208523,0.36247449963469847,0.28167834010563925,21.634,0.9905703984468891,21.767,0.9845178481187118,21.631,0.990707780500208,21.575599999999998,0.9932516361074548,24.0569,0.8908047171497575,44.025157232704366,0.012216019441250836,0.042247613659528345,21.631,22.220340398464707,21.041659601535294,0.05449035166794938,0.1985714285714289,21.18,-0.029769640231664382,0.20432014389544845,21.82,-0.002288854283751714,0.17407059993891538,21.87,0.0,0.18412406190840794,21.82,-0.004572481674890117,0.36000882238162984,21.87,0.0,0.5645630361921725,0.1996246026442845
2022-09-05,20.93,21.43,21.82,20.93,0,-0.023608273027577276,-0.023331777881474558,0.2750128823821159,0.19792440439024023,0.1996246026442845,0.3554582636831118,0.3637802094459939,0.2824547691511989,21.446,0.9759395691504242,21.668,0.9659405575041536,21.6185,0.9681522769849896,21.562199999999997,0.9706801717821003,24.0413,0.8705852012994305,30.150753768844268,-0.04631972267796414,0.024534146392029846,21.6185,22.256697296667006,20.980302703332995,0.059041774097833385,0.23785714285714324,21.43,0.011734469312225328,0.18391477069968673,21.18,-0.029769640231664382,0.20432014389544845,21.82,-0.002288854283751714,0.17407059993891538,21.87,0.002288854283751835,0.1887902396909576,21.92,0.002283627391138315,0.5266129161260399,0.21236525326110872
2022-09-06,20.18,20.93,20.93,20.18,0,-0.036491521532445476,-0.03583373148590541,0.3199167917888154,0.2515687456421258,0.21236525326110872,0.3621452757072607,0.3668976465517612,0.2847323833152866,21.108,0.9560356263028236,21.494,0.9388666604633851,21.5685,0.9356237105037438,21.5328,0.9371749145489671,24.021949999999997,0.8400650238635915,22.727272727272748,-0.1514822588377136,-0.010669134653918843,21.5685,22.458403010681764,20.678596989318237,0.08251876678320359,0.2807142857142862,20.93,-0.023608273027577276,0.1996246026442845,21.43,0.011734469312225328,0.18391477069968673,21.18,-0.029769640231664382,0.20432014389544845,21.87,0.0,0.18412406190840794,21.92,0.0,0.5043260275795522,0.21380224829266492
2022-09-07,19.98,19.88,20.18,19.93,0,-0.009960241705055424,-0.009910802775024763,0.3032783345962932,0.24733304048688856,0.21380224829266492,0.3623487250100114,0.36692030577093854,0.284869394564684,20.74,0.9633558341369336,21.3,0.9380281690140845,21.4985,0.9293671651510571,21.4984,0.9293714881107431,24.001350000000002,0.8324531745089339,13.513513513513544,-0.24810268165417781,-0.058155844053970646,21.4985,22.636499630006174,20.360500369993826,0.10586781682500399,0.2807142857142862,20.18,-0.036491521532445476,0.21236525326110872,20.93,-0.023608273027577276,0.1996246026442845,21.43,0.011734469312225328,0.18391477069968673,21.82,-0.002288854283751714,0.17407059993891538,21.92,0.0,0.4898176652448267,0.20949365948412318
2022-09-08,19.98,19.98,20.13,19.93,0,0.0,0.0,0.30177346886168055,0.24733304048688856,0.20949365948412318,0.3623487250100114,0.3661119816638176,0.2848563781175295,20.5,0.9746341463414634,21.106,0.946650241637449,21.431,0.9322943399748028,21.465,0.9308176100628931,23.980749999999997,0.8331682703835369,13.513513513513544,-0.32097506213255755,-0.11071968766968804,21.431,22.755885695168697,20.106114304831305,0.12364198545739312,0.2914285714285718,19.98,-0.009960241705055424,0.21380224829266492,20.18,-0.036491521532445476,0.21236525326110872,20.93,-0.023608273027577276,0.1996246026442845,21.18,-0.029769640231664382,0.20432014389544845,21.92,0.0,0.48366951891228616,0.20977490686190953
2022-09-09,19.98,19.98,20.13,19.98,0,0.0,0.0,0.25181322798962696,0.25080374502159575,0.20977490686190953,0.3597855382590868,0.36612641373103627,0.28477198076975846,20.21,0.9886194952993568,20.922,0.9549756237453398,21.371000000000002,0.9349117963595526,21.4306,0.9323117411551708,23.961150000000004,0.8338497943546114,11.811023622047259,-0.37441097205570273,-0.163457944546891,21.371000000000002,22.84414057641973,19.897859423580275,0.1378635137728442,0.2950000000000002,19.98,0.0,0.20949365948412318,19.98,-0.009960241705055424,0.21380224829266492,20.18,-0.036491521532445476,0.21236525326110872,21.43,0.011734469312225328,0.18391477069968673,21.82,-0.004572481674890117,0.36000882238162984,0.20952756782917692
2022-09-12,19.98,19.98,20.13,19.93,0,0.0,0.0,0.2509081718698967,0.2482176345440178,0.20952756782917692,0.3597855382590868,0.36591916743737285,0.28477003426354935,20.020000000000003,0.9980019980019978,20.732999999999997,0.963681088120388,21.288999999999998,0.9385128470101932,21.396200000000004,0.9338106766622108,23.94005,0.8345847230895508,11.811023622047259,-0.41200992174414,-0.2131683399863408,21.288999999999998,22.881520676557358,19.696479323442638,0.14960972112897364,0.2950000000000002,19.98,0.0,0.20977490686190953,19.98,0.0,0.20949365948412318,19.98,-0.009960241705055424,0.21380224829266492,20.93,-0.023608273027577276,0.1996246026442845,21.87,0.002288854283751835,0.1887902396909576,0.19162519539036052
2022-09-13,19.93,19.98,20.33,19.93,0,-0.0025056389957041083,-0.0025025025025025016,0.06846543165759428,0.24597149097197155,0.19162519539036052,0.35967267967140837,0.36565464943728526,0.2846749774421294,19.97,0.99799699549324,20.538999999999998,0.9703490919713716,21.1995,0.9401165121818911,21.357799999999997,0.9331485452621525,23.918699999999998,0.8332392646757558,11.583011583011583,-0.44076112253429756,-0.2586868964959322,21.1995,22.888317399995014,19.510682600004987,0.15932615391825405,0.2985714285714288,19.98,0.0,0.20952756782917692,19.98,0.0,0.20977490686190953,19.98,0.0,0.20949365948412318,20.18,-0.036491521532445476,0.21236525326110872,21.87,0.0,0.18412406190840794,0.20276291083068237
2022-09-14,19.43,19.93,20.03,19.43,0,-0.02540787083535465,-0.025087807325639755,0.17677198652372345,0.25477105595417265,0.20276291083068237,0.36092450087360667,0.3665915318226257,0.285641874946625,19.860000000000003,0.9783484390735144,20.3,0.9571428571428571,21.09,0.9212897107633949,21.3044,0.9120181746493682,23.893600000000003,0.8131884688786954,9.708737864077676,-0.4981501132099524,-0.30657953983873626,21.09,22.940291584418,19.239708415582,0.17546624792963478,0.33785714285714313,19.93,-0.0025056389957041083,0.19162519539036052,19.98,0.0,0.20952756782917692,19.98,0.0,0.20977490686190953,19.98,-0.009960241705055424,0.21380224829266492,21.82,-0.002288854283751714,0.17407059993891538,0.20771129185035747
2022-09-15,19.58,19.43,19.83,19.43,0,0.007690373713015429,0.007720020586721388,0.19909457670035025,0.2493121086902834,0.20771129185035747,0.3606945664135493,0.36686319484537483,0.2856208220702691,19.78,0.9898887765419614,20.139999999999997,0.9721946375372393,20.9755,0.9334700007151199,21.262999999999998,0.9208484221417486,23.86925,0.8203022717513118,14.331210191082775,-0.5254702613095681,-0.35035768413290264,20.9755,22.904311742198242,19.04668825780176,0.18391091913882787,0.3592857142857144,19.43,-0.02540787083535465,0.20276291083068237,19.93,-0.0025056389957041083,0.19162519539036052,19.98,0.0,0.20952756782917692,19.98,0.0,0.20949365948412318,21.18,-0.029769640231664382,0.20432014389544845,0.20253243922159622
2022-09-16,19.68,19.58,19.73,19.58,0,0.0050942545217430935,0.005107252298263587,0.20866900087365978,0.23660794929974022,0.20253243922159622,0.35774016052349444,0.36695476521471093,0.2854362831706218,19.72,0.9979716024340771,19.965,0.98572501878287,20.866,0.9431611233585737,21.2216,0.9273570324574962,23.845899999999997,0.825299108022763,15.673981191222566,-0.5329094626832322,-0.3868680398429686,20.866,22.829341941422108,18.90265805857789,0.18818575111876815,0.362857142857143,19.58,0.007690373713015429,0.20771129185035747,19.43,-0.02540787083535465,0.20276291083068237,19.93,-0.0025056389957041083,0.19162519539036052,19.98,0.0,0.20977490686190953,21.43,0.011734469312225328,0.18391477069968673,0.20253243922159622
2022-09-19,19.68,19.68,19.73,19.58,0,0.0,0.0,0.20866900087365978,0.22378435750799758,0.20253243922159622,0.35287672648469975,0.3665308794632703,0.28539405368785714,19.66,1.0010172939979654,19.84,0.9919354838709677,20.753999999999998,0.9482509395779127,21.1782,0.9292574439754087,23.8233,0.8260820289380565,15.673981191222566,-0.532664854498119,-0.41602740277399863,20.753999999999998,22.71974239357413,18.788257606425866,0.1894326292352445,0.3664285714285716,19.68,0.0050942545217430935,0.20253243922159622,19.58,0.007690373713015429,0.20771129185035747,19.43,-0.02540787083535465,0.20276291083068237,19.98,0.0,0.20952756782917692,20.93,-0.023608273027577276,0.1996246026442845,0.2026497043148951
2022-09-20,19.73,19.68,19.73,19.63,0,0.0025374284104167444,0.002540650406504197,0.21249720095983637,0.14888961378950713,0.2026497043148951,0.3529649057715343,0.3665470054053884,0.2853580272706703,19.619999999999997,1.005606523955148,19.794999999999998,0.9967163425107352,20.6445,0.9557024873452977,21.132800000000003,0.9336197758933978,23.8022,0.8289149742460782,17.24137931034484,-0.5224143511679245,-0.4373047924527838,20.6445,22.580523868926342,18.70847613107366,0.18755832002967773,0.3700000000000002,19.68,0.0,0.20253243922159622,19.68,0.0050942545217430935,0.20253243922159622,19.58,0.007690373713015429,0.20771129185035747,19.93,-0.0025056389957041083,0.19162519539036052,20.18,-0.036491521532445476,0.21236525326110872,0.20666865040130017
2022-09-21,19.88,19.88,19.88,19.73,0,0.007573881193903955,0.007602635580334471,0.05268011245248467,0.14949932633751076,0.20666865040130017,0.35345223067965575,0.3665492271992853,0.28547767712478705,19.71,1.008625063419584,19.785,1.0048016173869092,20.5425,0.9677497870268954,21.0814,0.9430113749561225,23.781599999999997,0.8359403908904364,25.92592592592591,-0.49646407817511573,-0.4491366495972502,20.5425,22.40929432520873,18.67570567479127,0.18174947793196833,0.33142857142857146,19.73,0.0025374284104167444,0.2026497043148951,19.68,0.0,0.20253243922159622,19.68,0.0050942545217430935,0.20253243922159622,19.43,-0.02540787083535465,0.20276291083068237,19.98,-0.009960241705055424,0.21380224829266492,0.2075622878636844
2022-09-22,19.93,19.93,20.03,19.93,0,0.0025119329962754178,0.0025150905432596016,0.04579012383341663,0.1502652222815294,0.2075622878636844,0.35230561250816517,0.365960738446324,0.28540913778992566,19.779999999999998,1.007583417593529,19.779999999999998,1.007583417593529,20.443,0.9749058357383945,21.038,0.9473333967107139,23.7635,0.8386811707029688,20.0,-0.4664863534294703,-0.4526065903636942,20.443,22.21012791065943,18.675872089340572,0.17288342324115138,0.32428571428571445,19.88,0.007573881193903955,0.20666865040130017,19.73,0.0025374284104167444,0.2026497043148951,19.68,0.0,0.20253243922159622,19.58,0.007690373713015429,0.20771129185035747,19.98,0.0,0.20949365948412318,0.2070529840514616
2022-09-23,19.88,19.93,19.98,19.83,0,-0.0025119329962753974,-0.0025087807325639977,0.05938324184441331,0.15067646726853223,0.2070529840514616,0.3522379493676397,0.36595990620341773,0.2851615845987415,19.82,1.0030272452068616,19.77,1.005563985837127,20.346,0.9770962351322127,20.9916,0.9470454848606109,23.7454,0.837214786863982,24.39024390243901,-0.4416720522363917,-0.45041968273823374,20.346,22.00451423680481,18.68748576319519,0.1630309875950859,0.27142857142857174,19.93,0.0025119329962754178,0.2075622878636844,19.88,0.007573881193903955,0.20666865040130017,19.73,0.0025374284104167444,0.2026497043148951,19.68,0.0050942545217430935,0.20253243922159622,19.98,0.0,0.20977490686190953,0.20853619416251665
2022-09-26,19.93,19.88,19.93,19.88,0,0.0025119329962754178,0.0025150905432596016,0.05660680711345318,0.15143640989033302,0.20853619416251665,0.3522468528333826,0.36602548363436016,0.28424030695334607,19.869999999999997,1.0030196275792653,19.765,1.0083480900581836,20.249000000000002,0.984246135611635,20.9502,0.9513035675077088,23.72755,0.839951870294236,40.74074074074075,-0.4132087444385526,-0.44297749507829753,20.249000000000002,21.7518380169743,18.746161983025704,0.14843577628271004,0.22142857142857178,19.88,-0.0025119329962753974,0.2070529840514616,19.93,0.0025119329962754178,0.2075622878636844,19.88,0.007573881193903955,0.20666865040130017,19.68,0.0,0.20253243922159622,19.98,0.0,0.20952756782917692,0.2132575648114939
2022-09-27,20.13,19.93,20.38,19.93,0,0.00998510542699664,0.010035122930255769,0.07753647630839516,0.1590197272399917,0.2132575648114939,0.3529683578347187,0.3662217214899083,0.2844309472304612,19.95,1.0090225563909774,19.785,1.0174374526156178,20.162,0.9984128558674734,20.9144,0.962494740465899,23.708199999999998,0.8490733164052944,55.55555555555549,-0.3702450845463545,-0.42843101297190894,20.162,21.45677655052507,18.867223449474928,0.12843731281867588,0.23571428571428601,19.93,0.0025119329962754178,0.20853619416251665,19.88,-0.0025119329962753974,0.2070529840514616,19.93,0.0025119329962754178,0.2075622878636844,19.73,0.0025374284104167444,0.2026497043148951,19.93,-0.0025056389957041083,0.19162519539036052,0.21607983285822338
2022-09-28,19.83,20.13,19.93,19.58,0,-0.015015297119995554,-0.014903129657228065,0.14696197538576883,0.11243184441414651,0.21607983285822338,0.3539764875746447,0.36616166573241477,0.28479587241564797,19.939999999999998,0.9944834503510532,19.825,1.0002522068095838,20.0625,0.9884112149532709,20.8736,0.9500038325923654,23.687350000000002,0.8371556970281605,45.454545454545396,-0.35629640418014574,-0.41400409121355636,20.0625,21.101363245141265,19.023636754858735,0.10356269110442515,0.2607142857142861,20.13,0.00998510542699664,0.2132575648114939,19.93,0.0025119329962754178,0.20853619416251665,19.88,-0.0025119329962753974,0.2070529840514616,19.88,0.007573881193903955,0.20666865040130017,19.43,-0.02540787083535465,0.20276291083068237,0.2185661808653587
2022-09-29,19.93,19.83,19.93,19.68,0,0.00503019169299879,0.005042864346949116,0.15124247761945986,0.10944030054807294,0.2185661808653587,0.35420199843580047,0.3154459290147755,0.2834009225888446,19.94,0.9994984954864593,19.86,1.0035246727089628,20.0,0.9964999999999999,20.8348,0.956572657284927,23.664249999999996,0.8421986752168357,48.571428571428555,-0.3333303850421778,-0.3978693499792807,20.0,20.896425650775697,19.103574349224303,0.08964256507756971,0.26785714285714335,19.83,-0.015015297119995554,0.21607983285822338,20.13,0.00998510542699664,0.2132575648114939,19.93,0.0025119329962754178,0.20853619416251665,19.93,0.0025119329962754178,0.2075622878636844,19.58,0.007690373713015429,0.20771129185035747,0.19826624877404658
2022-09-30,19.93,19.93,19.93,19.88,0,0.0,0.0,0.1496571601986116,0.10808939369717362,0.19826624877404658,0.35381843992754525,0.3150247717097568,0.2833977887369794,19.949999999999996,0.998997493734336,19.884999999999998,1.002263012320845,19.925,1.0002509410288583,20.8198,0.9572618372895032,23.6364,0.8431910104753686,48.571428571428555,-0.31153842833816014,-0.38060316565105656,19.925,20.51696372577366,19.33303627422634,0.05941919455695454,0.25714285714285773,19.93,0.00503019169299879,0.2185661808653587,19.83,-0.015015297119995554,0.21607983285822338,20.13,0.00998510542699664,0.2132575648114939,19.88,-0.0025119329962753974,0.2070529840514616,19.68,0.0050942545217430935,0.20253243922159622,0.2210486778791536
2022-10-04,19.23,19.93,19.93,19.23,0,-0.03575457462401499,-0.035122930255895635,0.2941259721219857,0.2154674724042453,0.2210486778791536,0.3593811398603667,0.3174787903325987,0.2855083121044758,19.81,0.9707218576476527,19.839999999999996,0.9692540322580647,19.839999999999996,0.9692540322580647,20.772,0.9257654534950897,23.6073,0.8145785413833857,35.4166666666667,-0.3467551183468238,-0.3738335561902101,19.839999999999996,20.297222737382164,19.38277726261783,0.04609100175223464,0.27857142857142925,19.93,0.0,0.19826624877404658,19.93,0.00503019169299879,0.2185661808653587,19.83,-0.015015297119995554,0.21607983285822338,19.93,0.0025119329962754178,0.20853619416251665,19.68,0.0,0.20253243922159622,0.21434225068497792
2022-10-05,18.93,19.23,19.43,18.93,0,-0.01572359437945687,-0.015600624024960985,0.2535994469061433,0.22331430850621406,0.21434225068497792,0.3585038807629752,0.31749868379763796,0.28574533214806946,19.57,0.9672968829841594,19.759999999999998,0.9579959514170041,19.777499999999996,0.9571482745544181,20.732000000000003,0.9130812270885587,23.578200000000002,0.8028602692317479,38.63636363636366,-0.39432654079410767,-0.3779321531109896,19.777499999999996,20.36282492101244,19.192175078987553,0.059190991885975805,0.27142857142857196,19.23,-0.03575457462401499,0.2210486778791536,19.93,0.0,0.19826624877404658,19.93,0.00503019169299879,0.2185661808653587,20.13,0.00998510542699664,0.2132575648114939,19.73,0.0025374284104167444,0.2026497043148951,0.1921884983728279
2022-10-06,19.23,18.93,19.23,18.93,0,0.015723594379456876,0.015847860538827252,0.3184172376778884,0.23851349624886026,0.1921884983728279,0.36003913400696347,0.31840942916527604,0.2862229036314838,19.45,0.9886889460154242,19.695,0.9763899466869764,19.740000000000002,0.9741641337386018,20.706,0.9287163141118516,23.55035,0.8165483740156728,42.553191489361765,-0.4031722245827858,-0.3829801674053489,19.740000000000002,20.36542617049272,19.114573829507282,0.06336637998913064,0.264285714285715,18.93,-0.01572359437945687,0.21434225068497792,19.23,-0.03575457462401499,0.2210486778791536,19.93,0.0,0.19826624877404658,19.83,-0.015015297119995554,0.21607983285822338,19.88,0.007573881193903955,0.20666865040130017,0.196973047269581
2022-10-07,19.48,19.23,19.48,19.18,0,0.012916738613700612,0.013000520020800765,0.3400426703474787,0.25103268954143326,0.196973047269581,0.36103830782788193,0.318122824147318,0.2865363706565353,19.36,1.006198347107438,19.65,0.9913486005089059,19.715,0.9880801420238398,20.719,0.9401998165934649,23.52375,0.8280992613847707,46.00000000000002,-0.3855650284105785,-0.38349713960639487,19.715,20.34000526313602,19.08999473686398,0.06340403379518349,0.27500000000000063,19.23,0.015723594379456876,0.1921884983728279,18.93,-0.01572359437945687,0.21434225068497792,19.23,-0.03575457462401499,0.2210486778791536,19.93,0.00503019169299879,0.2185661808653587,19.93,0.0025119329962754178,0.2075622878636844,0.1981926609416725
2022-10-11,19.33,19.48,19.58,19.33,0,-0.007730004994149585,-0.007700205338809107,0.3379228399068953,0.25252768512820967,0.1981926609416725,0.36079316992176347,0.3144348081940399,0.2860732075735701,19.240000000000002,1.0046777546777546,19.595,0.9864761418729268,19.682499999999997,0.9820906896989712,20.693,0.934132315275697,23.496399999999998,0.8226792189441787,43.396226415094326,-0.37934212510288745,-0.38266613670569344,19.682499999999997,20.31701183058968,19.047988169410313,0.06447471922669214,0.2821428571428576,19.48,0.012916738613700612,0.196973047269581,19.23,0.015723594379456876,0.1921884983728279,18.93,-0.01572359437945687,0.21434225068497792,19.93,0.0,0.19826624877404658,19.88,-0.0025119329962753974,0.2070529840514616,0.19865281253852696
2022-10-12,19.38,19.33,19.58,19.33,0,0.0025833132423806037,0.002586652871184647,0.2123355230511066,0.25257002169405945,0.19865281253852696,0.35807456096643786,0.3144506781029091,0.28600527058490177,19.27,1.00570835495589,19.54,0.9918116683725691,19.6525,0.9861340796336343,20.662,0.9379537314877553,23.469050000000003,0.8257684056235765,43.396226415094326,-0.36615503988913645,-0.37936391734238206,19.6525,20.284518487404796,19.020481512595204,0.06431939828569352,0.2928571428571432,19.33,-0.007730004994149585,0.1981926609416725,19.48,0.012916738613700612,0.196973047269581,19.23,0.015723594379456876,0.1921884983728279,19.23,-0.03575457462401499,0.2210486778791536,19.93,0.0025119329962754178,0.20853619416251665,0.1999227584569468
2022-10-13,19.48,19.38,19.53,19.43,0,0.005146691751769001,0.005159958720330371,0.14698601555012727,0.24681538461335512,0.1999227584569468,0.35733632801220705,0.3143843286987926,0.28602453472348077,19.38,1.0051599587203304,19.475,1.0002567394094992,19.630000000000003,0.9923586347427406,20.625,0.9444848484848485,23.443199999999997,0.830944580944581,42.30769230769236,-0.3436733629850366,-0.372225806470913,19.630000000000003,20.25238928417273,19.007610715827276,0.06341205136757272,0.2928571428571435,19.38,0.0025833132423806037,0.19865281253852696,19.33,-0.007730004994149585,0.1981926609416725,19.48,0.012916738613700612,0.196973047269581,18.93,-0.01572359437945687,0.21434225068497792,20.13,0.00998510542699664,0.2132575648114939,0.2164419548577956
2022-10-14,19.93,19.48,19.93,19.43,0,0.022837836010314305,0.0231006160164271,0.18197717170694697,0.2686160205347077,0.2164419548577956,0.3605593010395109,0.3159162141899609,0.2866007705977479,19.52,1.0210040983606556,19.485,1.0228380805748012,19.655,1.0139913508013227,20.596999999999998,0.9676166432004661,23.42085,0.850951182386634,50.0,-0.2862455721002348,-0.3550297595967774,19.655,20.28369957682118,19.02630042317882,0.06397350056689699,0.31785714285714334,19.48,0.005146691751769001,0.1999227584569468,19.38,0.0025833132423806037,0.19865281253852696,19.33,-0.007730004994149585,0.1981926609416725,19.23,0.015723594379456876,0.1921884983728279,19.83,-0.015015297119995554,0.21607983285822338,0.19803463530268386
2022-10-17,20.13,19.93,20.13,20.03,0,0.00998510542699664,0.010035122930255769,0.17725416547807366,0.27208350544692084,0.19803463530268386,0.3609943568440265,0.31013886183333306,0.2867904259598886,19.65,1.0244274809160305,19.505000000000003,1.0320430658805433,19.6825,1.0227359329353485,20.5612,0.9790284613738498,23.4005,0.8602380291019421,53.96825396825396,-0.2220358148873487,-0.3284309706548917,19.6825,20.344613839790775,19.020386160209227,0.06727944517116967,0.3214285714285717,19.93,0.022837836010314305,0.2164419548577956,19.48,0.005146691751769001,0.1999227584569468,19.38,0.0025833132423806037,0.19865281253852696,19.48,0.012916738613700612,0.196973047269581,19.93,0.00503019169299879,0.2185661808653587,0.19901733653638914
2022-10-18,20.33,20.13,20.78,20.13,0,0.00988638798855518,0.009935419771485376,0.12381770235387987,0.2755715617560682,0.19901733653638914,0.36166769018873457,0.299340200296061,0.2869880244437236,19.85,1.024181360201511,19.544999999999998,1.0401637247377846,19.715,1.0311945219376109,20.531399999999998,0.9901906348325005,23.38015,0.8695410422944249,56.060606060606034,-0.1532442864169994,-0.29339363380731326,19.715,20.437641353865217,18.992358646134782,0.07330878558105174,0.36428571428571466,20.13,0.00998510542699664,0.19803463530268386,19.93,0.022837836010314305,0.2164419548577956,19.48,0.005146691751769001,0.1999227584569468,19.33,-0.007730004994149585,0.1981926609416725,19.93,0.0,0.19826624877404658,0.19915800422924676
2022-10-19,20.28,20.33,20.33,20.28,0,-0.0024624489172727225,-0.0024594195769797045,0.14623656650315126,0.183047467567512,0.19915800422924676,0.3616700542281276,0.2989947791043014,0.28678492255396,20.03,1.0124812780828756,19.65,1.0320610687022902,19.744999999999997,1.027095467206888,20.5134,0.9886220714264822,23.357799999999997,0.8682324533988648,52.380952380952415,-0.10159002010641771,-0.25503291106713416,19.744999999999997,20.510093733507848,18.979906266492147,0.07749746604283113,0.3357142857142859,20.33,0.00988638798855518,0.19901733653638914,20.13,0.00998510542699664,0.19803463530268386,19.93,0.022837836010314305,0.2164419548577956,19.38,0.0025833132423806037,0.19865281253852696,19.23,-0.03575457462401499,0.2210486778791536,0.20147664516786556
2022-10-20,20.13,20.28,20.23,20.13,0,-0.007423939071282392,-0.007396449704142105,0.18861948037184212,0.1595722207618419,0.20147664516786556,0.36187481620780043,0.29908737203753355,0.2868432778322283,20.16,0.9985119047619047,19.77,1.0182094081942337,19.764999999999997,1.0184669870984064,20.492399999999996,0.9823153949756984,23.33345,0.8627099721644249,55.0,-0.07192824427782796,-0.21841197770927293,19.764999999999997,20.549118680598475,18.98088131940152,0.07934416196291207,0.30714285714285744,20.28,-0.0024624489172727225,0.19915800422924676,20.33,0.00988638798855518,0.19901733653638914,20.13,0.00998510542699664,0.19803463530268386,19.48,0.005146691751769001,0.1999227584569468,18.93,-0.01572359437945687,0.21434225068497792,0.20353904539282405
2022-10-21,19.98,20.13,19.98,19.93,0,-0.007479466431292624,-0.007451564828613977,0.14049349695070568,0.16305242721491162,0.20353904539282405,0.34470954522203756,0.29913685121891226,0.2869195275961278,20.17,0.9905800694100149,19.845,1.0068027210884354,19.77,1.0106221547799696,20.4644,0.9763296260823674,23.3076,0.857231117747001,50.81967213114756,-0.05983507809556343,-0.18669659778653103,19.77,20.558469536841248,18.98153046315875,0.07976424247255923,0.3035714285714288,20.13,-0.007423939071282392,0.20147664516786556,20.28,-0.0024624489172727225,0.19915800422924676,20.33,0.00988638798855518,0.19901733653638914,19.93,0.022837836010314305,0.2164419548577956,19.23,0.015723594379456876,0.1921884983728279,0.20217766262994116
2022-10-24,19.93,19.98,20.08,19.93,0,-0.0025056389957041083,-0.0025025025025025016,0.11258579152101138,0.15725355541313754,0.20217766262994116,0.3323672194721375,0.29540185818206716,0.2868406499287199,20.13,0.9900645802285147,19.89,1.0020110608345902,19.77,1.0080930703085482,20.436400000000003,0.9752206846607033,23.280749999999998,0.8560720767157416,50.0,-0.05366709800296121,-0.16009069782981705,19.77,20.558469536841248,18.98153046315875,0.07976424247255923,0.31071428571428583,19.98,-0.007479466431292624,0.20353904539282405,20.13,-0.007423939071282392,0.20147664516786556,20.28,-0.0024624489172727225,0.19915800422924676,20.13,0.00998510542699664,0.19803463530268386,19.48,0.012916738613700612,0.196973047269581,0.20666940901598135
2022-10-25,19.68,19.93,19.93,19.63,0,-0.012623242600595995,-0.012543903662819877,0.06714553302651001,0.16755910966051576,0.20666940901598135,0.32714265913009494,0.29514982945540236,0.28703830957642407,20.0,0.984,19.924999999999997,0.9877038895859475,19.759999999999998,0.9959514170040487,20.406399999999998,0.9644033244472323,23.25265,0.8463551466176974,58.49056603773583,-0.06816606405003256,-0.14170577107386015,19.759999999999998,20.54766811071156,18.972331889288437,0.0797234929870001,0.28214285714285736,19.93,-0.0025056389957041083,0.20217766262994116,19.98,-0.007479466431292624,0.20353904539282405,20.13,-0.007423939071282392,0.20147664516786556,20.33,0.00988638798855518,0.19901733653638914,19.33,-0.007730004994149585,0.1981926609416725,0.20803040756921762
2022-10-26,19.53,19.68,19.68,19.43,0,-0.00765114673551975,-0.007621951219512146,0.05680189689460509,0.17396405657615047,0.20803040756921762,0.3253161946344799,0.28912302084675784,0.28711507434197575,19.85,0.9838790931989925,19.939999999999998,0.9794383149448347,19.74,0.9893617021276597,20.3646,0.9590171179399547,23.22355,0.8409567012795202,62.00000000000003,-0.09071464355642433,-0.13150754557037297,19.74,20.52980343990423,18.950196560095765,0.08002061194571765,0.2642857142857145,19.68,-0.012623242600595995,0.20666940901598135,19.93,-0.0025056389957041083,0.20217766262994116,19.98,-0.007479466431292624,0.20353904539282405,20.28,-0.0024624489172727225,0.19915800422924676,19.38,0.0025833132423806037,0.19865281253852696,0.22676734413841965
2022-10-27,20.03,19.53,20.03,19.53,0,0.025279404789139308,0.0256016385048643,0.23998809243859384,0.21309854657882774,0.22676734413841965,0.2792418660200792,0.29122096944465714,0.28829829173923854,19.830000000000002,1.010085728693898,19.994999999999997,1.0017504376094026,19.735,1.0149480618191031,20.3308,0.9852047140299448,23.1967,0.8634848922476043,64.81481481481484,-0.0674610845536705,-0.11869825336703249,19.735,20.515620535889866,18.954379464110133,0.07911026459486867,0.27857142857142875,19.53,-0.00765114673551975,0.20803040756921762,19.68,-0.012623242600595995,0.20666940901598135,19.93,-0.0025056389957041083,0.20217766262994116,20.13,-0.007423939071282392,0.20147664516786556,19.48,0.005146691751769001,0.1999227584569468,0.2239806427681248
2022-10-28,20.03,20.03,20.13,19.73,0,0.0,0.0,0.2330315381702234,0.18140454571604636,0.2239806427681248,0.2104500755315017,0.2885099406376124,0.288282485283125,19.84,1.009576612903226,20.005,1.0012496875781056,19.744999999999997,1.0144340339326414,20.299,0.9867481156707227,23.1701,0.8644761999300823,61.22448979591838,-0.04847369690702408,-0.10465334207503081,19.744999999999997,20.535802390646978,18.954197609353017,0.08010153361833182,0.2857142857142857,20.03,0.025279404789139308,0.22676734413841965,19.53,-0.00765114673551975,0.20803040756921762,19.68,-0.012623242600595995,0.20666940901598135,19.98,-0.007479466431292624,0.20353904539282405,19.93,0.022837836010314305,0.2164419548577956,0.21827018674037857
2022-10-31,19.93,20.03,20.13,19.93,0,-0.005005015453023625,-0.004992511233150365,0.23572238234182963,0.17495234483934646,0.21827018674037857,0.20843569928001773,0.2863674451231659,0.28829494999508254,19.84,1.0045362903225807,19.985,0.997247935951964,19.744999999999997,1.0093694606229426,20.2602,0.9837020365050689,23.14275,0.8611768264359249,62.500000000000036,-0.0410223396692615,-0.09192714159387695,19.744999999999997,20.535802390646978,18.954197609353017,0.08010153361833182,0.2821428571428571,20.03,0.0,0.2239806427681248,20.03,0.025279404789139308,0.22676734413841965,19.53,-0.00765114673551975,0.20803040756921762,19.93,-0.0025056389957041083,0.20217766262994116,20.13,0.00998510542699664,0.19803463530268386,0.21757352890013976
2022-11-01,19.93,19.93,20.08,19.93,0,0.0,0.0,0.20861079730719378,0.16445393670996636,0.21757352890013976,0.20456314105847373,0.28523147303938234,0.2881578673578268,19.89,1.0020110608345902,19.945,0.9992479318124843,19.744999999999997,1.0093694606229426,20.2214,0.9855895239696559,23.11515,0.8622050906007532,61.702127659574494,-0.03471689066908823,-0.08048509140891921,19.744999999999997,20.535802390646978,18.954197609353017,0.08010153361833182,0.27499999999999986,19.93,-0.005005015453023625,0.21827018674037857,20.03,0.0,0.2239806427681248,20.03,0.025279404789139308,0.22676734413841965,19.68,-0.012623242600595995,0.20666940901598135,20.33,0.00988638798855518,0.19901733653638914,0.2177474642024409
2022-11-02,19.88,19.93,19.88,19.68,0,-0.0025119329962753974,-0.0025087807325639977,0.19560255959008543,0.16445812875212512,0.2177474642024409,0.20457104852674002,0.28523354265231665,0.28814763175907576,19.96,0.9959919839679358,19.905,0.9987440341622706,19.777499999999996,1.0051826570597904,20.1806,0.9851045063080385,23.087049999999998,0.8610887922016889,58.69565217391302,-0.03336969398041134,-0.07106201192321765,19.777499999999996,20.531768554715033,19.02323144528496,0.07627541951359236,0.28214285714285686,19.93,0.0,0.21757352890013976,19.93,-0.005005015453023625,0.21827018674037857,20.03,0.0,0.2239806427681248,19.53,-0.00765114673551975,0.20803040756921762,20.28,-0.0024624489172727225,0.19915800422924676,0.17556636034032533
2022-11-03,19.83,19.88,19.83,19.73,0,-0.0025182586967234123,-0.0025150905432596016,0.033261296702360756,0.16174271735796913,0.17556636034032533,0.19626806948601214,0.2846589083348313,0.2880142538989802,19.919999999999998,0.9954819277108434,19.875,0.9977358490566037,19.8225,1.0003783579265983,20.1388,0.9846664150793493,23.058699999999998,0.8599790968267942,47.36842105263154,-0.03592252057497802,-0.06403411365356973,19.8225,20.46262745441439,19.182372545585615,0.06458594570961146,0.25714285714285673,19.88,-0.0025119329962753974,0.2177474642024409,19.93,0.0,0.21757352890013976,19.93,-0.005005015453023625,0.21827018674037857,20.03,0.025279404789139308,0.22676734413841965,20.13,-0.007423939071282392,0.20147664516786556,0.16491687328248858
2022-11-04,19.78,19.83,19.83,19.73,0,-0.002524616337138356,-0.002521432173474336,0.028091004051168638,0.15849502362818527,0.16491687328248858,0.19618432431519342,0.2845846724285149,0.28800272726512266,19.869999999999997,0.9954705586311023,19.855,0.9962226139511459,19.85,0.9964735516372796,20.096,0.9842754777070064,23.0301,0.8588759927225674,40.00000000000004,-0.04150182892599119,-0.05952765670805402,19.85,20.427107123140274,19.27289287685973,0.058146813414637066,0.2499999999999995,19.83,-0.0025182586967234123,0.17556636034032533,19.88,-0.0025119329962753974,0.2177474642024409,19.93,0.0,0.21757352890013976,20.03,0.0,0.2239806427681248,19.98,-0.007479466431292624,0.20353904539282405,0.1587202853617336
2022-11-07,19.93,19.78,19.93,19.78,0,0.007554808030137241,0.007583417593528763,0.06924099590988382,0.16378760915215307,0.1587202853617336,0.18841712948984046,0.28343899863150923,0.28808353474543463,19.869999999999997,1.0030196275792653,19.854999999999997,1.0037773860488544,19.8725,1.0028934457164425,20.0562,0.9937076814152231,23.00125,0.8664746481169502,38.235294117647065,-0.03343431462634783,-0.05430898829171279,19.8725,20.423360570762995,19.321639429237003,0.05543948378543174,0.21428571428571352,19.78,-0.002524616337138356,0.16491687328248858,19.83,-0.0025182586967234123,0.17556636034032533,19.88,-0.0025119329962753974,0.2177474642024409,19.93,-0.005005015453023625,0.21827018674037857,19.93,-0.0025056389957041083,0.20217766262994116,0.15487252871776022
2022-11-08,19.83,19.93,19.93,19.83,0,-0.005030191692998789,-0.005017561465127995,0.07790749687543269,0.15136622021426768,0.15487252871776022,0.1885808661542115,0.2834072336303874,0.2874617107767106,19.85,0.9989924433249369,19.87,0.9979869149471564,19.8975,0.9966076140218619,20.016399999999997,0.9906876361383666,22.9714,0.8632473423474407,37.14285714285707,-0.034709802686435864,-0.05038915117065741,19.8975,20.38661843361862,19.408381566381383,0.049163807877232596,0.2178571428571424,19.93,0.007554808030137241,0.1587202853617336,19.78,-0.002524616337138356,0.16491687328248858,19.83,-0.0025182586967234123,0.17556636034032533,19.93,0.0,0.21757352890013976,19.68,-0.012623242600595995,0.20666940901598135,0.15175804449931243
2022-11-09,19.88,19.83,19.93,19.68,0,0.0025182586967233927,0.002521432173474558,0.07993996707345222,0.14397289905752628,0.15175804449931243,0.18753123221199128,0.2834666405386673,0.2874801214859523,19.85,1.0015113350125944,19.905,0.9987440341622706,19.9225,0.9978667335926715,19.976599999999998,0.9951643422804682,22.941549999999996,0.8665499933526725,42.424242424242415,-0.03132495939805935,-0.046576312816137805,19.9225,20.347105079673415,19.497894920326583,0.04262568248697864,0.2249999999999994,19.83,-0.005030191692998789,0.15487252871776022,19.93,0.007554808030137241,0.1587202853617336,19.78,-0.002524616337138356,0.16491687328248858,19.88,-0.0025119329962753974,0.2177474642024409,19.53,-0.00765114673551975,0.20803040756921762,0.15225787938404947
2022-11-10,19.83,19.88,19.93,19.83,0,-0.0025182586967234123,-0.0025150905432596016,0.07993996707345222,0.060115282226176785,0.15225787938404947,0.18753611555324443,0.2834221652482941,0.28744283065206294,19.85,0.9989924433249369,19.884999999999998,0.9972340960523007,19.939999999999998,0.9944834503510532,19.9358,0.9946929644157745,22.9117,0.8654966676414233,45.16129032258058,-0.03230464104508002,-0.04372197846192625,19.939999999999998,20.31360265974517,19.566397340254824,0.0374726840265972,0.2178571428571424,19.88,0.0025182586967233927,0.15175804449931243,19.83,-0.005030191692998789,0.15487252871776022,19.93,0.007554808030137241,0.1587202853617336,19.83,-0.0025182586967234123,0.17556636034032533,20.03,0.025279404789139308,0.22676734413841965,0.15164718120092394
2022-11-11,19.88,19.83,19.93,19.83,0,0.0025182586967233927,0.002521432173474558,0.07789706727296519,0.06257136038989385,0.15164718120092394,0.18728940124396845,0.2830608045921954,0.2874443213350365,19.869999999999997,1.000503271263211,19.869999999999997,1.000503271263211,19.9375,0.997115987460815,19.897000000000002,0.9991455998391716,22.8831,0.868763410551892,48.38709677419352,-0.028715449844934682,-0.04072067273852794,19.9375,20.312052364409116,19.562947635590884,0.03757265097520911,0.21428571428571402,19.83,-0.0025182586967234123,0.15225787938404947,19.88,0.0025182586967233927,0.15175804449931243,19.83,-0.005030191692998789,0.15487252871776022,19.78,-0.002524616337138356,0.16491687328248858,20.03,0.0,0.2239806427681248,0.12910935669413098
2022-11-14,19.88,19.88,20.03,19.88,0,0.0,0.0,0.05208783061108061,0.05791645093040855,0.12910935669413098,0.18210880412234598,0.28130985478967524,0.2874268367242887,19.859999999999996,1.0010070493454182,19.865000000000002,1.0007550969041026,19.925,0.9977415307402759,19.871,1.0004529213426603,22.855500000000003,0.8698125177747149,57.692307692307665,-0.02557616386368622,-0.0376917709635596,19.925,20.28904164018657,19.56095835981343,0.03654119349426055,0.20357142857142843,19.88,0.0025182586967233927,0.15164718120092394,19.83,-0.0025182586967234123,0.15225787938404947,19.88,0.0025182586967233927,0.15175804449931243,19.93,0.007554808030137241,0.1587202853617336,19.93,-0.005005015453023625,0.21827018674037857,0.12694029543877933
2022-11-15,20.03,19.88,20.13,19.83,0,0.00751694844929904,0.007545271629778805,0.05907168559908569,0.06988539645460927,0.12694029543877933,0.1825858774094063,0.2815341136682361,0.28731193434117624,19.9,1.006532663316583,19.875,1.0077987421383647,19.91,1.0060271220492216,19.843,1.0094239782290986,22.828649999999996,0.877406241718192,69.23076923076917,-0.010859331099300817,-0.032325282990707846,19.91,20.22522757026138,19.59477242973862,0.0316652506540815,0.20714285714285705,19.88,0.0,0.12910935669413098,19.88,0.0025182586967233927,0.15164718120092394,19.83,-0.0025182586967234123,0.15225787938404947,19.83,-0.005030191692998789,0.15487252871776022,19.93,0.0,0.21757352890013976,0.30813341700149066
2022-11-16,21.72,20.03,21.82,20.03,0,0.08100234538800777,0.0843734398402396,0.5647976477787175,0.40811298717402966,0.30813341700149066,0.24564572693836323,0.3044860978985494,0.29868869933875714,20.267999999999997,1.0716400236826527,20.059,1.0828057231168053,19.982000000000003,1.0869782804524069,19.858800000000002,1.093721675025681,22.809749999999998,0.9522243777332062,83.93574297188748,0.13560951885683536,0.0012616773788007955,19.982000000000003,20.84131674204459,19.122683257955416,0.08600908237859946,0.2992857142857141,20.03,0.00751694844929904,0.12694029543877933,19.88,0.0,0.12910935669413098,19.88,0.0025182586967233927,0.15164718120092394,19.88,0.0025182586967233927,0.15175804449931243,19.88,-0.0025119329962753974,0.2177474642024409,0.32061992814614876
2022-11-17,21.23,21.72,21.62,21.23,0,-0.02281821935056993,-0.022559852670349878,0.625691353800889,0.4357366668083777,0.32061992814614876,0.24872737717927226,0.3054766949883283,0.29952873161900034,20.548,1.0331905781584583,20.198999999999998,1.0510421307985545,20.037,1.059539851275141,19.8798,1.0679181883117537,22.787149999999997,0.9316654342469332,70.13422818791945,0.20973058912039377,0.042955459727119394,20.037,21.061193649452655,19.012806350547343,0.1022302390031098,0.30571428571428555,21.72,0.08100234538800777,0.30813341700149066,20.03,0.00751694844929904,0.12694029543877933,19.88,0.0,0.12910935669413098,19.83,-0.0025182586967234123,0.15225787938404947,19.83,-0.0025182586967234123,0.17556636034032533,0.3187130316519525
2022-11-18,21.28,21.23,21.28,20.93,0,0.002352388758278875,0.0023551577955722713,0.6258782451564138,0.43348952901777094,0.3187130316519525,0.24878998818364367,0.3054852919076748,0.29953118882956814,20.828,1.0217015555982332,20.348999999999997,1.0457516339869284,20.102,1.058601134215501,19.9058,1.069035155582795,22.7633,0.9348380946523571,73.03754266211607,0.2694011645220975,0.08824460068611502,20.102,21.266376499066826,18.937623500933174,0.1158468310682346,0.3164285714285714,21.23,-0.02281821935056993,0.32061992814614876,21.72,0.08100234538800777,0.30813341700149066,20.03,0.00751694844929904,0.12694029543877933,19.88,0.0025182586967233927,0.15164718120092394,19.78,-0.002524616337138356,0.16491687328248858,0.3196200789588673
2022-11-21,21.62,21.28,21.67,21.28,0,0.015851147737618563,0.015977443609022535,0.6141686600153726,0.4356163170111863,0.3196200789588673,0.25086352621189156,0.3062404460475566,0.2999760781222547,21.176000000000002,1.0209671326029466,20.518,1.0537089384930305,20.186500000000002,1.071012805587893,19.938599999999997,1.0843288896913525,22.734650000000002,0.9509713147112447,75.8409785932722,0.34020402371691105,0.13863648529227424,20.186500000000002,21.529854403212987,18.843145596787018,0.133094335641442,0.3335714285714287,21.28,0.002352388758278875,0.3187130316519525,21.23,-0.02281821935056993,0.32061992814614876,21.72,0.08100234538800777,0.30813341700149066,19.88,0.0,0.12910935669413098,19.93,0.007554808030137241,0.1587202853617336,0.3226131965278106
2022-11-22,22.02,21.62,22.42,21.57,0,0.018332319083471656,0.018501387604070274,0.6086659074790337,0.4316089641937734,0.3226131965278106,0.2535929850344382,0.30743502903427267,0.30055194838103605,21.574,1.0206730323537592,20.737000000000002,1.0618700872835993,20.3035,1.0845420740266456,19.979400000000002,1.1021351992552328,22.712249999999997,0.9695208532840208,79.55801104972379,0.42370821227447664,0.19565083068871475,20.3035,21.852914490431132,18.754085509568867,0.15262535921699535,0.37642857142857167,21.62,0.015851147737618563,0.3196200789588673,21.28,0.002352388758278875,0.3187130316519525,21.23,-0.02281821935056993,0.32061992814614876,20.03,0.00751694844929904,0.12694029543877933,19.83,-0.005030191692998789,0.15487252871776022,0.3248284052253654
2022-11-23,22.62,22.02,22.67,21.92,0,0.02688333939344045,0.027247956403269713,0.308080374817759,0.4363361299496597,0.3248284052253654,0.2591996699349923,0.30989170358874,0.3017839000806267,21.754,1.0398087708007722,21.011,1.0765789348436534,20.458000000000002,1.1056799296118878,20.0322,1.1291820169527063,22.694599999999994,0.9967128744282784,83.45323741007199,0.532166386075712,0.2629539417661142,20.458000000000002,22.27567462782303,18.640325372176974,0.17769817458432177,0.4192857142857146,22.02,0.018332319083471656,0.3226131965278106,21.62,0.015851147737618563,0.3196200789588673,21.28,0.002352388758278875,0.3187130316519525,21.72,0.08100234538800777,0.30813341700149066,19.88,0.0025182586967233927,0.15175804449931243,0.34765076676665174
2022-11-24,21.92,22.62,22.42,21.52,0,-0.03143500860815961,-0.030946065428824054,0.36365640969268564,0.48625894586738805,0.34765076676665174,0.2669543265151361,0.3121287814055139,0.30328551655102287,21.892000000000003,1.0012790060295997,21.220000000000002,1.0329877474081055,20.552500000000002,1.0665369176499209,20.072,1.0920685532084498,22.672449999999998,0.9668121442543706,72.19917012448133,0.5552357087282367,0.3214102951585387,20.552500000000002,22.470249503427052,18.634750496572952,0.18661958432570733,0.49071428571428627,22.62,0.02688333939344045,0.3248284052253654,22.02,0.018332319083471656,0.3226131965278106,21.62,0.015851147737618563,0.3196200789588673,21.23,-0.02281821935056993,0.32061992814614876,19.83,-0.0025182586967234123,0.15225787938404947,0.34157488211065196
2022-11-25,21.82,21.92,21.82,21.62,0,-0.004572481674890117,-0.0045620437956205295,0.3717415431354492,0.49060546805082056,0.34157488211065196,0.2669543265151361,0.31177445636439927,0.30304119573687466,22.0,0.9918181818181818,21.413999999999998,1.0189595591669003,20.642000000000003,1.057068113554888,20.1198,1.0845038221055874,22.646800000000002,0.9634915308123001,69.81132075471697,0.5590052839263322,0.3689292929120974,20.642000000000003,22.623106548849574,18.660893451150432,0.19194908912407427,0.5014285714285721,21.92,-0.03143500860815961,0.34765076676665174,22.62,0.02688333939344045,0.3248284052253654,22.02,0.018332319083471656,0.3226131965278106,21.28,0.002352388758278875,0.3187130316519525,19.88,0.0025182586967233927,0.15164718120092394,0.3412544925887067
2022-11-28,21.92,21.82,21.92,21.62,0,0.004572481674890049,0.004582951420714965,0.3594429538901043,0.4887088706453727,0.3412544925887067,0.2670729522462964,0.31183902231823535,0.3030819126375574,22.06,0.9936536718041705,21.618000000000002,1.0139698399481913,20.741500000000002,1.056818455752959,20.1666,1.086945741969395,22.621400000000005,0.9689939614701122,71.90775681341721,0.5635654321991836,0.4078565207695147,20.741500000000002,22.771333023985726,18.71166697601428,0.19572673374497732,0.5157142857142863,21.82,-0.004572481674890117,0.34157488211065196,21.92,-0.03143500860815961,0.34765076676665174,22.62,0.02688333939344045,0.3248284052253654,21.62,0.015851147737618563,0.3196200789588673,19.88,0.0,0.12910935669413098,0.34559390892068564
2022-11-29,21.62,21.92,21.72,21.52,0,-0.01378064986875262,-0.013686131386861367,0.34372804020178416,0.502943485015113,0.34559390892068564,0.2684988783833123,0.312382873755552,0.3031863848165656,21.98,0.9836214740673339,21.776999999999997,0.9927905588464896,20.826,1.038125420147892,20.2054,1.0700109871618477,22.594,0.956891210055767,67.33067729083666,0.5367841759206584,0.43364205179974347,20.826,22.854298742659356,18.797701257340645,0.1947852437010809,0.5264285714285722,21.92,0.004572481674890049,0.3412544925887067,21.82,-0.004572481674890117,0.34157488211065196,21.92,-0.03143500860815961,0.34765076676665174,22.02,0.018332319083471656,0.3226131965278106,20.03,0.00751694844929904,0.12694029543877933,0.3457647484324276
2022-11-30,21.82,21.62,21.82,21.62,0,0.009208168193862526,0.009250693802035137,0.25662797178996566,0.2964570290447305,0.3457647484324276,0.26911617179020875,0.3118467746302073,0.30334106196636984,21.82,1.0,21.787,1.0015146647083124,20.923000000000002,1.0428714811451512,20.2482,1.0776266532333738,22.566100000000002,0.9669371313607579,69.24564796905224,0.5256389275437989,0.4520414269485546,20.923000000000002,22.94635937438077,18.899640625619234,0.19341006302927566,0.5335714285714293,21.62,-0.01378064986875262,0.34559390892068564,21.92,0.004572481674890049,0.3412544925887067,21.82,-0.004572481674890117,0.34157488211065196,22.62,0.02688333939344045,0.3248284052253654,21.72,0.08100234538800777,0.30813341700149066,0.3639394601966743
2022-12-01,22.67,21.82,22.82,22.07,0,0.038215484114512956,0.03895508707607709,0.3125469235897774,0.31968658212683804,0.3639394601966743,0.2728720093030955,0.3166344248317715,0.30577183458265317,21.97,1.0318616294947658,21.931,1.033696593862569,21.064999999999998,1.0761927367671495,20.307000000000002,1.116363815433102,22.54495,1.00554669671035,73.36683417085429,0.5787229759374988,0.47737773674634343,21.064999999999998,23.162642787310936,18.96735721268906,0.19915905884746632,0.5978571428571434,21.82,0.009208168193862526,0.3457647484324276,21.62,-0.01378064986875262,0.34559390892068564,21.92,0.004572481674890049,0.3412544925887067,21.92,-0.03143500860815961,0.34765076676665174,21.23,-0.02281821935056993,0.32061992814614876,0.36327862442518827
2022-12-02,22.67,22.67,22.67,22.52,0,0.0,0.0,0.3036912890357217,0.3207703283069565,0.36327862442518827,0.2720174864013054,0.3154606778870709,0.3057146508949105,22.140000000000004,1.0239385727190604,22.07,1.027186225645673,21.2095,1.068860652066291,20.362800000000004,1.1133046535839863,22.523049999999998,1.0065244271979152,73.36683417085429,0.6137179087139017,0.5046457711398551,21.2095,23.332442099515287,19.08655790048471,0.20018784973858778,0.5978571428571434,22.67,0.038215484114512956,0.3639394601966743,21.82,0.009208168193862526,0.3457647484324276,21.62,-0.01378064986875262,0.34559390892068564,21.82,-0.004572481674890117,0.34157488211065196,21.28,0.002352388758278875,0.3187130316519525,0.3778086858779687
2022-12-05,22.12,22.67,22.62,21.92,0,-0.024560287865303565,-0.024261138067931176,0.382459403531768,0.3499926838639242,0.3778086858779687,0.2723724500888168,0.3161066484583326,0.3065136496576532,22.18,0.9972948602344455,22.12,1.0,21.319,1.0375721187672968,20.4066,1.083963031568218,22.4994,0.9831373281065273,66.40502354788069,0.5902670109322905,0.5217700190983422,21.319,23.389330764318544,19.248669235681454,0.19422400340715276,0.6300000000000006,22.67,0.0,0.36327862442518827,22.67,0.038215484114512956,0.3639394601966743,21.82,0.009208168193862526,0.3457647484324276,21.92,0.004572481674890049,0.3412544925887067,21.62,0.015851147737618563,0.3196200789588673,0.3800085648188643
2022-12-06,21.97,22.12,22.02,21.97,0,-0.00680429025761531,-0.006781193490054349,0.367447789501876,0.34033857756059965,0.3800085648188643,0.2620950363892545,0.31618839583076613,0.30657264771043985,22.25,0.9874157303370786,22.115000000000002,0.9934433642324213,21.426000000000002,1.0253897134322785,20.4484,1.0744116899121692,22.475,0.9775305895439376,52.5879917184265,0.5532012988705475,0.5280562750527833,21.426000000000002,23.39082113823694,19.461178861763063,0.18340531487323242,0.5128571428571436,22.12,-0.024560287865303565,0.3778086858779687,22.67,0.0,0.36327862442518827,22.67,0.038215484114512956,0.3639394601966743,21.62,-0.01378064986875262,0.34559390892068564,22.02,0.018332319083471656,0.3226131965278106,0.37924498973451554
2022-12-07,21.92,21.97,22.12,21.92,0,-0.0022784243167038786,-0.002275830678197366,0.36467678702602274,0.30493824502860417,0.37924498973451554,0.2611965476602881,0.3161762472118127,0.3060113124777782,22.270000000000003,0.9842837898518185,22.045,0.9943297799954638,21.528,1.018208844295801,20.488200000000003,1.0698841284251421,22.450599999999998,0.9763658877713738,57.85876993166287,0.5138683187780622,0.5252186837978391,21.528,23.36236895789361,19.693631042106386,0.17041703436395514,0.49214285714285794,21.97,-0.00680429025761531,0.3800085648188643,22.12,-0.024560287865303565,0.3778086858779687,22.67,0.0,0.36327862442518827,21.82,0.009208168193862526,0.3457647484324276,22.62,0.02688333939344045,0.3248284052253654,0.3792638544147606
2022-12-08,21.97,21.92,21.97,21.92,0,0.002278424316703824,0.002281021897809987,0.1708153824331715,0.261182935603872,0.3792638544147606,0.2611841457354382,0.3162001982869812,0.3060164040914044,22.130000000000003,0.992769995481247,22.05,0.9963718820861677,21.635,1.0154841691703258,20.525,1.0704019488428747,22.42645,0.9796468009872271,57.85876993166284,0.4811844361554236,0.516411834269356,21.635,23.29356628003303,19.976433719966973,0.15332251259838486,0.4707142857142862,21.92,-0.0022784243167038786,0.37924498973451554,21.97,-0.00680429025761531,0.3800085648188643,22.12,-0.024560287865303565,0.3778086858779687,22.67,0.038215484114512956,0.3639394601966743,21.92,-0.03143500860815961,0.34765076676665174,0.3784676106731785
2022-12-09,22.02,21.97,22.02,22.02,0,0.00227324489801511,0.002275830678197588,0.17673451305390828,0.2599177608405822,0.3784676106731785,0.2611704018003992,0.3144744912948985,0.30602683977468537,22.0,1.000909090909091,22.07,0.9977344811961939,21.742,1.0127863122067886,20.5688,1.0705534596087278,22.401799999999998,0.9829567266916052,54.87804878048779,0.45408242628122153,0.5039459526717291,21.742,23.186096512301546,20.297903487698456,0.1328393443382895,0.44642857142857195,21.97,0.002278424316703824,0.3792638544147606,21.92,-0.0022784243167038786,0.37924498973451554,21.97,-0.00680429025761531,0.3800085648188643,22.67,0.0,0.36327862442518827,21.82,-0.004572481674890117,0.34157488211065196,0.3801579616146199
2022-12-12,22.37,22.02,22.47,22.02,0,0.015769644207504402,0.01589464123524076,0.13405946717632714,0.27020684871868444,0.3801579616146199,0.2626916143320587,0.3152938950943194,0.30570285774086364,22.05,1.0145124716553289,22.115000000000002,1.0115306353153968,21.8665,1.0230260901378823,20.617600000000003,1.0849953437839515,22.378899999999998,0.9996023039559586,54.320987654320994,0.45559415727686314,0.49427559359275597,21.8665,23.03836805436509,20.694631945634907,0.10718387070313877,0.4178571428571432,22.02,0.00227324489801511,0.3784676106731785,21.97,0.002278424316703824,0.3792638544147606,21.92,-0.0022784243167038786,0.37924498973451554,22.12,-0.024560287865303565,0.3778086858779687,21.92,0.004572481674890049,0.3412544925887067,0.38491567824421735
2022-12-13,22.92,22.37,22.92,22.42,0,0.024289116344500622,0.024586499776486415,0.17673418189014542,0.2753595876399194,0.38491567824421735,0.266349969518266,0.31704554139877494,0.3066884584999087,22.240000000000002,1.0305755395683454,22.245,1.0303438975050574,22.011000000000003,1.0412975330516558,20.6774,1.1084565757783862,22.35875,1.0251020294068318,53.75,0.49546124956943416,0.4945127247880916,22.011000000000003,22.910424377324503,21.111575622675502,0.08172498998905095,0.40357142857142897,22.37,0.015769644207504402,0.3801579616146199,22.02,0.00227324489801511,0.3784676106731785,21.97,0.002278424316703824,0.3792638544147606,21.97,-0.00680429025761531,0.3800085648188643,21.62,-0.01378064986875262,0.34559390892068564,0.38561350471510464
2022-12-14,22.92,22.92,23.42,22.92,0,0.0,0.0,0.1685585008135608,0.2760839341800781,0.38561350471510464,0.26041984688812425,0.31574836784945204,0.3058300523804934,22.44,1.0213903743315509,22.355,1.025273987922165,22.071,1.0384667663449776,20.751199999999997,1.1045144377192646,22.338350000000002,1.026038180975766,65.15151515151513,0.5210498688918825,0.4998201536088498,22.071,23.045644874596984,21.09635512540302,0.08831904984794371,0.36071428571428604,22.92,0.024289116344500622,0.38491567824421735,22.37,0.015769644207504402,0.3801579616146199,22.02,0.00227324489801511,0.3784676106731785,21.92,-0.0022784243167038786,0.37924498973451554,21.82,0.009208168193862526,0.3457647484324276,0.2817523864925975
2022-12-15,23.42,22.92,23.42,22.87,0,0.02158046632303237,0.021815008726003393,0.17615808602841246,0.22842375673425303,0.2817523864925975,0.2629876624342912,0.316561627302744,0.3042077374703204,22.73,1.0303563572371317,22.43,1.0441373160945164,22.180500000000002,1.055882419242127,20.840999999999998,1.123746461302241,22.320700000000002,1.0492502475280794,71.62162162162163,0.5750460821058567,0.5148653393082512,22.180500000000002,23.24523569737392,21.115764302626083,0.0960064649015053,0.3785714285714289,22.92,0.0,0.38561350471510464,22.92,0.024289116344500622,0.38491567824421735,22.37,0.015769644207504402,0.3801579616146199,21.97,0.002278424316703824,0.3792638544147606,22.67,0.038215484114512956,0.3639394601966743,0.27412932799508793
2022-12-16,24.02,23.42,24.41,23.12,0,0.025296458482266197,0.02561912894961571,0.16510776255213938,0.25237358227495016,0.27412932799508793,0.2667673307048616,0.31631775160095554,0.3047759196253624,23.130000000000003,1.038478166882836,22.565,1.0644803899844892,22.317500000000003,1.0762854262350172,20.936799999999998,1.1472622368270224,22.3053,1.0768741061541427,74.99999999999997,0.6586608237167404,0.543624436189949,22.317500000000003,23.58094349841349,21.054056501586516,0.11322446496368203,0.44928571428571445,23.42,0.02158046632303237,0.2817523864925975,22.92,0.0,0.38561350471510464,22.92,0.024289116344500622,0.38491567824421735,22.02,0.00227324489801511,0.3784676106731785,22.67,0.0,0.36327862442518827,0.27611156658887537
2022-12-19,23.92,24.02,24.02,23.92,0,-0.004171887569406382,-0.004163197335553592,0.22664297819440354,0.1988004875588185,0.27611156658887537,0.267098677384819,0.3140891133976116,0.3045693391271994,23.440000000000005,1.0204778156996586,22.744999999999997,1.051659705429765,22.432499999999997,1.0663100412348157,21.0256,1.137660756411232,22.2899,1.073131777172621,78.75000000000003,0.7086876346800608,0.5766370758879714,22.432499999999997,23.839203874123022,21.025796125876973,0.12541659414893794,0.42785714285714277,24.02,0.025296458482266197,0.27412932799508793,23.42,0.02158046632303237,0.2817523864925975,22.92,0.0,0.38561350471510464,22.37,0.015769644207504402,0.3801579616146199,22.12,-0.024560287865303565,0.3778086858779687,0.2741922094879057
2022-12-20,24.17,23.92,24.17,24.02,0,0.010397265632960678,0.010451505016722429,0.2050154745116244,0.1813494005975989,0.2741922094879057,0.26749403346281675,0.31438883336019063,0.3047440313505376,23.690000000000005,1.0202617138032923,22.965,1.0524711517526673,22.54,1.072315882874889,21.122400000000003,1.1442828466462145,22.276,1.085024241335967,79.01234567901238,0.7597492371763366,0.6132595081456444,22.54,24.130564282524002,20.949435717475996,0.14113258939875803,0.4314285714285714,23.92,-0.004171887569406382,0.27611156658887537,24.02,0.025296458482266197,0.27412932799508793,23.42,0.02158046632303237,0.2817523864925975,22.92,0.024289116344500622,0.38491567824421735,21.97,-0.00680429025761531,0.3800085648188643,0.27021867485253587
2022-12-21,24.22,24.17,24.36,24.22,0,0.0020665434095544525,0.0020686801820437584,0.19869871695514454,0.17460491697201788,0.27021867485253587,0.2673565787262681,0.3143646600869116,0.3047517333043765,23.95,1.0112734864300625,23.195,1.0441905583099806,22.62,1.070733863837312,21.2192,1.1414190921429648,22.2636,1.0878743779083346,73.84615384615385,0.7950852592212669,0.649624658360769,22.62,24.379485570751623,20.86051442924838,0.15556901598157574,0.37357142857142833,24.17,0.010397265632960678,0.2741922094879057,23.92,-0.004171887569406382,0.27611156658887537,24.02,0.025296458482266197,0.27412932799508793,22.92,0.0,0.38561350471510464,21.92,-0.0022784243167038786,0.37924498973451554,0.2608744323603493
2022-12-22,24.02,24.22,24.02,23.97,0,-0.008291921473108723,-0.008257638315441795,0.21156362743279863,0.194576894329215,0.2608744323603493,0.26833020264618945,0.313715486518531,0.30486195457463505,24.07,0.9979227253842958,23.4,1.0264957264957266,22.725,1.056985698569857,21.31,1.1271703425621775,22.25145,1.0794802136489983,69.56521739130436,0.7977549601485343,0.6792507187183221,22.725,24.557714409083438,20.892285590916565,0.16129499749909232,0.38071428571428534,24.22,0.0020665434095544525,0.27021867485253587,24.17,0.010397265632960678,0.2741922094879057,23.92,-0.004171887569406382,0.27611156658887537,23.42,0.02158046632303237,0.2817523864925975,21.97,0.002278424316703824,0.3792638544147606,0.2338967606034063
2022-12-23,24.46,24.02,24.46,24.22,0,0.01815231360718885,0.01831806827643634,0.1706305676043401,0.19571137808362907,0.2338967606034063,0.26979526153035127,0.31466342576924794,0.30540240602938473,24.158,1.0125010348538785,23.644,1.0345119269159195,22.857,1.070131688323052,21.400600000000004,1.1429586086371408,22.2395,1.0998448706130983,85.02994011976055,0.8258550966568095,0.7085715943060196,22.857,24.792660909842827,20.921339090157172,0.16937138818242353,0.35857142857142826,24.02,-0.008291921473108723,0.2608744323603493,24.22,0.0020665434095544525,0.27021867485253587,24.17,0.010397265632960678,0.2741922094879057,24.02,0.025296458482266197,0.27412932799508793,22.02,0.00227324489801511,0.3784676106731785,0.23303474393478918
2022-12-28,24.81,24.46,24.81,24.27,0,0.014207667444683353,0.01430907604251841,0.16754535629539963,0.1946901538936421,0.23303474393478918,0.2706706233489048,0.31521508394190123,0.30562814245997794,24.336000000000002,1.0194773175542404,23.887999999999998,1.038596784996651,23.0015,1.0786253070451925,21.4942,1.1542648714536945,22.22955,1.116081971969743,90.11299435028262,0.8663796469506764,0.7401332048349509,23.0015,25.06959625145009,20.93340374854991,0.17982272907854616,0.38642857142857095,24.46,0.01815231360718885,0.2338967606034063,24.02,-0.008291921473108723,0.2608744323603493,24.22,0.0020665434095544525,0.27021867485253587,23.92,-0.004171887569406382,0.27611156658887537,22.37,0.015769644207504402,0.3801579616146199,0.23395266278436622
2022-12-29,24.81,24.81,25.31,24.02,0,0.0,0.0,0.17167004529012095,0.1838884532793038,0.23395266278436622,0.2704313195284612,0.3151822479141044,0.30545588068219776,24.464,1.0141432308698495,24.077,1.0304439921917181,23.160999999999998,1.0711972712749882,21.5838,1.1494732160231285,22.2211,1.1165063835723703,91.4040114613181,0.888256378412251,0.769757839550411,23.160999999999998,25.272082535971265,21.04991746402873,0.18229632019094746,0.4642857142857138,24.81,0.014207667444683353,0.23303474393478918,24.46,0.01815231360718885,0.2338967606034063,24.02,-0.008291921473108723,0.2608744323603493,24.17,0.010397265632960678,0.2741922094879057,22.92,0.024289116344500622,0.38491567824421735,0.2687514596780399
2022-12-30,23.92,24.81,24.66,23.92,0,-0.03653186862127858,-0.035872632003224436,0.34630707201896016,0.28923429753920704,0.2687514596780399,0.2796276295484067,0.31963232067311353,0.3075316978921492,24.404,0.9801671857072611,24.177,0.9893700624560534,23.266,1.0281096879566751,21.656600000000005,1.1045131738130638,22.207199999999997,1.0771281386217084,72.51732101616636,0.8242765369258755,0.780661579025504,23.266,25.303877120410686,21.22812287958931,0.17518070320731435,0.5242857142857138,24.81,0.0,0.23395266278436622,24.81,0.014207667444683353,0.23303474393478918,24.46,0.01815231360718885,0.2338967606034063,24.22,0.0020665434095544525,0.27021867485253587,22.92,0.0,0.38561350471510464,0.2687474769461721
2023-01-03,23.92,23.92,23.92,23.42,0,0.0,0.0,0.3425420125410556,0.27289803903699594,0.2687474769461721,0.2796584443948894,0.31963232067311353,0.3074194221296307,24.384,0.980971128608924,24.227,0.9873281875593347,23.328500000000002,1.0253552521593758,21.7324,1.1006607645727118,22.191799999999997,1.0778756117124346,72.19626168224306,0.7647564156824096,0.7774805463568852,23.328500000000002,25.366086549662864,21.29091345033714,0.1746864607379696,0.5564285714285708,23.92,-0.03653186862127858,0.2687514596780399,24.81,0.0,0.23395266278436622,24.81,0.014207667444683353,0.23303474393478918,24.02,-0.008291921473108723,0.2608744323603493,23.42,0.02158046632303237,0.2817523864925975,0.23895946911004035
2023-01-04,24.02,23.92,24.31,23.82,0,0.004171887569406327,0.004180602006688794,0.30617010140522855,0.24143872940324557,0.23895946911004035,0.27960727621674386,0.31955060851711986,0.30711321022933724,24.296,0.9886401053671386,24.226999999999997,0.9914558137615058,23.396,1.0266712258505728,21.8132,1.1011681000495113,22.1769,1.0831090008071462,70.47146401985117,0.7173858772075334,0.765461612527015,23.396,25.43117903001409,21.360820969985912,0.17397666524312602,0.5592857142857136,23.92,0.0,0.2687474769461721,23.92,-0.03653186862127858,0.2687514596780399,24.81,0.0,0.23395266278436622,24.46,0.01815231360718885,0.2338967606034063,24.02,0.025296458482266197,0.27412932799508793,0.24453158316361254
2023-01-05,24.46,24.02,24.46,23.92,0,0.01815231360718885,0.01831806827643634,0.32154373082080034,0.2561953859620114,0.24453158316361254,0.2698844873671072,0.3201479084142714,0.3074891912408599,24.226,1.0096590440023117,24.281,1.0073720192743298,23.512999999999998,1.0402755922255775,21.903799999999997,1.1167012116619037,22.1652,1.1035316622453215,69.6428571428572,0.707196584929978,0.7538086070076075,23.512999999999998,25.507963131171937,21.51803686882806,0.16969022508160927,0.5585714285714278,24.02,0.004171887569406327,0.23895946911004035,23.92,0.0,0.2687474769461721,23.92,-0.03653186862127858,0.2687514596780399,24.81,0.014207667444683353,0.23303474393478918,23.92,-0.004171887569406382,0.27611156658887537,0.22425273169512216
2023-01-06,24.36,24.46,24.46,24.31,0,-0.004096687417330121,-0.004088307440719641,0.32057678670374246,0.25358010153672766,0.22425273169512216,0.26745343972602587,0.3187749738213659,0.30745465731294336,24.136000000000003,1.0092807424593966,24.3,1.002469135802469,23.6325,1.0307838781339258,21.997400000000003,1.1074036022439013,22.155,1.099526066350711,67.91044776119405,0.6831770928614667,0.7396823041783794,23.6325,25.521825972821365,21.743174027178636,0.1598921800758586,0.533571428571428,24.46,0.01815231360718885,0.24453158316361254,24.02,0.004171887569406327,0.23895946911004035,23.92,0.0,0.2687474769461721,24.81,0.0,0.23395266278436622,24.17,0.010397265632960678,0.2741922094879057,0.22361440933303853
2023-01-09,24.22,24.36,24.41,24.07,0,-0.0057637047167501294,-0.005747126436781658,0.15181644501173763,0.2555095595599987,0.22361440933303853,0.2670785022660167,0.31887155074815554,0.3074454307755047,24.195999999999998,1.0009918994875187,24.3,0.9967078189300411,23.747500000000002,1.0198968312453942,22.091200000000004,1.0963641631056709,22.14385,1.0937574089419861,60.928961748633874,0.6454048173905633,0.7208268068208162,23.747500000000002,25.47061682103848,22.024383178961525,0.145119850176943,0.5185714285714279,24.36,-0.004096687417330121,0.22425273169512216,24.46,0.01815231360718885,0.24453158316361254,24.02,0.004171887569406327,0.23895946911004035,23.92,-0.03653186862127858,0.2687514596780399,24.22,0.0020665434095544525,0.27021867485253587,0.22242394323477802
2023-01-10,24.27,24.22,24.41,24.22,0,0.002062281613563822,0.002064409578860449,0.1503823346288958,0.25135406420192363,0.22242394323477802,0.2664312326197375,0.3188319431302644,0.3074535132175324,24.266,1.0001648396933982,24.325,0.9977389516957862,23.8625,1.0170770036668413,22.176000000000002,1.094426406926407,22.131949999999996,1.0966046823709616,54.01929260450162,0.6124447176069161,0.6991503889780362,23.8625,25.380973956936064,22.344026043063938,0.12726863965938714,0.4399999999999995,24.22,-0.0057637047167501294,0.22361440933303853,24.36,-0.004096687417330121,0.22425273169512216,24.46,0.01815231360718885,0.24453158316361254,23.92,0.0,0.2687474769461721,24.02,-0.008291921473108723,0.2608744323603493,0.22252668519803098
2023-01-11,24.31,24.27,24.31,24.17,0,0.0016467685895219695,0.0016481252575195615,0.15011062081318363,0.23285801046962276,0.22252668519803098,0.2654846199426348,0.3187192217677619,0.30745139941705774,24.324,0.9994244367702679,24.31,1.0,23.977,1.0138883096300622,22.261599999999998,1.0920149495094693,22.118499999999997,1.099079955693198,56.39344262295078,0.5828327338150956,0.6758868579454481,23.977,25.233194755265345,22.720805244734656,0.10478331361432575,0.4428571428571423,24.27,0.002062281613563822,0.22242394323477802,24.22,-0.0057637047167501294,0.22361440933303853,24.36,-0.004096687417330121,0.22425273169512216,24.02,0.004171887569406327,0.23895946911004035,24.46,0.01815231360718885,0.2338967606034063,0.2366985089180363
2023-01-12,25.01,24.31,25.01,24.41,0,0.028387956561495887,0.02879473467708782,0.21938297978377022,0.26657234376315875,0.2366985089180363,0.27004489527646275,0.3199265314007356,0.3087678564398307,24.433999999999997,1.0235737087664731,24.330000000000002,1.0279490341142623,24.109,1.0373719357916131,22.363200000000003,1.1183551548973312,22.108800000000002,1.1312237661021856,62.00000000000001,0.6088309489774524,0.662475676151849,24.109,25.197870008189703,23.0201299918103,0.09032892348829909,0.47499999999999964,24.31,0.0016467685895219695,0.22252668519803098,24.27,0.002062281613563822,0.22242394323477802,24.22,-0.0057637047167501294,0.22361440933303853,24.46,0.01815231360718885,0.24453158316361254,24.81,0.014207667444683353,0.23303474393478918,0.23786957960982744
2023-01-13,25.46,25.01,25.61,24.91,0,0.01783284823973284,0.017992802878848524,0.22081291113661755,0.2797729009066535,0.23786957960982744,0.2714429719351985,0.31994128124581783,0.30927956237512044,24.654000000000003,1.0326924636975743,24.395,1.043656486985038,24.235999999999997,1.0505033833966002,22.4738,1.1328747252356077,22.101600000000005,1.1519527997972996,65.89743589743593,0.6581591124353956,0.6616123634085583,24.235999999999997,25.333430491743623,23.13856950825637,0.0905620145026924,0.5114285714285712,25.01,0.028387956561495887,0.2366985089180363,24.31,0.0016467685895219695,0.22252668519803098,24.27,0.002062281613563822,0.22242394323477802,24.36,-0.004096687417330121,0.22425273169512216,24.81,0.0,0.23395266278436622,0.2733398214330434
2023-01-16,24.51,25.46,25.41,24.51,0,-0.03802739558923925,-0.03731343283582089,0.400701675010814,0.2856665115105932,0.2733398214330434,0.28160709298215264,0.32465420227540687,0.31160359406497923,24.712,0.9918258336031078,24.454,1.002290013903656,24.3155,1.0079990129752627,22.566399999999998,1.086128048780488,22.09115,1.109494073418541,55.2688172043011,0.6135226694188525,0.6519944246106173,24.3155,25.22596488992578,23.40503511007422,0.074887614067223,0.5614285714285712,25.46,0.01783284823973284,0.23786957960982744,25.01,0.028387956561495887,0.2366985089180363,24.31,0.0016467685895219695,0.22252668519803098,24.22,-0.0057637047167501294,0.22361440933303853,23.92,-0.03653186862127858,0.2687514596780399,0.2733398214330434
2023-01-17,24.51,24.51,24.51,24.17,0,0.0,0.0,0.40107215057769297,0.2856665115105932,0.2733398214330434,0.28134923651559607,0.3243536103661214,0.31159644207238574,24.759999999999998,0.9899030694668822,24.512999999999998,0.9998776159588791,24.37,1.0057447681575709,22.66,1.0816416593115623,22.0792,1.1100945686437915,50.59382422802852,0.5715593859224875,0.6359074168729913,24.37,25.179678298688117,23.560321701311885,0.06644877297399392,0.5542857142857139,24.51,-0.03802739558923925,0.2733398214330434,25.46,0.01783284823973284,0.23786957960982744,25.01,0.028387956561495887,0.2366985089180363,24.27,0.002062281613563822,0.22242394323477802,23.92,0.0,0.2687474769461721,0.2654536320787862
2023-01-18,24.46,24.51,24.61,24.41,0,-0.0020420672809949372,-0.002039983680130586,0.40211193866743405,0.2863120164041593,0.2654536320787862,0.28119549634853097,0.32431672861129945,0.3115949244656175,24.790000000000003,0.9866881807180314,24.557000000000002,0.9960500061082379,24.392,1.002787799278452,22.753600000000002,1.074994726109275,22.08375,1.107601743363333,45.52429667519184,0.5281800682438771,0.6143619471471685,24.392,25.18538316222574,23.59861683777426,0.06505273550555435,0.5299999999999996,24.51,0.0,0.2733398214330434,24.51,-0.03802739558923925,0.2733398214330434,25.46,0.01783284823973284,0.23786957960982744,24.31,0.0016467685895219695,0.22252668519803098,24.02,0.004171887569406327,0.23895946911004035,0.2518581873213721
2023-01-19,24.41,24.46,24.76,24.41,0,-0.002046245854157645,-0.0020441537203598203,0.322853986131207,0.2716183401098389,0.2518581873213721,0.28116425228965825,0.324312248613027,0.3116005538444782,24.67,0.9894608836643696,24.552,0.9942163571195829,24.416500000000003,0.9997337865787479,22.843199999999996,1.0685893394970933,22.08955,1.1050474092953455,44.94949494949497,0.4841856732735259,0.5883266923724401,24.416500000000003,25.178140196859204,23.654859803140802,0.06238733617506201,0.46285714285714263,24.46,-0.0020420672809949372,0.2654536320787862,24.51,0.0,0.2733398214330434,24.51,-0.03802739558923925,0.2733398214330434,25.01,0.028387956561495887,0.2366985089180363,24.46,0.01815231360718885,0.24453158316361254,0.2514408880682574
2023-01-20,24.36,24.41,24.51,24.31,0,-0.002050441563172473,-0.002048340843916474,0.25945407068253246,0.2709908625480476,0.2514408880682574,0.2805637690409507,0.32433632653261685,0.3116061548238889,24.45,0.996319018404908,24.552,0.9921798631476051,24.426,0.9972979611888971,22.9338,1.0621876880412315,22.097600000000003,1.1023821591485046,57.051282051282,0.44021074076657385,0.5587035020512668,24.426,25.179389533688724,23.672610466311273,0.06168750787592939,0.41357142857142876,24.41,-0.002046245854157645,0.2518581873213721,24.46,-0.0020420672809949372,0.2654536320787862,24.51,0.0,0.2733398214330434,25.46,0.01783284823973284,0.23786957960982744,24.36,-0.004096687417330121,0.22425273169512216,0.24983496262236882
2023-01-23,24.51,24.36,24.51,24.41,0,0.0061387546983250624,0.006157635467980427,0.05626263578731163,0.2704891276065246,0.24983496262236882,0.27981190519982874,0.3141392988323042,0.3115675369528222,24.450000000000003,1.0024539877300613,24.581,0.9971115902526342,24.4405,1.0028436406783823,23.0264,1.0644303929402774,22.108149999999995,1.1086409310593608,59.021406727828726,0.41270661141478726,0.529504123923971,24.4405,25.188338288175448,23.692661711824552,0.061196643945536935,0.3885714285714289,24.36,-0.002050441563172473,0.2514408880682574,24.41,-0.002046245854157645,0.2518581873213721,24.46,-0.0020420672809949372,0.2654536320787862,24.51,-0.03802739558923925,0.2733398214330434,24.22,-0.0057637047167501294,0.22361440933303853,0.25030929366750454
2023-01-24,24.41,24.51,24.46,24.41,0,-0.00408831313515256,-0.004079967360261172,0.06330785987541458,0.2716934327162716,0.25030929366750454,0.27996194334042446,0.3081556227070247,0.3115649284545632,24.43,0.9991813344248874,24.595000000000002,0.9924781459646269,24.46,0.9979558462796402,23.118000000000002,1.0558871874729647,22.1182,1.103616026620611,55.963302752293565,0.3784773748979724,0.49929877411877127,24.46,25.181548043407634,23.738451956592368,0.05899820469400109,0.36071428571428626,24.51,0.0061387546983250624,0.24983496262236882,24.36,-0.002050441563172473,0.2514408880682574,24.41,-0.002046245854157645,0.2518581873213721,24.51,0.0,0.2733398214330434,24.27,0.002062281613563822,0.22242394323477802,0.24833326530465505
2023-01-25,24.41,24.41,24.46,24.41,0,0.0,0.0,0.06247411603632573,0.27163733109507443,0.24833326530465505,0.2781914382214611,0.30446042505379506,0.31155749369088365,24.419999999999998,0.9995904995904997,24.605,0.9920747815484657,24.457500000000003,0.9980578554635591,23.2086,1.051765293899675,22.13025,1.1030151037606895,49.11660777385158,0.3473464645227118,0.46890831219955936,24.457500000000003,25.17939443753598,23.735605562464027,0.05903256158936736,0.3257142857142864,24.41,-0.00408831313515256,0.25030929366750454,24.51,0.0061387546983250624,0.24983496262236882,24.36,-0.002050441563172473,0.2514408880682574,24.46,-0.0020420672809949372,0.2654536320787862,24.31,0.0016467685895219695,0.22252668519803098,0.24184668685494556
2023-01-26,24.61,24.41,24.61,24.46,0,0.008159979998095758,0.008193363375665674,0.08395166471722337,0.2289236331964757,0.24184668685494556,0.2774303892097675,0.30320378517017077,0.3116654679465622,24.46,1.0061324611610794,24.565,1.0018318746183594,24.4475,1.0066468964106758,23.3032,1.0560781351917332,22.13955,1.1115853754931784,54.26621160409556,0.33495220181249863,0.4421170901221472,24.4475,25.154215903612673,23.74078409638733,0.0578149834226544,0.32928571428571474,24.41,0.0,0.24833326530465505,24.41,-0.00408831313515256,0.25030929366750454,24.51,0.0061387546983250624,0.24983496262236882,24.41,-0.002046245854157645,0.2518581873213721,25.01,0.028387956561495887,0.2366985089180363,0.23831551829404024
2023-01-27,24.81,24.61,24.81,24.71,0,0.008093933300745171,0.008126777732629042,0.0867617600446078,0.21021700014321673,0.23831551829404024,0.27409870846053697,0.2762452685437832,0.3116814129100765,24.55,1.010590631364562,24.5,1.0126530612244897,24.4475,1.0148276919930461,23.3988,1.06031078516847,22.150350000000003,1.1200725947896983,59.86622073578593,0.33737889397044896,0.4211694508918076,24.4475,25.154215903612673,23.74078409638733,0.0578149834226544,0.31928571428571473,24.61,0.008159979998095758,0.24184668685494556,24.41,0.0,0.24833326530465505,24.41,-0.00408831313515256,0.25030929366750454,24.36,-0.002050441563172473,0.2514408880682574,25.46,0.01783284823973284,0.23786957960982744,0.23993302018419416
2023-01-30,25.01,24.81,25.51,24.66,0,0.00802894718581815,0.00806126561870224,0.0910923533933496,0.0789727531386755,0.23993302018419416,0.27416462061777713,0.24548407679130907,0.3116909111371938,24.65,1.014604462474645,24.55,1.0187372708757638,24.502000000000002,1.020733001387642,23.4646,1.0658609138873025,22.1614,1.1285388107249543,61.783439490445865,0.3513897907441077,0.40721351886226764,24.502000000000002,25.205542913813325,23.79845708618668,0.057427386647075536,0.3664285714285719,24.81,0.008093933300745171,0.23831551829404024,24.61,0.008159979998095758,0.24184668685494556,24.41,0.0,0.24833326530465505,24.51,0.0061387546983250624,0.24983496262236882,24.51,-0.03802739558923925,0.2733398214330434,0.2000157708873014
2023-01-31,24.91,25.01,25.71,24.91,0,-0.004006415615438633,-0.003998400639744104,0.0906327168783107,0.08422751072397444,0.2000157708873014,0.2740455951849969,0.24491381743417326,0.31171586658940686,24.75,1.0064646464646465,24.59,1.0130134200894674,24.551499999999997,1.0146019591470992,23.538200000000003,1.0582797325199036,22.17095,1.1235422929554213,59.374999999999986,0.3503853390340801,0.3958478828966302,24.551499999999997,25.22111968781821,23.881880312181785,0.054548169180556154,0.41357142857142926,25.01,0.00802894718581815,0.23993302018419416,24.81,0.008093933300745171,0.23831551829404024,24.61,0.008159979998095758,0.24184668685494556,24.41,-0.00408831313515256,0.25030929366750454,24.51,0.0,0.2733398214330434,0.20923340436765417
2023-02-01,25.41,24.91,25.41,24.91,0,0.019873468057983623,0.020072260136491327,0.1340348210449585,0.12126297972635477,0.20923340436765417,0.27587833077040574,0.24505355105495757,0.3123287867127616,24.95,1.018436873747495,24.685,1.0293700627911688,24.621000000000002,1.032045814548556,23.6208,1.07574679943101,22.178,1.1457300027053836,56.66666666666663,0.3854914200130146,0.39377659031990714,24.621000000000002,25.344701014157554,23.89729898584245,0.058787296548276,0.3992857142857148,24.91,-0.004006415615438633,0.2000157708873014,25.01,0.00802894718581815,0.23993302018419416,24.81,0.008093933300745171,0.23831551829404024,24.41,0.0,0.24833326530465505,24.46,-0.0020420672809949372,0.2654536320787862,0.21896048560813067
2023-02-02,25.01,25.41,25.21,25.01,0,-0.01586705244254495,-0.015741833923652027,0.2160268779676776,0.1550841535764062,0.21896048560813067,0.27841264383125314,0.24625929309592912,0.3125750112079135,25.03,0.9992009588493808,24.744999999999997,1.0107092341887252,24.648500000000002,1.0146662068685721,23.6886,1.0557821061607693,22.17605,1.1277932724718784,42.372881355932236,0.37669428778838565,0.3903601298136029,24.648500000000002,25.388066729488518,23.908933270511486,0.06000906582457478,0.3778571428571433,25.41,0.019873468057983623,0.20923340436765417,24.91,-0.004006415615438633,0.2000157708873014,25.01,0.00802894718581815,0.23993302018419416,24.61,0.008159979998095758,0.24184668685494556,24.41,-0.002046245854157645,0.2518581873213721,0.21108906524088258
2023-02-03,25.11,25.01,25.11,24.91,0,0.00399042827996585,0.003998400639743993,0.21212879290741796,0.15315218846663148,0.21108906524088258,0.2781313000987336,0.24348481566092992,0.31238186104773374,25.09,1.000797130330809,24.82,1.0116841257050766,24.686,1.0171757271327877,23.7504,1.0572453516572353,22.1761,1.1323000888343757,64.2857142857142,0.37348634330711405,0.38698537251230514,24.686,25.439892355849576,23.932107644150424,0.06107853486588156,0.32428571428571473,25.01,-0.01586705244254495,0.21896048560813067,25.41,0.019873468057983623,0.20923340436765417,24.91,-0.004006415615438633,0.2000157708873014,24.81,0.008093933300745171,0.23831551829404024,24.36,-0.002050441563172473,0.2514408880682574,0.21105547824424015
2023-02-06,25.01,25.11,25.06,24.91,0,-0.0039904282799658975,-0.0039824771007566095,0.20919091453236893,0.15581744296641664,0.21105547824424015,0.27828105673033476,0.2434589730043483,0.3085302357294428,25.09,0.9968114786767637,24.869999999999997,1.005629272215521,24.7255,1.011506339608906,23.7982,1.0509198174651864,22.176150000000003,1.127788186858404,61.363636363636346,0.3587395338895085,0.3813362047877458,24.7255,25.45909891522475,23.99190108477525,0.05933946049420638,0.31428571428571467,25.11,0.00399042827996585,0.21108906524088258,25.01,-0.01586705244254495,0.21896048560813067,25.41,0.019873468057983623,0.20923340436765417,25.01,0.00802894718581815,0.23993302018419416,24.51,0.0061387546983250624,0.24983496262236882,0.21040604392687792
2023-02-07,24.91,25.01,25.01,24.91,0,-0.004006415615438633,-0.003998400639744104,0.20919091453236896,0.15572807305014677,0.21040604392687792,0.27859461136128266,0.23957227928618954,0.3069574726788912,25.09,0.9928258270227183,24.919999999999998,0.9995987158908508,24.7575,1.0061597495708372,23.857999999999997,1.0440942241596112,22.17645,1.123263642287201,59.99999999999997,0.3351203580336737,0.3720930354369314,24.7575,25.46272486148818,24.05227513851182,0.05697060377567846,0.3071428571428577,25.01,-0.0039904282799658975,0.21105547824424015,25.11,0.00399042827996585,0.21108906524088258,25.01,-0.01586705244254495,0.21896048560813067,24.91,-0.004006415615438633,0.2000157708873014,24.41,-0.00408831313515256,0.25030929366750454,0.21166412415458905
2023-02-08,25.11,24.91,25.11,24.86,0,0.007996843895404485,0.008028904054596442,0.1453623985116271,0.1579706747629686,0.21166412415458905,0.27818370526686137,0.23975251018581903,0.30678707628729973,25.03,1.003196164602477,24.990000000000002,1.0048019207683072,24.7975,1.0126020768222603,23.9238,1.0495824241968248,22.182,1.1319989180416554,64.58333333333331,0.3287506862602001,0.36342456560158515,24.7975,25.48641600587861,24.10858399412139,0.05556334355306868,0.30000000000000043,24.91,-0.004006415615438633,0.21040604392687792,25.01,-0.0039904282799658975,0.21105547824424015,25.11,0.00399042827996585,0.21108906524088258,25.41,0.019873468057983623,0.20923340436765417,24.41,0.0,0.24833326530465505,0.2125541566344246
2023-02-09,25.01,25.11,25.16,25.01,0,-0.0039904282799658975,-0.0039824771007566095,0.08971956426809372,0.15826121873602783,0.2125541566344246,0.27860481964151174,0.23959412746808229,0.30671114140038974,25.03,0.9992009588493808,25.029999999999998,0.9992009588493809,24.7975,1.008569412239137,23.985599999999998,1.0427089587085585,22.18555,1.127310343895013,63.265306122449026,0.312036548132717,0.35314696210781155,24.7975,25.48641600587861,24.10858399412139,0.05556334355306868,0.2964285714285716,25.11,0.007996843895404485,0.21166412415458905,24.91,-0.004006415615438633,0.21040604392687792,25.01,-0.0039904282799658975,0.21105547824424015,25.01,-0.01586705244254495,0.21896048560813067,24.61,0.008159979998095758,0.24184668685494556,0.18894400965368965
2023-02-10,25.11,25.01,25.11,25.01,0,0.00399042827996585,0.003998400639743993,0.0897195642680937,0.1548595879115691,0.18894400965368965,0.2783236701701508,0.23957040724351478,0.3058916380637504,25.03,1.003196164602477,25.060000000000002,1.001995211492418,24.78,1.013317191283293,24.0554,1.0438404682524507,22.1846,1.1318662495605059,62.49999999999998,0.3033626615868812,0.3431901020036255,24.78,25.413619510596366,24.146380489403636,0.051139589232959214,0.2928571428571427,25.01,-0.0039904282799658975,0.2125541566344246,25.11,0.007996843895404485,0.21166412415458905,24.91,-0.004006415615438633,0.21040604392687792,25.11,0.00399042827996585,0.21108906524088258,24.81,0.008093933300745171,0.23831551829404024,0.18886133023339172
2023-02-13,25.56,25.11,25.56,25.01,0,0.017762456339840468,0.017921146953405076,0.14477933485697714,0.17346530726728315,0.18886133023339172,0.27971650494640565,0.24039591731318208,0.30641632255871837,25.139999999999997,1.0167064439140812,25.115000000000002,1.0177184949233524,24.8325,1.0292962851102385,24.130200000000006,1.0592535494939948,22.18465,1.1521479942212294,70.90909090909093,0.32900719307846416,0.3403535202185932,24.8325,25.541446586955406,24.123553413044593,0.0570982854690753,0.32499999999999957,25.11,0.00399042827996585,0.18894400965368965,25.01,-0.0039904282799658975,0.2125541566344246,25.11,0.007996843895404485,0.21166412415458905,25.01,-0.0039904282799658975,0.21105547824424015,25.01,0.00802894718581815,0.23993302018419416,0.13920034677845297
2023-02-14,25.21,25.56,25.31,25.21,0,-0.013787888309505517,-0.013693270735524177,0.18995497512174989,0.1894396578549109,0.13920034677845297,0.2818667338697044,0.239810078955569,0.3066908065696194,25.2,1.0003968253968254,25.145,1.0025850069596343,24.8675,1.0137729968834825,24.180999999999997,1.042554071378355,22.186700000000002,1.1362663217152618,62.903225806451665,0.31742946483878853,0.3357687091426323,24.8675,25.578522244080137,24.156477755919862,0.05718485928059815,0.34642857142857075,25.56,0.017762456339840468,0.18886133023339172,25.11,0.00399042827996585,0.18894400965368965,25.01,-0.0039904282799658975,0.2125541566344246,24.91,-0.004006415615438633,0.21040604392687792,24.91,-0.004006415615438633,0.2000157708873014,0.13912905223888097
2023-02-15,25.26,25.21,25.26,25.06,0,0.0019813757225165345,0.0019833399444664224,0.18346717402982618,0.15887637942309896,0.13912905223888097,0.28178507655574336,0.2397638239841302,0.3064897713188167,25.23,1.0011890606420928,25.130000000000003,1.0051730998806208,24.907500000000002,1.0141523637458596,24.232799999999997,1.042388828364861,22.192250000000005,1.138235194718877,61.01694915254244,0.30872976932520757,0.33036092117914734,24.907500000000002,25.61197815699424,24.203021843005764,0.056567552503803104,0.34642857142857103,25.21,-0.013787888309505517,0.13920034677845297,25.56,0.017762456339840468,0.18886133023339172,25.11,0.00399042827996585,0.18894400965368965,25.11,0.007996843895404485,0.21166412415458905,25.41,0.019873468057983623,0.20923340436765417,0.1393556177067034
2023-02-16,25.41,25.26,25.41,25.26,0,0.005920680409727576,0.005938242280284944,0.17927687520366553,0.13626103595754013,0.1393556177067034,0.23400918487031444,0.2397118078316837,0.30601316500240433,25.31,1.0039510075069142,25.17,1.0095351609058403,24.9575,1.0181308223980767,24.2986,1.0457392606981473,22.196550000000002,1.1447724984288097,60.344827586206954,0.3103612925630017,0.32636099545591823,24.9575,25.65522185681075,24.259778143189248,0.05591280030537928,0.3428571428571424,25.26,0.0019813757225165345,0.13912905223888097,25.21,-0.013787888309505517,0.13920034677845297,25.56,0.017762456339840468,0.18886133023339172,25.01,-0.0039904282799658975,0.2125541566344246,25.01,-0.01586705244254495,0.21896048560813067,0.1580130159706801
2023-02-17,24.91,25.41,25.41,24.91,0,-0.019873468057983703,-0.019677292404565172,0.24163116295399897,0.1723537719026009,0.1580130159706801,0.23278561447483082,0.24111802638689206,0.30658671678365074,25.27,0.9857538583300356,25.15,0.9904572564612326,24.985,0.9969981989193516,24.357400000000002,1.022687150516886,22.198600000000003,1.1221428378366203,48.437499999999964,0.2682166307970206,0.31473212252413874,24.985,25.624489928316933,24.345510071683066,0.05118990821028087,0.3178571428571423,25.41,0.005920680409727576,0.1393556177067034,25.26,0.0019813757225165345,0.13912905223888097,25.21,-0.013787888309505517,0.13920034677845297,25.11,0.00399042827996585,0.18894400965368965,25.11,0.00399042827996585,0.21108906524088258,0.15767918542978945
2023-02-20,24.91,24.91,25.11,24.86,0,0.0,0.0,0.17593735639052266,0.17144701513416055,0.15767918542978945,0.2328407492053674,0.24111802638689206,0.3065041201916673,25.139999999999997,0.9908512330946699,25.14,0.9908512330946698,25.005,0.9962007598480305,24.417199999999998,1.0201824943072917,22.202399999999997,1.1219507800958457,50.0,0.23214070911943452,0.29821383984319794,25.005,25.605788954974027,24.40421104502597,0.04805350569678292,0.27857142857142797,24.91,-0.019873468057983703,0.1580130159706801,25.41,0.005920680409727576,0.1393556177067034,25.26,0.0019813757225165345,0.13912905223888097,25.56,0.017762456339840468,0.18886133023339172,25.01,-0.0039904282799658975,0.21105547824424015,0.15661980644393278
2023-02-21,24.91,24.91,25.01,24.81,0,0.0,0.0,0.1597878036268385,0.17026328016664544,0.15661980644393278,0.23129958513609009,0.24111577503097156,0.3065041201916673,25.080000000000002,0.9932216905901116,25.14,0.9908512330946698,25.03,0.9952057530962845,24.476,1.0177316554992646,22.206949999999996,1.1217209026903743,40.38461538461533,0.2012306199518754,0.2788171958649335,25.03,25.564494350320036,24.495505649679966,0.04270829806792128,0.25714285714285673,24.91,0.0,0.15767918542978945,24.91,-0.019873468057983703,0.1580130159706801,25.41,0.005920680409727576,0.1393556177067034,25.21,-0.013787888309505517,0.13920034677845297,24.91,-0.004006415615438633,0.21040604392687792,0.15748820096176316
2023-02-22,25.11,24.91,25.11,24.91,0,0.007996843895404485,0.008028904054596442,0.1751354762465905,0.17026328016664544,0.15748820096176316,0.22929339019383954,0.24131306268335517,0.30661212814435435,25.05,1.0023952095808382,25.14,0.9988066825775656,25.065,1.0017953321364452,24.537799999999997,1.0233191239638437,22.210250000000002,1.1305590887090418,52.0833333333333,0.1906745031402295,0.2611886573199927,25.065,25.5132715342499,24.616728465750104,0.03576872405744247,0.2428571428571425,24.91,0.0,0.15661980644393278,24.91,0.0,0.15767918542978945,24.91,-0.019873468057983703,0.1580130159706801,25.26,0.0019813757225165345,0.13912905223888097,25.11,0.007996843895404485,0.21166412415458905,0.15819652237931775
2023-02-23,25.26,25.11,25.31,25.21,0,0.005955943752851426,0.005973715651135025,0.1752258457998669,0.1710554665429059,0.15819652237931775,0.22384926620576212,0.2414063915681249,0.3066750097149016,25.02,1.009592326139089,25.165,1.0037750844426785,25.0975,1.0064747484809244,24.5956,1.0270129616679406,22.215049999999998,1.1370669883704967,53.06122448979597,0.19219692440585945,0.24739031073716605,25.0975,25.49864966362851,24.69635033637149,0.03196730061787101,0.2428571428571425,25.11,0.007996843895404485,0.15748820096176316,24.91,0.0,0.15661980644393278,24.91,0.0,0.15767918542978945,25.41,0.005920680409727576,0.1393556177067034,25.01,-0.0039904282799658975,0.2125541566344246,0.1641737101267782
2023-02-24,25.66,25.26,25.66,25.26,0,0.015711242265145225,0.015835312747426666,0.10357279368554101,0.18624773636017442,0.1641737101267782,0.215128950459146,0.242279651300157,0.3070349814461059,25.17,1.0194676201827573,25.22,1.0174464710547186,25.139999999999997,1.0206841686555292,24.6504,1.0409567390387173,22.2221,1.1547063508849298,61.81818181818183,0.22310825816775548,0.24253390022328397,25.139999999999997,25.590029238813585,24.68997076118641,0.03580184875207544,0.25714285714285673,25.26,0.005955943752851426,0.15819652237931775,25.11,0.007996843895404485,0.15748820096176316,24.91,0.0,0.15661980644393278,24.91,-0.019873468057983703,0.1580130159706801,25.11,0.00399042827996585,0.18894400965368965,0.164023052102869
2023-02-27,25.86,25.66,25.91,25.56,0,0.007764014156220944,0.0077942322681214815,0.08922763167855578,0.16874590846668125,0.164023052102869,0.21489512033050828,0.24231008996555164,0.30713807026305456,25.36,1.0197160883280758,25.25,1.0241584158415842,25.182499999999997,1.0269036036930408,24.7092,1.0465737458112767,22.2299,1.1632980805131827,66.66666666666671,0.260738411306928,0.2461748024400128,25.182499999999997,25.730678802944478,24.634321197055517,0.0435364878740777,0.2749999999999996,25.66,0.015711242265145225,0.1641737101267782,25.26,0.005955943752851426,0.15819652237931775,25.11,0.007996843895404485,0.15748820096176316,24.91,0.0,0.15767918542978945,25.56,0.017762456339840468,0.18886133023339172,0.17584891500969288
2023-02-28,26.41,25.86,26.91,25.91,0,0.021045352965329524,0.021268368136117655,0.10214881224701747,0.1728584392196479,0.17584891500969288,0.21798294417103892,0.24390353007088061,0.30786949249285656,25.660000000000004,1.0292283710054557,25.37,1.0409932991722506,25.2575,1.0456300108878551,24.769000000000002,1.0662521700512737,22.241950000000003,1.1873958892992744,70.31250000000006,0.3311239909879653,0.26316464014960333,25.2575,26.018022673455373,24.496977326544627,0.060221532095842675,0.3321428571428568,25.86,0.007764014156220944,0.164023052102869,25.66,0.015711242265145225,0.1641737101267782,25.26,0.005955943752851426,0.15819652237931775,24.91,0.0,0.15661980644393278,25.21,-0.013787888309505517,0.13920034677845297,0.17446092510892378
2023-03-01,26.56,26.41,26.91,26.41,0,0.0056635982991921135,0.005679666792881344,0.10860884848566495,0.1722538756205499,0.17446092510892378,0.2153674677083071,0.2439649541435494,0.3079170923940048,25.95,1.0235067437379577,25.5,1.0415686274509803,25.315,1.0491803278688523,24.8198,1.0701133772230236,22.252250000000004,1.1935871653428303,73.84615384615385,0.39446170736498587,0.28942405359267986,25.315,26.272463754981274,24.35753624501873,0.07564398617272548,0.3571428571428569,26.41,0.021045352965329524,0.17584891500969288,25.86,0.007764014156220944,0.164023052102869,25.66,0.015711242265145225,0.1641737101267782,25.11,0.007996843895404485,0.15748820096176316,25.26,0.0019813757225165345,0.13912905223888097,0.1683103206852956
2023-03-02,26.31,26.56,26.61,26.01,0,-0.009457229556031689,-0.009412650602409589,0.1844123407547078,0.18669146734823278,0.1683103206852956,0.21650679137078566,0.24440211224224626,0.30805528089670847,26.160000000000004,1.0057339449541283,25.59,1.0281359906213363,25.380000000000003,1.036643026004728,24.867600000000003,1.0580031848670557,22.26205,1.1818318618456072,67.64705882352942,0.41964696427159964,0.31546863572846384,25.380000000000003,26.42297146350308,24.337028536496923,0.08218845260071544,0.3928571428571426,26.56,0.0056635982991921135,0.17446092510892378,26.41,0.021045352965329524,0.17584891500969288,25.86,0.007764014156220944,0.164023052102869,25.26,0.005955943752851426,0.15819652237931775,25.41,0.005920680409727576,0.1393556177067034,0.1567483828805315
2023-03-03,26.51,26.31,26.56,26.16,0,0.00757292524873295,0.007601672367921086,0.1720109994529826,0.13394691215532098,0.1567483828805315,0.20457676634197441,0.24044843621282436,0.3080991314124763,26.330000000000002,1.0068363083934675,25.75,1.0295145631067961,25.45,1.0416502946954813,24.9144,1.0640432842051184,22.274099999999997,1.1901715445292966,65.07936507936513,0.4505511175258228,0.34248513208793563,25.45,26.599187355893232,24.300812644106767,0.0903094189307059,0.382142857142857,26.31,-0.009457229556031689,0.1683103206852956,26.56,0.0056635982991921135,0.17446092510892378,26.41,0.021045352965329524,0.17584891500969288,25.66,0.015711242265145225,0.1641737101267782,24.91,-0.019873468057983703,0.1580130159706801,0.16411608115000362
2023-03-06,26.21,26.51,26.36,26.21,0,-0.01138100296561922,-0.011316484345530009,0.21226071098147065,0.1586614338045635,0.16411608115000362,0.20639659651350845,0.2407414897590876,0.30828527994786076,26.4,0.9928030303030304,25.880000000000003,1.0127511591962906,25.509999999999998,1.0274402195217562,24.9542,1.0503241939232675,22.28315,1.176225084873548,66.12903225806451,0.4456976636078984,0.36312763839192824,25.509999999999998,26.68741912226325,24.332580877736746,0.09231039766862034,0.3785714285714286,26.51,0.00757292524873295,0.1567483828805315,26.31,-0.009457229556031689,0.1683103206852956,26.56,0.0056635982991921135,0.17446092510892378,25.86,0.007764014156220944,0.164023052102869,24.91,0.0,0.15767918542978945,0.17159084380816284
2023-03-07,25.86,26.21,26.26,25.76,0,-0.01344364399160358,-0.013353681800839401,0.15885262166891514,0.1831876928722624,0.17159084380816284,0.20165884742756277,0.2390189436202453,0.30856853114284477,26.29,0.9836439710916699,25.975,0.995572666025024,25.557499999999997,1.0118360559522646,24.991,1.0347725181065184,22.29095,1.1601120634158706,58.82352941176467,0.4088956964231052,0.37228124999816364,25.557499999999997,26.709374901832284,24.40562509816771,0.09013987297914793,0.39999999999999986,26.21,-0.01138100296561922,0.16411608115000362,26.51,0.00757292524873295,0.1567483828805315,26.31,-0.009457229556031689,0.1683103206852956,26.41,0.021045352965329524,0.17584891500969288,24.91,0.0,0.15661980644393278,0.170378626262283
2023-03-08,25.91,25.86,25.91,25.91,0,0.0019316212303071116,0.0019334880123742515,0.14592358548609946,0.18176871660979224,0.170378626262283,0.20077914237707328,0.23274304026893924,0.3084384509243395,26.160000000000004,0.9904434250764524,26.055,0.9944348493571291,25.597500000000004,1.0122082234593222,25.02,1.0355715427657874,22.3,1.1618834080717488,57.57575757575757,0.37939107032193675,0.3737032140629183,25.597500000000004,26.739462760936565,24.455537239063442,0.08922455403352367,0.39285714285714285,25.86,-0.01344364399160358,0.17159084380816284,26.21,-0.01138100296561922,0.16411608115000362,26.51,0.00757292524873295,0.1567483828805315,26.56,0.0056635982991921135,0.17446092510892378,25.11,0.007996843895404485,0.15748820096176316,0.16900427936547294
2023-03-09,25.91,25.91,25.91,25.76,0,0.0,0.0,0.14295830650401092,0.1816406971655234,0.16900427936547294,0.20060492340604816,0.23213804839233462,0.30829746171585176,26.080000000000002,0.9934815950920245,26.119999999999997,0.9919601837672283,25.642500000000002,1.0104319001657405,25.041999999999998,1.0346617682293748,22.309300000000004,1.1613990577920417,67.85714285714283,0.3519513653102315,0.36935284431238097,25.642500000000002,26.757599712321042,24.52740028767896,0.08697277662638511,0.36785714285714277,25.91,0.0019316212303071116,0.170378626262283,25.86,-0.01344364399160358,0.17159084380816284,26.21,-0.01138100296561922,0.16411608115000362,26.31,-0.009457229556031689,0.1683103206852956,25.26,0.005955943752851426,0.15819652237931775,0.17103033477073798
2023-03-10,25.71,25.91,25.91,25.71,0,-0.0077489732962204745,-0.007719027402547263,0.10832247000447555,0.17192979787359486,0.17103033477073798,0.2016808866616284,0.23253518584891614,0.30801886143594076,25.919999999999998,0.9918981481481483,26.125,0.9841148325358852,25.672500000000003,1.0014607069821793,25.06,1.0259377494014366,22.317850000000004,1.1519926874676547,63.33333333333333,0.31048776320351124,0.35757982809060707,25.672500000000003,26.759201915259645,24.58579808474036,0.08465883067559776,0.36428571428571416,25.91,0.0,0.16900427936547294,25.91,0.0019316212303071116,0.170378626262283,25.86,-0.01344364399160358,0.17159084380816284,26.51,0.00757292524873295,0.1567483828805315,25.66,0.015711242265145225,0.1641737101267782,0.20508519868868494
2023-03-13,24.91,25.71,25.71,24.91,0,-0.031610692003709084,-0.031116297160637907,0.2138879243113061,0.2279009178432828,0.20508519868868494,0.2129056615203396,0.23733129362806837,0.30961514633652054,25.660000000000004,0.970771628994544,26.03,0.9569727237802536,25.639999999999997,0.9715288611544463,25.0798,0.9932296110814282,22.3244,1.1158194621132034,50.0,0.21064604915176943,0.32819307230283956,25.639999999999997,26.778512418163807,24.501487581836187,0.08880752091761387,0.40714285714285686,25.71,-0.0077489732962204745,0.17103033477073798,25.91,0.0,0.16900427936547294,25.91,0.0019316212303071116,0.170378626262283,26.21,-0.01138100296561922,0.16411608115000362,25.86,0.007764014156220944,0.164023052102869,0.19422878860651024
2023-03-14,24.91,24.91,24.91,24.81,0,0.0,0.0,0.22207890423528998,0.18408218972898918,0.19422878860651024,0.2110756570916178,0.23733129362806837,0.30941940055583395,25.47,0.9780133490380841,25.880000000000003,0.9625193199381761,25.625,0.9720975609756097,25.0996,0.9924460947584822,22.329700000000003,1.115554620079983,47.222222222222236,0.13002195923485615,0.2885588496892429,25.625,26.794840294991968,24.455159705008032,0.09130460838961697,0.39999999999999986,24.91,-0.031610692003709084,0.20508519868868494,25.71,-0.0077489732962204745,0.17103033477073798,25.91,0.0,0.16900427936547294,25.86,-0.01344364399160358,0.17159084380816284,26.41,0.021045352965329524,0.17584891500969288,0.24759274032351744
2023-03-15,23.77,24.91,24.91,23.77,0,-0.04684504790198649,-0.04576475311120032,0.33369431715835807,0.2636643721288641,0.24759274032351744,0.22745357241128095,0.247020183015938,0.3128070188361127,25.042,0.9492053350371376,25.601,0.9284793562751456,25.5505,0.9303144752548874,25.0946,0.9472157356562766,22.32905,1.0645325260143177,33.769063180827885,-0.025566965449161927,0.22573368666156193,25.5505,26.979323218411274,24.121676781588725,0.1118430730053247,0.4671428571428571,24.91,0.0,0.19422878860651024,24.91,-0.031610692003709084,0.20508519868868494,25.71,-0.0077489732962204745,0.17103033477073798,25.91,0.0019316212303071116,0.170378626262283,26.56,0.0056635982991921135,0.17446092510892378,0.2647885252771927
2023-03-16,24.36,23.77,24.41,23.57,0,0.024518161469593815,0.02482120319730763,0.44148794847836603,0.31895156525516444,0.2647885252771927,0.23243168196009323,0.24618700019704495,0.3135890254162597,24.732,0.984958757884522,25.406,0.9588286231598835,25.498,0.9553690485528276,25.0926,0.970804141460032,22.3316,1.0908309301617438,36.401673640167374,-0.10011023162098454,0.16056490300505266,25.498,27.022516834588867,23.973483165411135,0.11957932658160371,0.4985714285714286,23.77,-0.04684504790198649,0.24759274032351744,24.91,0.0,0.19422878860651024,24.91,-0.031610692003709084,0.20508519868868494,25.91,0.0,0.16900427936547294,26.31,-0.009457229556031689,0.1683103206852956,0.26486895764886514
2023-03-17,24.51,24.36,24.56,24.31,0,0.0061387546983250624,0.006157635467980427,0.4611519536760496,0.31710448939190716,0.26486895764886514,0.22889029273441244,0.24612185929394106,0.31365712838653464,24.491999999999997,1.0007349338559532,25.206,0.9723875267793384,25.478,0.9620064369259753,25.0956,0.9766652321522499,22.336899999999996,1.0972874481239565,35.729386892177644,-0.1454064061815714,0.09937064116772784,25.478,27.04490240854121,23.911097591458795,0.12300042456560223,0.4914285714285714,24.36,0.024518161469593815,0.2647885252771927,23.77,-0.04684504790198649,0.24759274032351744,24.91,0.0,0.19422878860651024,25.71,-0.0077489732962204745,0.17103033477073798,26.51,0.00757292524873295,0.1567483828805315,0.25761870636173656
2023-03-20,24.66,24.51,24.86,24.61,0,0.006101300196176892,0.006119951040391536,0.42374530784835795,0.3237197543664811,0.25761870636173656,0.22367396730797537,0.2461532971595024,0.3136437073632872,24.442,1.0089190737255544,25.051,0.9843918406450841,25.4655,0.9683689697826472,25.104400000000002,0.9822979238699191,22.342950000000002,1.1037038528931944,29.79214780600465,-0.1672719970061749,0.0460421135329473,25.4655,27.05530270209119,23.875697297908808,0.12485933534320483,0.44142857142857117,24.51,0.0061387546983250624,0.26486895764886514,24.36,0.024518161469593815,0.2647885252771927,23.77,-0.04684504790198649,0.24759274032351744,24.91,-0.031610692003709084,0.20508519868868494,26.21,-0.01138100296561922,0.16411608115000362,0.2625288949872405
2023-03-21,25.01,24.66,25.31,24.61,0,0.01409324715332941,0.014193025141930216,0.43949158242710384,0.3355180549947625,0.2625288949872405,0.22512906924660514,0.24675281591221998,0.31362506812433605,24.462,1.0224020930422697,24.966,1.0017623968597293,25.4705,0.9819202606937437,25.1192,0.9956527277938789,22.352999999999998,1.1188654766697983,32.89183222958064,-0.15457669640429827,0.005918351545498184,25.4705,27.05356132474148,23.887438675258522,0.1243054769039853,0.4557142857142854,24.66,0.006101300196176892,0.25761870636173656,24.51,0.0061387546983250624,0.26486895764886514,24.36,0.024518161469593815,0.2647885252771927,24.91,0.0,0.19422878860651024,25.86,-0.01344364399160358,0.17159084380816284,0.26263872441163366
2023-03-22,24.96,25.01,25.41,24.96,0,-0.0020012013883008253,-0.0019992003198721076,0.1590236730033378,0.33436603891727523,0.26263872441163366,0.224324228383519,0.24681273331354994,0.3136229763178752,24.7,1.0105263157894737,24.871,1.0035784648787747,25.463,0.9802458469151317,25.132199999999997,0.9931482321483994,22.36055,1.1162516127733888,34.41108545034648,-0.1468572820136096,-0.02463677516632337,25.463,27.0546505831824,23.8713494168176,0.1250167366910733,0.4449999999999998,25.01,0.01409324715332941,0.2625288949872405,24.66,0.006101300196176892,0.25761870636173656,24.51,0.0061387546983250624,0.26486895764886514,23.77,-0.04684504790198649,0.24759274032351744,25.91,0.0019316212303071116,0.170378626262283,0.26118318225653014
2023-03-23,25.01,24.96,25.01,24.96,0,0.002001201388300706,0.0020032051282050656,0.09486623808220576,0.33514204493300986,0.26118318225653014,0.22432242421524992,0.24667871301874822,0.3135342762036065,24.830000000000002,1.0072492952074104,24.781,1.0092409507283808,25.450499999999998,0.982691892104281,25.1322,0.9951377117801068,22.36885,1.1180726769592537,32.057416267942614,-0.13514711652786815,-0.04673884343863233,25.450499999999998,27.05275466140608,23.848245338593916,0.12591144860856032,0.41999999999999993,24.96,-0.0020012013883008253,0.26263872441163366,25.01,0.01409324715332941,0.2625288949872405,24.66,0.006101300196176892,0.25761870636173656,24.36,0.024518161469593815,0.2647885252771927,25.91,0.0,0.16900427936547294,0.2609259368037547
2023-03-24,24.86,25.01,24.96,24.71,0,-0.006015658806962689,-0.005997600959616212,0.12292115073517967,0.33464443859791987,0.2609259368037547,0.22400539296493643,0.2469252966149006,0.3133018640869901,24.9,0.9983935742971888,24.696,1.0066407515387106,25.410500000000003,0.9783357273568012,25.1202,0.9896418022149505,22.37615,1.1110043506143819,33.25062034739456,-0.13639815933501964,-0.06467070661790979,25.410500000000003,27.030577645961735,23.79042235403827,0.12751245713085002,0.41999999999999993,25.01,0.002001201388300706,0.26118318225653014,24.96,-0.0020012013883008253,0.26263872441163366,25.01,0.01409324715332941,0.2625288949872405,24.51,0.0061387546983250624,0.26486895764886514,25.71,-0.0077489732962204745,0.17103033477073798,0.25425948753721955
2023-03-27,24.91,24.86,24.96,24.91,0,0.002009243191524113,0.00201126307321009,0.11945649028571081,0.29544233661170977,0.25425948753721955,0.22115679105131963,0.24685059149088343,0.3133067889338145,24.950000000000003,0.9983967935871743,24.696,1.0086653709102689,25.363,0.9821393368292395,25.128200000000003,0.9913165288401078,22.383700000000005,1.11286337826186,37.26541554959788,-0.13183532211172988,-0.07810362971667381,25.363,26.983293670587194,23.742706329412805,0.12776829796058786,0.39142857142857146,24.86,-0.006015658806962689,0.2609259368037547,25.01,0.002001201388300706,0.26118318225653014,24.96,-0.0020012013883008253,0.26263872441163366,24.66,0.006101300196176892,0.25761870636173656,24.91,-0.031610692003709084,0.20508519868868494,0.252142455322538
2023-03-28,24.91,24.91,25.01,24.91,0,0.0,0.0,0.053259239961079605,0.29544233661170977,0.252142455322538,0.21934053265831682,0.24686134474761962,0.31330310044378795,24.93,0.9991977537103891,24.695999999999998,1.0086653709102689,25.288,0.9850521986713066,25.1362,0.9910010264081286,22.394000000000002,1.1123515227293024,36.413043478260896,-0.12675805281015684,-0.08783451433537043,25.288,26.841733703390073,23.734266296609928,0.12288308315328003,0.3950000000000001,24.91,0.002009243191524113,0.25425948753721955,24.86,-0.006015658806962689,0.2609259368037547,25.01,0.002001201388300706,0.26118318225653014,25.01,0.01409324715332941,0.2625288949872405,24.91,0.0,0.19422878860651024,0.2606632605420973
2023-03-29,25.61,25.36,25.91,25.11,0,0.027713570937344893,0.02810116419108799,0.2069916686285756,0.17827323661733946,0.2606632605420973,0.22620356534112046,0.2493117179801841,0.3143588050282064,25.06,1.0219473264166001,24.880000000000003,1.0293408360128615,25.2405,1.0146391711733127,25.159200000000002,1.0179178988203121,22.407799999999998,1.1429055953730398,46.575342465753415,-0.0654951432113755,-0.08336664011057145,25.2405,26.68472588989751,23.79627411010249,0.11443718546760244,0.4557142857142859,24.91,0.0,0.252142455322538,24.91,0.002009243191524113,0.25425948753721955,24.86,-0.006015658806962689,0.2609259368037547,24.96,-0.0020012013883008253,0.26263872441163366,23.77,-0.04684504790198649,0.24759274032351744,0.2614938999369258
2023-03-30,25.81,25.61,25.91,25.71,0,0.007779113519088493,0.007809449433814786,0.20552810690737666,0.15115656368658975,0.2614938999369258,0.21373225407237673,0.24827377474660897,0.3142528434837223,25.22,1.0233941316415542,25.025,1.0313686313686314,25.2155,1.0235767682576193,25.187200000000004,1.024726845381781,22.42335,1.151032294460908,51.1415525114155,-0.0007963377626261092,-0.06685257964098239,25.2155,26.59775559369945,23.833244406300548,0.10963539043044566,0.46285714285714313,25.61,0.027713570937344893,0.2606632605420973,24.91,0.0,0.252142455322538,24.91,0.002009243191524113,0.25425948753721955,25.01,0.002001201388300706,0.26118318225653014,24.36,0.024518161469593815,0.2647885252771927,0.25985382846716853
2023-03-31,25.76,25.81,25.81,25.71,0,-0.001939112494369487,-0.0019372336303756788,0.1917156685302512,0.1559847890833432,0.25985382846716853,0.21381193758471234,0.2483031211453632,0.2845589374442544,25.4,1.0141732283464568,25.15,1.024254473161034,25.178,1.0231154182222575,25.2152,1.021606015419271,22.440899999999996,1.1479040501940656,61.707988980716266,0.045914080611890284,-0.044299247590407854,25.178,26.448567216887493,23.907432783112508,0.10092677868674975,0.4128571428571429,25.81,0.007779113519088493,0.2614938999369258,25.61,0.027713570937344893,0.2606632605420973,24.91,0.0,0.252142455322538,24.86,-0.006015658806962689,0.2609259368037547,24.51,0.0061387546983250624,0.26486895764886514,0.25797946609293976
2023-04-03,25.71,25.76,25.81,25.71,0,-0.001942879958354833,-0.0019409937888199558,0.2002083830630979,0.1595436437774788,0.25797946609293976,0.21381348163574693,0.24835044334670764,0.2842609853710124,25.56,1.005868544600939,25.255000000000003,1.0180162344090278,25.153,1.022144475808055,25.2392,1.0186535230910647,22.459699999999998,1.1447169819721548,60.869565217391305,0.07799872086985715,-0.019839653898354855,25.153,26.355945507799294,23.950054492200703,0.09565026102646171,0.4128571428571427,25.76,-0.001939112494369487,0.25985382846716853,25.81,0.007779113519088493,0.2614938999369258,25.61,0.027713570937344893,0.2606632605420973,24.91,0.002009243191524113,0.25425948753721955,24.66,0.006101300196176892,0.25761870636173656,0.2693305288981606
2023-04-04,25.06,25.71,25.71,24.91,0,-0.02560707180987594,-0.025281991443018348,0.305826936007456,0.20762993423174791,0.2693305288981606,0.21749135087579302,0.24563856840680015,0.28458947951813984,25.59,0.9792887846815161,25.259999999999998,0.9920823436262867,25.113,0.9978895392824433,25.2522,0.9923887819675118,22.478,1.1148678708070112,70.21943573667707,0.05039553336974123,-0.005792616444735636,25.113,26.26925711946499,23.95674288053501,0.09208434830287016,0.3885714285714284,25.71,-0.001942879958354833,0.25797946609293976,25.76,-0.001939112494369487,0.25985382846716853,25.81,0.007779113519088493,0.2614938999369258,24.91,0.0,0.252142455322538,25.01,0.01409324715332941,0.2625288949872405,0.27149327815492436
2023-04-05,25.41,25.06,25.41,25.06,0,0.013869847864150596,0.013966480446927498,0.23862650183476825,0.21794882462203924,0.27149327815492436,0.21895015295556097,0.24487330277238886,0.28445896160367745,25.55,0.9945205479452055,25.305,1.004149377593361,25.088,1.0128348214285714,25.2722,1.0054526317455543,22.495050000000003,1.1295818413384278,67.79661016949149,0.05611502426430093,0.006588911697071678,25.088,26.19214720605057,23.98385279394943,0.08802193925785791,0.35357142857142854,25.06,-0.02560707180987594,0.2693305288981606,25.71,-0.001942879958354833,0.25797946609293976,25.76,-0.001939112494369487,0.25985382846716853,25.61,0.027713570937344893,0.2606632605420973,24.96,-0.0020012013883008253,0.26263872441163366,0.2713275846898543
2023-04-06,25.41,25.41,25.46,25.31,0,0.0,0.0,0.22545682294031583,0.21812516304893104,0.2713275846898543,0.21856490399025488,0.24414890211195414,0.28445896160367745,25.47,0.9976442873969377,25.345,1.0025646084040245,25.063,1.0138451103219885,25.288199999999996,1.0048164756684939,22.5121,1.1287263293961913,66.07142857142853,0.05995661941799568,0.01726245324125648,25.063,26.109942415345916,24.01605758465408,0.08354486018001973,0.34642857142857153,25.41,0.013869847864150596,0.27149327815492436,25.06,-0.02560707180987594,0.2693305288981606,25.71,-0.001942879958354833,0.25797946609293976,25.81,0.007779113519088493,0.2614938999369258,25.01,0.002001201388300706,0.26118318225653014,0.2713275846898543
2023-04-11,25.41,25.41,25.46,25.31,0,0.0,0.0,0.22651656461800188,0.21431161278584762,0.2713275846898543,0.21855392866897472,0.24369006531752543,0.2838512731510504,25.4,1.0003937007874015,25.4,1.0003937007874015,25.048000000000002,1.0144522516767804,25.3002,1.0043398866412123,22.529399999999995,1.1278595967935234,64.15094339622638,0.062283149872680355,0.026266592567541255,25.048000000000002,26.06405221581417,24.031947784185835,0.08112841071655755,0.3321428571428576,25.41,0.0,0.2713275846898543,25.41,0.013869847864150596,0.27149327815492436,25.06,-0.02560707180987594,0.2693305288981606,25.76,-0.001939112494369487,0.25985382846716853,24.86,-0.006015658806962689,0.2609259368037547,0.2701985212576047
2023-04-12,25.41,25.41,25.41,25.31,0,0.0,0.0,0.22736351123125612,0.2145957712498857,0.2701985212576047,0.21855062555680005,0.24330575991825026,0.28191720615383054,25.34,1.0027624309392265,25.45,0.9984282907662083,25.073,1.0134407530012364,25.308200000000003,1.004022411708458,22.548450000000003,1.126906727513421,58.695652173913,0.06339615065771653,0.033692504185576316,25.073,26.09930866394176,24.04669133605824,0.0818656454306831,0.28928571428571487,25.41,0.0,0.2713275846898543,25.41,0.0,0.2713275846898543,25.41,0.013869847864150596,0.27149327815492436,25.71,-0.001942879958354833,0.25797946609293976,24.91,0.002009243191524113,0.25425948753721955,0.2540078202627582
2023-04-13,24.96,25.41,25.41,24.96,0,-0.017868253830845726,-0.017709563164108544,0.17897578790174096,0.23682408170046,0.2540078202627582,0.21427242657268336,0.2449493541708507,0.2824703767790645,25.32,0.9857819905213271,25.455,0.9805539186800236,25.075499999999998,0.9953939103906204,25.309199999999997,0.9862026456782516,22.565,1.1061378240638156,50.0,0.02764826066698589,0.032483655481858234,25.075499999999998,26.100379453757633,24.050620546242364,0.08174349095791784,0.28928571428571487,25.41,0.0,0.2701985212576047,25.41,0.0,0.2713275846898543,25.41,0.0,0.2713275846898543,25.06,-0.02560707180987594,0.2693305288981606,24.91,0.0,0.252142455322538,0.25411227523422464
2023-04-14,24.91,24.96,25.11,24.86,0,-0.0020052142271379113,-0.0020032051282051766,0.12406119155233171,0.1804267022067084,0.25411227523422464,0.21120119368014212,0.2449734322263682,0.28241135320594063,25.22,0.9877081681205393,25.384999999999998,0.9812881623005713,25.1325,0.9911469213170198,25.2992,0.9846161143435366,22.58105,1.1031373651800958,48.14814814814812,-0.004663029333350721,0.025054318518816444,25.1325,25.959336074886984,24.305663925113016,0.06579815576540207,0.3035714285714291,24.96,-0.017868253830845726,0.2540078202627582,25.41,0.0,0.2701985212576047,25.41,0.0,0.2713275846898543,25.41,0.013869847864150596,0.27149327815492436,25.61,0.027713570937344893,0.2606632605420973,0.48887903959365403
2023-04-17,21.92,22.02,21.92,21.72,0,-0.12786986719427415,-0.1200321156162183,0.8805838521470334,0.6450620749473794,0.48887903959365403,0.3231285918317206,0.30454213722666257,0.31002811383011925,24.522000000000002,0.8938911997390099,24.996000000000002,0.8769403104496719,25.0105,0.876431898602587,25.2374,0.8685522280425084,22.582400000000003,0.9706674224174577,23.46570397111914,-0.2684435211645777,-0.033645249417862386,25.0105,26.64390748130947,23.37709251869053,0.13061773905435467,0.5100000000000006,24.91,-0.0020052142271379113,0.25411227523422464,24.96,-0.017868253830845726,0.2540078202627582,25.41,0.0,0.2701985212576047,25.41,0.0,0.2713275846898543,25.81,0.007779113519088493,0.2614938999369258,0.47804922746305467
2023-04-18,21.72,21.92,21.82,21.72,0,-0.009165967014080281,-0.009124087591241059,0.8634443633862494,0.6415564141713314,0.47804922746305467,0.3234440601872121,0.3045763366622832,0.30716894666062905,23.784000000000002,0.9132189707366295,24.592000000000002,0.883214053350683,24.871000000000002,0.8733062603031642,25.1696,0.8629457758565889,22.5825,0.9618067087346396,21.96836555360281,-0.4880043791957114,-0.12451707537343219,24.871000000000002,27.064808512489527,22.677191487510477,0.17641498230787062,0.5171428571428578,21.92,-0.12786986719427415,0.48887903959365403,24.91,-0.0020052142271379113,0.25411227523422464,24.96,-0.017868253830845726,0.2540078202627582,25.41,0.0,0.2713275846898543,25.76,-0.001939112494369487,0.25985382846716853,0.47705924417244655
2023-04-19,21.77,21.72,21.77,21.62,0,0.0022993801807215147,0.002302025782688899,0.8688467375244949,0.6447008778068694,0.47705924417244655,0.3235538314671586,0.30429902163018546,0.3017877527912468,23.056,0.9442227619708535,24.198,0.8996611290189271,24.7265,0.8804319252623702,25.1048,0.8671648449698862,22.582849999999997,0.9640058717123836,22.64808362369338,-0.6504750870070488,-0.22970867770015552,24.7265,27.32264511799362,22.130354882006383,0.20998888787281808,0.5207142857142861,21.72,-0.009165967014080281,0.47804922746305467,21.92,-0.12786986719427415,0.48887903959365403,24.91,-0.0020052142271379113,0.25411227523422464,25.41,0.0,0.2701985212576047,25.71,-0.001942879958354833,0.25797946609293976,0.4766169757428057
2023-04-20,21.87,21.77,21.92,21.77,0,0.004582959442220386,0.0045934772622875375,0.9040056461295893,0.6507214591718395,0.4766169757428057,0.32380897824549815,0.3043218529568418,0.30161955864816065,22.438,0.9746858008735182,23.878999999999998,0.9158674986389717,24.569499999999998,0.8901280042328905,25.044,0.8732630570196455,22.58295,0.9684297224233327,13.618677042801608,-0.7623769226198398,-0.3362423266840924,24.569499999999998,27.45689893876425,21.682101061235745,0.2350392917042881,0.4600000000000006,21.77,0.0022993801807215147,0.47705924417244655,21.72,-0.009165967014080281,0.47804922746305467,21.92,-0.12786986719427415,0.48887903959365403,24.96,-0.017868253830845726,0.2540078202627582,25.06,-0.02560707180987594,0.2693305288981606,0.47275322186279456
2023-04-25,21.97,21.87,22.52,21.92,0,0.0045620517078423725,0.004572473708276181,0.9163035862618157,0.641322962392018,0.47275322186279456,0.3240535245359859,0.3041568458496608,0.3016427544538831,21.85,1.0054919908466817,23.535,0.9335032929679201,24.419999999999998,0.8996723996723996,24.981199999999998,0.8794613549389141,22.5823,0.9728858442231304,11.90476190476194,-0.833384036873511,-0.43567066872197613,24.419999999999998,27.52378376891957,21.316216231080425,0.254200144874658,0.48500000000000043,21.87,0.004582959442220386,0.4766169757428057,21.77,0.0022993801807215147,0.47705924417244655,21.72,-0.009165967014080281,0.47804922746305467,24.91,-0.0020052142271379113,0.25411227523422464,25.41,0.013869847864150596,0.27149327815492436,0.48298684736153324
2023-04-26,22.47,21.97,22.47,21.97,0,0.022503199800718975,0.022758306781975435,0.18007006367188694,0.6651221363554619,0.48298684736153324,0.327286625364553,0.3054851787561525,0.30246739017150287,21.959999999999997,1.023224043715847,23.241,0.9668258680779657,24.293,0.9249578067756143,24.9304,0.9013092449379071,22.586399999999998,0.9948464562745724,20.036429872495447,-0.8396330974782593,-0.5164631544732328,24.293,27.501240048768864,21.084759951231135,0.2641287653866434,0.5135714285714291,21.97,0.0045620517078423725,0.47275322186279456,21.87,0.004582959442220386,0.4766169757428057,21.77,0.0022993801807215147,0.47705924417244655,21.92,-0.12786986719427415,0.48887903959365403,25.41,0.0,0.2713275846898543,0.48565633427953264
2023-04-27,22.72,22.47,22.82,22.42,0,0.011064507655712784,0.011125945705384943,0.1305919517485326,0.6731206315551105,0.48565633427953264,0.32817873955212346,0.30577997783402516,0.3007020252331398,22.159999999999997,1.0252707581227438,22.972,0.9890301236287653,24.186,0.9393864218969652,24.882600000000004,0.9130878605933461,22.59125,1.0056991091683727,23.72583479789104,-0.8150175968412015,-0.5761740429468265,24.186,27.45675333347216,20.91524666652784,0.27046666116531554,0.5350000000000007,22.47,0.022503199800718975,0.48298684736153324,21.97,0.0045620517078423725,0.47275322186279456,21.87,0.004582959442220386,0.4766169757428057,21.72,-0.009165967014080281,0.47804922746305467,25.41,0.0,0.2713275846898543,0.48587818739142224
2023-04-28,22.72,22.72,22.87,22.47,0,0.0,0.0,0.13879030067864442,0.6731206315551105,0.48587818739142224,0.32817873955212346,0.305163364057635,0.3004342427087791,22.35,1.0165548098434003,22.703,1.0007487997180988,24.076500000000003,0.9436587543870577,24.8258,0.9151769530085636,22.5956,1.0055054966453645,26.785714285714306,-0.7864439983723805,-0.6182280340319373,24.076500000000003,27.391532904496273,20.761467095503733,0.2753749842789666,0.5064285714285722,22.72,0.011064507655712784,0.48565633427953264,22.47,0.022503199800718975,0.48298684736153324,21.97,0.0045620517078423725,0.47275322186279456,21.77,0.0022993801807215147,0.47705924417244655,25.41,0.0,0.2701985212576047,0.5002078303469071
2023-05-02,23.42,22.72,23.42,22.72,0,0.03034476431662083,0.03080985915492973,0.19964715019930931,0.7025931221443198,0.5002078303469071,0.33368683172661107,0.30767719218200545,0.2992434319664571,22.659999999999997,1.0335392762577231,22.549,1.0386269901104264,24.002000000000002,0.9757520206649446,24.79,0.9447357805566762,22.6027,1.0361593968862128,31.539888682745854,-0.6992544953170672,-0.6344333262889633,24.002000000000002,27.30511240785803,20.698887592141975,0.2752364309522562,0.5314285714285722,22.72,0.0,0.48587818739142224,22.72,0.011064507655712784,0.48565633427953264,22.47,0.022503199800718975,0.48298684736153324,21.87,0.004582959442220386,0.4766169757428057,24.96,-0.017868253830845726,0.2540078202627582,0.5070762996375445
2023-05-03,23.92,23.42,23.97,23.52,0,0.02112457091285963,0.021349274124679685,0.186079066099586,0.7160798038395771,0.5070762996375445,0.3361053206734611,0.30708376977248925,0.29983999839959263,23.05,1.0377440347071585,22.45,1.065478841870824,23.917499999999997,1.000104525974705,24.7632,0.96594947341216,22.61005,1.0579366255271438,37.3514431239389,-0.5830888790165538,-0.6241644368344814,23.917499999999997,27.132706467954627,20.702293532045367,0.26885807195188716,0.5600000000000005,23.42,0.03034476431662083,0.5002078303469071,22.72,0.0,0.48587818739142224,22.72,0.011064507655712784,0.48565633427953264,21.97,0.0045620517078423725,0.47275322186279456,24.91,-0.0020052142271379113,0.25411227523422464,0.49562034902953217
2023-05-04,23.92,23.92,24.02,23.72,0,0.0,0.0,0.21110398505804873,0.19546988341610877,0.49562034902953217,0.33565274602161893,0.30708376977248925,0.2983704730789661,23.339999999999996,1.0248500428449017,22.65,1.0560706401766007,23.823,1.004071695420392,24.733400000000003,0.9671132961905763,22.61915,1.0575110028449346,37.3514431239389,-0.48543104426240546,-0.5964177583200663,23.823,26.912650636015336,20.733349363984665,0.2593838421706196,0.5707142857142861,23.92,0.02112457091285963,0.5070762996375445,23.42,0.03034476431662083,0.5002078303469071,22.72,0.0,0.48587818739142224,22.47,0.022503199800718975,0.48298684736153324,21.92,-0.12786986719427415,0.48887903959365403,0.49441514719825136
2023-05-05,23.97,23.92,24.02,23.82,0,0.0020881193638619187,0.002090301003344397,0.22418102755238906,0.17355298459972415,0.49441514719825136,0.3356305901694578,0.30694892151510283,0.2971970538930981,23.589999999999996,1.0161085205595592,22.875,1.0478688524590163,23.7335,1.0099648176627973,24.7146,0.9698720594304581,22.627999999999997,1.0593070532084146,37.87878787878787,-0.39939791396484736,-0.5570137894490226,23.7335,26.687628422536932,20.779371577463067,0.2489416582077597,0.5778571428571431,23.92,0.0,0.49562034902953217,23.92,0.02112457091285963,0.5070762996375445,23.42,0.03034476431662083,0.5002078303469071,22.72,0.011064507655712784,0.48565633427953264,21.72,-0.009165967014080281,0.47804922746305467,0.49816324357525443
2023-05-08,24.31,23.97,24.31,23.92,0,0.014084739881739023,0.014184397163120588,0.20309121342405517,0.16921269293754185,0.49816324357525443,0.33439201224424714,0.30745928062746414,0.2970760180879695,23.907999999999998,1.0168144554124143,23.129,1.0510614380215313,23.663500000000003,1.0273205569759332,24.702600000000004,0.984106936111988,22.63955,1.073784593775053,44.425385934819886,-0.300318989498507,-0.5056748294589195,23.663500000000003,26.483744670236693,20.843255329763313,0.2383624290774137,0.5735714285714286,23.97,0.0020881193638619187,0.49441514719825136,23.92,0.0,0.49562034902953217,23.92,0.02112457091285963,0.5070762996375445,22.72,0.0,0.48587818739142224,21.77,0.0022993801807215147,0.47705924417244655,0.49872829200304303
2023-05-09,24.41,24.31,24.41,24.22,0,0.004105096076836674,0.004113533525298196,0.1426511608891294,0.16973909967342457,0.49872829200304303,0.3330938740339117,0.30742429274475974,0.2970980259427536,24.106,1.0126109682236788,23.383000000000003,1.0439207971603301,23.631,1.0329651728661504,24.692600000000002,0.9885552756696337,22.651999999999997,1.07760904114427,45.748299319727884,-0.21129340492232984,-0.4467985445516016,23.631,26.397962233207835,20.864037766792165,0.2341807145874347,0.5692857142857145,24.31,0.014084739881739023,0.49816324357525443,23.97,0.0020881193638619187,0.49441514719825136,23.92,0.0,0.49562034902953217,23.42,0.03034476431662083,0.5002078303469071,21.87,0.004582959442220386,0.4766169757428057,0.4916722012431226
2023-05-10,24.31,24.41,24.36,24.02,0,-0.004105096076836802,-0.004096681687832948,0.10770461466365289,0.18391065482277077,0.4916722012431226,0.33305511298224094,0.3074756377699596,0.2967763056545282,24.183999999999997,1.0052100562355277,23.617,1.0293432696786213,23.576,1.0311333559552087,24.676600000000004,0.9851438204614896,22.6642,1.0726167259378225,89.96655518394637,-0.14711332122393017,-0.38686149988606733,23.576,26.235722185729493,20.916277814270508,0.22562963910158573,0.3692857142857144,24.41,0.004105096076836674,0.49872829200304303,24.31,0.014084739881739023,0.49816324357525443,23.97,0.0020881193638619187,0.49441514719825136,23.92,0.02112457091285963,0.5070762996375445,21.97,0.0045620517078423725,0.47275322186279456,0.49253486649069117
2023-05-11,23.82,24.31,24.36,23.57,0,-0.020362224400877864,-0.02015631427396125,0.20197992233722825,0.22450765533038147,0.49253486649069117,0.3353513466099172,0.30899105145867545,0.297411198801067,24.164,0.9857639463664956,23.752000000000002,1.0028629168070056,23.4965,1.0137680080011917,24.647800000000004,0.9664148524411914,22.67395,1.0505447881820327,82.01219512195124,-0.13424159386793022,-0.33633751868243994,23.4965,26.016803031069795,20.976196968930207,0.2145258256395458,0.4114285714285713,24.31,-0.004105096076836802,0.4916722012431226,24.41,0.004105096076836674,0.49872829200304303,24.31,0.014084739881739023,0.49816324357525443,23.92,0.0,0.49562034902953217,22.47,0.022503199800718975,0.48298684736153324,0.49307813812531004
2023-05-12,23.92,23.82,23.92,23.72,0,0.004189365155276925,0.004198152812762368,0.20443359238294762,0.22266839838199975,0.49307813812531004,0.33543082857952494,0.3088941938642598,0.29685501052996865,24.154,0.9903121636167923,23.872,1.00201072386059,23.422,1.0212620613098797,24.613000000000003,0.9718441474017795,22.69015,1.0542019334380779,82.2822822822823,-0.11464988048225777,-0.2919999910424035,23.422,25.787476251145936,21.056523748854065,0.20198755453385153,0.41500000000000015,23.82,-0.020362224400877864,0.49253486649069117,24.31,-0.004105096076836802,0.4916722012431226,24.41,0.004105096076836674,0.49872829200304303,23.97,0.0020881193638619187,0.49441514719825136,22.72,0.011064507655712784,0.48565633427953264,0.4940124529314129
2023-05-15,24.07,23.92,24.07,23.77,0,0.006251322712549564,0.006270903010033413,0.17484785864563038,0.220826174536344,0.4940124529314129,0.3352661983099624,0.3088292076159385,0.29685967089900045,24.106,0.9985065958682485,24.007,1.0026242345982421,23.355,1.0306144294583601,24.577199999999998,0.9793629868333253,22.702399999999997,1.060240327013884,82.54437869822485,-0.08602788417744378,-0.25080556966941153,23.355,25.55339654485256,21.15660345514744,0.1882591774654301,0.42571428571428577,23.92,0.004189365155276925,0.49307813812531004,23.82,-0.020362224400877864,0.49253486649069117,24.31,-0.004105096076836802,0.4916722012431226,24.31,0.014084739881739023,0.49816324357525443,22.72,0.0,0.48587818739142224,0.49731394321914074
2023-05-16,24.41,24.07,24.51,24.07,0,0.014026632609888134,0.014125467386788548,0.20771480157049405,0.18171290949073485,0.49731394321914074,0.3364755215007154,0.309331306311211,0.2971853346033324,24.106,1.0126109682236788,24.106,1.0126109682236788,23.3275,1.0464044582574215,24.537200000000002,0.9948160344293562,22.7198,1.0743932605040538,83.70165745856355,-0.03550036132692469,-0.2077445280009142,23.3275,25.453943781973408,21.201056218026594,0.18231218793041748,0.410714285714286,24.07,0.006251322712549564,0.4940124529314129,23.92,0.004189365155276925,0.49307813812531004,23.82,-0.020362224400877864,0.49253486649069117,24.41,0.004105096076836674,0.49872829200304303,23.42,0.03034476431662083,0.5002078303469071,0.5029493049669655
2023-05-17,25.06,24.41,25.26,24.41,0,0.02628006506305348,0.026628430970913497,0.27195800805245113,0.19645070195519582,0.5029493049669655,0.3405818052659289,0.31122815254157565,0.29833647241678574,24.256,1.0331464379947228,24.220000000000002,1.0346820809248554,23.335,1.0739232911934862,24.5072,1.0225566364170529,22.742449999999998,1.101904148409692,84.35013262599469,0.056343143599576706,-0.15492699368081603,23.335,25.48586273999863,21.18413726000137,0.18434649582160956,0.43571428571428605,24.41,0.014026632609888134,0.49731394321914074,24.07,0.006251322712549564,0.4940124529314129,23.92,0.004189365155276925,0.49307813812531004,24.31,-0.004105096076836802,0.4916722012431226,23.92,0.02112457091285963,0.5070762996375445,0.5033597919140348
2023-05-18,24.91,25.06,24.91,24.81,0,-0.006003620193833131,-0.005985634477254531,0.19109845154855298,0.20264862875245282,0.5033597919140348,0.3388473666680721,0.3114249712066328,0.29813447421405764,24.474,1.0178148238947455,24.319,1.0243019861014022,23.4845,1.0606996103813153,24.479200000000002,1.0175986143338016,22.77285,1.0938464004285806,79.83651226158041,0.11569240650667467,-0.1008031136433179,23.4845,25.636898661957993,21.33210133804201,0.18330376733232492,0.42500000000000043,25.06,0.02628006506305348,0.5029493049669655,24.41,0.014026632609888134,0.49731394321914074,24.07,0.006251322712549564,0.4940124529314129,23.82,-0.020362224400877864,0.49253486649069117,23.92,0.0,0.49562034902953217,0.22381354332890835
2023-05-19,25.91,24.91,25.91,24.81,0,0.03935966529992947,0.04014452027298265,0.2788725013701669,0.2682672159850038,0.22381354332890835,0.3468947165758448,0.31591104826676625,0.3000095243844268,24.872,1.0417336764232872,24.512999999999998,1.05699016848203,23.694,1.093525787119102,24.4672,1.0589687418257914,22.799249999999997,1.136440891695999,84.15417558886512,0.24064476455061623,-0.03251353800453107,23.694,25.937009256849876,21.450990743150122,0.1893314135941485,0.4750000000000004,24.91,-0.006003620193833131,0.5033597919140348,25.06,0.02628006506305348,0.5029493049669655,24.41,0.014026632609888134,0.49731394321914074,23.92,0.004189365155276925,0.49307813812531004,23.97,0.0020881193638619187,0.49441514719825136,0.21692663629227452
2023-05-22,26.36,25.91,26.36,24.96,0,0.017218715060287913,0.017367811655731424,0.26530040901225527,0.27077823303622,0.21692663629227452,0.34850570283635274,0.31654358127045895,0.3004212462936089,25.330000000000002,1.0406632451638373,24.717999999999996,1.0664293227607413,23.923499999999997,1.1018454657554289,24.4702,1.077228629108058,22.826400000000003,1.1548032103178774,83.25791855203622,0.37169695658446855,0.048328560913268856,23.923499999999997,26.274314192661635,21.57268580733836,0.19652761449299957,0.5250000000000001,25.91,0.03935966529992947,0.22381354332890835,24.91,-0.006003620193833131,0.5033597919140348,25.06,0.02628006506305348,0.5029493049669655,24.07,0.006251322712549564,0.4940124529314129,24.31,0.014084739881739023,0.49816324357525443,0.21885603180349011
2023-05-23,26.91,26.36,26.91,26.16,0,0.020650255104508002,0.020864946889226132,0.2629301563967339,0.27662515534936455,0.21885603180349011,0.3506450886969066,0.2971596636833875,0.30091649303634194,25.830000000000002,1.0418118466898953,24.968,1.0777795578340275,24.1755,1.1131103803437365,24.4912,1.0987620043117527,22.854300000000002,1.1774589464564653,83.44519015659957,0.5140119565359562,0.14146524003780633,24.1755,26.67528083249803,21.67571916750197,0.20680282372633693,0.5392857142857146,26.36,0.017218715060287913,0.21692663629227452,25.91,0.03935966529992947,0.22381354332890835,24.91,-0.006003620193833131,0.5033597919140348,24.41,0.014026632609888134,0.49731394321914074,24.41,0.004105096076836674,0.49872829200304303,0.228373798941868
2023-05-24,26.66,26.91,27.11,25.91,0,-0.009333649988251811,-0.00929022668153101,0.32036950507538203,0.28507419353397656,0.228373798941868,0.348734280296285,0.29552403428671764,0.3008350679223442,26.15,1.0195028680688336,25.203,1.0578105781057812,24.410000000000004,1.0921753379762391,24.5062,1.0878879630460863,22.880950000000002,1.1651614115672644,79.02542372881356,0.5997116065659114,0.23311451334342737,24.410000000000004,26.91855378759581,21.9014462124042,0.20553492729174963,0.6035714285714288,26.91,0.020650255104508002,0.21885603180349011,26.36,0.017218715060287913,0.21692663629227452,25.91,0.03935966529992947,0.22381354332890835,25.06,0.02628006506305348,0.5029493049669655,24.31,-0.004105096076836802,0.4916722012431226,0.23013925863011872
2023-05-25,26.66,26.66,26.71,26.51,0,0.0,0.0,0.30091213641301523,0.24077965924043412,0.23013925863011872,0.348734280296285,0.2955340156950421,0.30080199363037247,26.5,1.0060377358490566,25.487000000000002,1.0460234629418919,24.6195,1.0828814557566158,24.521200000000004,1.0872224850333587,22.90465,1.163955790636399,78.80085653104928,0.6600208867139834,0.3184957880175386,24.6195,27.145661848379575,22.093338151620422,0.2052163405739009,0.6035714285714288,26.66,-0.009333649988251811,0.228373798941868,26.91,0.020650255104508002,0.21885603180349011,26.36,0.017218715060287913,0.21692663629227452,24.91,-0.006003620193833131,0.5033597919140348,23.82,-0.020362224400877864,0.49253486649069117,0.22502195712294704
2023-05-26,26.91,26.51,26.91,26.31,0,0.009333649988251869,0.00937734433608406,0.1960902476749815,0.23791532995513362,0.22502195712294704,0.3491164527261143,0.2950521538690445,0.3008097376628953,26.7,1.0078651685393258,25.786,1.0435895447141859,24.829,1.0838132828547262,24.5452,1.0963447028339552,22.930099999999996,1.1735666220382819,78.38427947598257,0.7196931616252797,0.3987352627390869,24.829,27.386654353010115,22.271345646989886,0.20602153554392966,0.6185714285714291,26.66,0.0,0.23013925863011872,26.66,-0.009333649988251811,0.228373798941868,26.91,0.020650255104508002,0.21885603180349011,25.91,0.03935966529992947,0.22381354332890835,23.92,0.004189365155276925,0.49307813812531004,0.37549064964309775
2023-05-30,29.6,27.01,29.6,26.91,0,0.09527639659120023,0.09996283909327386,0.6636256852378382,0.47830028041986505,0.37549064964309775,0.3964305570087554,0.32256010391324946,0.3153927935084565,27.348000000000003,1.0823460582126663,26.339,1.1238088006378375,25.173,1.1758630278472968,24.639,1.201347457283169,22.9722,1.2885139429397272,86.19246861924688,0.9728302070785695,0.5135542516069834,25.173,28.319273317668284,22.026726682331713,0.24997205876679662,0.7971428571428577,26.91,0.009333649988251869,0.22502195712294704,26.66,0.0,0.23013925863011872,26.66,-0.009333649988251811,0.228373798941868,26.36,0.017218715060287913,0.21692663629227452,24.07,0.006251322712549564,0.4940124529314129,0.3942887796144035
2023-05-31,28.9,29.6,29.85,26.96,0,-0.023932766211628362,-0.023648648648648796,0.7448604455689652,0.5284195327104798,0.3942887796144035,0.3998973324155121,0.3227731008805077,0.3163504006841326,27.746,1.041591580768399,26.788,1.078841272211438,25.447,1.135693794946359,24.7188,1.1691506060164731,23.0108,1.2559319971491647,79.53667953667954,1.1042301121251228,0.6316894237106113,25.447,28.89087847453507,22.003121525464927,0.27067068609541967,0.9757142857142862,29.6,0.09527639659120023,0.37549064964309775,26.91,0.009333649988251869,0.22502195712294704,26.66,0.0,0.23013925863011872,26.91,0.020650255104508002,0.21885603180349011,24.41,0.014026632609888134,0.49731394321914074,0.38893830400871054
2023-06-01,29.4,28.9,29.7,28.7,0,0.017153079226249493,0.01730103806228378,0.7151266850213858,0.5258558935163636,0.38893830400871054,0.40010660372565393,0.3199449858100507,0.3162823151930665,28.294,1.0390895596239484,27.221999999999998,1.0800088163985013,25.721000000000004,1.143034874227285,24.831400000000002,1.1839847934470065,23.050900000000002,1.275438269221592,85.86118251928019,1.2344809766245604,0.7522477342934011,25.721000000000004,29.50821894909953,21.93378105090048,0.2944845806228004,0.9907142857142863,28.9,-0.023932766211628362,0.3942887796144035,29.6,0.09527639659120023,0.37549064964309775,26.91,0.009333649988251869,0.22502195712294704,26.66,-0.009333649988251811,0.228373798941868,25.06,0.02628006506305348,0.5029493049669655,0.4128469995137385
2023-06-02,28.5,29.4,29.0,27.9,0,-0.031090587070031005,-0.030612244897959107,0.7979802373356678,0.5685572307656621,0.4128469995137385,0.40540583521213414,0.3232788996068932,0.31774122044418623,28.662,0.9943479171027843,27.581,1.033320039157391,25.95,1.0982658959537572,24.9142,1.1439259538736946,23.086750000000002,1.234474319685534,76.68997668997669,1.2506663436640117,0.8519314561675233,25.95,29.831394215050686,22.068605784949312,0.2991440628170086,1.0835714285714289,29.4,0.017153079226249493,0.38893830400871054,28.9,-0.023932766211628362,0.3942887796144035,29.6,0.09527639659120023,0.37549064964309775,26.66,0.0,0.23013925863011872,24.91,-0.006003620193833131,0.5033597919140348,0.4262395297744133
2023-06-05,27.85,28.5,28.3,27.35,0,-0.023071120901311772,-0.02280701754385961,0.840289447485056,0.5752743967763898,0.4262395297744133,0.406380258848936,0.32521407618069176,0.3186262241936122,28.85,0.9653379549393414,27.775,1.002700270027003,26.144,1.0652539779681764,24.980999999999998,1.1148472839357912,23.120099999999997,1.2045795649672797,70.81497797356829,1.1972427270292343,0.9209937103398655,26.144,29.996454583221812,22.291545416778185,0.2947104179331253,1.1442857142857146,28.5,-0.031090587070031005,0.4128469995137385,29.4,0.017153079226249493,0.38893830400871054,28.9,-0.023932766211628362,0.3942887796144035,26.91,0.009333649988251869,0.22502195712294704,25.91,0.03935966529992947,0.22381354332890835,0.4262856144987181
2023-06-06,27.9,27.85,27.9,27.45,0,0.0017937224540269007,0.0017953321364452268,0.32430600272806415,0.5729746370853966,0.4262856144987181,0.40626735178154977,0.3244450966750405,0.31861685290962516,28.51,0.9786039985969834,27.929000000000002,0.9989616527623616,26.323500000000003,1.0598894523904494,25.0458,1.1139592266966916,23.151500000000002,1.205105500723495,69.85210466439135,1.1457314293577738,0.9659412541434473,26.323500000000003,30.150612557309103,22.496387442690903,0.290775357175839,1.145,27.85,-0.023071120901311772,0.4262395297744133,28.5,-0.031090587070031005,0.4128469995137385,29.4,0.017153079226249493,0.38893830400871054,29.6,0.09527639659120023,0.37549064964309775,26.36,0.017218715060287913,0.21692663629227452,0.42661689368040384
2023-06-07,27.85,27.9,27.9,27.75,0,-0.0017937224540267663,-0.0017921146953403522,0.31002435420450514,0.5676053086960479,0.42661689368040384,0.40577118107521254,0.32432701287807447,0.318139762647618,28.3,0.9840989399293286,28.022999999999996,0.9938264996609929,26.4955,1.0511218886225964,25.1026,1.1094468302088232,23.182149999999996,1.201355353148867,67.03296703296706,1.0883282026424403,0.9904186438432461,26.4955,30.269351724975742,22.721648275024258,0.2848673718160248,1.095,27.9,0.0017937224540269007,0.4262856144987181,27.85,-0.023071120901311772,0.4262395297744133,28.5,-0.031090587070031005,0.4128469995137385,28.9,-0.023932766211628362,0.3942887796144035,26.91,0.020650255104508002,0.21885603180349011,0.4268536511689812
2023-06-08,27.9,27.85,28.0,27.9,0,0.0017937224540269007,0.0017953321364452268,0.2459360869980253,0.5633297256787979,0.4268536511689812,0.40554962176555565,0.3201772131089627,0.3181409565355011,28.0,0.9964285714285713,28.147,0.9912246420577682,26.675,1.0459231490159324,25.161400000000004,1.1088413204352696,23.21355,1.2018842443314357,68.47960444993821,1.0349401680062975,0.9993229486758564,26.675,30.35141415684205,22.99858584315795,0.27564492272480223,1.0878571428571426,27.85,-0.0017937224540267663,0.42661689368040384,27.9,0.0017937224540269007,0.4262856144987181,27.85,-0.023071120901311772,0.4262395297744133,29.4,0.017153079226249493,0.38893830400871054,26.66,-0.009333649988251811,0.228373798941868,0.42582073698518796
2023-06-09,27.9,27.9,27.9,27.7,0,0.0,0.0,0.16863319488236553,0.5633297256787979,0.42582073698518796,0.4047970177259725,0.3201772131089627,0.3175034012454642,27.880000000000003,1.0007173601147774,28.270999999999997,0.9868770117788547,26.879,1.0379850440864615,25.219199999999997,1.1062999619337648,23.2437,1.2003252494224241,64.03385049365303,0.9813177457927225,0.9957219080992297,26.879,30.334533472409777,23.423466527590225,0.2571177106596061,1.0235714285714281,27.9,0.0017937224540269007,0.4268536511689812,27.85,-0.0017937224540267663,0.42661689368040384,27.9,0.0017937224540269007,0.4262856144987181,28.5,-0.031090587070031005,0.4128469995137385,26.66,0.0,0.23013925863011872,0.5132355187224303
2023-06-13,30.69,28.0,30.69,28.0,0,0.09531017980432493,0.10000000000000009,0.6738653389831255,0.7257187825157805,0.5132355187224303,0.44543049243350846,0.3443611772298353,0.3307746493172424,28.448,1.078810461192351,28.649,1.071241579112709,27.2175,1.1275833562965003,25.3358,1.2113294231877423,23.2878,1.3178574189060366,72.95864262990457,1.1506868708870108,1.026714900656786,27.2175,30.777357330079845,23.657642669920158,0.2615859156851175,1.1228571428571428,27.9,0.0,0.42582073698518796,27.9,0.0017937224540269007,0.4268536511689812,27.85,-0.0017937224540267663,0.42661689368040384,27.85,-0.023071120901311772,0.4262395297744133,26.91,0.009333649988251869,0.22502195712294704,0.5834078023896038
2023-06-14,33.68,30.74,33.73,30.74,0,0.09296732074248103,0.09742587161941985,0.818873241668435,0.7184578644584838,0.5834078023896038,0.48059994571308606,0.3670295400572081,0.3432560811496536,29.604000000000003,1.1376840967436832,29.057,1.1591010771931032,27.698,1.2159722723662358,25.5112,1.3202044592179123,23.3466,1.4426083455406784,78.5172704296546,1.5087887566915157,1.123129671863732,27.698,31.988364234322606,23.407635765677394,0.30979595886508815,1.286428571428571,30.69,0.09531017980432493,0.5132355187224303,27.9,0.0,0.42582073698518796,27.9,0.0017937224540269007,0.4268536511689812,27.9,0.0017937224540269007,0.4262856144987181,29.6,0.09527639659120023,0.37549064964309775,0.6305274927239376
2023-06-15,31.94,33.53,35.38,30.89,0,-0.05304504658725961,-0.051662707838479816,1.0284400385650347,0.773051422060006,0.6305274927239376,0.4939904493680602,0.3755337520262165,0.34755441085692934,30.421999999999997,1.0498981000591678,29.361,1.087837607710909,28.0745,1.137687225061889,25.6518,1.2451367935193631,23.3967,1.3651497860809432,69.76047904191618,1.6333553195675101,1.2251748014044876,28.0745,32.470260996328015,23.678739003671986,0.3131497263586539,1.5214285714285711,33.68,0.09296732074248103,0.5834078023896038,30.69,0.09531017980432493,0.5132355187224303,27.9,0.0,0.42582073698518796,27.85,-0.0017937224540267663,0.42661689368040384,28.9,-0.023932766211628362,0.3942887796144035,0.6510931892724605
2023-06-16,30.89,31.94,31.89,30.39,0,-0.03342663585637603,-0.032874139010644954,1.1107955092414825,0.801137929889628,0.6510931892724605,0.4989735895145818,0.3790480466936947,0.3492767891187444,31.02,0.9958091553836235,29.51,1.0467638088783462,28.365999999999996,1.088979764506804,25.757399999999997,1.199267006763105,23.441549999999996,1.317745626889007,64.67730742539904,1.6285757854154532,1.305854998206681,28.365999999999996,32.692741328796096,24.039258671203896,0.3050653126134175,1.6178571428571427,31.94,-0.05304504658725961,0.6305274927239376,33.68,0.09296732074248103,0.5834078023896038,30.69,0.09531017980432493,0.5132355187224303,27.9,0.0017937224540269007,0.4268536511689812,29.4,0.017153079226249493,0.38893830400871054,0.6530044602496977
2023-06-19,31.89,30.89,31.89,30.89,0,0.03185997409147584,0.03237293622531556,1.0969451260945213,0.7839989613752928,0.6530044602496977,0.4972683339238156,0.38128301365030226,0.34972837915344784,31.818,1.0022628700735432,29.849,1.068377500083755,28.714999999999996,1.1105693888211738,25.879,1.2322732717647513,23.4914,1.3575180704428005,66.42480211081795,1.6860439477132374,1.3818927881079923,28.714999999999996,32.993757812852806,24.436242187147187,0.2980155189171381,1.6464285714285711,30.89,-0.03342663585637603,0.6510931892724605,31.94,-0.05304504658725961,0.6305274927239376,33.68,0.09296732074248103,0.5834078023896038,27.9,0.0,0.42582073698518796,28.5,-0.031090587070031005,0.4128469995137385,0.6513084244981051
2023-06-20,31.89,31.89,31.89,31.59,0,0.0,0.0,0.9151921233787482,0.764028706738338,0.6513084244981051,0.4972683339238156,0.38086519947343717,0.34972837915344784,32.058,0.9947594984091335,30.252999999999997,1.0541103361650086,29.014000000000003,1.0991245605569724,26.0016,1.2264629868931143,23.54175,1.3546146739303577,59.18203688853248,1.711854685152094,1.4478851675168127,29.014000000000003,33.30319032967841,24.724809670321598,0.29566349553170224,1.4757142857142855,31.89,0.03185997409147584,0.6530044602496977,30.89,-0.03342663585637603,0.6510931892724605,31.94,-0.05304504658725961,0.6305274927239376,30.69,0.09531017980432493,0.5132355187224303,27.85,-0.023071120901311772,0.4262395297744133,0.6466260960312922
2023-06-21,31.64,31.89,31.89,31.39,0,-0.007870338122513098,-0.00783944810285353,0.5160628852327089,0.7697100450015097,0.6466260960312922,0.48710149774900346,0.37992388306223107,0.3497598914815752,31.65,0.9996840442338073,30.627000000000002,1.0330753909948738,29.278000000000002,1.080674909488353,26.1202,1.2113230373427462,23.5906,1.3412121777318085,61.39767054908487,1.6926254374457592,1.4968332215026021,29.278000000000002,33.52918485031822,25.02681514968179,0.29040131500226873,1.3049999999999997,31.89,0.0,0.6513084244981051,31.89,0.03185997409147584,0.6530044602496977,30.89,-0.03342663585637603,0.6510931892724605,33.68,0.09296732074248103,0.5834078023896038,27.9,0.0017937224540269007,0.4262856144987181,0.646547682801245
2023-06-22,31.69,31.64,31.74,30.89,0,0.001579030803376232,0.001580278128950674,0.3709750522498644,0.7681311579844935,0.646547682801245,0.48543509563738985,0.3799090054652749,0.34910307266926355,31.6,1.0028481012658228,31.011000000000003,1.0218954564509368,29.517000000000003,1.0736185926754074,26.2528,1.207109336908825,23.6397,1.3405415466355326,59.89628349178913,1.6622592127476814,1.5299184197516182,29.517000000000003,33.7450422245559,25.2889577754441,0.2864818392489685,1.2942857142857138,31.64,-0.007870338122513098,0.6466260960312922,31.89,0.0,0.6513084244981051,31.89,0.03185997409147584,0.6530044602496977,31.94,-0.05304504658725961,0.6305274927239376,27.85,-0.0017937224540267663,0.42661689368040384,0.6451348363922041
2023-06-23,31.89,31.69,31.89,31.59,0,0.006291307319136922,0.00631113916061854,0.24023308567569227,0.7666379274902451,0.6451348363922041,0.48543769915828544,0.37898091759496916,0.3488124525619139,31.8,1.0028301886792452,31.410000000000004,1.0152817574021011,29.778499999999998,1.070906862333563,26.382399999999997,1.2087603857116866,23.690049999999996,1.3461347696606807,65.59337626494943,1.6354793020839722,1.551030596218089,29.778499999999998,33.90833126965078,25.64866873034921,0.27736999980863947,1.2085714285714282,31.69,0.001579030803376232,0.646547682801245,31.64,-0.007870338122513098,0.6466260960312922,31.89,0.0,0.6513084244981051,30.89,-0.03342663585637603,0.6510931892724605,27.9,0.0017937224540269007,0.4268536511689812,0.6424231440480708
2023-06-26,32.39,31.89,32.39,31.74,0,0.015557252161271622,0.01567889620570706,0.13693513353605896,0.7630123027989055,0.6424231440480708,0.4859580876222587,0.37804641930173655,0.3480489847303071,31.9,1.015360501567398,31.858999999999998,1.0166671898050788,30.064999999999998,1.0773324463662066,26.522000000000002,1.2212502827841036,23.746100000000002,1.3640134590522233,71.17537313432837,1.6357459897168631,1.5679736749178441,30.064999999999998,34.07726802903768,26.052731970962313,0.2669062384192706,1.1728571428571428,31.89,0.006291307319136922,0.6451348363922041,31.69,0.001579030803376232,0.646547682801245,31.64,-0.007870338122513098,0.6466260960312922,31.89,0.03185997409147584,0.6530044602496977,27.9,0.0,0.42582073698518796,0.6530493450036894
2023-06-27,33.88,32.39,34.03,31.94,0,0.044975136600615855,0.046001852423587675,0.32103941368364236,0.6476423317155222,0.6530493450036894,0.49236315951338955,0.3826918736087345,0.3497754392470456,32.298,1.0489813610749892,32.178,1.0528932811237492,30.413500000000006,1.1139789895934369,26.691399999999998,1.269322703192789,23.80835,1.4230301553866607,74.58881578947371,1.7361743519395922,1.6016138103221937,30.413500000000006,34.482330298746284,26.34466970125373,0.2675673828231724,1.2899999999999998,32.39,0.015557252161271622,0.6424231440480708,31.89,0.006291307319136922,0.6451348363922041,31.69,0.001579030803376232,0.646547682801245,31.89,0.0,0.6513084244981051,30.69,0.09531017980432493,0.5132355187224303,0.6531649018767224
2023-06-30,34.13,33.88,34.13,33.68,0,0.007351893134761934,0.0073789846517118285,0.2764584097122656,0.4536955525382927,0.6531649018767224,0.492191943514435,0.3825936163539365,0.34981654344004315,32.79600000000001,1.0406756921575802,32.223,1.059181330105825,30.640000000000004,1.1139033942558747,26.8658,1.2703883748110982,23.87435,1.4295677159797022,75.40453074433657,1.815015098958085,1.644294068049372,30.640000000000004,35.01126020610411,26.268739793895893,0.28533030065953713,1.3114285714285716,33.88,0.044975136600615855,0.6530493450036894,32.39,0.015557252161271622,0.6424231440480708,31.89,0.006291307319136922,0.6451348363922041,31.64,-0.007870338122513098,0.6466260960312922,33.68,0.09296732074248103,0.5834078023896038,0.5822776582856863
2023-07-03,35.13,34.13,35.18,34.08,0,0.028878703359119972,0.029299736302373258,0.259435789646986,0.35429369862696775,0.5822776582856863,0.4944639351819603,0.38437352212914355,0.3508430437612468,33.484,1.0491578067136542,32.542,1.0795279945916048,30.951500000000003,1.1350015346590634,27.069200000000002,1.2977849363852645,23.9491,1.466860967635527,77.16003005259205,1.9358730620186364,1.702609866843225,30.951500000000003,35.67444410856482,26.22855589143518,0.30518353608483073,1.3792857142857147,34.13,0.007351893134761934,0.6531649018767224,33.88,0.044975136600615855,0.6530493450036894,32.39,0.015557252161271622,0.6424231440480708,31.69,0.001579030803376232,0.646547682801245,31.94,-0.05304504658725961,0.6305274927239376,0.5951254305948759
2023-07-04,33.78,35.13,35.13,33.38,0,-0.03918655489808165,-0.038428693424423566,0.5035871975500708,0.37444977029343784,0.5951254305948759,0.5019683447598394,0.3886547442580973,0.35278553055481193,33.862,0.997578406473333,32.831,1.0289056075051017,31.170499999999997,1.0837169759869107,27.246599999999997,1.2397877166325342,24.0181,1.4064393103534418,70.05457025920873,1.9008088101484866,1.7422496555042775,31.170499999999997,35.99562056026045,26.345379439739546,0.3095953263669464,1.4900000000000004,35.13,0.028878703359119972,0.5822776582856863,34.13,0.007351893134761934,0.6531649018767224,33.88,0.044975136600615855,0.6530493450036894,31.89,0.006291307319136922,0.6451348363922041,30.89,-0.03342663585637603,0.6510931892724605,0.5940845864117181
2023-07-05,33.98,33.78,34.23,33.43,0,0.005903204864131906,0.005920663114268754,0.5033693370096365,0.3519666530519063,0.5940845864117181,0.5019386587760135,0.38805892977497325,0.3528093012585644,34.18000000000001,0.9941486249268575,33.040000000000006,1.0284503631961257,31.444499999999998,1.0806341331552418,27.487799999999996,1.2361847801570152,24.0881,1.4106550537402285,63.62883181441589,1.867629595034856,1.7673256434103934,31.444499999999998,36.253454257697506,26.63554574230249,0.3058693417098385,1.3478571428571429,33.78,-0.03918655489808165,0.5951254305948759,35.13,0.028878703359119972,0.5822776582856863,34.13,0.007351893134761934,0.6531649018767224,32.39,0.015557252161271622,0.6424231440480708,31.89,0.03185997409147584,0.6530044602496977,0.5779931741744766
2023-07-06,34.43,33.98,34.73,33.88,0,0.013156161106646413,0.013243084167157138,0.40313783746047227,0.3515187415025634,0.5779931741744766,0.5021032319296425,0.38799841457343304,0.3529920641452115,34.29,1.0040828229804608,33.294000000000004,1.0341202619090526,31.773500000000002,1.0836074086896312,27.741999999999997,1.2410785091197463,24.160349999999998,1.4250621369309635,53.93494228751312,1.8562483912274779,1.7851101929738102,31.773500000000002,36.44540156258901,27.101598437410992,0.29407534974673927,1.1914285714285715,33.98,0.005903204864131906,0.5940845864117181,33.78,-0.03918655489808165,0.5951254305948759,35.13,0.028878703359119972,0.5822776582856863,33.88,0.044975136600615855,0.6530493450036894,31.89,0.0,0.6513084244981051,0.566218685171196
2023-07-07,34.68,34.43,34.83,34.58,0,0.007234874561908714,0.007261109497531226,0.40306313915745784,0.3408448767528732,0.566218685171196,0.5000268701202909,0.3880355563998002,0.353008707632824,34.4,1.008139534883721,33.598,1.0322042978748736,32.1125,1.0799532892175945,28.0002,1.238562581695845,24.233850000000004,1.4310561466708753,67.03980099502486,1.8461206857803596,1.7973122915351203,32.1125,36.580443716367384,27.644556283632614,0.2782681956476379,0.899285714285714,34.43,0.013156161106646413,0.5779931741744766,33.98,0.005903204864131906,0.5940845864117181,33.78,-0.03918655489808165,0.5951254305948759,34.13,0.007351893134761934,0.6531649018767224,31.64,-0.007870338122513098,0.6466260960312922,0.5665979440486696
2023-07-10,34.68,34.68,36.27,34.18,0,0.0,0.0,0.3332341987858945,0.3419205488312131,0.5665979440486696,0.5000813166384348,0.38401589531547375,0.35301337683341766,34.31,1.0107840279801805,33.897,1.023099389326489,32.454,1.0685893880569421,28.256400000000003,1.2273325689047436,24.307599999999997,1.4267142786618179,77.11015736766808,1.817147461446801,1.8012793255174564,32.454,36.58125676703639,28.326743232963604,0.2543450278570527,0.9378571428571428,34.68,0.007234874561908714,0.566218685171196,34.43,0.013156161106646413,0.5779931741744766,33.98,0.005903204864131906,0.5940845864117181,35.13,0.028878703359119972,0.5822776582856863,31.69,0.001579030803376232,0.646547682801245,0.5752207363563611
2023-07-11,33.98,34.68,34.48,33.88,0,-0.020391035668555265,-0.020184544405997817,0.20531277776591625,0.3727228176645846,0.5752207363563611,0.5024314832678909,0.38541169075802745,0.3537095089030595,34.35,0.9892285298398834,34.106,0.9963056353720752,32.757999999999996,1.037303864704805,28.496599999999997,1.1924229557210333,24.38035,1.3937453728104805,65.62032884902837,1.7178989527929147,1.784603250972548,32.757999999999996,36.33141411272855,29.184585887271442,0.21817046905968346,0.9235714285714283,34.68,0.0,0.5665979440486696,34.68,0.007234874561908714,0.566218685171196,34.43,0.013156161106646413,0.5779931741744766,33.78,-0.03918655489808165,0.5951254305948759,31.89,0.006291307319136922,0.6451348363922041,0.5746087977842664
2023-07-12,34.23,33.98,34.23,31.54,0,0.007330336298308064,0.007357268981754039,0.20761789721482823,0.36930353702047236,0.5746087977842664,0.5022982429767324,0.3854604647947648,0.35371618967158325,34.39999999999999,0.9950581395348839,34.290000000000006,0.9982502187226594,33.0745,1.0349362802158761,28.7318,1.1913628801536973,24.453599999999998,1.3997938953773676,66.85878962536019,1.6405059736162997,1.7557837955012985,33.0745,35.873646298426515,30.27535370157349,0.16926310592308347,1.0942857142857139,33.98,-0.020391035668555265,0.5752207363563611,34.68,0.0,0.5665979440486696,34.68,0.007234874561908714,0.566218685171196,33.98,0.005903204864131906,0.5940845864117181,32.39,0.015557252161271622,0.6424231440480708,0.5834107157796424
2023-07-13,33.53,34.23,33.88,32.49,0,-0.020661892063956633,-0.020449897750511092,0.22568413417511798,0.3161446004324086,0.5834107157796424,0.5011879058319305,0.3862537941530695,0.35429411825302876,34.22,0.9798363530099358,34.255,0.9788352065391913,33.2165,1.0094380804720544,28.947999999999997,1.1582838192621254,24.522850000000002,1.367296215570376,62.78755074424899,1.5053347680093623,1.7056939900029113,33.2165,35.784958681776835,30.648041318223168,0.1546495676411924,1.182857142857142,34.23,0.007330336298308064,0.5746087977842664,33.98,-0.020391035668555265,0.5752207363563611,34.68,0.0,0.5665979440486696,34.43,0.013156161106646413,0.5779931741744766,33.88,0.044975136600615855,0.6530493450036894,0.5094252302676996
2023-07-14,32.39,33.53,32.89,30.29,0,-0.03459082729489921,-0.03399940351923647,0.27028915395987946,0.352947464559737,0.5094252302676996,0.5068923631304737,0.38969635450850276,0.3554525237866243,33.762,0.9593625970025472,34.080999999999996,0.9503829112995512,33.152,0.9770149613899614,29.141399999999997,1.1114771424845753,24.586399999999998,1.3173949825920022,54.12735849056603,1.2913364186818868,1.6228224757387064,33.152,35.73619161746653,30.56780838253347,0.15589959082206384,1.353571428571428,33.53,-0.020661892063956633,0.5834107157796424,34.23,0.007330336298308064,0.5746087977842664,33.98,-0.020391035668555265,0.5752207363563611,34.68,0.007234874561908714,0.566218685171196,34.13,0.007351893134761934,0.6531649018767224,0.41974489865177245
2023-07-17,33.83,32.39,33.83,30.29,0,0.04349824960937907,0.04445816610064823,0.4932546077905361,0.39734715439031365,0.41974489865177245,0.5129776047257578,0.3938563124925292,0.3579021549853997,33.592,1.007085020242915,33.951,0.9964360401755471,33.246500000000005,1.0175507196246218,29.3496,1.1526562542590018,24.6569,1.3720297360982119,59.97942386831275,1.223829604608433,1.543023901512652,33.246500000000005,35.78184405430092,30.71115594569909,0.15251795252438086,1.5849999999999993,32.39,-0.03459082729489921,0.5094252302676996,33.53,-0.020661892063956633,0.5834107157796424,34.23,0.007330336298308064,0.5746087977842664,34.68,0.0,0.5665979440486696,35.13,0.028878703359119972,0.5822776582856863,0.3939876093961517
2023-07-18,32.69,33.83,34.18,32.39,0,-0.03427876205649787,-0.033697901271061204,0.5291667471650713,0.3856918282881689,0.3939876093961517,0.5187601194271446,0.397304124786387,0.3596989345030706,33.333999999999996,0.9806803863922722,33.842,0.9659594586608357,33.3365,0.9806068423499766,29.525,1.1071972904318375,24.720950000000002,1.3223601843780273,51.44787644787643,1.0660527035012137,1.4476296619103644,33.3365,35.63649794050137,31.03650205949863,0.13798676768715193,1.6664285714285705,33.83,0.04349824960937907,0.41974489865177245,32.39,-0.03459082729489921,0.5094252302676996,33.53,-0.020661892063956633,0.5834107157796424,33.98,-0.020391035668555265,0.5752207363563611,33.78,-0.03918655489808165,0.5951254305948759,0.37967677153971385
2023-07-19,32.14,32.69,32.59,31.89,0,-0.016967860426752607,-0.01682471703884969,0.5134520629880283,0.3875284787915636,0.37967677153971385,0.520399137881926,0.3982428734995402,0.3601382483641042,32.916000000000004,0.9764248389840806,33.658,0.9548992810030305,33.349000000000004,0.9637470388917208,29.6894,1.0825412436761943,24.781999999999996,1.296909046888871,40.76433121019106,0.8864149296593595,1.3353867154601633,33.349000000000004,35.61841123827653,31.07958876172348,0.13610070696431828,1.5742857142857132,32.69,-0.03427876205649787,0.3939876093961517,33.83,0.04349824960937907,0.41974489865177245,32.39,-0.03459082729489921,0.5094252302676996,34.23,0.007330336298308064,0.5746087977842664,33.98,0.005903204864131906,0.5940845864117181,0.363712434250191
2023-07-20,32.19,32.14,32.39,31.94,0,0.0015544850013501817,0.00155569383945231,0.5156957142127785,0.3760396812899066,0.363712434250191,0.5185693839842075,0.3964919213420476,0.35964626022101953,32.648,0.9859715755942169,33.434,0.9627923670515045,33.364,0.9648123726171922,29.853799999999996,1.0782546945447482,24.84355,1.2957085440687823,39.47939262472881,0.7395600934053803,1.2162213910492068,33.364,35.5964723137306,31.13152768626939,0.1338252196217843,1.574285714285713,32.14,-0.016967860426752607,0.37967677153971385,32.69,-0.03427876205649787,0.3939876093961517,33.83,0.04349824960937907,0.41974489865177245,33.53,-0.020661892063956633,0.5834107157796424,34.43,0.013156161106646413,0.5779931741744766,0.4659604313539088
2023-07-21,35.03,33.03,35.38,33.03,0,0.08454899189867869,0.08822615719167448,0.7645385941930809,0.5937073423581714,0.4659604313539088,0.5427972485185093,0.41275434337812633,0.3687093936003459,33.176,1.0558837714010127,33.468999999999994,1.0466401744898266,33.5335,1.0446270147762686,30.0682,1.1650181919769058,24.91905,1.4057518244074314,49.547920433996374,0.8426275568143069,1.1415026242022268,33.5335,35.72930724875361,31.337692751246387,0.13096200806677563,1.7235714285714274,32.19,0.0015544850013501817,0.363712434250191,32.14,-0.016967860426752607,0.37967677153971385,32.69,-0.03427876205649787,0.3939876093961517,32.39,-0.03459082729489921,0.5094252302676996,34.68,0.007234874561908714,0.566218685171196,0.4679740813947763
2023-07-24,34.58,35.03,34.88,33.43,0,-0.012929356954251126,-0.01284613188695416,0.7396948136160195,0.597852917525565,0.4679740813947763,0.47216718022159343,0.40929390368831503,0.36899431001617333,33.326,1.0376282782212085,33.459,1.033503691084611,33.678000000000004,1.0267830631272639,30.2716,1.1423248193025806,24.991300000000003,1.3836815211693667,53.937007874015734,0.8778783893219924,1.08877777722618,33.678000000000004,35.73924745060515,31.616752549394857,0.12240913656423455,1.712857142857142,35.03,0.08454899189867869,0.4659604313539088,32.19,0.0015544850013501817,0.363712434250191,32.14,-0.016967860426752607,0.37967677153971385,33.83,0.04349824960937907,0.41974489865177245,34.68,0.0,0.5665979440486696,0.4681088906884308
2023-07-25,34.88,34.58,35.03,34.38,0,0.008638118785634533,0.008675534991324563,0.6564297800158179,0.5882049307492369,0.4681088906884308,0.4709945998174499,0.4093599781042932,0.36889806279143345,33.763999999999996,1.0330529558109232,33.549,1.039673313660616,33.8275,1.0311137388219644,30.482999999999997,1.1442443329068663,25.066549999999996,1.3914958380790339,54.38596491228073,0.9194238747417245,1.054906996729289,33.8275,35.773203769305425,31.88179623069458,0.11503680551654262,1.7021428571428563,34.58,-0.012929356954251126,0.4679740813947763,35.03,0.08454899189867869,0.4659604313539088,32.19,0.0015544850013501817,0.363712434250191,32.69,-0.03427876205649787,0.3939876093961517,33.98,-0.020391035668555265,0.5752207363563611,0.4682805444972411
2023-07-26,35.18,34.88,35.38,34.83,0,0.008564140268633084,0.008600917431192512,0.6061744977300075,0.5885144496970424,0.4682805444972411,0.47087907041189164,0.40938184703334124,0.3689182449979437,34.372,1.0235075061096242,33.644,1.045654500059446,33.967,1.0357111313922336,30.7102,1.1455477333263866,25.1428,1.3992077254721034,53.70919881305639,0.9654276154581396,1.0370111204750592,33.967,35.878517446261725,32.05548255373827,0.11255144382852335,1.6807142857142856,34.88,0.008638118785634533,0.4681088906884308,34.58,-0.012929356954251126,0.4679740813947763,35.03,0.08454899189867869,0.4659604313539088,32.14,-0.016967860426752607,0.37967677153971385,34.23,0.007330336298308064,0.5746087977842664,0.4686727944666448
2023-07-27,34.88,35.18,35.08,34.73,0,-0.0085641402686332,-0.008527572484366086,0.6274320156758568,0.5780872919075747,0.4686727944666448,0.4719564246775306,0.4096437983999511,0.3690428024138165,34.910000000000004,0.9991406473789745,33.779,1.0325942153408922,34.016999999999996,1.0253696681071232,30.9294,1.1277296035487272,25.217550000000003,1.3831637094007943,50.98425196850395,0.9665367842193362,1.0229162532239147,34.016999999999996,35.970782835531004,32.06321716446899,0.11487096660675594,1.6842857142857144,35.18,0.008564140268633084,0.4682805444972411,34.88,0.008638118785634533,0.4681088906884308,34.58,-0.012929356954251126,0.4679740813947763,32.19,0.0015544850013501817,0.363712434250191,33.53,-0.020661892063956633,0.5834107157796424,0.4562019200459584
2023-07-28,33.88,34.88,34.73,33.23,0,-0.02908872925692526,-0.028669724770642224,0.2524725680540735,0.5683955722097246,0.4562019200459584,0.47754714786328745,0.4120710280746991,0.37033355212688324,34.68,0.9769319492502885,33.928000000000004,0.9985852393303466,34.00449999999999,0.9963387198753109,31.1256,1.0884930732258977,25.290800000000004,1.339617568443861,46.41577060931901,0.8766190471038158,0.993656811999895,34.00449999999999,35.95843772458936,32.05056227541063,0.11492230290634278,1.6528571428571432,34.88,-0.0085641402686332,0.4686727944666448,35.18,0.008564140268633084,0.4682805444972411,34.88,0.008638118785634533,0.4681088906884308,35.03,0.08454899189867869,0.4659604313539088,32.39,-0.03459082729489921,0.5094252302676996,0.4555057644806833
2023-07-31,33.78,33.88,33.78,33.23,0,-0.0029559584041996354,-0.002951593860684776,0.24677386605456184,0.5253542199543361,0.4555057644806833,0.4768748679118809,0.4121151032495555,0.3658100083123666,34.52,0.9785631517960602,33.922999999999995,0.9957845709400703,33.937,0.9953737808291836,31.313,1.0787851690990964,25.36505,1.3317537320052593,49.053030303030326,0.788203508940903,0.9525661513880966,33.937,35.81918350243451,32.05481649756548,0.11092220894212894,1.642142857142858,33.88,-0.02908872925692526,0.4562019200459584,34.88,-0.0085641402686332,0.4686727944666448,35.18,0.008564140268633084,0.4682805444972411,34.58,-0.012929356954251126,0.4679740813947763,33.83,0.04349824960937907,0.41974489865177245,0.444142272374162
2023-08-01,33.38,33.78,33.38,32.74,0,-0.011911993145964908,-0.011841326228537508,0.21838824201223456,0.4958363548425552,0.444142272374162,0.47818762183785957,0.41251734037944665,0.3635702346882041,34.220000000000006,0.9754529514903564,33.992,0.9819957637091081,33.917,0.984167231771678,31.479400000000002,1.0603759919185245,25.4358,1.3123235754330511,46.03174603174606,0.6780408678281731,0.897661094676112,33.917,35.81464507801112,32.019354921988885,0.1118993471127232,1.5242857142857154,33.78,-0.0029559584041996354,0.4555057644806833,33.88,-0.02908872925692526,0.4562019200459584,34.88,-0.0085641402686332,0.4686727944666448,34.88,0.008638118785634533,0.4681088906884308,32.69,-0.03427876205649787,0.3939876093961517,0.42355102769365555
2023-08-02,33.38,33.38,33.88,33.03,0,0.0,0.0,0.18072634124301507,0.48476939479446335,0.42355102769365555,0.47818762183785957,0.41251734037944665,0.3619539081134413,33.86,0.9858239810986416,34.116,0.9784265447297457,33.887,0.9850385103431996,31.648799999999998,1.0547003361896818,25.505300000000002,1.308747593637401,49.250749250749266,0.5840041448158857,0.8349297047040668,33.887,35.79936530313278,31.974634696867216,0.11286719409406452,1.4607142857142872,33.38,-0.011911993145964908,0.444142272374162,33.78,-0.0029559584041996354,0.4555057644806833,33.88,-0.02908872925692526,0.4562019200459584,35.18,0.008564140268633084,0.4682805444972411,32.14,-0.016967860426752607,0.37967677153971385,0.42311041678765426
2023-08-03,33.48,33.38,34.48,33.48,0,0.002991327387585434,0.002995805871779389,0.20546658358386552,0.4846378781082109,0.42311041678765426,0.4756749973728241,0.41243871700686136,0.36133213360997435,33.580000000000005,0.9970220369267419,34.245,0.9776609724047306,33.8395,0.9893763205721123,31.8002,1.0528235671473762,25.57605,1.3090371656295636,56.07580824972128,0.5116505396659079,0.770273871696435,33.8395,35.74224566157071,31.936754338429292,0.1124570789503811,1.3078571428571437,33.38,0.0,0.42355102769365555,33.38,-0.011911993145964908,0.444142272374162,33.78,-0.0029559584041996354,0.4555057644806833,34.88,-0.0085641402686332,0.4686727944666448,32.19,0.0015544850013501817,0.363712434250191,0.4238376701691961
2023-08-04,33.98,33.48,33.98,33.38,0,0.014823870622511332,0.014934289127837452,0.15423438490984204,0.2063917977063451,0.4238376701691961,0.4750095338319579,0.4127343249009787,0.3504927318236583,33.6,1.0113095238095238,34.14,0.9953134153485647,33.8045,1.0051916165007617,31.952599999999997,1.0634502356615738,25.649050000000003,1.3248054021493971,50.93399750933997,0.4890185066889643,0.714022798694941,33.8045,35.66748543656055,31.941514563439448,0.1102211502350604,1.0978571428571435,33.48,0.002991327387585434,0.42311041678765426,33.38,0.0,0.42355102769365555,33.38,-0.011911993145964908,0.444142272374162,33.88,-0.02908872925692526,0.4562019200459584,35.03,0.08454899189867869,0.4659604313539088,0.42309425218580315
2023-08-07,34.08,33.98,34.23,33.88,0,0.002938585717329088,0.00294290759270166,0.15134796808966094,0.20039436180211515,0.42309425218580315,0.4749057666489923,0.4126595342554013,0.3389252835274616,33.66,1.0124777183600713,34.089999999999996,0.9997066588442359,33.7745,1.009045285644495,32.096,1.061814556331007,25.722050000000003,1.3249332770910558,59.942775393419176,0.47369120442282764,0.6659564798405183,33.7745,35.59700810408851,31.951991895911497,0.10792213676522262,0.9950000000000002,33.98,0.014823870622511332,0.4238376701691961,33.48,0.002991327387585434,0.42311041678765426,33.38,0.0,0.42355102769365555,33.78,-0.0029559584041996354,0.4555057644806833,34.58,-0.012929356954251126,0.4679740813947763,0.4312252037014364
2023-08-08,34.88,34.08,34.88,34.18,0,0.02320289707966401,0.023474178403755985,0.1566008214965473,0.2318125911540653,0.4312252037014364,0.4761436505651832,0.4135935499584389,0.33936151424845423,33.96,1.0270906949352179,34.089999999999996,1.0231739513053684,33.8195,1.031357648693801,32.2604,1.0812017209954001,25.796800000000005,1.3521056875271351,68.92265193370167,0.5201021077251653,0.6367856054174478,33.8195,35.70666969922654,31.932330300773454,0.11160246007342166,0.9950000000000008,34.08,0.002938585717329088,0.42309425218580315,33.98,0.014823870622511332,0.4238376701691961,33.48,0.002991327387585434,0.42311041678765426,33.38,-0.011911993145964908,0.444142272374162,34.88,0.008638118785634533,0.4681088906884308,0.42464806839303876
2023-08-09,34.88,34.88,34.88,34.53,0,0.0,0.0,0.1566008214965473,0.22688778473620938,0.42464806839303876,0.47599934827900475,0.41288153967333413,0.33894253195928686,34.260000000000005,1.0180969060128429,34.059999999999995,1.0240751614797419,33.852,1.0303674819803854,32.4248,1.0757198193974984,25.870549999999998,1.3482511968241884,68.7065368567455,0.5505368370050547,0.6195358517349692,33.852,35.79062240833532,31.913377591664673,0.11453517714376237,0.9878571428571438,34.88,0.02320289707966401,0.4312252037014364,34.08,0.002938585717329088,0.42309425218580315,33.98,0.014823870622511332,0.4238376701691961,33.38,0.0,0.42355102769365555,35.18,0.008564140268633084,0.4682805444972411,0.4240833013253103
2023-08-10,34.88,34.88,35.13,34.88,0,0.0,0.0,0.1648055334264108,0.2227774348969745,0.4240833013253103,0.4761271149332179,0.4120664311294428,0.33894253195928686,34.54,1.0098436595251883,34.06,1.0240751614797416,33.9195,1.028317044767759,32.5842,1.07045746097802,25.9433,1.344470441308546,48.27586206896554,0.5681077863040613,0.6092502386487876,33.9195,35.904374117709345,31.934625882290653,0.1170343971880096,0.7778571428571434,34.88,0.0,0.42464806839303876,34.88,0.02320289707966401,0.4312252037014364,34.08,0.002938585717329088,0.42309425218580315,33.48,0.002991327387585434,0.42311041678765426,34.88,-0.0085641402686332,0.4686727944666448,0.4168272734171332
2023-08-11,34.88,34.88,34.88,34.73,0,0.0,0.0,0.16078265000794156,0.15351950061789715,0.4168272734171332,0.4758554303820118,0.41207870951491227,0.33799195628353923,34.72,1.0046082949308757,34.160000000000004,1.0210772833723654,34.044,1.0245564563506053,32.6898,1.0669994921963428,26.0163,1.3406979470562685,53.84615384615391,0.5754000367656289,0.6024801982721559,34.044,35.93508044861989,32.1529195513801,0.11109625476559133,0.6742857142857152,34.88,0.0,0.4240833013253103,34.88,0.0,0.42464806839303876,34.88,0.02320289707966401,0.4312252037014364,33.98,0.014823870622511332,0.4238376701691961,33.88,-0.02908872925692526,0.4562019200459584,0.40845593152988774
2023-08-14,33.98,34.88,34.33,33.98,0,-0.026141482796993028,-0.02580275229357809,0.2772391447941919,0.21149420546331152,0.40845593152988774,0.47728170250593643,0.4139801383896898,0.3390894445533774,34.7,0.979250720461095,34.18,0.9941486249268577,34.0515,0.9979002393433476,32.7914,1.0362473087455855,26.08555,1.3026369005062188,39.99999999999993,0.5027612012381866,0.582536398865362,34.0515,35.940195177544204,32.16280482245579,0.11093168744661512,0.6921428571428585,34.88,0.0,0.4168272734171332,34.88,0.0,0.4240833013253103,34.88,0.0,0.42464806839303876,34.08,0.002938585717329088,0.42309425218580315,33.78,-0.0029559584041996354,0.4555057644806833,0.3811069464817983
2023-08-15,34.28,33.98,34.28,33.38,0,0.008789977485793287,0.00882872277810498,0.21006387224351322,0.20257280494408503,0.3811069464817983,0.47731360558627267,0.41397443587050886,0.33767949743261294,34.580000000000005,0.9913244650086754,34.269999999999996,1.0002918004085206,34.131,1.0043655328000938,32.889,1.0422937760345403,26.157049999999998,1.3105453405487242,40.00000000000003,0.46405258421540196,0.55883963593537,34.131,35.909004795445185,32.352995204554816,0.10418709064751601,0.7171428571428581,33.98,-0.026141482796993028,0.40845593152988774,34.88,0.0,0.4168272734171332,34.88,0.0,0.4240833013253103,34.88,0.02320289707966401,0.4312252037014364,33.38,-0.011911993145964908,0.444142272374162,0.35934792664714305
2023-08-16,34.33,34.28,34.53,34.18,0,0.0014575137400215808,0.0014585764294048342,0.21182824864046368,0.2021685468618308,0.35934792664714305,0.4773878697125659,0.41390376243754284,0.33767436281484525,34.47,0.9959384972439802,34.364999999999995,0.9989815218972793,34.240500000000004,1.0026138636994202,33.0056,1.0401265239838087,26.22905,1.3088541140453047,43.52941176470584,0.43242557561674744,0.5335568238716455,34.240500000000004,35.75199246563742,32.72900753436259,0.08828682207546133,0.7100000000000009,34.28,0.008789977485793287,0.3811069464817983,33.98,-0.026141482796993028,0.40845593152988774,34.88,0.0,0.4168272734171332,34.88,0.0,0.42464806839303876,33.38,0.0,0.42355102769365555,0.3570249080979064
2023-08-17,33.88,34.33,34.33,33.83,0,-0.013194737685746919,-0.013108068744538182,0.21991142044915796,0.2175005655570051,0.3570249080979064,0.47854616394411303,0.41439832625369555,0.3379275030288712,34.269999999999996,0.9886197840676979,34.405,0.9847405900305188,34.325,0.9870356882738529,33.1262,1.0227554020684535,26.300050000000002,1.2882104786873028,50.0,0.3668212175908323,0.5002097026154829,34.325,35.50683621627521,33.143163783724795,0.06886154209906528,0.6278571428571433,34.33,0.0014575137400215808,0.35934792664714305,34.28,0.008789977485793287,0.3811069464817983,33.98,-0.026141482796993028,0.40845593152988774,34.88,0.0,0.4240833013253103,33.48,0.002991327387585434,0.42311041678765426,0.35711796047829636
2023-08-18,33.88,33.88,33.88,33.83,0,0.0,0.0,0.21991142044915796,0.20377489129562645,0.35711796047829636,0.4767246785227939,0.41440605392051477,0.33790661843901004,34.07000000000001,0.9944232462577046,34.394999999999996,0.9850268934438147,34.2675,0.9886919092434524,33.2458,1.0190760938223775,26.371800000000004,1.2847056325317194,51.38888888888891,0.3112414930110887,0.4624160606946041,34.2675,35.4163552654913,33.1186447345087,0.0670521786235529,0.5850000000000003,33.88,-0.013194737685746919,0.3570249080979064,34.33,0.0014575137400215808,0.35934792664714305,34.28,0.008789977485793287,0.3811069464817983,34.88,0.0,0.4168272734171332,33.98,0.014823870622511332,0.4238376701691961,0.19578349885341165
2023-08-21,33.83,33.88,33.83,33.78,0,-0.0014768869912366507,-0.001475796930342499,0.12593892442874607,0.2030173055136201,0.19578349885341165,0.4763940895300596,0.4138589380375956,0.3378052279034329,34.04,0.9938307873090482,34.370000000000005,0.9842886237998253,34.230000000000004,0.9883143441425648,33.3654,1.0139246045304415,26.4408,1.279462043508517,56.92307692307684,0.26016060916073513,0.4219649703878303,34.230000000000004,35.384852462663865,33.07514753733614,0.0674760422240059,0.5178571428571433,33.88,0.0,0.35711796047829636,33.88,-0.013194737685746919,0.3570249080979064,34.33,0.0014575137400215808,0.35934792664714305,33.98,-0.026141482796993028,0.40845593152988774,34.08,0.002938585717329088,0.42309425218580315,0.19179522250335493
2023-08-22,33.68,33.83,33.78,33.38,0,-0.0044437934184910965,-0.004433934377771176,0.0924932348195454,0.1530176756030819,0.19179522250335493,0.4715305888669763,0.4133407337225229,0.3373404112008046,33.92,0.9929245283018867,34.25,0.9833576642335766,34.17,0.9856599356160374,33.481,1.0059436695439203,26.509050000000002,1.2705095052444353,54.41176470588231,0.20520936843283266,0.3786138499968308,34.17,35.30721728701653,33.032782712983476,0.06656232291580484,0.4892857142857144,33.83,-0.0014768869912366507,0.19578349885341165,33.88,0.0,0.35711796047829636,33.88,-0.013194737685746919,0.3570249080979064,34.28,0.008789977485793287,0.3811069464817983,34.88,0.02320289707966401,0.4312252037014364,0.1916718676045218
2023-08-23,33.28,33.68,33.78,33.28,0,-0.011947573421118062,-0.01187648456057,0.09583793538694166,0.1570643713827573,0.1916718676045218,0.4718563142495426,0.4138313991986192,0.3376061221124799,33.71,0.9872441412043904,34.09,0.9762393663831035,34.075,0.9766691122523844,33.5886,0.9908123589551218,26.5758,1.2522671001437398,47.297297297297355,0.12790900184051424,0.32847288036556754,34.075,35.17375527661498,32.97624472338502,0.0644904050837846,0.44642857142857195,33.68,-0.0044437934184910965,0.19179522250335493,33.83,-0.0014768869912366507,0.19578349885341165,33.88,0.0,0.35711796047829636,34.33,0.0014575137400215808,0.35934792664714305,34.88,0.0,0.42464806839303876,0.1901827441641075
2023-08-24,32.89,33.28,33.43,32.79,0,-0.01178795575204224,-0.01171875,0.08970528107964032,0.15833873550256983,0.1901827441641075,0.471580040398474,0.41426697546767466,0.3378168268517033,33.512,0.98143948436381,33.891,0.9704641350210971,33.9755,0.9680505069829731,33.632600000000004,0.977920232155706,26.6406,1.2345818037131295,34.81894150417837,0.034777273007897236,0.26973375889403345,33.9755,35.126489962915144,32.82451003708485,0.06775411475416979,0.44928571428571523,33.28,-0.011947573421118062,0.1916718676045218,33.68,-0.0044437934184910965,0.19179522250335493,33.83,-0.0014768869912366507,0.19578349885341165,33.88,-0.013194737685746919,0.3570249080979064,34.88,0.0,0.4240833013253103,0.18987841073767167
2023-08-25,32.64,32.89,32.89,32.49,0,-0.007630130105059307,-0.007601094557616261,0.0726566906260894,0.15501024006663416,0.18987841073767167,0.471408507673245,0.4133216398581837,0.3377994023256621,33.264,0.9812409812409811,33.666999999999994,0.9694953515311732,33.913500000000006,0.9624485824229287,33.611799999999995,0.9710875347348255,26.7044,1.2222704872605263,30.74866310160435,-0.058528523348229555,0.20408130244558087,33.913500000000006,35.21048070431407,32.61651929568594,0.07648757599858852,0.4528571428571441,32.89,-0.01178795575204224,0.1901827441641075,33.28,-0.011947573421118062,0.1916718676045218,33.68,-0.0044437934184910965,0.19179522250335493,33.88,0.0,0.35711796047829636,34.88,0.0,0.4168272734171332,0.16492875890841135
2023-08-28,32.64,32.64,32.64,32.49,0,0.0,0.0,0.08063375614259975,0.1126807809306081,0.16492875890841135,0.471408507673245,0.4133216398581837,0.3377994023256621,33.025999999999996,0.9883122388421245,33.533,0.9733695165955923,33.8565,0.9640689380178106,33.6258,0.9706832253805114,26.76845,1.2193459090832677,11.90476190476194,-0.13096436353210805,0.1370721692500431,33.8565,35.272889405270675,32.44011059472932,0.08367016113719246,0.4064285714285723,32.64,-0.007630130105059307,0.18987841073767167,32.89,-0.01178795575204224,0.1901827441641075,33.28,-0.011947573421118062,0.1916718676045218,33.83,-0.0014768869912366507,0.19578349885341165,33.98,-0.026141482796993028,0.40845593152988774,0.1848593680188012
2023-08-29,33.38,32.64,33.63,32.59,0,0.022418388137782786,0.02267156862745101,0.22818641405393528,0.16479219422118058,0.1848593680188012,0.4728233590334527,0.414301892625882,0.33844043701821835,32.965999999999994,1.0125583934963298,33.443,0.9981161977095357,33.8565,0.9859258931076752,33.6756,0.9912221311572771,26.83645,1.2438306855042305,29.61956521739134,-0.12719227976128167,0.08421927944777816,33.8565,35.272889405270675,32.44011059472932,0.08367016113719246,0.4557142857142864,32.64,0.0,0.16492875890841135,32.64,-0.007630130105059307,0.18987841073767167,32.89,-0.01178795575204224,0.1901827441641075,33.68,-0.0044437934184910965,0.19179522250335493,34.28,0.008789977485793287,0.3811069464817983,0.19049034033219658
2023-08-30,32.79,33.38,33.53,32.59,0,-0.017833327377132207,-0.017675254643499172,0.24768591673461082,0.17912468359080835,0.19049034033219658,0.4362083365464344,0.4151981814531992,0.33899810831761357,32.868,0.9976268711208469,33.289,0.9850100633843011,33.827,0.9693440151358382,33.6936,0.9731818505591565,26.900750000000002,1.2189251229054952,25.526932084309152,-0.1698529858694826,0.03340482638432601,33.827,35.30826688309095,32.345733116909045,0.08757896846252716,0.5050000000000006,33.38,0.022418388137782786,0.1848593680188012,32.64,0.0,0.16492875890841135,32.64,-0.007630130105059307,0.18987841073767167,33.28,-0.011947573421118062,0.1916718676045218,34.33,0.0014575137400215808,0.35934792664714305,0.19049034033219658
2023-08-31,32.79,32.79,32.89,32.79,0,0.0,0.0,0.2350521081454451,0.17353564288562567,0.19049034033219658,0.43312426899287026,0.4151726250780399,0.33899810831761357,32.848,0.9982342912810521,33.18,0.9882459312839059,33.7925,0.9703336539172894,33.711600000000004,0.9726622290250239,26.965550000000004,1.2159959652222927,25.526932084309152,-0.20134096944861568,-0.01354433278226233,33.7925,35.338522060166326,32.24647793983367,0.09150089872997438,0.5014285714285717,32.79,-0.017833327377132207,0.19049034033219658,33.38,0.022418388137782786,0.1848593680188012,32.64,0.0,0.16492875890841135,32.89,-0.01178795575204224,0.1901827441641075,33.88,-0.013194737685746919,0.3570249080979064,0.2468041885404195
2023-09-01,34.28,32.79,34.28,32.89,0,0.04443850287302218,0.04544068313510219,0.3818743341674893,0.29667656768522305,0.2468041885404195,0.44038009931866146,0.4190450892499236,0.3416897667866304,33.176,1.0332770677598264,33.220000000000006,1.031908488862131,33.807500000000005,1.0139761887155216,33.7644,1.0152705216144815,27.03755,1.2678663562342003,53.08641975308646,-0.10485615921062674,-0.031806698067935214,33.807500000000005,35.366944907987225,32.248055092012784,0.09225437598090486,0.5435714285714285,32.79,0.0,0.19049034033219658,32.79,-0.017833327377132207,0.19049034033219658,33.38,0.022418388137782786,0.1848593680188012,32.64,-0.007630130105059307,0.18987841073767167,33.88,0.0,0.35711796047829636,0.35513214871265947
2023-09-04,36.97,37.67,37.67,35.23,0,0.07554467921896144,0.07847141190198359,0.5832094870921531,0.47547751035082053,0.35513214871265947,0.45864512023154974,0.43160267006455927,0.3494990805992368,34.042,1.0860113976852124,33.534,1.102463171706328,33.952,1.0888901979264844,33.87,1.0915264245645113,27.123250000000002,1.3630372466426404,68.55172413793102,0.18651918965628767,0.011858479476909364,33.952,36.05767753816471,31.846322461835282,0.12403849777124851,0.7214285714285715,34.28,0.04443850287302218,0.2468041885404195,32.79,0.0,0.19049034033219658,32.79,-0.017833327377132207,0.19049034033219658,32.64,0.0,0.16492875890841135,33.83,-0.0014768869912366507,0.19578349885341165,0.35588599560398365
2023-09-05,36.87,36.97,37.62,35.87,0,-0.002708560702487418,-0.002704895861509349,0.6163229774999501,0.4741945043054058,0.35588599560398365,0.45553408627180436,0.43088908369432954,0.34953198701532107,34.739999999999995,1.0613126079447324,33.853,1.0891206096948571,34.0515,1.0827716840667811,33.9696,1.0853822241062596,27.2082,1.3551061812247776,67.39726027397259,0.40470193660721776,0.09042717090297105,34.0515,36.50169676975561,31.601303230244383,0.1439112385507607,0.8214285714285714,36.97,0.07554467921896144,0.35513214871265947,34.28,0.04443850287302218,0.2468041885404195,32.79,0.0,0.19049034033219658,33.38,0.022418388137782786,0.1848593680188012,33.68,-0.0044437934184910965,0.19179522250335493,0.34891149765522667
2023-09-06,36.87,36.87,36.87,36.82,0,0.0,0.0,0.5577833146046168,0.46304348249781313,0.34891149765522667,0.4555907759408691,0.4308836193371163,0.34953198701532107,35.556,1.0369557880526494,34.212,1.077692037881445,34.150999999999996,1.0796169951099528,34.059200000000004,1.0825268943486632,27.29315,1.350888409729181,71.82481751824811,0.5710308473339296,0.18654790618916278,34.150999999999996,36.88772797332773,31.414272026672265,0.16027220130173242,0.789285714285714,36.87,-0.002708560702487418,0.35588599560398365,36.97,0.07554467921896144,0.35513214871265947,34.28,0.04443850287302218,0.2468041885404195,32.79,-0.017833327377132207,0.19049034033219658,33.28,-0.011947573421118062,0.1916718676045218,0.34907260754933617
2023-09-07,36.82,36.87,36.87,36.72,0,-0.0013570364411212919,-0.0013561160835366959,0.5614494791374159,0.45197508476095627,0.34907260754933617,0.45556738542209646,0.4305787143259682,0.349521555532155,36.362,1.012595566800506,34.605000000000004,1.0640080913162837,34.248000000000005,1.0750992758701237,34.118,1.07919573245794,27.3771,1.3449196591311718,71.30434782608693,0.690849442947929,0.28740821354091606,34.248000000000005,37.22085685742374,31.275143142576272,0.17360761839662073,0.7964285714285708,36.87,0.0,0.34891149765522667,36.87,-0.002708560702487418,0.35588599560398365,36.97,0.07554467921896144,0.35513214871265947,32.79,0.0,0.19049034033219658,32.89,-0.01178795575204224,0.1901827441641075,0.34907260754933617
2023-09-08,36.82,36.82,36.87,36.77,0,0.0,0.0,0.54382207390088,0.44459581249648467,0.34907260754933617,0.45562372627398445,0.4305379682086065,0.34806308904100486,36.87,0.9986438839164633,35.023,1.0513091397081917,34.345,1.0720628912505459,34.1718,1.0774966492839126,27.452600000000004,1.3412208679687896,71.82481751824818,0.7768514828968094,0.38529686741209473,34.345,37.52412599707177,31.165874002928227,0.18512889777678102,0.7964285714285703,36.82,-0.0013570364411212919,0.34907260754933617,36.87,0.0,0.34891149765522667,36.87,-0.002708560702487418,0.35588599560398365,34.28,0.04443850287302218,0.2468041885404195,32.64,-0.007630130105059307,0.18987841073767167,0.41081076067497463
2023-09-11,34.68,36.82,36.77,34.38,0,-0.05987802389259072,-0.058120586637696925,0.41825624966185404,0.573082483892385,0.41081076067497463,0.4733686193651605,0.4390924000092688,0.35341822289627517,36.412,0.9524332637592002,35.227,0.9844721378488093,34.38,1.0087260034904013,34.162800000000004,1.0151392742983594,27.51985,1.2601812873253306,55.65610859728506,0.6646667394619215,0.4411708418220601,34.38,37.557619102077716,31.20238089792229,0.18485276917264185,0.9385714285714276,36.82,0.0,0.34907260754933617,36.82,-0.0013570364411212919,0.34907260754933617,36.87,0.0,0.34891149765522667,36.97,0.07554467921896144,0.35513214871265947,32.64,0.0,0.16492875890841135,0.4191277262554136
2023-09-12,33.48,33.18,33.83,31.24,0,-0.03521490629106662,-0.03460207612456756,0.4323282913145778,0.5994494124991864,0.4191277262554136,0.4413169103240554,0.44172989905896937,0.35444870072005236,35.733999999999995,0.9369228186041306,35.237,0.9501376394131168,34.34,0.9749563191613277,34.156800000000004,0.9801854974704888,27.58085,1.2138857214335308,51.037344398340224,0.4734716642412877,0.4476310063059057,34.34,37.54295915809357,31.13704084190643,0.18654392301069142,1.1485714285714277,34.68,-0.05987802389259072,0.41081076067497463,36.82,0.0,0.34907260754933617,36.82,-0.0013570364411212919,0.34907260754933617,36.87,-0.002708560702487418,0.35588599560398365,33.38,0.022418388137782786,0.1848593680188012,0.41876813686123576
2023-09-13,33.73,33.48,34.78,31.89,0,0.007439403452284274,0.007467144563918726,0.4558276943722584,0.5914158718937397,0.41876813686123576,0.4004304863088574,0.44179560299904985,0.3523923685900174,35.106,0.9608044208967127,35.331,0.9546856867906369,34.309999999999995,0.9830953074905275,34.1518,0.9876492600682832,27.641399999999997,1.2202710427112953,54.42105263157892,0.3382222843477294,0.4257492619142705,34.309999999999995,37.524572084151316,31.095427915848674,0.18738397459349004,1.3092857142857135,33.48,-0.03521490629106662,0.4191277262554136,34.68,-0.05987802389259072,0.41081076067497463,36.82,0.0,0.34907260754933617,36.87,0.0,0.34891149765522667,32.79,-0.017833327377132207,0.19049034033219658,0.42709343042314896
2023-09-14,32.89,33.73,34.43,32.74,0,-0.02521898887259316,-0.02490364660539568,0.4324724475619346,0.6081048408225582,0.42709343042314896,0.3891499373318346,0.44347289080521934,0.35324331616374466,34.32,0.9583333333333334,35.340999999999994,0.9306471237373024,34.2605,0.9599976649494316,34.121,0.9639225110635679,27.695750000000004,1.1875468257765178,51.238850346878095,0.16139473845564822,0.3728783572225461,34.2605,37.5329204787081,30.9880795212919,0.19103168247445887,1.4014285714285706,33.73,0.007439403452284274,0.41876813686123576,33.48,-0.03521490629106662,0.4191277262554136,34.68,-0.05987802389259072,0.41081076067497463,36.82,-0.0013570364411212919,0.34907260754933617,32.79,0.0,0.19049034033219658,0.4262419788850034
2023-09-15,33.13,32.49,33.58,32.49,0,0.007270556110838866,0.00729705077531162,0.45866860558150896,0.5592347223724388,0.4262419788850034,0.3832105354374949,0.4433232017553455,0.3532772644777733,33.582,0.9865404085522006,35.226,0.9404984954295124,34.223,0.9680624141659119,34.09,0.9718392490466412,27.748300000000004,1.1939470165739883,52.37173281703777,0.04016068126435357,0.30633482203090756,34.223,37.53077775616878,30.915222243831213,0.19330729370124095,1.4685714285714275,32.89,-0.02521898887259316,0.42709343042314896,33.73,0.007439403452284274,0.41876813686123576,33.48,-0.03521490629106662,0.4191277262554136,36.82,0.0,0.34907260754933617,34.28,0.04443850287302218,0.2468041885404195,0.42627535661854776
2023-09-18,33.03,33.13,33.43,32.89,0,-0.003022976909106305,-0.003018412315122343,0.30926568865883397,0.34771538696537657,0.42627535661854776,0.3781512074241228,0.44078837430222206,0.35330743722264774,33.251999999999995,0.9933237098520391,34.832,0.9482659623334865,34.183,0.96626978322558,34.056999999999995,0.9698446721672492,27.80385,1.1879649760734574,48.194014447884406,-0.06325814623610881,0.23241622837750428,34.183,37.52990493315443,30.836095066845573,0.1958227734929308,1.4328571428571417,33.13,0.007270556110838866,0.4262419788850034,32.89,-0.02521898887259316,0.42709343042314896,33.73,0.007439403452284274,0.41876813686123576,34.68,-0.05987802389259072,0.41081076067497463,36.97,0.07554467921896144,0.35513214871265947,0.42640525263293666
2023-09-19,32.89,33.03,33.38,32.89,0,-0.004247579201732672,-0.004238570996064173,0.21122055743635604,0.34673893944804984,0.42640525263293666,0.37827206325238116,0.44087279900358933,0.3533570440908855,33.134,0.9926359630590934,34.434,0.9551605970842773,34.1435,0.9632873021219265,34.0352,0.9663524821361413,27.8592,1.1805794854123592,50.54112554112555,-0.15473149375087303,0.15498668395182882,34.1435,37.533766407789216,30.75323359221079,0.19858927220637676,1.400714285714285,33.03,-0.003022976909106305,0.42627535661854776,33.13,0.007270556110838866,0.4262419788850034,32.89,-0.02521898887259316,0.42709343042314896,33.48,-0.03521490629106662,0.4191277262554136,36.87,-0.002708560702487418,0.35588599560398365,0.42627578258633547
2023-09-20,32.89,32.89,33.08,32.89,0,0.0,0.0,0.19260548055369045,0.34673893944804984,0.42627578258633547,0.3778923613871101,0.4353080547887347,0.35333400761690437,32.966,0.9976945944306255,34.036,0.9663297684804325,34.124,0.9638377681397257,34.0084,0.9671140071276508,27.914049999999996,1.178259693595161,50.54112554112555,-0.22463532449605594,0.07906228226225187,34.124,37.539570538761815,30.708429461238186,0.2001858245669801,1.4071428571428561,32.89,-0.004247579201732672,0.42640525263293666,33.03,-0.003022976909106305,0.42627535661854776,33.13,0.007270556110838866,0.4262419788850034,33.73,0.007439403452284274,0.41876813686123576,36.87,0.0,0.34891149765522667,0.42446096834921765
2023-09-21,32.89,32.89,32.93,32.89,0,0.0,0.0,0.07101128214317083,0.3479069544819678,0.42446096834921765,0.3778891850330958,0.43419623894760045,0.3522680793660673,32.965999999999994,0.9976945944306257,33.643,0.9776179294355438,34.124,0.9638377681397257,33.9956,0.9674781442304298,27.970399999999998,1.175885936561508,41.03225806451612,-0.27684333633919067,0.007881158541963362,34.124,37.539570538761815,30.708429461238186,0.2001858245669801,1.3035714285714273,32.89,0.0,0.42627578258633547,32.89,-0.004247579201732672,0.42640525263293666,33.03,-0.003022976909106305,0.42627535661854776,32.89,-0.02521898887259316,0.42709343042314896,36.82,-0.0013570364411212919,0.34907260754933617,0.4224921808060006
2023-09-22,32.89,32.89,33.23,32.89,0,0.0,0.0,0.03234674076095141,0.3479069544819678,0.4224921808060006,0.37771282568593795,0.43417597340609415,0.35222924392805627,32.918,0.9991494015432286,33.25,0.989172932330827,34.1365,0.9634848329500681,34.0056,0.9671936386948032,28.025750000000002,1.1735635977627716,9.6837944664032,-0.3145921395058764,-0.0566135010676046,34.1365,37.530967790234854,30.742032209765146,0.19887614666031106,1.085714285714284,32.89,0.0,0.42446096834921765,32.89,0.0,0.42627578258633547,32.89,-0.004247579201732672,0.42640525263293666,33.13,0.007270556110838866,0.4262419788850034,36.82,0.0,0.34907260754933617,0.4352630491554826
2023-09-25,31.89,32.39,32.64,31.89,0,-0.03087617917899932,-0.030404378230465157,0.2136647266637533,0.251632095348187,0.4352630491554826,0.38158092464286913,0.43667123687346415,0.35375135896616033,32.69,0.9755276843071277,32.971,0.9672136119620274,34.099000000000004,0.9352180415847972,33.966800000000006,0.9388579436390827,28.071849999999998,1.136013479695852,8.221476510067149,-0.42035439680734044,-0.12936168021555178,34.099000000000004,37.57858194706064,30.619418052939363,0.20408703757064073,1.0321428571428555,32.89,0.0,0.4224921808060006,32.89,0.0,0.42446096834921765,32.89,0.0,0.42627578258633547,33.03,-0.003022976909106305,0.42627535661854776,34.68,-0.05987802389259072,0.41081076067497463,0.44675015400149504
2023-09-26,30.94,31.89,31.99,30.94,0,-0.030242635877046144,-0.02978990279084348,0.2657325233143238,0.2376375554222253,0.44675015400149504,0.37494522299994043,0.43870097276201414,0.35520551539981216,32.300000000000004,0.9578947368421051,32.717,0.9456857291316442,33.977,0.9106160049445214,33.9318,0.9118290217436151,28.113200000000003,1.1005506310203035,7.091172214182379,-0.5742096764958688,-0.2183312794716152,33.977,37.72358356653728,30.230416433462715,0.22053645504531197,1.103571428571427,31.89,-0.03087617917899932,0.4352630491554826,32.89,0.0,0.4224921808060006,32.89,0.0,0.42446096834921765,32.89,-0.004247579201732672,0.42640525263293666,33.48,-0.03521490629106662,0.4191277262554136,0.4393436785765402
2023-09-28,31.19,30.94,31.34,30.89,0,0.0080476854747918,0.00808015513897864,0.29372255637380845,0.23875322847104616,0.4393436785765402,0.3750141193166176,0.4387607551783959,0.3552598076726138,31.96,0.9759073842302879,32.463,0.9607861257431538,33.897000000000006,0.9201404254063781,33.9128,0.9197117312637118,28.15855,1.107656466685962,10.40787623066106,-0.6682648423316522,-0.30831799204362265,33.897000000000006,37.81472275422113,29.979277245778878,0.2311545419489114,1.1249999999999984,30.94,-0.030242635877046144,0.44675015400149504,31.89,-0.03087617917899932,0.4352630491554826,32.89,0.0,0.4224921808060006,32.89,0.0,0.42627578258633547,33.73,0.007439403452284274,0.41876813686123576,0.43685389170311206
2023-09-29,31.34,31.19,31.44,31.19,0,0.004797706308162737,0.004809233728759077,0.3063485969872056,0.22467072444705208,0.43685389170311206,0.37016498278063376,0.4387815694712294,0.35522548915949226,31.65,0.9902053712480253,32.30800000000001,0.9700383805868513,33.8245,0.9265473251637126,33.8958,0.9245983278164256,28.2054,1.111134747246981,12.258953168044087,-0.7223734213502127,-0.39112907790494067,33.8245,37.87973170861061,29.769268291389388,0.23978073340984274,1.1357142857142846,31.19,0.0080476854747918,0.4393436785765402,30.94,-0.030242635877046144,0.44675015400149504,31.89,-0.03087617917899932,0.4352630491554826,32.89,0.0,0.42446096834921765,32.89,-0.02521898887259316,0.42709343042314896,0.4369878006488732
2023-10-03,31.39,31.34,31.84,31.34,0,0.0015941339259874768,0.0015954052329292256,0.30970436053493094,0.2178147087988292,0.4369878006488732,0.36233195897052045,0.4386405882681362,0.3552248443404818,31.35,1.0012759170653907,32.134,0.9768469533827099,33.67999999999999,0.9320071258907365,33.823,0.9280667001744375,28.252750000000002,1.111042287918875,18.1818181818182,-0.7525454029590577,-0.4634123429157641,33.67999999999999,37.870590964479064,29.48940903552092,0.24884744444650073,0.9971428571428562,31.34,0.004797706308162737,0.43685389170311206,31.19,0.0080476854747918,0.4393436785765402,30.94,-0.030242635877046144,0.44675015400149504,32.89,0.0,0.4224921808060006,33.13,0.007270556110838866,0.4262419788850034,0.4072182217602305
2023-10-04,31.79,31.39,31.89,31.39,0,0.012662404068849208,0.01274291175533615,0.2707179836111746,0.2360651610233531,0.4072182217602305,0.36311919518229374,0.4389069848336712,0.35536388046580547,31.330000000000002,1.014682413022662,32.010000000000005,0.9931271477663228,33.42100000000001,0.9511983483438554,33.767199999999995,0.9414461370797699,28.301850000000005,1.1232481268892314,30.66361556064075,-0.7356995719920931,-0.51786978873103,33.42100000000001,37.38986249115273,29.45213750884728,0.23750710578095965,0.7871428571428561,31.39,0.0015941339259874768,0.4369878006488732,31.34,0.004797706308162737,0.43685389170311206,31.19,0.0080476854747918,0.4393436785765402,31.89,-0.03087617917899932,0.4352630491554826,33.03,-0.003022976909106305,0.42627535661854776,0.28923706738795174
2023-10-05,31.79,31.79,31.79,31.69,0,0.0,0.0,0.08085021333528754,0.23681478914337128,0.28923706738795174,0.3619776035587919,0.4389069848336712,0.35536815197328614,31.5,1.0092063492063492,31.9,0.996551724137931,33.167,0.9584828293182982,33.705400000000004,0.9431723106683201,28.350700000000003,1.1213127012736896,26.45631067961166,-0.7141172306704888,-0.5571192771189217,33.167,36.84611945987011,29.487880540129893,0.22185422015075876,0.5878571428571416,31.79,0.012662404068849208,0.4072182217602305,31.39,0.0015941339259874768,0.4369878006488732,31.34,0.004797706308162737,0.43685389170311206,30.94,-0.030242635877046144,0.44675015400149504,32.89,-0.004247579201732672,0.42640525263293666,0.2910824170454666
2023-10-06,31.89,31.79,32.29,31.79,0,0.0031407060992548626,0.003145643284051536,0.07826816422250883,0.23859611365825967,0.2910824170454666,0.3616792800599606,0.4373705131927451,0.35527680099960496,31.640000000000004,1.0079013906447534,31.800000000000004,1.0028301886792452,32.918,0.9687708852299655,33.6396,0.9479898690828666,28.3983,1.1229545430536336,35.207100591715985,-0.6810926928182823,-0.5819139602587939,32.918,36.19388059675647,29.642119403243523,0.1990327842977383,0.5028571428571418,31.79,0.0,0.28923706738795174,31.79,0.012662404068849208,0.4072182217602305,31.39,0.0015941339259874768,0.4369878006488732,31.19,0.0080476854747918,0.4393436785765402,32.89,0.0,0.42627578258633547,0.29066353949489726
2023-10-09,31.84,31.89,31.99,31.84,0,-0.0015691200457840255,-0.0015678896205707504,0.08877598007062727,0.2381571752139198,0.29066353949489726,0.3616694196691622,0.4373101174572732,0.3548911186126698,31.74,1.0031505986137366,31.695,1.0045748540779302,32.669,0.9746242615323396,33.578799999999994,0.948217327599557,28.442899999999998,1.1194357818647185,29.780564263322844,-0.6514456310501089,-0.595820294417057,32.669,35.40936417095772,29.92863582904227,0.1677654149779746,0.4357142857142848,31.89,0.0031407060992548626,0.2910824170454666,31.79,0.0,0.28923706738795174,31.79,0.012662404068849208,0.4072182217602305,31.34,0.004797706308162737,0.43685389170311206,32.89,0.0,0.42446096834921765,0.29007578942406737
2023-10-10,31.69,31.84,31.84,31.44,0,-0.004722187273352803,-0.004711055276381826,0.1055585613137683,0.23753480728026655,0.29007578942406737,0.35966971336554515,0.43737408260624766,0.3549381754193613,31.8,0.9965408805031447,31.575,1.0036421219319083,32.4125,0.9777092171230235,33.535,0.944982853734904,28.48675,1.1124470148402328,29.320987654320973,-0.632759806234013,-0.6032081967804482,32.4125,34.36360629886455,30.461393701135446,0.12039221281077077,0.42571428571428477,31.84,-0.0015691200457840255,0.29066353949489726,31.89,0.0031407060992548626,0.2910824170454666,31.79,0.0,0.28923706738795174,31.39,0.0015941339259874768,0.4369878006488732,32.89,0.0,0.4224921808060006,0.28893780393594304
2023-10-11,31.49,31.69,31.69,31.29,0,-0.006331138589896148,-0.00631113916061854,0.05978173108764151,0.18513106094632326,0.28893780393594304,0.35940477008526844,0.43749065234442425,0.35502758751037256,31.74,0.9921235034656585,31.535000000000004,0.9985730141113047,32.253,0.9763432858958856,33.489200000000004,0.9403031425056435,28.5271,1.1038626428904443,28.787878787878768,-0.6268633929879677,-0.6079392360219522,32.253,33.92525155498604,30.58074844501396,0.10369587666177041,0.4192857142857133,31.69,-0.004722187273352803,0.29007578942406737,31.84,-0.0015691200457840255,0.29066353949489726,31.89,0.0031407060992548626,0.2910824170454666,31.79,0.012662404068849208,0.4072182217602305,31.89,-0.03087617917899932,0.4352630491554826,0.22531620192378327
2023-10-12,31.89,31.49,31.89,31.49,0,0.012622445909032949,0.012702445220704961,0.12091277066891899,0.10493117028750353,0.22531620192378327,0.35828902035707,0.43603425391017947,0.3531790043401326,31.76,1.0040931989924433,31.630000000000003,1.0082200442617768,32.1735,0.9911884003916268,33.4594,0.9530953932228312,28.56645,1.1163445230331386,36.4864864864865,-0.5831911217212564,-0.6029896131618131,32.1735,33.748492397641,30.598507602358996,0.09790618973011969,0.43428571428571366,31.49,-0.006331138589896148,0.28893780393594304,31.69,-0.004722187273352803,0.29007578942406737,31.84,-0.0015691200457840255,0.29066353949489726,31.79,0.0,0.28923706738795174,30.94,-0.030242635877046144,0.44675015400149504,0.19478810327470633
2023-10-13,31.89,31.89,31.94,31.84,0,0.0,0.0,0.11883918022613156,0.1018760379082577,0.19478810327470633,0.3516452160440573,0.4357085519395079,0.35273621110312986,31.76,1.0040931989924433,31.7,1.005993690851735,32.081500000000005,0.9940308277356107,33.4296,0.9539450068203029,28.6063,1.114789399537864,36.4864864864865,-0.542328902105222,-0.5908574709504949,32.081500000000005,33.47858380489152,30.68441619510849,0.08709591539619502,0.4385714285714281,31.89,0.012622445909032949,0.22531620192378327,31.49,-0.006331138589896148,0.28893780393594304,31.69,-0.004722187273352803,0.29007578942406737,31.89,0.0031407060992548626,0.2910824170454666,31.19,0.0080476854747918,0.4393436785765402,0.19328120177021602
2023-10-16,32.04,31.89,32.04,31.89,0,0.004692641178192225,0.00470366886171214,0.12190533196792032,0.10180292721208879,0.19328120177021602,0.3404090911925858,0.43571994924834456,0.3524799054429657,31.8,1.0075471698113208,31.77,1.0084985835694051,32.039,1.000031211960423,33.4008,0.9592584608751887,28.64565,1.1184944310916316,38.961038961038945,-0.4921681442623971,-0.5711196056128753,32.039,33.383241519650895,30.694758480349112,0.08391282622122359,0.4249999999999997,31.89,0.0,0.19478810327470633,31.89,0.012622445909032949,0.22531620192378327,31.49,-0.006331138589896148,0.28893780393594304,31.84,-0.0015691200457840255,0.29066353949489726,31.34,0.004797706308162737,0.43685389170311206,0.19891622891663838
2023-10-17,32.89,32.04,33.28,32.04,0,0.02618353800080725,0.026529338327091256,0.19933786930677794,0.15733427695543042,0.19891622891663838,0.337753184658789,0.4370683871239274,0.35314050679002434,32.04,1.0265293383270913,31.919999999999998,1.030388471177945,32.027,1.026946014300434,33.379,0.9853500704035473,28.689,1.1464324305482938,63.5135135135135,-0.37945338362471404,-0.532786361215243,32.027,33.33400300003508,30.719996999964916,0.08161882162144958,0.442142857142857,32.04,0.004692641178192225,0.19328120177021602,31.89,0.0,0.19478810327470633,31.89,0.012622445909032949,0.22531620192378327,31.69,-0.004722187273352803,0.29007578942406737,31.39,0.0015941339259874768,0.4369878006488732,0.20159419116460472
2023-10-18,33.28,32.89,33.68,33.28,0,0.011787955752042173,0.011857707509881354,0.15766179306009848,0.15614692387408732,0.20159419116460472,0.33674295040519775,0.437274920051671,0.35313561009484196,32.398,1.0272239027100438,32.069,1.0377623249867474,32.0395,1.0387178326752915,33.363,0.9975122141294248,28.735300000000002,1.1581573882994087,87.26114649681523,-0.2557087320296674,-0.47737083537812797,32.0395,33.390919916039834,30.68808008396016,0.08435961335475509,0.42357142857142854,32.89,0.02618353800080725,0.19891622891663838,32.04,0.004692641178192225,0.19328120177021602,31.89,0.0,0.19478810327470633,31.49,-0.006331138589896148,0.28893780393594304,31.79,0.012662404068849208,0.4072182217602305,0.20311011804936827
2023-10-19,33.03,33.28,33.08,32.93,0,-0.0075403765503096,-0.0075120192307692735,0.20339761714740534,0.16657978703777485,0.20311011804936827,0.33712409812705907,0.4365655101228522,0.3532683974902634,32.626,1.0123827622141852,32.193,1.0259994408722395,32.0465,1.030689778915014,33.326,0.9911180459701134,28.77815,1.1477457724002411,79.2993630573248,-0.175786754489053,-0.417054019200313,32.0465,33.417773322978036,30.675226677021968,0.08558022392323866,0.41642857142857154,33.28,0.011787955752042173,0.20159419116460472,32.89,0.02618353800080725,0.19891622891663838,32.04,0.004692641178192225,0.19328120177021602,31.89,0.012622445909032949,0.22531620192378327,31.79,0.0,0.28923706738795174,0.20283330201543154
2023-10-20,32.93,33.03,33.13,32.89,0,-0.0030321430144253795,-0.003027550711474425,0.21099234416875962,0.17013551755208173,0.20283330201543154,0.2905700385213903,0.4365879779337135,0.3532926233316435,32.833999999999996,1.0029237985015533,32.297,1.019599343592284,32.048500000000004,1.0275051874502705,33.287,0.989275092378406,28.81875,1.1426588592496203,75.72815533980577,-0.11914376063825927,-0.3574719674879023,32.048500000000004,33.42505978515309,30.671940214846924,0.08590478712907514,0.415714285714286,33.03,-0.0075403765503096,0.20311011804936827,33.28,0.011787955752042173,0.20159419116460472,32.89,0.02618353800080725,0.19891622891663838,31.89,0.0,0.19478810327470633,31.89,0.0031407060992548626,0.2910824170454666,0.2038933314252705
2023-10-23,33.13,32.93,33.33,32.89,0,0.006055119923531582,0.006073489219556638,0.21051146628135645,0.16843640685333772,0.2038933314252705,0.289877037602813,0.39526802599912103,0.35270090361712153,33.052,1.0023599177054339,32.426,1.0217109726762474,32.060500000000005,1.0333588060073922,33.251999999999995,0.9963310477565261,28.860349999999997,1.147941726278441,76.8518518518518,-0.057453167044187126,-0.29746820739915925,32.060500000000005,33.471695461860044,30.649304538139962,0.08803327844918457,0.41142857142857153,32.93,-0.0030321430144253795,0.20283330201543154,33.03,-0.0075403765503096,0.20311011804936827,33.28,0.011787955752042173,0.20159419116460472,32.04,0.004692641178192225,0.19328120177021602,31.84,-0.0015691200457840255,0.29066353949489726,0.20608001677020604
2023-10-24,33.43,33.33,33.58,33.28,0,0.009014484120202707,0.009055236945366696,0.1303962951177717,0.16259843140069713,0.20608001677020604,0.2899271839701672,0.39495021942906033,0.3526802224652928,33.160000000000004,1.008142340168878,32.6,1.0254601226993865,32.0875,1.0418387222438645,33.223,1.0062306233633327,28.907900000000005,1.1564312869492421,76.1146496815286,0.015466279983009201,-0.23488130992272557,32.0875,33.583626577812694,30.591373422187306,0.09325292265291432,0.40785714285714264,33.13,0.006055119923531582,0.2038933314252705,32.93,-0.0030321430144253795,0.20283330201543154,33.03,-0.0075403765503096,0.20311011804936827,32.89,0.02618353800080725,0.19891622891663838,31.69,-0.004722187273352803,0.29007578942406737,0.20740859838963888
2023-10-25,33.23,33.43,33.58,33.18,0,-0.006000618065504366,-0.005982650314089177,0.11760317822697293,0.16194098544907695,0.20740859838963888,0.28950394297158066,0.39517216211426875,0.3526819618562711,33.15,1.0024132730015083,32.774,1.0139134679929211,32.1545,1.033447884432972,33.208,1.0006624909660322,28.95445,1.1476646940280335,71.55688622754481,0.05646623101591075,-0.17661180173499832,32.1545,33.73123179643531,30.57776820356469,0.09807223228072645,0.42928571428571416,33.43,0.009014484120202707,0.20608001677020604,33.13,0.006055119923531582,0.2038933314252705,32.93,-0.0030321430144253795,0.20283330201543154,33.28,0.011787955752042173,0.20159419116460472,31.49,-0.006331138589896148,0.28893780393594304,0.1763818556736605
2023-10-26,32.98,33.23,33.38,32.89,0,-0.007551765235050106,-0.007523322299127333,0.11764736633711592,0.16821754283306176,0.1763818556736605,0.2894021457854037,0.39546875227535816,0.35278259195225964,33.14,0.9951719975859987,32.882999999999996,1.0029498525073746,32.2565,1.0224295878350098,33.181999999999995,0.9939123621240432,28.999250000000004,1.1372707914859865,65.61604584527211,0.06800219001871,-0.12768900338425668,32.2565,33.76488044900572,30.748119550994286,0.09352412375835684,0.42857142857142855,33.23,-0.006000618065504366,0.20740859838963888,33.43,0.009014484120202707,0.20608001677020604,33.13,0.006055119923531582,0.2038933314252705,33.03,-0.0075403765503096,0.20311011804936827,31.89,0.012622445909032949,0.22531620192378327,0.1333915383677921
2023-10-27,33.18,32.98,33.48,32.89,0,0.006045967630845567,0.006064281382656134,0.12195386940152818,0.1675720356720168,0.1333915383677921,0.2839670022733741,0.39548416807565856,0.3526811709099875,33.19,0.999698704429045,33.012,1.005089058524173,32.355999999999995,1.0254666831499568,33.159,1.0006333122229258,29.042849999999998,1.142449862875028,68.40659340659334,0.0922197967585845,-0.08370724335568845,32.355999999999995,33.830319111352935,30.881680888647054,0.09113111085133767,0.45999999999999985,32.98,-0.007551765235050106,0.1763818556736605,33.23,-0.006000618065504366,0.20740859838963888,33.43,0.009014484120202707,0.20608001677020604,32.93,-0.0030321430144253795,0.20283330201543154,31.89,0.0,0.19478810327470633,0.13266789951621966
2023-10-30,33.38,33.18,33.48,33.28,0,0.006009633471390575,0.006027727546714878,0.12184751225979513,0.16786222028887846,0.13266789951621966,0.28419624037184155,0.3945540354547667,0.35257575726793156,33.24,1.0042117930204573,33.146,1.007059675375611,32.458000000000006,1.0284059399839791,33.149,1.0069685360041027,29.08795,1.1475542277816073,72.8997289972899,0.12609718327263408,-0.04174635803002394,32.458000000000006,33.91856369795524,30.997436302044765,0.0899971469563891,0.45285714285714257,33.18,0.006045967630845567,0.1333915383677921,32.98,-0.007551765235050106,0.1763818556736605,33.23,-0.006000618065504366,0.20740859838963888,33.13,0.006055119923531582,0.2038933314252705,32.04,0.004692641178192225,0.19328120177021602,0.1407783501867374
2023-10-31,33.03,33.38,33.58,32.98,0,-0.010540678830990757,-0.010485320551228305,0.12495360776272141,0.12939213708295277,0.1407783501867374,0.2839794787647937,0.39486229038966003,0.3527711886741867,33.160000000000004,0.9960796139927622,33.160000000000004,0.9960796139927622,32.540000000000006,1.0150583896742469,33.132,0.9969214052879393,29.131999999999998,1.13380475078951,70.0520833333333,0.12328206235602579,-0.008740673952813992,32.540000000000006,33.930569743134626,31.14943025686539,0.08546833086260712,0.4671428571428568,33.38,0.006009633471390575,0.13266789951621966,33.18,0.006045967630845567,0.1333915383677921,32.98,-0.007551765235050106,0.1763818556736605,33.43,0.009014484120202707,0.20608001677020604,32.89,0.02618353800080725,0.19891622891663838,0.1848598855886491
2023-11-01,34.28,33.03,34.33,32.98,0,0.03714585432688069,0.037844383893430145,0.29984176894045456,0.22154621879005504,0.1848598855886491,0.29362241731473754,0.39778272075812987,0.3542070473136847,33.37,1.0272700029967037,33.26,1.0306674684305472,32.6645,1.0494573619678857,33.141000000000005,1.0343683051205455,29.182050000000004,1.1746947181572232,75.4797441364605,0.21938665921788214,0.03688479268132523,32.6645,34.20961760751333,31.119382392486663,0.09460531203681877,0.5349999999999996,33.03,-0.010540678830990757,0.1407783501867374,33.38,0.006009633471390575,0.13266789951621966,33.18,0.006045967630845567,0.1333915383677921,33.23,-0.006000618065504366,0.20740859838963888,33.28,0.011787955752042173,0.20159419116460472,0.190027022190155
2023-11-02,33.88,34.28,34.28,33.68,0,-0.011737223945725307,-0.011668611435239118,0.3131321331626357,0.22802313802451965,0.190027022190155,0.29457470805813196,0.39645684996240627,0.354344708483313,33.55,1.0098360655737706,33.345000000000006,1.016044384465437,32.769,1.0339039946290702,33.145,1.0221752903907075,29.2299,1.1590870991690017,69.54813359528485,0.26027331876243665,0.08156249789754752,32.769,34.34743226685457,31.190567733145425,0.09633692006802598,0.5707142857142854,34.28,0.03714585432688069,0.1848598855886491,33.03,-0.010540678830990757,0.1407783501867374,33.38,0.006009633471390575,0.13266789951621966,32.98,-0.007551765235050106,0.1763818556736605,33.03,-0.0075403765503096,0.20311011804936827,0.190027022190155
2023-11-03,33.88,33.88,34.13,33.48,0,0.0,0.0,0.3152622721186243,0.22645074753131608,0.190027022190155,0.2930693308738262,0.3956271684676107,0.3535915641167206,33.69,1.0056396556841793,33.440000000000005,1.013157894736842,32.8685,1.0307741454584178,33.157000000000004,1.0218053503031035,29.27425,1.1573311015653691,68.62348178137651,0.28934094867612004,0.12311818805326202,32.8685,34.46441946769359,31.272580532306407,0.09710935805975879,0.6064285714285715,33.88,-0.011737223945725307,0.190027022190155,34.28,0.03714585432688069,0.1848598855886491,33.03,-0.010540678830990757,0.1407783501867374,33.18,0.006045967630845567,0.1333915383677921,32.93,-0.0030321430144253795,0.20283330201543154,0.19691468459999323
2023-11-06,33.48,33.88,33.88,33.38,0,-0.01187662416257921,-0.011806375442739214,0.3337374532119848,0.23697780368521162,0.19691468459999323,0.2939524736562432,0.39615055812475203,0.3538612548605927,33.71,0.9931770987837436,33.475,1.0001493651979088,32.9505,1.0160695588837803,33.168800000000005,1.0093823110875277,29.31435,1.142102758546582,56.570155902004394,0.27690856813924825,0.1538762640704593,32.9505,34.49149728473929,31.409502715260704,0.0935340759466043,0.5535714285714286,33.88,0.0,0.190027022190155,33.88,-0.011737223945725307,0.190027022190155,34.28,0.03714585432688069,0.1848598855886491,33.38,0.006009633471390575,0.13266789951621966,33.13,0.006055119923531582,0.2038933314252705,0.2004144978093341
2023-11-07,33.18,33.48,33.68,33.18,0,-0.009000960858976056,-0.008960573476702427,0.3306647359717788,0.2372827837114298,0.2004144978093341,0.2905312434041645,0.3964935692077342,0.3539636577747058,33.739999999999995,0.9834024896265562,33.45,0.9919282511210762,33.025,1.0046934140802424,33.1796,1.000012055600429,29.357700000000005,1.1301975290979878,48.863636363636346,0.24008082192786162,0.17111717564193976,33.025,34.44904169069483,31.60095830930517,0.08624022350914934,0.5328571428571429,33.48,-0.01187662416257921,0.19691468459999323,33.88,0.0,0.190027022190155,33.88,-0.011737223945725307,0.190027022190155,33.03,-0.010540678830990757,0.1407783501867374,33.43,0.009014484120202707,0.20608001677020604,0.19978431907311117
2023-11-08,33.08,33.18,33.23,33.08,0,-0.003018414606807862,-0.003013863773357439,0.08511735337441148,0.23590352413228888,0.19978431907311117,0.29056046905588123,0.39623081081286143,0.35399384346719126,33.5,0.9874626865671642,33.434999999999995,0.9893823837296247,33.1045,0.9992599193463123,33.1884,0.9967337985561219,29.400550000000003,1.125149019321067,50.58823529411761,0.200514002851385,0.17699654108382884,33.1045,34.331640021176796,31.877359978823208,0.07413735420724034,0.5185714285714285,33.18,-0.009000960858976056,0.2004144978093341,33.48,-0.01187662416257921,0.19691468459999323,33.88,0.0,0.190027022190155,34.28,0.03714585432688069,0.1848598855886491,33.23,-0.006000618065504366,0.20740859838963888,0.19893476538896843
2023-11-09,32.93,33.08,33.53,32.93,0,-0.00454477376721757,-0.004534461910519871,0.07532524027077746,0.23384366934907785,0.19893476538896843,0.29064916070640046,0.3963465528574372,0.3540257541475051,33.31,0.988592014410087,33.43,0.9850433742147772,33.15650000000001,0.9931687602732493,33.1794,0.9924832878231673,29.442899999999998,1.1184360236253903,50.0,0.15526348644843324,0.17264993015674973,33.15650000000001,34.24754054630387,32.06545945369615,0.06581156312058621,0.5442857142857142,33.08,-0.003018414606807862,0.19978431907311117,33.18,-0.009000960858976056,0.2004144978093341,33.48,-0.01187662416257921,0.19691468459999323,33.88,-0.011737223945725307,0.190027022190155,32.98,-0.007551765235050106,0.1763818556736605,0.19531824494030248
2023-11-10,32.93,32.93,33.48,32.89,0,0.0,0.0,0.07532524027077746,0.23131285696899223,0.19531824494030248,0.29064916070640046,0.39625372947930654,0.3540024234854454,33.12,0.9942632850241546,33.405,0.985780571770693,33.2085,0.9916135929054308,33.182199999999995,0.9923995395121482,29.485500000000002,1.1168201319292532,47.56097560975607,0.11804141819600034,0.16172822776459986,33.2085,34.131590347402934,32.28540965259707,0.05559361894713301,0.5549999999999997,32.93,-0.00454477376721757,0.19893476538896843,33.08,-0.003018414606807862,0.19978431907311117,33.18,-0.009000960858976056,0.2004144978093341,33.88,0.0,0.190027022190155,33.18,0.006045967630845567,0.1333915383677921,0.19959255042964577
2023-11-13,33.38,32.93,33.38,33.18,0,0.013572821845416218,0.013665350744002547,0.13591373561733266,0.24044285234845064,0.19959255042964577,0.2874737513185956,0.39522719518020066,0.3541612409573683,33.1,1.0084592145015105,33.405,0.9992516090405629,33.2755,1.0031404486784572,33.193999999999996,1.0056034223052361,29.5306,1.1303529220537343,49.41176470588238,0.12343106365980816,0.15406879494364153,33.2755,34.0184238113484,32.5325761886516,0.044652901464945535,0.5550000000000003,32.93,0.0,0.19531824494030248,32.93,-0.00454477376721757,0.19893476538896843,33.08,-0.003018414606807862,0.19978431907311117,33.48,-0.01187662416257921,0.19691468459999323,33.38,0.006009633471390575,0.13266789951621966,0.21677085806518798
2023-11-14,34.28,33.38,34.28,33.53,0,0.026605175495890053,0.02696225284601561,0.2113572388372188,0.2658151789227702,0.21677085806518798,0.2919325308820293,0.39666871381581276,0.354968532535838,33.32000000000001,1.0288115246098437,33.53,1.0223680286310766,33.345,1.0280401859349229,33.194,1.0327167560402482,29.57945,1.1589126910743777,60.60606060606063,0.19804197034900284,0.16286343002471382,33.345,34.18923743230206,32.50076256769794,0.05063652315501927,0.590714285714286,33.38,0.013572821845416218,0.19959255042964577,32.93,0.0,0.19531824494030248,32.93,-0.00454477376721757,0.19893476538896843,33.18,-0.009000960858976056,0.2004144978093341,33.03,-0.010540678830990757,0.1407783501867374,0.21310063527903814
2023-11-15,33.63,34.28,33.88,33.38,0,-0.019143567977400716,-0.018961493582263622,0.277781920009317,0.21241841779087517,0.21310063527903814,0.29441150726934967,0.3978545057265636,0.3555353536734741,33.43,1.0059826503140892,33.465,1.0049305244285074,33.3625,1.0080179842637693,33.127199999999995,1.0151778598855323,29.625549999999997,1.1351687985539511,56.074766355140234,0.20238906852031846,0.17076855772383476,33.3625,34.21552865997077,32.50947134002922,0.05113697474534433,0.62,34.28,0.026605175495890053,0.21677085806518798,33.38,0.013572821845416218,0.19959255042964577,32.93,0.0,0.19531824494030248,33.08,-0.003018414606807862,0.19978431907311117,34.28,0.03714585432688069,0.1848598855886491,0.21131536058989125
2023-11-16,33.38,33.63,33.88,33.08,0,-0.007461607518489241,-0.007433838834374096,0.28367931430394033,0.20791904509183273,0.21131536058989125,0.29361524561393554,0.3977768197314777,0.35566350125424384,33.52,0.9958233890214797,33.415,0.9989525662127788,33.38,1.0,33.0574,1.0097587832073909,29.6704,1.125026962899051,51.85185185185188,0.18354546659162452,0.17332393949739272,33.38,34.21854510596123,32.54145489403877,0.050242367043812505,0.6350000000000006,33.63,-0.019143567977400716,0.21310063527903814,34.28,0.026605175495890053,0.21677085806518798,33.38,0.013572821845416218,0.19959255042964577,32.93,-0.00454477376721757,0.19893476538896843,33.88,-0.011737223945725307,0.190027022190155,0.20981536999610345
2023-11-17,33.28,33.38,33.48,33.23,0,-0.0030003022806811656,-0.0029958058717795,0.28627583464266876,0.2078638214431484,0.20981536999610345,0.29366675636857614,0.3963984524252681,0.3556700529230658,33.59,0.9907710628163143,33.355,0.9977514615499926,33.3975,0.9964817725877686,32.9856,1.0089251067132325,29.71375,1.1200201926717428,49.05660377358489,0.1587130666008676,0.1704017649180877,33.3975,34.210729429655515,32.584270570344486,0.04870001824421076,0.6314285714285722,33.38,-0.007461607518489241,0.21131536058989125,33.63,-0.019143567977400716,0.21310063527903814,34.28,0.026605175495890053,0.21677085806518798,32.93,0.0,0.19531824494030248,33.88,0.0,0.190027022190155,0.21130936136016498
2023-11-20,33.03,33.28,33.18,32.98,0,-0.0075403765503096,-0.0075120192307692735,0.27191612396167164,0.2030544273563236,0.21130936136016498,0.2940170807241509,0.3964689224293111,0.35579909794497705,33.519999999999996,0.9853818615751792,33.31,0.9915941158811168,33.3925,0.9891442689226624,32.9098,1.0036524074895625,29.754849999999998,1.1100711312609541,50.0,0.11750576670382884,0.15982256527523594,33.3925,34.21384357193112,32.571156428068875,0.049193296215085634,0.610000000000001,33.28,-0.0030003022806811656,0.20981536999610345,33.38,-0.007461607518489241,0.21131536058989125,33.63,-0.019143567977400716,0.21310063527903814,33.38,0.013572821845416218,0.19959255042964577,33.48,-0.01187662416257921,0.19691468459999323,0.21029182315217226
2023-11-21,33.08,33.03,33.38,33.08,0,0.0015126307527921165,0.001513775355737046,0.12202572221404465,0.19878101982845475,0.21029182315217226,0.2939237735118225,0.3929222021247552,0.355793713971339,33.279999999999994,0.9939903846153847,33.3,0.9933933933933934,33.375,0.9911610486891386,32.835,1.0074615501751178,29.795200000000005,1.110245945655676,34.99999999999997,0.08787035206422189,0.14543212263303312,33.375,34.20781387318122,32.54218612681878,0.04990644932921187,0.5385714285714295,33.03,-0.0075403765503096,0.21130936136016498,33.28,-0.0030003022806811656,0.20981536999610345,33.38,-0.007461607518489241,0.21131536058989125,34.28,0.026605175495890053,0.21677085806518798,33.18,-0.009000960858976056,0.2004144978093341,0.20891577856472632
2023-11-22,33.28,33.08,33.33,33.23,0,0.006027745797517466,0.006045949214026791,0.093331488534098,0.20049915396104578,0.20891577856472632,0.2932226495345761,0.3923631944129224,0.35577373333432033,33.21,1.0021077988557663,33.32000000000001,0.998799519807923,33.377500000000005,0.9970788704965919,32.806999999999995,1.0144176547687995,29.837049999999998,1.1153917696287,42.10526315789473,0.07960476678174189,0.1322666514627749,33.377500000000005,34.20877992624877,32.546220073751236,0.049810796269868535,0.5135714285714295,33.08,0.0015126307527921165,0.21029182315217226,33.03,-0.0075403765503096,0.21130936136016498,33.28,-0.0030003022806811656,0.20981536999610345,33.63,-0.019143567977400716,0.21310063527903814,33.08,-0.003018414606807862,0.19978431907311117,0.20809972481801764
2023-11-23,33.38,33.28,33.48,33.38,0,0.0030003022806811912,0.0030048076923077094,0.08455417593298073,0.1986442464268436,0.20809972481801764,0.29229644629870927,0.39145115941988384,0.3468253054535562,33.21,1.0051189400782896,33.365,1.0004495729057397,33.3975,0.9994760086832847,32.805,1.0175278158817254,29.8769,1.1172511204308346,43.589743589743605,0.08019891202445706,0.12185310357511132,33.3975,34.20748700444087,32.58751299555913,0.04850584651191678,0.4814285714285716,33.28,0.006027745797517466,0.20891577856472632,33.08,0.0015126307527921165,0.21029182315217226,33.03,-0.0075403765503096,0.21130936136016498,33.38,-0.007461607518489241,0.21131536058989125,32.93,-0.00454477376721757,0.19893476538896843,0.23868339358463853
2023-11-24,34.58,33.38,34.68,33.78,0,0.03531856202145532,0.035949670461354,0.2582005435930279,0.2611695830372792,0.23868339358463853,0.30011614883707055,0.3939966728664667,0.3475699731270123,33.47,1.033164027487302,33.53,1.0313152400835073,33.467499999999994,1.0332412041532832,32.821999999999996,1.053561635488392,29.92475,1.1555652094002455,61.702127659574494,0.1754769584451168,0.13257787454911243,33.467499999999994,34.42659771193934,32.50840228806065,0.057315169160489614,0.5385714285714285,33.38,0.0030003022806811912,0.20809972481801764,33.28,0.006027745797517466,0.20891577856472632,33.08,0.0015126307527921165,0.21029182315217226,33.28,-0.0030003022806811656,0.20981536999610345,32.93,0.0,0.19531824494030248,0.2439853417836724
2023-11-27,35.18,34.58,35.23,34.78,0,0.017202259054267643,0.017351069982648903,0.22388003250506855,0.26515363758387644,0.2439853417836724,0.3018695381279352,0.39456562150563057,0.3479049039185941,33.9,1.0377581120943953,33.71,1.0436072382082469,33.5575,1.0483498472770618,32.8678,1.0703484869690092,29.975099999999998,1.1736407885211393,70.0,0.295988510957649,0.16526000183081976,33.5575,34.78287856663708,32.332121433362914,0.07303157664528545,0.5492857142857142,34.58,0.03531856202145532,0.23868339358463853,33.38,0.0030003022806811912,0.20809972481801764,33.28,0.006027745797517466,0.20891577856472632,33.03,-0.0075403765503096,0.21130936136016498,33.38,0.013572821845416218,0.19959255042964577,0.24487263553363128
2023-11-28,35.03,35.18,35.23,34.83,0,-0.004272902100016649,-0.004263786242183043,0.2447461594249984,0.23960458256143133,0.24487263553363128,0.298946142284701,0.39453896131940164,0.3476821670601072,34.290000000000006,1.021580635753864,33.785000000000004,1.0368506733757583,33.6575,1.040778429770482,32.9058,1.0645539692090757,30.025199999999998,1.1666866498807669,69.30693069306935,0.37506749357051206,0.20722150017875823,33.6575,35.020343389849955,32.29465661015004,0.08098304329495397,0.567142857142857,35.18,0.017202259054267643,0.2439853417836724,34.58,0.03531856202145532,0.23868339358463853,33.38,0.0030003022806811912,0.20809972481801764,33.08,0.0015126307527921165,0.21029182315217226,34.28,0.026605175495890053,0.21677085806518798,0.24168044684348464
2023-11-29,34.88,35.03,35.08,34.78,0,-0.0042912381686165705,-0.004282043962318016,0.2689313490227129,0.2127131522647851,0.24168044684348464,0.2967404193557307,0.37159021128869574,0.34734553386621125,34.61,1.0078012135221035,33.910000000000004,1.0286051312297257,33.6875,1.0353988868274584,32.942800000000005,1.0588049588984543,30.07505,1.1597653204234075,69.30693069306935,0.4207838760327789,0.24993397534956238,33.6875,35.13200865803997,32.24299134196003,0.08575932663688143,0.5457142857142853,35.03,-0.004272902100016649,0.24487263553363128,35.18,0.017202259054267643,0.2439853417836724,34.58,0.03531856202145532,0.23868339358463853,33.28,0.006027745797517466,0.20891577856472632,33.63,-0.019143567977400716,0.21310063527903814,0.22880229762905266
2023-11-30,33.93,34.88,34.88,33.88,0,-0.027614020244640228,-0.027236238532110213,0.3797549727219339,0.2608071812802862,0.22880229762905266,0.3022005573720004,0.37213029124618885,0.347673411669023,34.72,0.9772465437788018,33.964999999999996,0.9989695274547329,33.690000000000005,1.0071237756010685,32.9636,1.0293171862296593,30.11915,1.126525814971538,58.33333333333333,0.37602282097007844,0.27515174447366564,33.690000000000005,35.13608364029589,32.24391635970412,0.08584646128203513,0.5749999999999998,34.88,-0.0042912381686165705,0.24168044684348464,35.03,-0.004272902100016649,0.24487263553363128,35.18,0.017202259054267643,0.2439853417836724,33.38,0.0030003022806811912,0.20809972481801764,33.38,-0.007461607518489241,0.21131536058989125,0.2444956312419968
2023-12-01,34.88,33.93,34.88,33.93,0,0.0276140202446402,0.027998821102269478,0.3407232034952432,0.2892978365588069,0.2444956312419968,0.2940304614798957,0.3733223731633728,0.3470527475363073,34.78,1.002875215641173,34.12500000000001,1.022124542124542,33.74,1.033787788974511,33.0034,1.056860808280359,30.168499999999998,1.156172829275569,61.53846153846153,0.41245193371617006,0.3026117823221665,33.74,35.27985645263816,32.20014354736185,0.09127779802241581,0.6107142857142855,33.93,-0.027614020244640228,0.22880229762905266,34.88,-0.0042912381686165705,0.24168044684348464,35.03,-0.004272902100016649,0.24487263553363128,34.58,0.03531856202145532,0.23868339358463853,33.28,-0.0030003022806811656,0.20981536999610345,0.245257898481465
2023-12-04,34.73,34.88,34.98,34.68,0,-0.004309732284796376,-0.004300458715596478,0.3122043056971063,0.2859065398431579,0.245257898481465,0.25119833335058855,0.37054064970466105,0.3470479702962883,34.69,1.0011530700490054,34.295,1.0126840647324682,33.802499999999995,1.0274387989054066,33.0402,1.051143758209696,30.216600000000003,1.1493682280600728,53.913043478260825,0.4243271424634969,0.3269548543504326,33.802499999999995,35.39837461583552,32.20662538416447,0.09442346665693525,0.5678571428571425,34.88,0.0276140202446402,0.2444956312419968,33.93,-0.027614020244640228,0.22880229762905266,34.88,-0.0042912381686165705,0.24168044684348464,35.18,0.017202259054267643,0.2439853417836724,33.03,-0.0075403765503096,0.21130936136016498,0.24061988158811637
2023-12-05,34.78,34.78,34.83,34.58,0,0.0014386421701544536,0.0014396775122373917,0.3128795276056553,0.28593218539877646,0.24061988158811637,0.25122008989251315,0.3688723435934001,0.347037386280787,34.64,1.004041570438799,34.465,1.0091397069490786,33.88250000000001,1.0264886003098943,33.078,1.0514541387024607,30.2627,1.1492695628612122,61.165048543689274,0.4327840479781955,0.3481206930759852,33.88250000000001,35.507137611412325,32.25786238858769,0.0958983316704681,0.5214285714285712,34.73,-0.004309732284796376,0.245257898481465,34.88,0.0276140202446402,0.2444956312419968,33.93,-0.027614020244640228,0.22880229762905266,35.03,-0.004272902100016649,0.24487263553363128,33.08,0.0015126307527921165,0.21029182315217226,0.26095546809379033
2023-12-06,35.97,34.78,35.97,34.38,0,0.03364274878139547,0.034215066129959615,0.3959223882314423,0.32022838084212574,0.26095546809379033,0.2605613053521391,0.3716172750862182,0.34813391770353225,34.858000000000004,1.0319008548970106,34.733999999999995,1.0355847296596996,34.027,1.0571017133452845,33.1596,1.0847537364745052,30.3165,1.1864826084805302,71.26436781609189,0.5294065916381072,0.3843778727884096,34.027,35.85274685510937,32.20125314489063,0.10731165575039658,0.5778571428571421,34.78,0.0014386421701544536,0.24061988158811637,34.73,-0.004309732284796376,0.245257898481465,34.88,0.0276140202446402,0.2444956312419968,34.88,-0.0042912381686165705,0.24168044684348464,33.28,0.006027745797517466,0.20891577856472632,0.277056731160922
2023-12-07,35.13,35.97,36.02,35.03,0,-0.023629791429796747,-0.02335279399499568,0.37496992563870846,0.3571195131864372,0.277056731160922,0.2646718216279688,0.3733476613199165,0.3490008492522523,35.098,1.0009117328622714,34.909,1.0063307456529835,34.137,1.0290886721153,33.243399999999994,1.05675111450694,30.365850000000002,1.156891705649603,63.543191800878475,0.5320663441735007,0.41391556706542787,34.137,35.94950742285075,32.32449257714925,0.10619019965730732,0.6307142857142851,35.97,0.03364274878139547,0.26095546809379033,34.78,0.0014386421701544536,0.24061988158811637,34.73,-0.004309732284796376,0.245257898481465,33.93,-0.027614020244640228,0.22880229762905266,33.38,0.0030003022806811912,0.20809972481801764,0.2780758834938761
2023-12-08,34.88,35.13,35.28,34.88,0,-0.007141867236956798,-0.0071164247082265986,0.33316157403291774,0.31802098010311514,0.2780758834938761,0.2649752807989003,0.3735638398079944,0.3472038010774162,35.098,0.9937888198757765,34.939,0.9983113426257192,34.234500000000004,1.018855248360572,33.3172,1.0469067028441768,30.413199999999996,1.146870437836203,63.543191800878475,0.5081437418103647,0.43276120201441526,34.234500000000004,35.98226217820768,32.48673782179233,0.10210531354088258,0.6378571428571418,35.13,-0.023629791429796747,0.277056731160922,35.97,0.03364274878139547,0.26095546809379033,34.78,0.0014386421701544536,0.24061988158811637,34.88,0.0276140202446402,0.2444956312419968,34.58,0.03531856202145532,0.23868339358463853,0.2806680958023697
2023-12-11,35.38,34.88,35.53,34.88,0,0.01423308969086024,0.014334862385321001,0.34388477988765354,0.31407460197541687,0.2806680958023697,0.23796159749261842,0.37396979302151323,0.3474250923105043,35.227999999999994,1.0043147496309757,34.959,1.0120426785663206,34.334500000000006,1.0304504215876158,33.397999999999996,1.0593448709503566,30.465549999999997,1.1613117110966322,65.7967032967033,0.5234961901946846,0.4509081996504692,34.334500000000006,36.10511957636439,32.563880423635624,0.10313938320723363,0.659285714285713,34.88,-0.007141867236956798,0.2780758834938761,35.13,-0.023629791429796747,0.277056731160922,35.97,0.03364274878139547,0.26095546809379033,34.73,-0.004309732284796376,0.245257898481465,35.18,0.017202259054267643,0.2439853417836724,0.27840919768030736
2023-12-12,35.38,35.38,35.38,35.13,0,0.0,0.0,0.34463389359565083,0.31296145231074607,0.27840919768030736,0.226747766130565,0.3494553973494263,0.34642325833357646,35.348,1.0009052845988458,34.99400000000001,1.0110304623649766,34.389500000000005,1.0288023960801989,33.4778,1.056819743232829,30.5179,1.1593196124241838,64.83050847457628,0.5295586931716372,0.46663829835470283,34.389500000000005,36.22030626472099,32.55869373527902,0.1064747242455391,0.659285714285713,35.38,0.01423308969086024,0.2806680958023697,34.88,-0.007141867236956798,0.2780758834938761,35.13,-0.023629791429796747,0.277056731160922,34.78,0.0014386421701544536,0.24061988158811637,35.03,-0.004272902100016649,0.24487263553363128,0.2765705117426281
2023-12-13,36.27,35.38,36.37,35.38,0,0.02484426456317178,0.02515545505935557,0.29861324028649344,0.3327355557322065,0.2765705117426281,0.23141923812325685,0.3258451316707816,0.34707327361987145,35.408,1.024344780840488,35.132999999999996,1.032362735889335,34.5215,1.0506495951798154,33.5674,1.0805126402402332,30.574700000000004,1.1862749266550447,68.36086404066073,0.5992708115362362,0.49316480099100957,34.5215,36.49672843448934,32.546271565510665,0.1144346818353396,0.7157142857142844,35.38,0.0,0.27840919768030736,35.38,0.01423308969086024,0.2806680958023697,34.88,-0.007141867236956798,0.2780758834938761,35.97,0.03364274878139547,0.26095546809379033,34.88,-0.0042912381686165705,0.24168044684348464,0.2702015592102067
2023-12-14,36.97,36.27,37.02,36.32,0,0.01911581965372951,0.019299696719051518,0.21223688205890595,0.2885364183175056,0.2702015592102067,0.22784408749807794,0.31778099202184906,0.34746831844674403,35.775999999999996,1.033374329159213,35.437,1.0432598696277902,34.70100000000001,1.0653871646350246,33.671,1.097977488046093,30.633999999999997,1.2068290135143958,66.21438263229308,0.7028997269325856,0.5351117861793249,34.70100000000001,36.88129355821507,32.520706441784945,0.125661713392413,0.6764285714285704,36.27,0.02484426456317178,0.2765705117426281,35.38,0.0,0.27840919768030736,35.38,0.01423308969086024,0.2806680958023697,35.13,-0.023629791429796747,0.277056731160922,33.93,-0.027614020244640228,0.22880229762905266,0.26725668000961855
2023-12-15,36.97,36.97,36.97,36.52,0,0.0,0.0,0.17888671996386282,0.2702523097445656,0.26725668000961855,0.22760572790677103,0.31393930929500796,0.34747444420619567,36.194,1.0214400176824887,35.646,1.0371430174493632,34.88549999999999,1.0597526192830835,33.772600000000004,1.0946743810070885,30.69255,1.2045268314297768,63.22008862629246,0.7760802193151122,0.5833054728064824,34.88549999999999,37.18095523520631,32.590044764793674,0.13159938858301123,0.6621428571428558,36.97,0.01911581965372951,0.2702015592102067,36.27,0.02484426456317178,0.2765705117426281,35.38,0.0,0.27840919768030736,34.88,-0.007141867236956798,0.2780758834938761,34.88,0.0276140202446402,0.2444956312419968,0.26634476254929607
2023-12-18,36.97,36.97,36.97,36.77,0,0.0,0.0,0.1937981352758201,0.26657039392147164,0.26634476254929607,0.22742879671606522,0.3109316219472761,0.3474805136247626,36.512,1.0125438212094653,35.870000000000005,1.0306662949540004,35.082499999999996,1.0538017530107604,33.87520000000001,1.091358870205932,30.7491,1.2023116123723947,64.65256797583078,0.8245711438961223,0.6315586070244104,35.082499999999996,37.38372964841207,32.78127035158792,0.13118960441314476,0.6478571428571414,36.97,0.0,0.26725668000961855,36.97,0.01911581965372951,0.2702015592102067,36.27,0.02484426456317178,0.2765705117426281,35.38,0.01423308969086024,0.2806680958023697,34.73,-0.004309732284796376,0.245257898481465,0.2655671765548829
2023-12-19,37.62,36.97,37.62,36.92,0,0.017429050924343728,0.0175818230998106,0.18319393166352874,0.2705449874346223,0.2655671765548829,0.22921540749109376,0.31177488152307564,0.34755021904173033,36.96,1.0178571428571428,36.153999999999996,1.0405487636222825,35.3095,1.0654356476302411,33.9938,1.106672393201113,30.8079,1.2211153632672138,69.24157303370782,0.9050176387228817,0.6862504133641047,35.3095,37.67382676519668,32.94517323480332,0.13392014982917796,0.6764285714285698,36.97,0.0,0.26634476254929607,36.97,0.0,0.26725668000961855,36.97,0.01911581965372951,0.2702015592102067,35.38,0.0,0.27840919768030736,34.78,0.0014386421701544536,0.24061988158811637,0.2690009401468801
2023-12-20,38.37,37.62,38.37,37.67,0,0.019740080385976588,0.019936204146730363,0.163680342794153,0.2407984664537924,0.2690009401468801,0.2318537007749355,0.3125797212454657,0.34728781411555854,37.38,1.0264847512038522,36.394,1.054294663955597,35.564,1.0789000112473286,34.131400000000006,1.1241847682778905,30.8677,1.2430469390333585,82.0809248554913,1.017560987789743,0.7525125282492324,35.564,38.098190621333934,33.029809378666066,0.1425143752859034,0.6585714285714269,37.62,0.017429050924343728,0.2655671765548829,36.97,0.0,0.26634476254929607,36.97,0.0,0.26725668000961855,36.27,0.02484426456317178,0.2765705117426281,35.97,0.03364274878139547,0.26095546809379033,0.26920489306169726
2023-12-21,38.52,38.37,38.71,38.17,0,0.0039016826710638803,0.00390930414386248,0.15294480052802165,0.1752003939504469,0.26920489306169726,0.23181770180885203,0.31259770511816465,0.3472866680448474,37.69,1.0220217564340675,36.733000000000004,1.0486483543407834,35.821,1.075346863571648,34.264,1.1242120009339247,30.9275,1.2454934928461727,79.73856209150325,1.1061056517277166,0.8232311529449293,35.821,38.46285660394032,33.17914339605968,0.14750323016891315,0.6292857142857124,38.37,0.019740080385976588,0.2690009401468801,37.62,0.017429050924343728,0.2655671765548829,36.97,0.0,0.26634476254929607,36.97,0.01911581965372951,0.2702015592102067,35.13,-0.023629791429796747,0.277056731160922,0.2844249031621167
2023-12-22,37.77,38.52,38.52,37.67,0,-0.01966245020555929,-0.01947040498442365,0.2514511595306862,0.21473789131491386,0.2844249031621167,0.23598046018125868,0.31395582643006953,0.34740818459757244,37.85,0.997886393659181,37.022000000000006,1.02020420290638,35.9805,1.049735273273023,34.381600000000006,1.0985527142425018,30.9848,1.2189847925434407,72.61904761904766,1.1030439992377836,0.8791937222035002,35.9805,38.69117655178824,33.26982344821176,0.1506747572595289,0.668571428571427,38.52,0.0039016826710638803,0.26920489306169726,38.37,0.019740080385976588,0.2690009401468801,37.62,0.017429050924343728,0.2655671765548829,36.97,0.0,0.26725668000961855,34.88,-0.007141867236956798,0.2780758834938761,0.2635762329612963
2023-12-27,37.87,37.77,37.87,37.82,0,0.0026441051893379254,0.002647603918453756,0.24930619009928015,0.21313330880176615,0.2635762329612963,0.2262066919975385,0.31330765242867503,0.3466139425742963,38.03,0.9957927951617144,37.271,1.0160714764830565,36.114999999999995,1.0485947667174305,34.498200000000004,1.0977384327298234,31.0416,1.2199757744446162,72.82127031019203,1.0960521746460827,0.9225654126920168,36.114999999999995,38.92361456762354,33.30638543237645,0.15553728742204312,0.6578571428571409,37.77,-0.01966245020555929,0.2844249031621167,38.52,0.0039016826710638803,0.26920489306169726,38.37,0.019740080385976588,0.2690009401468801,36.97,0.0,0.26634476254929607,35.38,0.01423308969086024,0.2806680958023697,0.2594409669209456
2023-12-28,38.07,37.87,38.07,37.37,0,0.005267328480702529,0.005281225244256671,0.22421357448980514,0.21004477150499515,0.2594409669209456,0.21609240411319375,0.30710440529055977,0.3465790085417596,38.12,0.998688352570829,37.54,1.014118273841236,36.267,1.0497146165935973,34.6018,1.1002317798496033,31.100900000000003,1.224080332080422,68.16608996539796,1.0940380422777025,0.956859938609154,36.267,39.15626215312268,33.377737846877324,0.15933284545855347,0.5942857142857128,37.87,0.0026441051893379254,0.2635762329612963,37.77,-0.01966245020555929,0.2844249031621167,38.52,0.0039016826710638803,0.26920489306169726,37.62,0.017429050924343728,0.2655671765548829,35.38,0.0,0.27840919768030736,0.25912798719261865
2023-12-29,38.52,38.07,39.31,37.32,0,0.01175101653551895,0.011820330969267268,0.18976725620873894,0.18866797286668177,0.25912798719261865,0.2165501385172687,0.3073529055572235,0.34661519267524565,38.15,1.0096985583224116,37.765,1.0199920561366345,36.449,1.056819117122555,34.7066,1.1098753551197755,31.1642,1.2360336540004235,81.44712430426716,1.1158897842423414,0.9886659077357915,36.449,39.42758956378133,33.470410436218664,0.16343875353405218,0.6657142857142843,38.07,0.005267328480702529,0.2594409669209456,37.87,0.0026441051893379254,0.2635762329612963,37.77,-0.01966245020555929,0.2844249031621167,38.37,0.019740080385976588,0.2690009401468801,36.27,0.02484426456317178,0.2765705117426281,0.2574783766504782
2024-01-02,38.86,38.52,38.91,38.07,0,0.008787857019369131,0.008826583592938642,0.19782966920228076,0.17523886260957894,0.2574783766504782,0.21680541995565075,0.3049779145526798,0.346684579363755,38.218,1.0167983672614997,37.95399999999999,1.0238710017389474,36.695499999999996,1.058985434181303,34.8232,1.1159227181878748,31.228950000000005,1.2443581996833064,86.31386861313868,1.14741590932298,1.0204159080532293,36.695499999999996,39.61167250951593,33.779327490484064,0.15893897123712344,0.6971428571428555,38.52,0.01175101653551895,0.25912798719261865,38.07,0.005267328480702529,0.2594409669209456,37.87,0.0026441051893379254,0.2635762329612963,38.52,0.0039016826710638803,0.26920489306169726,36.97,0.01911581965372951,0.2702015592102067,0.2581270860623135
2024-01-03,40.51,38.86,40.51,39.01,0,0.04158341326530519,0.04246011322696863,0.2507826496188814,0.25034687266315203,0.2581270860623135,0.22980345824000317,0.3050190449032861,0.3487971257805556,38.766000000000005,1.0449878759737912,38.308,1.057481466012321,36.977,1.0955458798712714,34.9748,1.1582625204432906,31.301949999999998,1.2941685741623126,88.68778280542986,1.2906638317158112,1.0744654927857458,36.977,40.22349835652824,33.730501643471754,0.17559555164173635,0.7685714285714269,38.86,0.008787857019369131,0.2574783766504782,38.52,0.01175101653551895,0.25912798719261865,38.07,0.005267328480702529,0.2594409669209456,37.77,-0.01966245020555929,0.2844249031621167,36.97,0.0,0.26725668000961855,0.24855779609354287
2024-01-04,40.86,40.51,40.86,40.06,0,0.008602732174876802,0.008639842014317445,0.23696092429207236,0.24522088658120528,0.24855779609354287,0.2293279007169343,0.3051225190780112,0.3484857597677945,39.364,1.0380042678589574,38.696999999999996,1.0558958058764247,37.2835,1.0959271527619456,35.129400000000004,1.1631283198688276,31.3777,1.3021986952517233,89.25501432664755,1.4161069181293868,1.1427937778544741,37.2835,40.78428652816515,33.782713471834846,0.1877928052980622,0.8078571428571409,40.51,0.04158341326530519,0.2581270860623135,38.86,0.008787857019369131,0.2574783766504782,38.52,0.01175101653551895,0.25912798719261865,37.87,0.0026441051893379254,0.2635762329612963,36.97,0.0,0.26634476254929607,0.25084923535421566
2024-01-05,41.85,40.86,42.3,41.36,0,0.023940207546008403,0.02422907488986792,0.22440577855238447,0.25280194448179594,0.25084923535421566,0.2326122674132991,0.3063343960581675,0.34896262028680974,40.120000000000005,1.0431206380857427,39.120000000000005,1.0697852760736195,37.637,1.1119377208597923,35.2978,1.1856262996560691,31.4624,1.3301591741253052,89.40677966101694,1.5772249269362675,1.229680007670833,37.637,41.484071887196315,33.789928112803686,0.2044303152321553,0.8399999999999983,40.86,0.008602732174876802,0.24855779609354287,40.51,0.04158341326530519,0.2581270860623135,38.86,0.008787857019369131,0.2574783766504782,38.07,0.005267328480702529,0.2594409669209456,37.62,0.017429050924343728,0.2655671765548829,0.2551194469494232
2024-01-08,42.9,41.85,42.9,41.85,0,0.024780028998486865,0.02508960573476693,0.21707877892833805,0.25906159260416517,0.2551194469494232,0.23614889386855467,0.30799133668920164,0.3496937577717692,40.995999999999995,1.0464435554688263,39.573,1.0840724736562808,37.9835,1.1294377821949004,35.4912,1.2087503381119826,31.55235,1.3596451611369675,89.90578734858681,1.7692435956375405,1.3375927252641746,37.9835,42.403999019221736,33.56300098077826,0.2327589094855259,0.8614285714285695,41.85,0.023940207546008403,0.25084923535421566,40.86,0.008602732174876802,0.24855779609354287,40.51,0.04158341326530519,0.2581270860623135,38.52,0.01175101653551895,0.25912798719261865,38.37,0.019740080385976588,0.2690009401468801,0.3840238462713362
2024-01-09,47.19,42.9,47.19,42.9,0,0.09531017980432493,0.10000000000000009,0.5342418416172351,0.4904278821293747,0.3840238462713362,0.2972634383695463,0.33522824845368354,0.3597519983907795,42.662,1.1061366086915756,40.44,1.166913946587537,38.586499999999994,1.2229665815764583,35.7754,1.3190628197029244,31.66945,1.4900795561653264,93.60068259385666,2.2417454745842704,1.5184232751281939,38.586499999999994,44.42942383549205,32.743576164507935,0.3028480860141272,1.1357142857142841,42.9,0.024780028998486865,0.2551194469494232,41.85,0.023940207546008403,0.25084923535421566,40.86,0.008602732174876802,0.24855779609354287,38.86,0.008787857019369131,0.2574783766504782,38.52,0.0039016826710638803,0.26920489306169726,0.5486044893968932
2024-01-10,42.5,47.09,47.14,42.5,0,-0.10467792980792494,-0.0993854630218266,1.1459027863239528,0.7828881380491587,0.5486044893968932,0.3704615700124466,0.36653391201181146,0.3754273618848537,43.059999999999995,0.9869948908499769,40.913,1.0387896267689978,38.967499999999994,1.0906524667992559,35.9618,1.1818095868393685,31.76015,1.3381548890669597,66.84948202315661,2.212261243279471,1.6571908687584493,38.967499999999994,44.786488427190946,33.14851157280904,0.2986585450537475,1.4564285714285699,47.19,0.09531017980432493,0.3840238462713362,42.9,0.024780028998486865,0.2551194469494232,41.85,0.023940207546008403,0.25084923535421566,40.51,0.04158341326530519,0.2581270860623135,37.77,-0.01966245020555929,0.2844249031621167,0.5465087085487451
2024-01-11,43.35,42.5,44.84,41.85,0,0.01980262729617973,0.020000000000000018,1.1480507658970496,0.7820079690042272,0.5465087085487451,0.3709972341778252,0.36733848194986957,0.37583157713420484,43.55800000000001,0.9952247577942053,41.461,1.0455608885458625,39.366,1.1012040847431794,36.1612,1.1987987124321096,31.854350000000004,1.360881637829684,67.24864539434077,2.231756375524661,1.7721039701116919,39.366,45.24187538830939,33.49012461169061,0.29852539695724173,1.619999999999999,42.5,-0.10467792980792494,0.5486044893968932,47.19,0.09531017980432493,0.3840238462713362,42.9,0.024780028998486865,0.2551194469494232,40.86,0.008602732174876802,0.24855779609354287,37.87,0.0026441051893379254,0.2635762329612963,0.5515015612426867
2024-01-12,42.85,43.35,43.75,42.8,0,-0.011601058182762055,-0.011534025374855816,1.1521534477594448,0.7915160700012549,0.5515015612426867,0.3721553293787708,0.36644020572182906,0.37575274431736067,43.757999999999996,0.9792495086612735,41.939,1.0217220248456091,39.7395,1.078272248015199,36.357600000000005,1.1785706427266924,31.945299999999996,1.3413553793515793,63.69193154034231,2.181711178559773,1.8540254118013082,39.7395,45.497023133394386,33.98197686660561,0.28976323976871304,1.6342857142857135,43.35,0.01980262729617973,0.5465087085487451,42.5,-0.10467792980792494,0.5486044893968932,47.19,0.09531017980432493,0.3840238462713362,41.85,0.023940207546008403,0.25084923535421566,38.07,0.005267328480702529,0.2594409669209456,0.5576718644550164
2024-01-15,44.39,42.85,44.39,42.9,0,0.03530857380215505,0.03593932322053672,1.1660412999001548,0.8002382189585074,0.5576718644550164,0.37701523124569236,0.3657222827928441,0.37715077830673843,44.056,1.0075812602142729,42.526,1.0438320086535295,40.1455,1.1057279147102415,36.5598,1.2141751322490824,32.0422,1.385360555767082,66.53521126760563,2.2404881760538444,1.9313179646518155,40.1455,46.01694911728225,34.274050882717745,0.29250845635412454,1.7057142857142849,42.85,-0.011601058182762055,0.5515015612426867,43.35,0.01980262729617973,0.5465087085487451,42.5,-0.10467792980792494,0.5486044893968932,42.9,0.024780028998486865,0.2551194469494232,38.52,0.01175101653551895,0.25912798719261865,0.559119562713128
2024-01-16,45.69,44.39,45.84,44.05,0,0.028865236729236136,0.02928587519711634,0.9172733761310647,0.8027905532286977,0.559119562713128,0.3799582994789036,0.36299064166024947,0.3779887886076832,43.756,1.0441996526190693,43.209,1.0574185933486078,40.5815,1.1258824833976073,36.796,1.241711055549516,32.14585,1.421334324648438,71.63934426229508,2.3647096051326244,2.017996292747977,40.5815,46.7477383824716,34.415261617528394,0.3038940592374163,1.7728571428571425,44.39,0.03530857380215505,0.5576718644550164,42.85,-0.011601058182762055,0.5515015612426867,43.35,0.01980262729617973,0.5465087085487451,47.19,0.09531017980432493,0.3840238462713362,38.86,0.008787857019369131,0.2574783766504782,0.5649712175638654
2024-01-17,45.04,45.69,45.39,44.54,0,-0.014328471743745201,-0.014226307725979437,0.367010440203268,0.8023386552168201,0.5649712175638654,0.37969133185263837,0.36001250411253666,0.3783638477381665,44.263999999999996,1.0175311765769024,43.662,1.031560624799597,40.985,1.098938636086373,37.0192,1.2166659463197476,32.246,1.396762389133536,69.0185676392573,2.383233977144407,2.0910438296272633,40.985,47.21203612863782,34.75796387136218,0.3038690315304536,1.8478571428571426,45.69,0.028865236729236136,0.559119562713128,44.39,0.03530857380215505,0.5576718644550164,42.85,-0.011601058182762055,0.5515015612426867,42.5,-0.10467792980792494,0.5486044893968932,40.51,0.04158341326530519,0.2581270860623135,0.5733245925022493
2024-01-18,44.15,45.04,45.14,44.1,0,-0.019958056781465915,-0.019760213143872107,0.41632646693283076,0.8170056344216295,0.5733245925022493,0.3826780436761609,0.36036387707945017,0.3790263474085463,44.42399999999999,0.9938321627948857,43.991,1.0036143756677502,41.344,1.0678695820433435,37.2326,1.1857887979888593,32.34245000000001,1.3650790215336188,65.55783009211873,2.2995908614596914,2.132753235993749,41.344,47.42252613714806,35.26547386285194,0.2940463495137413,1.8721428571428567,45.04,-0.014328471743745201,0.5649712175638654,45.69,0.028865236729236136,0.559119562713128,44.39,0.03530857380215505,0.5576718644550164,43.35,0.01980262729617973,0.5465087085487451,40.86,0.008602732174876802,0.24855779609354287,0.5729607896258557
2024-01-19,44.84,44.15,44.84,43.45,0,0.015507671153990219,0.015628539071347758,0.39780404330102015,0.8134137796924441,0.5729607896258557,0.38251018146197757,0.3608284914755013,0.3783568569581509,44.821999999999996,1.0004015885056448,44.29,1.0124181530819598,41.705,1.0751708428246014,37.4658,1.196824837585211,32.4421,1.382154669395631,65.97573306370072,2.2628950772456164,2.1587816042441226,41.705,47.70943169667139,35.70056830332861,0.2879478094555276,1.8292857142857137,44.15,-0.019958056781465915,0.5733245925022493,45.04,-0.014328471743745201,0.5649712175638654,45.69,0.028865236729236136,0.559119562713128,42.85,-0.011601058182762055,0.5515015612426867,41.85,0.023940207546008403,0.25084923535421566,0.5822333052836366
2024-01-22,43.85,44.84,43.95,43.65,0,-0.02232587938576721,-0.022078501338091083,0.3676759042348294,0.8187771227281104,0.5822333052836366,0.38605646877899347,0.3431346797755641,0.3788343402129799,44.714,0.9806771928255134,44.385000000000005,0.9879463782809507,41.979,1.044569903999619,37.6812,1.1637102852350776,32.5368,1.3477047527722457,62.2124326970142,2.129382481895618,2.152901779774422,41.979,47.84109913902703,36.11690086097297,0.2792872216597361,1.8542857142857143,44.84,0.015507671153990219,0.5729607896258557,44.15,-0.019958056781465915,0.5733245925022493,45.04,-0.014328471743745201,0.5649712175638654,44.39,0.03530857380215505,0.5576718644550164,42.9,0.024780028998486865,0.2551194469494232,0.6079473928646923
2024-01-23,41.9,43.85,43.65,39.96,0,-0.04548889189010002,-0.04446978335233753,0.3470776883366807,0.6601086617212253,0.6079473928646923,0.39879112697952823,0.34898854159574333,0.37970145889997087,43.956,0.9532259532259532,43.856,0.9553994892375045,42.148,0.9941159722881274,37.8606,1.1066913889373122,32.61825,1.2845569581445968,53.352629040038586,1.8449565740641916,2.091312738632376,42.148,47.78061778908233,36.51538221091768,0.2672780577527913,2.0142857142857147,43.85,-0.02232587938576721,0.5822333052836366,44.84,0.015507671153990219,0.5729607896258557,44.15,-0.019958056781465915,0.5733245925022493,45.69,0.028865236729236136,0.559119562713128,47.19,0.09531017980432493,0.3840238462713362,0.6079495388627458
2024-01-24,42.1,41.9,42.35,41.65,0,0.004761913760243785,0.004773269689737569,0.38213029528181,0.41097505762747927,0.6079495388627458,0.3986526569282743,0.34887227583368463,0.3797045275129082,43.36800000000001,0.9707618520568159,43.816,0.9608362242103341,42.36450000000001,0.9937565650485665,38.044000000000004,1.1066133950162969,32.6997,1.2874735853845753,53.012633624878525,1.6170450328963781,1.9964591974851764,42.36450000000001,47.60800816674569,37.12099183325432,0.24754254938666495,2.0071428571428576,41.9,-0.04548889189010002,0.6079473928646923,43.85,-0.02232587938576721,0.5822333052836366,44.84,0.015507671153990219,0.5729607896258557,45.04,-0.014328471743745201,0.5649712175638654,42.5,-0.10467792980792494,0.5486044893968932,0.6024637013740066
2024-01-25,42.7,42.1,42.85,41.7,0,0.014151179546243182,0.014251781472684133,0.42060494987790514,0.40390459942665574,0.6024637013740066,0.3987050711337334,0.34918989553617924,0.3798704380906683,43.078,0.9912252193695158,43.751,0.9759776919384701,42.606,1.0022062620288223,38.2304,1.1169121955302586,32.7844,1.3024487256134016,52.1050024764735,1.4679172438572508,1.8907508067595913,42.606,47.403891642223506,37.8081083577765,0.2252214074178991,1.986428571428572,42.1,0.004761913760243785,0.6079495388627458,41.9,-0.04548889189010002,0.6079473928646923,43.85,-0.02232587938576721,0.5822333052836366,44.15,-0.019958056781465915,0.5733245925022493,43.35,0.01980262729617973,0.5465087085487451,0.6024134154340123
2024-01-26,42.85,42.7,42.85,42.35,0,0.0035067248092098195,0.003512880562060783,0.3880962208746185,0.40044221011201336,0.6024134154340123,0.3980178893459067,0.34890306978162533,0.37984854437861926,42.68,1.00398313027179,43.751000000000005,0.9794061850014856,42.845,1.0001166997315907,38.4018,1.1158331119895422,32.8701,1.303616356506369,49.870399170554705,1.3463166428282207,1.781863973973317,42.845,47.14152736153429,38.54847263846571,0.2005614359451179,1.947142857142858,42.7,0.014151179546243182,0.6024637013740066,42.1,0.004761913760243785,0.6079495388627458,41.9,-0.04548889189010002,0.6079473928646923,44.84,0.015507671153990219,0.5729607896258557,42.85,-0.011601058182762055,0.5515015612426867,0.6110315855852734
2024-01-29,41.85,42.85,42.55,41.6,0,-0.023613848108304514,-0.023337222870478458,0.39096296787630364,0.3624065325954897,0.6110315855852734,0.40184734234000513,0.34801597835433346,0.38070377431316477,42.28000000000001,0.9898297067171238,43.497,0.9621353196772191,43.0115,0.9729955942015508,38.5662,1.0851470977176907,32.95405,1.2699501275260552,33.31250000000003,1.1559307970894892,1.6566773385965516,43.0115,46.834302912164695,39.1886970878353,0.1777572468834938,1.7300000000000009,42.85,0.0035067248092098195,0.6024134154340123,42.7,0.014151179546243182,0.6024637013740066,42.1,0.004761913760243785,0.6079495388627458,43.85,-0.02232587938576721,0.5822333052836366,44.39,0.03530857380215505,0.5576718644550164,0.6679698357660576
2024-01-30,38.86,41.85,41.36,37.87,0,-0.07412635298619037,-0.07144563918757474,0.5697669616759957,0.4451706062905108,0.6679698357660576,0.43087579651836694,0.3641084463414818,0.3882455002314326,41.672000000000004,0.9325206373584181,42.814,0.9076470313448872,43.0115,0.903479302047127,38.6758,1.0047626681283903,33.021300000000004,1.1768161762256482,37.27272727272728,0.7550765783814839,1.476357186553538,43.0115,46.834302912164695,39.1886970878353,0.1777572468834938,1.6792857142857156,41.85,-0.023613848108304514,0.6110315855852734,42.85,0.0035067248092098195,0.6024134154340123,42.7,0.014151179546243182,0.6024637013740066,41.9,-0.04548889189010002,0.6079473928646923,45.69,0.028865236729236136,0.559119562713128,0.7602852282146425
2024-01-31,34.98,38.86,39.86,34.98,0,-0.10518897435883813,-0.09984559958826567,0.8119509951115642,0.6298728704208606,0.7602852282146425,0.4810962186984299,0.39354076647004843,0.40268740785156854,40.248,0.8691115086463923,41.80800000000001,0.836681974741676,42.735,0.8185328185328185,38.7098,0.9036471384507281,33.06915,1.0577834628346963,25.85112521638777,0.12289647451189012,1.2056650441452086,42.735,47.888110455677506,37.58188954432249,0.24116581049151778,1.8142857142857156,38.86,-0.07412635298619037,0.6679698357660576,41.85,-0.023613848108304514,0.6110315855852734,42.85,0.0035067248092098195,0.6024134154340123,42.1,0.004761913760243785,0.6079495388627458,45.04,-0.014328471743745201,0.5649712175638654,0.821731597657383
2024-02-01,38.47,34.98,38.47,33.88,0,0.09510224717374786,0.09977129788450556,1.229563486402819,0.8744337090178446,0.821731597657383,0.5118211555821097,0.415717121470074,0.41343554104259506,39.402,0.9763463783564286,41.239999999999995,0.9328322017458779,42.6155,0.9027231875725968,38.8186,0.9910197688736841,33.13445,1.1610272692016919,39.222440944881896,-0.09539729888465587,0.9454525755392358,42.6155,48.05460006100973,37.176399938990265,0.2552639326540687,2.074285714285715,34.98,-0.10518897435883813,0.7602852282146425,38.86,-0.07412635298619037,0.6679698357660576,41.85,-0.023613848108304514,0.6110315855852734,42.7,0.014151179546243182,0.6024637013740066,44.15,-0.019958056781465915,0.5733245925022493,0.8256294171458733
2024-02-02,39.36,38.47,41.26,38.52,0,0.022871355419848846,0.023134910319729585,1.2610270014663552,0.8820852928423583,0.8256294171458733,0.5127717490199311,0.4168460683137355,0.4139240196861669,38.704,1.0169491525423728,40.692,0.9672662931288705,42.491,0.926313807629851,38.9442,1.010676814519235,33.2042,1.1853922094192904,37.21403152008134,-0.1943408843220027,0.7174938835669881,42.491,48.114735039052384,36.867264960947615,0.2647024094068101,2.1635714285714296,38.47,0.09510224717374786,0.821731597657383,34.98,-0.10518897435883813,0.7602852282146425,38.86,-0.07412635298619037,0.6679698357660576,42.85,0.0035067248092098195,0.6024134154340123,44.84,0.015507671153990219,0.5729607896258557,0.8224747284155921
2024-02-05,38.57,39.36,39.96,38.37,0,-0.0202752999639162,-0.020071138211382067,1.2601448140252571,0.881540434888319,0.8224747284155921,0.5147537733955827,0.41750258406929996,0.4144671190423027,38.048,1.013719512195122,40.164,0.9603127178567872,42.2745,0.912370341458799,39.05,0.987708066581306,33.27225,1.1592242784903335,31.419624217119022,-0.33266601952993113,0.5074619029476042,42.2745,48.159268832377215,36.38973116762279,0.27840749541104975,2.149285714285715,39.36,0.022871355419848846,0.8256294171458733,38.47,0.09510224717374786,0.821731597657383,34.98,-0.10518897435883813,0.7602852282146425,41.85,-0.023613848108304514,0.6110315855852734,43.85,-0.02232587938576721,0.5822333052836366,0.8209046938581888
2024-02-06,37.37,38.57,38.37,37.32,0,-0.031606528722743964,-0.031112263417163666,1.1702161035407506,0.8698164478155576,0.8209046938581888,0.5184239755761852,0.42003082822022875,0.41575751896571767,37.75,0.989933774834437,39.711,0.9410490796001107,41.783500000000004,0.8943721804061411,39.1298,0.9550266037649053,33.33455,1.1210590813435308,30.542871638762065,-0.5329758431882254,0.2993743537204383,41.783500000000004,47.57941970813519,35.987580291864816,0.2774262428056619,2.1564285714285725,38.57,-0.0202752999639162,0.8224747284155921,39.36,0.022871355419848846,0.8256294171458733,38.47,0.09510224717374786,0.821731597657383,38.86,-0.07412635298619037,0.6679698357660576,41.9,-0.04548889189010002,0.6079473928646923,0.7329311787958509
2024-02-07,36.67,37.37,37.42,36.67,0,-0.018909261414157778,-0.018731602890018628,0.8282903470867183,0.8655758045049956,0.7329311787958509,0.5196360545988006,0.4197108417105401,0.4162258850028406,38.088,0.9627704263810124,39.168,0.9362234477124184,41.492000000000004,0.8837848259905523,39.171600000000005,0.9361374056714558,33.4083,1.0976314269208551,30.840163934426258,-0.739680396274494,0.09156340372145186,41.492000000000004,47.70743613238698,35.27656386761303,0.2995968443259894,2.1357142857142866,37.37,-0.031606528722743964,0.8209046938581888,38.57,-0.0202752999639162,0.8224747284155921,39.36,0.022871355419848846,0.8256294171458733,34.98,-0.10518897435883813,0.7602852282146425,42.1,0.004761913760243785,0.6079495388627458,0.6528133260554013
2024-02-08,35.87,36.67,36.37,34.38,0,-0.02205769053904352,-0.021816198527406683,0.3365520355439845,0.8518017573634957,0.6528133260554013,0.5217130100677508,0.4209104398937003,0.4164830516535535,37.568,0.9548019591141397,38.485,0.9320514486163439,41.118,0.8723673330414903,39.1854,0.915391957208552,33.47905,1.071416303628687,27.152317880794712,-0.9570166655440815,-0.1181526101316548,41.118,47.748988177528176,34.48701182247183,0.3225345677089437,2.2000000000000006,36.67,-0.018909261414157778,0.7329311787958509,37.37,-0.031606528722743964,0.8209046938581888,38.57,-0.0202752999639162,0.8224747284155921,38.47,0.09510224717374786,0.821731597657383,42.7,0.014151179546243182,0.6024637013740066,0.6548769833430835
2024-02-09,36.72,35.87,37.87,35.87,0,0.023420274208098637,0.02369668246445511,0.3403414584222505,0.8711525628440424,0.6548769833430835,0.5234379641395596,0.4221867377803584,0.41670371448594123,37.04,0.9913606911447084,37.872,0.9695817490494296,40.8115,0.89974639501121,39.2192,0.9362761096605744,33.5538,1.0943618904565204,31.708568496664967,-1.0485819287547926,-0.3042384738562824,40.8115,47.668248577323205,33.9547514226768,0.3360204147028755,2.2578571428571435,35.87,-0.02205769053904352,0.6528133260554013,36.67,-0.018909261414157778,0.7329311787958509,37.37,-0.031606528722743964,0.8209046938581888,39.36,0.022871355419848846,0.8256294171458733,42.85,0.0035067248092098195,0.6024134154340123,0.6554939970132486
2024-02-12,36.77,36.72,36.87,36.67,0,0.001360729560891067,0.0013616557734206225,0.3492942962027458,0.8736079181294366,0.6554939970132486,0.5234267681524002,0.4221884724298117,0.4166963850677293,36.68,1.002453653217012,37.364,0.98410234450273,40.4305,0.9094619161276759,39.257,0.9366482410780245,33.628299999999996,1.0934242884713175,35.41785105173396,-1.1043828394896238,-0.4642673469829507,40.4305,47.29683427061207,33.56416572938794,0.33966111082534545,1.9942857142857144,36.72,0.023420274208098637,0.6548769833430835,35.87,-0.02205769053904352,0.6528133260554013,36.67,-0.018909261414157778,0.7329311787958509,38.57,-0.0202752999639162,0.8224747284155921,41.85,-0.023613848108304514,0.6110315855852734,0.6448591252113532
2024-02-13,35.38,36.77,36.82,35.33,0,-0.03853560658154141,-0.0378025564318738,0.3790457178270581,0.82046581457928,0.6448591252113532,0.5289886736840147,0.42411983527896163,0.4185821710735723,36.282,0.9751391874758836,37.016,0.9558028960449536,39.915,0.8863835650757861,39.286,0.9005752685435016,33.69535,1.0499965128719544,32.10862619808309,-1.2463991332050668,-0.6206937042273739,39.915,46.6658517981061,33.1641482018939,0.3382613953704671,2.0507142857142857,36.77,0.001360729560891067,0.6554939970132486,36.72,0.023420274208098637,0.6548769833430835,35.87,-0.02205769053904352,0.6528133260554013,37.37,-0.031606528722743964,0.8209046938581888,38.86,-0.07412635298619037,0.6679698357660576,0.643890797158106
2024-02-14,36.37,35.38,36.37,35.87,0,0.027597570267258214,0.02798191068400202,0.45388498443644815,0.6364520603555326,0.643890797158106,0.5291881844248846,0.425708057325127,0.4193664852041781,36.222,1.004085914637513,37.154999999999994,0.9788722917507738,39.4815,0.9211909375277029,39.315799999999996,0.9250733801677697,33.76485,1.0771556811299323,33.48982785602503,-1.2644871224897543,-0.74945238787985,39.4815,45.954430760603834,33.00856923939616,0.32789690161740753,2.039285714285714,35.38,-0.03853560658154141,0.6448591252113532,36.77,0.001360729560891067,0.6554939970132486,36.72,0.023420274208098637,0.6548769833430835,36.67,-0.018909261414157778,0.7329311787958509,34.98,-0.10518897435883813,0.7602852282146425,0.6446740015807276
2024-02-15,35.63,36.37,36.37,35.63,0,-0.020556279381152814,-0.020346439373109537,0.4497367849341071,0.38915591902123575,0.6446740015807276,0.5294135905663675,0.4267421777327584,0.4198942120542796,36.174,0.9849615746115996,36.871,0.9663421116866915,39.0555,0.912291482633688,39.333800000000004,0.9058367104119104,33.8294,1.0532258922712199,31.73076923076924,-1.3232798534394234,-0.8642178809917648,39.0555,45.35385559157208,32.757144408427926,0.3225336043103827,2.056428571428571,36.37,0.027597570267258214,0.643890797158106,35.38,-0.03853560658154141,0.6448591252113532,36.77,0.001360729560891067,0.6554939970132486,35.87,-0.02205769053904352,0.6528133260554013,38.47,0.09510224717374786,0.821731597657383,0.6452472432121243
2024-02-16,35.68,35.63,37.87,35.68,0,0.0014023280940638361,0.0014033118158853775,0.39748928892673135,0.3554430844266728,0.6452472432121243,0.5291401578667125,0.4263110275174743,0.41985948203405954,35.966,0.9920480453761886,36.503,0.9774539078979809,38.597500000000004,0.9244122028628796,39.3518,0.9066929594071936,33.8942,1.052687480453883,33.599149388623076,-1.3502738181043767,-0.9614290684142872,38.597500000000004,44.44048724968595,32.754512750314056,0.30276506248777496,2.1271428571428563,35.63,-0.020556279381152814,0.6446740015807276,36.37,0.027597570267258214,0.643890797158106,35.38,-0.03853560658154141,0.6448591252113532,36.72,0.023420274208098637,0.6548769833430835,39.36,0.022871355419848846,0.8256294171458733,0.6391640399497205
2024-02-19,35.58,35.68,36.47,35.58,0,-0.0028066254741195788,-0.002802690582959677,0.3938797309033795,0.35184924739579465,0.6391640399497205,0.529134262558818,0.4263349570870365,0.4198725591465312,35.727999999999994,0.995857590685177,36.204,0.9827643354325488,38.184,0.931803896920176,39.344,0.9043310288735258,33.955,1.0478574584008247,39.698492462311556,-1.3640124078777305,-1.041945736306976,38.184,43.61808889375724,32.749911106242756,0.28462648720706274,1.9064285714285703,35.68,0.0014023280940638361,0.6452472432121243,35.63,-0.020556279381152814,0.6446740015807276,36.37,0.027597570267258214,0.643890797158106,36.77,0.001360729560891067,0.6554939970132486,38.57,-0.0202752999639162,0.8224747284155921,0.6386074498206084
2024-02-20,35.53,35.58,36.07,35.33,0,-0.0014062722047533443,-0.0014052838673411783,0.27408568483251183,0.3270701285386134,0.6386074498206084,0.52887114448874,0.4263343458822741,0.4195592423299655,35.757999999999996,0.993623804463337,36.019999999999996,0.9863964464186564,37.8655,0.9383211630640029,39.352000000000004,0.9028766009351493,34.01305,1.0445990583026221,52.274607113316804,-1.3632205633083814,-1.106200701707257,37.8655,43.12648840023061,32.60451159976938,0.2778776670177664,1.6107142857142844,35.58,-0.0028066254741195788,0.6391640399497205,35.68,0.0014023280940638361,0.6452472432121243,35.63,-0.020556279381152814,0.6446740015807276,35.38,-0.03853560658154141,0.6448591252113532,37.37,-0.031606528722743964,0.8209046938581888,0.6255940977098562
2024-02-21,35.38,35.53,36.32,35.38,0,-0.004230721301296416,-0.004221784407542839,0.13746712463867372,0.3178229181808802,0.6255940977098562,0.5289802266579116,0.4263295829373769,0.4193228114123448,35.56,0.9949381327334084,35.891,0.9857624474102143,37.5295,0.9427250562890527,39.361999999999995,0.8988364412377422,34.07035,1.038439581630362,32.34285714285714,-1.3590307071550995,-1.1567667027968256,37.5295,42.5022530233837,32.556746976616296,0.26500502396161435,1.349999999999999,35.53,-0.0014062722047533443,0.6386074498206084,35.58,-0.0028066254741195788,0.6391640399497205,35.68,0.0014023280940638361,0.6452472432121243,36.37,0.027597570267258214,0.643890797158106,36.67,-0.018909261414157778,0.7329311787958509,0.6262319744644105
2024-02-22,35.63,35.38,35.73,35.38,0,0.007041290886105413,0.007066139061616683,0.07068170406787393,0.3037125914208607,0.6262319744644105,0.5290227424113363,0.4260673679845607,0.4193610496420817,35.56,1.0019685039370079,35.867,0.9933922547188224,37.176,0.9584140305573489,39.367000000000004,0.9050727766911372,34.12865,1.0439908991419233,27.003699136868065,-1.3203175069534723,-1.189476863628155,37.176,41.57298652787436,32.77901347212564,0.23654973788865724,1.1757142857142842,35.38,-0.004230721301296416,0.6255940977098562,35.53,-0.0014062722047533443,0.6386074498206084,35.58,-0.0028066254741195788,0.6391640399497205,35.63,-0.020556279381152814,0.6446740015807276,35.87,-0.02205769053904352,0.6528133260554013,0.6211822314798807
2024-02-23,35.18,35.63,35.73,34.98,0,-0.01271024030833267,-0.012629806342969507,0.11198304168671912,0.27639286434213856,0.6211822314798807,0.5297239751126277,0.42612316564075464,0.4195716502779718,35.46,0.9921037789058094,35.713,0.9850754627166578,36.792500000000004,0.9561731331113676,39.363,0.8937326931382262,34.183,1.029166544773718,28.185328185328174,-1.310837734636479,-1.2137490378298197,36.792500000000004,40.36674633203956,33.21825366796045,0.19429211562354048,1.115714285714284,35.63,0.007041290886105413,0.6262319744644105,35.38,-0.004230721301296416,0.6255940977098562,35.53,-0.0014062722047533443,0.6386074498206084,35.68,0.0014023280940638361,0.6452472432121243,36.72,0.023420274208098637,0.6548769833430835,0.6203949149465565
2024-02-26,35.18,35.18,35.48,35.13,0,0.0,0.0,0.1137665523537663,0.2756982281785049,0.6203949149465565,0.525067882499613,0.4259650420580744,0.4190354993778325,35.38,0.9943470887507065,35.554,0.989480789784553,36.458999999999996,0.9649194986148826,39.3412,0.8942279340742021,34.23685,1.027547803025103,33.33333333333333,-1.2884722408310054,-1.2286936784300568,36.458999999999996,39.19202531426514,33.725974685734855,0.1499232186436897,1.0514285714285694,35.18,-0.01271024030833267,0.6211822314798807,35.63,0.007041290886105413,0.6262319744644105,35.38,-0.004230721301296416,0.6255940977098562,35.58,-0.0028066254741195788,0.6391640399497205,36.77,0.001360729560891067,0.6554939970132486,0.6202219871304495
2024-02-27,34.38,35.18,35.18,34.38,0,-0.02300273935470883,-0.022740193291642896,0.18472520454505176,0.22894273066951265,0.6202219871304495,0.5259554300866467,0.42726997427654806,0.41974176415743714,35.15,0.9780938833570414,35.45399999999999,0.9697072262650197,36.235,0.9488064026493722,39.2894,0.8750451775797035,34.2872,1.0027065493828602,32.833583208395794,-1.3200836375266505,-1.2469716702493756,36.235,38.87213161557929,33.59786838442071,0.14555714726531213,1.0549999999999977,35.18,0.0,0.6203949149465565,35.18,-0.01271024030833267,0.6211822314798807,35.63,0.007041290886105413,0.6262319744644105,35.53,-0.0014062722047533443,0.6386074498206084,35.38,-0.03853560658154141,0.6448591252113532,0.6046028229957383
2024-02-28,32.34,34.28,34.28,31.39,0,-0.0611701458057424,-0.05933682373472948,0.42504952263432266,0.31550502881792464,0.6046028229957383,0.5398015598572525,0.43487583524761336,0.4243606745113287,34.54200000000001,0.9362515198888308,35.051,0.922655559042538,36.102999999999994,0.8957704345899236,39.196799999999996,0.8250673524369337,34.3298,0.9420386952443651,27.686472819216178,-1.4925417558776388,-1.2960856873750282,36.102999999999994,39.224444335053114,32.981555664946875,0.17291883417184833,1.104999999999998,34.38,-0.02300273935470883,0.6202219871304495,35.18,0.0,0.6203949149465565,35.18,-0.01271024030833267,0.6211822314798807,35.38,-0.004230721301296416,0.6255940977098562,36.37,0.027597570267258214,0.643890797158106,0.5642633287934995
2024-02-29,34.88,32.34,35.18,31.39,0,0.07560874489181803,0.07854050711193561,0.7960486173147366,0.5339748973762403,0.5642633287934995,0.5612114538615218,0.4471639761927078,0.43081131918979465,34.392,1.0141893463596185,34.976,0.9972552607502289,35.923500000000004,0.9709521622336353,39.155,0.8908185416932703,34.3846,1.0144076127103414,40.416666666666664,-1.4080284097893525,-1.318474231857893,35.923500000000004,38.880377976585144,32.966622023414864,0.1646208179372912,1.2328571428571407,32.34,-0.0611701458057424,0.6046028229957383,34.38,-0.02300273935470883,0.6202219871304495,35.18,0.0,0.6203949149465565,35.63,0.007041290886105413,0.6262319744644105,35.63,-0.020556279381152814,0.6446740015807276,0.45031544219283864
2024-03-01,35.38,34.88,36.47,34.38,0,0.01423308969086024,0.014334862385321001,0.800984491598697,0.540198153201805,0.45031544219283864,0.5590790440053496,0.4475853443550818,0.4309805305725896,34.432,1.027532527881041,34.946000000000005,1.0124191609912436,35.7245,0.9903567579672214,39.1102,0.9046233463393182,34.44115,1.027259542727232,43.08457711442785,-1.2858823020587664,-1.3119558458980678,35.7245,38.20489449324064,33.24410550675936,0.13886237698165899,1.3678571428571407,34.88,0.07560874489181803,0.5642633287934995,32.34,-0.0611701458057424,0.6046028229957383,34.38,-0.02300273935470883,0.6202219871304495,35.18,-0.01271024030833267,0.6211822314798807,35.68,0.0014023280940638361,0.6452472432121243,0.43980006913205316
2024-03-04,35.33,35.38,36.57,35.18,0,-0.0014142273605854687,-0.0014132278123234476,0.8011735085296745,0.5401017456666064,0.43980006913205316,0.5563996336506959,0.4432081036731776,0.4307472655080633,34.462,1.0251871626719284,34.921,1.0117121502820652,35.5625,0.9934622144112477,39.0494,0.9047514174353511,34.49575,1.0241841386257726,49.71297359357058,-1.1795184592264434,-1.285468368563743,35.5625,37.65295827259646,33.47204172740354,0.11756531585779725,1.3607142857142835,35.38,0.01423308969086024,0.45031544219283864,34.88,0.07560874489181803,0.5642633287934995,32.34,-0.0611701458057424,0.6046028229957383,35.18,0.0,0.6203949149465565,35.58,-0.0028066254741195788,0.6391640399497205,0.4368051681376697
2024-03-05,35.38,35.33,35.87,34.88,0,0.0014142273605853774,0.001415227851684131,0.7736537464068011,0.5401848034875119,0.4368051681376697,0.5563286857191527,0.4300183604684774,0.43069793889144564,34.662000000000006,1.020714326928625,34.906,1.0135793273362748,35.463,0.9976595324704622,38.986599999999996,0.9074912918797743,34.54735,1.0241017038933522,43.62934362934366,-1.0787545543381398,-1.2441256057186223,35.463,37.37285367309249,33.55314632690751,0.10770965079618149,1.3607142857142835,35.33,-0.0014142273605854687,0.43980006913205316,35.38,0.01423308969086024,0.45031544219283864,34.88,0.07560874489181803,0.5642633287934995,34.38,-0.02300273935470883,0.6202219871304495,35.53,-0.0014062722047533443,0.6386074498206084,0.4478427718580698
2024-03-06,33.88,35.38,35.43,33.88,0,-0.04332181894778561,-0.04239683436970043,0.6812744774103621,0.5819307716327362,0.4478427718580698,0.5631156486094837,0.43428224261515525,0.43253272423065203,34.970000000000006,0.9688304260794967,34.75600000000001,0.9747957187248244,35.3235,0.9591348535677382,38.9088,0.8707541738629823,34.592200000000005,0.9794115436427865,39.74208675263775,-1.1071730954730796,-1.2167351036695138,35.3235,37.269381210198574,33.37761878980143,0.11017488132255135,1.4185714285714266,35.38,0.0014142273605853774,0.4368051681376697,35.33,-0.0014142273605854687,0.43980006913205316,35.38,0.01423308969086024,0.45031544219283864,32.34,-0.0611701458057424,0.6046028229957383,35.38,-0.004230721301296416,0.6255940977098562,0.44492021218558314
2024-03-07,33.83,33.88,34.88,32.89,0,-0.0014768869912366507,-0.001475796930342499,0.34585765305890404,0.5788320722850235,0.44492021218558314,0.5588464538800466,0.4342826633341482,0.432514175483017,34.760000000000005,0.9732451093210585,34.57600000000001,0.9784243405830632,35.221500000000006,0.9604928807688483,38.828,0.871278458844133,34.631800000000005,0.9768478681443065,39.15592028135991,-1.120809581029242,-1.1975499991414595,35.221500000000006,37.25849753248791,33.184502467512104,0.11566784676904174,1.4007142857142842,33.88,-0.04332181894778561,0.4478427718580698,35.38,0.0014142273605853774,0.4368051681376697,35.33,-0.0014142273605854687,0.43980006913205316,34.88,0.07560874489181803,0.5642633287934995,35.63,0.007041290886105413,0.6262319744644105,0.44022187800227564
2024-03-08,33.88,33.83,34.38,33.83,0,0.0014768869912365624,0.0014779781259237623,0.30840970697558395,0.578047788899822,0.44022187800227564,0.5569620918055285,0.4342922879996161,0.43238796353749265,34.46,0.9831688914683692,34.446000000000005,0.9835684840039481,35.0795,0.9658062401117462,38.7442,0.8744534665833855,34.6694,0.9772306414301949,39.97641509433966,-1.114732074487442,-1.180986414210656,35.0795,37.07213353907487,33.08686646092514,0.11360672410238834,1.3764285714285702,33.83,-0.0014768869912366507,0.44492021218558314,33.88,-0.04332181894778561,0.4478427718580698,35.38,0.0014142273605853774,0.4368051681376697,35.38,0.01423308969086024,0.45031544219283864,35.18,-0.01271024030833267,0.6211822314798807,0.4879359554811533
2024-03-11,36.07,33.88,36.07,34.88,0,0.06263662513159388,0.06463990554899635,0.6003288199616043,0.6679931873773943,0.4879359554811533,0.5709273503480949,0.44342223835276423,0.43671240064174244,34.608000000000004,1.0422445677300045,34.535000000000004,1.0444476617923844,35.0445,1.0292627944470603,38.6952,0.9321569600363869,34.7152,1.039026132645066,52.542372881355924,-0.9225661411628181,-1.1293023596010885,35.0445,36.93403321999564,33.15496678000436,0.10783622080472778,1.4799999999999984,33.88,0.0014768869912365624,0.44022187800227564,33.83,-0.0014768869912366507,0.44492021218558314,33.88,-0.04332181894778561,0.4478427718580698,35.33,-0.0014142273605854687,0.43980006913205316,35.18,0.0,0.6203949149465565,0.5236595719061965
2024-03-12,38.07,36.17,38.86,36.07,0,0.05396507547895828,0.05544774050457435,0.6938962547717815,0.696839992541754,0.5236595719061965,0.580256505456287,0.4417395405357632,0.4396978023052484,35.146,1.0831958117566722,34.904,1.0907059362823743,35.179,1.0821797094857728,38.6794,0.9842448435084308,34.77225,1.0948385566076397,60.78588612670407,-0.6019510521915237,-1.0238320981191755,35.179,37.50226358474537,32.85573641525463,0.13208241193583498,1.6121428571428555,36.07,0.06263662513159388,0.4879359554811533,33.88,0.0014768869912365624,0.44022187800227564,33.83,-0.0014768869912366507,0.44492021218558314,35.38,0.0014142273605853774,0.4368051681376697,34.38,-0.02300273935470883,0.6202219871304495,0.5062280221205782
2024-03-13,38.86,38.07,39.01,38.27,0,0.020538873554888037,0.020751247701602304,0.4695928217585523,0.5720872005314367,0.5062280221205782,0.5815417343217469,0.4396226930048962,0.43985287737030543,36.142,1.075203364506668,35.556,1.0929238384520195,35.3035,1.100740719758664,38.6464,1.0055270348596506,34.83325,1.1156007550257296,62.41352805534202,-0.2808771100950267,-0.8752411005143459,35.3035,38.111745565809386,32.49525443419061,0.15909162353927436,1.654285714285713,38.07,0.05396507547895828,0.5236595719061965,36.07,0.06263662513159388,0.4879359554811533,33.88,0.0014768869912365624,0.44022187800227564,33.88,-0.04332181894778561,0.4478427718580698,32.34,-0.0611701458057424,0.6046028229957383,0.5022559357204738
2024-03-14,38.37,38.86,39.31,37.87,0,-0.012689539690433068,-0.01260936695831194,0.5173883520088852,0.49062167151301883,0.5022559357204738,0.580258550038245,0.4399666641426394,0.4400852985631846,37.05,1.0356275303643725,35.905,1.0686533908926332,35.4405,1.0826596690227281,38.5966,0.9941290165454987,34.890550000000005,1.0997247105591625,62.2222222222222,-0.06521089209810782,-0.7132350588310983,35.4405,38.56531056267814,32.31568943732186,0.17634122332800847,1.7035714285714276,38.86,0.020538873554888037,0.5062280221205782,38.07,0.05396507547895828,0.5236595719061965,36.07,0.06263662513159388,0.4879359554811533,33.83,-0.0014768869912366507,0.44492021218558314,34.88,0.07560874489181803,0.5642633287934995,0.5038268871123331
2024-03-15,39.56,38.37,39.56,37.87,0,0.030542602495650478,0.031013812874641777,0.4726960253851629,0.5016997358426772,0.5038268871123331,0.5821640025568939,0.44032872652856003,0.44103555768275415,38.186,1.0359817734248153,36.323,1.089117088346227,35.634499999999996,1.1101600976581685,38.5508,1.0261784450646938,34.940349999999995,1.1322153327027351,65.37921348314606,0.19943028601455381,-0.5307019898619679,35.634499999999996,39.26307939434235,32.00592060565764,0.20365541227419232,1.7992857142857142,38.37,-0.012689539690433068,0.5022559357204738,38.86,0.020538873554888037,0.5062280221205782,38.07,0.05396507547895828,0.5236595719061965,33.88,0.0014768869912365624,0.44022187800227564,35.38,0.01423308969086024,0.45031544219283864,0.5099293630454149
2024-03-18,38.86,39.56,39.36,37.47,0,-0.017853062805217357,-0.01769464105156726,0.4786443069439534,0.519706342861045,0.5099293630454149,0.5833916655657635,0.4410937930273896,0.44136803639657674,38.744,1.0029940119760479,36.676,1.0595484785690914,35.798500000000004,1.0855203430311324,38.470000000000006,1.010137769690668,34.99015,1.1105982683698126,65.8415841584158,0.3486570747237394,-0.3548301769448265,35.798500000000004,39.702728611726634,31.894271388273374,0.21812246947367234,1.8914285714285717,39.56,0.030542602495650478,0.5038268871123331,38.37,-0.012689539690433068,0.5022559357204738,38.86,0.020538873554888037,0.5062280221205782,36.07,0.06263662513159388,0.4879359554811533,35.33,-0.0014142273605854687,0.43980006913205316,0.5181986245404812
2024-03-19,37.97,38.86,38.37,37.97,0,-0.02316906970558307,-0.02290272774060731,0.3863962799704404,0.5445066427580793,0.5181986245404812,0.5853563991053652,0.4424068946727992,0.440809938056708,38.724000000000004,0.9805288709844023,36.935,1.0280222011642073,35.920500000000004,1.0570565554488383,38.2856,0.9917566918110202,35.032999999999994,1.0838352410584309,71.67051578137023,0.390602198929237,-0.2057437017700138,35.920500000000004,39.940185638401616,31.900814361598393,0.22381011613989846,1.7414285714285715,38.86,-0.017853062805217357,0.5099293630454149,39.56,0.030542602495650478,0.5038268871123331,38.37,-0.012689539690433068,0.5022559357204738,38.07,0.05396507547895828,0.5236595719061965,35.38,0.0014142273605853774,0.4368051681376697,0.5183508848320038
2024-03-20,37.87,37.97,38.27,37.82,0,-0.002637132330007523,-0.0026336581511720025,0.3389100620177067,0.47265343431978635,0.5183508848320038,0.584361892883451,0.4423734664014586,0.4408278728790507,38.525999999999996,0.982972538026268,37.334,1.0143568864841697,36.045,1.0506311555000691,38.193000000000005,0.9915429528971276,35.07984999999999,1.0795371131860598,64.17061611374402,0.41103667289161194,-0.08238762683768865,36.045,40.14758711700615,31.942412882993857,0.2276369602999664,1.5028571428571433,37.97,-0.02316906970558307,0.5181986245404812,38.86,-0.017853062805217357,0.5099293630454149,39.56,0.030542602495650478,0.5038268871123331,38.86,0.020538873554888037,0.5062280221205782,33.88,-0.04332181894778561,0.4478427718580698,0.5308435076041249
2024-03-21,39.31,37.87,39.36,37.42,0,0.037319697520065566,0.038024821758648075,0.4398517277358088,0.4836676314623279,0.5308435076041249,0.5878102849315701,0.4453217131405277,0.43956248299355555,38.714,1.0153949475641888,37.882,1.0376960033789135,36.229,1.0850423693726021,38.1122,1.0314282565687627,35.13715,1.1187589204019108,67.10182767624016,0.5372342046525489,0.041536739460358865,36.229,40.57602996006209,31.881970039937915,0.23997515581783024,1.4921428571428577,37.87,-0.002637132330007523,0.5183508848320038,37.97,-0.02316906970558307,0.5181986245404812,38.86,-0.017853062805217357,0.5099293630454149,38.37,-0.012689539690433068,0.5022559357204738,33.83,-0.0014768869912366507,0.44492021218558314,0.531466457715219
2024-03-22,39.81,39.31,41.36,39.26,0,0.012639197578456851,0.012719409819384353,0.38941628537560746,0.47813479913070667,0.531466457715219,0.588282370673801,0.44559938112848096,0.43911169477855844,38.763999999999996,1.0269837994015067,38.475,1.0346978557504873,36.4605,1.091866540502736,38.0514,1.0462164335609203,35.1967,1.1310719470859485,68.76046901172526,0.6698706274891535,0.1672035170661178,36.4605,41.058222433873155,31.86277756612685,0.2522029283127303,1.5428571428571434,39.31,0.037319697520065566,0.5308435076041249,37.87,-0.002637132330007523,0.5183508848320038,37.97,-0.02316906970558307,0.5181986245404812,39.56,0.030542602495650478,0.5038268871123331,33.88,0.0014768869912365624,0.44022187800227564,0.5309139774154396
2024-03-25,39.36,39.81,39.41,38.86,0,-0.011368064828173216,-0.011303692539562982,0.3716816055178999,0.4169977448260866,0.5309139774154396,0.5873587774416217,0.44596719329000173,0.43929294334115593,38.864,1.012762453684644,38.804,1.014328419750541,36.669500000000006,1.0733716031033964,37.9508,1.0371322870664124,35.25425,1.1164611358914174,66.12641815235003,0.7302567635863326,0.27981416637016077,36.669500000000006,41.40023478213908,31.938765217860933,0.25802014110577304,1.5400000000000011,39.81,0.012639197578456851,0.531466457715219,39.31,0.037319697520065566,0.5308435076041249,37.87,-0.002637132330007523,0.5183508848320038,38.86,-0.017853062805217357,0.5099293630454149,36.07,0.06263662513159388,0.4879359554811533,0.5343052223016858
2024-03-26,40.31,39.36,40.51,39.36,0,0.023849504945021773,0.02413617886178865,0.3117038318387838,0.347062798444129,0.5343052223016858,0.5891790664403717,0.44468989244286367,0.4398223956377849,39.332,1.0248652496694803,39.028000000000006,1.0328482115404325,36.965999999999994,1.0904615051669104,37.8432,1.0651847623879587,35.3163,1.1413992972083713,77.26887192536041,0.8450293002597746,0.39285719314808354,36.965999999999994,41.83388574012787,32.09811425987212,0.2633709754979103,1.5114285714285727,39.36,-0.011368064828173216,0.5309139774154396,39.81,0.012639197578456851,0.531466457715219,39.31,0.037319697520065566,0.5308435076041249,37.97,-0.02316906970558307,0.5181986245404812,38.07,0.05396507547895828,0.5236595719061965,0.5862528892051191
2024-03-27,43.85,40.31,44.1,39.86,0,0.08417514168911769,0.0878193996526917,0.5633088625241347,0.5247099040027221,0.5862528892051191,0.612193348145919,0.4572987657883731,0.4472851737888928,40.528,1.0819680221081722,39.527,1.109368279909935,37.5415,1.1680407016235368,37.819399999999995,1.1594578443867436,35.39605,1.2388387969844092,82.7879581151832,1.207714002208938,0.5558285549602545,37.5415,42.811535553659475,32.271464446340524,0.28075785749953924,1.6721428571428585,40.31,0.023849504945021773,0.5343052223016858,39.36,-0.011368064828173216,0.5309139774154396,39.81,0.012639197578456851,0.531466457715219,37.87,-0.002637132330007523,0.5183508848320038,38.86,0.020538873554888037,0.5062280221205782,0.5233195942264798
2024-03-28,44.34,43.85,44.34,43.1,0,0.01111248536997332,0.011174458380843744,0.5705496038718552,0.5065375729930013,0.5233195942264798,0.6121543734489144,0.45739063603622326,0.44735291238701014,41.534000000000006,1.0675591082005103,40.124,1.1050742697637324,38.014500000000005,1.1663970327112023,37.8232,1.1722963683665053,35.4643,1.250271399689265,83.26972010178113,1.5171938797792563,0.7481016199240549,38.014500000000005,43.936528368725774,32.092471631274236,0.3115668162793549,1.7214285714285726,43.85,0.08417514168911769,0.5862528892051191,40.31,0.023849504945021773,0.5343052223016858,39.36,-0.011368064828173216,0.5309139774154396,39.31,0.037319697520065566,0.5308435076041249,38.37,-0.012689539690433068,0.5022559357204738,0.47615840975739837
2024-04-02,44.39,44.34,44.54,41.36,0,0.0011270146577783214,0.001127649977446854,0.5905963621234608,0.5018911378588968,0.47615840975739837,0.612012708986698,0.45738764380184443,0.447354313912917,42.45,1.045700824499411,40.607,1.0931612776122344,38.465,1.1540361367476926,37.8142,1.173897636337672,35.51785,1.2497941176056546,80.63328424153161,1.7463625145733417,0.9477537988539123,38.465,44.892439532765835,32.03756046723417,0.33419677799380376,1.7921428571428584,44.34,0.01111248536997332,0.5233195942264798,43.85,0.08417514168911769,0.5862528892051191,40.31,0.023849504945021773,0.5343052223016858,39.81,0.012639197578456851,0.531466457715219,39.56,0.030542602495650478,0.5038268871123331,0.4830118535422279
2024-04-03,43.85,44.39,44.79,43.85,0,-0.012239500027751768,-0.012164902004956013,0.5937018913870774,0.49341184811097877,0.4830118535422279,0.6073526763187191,0.45787703942369673,0.4475134084721889,43.348,1.0115806957645106,41.10600000000001,1.0667542451223664,38.891000000000005,1.127510220873724,37.8142,1.1596172866277747,35.5774,1.2325240180564068,73.84488448844881,1.8629321000721433,1.1307894590975587,38.891000000000005,45.56809959094224,32.21390040905777,0.3433750528884438,1.6600000000000013,44.39,0.0011270146577783214,0.47615840975739837,44.34,0.01111248536997332,0.5233195942264798,43.85,0.08417514168911769,0.5862528892051191,39.36,-0.011368064828173216,0.5309139774154396,38.86,-0.017853062805217357,0.5099293630454149,0.4916823139474112
2024-04-04,43.05,43.85,43.45,42.85,0,-0.018412487944452296,-0.01824401368301032,0.6561613965423986,0.4843923120497729,0.4916823139474112,0.6084270743838633,0.4586159291241755,0.44799023887338274,43.896,0.9807271733187534,41.614,1.0345076176286827,39.2745,1.0961310774166442,37.8372,1.1377691795375977,35.638200000000005,1.2079734666734008,67.27122835943936,1.8692138881401803,1.278474344906083,39.2745,45.98350565226307,32.56549434773694,0.3416469033221589,1.6642857142857157,43.85,-0.012239500027751768,0.4830118535422279,44.39,0.0011270146577783214,0.47615840975739837,44.34,0.01111248536997332,0.5233195942264798,40.31,0.023849504945021773,0.5343052223016858,37.97,-0.02316906970558307,0.5181986245404812,0.49914490657653515
2024-04-05,42.35,43.05,42.85,41.36,0,-0.016393809775676272,-0.016260162601625883,0.20080529193107052,0.5011085310725555,0.49914490657653515,0.6075468122166078,0.4593747372565587,0.4483697991144437,43.596,0.9714193962748877,42.062,1.0068470353288004,39.698,1.0668043730162728,37.8422,1.1191209813382943,35.6905,1.1865902691192334,66.12641815235008,1.7969934783571375,1.3821781715962937,39.698,46.032070280300175,33.363929719699826,0.3191128157741032,1.682142857142858,43.05,-0.018412487944452296,0.4916823139474112,43.85,-0.012239500027751768,0.4830118535422279,44.39,0.0011270146577783214,0.47615840975739837,43.85,0.08417514168911769,0.5862528892051191,37.87,-0.002637132330007523,0.5183508848320038,0.4765293343782433
2024-04-08,41.41,42.35,42.35,41.41,0,-0.022446023540587653,-0.022195985832349607,0.1437337522746597,0.5036261658749513,0.4765293343782433,0.6071190956500055,0.4607009181369053,0.44829933190401217,43.01,0.9627993489886073,42.272000000000006,0.9796082513247537,40.077,1.0332609726276916,37.8164,1.0950275541828411,35.7381,1.158707373923068,57.650951199338266,1.644946223075749,1.434731781892185,40.077,45.81141723740294,34.342582762597054,0.28616998464969656,1.6285714285714294,42.35,-0.016393809775676272,0.49914490657653515,43.05,-0.018412487944452296,0.4916823139474112,43.85,-0.012239500027751768,0.4830118535422279,44.34,0.01111248536997332,0.5233195942264798,39.31,0.037319697520065566,0.5308435076041249,0.5034036929165217
2024-04-12,39.86,42.35,42.85,38.86,0,-0.03814908277282714,-0.03743057232552516,0.15863505320560653,0.5454316213382013,0.5034036929165217,0.5795074240717047,0.4641753315896682,0.4500445990117968,42.104,0.9467034011020331,42.277,0.9428294344442605,40.376,0.987220130770755,37.7566,1.0557094653649959,35.7792,1.1140550934621232,53.86398763523957,1.383428331068096,1.4244710917273673,40.376,45.31889665767083,35.43310334232917,0.24484330580893746,1.764285714285715,41.41,-0.022446023540587653,0.4765293343782433,42.35,-0.016393809775676272,0.49914490657653515,43.05,-0.018412487944452296,0.4916823139474112,44.39,0.0011270146577783214,0.47615840975739837,39.81,0.012639197578456851,0.531466457715219,0.5238124769693184
2024-04-15,38.52,39.86,39.81,38.47,0,-0.034195727854723766,-0.03361766181635717,0.15415808175407944,0.5703685127136063,0.5238124769693184,0.5452151920004404,0.4668716837093326,0.4514619951213693,41.038,0.9386422340269995,42.193,0.9129476453440145,40.4985,0.9511463387532872,37.690000000000005,1.0220217564340675,35.81335,1.0755765657220004,52.05377147124721,1.0558752438134675,1.3507519221445874,40.4985,45.101841006382756,35.895158993617244,0.22733390157081157,1.8000000000000007,39.86,-0.03814908277282714,0.5034036929165217,41.41,-0.022446023540587653,0.4765293343782433,42.35,-0.016393809775676272,0.49914490657653515,43.85,-0.012239500027751768,0.4830118535422279,39.36,-0.011368064828173216,0.5309139774154396,0.5760233766323283
2024-04-16,35.28,38.52,38.81,35.28,0,-0.08786135579133426,-0.08411214953271029,0.44851013283528623,0.690728421371233,0.5760233766323283,0.5700249433967305,0.4835844958679267,0.4602288148294401,39.483999999999995,0.8935264917434912,41.69,0.8462461021827777,40.358999999999995,0.8741544636883968,37.6184,0.9378389298853752,35.8303,0.9846414905819935,42.16575922565035,0.5287510273739429,1.1863517431904584,40.358999999999995,45.41868544892838,35.29931455107161,0.2507339353764159,2.0200000000000005,38.52,-0.034195727854723766,0.5238124769693184,39.86,-0.03814908277282714,0.5034036929165217,41.41,-0.022446023540587653,0.4765293343782433,43.05,-0.018412487944452296,0.4916823139474112,40.31,0.023849504945021773,0.5343052223016858,0.5403030795084459
2024-04-17,35.28,35.28,36.67,34.88,0,0.0,0.0,0.5129073902688548,0.4427714362602058,0.5403030795084459,0.5698079338607995,0.4832971318978293,0.4594399299366979,38.07,0.9267139479905437,40.833000000000006,0.8640070531188009,40.18,0.8780487804878049,37.6244,0.9376893717906465,35.84475,0.9842445546418933,36.646785950960904,0.10973631617631696,0.9710286577876303,40.18,45.69572679755402,34.664273202445976,0.2745508610031868,2.009285714285715,35.28,-0.08786135579133426,0.5760233766323283,38.52,-0.034195727854723766,0.5238124769693184,39.86,-0.03814908277282714,0.5034036929165217,42.35,-0.016393809775676272,0.49914490657653515,43.85,0.08417514168911769,0.5862528892051191,0.5382448188632938
2024-04-18,35.87,35.28,37.37,35.38,0,0.016585060405600628,0.016723356009070267,0.6396253686410885,0.454830918773026,0.5382448188632938,0.5658971823162269,0.4838105317560212,0.4595221873690903,36.962,0.9704561441480438,39.986000000000004,0.8970639723903364,40.055,0.89551866183997,37.572399999999995,0.9546901448935922,35.8547,1.0004267222986107,37.02239789196309,-0.1727365922113009,0.7422756077878441,40.055,45.84969630465224,34.26030369534776,0.28933697688938914,2.008571428571429,35.28,0.0,0.5403030795084459,35.28,-0.08786135579133426,0.5760233766323283,38.52,-0.034195727854723766,0.5238124769693184,41.41,-0.022446023540587653,0.4765293343782433,44.34,0.01111248536997332,0.5233195942264798,0.5384787380634898
2024-04-19,35.38,35.87,36.37,35.38,0,-0.013754602812551855,-0.013660440479509206,0.6404248136295451,0.4402800444306234,0.5384787380634898,0.5624347526643324,0.4842247647742689,0.4597690885349736,36.065999999999995,0.9809793156989964,39.085,0.9052066009978254,39.846000000000004,0.8879184861717613,37.4928,0.943647847053301,35.860949999999995,0.986588475765422,36.92509855453351,-0.4311670863359467,0.5075870689630859,39.846000000000004,46.005885166393156,33.68611483360685,0.30918461910320494,2.011428571428571,35.87,0.016585060405600628,0.5382448188632938,35.28,0.0,0.5403030795084459,35.28,-0.08786135579133426,0.5760233766323283,39.86,-0.03814908277282714,0.5034036929165217,44.39,0.0011270146577783214,0.47615840975739837,0.5785399130852635
2024-04-22,37.77,35.38,37.77,35.87,0,0.0653684479927262,0.06755228942905589,0.8831272358151733,0.6253240669177402,0.5785399130852635,0.5788663414307068,0.49148451357375705,0.46420710971740586,35.916000000000004,1.0516204477113265,38.477,0.9816253865945891,39.7915,0.9491976929746303,37.476800000000004,1.0078235068095462,35.87415,1.0528472451612094,42.37695078031212,-0.4380722645095432,0.31845520226856017,39.7915,46.00715180559638,33.57584819440362,0.3124110327882276,2.1,35.38,-0.013754602812551855,0.5384787380634898,35.87,0.016585060405600628,0.5382448188632938,35.28,0.0,0.5403030795084459,38.52,-0.034195727854723766,0.5238124769693184,43.85,-0.012239500027751768,0.4830118535422279,0.6014140931412484
2024-04-23,35.87,37.77,37.87,35.87,0,-0.051613845180174464,-0.05030447445062236,0.6803047844820882,0.6521436412525887,0.6014140931412484,0.5860984414302343,0.4968539649940026,0.4672421685524062,36.034000000000006,0.995448742853971,37.759,0.949972192060171,39.6865,0.9038337973870206,37.446799999999996,0.9578922631573326,35.8846,0.9995931402328575,23.435419440745648,-0.5900569794374704,0.13675276592735403,39.6865,46.09952712001889,33.273472879981114,0.3231843130545091,1.9399999999999997,37.77,0.0653684479927262,0.5785399130852635,35.38,-0.013754602812551855,0.5384787380634898,35.87,0.016585060405600628,0.5382448188632938,35.28,-0.08786135579133426,0.5760233766323283,43.05,-0.018412487944452296,0.4916823139474112,0.6010606405808767
2024-04-24,36.47,35.87,37.37,36.37,0,0.01658871327639761,0.01672706997490936,0.6853836875101126,0.6753712143250525,0.6010606405808767,0.5862433855810627,0.4972291519351154,0.4670884210627635,36.272000000000006,1.0054587560652843,37.171,0.9811412122353448,39.6165,0.9205760226168389,37.4428,0.9740190370378283,35.89705000000001,1.0159609215799068,23.992068737607383,-0.6545457791167522,-0.021506943081467222,39.6165,46.14257813234459,33.090421867655415,0.3294626295783114,1.9585714285714282,35.87,-0.051613845180174464,0.6014140931412484,37.77,0.0653684479927262,0.5785399130852635,35.38,-0.013754602812551855,0.5384787380634898,35.28,0.0,0.5403030795084459,42.35,-0.016393809775676272,0.49914490657653515,0.6011854516613886
2024-04-25,36.27,36.47,36.87,36.17,0,-0.005499051525777725,-0.005483959418700168,0.683113153593058,0.6754611097587949,0.6011854516613886,0.5849859874222569,0.4972795805549097,0.4671278462122379,36.352,0.9977442781690142,36.657,0.9894426712496933,39.4645,0.9190538331918561,37.4508,0.9684706334711142,35.90625,1.0101305483028722,23.429319371727743,-0.7135663967672841,-0.1599188338186306,39.4645,46.160045966496405,32.7689540335036,0.3393199440761395,1.7814285714285707,36.47,0.01658871327639761,0.6010606405808767,35.87,-0.051613845180174464,0.6014140931412484,37.77,0.0653684479927262,0.5785399130852635,35.87,0.016585060405600628,0.5382448188632938,41.41,-0.022446023540587653,0.4765293343782433,0.689805019535131
2024-04-26,32.49,32.79,33.38,32.49,0,-0.11005860361380204,-0.1042183622828784,1.0620225949966828,0.8287404094028908,0.689805019535131,0.617398598632044,0.5213213043032617,0.4624923211010298,35.774,0.9082014871135462,35.92,0.904510022271715,39.0985,0.8309781705180506,37.3662,0.8695023845079244,35.8953,0.9051324268079666,19.330453563714897,-1.0532142721713456,-0.3385779214891736,39.0985,46.47968882166317,31.717311178336832,0.3775689001707568,1.9842857142857138,36.27,-0.005499051525777725,0.6011854516613886,36.47,0.01658871327639761,0.6010606405808767,35.87,-0.051613845180174464,0.6014140931412484,35.38,-0.013754602812551855,0.5384787380634898,39.86,-0.03814908277282714,0.5034036929165217,0.6934591338764733
2024-04-29,31.19,32.49,32.14,31.14,0,-0.04083481906129711,-0.04001231148045559,0.770431125385729,0.8324867126447341,0.6934591338764733,0.6214786913502716,0.5243117858157887,0.4643104911446675,34.458,0.9051599048116549,35.187,0.8864069116435048,38.69,0.8061514603256656,37.2546,0.8372120489818706,35.87785,0.8693386030656798,18.822292323869604,-1.411021419315027,-0.5530666210543442,38.69,46.87120824946079,30.5087917505392,0.42291073918122496,2.009285714285714,32.49,-0.11005860361380204,0.689805019535131,36.27,-0.005499051525777725,0.6011854516613886,36.47,0.01658871327639761,0.6010606405808767,37.77,0.0653684479927262,0.5785399130852635,38.52,-0.034195727854723766,0.5238124769693184,0.7051778889952587
2024-04-30,31.99,31.19,32.19,31.89,0,0.02532582334171466,0.02564924655338241,0.873320195900117,0.7699122818257901,0.7051778889952587,0.6232601616391978,0.5255255836724075,0.46492404787579594,33.682,0.9497654533578765,34.858000000000004,0.9177233346720981,38.274,0.835815436066259,37.1868,0.8602514870868158,35.8679,0.8918838292735287,22.907949790794973,-1.6114569742644633,-0.764744691696368,38.274,46.940114044459136,29.607885955540866,0.4528460074441728,1.9599999999999995,31.19,-0.04083481906129711,0.6934591338764733,32.49,-0.11005860361380204,0.689805019535131,36.27,-0.005499051525777725,0.6011854516613886,35.87,-0.051613845180174464,0.6014140931412484,35.28,-0.08786135579133426,0.5760233766323283,0.7030432181514924
2024-05-02,32.64,31.99,32.69,32.34,0,0.020115176134479634,0.02031884964051267,0.883662359674661,0.7835741798675436,0.7030432181514924,0.6250191120255387,0.526212224130511,0.4652858467737985,32.916,0.9916150200510391,34.594,0.9435162166849742,37.713499999999996,0.865472576133215,37.1122,0.8794951525374405,35.859950000000005,0.9102076271718169,26.712692511949015,-1.6982773438201235,-0.9514512221211192,37.713499999999996,46.31092011487004,29.116079885129956,0.4559332925806431,1.942857142857142,31.99,0.02532582334171466,0.7051778889952587,31.19,-0.04083481906129711,0.6934591338764733,32.49,-0.11005860361380204,0.689805019535131,36.47,0.01658871327639761,0.6010606405808767,35.28,0.0,0.5403030795084459,0.6595013230988385
2024-05-03,34.48,32.39,34.58,32.39,0,0.0548409156995859,0.05637254901960764,1.0446348151341118,0.838488002593301,0.6595013230988385,0.6347950003871172,0.5318523015869623,0.4683151074985125,32.55800000000001,1.0590331101419004,34.455,1.0007255840951965,37.2205,0.9263712201609327,37.0892,0.9296506799823129,35.8647,0.9613910056406438,35.93096234309621,-1.600164786135018,-1.081193934923899,37.2205,45.33524674508301,29.10575325491699,0.4360364178387185,1.8142857142857132,32.64,0.020115176134479634,0.7030432181514924,31.99,0.02532582334171466,0.7051778889952587,31.19,-0.04083481906129711,0.6934591338764733,36.27,-0.005499051525777725,0.6011854516613886,35.87,0.016585060405600628,0.5382448188632938,0.6574597227841334
2024-05-06,34.68,34.78,37.67,34.68,0,0.005783706116848761,0.0058004640371229765,0.5558042367157844,0.8378286505292928,0.6574597227841334,0.6183467320164867,0.5318475121984388,0.4678708615217345,32.996,1.0510364892714268,34.385,1.0085793223789443,36.735,0.944058799510004,37.0692,0.9355475704897867,35.87615,0.9666589084949192,39.321468298109004,-1.4891060610411557,-1.1627763601473504,36.735,44.17771455854605,29.292285441453952,0.4052110825395971,1.942857142857142,34.48,0.0548409156995859,0.6595013230988385,32.64,0.020115176134479634,0.7030432181514924,31.99,0.02532582334171466,0.7051778889952587,32.49,-0.11005860361380204,0.689805019535131,35.38,-0.013754602812551855,0.5384787380634898,0.656619275828706
2024-05-07,34.58,34.68,35.13,34.58,0,-0.0028876716571967415,-0.0028835063437140374,0.3519521705105423,0.7495745935750213,0.656619275828706,0.5815847758670949,0.5316430228747062,0.46779918264597536,33.674,1.0269050305873968,34.065999999999995,1.015088357893501,36.271499999999996,0.9533655900638243,37.0492,0.9333534867149628,35.8799,0.963770802036795,47.641509433962256,-1.3931015777221347,-1.2088414036623074,36.271499999999996,42.96549817589912,29.57750182410087,0.3691051197716734,1.7299999999999993,34.68,0.005783706116848761,0.6574597227841334,34.48,0.0548409156995859,0.6595013230988385,32.64,0.020115176134479634,0.7030432181514924,31.19,-0.04083481906129711,0.6934591338764733,37.77,0.0653684479927262,0.5785399130852635,0.6585354974265382
2024-05-08,33.68,34.58,34.88,33.38,0,-0.026371290881018424,-0.026026604973973355,0.4775118164182942,0.7193275500821968,0.6585354974265382,0.5506123701196892,0.5303708845057963,0.4686360859625312,34.012,0.9902387392684935,33.846999999999994,0.9950660324400983,35.803000000000004,0.9407032930201379,37.0122,0.9099702260335781,35.88485,0.9385576364398903,44.917407878017784,-1.37380346027593,-1.2418338149850319,35.803000000000004,41.771754079634334,29.83424592036567,0.3334220081911757,1.7092857142857139,34.58,-0.0028876716571967415,0.656619275828706,34.68,0.005783706116848761,0.6574597227841334,34.48,0.0548409156995859,0.6595013230988385,31.99,0.02532582334171466,0.7051778889952587,35.87,-0.051613845180174464,0.6014140931412484,0.6612024988750189
2024-05-09,33.88,33.68,34.68,33.58,0,0.005920680409727796,0.005938242280285166,0.4696924021245277,0.7117768536515887,0.6612024988750189,0.5485261532128362,0.5301803510980516,0.4677656858269998,34.260000000000005,0.9889083479276123,33.588,1.008693581040848,35.3795,0.9576166989358245,36.982200000000006,0.9161164019447193,35.89355,0.9439021774107048,43.51791530944627,-1.327073556746555,-1.2588817633373366,35.3795,40.53949377804542,30.219506221954582,0.29169399104257654,1.6385714285714283,33.68,-0.026371290881018424,0.6585354974265382,34.58,-0.0028876716571967415,0.656619275828706,34.68,0.005783706116848761,0.6574597227841334,32.64,0.020115176134479634,0.7030432181514924,36.47,0.01658871327639761,0.6010606405808767,0.6620826746340169
2024-05-10,33.88,33.88,35.68,33.43,0,0.0,0.0,0.21159246932866296,0.7127155151949114,0.6620826746340169,0.547335158285908,0.5301803510980516,0.4673511360272419,34.14,0.9923842999414177,33.349000000000004,1.0159225164172838,35.003,0.9679170356826559,36.947199999999995,0.9169842369651829,35.902,0.943680017826305,44.952893674293406,-1.2753384635911047,-1.2621731033880903,35.003,39.34418150301265,30.661818496987355,0.2480462533504355,1.7285714285714289,33.88,0.005920680409727796,0.6612024988750189,33.68,-0.026371290881018424,0.6585354974265382,34.58,-0.0028876716571967415,0.656619275828706,34.48,0.0548409156995859,0.6595013230988385,36.27,-0.005499051525777725,0.6011854516613886,0.6690720499887081
2024-05-13,34.58,33.88,34.58,34.33,0,0.020450610471290622,0.02066115702479321,0.2697963362174223,0.4273646423488663,0.6690720499887081,0.5458125658169484,0.5306913087619216,0.46773773231432847,34.12,1.0134818288393903,33.558,1.0304547350855235,34.739,0.9954230116007945,36.9352,0.9362342697480993,35.89975,0.9632379055564454,37.88914198936977,-1.164431043442626,-1.2426246913989976,34.739,38.43002410549733,31.047975894502663,0.21250030832766253,1.6078571428571427,33.88,0.0,0.6620826746340169,33.88,0.005920680409727796,0.6612024988750189,33.68,-0.026371290881018424,0.6585354974265382,34.68,0.005783706116848761,0.6574597227841334,32.49,-0.11005860361380204,0.689805019535131,0.660396512384528
2024-05-14,34.28,34.58,34.58,34.28,0,-0.008713386525565277,-0.00867553499132434,0.276036808553512,0.35209883586113,0.660396512384528,0.5448504497369899,0.53068135118398,0.4678479352952109,34.06,1.0064591896652966,33.867,1.0121947618625802,34.527,0.9928461783531729,36.9172,0.9285644631770557,35.898250000000004,0.954921200894194,43.128781331028534,-1.088199520039204,-1.211739657127039,34.527,37.762598699987755,31.291401300012243,0.1874242592746405,1.486428571428571,34.58,0.020450610471290622,0.6690720499887081,33.88,0.0,0.6620826746340169,33.88,0.005920680409727796,0.6612024988750189,34.58,-0.0028876716571967415,0.656619275828706,31.19,-0.04083481906129711,0.6934591338764733,0.6596039119487279
2024-05-15,33.18,34.28,34.23,33.18,0,-0.0326148089672807,-0.03208868144690791,0.31230739131537016,0.3962947686741267,0.6596039119487279,0.5469085731008805,0.5326966060028104,0.4689082216924294,33.96,0.9770318021201413,33.986,0.976284352380392,34.422000000000004,0.9639184242635522,36.8932,0.8993527262476554,35.88975,0.924497941612856,36.37116818558409,-1.10382212113295,-1.1901561499282212,34.422000000000004,37.69083594281615,31.15316405718386,0.18992713629749253,1.4578571428571425,34.28,-0.008713386525565277,0.660396512384528,34.58,0.020450610471290622,0.6690720499887081,33.88,0.0,0.6620826746340169,33.68,-0.026371290881018424,0.6585354974265382,31.99,0.02532582334171466,0.7051778889952587,0.5950680225345466
2024-05-16,32.39,33.18,33.43,32.14,0,-0.02409755157906053,-0.023809523809523836,0.33051927638541656,0.4068773949687454,0.5950680225345466,0.5464578290355664,0.5337513281453007,0.46958251675874174,33.662,0.962212583922524,33.961,0.9537410559170815,34.277499999999996,0.9449347239442785,36.8942,0.8779157699584217,35.8758,0.9028370099063994,34.676145339652436,-1.1665028243131417,-1.1854254848052053,34.277499999999996,37.64078082305521,30.914219176944783,0.19623839679411936,1.5,33.18,-0.0326148089672807,0.6596039119487279,34.28,-0.008713386525565277,0.660396512384528,34.58,0.020450610471290622,0.6690720499887081,33.88,0.005920680409727796,0.6612024988750189,32.64,0.020115176134479634,0.7030432181514924,0.5967172593690698
2024-05-17,32.69,32.39,33.08,32.69,0,0.00921948755288134,0.009262117937635095,0.3521023452405562,0.2755475298192813,0.5967172593690698,0.5468796584419915,0.5339151208064183,0.4696226355960946,33.424,0.9780397319291526,33.782000000000004,0.9676750932449232,34.1185,0.9581312191333148,36.8504,0.8871002757093545,35.86485,0.9114773936040441,51.08932461873636,-1.1783865339350683,-1.184017694631178,34.1185,37.465418614266035,30.77158138573396,0.19619377254369552,1.2792857142857141,32.39,-0.02409755157906053,0.5950680225345466,33.18,-0.0326148089672807,0.6596039119487279,34.28,-0.008713386525565277,0.660396512384528,33.88,0.0,0.6620826746340169,34.48,0.0548409156995859,0.6595013230988385,0.5992035676377496
2024-05-20,31.69,32.69,32.69,30.89,0,-0.0310680470332898,-0.030590394616090477,0.28031010291216235,0.2953166082315951,0.5992035676377496,0.5450453913935946,0.5353480382835801,0.47023720195090163,32.846,0.9648054557632589,33.483000000000004,0.9464504375354656,33.934,0.9338716331702718,36.7766,0.8616892263015069,35.853899999999996,0.8838647957404914,52.81531531531532,-1.2540403060441676,-1.198022216913776,33.934,37.393062239818995,30.474937760181003,0.2038699970424351,1.311428571428571,32.69,0.00921948755288134,0.5967172593690698,32.39,-0.02409755157906053,0.5950680225345466,33.18,-0.0326148089672807,0.6596039119487279,34.58,0.020450610471290622,0.6690720499887081,34.68,0.005783706116848761,0.6574597227841334,0.6059775534462944
2024-05-21,32.39,31.69,33.88,32.39,0,0.02184855948040861,0.022088987062164778,0.39913745818284985,0.333347739485675,0.6059775534462944,0.543907376715183,0.5349061717519333,0.47068381625236544,32.467999999999996,0.9975976345940619,33.263999999999996,0.9737253487253489,33.665,0.9621268379622754,36.7178,0.8821334611550802,35.84695,0.9035636225676104,52.27790432801823,-1.2431816909610447,-1.2070541117232299,33.665,36.675721193544405,30.65427880645559,0.17886357900159855,1.3964285714285711,31.69,-0.0310680470332898,0.5992035676377496,32.69,0.00921948755288134,0.5967172593690698,32.39,-0.02409755157906053,0.5950680225345466,34.28,-0.008713386525565277,0.660396512384528,34.58,-0.0028876716571967415,0.656619275828706,0.5675522884591059
2024-05-22,30.89,32.39,32.84,30.64,0,-0.047417226252747594,-0.04631058968817536,0.4582892818736784,0.3816440276234493,0.5675522884591059,0.5502800466866918,0.5383813297738077,0.47315909354313174,32.01,0.9650109340830991,32.985,0.9364862816431712,33.416,0.9244074694757004,36.628,0.8433438899202795,35.8345,0.8620184459110635,40.91381100726894,-1.3401650359419506,-1.233676296566974,33.416,36.4821026178444,30.349897382155596,0.18351104966748866,1.5035714285714286,32.39,0.02184855948040861,0.6059775534462944,31.69,-0.0310680470332898,0.5992035676377496,32.69,0.00921948755288134,0.5967172593690698,33.18,-0.0326148089672807,0.6596039119487279,33.68,-0.026371290881018424,0.6585354974265382,0.5466411703357207
2024-05-23,30.74,30.89,30.89,29.6,0,-0.004867768820040636,-0.0048559404337974454,0.45269676915196083,0.37387697992047686,0.5466411703357207,0.550253045665839,0.5383279020896501,0.4730136601566908,31.68,0.9703282828282828,32.67100000000001,0.9408955954822317,33.12949999999999,0.9278739491993542,36.5652,0.8406900550249965,35.821299999999994,0.8581486434049017,26.448362720403026,-1.4128424140786535,-1.26950952006931,33.12949999999999,36.06197138452314,30.197028615476846,0.1770308265759005,1.4392857142857145,30.89,-0.047417226252747594,0.5675522884591059,32.39,0.02184855948040861,0.6059775534462944,31.69,-0.0310680470332898,0.5992035676377496,32.39,-0.02409755157906053,0.5950680225345466,33.88,0.005920680409727796,0.6612024988750189,0.543728451646181
2024-05-24,29.9,30.74,32.84,29.85,0,-0.027706257713809076,-0.02732595966167861,0.42674069054723157,0.37952343990746146,0.543728451646181,0.5525827287977783,0.5396771567367267,0.47318790957762047,31.121999999999996,0.9607351712614871,32.272999999999996,0.9264710439066712,32.81099999999999,0.9112797537411236,36.486599999999996,0.8194789319914709,35.8034,0.8351162180128143,22.144522144522114,-1.5206911586122018,-1.3197458477778885,32.81099999999999,35.69051677232479,29.931483227675194,0.1755214271021791,1.425,30.74,-0.004867768820040636,0.5466411703357207,30.89,-0.047417226252747594,0.5675522884591059,32.39,0.02184855948040861,0.6059775534462944,32.69,0.00921948755288134,0.5967172593690698,33.88,0.0,0.6620826746340169,0.5562289075354765
2024-05-27,30.64,29.9,31.89,30.59,0,0.024447864475749835,0.02474916387959869,0.4949000077435807,0.38963547761511236,0.5562289075354765,0.5552531677181914,0.540772618375007,0.47373425960260257,30.912,0.99120082815735,31.878999999999998,0.9611342890303962,32.7185,0.9364732490792671,36.421800000000005,0.8412544135655019,35.786699999999996,0.8561840013189258,28.633405639913235,-1.5288268854278115,-1.3615620553078733,32.7185,35.755959291474205,29.68104070852579,0.18567228274365932,1.5278571428571426,29.9,-0.027706257713809076,0.543728451646181,30.74,-0.004867768820040636,0.5466411703357207,30.89,-0.047417226252747594,0.5675522884591059,31.69,-0.0310680470332898,0.5992035676377496,34.58,0.020450610471290622,0.6690720499887081,0.4225440826241413
2024-05-28,31.29,30.64,31.34,30.74,0,0.020992212808400065,0.021214099216710025,0.49181133845433844,0.4238884273165273,0.4225440826241413,0.5571941448191396,0.5416267691596794,0.4725888051491284,30.692,1.0194839046005473,31.580000000000002,0.9908169727675743,32.7235,0.9561935612021941,36.3262,0.8613617719442166,35.772749999999995,0.8746881355221503,36.677814938684485,-1.4659266499080985,-1.3824349742279183,32.7235,35.750677076522976,29.69632292347703,0.18501548285012134,1.4707142857142854,30.64,0.024447864475749835,0.5562289075354765,29.9,-0.027706257713809076,0.543728451646181,30.74,-0.004867768820040636,0.5466411703357207,32.39,0.02184855948040861,0.6059775534462944,34.28,-0.008713386525565277,0.660396512384528,0.41541490344029763
2024-05-29,32.39,31.29,32.98,31.79,0,0.03455117550244725,0.035155001597954705,0.40267841461190346,0.45278955009865984,0.41541490344029763,0.5616967103695785,0.5438113050186281,0.47351219596399596,30.991999999999997,1.0451084150748582,31.500999999999998,1.0282213263071014,32.7435,0.9892039641455557,36.2126,0.8944400567758183,35.7603,0.9057530277989838,42.45187436676797,-1.3121908340461204,-1.3683861461915587,32.7435,35.755519955199645,29.73148004480035,0.18397666438833038,1.5128571428571422,31.29,0.020992212808400065,0.4225440826241413,30.64,0.024447864475749835,0.5562289075354765,29.9,-0.027706257713809076,0.543728451646181,30.89,-0.047417226252747594,0.5675522884591059,33.18,-0.0326148089672807,0.6596039119487279,0.4096803970792876
2024-05-30,32.89,32.39,33.53,32.84,0,0.015318927017727637,0.01543686322939175,0.38234197827424704,0.44305599026177844,0.4096803970792876,0.5622228291946546,0.5442370246685961,0.4733179798919098,31.422000000000004,1.046718859397874,31.551,1.042439225381129,32.756,1.0040908535840762,36.0932,0.9112519809825673,35.750350000000005,0.9199909930951724,45.22661523625842,-1.1369027636808013,-1.3220894696894074,32.756,35.768286419595384,29.743713580404613,0.18392272680396785,1.433571428571428,32.39,0.03455117550244725,0.41541490344029763,31.29,0.020992212808400065,0.4225440826241413,30.64,0.024447864475749835,0.5562289075354765,30.74,-0.004867768820040636,0.5466411703357207,32.39,-0.02409755157906053,0.5950680225345466,0.4039390569296064
2024-05-31,32.89,32.89,33.63,32.89,0,0.0,0.0,0.20236390500229773,0.440989280712262,0.4039390569296064,0.5622228291946546,0.5418879099472347,0.4732094406115914,32.019999999999996,1.0271705184259838,31.570999999999998,1.0417788476766654,32.6765,1.0065337474943767,35.9836,0.9140275014173123,35.7404,0.9202471153092858,41.261633919338166,-0.9866126485663074,-1.2549941054647875,32.6765,35.579139633523226,29.773860366476768,0.17765915159354456,1.4364285714285714,32.89,0.015318927017727637,0.4096803970792876,32.39,0.03455117550244725,0.41541490344029763,31.29,0.020992212808400065,0.4225440826241413,29.9,-0.027706257713809076,0.543728451646181,32.69,0.00921948755288134,0.5967172593690698,0.35209309854138005
2024-06-03,32.89,32.89,33.38,32.89,0,0.0,0.0,0.2334190661485621,0.40457567092932284,0.35209309854138005,0.5604547359418064,0.5413073246603497,0.4732094406115914,32.470000000000006,1.0129350169387126,31.690999999999995,1.0378340853870185,32.586999999999996,1.0092981863933472,35.8502,0.9174286335920022,35.73045,0.9205033801701351,42.58271077908217,-0.8576205338918044,-1.1755193911501909,32.586999999999996,35.33584166992397,29.83815833007602,0.16870786939110546,1.4500000000000004,32.89,0.0,0.4039390569296064,32.89,0.015318927017727637,0.4096803970792876,32.39,0.03455117550244725,0.41541490344029763,30.64,0.024447864475749835,0.5562289075354765,31.69,-0.0310680470332898,0.5992035676377496,0.3642483628878792
2024-06-04,31.89,32.89,32.93,31.89,0,-0.03087617917899932,-0.030404378230465157,0.38145404150163564,0.4244987461592638,0.3642483628878792,0.550354248586794,0.5429826131869835,0.4741916178090894,32.589999999999996,0.978521018717398,31.641,1.0078695363610506,32.4525,0.9826669748093367,35.7108,0.8930071574985718,35.72,0.8927771556550952,43.04207119741101,-0.8265569621793887,-1.1057269053560306,32.4525,35.04980933649967,29.85519066350033,0.16006836678219982,1.445714285714286,32.89,0.0,0.35209309854138005,32.89,0.0,0.4039390569296064,32.89,0.015318927017727637,0.4096803970792876,31.29,0.020992212808400065,0.4225440826241413,32.39,0.02184855948040861,0.6059775534462944,0.3806007002888929
2024-06-05,32.79,31.89,32.79,31.84,0,0.02783110983459066,0.02822201317027284,0.34891875100507613,0.36004632753422605,0.3806007002888929,0.5315720563763675,0.544458036056317,0.46539737462443165,32.67,1.0036730945821855,31.831,1.030127862775282,32.408,1.0117872130338188,35.607200000000006,0.9208811701004289,35.71255,0.9181646228006681,52.1321961620469,-0.7210050816391345,-1.0287825406126514,32.408,34.94659140386636,29.869408596133642,0.15666449048792627,1.4214285714285715,31.89,-0.03087617917899932,0.3642483628878792,32.89,0.0,0.35209309854138005,32.89,0.0,0.4039390569296064,32.39,0.03455117550244725,0.41541490344029763,30.89,-0.047417226252747594,0.5675522884591059,0.3709018305630505
2024-06-06,32.89,32.79,32.89,32.29,0,0.0030450693444088483,0.003049710277523765,0.33082085551813806,0.35554068720011667,0.3709018305630505,0.5307408684247276,0.5431036360055204,0.4647623753279841,32.67,1.0067340067340067,32.046,1.0263371403607315,32.3585,1.0164253596427524,35.5076,0.9262805709200285,35.705349999999996,0.9211504718480565,51.0893246187364,-0.6221139492313696,-0.9474488223363952,32.3585,34.81346939631369,29.903530603686306,0.1517356735518453,1.4150000000000005,32.79,0.02783110983459066,0.3806007002888929,31.89,-0.03087617917899932,0.3642483628878792,32.89,0.0,0.35209309854138005,32.89,0.015318927017727637,0.4096803970792876,30.74,-0.004867768820040636,0.5466411703357207,0.3712544745950223
2024-06-07,33.13,32.89,33.13,32.79,0,0.007270556110838866,0.00729705077531162,0.3348232849553029,0.2995470112157191,0.3712544745950223,0.5310080120232079,0.5417600675287844,0.4645121435906069,32.718,1.0125924567516351,32.369,1.0235101485989682,32.321,1.0250301661458496,35.384,0.9362988921546462,35.7016,0.9279696148071797,58.551068883610455,-0.5184002249890227,-0.8616391028669208,32.321,34.69984447844458,29.942155521555414,0.1472011681844364,1.3107142857142866,32.89,0.0030450693444088483,0.3709018305630505,32.79,0.02783110983459066,0.3806007002888929,31.89,-0.03087617917899932,0.3642483628878792,32.89,0.0,0.4039390569296064,29.9,-0.027706257713809076,0.543728451646181,0.40514972116703774
2024-06-10,34.68,33.13,34.68,32.93,0,0.04572393560053651,0.046785390884394706,0.45727384479150013,0.3435728368730259,0.40514972116703774,0.539165926709816,0.545640627164312,0.4656215711324093,33.076,1.0484943765872536,32.773,1.058188142678424,32.326,1.072820639732723,35.281400000000005,0.9829541911602145,35.7056,0.9712762143753362,62.35167206040992,-0.3075886151126639,-0.7508290053160694,32.326,34.7251700319277,29.926829968072298,0.1484359358985153,1.279285714285715,33.13,0.007270556110838866,0.3712544745950223,32.89,0.0030450693444088483,0.3709018305630505,32.79,0.02783110983459066,0.3806007002888929,32.89,0.0,0.35209309854138005,30.64,0.024447864475749835,0.5562289075354765,0.39946879444847755
2024-06-11,34.88,34.68,34.88,33.88,0,0.005750447128437938,0.005767012687428075,0.29207164860628365,0.34139497988506534,0.39946879444847755,0.5321440324888345,0.5456977984207536,0.4650310403484852,33.674,1.035813981113025,33.132,1.0527586623204155,32.355999999999995,1.0780071702311784,35.1918,0.9911399814729568,35.71085,0.9767339618071259,75.03136762860727,-0.1229631245814673,-0.625255829169149,32.355999999999995,34.87029094326076,29.841709056739226,0.15541420096802872,1.1935714285714292,34.68,0.04572393560053651,0.40514972116703774,33.13,0.007270556110838866,0.3712544745950223,32.89,0.0030450693444088483,0.3709018305630505,31.89,-0.03087617917899932,0.3642483628878792,31.29,0.020992212808400065,0.4225440826241413,0.40902296867039395
2024-06-13,35.87,34.88,36.12,34.73,0,0.027987692503412088,0.028383027522935533,0.29240817484443976,0.330043743441057,0.40902296867039395,0.5349631608034823,0.5450536409186563,0.4658190187496748,34.290000000000006,1.0460775736366286,33.480000000000004,1.0713859020310632,32.4905,1.1040150197750112,35.103,1.0218499843318234,35.7218,1.0041487271078164,79.11464245175937,0.10206212440543538,-0.47979223845423213,32.4905,35.440443621226635,29.540556378773363,0.18158807166566449,1.2007142857142863,34.88,0.005750447128437938,0.39946879444847755,34.68,0.04572393560053651,0.40514972116703774,33.13,0.007270556110838866,0.3712544745950223,32.79,0.02783110983459066,0.3806007002888929,32.39,0.03455117550244725,0.41541490344029763,0.38920962691712147
2024-06-14,35.87,35.87,35.87,35.58,0,0.0,0.0,0.30280472695826677,0.33234868032384735,0.38920962691712147,0.5349651721982654,0.5440137633852187,0.4658116827452875,34.886,1.0282061571977297,33.778,1.061933803067085,32.6645,1.098134059912137,34.943400000000004,1.0265171677627247,35.73475,1.00378483129167,87.45294855708909,0.2772008565244519,-0.3283936194584954,32.6645,35.97765384807998,29.35134615192001,0.20285960893814306,1.0078571428571432,35.87,0.027987692503412088,0.40902296867039395,34.88,0.005750447128437938,0.39946879444847755,34.68,0.04572393560053651,0.40514972116703774,32.89,0.0030450693444088483,0.3709018305630505,32.89,0.015318927017727637,0.4096803970792876,0.37625097813840586
2024-06-19,35.87,35.87,36.07,35.18,0,0.0,0.0,0.3218468464621248,0.33234868032384735,0.37625097813840586,0.5200475073132736,0.5439141163060542,0.4658120841191775,35.434,1.0123045662358188,34.076,1.0526470242986266,32.823499999999996,1.092814599296236,34.774,1.0315178006556622,35.74965,1.003366466524847,86.16874135546334,0.41125882776842104,-0.18046313001311212,32.823499999999996,36.43370935389374,29.21329064610625,0.21997711114864327,0.9292857142857146,35.87,0.0,0.38920962691712147,35.87,0.027987692503412088,0.40902296867039395,34.88,0.005750447128437938,0.39946879444847755,33.13,0.007270556110838866,0.3712544745950223,32.89,0.0,0.4039390569296064,0.3764977902305178
2024-06-20,35.82,35.87,35.87,34.88,0,-0.0013948949116254113,-0.0013939224979090392,0.19589220050983186,0.33343992266834216,0.3764977902305178,0.5083139512384154,0.5435514458737091,0.46581717044911125,35.662,1.0044304862318434,34.369,1.04221827809945,33.03,1.0844686648501363,34.6026,1.035182327339564,35.76555,1.0015224147259025,84.16289592760184,0.507614687543402,-0.04284756650180929,33.03,36.83445721974063,29.225542780259374,0.23036374324799436,0.9500000000000001,35.87,0.0,0.37625097813840586,35.87,0.0,0.38920962691712147,35.87,0.027987692503412088,0.40902296867039395,34.68,0.04572393560053651,0.40514972116703774,32.89,0.0,0.35209309854138005,0.3547244911800805
2024-06-21,35.77,35.82,35.87,33.88,0,-0.0013968433616392741,-0.0013958682300390102,0.20394891177801971,0.2608105292940675,0.3547244911800805,0.5064315684128374,0.54355554373089,0.45609501677248343,35.839999999999996,0.9980468750000002,34.757,1.0291452081595076,33.199,1.0774420916292662,34.441,1.038587729740716,35.7812,0.9996869864621646,80.28673835125456,0.5733337835204537,0.08038870350264332,33.199,37.179948842198925,29.218051157801074,0.23982341891014342,0.9714285714285713,35.82,-0.0013948949116254113,0.3764977902305178,35.87,0.0,0.37625097813840586,35.87,0.0,0.38920962691712147,34.88,0.005750447128437938,0.39946879444847755,31.89,-0.03087617917899932,0.3642483628878792,0.3505023047130904
2024-06-24,35.73,35.77,35.73,34.93,0,-0.0011188812356080862,-0.0011182555213867795,0.011475329781724828,0.250273168410738,0.3505023047130904,0.5059037467038014,0.5424104764785114,0.44657152719856175,35.812,0.9977102647157378,35.051,1.0193717725599838,33.441,1.0684489100206331,34.2946,1.04185498591615,35.79295,0.9982412737703933,77.73437499999999,0.6150985022087951,0.1873306632438737,33.441,37.41938845977067,29.46261154022933,0.23793477825248477,0.9500000000000001,35.77,-0.0013968433616392741,0.3547244911800805,35.82,-0.0013948949116254113,0.3764977902305178,35.87,0.0,0.37625097813840586,35.87,0.027987692503412088,0.40902296867039395,32.79,0.02783110983459066,0.3806007002888929,0.3079618417201981
2024-06-25,35.08,35.73,35.68,35.08,0,-0.018359504531336064,-0.01819199552197026,0.12373680441123974,0.2842968587199839,0.3079618417201981,0.502904519578899,0.5423205014589779,0.443754923988206,35.653999999999996,0.9839008245919112,35.269999999999996,0.9946129855401191,33.658,1.0422484996137618,34.1492,1.0272568610684876,35.8044,0.9797678497614818,68.97746967071056,0.5889586265120954,0.26765625589751807,33.658,37.48670377955428,29.82929622044572,0.22750631526259918,0.9435714285714284,35.73,-0.0011188812356080862,0.3505023047130904,35.77,-0.0013968433616392741,0.3547244911800805,35.82,-0.0013948949116254113,0.3764977902305178,35.87,0.0,0.38920962691712147,32.89,0.0030450693444088483,0.3709018305630505,0.30650505515199966
2024-06-26,35.58,35.08,35.58,34.53,0,0.014152514733706895,0.01425313568985187,0.1826145942041426,0.2869423091848282,0.30650505515199966,0.5028536748166972,0.5427115982050021,0.4426659723890535,35.596000000000004,0.9995505112934036,35.515,1.001830212586231,33.942,1.0482587944140003,34.0326,1.0454681687558398,35.81835,0.9933455896209623,71.45135566188196,0.601652927587196,0.3344555902354537,33.942,37.423938963761806,30.460061036238194,0.20516993481596876,0.983571428571428,35.08,-0.018359504531336064,0.3079618417201981,35.73,-0.0011188812356080862,0.3505023047130904,35.77,-0.0013968433616392741,0.3547244911800805,35.87,0.0,0.37625097813840586,33.13,0.007270556110838866,0.3712544745950223,0.2837409648023135
2024-06-27,35.38,35.58,35.48,35.38,0,-0.005636993506049769,-0.005621135469364713,0.18475079454493176,0.19447506590908847,0.2837409648023135,0.5009877940901893,0.5427637767513334,0.4415909812333381,35.508,0.9963951785513124,35.585,0.9942391457074611,34.178999999999995,1.0351385353579685,33.943,1.0423356804053856,35.82385,0.987610209399604,81.90127970749549,0.5887877454940451,0.38532202128717197,34.178999999999995,37.345594717556594,31.0124052824434,0.18529475511610038,0.9235714285714278,35.58,0.014152514733706895,0.30650505515199966,35.08,-0.018359504531336064,0.3079618417201981,35.73,-0.0011188812356080862,0.3505023047130904,35.82,-0.0013948949116254113,0.3764977902305178,34.68,0.04572393560053651,0.40514972116703774,0.27742527120936084
2024-06-28,35.58,35.38,35.63,35.18,0,0.005636993506049829,0.005652911249293346,0.1938535770490571,0.19441460096039467,0.27742527120936084,0.5011593228968919,0.5422410535712809,0.4416216770692241,35.47,1.0031012122920777,35.655,0.997896508203618,34.3935,1.0344977975489553,33.88419999999999,1.0500469245252952,35.816900000000004,0.9933858039082107,79.24528301886798,0.5879527709709862,0.4258481712239348,34.3935,37.30720825400688,31.479791745993122,0.1694336577554991,0.8878571428571423,35.38,-0.005636993506049769,0.2837409648023135,35.58,0.014152514733706895,0.30650505515199966,35.08,-0.018359504531336064,0.3079618417201981,35.77,-0.0013968433616392741,0.3547244911800805,34.88,0.005750447128437938,0.39946879444847755,0.29451739666999044
2024-07-01,34.68,35.58,35.53,34.68,0,-0.025620530325347984,-0.025295109612141653,0.2607713305210752,0.17933827770285765,0.29451739666999044,0.4973988508960064,0.5426317921331854,0.44231298209749287,35.260000000000005,0.9835507657402154,35.536,0.9759117514633048,34.507999999999996,1.0049843514547352,33.8722,1.0238484657034381,35.805949999999996,0.9685541090237797,66.06822262118496,0.5088034003791719,0.44243921705498224,34.507999999999996,37.26602828121723,31.749971718782756,0.15984863111262534,0.9092857142857136,35.58,0.005636993506049829,0.27742527120936084,35.38,-0.005636993506049769,0.2837409648023135,35.58,0.014152514733706895,0.30650505515199966,35.73,-0.0011188812356080862,0.3505023047130904,35.87,0.027987692503412088,0.40902296867039395,0.2846473793522217
2024-07-02,35.58,34.68,35.58,34.43,0,0.025620530325348046,0.02595155709342567,0.31113726415532544,0.2313965602241918,0.2846473793522217,0.4996232000023187,0.5438792366758873,0.44303207606491063,35.36,1.0062217194570136,35.507,1.0020559326330019,34.6425,1.0270621346611821,33.8782,1.0502328931289147,35.799499999999995,0.9938686294501321,69.66292134831463,0.5127883276889662,0.4565090391817791,34.6425,37.32975549683264,31.955244503167357,0.1551421229318116,0.9671428571428561,34.68,-0.025620530325347984,0.29451739666999044,35.58,0.005636993506049829,0.27742527120936084,35.38,-0.005636993506049769,0.2837409648023135,35.08,-0.018359504531336064,0.3079618417201981,35.87,0.0,0.38920962691712147,0.28190203911571254
2024-07-03,35.73,35.58,35.73,35.58,0,0.00420698979762938,0.004215851602023646,0.2959790764150177,0.2327694585475972,0.28190203911571254,0.49937973129381796,0.5432425074689039,0.4430094322691389,35.39,1.009607233681831,35.493,1.0066773730031273,34.7845,1.0271816469979445,33.8754,1.054747693016171,35.79405,0.9982105964538799,60.869565217391305,0.5220324920748212,0.46961372976038757,34.7845,37.3804277826291,32.188572217370904,0.1492577316120167,0.8528571428571416,35.58,0.025620530325348046,0.2846473793522217,34.68,-0.025620530325347984,0.29451739666999044,35.58,0.005636993506049829,0.27742527120936084,35.58,0.014152514733706895,0.30650505515199966,35.87,0.0,0.37625097813840586,0.31287222453734626
2024-07-04,37.32,35.73,37.32,35.77,0,0.04353870394382478,0.04450041981528141,0.4115122933700062,0.32021119249971014,0.31287222453734626,0.5049691153057084,0.5467776493138898,0.4448472392227055,35.778,1.043099111185645,35.643,1.0470499116236007,35.006,1.066102953779352,33.9142,1.1004240111811572,35.796549999999996,1.0425585705885065,69.61414790996787,0.650163589618451,0.5057237017320002,35.006,37.67622096463832,32.33577903536168,0.15255790233893152,0.894999999999999,35.73,0.00420698979762938,0.28190203911571254,35.58,0.025620530325348046,0.2846473793522217,34.68,-0.025620530325347984,0.29451739666999044,35.38,-0.005636993506049769,0.2837409648023135,35.82,-0.0013948949116254113,0.3764977902305178,0.31258202663012935
2024-07-05,37.37,37.32,37.62,36.87,0,0.001338867518249419,0.001339764201500504,0.415935916269966,0.3191885650796194,0.31258202663012935,0.4742738455913406,0.546727895878553,0.44260786255160794,36.136,1.0341487713083903,35.803000000000004,1.0437672820713346,35.28,1.0592403628117912,33.9062,1.1021583073302228,35.81,1.0435632504886903,64.2045454545455,0.747130533966093,0.5540050681788188,35.28,37.718524143820176,32.84147585617983,0.13823833014853598,0.8492857142857133,37.32,0.04353870394382478,0.31287222453734626,35.73,0.00420698979762938,0.28190203911571254,35.58,0.025620530325348046,0.2846473793522217,35.58,0.005636993506049829,0.27742527120936084,35.77,-0.0013968433616392741,0.3547244911800805,0.2825283843461131
2024-07-08,37.52,37.37,37.52,36.92,0,0.004005880640631628,0.0040139149050042455,0.291469678629951,0.3177518721733078,0.2825283843461131,0.473655041591625,0.546497759842149,0.4425676611618783,36.70399999999999,1.0222319093286838,35.982,1.042743594019232,35.51649999999999,1.0564104007996287,33.9392,1.1055063171789554,35.8302,1.0471613331770409,65.19337016574593,0.8265532905465349,0.608514712652362,35.51649999999999,37.85358117553638,33.17941882446361,0.13160537640456596,0.8714285714285707,37.37,0.001338867518249419,0.31258202663012935,37.32,0.04353870394382478,0.31287222453734626,35.73,0.00420698979762938,0.28190203911571254,34.68,-0.025620530325347984,0.29451739666999044,35.73,-0.0011188812356080862,0.3505023047130904,0.27544158465225277
2024-07-09,37.37,37.52,37.47,37.12,0,-0.004005880640631596,-0.003997867803838151,0.3038367327089581,0.2957556941490948,0.27544158465225277,0.4735998789969784,0.5463726534494946,0.4416621430984224,37.062,1.0083103987912148,36.211,1.0320068487476182,35.7405,1.0455925350792519,33.9572,1.100502986111929,35.8484,1.0424454090001227,63.44086021505377,0.8673938742999141,0.6602905449818725,35.7405,37.86691012036573,33.614089879634264,0.1189916268863465,0.836428571428571,37.52,0.004005880640631628,0.2825283843461131,37.37,0.001338867518249419,0.31258202663012935,37.32,0.04353870394382478,0.31287222453734626,35.58,0.025620530325348046,0.2846473793522217,35.08,-0.018359504531336064,0.3079618417201981,0.28256171638971095
2024-07-10,36.92,37.37,37.17,36.12,0,-0.012114833862741035,-0.01204174471501196,0.34246240974785336,0.30552056077792783,0.28256171638971095,0.4735897728931366,0.5433411610377188,0.4400623195658988,37.3,0.9898123324396784,36.345,1.0158206080616317,35.93,1.0275535763985528,33.9702,1.08683493179316,35.86855,1.0293139811896495,59.19732441471573,0.8536092162799136,0.6989542792414807,35.93,37.72683933030785,34.13316066969215,0.10001888841123557,0.8549999999999999,37.37,-0.004005880640631596,0.27544158465225277,37.52,0.004005880640631628,0.2825283843461131,37.37,0.001338867518249419,0.31258202663012935,35.73,0.00420698979762938,0.28190203911571254,35.58,0.014152514733706895,0.30650505515199966,0.28283894710546253
2024-07-11,36.97,36.92,36.97,36.87,0,0.0013533633138890077,0.001354279523293478,0.10187255250893273,0.301529996898709,0.28283894710546253,0.4725783421048241,0.5431866568047946,0.4400282232387847,37.230000000000004,0.993016384636046,36.504,1.0127657243041859,36.0445,1.0256765942099348,34.0598,1.0854438370160717,35.887750000000004,1.0301565297350765,60.03344481605348,0.8370701341698918,0.7265774502271629,36.0445,37.79726593447226,34.29173406552774,0.09725566643855556,0.7200000000000004,36.92,-0.012114833862741035,0.28256171638971095,37.37,-0.004005880640631596,0.27544158465225277,37.52,0.004005880640631628,0.2825283843461131,37.32,0.04353870394382478,0.31287222453734626,35.38,-0.005636993506049769,0.2837409648023135,0.2419588006637605
2024-07-12,36.92,36.42,36.92,36.42,0,-0.0013533633138890903,-0.0013524479307546189,0.09823380438353636,0.30276384074142504,0.2419588006637605,0.47172688589536416,0.5420413152822612,0.43984294182809097,37.14,0.9940764674205709,36.638,1.0076969266881382,36.1465,1.0213990289516273,34.1744,1.080340839926963,35.907199999999996,1.0282060422422246,59.93322203672794,0.8105842990789114,0.7433788199975127,36.1465,37.85069019200325,34.44230980799676,0.09429351068586146,0.6992857142857142,36.97,0.0013533633138890077,0.28283894710546253,36.92,-0.012114833862741035,0.28256171638971095,37.37,-0.004005880640631596,0.27544158465225277,37.37,0.001338867518249419,0.31258202663012935,35.58,0.005636993506049829,0.27742527120936084,0.2941402478585657
2024-07-15,38.86,36.92,38.86,36.87,0,0.051212034314642475,0.05254604550379183,0.4002510736548468,0.33806136340154747,0.2941402478585657,0.48175973654485715,0.54585071814624,0.4427304032038224,37.408,1.0388152266894781,37.056,1.0486830742659758,36.29600000000001,1.070641392990963,34.3118,1.1325549810852245,35.93705,1.081335279328715,75.96153846153851,0.935353695528093,0.7817737951036288,36.29600000000001,38.380270918847074,34.21172908115294,0.11484851878152234,0.7950000000000002,36.92,-0.0013533633138890903,0.2419588006637605,36.97,0.0013533633138890077,0.28283894710546253,36.92,-0.012114833862741035,0.28256171638971095,37.52,0.004005880640631628,0.2825283843461131,34.68,-0.025620530325347984,0.29451739666999044,0.29174189708918363
2024-07-16,39.86,38.86,39.86,37.87,0,0.025407870835354562,0.025733401955738477,0.4036687820715238,0.3378121346273021,0.29174189708918363,0.4786038451887786,0.5297561963746932,0.44343289254231283,37.906,1.0515485675091014,37.483999999999995,1.0633870451392595,36.49550000000001,1.0921894480141385,34.456199999999995,1.156830991229445,35.9719,1.1080871457999162,77.50642673521857,1.1022202745634502,0.8458630909955931,36.49550000000001,39.10558146676528,33.885418533234734,0.14303579711280964,0.8621428571428577,38.86,0.051212034314642475,0.2941402478585657,36.92,-0.0013533633138890903,0.2419588006637605,36.97,0.0013533633138890077,0.28283894710546253,37.37,-0.004005880640631596,0.27544158465225277,35.58,0.025620530325348046,0.2846473793522217,0.29174189708918363
2024-07-17,39.86,39.86,40.21,39.26,0,0.0,0.0,0.36353780400686525,0.3409515959451728,0.29174189708918363,0.4735328561228637,0.5088629560399109,0.44293453704799324,38.494,1.0354860497739908,37.897,1.0517982953795815,36.695,1.0862515329063904,34.56379999999999,1.1532296796069879,36.006750000000004,1.1070146569740396,79.5514511873351,1.2203952834992648,0.9207695294963275,36.695,39.68593718809866,33.70406281190134,0.16301606148514308,0.9157142857142867,39.86,0.025407870835354562,0.29174189708918363,38.86,0.051212034314642475,0.2941402478585657,36.92,-0.0013533633138890903,0.2419588006637605,36.92,-0.012114833862741035,0.28256171638971095,35.73,0.00420698979762938,0.28190203911571254,0.39684547881200505
2024-07-18,37.07,39.86,38.86,37.07,0,-0.07256529762200775,-0.06999498243853486,0.7332548006324648,0.4939485541987914,0.39684547881200505,0.46279248255757416,0.5181125135320119,0.4488874370722858,38.513999999999996,0.9625071402606845,37.872,0.9788234051542036,36.7575,1.0085016663266,34.611599999999996,1.071028210195426,36.02765,1.0289319453253265,57.32546705998035,1.0765108000900128,0.9519177836150645,36.7575,39.723588155696326,33.791411844303674,0.1613868274880678,1.0828571428571436,39.86,0.0,0.29174189708918363,39.86,0.025407870835354562,0.29174189708918363,38.86,0.051212034314642475,0.2941402478585657,36.97,0.0013533633138890077,0.28283894710546253,37.32,0.04353870394382478,0.31287222453734626,0.3974662735955409
2024-07-19,36.87,37.07,37.87,35.87,0,-0.0054098049165878315,-0.005395198273536628,0.734479249319111,0.4943408619788478,0.3974662735955409,0.46295625396207585,0.5179369138111233,0.44843069213891706,38.504000000000005,0.9575628506129231,37.821999999999996,0.9748294643329279,36.8125,1.0015619694397282,34.657399999999996,1.0638420654751943,36.052550000000004,1.0226738469262229,61.562829989440324,0.9355584464207709,0.9486459161762059,36.8125,39.742058076964746,33.882941923035254,0.15916105002185377,1.1614285714285724,37.07,-0.07256529762200775,0.39684547881200505,39.86,0.0,0.29174189708918363,39.86,0.025407870835354562,0.29174189708918363,36.92,-0.0013533633138890903,0.2419588006637605,37.37,0.001338867518249419,0.31258202663012935,0.39949088632675017
2024-07-22,37.37,36.87,37.37,36.67,0,0.01347003125133928,0.013561160835367403,0.6053305919361309,0.4994667590720191,0.39949088632675017,0.46256356884992883,0.515750351183852,0.447241982395564,38.205999999999996,0.9781186201120243,37.807,0.9884412939402755,36.8945,1.0128880998522813,34.7312,1.075977795181278,36.0847,1.0356189742467028,59.86769570011025,0.8543500958659962,0.929786752114164,36.8945,39.78806800325606,34.000931996743944,0.1568563337763654,1.129285714285715,36.87,-0.0054098049165878315,0.3974662735955409,37.07,-0.07256529762200775,0.39684547881200505,39.86,0.0,0.29174189708918363,38.86,0.051212034314642475,0.2941402478585657,37.52,0.004005880640631628,0.2825283843461131,0.4043923498131676
2024-07-23,36.77,37.37,37.42,36.62,0,-0.0161859481842117,-0.016055659620015872,0.5286596612911606,0.5056329468681451,0.4043923498131676,0.46289675507854294,0.5143599959323443,0.4454689742239443,37.588,0.9782377354474833,37.747,0.9741171483826531,36.979,0.9943481435409287,34.789,1.0569432866710742,36.1126,1.0182041725048876,55.46218487394962,0.7331258884983924,0.8904545793910097,36.979,39.74536870092676,34.21263129907324,0.14961836182302182,1.1757142857142868,37.37,0.01347003125133928,0.39949088632675017,36.87,-0.0054098049165878315,0.3974662735955409,37.07,-0.07256529762200775,0.39684547881200505,39.86,0.025407870835354562,0.29174189708918363,37.37,-0.004005880640631596,0.27544158465225277,0.3980599367365681
2024-07-24,36.77,36.77,36.87,35.53,0,0.0,0.0,0.5286596612911606,0.5022372845807083,0.3980599367365681,0.4437960619185641,0.5140511771751667,0.44411197790805906,36.97,0.9945902082769814,37.732,0.9745043994487439,37.0385,0.9927507863439395,34.8468,1.0551901465844784,36.13975,1.017439246259313,46.53215636822196,0.6297949466747923,0.8383226528477663,37.0385,39.728303553772705,34.348696446227294,0.14524365477936232,1.1578571428571434,36.77,-0.0161859481842117,0.4043923498131676,37.37,0.01347003125133928,0.39949088632675017,36.87,-0.0054098049165878315,0.3974662735955409,39.86,0.0,0.29174189708918363,36.92,-0.012114833862741035,0.28256171638971095,0.4044762516135381
2024-07-25,35.95,36.9,36.95,35.55,0,-0.022553211146124942,-0.02230078868642915,0.22352927682916904,0.5140893257889427,0.4044762516135381,0.4338670937645356,0.5142509791510524,0.44436716514920654,36.746,0.9783377782615795,37.63,0.9553547701302153,37.067,0.9698653789084631,34.874199999999995,1.0308480194527763,36.162549999999996,0.9941223724543763,41.83908045977014,0.47624740026969903,0.7659076023321529,37.067,39.694162567845446,34.439837432154555,0.14175210121377213,1.2042857142857153,36.77,0.0,0.3980599367365681,36.77,-0.0161859481842117,0.4043923498131676,37.37,0.01347003125133928,0.39949088632675017,37.07,-0.07256529762200775,0.39684547881200505,36.97,0.0013533633138890077,0.28283894710546253,0.40405216362458923
2024-07-26,35.85,35.95,36.0,35.4,0,-0.0027855171214264235,-0.002781641168289384,0.22483880885964994,0.5140269248825896,0.40405216362458923,0.43259108747870567,0.5136723267682717,0.44437747523482823,36.542,0.9810628865415139,37.523,0.9554140127388535,37.0805,0.9668154420787206,34.9056,1.0270558305830584,36.18285,0.9908008904771183,40.346820809248534,0.34254208727117685,0.6812344993199578,37.0805,39.67809787820125,34.48290212179875,0.14010587118303416,1.2042857142857153,35.95,-0.022553211146124942,0.4044762516135381,36.77,0.0,0.3980599367365681,36.77,-0.0161859481842117,0.4043923498131676,36.87,-0.0054098049165878315,0.3974662735955409,36.92,-0.0013533633138890903,0.2419588006637605,0.42383285752532857
2024-07-29,34.55,35.85,35.4,34.5,0,-0.03693601683195056,-0.03626220362622046,0.23962681604734729,0.4389927305298564,0.42383285752532857,0.4386615116439619,0.5152637520800661,0.43784640718049883,35.978,0.960309077769748,37.092,0.9314677019303353,37.074,0.9319199438959918,34.933,0.9890361549251423,36.19665,0.9545082210646565,35.61224489795917,0.13017989518093032,0.5710235784921524,37.074,39.69741200087011,34.45058799912989,0.14152300808491727,1.272142857142858,35.85,-0.0027855171214264235,0.40405216362458923,35.95,-0.022553211146124942,0.4044762516135381,36.77,0.0,0.3980599367365681,37.37,0.01347003125133928,0.39949088632675017,38.86,0.051212034314642475,0.2941402478585657,0.4204855641483043
2024-07-30,33.85,34.55,34.55,33.8,0,-0.020468550855394743,-0.020260492040520828,0.24209883325902615,0.38765357795392713,0.4204855641483043,0.3807066185922079,0.5122017248638077,0.4381337894346374,35.394000000000005,0.9563767870260496,36.491,0.9276259899701297,36.9875,0.9151740452855696,34.962199999999996,0.9681885007236388,36.20645,0.9349162925390366,34.72636815920396,-0.09352472705707982,0.43811391738230593,36.9875,39.914807906411774,34.06019209358822,0.15828633491919036,1.236428571428572,34.55,-0.03693601683195056,0.42383285752532857,35.85,-0.0027855171214264235,0.40405216362458923,35.95,-0.022553211146124942,0.4044762516135381,36.77,-0.0161859481842117,0.4043923498131676,39.86,0.025407870835354562,0.29174189708918363,0.4148285681163936
2024-07-31,33.1,33.85,34.9,33.1,0,-0.02240571697526678,-0.02215657311669128,0.19285902323234122,0.37738530797285785,0.4148285681163936,0.374274029891104,0.512951919468738,0.43861281553004877,34.660000000000004,0.9549913444893248,35.815000000000005,0.9241937735585648,36.856,0.8980898632515737,34.9704,0.9465147667741862,36.21275,0.9140427059530138,32.0,-0.32755513220585897,0.28498010746467295,36.856,40.22423802134211,33.48776197865789,0.18277827335262145,1.3578571428571433,33.85,-0.020468550855394743,0.4204855641483043,34.55,-0.03693601683195056,0.42383285752532857,35.85,-0.0027855171214264235,0.40405216362458923,36.77,0.0,0.3980599367365681,39.86,0.0,0.29174189708918363,0.4625892203623946
2024-08-01,35.0,33.1,35.0,33.3,0,0.055814779106396324,0.05740181268882161,0.5759215394009041,0.41190434568461676,0.4625892203623946,0.38709485651660147,0.5189308896606407,0.4420928551214129,34.470000000000006,1.0153756890049317,35.608000000000004,0.9829251853516062,36.74,0.9526401741970604,35.0366,0.9989553780903399,36.229299999999995,0.9660689000339505,42.380952380952365,-0.3556125136505699,0.15686158324162436,36.74,40.199516242420685,33.28048375757932,0.18832423747526855,1.4542857142857148,33.1,-0.02240571697526678,0.4148285681163936,33.85,-0.020468550855394743,0.4204855641483043,34.55,-0.03693601683195056,0.42383285752532857,35.95,-0.022553211146124942,0.4044762516135381,37.07,-0.07256529762200775,0.39684547881200505,0.44674483635244533
2024-08-02,36.0,35.0,36.0,35.0,0,0.028170876966696224,0.02857142857142847,0.6245084758616563,0.4457740346399389,0.44674483635244533,0.3890061397293099,0.5205877274079237,0.44290556675304155,34.5,1.0434782608695652,35.521,1.013484980715633,36.6715,0.9816887773884351,35.1088,1.0253839493232466,36.25185,0.9930527683414778,37.73584905660377,-0.2937701485300366,0.06673523688729216,36.6715,40.13274574470764,33.21025425529236,0.18877033907572036,1.383571428571429,35.0,0.055814779106396324,0.4625892203623946,33.1,-0.02240571697526678,0.4148285681163936,33.85,-0.020468550855394743,0.4204855641483043,35.85,-0.0027855171214264235,0.40405216362458923,36.87,-0.0054098049165878315,0.3974662735955409,0.44665359182164577
2024-08-05,36.0,36.0,36.1,35.85,0,0.0,0.0,0.5319639934511309,0.4374069258124557,0.44665359182164577,0.3736320895233883,0.519624993269456,0.4419333875775201,34.790000000000006,1.0347801092267892,35.384,1.0174089984173638,36.5955,0.9837275074804279,35.211,1.0224077702990544,36.272400000000005,0.992490157805935,31.894934333958716,-0.24197034510477522,0.004994120488878685,36.5955,40.04503070797416,33.14596929202584,0.188522124740701,1.2592857142857146,36.0,0.028170876966696224,0.44674483635244533,35.0,0.055814779106396324,0.4625892203623946,33.1,-0.02240571697526678,0.4148285681163936,34.55,-0.03693601683195056,0.42383285752532857,37.37,0.01347003125133928,0.39949088632675017,0.44952825129054846
2024-08-06,36.5,36.0,36.5,35.95,0,0.01379332213233577,0.01388888888888884,0.4672160591737952,0.43939757681445013,0.44952825129054846,0.37441894860640773,0.5095255533815448,0.4421291014430709,35.32000000000001,1.0334088335220837,35.357000000000006,1.0323274033430436,36.55200000000001,0.9985773692274019,35.3262,1.033227462902888,36.29545,1.0056356926281393,34.94623655913978,-0.15874291683592645,-0.027753286976082345,36.55200000000001,39.98229598231835,33.121704017681665,0.18769402398327537,1.2307142857142854,36.0,0.0,0.44665359182164577,36.0,0.028170876966696224,0.44674483635244533,35.0,0.055814779106396324,0.4625892203623946,33.85,-0.020468550855394743,0.4204855641483043,36.77,-0.0161859481842117,0.4043923498131676,0.4523298324475692
2024-08-07,37.0,36.5,37.5,36.2,0,0.013605652055778678,0.013698630136986356,0.337025018456704,0.44530510055234834,0.4523298324475692,0.37520880860989725,0.4875401313557061,0.4421574290909796,36.1,1.0249307479224377,35.38,1.0457885811192764,36.556,1.0121457489878543,35.4682,1.0431879824744419,36.32025,1.0187154548771002,49.60541149943629,-0.05184116629098412,-0.0325708628390627,36.556,39.98828878676941,33.123711213230585,0.18778251377445082,1.1242857142857139,36.5,0.01379332213233577,0.44952825129054846,36.0,0.0,0.44665359182164577,36.0,0.028170876966696224,0.44674483635244533,33.1,-0.02240571697526678,0.4148285681163936,36.77,0.0,0.3980599367365681,0.4596462296620041
2024-08-08,38.0,37.0,38.0,36.95,0,0.026668247082161273,0.027027027027026973,0.18230513441179136,0.4421147887879482,0.4596462296620041,0.37443455977098894,0.4700463550062796,0.44293623548324035,36.7,1.0354223433242506,35.585,1.067865673738935,36.6075,1.0380386532814314,35.6154,1.0669541827411737,36.3458,1.0455128240401919,55.842812823164444,0.11227662876606104,-0.003601364518037952,36.6075,40.09638686817743,33.11861313182257,0.19061049611021955,1.0564285714285708,37.0,0.013605652055778678,0.4523298324475692,36.5,0.01379332213233577,0.44952825129054846,36.0,0.0,0.44665359182164577,35.0,0.055814779106396324,0.4625892203623946,35.95,-0.022553211146124942,0.4044762516135381,0.4652315330847963
2024-08-09,38.85,38.0,38.9,37.6,0,0.022121917087270692,0.022368421052631593,0.1616916544523401,0.44663020652734986,0.4652315330847963,0.376535034437625,0.46997371542093086,0.4434564644162153,37.269999999999996,1.0423933458545749,35.885,1.0826250522502439,36.70399999999999,1.058467741935484,35.7666,1.086208921172267,36.373650000000005,1.0680808772284331,57.38522954091819,0.30738570889604233,0.058596050164778105,36.70399999999999,40.33322291232737,33.074777087672615,0.19775626156971335,1.0992857142857138,38.0,0.026668247082161273,0.4596462296620041,37.0,0.013605652055778678,0.4523298324475692,36.5,0.01379332213233577,0.44952825129054846,36.0,0.028170876966696224,0.44674483635244533,35.85,-0.0027855171214264235,0.40405216362458923,0.4664019351018902
2024-08-12,38.55,38.0,38.6,37.2,0,-0.007751976804318048,-0.007722007722007818,0.2098962117688018,0.38398281601115375,0.4664019351018902,0.37703570501807965,0.4692231933501369,0.44330359259279867,37.779999999999994,1.0203811540497618,36.285000000000004,1.0624224886316658,36.6885,1.0507379696635186,35.8898,1.0741213380960606,36.40125,1.0590295662923663,59.156378600823004,0.43281435334095164,0.13343971080001282,36.6885,40.281418620080316,33.09558137991968,0.19586075310139792,1.159999999999999,38.85,0.022121917087270692,0.4652315330847963,38.0,0.026668247082161273,0.4596462296620041,37.0,0.013605652055778678,0.4523298324475692,36.0,0.0,0.44665359182164577,34.55,-0.03693601683195056,0.42383285752532857,0.4531905260758045
2024-08-13,37.0,38.55,37.55,36.95,0,-0.04103818736511402,-0.04020752269779504,0.44142062789659364,0.44079676002245666,0.4531905260758045,0.38481400765372886,0.47069109639756573,0.44523786841886703,37.879999999999995,0.9767687434002114,36.6,1.010928961748634,36.5455,1.0124365516958314,35.972,1.0285777827198932,36.4216,1.0158806861862193,51.020408163265294,0.40250557786797003,0.18725288421360428,36.5455,39.82053137791218,33.27046862208781,0.1792303499972465,1.1785714285714275,38.55,-0.007751976804318048,0.4664019351018902,38.85,0.022121917087270692,0.4652315330847963,38.0,0.026668247082161273,0.4596462296620041,36.5,0.01379332213233577,0.44952825129054846,33.85,-0.020468550855394743,0.4204855641483043,0.4420009391749499
2024-08-14,37.0,37.0,37.0,36.7,0,0.0,0.0,0.430723155672332,0.40948177319694345,0.4420009391749499,0.384307533902434,0.4699250651722736,0.44464513263239897,37.879999999999995,0.9767687434002114,36.989999999999995,1.000270343336037,36.4025,1.0164137078497355,36.054199999999994,1.0262327273937573,36.44095,1.0153412575687517,55.02392344497606,0.37417242810575146,0.2246367929920337,36.4025,39.2956634479987,33.50933655200131,0.1589541074376043,1.0999999999999983,37.0,-0.04103818736511402,0.4531905260758045,38.55,-0.007751976804318048,0.4664019351018902,38.85,0.022121917087270692,0.4652315330847963,37.0,0.013605652055778678,0.4523298324475692,33.1,-0.02240571697526678,0.4148285681163936,0.4512036834719688
2024-08-15,37.85,37.0,37.85,36.9,0,0.022713067239233435,0.02297297297297307,0.4159575395570556,0.335367333080914,0.4512036834719688,0.38042471151933593,0.46994022374764777,0.44521286904143653,37.85,1.0,37.275,1.0154258886653253,36.441500000000005,1.038650988570723,36.153400000000005,1.0469278131517368,36.463049999999996,1.0380371362242051,58.92857142857143,0.4155162859489536,0.2628126915834177,36.441500000000005,39.39299043526611,33.4900095647339,0.1619851232943815,1.1249999999999984,37.0,0.0,0.4420009391749499,37.0,-0.04103818736511402,0.4531905260758045,38.55,-0.007751976804318048,0.4664019351018902,38.0,0.026668247082161273,0.4596462296620041,35.0,0.055814779106396324,0.4625892203623946,0.3723865688535865
2024-08-16,38.0,37.85,38.0,37.05,0,0.003955179842928014,0.003963011889035695,0.37041362103948133,0.315693481855746,0.3723865688535865,0.3766946833228462,0.4688250862769642,0.4452275450301939,37.68,1.0084925690021231,37.475,1.0140093395597065,36.498000000000005,1.0411529398871169,36.2756,1.0475360848614497,36.4869,1.0414696781584625,67.16417910447763,0.45513878100047833,0.30127790946682986,36.498000000000005,39.52629185828265,33.46970814171736,0.16594289321511546,1.09642857142857,37.85,0.022713067239233435,0.4512036834719688,37.0,0.0,0.4420009391749499,37.0,-0.04103818736511402,0.4531905260758045,38.85,0.022121917087270692,0.4652315330847963,36.0,0.028170876966696224,0.44674483635244533,0.3716511693829033
2024-08-19,38.0,38.0,38.2,37.45,0,0.0,0.0,0.3701144706137131,0.315693481855746,0.3716511693829033,0.3764810025642504,0.46882266487135443,0.4452275450301939,37.57000000000001,1.0114453021027414,37.675,1.008626410086264,36.5295,1.0402551362597354,36.3798,1.0445357038796255,36.512,1.0407537248028045,72.19251336898395,0.48099527961918653,0.33722138349730124,36.5295,39.60866239464974,33.450337605350256,0.16858497349538004,1.09642857142857,38.0,0.003955179842928014,0.3723865688535865,37.85,0.022713067239233435,0.4512036834719688,37.0,0.0,0.4420009391749499,38.55,-0.007751976804318048,0.4664019351018902,36.0,0.0,0.44665359182164577,0.3690765771836639
2024-08-20,38.0,38.0,38.0,37.7,0,0.0,0.0,0.1566050152535346,0.313015639854034,0.3690765771836639,0.3703364913129952,0.46554979359968246,0.4444332334721378,37.77,1.0060894890124437,37.825,1.004626569729015,36.591,1.0385067366292258,36.482,1.0416095608793379,36.536100000000005,1.0400672211867166,78.48837209302324,0.495771792444458,0.3689314652867326,36.591,39.73875709622513,33.44324290377487,0.17205089208959184,0.9892857142857129,38.0,0.0,0.3716511693829033,38.0,0.003955179842928014,0.3723865688535865,37.85,0.022713067239233435,0.4512036834719688,37.0,-0.04103818736511402,0.4531905260758045,36.5,0.01379332213233577,0.44952825129054846,0.363915655762159
2024-08-21,38.0,38.0,38.0,37.7,0,0.0,0.0,0.1566050152535346,0.30878118730132253,0.363915655762159,0.3683612392324537,0.46395266602245716,0.44435442057099095,37.970000000000006,1.0007900974453514,37.925,1.0019775873434411,36.6525,1.0367642043516812,36.5794,1.0388360662011953,36.559200000000004,1.0394100527363836,72.38805970149252,0.5016990114107571,0.3954849745115375,36.6525,39.86243113551217,33.44256886448784,0.17515482630173462,0.8749999999999984,38.0,0.0,0.3690765771836639,38.0,0.0,0.3716511693829033,38.0,0.003955179842928014,0.3723865688535865,37.0,0.0,0.4420009391749499,37.0,0.013605652055778678,0.4523298324475692,0.3641729947726778
2024-08-22,37.9,38.0,37.95,37.2,0,-0.0026350476380051138,-0.0026315789473684292,0.03743016900465922,0.2785653838624285,0.3641729947726778,0.35429817624025833,0.46301610229748674,0.444363569952763,37.98,0.9978936282253819,37.915,0.999604378214427,36.75,1.0312925170068026,36.6438,1.0342813791146115,36.58355,1.0359847527098927,66.37931034482756,0.4926482683055937,0.4149176332703488,36.75,39.988420667709214,33.511579332290786,0.17624058055560346,0.860714285714284,38.0,0.0,0.363915655762159,38.0,0.0,0.3690765771836639,38.0,0.0,0.3716511693829033,37.85,0.022713067239233435,0.4512036834719688,38.0,0.026668247082161273,0.4596462296620041,0.353678716502745
2024-08-23,37.9,37.9,37.9,37.1,0,0.0,0.0,0.018706982470476877,0.24939798783346423,0.353678716502745,0.3539786739049456,0.4630147801090654,0.44415435666258424,37.959999999999994,0.9984193888303479,37.82,1.0021152829190905,36.8525,1.0284241231938132,36.7042,1.0325793778368688,36.60165,1.0354724445482648,66.37931034482756,0.47994300498039877,0.42792270761235884,36.8525,40.1007343381879,33.6042656618121,0.1762829842310779,0.899999999999998,37.9,-0.0026350476380051138,0.3641729947726778,38.0,0.0,0.363915655762159,38.0,0.0,0.3690765771836639,38.0,0.003955179842928014,0.3723865688535865,38.85,0.022121917087270692,0.4652315330847963,0.3531890898146264
2024-08-26,37.95,37.9,37.95,37.7,0,0.001318391753258454,0.0013192612137205018,0.022915054626370973,0.24817849039015338,0.3531890898146264,0.3483523617230524,0.46299251666134883,0.4441549873639373,37.95,1.0,37.760000000000005,1.0050317796610169,37.0225,1.0250523330407186,36.7458,1.0327710922064564,36.622,1.0362623559608979,63.55140186915889,0.4685079068768445,0.436039747465256,37.0225,40.11552696229231,33.929473037707695,0.167089038411361,0.8785714285714269,37.9,0.0,0.353678716502745,37.9,-0.0026350476380051138,0.3641729947726778,38.0,0.0,0.363915655762159,38.0,0.0,0.3716511693829033,38.55,-0.007751976804318048,0.4664019351018902,0.3226198062310689
2024-08-27,38.0,37.95,38.0,37.85,0,0.0013166558847466812,0.0013175230566533358,0.0256155925575368,0.11481738238510024,0.3226198062310689,0.34583828562657537,0.46298578922571676,0.44415160375092083,37.95,1.0013175230566533,37.86,1.0036978341257263,37.230000000000004,1.0206822455009399,36.7884,1.0329342945058768,36.6426,1.0370443145409987,60.20408163265304,0.45819826697375277,0.44047145136695537,37.230000000000004,39.96272564917843,34.49727435082158,0.1468023448390237,0.7964285714285698,37.95,0.001318391753258454,0.3531890898146264,37.9,0.0,0.353678716502745,37.9,-0.0026350476380051138,0.3641729947726778,38.0,0.0,0.3690765771836639,37.0,-0.04103818736511402,0.4531905260758045,0.30996459617206806
2024-08-28,38.4,38.0,38.4,37.9,0,0.010471299867295437,0.010526315789473717,0.07862839103008039,0.11992646562280306,0.30996459617206806,0.34430186309788946,0.46314763252514657,0.44423665477162627,38.029999999999994,1.0097291611885355,38.0,1.0105263157894737,37.495,1.0241365515402054,36.839,1.0423735714867397,36.6672,1.0472574944364446,54.65116279069766,0.47680811301008674,0.4477387836955817,37.495,39.462071025928154,35.52792897407184,0.10492444464212063,0.7571428571428557,38.0,0.0013166558847466812,0.3226198062310689,37.95,0.001318391753258454,0.3531890898146264,37.9,0.0,0.353678716502745,38.0,0.0,0.363915655762159,37.0,0.0,0.4420009391749499,0.29379091212492403
2024-08-29,38.35,38.4,38.4,38.0,0,-0.001302931780415906,-0.0013020833333332593,0.07401393198715182,0.05800936648539315,0.29379091212492403,0.3384713676922198,0.4630658230802513,0.4440642082578762,38.120000000000005,1.0060335781741867,38.05,1.0078843626806835,37.6625,1.0182542316627945,36.8896,1.0395883934767522,36.69305,1.045157052902389,42.857142857142854,0.4819661620355902,0.45458425936358343,37.6625,39.27327784413348,36.05172215586652,0.08553748923377259,0.6928571428571415,38.4,0.010471299867295437,0.30996459617206806,38.0,0.0013166558847466812,0.3226198062310689,37.95,0.001318391753258454,0.3531890898146264,37.9,-0.0026350476380051138,0.3641729947726778,37.85,0.022713067239233435,0.4512036834719688,0.2354145711650918
2024-08-30,38.25,38.35,38.35,38.0,0,-0.002610967540720402,-0.0026075619295958807,0.08122972740309421,0.05898973413098032,0.2354145711650918,0.3376489056701396,0.462701423966187,0.44390275014207753,38.190000000000005,1.0015710919088765,38.075,1.0045961917268549,37.775,1.012574454003971,36.9392,1.0354853380690432,36.7189,1.0416978722129475,45.45454545454549,0.47253766868480085,0.458174941227827,37.775,39.20051929595894,36.349480704041056,0.07547421818445757,0.5999999999999989,38.35,-0.001302931780415906,0.29379091212492403,38.4,0.010471299867295437,0.30996459617206806,38.0,0.0013166558847466812,0.3226198062310689,37.9,0.0,0.353678716502745,38.0,0.003955179842928014,0.3723865688535865,0.22596094107001177
2024-09-02,39.0,38.5,41.0,38.5,0,0.019418085857101516,0.019607843137254832,0.14806464578043588,0.1107641298853207,0.22596094107001177,0.3393180737062805,0.463459538356923,0.44422326776553644,38.4,1.015625,38.175,1.0216110019646367,37.925,1.028345418589321,37.0046,1.0539230257859833,36.74925,1.0612461478805688,90.0,0.5195946876414794,0.4704588905105575,37.925,39.18595202128922,36.66404797871078,0.06649714021301098,0.6821428571428564,38.25,-0.002610967540720402,0.2354145711650918,38.35,-0.001302931780415906,0.29379091212492403,38.4,0.010471299867295437,0.30996459617206806,37.95,0.001318391753258454,0.3531890898146264,38.0,0.0,0.3716511693829033,0.23818990097948203
2024-09-03,38.3,39.0,39.0,38.1,0,-0.01811174994304617,-0.017948717948717996,0.22602266479079638,0.15221619886527546,0.23818990097948203,0.34182905887972964,0.463004134538694,0.4446212307399712,38.459999999999994,0.9958398335933438,38.205,1.0024865855254548,38.015,1.0074970406418517,37.069,1.033208341201543,36.7761,1.04143723777127,70.31249999999994,0.4947009596144696,0.47530730433133994,38.015,39.091104084182085,36.938895915817916,0.056614709150708105,0.7249999999999994,39.0,0.019418085857101516,0.22596094107001177,38.25,-0.002610967540720402,0.2354145711650918,38.35,-0.001302931780415906,0.29379091212492403,38.0,0.0013166558847466812,0.3226198062310689,38.0,0.0,0.3690765771836639,0.2518077481232748
2024-09-04,37.4,38.3,38.25,37.4,0,-0.023779191766114063,-0.023498694516971286,0.26797021748685307,0.1961282047035642,0.2518077481232748,0.33930491736436474,0.45587034474997523,0.44474882456571774,38.26,0.9775222164140094,38.144999999999996,0.980469262026478,38.035,0.9833048507953202,37.1054,1.0079395451874928,36.7962,1.016409303134563,43.07692307692303,0.39776483697662,0.459798810860396,38.035,39.04448136762017,37.02551863237982,0.05308170724964771,0.7214285714285705,38.3,-0.01811174994304617,0.23818990097948203,39.0,0.019418085857101516,0.22596094107001177,38.25,-0.002610967540720402,0.2354145711650918,38.4,0.010471299867295437,0.30996459617206806,38.0,0.0,0.363915655762159,0.2507739075378197
2024-09-05,37.0,37.4,37.4,36.75,0,-0.010752791776261737,-0.010695187165775333,0.26753780892317736,0.2014975581391938,0.2507739075378197,0.3363732311236273,0.4436309617939757,0.44451286844464516,37.989999999999995,0.9739405106607003,38.055,0.9722769675469715,37.985,0.9740687113334211,37.1378,0.9962894948004459,36.8098,1.0051671022390776,35.71428571428572,0.2853759678218708,0.424914242252691,37.985,39.0957607634759,36.8742392365241,0.05848417867452426,0.6999999999999987,37.4,-0.023779191766114063,0.2518077481232748,38.3,-0.01811174994304617,0.23818990097948203,39.0,0.019418085857101516,0.22596094107001177,38.35,-0.001302931780415906,0.29379091212492403,37.9,-0.0026350476380051138,0.3641729947726778,0.2368363679738708
2024-09-06,37.5,37.0,38.0,36.85,0,0.01342302033214077,0.013513513513513598,0.30616805549307036,0.21667553576892223,0.2368363679738708,0.3371541099070327,0.44358176709274083,0.4447009646599583,37.839999999999996,0.9910147991543341,38.015,0.9864527160331448,37.9175,0.988989252983451,37.1762,1.0087098735212312,36.82915,1.018215190956077,43.75,0.23395590261149124,0.38672257432445106,37.9175,38.96945307079321,36.865546929206786,0.05548641502172932,0.7285714285714272,37.0,-0.010752791776261737,0.2507739075378197,37.4,-0.023779191766114063,0.2518077481232748,38.3,-0.01811174994304617,0.23818990097948203,38.25,-0.002610967540720402,0.2354145711650918,37.9,0.0,0.353678716502745,0.2255493223408723
2024-09-09,37.0,37.5,37.5,36.9,0,-0.013423020332140661,-0.013333333333333308,0.22662081708649537,0.22463355122087297,0.2255493223408723,0.33839768701165673,0.4440090600361363,0.4427253519513508,37.44,0.9882478632478633,37.92,0.9757383966244725,37.839999999999996,0.977801268498943,37.2226,0.9940197621874882,36.84725,1.0041454925401487,38.888888888888886,0.15111732271605405,0.33960152400277166,37.839999999999996,38.92365852069139,36.7563414793086,0.0572758203325261,0.749999999999999,37.5,0.01342302033214077,0.2368363679738708,37.0,-0.010752791776261737,0.2507739075378197,37.4,-0.023779191766114063,0.2518077481232748,39.0,0.019418085857101516,0.22596094107001177,37.95,0.001318391753258454,0.3531890898146264,0.2247957552263504
2024-09-10,37.0,37.0,37.0,36.9,0,0.0,0.0,0.22491100339177109,0.2240980004030131,0.2247957552263504,0.3263929006924164,0.4440068371660428,0.4362329961928551,37.18,0.9951586874663798,37.82,0.9783183500793231,37.839999999999996,0.977801268498943,37.251000000000005,0.9932619258543394,36.86585,1.0036388690346214,38.888888888888886,0.0844931666986426,0.28857985254194585,37.839999999999996,38.92365852069139,36.7563414793086,0.0572758203325261,0.735714285714285,37.0,-0.013423020332140661,0.2255493223408723,37.5,0.01342302033214077,0.2368363679738708,37.0,-0.010752791776261737,0.2507739075378197,38.3,-0.01811174994304617,0.23818990097948203,38.0,0.0013166558847466812,0.3226198062310689,0.1741365490102947
2024-09-11,37.0,37.0,37.0,36.7,0,0.0,0.0,0.16890748174976303,0.2127884979801162,0.1741365490102947,0.3262573153997623,0.4396207322556523,0.4362245003476879,37.1,0.9973045822102425,37.68,0.9819532908704883,37.839999999999996,0.977801268498943,37.2764,0.9925851208807717,36.8857,1.0030987618507985,39.77272727272728,0.03133186877391125,0.23713025578833893,37.839999999999996,38.92365852069139,36.7563414793086,0.0572758203325261,0.6999999999999993,37.0,0.0,0.2247957552263504,37.0,-0.013423020332140661,0.2255493223408723,37.5,0.01342302033214077,0.2368363679738708,37.4,-0.023779191766114063,0.2518077481232748,38.4,0.010471299867295437,0.30996459617206806,0.1741365490102947
2024-09-12,37.0,37.0,37.65,36.7,0,0.0,0.0,0.15067302953571698,0.213301766257792,0.1741365490102947,0.3215938477633582,0.43961095610706935,0.4362245003476879,37.1,0.9973045822102425,37.545,0.9854840857637501,37.7975,0.9789007209471526,37.27,0.9927555674805473,36.9053,1.0025660271017984,39.77272727272728,-0.010675779101866567,0.18756904881029784,37.7975,38.94433775753096,36.65066224246904,0.060683259873322855,0.7107142857142849,37.0,0.0,0.1741365490102947,37.0,0.0,0.2247957552263504,37.0,-0.013423020332140661,0.2255493223408723,37.0,-0.010752791776261737,0.2507739075378197,38.35,-0.001302931780415906,0.29379091212492403,0.18103889794275915
2024-09-13,38.0,37.0,38.0,37.0,0,0.026668247082161273,0.027027027027026973,0.23226277633156092,0.26209878342430204,0.18103889794275915,0.3258230414602118,0.4411403487211501,0.4370355586662708,37.2,1.021505376344086,37.519999999999996,1.0127931769722816,37.7975,1.0053574971889676,37.2826,1.0192422202314215,36.9289,1.0290043841002576,50.46728971962614,0.036305987139066076,0.1573164364760515,37.7975,38.94433775753096,36.65066224246904,0.060683259873322855,0.7642857142857135,37.0,0.0,0.1741365490102947,37.0,0.0,0.1741365490102947,37.0,0.0,0.2247957552263504,37.5,0.01342302033214077,0.2368363679738708,38.25,-0.002610967540720402,0.2354145711650918,0.21708914536556165
2024-09-17,36.7,37.0,37.0,35.1,0,-0.03480940466586106,-0.03421052631578936,0.3468529444516521,0.286077673338809,0.21708914536556165,0.33356637514324083,0.435136808248786,0.43842961087364934,37.14,0.9881529348411416,37.29,0.9841780638240816,37.7325,0.9726363214735309,37.2662,0.9848066075961597,36.945499999999996,0.9933550770729861,40.15151515151517,-0.031002383893124374,0.11965267240221633,37.7325,38.97443185676007,36.49056814323993,0.06582823066375502,0.9607142857142849,38.0,0.026668247082161273,0.18103889794275915,37.0,0.0,0.1741365490102947,37.0,0.0,0.1741365490102947,37.0,-0.013423020332140661,0.2255493223408723,39.0,0.019418085857101516,0.22596094107001177,0.21708914536556165
2024-09-18,36.7,36.7,36.95,36.1,0,0.0,0.0,0.3468529444516521,0.2791094738617367,0.21708914536556165,0.3335481604858994,0.4283179814441793,0.4342903806268845,37.08,0.9897518878101403,37.13,0.9884190681389712,37.6675,0.9743147275502756,37.2528,0.9851608469698923,36.9561,0.9930701562123709,36.29032258064519,-0.08338355910190387,0.0790454261013923,37.6675,38.98430434545301,36.35069565454698,0.06991726796060344,0.985714285714285,36.7,-0.03480940466586106,0.21708914536556165,38.0,0.026668247082161273,0.18103889794275915,37.0,0.0,0.1741365490102947,37.0,0.0,0.2247957552263504,38.3,-0.01811174994304617,0.23818990097948203,0.21968865472690444
2024-09-19,37.0,36.7,37.0,36.45,0,0.008141157583699866,0.008174386920980936,0.3540022819884923,0.2621075055004914,0.21968865472690444,0.3338863513060461,0.4274604907781804,0.43290021926506367,37.08,0.9978425026968717,37.089999999999996,0.9975734699379888,37.61749999999999,0.9835847677277865,37.254400000000004,0.9931712764129873,36.9652,1.00094142598985,39.53488372093021,-0.09954107746658991,0.04332812538779585,37.61749999999999,38.95689302827957,36.27810697172041,0.07121116651981556,0.9964285714285707,36.7,0.0,0.21708914536556165,36.7,-0.03480940466586106,0.21708914536556165,38.0,0.026668247082161273,0.18103889794275915,37.0,0.0,0.1741365490102947,37.4,-0.023779191766114063,0.2518077481232748,0.23656573945339177
2024-09-20,37.9,37.0,37.9,36.5,0,0.024033199444156193,0.024324324324324298,0.39297377431502817,0.28344671894744444,0.23656573945339177,0.33715295164567544,0.42848376512253833,0.4334888871735435,37.260000000000005,1.0171765968867417,37.18,1.019365250134481,37.6175,1.0075098026184621,37.273,1.0168218281329648,36.979549999999996,1.0248907842307438,47.586206896551715,-0.03927085877833747,0.02680832855456919,37.6175,38.95689302827958,36.27810697172042,0.07121116651981554,1.0714285714285705,37.0,0.008141157583699866,0.21968865472690444,36.7,0.0,0.21708914536556165,36.7,-0.03480940466586106,0.21708914536556165,37.0,0.0,0.1741365490102947,37.0,-0.010752791776261737,0.2507739075378197,0.23922988563292832
2024-09-23,37.5,37.9,37.5,36.7,0,-0.010610179112015459,-0.01055408970976246,0.3489735772352488,0.28296018006106516,0.23922988563292832,0.33570346671661383,0.42649892853296234,0.43286567158613903,37.160000000000004,1.0091496232508073,37.18,1.0086067778375472,37.597500000000004,0.9974067424695789,37.2846,1.0057771841457332,36.99265,1.013714886605853,39.130434782608674,-0.023511902725964262,0.0167442822984625,37.597500000000004,38.93106467291074,36.263935327089264,0.07093900780162188,0.9607142857142844,37.9,0.024033199444156193,0.23656573945339177,37.0,0.008141157583699866,0.21968865472690444,36.7,0.0,0.21708914536556165,38.0,0.026668247082161273,0.18103889794275915,37.5,0.01342302033214077,0.2368363679738708,0.23947849986168676
2024-09-24,37.6,37.5,37.75,37.5,0,0.0026631174194836284,0.002666666666666595,0.2017606937141833,0.2729387054448885,0.23947849986168676,0.3346668909908883,0.4257950737736311,0.4328180560089987,37.34,1.0069630423138725,37.239999999999995,1.0096670247046189,37.58,1.0005321979776478,37.2594,1.009141317358841,37.011,1.0159141876739348,44.444444444444464,-0.002919992397451665,0.012811427359279667,37.58,38.90323367868811,36.256766321311886,0.07042222877531198,0.914285714285713,37.5,-0.010610179112015459,0.23922988563292832,37.9,0.024033199444156193,0.23656573945339177,37.0,0.008141157583699866,0.21968865472690444,36.7,-0.03480940466586106,0.21708914536556165,37.0,-0.013423020332140661,0.2255493223408723,0.2396426956968975
2024-09-25,37.7,37.6,37.9,37.5,0,0.0026560440581162104,0.0026595744680850686,0.19859843657421475,0.2728260422825936,0.2396426956968975,0.3344217723538282,0.4245586353143711,0.4328088744340685,37.54,1.0042621204049016,37.31,1.0104529616724738,37.565,1.0035937707972848,37.2162,1.012999715177799,37.0251,1.0182281749407835,52.727272727272776,0.021223754924285743,0.014493892872280884,37.565,38.874921652937886,36.25507834706211,0.06974160271198658,0.8785714285714273,37.6,0.0026631174194836284,0.23947849986168676,37.5,-0.010610179112015459,0.23922988563292832,37.9,0.024033199444156193,0.23656573945339177,36.7,0.0,0.21708914536556165,37.0,0.0,0.2247957552263504,0.23964344602503185
2024-09-26,37.75,38.0,38.0,37.7,0,0.0013253812410684883,0.0013262599469494596,0.19851587141922142,0.27265217688086735,0.23964344602503185,0.33429035938275636,0.42454706411759496,0.43278305818102486,37.69,1.0015919342000532,37.385000000000005,1.0097632740403903,37.5325,1.0057949776860056,37.174,1.0154947005971915,37.0402,1.0191629634829187,57.281553398058264,0.04388653410885013,0.02037242111959473,37.5325,38.78624176808706,36.27875823191294,0.06680832708117287,0.8535714285714272,37.7,0.0026560440581162104,0.2396426956968975,37.6,0.0026631174194836284,0.23947849986168676,37.5,-0.010610179112015459,0.23922988563292832,37.0,0.008141157583699866,0.21968865472690444,37.0,0.0,0.1741365490102947,0.23641618408456141
2024-09-27,37.7,37.75,37.9,37.5,0,-0.0013253812410685707,-0.0013245033112582183,0.0886122375384059,0.2730062653711402,0.23641618408456141,0.32994775144807703,0.4211984417548377,0.4327867691377628,37.65,1.0013280212483402,37.455,1.0065411827526367,37.5,1.0053333333333334,37.186600000000006,1.0138060484152893,37.0548,1.0174120491812129,52.12765957446812,0.0571535373547718,0.027728644366630147,37.5,38.6969258869875,36.3030741130125,0.06383604730600002,0.7999999999999987,37.75,0.0013253812410684883,0.23964344602503185,37.7,0.0026560440581162104,0.2396426956968975,37.6,0.0026631174194836284,0.23947849986168676,37.9,0.024033199444156193,0.23656573945339177,37.0,0.0,0.1741365490102947,0.236531679852349
2024-09-30,37.75,37.7,38.1,37.5,0,0.0013253812410684883,0.0013262599469494596,0.025825586382817494,0.23564739852994349,0.236531679852349,0.3262335563082273,0.42079974556953587,0.43278713326124174,37.7,1.0013262599469495,37.43,1.0085492920117554,37.475,1.0073382254836558,37.2042,1.014670386676773,37.0637,1.0185167697774373,58.82352941176474,0.07088519474283572,0.03635995444187126,37.475,38.62597212915809,36.32402787084191,0.06142613097574872,0.7999999999999987,37.7,-0.0013253812410685707,0.23641618408456141,37.75,0.0013253812410684883,0.23964344602503185,37.7,0.0026560440581162104,0.2396426956968975,37.5,-0.010610179112015459,0.23922988563292832,38.0,0.026668247082161273,0.18103889794275915,0.23644588419734802
2024-10-02,37.75,37.75,37.85,37.7,0,0.0,0.0,0.02401478694662966,0.1396287579695959,0.23644588419734802,0.3261708010302952,0.42051058621633314,0.43278713326124174,37.730000000000004,1.0005300821627352,37.535000000000004,1.0057279872119353,37.4125,1.0090210491146008,37.211800000000004,1.014463154160777,37.0768,1.0181569067449188,58.82352941176474,0.08083580728627027,0.04525512501075106,37.4125,38.326067328198285,36.49893267180172,0.048837545109163154,0.803571428571427,37.75,0.0013253812410684883,0.236531679852349,37.7,-0.0013253812410685707,0.23641618408456141,37.75,0.0013253812410684883,0.23964344602503185,37.6,0.0026631174194836284,0.23947849986168676,36.7,-0.03480940466586106,0.21708914536556165,0.2249268765961883
2024-10-03,37.7,37.75,37.7,37.5,0,-0.0013253812410685707,-0.0013245033112582183,0.021039774937330148,0.14053407485869382,0.2249268765961883,0.3144491396085707,0.4190968982675504,0.43164035920578026,37.73,0.9992048767558973,37.635000000000005,1.0017271157167529,37.3825,1.0084932789406809,37.2304,1.0126133482315527,37.090900000000005,1.0164218177504454,58.139534883721,0.08372206147516437,0.052948512303633725,37.3825,38.20857187147098,36.55642812852902,0.04419564616978423,0.7999999999999987,37.75,0.0,0.23644588419734802,37.75,0.0013253812410684883,0.236531679852349,37.7,-0.0013253812410685707,0.23641618408456141,37.7,0.0026560440581162104,0.2396426956968975,36.7,0.0,0.21708914536556165,0.2173420959037642
2024-10-04,37.5,37.7,37.7,37.35,0,-0.005319161477600045,-0.0053050397877985045,0.03947409174351026,0.1421455211637199,0.2173420959037642,0.31462965234483803,0.4013665698612431,0.4305668729173118,37.67999999999999,0.9952229299363059,37.685,0.9950908849674936,37.3875,1.0030090270812437,37.245,1.0068465565847766,37.1015,1.0107408056278047,55.55555555555557,0.06907485821602677,0.05617378148611234,37.3875,38.21522675379067,36.55977324620934,0.044278261653796794,0.7571428571428562,37.7,-0.0013253812410685707,0.2249268765961883,37.75,0.0,0.23644588419734802,37.75,0.0013253812410684883,0.236531679852349,37.75,0.0013253812410684883,0.23964344602503185,37.0,0.008141157583699866,0.21968865472690444,0.2009377815817075
2024-10-07,37.5,37.5,37.7,37.45,0,0.0,0.0,0.0405872812279457,0.06497678569772,0.2009377815817075,0.3145271915364171,0.40098450015478165,0.43050537908078956,37.64,0.9962805526036131,37.644999999999996,0.9961482268561563,37.4125,1.0023387905111927,37.276,1.006009228457989,37.1121,1.0104521166950942,42.857142857142826,0.05681195129543681,0.05630141544797723,37.4125,38.22092602108814,36.60407397891186,0.04321689387708056,0.7035714285714276,37.5,-0.005319161477600045,0.2173420959037642,37.7,-0.0013253812410685707,0.2249268765961883,37.75,0.0,0.23644588419734802,37.7,-0.0013253812410685707,0.23641618408456141,37.9,0.024033199444156193,0.23656573945339177,0.19734206913157226
2024-10-08,37.4,37.5,37.5,37.35,0,-0.0026702285558789208,-0.002666666666666706,0.03534283869854486,0.039556908591892176,0.19734206913157226,0.3144695341176317,0.40097355709535343,0.4304993281648424,37.57,0.9954751131221719,37.635,0.9937558124086622,37.407500000000006,0.9997995054467685,37.306999999999995,1.0024928297638513,37.11775,1.0076041785937995,65.2173913043478,0.03857962306653917,0.05275705697168962,37.407500000000006,38.21488368886552,36.60011631113449,0.04316694186275552,0.5071428571428562,37.5,0.0,0.2009377815817075,37.5,-0.005319161477600045,0.2173420959037642,37.7,-0.0013253812410685707,0.2249268765961883,37.75,0.0013253812410684883,0.236531679852349,37.5,-0.010610179112015459,0.23922988563292832,0.19171839018080195
2024-10-09,37.35,37.4,37.45,37.25,0,-0.001337792841659831,-0.0013368983957218195,0.032020204595220425,0.036216457066629494,0.19171839018080195,0.3135174751753609,0.4006735158695711,0.4305032085333405,37.489999999999995,0.996265670845559,37.61,0.9930869449614464,37.425,0.997995991983968,37.363,0.9996520622005728,37.11965,1.0062056080808952,63.8297872340426,0.01986677761009048,0.046179001099369794,37.425,38.21005782555626,36.63994217444373,0.04195365801235887,0.4607142857142849,37.4,-0.0026702285558789208,0.19734206913157226,37.5,0.0,0.2009377815817075,37.5,-0.005319161477600045,0.2173420959037642,37.75,0.0,0.23644588419734802,37.6,0.0026631174194836284,0.23947849986168676,0.18598291957750937
2024-10-10,37.5,37.35,37.7,37.3,0,0.004008021397538868,0.004016064257028162,0.054772129911848835,0.040115983298925684,0.18598291957750937,0.313602670567994,0.39999406895038253,0.43034852764056786,37.45,1.0013351134846462,37.589999999999996,0.9976057462090983,37.45,1.0013351134846462,37.43600000000001,1.001709584357303,37.1223,1.0101744773357253,61.36363636363642,0.016945126296803892,0.04033222613885662,37.45,38.20950122136611,36.690498778633895,0.04056081289004581,0.4499999999999998,37.35,-0.001337792841659831,0.19171839018080195,37.4,-0.0026702285558789208,0.19734206913157226,37.5,0.0,0.2009377815817075,37.7,-0.0013253812410685707,0.2249268765961883,37.7,0.0026560440581162104,0.2396426956968975,0.18609809066811847
2024-10-11,37.45,37.5,37.7,37.4,0,-0.0013342230131366103,-0.0013333333333332975,0.04078865645213168,0.038870584336611155,0.18609809066811847,0.3136022811233618,0.3993994424262274,0.43035263629050535,37.440000000000005,1.000267094017094,37.559999999999995,0.9970713525026627,37.472500000000004,0.9993995596770965,37.523,0.998054526557045,37.1247,1.0087623603692422,33.33333333333333,0.01047437240409721,0.03436065539190474,37.472500000000004,38.20193741839987,36.743062581600135,0.03893187902594534,0.3714285714285716,37.5,0.004008021397538868,0.18598291957750937,37.35,-0.001337792841659831,0.19171839018080195,37.4,-0.0026702285558789208,0.19734206913157226,37.5,-0.005319161477600045,0.2173420959037642,37.75,0.0013253812410684883,0.23964344602503185,0.18610348245264957
2024-10-14,37.5,37.45,37.7,37.4,0,0.0013342230131366622,0.001335113484646211,0.042406295693659224,0.04013239328096051,0.18610348245264957,0.29601513601876456,0.3982365078412349,0.430345931833052,37.44,1.001602564102564,37.54,0.9989344698987747,37.4975,1.0000666711114075,37.573,0.9980571154818619,37.1241,1.0101254979918706,50.0,0.009273931349646602,0.029343310583453113,37.4975,38.192197965414714,36.80280203458529,0.03705302835734176,0.30714285714285794,37.45,-0.0013342230131366103,0.18609809066811847,37.5,0.004008021397538868,0.18598291957750937,37.35,-0.001337792841659831,0.19171839018080195,37.5,0.0,0.2009377815817075,37.7,-0.0013253812410685707,0.23641618408456141,0.18610348245264957
2024-10-15,37.5,37.5,37.55,37.5,0,0.0,0.0,0.03548600853274926,0.038949006210397145,0.18610348245264957,0.29127758316986085,0.39465949587600135,0.43034069434048594,37.46,1.00106780565937,37.515,0.9996001599360256,37.472500000000004,1.0007338715057708,37.603,0.9972608568465282,37.119749999999996,1.010243872870911,44.44444444444427,0.008227729026650366,0.025120194272092562,37.472500000000004,38.1258114031357,36.81918859686431,0.034868845320472124,0.2928571428571435,37.5,0.0013342230131366622,0.18610348245264957,37.45,-0.0013342230131366103,0.18609809066811847,37.5,0.004008021397538868,0.18598291957750937,37.4,-0.0026702285558789208,0.19734206913157226,37.75,0.0013253812410684883,0.236531679852349,0.16023871032056872
2024-10-16,37.45,37.5,37.85,37.4,0,-0.0013342230131366103,-0.0013333333333332975,0.03547415247603323,0.03888751986290206,0.16023871032056872,0.2912717697621797,0.3917259283617194,0.4303115729898178,37.48,0.9991995731056565,37.485,0.9990662931839404,37.510000000000005,0.9984004265529192,37.632,0.9951636904761906,37.1144,1.0090423124178216,35.29411764705847,0.003325687559616597,0.020761292929597372,37.510000000000005,38.053478077797145,36.966521922202865,0.028977770077160205,0.2964285714285723,37.5,0.0,0.18610348245264957,37.5,0.0013342230131366622,0.18610348245264957,37.45,-0.0013342230131366103,0.18609809066811847,37.35,-0.001337792841659831,0.19171839018080195,37.75,0.0,0.23644588419734802,0.10139057899985092
2024-10-17,37.5,37.45,37.8,37.4,0,0.0013342230131366622,0.001335113484646211,0.021180133717577963,0.04014879655575846,0.10139057899985092,0.25236130041831956,0.3712723468184958,0.43025476118977707,37.48,1.0005336179295625,37.464999999999996,1.000934205258241,37.55,0.9986684420772305,37.652,0.9959630298523319,37.11305,1.0104262516823597,35.29411764705847,0.0034357611958739653,0.01729618658285269,37.55,37.93797721039116,37.162022789608834,0.020664565134016693,0.3035714285714296,37.45,-0.0013342230131366103,0.16023871032056872,37.5,0.0,0.18610348245264957,37.5,0.0013342230131366622,0.18610348245264957,37.5,0.004008021397538868,0.18598291957750937,37.7,-0.0013253812410685707,0.2249268765961883,0.10166581052365654
2024-10-18,37.45,37.5,37.6,37.45,0,-0.0013342230131366103,-0.0013333333333332975,0.021180133717577963,0.030721165422562532,0.10166581052365654,0.2521257081935077,0.37128065027978635,0.4300925885258525,37.480000000000004,0.9991995731056563,37.46,0.9997330485851575,37.5725,0.9967396367023755,37.661,0.994397387217546,37.11095,1.009136117507097,35.29411764705847,-0.0005057567380646333,0.013735797918669227,37.5725,37.867145192506364,37.27785480749363,0.015684087697457747,0.28571428571428675,37.5,0.0013342230131366622,0.10139057899985092,37.45,-0.0013342230131366103,0.16023871032056872,37.5,0.0,0.18610348245264957,37.45,-0.0013342230131366103,0.18609809066811847,37.5,-0.005319161477600045,0.2173420959037642,0.09828887354757171
2024-10-21,37.5,37.45,37.75,37.45,0,0.0013342230131366622,0.001335113484646211,0.021180133717577963,0.0316009281069873,0.09828887354757171,0.25070316116122593,0.37057224628435015,0.4300926717131009,37.480000000000004,1.0005336179295623,37.46,1.00106780565937,37.552499999999995,0.9986019572598364,37.650999999999996,0.9959894823510664,37.1081,1.0105610365391922,35.29411764705847,0.0004005270087077406,0.01106874373667693,37.552499999999995,37.80480516191761,37.300194838082376,0.01343746285427701,0.264285714285715,37.45,-0.0013342230131366103,0.10166581052365654,37.5,0.0013342230131366622,0.10139057899985092,37.45,-0.0013342230131366103,0.16023871032056872,37.5,0.0013342230131366622,0.18610348245264957,37.5,0.0,0.2009377815817075,0.04961693862797016
2024-10-22,37.55,37.5,37.8,37.5,0,0.001332445233778473,0.0013333333333331865,0.0231965243833176,0.02835184046244407,0.04961693862797016,0.24852927363610558,0.3700281975745671,0.4300740330556717,37.489999999999995,1.0016004267804748,37.475,1.0020013342228151,37.555,0.9998668619358274,37.625,0.9980066445182724,37.10325,1.0120407241953198,38.88888888888845,0.005094617955514025,0.00987391858044435,37.555,37.80610283067377,37.30389716932623,0.01337253791366118,0.27500000000000063,37.5,0.0013342230131366622,0.09828887354757171,37.45,-0.0013342230131366103,0.10166581052365654,37.5,0.0013342230131366622,0.10139057899985092,37.5,0.0,0.18610348245264957,37.4,-0.0026702285558789208,0.19734206913157226,0.16099692084192585
2024-10-23,39.3,37.55,39.4,38.0,0,0.0455511406650717,0.046604527296937315,0.31917541287693807,0.2272533369681968,0.16099692084192585,0.26446748199207265,0.3640342116787154,0.43166254651865027,37.86,1.0380348652931854,37.67,1.0432705070347756,37.64,1.0441020191285866,37.64,1.0441020191285866,37.10545,1.0591436028939145,80.76923076923089,0.14831540581462832,0.037562216027281145,37.64,38.46052614698628,36.81947385301372,0.04359862630107768,0.389285714285715,37.55,0.001332445233778473,0.04961693862797016,37.5,0.0013342230131366622,0.09828887354757171,37.45,-0.0013342230131366103,0.10166581052365654,37.45,-0.0013342230131366103,0.16023871032056872,37.35,-0.001337792841659831,0.19171839018080195,0.16964589237147523
2024-10-24,40.0,39.3,40.3,39.5,0,0.017654935238720745,0.01781170483460559,0.31338533411778147,0.2356078249797904,0.16964589237147523,0.2620935068978929,0.3572308715186136,0.4318535886996403,38.36,1.0427528675703859,37.92,1.0548523206751055,37.755,1.0594623228711428,37.7,1.0610079575596816,37.1029,1.0780828452762452,90.32258064516155,0.31467567657816176,0.09298490813745727,37.755,39.09267276306503,36.41732723693497,0.07086069463991679,0.43571428571428633,39.3,0.0455511406650717,0.16099692084192585,37.55,0.001332445233778473,0.04961693862797016,37.5,0.0013342230131366622,0.09828887354757171,37.5,0.0013342230131366622,0.10139057899985092,37.5,0.004008021397538868,0.18598291957750937,0.17069531184286224
2024-10-25,39.9,40.0,40.2,39.9,0,-0.0025031302181185884,-0.0025000000000000577,0.31682300309848976,0.23675995679395562,0.17069531184286224,0.262074495931543,0.3565564476887205,0.43178611095712266,38.85,1.027027027027027,38.165000000000006,1.0454605004585351,37.8625,1.0538131396500496,37.758,1.0567296996662958,37.0981,1.0755267789994636,87.5000000000002,0.433451664480323,0.16107825940603043,37.8625,39.508507929888715,36.21649207011128,0.0869466057385919,0.4392857142857152,40.0,0.017654935238720745,0.16964589237147523,39.3,0.0455511406650717,0.16099692084192585,37.55,0.001332445233778473,0.04961693862797016,37.45,-0.0013342230131366103,0.10166581052365654,37.45,-0.0013342230131366103,0.18609809066811847,0.17089150549187782
2024-10-28,39.9,39.9,40.0,39.9,0,0.0,0.0,0.31995761538611206,0.23764242885758194,0.17089150549187782,0.2500796230411227,0.3564480836291104,0.4317700928684147,39.33,1.0144927536231885,38.405,1.0389272230178361,37.9725,1.0507604187240767,37.799,1.055583481044472,37.08835,1.0758095197009303,90.32258064516155,0.5215701545520446,0.23317663843523326,37.9725,39.850481839493405,36.09451816050659,0.09891273102868699,0.43571428571428683,39.9,-0.0025031302181185884,0.17069531184286224,40.0,0.017654935238720745,0.16964589237147523,39.3,0.0455511406650717,0.16099692084192585,37.5,0.0013342230131366622,0.09828887354757171,37.5,0.0013342230131366622,0.18610348245264957,0.1920715791825413
2024-10-29,39.0,39.9,39.2,39.0,0,-0.022814677766171288,-0.022556390977443552,0.40676193596402804,0.27841792628885426,0.1920715791825413,0.250989619531229,0.3213983560379582,0.43237949856896035,39.61999999999999,0.9843513377082284,38.555,1.0115419530540786,38.035,1.0253713684764034,37.819,1.0312276897855575,37.06885,1.052096301881499,70.88607594936717,0.5128701663797202,0.28911534402413064,38.035,39.964303119343654,36.10569688065634,0.10144882972754872,0.48571428571428654,39.9,0.0,0.17089150549187782,39.9,-0.0025031302181185884,0.17069531184286224,40.0,0.017654935238720745,0.16964589237147523,37.55,0.001332445233778473,0.04961693862797016,37.5,0.0,0.18610348245264957,0.19588677811921212
2024-10-30,39.5,39.0,39.85,39.3,0,0.012739025777429712,0.012820512820512775,0.25044535861698547,0.2799376100427872,0.19588677811921212,0.24676510872078986,0.316074999493217,0.43246789369740785,39.660000000000004,0.9959657085224407,38.760000000000005,1.0190918472652217,38.122499999999995,1.0361335169519315,37.849000000000004,1.0436207033210916,37.0304,1.066691151054269,73.25581395348847,0.5400953019554819,0.3393113356104009,38.122499999999995,40.15343833641229,36.0915616635877,0.10654801423895591,0.5178571428571433,39.0,-0.022814677766171288,0.1920715791825413,39.9,0.0,0.17089150549187782,39.9,-0.0025031302181185884,0.17069531184286224,39.3,0.0455511406650717,0.16099692084192585,37.45,-0.0013342230131366103,0.16023871032056872,0.19823096696802484
2024-10-31,39.95,39.5,39.95,39.55,0,0.01132800030520755,0.0113924050632912,0.22688174361097638,0.2804389870730099,0.19823096696802484,0.2227991263987144,0.3145977052979309,0.43254702523350397,39.65,1.007566204287516,39.005,1.0242276631201128,38.235,1.0448541911860862,37.888000000000005,1.054423564189189,37.017649999999996,1.0792149150472816,76.59574468085113,0.5911680400623496,0.38968267650079064,38.235,40.411452932735834,36.058547067264165,0.11384610606699802,0.528571428571429,39.5,0.012739025777429712,0.19588677811921212,39.0,-0.022814677766171288,0.1920715791825413,39.9,0.0,0.17089150549187782,40.0,0.017654935238720745,0.16964589237147523,37.5,0.0013342230131366622,0.10139057899985092,0.221945772830648
2024-11-01,41.25,39.95,42.0,39.95,0,0.032022440568406224,0.03254067584480591,0.3189858105522388,0.30392591432220556,0.221945772830648,0.22475556556818574,0.3164432746203058,0.4335952937348432,39.92,1.0333166332665331,39.385,1.04735305319284,38.4225,1.073589693538942,37.953,1.0868706031143782,37.007149999999996,1.114649466386901,81.51260504201687,0.7281490395470769,0.4573759491100479,38.4225,40.95013151045102,35.894868489548976,0.1315703824816721,0.6535714285714285,39.95,0.01132800030520755,0.19823096696802484,39.5,0.012739025777429712,0.19588677811921212,39.0,-0.022814677766171288,0.1920715791825413,39.9,-0.0025031302181185884,0.17069531184286224,37.45,-0.0013342230131366103,0.10166581052365654,0.22926867206375623
2024-11-04,40.65,41.25,41.0,40.2,0,-0.014652276786870375,-0.014545454545454528,0.35335333516769885,0.32598904331783035,0.22926867206375623,0.22722498724805051,0.3081384973477343,0.4338420441998338,40.07,1.0144746693286748,39.7,1.0239294710327456,38.58,1.0536547433903578,38.008,1.0695116817512103,36.99615,1.0987629793910987,74.04580152671758,0.7793090928237447,0.5217625778527872,38.58,41.25392870825596,35.906071291744034,0.13861735138703807,0.7249999999999999,41.25,0.032022440568406224,0.221945772830648,39.95,0.01132800030520755,0.19823096696802484,39.5,0.012739025777429712,0.19588677811921212,39.9,0.0,0.17089150549187782,37.5,0.0013342230131366622,0.09828887354757171,0.2915946454027724
2024-11-05,43.0,40.65,43.0,41.0,0,0.05620127969974292,0.05781057810578116,0.4186976289346074,0.40180400008125394,0.2915946454027724,0.2508291189169044,0.31771581515771674,0.4373357792471327,40.870000000000005,1.0521164668460972,40.245000000000005,1.0684557087836997,38.86,1.1065362840967576,38.11,1.1283127787982157,36.989200000000004,1.1625014869205064,81.35593220338984,0.9979751278088997,0.6170050878440098,38.86,42.12183674443736,35.59816325556264,0.16787631211720846,0.8607142857142855,40.65,-0.014652276786870375,0.22926867206375623,41.25,0.032022440568406224,0.221945772830648,39.95,0.01132800030520755,0.19823096696802484,39.0,-0.022814677766171288,0.1920715791825413,37.55,0.001332445233778473,0.04961693862797016,0.29438877618854686
2024-11-06,42.65,43.5,43.5,42.3,0,-0.008172841755874358,-0.008139534883720989,0.46393465808129747,0.3713645119912672,0.29438877618854686,0.2507275123644512,0.317957716043202,0.4372794259639827,41.5,1.0277108433734938,40.58,1.051010349926072,39.125,1.0900958466453674,38.204,1.116375248665061,36.974000000000004,1.1535132796018823,78.14207650273224,1.130001507038763,0.7196043716829604,39.125,42.71497141170168,35.53502858829832,0.18351291561414354,0.9178571428571429,43.0,0.05620127969974292,0.2915946454027724,40.65,-0.014652276786870375,0.22926867206375623,41.25,0.032022440568406224,0.221945772830648,39.5,0.012739025777429712,0.19588677811921212,39.3,0.0455511406650717,0.16099692084192585,0.293138892448077
2024-11-07,43.0,42.65,43.0,42.05,0,0.008172841755874386,0.008206330597889888,0.4661911472425859,0.3676225198290074,0.293138892448077,0.2460938558497262,0.31556108214072054,0.4358333537435174,42.11,1.0211351222987415,40.88,1.0518590998043051,39.4,1.0913705583756346,38.304,1.1225981620718462,36.9638,1.1633003100330594,79.36507936507934,1.248483695813853,0.8253802365091389,39.4,43.295476458932654,35.50452354106734,0.19773992177323127,0.9750000000000004,42.65,-0.008172841755874358,0.29438877618854686,43.0,0.05620127969974292,0.2915946454027724,40.65,-0.014652276786870375,0.22926867206375623,39.95,0.01132800030520755,0.19823096696802484,40.0,0.017654935238720745,0.16964589237147523,0.3112949247138214
2024-11-08,42.0,43.0,43.5,42.0,0,-0.02353049741019416,-0.023255813953488413,0.5017207675740476,0.3971800751964485,0.3112949247138214,0.24782505669529054,0.3175542632081981,0.4363359191181248,42.260000000000005,0.9938476100331282,41.089999999999996,1.022146507666099,39.6275,1.0598700397451266,38.376000000000005,1.0944340212632895,36.95305,1.1365773596496096,71.63461538461537,1.2473118072950342,0.909766550666318,39.6275,43.57458086671837,35.680419133281625,0.19920917881362052,1.0607142857142864,43.0,0.008172841755874386,0.293138892448077,42.65,-0.008172841755874358,0.29438877618854686,43.0,0.05620127969974292,0.2915946454027724,41.25,0.032022440568406224,0.221945772830648,39.9,-0.0025031302181185884,0.17069531184286224,0.3148256522032639
2024-11-11,41.6,42.0,42.2,41.1,0,-0.009569451016150672,-0.00952380952380949,0.4912576027285908,0.40349527800424356,0.3148256522032639,0.24811949668824176,0.31794598464000384,0.43645960952603063,42.45,0.9799764428739693,41.260000000000005,1.0082404265632574,39.832499999999996,1.0443733132492312,38.441,1.0821778829895163,36.93685,1.1262465532388388,68.83720930232559,1.2002704495404615,0.9678673304411467,39.832499999999996,43.74001974100054,35.924980258999454,0.19619756435074584,1.1178571428571438,42.0,-0.02353049741019416,0.3112949247138214,43.0,0.008172841755874386,0.293138892448077,42.65,-0.008172841755874358,0.29438877618854686,40.65,-0.014652276786870375,0.22926867206375623,39.9,0.0,0.17089150549187782,0.31490847089823926
2024-11-12,42.0,41.6,42.1,41.85,0,0.009569451016150672,0.009615384615384581,0.21876991513153254,0.3745599297278094,0.31490847089823926,0.2332977683217705,0.31701845122548566,0.43636040484838856,42.25,0.9940828402366864,41.56,1.010587102983638,40.0575,1.0484927916120577,38.516,1.090455914425174,36.927600000000005,1.1373606733175183,64.36170212765958,1.181645221105505,1.0106229085740184,40.0575,43.91745295853439,36.197547041465604,0.19272061204690225,1.0214285714285722,41.6,-0.009569451016150672,0.3148256522032639,42.0,-0.02353049741019416,0.3112949247138214,43.0,0.008172841755874386,0.293138892448077,43.0,0.05620127969974292,0.2915946454027724,39.0,-0.022814677766171288,0.1920715791825413,0.32033036125316067
2024-11-13,43.0,42.0,43.0,42.2,0,0.023530497410194036,0.023809523809523725,0.2909795209230453,0.3826875965628086,0.32033036125316067,0.23718714819494519,0.3181927931464162,0.43683173787199137,42.32000000000001,1.0160680529300565,41.910000000000004,1.0260081126222858,40.334999999999994,1.0660716499318212,38.596,1.1141050886102188,36.933099999999996,1.1642672832770606,65.4639175257732,1.2333588430313327,1.0551700954654812,40.334999999999994,44.203645893930414,36.46635410606957,0.1918257540067148,1.0214285714285722,42.0,0.009569451016150672,0.31490847089823926,41.6,-0.009569451016150672,0.3148256522032639,42.0,-0.02353049741019416,0.3112949247138214,42.65,-0.008172841755874358,0.29438877618854686,39.5,0.012739025777429712,0.19588677811921212,0.31995143622332445
2024-11-14,43.0,43.0,43.1,42.7,0,0.0,0.0,0.2851361014346132,0.38455582058206483,0.31995143622332445,0.2335981138255348,0.3144020144220008,0.4368140891389821,42.32000000000001,1.0160680529300565,42.215,1.0185952860357692,40.61,1.0588524993843882,38.69,1.1113982941328509,36.9376,1.1641254439920297,66.14583333333334,1.2598198420554851,1.096100044783482,40.61,44.41146786054149,36.80853213945851,0.1872183137425015,1.028571428571429,43.0,0.023530497410194036,0.32033036125316067,42.0,0.009569451016150672,0.31490847089823926,41.6,-0.009569451016150672,0.3148256522032639,43.0,0.008172841755874386,0.293138892448077,39.95,0.01132800030520755,0.19823096696802484,0.3193820776100695
2024-11-15,43.3,43.0,43.3,42.9,0,0.006952519314881663,0.006976744186046435,0.19431327460756628,0.3592957127838289,0.3193820776100695,0.233775633811792,0.31225371119520096,0.4368177966897072,42.58,1.0169093471113198,42.42,1.0207449316360206,40.9025,1.0586149990831855,38.808,1.1157493300350443,36.9406,1.1721520495065048,67.17171717171716,1.2901260966521235,1.1349052551572105,40.9025,44.57837798319823,37.22662201680178,0.17973854816689575,1.0500000000000003,43.0,0.0,0.31995143622332445,43.0,0.023530497410194036,0.32033036125316067,42.0,0.009569451016150672,0.31490847089823926,42.0,-0.02353049741019416,0.3112949247138214,41.25,0.032022440568406224,0.221945772830648,0.31812473502794236
2024-11-18,43.5,43.3,43.7,43.3,0,0.0046083030861944025,0.004618937644341958,0.14107691152449195,0.3426465795911429,0.31812473502794236,0.23379126456767413,0.31211589393609623,0.4368305979502805,42.959999999999994,1.0125698324022347,42.705,1.0186160871092378,41.2025,1.0557611795400765,38.937999999999995,1.1171606143099286,36.943850000000005,1.1774625546606539,74.45652173913042,1.3151224374711248,1.1709486916199934,41.2025,44.683346085893085,37.721653914106916,0.16896285836505476,1.014285714285715,43.3,0.006952519314881663,0.3193820776100695,43.0,0.0,0.31995143622332445,43.0,0.023530497410194036,0.32033036125316067,41.6,-0.009569451016150672,0.3148256522032639,40.65,-0.014652276786870375,0.22926867206375623,0.31772865819016305
2024-11-19,44.0,43.5,44.65,43.55,0,0.01142869582362285,0.011494252873563315,0.14221889288315226,0.20976289030999834,0.31772865819016305,0.23448129454752067,0.30873346768192794,0.4367744143034728,43.36,1.014760147601476,42.80499999999999,1.0279172993809136,41.525,1.0596026490066226,39.068,1.126241425207331,36.9546,1.190650149101871,74.45652173913042,1.3596053547797808,1.2086800242519509,41.525,44.768049247397514,38.281950752602484,0.15619743515460638,1.0357142857142863,43.5,0.0046083030861944025,0.31812473502794236,43.3,0.006952519314881663,0.3193820776100695,43.0,0.0,0.31995143622332445,42.0,0.009569451016150672,0.31490847089823926,43.0,0.05620127969974292,0.2915946454027724,0.3197685310083547
2024-11-20,44.9,44.0,45.0,44.0,0,0.020248160829947494,0.020454545454545503,0.12200612972583955,0.21837856734523595,0.3197685310083547,0.23714637602298488,0.30854059620899155,0.4364478046151731,43.739999999999995,1.0265203475080018,43.03,1.0434580525214965,41.805,1.0740342064346369,39.226,1.1446489573242238,36.9848,1.21401224286734,75.64766839378237,1.4507574369471925,1.2570955067909992,41.805,45.20250682583153,38.40749317416847,0.16254069254067827,1.0750000000000004,44.0,0.01142869582362285,0.31772865819016305,43.5,0.0046083030861944025,0.31812473502794236,43.3,0.006952519314881663,0.3193820776100695,43.0,0.023530497410194036,0.32033036125316067,42.65,-0.008172841755874358,0.29438877618854686,0.29500182136871356
2024-11-21,44.5,44.9,44.85,44.5,0,-0.008948605576014033,-0.008908685968819552,0.1693272292910036,0.22840653079672776,0.29500182136871356,0.2380525418823116,0.3006663748076274,0.4360926611274861,44.04,1.0104450499545867,43.18,1.03056970819824,42.03,1.0587675469902451,39.376,1.1301300284437221,37.0324,1.2016504466359188,68.57142857142857,1.4737312057456222,1.3004226465819237,42.03,45.51899020227512,38.54100979772488,0.16602380215441917,0.9571428571428575,44.9,0.020248160829947494,0.3197685310083547,44.0,0.01142869582362285,0.31772865819016305,43.5,0.0046083030861944025,0.31812473502794236,43.0,0.0,0.31995143622332445,43.0,0.008172841755874386,0.293138892448077,0.29387768999930824
2024-11-22,44.3,44.5,44.3,44.15,0,-0.004504512121104653,-0.004494382022471988,0.1874851466508986,0.18046497303607142,0.29387768999930824,0.23841871641888643,0.30064789999461167,0.43604432016600486,44.239999999999995,1.0013562386980108,43.410000000000004,1.020502188435844,42.25,1.0485207100591716,39.522,1.120894691564192,37.061550000000004,1.1953088848145852,71.85628742514969,1.4589815236846135,1.3321344220024618,42.25,45.72835411774216,38.77164588225784,0.1646558162244808,0.9071428571428578,44.5,-0.008948605576014033,0.29500182136871356,44.9,0.020248160829947494,0.3197685310083547,44.0,0.01142869582362285,0.31772865819016305,43.3,0.006952519314881663,0.3193820776100695,42.0,-0.02353049741019416,0.3112949247138214,0.31380197971258256
2024-11-25,43.1,44.3,44.3,43.1,0,-0.02746167994138778,-0.02708803611738142,0.29464720522503624,0.23572264178517677,0.31380197971258256,0.24582036304092345,0.3005978996447344,0.4369617160843295,44.160000000000004,0.9759963768115941,43.559999999999995,0.9894398530762168,42.410000000000004,1.0162697477010139,39.644,1.0871758652002825,37.08025,1.1623438353301285,50.69444444444446,1.3350724391788802,1.3327220254377456,42.410000000000004,45.72370360456999,39.096296395430016,0.15626991768780887,0.8250000000000003,44.3,-0.004504512121104653,0.29387768999930824,44.5,-0.008948605576014033,0.29500182136871356,44.9,0.020248160829947494,0.3197685310083547,43.5,0.0046083030861944025,0.31812473502794236,41.6,-0.009569451016150672,0.3148256522032639,0.31407092418437793
2024-11-26,43.5,43.1,43.8,43.15,0,0.00923794098493636,0.009280742459396807,0.28878044451121065,0.23549106473365183,0.31407092418437793,0.24623841000876368,0.29916626874839536,0.4369535985824896,44.06,0.9872900590104403,43.709999999999994,0.9951956074124916,42.635000000000005,1.0202884953676556,39.754,1.0942295114956986,37.1049,1.1723518996143367,55.86206896551726,1.2546870032934265,1.3171150210088818,42.635000000000005,45.56238431835678,39.70761568164323,0.1373230593811081,0.789285714285714,43.1,-0.02746167994138778,0.31380197971258256,44.3,-0.004504512121104653,0.29387768999930824,44.5,-0.008948605576014033,0.29500182136871356,44.0,0.01142869582362285,0.31772865819016305,42.0,0.009569451016150672,0.31490847089823926,0.2990063798131539
2024-11-27,43.5,43.5,43.5,43.45,0,0.0,0.0,0.21579508162880898,0.20742848321100504,0.2990063798131539,0.24568934322153696,0.2980611128284183,0.4369547570573401,43.78,0.9936043855641845,43.76,0.9940585009140769,42.835,1.0155246877553403,39.89,1.0904988718977187,37.135549999999995,1.171384293486969,53.6231884057971,1.1774085335450692,1.2891737235161194,42.835,45.382465200422004,40.287534799578,0.11894316332074253,0.7249999999999994,43.5,0.00923794098493636,0.31407092418437793,43.1,-0.02746167994138778,0.31380197971258256,44.3,-0.004504512121104653,0.29387768999930824,44.9,0.020248160829947494,0.3197685310083547,43.0,0.023530497410194036,0.32033036125316067,0.2986243068237813
2024-11-28,44.0,43.5,44.0,43.5,0,0.01142869582362285,0.011494252873563315,0.2465476591742733,0.21349045689094984,0.2986243068237813,0.24631670882608825,0.29484283984308485,0.43704944342958524,43.68,1.0073260073260073,43.86,1.0031919744642044,43.0375,1.0223642172523961,40.036,1.099010890198821,37.1722,1.1836802771963997,65.62500000000003,1.143331002733163,1.2600051793595282,43.0375,45.2398611731128,40.8351388268872,0.10234614803893342,0.6535714285714279,43.5,0.0,0.2990063798131539,43.5,0.00923794098493636,0.31407092418437793,43.1,-0.02746167994138778,0.31380197971258256,44.5,-0.008948605576014033,0.29500182136871356,43.0,0.0,0.31995143622332445,0.2986168932596664
2024-11-29,44.5,44.0,44.55,44.3,0,0.011299555253933466,0.011363636363636465,0.2624964395902732,0.21722617054973956,0.2986168932596664,0.24678736328144887,0.2945432941727943,0.4371643020699513,43.720000000000006,1.017840805123513,43.980000000000004,1.0118235561618916,43.2,1.0300925925925926,40.186,1.1073508186930772,37.21535,1.195743154370441,72.30769230769232,1.1434887093308603,1.2367018853537948,43.2,45.32528635841287,41.07471364158714,0.09839288696355855,0.6142857142857133,44.0,0.01142869582362285,0.2986243068237813,43.5,0.0,0.2990063798131539,43.5,0.00923794098493636,0.31407092418437793,44.3,-0.004504512121104653,0.29387768999930824,43.3,0.006952519314881663,0.3193820776100695,0.2821599610770871
2024-12-02,44.7,44.5,44.7,44.0,0,0.004484312447328586,0.004494382022471877,0.07858113620367504,0.21719709946893528,0.2821599610770871,0.2443980501906405,0.2945379226307794,0.4358294413368107,44.04,1.0149863760217985,44.1,1.0136054421768708,43.4025,1.0298945913253845,40.321999999999996,1.1085759634938745,37.255250000000004,1.1998308963166264,71.42857142857146,1.1465354742227234,1.2186686031275804,43.4025,45.25962709651876,41.545372903481244,0.08557696430015595,0.6285714285714279,44.5,0.011299555253933466,0.2986168932596664,44.0,0.01142869582362285,0.2986243068237813,43.5,0.0,0.2990063798131539,43.1,-0.02746167994138778,0.31380197971258256,43.5,0.0046083030861944025,0.31812473502794236,0.2741215577121784
2024-12-03,45.0,44.85,45.0,44.6,0,0.006688988150796489,0.006711409395973034,0.0766607320850867,0.21314205008502474,0.2741215577121784,0.24104510986332767,0.2945783463635007,0.4355642198358649,44.339999999999996,1.0148849797023005,44.2,1.0180995475113122,43.502500000000005,1.0344233090052295,40.472,1.1118798181458787,37.296400000000006,1.2065507662937975,67.85714285714288,1.1597882333348934,1.206892529169043,43.502500000000005,45.47986533908207,41.52513466091794,0.09090812431846733,0.5857142857142849,44.7,0.004484312447328586,0.2821599610770871,44.5,0.011299555253933466,0.2986168932596664,44.0,0.01142869582362285,0.2986243068237813,43.5,0.00923794098493636,0.31407092418437793,44.0,0.01142869582362285,0.31772865819016305,0.2024402150799338
2024-12-04,44.75,45.0,45.15,44.75,0,-0.00557104504945536,-0.005555555555555536,0.11045614429840242,0.19026723201218462,0.2024402150799338,0.23564902828888826,0.2909517826279523,0.4355818627167514,44.589999999999996,1.0035882484862078,44.184999999999995,1.0127871449586965,43.6075,1.0261996216247204,40.615,1.1018096762279945,37.343250000000005,1.1983424045844964,64.95726495726498,1.1370114692964535,1.1929163171945252,43.6075,45.6170233789431,41.5979766210569,0.09216411759184087,0.5857142857142849,45.0,0.006688988150796489,0.2741215577121784,44.7,0.004484312447328586,0.2821599610770871,44.5,0.011299555253933466,0.2986168932596664,43.5,0.0,0.2990063798131539,44.9,0.020248160829947494,0.3197685310083547,0.21002859773117252
2024-12-05,44.0,44.75,44.8,44.0,0,-0.016901810802603254,-0.016759776536312887,0.1791147040761659,0.20403943969395996,0.21002859773117252,0.23740586991731397,0.29003495805235485,0.4359172555216809,44.589999999999996,0.9867683337071093,44.135,0.9969412031267701,43.657500000000006,1.0078451583347647,40.741,1.0799931273164625,37.381400000000006,1.1770559690113263,55.55555555555558,1.0463799707558437,1.1636090479067889,43.657500000000006,45.653093830626545,41.66190616937347,0.09142043546362202,0.6142857142857133,44.75,-0.00557104504945536,0.2024402150799338,45.0,0.006688988150796489,0.2741215577121784,44.7,0.004484312447328586,0.2821599610770871,44.0,0.01142869582362285,0.2986243068237813,44.5,-0.008948605576014033,0.29500182136871356,0.208764978034281
2024-12-06,43.95,44.0,44.0,43.95,0,-0.0011370097870751247,-0.001136363636363602,0.14889885020429183,0.20317846450932872,0.208764978034281,0.23652974075046562,0.2900745833540588,0.4349802096226702,44.480000000000004,0.9880845323741007,44.1,0.9965986394557823,43.755,1.0044566335275968,40.865,1.0754924752232962,37.423,1.1744114581941587,53.65853658536588,0.9594592243692546,1.122779083199282,43.755,45.59402147893726,41.91597852106275,0.08405994647182059,0.5892857142857127,44.0,-0.016901810802603254,0.21002859773117252,44.75,-0.00557104504945536,0.2024402150799338,45.0,0.006688988150796489,0.2741215577121784,44.5,0.011299555253933466,0.2986168932596664,44.3,-0.004504512121104653,0.29387768999930824,0.19012826108694134
2024-12-09,44.35,43.95,44.5,43.95,0,0.00906008462440248,0.009101251422070522,0.16506240944784736,0.14265823612465403,0.19012826108694134,0.23463712027682398,0.29014742523493164,0.4342366928357735,44.410000000000004,0.9986489529385273,44.225,1.0028264556246467,43.8925,1.0104231930284218,40.998000000000005,1.0817600858578467,37.46635,1.1837288660357896,52.89256198347109,0.9123337481476312,1.080690016188952,43.8925,45.441447010745634,42.34355298925436,0.07057911992917404,0.5464285714285698,43.95,-0.0011370097870751247,0.208764978034281,44.0,-0.016901810802603254,0.21002859773117252,44.75,-0.00557104504945536,0.2024402150799338,44.7,0.004484312447328586,0.2821599610770871,43.1,-0.02746167994138778,0.31380197971258256,0.18888276221331007
2024-12-10,44.0,44.35,44.0,43.9,0,-0.007923074837327322,-0.007891770011273946,0.1509862949870294,0.14711385494021526,0.18888276221331007,0.23556510767209798,0.283816744919663,0.43429569019495173,44.21,0.9952499434517077,44.275,0.9937888198757764,43.9925,1.00017048360516,41.123000000000005,1.0699608491598374,37.508449999999996,1.1730690017849312,41.81818181818182,0.8370948850321369,1.031970989957589,43.9925,45.259604033444575,42.725395966555425,0.05760545699583224,0.5071428571428557,44.35,0.00906008462440248,0.19012826108694134,43.95,-0.0011370097870751247,0.208764978034281,44.0,-0.016901810802603254,0.21002859773117252,45.0,0.006688988150796489,0.2741215577121784,43.5,0.00923794098493636,0.31407092418437793,0.18720877233567942
2024-12-11,44.1,44.0,44.1,43.95,0,0.0022701485345390775,0.002272727272727204,0.1575821214238381,0.1470614337678045,0.18720877233567942,0.23550112331591633,0.2837639600791818,0.43429744694880673,44.08,1.000453720508167,44.335,0.9946994473891959,44.0475,1.0011918951132301,41.25,1.069090909090909,37.5513,1.17439342978805,46.15384615384617,0.7765847229327463,0.9808937365526205,44.0475,45.225578274583306,42.86942172541669,0.053491266227745346,0.4892857142857129,44.0,-0.007923074837327322,0.18888276221331007,44.35,0.00906008462440248,0.19012826108694134,43.95,-0.0011370097870751247,0.208764978034281,44.75,-0.00557104504945536,0.2024402150799338,43.5,0.0,0.2990063798131539,0.1735499595782469
2024-12-12,43.75,44.1,43.8,43.75,0,-0.007968169649176958,-0.00793650793650802,0.11455656118207704,0.14206387894539813,0.1735499595782469,0.23642171966354372,0.28163808383743544,0.43314373285831576,44.03,0.9936406995230525,44.31,0.9873617693522906,44.085,0.9924010434388114,41.370999999999995,1.0575040487297866,37.59315,1.163775847461572,44.85981308411216,0.6924062800009381,0.9231962452422839,44.085,45.16647073347408,43.00352926652592,0.04906297985591822,0.4892857142857129,44.1,0.0022701485345390775,0.18720877233567942,44.0,-0.007923074837327322,0.18888276221331007,44.35,0.00906008462440248,0.19012826108694134,44.0,-0.016901810802603254,0.21002859773117252,44.0,0.01142869582362285,0.2986243068237813,0.1743300462522776
2024-12-13,44.0,43.75,44.0,43.8,0,0.005698021114637796,0.005714285714285783,0.12441868631521841,0.1313377347457559,0.1743300462522776,0.23143375875143207,0.2816890747932366,0.43247695219148236,44.04,0.9990917347865577,44.260000000000005,0.9941256213285132,44.12,0.9972801450589303,41.501,1.060215416495988,37.635,1.1691244851866613,60.22727272727271,0.6385068585586282,0.8662583679055529,44.12,45.13794426483395,43.10205573516605,0.04614434564070491,0.4214285714285703,43.75,-0.007968169649176958,0.1735499595782469,44.1,0.0022701485345390775,0.18720877233567942,44.0,-0.007923074837327322,0.18888276221331007,43.95,-0.0011370097870751247,0.208764978034281,44.5,0.011299555253933466,0.2986168932596664,0.1742642149065365
2024-12-16,44.3,44.0,44.5,44.0,0,0.006795043132828808,0.006818181818181834,0.11496859064311533,0.13457580318421344,0.1742642149065365,0.2189191971703253,0.2817741282323286,0.4324415405764856,44.03,1.0061321826027707,44.220000000000006,1.0018091361374941,44.16,1.0031702898550725,41.637,1.06395753776689,37.6806,1.1756713003508437,59.30232558139532,0.6129331596102787,0.8155933262464982,44.16,45.137429496713274,43.18257050328672,0.04426764024969554,0.4071428571428563,44.0,0.005698021114637796,0.1743300462522776,43.75,-0.007968169649176958,0.1735499595782469,44.1,0.0022701485345390775,0.18720877233567942,44.35,0.00906008462440248,0.19012826108694134,44.7,0.004484312447328586,0.2821599610770871,0.17583123831895017
2024-12-17,44.0,44.3,44.2,44.0,0,-0.00679504313282869,-0.006772009029345272,0.11039860524907195,0.13024148100232666,0.17583123831895017,0.21971645871647075,0.28199615308452575,0.4323042337047779,44.03,0.9993186463774699,44.120000000000005,0.99728014505893,44.16,0.996376811594203,41.769000000000005,1.0534128181187004,37.724700000000006,1.166344596511039,55.434782608695656,0.561980168586814,0.7648706947145614,44.16,45.137429496713274,43.18257050328672,0.04426764024969554,0.4249999999999992,44.3,0.006795043132828808,0.1742642149065365,44.0,0.005698021114637796,0.1743300462522776,43.75,-0.007968169649176958,0.1735499595782469,44.0,-0.007923074837327322,0.18888276221331007,45.0,0.006688988150796489,0.2741215577121784,0.1798299448516848
2024-12-18,44.7,44.0,44.95,44.0,0,0.01578386770126195,0.015909090909090873,0.15892569785643884,0.15646103690636465,0.1798299448516848,0.2209883648285336,0.2826700194819036,0.4325605832272206,44.15,1.012457531143828,44.115,1.0132607956477389,44.15,1.012457531143828,41.916000000000004,1.0664185513884912,37.7763,1.183281581308916,57.29166666666671,0.5714958574591762,0.7261957272634844,44.15,45.099237921477794,43.2007620785222,0.043000585344407496,0.4571428571428565,44.0,-0.00679504313282869,0.17583123831895017,44.3,0.006795043132828808,0.1742642149065365,44.0,0.005698021114637796,0.1743300462522776,44.1,0.0022701485345390775,0.18720877233567942,44.75,-0.00557104504945536,0.2024402150799338,0.1654762066224675
2024-12-19,44.8,44.7,45.0,44.8,0,0.002234637801416141,0.0022371364653241965,0.12956020847931046,0.12536154243927933,0.1654762066224675,0.21681700693559486,0.2826407386662665,0.4318958946638251,44.36,1.0099188458070334,44.19500000000001,1.013689331372327,44.165,1.01437790105287,42.062000000000005,1.0650943844800531,37.8386,1.183976151337523,53.40909090909089,0.5804156039266033,0.6970397025961081,44.165,45.14645970772481,43.18354029227519,0.044445135637939975,0.43928571428571367,44.7,0.01578386770126195,0.1798299448516848,44.0,-0.00679504313282869,0.17583123831895017,44.3,0.006795043132828808,0.1742642149065365,43.75,-0.007968169649176958,0.1735499595782469,44.0,-0.016901810802603254,0.21002859773117252,0.18056316296767286
2024-12-20,45.85,44.8,45.85,44.85,0,0.02316705928153438,0.0234375,0.18511537768033529,0.1630980606594923,0.18056316296767286,0.21893138948741384,0.2827721052236973,0.432086982814314,44.730000000000004,1.0250391236306728,44.385,1.0330066463895462,44.2425,1.0363338418941064,42.23,1.0857210513852713,37.89345,1.2099716441759722,60.952380952380956,0.6645502702024757,0.6905418161173817,44.2425,45.48018672168895,43.00481327831105,0.05595012586038096,0.4642857142857138,44.8,0.002234637801416141,0.1654762066224675,44.7,0.01578386770126195,0.1798299448516848,44.0,-0.00679504313282869,0.17583123831895017,44.0,0.005698021114637796,0.1743300462522776,43.95,-0.0011370097870751247,0.208764978034281,0.17935132651442048
2024-12-23,46.0,45.85,46.5,45.8,0,0.0032661977866211022,0.0032715376226826187,0.18851131436125065,0.1608741552064713,0.17935132651442048,0.21892880145153026,0.28225724778289624,0.4320928445384968,45.07,1.0206345684490792,44.55,1.0325476992143658,44.3875,1.0363277949873275,42.4,1.0849056603773586,37.946549999999995,1.2122314149771194,59.803921568627466,0.7348603332938097,0.6994055195526674,44.3875,45.736134787281635,43.03886521271837,0.06076642240638163,0.4857142857142855,45.85,0.02316705928153438,0.18056316296767286,44.8,0.002234637801416141,0.1654762066224675,44.7,0.01578386770126195,0.1798299448516848,44.3,0.006795043132828808,0.1742642149065365,44.35,0.00906008462440248,0.19012826108694134,0.14481456822288566
2024-12-24,46.0,46.0,46.0,45.05,0,0.0,0.0,0.15999285799718918,0.14941978090625754,0.14481456822288566,0.21902008075488033,0.282060725276641,0.4320928445384968,45.47,1.0116560369474379,44.75,1.0279329608938548,44.5125,1.0334175793316482,42.57,1.0805731735964295,37.9999,1.2105295013934247,62.88659793814435,0.7815720883278345,0.7158388333077008,44.5125,45.97352883720698,43.05147116279303,0.06564577757739846,0.5250000000000001,46.0,0.0032661977866211022,0.17935132651442048,45.85,0.02316705928153438,0.18056316296767286,44.8,0.002234637801416141,0.1654762066224675,44.0,-0.00679504313282869,0.17583123831895017,44.0,-0.007923074837327322,0.18888276221331007,0.14371419308385458
2024-12-27,45.95,46.0,47.0,44.5,0,-0.0010875476873988823,-0.0010869565217390686,0.15902698575849358,0.15172129534563575,0.14371419308385458,0.21915528646774246,0.282050241767182,0.43177692028173675,45.720000000000006,1.0050306211723534,44.935,1.0225881829309003,44.635000000000005,1.0294611851685895,42.74,1.0751052877866167,38.05275,1.2075342780745149,73.49397590361454,0.8052742087866491,0.7337259084034905,44.635000000000005,46.1484832602113,43.12151673978871,0.0678159856709441,0.6464285714285717,46.0,0.0,0.14481456822288566,46.0,0.0032661977866211022,0.17935132651442048,45.85,0.02316705928153438,0.18056316296767286,44.7,0.01578386770126195,0.1798299448516848,44.1,0.0022701485345390775,0.18720877233567942,0.14371419308385458
2024-12-30,45.95,45.95,46.8,45.35,0,0.0,0.0,0.1626812655317773,0.138672697731064,0.14371419308385458,0.21906202286528279,0.27930058290015813,0.4313583131209325,45.95,1.0,45.155,1.0176060236961577,44.7325,1.0272173475660873,42.909000000000006,1.0708709128621035,38.1131,1.205622213884465,74.39024390243907,0.8146673321229017,0.7499141931473727,44.7325,46.32302291963592,43.141977080364086,0.07111263263336123,0.7464285714285717,45.95,-0.0010875476873988823,0.14371419308385458,46.0,0.0,0.14481456822288566,46.0,0.0032661977866211022,0.17935132651442048,44.8,0.002234637801416141,0.1654762066224675,43.75,-0.007968169649176958,0.1735499595782469,0.14613519321982996
2024-12-31,45.5,45.95,45.9,45.5,0,-0.009841522844791433,-0.009793253536452773,0.0781577554390109,0.1569277368562181,0.14613519321982996,0.22057152848425007,0.2778127929591183,0.4314753078523975,45.88,0.9917175239755884,45.305,1.0043041606886658,44.7825,1.016021883548261,43.07,1.0564197817506384,38.17145,1.1919903488078132,63.85542168674698,0.7768452226897935,0.755300399055857,44.7825,46.40480343063344,43.160196569366555,0.0724525620781977,0.7392857142857149,45.95,0.0,0.14371419308385458,45.95,-0.0010875476873988823,0.14371419308385458,46.0,0.0,0.14481456822288566,45.85,0.02316705928153438,0.18056316296767286,44.0,0.005698021114637796,0.1743300462522776,0.14361390227316173
2025-01-02,45.85,45.5,45.95,45.8,0,0.007662872745569097,0.007692307692307665,0.0986981939181951,0.15752017944266677,0.14361390227316173,0.2206854096400511,0.2779123208264054,0.43104815036653754,45.85,1.0,45.459999999999994,1.0085789705235373,44.839999999999996,1.0225245316681535,43.236999999999995,1.0604343502093116,38.2313,1.1992791246962569,72.28915662650604,0.766279806778499,0.7574962806003855,44.839999999999996,46.53009498331424,43.14990501668575,0.07538336232445345,0.7392857142857149,45.5,-0.009841522844791433,0.14613519321982996,45.95,0.0,0.14371419308385458,45.95,-0.0010875476873988823,0.14371419308385458,46.0,0.0032661977866211022,0.17935132651442048,44.3,0.006795043132828808,0.1742642149065365,0.14989735731771686
2025-01-03,46.5,45.85,46.8,45.85,0,0.014077113890836811,0.014176663031624903,0.14452514658406215,0.15436606402602082,0.14989735731771686,0.22158230110945634,0.2720926612455328,0.43124965167164686,45.95,1.0119695321001088,45.709999999999994,1.017282870269088,44.915,1.0352888789936547,43.416000000000004,1.0710337202874516,38.283449999999995,1.2146240738491438,75.53191489361703,0.8011213777109205,0.7662213000224926,44.915,46.760934366168776,43.06906563383122,0.08219678798480583,0.7964285714285718,45.85,0.007662872745569097,0.14361390227316173,45.5,-0.009841522844791433,0.14613519321982996,45.95,0.0,0.14371419308385458,46.0,0.0,0.14481456822288566,44.0,-0.00679504313282869,0.17583123831895017,0.14897398467763392
2025-01-06,46.65,46.5,46.7,46.5,0,0.003220614700042157,0.003225806451612856,0.1416294772681277,0.14349103773817376,0.14897398467763392,0.2208845830657832,0.2721000067084039,0.43123329160875706,46.09,1.0121501410284226,45.905,1.0162291689358458,45.01,1.0364363474783382,43.563,1.070862888230838,38.326350000000005,1.2171782598656014,82.22222222222226,0.8312551284105538,0.7792280657001049,45.01,47.00936832129623,43.01063167870377,0.08884107181942817,0.7857142857142863,46.5,0.014077113890836811,0.14989735731771686,45.85,0.007662872745569097,0.14361390227316173,45.5,-0.009841522844791433,0.14613519321982996,45.95,-0.0010875476873988823,0.14371419308385458,44.7,0.01578386770126195,0.1798299448516848,0.1998294355554825
2025-01-07,44.95,46.65,46.0,44.65,0,-0.037122166375723485,-0.03644158628081451,0.32195724408215104,0.2531979334366019,0.1998294355554825,0.23526160085277625,0.27757715040232356,0.4327547737905407,45.89,0.9795162344737416,45.92,0.9788763066202091,45.0575,0.9976141596848472,43.662,1.0294993358068802,38.3568,1.1718912943728361,57.98319327731096,0.7097786638201242,0.7653381853241088,45.0575,47.00017179013926,43.11482820986073,0.08623078467022205,0.9107142857142863,46.65,0.003220614700042157,0.14897398467763392,46.5,0.014077113890836811,0.14989735731771686,45.85,0.007662872745569097,0.14361390227316173,45.95,0.0,0.14371419308385458,44.8,0.002234637801416141,0.1654762066224675,0.19376076297112818
2025-01-08,44.5,44.95,45.0,44.5,0,-0.010061571745434858,-0.010011123470522909,0.3221952247932581,0.22236507093300986,0.19376076297112818,0.23643141004956708,0.27794826656579785,0.43280777392445846,45.69,0.9739549135478224,45.785000000000004,0.9719340395325979,45.085,0.9870245092602861,43.754,1.0170498697261965,38.38745,1.1592330305868193,51.63934426229511,0.5706187139122889,0.7263942910417449,45.085,46.97656020258208,43.19343979741792,0.08391084407594887,0.9107142857142863,44.95,-0.037122166375723485,0.1998294355554825,46.65,0.003220614700042157,0.14897398467763392,46.5,0.014077113890836811,0.14989735731771686,45.5,-0.009841522844791433,0.14613519321982996,45.85,0.02316705928153438,0.18056316296767286,0.2450463742546791
2025-01-09,46.5,44.5,46.5,45.15,0,0.043963123421116204,0.04494382022471921,0.4749736018983536,0.3247126838576867,0.2450463742546791,0.25019960108124123,0.28371132613201044,0.4330408339298041,45.82000000000001,1.0148406809253598,45.835,1.01450856332497,45.1925,1.0289317917796095,43.886,1.059563414300688,38.42215,1.2102394061758646,66.02564102564102,0.6146316453074334,0.7040417618948827,45.1925,47.15135976500098,43.23364023499902,0.08668959517623412,1.032142857142858,44.5,-0.010061571745434858,0.19376076297112818,44.95,-0.037122166375723485,0.1998294355554825,46.65,0.003220614700042157,0.14897398467763392,45.85,0.007662872745569097,0.14361390227316173,46.0,0.0032661977866211022,0.17935132651442048,0.24818146018894954
2025-01-10,46.0,46.5,46.6,45.9,0,-0.010810916104215617,-0.010752688172043001,0.4706409941608806,0.3302091836912528,0.24818146018894954,0.25182217147539543,0.2842735998090064,0.4331134197188133,45.720000000000006,1.006124234470691,45.835,1.0035998690956693,45.292500000000004,1.0156206877518352,44.026,1.0448371416890019,38.45785,1.1961147074004397,58.552631578947356,0.6022243220950045,0.6836782739349071,45.292500000000004,47.198522311680506,43.3864776883195,0.08416503004605627,1.014285714285715,46.5,0.043963123421116204,0.2450463742546791,44.5,-0.010061571745434858,0.19376076297112818,44.95,-0.037122166375723485,0.1998294355554825,46.5,0.014077113890836811,0.14989735731771686,46.0,0.0,0.14481456822288566,0.25192128051679674
2025-01-13,46.85,46.0,46.85,46.2,0,0.018309612195336254,0.018478260869565277,0.4931650411993351,0.34254672879388637,0.25192128051679674,0.25343052929730037,0.2852015836108387,0.43284360304643826,45.760000000000005,1.02381993006993,45.925,1.020141535111595,45.43,1.0312568787145058,44.173,1.0606026305661829,38.502250000000004,1.2168120044932438,62.275449101796426,0.6534467973890301,0.6776319786257318,45.43,47.37026585264485,43.48973414735515,0.08541782314086943,1.0535714285714295,46.0,-0.010810916104215617,0.24818146018894954,46.5,0.043963123421116204,0.2450463742546791,44.5,-0.010061571745434858,0.19376076297112818,46.65,0.003220614700042157,0.14897398467763392,45.95,-0.0010875476873988823,0.14371419308385458,0.25254142609166813
2025-01-14,46.75,46.85,46.8,46.35,0,-0.0021367529497352197,-0.002134471718249764,0.37079385826978606,0.34305308661396444,0.25254142609166813,0.2536491185239649,0.2764470008931992,0.43216083982224557,46.120000000000005,1.0136600173460537,46.005,1.0161938919682643,45.58,1.025669153137341,44.309,1.0550903879573,38.54665000000001,1.2128161591214799,56.081081081081074,0.6781544712246372,0.6777364771455129,45.58,47.43540462319725,43.724595376802746,0.08141310325569338,1.014285714285715,46.85,0.018309612195336254,0.25192128051679674,46.0,-0.010810916104215617,0.24818146018894954,46.5,0.043963123421116204,0.2450463742546791,44.95,-0.037122166375723485,0.1998294355554825,45.95,0.0,0.14371419308385458,0.2495196197270086
2025-01-15,46.95,46.75,47.1,46.95,0,0.0042689499195760145,0.004278074866310266,0.3398405464668391,0.3369901261317628,0.2495196197270086,0.2535534011716619,0.2743649494214438,0.4215333787561981,46.61,1.0072945719802617,46.15,1.0173347778981583,45.7275,1.0267344595702805,44.423,1.0568849469869213,38.58485,1.216798821299033,56.37583892617451,0.7057384952129411,0.6833368807589986,45.7275,47.522075158635666,43.93292484136433,0.07848997468200389,0.9892857142857149,46.75,-0.0021367529497352197,0.25254142609166813,46.85,0.018309612195336254,0.25192128051679674,46.0,-0.010810916104215617,0.24818146018894954,44.5,-0.010061571745434858,0.19376076297112818,45.5,-0.009841522844791433,0.14613519321982996,0.24962802171147364
2025-01-16,46.95,46.95,47.0,46.8,0,0.0,0.0,0.16955962910702796,0.33630339097977574,0.24962802171147364,0.2534625925211666,0.2743649494214438,0.4082277094345717,46.7,1.0053533190578159,46.260000000000005,1.0149156939040207,45.86,1.0237679895333625,44.549,1.053895710341422,38.62055,1.2156740388213012,56.37583892617451,0.719307306084545,0.6905309658241079,45.86,47.601324359878994,44.118675640121005,0.07594087919228062,0.9357142857142863,46.95,0.0042689499195760145,0.2495196197270086,46.75,-0.0021367529497352197,0.25254142609166813,46.85,0.018309612195336254,0.25192128051679674,46.5,0.043963123421116204,0.2450463742546791,45.85,0.007662872745569097,0.14361390227316173,0.25015953919202105
2025-01-17,46.8,46.95,46.95,46.8,0,-0.003200002730671014,-0.0031948881789138905,0.13948255035550475,0.3305995531770687,0.25015953919202105,0.25378852081777387,0.253457497675716,0.4077776119241181,46.86,0.998719590268886,46.290000000000006,1.0110174983797795,46.0,1.017391304347826,44.625,1.0487394957983192,38.65775,1.210624001655554,55.62913907284763,0.7097750945898156,0.6943797915772495,46.0,47.55156966361321,44.44843033638679,0.0674595505918786,0.7678571428571439,46.95,0.0,0.24962802171147364,46.95,0.0042689499195760145,0.2495196197270086,46.75,-0.0021367529497352197,0.25254142609166813,46.0,-0.010810916104215617,0.24818146018894954,46.5,0.014077113890836811,0.14989735731771686,0.24784105621730618
2025-01-20,47.0,46.8,47.0,46.9,0,0.004264398786457518,0.004273504273504258,0.055657708716661744,0.3308688273073133,0.24784105621730618,0.2536005253884253,0.25326806444442723,0.4076211894682385,46.89,1.002345915973555,46.325,1.0145709660010793,46.114999999999995,1.0191911525533992,44.71200000000001,1.0511719448917514,38.6912,1.2147465056653708,56.77419354838707,0.710172648608598,0.6975383629835192,46.114999999999995,47.60040265673107,44.62959734326892,0.06442167003062238,0.67857142857143,46.8,-0.003200002730671014,0.25015953919202105,46.95,0.0,0.24962802171147364,46.95,0.0042689499195760145,0.2495196197270086,46.85,0.018309612195336254,0.25192128051679674,46.65,0.003220614700042157,0.14897398467763392,0.24361169977562389
2025-01-21,47.2,47.0,47.2,46.9,0,0.004246290881451224,0.004255319148936287,0.05402357983779061,0.2546961243665619,0.24361169977562389,0.25356139849334336,0.25275593955596126,0.4061286873495903,46.980000000000004,1.0046828437633035,46.55,1.0139634801288937,46.235,1.0208716340434736,44.79600000000001,1.0536655058487363,38.707950000000004,1.2193877485116107,61.333333333333336,0.718345402912675,0.7016997709693504,46.235,47.65963291670541,44.81036708329459,0.061625734474117566,0.6678571428571445,47.0,0.004264398786457518,0.24784105621730618,46.8,-0.003200002730671014,0.25015953919202105,46.95,0.0,0.24962802171147364,46.75,-0.0021367529497352197,0.25254142609166813,44.95,-0.037122166375723485,0.1998294355554825,0.24417001686410977
2025-01-22,47.55,47.2,47.55,47.0,0,0.007387896399889542,0.00741525423728806,0.0658296099217735,0.2407040453093509,0.24417001686410977,0.2536255010406791,0.2515599013628384,0.405175831142222,47.1,1.0095541401273884,46.855000000000004,1.0148329954113753,46.32,1.0265544041450776,44.90700000000001,1.0588549669316585,38.724000000000004,1.2279206693523395,61.33333333333329,0.7444825135165729,0.710256319478795,46.32,47.84708873350311,44.792911266496894,0.06593647381274206,0.6750000000000013,47.2,0.004246290881451224,0.24361169977562389,47.0,0.004264398786457518,0.24784105621730618,46.8,-0.003200002730671014,0.25015953919202105,46.95,0.0042689499195760145,0.2495196197270086,44.5,-0.010061571745434858,0.19376076297112818,0.23510688014132547
2025-01-23,48.1,47.55,50.0,47.7,0,0.011500388120316332,0.0115667718191379,0.08555240386947705,0.12893878608291234,0.23510688014132547,0.23956741412933388,0.2518973720003963,0.40507190331065984,47.33,1.0162687513205155,47.015,1.0230777411464427,46.425,1.0360796984383416,45.037,1.068010746719364,38.742549999999994,1.2415290165464072,60.8108108108108,0.8003508193912339,0.7282752194612828,46.425,48.137031726216264,44.71296827378373,0.07375473241642509,0.7821428571428589,47.55,0.007387896399889542,0.24417001686410977,47.2,0.004246290881451224,0.24361169977562389,47.0,0.004264398786457518,0.24784105621730618,46.95,0.0,0.24962802171147364,46.5,0.043963123421116204,0.2450463742546791,0.2549380792837181
2025-01-24,49.6,48.1,49.6,48.5,0,0.030708656619166358,0.031185031185031242,0.17583808056796382,0.16451343845412594,0.2549380792837181,0.24414595304267447,0.2526357043180208,0.4057010599550398,47.89,1.0357068281478388,47.375,1.0469656992084433,46.605000000000004,1.0642634910417337,45.18899999999999,1.0976122507689927,38.771300000000004,1.2792967994366966,66.85714285714285,0.954659596707387,0.7735520949105037,46.605000000000004,48.813810110728234,44.396189889271774,0.09478854675370581,0.8750000000000016,48.1,0.011500388120316332,0.23510688014132547,47.55,0.007387896399889542,0.24417001686410977,47.2,0.004246290881451224,0.24361169977562389,46.8,-0.003200002730671014,0.25015953919202105,46.0,-0.010810916104215617,0.24818146018894954,0.26790657506127635
2025-01-27,51.0,49.6,51.45,49.75,0,0.02783479899344384,0.028225806451612767,0.19253500816255156,0.18734558369549006,0.26790657506127635,0.24865522379987245,0.25503083596535997,0.40634680799017003,48.690000000000005,1.0474430067775722,47.79,1.0671688637790333,46.8575,1.0884063383663234,45.349,1.124611347549009,38.81105,1.3140587538858135,85.79881656804724,1.1763583869498646,0.8541133533183759,46.8575,49.78779098608823,43.92720901391177,0.12507244245161311,0.8642857142857159,49.6,0.030708656619166358,0.2549380792837181,48.1,0.011500388120316332,0.23510688014132547,47.55,0.007387896399889542,0.24417001686410977,47.0,0.004264398786457518,0.24784105621730618,46.85,0.018309612195336254,0.25192128051679674,0.2688876816186499
2025-01-28,50.8,51.0,51.0,50.2,0,-0.003929278139889661,-0.0039215686274510775,0.22998245105118095,0.19038333106574928,0.2688876816186499,0.24902935754757546,0.24886092019287956,0.4057247597581182,49.41,1.0281319570937058,48.195,1.0540512501296815,47.1,1.078556263269639,45.505,1.11636083946819,38.8533,1.307482247325195,88.41463414634137,1.3206938107928323,0.9474294448132672,47.1,50.48199567368649,43.71800432631351,0.14360915811832228,0.8857142857142871,51.0,0.02783479899344384,0.26790657506127635,49.6,0.030708656619166358,0.2549380792837181,48.1,0.011500388120316332,0.23510688014132547,47.2,0.004246290881451224,0.24361169977562389,46.75,-0.0021367529497352197,0.25254142609166813,0.2685334197048385
2025-01-29,50.9,50.8,50.9,50.05,0,0.0019665689720408473,0.0019685039370078705,0.2436562430890244,0.19209422724389216,0.2685334197048385,0.24311277418515292,0.24659708590523147,0.40308110442717526,50.08,1.0163738019169328,48.589999999999996,1.0475406462235028,47.370000000000005,1.0745197382309477,45.657,1.1148345270166677,38.900749999999995,1.3084580631478828,84.92063492063481,1.4267036863302849,1.0432842931166708,47.370000000000005,51.0621538429475,43.67784615705251,0.15588574384409953,0.80357142857143,50.8,-0.003929278139889661,0.2688876816186499,51.0,0.02783479899344384,0.26790657506127635,49.6,0.030708656619166358,0.2549380792837181,47.55,0.007387896399889542,0.24417001686410977,46.95,0.0042689499195760145,0.2495196197270086,0.26566331806725196
2025-01-30,50.65,50.9,50.95,50.5,0,-0.004923692861784723,-0.004911591355599265,0.2781049728847952,0.1993449843611443,0.26566331806725196,0.24316567309319934,0.24415945386602436,0.4031012191493433,50.59,1.0011860051393555,48.96,1.0345179738562091,47.61,1.063852131905062,45.8,1.1058951965065502,38.9547,1.3002282137970513,88.42975206611557,1.4735581052119926,1.1293390555357352,47.61,51.50461166228315,43.715388337716846,0.16360477472308985,0.7857142857142873,50.9,0.0019665689720408473,0.2685334197048385,50.8,-0.003929278139889661,0.2688876816186499,51.0,0.02783479899344384,0.26790657506127635,48.1,0.011500388120316332,0.23510688014132547,46.95,0.0,0.24962802171147364,0.26630359800505493
2025-01-31,50.6,50.65,50.6,50.45,0,-0.0009876544012724297,-0.0009871668311943749,0.2158604201887046,0.19627918619856738,0.26630359800505493,0.2428935285928071,0.23250163094317874,0.402879521132139,50.79,0.9962591061232526,49.339999999999996,1.025537089582489,47.815,1.0582453205061173,45.931999999999995,1.1016284942959158,39.0151,1.296933751291167,85.71428571428562,1.4894861188063544,1.201368468189859,47.815,51.89100165280586,43.73899834719413,0.17049050100620577,0.7392857142857154,50.65,-0.004923692861784723,0.26566331806725196,50.9,0.0019665689720408473,0.2685334197048385,50.8,-0.003929278139889661,0.2688876816186499,49.6,0.030708656619166358,0.2549380792837181,46.8,-0.003200002730671014,0.25015953919202105,0.26997049426897624
2025-02-03,50.0,50.6,50.5,49.6,0,-0.011928570865273845,-0.011857707509881465,0.0826339521499808,0.2198762689293376,0.26997049426897624,0.23795648897432564,0.2306322408608748,0.4030661842500227,50.589999999999996,0.98833761612967,49.64,1.0072522159548751,47.9825,1.0420465794821028,46.034,1.0861537124733893,39.088699999999996,1.2791420538416474,78.26086956521732,1.4371278830890404,1.2485203511696954,47.9825,52.13159945841039,43.83340054158961,0.17294219594270369,0.7750000000000011,50.6,-0.0009876544012724297,0.26630359800505493,50.65,-0.004923692861784723,0.26566331806725196,50.9,0.0019665689720408473,0.2685334197048385,51.0,0.02783479899344384,0.26790657506127635,47.0,0.004264398786457518,0.24784105621730618,0.27837347491884795
2025-02-04,49.2,50.0,50.0,49.0,0,-0.01612938192988353,-0.015999999999999903,0.11950732152179559,0.24702802901584345,0.27837347491884795,0.2384210964638636,0.23212302472905064,0.40268384709247695,50.27,0.9787149393276308,49.839999999999996,0.9871589085072232,48.195,1.020852785558668,46.128,1.0665972944849116,39.1583,1.2564386094391229,67.71653543307085,1.3159112837881395,1.2619985376933842,48.195,52.119404078126124,44.27059592187388,0.16285523718751418,0.8214285714285724,50.0,-0.011928570865273845,0.26997049426897624,50.6,-0.0009876544012724297,0.26630359800505493,50.65,-0.004923692861784723,0.26566331806725196,50.8,-0.003929278139889661,0.2688876816186499,47.2,0.004246290881451224,0.24361169977562389,0.2414620787320797
2025-02-05,50.0,49.2,50.0,49.25,0,0.016129381929883498,0.016260162601625883,0.19829961009753394,0.25403446146408687,0.2414620787320797,0.2143533381894948,0.23237594741274042,0.39591672000922906,50.089999999999996,0.9982032341784788,50.085,0.9983028850953379,48.47,1.0315659170621003,46.242,1.0812681112408633,39.22895,1.274568908930777,71.32867132867129,1.2697625375120651,1.2635513376571206,48.47,52.06083629021845,44.87916370978155,0.14816737322956253,0.8642857142857149,49.2,-0.01612938192988353,0.27837347491884795,50.0,-0.011928570865273845,0.26997049426897624,50.6,-0.0009876544012724297,0.26630359800505493,50.9,0.0019665689720408473,0.2685334197048385,47.55,0.007387896399889542,0.24417001686410977,0.2351063217753675
2025-02-06,50.3,50.0,50.3,50.05,0,0.005982071677547469,0.006000000000000005,0.20845665951091746,0.25159403901459876,0.2351063217753675,0.21338443409834953,0.23189087892244006,0.3813196245944461,50.019999999999996,1.0055977608956417,50.30499999999999,0.9999006063015605,48.660000000000004,1.0337032470201397,46.385999999999996,1.0843789074289656,39.30355,1.2797826150564007,73.97260273972603,1.2430675079508973,1.2594545717158758,48.660000000000004,52.213885938398946,45.10611406160106,0.14607011666251302,0.875,50.0,0.016129381929883498,0.2414620787320797,49.2,-0.01612938192988353,0.27837347491884795,50.0,-0.011928570865273845,0.26997049426897624,50.65,-0.004923692861784723,0.26566331806725196,48.1,0.011500388120316332,0.23510688014132547,0.21529171042800313
2025-02-07,52.0,50.3,52.0,50.5,0,0.03323864147573393,0.03379721669980129,0.32282529991551234,0.25918720529787065,0.21529171042800313,0.2217607059860051,0.23345587309942084,0.3709409594534598,50.3,1.0337972166998013,50.545,1.0287862300919972,48.96,1.0620915032679739,46.556,1.116934444539909,39.3747,1.3206449826919318,78.40909090909092,1.3435991228764692,1.2762834819479947,48.96,52.58078793402068,45.339212065979325,0.14790800384071387,0.9821428571428571,50.3,0.005982071677547469,0.2351063217753675,50.0,0.016129381929883498,0.2414620787320797,49.2,-0.01612938192988353,0.27837347491884795,50.6,-0.0009876544012724297,0.26630359800505493,49.6,0.030708656619166358,0.2549380792837181,0.2309406843955717
2025-02-10,50.8,52.0,51.5,50.8,0,-0.023347363996991177,-0.023076923076923106,0.3685154389357714,0.25875813086159816,0.2309406843955717,0.22167188438591562,0.2346002437720996,0.3711088231420951,50.46,1.0067380103051922,50.525,1.0054428500742207,49.1575,1.033413009205106,46.702,1.087747848057899,39.44935,1.2877271742119958,68.36734693877548,1.3113250420019114,1.2832917939587782,49.1575,52.72419904887628,45.59080095112372,0.14511311799323728,1.0464285714285713,52.0,0.03323864147573393,0.21529171042800313,50.3,0.005982071677547469,0.2351063217753675,50.0,0.016129381929883498,0.2414620787320797,50.0,-0.011928570865273845,0.26997049426897624,51.0,0.02783479899344384,0.26790657506127635,0.22647070451665344
2025-02-11,51.3,50.8,51.4,50.8,0,0.009794397592287625,0.009842519685039353,0.32652699920270756,0.26264832652021003,0.22647070451665344,0.22058251215650296,0.23442272181893756,0.37059494095733136,50.88,1.008254716981132,50.575,1.014335145823035,49.385,1.0387769565657587,46.848,1.095030737704918,39.5235,1.2979619719913469,68.84422110552762,1.3109812459662677,1.2888296843602762,49.385,52.88493984910601,45.885060150893985,0.14174100836715656,1.0500000000000003,50.8,-0.023347363996991177,0.2309406843955717,52.0,0.03323864147573393,0.21529171042800313,50.3,0.005982071677547469,0.2351063217753675,49.2,-0.01612938192988353,0.27837347491884795,50.8,-0.003929278139889661,0.2688876816186499,0.22532850694928036
2025-02-12,51.45,51.3,51.45,51.0,0,0.002919710103334846,0.0029239766081872176,0.3201280850972998,0.26279217260666965,0.22532850694928036,0.22021823329884424,0.2261484918621502,0.369138187457009,51.169999999999995,1.0054719562243504,50.63,1.0161959312660478,49.61,1.0370892965128,46.986999999999995,1.0949837189009728,39.5994,1.2992621100319701,67.5392670157068,1.307737744844701,1.2926112964571612,49.61,53.028463797794835,46.191536202205164,0.13781349718987446,0.9071428571428574,51.3,0.009794397592287625,0.22647070451665344,50.8,-0.023347363996991177,0.2309406843955717,52.0,0.03323864147573393,0.21529171042800313,50.0,0.016129381929883498,0.2414620787320797,50.9,0.0019665689720408473,0.2685334197048385,0.22588297672196483
2025-02-13,51.45,51.45,51.5,51.25,0,0.0,0.0,0.32262383511583415,0.26080013572467303,0.22588297672196483,0.21639329361291704,0.2261484918621502,0.36858434065659457,51.4,1.0009727626459144,50.709999999999994,1.0145927824886611,49.835,1.0324069429116083,47.122,1.091846695810874,39.6942,1.2961591365993017,61.49068322981366,1.2902935460190363,1.2921477463695363,49.835,53.105457878773834,46.56454212122617,0.1312514449191866,0.8178571428571431,51.45,0.002919710103334846,0.22532850694928036,51.3,0.009794397592287625,0.22647070451665344,50.8,-0.023347363996991177,0.2309406843955717,50.3,0.005982071677547469,0.2351063217753675,50.65,-0.004923692861784723,0.26566331806725196,0.22539981102640758
2025-02-14,51.6,51.45,51.6,51.4,0,0.002911210207458313,0.002915451895043608,0.20175361063199712,0.2604649279126904,0.22539981102640758,0.2163158902918133,0.22432753789213786,0.36783771500279794,51.32000000000001,1.005455962587685,50.81,1.0155481204487304,50.075,1.0304543185222166,47.254000000000005,1.0919710500698352,39.79625,1.2966045795772214,54.41176470588237,1.2738880506881642,1.288495807233262,50.075,53.103200785943976,47.04679921405603,0.1209466115204782,0.7000000000000003,51.45,0.0,0.22588297672196483,51.45,0.002919710103334846,0.22532850694928036,51.3,0.009794397592287625,0.22647070451665344,52.0,0.03323864147573393,0.21529171042800313,50.6,-0.0009876544012724297,0.26630359800505493,0.22527773886361513
2025-02-17,51.45,51.6,51.55,51.05,0,-0.0029112102074584415,-0.0029069767441860517,0.07491166391207577,0.25075731092097936,0.22527773886361513,0.2164631930323117,0.2244453812696109,0.3672001208560926,51.45,1.0,50.955,1.0097144539299383,50.2975,1.0229136637009792,47.388000000000005,1.0857179032666497,39.89355,1.28968216666604,54.81481481481485,1.2345516876718108,1.2777069833209718,50.2975,53.01207566713902,47.582924332860976,0.10794077905021217,0.6821428571428579,51.6,0.002911210207458313,0.22539981102640758,51.45,0.0,0.22588297672196483,51.45,0.002919710103334846,0.22532850694928036,50.8,-0.023347363996991177,0.2309406843955717,50.0,-0.011928570865273845,0.26997049426897624,0.23395244417690036
2025-02-18,50.75,51.45,51.3,50.0,0,-0.013698844358161915,-0.013605442176870763,0.10937737129320034,0.2458528468013382,0.23395244417690036,0.21890294130478116,0.22557455639986715,0.36750788528693856,51.339999999999996,0.9885079859758473,51.11,0.9929563686167091,50.475,1.0054482417038137,47.523,1.0679039622919428,39.9841,1.2692545286751484,48.979591836734706,1.1338231788963569,1.2489302224360488,50.475,52.76835424306892,48.18164575693108,0.0908708962087734,0.7250000000000009,51.45,-0.0029112102074584415,0.22527773886361513,51.6,0.002911210207458313,0.22539981102640758,51.45,0.0,0.22588297672196483,51.3,0.009794397592287625,0.22647070451665344,49.2,-0.01612938192988353,0.27837347491884795,0.23627240206764824
2025-02-19,50.45,50.75,50.9,50.3,0,-0.005928871122278698,-0.005911330049261032,0.10124610543491135,0.23793406429788053,0.23627240206764824,0.21876081881311388,0.22585188834254885,0.3654017956734771,51.14,0.9865076261243645,51.155,0.9862183559769329,50.620000000000005,0.9966416436191229,47.65299999999999,1.058695150357795,40.06395,1.2592367951737162,48.648648648648674,1.018052145765779,1.2027546071019948,50.620000000000005,52.4557273045945,48.78427269540551,0.07252972361100324,0.7357142857142865,50.75,-0.013698844358161915,0.23395244417690036,51.45,-0.0029112102074584415,0.22527773886361513,51.6,0.002911210207458313,0.22539981102640758,51.45,0.002919710103334846,0.22532850694928036,50.0,0.016129381929883498,0.2414620787320797,0.2399845504787971
2025-02-20,49.95,50.45,50.5,49.6,0,-0.009960241705055424,-0.009910802775024763,0.10160835623697874,0.24181950151870535,0.2399845504787971,0.21695032878160986,0.22649020872815184,0.3646285561769065,50.84,0.9824940991345398,51.120000000000005,0.977112676056338,50.7125,0.9849642593049052,47.765,1.0457447922118706,40.140299999999996,1.2443853184953777,45.85987261146498,0.8758605711390643,1.1373757999094087,50.7125,52.158683725676894,49.2663162743231,0.05703460589309917,0.7857142857142867,50.45,-0.005928871122278698,0.23627240206764824,50.75,-0.013698844358161915,0.23395244417690036,51.45,-0.0029112102074584415,0.22527773886361513,51.45,0.0,0.22588297672196483,50.3,0.005982071677547469,0.2351063217753675,0.24186533425076373
2025-02-21,49.4,49.95,50.0,49.05,0,-0.01107208090068579,-0.011011011011011096,0.0679976021268485,0.15409194178613406,0.24186533425076373,0.21741470661854576,0.22716435636203297,0.3641819376876975,50.4,0.9801587301587301,50.86,0.9712937475422729,50.7025,0.9743109314136383,47.873000000000005,1.0318968938650177,40.2144,1.2284156918914617,46.153846153846146,0.7106009548800856,1.0520208309035441,50.7025,52.18342254319361,49.22157745680639,0.058416154753458197,0.7821428571428584,49.95,-0.009960241705055424,0.2399845504787971,50.45,-0.005928871122278698,0.23627240206764824,50.75,-0.013698844358161915,0.23395244417690036,51.6,0.002911210207458313,0.22539981102640758,52.0,0.03323864147573393,0.21529171042800313,0.22793258909374647
2025-02-24,48.4,49.4,49.5,48.0,0,-0.020450610471290768,-0.020242914979757054,0.08546194128606024,0.14491544968502484,0.22793258909374647,0.22155158697450353,0.2293763729447708,0.3648306438112116,49.79,0.9720827475396666,50.62,0.9561438166732517,50.572500000000005,0.9570418705818379,47.958999999999996,1.009195354365187,40.288,1.2013502779984115,44.99999999999998,0.4932539512027674,0.9402674549633888,50.572500000000005,52.366781853113594,48.77821814688642,0.07095879591135848,0.8178571428571441,49.4,-0.01107208090068579,0.24186533425076373,49.95,-0.009960241705055424,0.2399845504787971,50.45,-0.005928871122278698,0.23627240206764824,51.45,-0.0029112102074584415,0.22527773886361513,50.8,-0.023347363996991177,0.2309406843955717,0.20301115712957143
2025-02-25,48.0,48.4,48.4,47.8,0,-0.008298802814695066,-0.008264462809917328,0.08814003429763242,0.12009394403483278,0.20301115712957143,0.21460951299298356,0.22983176149275192,0.3649326760270692,49.239999999999995,0.974817221770918,50.29,0.954464108172599,50.432500000000005,0.9517672136023396,48.044,0.9990841728415619,40.3586,1.1893375885189277,36.84210526315792,0.2854378776526971,0.8093015395012505,50.432500000000005,52.55834967532913,48.306650324670876,0.08430475091772678,0.80357142857143,48.4,-0.020450610471290768,0.22793258909374647,49.4,-0.01107208090068579,0.24186533425076373,49.95,-0.009960241705055424,0.2399845504787971,50.75,-0.013698844358161915,0.23395244417690036,51.3,0.009794397592287625,0.22647070451665344,0.20321315244867963
2025-02-26,48.0,48.0,48.0,47.95,0,0.0,0.0,0.11590857047495552,0.11433661752554153,0.20321315244867963,0.21408695586071613,0.2298456314947444,0.3649253479756632,48.75,0.9846153846153847,49.945,0.9610571628791671,50.2875,0.9545115585384042,48.123999999999995,0.9974233230820382,40.4292,1.1872606927666143,34.2465753424658,0.11936616330261529,0.6713144642615235,50.2875,52.66034528295332,47.91465471704668,0.09437117705009479,0.7857142857142873,48.0,-0.008298802814695066,0.20301115712957143,48.4,-0.020450610471290768,0.22793258909374647,49.4,-0.01107208090068579,0.24186533425076373,50.45,-0.005928871122278698,0.23627240206764824,51.45,0.002919710103334846,0.22532850694928036,0.2027578392298617
2025-02-27,48.0,48.0,48.0,47.95,0,0.0,0.0,0.1357568135409275,0.11433661752554153,0.2027578392298617,0.21408695586071613,0.22953102050191965,0.36488673164220986,48.36,0.9925558312655087,49.6,0.9677419354838709,50.155,0.957033197089024,48.19799999999999,0.9958919457238891,40.4963,1.1852934712553986,14.285714285714334,-0.012107301368281753,0.5346301111355626,50.155,52.72996039826311,47.58003960173689,0.10268010759697373,0.6678571428571439,48.0,0.0,0.20321315244867963,48.0,-0.008298802814695066,0.20301115712957143,48.4,-0.020450610471290768,0.22793258909374647,49.95,-0.009960241705055424,0.2399845504787971,51.45,0.0,0.22588297672196483,0.2055218719126045
2025-02-28,48.35,48.0,48.4,47.95,0,0.007265210991412432,0.007291666666666696,0.16791873620367884,0.1263043110891228,0.2055218719126045,0.21346812892484066,0.22961951534511618,0.3648903927482255,48.15,1.0041536863966771,49.275,0.9812278031456114,50.0425,0.9661787480641456,48.285,1.001346173759967,40.56665,1.1918657320730206,24.210526315789565,-0.08705537424298626,0.4102930140598528,50.0425,52.729755496832205,47.35524450316779,0.10739893078212351,0.6142857142857149,48.0,0.0,0.2027578392298617,48.0,0.0,0.20321315244867963,48.0,-0.008298802814695066,0.20301115712957143,49.4,-0.01107208090068579,0.24186533425076373,51.6,0.002911210207458313,0.22539981102640758,0.2061996351242739
2025-03-03,48.0,48.35,49.0,47.95,0,-0.007265210991412413,-0.007238883143743546,0.10060690380679976,0.1247161508239206,0.2061996351242739,0.21323185286147778,0.22989552656946444,0.36472240860001365,48.07000000000001,0.9985437903058039,48.93,0.9809932556713673,49.942499999999995,0.9611052710617211,48.351000000000006,0.992740584476019,40.640750000000004,1.1810805656883792,14.130434782608788,-0.172703518241768,0.2936937075995287,49.942499999999995,52.78100868924847,47.10399131075152,0.1136710692996337,0.6464285714285717,48.35,0.007265210991412432,0.2055218719126045,48.0,0.0,0.2027578392298617,48.0,0.0,0.20321315244867963,48.4,-0.020450610471290768,0.22793258909374647,51.45,-0.0029112102074584415,0.22527773886361513,0.20337003257309588
2025-03-04,47.85,48.0,47.95,47.6,0,-0.003129893008927593,-0.0031249999999999334,0.08452469839599495,0.11987196621990637,0.20337003257309588,0.21329920588901968,0.22862029791057328,0.3647464610013584,48.040000000000006,0.9960449625312239,48.64,0.9837582236842105,49.875,0.9593984962406016,48.412,0.9883913079401802,40.71805,1.1751545076446441,10.869565217391298,-0.24980444566826066,0.18499407694597084,49.875,52.84883325196927,46.90116674803073,0.11925145872558467,0.6428571428571429,48.0,-0.007265210991412413,0.2061996351242739,48.35,0.007265210991412432,0.2055218719126045,48.0,0.0,0.2027578392298617,48.0,-0.008298802814695066,0.20301115712957143,50.75,-0.013698844358161915,0.23395244417690036,0.20501857240217916
2025-03-05,47.0,47.85,47.6,46.8,0,-0.0179235161889047,-0.017763845350052265,0.14806032656549306,0.13425705454902387,0.20501857240217916,0.2163275587275885,0.22858769335938062,0.3644430372163687,47.84,0.9824414715719063,48.295,0.9731856299823998,49.725,0.9451985922574158,48.435,0.9703726643955817,40.7896,1.1522544962441406,9.174311926605498,-0.3751706486870958,0.0729611318193575,49.725,52.96317687498321,46.48682312501679,0.1302434137750914,0.7000000000000003,47.85,-0.003129893008927593,0.20337003257309588,48.0,-0.007265210991412413,0.2061996351242739,48.35,0.007265210991412432,0.2055218719126045,48.0,0.0,0.20321315244867963,50.45,-0.005928871122278698,0.23627240206764824,0.19665034104538204
2025-03-06,47.3,47.0,47.9,47.0,0,0.00636269378782865,0.006382978723404209,0.16534191434882423,0.1486930681002941,0.19665034104538204,0.21624029107313647,0.22579199763070434,0.3590490995475341,47.7,0.991614255765199,48.029999999999994,0.9848011659379555,49.575,0.9541099344427634,48.46099999999999,0.9760425909494234,40.86765,1.1573946630158574,11.607142857142833,-0.4451849598991586,-0.030668086524345724,49.575,52.974922599737,46.17507740026301,0.13716278768480064,0.75,47.0,-0.0179235161889047,0.20501857240217916,47.85,-0.003129893008927593,0.20337003257309588,48.0,-0.007265210991412413,0.2061996351242739,48.0,0.0,0.2027578392298617,49.95,-0.009960241705055424,0.2399845504787971,0.19975818150311447
2025-03-07,47.8,47.3,48.0,47.45,0,0.010515343999522907,0.010570824524312794,0.17902174925460826,0.16449383205981546,0.19975818150311447,0.21401780269755652,0.22539915861055107,0.3513803238322402,47.589999999999996,1.0044126917419627,47.87,0.998537706287863,49.364999999999995,0.9682973766838854,48.497,0.9856279769882672,40.9447,1.16742826299863,19.327731092436935,-0.45508010446815206,-0.115550490113107,49.364999999999995,52.65119120435357,46.07880879564642,0.1331385072157836,0.7607142857142856,47.3,0.00636269378782865,0.19665034104538204,47.0,-0.0179235161889047,0.20501857240217916,47.85,-0.003129893008927593,0.20337003257309588,48.35,0.007265210991412432,0.2055218719126045,49.4,-0.01107208090068579,0.24186533425076373,0.15465337053046524
2025-03-10,48.0,47.8,48.0,47.9,0,0.004175371410480592,0.004184100418409997,0.1774005056838086,0.13666922000517406,0.15465337053046524,0.21403416258099994,0.22483573919723515,0.3511511037364476,47.589999999999996,1.0086152553057366,47.83,1.003554254651892,49.225,0.9751142712036567,48.538000000000004,0.9889159009435905,41.030249999999995,1.1698685725775497,24.770642201834875,-0.4416921966009255,-0.1807788314106707,49.225,52.49230212222357,45.95769787777643,0.13274970532142483,0.6714285714285714,47.8,0.010515343999522907,0.19975818150311447,47.3,0.00636269378782865,0.19665034104538204,47.0,-0.0179235161889047,0.20501857240217916,48.0,-0.007265210991412413,0.2061996351242739,48.4,-0.020450610471290768,0.22793258909374647,0.1398866150041112
2025-03-11,47.5,48.0,47.95,47.45,0,-0.010471299867295366,-0.01041666666666663,0.1925682105643437,0.14037834987708797,0.1398866150041112,0.21475612063889923,0.22446707076581437,0.35133582642740163,47.519999999999996,0.9995791245791247,47.78,0.9941398074508162,49.035000000000004,0.9686958295095339,48.568999999999996,0.977990075974387,41.11405,1.1553228154365722,23.893805309734518,-0.46605560557559755,-0.2378341862436561,49.035000000000004,52.23550982780661,45.8344901721934,0.13053981147370677,0.6678571428571425,48.0,0.004175371410480592,0.15465337053046524,47.8,0.010515343999522907,0.19975818150311447,47.3,0.00636269378782865,0.19665034104538204,47.85,-0.003129893008927593,0.20337003257309588,48.0,-0.008298802814695066,0.20301115712957143,0.13538102468048124
2025-03-12,47.75,47.5,47.75,47.3,0,0.005249355886143745,0.0052631578947368585,0.1268885812668231,0.14390380167969502,0.13538102468048124,0.21412431222226863,0.2244963565395328,0.3513593837198712,47.67,1.001678204321376,47.755,0.9998952989215788,48.85,0.9774820880245649,48.614,0.9822273419179661,41.2033,1.158887758990178,29.629629629629633,-0.45988955157483247,-0.2822452593098914,48.85,51.88627195231472,45.81372804768528,0.12431000828310013,0.6357142857142856,47.5,-0.010471299867295366,0.1398866150041112,48.0,0.004175371410480592,0.15465337053046524,47.8,0.010515343999522907,0.19975818150311447,47.0,-0.0179235161889047,0.20501857240217916,48.0,0.0,0.20321315244867963,0.13696398233795515
2025-03-13,48.0,47.75,48.0,47.7,0,0.005221943981151625,0.005235602094240788,0.12532703260301944,0.1467929837059367,0.13696398233795515,0.2142601095160136,0.22452289463550884,0.3485271469974687,47.81,1.0039740640033465,47.755,1.0051303528426343,48.677499999999995,0.9860818653381954,48.657,0.9864973179604168,41.290099999999995,1.1625062666353436,36.27450980392159,-0.429874671071957,-0.3117711416623046,48.677499999999995,51.47439207213112,45.88060792786887,0.1149151896515278,0.5892857142857137,47.75,0.005249355886143745,0.13538102468048124,47.5,-0.010471299867295366,0.1398866150041112,48.0,0.004175371410480592,0.15465337053046524,47.3,0.00636269378782865,0.19665034104538204,48.0,0.0,0.2027578392298617,0.13645719067973444
2025-03-14,47.8,48.0,48.0,47.5,0,-0.004175371410480733,-0.004166666666666763,0.11206435929373935,0.14209823669555838,0.13645719067973444,0.21372363267782588,0.22467793524012677,0.3485598187098084,47.809999999999995,0.999790838736666,47.7,1.0020964360587001,48.4875,0.9858210879092549,48.683,0.9818622517100425,41.37265,1.155352630300452,43.02325581395348,-0.41741429835804666,-0.332899773001453,48.4875,50.94404335665991,46.03095664334008,0.10132687214890082,0.5178571428571423,48.0,0.005221943981151625,0.13696398233795515,47.75,0.005249355886143745,0.13538102468048124,47.5,-0.010471299867295366,0.1398866150041112,47.8,0.010515343999522907,0.19975818150311447,48.35,0.007265210991412432,0.2055218719126045,0.13453714362675218
2025-03-17,47.55,47.8,47.9,47.0,0,-0.005243850506011036,-0.005230125523012608,0.10988436608017242,0.14000707965787976,0.13453714362675218,0.21395061495169493,0.222142027444975,0.3486225703048781,47.72,0.9964375523889354,47.655,0.9977966635190431,48.292500000000004,0.9846249417611429,48.70099999999999,0.9763659883780621,41.448449999999994,1.1472081585680527,44.57831325301202,-0.4228380599256951,-0.35088743038630144,48.292500000000004,50.344783708712015,46.24021629128799,0.08499388968108965,0.5392857142857136,47.8,-0.004175371410480733,0.13645719067973444,48.0,0.005221943981151625,0.13696398233795515,47.75,0.005249355886143745,0.13538102468048124,48.0,0.004175371410480592,0.15465337053046524,48.0,-0.007265210991412413,0.2061996351242739,0.1374131369587387
2025-03-18,47.75,47.55,47.75,47.3,0,0.004197277935339916,0.004206098843322792,0.0839482810767269,0.14162321160438765,0.1374131369587387,0.2137390339544089,0.21595284593237643,0.3431626961142723,47.769999999999996,0.9995813271927989,47.644999999999996,1.0022037989295836,48.1425,0.9918471205276004,48.757,0.979346555366409,41.522749999999995,1.1499720032993963,47.12643678160921,-0.4063143624653023,-0.36197281680210164,48.1425,49.847685589526534,46.43731441047346,0.0708390959973635,0.5678571428571425,47.55,-0.005243850506011036,0.13453714362675218,47.8,-0.004175371410480733,0.13645719067973444,48.0,0.005221943981151625,0.13696398233795515,47.5,-0.010471299867295366,0.1398866150041112,47.85,-0.003129893008927593,0.20337003257309588,0.13258566166493696
2025-03-19,47.5,47.75,47.75,46.8,0,-0.005249355886143678,-0.005235602094240788,0.08394828107672585,0.1073887069737669,0.13258566166493696,0.21352656689008767,0.21618269057464526,0.3390912210790298,47.72,0.9953897736797989,47.695,0.9959115211238075,47.995,0.9896864256693406,48.817,0.9730216932625929,41.5958,1.141942215319816,44.56521739130436,-0.4086811024896022,-0.37131447393960176,47.995,49.329915727674276,46.66008427232572,0.055627283161757635,0.6321428571428572,47.75,0.004197277935339916,0.1374131369587387,47.55,-0.005243850506011036,0.13453714362675218,47.8,-0.004175371410480733,0.13645719067973444,47.75,0.005249355886143745,0.13538102468048124,47.0,-0.0179235161889047,0.20501857240217916,0.13736010991079664
2025-03-20,46.85,47.5,47.5,46.5,0,-0.013778702356164284,-0.013684210526315743,0.10113216859944296,0.12558798847819977,0.13736010991079664,0.2135140264570314,0.21715738752332756,0.33882998963343103,47.489999999999995,0.9865234786270796,47.65,0.9832109129066108,47.839999999999996,0.9793060200668897,48.824,0.9595690643945601,41.6656,1.1244287853769057,34.69387755102042,-0.45772990333497177,-0.3885975598186758,47.839999999999996,48.91341069787289,46.7665893021271,0.04487502917528824,0.6714285714285718,47.5,-0.005249355886143678,0.13258566166493696,47.75,0.004197277935339916,0.1374131369587387,47.55,-0.005243850506011036,0.13453714362675218,48.0,0.005221943981151625,0.13696398233795515,47.3,0.00636269378782865,0.19665034104538204,0.15855584095928132
2025-03-21,45.6,46.85,47.0,45.6,0,-0.027043292164090797,-0.026680896478121663,0.18611860318164605,0.16490425055898092,0.15855584095928132,0.22059613135684938,0.21865800615828873,0.3397041572535044,47.05,0.969181721572795,47.43,0.9614168247944339,47.65,0.9569779643231899,48.816,0.9341199606686332,41.73415,1.0926303758432843,29.310344827586235,-0.5906572555262386,-0.42900949896018836,47.65,48.892662675993776,46.40733732400622,0.05215792973740934,0.696428571428572,46.85,-0.013778702356164284,0.13736010991079664,47.5,-0.005249355886143678,0.13258566166493696,47.75,0.004197277935339916,0.1374131369587387,47.8,-0.004175371410480733,0.13645719067973444,47.8,0.010515343999522907,0.19975818150311447,0.24190017852983892
2025-03-24,47.9,45.6,47.95,46.85,0,0.04920778789652904,0.05043859649122795,0.4612504065931509,0.31734641095011246,0.24190017852983892,0.23710714759244902,0.22815485004243868,0.3418571892413458,47.12,1.016553480475382,47.42,1.010122311261071,47.625,1.005774278215223,48.836999999999996,0.9808137272969265,41.8097,1.1456671537944543,50.31446540880501,-0.5045956966387664,-0.44412673849590395,47.625,48.82346392914677,46.42653607085323,0.05032919387492992,0.8357142857142864,45.6,-0.027043292164090797,0.15855584095928132,46.85,-0.013778702356164284,0.13736010991079664,47.5,-0.005249355886143678,0.13258566166493696,47.55,-0.005243850506011036,0.13453714362675218,48.0,0.004175371410480592,0.15465337053046524,0.2575249238746989
2025-03-25,49.45,47.9,49.45,47.8,0,0.031846553651851746,0.0323590814196244,0.5106804422735591,0.34859182697710156,0.2575249238746989,0.24512176411306835,0.23204042008745537,0.34275207197935387,47.46,1.0419300463548251,47.614999999999995,1.0385382757534392,47.6975,1.0367419676083653,48.891000000000005,1.0114335971855761,41.8925,1.1804022199677748,64.16184971098266,-0.3077714474062532,-0.4168556802779738,47.6975,49.14171714360651,46.25328285639348,0.06055735179439238,0.8785714285714293,47.9,0.04920778789652904,0.24190017852983892,45.6,-0.027043292164090797,0.15855584095928132,46.85,-0.013778702356164284,0.13736010991079664,47.75,0.004197277935339916,0.1374131369587387,47.5,-0.010471299867295366,0.1398866150041112,0.25903063168604273
2025-03-26,48.9,49.45,48.95,48.5,0,-0.011184661587894818,-0.011122345803842304,0.5212754709288508,0.35664239098907663,0.25903063168604273,0.24635226353418666,0.23280678912734346,0.34211408573636876,47.739999999999995,1.0242982823627986,47.730000000000004,1.0245128849780012,47.74249999999999,1.024244645755878,48.93,0.9993868792152054,41.97135,1.1650804656033222,58.98876404494382,-0.19393169148441558,-0.37227088251926216,47.74249999999999,49.27950837240215,46.20549162759784,0.06438742723578178,0.8821428571428582,49.45,0.031846553651851746,0.2575249238746989,47.9,0.04920778789652904,0.24190017852983892,45.6,-0.027043292164090797,0.15855584095928132,47.5,-0.005249355886143678,0.13258566166493696,47.75,0.005249355886143745,0.13538102468048124,0.27169054454265096
2025-03-27,47.8,48.0,48.0,46.9,0,-0.02275175698341607,-0.02249488752556239,0.5458320872838762,0.37744039913627125,0.27169054454265096,0.2508569613691224,0.23543611381374846,0.34291938566709085,47.93,0.9972877112455664,47.71,1.0018863969817648,47.7325,1.0014141308332896,48.946999999999996,0.9765664902854108,42.03695,1.1370948653506023,50.0,-0.1902802395059382,-0.3358727539165974,47.7325,49.26505033402104,46.19994966597896,0.06421412387874252,0.9750000000000009,48.9,-0.011184661587894818,0.25903063168604273,49.45,0.031846553651851746,0.2575249238746989,47.9,0.04920778789652904,0.24190017852983892,46.85,-0.013778702356164284,0.13736010991079664,48.0,0.005221943981151625,0.13696398233795515,0.27775817434733874
2025-03-28,47.0,47.8,47.95,46.9,0,-0.016878037787351637,-0.0167364016736401,0.5131866808309802,0.38626493837154074,0.27775817434733874,0.2532876819319178,0.23688503542750422,0.34142387309372135,48.21,0.9749014727235014,47.63,0.9867730422002938,47.665000000000006,0.98604846323298,48.95099999999999,0.9601438172866745,42.09755,1.1164545205124765,45.04950495049505,-0.24906864334609224,-0.3185119318024964,47.665000000000006,49.20194844621023,46.12805155378978,0.06448960227463442,1.0357142857142867,47.8,-0.02275175698341607,0.27169054454265096,48.9,-0.011184661587894818,0.25903063168604273,49.45,0.031846553651851746,0.2575249238746989,45.6,-0.027043292164090797,0.15855584095928132,47.8,-0.004175371410480733,0.13645719067973444,0.27616899722267363
2025-04-02,47.0,47.0,47.4,46.9,0,0.0,0.0,0.34322121191054633,0.3858099250614715,0.27616899722267363,0.25244016879293707,0.23689723908581103,0.3412143501565491,48.03,0.978555069748074,47.575,0.9879138202837624,47.615,0.9870839021316812,48.95099999999999,0.9601438172866745,42.1532,1.1149805945930558,47.39583333333333,-0.29228954500608495,-0.31326745444321413,47.615,49.17100703556542,46.05899296443459,0.06535785091107486,1.0321428571428584,47.0,-0.016878037787351637,0.27775817434733874,47.8,-0.02275175698341607,0.27169054454265096,48.9,-0.011184661587894818,0.25903063168604273,47.9,0.04920778789652904,0.24190017852983892,47.55,-0.005243850506011036,0.13453714362675218,0.275426747554932
2025-04-03,47.05,47.0,47.1,46.95,0,0.0010632643213300838,0.0010638297872340718,0.16529730449341407,0.384910360893788,0.275426747554932,0.25202535133556025,0.23688627245136057,0.3410008187339602,47.55,0.9894847528916929,47.504999999999995,0.9904220608357015,47.575,0.9889647924330004,48.948,0.9612241562474462,42.2091,1.1146885387274308,46.27659574468083,-0.3188325358222599,-0.3143804707190233,47.575,49.14662336454771,46.0033766354523,0.06606929540925716,1.0107142857142866,47.0,0.0,0.27616899722267363,47.0,-0.016878037787351637,0.27775817434733874,47.8,-0.02275175698341607,0.27169054454265096,49.45,0.031846553651851746,0.2575249238746989,47.75,0.004197277935339916,0.1374131369587387,0.28286892443492206
2025-04-04,47.9,47.05,48.2,46.95,0,0.017904638385480877,0.018065887353878818,0.25582527374974356,0.3959473884712955,0.28286892443492206,0.2529834267918745,0.2379420335596861,0.3406474121716803,47.35,1.0116156282998943,47.545,1.007466610579451,47.62,1.005879882402352,48.955,0.978449596568277,42.26925,1.1332114953541876,49.499999999999986,-0.2681886393298356,-0.30514210444118584,47.62,49.17373912326044,46.066260876739555,0.06525573806217733,1.0785714285714296,47.05,0.0010632643213300838,0.275426747554932,47.0,0.0,0.27616899722267363,47.0,-0.016878037787351637,0.27775817434733874,48.9,-0.011184661587894818,0.25903063168604273,47.5,-0.005249355886143678,0.13258566166493696,0.3295895736540577
2025-04-07,45.5,47.05,47.5,43.85,0,-0.05140317845996475,-0.050104384133611624,0.4171780908040118,0.472488802421883,0.3295895736540577,0.2733397980903144,0.24941003216524968,0.3342049172574723,46.89,0.9703561526978034,47.410000000000004,0.9597131406876186,47.529999999999994,0.9572901325478647,48.903,0.9304132670797293,42.31765,1.075201482123889,40.57377049180329,-0.41690708351006833,-0.32749510025496237,47.529999999999994,49.347864565620775,45.71213543437921,0.0764933543286674,1.332142857142858,47.9,0.017904638385480877,0.28286892443492206,47.05,0.0010632643213300838,0.275426747554932,47.0,0.0,0.27616899722267363,47.8,-0.02275175698341607,0.27169054454265096,46.85,-0.013778702356164284,0.13736010991079664,0.34925910416472133
2025-04-08,47.0,45.5,47.2,45.0,0,0.032435275753153955,0.03296703296703307,0.5030015407225162,0.48172475243125773,0.34925910416472133,0.27074242521282454,0.2531970628354644,0.3355847117240703,46.89,1.002345915973555,47.55,0.9884332281808623,47.489999999999995,0.9896820383238578,48.851000000000006,0.962109271048699,42.3738,1.1091759530653376,47.9553903345725,-0.40901518554859706,-0.34379911731368934,47.489999999999995,49.31802740967376,45.66197259032623,0.0769857826773538,1.4250000000000012,45.5,-0.05140317845996475,0.3295895736540577,47.9,0.017904638385480877,0.28286892443492206,47.05,0.0010632643213300838,0.275426747554932,47.0,-0.016878037787351637,0.27775817434733874,45.6,-0.027043292164090797,0.15855584095928132,0.3479321090256364
2025-04-09,47.3,47.0,47.8,46.0,0,0.00636269378782865,0.006382978723404209,0.5050256796738201,0.4092779896808117,0.3479321090256364,0.27007891440096266,0.25319837693327074,0.3356395818891649,46.95,1.007454739084132,47.489999999999995,0.9959991577174142,47.455,0.9967337477610367,48.777,0.9697193349324476,42.43165,1.1147339309218471,48.339483394833934,-0.3742393089628564,-0.3498871556435228,47.455,49.26866160599074,45.64133839400926,0.07643711330695346,1.5214285714285722,47.0,0.032435275753153955,0.34925910416472133,45.5,-0.05140317845996475,0.3295895736540577,47.9,0.017904638385480877,0.28286892443492206,47.0,0.0,0.27616899722267363,47.9,0.04920778789652904,0.24190017852983892,0.3742736727999707
2025-04-10,49.2,47.3,49.2,47.25,0,0.03938332800037537,0.04016913319238924,0.5727558174609522,0.42768336234889065,0.3742736727999707,0.26725617202440044,0.2586506808452964,0.33767442489541283,47.38,1.038412832418742,47.464999999999996,1.0365532497629835,47.54,1.0349179638199413,48.745,1.0093342906964817,42.502250000000004,1.157585774870742,55.592105263157904,-0.19116146481205476,-0.31814201747722926,47.54,49.514735158789826,45.56526484121017,0.08307678413082989,1.5928571428571436,47.3,0.00636269378782865,0.3479321090256364,47.0,0.032435275753153955,0.34925910416472133,45.5,-0.05140317845996475,0.3295895736540577,47.05,0.0010632643213300838,0.275426747554932,49.45,0.031846553651851746,0.2575249238746989,0.37474172219362567
2025-04-11,49.95,49.2,49.95,48.6,0,0.0151288815963,0.015243902439024293,0.570351648472792,0.42968268992100184,0.37474172219362567,0.2676729200608864,0.2592858954188336,0.3374584310987578,47.79,1.0451977401129944,47.57,1.0500315324784528,47.65,1.0482686253934943,48.726000000000006,1.0251200591060214,42.5741,1.1732485243375668,60.130718954248366,0.014283130631589813,-0.2516569878554654,47.65,49.89991227899004,45.40008772100996,0.09443493301112438,1.6178571428571438,49.2,0.03938332800037537,0.3742736727999707,47.3,0.00636269378782865,0.3479321090256364,47.0,0.032435275753153955,0.34925910416472133,47.9,0.017904638385480877,0.28286892443492206,48.9,-0.011184661587894818,0.25903063168604273,0.3746229587089675
2025-04-14,50.0,49.95,51.0,48.1,0,0.0010005003335834001,0.0010010010010008674,0.2625972679724854,0.40713107265128234,0.3746229587089675,0.2654334718674091,0.2592413918965257,0.33702753628191,48.69,1.0269049086054631,47.79,1.0462439840970914,47.75,1.0471204188481675,48.713,1.0264200521421387,42.64719999999999,1.1724099120223606,65.60283687943262,0.1790698292768198,-0.1655116244290084,47.75,50.23129847161832,45.26870152838168,0.10392873179553158,1.725000000000001,49.95,0.0151288815963,0.37474172219362567,49.2,0.03938332800037537,0.3742736727999707,47.3,0.00636269378782865,0.3479321090256364,45.5,-0.05140317845996475,0.3295895736540577,47.8,-0.02275175698341607,0.27169054454265096,0.3750467308831849
2025-04-15,49.8,50.0,49.9,49.1,0,-0.004008021397538822,-0.0040000000000000036,0.27123489811929735,0.3930933243605103,0.3750467308831849,0.26555065410953554,0.25939130134912414,0.33626196135362085,49.25,1.0111675126903552,48.07,1.0359891824422716,47.85,1.0407523510971786,48.69700000000001,1.022650265930139,42.7183,1.1657767280064983,57.91666666666666,0.2901811193347399,-0.07437307567625875,47.85,50.49555237491403,45.204447625085976,0.11057690177279103,1.621428571428572,50.0,0.0010005003335834001,0.3746229587089675,49.95,0.0151288815963,0.37474172219362567,49.2,0.03938332800037537,0.3742736727999707,47.0,0.032435275753153955,0.34925910416472133,47.0,-0.016878037787351637,0.27775817434733874,0.5747422923667618
2025-04-16,44.0,45.8,44.8,44.0,0,-0.12382535011234608,-0.11646586345381527,1.0066133127849317,0.7622554375596179,0.5747422923667618,0.3643475887237309,0.3147591382542353,0.3565129231224017,48.589999999999996,0.9055361185429102,47.769999999999996,0.9210801758425791,47.6725,0.9229639729403745,48.577000000000005,0.9057784548242994,42.7649,1.0288811618874358,33.230769230769226,-0.088750845655035,-0.07724862967201401,47.6725,50.82969312381186,44.51530687618814,0.13245343222242836,1.917857142857143,49.8,-0.004008021397538822,0.3750467308831849,50.0,0.0010005003335834001,0.3746229587089675,49.95,0.0151288815963,0.37474172219362567,47.3,0.00636269378782865,0.3479321090256364,47.0,0.0,0.27616899722267363,0.5748799744393771
2025-04-17,44.0,44.0,44.05,43.95,0,0.0,0.0,0.9078743801651384,0.7619749336508792,0.5748799744393771,0.3643475887237309,0.31474255048455774,0.3548180857425429,47.55,0.92534174553102,47.465,0.9269988412514484,47.485,0.9266084026534696,48.473,0.9077218245208674,42.806999999999995,1.0278692737169155,34.39490445859873,-0.3846234581609167,-0.13872359536979456,47.485,51.04280831411591,43.92719168588409,0.14984977631318985,1.8571428571428565,44.0,-0.12382535011234608,0.5747422923667618,49.8,-0.004008021397538822,0.3750467308831849,50.0,0.0010005003335834001,0.3746229587089675,49.2,0.03938332800037537,0.3742736727999707,47.05,0.0010632643213300838,0.275426747554932,0.5814891480459826
2025-04-22,45.0,44.0,46.9,43.95,0,0.022472855852058576,0.022727272727272707,0.9282383224217186,0.7664375999648169,0.5814891480459826,0.3673318528477799,0.3161664811895055,0.34421955633891427,46.56,0.9664948453608248,47.175,0.9538950715421304,47.36,0.950168918918919,48.373000000000005,0.930271018956856,42.85335,1.0500929332245903,41.025641025641036,-0.5322772319685498,-0.2174343226895456,47.36,51.087225580281945,43.632774419718054,0.15739972889704162,1.9249999999999992,44.0,0.0,0.5748799744393771,44.0,-0.12382535011234608,0.5747422923667618,49.8,-0.004008021397538822,0.3750467308831849,49.95,0.0151288815963,0.37474172219362567,47.9,0.017904638385480877,0.28286892443492206,0.5816723212310246
2025-04-23,45.1,45.0,45.45,45.0,0,0.0022197567383130316,0.0022222222222223476,0.9300868234082448,0.7240740810830195,0.5816723212310246,0.36724404223669044,0.31614340334741364,0.34422046154567165,45.58,0.9894690653795525,47.135,0.956826137689615,47.272499999999994,0.9540430482838861,48.269000000000005,0.9343470964801425,42.892250000000004,1.0514720025179374,43.62416107382551,-0.6339173427070719,-0.3007309266930509,47.272499999999994,51.13002511333268,43.41497488666731,0.1632037701975857,1.8821428571428562,45.0,0.022472855852058576,0.5814891480459826,44.0,0.0,0.5748799744393771,44.0,-0.12382535011234608,0.5747422923667618,50.0,0.0010005003335834001,0.3746229587089675,45.5,-0.05140317845996475,0.3295895736540577,0.5814059917688515
2025-04-24,45.5,45.1,45.5,45.15,0,0.008830079448271995,0.008869179600886845,0.9488166325131714,0.7030517115721379,0.5814059917688515,0.3676069395272072,0.3163143473476197,0.3439546213780222,44.72,1.0174418604651163,46.985,0.9683941683516016,47.2675,0.9626064420584969,48.139,0.9451795841209829,42.9329,1.0597933053672126,45.09803921568628,-0.6744169469300587,-0.3754681307404525,47.2675,51.134400703745044,43.40059929625495,0.1636177375044183,1.874999999999999,45.1,0.0022197567383130316,0.5816723212310246,45.0,0.022472855852058576,0.5814891480459826,44.0,0.0,0.5748799744393771,49.8,-0.004008021397538822,0.3750467308831849,47.0,0.032435275753153955,0.34925910416472133,0.5788409917232754
2025-04-25,46.5,45.5,47.2,45.2,0,0.02173998663640582,0.0219780219780219,0.1683298938395267,0.713100778139554,0.5788409917232754,0.36998467195787865,0.3176020468863274,0.3442630830226186,45.22,1.0283060592658115,46.904999999999994,0.9913655260633196,47.197500000000005,0.9852216748768472,48.053000000000004,0.9676815183235177,42.97780000000001,1.0819539390103725,48.30769230769232,-0.618689663094159,-0.42411243721119385,47.197500000000005,51.0668770748482,43.32812292515181,0.16396534031879634,2.0071428571428562,45.5,0.008830079448271995,0.5814059917688515,45.1,0.0022197567383130316,0.5816723212310246,45.0,0.022472855852058576,0.5814891480459826,44.0,-0.12382535011234608,0.5747422923667618,47.3,0.00636269378782865,0.3479321090256364,0.5515681369420401
2025-04-28,46.4,46.5,46.5,46.0,0,-0.0021528533611010897,-0.0021505376344086446,0.1776700636790448,0.6755847446607688,0.5515681369420401,0.3692134376264792,0.3114278749809103,0.3381723600924778,45.7,1.0153172866520788,46.625,0.9951742627345844,47.045,0.9862897226060154,47.955,0.9675737670732979,43.02295,1.0784941525395166,45.16129032258065,-0.5759552992558383,-0.4544810096201228,47.045,50.77861684387063,43.311383156129374,0.1587253414335478,1.9535714285714276,46.5,0.02173998663640582,0.5788409917232754,45.5,0.008830079448271995,0.5814059917688515,45.1,0.0022197567383130316,0.5816723212310246,44.0,0.0,0.5748799744393771,49.2,0.03938332800037537,0.3742736727999707,0.5492588401599321
2025-04-29,47.75,46.95,48.0,46.7,0,0.028679607694529628,0.02909482758620685,0.20682419412434283,0.6906292783064759,0.5492588401599321,0.36853642302419887,0.31298020162851947,0.3351930721749569,46.25,1.0324324324324323,46.405,1.028983945695507,46.9875,1.0162277201383347,47.881,0.9972640504584281,43.0771,1.108477590181326,57.785467128027676,-0.4282180592200504,-0.44922841954010834,46.9875,50.635264275624,43.33973572437599,0.15526530569296115,1.778571428571428,46.4,-0.0021528533611010897,0.5515681369420401,46.5,0.02173998663640582,0.5788409917232754,45.5,0.008830079448271995,0.5814059917688515,45.0,0.022472855852058576,0.5814891480459826,49.95,0.0151288815963,0.37474172219362567,0.5482212664017913
2025-04-30,47.8,47.6,48.0,47.6,0,0.0010465725706708953,0.0010471204188480243,0.2104070776895328,0.6906395994236645,0.5482212664017913,0.36400105847586317,0.3129310862705916,0.33483380883573083,46.79,1.0215858089335328,46.185,1.0349680632239904,46.9875,1.017291832934291,47.808,0.9998326639892905,43.13125,1.1082451818577017,53.07692307692306,-0.3036009274630018,-0.42010292112468706,46.9875,50.635264275624,43.33973572437599,0.15526530569296115,1.649999999999999,47.75,0.028679607694529628,0.5492588401599321,46.4,-0.0021528533611010897,0.5515681369420401,46.5,0.02173998663640582,0.5788409917232754,45.1,0.0022197567383130316,0.5816723212310246,50.0,0.0010005003335834001,0.3746229587089675,0.5429645588496497
2025-05-02,47.5,47.8,48.25,46.5,0,-0.0062959284568147,-0.006276150627614996,0.24725745344738212,0.6906894861211269,0.5429645588496497,0.36410847309182454,0.31311585323981383,0.33485046125311463,47.19,1.0065691883873702,45.955,1.0336198455010337,47.0125,1.0103695825578303,47.72599999999999,0.9952646356283789,43.18415,1.0999406032074268,50.76923076923078,-0.22643820682756655,-0.381369978265263,47.0125,50.66747138011587,43.357528619884135,0.15548934347740992,1.6464285714285707,47.8,0.0010465725706708953,0.5482212664017913,47.75,0.028679607694529628,0.5492588401599321,46.4,-0.0021528533611010897,0.5515681369420401,45.5,0.008830079448271995,0.5814059917688515,49.8,-0.004008021397538822,0.3750467308831849,0.5412516554499789
2025-05-05,46.95,47.5,47.5,46.85,0,-0.011646505386323579,-0.011578947368421022,0.249105751093265,0.2144832192298951,0.5412516554499789,0.36466510758212667,0.3117712887043967,0.31599011741773225,47.28,0.993020304568528,46.25,1.0151351351351352,47.01,0.9987236758136567,47.636,0.9855991267108909,43.2246,1.0861870323843368,40.34334763948497,-0.2072772353117429,-0.346551429674559,47.01,50.66507577860717,43.35492422139283,0.15550205397180047,1.5535714285714275,47.5,-0.0062959284568147,0.5429645588496497,47.8,0.0010465725706708953,0.5482212664017913,47.75,0.028679607694529628,0.5492588401599321,46.5,0.02173998663640582,0.5788409917232754,44.0,-0.12382535011234608,0.5747422923667618,0.5466735522812461
2025-05-06,48.0,46.95,48.0,47.0,0,0.022117805253618974,0.022364217252396124,0.2815465233312205,0.22426128641726495,0.5466735522812461,0.36756650786074485,0.312735207270232,0.3137934288785767,47.6,1.0084033613445378,46.65,1.0289389067524115,47.0575,1.0200286883068588,47.581,1.0088060360227822,43.265299999999996,1.1094341192595454,41.8410041841004,-0.10614226064479482,-0.29846959586860616,47.0575,50.73935808354434,43.375641916455656,0.1564833696454058,1.532142857142856,46.95,-0.011646505386323579,0.5412516554499789,47.5,-0.0062959284568147,0.5429645588496497,47.8,0.0010465725706708953,0.5482212664017913,46.4,-0.0021528533611010897,0.5515681369420401,44.0,0.0,0.5748799744393771,0.550882159061128
2025-05-07,49.0,48.0,49.0,48.0,0,0.02061928720273561,0.02083333333333326,0.24556452485040134,0.2212469264112568,0.550882159061128,0.3700661076806335,0.3135959067805805,0.3134729514192457,47.85,1.0240334378265412,47.05,1.0414452709883104,47.1125,1.040063677368002,47.55200000000001,1.030450874831763,43.31100000000001,1.1313523123455933,46.12403100775194,0.05407622105318666,-0.2279604324842476,47.1125,50.87923459028859,43.345765409711404,0.15990382978142076,1.3964285714285702,48.0,0.022117805253618974,0.5466735522812461,46.95,-0.011646505386323579,0.5412516554499789,47.5,-0.0062959284568147,0.5429645588496497,47.75,0.028679607694529628,0.5492588401599321,45.0,0.022472855852058576,0.5814891480459826,0.5478248493890326
2025-05-08,49.0,49.0,49.45,48.85,0,0.0,0.0,0.2467805850428176,0.22328682642931377,0.5478248493890326,0.3693384034353012,0.31059289146691427,0.31293096669925036,48.089999999999996,1.0189228529839884,47.440000000000005,1.0328836424957841,47.2875,1.036214644462067,47.533,1.0308627690236256,43.370650000000005,1.1297963023381017,46.85039370078741,0.1789872682974405,-0.14657089232790999,47.2875,51.06400283783858,43.51099716216142,0.1597252059355465,1.374999999999999,49.0,0.02061928720273561,0.550882159061128,48.0,0.022117805253618974,0.5466735522812461,46.95,-0.011646505386323579,0.5412516554499789,47.8,0.0010465725706708953,0.5482212664017913,45.1,0.0022197567383130316,0.5816723212310246,0.5138726669891145
2025-05-09,48.9,49.0,49.0,47.95,0,-0.0020429016298002933,-0.0020408163265306367,0.23618008870679216,0.22914987176085772,0.5138726669891145,0.3679596797382599,0.30979272140083475,0.30835325608264325,48.37,1.0109572048790574,47.78,1.023440770196735,47.3825,1.032026592096238,47.522999999999996,1.028975443469478,43.4308,1.1259290641664441,85.00000000000003,0.2668350999754452,-0.06388969386723896,47.3825,51.223590168715496,43.541409831284504,0.16213117369136268,1.0357142857142847,49.0,0.0,0.5478248493890326,49.0,0.02061928720273561,0.550882159061128,48.0,0.022117805253618974,0.5466735522812461,47.5,-0.0062959284568147,0.5429645588496497,45.5,0.008830079448271995,0.5814059917688515,0.5031209335009285
2025-05-12,48.8,48.9,48.85,48.0,0,-0.0020470836217249106,-0.002044989775051187,0.19827198894696776,0.21773550022717797,0.5031209335009285,0.3664945927637077,0.29983729750180216,0.3083405750744738,48.739999999999995,1.001231021748051,48.010000000000005,1.0164549052280774,47.457499999999996,1.0282884686298268,47.531000000000006,1.0266983652773978,43.48794999999999,1.1221499288883474,83.80281690140846,0.3246436849086365,0.013816981887936126,47.457499999999996,51.350040098835834,43.56495990116416,0.16404320070951223,1.092857142857142,48.9,-0.0020429016298002933,0.5138726669891145,49.0,0.0,0.5478248493890326,49.0,0.02061928720273561,0.550882159061128,46.95,-0.011646505386323579,0.5412516554499789,46.5,0.02173998663640582,0.5788409917232754,0.5067357371857759
2025-05-13,48.0,48.7,48.7,47.85,0,-0.01652930195121047,-0.016393442622950727,0.21100810422468227,0.24132371126887145,0.5067357371857759,0.3676684351202351,0.3005848805796687,0.3088304244240479,48.739999999999995,0.9848173984407059,48.17,0.9964708324683412,47.3975,1.0127116409093306,47.531000000000006,1.0098672445351453,43.5441,1.1023307405595706,71.73913043478264,0.30241800433026356,0.07153718637640162,47.3975,51.21318439056657,43.581815609433434,0.16100783334844945,0.9499999999999993,48.8,-0.0020470836217249106,0.5031209335009285,48.9,-0.0020429016298002933,0.5138726669891145,49.0,0.0,0.5478248493890326,48.0,0.022117805253618974,0.5466735522812461,46.4,-0.0021528533611010897,0.5515681369420401,0.488464211319591
2025-05-14,48.5,48.0,48.5,48.0,0,0.010362787035546658,0.01041666666666674,0.15224845187334227,0.20186983493507332,0.488464211319591,0.3618758551523088,0.30070707638585636,0.30770841733573073,48.64,0.9971217105263158,48.245,1.0052855218157322,47.325,1.0248283148441626,47.541000000000004,1.0201720620096337,43.60274999999999,1.1123151636078001,73.28767123287673,0.3214444026881722,0.12151862963875575,47.325,50.98854731747261,43.6614526825274,0.15482503190586816,0.9535714285714276,48.0,-0.01652930195121047,0.5067357371857759,48.8,-0.0020470836217249106,0.5031209335009285,48.9,-0.0020429016298002933,0.5138726669891145,49.0,0.02061928720273561,0.550882159061128,47.75,0.028679607694529628,0.5492588401599321,0.48509367784877216
2025-05-15,48.5,48.5,49.2,48.0,0,0.0,0.0,0.15224845187334227,0.20201245920052951,0.48509367784877216,0.3590450064686608,0.2986788046043581,0.3076789556901351,48.54,0.9991759373712402,48.315,1.0038290386008486,47.25,1.0264550264550265,47.551,1.0199575192950727,43.665499999999994,1.1107166985377472,71.73913043478264,0.3326879409721357,0.16375249190543176,47.25,50.74028727516092,43.75971272483908,0.1477370275200388,1.010714285714285,48.5,0.010362787035546658,0.488464211319591,48.0,-0.01652930195121047,0.5067357371857759,48.8,-0.0020470836217249106,0.5031209335009285,49.0,0.0,0.5478248493890326,47.8,0.0010465725706708953,0.5482212664017913,0.48501853008225654
2025-05-16,48.4,48.5,48.5,48.0,0,-0.0020639842208514825,-0.0020618556701030855,0.15224845217547586,0.19855413907135852,0.48501853008225654,0.3584142230304483,0.29832455728319907,0.307695465774072,48.44,0.9991742361684558,48.404999999999994,0.999896704885859,47.18,1.02585841458245,47.552,1.0178331090174966,43.72825000000001,1.1068359698821697,65.83333333333334,0.32972845739436707,0.19694768500321883,47.18,50.50730331776552,43.85269668223448,0.14104719447925052,0.9035714285714279,48.5,0.0,0.48509367784877216,48.5,0.010362787035546658,0.488464211319591,48.0,-0.01652930195121047,0.5067357371857759,48.9,-0.0020429016298002933,0.5138726669891145,47.5,-0.0062959284568147,0.5429645588496497,0.48552015653248
2025-05-19,48.0,48.4,48.5,48.0,0,-0.008298802814695066,-0.008264462809917328,0.1585647554512706,0.19279754594408713,0.48552015653248,0.35862748950991336,0.29838436487672343,0.30725260657684544,48.28,0.9942004971002485,48.51,0.9894867037724181,47.38,1.0130856901646264,47.552,1.009421265141319,43.795500000000004,1.0960030140082884,62.69841269841273,0.2917433525127038,0.2159068185051158,47.38,50.36582616619407,44.39417383380594,0.1260374067620965,0.9035714285714279,48.4,-0.0020639842208514825,0.48501853008225654,48.5,0.0,0.48509367784877216,48.5,0.010362787035546658,0.488464211319591,48.8,-0.0020470836217249106,0.5031209335009285,46.95,-0.011646505386323579,0.5412516554499789,0.19675481453061264
2025-05-20,48.05,48.0,48.4,48.0,0,0.0010411245084105101,0.0010416666666666075,0.10689824124187719,0.15770363604999205,0.19675481453061264,0.3586465340204546,0.2966600608499424,0.3070881954110237,48.29,0.9950300269206874,48.515,0.9904153354632587,47.582499999999996,1.0098250407187517,47.556,1.0103877533854824,43.866499999999995,1.0953689033772924,52.99999999999998,0.2626468361237926,0.22525482202885116,47.582499999999996,50.118612856527655,45.04638714347234,0.10659855436463653,0.8178571428571421,48.0,-0.008298802814695066,0.48552015653248,48.4,-0.0020639842208514825,0.48501853008225654,48.5,0.0,0.48509367784877216,48.0,-0.01652930195121047,0.5067357371857759,48.0,0.022117805253618974,0.5466735522812461,0.197445363950004
2025-05-21,47.95,48.05,48.7,47.95,0,-0.0020833340868541403,-0.002081165452653355,0.05753254913122279,0.10852116083484611,0.197445363950004,0.3585594236511482,0.2966871670115153,0.3052108933732082,48.18,0.9952262349522624,48.41,0.9904978310266476,47.730000000000004,1.004609260423214,47.575,1.0078822911192853,43.94075000000001,1.0912421840774222,51.485148514851545,0.22888008583476704,0.22597987479003434,47.730000000000004,49.95814532267077,45.50185467732924,0.0933645641177776,0.8428571428571422,48.05,0.0010411245084105101,0.19675481453061264,48.0,-0.008298802814695066,0.48552015653248,48.4,-0.0020639842208514825,0.48501853008225654,48.5,0.010362787035546658,0.488464211319591,49.0,0.02061928720273561,0.550882159061128,0.18931168765275033
2025-05-22,47.6,47.95,47.95,47.6,0,-0.007326040092072898,-0.007299270072992692,0.0625256625142968,0.11063754942019048,0.18931168765275033,0.3587555016850874,0.29678367505965453,0.3042601536276678,48.0,0.9916666666666667,48.269999999999996,0.9861197431116636,47.855000000000004,0.9946714031971581,47.581,1.0003993190559257,44.00375,1.0817259892622788,50.98039215686277,0.17189610670993005,0.21516312117401348,47.855000000000004,49.71139718980287,45.99860281019714,0.07758425200304514,0.7428571428571422,47.95,-0.0020833340868541403,0.197445363950004,48.05,0.0010411245084105101,0.19675481453061264,48.0,-0.008298802814695066,0.48552015653248,48.5,0.0,0.48509367784877216,49.0,0.0,0.5478248493890326,0.19081098278806516
2025-05-23,47.4,47.6,47.7,47.2,0,-0.004210532536343605,-0.004201680672269004,0.060718221321035035,0.11070313032311072,0.19081098278806516,0.3579165302337392,0.2968146771152093,0.30421568330580034,47.8,0.9916317991631799,48.12,0.9850374064837906,47.95,0.9885297184567257,47.573,0.9963634834885333,44.060750000000006,1.075787407159433,54.73684210526312,0.10933719307411138,0.19399793555403305,47.95,49.46136048853606,46.43863951146395,0.06303901933414205,0.7321428571428567,47.6,-0.007326040092072898,0.18931168765275033,47.95,-0.0020833340868541403,0.197445363950004,48.05,0.0010411245084105101,0.19675481453061264,48.4,-0.0020639842208514825,0.48501853008225654,48.9,-0.0020429016298002933,0.5138726669891145,0.19704046078503779
2025-05-26,48.25,47.4,48.5,47.6,0,0.01777359908396407,0.01793248945147674,0.15621017230399561,0.1527781322883668,0.19704046078503779,0.359747080912654,0.2974128636419701,0.30288804632900546,47.85,1.0083594566353187,48.065,1.003848954540726,48.0375,1.0044236273744471,47.578,1.0141241750388834,44.12200000000001,1.093558768868138,52.74725274725275,0.12688405910787992,0.18057516026480241,48.0375,49.38964254931806,46.68535745068194,0.056295292191228107,0.7357142857142855,47.4,-0.004210532536343605,0.19081098278806516,47.6,-0.007326040092072898,0.18931168765275033,47.95,-0.0020833340868541403,0.197445363950004,48.0,-0.008298802814695066,0.48552015653248,48.8,-0.0020470836217249106,0.5031209335009285,0.18495563845604157
2025-05-27,48.5,48.25,48.5,48.2,0,0.005167970158442598,0.005181347150259086,0.15893739892063838,0.12844420285954522,0.18495563845604157,0.35943783947829266,0.2961799719162602,0.3022308537444566,47.94,1.0116812682519818,48.114999999999995,1.008001662683155,48.1425,1.0074258711118036,47.598,1.0189503760662213,44.18200000000001,1.0977321080983204,43.42105263157894,0.15912865148067823,0.17628585850797757,48.1425,49.266063410241806,47.01893658975819,0.04667657102318357,0.6857142857142853,48.25,0.01777359908396407,0.19704046078503779,47.4,-0.004210532536343605,0.19081098278806516,47.6,-0.007326040092072898,0.18931168765275033,48.05,0.0010411245084105101,0.19675481453061264,48.0,-0.01652930195121047,0.5067357371857759,0.18467856526684695
2025-05-28,48.45,48.5,48.5,48.3,0,-0.0010314596066622707,-0.0010309278350515427,0.15746000342911007,0.11755238153002799,0.18467856526684695,0.3587941934234267,0.29587622684309434,0.2982103585031636,48.04,1.0085345545378852,48.11,1.0070671378091873,48.1775,1.0056561672980127,47.611999999999995,1.0176006048895239,44.23925,1.0951813152347747,42.85714285714289,0.17858947283851734,0.17674658137408553,48.1775,49.293165956417006,47.061834043583,0.046314813197737704,0.6571428571428568,48.5,0.005167970158442598,0.18495563845604157,48.25,0.01777359908396407,0.19704046078503779,47.4,-0.004210532536343605,0.19081098278806516,47.95,-0.0020833340868541403,0.197445363950004,48.5,0.010362787035546658,0.488464211319591,0.1572626650214437
2025-05-29,48.5,48.45,48.6,48.3,0,0.0010314596066622124,0.0010319917440659854,0.13570030240796196,0.11769167684302353,0.1572626650214437,0.35645723019896264,0.29578442268579813,0.2981365467974163,48.220000000000006,1.0058067192036497,48.11,1.0081064227811265,48.2125,1.005963183821623,47.622,1.0184368569148712,44.29175,1.0950120507769505,44.736842105263165,0.19578995141984734,0.18055525538323788,48.2125,49.32220598286804,47.102794017131956,0.046033953139457316,0.6035714285714288,48.45,-0.0010314596066622707,0.18467856526684695,48.5,0.005167970158442598,0.18495563845604157,48.25,0.01777359908396407,0.19704046078503779,47.6,-0.007326040092072898,0.18931168765275033,48.5,0.0,0.48509367784877216,0.16068626924551982
2025-05-30,49.0,48.5,49.0,48.5,0,0.010256500167189061,0.010309278350515427,0.12024612023337401,0.12748532493351356,0.16068626924551982,0.3566262030589095,0.29333948842692714,0.2967770924123965,48.54,1.0094767202307375,48.17,1.0172306414780983,48.2875,1.0147553714729485,47.645999999999994,1.0284179154598498,44.3425,1.1050346732818401,52.380952380952415,0.24692092522096232,0.19382838935078278,48.2875,49.39720598286803,47.17779401713197,0.04596245334167346,0.5750000000000003,48.5,0.0010314596066622124,0.1572626650214437,48.45,-0.0010314596066622707,0.18467856526684695,48.5,0.005167970158442598,0.18495563845604157,47.4,-0.004210532536343605,0.19081098278806516,48.4,-0.0020639842208514825,0.48501853008225654,0.1586194083557298
2025-06-02,48.95,49.0,50.0,48.6,0,-0.0010209291341071224,-0.0010204081632652073,0.07678300471498592,0.11705932313023977,0.1586194083557298,0.35663585648342194,0.2931186555308793,0.2959311901462857,48.68,1.0055464256368118,48.265,1.0141924790220658,48.3875,1.0116249031258073,47.67400000000001,1.0267651130595292,44.3945,1.1026140625527938,63.76811594202908,0.2801782873133263,0.21109836894329148,48.3875,49.338884033363705,47.4361159666363,0.03932354568281899,0.6071428571428577,49.0,0.010256500167189061,0.16068626924551982,48.5,0.0010314596066622124,0.1572626650214437,48.45,-0.0010314596066622707,0.18467856526684695,48.25,0.01777359908396407,0.19704046078503779,48.0,-0.008298802814695066,0.48552015653248,0.15468204993839252
2025-06-03,48.6,48.95,49.0,48.6,0,-0.007175838070071314,-0.007150153217568955,0.10008813064734456,0.12580578521302915,0.15468204993839252,0.35694992806185727,0.2933404784777576,0.2954429369600813,48.7,0.997946611909651,48.32,1.005794701986755,48.417500000000004,1.0037692982909072,47.691,1.019060200037743,44.4525,1.0933018390416738,51.51515151515154,0.27512148225961397,0.223902991606556,48.417500000000004,49.355176299208466,47.47982370079154,0.03873294983047295,0.6000000000000004,48.95,-0.0010209291341071224,0.1586194083557298,49.0,0.010256500167189061,0.16068626924551982,48.5,0.0010314596066622124,0.1572626650214437,48.5,0.005167970158442598,0.18495563845604157,48.05,0.0010411245084105101,0.19675481453061264,0.13611409741448427
2025-06-04,48.8,48.6,48.95,48.7,0,0.004106781952653281,0.00411522633744843,0.10204794480232468,0.12520377374500327,0.13611409741448427,0.3567515696085141,0.292992209689716,0.2936120663192979,48.77,1.0006151322534345,48.405,1.008160314017147,48.4075,1.0081082476888912,47.717,1.0226963136827545,44.5115,1.0963458881412669,54.28571428571427,0.2839787263655751,0.23591813855835983,48.4075,49.32302400870667,47.49197599129333,0.03782570918583562,0.5392857142857146,48.6,-0.007175838070071314,0.15468204993839252,48.95,-0.0010209291341071224,0.1586194083557298,49.0,0.010256500167189061,0.16068626924551982,48.45,-0.0010314596066622707,0.18467856526684695,47.95,-0.0020833340868541403,0.197445363950004,0.17871313748631434
2025-06-05,50.75,48.8,50.75,48.9,0,0.039181305062795276,0.03995901639344268,0.28601507848794894,0.21569778451674948,0.17871313748631434,0.36483172310037787,0.29761909442774254,0.29569161178598086,49.220000000000006,1.0310849248273057,48.72,1.0416666666666667,48.495,1.0464996391380554,47.795,1.0618265508944449,44.576,1.1385050251256281,71.96261682242996,0.4432374933845935,0.2773820095236066,48.495,49.86877696802892,47.12122303197108,0.05665643748959359,0.6428571428571433,48.8,0.004106781952653281,0.13611409741448427,48.6,-0.007175838070071314,0.15468204993839252,48.95,-0.0010209291341071224,0.1586194083557298,48.5,0.0010314596066622124,0.1572626650214437,47.6,-0.007326040092072898,0.18931168765275033,0.17871313748631434
2025-06-06,50.75,48.8,50.75,50.75,0,0.0,0.0,0.2925279354754001,0.21087574452617266,0.17871313748631434,0.36474544288040867,0.29758212751665414,0.29569161178598086,49.57000000000001,1.0238047205971352,49.055,1.0345530526959534,48.5875,1.0445073321327503,47.897999999999996,1.0595431959580777,44.63975000000001,1.1368791267872242,77.77777777777784,0.562961741124461,0.3344979558437775,48.5875,50.28668711215017,46.88831288784983,0.06994338511552026,0.6071428571428577,50.75,0.039181305062795276,0.17871313748631434,48.8,0.004106781952653281,0.13611409741448427,48.6,-0.007175838070071314,0.15468204993839252,49.0,0.010256500167189061,0.16068626924551982,47.4,-0.004210532536343605,0.19081098278806516,0.18206062961010963
2025-06-10,50.3,50.75,51.5,50.05,0,-0.008906540816203226,-0.00886699507389166,0.3109569875265507,0.21460290918389852,0.18206062961010963,0.36329357384651545,0.2977990960217301,0.29587774133328965,49.839999999999996,1.0092295345104334,49.260000000000005,1.0211124644742182,48.6625,1.033650141279219,47.946000000000005,1.0490969006799313,44.70125,1.1252481753865942,71.02803738317759,0.6144498356086814,0.3904883317967583,48.6625,50.52568205455425,46.79931794544575,0.07657568166675575,0.6821428571428579,50.75,0.0,0.17871313748631434,50.75,0.039181305062795276,0.17871313748631434,48.8,0.004106781952653281,0.13611409741448427,48.95,-0.0010209291341071224,0.1586194083557298,48.25,0.01777359908396407,0.19704046078503779,0.18263797535045367
2025-06-11,50.1,50.3,50.5,49.95,0,-0.003984069014874347,-0.003976143141153021,0.30353518968442544,0.2182865803202916,0.18263797535045367,0.3632710780330891,0.2977382018906162,0.29412331120630536,50.14,0.9992022337455125,49.42,1.0137596114933225,48.7675,1.0273235248885015,47.958999999999996,1.04464229863008,44.76175,1.1192591889280468,69.72477064220183,0.6318328174911017,0.438757228935627,48.7675,50.70854556740143,46.82645443259857,0.07960406284519123,0.6678571428571435,50.3,-0.008906540816203226,0.18206062961010963,50.75,0.0,0.17871313748631434,50.75,0.039181305062795276,0.17871313748631434,48.6,-0.007175838070071314,0.15468204993839252,48.5,0.005167970158442598,0.18495563845604157,0.17080376824208945
2025-06-13,50.2,50.1,50.55,50.2,0,0.0019940186068644495,0.001996007984031989,0.3047683346437086,0.21715209156750914,0.17080376824208945,0.36275496324841766,0.29665829160956353,0.29295937732718047,50.42,0.9956366521221738,49.595,1.012198810363948,48.8525,1.0275830305511489,47.985,1.0461602584140879,44.822750000000006,1.119966981053148,75.00000000000003,0.646228796829277,0.48025154251435703,48.8525,50.89068159409759,46.814318405902405,0.08344226371619033,0.6750000000000002,50.1,-0.003984069014874347,0.18263797535045367,50.3,-0.008906540816203226,0.18206062961010963,50.75,0.0,0.17871313748631434,48.8,0.004106781952653281,0.13611409741448427,48.45,-0.0010314596066622707,0.18467856526684695,0.288268903013917
2025-06-16,47.0,50.2,48.8,45.2,0,-0.06586742498762499,-0.06374501992031878,0.45312963271563717,0.4115403490710372,0.288268903013917,0.38636837134709895,0.31137759475589755,0.30064369015172415,49.67,0.9462452184417153,49.44500000000001,0.9505511174031751,48.777499999999996,0.963559017989852,47.96900000000001,0.9797994538139213,44.868249999999996,1.0475113248232326,47.560975609756106,0.3948726120164068,0.463175756414767,48.777499999999996,50.97450154516686,46.58049845483313,0.09008258090992212,0.9964285714285717,50.2,0.0019940186068644495,0.17080376824208945,50.1,-0.003984069014874347,0.18263797535045367,50.3,-0.008906540816203226,0.18206062961010963,50.75,0.039181305062795276,0.17871313748631434,48.5,0.0010314596066622124,0.1572626650214437,0.29552120388110836
2025-06-17,46.05,47.0,46.05,43.0,0,-0.02041983900874285,-0.02021276595744692,0.43225052937378294,0.4123873375222577,0.29552120388110836,0.3879384244001831,0.31253883527370896,0.30137666985767925,48.73,0.9450030781859224,49.15,0.9369277721261444,48.660000000000004,0.9463625154130701,47.95,0.9603753910323253,44.909,1.0254069340221337,36.746987951807206,0.11765767961866658,0.39407214105554694,48.660000000000004,51.17094446478912,46.149055535210884,0.10320363603736618,1.2035714285714287,47.0,-0.06586742498762499,0.288268903013917,50.2,0.0019940186068644495,0.17080376824208945,50.1,-0.003984069014874347,0.18263797535045367,50.75,0.0,0.17871313748631434,49.0,0.010256500167189061,0.16068626924551982,0.35034927371260893
2025-06-18,48.5,46.95,49.5,46.95,0,0.051836035242121686,0.053203040173724236,0.6733447919152051,0.50579239154945,0.35034927371260893,0.40168620794265003,0.3206896322710036,0.3023415010161849,48.370000000000005,1.0026876162910894,49.105,0.9876794623765401,48.685,0.9962000616206224,47.98,1.0108378491037933,44.96175,1.0786946682457867,50.0,0.09456726045099373,0.33417116493463633,48.685,51.178169616539165,46.19183038346084,0.10242044229389598,1.428571428571429,46.05,-0.02041983900874285,0.29552120388110836,47.0,-0.06586742498762499,0.288268903013917,50.2,0.0019940186068644495,0.17080376824208945,50.3,-0.008906540816203226,0.18206062961010963,48.95,-0.0010209291341071224,0.1586194083557298,0.363128668016632
2025-06-19,49.95,48.5,51.0,48.0,0,0.029458707151125123,0.02989690721649496,0.7236606173434296,0.5261367109503208,0.363128668016632,0.40580979382973864,0.3232404990656499,0.3036162984063208,48.339999999999996,1.0333057509309063,49.24,1.0144191714053614,48.78,1.0239852398523985,48.038000000000004,1.039801823556351,45.0215,1.1094699199271458,56.30252100840336,0.1910683022945392,0.3055505924066169,48.78,51.315723710666056,46.244276289333946,0.1039657117944262,1.6285714285714288,48.5,0.051836035242121686,0.35034927371260893,46.05,-0.02041983900874285,0.29552120388110836,47.0,-0.06586742498762499,0.288268903013917,50.1,-0.003984069014874347,0.18263797535045367,48.6,-0.007175838070071314,0.15468204993839252,0.3632581931971025
2025-06-20,49.9,49.95,50.5,49.0,0,-0.0010015023370896325,-0.0010010010010010895,0.7232966013833195,0.5263899746240165,0.3632581931971025,0.4057066030866735,0.32300138891130387,0.3024517057151407,48.28,1.0335542667771334,49.35,1.011144883485309,48.8775,1.0209196460539103,48.077999999999996,1.0378967511127752,45.07899999999999,1.1069455844184655,55.882352941176464,0.2605085111201717,0.2965421761493279,48.8775,51.428758719264565,46.32624128073543,0.10439399393441019,1.7142857142857142,49.95,0.029458707151125123,0.363128668016632,48.5,0.051836035242121686,0.35034927371260893,46.05,-0.02041983900874285,0.29552120388110836,50.2,0.0019940186068644495,0.17080376824208945,48.8,0.004106781952653281,0.13611409741448427,0.36765561813419717
2025-06-23,50.85,49.9,51.0,49.9,0,0.01885911973709594,0.019038076152304573,0.4411190725072932,0.495419593290912,0.36765561813419717,0.4071369482408124,0.32391866357797133,0.30295724612689373,49.05,1.036697247706422,49.36,1.0301863857374394,49.04,1.0369086460032626,48.185,1.0553076683615232,45.14150000000001,1.126457915665186,57.48987854251011,0.38772795095655255,0.31477933111077283,49.04,51.66169089670895,46.41830910329105,0.10692050965370914,1.7571428571428573,49.9,-0.0010015023370896325,0.3632581931971025,49.95,0.029458707151125123,0.363128668016632,48.5,0.051836035242121686,0.35034927371260893,47.0,-0.06586742498762499,0.288268903013917,50.75,0.039181305062795276,0.17871313748631434,0.3888997740788825
2025-06-24,53.0,50.85,53.0,50.75,0,0.04141179105755277,0.04228121927236961,0.32482087720471897,0.5368430530320565,0.3888997740788825,0.4150273833735297,0.32879792658862295,0.30558611769565613,50.44,1.0507533703409992,49.585,1.0688716345669054,49.32,1.0746147607461476,48.305,1.0971949073594867,45.215250000000005,1.1721708936697242,64.0138408304498,0.6544927206180375,0.3827220090122258,49.32,52.36603279520517,46.27396720479483,0.1235212001299745,1.817857142857143,50.85,0.01885911973709594,0.36765561813419717,49.9,-0.0010015023370896325,0.3632581931971025,49.95,0.029458707151125123,0.363128668016632,46.05,-0.02041983900874285,0.29552120388110836,50.75,0.0,0.17871313748631434,0.4857078696304671
2025-06-25,58.0,53.0,58.1,53.0,0,0.09015109699429748,0.09433962264150941,0.5422420881702918,0.6797077967868763,0.4857078696304671,0.4508854681462178,0.35169991634834713,0.31815461946618084,52.339999999999996,1.108139090561712,50.355000000000004,1.1518220633502134,49.8075,1.1644832605531297,48.519000000000005,1.1954079845009171,45.31025,1.2800635617768605,74.60732984293192,1.2548982498899264,0.5571572571877659,49.8075,54.696076910565885,44.91892308943411,0.1962988269062245,2.153571428571429,53.0,0.04141179105755277,0.3888997740788825,50.85,0.01885911973709594,0.36765561813419717,49.9,-0.0010015023370896325,0.3632581931971025,48.5,0.051836035242121686,0.35034927371260893,50.3,-0.008906540816203226,0.18206062961010963,0.48500177089576185
2025-06-26,58.3,56.5,58.55,56.5,0,0.005159082810027202,0.005172413793103292,0.5857710850678715,0.67437109425208,0.48500177089576185,0.449580997685996,0.35119276802233884,0.318153702254759,54.010000000000005,1.0794297352342157,51.175,1.139228138739619,50.2975,1.1591033351558229,48.70099999999999,1.1971006755508102,45.41025,1.2838511129095302,74.73958333333331,1.7349322315144633,0.7927122520531054,50.2975,56.43843041124722,44.15656958875278,0.24418431974739177,2.275,58.0,0.09015109699429748,0.4857078696304671,53.0,0.04141179105755277,0.3888997740788825,50.85,0.01885911973709594,0.36765561813419717,49.95,0.029458707151125123,0.363128668016632,50.1,-0.003984069014874347,0.18263797535045367,0.4873461852529057
2025-06-27,58.0,58.3,58.0,57.05,0,-0.005159082810027336,-0.005145797598627766,0.6005989148884088,0.6792193795572286,0.4873461852529057,0.445657262103488,0.35134302914909704,0.3182183283240963,55.629999999999995,1.042602912097789,51.955,1.1163506880954672,50.775,1.1422944362383063,48.861999999999995,1.1870164954361264,45.51325,1.274354171587395,70.65527065527064,2.067324299949469,1.0476346616323782,50.775,57.74081880175896,43.809181198241035,0.2743798641756362,2.225,58.3,0.005159082810027202,0.48500177089576185,58.0,0.09015109699429748,0.4857078696304671,53.0,0.04141179105755277,0.3888997740788825,49.9,-0.0010015023370896325,0.3632581931971025,50.2,0.0019940186068644495,0.17080376824208945,0.4951972177840824
2025-06-30,56.95,58.0,58.0,56.55,0,-0.018269320653228085,-0.018103448275861966,0.6947736662865988,0.5516929979360738,0.4951972177840824,0.43809322951217566,0.3512089499252545,0.3182125701995076,56.85,1.0017590149516271,52.95,1.0755429650613786,51.1975,1.1123590019043899,49.001000000000005,1.1622211791596089,45.613,1.2485475631947034,66.66666666666666,2.220425501145563,1.2821928295350151,51.1975,58.59404791457628,43.80095208542372,0.28894176139757927,2.3285714285714287,58.0,-0.005159082810027336,0.4873461852529057,58.3,0.005159082810027202,0.48500177089576185,58.0,0.09015109699429748,0.4857078696304671,50.85,0.01885911973709594,0.36765561813419717,47.0,-0.06586742498762499,0.288268903013917,0.5015191381413766
2025-07-01,56.05,56.95,56.95,55.05,0,-0.01592954037502232,-0.015803336259877176,0.716195463662941,0.5430561068309396,0.5015191381413766,0.43560806715296185,0.35208671665449104,0.3184736218210123,57.46,0.975461190393317,53.95,1.0389249304911954,51.55,1.08729388942774,49.126,1.14094369580263,45.705749999999995,1.2263227274467656,65.09186351706036,2.2432777185938377,1.4744098073467797,51.55,59.174061633372645,43.92593836662735,0.29579288587284763,2.360714285714286,56.95,-0.018269320653228085,0.4951972177840824,58.0,-0.005159082810027336,0.4873461852529057,58.3,0.005159082810027202,0.48500177089576185,53.0,0.04141179105755277,0.3888997740788825,46.05,-0.02041983900874285,0.29552120388110836,0.5025854911378432
2025-07-02,57.0,56.05,57.0,55.35,0,0.01680711831638119,0.016949152542372836,0.2331358469411045,0.5125401747217297,0.5025854911378432,0.43576487011463266,0.35273749197604143,0.31873793094960345,57.260000000000005,0.9954593084177435,54.8,1.0401459854014599,51.9525,1.0971560560127038,49.385999999999996,1.1541732474790427,45.805749999999996,1.244385257309399,67.42424242424241,2.3114009349012505,1.641808032857674,51.9525,59.843899382271644,44.06110061772836,0.30379286395348226,2.4392857142857145,56.05,-0.01592954037502232,0.5015191381413766,56.95,-0.018269320653228085,0.4951972177840824,58.0,-0.005159082810027336,0.4873461852529057,58.0,0.09015109699429748,0.4857078696304671,48.5,0.051836035242121686,0.35034927371260893,0.5028372538102713
2025-07-03,58.0,57.0,58.0,57.0,0,0.01739174271186924,0.01754385964912286,0.27423909369389826,0.5073190693296176,0.5028372538102713,0.433726370448613,0.3534103655728615,0.3190931292719533,57.2,1.013986013986014,55.605,1.043071666217067,52.4225,1.1063951547522533,49.666,1.16780091007933,45.91075,1.2633206819753544,68.84057971014491,2.418205153547774,1.7970874569956943,52.4225,60.588119517541465,44.256880482458534,0.3115310989571831,2.478571428571429,57.0,0.01680711831638119,0.5025854911378432,56.05,-0.01592954037502232,0.5015191381413766,56.95,-0.018269320653228085,0.4951972177840824,58.3,0.005159082810027202,0.48500177089576185,49.95,0.029458707151125123,0.363128668016632,0.5034296773486856
2025-07-04,57.5,58.0,57.5,57.0,0,-0.008658062743114541,-0.008620689655172376,0.27864621767971176,0.5154473892271312,0.5034296773486856,0.43249958595994664,0.3537136333285127,0.31807147941910324,57.1,1.0070052539404553,56.364999999999995,1.020136609598155,52.8575,1.0878304876318403,49.916,1.151935251222053,46.01325,1.249640049333616,79.16666666666664,2.4344397390566215,1.9245579134078798,52.8575,61.13672415637901,44.57827584362099,0.3132658243912031,2.1928571428571435,58.0,0.01739174271186924,0.5028372538102713,57.0,0.01680711831638119,0.5025854911378432,56.05,-0.01592954037502232,0.5015191381413766,58.0,-0.005159082810027336,0.4873461852529057,49.9,-0.0010015023370896325,0.3632581931971025,0.5038705080249389
2025-07-07,57.55,57.5,57.8,55.1,0,0.0008691873645869339,0.0008695652173913437,0.23711698089039723,0.5187717545216743,0.5038705080249389,0.43247693525428615,0.35332832824915195,0.3171883930300448,57.220000000000006,1.0057672142607479,57.035000000000004,1.0090295432629086,53.197500000000005,1.0818177545937306,50.165,1.1472141931625635,46.11600000000001,1.2479399774481739,83.62573099415204,2.423404844636977,2.0243272996536996,53.197500000000005,61.668594815217915,44.726405184782095,0.31847717713117757,2.1000000000000005,57.5,-0.008658062743114541,0.5034296773486856,58.0,0.01739174271186924,0.5028372538102713,57.0,0.01680711831638119,0.5025854911378432,56.95,-0.018269320653228085,0.4951972177840824,50.85,0.01885911973709594,0.36765561813419717,0.49219898669363954
2025-07-08,57.3,57.55,57.5,57.1,0,-0.004353511447197775,-0.004344048653344923,0.1915371256926551,0.49748729765260746,0.49219898669363954,0.43272206572941835,0.3533394525132686,0.31724161886804936,57.46999999999999,0.9970419349225684,57.464999999999996,0.997128687026886,53.525,1.070527790751985,50.400999999999996,1.1368822047181604,46.2125,1.2399242629158778,79.53020134228186,2.367199102916331,2.092901660306226,53.525,62.10346140050712,44.946538599492875,0.32054036059811764,1.8857142857142857,57.55,0.0008691873645869339,0.5038705080249389,57.5,-0.008658062743114541,0.5034296773486856,58.0,0.01739174271186924,0.5028372538102713,56.05,-0.01592954037502232,0.5015191381413766,53.0,0.04141179105755277,0.3888997740788825,0.4982554647112762
2025-07-09,59.0,57.3,59.85,57.5,0,0.029236820185025728,0.029668411867364908,0.2527583215427296,0.24512527275187,0.4982554647112762,0.43488301985207845,0.3550502882841147,0.3156743260039188,57.86999999999999,1.01952652496976,57.565,1.0249283418744028,53.96,1.0934025203854707,50.650999999999996,1.1648338631024067,46.324,1.2736378551075038,79.86798679867985,2.431799173044979,2.160681162853977,53.96,62.73008071738591,45.18991928261409,0.32505858848724645,1.8535714285714289,57.3,-0.004353511447197775,0.49219898669363954,57.55,0.0008691873645869339,0.5038705080249389,57.5,-0.008658062743114541,0.5034296773486856,57.0,0.01680711831638119,0.5025854911378432,58.0,0.09015109699429748,0.4857078696304671,0.5421373784994626
2025-07-10,63.4,59.0,63.4,58.15,0,0.07192641753746072,0.07457627118644061,0.5346864063287041,0.430491580031091,0.5421373784994626,0.4417159789383496,0.368606038754911,0.32336518552067517,58.95,1.0754877014418998,58.075,1.0916917778734394,54.625,1.1606407322654462,50.99099999999999,1.2433566707850408,46.4575,1.3646881558413602,84.61538461538461,2.8056961035099306,2.2896841509851678,54.625,64.14741123820349,45.10258876179652,0.3486466357236974,2.1214285714285714,59.0,0.029236820185025728,0.4982554647112762,57.3,-0.004353511447197775,0.49219898669363954,57.55,0.0008691873645869339,0.5038705080249389,58.0,0.01739174271186924,0.5028372538102713,58.3,0.005159082810027202,0.48500177089576185,0.6111716344625002
2025-07-11,69.7,63.4,69.7,63.5,0,0.09473645632329801,0.09936908517350163,0.6927804643167708,0.6008515423999857,0.6111716344625002,0.47370733593058995,0.38679860470107064,0.3363699431687859,61.39,1.1353640658087636,59.245000000000005,1.1764705882352942,55.6,1.2535971223021583,51.43,1.3552401322185494,46.621,1.4950344265459772,87.92756539235413,3.5692256518399077,2.545592451156116,55.6,67.0190514860953,44.1809485139047,0.4107572477012696,2.4928571428571433,63.4,0.07192641753746072,0.5421373784994626,59.0,0.029236820185025728,0.4982554647112762,57.3,-0.004353511447197775,0.49219898669363954,57.5,-0.008658062743114541,0.5034296773486856,58.0,-0.005159082810027336,0.4873461852529057,0.6099411832179954
2025-07-14,71.5,69.7,72.0,69.75,0,0.025497131933483817,0.02582496413199431,0.6275298611284813,0.5652248200323201,0.6099411832179954,0.4752682700414814,0.38755685888201397,0.33709384460903974,64.17999999999999,1.1140542224992211,60.7,1.1779242174629323,56.825,1.2582490101187858,51.904,1.377543156596794,46.78900000000001,1.5281369552672635,87.75510204081633,4.270347370311086,2.8905434349871104,56.825,69.54226965069195,44.107730349308056,0.44759418040270815,2.4964285714285714,69.7,0.09473645632329801,0.6111716344625002,63.4,0.07192641753746072,0.5421373784994626,59.0,0.029236820185025728,0.4982554647112762,57.55,0.0008691873645869339,0.5038705080249389,56.95,-0.018269320653228085,0.4951972177840824,0.5484340197847296
2025-07-16,76.0,72.4,78.5,72.4,0,0.06103589058636909,0.06293706293706292,0.46451812500818,0.5495764109358974,0.5484340197847296,0.4832524179898289,0.3918552170156235,0.3417976353338604,67.92,1.1189634864546525,62.69500000000001,1.2122178802137331,58.322500000000005,1.30309914698444,52.474000000000004,1.448336318938903,46.981500000000004,1.6176580143247872,87.5,5.129968689679544,3.338428485925597,58.322500000000005,72.64908460051727,43.99591539948274,0.4912884255824858,2.632142857142857,71.5,0.025497131933483817,0.6099411832179954,69.7,0.09473645632329801,0.6111716344625002,63.4,0.07192641753746072,0.5421373784994626,57.3,-0.004353511447197775,0.49219898669363954,56.05,-0.01592954037502232,0.5015191381413766,0.5418191982802746
2025-07-17,75.0,76.0,76.85,72.4,0,-0.01324522675002068,-0.013157894736842146,0.6727524209575024,0.5897047227701298,0.5418191982802746,0.4846191765879645,0.3920545156991591,0.3421740108643224,71.12,1.0545556805399325,64.495,1.1628808434762383,59.6475,1.257387149503332,53.035,1.4141604600735365,47.1685,1.5900442032288498,83.80566801619433,5.6652279149433795,3.803788371729154,59.6475,75.01313064970476,44.281869350295246,0.5152145739454213,2.803571428571428,76.0,0.06103589058636909,0.5484340197847296,71.5,0.025497131933483817,0.6099411832179954,69.7,0.09473645632329801,0.6111716344625002,59.0,0.029236820185025728,0.4982554647112762,57.0,0.01680711831638119,0.5025854911378432,0.5742750540629189
2025-07-18,72.0,75.0,75.0,71.5,0,-0.040821994520255166,-0.040000000000000036,0.8678968249821675,0.6825829104759715,0.5742750540629189,0.4936654290376861,0.3965595612726702,0.3449210751774331,72.84,0.9884678747940692,65.89500000000001,1.0926473935806964,60.75,1.1851851851851851,53.515,1.3454171727553021,47.34,1.520912547528517,75.54744525547446,5.780713314623675,4.199173360308059,60.75,76.34838048273598,45.15161951726403,0.5135269294727892,2.964285714285714,75.0,-0.01324522675002068,0.5418191982802746,76.0,0.06103589058636909,0.5484340197847296,71.5,0.025497131933483817,0.6099411832179954,63.4,0.07192641753746072,0.5421373784994626,58.0,0.01739174271186924,0.5028372538102713,0.5837703949462588
2025-07-21,71.0,72.0,72.0,68.65,0,-0.01398624197473984,-0.01388888888888884,0.6322296089955509,0.6896882218446952,0.5837703949462588,0.4948721063324073,0.39724719672371306,0.34185358218295714,73.1,0.9712722298221615,67.245,1.0558405829429696,61.80499999999999,1.1487743710055822,53.955,1.3159114076545269,47.50625,1.4945401920799894,75.68555758683729,5.725544174035605,4.504447523053568,61.80499999999999,77.16591759868764,46.44408240131235,0.49707685781692895,3.0999999999999988,72.0,-0.040821994520255166,0.5742750540629189,75.0,-0.01324522675002068,0.5418191982802746,76.0,0.06103589058636909,0.5484340197847296,69.7,0.09473645632329801,0.6111716344625002,57.5,-0.008658062743114541,0.5034296773486856,0.5848025774613885
2025-07-22,70.75,71.0,72.0,70.2,0,-0.0035273405179684107,-0.0035211267605633756,0.6020326932041659,0.69363916942506,0.5848025774613885,0.41974994976867025,0.3973624999078907,0.3411214701060006,72.95,0.9698423577793008,68.565,1.0318675709181069,62.8,1.1265923566878981,54.39,1.3007905865048721,47.67150000000001,1.4841152470553682,77.52808988764045,5.597129101790983,4.722983838801052,62.8,77.74551508154265,47.854484918457345,0.475971817883524,3.092857142857141,71.0,-0.01398624197473984,0.5837703949462588,72.0,-0.040821994520255166,0.5742750540629189,75.0,-0.01324522675002068,0.5418191982802746,71.5,0.025497131933483817,0.6099411832179954,57.55,0.0008691873645869339,0.5038705080249389,0.5851115653026958
2025-07-23,71.5,70.75,72.0,70.75,0,0.01054491317661504,0.010600706713780994,0.2986821000772133,0.6825453652618473,0.5851115653026958,0.4195098931517661,0.3974682050996785,0.3412137772535998,72.05,0.9923664122137404,69.985,1.0216474958919768,63.725,1.1220086308356219,54.842000000000006,1.303745304693483,47.840250000000005,1.4945574072041845,77.35849056603773,5.492563115254121,4.876899694091666,63.725,78.40429081895155,49.04570918104845,0.4607074403750977,3.0642857142857127,70.75,-0.0035273405179684107,0.5848025774613885,71.0,-0.01398624197473984,0.5837703949462588,72.0,-0.040821994520255166,0.5742750540629189,76.0,0.06103589058636909,0.5484340197847296,57.3,-0.004353511447197775,0.49219898669363954,0.5786521914021348
2025-07-24,73.2,71.5,73.2,71.3,0,0.02349797126730392,0.023776223776223793,0.39044635667300526,0.6814816767677054,0.5786521914021348,0.4196615363159679,0.3983751045457943,0.3334823259217069,71.69,1.0210629097503139,71.405,1.0251382956375603,64.485,1.1351477087694812,55.33,1.3229712633291164,48.0175,1.5244442130473266,77.94117647058823,5.483657420785022,4.998251239430337,64.485,79.48665254054882,49.48334745945118,0.4652757242939852,3.1285714285714272,71.5,0.01054491317661504,0.5851115653026958,70.75,-0.0035273405179684107,0.5848025774613885,71.0,-0.01398624197473984,0.5837703949462588,75.0,-0.01324522675002068,0.5418191982802746,59.0,0.029236820185025728,0.4982554647112762,0.5107573236815126
2025-07-25,74.0,73.2,75.4,72.0,0,0.010869672236903891,0.010928961748633892,0.2299634873459134,0.6214250594614517,0.5107573236815126,0.41955708094044336,0.39850847771784975,0.33348221236763237,72.09,1.026494659453461,72.465,1.0211826398951218,65.27000000000001,1.1337521066339817,55.85,1.3249776186213071,48.199,1.5353015622730763,80.0,5.478005866192035,5.0942021647826765,65.27000000000001,80.54944611837081,49.99055388162921,0.46819200607846784,3.2999999999999994,73.2,0.02349797126730392,0.5786521914021348,71.5,0.01054491317661504,0.5851115653026958,70.75,-0.0035273405179684107,0.5848025774613885,72.0,-0.040821994520255166,0.5742750540629189,63.4,0.07192641753746072,0.5421373784994626,0.5204529250325411
2025-07-28,72.7,74.0,74.0,72.0,0,-0.017723708664696,-0.0175675675675675,0.2505078592055627,0.4534498072505301,0.5204529250325411,0.42265727312079354,0.3996465205309665,0.3339354526572222,72.43,1.0037277371255005,72.765,0.9991067133924277,66.00500000000001,1.1014317097189605,56.333999999999996,1.2905172719849471,48.375,1.502842377260982,76.34782608695653,5.307446889047199,5.136851109635581,66.00500000000001,81.22610377075152,50.7838962292485,0.4612106286115146,3.2499999999999996,74.0,0.010869672236903891,0.5107573236815126,73.2,0.02349797126730392,0.5786521914021348,71.5,0.01054491317661504,0.5851115653026958,71.0,-0.01398624197473984,0.5837703949462588,69.7,0.09473645632329801,0.6111716344625002,0.5179194197753106
2025-07-29,73.0,72.7,73.15,72.0,0,0.004118056608917326,0.004126547455295615,0.24029876104939926,0.43778319269517,0.5179194197753106,0.4217020645279695,0.3996079577111032,0.3334030261804227,72.88,1.0016465422612515,72.91499999999999,1.0011657409312213,66.8075,1.0926916888073943,56.824,1.284668449950725,48.5525,1.503527109829566,77.25694444444446,5.137265959500127,5.13693407960849,66.8075,81.70749205227574,51.90750794772427,0.44605746517309386,3.3000000000000003,72.7,-0.017723708664696,0.5204529250325411,74.0,0.010869672236903891,0.5107573236815126,73.2,0.02349797126730392,0.5786521914021348,70.75,-0.0035273405179684107,0.5848025774613885,71.5,0.025497131933483817,0.6099411832179954,0.5094170026102208
2025-07-30,75.0,73.0,75.95,72.1,0,0.02702867238791942,0.027397260273972712,0.2834335798139663,0.32941555683568763,0.5094170026102208,0.4231193436901308,0.4008438633254098,0.334275982697569,73.58,1.0192987224789345,72.815,1.030007553388725,67.75500000000001,1.1069293779056895,57.355999999999995,1.307622567822024,48.740500000000004,1.538761399657369,77.4914089347079,5.1049331405159535,5.130533891789982,67.75500000000001,82.17709197176646,53.33290802823356,0.4257129945174953,3.3928571428571432,73.0,0.004118056608917326,0.5179194197753106,72.7,-0.017723708664696,0.5204529250325411,74.0,0.010869672236903891,0.5107573236815126,71.5,0.01054491317661504,0.5851115653026958,76.0,0.06103589058636909,0.5484340197847296,0.4986765226647618
2025-07-31,76.5,75.0,77.2,75.4,0,0.01980262729617973,0.020000000000000018,0.2730059705906252,0.3376028007776283,0.4986765226647618,0.4216937771238016,0.3996477890709118,0.33373005268081324,74.24,1.0304418103448276,72.965,1.0484478859727266,68.73,1.1130510694020077,57.925999999999995,1.3206504851016816,48.93625,1.563258320774477,75.00000000000001,5.1410834032432575,5.1326437940806375,68.73,82.72080148939918,54.73919851060083,0.407123570184757,3.1750000000000007,75.0,0.02702867238791942,0.5094170026102208,73.0,0.004118056608917326,0.5179194197753106,72.7,-0.017723708664696,0.5204529250325411,73.2,0.02349797126730392,0.5786521914021348,75.0,-0.01324522675002068,0.5418191982802746,0.501221412857671
2025-08-01,76.5,76.5,77.1,76.1,0,0.0,0.0,0.27870869956069105,0.2410860892806093,0.501221412857671,0.4217638744255136,0.3981582053811206,0.33369322146201125,74.74,1.0235483007760235,73.41499999999999,1.0420213852754887,69.655,1.0982700452228842,58.495,1.3078040858193007,49.13125,1.5570538099478437,67.0854271356784,5.1108184136051875,5.128278717985548,69.655,83.09417682316126,56.21582317683875,0.38587830947272295,2.7964285714285717,76.5,0.01980262729617973,0.4986765226647618,75.0,0.02702867238791942,0.5094170026102208,73.0,0.004118056608917326,0.5179194197753106,74.0,0.010869672236903891,0.5107573236815126,72.0,-0.040821994520255166,0.5742750540629189,0.501961037370147
2025-08-04,76.9,76.5,77.0,75.1,0,0.005215135679108119,0.005228758169934622,0.18375371611784264,0.2141393242303011,0.501961037370147,0.4208647835599865,0.39803727946683526,0.3312810291970318,75.58,1.0174649378142366,74.005,1.0391189784474024,70.625,1.088849557522124,59.074,1.301757118190744,49.32849999999999,1.5589365174290728,64.59459459459461,5.060772414161065,5.114777457220652,70.625,83.13884496425689,58.11115503574312,0.35437437066922156,2.7678571428571437,76.5,0.0,0.501221412857671,76.5,0.01980262729617973,0.4986765226647618,75.0,0.02702867238791942,0.5094170026102208,72.7,-0.017723708664696,0.5204529250325411,71.0,-0.01398624197473984,0.5837703949462588,0.504645547178403
2025-08-05,75.9,76.9,76.9,75.3,0,-0.01308919211001405,-0.013003901170351106,0.2532076573710763,0.23307255589843215,0.504645547178403,0.42114339798096273,0.3987071605543121,0.3308341527399785,76.16,0.9965861344537816,74.52000000000001,1.0185185185185184,71.54249999999999,1.0609078519760984,59.64,1.2726358148893362,49.52049999999999,1.5326985793762182,49.666666666666686,4.88411788566026,5.068645542908573,71.54249999999999,82.62939482416462,60.45560517583536,0.309938702845571,2.382142857142859,76.9,0.005215135679108119,0.501961037370147,76.5,0.0,0.501221412857671,76.5,0.01980262729617973,0.4986765226647618,73.0,0.004118056608917326,0.5179194197753106,70.75,-0.0035273405179684107,0.5848025774613885,0.5160980243898015
2025-08-06,74.4,75.9,75.9,74.2,0,-0.019960742562538058,-0.01976284584980237,0.24799272911356876,0.26788635928238497,0.5160980243898015,0.4236585592624857,0.3998879912977616,0.33065311737665304,76.04,0.9784324039978959,74.81,0.9945194492714878,72.39750000000001,1.02765979488242,60.18,1.2362911266201397,49.705,1.4968313046977166,48.06451612903228,4.570395757796007,4.96899558588606,72.39750000000001,81.27754711936193,63.51745288063808,0.24531363981800258,2.185714285714288,75.9,-0.01308919211001405,0.504645547178403,76.9,0.005215135679108119,0.501961037370147,76.5,0.0,0.501221412857671,75.0,0.02702867238791942,0.5094170026102208,71.5,0.01054491317661504,0.5851115653026958,0.5135159338923146
2025-08-07,74.7,74.4,74.7,73.15,0,0.004024150299725327,0.004032258064516014,0.17743983188925613,0.2450105154064143,0.5135159338923146,0.4227824694800895,0.3998487412885873,0.32641015489175906,75.68,0.9870507399577166,74.96000000000001,0.9965314834578441,73.18249999999999,1.0207358316537425,60.708999999999996,1.230460063582006,49.89125,1.4972565329591863,60.54687500000002,4.296449409665357,4.834486350641919,73.18249999999999,79.4744560175114,66.89054398248858,0.17195247545550946,2.046428571428574,74.4,-0.019960742562538058,0.5160980243898015,75.9,-0.01308919211001405,0.504645547178403,76.9,0.005215135679108119,0.501961037370147,76.5,0.01980262729617973,0.4986765226647618,73.2,0.02349797126730392,0.5786521914021348,0.511775268376168
2025-08-08,74.65,74.7,74.7,73.1,0,-0.0006695681535722385,-0.0006693440428380271,0.17636816456679416,0.24015093355008504,0.511775268376168,0.4228276711134746,0.39931277307597285,0.3254507450792951,75.31,0.9912362236090825,75.025,0.9950016661112963,73.745,1.0122720184419283,61.232,1.2191337862555527,50.077000000000005,1.4907043153543542,65.40084388185657,4.028868089509828,4.6733626984155014,73.745,78.05348611829736,69.43651388170265,0.11684822342660119,1.9214285714285748,74.7,0.004024150299725327,0.5135159338923146,74.4,-0.019960742562538058,0.5160980243898015,75.9,-0.01308919211001405,0.504645547178403,76.5,0.0,0.501221412857671,74.0,0.010869672236903891,0.5107573236815126,0.4653641307400866
2025-08-11,74.0,74.65,74.65,73.85,0,-0.008745430781029767,-0.008707300736771728,0.15212717725337702,0.22439459524460936,0.4653641307400866,0.4236016205404682,0.39872901841851494,0.32564626591283763,74.72999999999999,0.9902315000669076,75.155,0.9846317610272104,73.96000000000001,1.000540832882639,61.743,1.1985164310124223,50.259750000000004,1.472351135849263,63.26530612244898,3.721459726544552,4.482982104041312,73.96000000000001,77.82490280397741,70.0950971960226,0.10451332622978368,1.8500000000000045,74.65,-0.0006695681535722385,0.511775268376168,74.7,0.004024150299725327,0.5135159338923146,74.4,-0.019960742562538058,0.5160980243898015,76.9,0.005215135679108119,0.501961037370147,72.7,-0.017723708664696,0.5204529250325411,0.3401021498305926
2025-08-12,74.0,74.0,74.0,73.7,0,0.0,0.0,0.1512281796849837,0.22414134932034255,0.3401021498305926,0.4234520045108476,0.39833009539355024,0.3254733657540091,74.35,0.9952925353059853,75.25500000000001,0.983323367218125,74.08500000000001,0.9988526692312882,62.253,1.188697733442565,50.44225,1.4670241712056857,60.869565217391305,3.4382029210698306,4.274026267447017,74.08500000000001,77.77254660987246,70.39745339012755,0.09954907497799705,1.7821428571428615,74.0,-0.008745430781029767,0.4653641307400866,74.65,-0.0006695681535722385,0.511775268376168,74.7,0.004024150299725327,0.5135159338923146,75.9,-0.01308919211001405,0.504645547178403,73.0,0.004118056608917326,0.5179194197753106,0.3382827126447041
2025-08-13,72.55,74.0,73.75,72.55,0,-0.01978911387397298,-0.019594594594594672,0.15016470394167752,0.19539399103726499,0.3382827126447041,0.4242254549421822,0.399620930091059,0.3260733800995681,73.98,0.9806704514733711,75.01,0.9672043727502998,73.9125,0.9815660409267716,62.724000000000004,1.1566545500924685,50.617250000000006,1.4333058394124532,47.111111111111086,3.0614267581358376,4.031506365584781,73.9125,77.54522769779096,70.27977230220903,0.09829806048478862,1.750000000000004,74.0,0.0,0.3401021498305926,74.0,-0.008745430781029767,0.4653641307400866,74.65,-0.0006695681535722385,0.511775268376168,74.4,-0.019960742562538058,0.5160980243898015,75.0,0.02702867238791942,0.5094170026102208,0.25806711059913445
2025-08-14,72.0,72.55,72.6,72.0,0,-0.007609860314141537,-0.007580978635423841,0.1268461984147394,0.14702999936408218,0.25806711059913445,0.4250920339084126,0.3975404595073523,0.3253416599180657,73.44,0.9803921568627452,74.56,0.9656652360515021,73.7625,0.9761057447890188,63.185,1.1395109598797182,50.78075,1.4178601143149718,40.90909090909091,2.6874690605877305,3.7626989045853714,73.7625,77.45343840584904,70.07156159415096,0.10007628282254638,1.5500000000000032,72.55,-0.01978911387397298,0.3382827126447041,74.0,0.0,0.3401021498305926,74.0,-0.008745430781029767,0.4653641307400866,74.7,0.004024150299725327,0.5135159338923146,76.5,0.01980262729617973,0.4986765226647618,0.25647992849401835
2025-08-15,72.4,72.0,72.4,71.05,0,0.005540180375615351,0.005555555555555536,0.15254639028903563,0.15579531091131146,0.25647992849401835,0.4249041869147244,0.39583734294002954,0.3247614907658713,72.99000000000001,0.9919167009179339,74.15,0.9763991908293999,73.7825,0.9812624944939519,63.660999999999994,1.1372739982092648,50.94275,1.4212032134111332,48.51485148514853,2.395764664382355,3.4893120565447684,73.7825,77.43738497910786,70.12761502089214,0.09907186606872531,1.5035714285714323,72.0,-0.007609860314141537,0.25806711059913445,72.55,-0.01978911387397298,0.3382827126447041,74.0,0.0,0.3401021498305926,74.65,-0.0006695681535722385,0.511775268376168,76.5,0.0,0.501221412857671,0.21341380256841433
2025-08-18,72.3,72.4,73.0,71.8,0,-0.0013821702269517587,-0.0013812154696133394,0.1535185797503541,0.14631191912266578,0.21341380256841433,0.42485143404122605,0.3957554528374901,0.3246226340140058,72.65,0.99518238128011,73.69000000000001,0.9811371963631427,73.8475,0.9790446528318494,64.131,1.1273798942788977,51.10475,1.4147412911715642,46.46464646464646,2.1319419646273587,3.217838038161287,73.8475,77.33650151603999,70.35849848396,0.09449206854775019,1.507142857142861,72.4,0.005540180375615351,0.25647992849401835,72.0,-0.007609860314141537,0.25806711059913445,72.55,-0.01978911387397298,0.3382827126447041,74.0,-0.008745430781029767,0.4653641307400866,76.9,0.005215135679108119,0.501961037370147,0.33575384257794544
2025-08-19,67.05,72.3,71.8,67.05,0,-0.07538551943703144,-0.07261410788381739,0.5155955409978671,0.37861428405895753,0.33575384257794544,0.4544238197487325,0.4108817085426357,0.33100157219073006,71.26,0.9409205725512207,72.80499999999999,0.9209532312341185,73.6625,0.9102324792126252,64.45700000000001,1.0402283693004637,51.240500000000004,1.3085352406787598,19.77186311787075,1.4821442145101713,2.8706992734310637,73.6625,78.10510177444453,69.21989822555545,0.12062044525897277,1.60714285714286,72.3,-0.0013821702269517587,0.21341380256841433,72.4,0.005540180375615351,0.25647992849401835,72.0,-0.007609860314141537,0.25806711059913445,74.0,0.0,0.3401021498305926,75.9,-0.01308919211001405,0.504645547178403,0.34072102811710314
2025-08-20,68.0,67.05,70.0,68.0,0,0.014069095448419234,0.014168530947054503,0.568633429810976,0.39764137536097954,0.34072102811710314,0.45467385806619187,0.4112182252149157,0.33119983678350656,70.35,0.9665955934612652,72.16499999999999,0.9422850412249707,73.4875,0.9253274366388842,64.802,1.0493503286935588,51.3855,1.3233305115256249,16.269841269841322,1.031936356560692,2.5029466900569894,73.4875,78.52471675447474,68.45028324552526,0.1370904372709574,1.6607142857142887,67.05,-0.07538551943703144,0.33575384257794544,72.3,-0.0013821702269517587,0.21341380256841433,72.4,0.005540180375615351,0.25647992849401835,72.55,-0.01978911387397298,0.3382827126447041,74.4,-0.019960742562538058,0.5160980243898015,0.33855434514373955
2025-08-21,68.3,68.0,69.75,68.0,0,0.004402061400637665,0.004411764705882337,0.5819826883883004,0.39799218988600027,0.33855434514373955,0.4544184466861384,0.4112287298048554,0.33057874797942843,69.61,0.9811808648182732,71.525,0.9549108703250611,73.24249999999999,0.9325186879202649,65.16199999999999,1.0481569012614715,51.5295,1.3254543513909507,18.217054263565927,0.6913810677790622,2.140633565601404,73.24249999999999,78.78945506798982,67.69554493201016,0.15146820679222658,1.7142857142857173,68.0,0.014069095448419234,0.34072102811710314,67.05,-0.07538551943703144,0.33575384257794544,72.3,-0.0013821702269517587,0.21341380256841433,72.0,-0.007609860314141537,0.25806711059913445,74.7,0.004024150299725327,0.5135159338923146,0.3396129475605328
2025-08-22,70.0,68.3,70.5,68.3,0,0.024585475472614745,0.024890190336749773,0.6289673062774043,0.4314992384375204,0.3396129475605328,0.4552059397573443,0.4123732966549164,0.33132269476800846,69.13,1.0125849848112254,71.05999999999999,0.9850830284266818,73.04249999999999,0.9583461683266593,65.56,1.067724222086638,51.67974999999999,1.354495716407297,25.704225352112687,0.5522977951691956,1.8229664115149624,73.04249999999999,78.7602723855199,67.32472761448008,0.15656015020077102,1.7357142857142887,68.3,0.004402061400637665,0.33855434514373955,68.0,0.014069095448419234,0.34072102811710314,67.05,-0.07538551943703144,0.33575384257794544,72.4,0.005540180375615351,0.25647992849401835,74.65,-0.0006695681535722385,0.511775268376168,0.3364436439796909
2025-08-25,70.0,70.0,70.0,67.1,0,0.0,0.0,0.6297853808380341,0.43241846986178895,0.3364436439796909,0.45489528177531297,0.4117468260376316,0.33132269476800846,68.67,1.019367991845056,70.66,0.9906594961788848,72.9075,0.9601207008881116,65.95599999999999,1.061313603008066,51.823499999999996,1.3507385645508312,27.651515151515156,0.4370354272250552,1.545780214656981,72.9075,78.78459872927677,67.03040127072323,0.16122069003262401,1.8285714285714312,70.0,0.024585475472614745,0.3396129475605328,68.3,0.004402061400637665,0.33855434514373955,68.0,0.014069095448419234,0.34072102811710314,72.3,-0.0013821702269517587,0.21341380256841433,74.0,-0.008745430781029767,0.4653641307400866,0.33390334929691756
2025-08-26,70.6,70.0,70.95,70.0,0,0.008534902449837286,0.008571428571428452,0.15107295982514032,0.43758130928357636,0.33390334929691756,0.45431384336418995,0.4116542830043244,0.33136992382776465,69.38,1.0175843182473334,70.32,1.0039817974971559,72.7875,0.9699467628370256,66.428,1.0628048413319684,51.97325,1.3583910954192782,34.55284552845525,0.38961294034888283,1.3145467597953613,72.7875,78.75397431817619,66.8210256818238,0.16394227905000713,1.7750000000000026,70.0,0.0,0.3364436439796909,70.0,0.024585475472614745,0.3396129475605328,68.3,0.004402061400637665,0.33855434514373955,67.05,-0.07538551943703144,0.33575384257794544,74.0,0.0,0.3401021498305926,0.33453627040039996
2025-08-27,69.9,70.6,70.5,69.55,0,-0.009964495259431605,-0.009915014164305735,0.20143609246101304,0.4308247900831974,0.33453627040039996,0.45543883005184466,0.41165454608701024,0.3315938787511381,69.76,1.002006880733945,70.05499999999999,0.9977874527157236,72.5325,0.9637059249302038,66.905,1.0447649652492341,52.107749999999996,1.3414511277113292,31.10236220472443,0.2921780809405021,1.1100730240243895,72.5325,78.53664549772716,66.52835450227283,0.1655573845580165,1.739285714285717,70.6,0.008534902449837286,0.33390334929691756,70.0,0.0,0.3364436439796909,70.0,0.024585475472614745,0.3396129475605328,68.0,0.014069095448419234,0.34072102811710314,72.55,-0.01978911387397298,0.3382827126447041,0.3190359714179672
2025-08-28,69.0,69.9,69.9,68.55,0,-0.012959144642505228,-0.012875536480686733,0.24123586421838356,0.4330081183940265,0.3190359714179672,0.4567889505484002,0.41179014453561646,0.33191241495104135,69.9,0.9871244635193133,69.755,0.989176403125224,72.1575,0.9562415549319198,67.315,1.0250315680011886,52.2395,1.3208395945596723,29.151291512915122,0.14071569159273167,0.9162015575380579,72.1575,78.05417836917162,66.26082163082837,0.1634390983382635,1.721428571428574,69.9,-0.009964495259431605,0.33453627040039996,70.6,0.008534902449837286,0.33390334929691756,70.0,0.0,0.3364436439796909,68.3,0.004402061400637665,0.33855434514373955,72.0,-0.007609860314141537,0.25806711059913445,0.3359072560404855
2025-08-29,66.0,69.0,69.1,65.2,0,-0.04445176257083381,-0.04347826086956519,0.31982243220194945,0.4722827027716381,0.3359072560404855,0.46757323505061077,0.4158833221020252,0.3351925262045327,69.1,0.955137481910275,69.115,0.954930188815742,71.6325,0.9213694901057482,67.636,0.9758116979123544,52.3545,1.2606366214938542,24.842767295597497,-0.21887125950983943,0.6891869941284784,71.6325,77.7662097043164,65.49879029568359,0.17125493887038434,1.9428571428571442,69.0,-0.012959144642505228,0.3190359714179672,69.9,-0.009964495259431605,0.33453627040039996,70.6,0.008534902449837286,0.33390334929691756,70.0,0.024585475472614745,0.3396129475605328,72.4,0.005540180375615351,0.25647992849401835,0.34016627644532005
2025-09-01,64.4,66.0,68.0,64.0,0,-0.024541108916117545,-0.024242424242424176,0.31024428387071334,0.4757690093812259,0.34016627644532005,0.4711160068450097,0.4173622490538968,0.3362567226343565,67.97999999999999,0.9473374521918213,68.325,0.9425539699963411,71.00750000000001,0.9069464493187339,67.926,0.9480905691487796,52.4665,1.2274498966006882,22.571428571428584,-0.6257399960203003,0.42620159609872266,71.00750000000001,77.42222606790806,64.59277393209196,0.1806774233118487,2.2071428571428586,66.0,-0.04445176257083381,0.3359072560404855,69.0,-0.012959144642505228,0.3190359714179672,69.9,-0.009964495259431605,0.33453627040039996,70.0,0.0,0.3364436439796909,72.3,-0.0013821702269517587,0.21341380256841433,0.34246556609222084
2025-09-02,65.0,64.4,65.75,64.4,0,0.009273636785329033,0.009316770186335255,0.31404728052753694,0.32315641658614186,0.34246556609222084,0.4710899531011233,0.41746380342350836,0.3363322819040036,66.86,0.9721806760394855,68.12,0.9541984732824427,70.4625,0.9224764945893205,68.209,0.9529534225688692,52.5835,1.2361292040278795,27.327327327327325,-0.8895176101407998,0.1630577548508182,70.4625,76.97838140824396,63.94661859175605,0.18494607509651106,2.2000000000000006,64.4,-0.024541108916117545,0.34016627644532005,66.0,-0.04445176257083381,0.3359072560404855,69.0,-0.012959144642505228,0.3190359714179672,70.6,0.008534902449837286,0.33390334929691756,67.05,-0.07538551943703144,0.33575384257794544,0.3422265557926504
2025-09-03,64.25,65.0,64.7,64.0,0,-0.01160554612030789,-0.011538461538461497,0.31209638488992025,0.3104010714603604,0.3422265557926504,0.47161925475900923,0.41792104651225465,0.3365071049752246,65.72999999999999,0.9774836452152748,67.745,0.9484094767141485,69.955,0.9184475734400687,68.434,0.9388608001870415,52.694750000000006,1.2192865513167819,27.00296735905043,-1.145873090034172,-0.09872841412617986,69.955,76.75452784738411,63.15547215261588,0.19439719383558335,2.22857142857143,65.0,0.009273636785329033,0.34246556609222084,64.4,-0.024541108916117545,0.34016627644532005,66.0,-0.04445176257083381,0.3359072560404855,69.9,-0.009964495259431605,0.33453627040039996,68.0,0.014069095448419234,0.34072102811710314,0.3447298505135718
2025-09-04,64.9,64.25,65.0,64.3,0,0.010065899934715315,0.010116731517509914,0.3680102035354982,0.3167848597493222,0.3447298505135718,0.47175317284469903,0.4180066964563482,0.33658566574109233,64.91,0.9998459405330459,67.405,0.9628365848230844,69.465,0.934283452098179,68.572,0.9464504462462813,52.80425,1.229067736025036,28.070175438596493,-1.2818111658476852,-0.33534496447048096,69.465,76.23716439008237,62.69283560991764,0.1949806201708016,2.1857142857142864,64.25,-0.01160554612030789,0.3422265557926504,65.0,0.009273636785329033,0.34246556609222084,64.4,-0.024541108916117545,0.34016627644532005,69.0,-0.012959144642505228,0.3190359714179672,68.3,0.004402061400637665,0.33855434514373955,0.34956100054083244
2025-09-08,65.75,64.9,65.75,64.0,0,0.013012047347829488,0.013097072419106182,0.2621349788193806,0.29066217932073424,0.34956100054083244,0.4668169424198839,0.418051346525491,0.3367292536457221,64.86,1.0137218624730189,66.98,0.9816363093460734,69.02000000000001,0.9526224282816573,68.721,0.9567672181720289,52.918,1.2424883782455876,31.652661064425757,-1.305901553840073,-0.5294562823443993,69.02000000000001,75.52185398660582,62.5181460133942,0.18840492572024944,2.2250000000000005,64.9,0.010065899934715315,0.3447298505135718,64.25,-0.01160554612030789,0.3422265557926504,65.0,0.009273636785329033,0.34246556609222084,66.0,-0.04445176257083381,0.3359072560404855,70.0,0.024585475472614745,0.3396129475605328,0.35077128117666106
2025-09-09,66.0,65.75,66.0,65.7,0,0.0037950709685515343,0.0038022813688212143,0.15579560104348714,0.2935619238579856,0.35077128117666106,0.46674282490384406,0.41797813270736495,0.3362870048769849,65.18,1.0125805461798096,66.58000000000001,0.991288675277861,68.62,0.9618187117458467,68.881,0.9581742425342257,53.03150000000001,1.2445433374503831,45.91439688715953,-1.2899507005139839,-0.6815551659783163,68.62,74.80864835170304,62.43135164829697,0.18037447833585069,1.8714285714285717,65.75,0.013012047347829488,0.34956100054083244,64.9,0.010065899934715315,0.3447298505135718,64.25,-0.01160554612030789,0.3422265557926504,64.4,-0.024541108916117545,0.34016627644532005,70.0,0.0,0.3364436439796909,0.35117429056238836
2025-09-10,66.0,66.0,66.2,65.75,0,0.0,0.0,0.15331599389826006,0.2848204386992581,0.35117429056238836,0.46606798912397407,0.4169754062066071,0.3356819570633929,65.38000000000001,1.0094830223309879,66.12,0.998185117967332,68.22,0.9674582233948988,69.062,0.9556630274246329,53.144000000000005,1.2419087761553513,41.59663865546217,-1.2627533003238653,-0.797794792847426,68.22,73.96258331745209,62.47741668254792,0.1683548319393751,1.692857142857143,66.0,0.0037950709685515343,0.35077128117666106,65.75,0.013012047347829488,0.34956100054083244,64.9,0.010065899934715315,0.3447298505135718,65.0,0.009273636785329033,0.34246556609222084,70.6,0.008534902449837286,0.33390334929691756,0.3579128693074086
2025-09-11,67.0,66.0,68.0,66.0,0,0.015037877364540502,0.015151515151515138,0.100358847992419,0.3039037778248897,0.3579128693074086,0.46624446648635876,0.41730961442621145,0.3349139994023172,65.93,1.016229334142272,65.83000000000001,1.017773051800091,67.94250000000001,0.9861279758619419,69.281,0.9670761103332803,53.25900000000001,1.2580033421581327,44.84126984126985,-1.1472823651284898,-0.8676923073036388,67.94250000000001,73.32945060698441,62.55554939301561,0.1585738118845906,1.7107142857142859,66.0,0.0,0.35117429056238836,66.0,0.0037950709685515343,0.35077128117666106,65.75,0.013012047347829488,0.34956100054083244,64.25,-0.01160554612030789,0.3422265557926504,69.9,-0.009964495259431605,0.33453627040039996,0.3596398991421371
2025-09-12,68.0,67.0,68.0,67.15,0,0.014815085785140682,0.014925373134328401,0.11052688710815237,0.31341890180759435,0.3596398991421371,0.4666565940744777,0.41751488922073254,0.3348884629751733,66.55,1.0217881292261457,65.73,1.034535219838734,67.7425,1.003801158799867,69.501,0.9784031884433316,53.374500000000005,1.274016618422655,41.59663865546217,-0.96396716102808,-0.886947278048527,67.7425,72.7809077476484,62.70409225235162,0.14875175104693178,1.625,67.0,0.015037877364540502,0.3579128693074086,66.0,0.0,0.35117429056238836,66.0,0.0037950709685515343,0.35077128117666106,64.9,0.010065899934715315,0.3447298505135718,69.0,-0.012959144642505228,0.3190359714179672,0.35939935784733607
2025-09-15,68.0,68.0,68.4,67.9,0,0.0,0.0,0.12130997446440545,0.20249923958374874,0.35939935784733607,0.4441566235417779,0.417528865088626,0.33471444847373827,67.0,1.0149253731343284,65.93,1.0313969361443955,67.52250000000001,1.0070717168351289,69.70100000000001,0.9755957590278475,53.492000000000004,1.271218126074927,41.59663865546217,-0.8093587571200374,-0.8714295738628292,67.52250000000001,72.06440720431583,62.98059279568419,0.1345301848810639,1.453571428571428,68.0,0.014815085785140682,0.3596398991421371,67.0,0.015037877364540502,0.3579128693074086,66.0,0.0,0.35117429056238836,65.75,0.013012047347829488,0.34956100054083244,66.0,-0.04445176257083381,0.3359072560404855,0.35814136672244723
2025-09-16,67.8,68.0,68.0,67.0,0,-0.002945510229756803,-0.002941176470588225,0.13963665690497587,0.13953246159139535,0.35814136672244723,0.4413196958141362,0.4171834203257213,0.33438219414675935,67.35999999999999,1.0065320665083137,66.27,1.023087369850611,67.2975,1.0074668449793827,69.907,0.9698599567997482,53.6095,1.2647012190003637,37.826086956521735,-0.6949577710710599,-0.8361352133044753,67.2975,71.25057674975557,63.344423250244425,0.11748064191851319,1.4571428571428566,68.0,0.0,0.35939935784733607,68.0,0.014815085785140682,0.3596398991421371,67.0,0.015037877364540502,0.3579128693074086,66.0,0.0037950709685515343,0.35077128117666106,64.4,-0.024541108916117545,0.34016627644532005,0.3595636436766077
2025-09-17,66.95,67.8,67.75,64.0,0,-0.012616122809168299,-0.01253687315634211,0.1899341388992222,0.16273601538119115,0.3595636436766077,0.43294090256300877,0.4177387396000603,0.3347110721864194,67.55,0.991117690599556,66.465,1.0072970736477846,67.2925,0.9949102797488576,70.095,0.9551323204222841,53.72875,1.2460740292673849,37.3390557939914,-0.665213890023324,-0.801950948648245,67.2925,71.24714749909391,63.3378525009061,0.11753605525411912,1.653571428571428,67.8,-0.002945510229756803,0.35814136672244723,68.0,0.0,0.35939935784733607,68.0,0.014815085785140682,0.3596398991421371,66.0,0.0,0.35117429056238836,65.0,0.009273636785329033,0.34246556609222084,0.25229075133559364
2025-09-18,66.0,66.95,67.0,64.0,0,-0.014291330110756065,-0.014189693801344383,0.18552538044317354,0.1698672559458894,0.25229075133559364,0.43178366580894684,0.4184105348292171,0.33511680818096223,67.35,0.979955456570156,66.64,0.9903961584633854,67.19250000000001,0.9822524835361088,70.269,0.9392477479400588,53.84125,1.2258259234323126,37.17948717948717,-0.7101129702278257,-0.7835833529641613,67.19250000000001,71.17288281681618,63.212117183183835,0.11847699718915575,1.7714285714285702,66.95,-0.012616122809168299,0.3595636436766077,67.8,-0.002945510229756803,0.35814136672244723,68.0,0.0,0.35939935784733607,67.0,0.015037877364540502,0.3579128693074086,64.25,-0.01160554612030789,0.3422265557926504,0.266517793622923
2025-09-19,64.0,66.0,66.65,63.2,0,-0.03077165866675366,-0.030303030303030276,0.191797746729327,0.23239393379180653,0.266517793622923,0.4373726808538373,0.420952350888632,0.3367373932787291,66.55,0.9616829451540195,66.55,0.9616829451540195,66.9775,0.9555447724982269,70.369,0.9094913953587517,53.94375,1.186421040435639,40.65420560747663,-0.8967420163113786,-0.8062150856336048,66.9775,71.16513530810273,62.78986469189727,0.1250460321183302,1.7392857142857139,66.0,-0.014291330110756065,0.25229075133559364,66.95,-0.012616122809168299,0.3595636436766077,67.8,-0.002945510229756803,0.35814136672244723,68.0,0.014815085785140682,0.3596398991421371,64.9,0.010065899934715315,0.3447298505135718,0.28416300691238755
2025-09-22,65.7,64.0,66.5,64.5,0,0.026215842130893015,0.026562500000000044,0.3338799270786894,0.26278154341826354,0.28416300691238755,0.43863760273897556,0.4221626838634364,0.3367046572147434,66.09,0.994098955969133,66.545,0.9873018258321437,66.7625,0.9840853772701741,70.415,0.933039835262373,54.052249999999994,1.2154905669976737,56.0185185185185,-0.897129536561323,-0.8243979758191484,66.7625,70.7326352224068,62.79236477759321,0.11893309035481882,1.6321428571428567,64.0,-0.03077165866675366,0.266517793622923,66.0,-0.014291330110756065,0.25229075133559364,66.95,-0.012616122809168299,0.3595636436766077,68.0,0.0,0.35939935784733607,65.75,0.013012047347829488,0.34956100054083244,0.2952098583481115
2025-09-23,67.9,65.7,68.0,65.7,0,0.03293710907408572,0.03348554033485551,0.44064219344060884,0.3110835624150452,0.2952098583481115,0.43602466265776524,0.4243375039326863,0.336048865041507,66.10999999999999,1.0270760853123586,66.735,1.0174571064658726,66.6575,1.0186400630086638,70.37899999999999,0.9647764247858028,54.169250000000005,1.2534786802475575,61.69354838709679,-0.7117108753718355,-0.8018605557296858,66.6575,70.36982300658869,62.94517699341131,0.11138500563593565,1.6999999999999997,65.7,0.026215842130893015,0.28416300691238755,64.0,-0.03077165866675366,0.266517793622923,66.0,-0.014291330110756065,0.25229075133559364,67.8,-0.002945510229756803,0.35814136672244723,66.0,0.0037950709685515343,0.35077128117666106,0.29951764096780537
2025-09-24,68.8,67.9,69.5,68.5,0,0.013167710374647488,0.013254786450662692,0.4309609540057296,0.314721404184358,0.29951764096780537,0.39983447174661624,0.42443304049857056,0.3362107583958866,66.47999999999999,1.0348977135980748,67.015,1.0266358277997463,66.5675,1.0335373868629587,70.325,0.978314966228226,54.289750000000005,1.2672742092199722,68.12749003984064,-0.4865343074840922,-0.7387953060805672,66.5675,69.95000530010637,63.184994699893615,0.10162632816633875,1.7428571428571422,67.9,0.03293710907408572,0.2952098583481115,65.7,0.026215842130893015,0.28416300691238755,64.0,-0.03077165866675366,0.266517793622923,66.95,-0.012616122809168299,0.3595636436766077,66.0,0.0,0.35117429056238836,0.299874417830702
2025-09-25,69.45,68.8,69.45,69.0,0,0.009403324261054866,0.009447674418604723,0.3938031311893108,0.31050870635263444,0.299874417830702,0.40003017326602996,0.4238578740271692,0.33623441204277177,67.17,1.0339437248771772,67.26,1.0325602140945584,66.545,1.0436546697723346,70.194,0.9894008034874776,54.412000000000006,1.2763728589281775,68.12749003984064,-0.252717517173366,-0.641579748299127,66.545,69.83899773111885,63.251002268881145,0.09900060804324452,1.7357142857142855,68.8,0.013167710374647488,0.29951764096780537,67.9,0.03293710907408572,0.2952098583481115,65.7,0.026215842130893015,0.28416300691238755,66.0,-0.014291330110756065,0.25229075133559364,67.0,0.015037877364540502,0.3579128693074086,0.2987485518105719
2025-09-26,69.85,69.45,70.0,69.5,0,0.0057430165026180115,0.005759539236861011,0.18390149330312094,0.30461067940062697,0.2987485518105719,0.39974512267460405,0.42168400589438326,0.3355551144018387,68.34,1.0220954053263096,67.44500000000001,1.0356586848543254,66.5875,1.0489956823728175,70.091,0.9965616127605541,54.5375,1.2807701123080448,66.94214876033055,-0.03473892058035233,-0.520211582755372,66.5875,70.03330217533792,63.14169782466209,0.10349696790953007,1.6499999999999997,69.45,0.009403324261054866,0.299874417830702,68.8,0.013167710374647488,0.29951764096780537,67.9,0.03293710907408572,0.2952098583481115,64.0,-0.03077165866675366,0.266517793622923,68.0,0.014815085785140682,0.3596398991421371,0.2953844532966089
2025-09-29,69.6,69.85,70.0,69.5,0,-0.003585518362596885,-0.0035790980672870676,0.21407602122576536,0.3060238573899911,0.2953844532966089,0.3976501788972386,0.4166984457334291,0.3353545867883316,69.12,1.0069444444444442,67.60499999999999,1.0295096516529842,66.76750000000001,1.0424233347062566,70.04299999999999,0.993675313735848,54.6655,1.2731979036137966,64.87603305785123,0.1164948963581054,-0.3928702869326766,66.76750000000001,70.45193025660333,63.0830697433967,0.11036597915462812,1.6642857142857141,69.85,0.0057430165026180115,0.2987485518105719,69.45,0.009403324261054866,0.299874417830702,68.8,0.013167710374647488,0.29951764096780537,65.7,0.026215842130893015,0.28416300691238755,68.0,0.0,0.35939935784733607,0.24931669204613546
2025-09-30,69.0,69.6,69.6,69.0,0,-0.008658062743114541,-0.008620689655172376,0.1443968074141754,0.31009551849863076,0.24931669204613546,0.3964938341883656,0.4149724561501049,0.33553854567612273,69.34,0.995096625324488,67.725,1.018826135105205,66.9975,1.0298891749692152,70.00299999999999,0.9856720426267448,54.790749999999996,1.259336658103786,61.81102362204725,0.1857921045422728,-0.2771378086376868,66.9975,70.63364529846696,63.361354701533045,0.10854570091322681,1.6749999999999992,69.6,-0.003585518362596885,0.2953844532966089,69.85,0.0057430165026180115,0.2987485518105719,69.45,0.009403324261054866,0.299874417830702,67.9,0.03293710907408572,0.2952098583481115,67.8,-0.002945510229756803,0.35814136672244723,0.2299996233095138
2025-10-02,69.0,69.0,69.5,69.0,0,0.0,0.0,0.11434537475799358,0.3000289822370179,0.2299996233095138,0.39559041643662457,0.41452226418855564,0.33554709562964985,69.38,0.9945229172672241,67.92999999999999,1.015751508906227,67.1975,1.0268239145801554,69.96799999999999,0.9861651040475647,54.913999999999994,1.2565101795534837,58.54700854700855,0.23796750007637968,-0.1741167468948735,67.1975,70.81099444516627,63.58400555483373,0.10754847859418196,1.567857142857142,69.0,-0.008658062743114541,0.24931669204613546,69.6,-0.003585518362596885,0.2953844532966089,69.85,0.0057430165026180115,0.2987485518105719,68.8,0.013167710374647488,0.29951764096780537,66.95,-0.012616122809168299,0.3595636436766077,0.22917048799431747
2025-10-03,69.4,69.0,69.45,69.2,0,0.005780362915499549,0.005797101449275477,0.09853361133027097,0.2841056886298482,0.22917048799431747,0.3945576347467449,0.412946840112661,0.3355623635607432,69.36999999999999,1.0004324636009805,68.27000000000001,1.0165519261754796,67.455,1.028834037506486,69.92599999999999,0.9924777622057607,55.041,1.2608782543921806,56.30630630630634,0.30804261053671667,-0.07768487540855548,67.455,70.91482962768629,63.99517037231371,0.1025818583555345,1.528571428571428,69.0,0.0,0.2299996233095138,69.0,-0.008658062743114541,0.24931669204613546,69.6,-0.003585518362596885,0.2953844532966089,69.45,0.009403324261054866,0.299874417830702,66.0,-0.014291330110756065,0.25229075133559364,0.2253104910957338
2025-10-06,69.0,68.15,69.0,68.4,0,-0.005780362915499537,-0.0057636887608070175,0.08862118278958572,0.2153130394194732,0.2253104910957338,0.39425839755714065,0.4121695952417952,0.335641799459215,69.2,0.9971098265895953,68.77000000000001,1.003344481605351,67.66,1.019804906887378,69.842,0.9879442169468229,55.1655,1.2507817385866167,54.34782608695652,0.3275254735978166,0.0033571943927189346,67.66,70.96479715118954,64.35520284881045,0.0976883580014646,1.5642857142857136,69.4,0.005780362915499549,0.22917048799431747,69.0,0.0,0.2299996233095138,69.0,-0.008658062743114541,0.24931669204613546,69.85,0.0057430165026180115,0.2987485518105719,64.0,-0.03077165866675366,0.266517793622923,0.22610156105191667
2025-10-07,68.6,69.0,69.0,68.4,0,-0.005813969865419957,-0.005797101449275477,0.09177797723852223,0.19667904780267154,0.22610156105191667,0.39462430897847506,0.4123382278526787,0.3357406336103085,69.0,0.9942028985507245,69.05999999999999,0.9933391253982046,67.8025,1.0117621031672874,69.734,0.9837382051796828,55.289750000000005,1.2407363028409422,53.4188034188034,0.30714850906052504,0.06411545732628016,67.8025,71.00471551593743,64.60028448406256,0.09445715175509574,1.5357142857142847,69.0,-0.005780362915499537,0.2253104910957338,69.4,0.005780362915499549,0.22917048799431747,69.0,0.0,0.2299996233095138,69.6,-0.003585518362596885,0.2953844532966089,65.7,0.026215842130893015,0.28416300691238755,0.22329868873710548
2025-10-08,69.0,68.6,69.0,68.8,0,0.005813969865419816,0.005830903790087438,0.0920275500591705,0.11727753598638042,0.22329868873710548,0.3944003101299291,0.4123479509475891,0.3357497642369748,69.0,1.0,69.16999999999999,0.9975422871186933,67.9525,1.0154151797211288,69.66,0.9905254091300604,55.414750000000005,1.2451558474954771,59.111111111111086,0.3195922148041177,0.11521080882184767,67.9525,71.07937417483456,64.82562582516545,0.09203117397695611,1.2928571428571425,68.6,-0.005813969865419957,0.22610156105191667,69.0,-0.005780362915499537,0.2253104910957338,69.4,0.005780362915499549,0.22917048799431747,69.0,-0.008658062743114541,0.24931669204613546,67.9,0.03293710907408572,0.2952098583481115,0.22324436669683884
2025-10-09,69.2,69.0,69.9,69.0,0,0.0028943580263645565,0.0028985507246377384,0.09429361755965311,0.09880654833389538,0.22324436669683884,0.39076608062805873,0.41180304863822415,0.33572935722445,69.03999999999999,1.0023174971031288,69.21000000000001,0.9998555122092182,68.1125,1.0159662323362086,69.584,0.9944814899977006,55.53925,1.245965690930288,65.23809523809523,0.3416538963433595,0.16049942632615005,68.1125,71.14476075117922,65.08023924882077,0.0890368361513444,1.1428571428571428,69.0,0.005813969865419816,0.22329868873710548,68.6,-0.005813969865419957,0.22610156105191667,69.0,-0.005780362915499537,0.2253104910957338,69.0,0.0,0.2299996233095138,68.8,0.013167710374647488,0.29951764096780537,0.2272798689788193
2025-10-10,68.5,69.2,69.35,68.5,0,-0.010167117355444313,-0.010115606936416222,0.10610059296099628,0.09871270152222932,0.2272798689788193,0.36516465757963845,0.4049081921371944,0.3358763829435048,68.86,0.9947720011617776,69.115,0.9911017868769443,68.1875,1.004582951420715,69.45400000000001,0.9862642900336912,55.661750000000005,1.2306476170799516,74.4565217391304,0.29920474203542824,0.1882404894680057,68.1875,71.17781330870103,65.19718669129897,0.08770854800956285,0.9571428571428565,69.2,0.0028943580263645565,0.22324436669683884,69.0,0.005813969865419816,0.22329868873710548,68.6,-0.005813969865419957,0.22610156105191667,69.4,0.005780362915499549,0.22917048799431747,69.45,0.009403324261054866,0.299874417830702,0.22401055981904747
2025-10-13,68.0,68.5,68.5,67.8,0,-0.007326040092072898,-0.007299270072992692,0.10952201063438932,0.0940064567245787,0.22401055981904747,0.3121397434237796,0.40302998987124933,0.33600860984948805,68.66,0.9903874162540053,68.92999999999999,0.986508051646598,68.1875,0.997250229147571,69.284,0.9814675827030771,55.77825000000001,1.2191131847987342,64.37499999999996,0.22265107707012533,0.19512260698842965,68.1875,71.17781330870103,65.19718669129897,0.08770854800956285,0.8285714285714282,68.5,-0.010167117355444313,0.2272798689788193,69.2,0.0028943580263645565,0.22324436669683884,69.0,0.005813969865419816,0.22329868873710548,69.0,-0.005780362915499537,0.2253104910957338,69.85,0.0057430165026180115,0.2987485518105719,0.21805249301163726
2025-10-14,68.0,68.0,68.15,68.0,0,0.0,0.0,0.10760353590830261,0.09476400395113663,0.21805249301163726,0.3076778877356637,0.40302123208930046,0.33597907042112163,68.54,0.9921213889699445,68.77000000000001,0.988803257234259,68.1875,0.997250229147571,69.114,0.9838817026940996,55.89425,1.2165831011239976,50.86206896551719,0.16013580022186602,0.18812524563511693,68.1875,71.17781330870103,65.19718669129897,0.08770854800956285,0.6750000000000002,68.0,-0.007326040092072898,0.22401055981904747,68.5,-0.010167117355444313,0.2272798689788193,69.2,0.0028943580263645565,0.22324436669683884,68.6,-0.005813969865419957,0.22610156105191667,69.6,-0.003585518362596885,0.2953844532966089,0.2181119051152572
2025-10-15,68.1,68.0,68.25,68.0,0,0.001469507979359978,0.0014705882352941124,0.09157205496908924,0.0892947540374362,0.2181119051152572,0.2809233384945644,0.3996510498509648,0.33595967410618394,68.36,0.9961966062024575,68.68,0.9915550378567267,68.2025,0.9984971225394963,68.938,0.9878441498157764,56.005500000000005,1.2159520047138226,42.99999999999999,0.11730889328694616,0.17396197516548279,68.2025,71.18763422073003,65.21736577926997,0.08753738413489336,0.5785714285714292,68.0,0.0,0.21805249301163726,68.0,-0.007326040092072898,0.22401055981904747,68.5,-0.010167117355444313,0.2272798689788193,69.0,0.005813969865419816,0.22329868873710548,69.0,-0.008658062743114541,0.24931669204613546,0.21786108033297286
2025-10-16,68.05,68.1,68.5,68.0,0,-0.0007344840579916098,-0.0007342143906020615,0.08077810495357746,0.08906820663581907,0.21786108033297286,0.27995380399830533,0.39927636551614115,0.3359701237885072,68.13,0.9988257742551006,68.58500000000001,0.9921994605234379,68.2575,0.9969600410211332,68.781,0.9893720649597998,56.11575,1.2126720216694957,34.09090909090905,0.07842959134889327,0.1548554984021649,68.2575,71.1854550974384,65.32954490256158,0.08579145434387178,0.5678571428571431,68.1,0.001469507979359978,0.2181119051152572,68.0,0.0,0.21805249301163726,68.0,-0.007326040092072898,0.22401055981904747,69.2,0.0028943580263645565,0.22324436669683884,69.0,0.0,0.2299996233095138,0.21288928768290213
2025-10-17,68.2,68.05,68.5,68.2,0,0.002201835751941493,0.0022042615723734116,0.06011645093165603,0.08258120849859016,0.21288928768290213,0.26840457532012074,0.3992711627586437,0.3359496456690261,68.07,1.0019097987365948,68.465,0.996129409187176,68.36749999999999,0.9975500054850625,68.657,0.9933437231454915,56.22675,1.2129457953731988,30.12048192771104,0.059040627251022215,0.13569252417193636,68.36749999999999,71.09692542632669,65.6380745736733,0.07984569938426005,0.5607142857142863,68.05,-0.0007344840579916098,0.21786108033297286,68.1,0.001469507979359978,0.2181119051152572,68.0,0.0,0.21805249301163726,68.5,-0.010167117355444313,0.2272798689788193,69.4,0.005780362915499549,0.22917048799431747,0.20612833754920853
2025-10-20,68.6,68.2,68.6,68.05,0,0.005847969882422899,0.00586510263929596,0.04071363081603857,0.08717153817778704,0.20612833754920853,0.2673917043414669,0.3991923871474377,0.3359658785717969,68.19,1.0060126118199149,68.425,1.0025575447570332,68.5975,1.0000364444768395,68.535,1.0009484205150652,56.34,1.2176073837415688,38.37209302325584,0.07508584766149795,0.12357118886984869,68.5975,70.39266162591055,66.80233837408944,0.052338981038975246,0.5642857142857147,68.2,0.002201835751941493,0.21288928768290213,68.05,-0.0007344840579916098,0.21786108033297286,68.1,0.001469507979359978,0.2181119051152572,68.0,-0.007326040092072898,0.22401055981904747,69.0,-0.005780362915499537,0.2253104910957338,0.16944078733444468
2025-10-21,68.5,68.6,68.8,68.5,0,-0.001458789463659873,-0.001457725947521804,0.04569242562095605,0.08246628256496033,0.16944078733444468,0.2673299536719264,0.35630660449040935,0.3359794932078213,68.28999999999999,1.0030751208083175,68.41499999999999,1.00124241759848,68.7375,0.9965448263320604,68.41199999999999,1.001286324036719,56.452749999999995,1.2134041300025245,43.42105263157896,0.07882400214079155,0.11462175152403727,68.7375,69.90993561151211,67.56506438848788,0.03411342022948504,0.5428571428571435,68.6,0.005847969882422899,0.20612833754920853,68.2,0.002201835751941493,0.21288928768290213,68.05,-0.0007344840579916098,0.21786108033297286,68.0,0.0,0.21805249301163726,68.6,-0.005813969865419957,0.22610156105191667,0.1575302546077792
2025-10-22,67.55,68.5,68.45,67.5,0,-0.013965680861971759,-0.013868613138686148,0.11868860855184281,0.100291128658188,0.1575302546077792,0.267703420065665,0.35713064182731125,0.3363573316794505,68.17999999999999,0.9907597535934293,68.27000000000001,0.9894536399589862,68.72,0.9829743888242142,68.283,0.9892652636820292,56.563,1.1942435867970227,34.73684210526318,0.005071000640057832,0.09271160134724138,68.72,69.95390693156872,67.48609306843127,0.03591114469059154,0.5785714285714292,68.5,-0.001458789463659873,0.16944078733444468,68.6,0.005847969882422899,0.20612833754920853,68.2,0.002201835751941493,0.21288928768290213,68.1,0.001469507979359978,0.2181119051152572,69.0,0.005813969865419816,0.22329868873710548,0.10767210256483703
2025-10-23,67.55,67.55,68.0,67.1,0,0.0,0.0,0.11914820320767242,0.09724221382819878,0.10767210256483703,0.2630835423451148,0.3561240682825236,0.3363639861933413,68.08,0.9922150411280846,68.10499999999999,0.9918508185889436,68.6575,0.9838692058405855,68.154,0.9911377175220824,56.671499999999995,1.191957156595467,28.735632183907995,-0.052770479175507035,0.0636151852426917,68.6575,69.9965000196473,67.3184999803527,0.0390052075781175,0.6107142857142865,67.55,-0.013965680861971759,0.1575302546077792,68.5,-0.001458789463659873,0.16944078733444468,68.6,0.005847969882422899,0.20612833754920853,68.05,-0.0007344840579916098,0.21786108033297286,69.2,0.0028943580263645565,0.22324436669683884,0.09712067061693608
2025-10-24,67.2,67.55,67.55,67.2,0,-0.005194816877103911,-0.005181347150258975,0.11630577647203023,0.08899460793460527,0.09712067061693608,0.2620291186888375,0.3563205324671574,0.33642842079654156,67.88,0.9899823217442547,67.975,0.9885987495402723,68.545,0.9803778539645489,68.047,0.9875527209134863,56.775,1.1836195508586527,29.069767441860478,-0.1254067328295605,0.025810801628241266,68.545,69.97839861131902,67.11160138868098,0.04182357900121149,0.5642857142857147,67.55,0.0,0.10767210256483703,67.55,-0.013965680861971759,0.1575302546077792,68.5,-0.001458789463659873,0.16944078733444468,68.2,0.002201835751941493,0.21288928768290213,68.5,-0.010167117355444313,0.2272798689788193,0.12192461449062955
2025-10-27,65.5,67.2,67.25,65.0,0,-0.025623104887897645,-0.02529761904761907,0.16893977832846846,0.14798591179980003,0.12192461449062955,0.26447822035957796,0.35854065448177547,0.33758575965041443,67.25999999999999,0.9738328873030034,67.725,0.9671465485418974,68.32750000000001,0.9586184186454939,67.917,0.9644124446014989,56.86925,1.1517647938033295,22.321428571428598,-0.31649887762600315,-0.04265113422260762,68.32750000000001,70.18462709651645,66.47037290348358,0.05435957986217659,0.6821428571428579,67.2,-0.005194816877103911,0.09712067061693608,67.55,0.0,0.10767210256483703,67.55,-0.013965680861971759,0.1575302546077792,68.6,0.005847969882422899,0.20612833754920853,68.0,-0.007326040092072898,0.22401055981904747,0.15573929315429613
2025-10-28,63.4,65.5,65.0,62.15,0,-0.03258628119802601,-0.032061068702290085,0.2163852947534057,0.20450787604729231,0.15573929315429613,0.2713207091429367,0.36100618317438965,0.33937384500858137,66.24,0.9571256038647343,67.265,0.9425406972422508,68.0175,0.9321130591391921,67.73700000000001,0.9359729542199978,56.96150000000001,1.1130324868551564,11.643835616438281,-0.6301294881915709,-0.16014680501640027,68.0175,70.81303685645057,65.22196314354943,0.08220051770354887,0.8928571428571433,65.5,-0.025623104887897645,0.12192461449062955,67.2,-0.005194816877103911,0.09712067061693608,67.55,0.0,0.10767210256483703,68.5,-0.001458789463659873,0.16944078733444468,68.0,0.0,0.21805249301163726,0.15905297146067637
2025-10-29,63.7,63.4,64.0,63.0,0,0.004720701134937394,0.004731861198738141,0.2607154972581139,0.20888431354686246,0.15905297146067637,0.26513811816907906,0.36095997429686405,0.3365673434753094,65.47,0.972964716664121,66.825,0.9532360643471754,67.7525,0.9401867089775285,67.565,0.9427958262413972,57.05750000000001,1.1164176488629889,12.837837837837796,-0.8447388897664041,-0.29706522196640106,67.7525,71.1051854907647,64.3998145092353,0.09896861343167261,0.9000000000000001,63.4,-0.03258628119802601,0.15573929315429613,65.5,-0.025623104887897645,0.12192461449062955,67.2,-0.005194816877103911,0.09712067061693608,67.55,-0.013965680861971759,0.1575302546077792,68.1,0.001469507979359978,0.2181119051152572,0.1601065378669598
2025-10-30,63.0,63.7,64.0,63.0,0,-0.011049836186585046,-0.010989010989011061,0.24038633152108244,0.20707496096643052,0.1601065378669598,0.26170422638489216,0.3595242256357309,0.3364437619354927,64.56,0.9758364312267658,66.32000000000001,0.9499396863691193,67.4525,0.9339905859679033,67.484,0.9335546203544545,57.14000000000001,1.1025551277563876,12.837837837837796,-1.0590939606325378,-0.4494709696996284,67.4525,71.36260499253099,63.54239500746901,0.11593654771968391,0.9107142857142863,63.7,0.004720701134937394,0.15905297146067637,63.4,-0.03258628119802601,0.15573929315429613,65.5,-0.025623104887897645,0.12192461449062955,67.55,0.0,0.10767210256483703,68.05,-0.0007344840579916098,0.21786108033297286,0.1601065378669598
2025-10-31,63.0,63.0,63.4,63.0,0,0.0,0.0,0.25470411450222447,0.20440145619462963,0.1601065378669598,0.26170422638489216,0.3595340389629054,0.3364209106446892,63.720000000000006,0.9887005649717513,65.8,0.9574468085106383,67.13250000000001,0.9384426321081443,67.384,0.9349400451145673,57.22500000000001,1.1009174311926604,13.768115942028942,-1.2149665208765583,-0.6025700799350144,67.13250000000001,71.4025024651768,62.86249753482322,0.12721118579456409,0.8892857142857145,63.0,-0.011049836186585046,0.1601065378669598,63.7,0.004720701134937394,0.15905297146067637,63.4,-0.03258628119802601,0.15573929315429613,67.2,-0.005194816877103911,0.09712067061693608,68.2,0.002201835751941493,0.21288928768290213,0.15672280413611436
2025-11-03,63.0,63.0,63.25,62.9,0,0.0,0.0,0.2385627064409224,0.19526736818859464,0.15672280413611436,0.26123964202753236,0.3593446141046134,0.3364209106446892,63.220000000000006,0.9965200885795633,65.24000000000001,0.965665236051502,66.83250000000001,0.9426551453260015,67.278,0.9364130919468473,57.30575000000001,1.0993661194557263,13.768115942028942,-1.323243124818461,-0.7467046889117038,66.83250000000001,71.38387631005985,62.28112368994018,0.13620248561881818,0.9035714285714285,63.0,0.0,0.1601065378669598,63.0,-0.011049836186585046,0.1601065378669598,63.7,0.004720701134937394,0.15905297146067637,65.5,-0.025623104887897645,0.12192461449062955,68.6,0.005847969882422899,0.20612833754920853,0.16957715226410774
2025-11-04,61.55,63.0,62.95,60.4,0,-0.0232848737610702,-0.023015873015873045,0.17945415712729085,0.20373656079944974,0.16957715226410774,0.26359915943518913,0.3606260572395288,0.33645579457514285,62.85,0.9793158313444709,64.545,0.9535982647765124,66.47999999999999,0.9258423586040916,67.10900000000001,0.9171646127941109,57.37975,1.0726780789389985,10.303030303030326,-1.5086650438633313,-0.8990967599020294,66.47999999999999,71.52071841162027,61.439281588379714,0.15164616160109134,1.0714285714285714,63.0,0.0,0.15672280413611436,63.0,0.0,0.1601065378669598,63.0,-0.011049836186585046,0.1601065378669598,63.4,-0.03258628119802601,0.15573929315429613,68.5,-0.001458789463659873,0.16944078733444468,0.1712181518232033
2025-11-05,60.8,61.55,62.0,60.5,0,-0.012260063658341171,-0.012185215272136452,0.15480266302156417,0.2031497535145356,0.1712181518232033,0.26206950978258786,0.3600651516276106,0.33656928154345056,62.27,0.976393126706279,63.86999999999999,0.9519336151557853,66.07,0.9202361132132587,66.925,0.9084796413896152,57.449,1.0583299970408535,9.497206703910635,-1.696574922957005,-1.0585923925130245,66.07,71.56146706502919,60.578532934970795,0.16623178643950956,1.1428571428571428,61.55,-0.0232848737610702,0.16957715226410774,63.0,0.0,0.15672280413611436,63.0,0.0,0.1601065378669598,63.7,0.004720701134937394,0.15905297146067637,67.55,-0.013965680861971759,0.1575302546077792,0.16861817254445827
2025-11-06,59.9,60.8,60.1,59.6,0,-0.014913283850717635,-0.014802631578947345,0.1598709785315337,0.19514662060392055,0.16861817254445827,0.2626826522387138,0.35984268022293725,0.33683939055540907,61.65,0.9716139497161395,63.105,0.9492116314079708,65.60499999999999,0.9130401646215991,66.711,0.8979028945751075,57.51375,1.0414900784594987,7.216494845360785,-1.896258447341431,-1.2261256034787058,65.60499999999999,71.53777249468314,59.67222750531683,0.18086342488173626,1.196428571428571,60.8,-0.012260063658341171,0.1712181518232033,61.55,-0.0232848737610702,0.16957715226410774,63.0,0.0,0.15672280413611436,63.0,-0.011049836186585046,0.1601065378669598,67.55,0.0,0.10767210256483703,0.16778726791287812
2025-11-07,60.0,59.9,60.2,59.9,0,0.0016680571006970134,0.0016694490818029983,0.16679321557784063,0.20467495142243075,0.16778726791287812,0.2628267699024968,0.35983551529983127,0.33545244595869367,61.05,0.9828009828009828,62.38499999999999,0.9617696561673481,65.17999999999999,0.9205277692543726,66.513,0.9020792927698345,57.579750000000004,1.0420330063954775,4.255319148936238,-2.023118662202826,-1.3855242152235299,65.17999999999999,71.44791327652914,58.91208672347086,0.19232627421077447,1.1785714285714286,59.9,-0.014913283850717635,0.16861817254445827,60.8,-0.012260063658341171,0.1712181518232033,61.55,-0.0232848737610702,0.16957715226410774,63.0,0.0,0.1601065378669598,67.2,-0.005194816877103911,0.09712067061693608,0.16733801754483757
2025-11-10,59.6,60.0,60.0,59.45,0,-0.00668898815079654,-0.006666666666666599,0.14782019414052913,0.18914007275225114,0.16733801754483757,0.2626910729246978,0.35999048637146575,0.3351621874373252,60.370000000000005,0.9872453205234387,61.794999999999995,0.964479326806376,64.75999999999999,0.920321185917233,66.325,0.89860535243121,57.64275,1.0339548338689601,4.123711340206242,-2.131363917012159,-1.5346921555812558,64.75999999999999,71.3497528106332,58.17024718936678,0.20351305777125422,1.1964285714285714,60.0,0.0016680571006970134,0.16778726791287812,59.9,-0.014913283850717635,0.16861817254445827,60.8,-0.012260063658341171,0.1712181518232033,63.0,0.0,0.15672280413611436,65.5,-0.025623104887897645,0.12192461449062955,0.36019146189568657
2025-11-11,54.0,59.6,59.6,53.7,0,-0.09867152750702966,-0.09395973154362414,0.6512002276366669,0.48113415435742496,0.36019146189568657,0.32433870610308546,0.38687863110575255,0.34541864386570637,58.86,0.9174311926605505,60.855,0.8873551885629776,64.05999999999999,0.8429597252575712,66.085,0.8171294544904291,57.67675,0.9362524760843841,2.7874564459930724,-2.6386060520677646,-1.7554749348785577,64.05999999999999,72.03031333994011,56.08968666005987,0.24883900530565473,1.5464285714285713,59.6,-0.00668898815079654,0.16733801754483757,60.0,0.0016680571006970134,0.16778726791287812,59.9,-0.014913283850717635,0.16861817254445827,61.55,-0.0232848737610702,0.16957715226410774,63.4,-0.03258628119802601,0.15573929315429613,0.5148900419859349
2025-11-12,59.4,59.4,59.4,59.4,0,0.09531017980432474,0.09999999999999987,1.0935420385244268,0.737327917360686,0.5148900419859349,0.3799352789999515,0.40850357515152896,0.3579618871490658,58.58,1.0139979515192898,60.425,0.9830368225072404,63.625,0.9335952848722986,65.985,0.9002045919527165,57.736000000000004,1.0288208396840792,29.36708860759495,-2.575179165834207,-1.9194157810696877,63.625,71.61654158107751,55.63345841892249,0.2512075939042047,1.8678571428571422,54.0,-0.09867152750702966,0.36019146189568657,59.6,-0.00668898815079654,0.16733801754483757,60.0,0.0016680571006970134,0.16778726791287812,60.8,-0.012260063658341171,0.1712181518232033,63.7,0.004720701134937394,0.15905297146067637,0.5970612174322917
2025-11-13,64.4,65.0,65.0,62.15,0,0.08081940674170884,0.08417508417508435,1.2385670776462594,0.8575825757153193,0.5970612174322917,0.41526050801199527,0.42339918610113886,0.36662606085471194,59.48,1.082716879623403,60.565,1.0633203995707092,63.44250000000001,1.0150924065098317,65.973,0.976156912676398,57.8175,1.1138496130064428,44.262295081967224,-2.097278566467928,-1.9549883381493358,63.44250000000001,71.1709351926054,55.71406480739463,0.24363589683903958,2.242857142857143,59.4,0.09531017980432474,0.5148900419859349,54.0,-0.09867152750702966,0.36019146189568657,59.6,-0.00668898815079654,0.16733801754483757,59.9,-0.014913283850717635,0.16861817254445827,63.0,-0.011049836186585046,0.1601065378669598,0.5971414145764375
2025-11-14,64.0,64.4,64.55,63.1,0,-0.0062305497506361975,-0.006211180124223725,1.2449702444905313,0.8585994407390355,0.5971414145764375,0.4150854771297907,0.4235576038449203,0.365842700564776,60.279999999999994,1.0617120106171203,60.665,1.05497403774829,63.2325,1.012137745621318,65.968,0.9701673538685422,57.889500000000005,1.10555454788865,46.753246753246756,-1.7308632414206357,-1.910163318803596,63.2325,70.63813618930925,55.82686381069076,0.23423512242309713,2.1857142857142855,64.4,0.08081940674170884,0.5970612174322917,59.4,0.09531017980432474,0.5148900419859349,54.0,-0.09867152750702966,0.36019146189568657,60.0,0.0016680571006970134,0.16778726791287812,63.0,0.0,0.1601065378669598,0.5986432874389086
2025-11-17,62.95,64.0,64.0,62.75,0,-0.01654232286931564,-0.016406249999999956,1.2566518388735997,0.8634511110340307,0.5986432874389086,0.41610620123704406,0.42434568547806006,0.36612414591747106,60.95,1.0328137817883511,60.65999999999999,1.0377514012528852,62.95,1.0,65.929,0.9548150282880068,57.94925,1.0862953360052114,48.979591836734706,-1.5078214540881945,-1.8296949458605156,62.95,69.91124610744419,55.98875389255581,0.2211674696566858,2.035714285714285,64.0,-0.0062305497506361975,0.5971414145764375,64.4,0.08081940674170884,0.5970612174322917,59.4,0.09531017980432474,0.5148900419859349,59.6,-0.00668898815079654,0.16733801754483757,63.0,0.0,0.15672280413611436,0.6049765719382311
2025-11-18,61.0,62.95,61.6,60.1,0,-0.03146689631704495,-0.030976965845909477,0.9373696987415477,0.8705558229543577,0.6049765719382311,0.3933582301259948,0.4267468441235888,0.3675293211665761,62.35,0.9783480352846832,60.605,1.0065176140582461,62.575,0.9748302037554933,65.834,0.9265728954643497,58.000249999999994,1.0517196046568766,44.30379746835443,-1.4714460200916832,-1.7580451607067493,62.575,69.0698157463421,56.080184253657904,0.20758500188069032,2.1678571428571423,62.95,-0.01654232286931564,0.5986432874389086,64.0,-0.0062305497506361975,0.5971414145764375,64.4,0.08081940674170884,0.5970612174322917,54.0,-0.09867152750702966,0.36019146189568657,61.55,-0.0232848737610702,0.16957715226410774,0.6083980813804302
2025-11-19,59.5,61.0,60.25,59.5,0,-0.0248975516217272,-0.024590163934426257,0.729784314012895,0.8774583997773251,0.6083980813804302,0.3948066434629557,0.4284256651491866,0.36780285221216363,62.370000000000005,0.9539842873176205,60.475,0.9838776353865233,62.17249999999999,0.9570147573284009,65.704,0.9055765250213078,58.04325,1.0250976642417509,42.85714285714286,-1.5458362524865308,-1.7156033790627057,62.17249999999999,68.35962372593161,55.985376274068365,0.19903088104649563,2.2035714285714283,61.0,-0.03146689631704495,0.6049765719382311,62.95,-0.01654232286931564,0.5986432874389086,64.0,-0.0062305497506361975,0.5971414145764375,59.4,0.09531017980432474,0.5148900419859349,60.8,-0.012260063658341171,0.1712181518232033,0.6092948186465248
2025-11-20,59.85,59.5,59.95,59.5,0,0.005865119452398058,0.00588235294117645,0.2358791585304988,0.8752000399517965,0.6092948186465248,0.39491570107896873,0.4284317634750263,0.3678289814906693,61.46,0.9738041002277904,60.46999999999999,0.989746981974533,61.7875,0.9686425247825208,65.58099999999999,0.9126118845397296,58.08925,1.0303111160843013,43.66197183098593,-1.5585826026251084,-1.6841992237751862,61.7875,67.50624802271919,56.06875197728082,0.18511019292637462,2.207142857142857,59.5,-0.0248975516217272,0.6083980813804302,61.0,-0.03146689631704495,0.6049765719382311,62.95,-0.01654232286931564,0.5986432874389086,64.4,0.08081940674170884,0.5970612174322917,59.9,-0.014913283850717635,0.16861817254445827,0.6091230334281209
2025-11-21,59.75,60.0,60.0,59.05,0,-0.0016722411923621062,-0.001670843776106934,0.2480411916209647,0.8751734910295066,0.6091230334281209,0.3911790593955549,0.42826463127557557,0.36779731295560064,60.61,0.9858109222900512,60.44500000000001,0.9885019439159566,61.415,0.9728893592770496,65.43599999999999,0.913105935570634,58.135,1.0277801668530147,43.4869739478958,-1.5587846421624505,-1.6591163074526392,61.415,66.59442284937404,56.235577150625964,0.16866963606200566,2.25,59.85,0.005865119452398058,0.6092948186465248,59.5,-0.0248975516217272,0.6083980813804302,61.0,-0.03146689631704495,0.6049765719382311,64.0,-0.0062305497506361975,0.5971414145764375,60.0,0.0016680571006970134,0.16778726791287812,0.6091463513342114
2025-11-24,59.5,59.75,59.75,59.0,0,-0.004192878260035927,-0.004184100418409997,0.25466586008595277,0.8747622606732919,0.6091463513342114,0.39115945649829253,0.42826413214268005,0.36782260220228713,59.92,0.9929906542056075,60.435,0.9845288326300984,61.114999999999995,0.9735744089012518,65.26599999999999,0.911653847332455,58.1825,1.0226442658875092,45.684210526315795,-1.5611220276442666,-1.6395174514909647,61.114999999999995,65.9839240138472,56.246075986152796,0.15933646449634958,2.117857142857143,59.75,-0.0016722411923621062,0.6091230334281209,59.85,0.005865119452398058,0.6092948186465248,59.5,-0.0248975516217272,0.6083980813804302,62.95,-0.01654232286931564,0.5986432874389086,59.6,-0.00668898815079654,0.16733801754483757,0.6056642311302207
2025-11-25,59.75,59.5,60.1,59.5,0,0.004192878260035958,0.004201680672268893,0.19547376946099698,0.6814921655876014,0.6056642311302207,0.39075417881120766,0.4276734803761571,0.3676925775949029,59.67,1.0013407072230602,61.010000000000005,0.9793476479265694,60.932500000000005,0.9805932794485701,65.101,0.9178046420177878,58.23524999999999,1.0260108782910695,47.74193548387098,-1.5252197282052933,-1.6166579068338307,60.932500000000005,65.71363342651004,56.15136657348996,0.1569321274036037,2.0535714285714284,59.5,-0.004192878260035927,0.6091463513342114,59.75,-0.0016722411923621062,0.6091230334281209,59.85,0.005865119452398058,0.6092948186465248,61.0,-0.03146689631704495,0.6049765719382311,54.0,-0.09867152750702966,0.36019146189568657,0.5983852317183218
2025-11-26,60.3,59.75,61.1,60.0,0,0.009162912921519745,0.009205020920502127,0.08717981945035218,0.49037128828653825,0.5983852317183218,0.3911709705628129,0.4277761566532271,0.36728332503448224,59.830000000000005,1.0078555908407152,61.10000000000001,0.9869067103109654,60.7625,0.9923883974490845,64.95100000000001,0.9283921725608534,58.286750000000005,1.0345404401514924,50.87336244541484,-1.435835080745079,-1.5804933416160805,60.7625,65.3678601493531,56.1571398506469,0.1515856045868127,2.0642857142857145,59.75,0.004192878260035958,0.6056642311302207,59.5,-0.004192878260035927,0.6091463513342114,59.75,-0.0016722411923621062,0.6091230334281209,59.5,-0.0248975516217272,0.6083980813804302,59.4,0.09531017980432474,0.5148900419859349,0.5978770333235609
2025-11-27,60.0,60.3,61.0,60.0,0,-0.004987541511039051,-0.00497512437810943,0.09575442686621885,0.21185095701009565,0.5978770333235609,0.39061630906371847,0.42786418685977534,0.3671951101346977,59.86,1.002338790511193,60.660000000000004,0.9891196834817012,60.6125,0.9898948236749846,64.812,0.9257544899092761,58.33525,1.028537633763462,50.0,-1.3733732050341345,-1.5390693142996912,60.6125,65.10505231642058,56.11994768357941,0.14823847610379332,2.1142857142857143,60.3,0.009162912921519745,0.5983852317183218,59.75,0.004192878260035958,0.6056642311302207,59.5,-0.004192878260035927,0.6091463513342114,59.85,0.005865119452398058,0.6092948186465248,64.4,0.08081940674170884,0.5970612174322917,0.5971923546100407
2025-11-28,60.0,60.0,60.5,60.0,0,0.0,0.0,0.09408517434059754,0.2148357253697444,0.5971923546100407,0.38108258396206557,0.4278699075323785,0.36715265207343445,59.910000000000004,1.0015022533800702,60.260000000000005,0.9956853634251576,60.4625,0.9923506305561298,64.692,0.9274717121127807,58.37525000000001,1.0278328572468638,50.88105726872247,-1.3087848613285828,-1.4930124237054696,60.4625,64.8176391300499,56.1073608699501,0.14406083539548975,2.110714285714286,60.0,-0.004987541511039051,0.5978770333235609,60.3,0.009162912921519745,0.5983852317183218,59.75,0.004192878260035958,0.6056642311302207,59.75,-0.0016722411923621062,0.6091230334281209,64.0,-0.0062305497506361975,0.5971414145764375,0.5971923546100407
2025-12-01,60.0,60.0,60.1,59.8,0,0.0,0.0,0.08415332923247906,0.2090566245407267,0.5971923546100407,0.37820492944512396,0.42770169074387115,0.3660253219258421,60.010000000000005,0.9998333611064821,59.96500000000001,1.0005836738097222,60.3125,0.9948186528497409,64.612,0.9286200705751254,58.42125000000001,1.0270235573528466,67.5438596491228,-1.2432665309458457,-1.4430632451535448,60.3125,64.50320085835259,56.12179914164741,0.13896624608008584,1.7107142857142865,60.0,0.0,0.5971923546100407,60.0,-0.004987541511039051,0.5978770333235609,60.3,0.009162912921519745,0.5983852317183218,59.5,-0.004192878260035927,0.6091463513342114,62.95,-0.01654232286931564,0.5986432874389086,0.597199079055641
2025-12-02,59.7,60.0,60.0,59.5,0,-0.005012541823544286,-0.0050000000000000044,0.09181860779207787,0.1477646366153862,0.597199079055641,0.3776875966253529,0.42778838457592244,0.36599294805394167,60.0,0.995,59.835,0.9977437954374531,60.220000000000006,0.9913649950182664,64.492,0.9256962103826831,58.463249999999995,1.0211543148901234,51.250000000000014,-1.2016978500939004,-1.394790166141616,60.220000000000006,64.37722579562094,56.06277420437907,0.1380679440591477,1.3607142857142864,60.0,0.0,0.5971923546100407,60.0,0.0,0.5971923546100407,60.0,-0.004987541511039051,0.5978770333235609,59.75,0.004192878260035958,0.6056642311302207,61.0,-0.03146689631704495,0.6049765719382311,0.5928560649231487
2025-12-03,60.0,59.7,60.1,59.95,0,0.0050125418235441935,0.005025125628140614,0.06647970563620896,0.079273598415115,0.5928560649231487,0.3773157352881581,0.42763294508512134,0.36600999927672395,59.94,1.001001001001001,59.885000000000005,1.001920347332387,60.18000000000001,0.9970089730807576,64.334,0.9326328224577983,58.506,1.0255358424776946,19.863013698630084,-1.1315036089695027,-1.3421328547071933,60.18000000000001,64.32911531470548,56.03088468529453,0.13789017330360492,0.9892857142857149,59.7,-0.005012541823544286,0.597199079055641,60.0,0.0,0.5971923546100407,60.0,0.0,0.5971923546100407,60.3,0.009162912921519745,0.5983852317183218,59.5,-0.0248975516217272,0.6083980813804302,0.5923071952466545
2025-12-04,60.5,60.0,60.85,60.0,0,0.008298802814695064,0.008333333333333304,0.08146702999528653,0.08437325303426856,0.5923071952466545,0.37711994850564445,0.42772213931789443,0.3659362098564659,60.04,1.007661558960693,59.95,1.0091743119266054,60.21,1.0048164756684936,64.16799999999999,0.9428375514275029,58.55125,1.0332828077965883,26.351351351351326,-1.0237274530006033,-1.2784517743658754,60.21,64.35926753206132,56.06073246793868,0.1378265248982336,0.9464285714285724,60.0,0.0050125418235441935,0.5928560649231487,59.7,-0.005012541823544286,0.597199079055641,60.0,0.0,0.5971923546100407,60.0,-0.004987541511039051,0.5978770333235609,59.85,0.005865119452398058,0.6092948186465248,0.5973812464300283
2025-12-05,62.2,60.5,62.2,60.8,0,0.02771163470833802,0.028099173553719048,0.19886039395665833,0.1560375259024554,0.5973812464300283,0.3804888683785574,0.42600029020292046,0.36675522735747373,60.480000000000004,1.0284391534391535,60.19500000000001,1.033308414320126,60.32000000000001,1.0311671087533156,64.023,0.9715258578948192,58.60425,1.0613564715869583,45.3416149068323,-0.7920084994295138,-1.1811631193786032,60.32000000000001,64.56144960324048,56.07855039675954,0.14063161814457786,0.9785714285714298,60.5,0.008298802814695064,0.5923071952466545,60.0,0.0050125418235441935,0.5928560649231487,59.7,-0.005012541823544286,0.597199079055641,60.0,0.0,0.5971923546100407,59.75,-0.0016722411923621062,0.6091230334281209,0.6150336492997696
2025-12-08,65.0,62.2,65.95,63.0,0,0.044032270150503344,0.045016077170418,0.3119380968186399,0.24653302237848854,0.6150336492997696,0.39086750964770506,0.4301944566307492,0.3692208250977485,61.48,1.0572543916720885,60.745000000000005,1.0700469174417646,60.59000000000001,1.0727842878362763,63.926,1.0168006757813721,58.672000000000004,1.1078538314698663,72.47191011235958,-0.3780747494871619,-1.0205454454003149,60.59000000000001,65.30007877909168,55.87992122090834,0.15547380026709587,1.042857142857144,62.2,0.02771163470833802,0.5973812464300283,60.5,0.008298802814695064,0.5923071952466545,60.0,0.0050125418235441935,0.5928560649231487,60.0,0.0,0.5971923546100407,59.5,-0.004192878260035927,0.6091463513342114,0.6152662493689061
2025-12-09,64.5,65.0,65.3,64.5,0,-0.007722046093910278,-0.007692307692307665,0.32380847670766405,0.2597258491245486,0.6152662493689061,0.3911530617017696,0.4301373730584464,0.3692981594492934,62.44,1.0329916720051249,61.220000000000006,1.053577262332571,61.11500000000001,1.055387384439172,63.824000000000005,1.0105916269741788,58.740750000000006,1.0980452241416732,81.6455696202532,-0.08934517617635152,-0.8343053915555222,61.11500000000001,65.00088538986218,57.22911461013784,0.12716633853758216,0.9928571428571438,65.0,0.044032270150503344,0.6150336492997696,62.2,0.02771163470833802,0.5973812464300283,60.5,0.008298802814695064,0.5923071952466545,59.7,-0.005012541823544286,0.597199079055641,59.75,0.004192878260035958,0.6056642311302207,0.49059272897681105
2025-12-10,64.5,64.5,64.95,64.4,0,0.0,0.0,0.33573927558585853,0.26229138123051166,0.49059272897681105,0.3899004736983044,0.43006302378379296,0.3692341613640338,63.339999999999996,1.0183138616987686,61.64,1.04639844256976,61.370000000000005,1.051002118298843,63.73400000000001,1.0120187027332348,58.81100000000001,1.0967336042577067,80.794701986755,0.13788563113185148,-0.6398671870180475,61.370000000000005,65.44668596056147,57.29331403943854,0.13285598698261242,1.0000000000000004,64.5,-0.007722046093910278,0.6152662493689061,65.0,0.044032270150503344,0.6150336492997696,62.2,0.02771163470833802,0.5973812464300283,60.0,0.0050125418235441935,0.5928560649231487,60.3,0.009162912921519745,0.5983852317183218,0.37573619112554324
2025-12-11,64.45,64.5,64.65,64.4,0,-0.0007754944165303904,-0.0007751937984495916,0.35202292811164004,0.25783560340228684,0.37573619112554324,0.38863933835347747,0.43008100250575665,0.36878130281994026,64.13,1.0049898643380635,62.084999999999994,1.0380929371023597,61.37249999999999,1.0501446087417006,63.643,1.0126801062174946,58.8835,1.0945341224621499,81.33333333333341,0.3103555157051545,-0.4498226464734071,61.37249999999999,65.45706336647174,57.287936633528226,0.13310728311448156,0.9500000000000003,64.5,0.0,0.49059272897681105,64.5,-0.007722046093910278,0.6152662493689061,65.0,0.044032270150503344,0.6150336492997696,60.5,0.008298802814695064,0.5923071952466545,60.0,-0.004987541511039051,0.5978770333235609,0.25192712850692045
2025-12-12,64.0,64.0,64.0,63.75,0,-0.00700664602552455,-0.006982156710628407,0.34464457593059694,0.26556275626513404,0.25192712850692045,0.3888295674846853,0.4192804611017002,0.368870376829089,64.49,0.9924019227787254,62.48499999999999,1.0242458189965593,61.37249999999999,1.0428123345146443,63.535,1.007318800661053,58.9565,1.0855461229889833,79.22077922077926,0.4060472427559674,-0.2786486686275322,61.37249999999999,65.45706336647174,57.287936633528226,0.13310728311448156,0.946428571428572,64.45,-0.0007754944165303904,0.37573619112554324,64.5,0.0,0.49059272897681105,64.5,-0.007722046093910278,0.6152662493689061,62.2,0.02771163470833802,0.5973812464300283,60.0,0.0,0.5971923546100407,0.2510154568471822
2025-12-15,64.05,64.0,64.5,64.05,0,0.000780944983071351,0.0007812499999999556,0.06476506550444314,0.26505980565666387,0.2510154568471822,0.3888237414880978,0.41801923153630677,0.3687927266183932,64.3,0.9961119751166407,62.89,1.018444903800286,61.42750000000001,1.0426926051035772,63.43600000000001,1.009679046598146,59.03475,1.0849542007038226,78.6666666666667,0.4803806785620992,-0.1268427991896059,61.42750000000001,65.62943877557379,57.22556122442623,0.1368096951877833,0.9392857142857147,64.0,-0.00700664602552455,0.25192712850692045,64.45,-0.0007754944165303904,0.37573619112554324,64.5,0.0,0.49059272897681105,65.0,0.044032270150503344,0.6150336492997696,60.0,0.0,0.5971923546100407,0.24587167618936273
2025-12-16,63.5,64.05,64.5,63.5,0,-0.008624122444097299,-0.00858704137392663,0.06912693444380383,0.270037502546951,0.24587167618936273,0.3884167185093624,0.41237474133591345,0.36881129726925627,64.1,0.9906396255850235,63.27,1.00363521416153,61.55250000000001,1.0316396572032003,63.334,1.0026210250418417,59.11225,1.074227423249834,71.3333333333334,0.48927005785678546,-0.0036202277803276256,61.55250000000001,65.84857838309202,57.256421616908,0.1395907033212951,0.9142857142857146,64.05,0.000780944983071351,0.2510154568471822,64.0,-0.00700664602552455,0.25192712850692045,64.45,-0.0007754944165303904,0.37573619112554324,64.5,-0.007722046093910278,0.6152662493689061,59.7,-0.005012541823544286,0.597199079055641,0.21691983215397875
2025-12-17,63.5,63.5,64.0,62.75,0,0.0,0.0,0.06912693444380383,0.27180607030397674,0.21691983215397875,0.3874555279704484,0.41054056524552707,0.36881325118277775,63.9,0.9937402190923318,63.620000000000005,0.9981138006916064,61.75250000000001,1.0282984494554874,63.224000000000004,1.0043654308490446,59.189750000000004,1.0728208853728898,74.3055555555556,0.49065894410924216,0.09523560659758633,61.75250000000001,66.01858103162695,57.486418968373066,0.13816707118341578,0.9321428571428575,63.5,-0.008624122444097299,0.24587167618936273,64.05,0.000780944983071351,0.2510154568471822,64.0,-0.00700664602552455,0.25192712850692045,64.5,0.0,0.49059272897681105,60.0,0.0050125418235441935,0.5928560649231487,0.1940918536460694
2025-12-18,63.5,63.5,63.5,63.4,0,0.0,0.0,0.07098186388441445,0.27274926101068314,0.1940918536460694,0.3825772443175789,0.4105287145942675,0.3686950893500967,63.71,0.996703814157903,63.92,0.9934292866082604,61.935,1.0252684265762493,63.11,1.006179686262082,59.267250000000004,1.0714180259755597,74.3055555555556,0.48615554793543225,0.1734195948651555,61.935,66.17057614299921,57.6994238570008,0.1367748815047777,0.903571428571429,63.5,0.0,0.21691983215397875,63.5,-0.008624122444097299,0.24587167618936273,64.05,0.000780944983071351,0.2510154568471822,64.45,-0.0007754944165303904,0.37573619112554324,60.5,0.008298802814695064,0.5923071952466545,0.19498464321871312
2025-12-19,63.3,63.5,63.5,63.3,0,-0.003154576748515544,-0.0031496062992126816,0.06186303960785886,0.24262395052498303,0.19498464321871312,0.3788495707198658,0.40987668057381743,0.36869964732248645,63.57000000000001,0.9957527135441244,64.03,0.9885990941746056,62.1125,1.0191185349164822,63.00599999999999,1.0046662222645464,59.342,1.0666981227461156,72.2972972972973,0.4611325959709234,0.23096219508630908,62.1125,66.25913782637741,57.96586217362259,0.1335202359066987,0.8964285714285717,63.5,0.0,0.1940918536460694,63.5,0.0,0.21691983215397875,63.5,-0.008624122444097299,0.24587167618936273,64.0,-0.00700664602552455,0.25192712850692045,62.2,0.02771163470833802,0.5973812464300283,0.19613637728152056
2025-12-22,63.0,63.3,63.4,63.0,0,-0.004750602758597753,-0.004739336492890933,0.05737460043385296,0.057761610342136296,0.19613637728152056,0.372742162245129,0.4060498703906234,0.3687121633525092,63.36,0.9943181818181819,63.83,0.9869967100109667,62.2875,1.0114388922335942,62.90599999999999,1.001494293072203,59.417,1.0603026069979973,72.2972972972973,0.41234102282527374,0.26723796063410205,62.2875,66.26174272826206,58.31325727173794,0.12760964008066025,0.8892857142857145,63.3,-0.003154576748515544,0.19498464321871312,63.5,0.0,0.1940918536460694,63.5,0.0,0.21691983215397875,64.05,0.000780944983071351,0.2510154568471822,65.0,0.044032270150503344,0.6150336492997696,0.1981902219779731
2025-12-23,62.5,63.0,62.95,61.0,0,-0.007968169649176845,-0.007936507936507908,0.05360947632535306,0.05832055704025807,0.1981902219779731,0.37182919372019485,0.3860164205540051,0.36874019824719956,63.160000000000004,0.9895503483217225,63.629999999999995,0.9822410812509823,62.425,1.001201441730076,62.79599999999999,0.9952863239696798,59.490249999999996,1.0505923239522443,66.44736842105264,0.3295289239467678,0.2796961532966352,62.425,66.21563944057029,58.63436055942971,0.12144619753529158,1.0035714285714288,63.0,-0.004750602758597753,0.19613637728152056,63.3,-0.003154576748515544,0.19498464321871312,63.5,0.0,0.1940918536460694,63.5,-0.008624122444097299,0.24587167618936273,64.5,-0.007722046093910278,0.6152662493689061,0.199063930131439
2025-12-24,63.0,62.5,63.05,62.65,0,0.007968169649176881,0.008000000000000007,0.09623561608390685,0.0800425171763135,0.199063930131439,0.37166880495858073,0.3861038395532567,0.3685167156241664,63.06,0.9990485252140818,63.48,0.9924385633270322,62.56,1.0070332480818414,62.693999999999996,1.0048808498420903,59.570249999999994,1.0575748800785627,66.44736842105264,0.30077837441008626,0.2839125975193254,62.56,66.22212477869375,58.89787522130625,0.11707560034187185,0.9821428571428571,62.5,-0.007968169649176845,0.1981902219779731,63.0,-0.004750602758597753,0.19613637728152056,63.3,-0.003154576748515544,0.19498464321871312,63.5,0.0,0.21691983215397875,64.5,0.0,0.49059272897681105,0.19905999340834887
2025-12-29,62.7,63.0,63.2,62.6,0,-0.00477327875265766,-0.004761904761904745,0.09725600044260145,0.08035161073506975,0.19905999340834887,0.37142543154595575,0.3860925926994757,0.36856668000461623,62.9,0.9968203497615263,63.30500000000001,0.9904430929626411,62.69500000000001,1.0000797511763297,62.586999999999996,1.0018054867624269,59.64725000000001,1.0511800627857948,54.03225806451614,0.2508937173723922,0.2773088214899388,62.69500000000001,66.15315588215006,59.23684411784995,0.11031679981338402,0.9035714285714285,63.0,0.007968169649176881,0.199063930131439,62.5,-0.007968169649176845,0.1981902219779731,63.0,-0.004750602758597753,0.19613637728152056,63.5,0.0,0.1940918536460694,64.45,-0.0007754944165303904,0.37573619112554324,0.19749742613181814
2025-12-30,62.85,62.7,63.0,62.5,0,0.0023894873973814854,0.0023923444976077235,0.10283741133811738,0.08026788430136993,0.19749742613181814,0.37149529949451104,0.3851594284210319,0.36791603948216794,62.81,1.0006368412673141,63.19000000000001,0.9946194018040828,62.8375,1.0001989258006765,62.48,1.0059218950064022,59.72250000000001,1.0523671982921008,19.71830985915487,0.2209169209198265,0.26603044137591636,62.8375,66.05453933846775,59.62046066153225,0.10239234019392082,0.6714285714285714,62.7,-0.00477327875265766,0.19905999340834887,63.0,0.007968169649176881,0.199063930131439,62.5,-0.007968169649176845,0.1981902219779731,63.3,-0.003154576748515544,0.19498464321871312,64.0,-0.00700664602552455,0.25192712850692045,0.20820548145591386
2025-12-31,61.8,62.85,62.95,60.0,0,-0.016847570572611357,-0.01670644391408116,0.1517134766699069,0.10822778629735032,0.20820548145591386,0.37248573402661855,0.3852419109064813,0.36835500023771583,62.56999999999999,0.9876937829630814,62.964999999999996,0.9814976574287303,62.927499999999995,0.9820825553216003,62.34400000000001,0.9912742204542536,59.791500000000006,1.0335917312661498,17.073170731707236,0.11115257132399847,0.2350548673655328,62.927499999999995,65.90185972764887,59.95314027235112,0.0945329062063128,0.8250000000000003,62.85,0.0023894873973814854,0.19749742613181814,62.7,-0.00477327875265766,0.19905999340834887,63.0,0.007968169649176881,0.199063930131439,63.0,-0.004750602758597753,0.19613637728152056,64.05,0.000780944983071351,0.2510154568471822,0.2525384221549295
2026-01-02,64.5,61.8,64.5,63.0,0,0.0427618593380817,0.043689320388349495,0.35549414266105384,0.25244400154957924,0.2525384221549295,0.38297257328329254,0.3891482658928922,0.3706931043720385,62.970000000000006,1.0242972844211529,63.065,1.0227543011178943,63.1675,1.0210947085130804,62.264,1.0359116022099446,59.87650000000001,1.07721727221865,50.0,0.23927278094179627,0.23589845008078553,63.1675,65.80034416953194,60.53465583046805,0.08336072092553755,0.9785714285714293,61.8,-0.016847570572611357,0.20820548145591386,62.85,0.0023894873973814854,0.19749742613181814,62.7,-0.00477327875265766,0.19905999340834887,62.5,-0.007968169649176845,0.1981902219779731,63.5,-0.008624122444097299,0.24587167618936273,0.2771877379330316
2026-01-05,67.0,64.5,67.2,65.0,0,0.03802739558923932,0.03875968992248069,0.42217828121249035,0.3111941452716154,0.2771877379330316,0.3906703741633162,0.3919865433632577,0.3724950816775542,63.77,1.050650776227066,63.415,1.056532366159426,63.5175,1.0548274097689614,62.253,1.0762533532520522,59.972750000000005,1.1171740498809875,63.78378378378377,0.5363553066430242,0.29598982139323327,63.5175,66.23707330244177,60.79792669755822,0.08563225260571582,1.1535714285714296,64.5,0.0427618593380817,0.2525384221549295,61.8,-0.016847570572611357,0.20820548145591386,62.85,0.0023894873973814854,0.19749742613181814,63.0,0.007968169649176881,0.199063930131439,63.5,0.0,0.21691983215397875,0.2782442131840323
2026-01-06,66.9,67.0,69.55,65.55,0,-0.0014936522567832536,-0.0014925373134327957,0.41438698724480855,0.3120044755420263,0.2782442131840323,0.3905315408260493,0.3917562153746277,0.37250410122601574,64.61,1.0354434298096271,63.754999999999995,1.049329464355737,63.8375,1.0479733698844724,62.24,1.07487146529563,60.06725,1.1137516700032049,66.29213483146071,0.7550227520597232,0.3877964075265313,63.8375,66.56819780940721,61.10680219059278,0.0855515272185538,1.389285714285715,67.0,0.03802739558923932,0.2771877379330316,64.5,0.0427618593380817,0.2525384221549295,61.8,-0.016847570572611357,0.20820548145591386,62.7,-0.00477327875265766,0.19905999340834887,63.5,0.0,0.1940918536460694,0.2782828198278548
2026-01-07,67.0,66.9,67.75,67.0,0,0.0014936522567831501,0.001494768310911665,0.4158738008788599,0.30937424132531344,0.2782828198278548,0.39040012882566105,0.3917561422449406,0.37233031525185295,65.44,1.023838630806846,64.125,1.0448343079922027,64.0775,1.045608833053724,62.236,1.0765473359470403,60.16325,1.113636646956406,66.48044692737435,0.9257163602687228,0.49538039807496964,64.0775,67.0364249470189,61.11857505298111,0.09235456898346212,1.4142857142857146,66.9,-0.0014936522567832536,0.2782442131840323,67.0,0.03802739558923932,0.2771877379330316,64.5,0.0427618593380817,0.2525384221549295,62.85,0.0023894873973814854,0.19749742613181814,63.3,-0.003154576748515544,0.19498464321871312,0.2658912029114486
2026-01-08,67.0,67.0,68.45,67.0,0,0.0,0.0,0.35262680401750024,0.30578759645673753,0.2658912029114486,0.39019864891125006,0.3916799478193995,0.37228256027276246,66.48,1.0078219013237064,64.525,1.0383572258814413,64.1775,1.0439795878617897,62.26599999999999,1.0760286512703563,60.2605,1.1118394304726977,70.83333333333336,1.048901194503479,0.6060845573606715,64.1775,67.39185513709265,60.96314486290735,0.10017078063472867,1.4464285714285718,67.0,0.0014936522567831501,0.2782828198278548,66.9,-0.0014936522567832536,0.2782442131840323,67.0,0.03802739558923932,0.2771877379330316,61.8,-0.016847570572611357,0.20820548145591386,63.0,-0.004750602758597753,0.19613637728152056,0.22143472630460365
2026-01-09,67.0,67.0,67.25,66.9,0,0.0,0.0,0.27048785466492575,0.29799947654966474,0.22143472630460365,0.39014024447977624,0.38964414769220485,0.37207137475149993,66.97999999999999,1.000298596595999,64.975,1.0311658330126974,64.3025,1.0419501574588859,62.337999999999994,1.074785844910007,60.356750000000005,1.1100663968818731,70.83333333333336,1.1334602390520274,0.7115596936989427,64.3025,67.75526014683389,60.849739853166106,0.10739116354212955,1.3821428571428573,67.0,0.0,0.2658912029114486,67.0,0.0014936522567831501,0.2782828198278548,66.9,-0.0014936522567832536,0.2782442131840323,64.5,0.0427618593380817,0.2525384221549295,62.5,-0.007968169649176845,0.1981902219779731,0.2190100429231301
2026-01-12,67.0,67.0,67.5,67.0,0,0.0,0.0,0.016766204999596603,0.2999175176670029,0.2190100429231301,0.38964724546308366,0.3763015542962502,0.3720699205753878,66.97999999999999,1.000298596595999,65.375,1.0248565965583174,64.4275,1.0399286019168834,62.403999999999996,1.0736491250560862,60.45425,1.1082760930786504,70.83333333333336,1.1867932769285119,0.8066064103448565,64.4275,68.08529269073665,60.769707309263346,0.11354755937252424,1.4107142857142858,67.0,0.0,0.22143472630460365,67.0,0.0,0.2658912029114486,67.0,0.0014936522567831501,0.2782828198278548,67.0,0.03802739558923932,0.2771877379330316,63.0,0.007968169649176881,0.199063930131439,0.2234349685023276
2026-01-13,68.0,67.0,68.25,67.0,0,0.014815085785140682,0.014925373134328401,0.10303851185173007,0.2960257336316521,0.2234349685023276,0.39055161632943,0.35212327484162737,0.37028674754067303,67.2,1.0119047619047619,65.905,1.0317881799559971,64.605,1.0525501122204164,62.504,1.0879303724561629,60.56,1.1228533685601056,75.54347826086962,1.2948257906274137,0.904250286401368,64.605,68.59668873377595,60.613311266224066,0.12357213013778937,1.4857142857142855,67.0,0.0,0.2190100429231301,67.0,0.0,0.22143472630460365,67.0,0.0,0.2658912029114486,66.9,-0.0014936522567832536,0.2782442131840323,62.7,-0.00477327875265766,0.19905999340834887,0.2269014357981773
2026-01-14,69.0,68.0,69.0,68.8,0,0.014598799421152631,0.014705882352941124,0.12788006926328563,0.29575890671710775,0.2269014357981773,0.3916415003490903,0.3508551547231684,0.3703253255778562,67.6,1.0207100591715976,66.52,1.037282020444979,64.855,1.0639118032534114,62.623999999999995,1.1018140010219726,60.677,1.137168943751339,80.30303030303033,1.4444828792447737,1.0122968049700491,64.855,69.2889479853543,60.42105201464571,0.13673419120667007,1.5285714285714285,68.0,0.014815085785140682,0.2234349685023276,67.0,0.0,0.2190100429231301,67.0,0.0,0.22143472630460365,67.0,0.0014936522567831501,0.2782828198278548,62.85,0.0023894873973814854,0.19749742613181814,0.2241933715398864
2026-01-15,69.0,69.0,69.5,69.0,0,0.0,0.0,0.12788006926328563,0.264430100231846,0.2241933715398864,0.39163365084919133,0.33979383919872586,0.3678944677425986,68.0,1.0147058823529411,67.24,1.0261748958953005,65.10249999999999,1.0598671325985947,62.744,1.099706744868035,60.7825,1.1351951630814792,84.57446808510642,1.5452742406487374,1.118892292105787,65.10249999999999,69.88607661829964,60.318923381700344,0.14695523576820088,1.4214285714285713,69.0,0.014598799421152631,0.2269014357981773,68.0,0.014815085785140682,0.2234349685023276,67.0,0.0,0.2190100429231301,67.0,0.0,0.2658912029114486,61.8,-0.016847570572611357,0.20820548145591386,0.2258987478059132
2026-01-16,69.85,69.0,69.95,69.2,0,0.012243581105711408,0.01231884057971011,0.12179174706826996,0.19785508375792477,0.2258987478059132,0.39236610913357256,0.3398187769687857,0.367838122481785,68.57000000000001,1.0186670555636574,67.775,1.0306160088528216,65.41999999999999,1.0677162947110976,62.91,1.1103163249085997,60.884499999999996,1.1472542272663815,85.12820512820515,1.674438136442177,1.230001460973065,65.41999999999999,70.58357689162992,60.25642310837006,0.15785927519504528,1.4500000000000004,69.0,0.0,0.2241933715398864,69.0,0.014598799421152631,0.2269014357981773,68.0,0.014815085785140682,0.2234349685023276,67.0,0.0,0.22143472630460365,64.5,0.0427618593380817,0.2525384221549295,0.2289576909554791
2026-01-19,71.4,69.85,71.5,70.0,0,0.02194778364256796,0.022190408017179752,0.12677179427356824,0.13636494944028468,0.2289576909554791,0.39471215344776567,0.3364048675375055,0.36802142507446256,69.45,1.0280777537796977,68.215,1.0466906105695228,65.815,1.0848590746790248,63.122,1.1311428661956213,60.997,1.1705493712805548,89.54545454545456,1.8801997284576402,1.36004111446998,65.815,71.53846049169425,60.09153950830574,0.17392571576978666,1.5250000000000006,69.85,0.012243581105711408,0.2258987478059132,69.0,0.0,0.2241933715398864,69.0,0.014598799421152631,0.2269014357981773,67.0,0.0,0.2190100429231301,67.0,0.03802739558923932,0.2771877379330316,0.22822020677728339
2026-01-20,72.0,71.4,72.35,71.5,0,0.00836824967051658,0.008403361344537785,0.12831527263974216,0.12926205767594573,0.22822020677728339,0.39487718325081667,0.3360253582444128,0.36806220048053806,70.25,1.0249110320284698,68.725,1.0476536922517279,66.24,1.0869565217391306,63.364,1.1362919007638408,61.118,1.1780490199286626,89.95633187772927,2.0678454233021455,1.5016019762364132,66.24,72.47880892816009,60.00119107183989,0.18836983478744265,1.557142857142857,71.4,0.02194778364256796,0.2289576909554791,69.85,0.012243581105711408,0.2258987478059132,69.0,0.0,0.2241933715398864,68.0,0.014815085785140682,0.2234349685023276,66.9,-0.0014936522567832536,0.2782442131840323,0.22822020677728336
2026-01-21,72.0,72.0,72.05,71.8,0,0.0,0.0,0.14622092087403762,0.13135629926808223,0.22822020677728336,0.39485452712716257,0.3359853869995153,0.36805720201031095,70.85,1.0162314749470713,69.225,1.040086673889491,66.675,1.079865016872891,63.604,1.1320042764606,61.243,1.1756445634603139,99.03846153846159,2.191296091077149,1.6395407992045605,66.675,73.25459365246546,60.095406347534535,0.19736313918156617,1.3642857142857139,72.0,0.00836824967051658,0.22822020677728339,71.4,0.02194778364256796,0.2289576909554791,69.85,0.012243581105711408,0.2258987478059132,69.0,0.014598799421152631,0.2269014357981773,67.0,0.0014936522567831501,0.2782828198278548,0.26685267006480456
2026-01-22,69.55,72.0,72.5,69.55,0,-0.034620200646603386,-0.03402777777777777,0.34484509551764475,0.24781419153570394,0.26685267006480456,0.4001177301104182,0.33922113462873,0.36984133690751064,70.96000000000001,0.9801296505073279,69.48,1.0010074841681058,67.0025,1.0380209693668148,63.803000000000004,1.0900741344450886,61.35575000000001,1.1335530899711923,74.8768472906404,2.0676030690652425,1.725153253176697,67.0025,73.46286295216213,60.54213704783787,0.19283945978619094,1.3821428571428567,72.0,0.0,0.22822020677728336,72.0,0.00836824967051658,0.22822020677728339,71.4,0.02194778364256796,0.2289576909554791,69.0,0.0,0.2241933715398864,67.0,0.0,0.2658912029114486,0.2702511260528495
2026-01-23,71.0,69.55,71.0,70.0,0,0.020633958671863448,0.02084831056793668,0.36569289430361873,0.2604320484215914,0.2702511260528495,0.40214369879665185,0.33884141069556284,0.37030109188046,71.19000000000001,0.9973310858266609,69.88000000000001,1.0160274756725813,67.4275,1.0529828334136666,64.143,1.1069017663657765,61.475500000000004,1.1549316394335953,71.97802197802199,2.062799669265999,1.7926825363945575,67.4275,73.75775109670644,61.097248903293554,0.18776466862056118,1.2928571428571425,69.55,-0.034620200646603386,0.26685267006480456,72.0,0.0,0.22822020677728336,72.0,0.00836824967051658,0.22822020677728339,69.85,0.012243581105711408,0.2258987478059132,67.0,0.0,0.22143472630460365,0.2665605242336721
2026-01-26,71.0,71.0,71.05,70.15,0,0.0,0.0,0.3261075405974125,0.2604320484215914,0.2665605242336721,0.4019636042058994,0.33847127951062417,0.3702954645924491,71.11,0.9984531008297005,70.28,1.010244735344337,67.8275,1.0467730640227046,64.375,1.1029126213592233,61.591,1.1527658261759024,72.77777777777774,2.035528633306285,1.841251755776903,67.8275,73.98853844630325,61.666461553696756,0.1816678617464376,1.0714285714285705,71.0,0.020633958671863448,0.2702511260528495,69.55,-0.034620200646603386,0.26685267006480456,72.0,0.0,0.22822020677728336,71.4,0.02194778364256796,0.2289576909554791,67.0,0.0,0.2190100429231301,0.26769704617972034
2026-01-27,70.9,71.0,71.0,70.5,0,-0.001409443503233493,-0.0014084507042252392,0.31538972371384777,0.2574225235610975,0.26769704617972034,0.39837745447614126,0.33756610176573254,0.3702986447456875,70.89,1.0001410636196926,70.57000000000001,1.0046762080204052,68.2375,1.0390181351895953,64.505,1.0991396015812729,61.718,1.1487734534495608,71.6666666666667,1.9829883215622885,1.8695990689339803,68.2375,74.04293076057014,62.43206923942985,0.17015367680733165,1.0464285714285708,71.0,0.0,0.2665605242336721,71.0,0.020633958671863448,0.2702511260528495,69.55,-0.034620200646603386,0.26685267006480456,72.0,0.00836824967051658,0.22822020677728339,68.0,0.014815085785140682,0.2234349685023276,0.265518816804995
2026-01-28,71.0,70.9,71.45,70.95,0,0.001409443503233604,0.0014104372355430161,0.31641368898607564,0.25090238357955746,0.265518816804995,0.3923960179411412,0.33751799858305076,0.370253321779478,70.69,1.0043853444617343,70.77000000000001,1.003249964674297,68.64500000000001,1.0343069415106707,64.645,1.098306133498337,61.838,1.1481613247517708,71.97802197802199,1.927203310121115,1.8811199171714073,68.64500000000001,73.9835292672071,63.30647073279292,0.15554022193042735,0.9821428571428561,70.9,-0.001409443503233493,0.26769704617972034,71.0,0.0,0.2665605242336721,71.0,0.020633958671863448,0.2702511260528495,72.0,0.0,0.22822020677728336,69.0,0.014598799421152631,0.2269014357981773,0.2652395585257479
2026-01-29,71.35,71.0,71.4,71.1,0,0.004917466881529885,0.004929577464788615,0.14272491925158842,0.25054846071016773,0.2652395585257479,0.3924021739744519,0.3353608266161755,0.3701349350389512,71.05,1.0042223786066151,71.00500000000001,1.0048588127596645,69.1225,1.0322253969402146,64.813,1.100859395491645,61.95825000000001,1.1515819120133313,73.01587301587301,1.8894549016116997,1.882786914059466,69.1225,73.50613883932843,64.73886116067158,0.12683681404256,0.9857142857142855,71.0,0.001409443503233604,0.265518816804995,70.9,-0.001409443503233493,0.26769704617972034,71.0,0.0,0.2665605242336721,69.55,-0.034620200646603386,0.26685267006480456,69.0,0.0,0.2241933715398864,0.25263194325701244
2026-01-30,71.45,71.35,71.65,71.25,0,0.00140056045303102,0.0014015416958654825,0.03734106248219899,0.24563489711159386,0.25263194325701244,0.3915341202968335,0.3341339237351339,0.368976589200456,71.14,1.0043576047230813,71.16499999999999,1.0040047776294527,69.47,1.0285015114437888,65.02199999999999,1.0988588477745995,62.0695,1.1511289763893702,73.29842931937175,1.8463248960660223,1.8754945104607774,69.47,73.38789417121323,65.55210582878676,0.11279384399635049,0.9785714285714288,71.35,0.004917466881529885,0.2652395585257479,71.0,0.001409443503233604,0.265518816804995,70.9,-0.001409443503233493,0.26769704617972034,71.0,0.020633958671863448,0.2702511260528495,69.85,0.012243581105711408,0.2258987478059132,0.21691258829811091
2026-02-02,71.5,71.45,71.55,71.35,0,0.0006995453240854948,0.0006997900629810427,0.03616132277042543,0.21975704924723385,0.21691258829811091,0.3915221116467582,0.3341376759419062,0.3680249164634162,71.24,1.0036496350364965,71.175,1.004566210045662,69.69500000000001,1.025898558002726,65.262,1.0955839539088597,62.17725,1.1499382812845533,70.34883720930233,1.7954814456121113,1.8594918974910444,69.69500000000001,73.53165150057008,65.85834849942994,0.11009832844737988,0.903571428571429,71.45,0.00140056045303102,0.25263194325701244,71.35,0.004917466881529885,0.2652395585257479,71.0,0.001409443503233604,0.265518816804995,71.0,0.0,0.2665605242336721,71.4,0.02194778364256796,0.2289576909554791,0.1935389168559389
2026-02-03,73.2,71.5,74.65,71.5,0,0.02349797126730392,0.023776223776223793,0.1540998245949075,0.24704896869164464,0.1935389168559389,0.39384571194213336,0.33576851718827366,0.368652079945148,71.7,1.0209205020920502,71.295,1.0267199663370503,70.01,1.0455649192972432,65.52900000000001,1.1170626745410428,62.29325000000001,1.1750871884192908,72.58064516129035,1.8707980420301311,1.8617531263988618,70.01,73.91432958056423,66.10567041943578,0.11153633996755385,1.057142857142858,71.5,0.0006995453240854948,0.21691258829811091,71.45,0.00140056045303102,0.25263194325701244,71.35,0.004917466881529885,0.2652395585257479,70.9,-0.001409443503233493,0.26769704617972034,72.0,0.00836824967051658,0.22822020677728339,0.19284010257614415
2026-02-04,73.8,73.2,74.5,73.55,0,0.008163310639160835,0.008196721311475308,0.14768752434410984,0.24891139476979074,0.19284010257614415,0.3905238214286406,0.33549330228162844,0.36871288048316214,72.26,1.021311929144755,71.475,1.0325288562434418,70.35,1.049040511727079,65.81,1.1214101200425466,62.41325,1.182441228425054,74.24242424242425,1.9563503834740885,1.880672577813907,70.35,74.33417923925504,66.36582076074495,0.11326735577128762,1.114285714285715,73.2,0.02349797126730392,0.1935389168559389,71.5,0.0006995453240854948,0.21691258829811091,71.45,0.00140056045303102,0.25263194325701244,71.0,0.001409443503233604,0.265518816804995,72.0,0.0,0.22822020677728336,0.19426001733516904
2026-02-05,73.6,73.8,74.35,73.6,0,-0.002713705871596273,-0.0027100271002710175,0.16570007914047252,0.14608556769472095,0.19426001733516904,0.38948477888083444,0.33433230576759193,0.3686810018687236,72.71,1.0122404070966855,71.88,1.0239287701725097,70.67999999999999,1.0413129598189022,66.09200000000001,1.1135992253222777,62.56125,1.1764470818597772,70.27027027027027,1.9851295639959972,1.9015639750503253,70.67999999999999,74.58847931122838,66.7715206887716,0.1105964717382114,1.1000000000000003,73.8,0.008163310639160835,0.19284010257614415,73.2,0.02349797126730392,0.1935389168559389,71.5,0.0006995453240854948,0.21691258829811091,71.35,0.004917466881529885,0.2652395585257479,69.55,-0.034620200646603386,0.26685267006480456,0.19359340343611356
2026-02-06,74.0,73.6,74.1,73.8,0,0.0054200674693393345,0.005434782608695787,0.16073349641876117,0.12006785456349915,0.19359340343611356,0.3877961917802526,0.3343727262264588,0.3686935745053144,73.22,1.0106528270964217,72.17999999999999,1.0252147409254642,71.03,1.0418133183162044,66.37700000000001,1.1148439971676936,62.71125,1.1800115609240767,66.04938271604937,2.016963627778182,1.9246439055958968,71.03,74.80225327050381,67.25774672949619,0.10621577560196566,1.0178571428571428,73.6,-0.002713705871596273,0.19426001733516904,73.8,0.008163310639160835,0.19284010257614415,73.2,0.02349797126730392,0.1935389168559389,71.45,0.00140056045303102,0.25263194325701244,71.0,0.020633958671863448,0.2702511260528495,0.19285325287419305
2026-02-09,74.3,74.0,74.4,74.05,0,0.004045858519543796,0.004054054054054124,0.15406967785817285,0.11786064181100546,0.19285325287419305,0.38778329977265746,0.3344223093237239,0.36845505623743724,73.78,1.0070479804825154,72.50999999999999,1.0246862501723901,71.395,1.0406891238882274,66.657,1.1146616259357607,62.857749999999996,1.182034037171232,64.74358974358972,2.0428511292852676,1.9482853503337711,71.395,74.93066788151907,67.85933211848092,0.09904525195095104,0.9785714285714298,74.0,0.0054200674693393345,0.19359340343611356,73.6,-0.002713705871596273,0.19426001733516904,73.8,0.008163310639160835,0.19284010257614415,71.5,0.0006995453240854948,0.21691258829811091,71.0,0.0,0.2665605242336721,0.2027255491143539
2026-02-10,76.1,74.3,76.25,75.0,0,0.023937313143926636,0.024226110363391617,0.15691615935380623,0.1470779184828813,0.2027255491143539,0.3893811832170223,0.3358974165175542,0.36870091319441134,74.36,1.023399677245831,73.03,1.0420375188278788,71.8,1.0598885793871866,66.979,1.1361770107048477,63.01275,1.207692094060329,71.35416666666666,2.183442748650819,1.9953168299971809,71.8,75.54756061009029,68.05243938990971,0.10438887493287714,1.1000000000000014,74.3,0.004045858519543796,0.19285325287419305,74.0,0.0054200674693393345,0.19359340343611356,73.6,-0.002713705871596273,0.19426001733516904,73.2,0.02349797126730392,0.1935389168559389,70.9,-0.001409443503233493,0.26769704617972034,0.2087990803288274
2026-02-11,77.85,76.1,79.0,76.1,0,0.02273563341236718,0.022996057818659654,0.18985881585103734,0.1622452646037849,0.2087990803288274,0.330706529447448,0.33740262831259243,0.36901897722918375,75.16999999999999,1.0356525209525078,73.715,1.0560944176897509,72.24249999999999,1.0776205142402326,67.336,1.1561423309967922,63.174499999999995,1.232301007526771,96.6292134831461,2.4083114789383444,2.0779157597854137,72.24249999999999,76.6328332807173,67.85216671928268,0.12154433417219268,1.096428571428573,76.1,0.023937313143926636,0.2027255491143539,74.3,0.004045858519543796,0.19285325287419305,74.0,0.0054200674693393345,0.19359340343611356,73.8,0.008163310639160835,0.19284010257614415,71.0,0.001409443503233604,0.265518816804995,0.20716988311561294
2026-02-12,78.0,77.85,78.1,77.5,0,0.001924928409584418,0.0019267822736031004,0.17117152187324017,0.16513212420071513,0.20716988311561294,0.27623329014679787,0.33617812816021575,0.3689946420162177,76.05,1.0256410256410258,74.38,1.0486689970422156,72.6925,1.073013034357052,67.696,1.1522098794611204,63.332,1.231604875892124,96.0526315789474,2.5690113504862637,2.1761348779255836,72.6925,77.50785646600761,67.87714353399238,0.1324856475154277,1.0357142857142867,77.85,0.02273563341236718,0.2087990803288274,76.1,0.023937313143926636,0.2027255491143539,74.3,0.004045858519543796,0.19285325287419305,73.6,-0.002713705871596273,0.19426001733516904,71.35,0.004917466881529885,0.2652395585257479,0.24184139781061523
2026-02-13,81.4,78.0,81.4,77.95,0,0.04266644631890294,0.04358974358974366,0.2648710367054125,0.22983665321784053,0.24184139781061523,0.24166638803525842,0.3411920121183981,0.36992189021609445,77.53,1.0499161614858765,75.375,1.079933665008292,73.27000000000001,1.1109594649924934,68.13,1.1947746954351977,63.507,1.281748468672745,97.2727272727273,2.936864396850183,2.328280781710504,73.27000000000001,79.27371814619342,67.2662818538066,0.1638792997459644,1.2178571428571447,78.0,0.001924928409584418,0.20716988311561294,77.85,0.02273563341236718,0.2087990803288274,76.1,0.023937313143926636,0.2027255491143539,74.0,0.0054200674693393345,0.19359340343611356,71.45,0.00140056045303102,0.25263194325701244,0.3866595123077818
2026-02-16,89.5,81.4,89.5,82.5,0,0.09486335227231493,0.09950859950859936,0.5603717246692741,0.45957305656270214,0.3866595123077818,0.3018385600737802,0.36607895897608256,0.38059435959113747,80.57000000000001,1.1108352984982002,77.175,1.1597019760285068,74.175,1.2066059993259184,68.72,1.3023864959254947,63.71575,1.4046762378218887,98.94736842105262,3.837753656572886,2.6301753566829804,74.175,83.51926364984845,64.83073635015154,0.25195183417184924,1.7607142857142872,81.4,0.04266644631890294,0.24184139781061523,78.0,0.001924928409584418,0.20716988311561294,77.85,0.02273563341236718,0.2087990803288274,74.3,0.004045858519543796,0.19285325287419305,71.5,0.0006995453240854948,0.21691258829811091,0.5580789685603235
2026-02-17,80.55,89.5,90.2,80.55,0,-0.10536051565782628,-0.09999999999999998,1.171787301828201,0.7887385565765471,0.5580789685603235,0.3720862401450912,0.3961335071583993,0.39543349084274837,81.46,0.9888288730665358,77.91,1.033885252214093,74.60249999999999,1.079722529405851,69.12100000000001,1.16534772355724,63.87950000000001,1.2609679161546348,67.14542190305205,3.7858833767935494,2.8613169607050946,74.60249999999999,84.30331249988264,64.90168750011735,0.2600666867700853,2.410714285714288,89.5,0.09486335227231493,0.3866595123077818,81.4,0.04266644631890294,0.24184139781061523,78.0,0.001924928409584418,0.20716988311561294,76.1,0.023937313143926636,0.2027255491143539,73.2,0.02349797126730392,0.1935389168559389,0.5694135934938348
2026-02-18,83.7,80.55,86.0,82.0,0,0.03836086787244637,0.03910614525139677,1.186496902774583,0.8016934124296706,0.5694135934938348,0.37130702236468677,0.38448825236538997,0.39711973827065644,82.63000000000001,1.0129492920246883,78.9,1.0608365019011405,75.1875,1.1132169576059852,69.55099999999999,1.2034334517116938,64.0605,1.30657737607418,70.1468189233279,3.9533823498804708,3.07973003854017,75.1875,85.61165590423388,64.76334409576612,0.27728428007937184,2.771428571428573,80.55,-0.10536051565782628,0.5580789685603235,89.5,0.09486335227231493,0.3866595123077818,81.4,0.04266644631890294,0.24184139781061523,77.85,0.02273563341236718,0.2087990803288274,73.8,0.008163310639160835,0.19284010257614415,0.5694712420277488
2026-02-19,85.0,83.7,85.0,83.9,0,0.01541227899488678,0.015531660692950977,1.1813501633597878,0.7971572747185208,0.5694712420277488,0.36683035205329984,0.3845796215634477,0.397343508161369,84.03,1.011543496370344,80.03999999999999,1.061969015492254,75.96000000000001,1.1190100052659293,69.951,1.215136309702506,64.25075,1.3229417555437097,71.27158555729983,4.143264652442824,3.2924369613207007,75.96000000000001,86.90212526263261,65.0178747373674,0.2881022975943286,2.8357142857142867,83.7,0.03836086787244637,0.5694135934938348,80.55,-0.10536051565782628,0.5580789685603235,89.5,0.09486335227231493,0.3866595123077818,78.0,0.001924928409584418,0.20716988311561294,73.6,-0.002713705871596273,0.19426001733516904,0.5486728180686516
2026-02-20,86.5,85.0,86.95,83.7,0,0.01749315744751712,0.01764705882352935,1.1604803052347739,0.7956514117047719,0.5486728180686516,0.3675929796102736,0.38520529077412385,0.3976448221938876,85.05,1.0170487948265727,81.28999999999999,1.0640915241727151,76.735,1.1272561412653939,70.39099999999999,1.2288502791550058,64.44324999999999,1.3422662575211526,72.52252252252251,4.364474266673227,3.5068444223912065,76.735,88.3715621618824,65.0984378381176,0.3032921655537211,3.0535714285714297,85.0,0.01541227899488678,0.5694712420277488,83.7,0.03836086787244637,0.5694135934938348,80.55,-0.10536051565782628,0.5580789685603235,81.4,0.04266644631890294,0.24184139781061523,74.0,0.0054200674693393345,0.19359340343611356,0.5509672457149275
2026-02-23,88.95,86.5,88.95,87.1,0,0.027930000174010525,0.02832369942196533,0.9353988515868983,0.7949667625832919,0.5509672457149275,0.3698926588573573,0.3856316155907339,0.39845368693267025,84.94,1.0472097951495174,82.75500000000001,1.0748595251042232,77.63250000000001,1.1457830161337068,70.88,1.2549379232505644,64.643,1.3760190585214176,73.12775330396475,4.683490639455755,3.742173665804116,77.63250000000001,90.1427179290196,65.12228207098042,0.3222933160472634,3.0035714285714294,86.5,0.01749315744751712,0.5486728180686516,85.0,0.01541227899488678,0.5694712420277488,83.7,0.03836086787244637,0.5694135934938348,89.5,0.09486335227231493,0.3866595123077818,74.3,0.004045858519543796,0.19285325287419305,0.5615263540744455
2026-02-24,93.0,88.95,93.0,89.0,0,0.04452507904141166,0.04553119730185484,0.2018163591849601,0.8059173386004135,0.5615263540744455,0.37703119836723875,0.3903016208781091,0.40037460150907067,87.42999999999999,1.0637081093446186,84.44500000000001,1.1013085440227366,78.7375,1.1811398634703922,71.45100000000001,1.3015913003316957,64.863,1.433791221497618,75.6,5.203136052439717,4.034366143131236,78.7375,92.577292932737,64.897707067263,0.35154260505444035,3.2000000000000006,88.95,0.027930000174010525,0.5509672457149275,86.5,0.01749315744751712,0.5486728180686516,85.0,0.01541227899488678,0.5694712420277488,80.55,-0.10536051565782628,0.5580789685603235,76.1,0.023937313143926636,0.2027255491143539,0.5723452216586021
2026-02-25,91.0,93.0,94.0,89.2,0,-0.021739986636405875,-0.021505376344086002,0.3872424174694644,0.8322705206517371,0.5723452216586021,0.3813832212043037,0.39166553433412954,0.4010166474921271,88.89,1.023737203284959,85.76,1.0611007462686566,79.7375,1.1412447092020694,71.991,1.2640468947507328,65.07350000000001,1.3984187111496997,72.13740458015268,5.3914264922141655,4.305778212947822,79.7375,94.10350061548775,65.37149938451225,0.36033235593008933,3.4892857142857148,93.0,0.04452507904141166,0.5615263540744455,88.95,0.027930000174010525,0.5509672457149275,86.5,0.01749315744751712,0.5486728180686516,83.7,0.03836086787244637,0.5694135934938348,77.85,0.02273563341236718,0.2087990803288274,0.5835407253221384
2026-02-26,89.0,90.0,90.55,88.05,0,-0.022223136784710235,-0.02197802197802201,0.477037996719157,0.85198120944525,0.5835407253221384,0.3856934089763194,0.3928034167486917,0.4015814044741377,89.69,0.9923068346526926,86.86,1.0246373474556758,80.62,1.1039444306623667,72.49,1.2277555524899988,65.2745,1.3634727190556801,68.33740831295843,5.31796257474727,4.508215085307712,80.62,94.98503063912995,66.25496936087006,0.35636394540138777,3.664285714285715,91.0,-0.021739986636405875,0.5723452216586021,93.0,0.04452507904141166,0.5615263540744455,88.95,0.027930000174010525,0.5509672457149275,85.0,0.01541227899488678,0.5694712420277488,78.0,0.001924928409584418,0.20716988311561294,0.5844362582404413
2026-02-27,91.0,88.9,91.4,88.8,0,0.022223136784710256,0.022471910112359605,0.48336026257921827,0.8382491039924423,0.5844362582404413,0.38633016236683787,0.39326813097900737,0.4018491290940628,90.59,1.0045258858593664,87.82000000000001,1.036210430425871,81.5975,1.1152302460246943,73.04,1.245892661555312,65.4895,1.389535727101291,69.60093896713616,5.3593459718914715,4.678441262624464,81.5975,95.99579942443805,67.19920057556195,0.3529103079000717,3.8214285714285725,89.0,-0.022223136784710235,0.5835407253221384,91.0,-0.021739986636405875,0.5723452216586021,93.0,0.04452507904141166,0.5615263540744455,86.5,0.01749315744751712,0.5486728180686516,81.4,0.04266644631890294,0.24184139781061523,0.5832913272615106
2026-03-02,91.95,91.0,92.55,90.5,0,0.01038544453348002,0.010439560439560402,0.4580727985627013,0.6974713698649229,0.5832913272615106,0.3861661174555809,0.38776277833044515,0.4012695153135119,91.19,1.0083342471762256,88.065,1.0441151422244934,82.61999999999999,1.1129266521423387,73.609,1.249167900664321,65.70675,1.3993996050634068,68.98203592814372,5.406477169404539,4.824048443980479,82.61999999999999,96.90309269178383,68.33690730821615,0.3457538777967523,3.828571428571429,91.0,0.022223136784710256,0.5844362582404413,89.0,-0.022223136784710235,0.5835407253221384,91.0,-0.021739986636405875,0.5723452216586021,88.95,0.027930000174010525,0.5509672457149275,89.5,0.09486335227231493,0.3866595123077818,0.5833296767569257
2026-03-03,92.0,91.5,92.45,91.0,0,0.000543625998710181,0.0005437737901032857,0.311999756167099,0.35809319082175517,0.5833296767569257,0.3861288739993181,0.38583696110243354,0.4011269733949883,90.99,1.0111001208924058,89.21,1.0312745207936331,83.55999999999999,1.1010052656773577,74.179,1.240243195513555,65.92425,1.3955410945137792,67.66541822721598,5.3857796498560475,4.9363946851555935,83.55999999999999,97.70666038328422,69.41333961671576,0.33859886029880876,3.7250000000000005,91.95,0.01038544453348002,0.5832913272615106,91.0,0.022223136784710256,0.5844362582404413,89.0,-0.022223136784710235,0.5835407253221384,93.0,0.04452507904141166,0.5615263540744455,80.55,-0.10536051565782628,0.5580789685603235,0.5831752964910337
2026-03-04,92.0,92.0,92.7,92.0,0,0.0,0.0,0.25987685610838107,0.3338543751020845,0.5831752964910337,0.3856362287952063,0.3857476551161778,0.4011269733949883,91.19,1.0088825529115035,90.03999999999999,1.0217681030653043,84.47,1.0891440748194625,74.753,1.2307198373309431,66.14224999999999,1.3909414935234288,67.54385964912281,5.3081872382456226,5.010753195773599,84.47,98.3113720037918,70.6286279962082,0.32772278924569204,3.732142857142858,92.0,0.000543625998710181,0.5833296767569257,91.95,0.01038544453348002,0.5832913272615106,91.0,0.022223136784710256,0.5844362582404413,91.0,-0.021739986636405875,0.5723452216586021,83.7,0.03836086787244637,0.5694135934938348,0.5830989250088257
2026-03-05,93.1,92.0,93.1,92.0,0,0.011885607233981063,0.011956521739130421,0.14583988810759568,0.3325592189459494,0.5830989250088257,0.38574705674615245,0.38541476336968933,0.40122624774104243,92.01,1.0118465384197368,90.85,1.0247660979636763,85.44500000000001,1.0895897946047164,75.355,1.235485369252206,66.36775,1.402789758580033,65.55851063829786,5.274652588257439,5.063533074270367,85.44500000000001,98.80109066661049,72.08890933338952,0.3126242768239331,3.5642857142857145,92.0,0.0,0.5831752964910337,92.0,0.000543625998710181,0.5833296767569257,91.95,0.01038544453348002,0.5832913272615106,89.0,-0.022223136784710235,0.5835407253221384,85.0,0.01541227899488678,0.5694712420277488,0.5826384693592638
2026-03-06,93.0,93.1,93.15,92.1,0,-0.0010746911297654092,-0.0010741138560687036,0.09915222059118727,0.3325039775230389,0.5826384693592638,0.386071567985479,0.38532173483905696,0.40121616909795316,92.41,1.006384590412293,91.5,1.0163934426229508,86.39500000000001,1.0764511835175645,75.965,1.2242480089514907,66.5925,1.396553665953373,55.91216216216216,5.180291793101361,5.086884818036566,86.39500000000001,99.00551774887613,73.78448225112389,0.29192702700100975,3.0607142857142873,93.1,0.011885607233981063,0.5830989250088257,92.0,0.0,0.5831752964910337,92.0,0.000543625998710181,0.5833296767569257,91.0,0.022223136784710256,0.5844362582404413,86.5,0.01749315744751712,0.5486728180686516,0.5834873875744182
2026-03-09,93.05,93.0,93.4,93.0,0,0.0005374899350037816,0.0005376344086021057,0.08501497790160294,0.3126309263913705,0.5834873875744182,0.38391545795908116,0.3850625975137731,0.40109948750678437,92.63,1.004534168196049,91.91,1.0124034381460123,87.33250000000001,1.065468181948301,76.566,1.2152913825980198,66.818,1.392588823370948,80.19323671497587,5.051316334866826,5.079771121402619,87.33250000000001,98.90189133184873,75.76310866815129,0.2649504212486467,2.4000000000000017,93.0,-0.0010746911297654092,0.5826384693592638,93.1,0.011885607233981063,0.5830989250088257,92.0,0.0,0.5831752964910337,91.95,0.01038544453348002,0.5832913272615106,88.95,0.027930000174010525,0.5509672457149275,0.5840183321742597
2026-03-10,93.15,93.05,93.2,92.9,0,0.0010741139593377236,0.0010746910263299547,0.08437470275407694,0.21895066049780998,0.5840183321742597,0.37633612077833156,0.38506702472621573,0.40106094044443774,92.86,1.003122980831359,91.925,1.0133260810443296,88.185,1.05630209219255,77.175,1.206997084548105,67.04575000000001,1.3893498096449064,76.77053824362608,4.900679536137574,5.04395280434961,88.185,98.73743050077407,77.63256949922594,0.2393248398429226,2.0321428571428584,93.05,0.0005374899350037816,0.5834873875744182,93.0,-0.0010746911297654092,0.5826384693592638,93.1,0.011885607233981063,0.5830989250088257,92.0,0.000543625998710181,0.5833296767569257,93.0,0.04452507904141166,0.5615263540744455,0.5834643859803704
2026-03-11,93.0,93.15,93.2,93.0,0,-0.0016116038943415328,-0.0016103059581320522,0.08805964628476695,0.18292751399335938,0.5834643859803704,0.37564738185171836,0.38509684144817247,0.40055250761977906,93.06,0.9993552546744036,92.125,1.0094979647218454,88.94250000000001,1.0456193608230036,77.778,1.1957108693975158,67.27375,1.3824114160426613,74.24242424242425,4.714845240425049,4.978131291564699,88.94250000000001,98.49927081555454,79.38572918444548,0.21489773315466798,1.9535714285714303,93.15,0.0010741139593377236,0.5840183321742597,93.05,0.0005374899350037816,0.5834873875744182,93.0,-0.0010746911297654092,0.5826384693592638,92.0,0.0,0.5831752964910337,91.0,-0.021739986636405875,0.5723452216586021,0.5820363964931234
2026-03-12,93.15,93.0,93.15,93.05,0,0.0016116038943416128,0.001612903225806539,0.02207421015678891,0.12334707014308574,0.5820363964931234,0.3755599139092513,0.3846990752157301,0.4005371638939152,93.07000000000001,1.0008595680670462,92.53999999999999,1.006591744110655,89.7,1.0384615384615385,78.405,1.1880619858427397,67.49825,1.3800357787053739,71.94719471947195,4.527483951870508,4.888001823625861,89.7,97.91186561276348,81.48813438723653,0.18309622325002173,1.7321428571428592,93.0,-0.0016116038943415328,0.5834643859803704,93.15,0.0010741139593377236,0.5840183321742597,93.05,0.0005374899350037816,0.5834873875744182,93.1,0.011885607233981063,0.5830989250088257,89.0,-0.022223136784710235,0.5835407253221384,0.5859598799030401
2026-03-13,95.95,93.15,95.95,93.05,0,0.029616125406111367,0.030059044551798086,0.20830079836965867,0.15461420689792035,0.5859598799030401,0.3782947672228809,0.3862118339854886,0.40136643874631134,93.66,1.0244501387999148,93.035,1.031332294297845,90.4275,1.0610710237483068,79.03399999999999,1.214034466179113,67.7355,1.4165393331414105,72.58064516129032,4.552457484178262,4.820892955736341,90.4275,98.10388038332229,82.7511196166777,0.1697797768006922,1.7642857142857165,93.15,0.0016116038943416128,0.5820363964931234,93.0,-0.0016116038943415328,0.5834643859803704,93.15,0.0010741139593377236,0.5840183321742597,93.0,-0.0010746911297654092,0.5826384693592638,91.0,0.022223136784710256,0.5844362582404413,0.6133975658954091
2026-03-16,103.0,95.0,103.0,95.0,0,0.07090176577592679,0.07347576862949445,0.49225927612692444,0.3652926242535462,0.6133975658954091,0.39868285498281464,0.39803578974033016,0.4071073399632638,95.65,1.076842655514898,94.14000000000001,1.0941151476524325,91.10249999999999,1.1305946598611456,79.75399999999999,1.291471274168067,68.00825,1.5145221351821285,77.02702702702703,5.082536946992832,4.8732217539876395,91.10249999999999,100.594850105548,81.61014989445198,0.20838835609446532,2.046428571428574,95.95,0.029616125406111367,0.5859598799030401,93.15,0.0016116038943416128,0.5820363964931234,93.0,-0.0016116038943415328,0.5834643859803704,93.05,0.0005374899350037816,0.5834873875744182,91.95,0.01038544453348002,0.5832913272615106,0.5839617901858111
2026-03-17,111.15,108.0,113.3,108.0,0,0.07615165218056984,0.07912621359223304,0.5868212342412328,0.4814025273118971,0.5839617901858111,0.4213332993815377,0.4110411905106692,0.413390348666079,99.25,1.1198992443324938,96.055,1.1571495497371298,92.63250000000001,1.1999028418751518,80.63900000000001,1.378365307109463,68.3215,1.6268670916183048,90.87221095334687,6.090063170599791,5.11659003731007,92.63250000000001,104.52434926524674,80.74065073475327,0.2567532834641564,2.4392857142857167,103.0,0.07090176577592679,0.6133975658954091,95.95,0.029616125406111367,0.5859598799030401,93.15,0.0016116038943416128,0.5820363964931234,93.15,0.0010741139593377236,0.5840183321742597,92.0,0.000543625998710181,0.5833296767569257,0.4152184681579783
2026-03-18,110.0,111.15,111.95,108.05,0,-0.010400274617789456,-0.010346378767431497,0.6238305370298513,0.4954666303748881,0.4152184681579783,0.42164584058455523,0.41087335436813965,0.4136152174348425,102.65,1.071602532878714,97.855,1.124112206836646,93.9475,1.1708667074695973,81.49900000000001,1.349709812390336,68.62650000000001,1.6028793541853363,94.11764705882351,6.718295246980162,5.436931079244089,93.9475,107.39511669355662,80.4998833064434,0.2862793942054149,2.50714285714286,111.15,0.07615165218056984,0.5839617901858111,103.0,0.07090176577592679,0.6133975658954091,95.95,0.029616125406111367,0.5859598799030401,93.0,-0.0016116038943415328,0.5834643859803704,92.0,0.0,0.5831752964910337,0.42568306881348206
2026-03-23,107.5,110.0,110.0,105.1,0,-0.02298951822469872,-0.022727272727272707,0.7202425202671954,0.5364916155323177,0.42568306881348206,0.42606236756817145,0.4118344925200793,0.4144456697145622,105.52000000000001,1.0187642153146321,99.295,1.0826325595447908,95.0725,1.130716032501512,82.309,1.3060540159642324,68.91925,1.559796428428922,83.9506172839506,6.934507896600337,5.736446442715339,95.0725,109.11965648318683,81.02534351681318,0.29550409389017485,2.671428571428574,110.0,-0.010400274617789456,0.4152184681579783,111.15,0.07615165218056984,0.5839617901858111,103.0,0.07090176577592679,0.6133975658954091,93.15,0.0016116038943416128,0.5820363964931234,93.1,0.011885607233981063,0.5830989250088257,0.42846256227025237
2026-03-24,107.2,107.5,108.0,106.2,0,-0.0027945989310158,-0.0027906976744185297,0.7535058762336138,0.5379465343055572,0.42846256227025237,0.4263217270220104,0.40898066823344836,0.4144233008953412,107.77000000000001,0.9947109585227799,100.715,1.064389614258055,96.1075,1.1154176312982857,83.11300000000001,1.2898102583230058,69.21225,1.5488587641638585,82.24101479915433,7.000947916711866,5.989346737514644,96.1075,110.54025787921282,81.67474212078719,0.3003461307226349,2.653571428571431,107.5,-0.02298951822469872,0.42568306881348206,110.0,-0.010400274617789456,0.4152184681579783,111.15,0.07615165218056984,0.5839617901858111,95.95,0.029616125406111367,0.5859598799030401,93.0,-0.0010746911297654092,0.5826384693592638,0.4840474740449789
2026-03-25,101.5,107.2,107.2,100.0,0,-0.05463745015485965,-0.05317164179104483,0.768962850388309,0.6390199153082041,0.4840474740449789,0.44401688333873995,0.41608639238182826,0.41835913724649104,107.47,0.9444496138457243,101.56000000000002,0.9994092162268609,96.73499999999999,1.0492582829379233,83.80300000000001,1.2111738243260979,69.47575,1.4609414076134477,66.21160409556313,6.518518326580306,6.095181055327777,96.73499999999999,110.9470815913037,82.52291840869627,0.293835356206207,3.0642857142857167,107.2,-0.0027945989310158,0.42846256227025237,107.5,-0.02298951822469872,0.42568306881348206,110.0,-0.010400274617789456,0.4152184681579783,103.0,0.07090176577592679,0.6133975658954091,93.05,0.0005374899350037816,0.5834873875744182,0.4792916144095452
2026-03-26,103.05,101.5,104.45,103.0,0,0.01515550885462603,0.015270935960591148,0.4135267448947537,0.638228769601941,0.4792916144095452,0.44357015627534124,0.41430220126429534,0.41853386524894376,105.85,0.9735474728389231,102.55,1.0048756704046806,97.2375,1.0597763208638642,84.50399999999999,1.2194689008804318,69.73725,1.4776894701181935,67.90923824959481,6.189908039991991,6.114126452260621,97.2375,111.60339070644255,82.87160929355744,0.29548046188852156,3.2250000000000023,101.5,-0.05463745015485965,0.4840474740449789,107.2,-0.0027945989310158,0.42846256227025237,107.5,-0.02298951822469872,0.42568306881348206,111.15,0.07615165218056984,0.5839617901858111,93.15,0.0010741139593377236,0.5840183321742597,0.4598651611787519
