Date,Price,Open,High,Low,Vol,Change_%,simple_return,log_return,squared_return,abs_return,realized_vol_5d,realized_vol_21d,stock,sma_5,ema_5,sma_10,ema_10,sma_20,ema_20,sma_50,ema_50,price_dist_sma20,price_dist_sma50,macd,macd_signal,macd_hist,bb_middle,bb_upper,bb_lower,bb_width,bb_position,rsi,atr_14,atr_ratio,volume_sma_20,volume_ratio,hist_vol_5d,hist_vol_10d,hist_vol_21d,hist_vol_63d,parkinson_vol,garman_klass_vol,vol_of_vol,high_vol_regime,vol_trend,log_return_lag_1,log_return_lag_2,log_return_lag_3,log_return_lag_5,log_return_lag_10,squared_return_lag_1,squared_return_lag_2,squared_return_lag_3,squared_return_lag_5,squared_return_lag_10,hist_vol_21d_lag_1,hist_vol_21d_lag_2,hist_vol_21d_lag_3,hist_vol_21d_lag_5,hist_vol_21d_lag_10,rsi_lag_1,rsi_lag_2,rsi_lag_3,rsi_lag_5,rsi_lag_10,macd_lag_1,macd_lag_2,macd_lag_3,macd_lag_5,macd_lag_10,atr_14_lag_1,atr_14_lag_2,atr_14_lag_3,atr_14_lag_5,atr_14_lag_10,bb_width_lag_1,bb_width_lag_2,bb_width_lag_3,bb_width_lag_5,bb_width_lag_10,abs_return_lag_1,abs_return_lag_2,abs_return_lag_3,abs_return_lag_5,day_of_week,month,quarter,year,is_month_start,is_month_end,day_of_month,dow_0,dow_1,dow_2,dow_3,dow_4,trend,high_prev_vol,return_zscore,is_jump,drawdown,max_drawdown_21d,target_vol_1d,target_squared_ret,target_abs_ret,target_vol_5d
2020-04-02,765.0,765.0,765.0,760.0,147300.0,0.0,0.0,0.0,0.0,0.0,0.0,0.537176501796709,NESTLE,765.0,773.1987307814833,799.0,801.8825986423582,867.375,871.1550872774875,1093.59,1042.979413136624,-0.11802853437094682,-0.30046909719364656,-96.722126514494,-98.89155548303867,2.169428968544679,867.375,1041.0047558175584,693.7452441824416,0.400356837163991,0.20519166050210128,0.0,172.5642857142857,0.2255742296918767,527590.0,0.2791940711537368,0.0,0.5289055909555247,0.5371765017967085,0.4959787815141084,0.5494143458057497,0.493334256483151,0.04366811720491708,1,-1,0.0,0.0,0.0,-0.1053605156578262,-0.0346855579878899,0.0,0.0,0.0,0.011100838259683,0.0012030879329312,0.5371765017967085,0.5973105507443831,0.6737877736497865,0.6737877736497865,0.657011472902495,0.0,0.0,0.0,0.0,15.517241379310349,-99.34675851567499,-101.25169960059065,-102.21034513660163,-100.12852949842488,-100.49352892985894,237.58571428571426,300.10714285714283,301.5857142857143,443.65714285714284,585.5857142857143,0.406477658579984,0.42705574704146027,0.43381731901334847,0.41614773528711096,0.3860782679876487,0.0,0.0,0.0,0.1053605156578262,3,4,2,2020,0,0,2,0,0,0,1,0,-1,0,0.029996475444953534,0,-0.4795564324103681,-0.4795564324103681,0.5155049519436453,0.0,0.0,0.5806589449021569
2020-04-03,765.0,765.0,765.0,750.0,625550.0,0.0,0.0,0.0,0.0,0.0,0.0,0.5155049519436455,NESTLE,765.0,770.4658205209889,790.5,795.1766716164749,854.775,861.0450789653459,1081.29,1032.078259680286,-0.10502763885232953,-0.2925117221097023,-93.56354444502745,-97.82595327543643,4.262408830408987,854.775,1019.0068242767369,690.5431757232631,0.3842691334602367,0.22668208370892337,0.0,108.25714285714285,0.1415126050420168,551295.5,1.1346909234702622,0.0,0.5289055909555247,0.5155049519436453,0.4959787815141084,0.5558637433926393,0.5377910445033204,0.050026080728187275,1,-1,0.0,0.0,0.0,0.0,0.0,0.0,0.0,0.0,0.0,0.0,0.5371765017967085,0.5371765017967085,0.5973105507443831,0.6737877736497865,0.657011472902495,0.0,0.0,0.0,0.0,21.50170648464163,-96.722126514494,-99.34675851567499,-101.25169960059065,-101.94722950966889,-101.11438661979082,172.5642857142857,237.58571428571426,300.10714285714283,371.0142857142857,579.2285714285714,0.400356837163991,0.406477658579984,0.42705574704146027,0.41205853956804867,0.4030287275969294,0.0,0.0,0.0,0.0,4,4,2,2020,0,0,3,0,0,0,0,1,-1,0,0.029996475444953534,0,-0.4795564324103681,-0.4795564324103681,0.5155049519436453,0.0,0.0,0.5806589449021569
2020-04-06,765.0,765.0,765.0,765.0,440640.0,0.0,0.0,0.0,0.0,0.0,0.0,0.5155049519436455,NESTLE,765.0,768.643880347326,782.0,789.6900040498431,842.175,851.8979285876939,1068.99,1021.6046024379219,-0.09163772375100182,-0.2843712289170151,-90.02262066473293,-96.26528675329574,6.242666088562814,842.175,992.041493218049,692.3085067819509,0.3559034481385676,0.24252083189898302,0.0,42.878571428571426,0.05605042016806722,571693.5,0.7707626551639996,0.0,0.5289055909555247,0.5155049519436453,0.4959787815141084,0.49211201989861003,0.40168910607941627,0.054838692702455845,1,-1,0.0,0.0,0.0,0.0,0.0,0.0,0.0,0.0,0.0,0.0,0.5155049519436453,0.5371765017967085,0.5371765017967085,0.6737877736497865,0.5973105507443831,0.0,0.0,0.0,0.0,0.0,-93.56354444502745,-96.722126514494,-99.34675851567499,-102.21034513660163,-100.44851288261714,108.25714285714285,172.5642857142857,237.58571428571426,301.5857142857143,579.7285714285714,0.3842691334602367,0.400356837163991,0.406477658579984,0.43381731901334847,0.4120140372977996,0.0,0.0,0.0,0.0,0,4,2,2020,0,0,6,1,0,0,0,0,-1,0,0.029996475444953534,0,-0.4795564324103681,-0.4795564324103681,0.5154618250426315,1.7089678920425708e-08,0.0001307274987155,0.5806589449021569
2020-04-07,764.9,765.0,765.0,764.9,773500.0,-0.01,-0.0001307189542484,-0.0001307274987155,1.7089678920425708e-08,0.0001307274987155,0.0009280731746955,0.5154618250426319,NESTLE,764.9799999999999,767.3959202315507,773.49,785.1827305862353,829.57,843.612411579342,1056.688,1011.5377552834937,-0.07795604951963074,-0.2761344881365172,-86.2304710287217,-94.25832360838093,8.027852579659239,829.57,958.4638869972703,700.6761130027298,0.31074866978620297,0.2491347281606548,0.0,40.364285714285714,0.05277067030237379,608450.5,1.2712620007708104,0.0009280731746951407,0.5288330767931785,0.5154618250426315,0.4959677448985714,0.23608594851739118,0.1744712309731048,0.05849220383533623,1,-1,0.0,0.0,0.0,0.0,0.0,0.0,0.0,0.0,0.0,0.0,0.5155049519436453,0.5155049519436453,0.5371765017967085,0.5973105507443831,0.5973105507443831,0.0,0.0,0.0,0.0,0.0,-90.02262066473293,-93.56354444502745,-96.722126514494,-101.25169960059065,-98.78210453716645,42.878571428571426,108.25714285714285,172.5642857142857,300.10714285714283,508.65714285714284,0.3559034481385676,0.3842691334602367,0.400356837163991,0.42705574704146027,0.4128979271827444,0.0,0.0,0.0,0.0,1,4,2,2020,0,0,7,0,1,0,0,0,-1,0,0.03723389001854959,0,-0.4796244642492687,-0.4796244642492687,0.5155053696503352,1.7089678920412496e-08,0.0001307274987155,0.7731775668333374
2020-05-21,995.0,995.0,1094.5,1055.0,9820.0,0.0,0.0,0.0,0.0,0.0,0.3140249586109056,0.3944211849890393,NESTLE,1004.0,999.8078812789058,1006.0,995.9782643237631,971.04,974.7908053559299,901.8,978.9296301241133,0.024674575712638036,0.10334885783987587,25.894965662942468,25.974436372514877,-0.07947070957240854,971.04,1059.9498040890853,882.1301959109147,0.18312284579231608,0.634743295441258,72.69417475728154,63.20714285714286,0.06352476669059584,307229.5,0.031963076462383985,0.3140249586109054,0.31270643357503847,0.3944211849890386,0.5805036816595053,0.5455261678906966,0.6030904067775527,0.0797589799096804,1,-1,0.0,0.0,-0.0442332549768255,0.0392207131532813,0.0253178079842897,0.0,0.0,0.0019565808458448,0.0015382643402519,0.0006409914011293,0.3944211849890386,0.3951985403248011,0.4399352762142014,0.5072015993152622,0.5563859918866828,72.69417475728154,72.69417475728154,74.28571428571428,100.0,70.01845018450183,27.668869642776713,29.530559891324742,31.477218210143178,31.021787843770767,19.090141614595495,60.371428571428574,56.464285714285715,51.857142857142854,50.80714285714284,53.28571428571427,0.18189427284677537,0.18055271222732905,0.1790949785519872,0.16986745598508776,0.3095279194439289,0.0,0.0,0.0442332549768255,0.0392207131532813,3,5,2,2020,0,0,21,0,0,0,1,0,1,0,0.029996475444953534,0,-0.32308320293897547,-0.38091026600449013,0.3944211849890386,0.0,0.0,0.0
2020-05-22,995.0,995.0,1094.5,1094.5,73260.0,0.0,0.0,0.0,0.0,0.0,0.3140249586109056,0.3944211849890393,NESTLE,995.0,998.2052541859373,1005.5,995.8003980830788,975.29,976.7154905601271,901.36,979.5598407074814,0.020209373622204714,0.1038874589509186,24.210055528736802,25.621560203759262,-1.41150467502246,975.29,1059.9384718673368,890.6415281326632,0.17358626022482915,0.6164226569316572,72.69417475728154,66.04285714285716,0.06637473079684136,220892.5,0.3316545378408049,0.3140249586109054,0.31270643357503847,0.3944211849890386,0.5805036816595053,0.53504475695943,0.547052843908512,0.08325244889887623,1,-1,0.0,0.0,0.0,0.0,0.0,0.0,0.0,0.0,0.0,0.0,0.3944211849890386,0.3944211849890386,0.3951985403248011,0.5072015993152622,0.5563859918866828,72.69417475728154,72.69417475728154,72.69417475728154,100.0,60.122699386503065,25.894965662942468,27.668869642776713,29.530559891324742,33.50401165401479,22.471726360625553,63.20714285714286,60.371428571428574,56.464285714285715,50.16428571428571,54.22857142857141,0.18312284579231608,0.18189427284677537,0.18055271222732905,0.17742204283528876,0.27944862960973893,0.0,0.0,0.0,0.0,4,5,2,2020,0,0,22,0,0,0,0,1,1,0,0.029996475444953534,0,-0.32308320293897547,-0.38091026600449013,0.301752801899627,0.0,0.0,0.0
2020-05-27,995.0,995.0,1094.5,1094.5,27670.0,0.0,0.0,0.0,0.0,0.0,0.0,0.3017528018996278,NESTLE,995.0,997.1368361239582,1005.0,995.6548711588825,979.54,978.4568724115436,902.9540000000001,980.1653371503253,0.01578291851277134,0.10193874771029303,22.61407117255021,25.020062397517457,-2.405991224967245,979.54,1058.746496277977,900.3335037220229,0.1617218210138985,0.5975930051604783,59.09090909090909,69.2357142857143,0.06958363244795407,221214.0,0.12508249929932103,0.0,0.31270643357503847,0.301752801899627,0.5502826130663647,0.4244737999736772,0.3755426454141111,0.08998538978921163,1,-1,0.0,0.0,0.0,-0.0442332549768255,0.0,0.0,0.0,0.0,0.0019565808458448,0.0,0.3944211849890386,0.3944211849890386,0.3944211849890386,0.4399352762142014,0.556348023571738,72.69417475728154,72.69417475728154,72.69417475728154,74.28571428571428,58.064516129032256,24.210055528736802,25.894965662942468,27.668869642776713,31.477218210143178,24.865028069217487,66.04285714285716,63.20714285714286,60.371428571428574,51.857142857142854,57.22857142857141,0.17358626022482915,0.18312284579231608,0.18189427284677537,0.1790949785519872,0.23646710815893388,0.0,0.0,0.0,0.0442332549768255,2,5,2,2020,0,0,27,0,0,1,0,0,1,0,0.029996475444953534,0,-0.32308320293897547,-0.38091026600449013,0.301752801899627,0.0,0.0,0.0
2020-05-28,995.0,995.0,1094.5,1094.5,28540.0,0.0,0.0,0.0,0.0,0.0,0.0,0.3017528018996278,NESTLE,995.0,996.4245574159722,1004.5,995.5358036754493,983.79,980.032408372349,904.548,980.7470886346263,0.011394708220250294,0.09999690453132393,21.10594586587922,24.23723909118981,-3.131293225310589,983.79,1056.1078335725924,911.4721664274075,0.14701884258346287,0.5775050872392871,59.09090909090909,69.55714285714286,0.06990667623833453,220566.5,0.12939408296364135,0.0,0.31270643357503847,0.301752801899627,0.5502826130663647,0.3023370200362589,0.21865936885364684,0.09298753449092854,1,-1,0.0,0.0,0.0,0.0,0.0,0.0,0.0,0.0,0.0,0.0,0.301752801899627,0.3944211849890386,0.3944211849890386,0.3951985403248011,0.5563856048711352,59.09090909090909,72.69417475728154,72.69417475728154,72.69417475728154,58.064516129032256,22.61407117255021,24.210055528736802,25.894965662942468,29.530559891324742,26.45675985721141,69.2357142857143,66.04285714285716,63.20714285714286,56.464285714285715,54.52142857142856,0.1617218210138985,0.17358626022482915,0.18312284579231608,0.18055271222732905,0.21867845758434487,0.0,0.0,0.0,0.0,3,5,2,2020,0,0,28,0,0,0,1,0,1,0,0.029996475444953534,0,-0.32308320293897547,-0.38091026600449013,0.301752801899627,0.0,0.0,0.0
2020-05-29,995.0,995.0,1094.5,1094.5,171400.0,0.0,0.0,0.0,0.0,0.0,0.0,0.3017528018996278,NESTLE,995.0,995.9497049439815,1004.0,995.4383848253675,987.53,981.4578932892682,906.1419999999999,981.3060263352291,0.007564327159681253,0.09806189316906187,19.68384261004428,23.32655979496071,-3.642717184916428,987.53,1053.45516011997,921.6048398800298,0.13351525547572254,0.5566551524972122,47.05882352941176,74.87857142857145,0.07525484565685572,199986.5,0.8570578514049698,0.0,0.31270643357503847,0.301752801899627,0.5502826130663647,0.1567151839489286,0.08251897085353348,0.09262237220680443,1,-1,0.0,0.0,0.0,0.0,0.0,0.0,0.0,0.0,0.0,0.0,0.301752801899627,0.301752801899627,0.3944211849890386,0.3944211849890386,0.49754650579403503,59.09090909090909,59.09090909090909,72.69417475728154,72.69417475728154,58.064516129032256,21.10594586587922,22.61407117255021,24.210055528736802,27.668869642776713,27.402341630059027,69.55714285714286,69.2357142857143,66.04285714285716,60.371428571428574,52.592857142857135,0.14701884258346287,0.1617218210138985,0.17358626022482915,0.18189427284677537,0.19316251909920226,0.0,0.0,0.0,0.0,4,5,2,2020,0,0,29,0,0,0,0,1,1,0,0.029996475444953534,0,-0.32308320293897547,-0.37397101843662833,0.3010135746831054,0.0,0.0,0.0
2020-06-01,995.0,995.0,1094.5,1094.5,170.0,0.0,0.0,0.0,0.0,0.0,0.0,0.3010135746831062,NESTLE,995.0,995.633136629321,999.5,995.3586784934824,991.2700000000001,982.7476177379094,907.7360000000001,981.8430449103182,0.003762849677686104,0.09613367763314432,18.345341852794263,22.33031620652742,-3.9849743537331577,991.2700000000001,1049.1024658411238,933.4375341588762,0.1166835793297967,0.5322483223372054,47.05882352941176,77.20000000000002,0.07758793969849248,196765.0,0.0008639747922648845,0.0,0.22204917769559712,0.3010135746831054,0.5502826130663647,0.0,0.0,0.09861423011560175,1,-1,0.0,0.0,0.0,0.0,0.0392207131532813,0.0,0.0,0.0,0.0,0.0015382643402519,0.301752801899627,0.301752801899627,0.301752801899627,0.3944211849890386,0.5072015993152622,47.05882352941176,59.09090909090909,59.09090909090909,72.69417475728154,100.0,19.68384261004428,21.10594586587922,22.61407117255021,25.894965662942468,31.021787843770767,74.87857142857145,69.55714285714286,69.2357142857143,63.20714285714286,50.80714285714284,0.13351525547572254,0.14701884258346287,0.1617218210138985,0.18312284579231608,0.16986745598508776,0.0,0.0,0.0,0.0,0,6,2,2020,1,0,1,1,0,0,0,0,1,0,0.029996475444953534,0,-0.32308320293897547,-0.37397101843662833,0.3010135746831054,0.0,0.0,0.0
2020-06-02,995.0,995.0,1094.5,1094.5,3690.0,0.0,0.0,0.0,0.0,0.0,0.0,0.3010135746831062,NESTLE,995.0,995.4220910862141,995.0,995.2934642219401,995.01,983.91451128668,909.33,982.359003933443,-1.0050150249737093e-05,0.09421222218556514,17.08759519850662,21.281772004923262,-4.1941768064166425,995.01,1042.18277984067,947.83722015933,0.09481870501938683,0.49989400667043826,47.05882352941176,80.7357142857143,0.08114142139267769,187894.0,0.01963873247682204,0.0,0.22204917769559712,0.3010135746831054,0.5502826130663647,0.0,0.0,0.10304784399586604,1,-1,0.0,0.0,0.0,0.0,0.0,0.0,0.0,0.0,0.0,0.0,0.3010135746831054,0.301752801899627,0.301752801899627,0.3944211849890386,0.5072015993152622,47.05882352941176,47.05882352941176,59.09090909090909,72.69417475728154,100.0,18.345341852794263,19.68384261004428,21.10594586587922,24.210055528736802,33.50401165401479,77.20000000000002,74.87857142857145,69.55714285714286,66.04285714285716,50.16428571428571,0.1166835793297967,0.13351525547572254,0.14701884258346287,0.17358626022482915,0.17742204283528876,0.0,0.0,0.0,0.0,1,6,2,2020,0,0,2,0,1,0,0,0,1,0,0.029996475444953534,0,-0.32308320293897547,-0.37397101843662833,0.3010135746831054,0.0,0.0,0.0
2020-06-03,995.0,995.0,1094.5,1094.5,17290.0,0.0,0.0,0.0,0.0,0.0,0.0,0.3010135746831062,NESTLE,995.0,995.2813940574761,995.0,995.2401070906782,998.75,984.9702721165199,911.63,982.8547292693864,-0.0037546933667083854,0.09145157574893323,15.907450723511943,20.206907748641,-4.299457025129058,998.75,1030.1849788410686,967.3150211589315,0.06294864348649529,0.44035306944280767,47.05882352941176,84.27142857142859,0.08469490308686291,187215.0,0.09235371097401383,0.0,0.0,0.3010135746831054,0.5502826130663647,0.0,0.0,0.10611870309199171,1,-1,0.0,0.0,0.0,0.0,-0.0442332549768255,0.0,0.0,0.0,0.0,0.0019565808458448,0.3010135746831054,0.3010135746831054,0.301752801899627,0.301752801899627,0.4399352762142014,47.05882352941176,47.05882352941176,47.05882352941176,59.09090909090909,74.28571428571428,17.08759519850662,18.345341852794263,19.68384261004428,22.61407117255021,31.477218210143178,80.7357142857143,77.20000000000002,74.87857142857145,69.2357142857143,51.857142857142854,0.09481870501938683,0.1166835793297967,0.13351525547572254,0.1617218210138985,0.1790949785519872,0.0,0.0,0.0,0.0,2,6,2,2020,0,0,3,0,0,1,0,0,1,0,0.029996475444953534,0,-0.32308320293897547,-0.37397101843662833,0.3010135746831054,0.0,0.0,0.0
2020-06-04,995.0,995.0,1094.5,1094.5,32450.000000000004,0.0,0.0,0.0,0.0,0.0,0.0,0.3010135746831062,NESTLE,995.0,995.1875960383175,995.0,995.1964512560094,999.75,985.925484295899,914.53,983.3310143960772,-0.004751187796949237,0.08799055252424746,14.801554616624344,19.12583712223767,-4.324282505613326,999.75,1029.2145192517785,970.2854807482215,0.05894377444716876,0.4193945782822625,47.05882352941176,87.09285714285716,0.08753050969131372,160825.0,0.20177211254469146,0.0,0.0,0.3010135746831054,0.5086304327749073,0.0,0.0,0.10794317654434063,1,-1,0.0,0.0,0.0,0.0,0.0,0.0,0.0,0.0,0.0,0.0,0.3010135746831054,0.3010135746831054,0.3010135746831054,0.301752801899627,0.3951985403248011,47.05882352941176,47.05882352941176,47.05882352941176,59.09090909090909,72.69417475728154,15.907450723511943,17.08759519850662,18.345341852794263,21.10594586587922,29.530559891324742,84.27142857142859,80.7357142857143,77.20000000000002,69.55714285714286,56.464285714285715,0.06294864348649529,0.09481870501938683,0.1166835793297967,0.14701884258346287,0.18055271222732905,0.0,0.0,0.0,0.0,3,6,2,2020,0,0,4,0,0,0,1,0,1,0,0.029996475444953534,0,-0.32308320293897547,-0.33668957071909655,0.22773703848679194,0.0,0.0,0.0
2020-06-05,995.0,995.0,1094.5,1094.5,6420.0,0.0,0.0,0.0,0.0,0.0,0.0,0.2277370384867929,NESTLE,995.0,995.125064025545,995.0,995.1607328458258,1000.75,986.7897238867658,917.43,983.7886216746624,-0.005745690731951037,0.08455140991683295,13.766433112747904,18.053956320339715,-4.287523207591811,1000.75,1027.9481036490936,973.5518963509063,0.05435544071764904,0.39429410090156125,0.0,91.34285714285716,0.09180186647523332,157445.5,0.040776014557418284,0.0,0.0,0.22773703848679194,0.4935780150800497,0.0,0.0,0.11208571634809658,1,-1,0.0,0.0,0.0,0.0,0.0,0.0,0.0,0.0,0.0,0.0,0.3010135746831054,0.3010135746831054,0.3010135746831054,0.301752801899627,0.3944211849890386,47.05882352941176,47.05882352941176,47.05882352941176,47.05882352941176,72.69417475728154,14.801554616624344,15.907450723511943,17.08759519850662,19.68384261004428,27.668869642776713,87.09285714285716,84.27142857142859,80.7357142857143,74.87857142857145,60.371428571428574,0.05894377444716876,0.06294864348649529,0.09481870501938683,0.13351525547572254,0.18189427284677537,0.0,0.0,0.0,0.0,4,6,2,2020,0,0,5,0,0,0,0,1,1,0,0.029996475444953534,0,-0.32308320293897547,-0.33668957071909655,0.22773703848679194,0.0,0.0,0.0
2020-06-08,995.0,995.0,1094.5,1094.5,52820.0,0.0,0.0,0.0,0.0,0.0,0.0,0.2277370384867929,NESTLE,995.0,995.0833760170301,995.0,995.1315086920392,1000.5,987.571654945169,920.33,984.2282835697737,-0.005497251374312844,0.08113394108634941,12.798558052870476,17.002876666845868,-4.204318613975392,1000.5,1027.818780892918,973.1812191070819,0.05461025665750741,0.3993366500950674,0.0,96.24285714285715,0.0967264895908112,92586.5,0.5704935384748316,0.0,0.0,0.22773703848679194,0.4935780150800497,0.0,0.0,0.1138475268068734,1,-1,0.0,0.0,0.0,0.0,0.0,0.0,0.0,0.0,0.0,0.0,0.22773703848679194,0.3010135746831054,0.3010135746831054,0.3010135746831054,0.3944211849890386,0.0,47.05882352941176,47.05882352941176,47.05882352941176,72.69417475728154,13.766433112747904,14.801554616624344,15.907450723511943,18.345341852794263,25.894965662942468,91.34285714285716,87.09285714285716,84.27142857142859,77.20000000000002,63.20714285714286,0.05435544071764904,0.05894377444716876,0.06294864348649529,0.1166835793297967,0.18312284579231608,0.0,0.0,0.0,0.0,0,6,2,2020,0,0,8,1,0,0,0,0,1,0,0.029996475444953534,0,-0.32308320293897547,-0.32308320293897547,0.20980937538513417,0.0,0.0,0.0
2020-07-13,1175.0,1175.0,1160.0,1104.0,37460.0,0.0,0.0,0.0,0.0,0.0,0.0,0.5054731989369119,NESTLE,1175.0,1181.189299213557,1207.72,1185.7972922415893,1176.425,1162.093319091516,1064.5819999999999,1094.5669721285158,-0.0012112969377562994,0.10371958195798928,39.12087635031344,50.57694461844804,-11.4560682681346,1176.425,1310.938030086899,1041.9119699131008,0.2286810125369643,0.49470311538191,48.7468671679198,72.42142857142858,0.06163525835866262,113091.5,0.3312362113863553,0.0,0.33784663371117274,0.5054731989369111,0.4514823557675358,0.4474669317042173,0.5065229091771717,0.08524233695934975,1,-1,0.0,0.0,0.0,-0.0673006603631519,0.0462472511653196,0.0,0.0,0.0,0.0045293788853163,0.0021388082403481,0.5054731989369111,0.5054731989369111,0.5054731989369111,0.5054731989369111,0.4269501063508922,48.7468671679198,66.48914379352725,66.48914379352725,76.19324796274739,100.0,43.0797178918167,47.5060251990908,52.464606159297546,64.29038209972259,61.87760092021881,74.85000000000001,75.88571428571429,77.03571428571429,81.0,83.89285714285715,0.269146680073036,0.3019500669572309,0.3292761278348422,0.3716873294730651,0.34622523171991076,0.0,0.0,0.0,0.0673006603631519,0,7,3,2020,0,0,13,1,0,0,0,0,1,0,0.029996475444953534,0,-0.20062589291788563,-0.32308320293897547,0.5054731989369111,0.0,0.0,0.0
2020-07-14,1175.0,1175.0,1149.9,1101.3,57770.0,0.0,0.0,0.0,0.0,0.0,0.0,0.5054731989369119,NESTLE,1175.0,1179.1261994757047,1199.54,1183.834148197664,1185.425,1163.3225267970859,1069.678,1097.7212085156327,-0.008794314275470784,0.09846140614278304,35.57339791921754,47.57623527860194,-12.0028373593844,1185.425,1289.4617723451718,1081.3882276548281,0.17552653663483023,0.449897522938274,48.7468671679198,71.76428571428572,0.061075987841945296,114621.5,0.5040066654161741,0.0,0.33784663371117274,0.5054731989369111,0.45149029679484637,0.39375513106077936,0.455394764119298,0.07335412035692644,1,-1,0.0,0.0,0.0,0.0,0.0,0.0,0.0,0.0,0.0,0.0,0.5054731989369111,0.5054731989369111,0.5054731989369111,0.5054731989369111,0.4269501063508922,48.7468671679198,48.7468671679198,66.48914379352725,66.48914379352725,100.0,39.12087635031344,43.0797178918167,47.5060251990908,58.03043704073502,66.57060324937697,72.42142857142858,74.85000000000001,75.88571428571429,79.25,80.84285714285716,0.2286810125369643,0.269146680073036,0.3019500669572309,0.35229124121858635,0.3681256247965117,0.0,0.0,0.0,0.0,1,7,3,2020,0,0,14,0,1,0,0,0,1,0,0.029996475444953534,0,-0.20062589291788563,-0.32308320293897547,0.5054731989369111,0.0,0.0,0.0
2020-07-15,1175.0,1175.0,1130.0,1105.0,211970.0,0.0,0.0,0.0,0.0,0.0,0.0,0.5054731989369119,NESTLE,1175.0,1177.7507996504698,1191.3600000000001,1182.2279394344523,1189.45,1164.4346671021253,1074.7740000000001,1100.751749358157,-0.012148471982849254,0.09325309320843254,32.38863962796904,44.538716148475366,-12.150076520506325,1189.45,1284.5174552758865,1094.3825447241136,0.1598511165259346,0.4240013316961833,48.7468671679198,74.52142857142857,0.06342249240121581,114414.0,1.8526578915167724,0.0,0.33784663371117274,0.5054731989369111,0.4251475387509832,0.35930277182212544,0.40705069711650954,0.055489873382606386,1,-1,0.0,0.0,0.0,0.0,0.0,0.0,0.0,0.0,0.0,0.0,0.5054731989369111,0.5054731989369111,0.5054731989369111,0.5054731989369111,0.4269501063508922,48.7468671679198,48.7468671679198,48.7468671679198,66.48914379352725,100.0,35.57339791921754,39.12087635031344,43.0797178918167,52.464606159297546,69.48881757279855,71.76428571428572,72.42142857142858,74.85000000000001,77.03571428571429,81.36428571428573,0.17552653663483023,0.2286810125369643,0.269146680073036,0.3292761278348422,0.38155121738458175,0.0,0.0,0.0,0.0,2,7,3,2020,0,0,15,0,0,1,0,0,1,0,0.029996475444953534,0,-0.20062589291788563,-0.255391523232873,0.39320712708471167,0.0,0.0,0.0
2020-07-16,1175.0,1175.0,1114.9,1114.9,20950.0,0.0,0.0,0.0,0.0,0.0,0.0,0.3932071270847125,NESTLE,1175.0,1176.8338664336466,1183.1799999999998,1180.9137686281883,1193.475,1165.4408892828753,1079.87,1103.6634454617586,-0.015480005865225422,0.08809393723318558,29.52435732425056,41.535844383630405,-12.011487059379846,1193.475,1277.8288131294298,1109.12118687057,0.14135832443818247,0.3904910204139057,40.98124098124098,77.3142857142857,0.06579939209726443,112183.0,0.1867484378203471,0.0,0.33784663371117274,0.39320712708471167,0.4251475387509832,0.3412703878298567,0.34786782370301356,0.05424791898403903,1,-1,0.0,0.0,0.0,0.0,0.0,0.0,0.0,0.0,0.0,0.0,0.5054731989369111,0.5054731989369111,0.5054731989369111,0.5054731989369111,0.4269501063508922,48.7468671679198,48.7468671679198,48.7468671679198,66.48914379352725,100.0,32.38863962796904,35.57339791921754,39.12087635031344,47.5060251990908,70.98327246923668,74.52142857142857,71.76428571428572,72.42142857142858,75.88571428571429,83.13571428571429,0.1598511165259346,0.17552653663483023,0.2286810125369643,0.3019500669572309,0.3878738414929148,0.0,0.0,0.0,0.0,3,7,3,2020,0,0,16,0,0,0,1,0,1,0,0.029996475444953534,0,-0.20062589291788563,-0.255391523232873,0.39320712708471167,0.0,0.0,0.0
2020-07-17,1175.0,1175.0,1118.7,1092.0,4650.0,0.0,0.0,0.0,0.0,0.0,0.0,0.3932071270847125,NESTLE,1175.0,1176.2225776224311,1175.0,1179.8385379685178,1197.5,1166.3512807797445,1083.87,1106.4609574044346,-0.018789144050104383,0.08407834887947828,26.943801589721943,38.61743582484871,-11.67363423512677,1197.5,1268.611772657749,1126.388227342251,0.11876705245553076,0.34179834674991627,0.0,79.18571428571428,0.06739209726443769,109399.5,0.042504764647004784,0.0,0.33784663371117274,0.39320712708471167,0.4251475387509832,0.3132240773670154,0.31248628971484405,0.052954432927087174,1,-1,0.0,0.0,0.0,0.0,0.0,0.0,0.0,0.0,0.0,0.0,0.39320712708471167,0.5054731989369111,0.5054731989369111,0.5054731989369111,0.4269501063508922,40.98124098124098,48.7468671679198,48.7468671679198,48.7468671679198,100.0,29.52435732425056,32.38863962796904,35.57339791921754,43.0797178918167,71.34521550810723,77.3142857142857,74.52142857142857,71.76428571428572,74.85000000000001,82.26428571428572,0.14135832443818247,0.1598511165259346,0.17552653663483023,0.269146680073036,0.3878973625208442,0.0,0.0,0.0,0.0,4,7,3,2020,0,0,17,0,0,0,0,1,1,0,0.029996475444953534,0,-0.20062589291788563,-0.255391523232873,0.39320712708471167,0.0,0.0,0.0
2020-07-20,1175.0,1175.0,1117.9,1061.1,17240.0,0.0,0.0,0.0,0.0,0.0,0.0,0.3932071270847125,NESTLE,1175.0,1175.8150517482875,1175.0,1178.9588037924236,1197.3,1167.1749683245307,1087.87,1109.1487629964174,-0.01862524012361142,0.08009229043911507,24.614946793840772,35.81693801864713,-11.201991224806356,1197.3,1268.6529404107794,1125.9470595892205,0.11918974427591984,0.3437345407798285,0.0,83.26428571428572,0.07086322188449848,102557.0,0.16810164103864192,0.0,0.0,0.39320712708471167,0.3840966721638684,0.32098897276131777,0.31847091086145873,0.04766167686731595,1,-1,0.0,0.0,0.0,0.0,-0.0673006603631519,0.0,0.0,0.0,0.0,0.0045293788853163,0.39320712708471167,0.39320712708471167,0.5054731989369111,0.5054731989369111,0.5054731989369111,0.0,40.98124098124098,48.7468671679198,48.7468671679198,76.19324796274739,26.943801589721943,29.52435732425056,32.38863962796904,39.12087635031344,64.29038209972259,79.18571428571428,77.3142857142857,74.52142857142857,72.42142857142858,81.0,0.11876705245553076,0.14135832443818247,0.1598511165259346,0.2286810125369643,0.3716873294730651,0.0,0.0,0.0,0.0,0,7,3,2020,0,0,20,1,0,0,0,0,1,0,0.029996475444953534,0,-0.20062589291788563,-0.20062589291788563,0.2965461294817265,0.0,0.0,0.0
2020-07-21,1175.0,1175.0,1116.0,1063.0,7530.0,0.0,0.0,0.0,0.0,0.0,0.0,0.2965461294817272,NESTLE,1175.0,1175.5433678321917,1175.0,1178.2390212847101,1197.1,1167.9202094364803,1091.37,1111.7311644475383,-0.01846128143012272,0.07662845780990875,22.50983324386175,33.155517063690056,-10.645683819828307,1197.1,1268.6909432672583,1125.5090567327416,0.1196072897289422,0.3456508673345892,0.0,83.63571428571429,0.07117933130699088,99955.0,0.0753339002551148,0.0,0.0,0.2965461294817265,0.3685945911798581,0.3349168681699283,0.3307557060897481,0.05750539223931698,1,-1,0.0,0.0,0.0,0.0,0.0,0.0,0.0,0.0,0.0,0.0,0.39320712708471167,0.39320712708471167,0.39320712708471167,0.5054731989369111,0.5054731989369111,0.0,0.0,40.98124098124098,48.7468671679198,66.48914379352725,24.614946793840772,26.943801589721943,29.52435732425056,35.57339791921754,58.03043704073502,83.26428571428572,79.18571428571428,77.3142857142857,71.76428571428572,79.25,0.11918974427591984,0.11876705245553076,0.14135832443818247,0.17552653663483023,0.35229124121858635,0.0,0.0,0.0,0.0,1,7,3,2020,0,0,21,0,1,0,0,0,1,0,0.029996475444953534,0,-0.20062589291788563,-0.20062589291788563,0.2965461294817265,0.0,0.0,0.0
2020-07-22,1175.0,1175.0,1100.0,1061.3,4300.0,0.0,0.0,0.0,0.0,0.0,0.0,0.2965461294817272,NESTLE,1175.0,1175.3622452214613,1175.0,1177.6501083238538,1196.9,1168.5944752044345,1094.87,1114.2122952535171,-0.01829726794218405,0.07318677103217744,20.604005439817,30.645214738915445,-10.041209299098444,1196.9,1268.7258126889083,1125.074187311092,0.12001973880676442,0.34754784401219846,0.0,82.87857142857145,0.07053495440729485,97488.5,0.04410776655708109,0.0,0.0,0.2965461294817265,0.3684953298396865,0.3555120237135487,0.36093586278128353,0.06544021380754526,1,-1,0.0,0.0,0.0,0.0,0.0,0.0,0.0,0.0,0.0,0.0,0.2965461294817265,0.39320712708471167,0.39320712708471167,0.5054731989369111,0.5054731989369111,0.0,0.0,0.0,48.7468671679198,66.48914379352725,22.50983324386175,24.614946793840772,26.943801589721943,32.38863962796904,52.464606159297546,83.63571428571429,83.26428571428572,79.18571428571428,74.52142857142857,77.03571428571429,0.1196072897289422,0.11918974427591984,0.11876705245553076,0.1598511165259346,0.3292761278348422,0.0,0.0,0.0,0.0,2,7,3,2020,0,0,22,0,0,1,0,0,1,0,0.029996475444953534,0,-0.20062589291788563,-0.20062589291788563,0.2965461294817265,0.0,0.0,0.0
2020-07-23,1175.0,1175.0,1099.0,5.0,47500.0,0.0,0.0,0.0,0.0,0.0,0.0,0.2965461294817272,NESTLE,1175.0,1175.2414968143075,1175.0,1177.1682704467894,1196.7,1169.2045251849645,1098.37,1116.5961268122028,-0.018133199632322256,0.06976701839999282,18.8760320270776,28.29137819654788,-9.41534616947028,1196.7,1268.7575793157332,1124.6424206842669,0.12042714016166652,0.34942597152120797,0.0,160.21428571428572,0.13635258358662614,96432.5,0.49257252482306274,0.0,0.0,0.2965461294817265,0.3684953298396865,22.994933914391055,12.4675578406959,0.07209916630269078,1,-1,0.0,0.0,0.0,0.0,0.0,0.0,0.0,0.0,0.0,0.0,0.2965461294817265,0.2965461294817265,0.39320712708471167,0.39320712708471167,0.5054731989369111,0.0,0.0,0.0,40.98124098124098,66.48914379352725,20.604005439817,22.50983324386175,24.614946793840772,29.52435732425056,47.5060251990908,82.87857142857145,83.63571428571429,83.26428571428572,77.3142857142857,75.88571428571429,0.12001973880676442,0.1196072897289422,0.11918974427591984,0.14135832443818247,0.3019500669572309,0.0,0.0,0.0,0.0,3,7,3,2020,0,0,23,0,0,0,1,0,1,0,0.029996475444953534,0,-0.20062589291788563,-0.20062589291788563,0.2965461294817265,0.0,0.0,0.0
2020-11-30,1400.0,1400.0,1400.0,1378.0,222720.0,0.0,0.0,0.0,0.0,0.0,0.0,0.184038685869554,NESTLE,1400.0,1400.6319820052024,1400.0,1401.383646713616,1412.925,1383.5544834281839,1282.388,1313.5666922240507,-0.009147690075552457,0.09171327242613007,31.865457691918664,42.35495970599044,-10.489502014071775,1412.925,1449.955108659968,1375.894891340032,0.05241624100354646,0.3254798531826514,50.0,35.185714285714276,0.02513265306122448,144141.5,1.5451483438149318,0.0,0.17615702738647737,0.1840386858695535,0.28776446626462265,0.25169580937503994,0.24822627759186014,0.06788024589302928,1,-1,0.0,0.0,0.0,0.0,0.0,0.0,0.0,0.0,0.0,0.0,0.38020611876379623,0.49439600909969017,0.49439600909969017,0.49439600909969017,0.4698884473627296,41.0846343467543,41.0846343467543,41.0846343467543,41.0846343467543,93.18467336683416,34.38258725955234,37.095249547556705,40.018025783554094,46.55715539524385,67.79989256682211,35.16428571428571,41.52857142857143,48.535714285714285,61.285714285714285,105.49285714285715,0.05191726518918532,0.05122203281546014,0.09311808755629547,0.22947505159738918,0.3657598249148293,0.0,0.0,0.0,0.0,0,11,4,2020,0,1,30,1,0,0,0,0,1,0,0.029996475444953534,0,-0.04755425539152329,-0.04755425539152329,0.1840386858695535,0.0,0.0,0.0
2020-12-01,1400.0,1400.0,1400.0,1335.2,237620.0,0.0,0.0,0.0,0.0,0.0,0.0,0.184038685869554,NESTLE,1400.0,1400.4213213368016,1400.0,1401.1320745838675,1411.8400000000001,1385.1207231016901,1286.888,1316.9562337054606,-0.008386219401632014,0.08789576093646073,29.530208512810532,39.79000946735446,-10.259800954543927,1411.8400000000001,1449.0586936618597,1374.6213063381406,0.05272367075852725,0.3409401454606483,50.0,37.02857142857142,0.026448979591836726,150554.5,1.5782988884423912,0.0,0.0,0.1840386858695535,0.28776446626462265,0.24424116093430967,0.2435134370473522,0.09022261368490894,1,-1,0.0,0.0,0.0,0.0,-0.03509131981127,0.0,0.0,0.0,0.0,0.0012314007260968,0.1840386858695535,0.38020611876379623,0.49439600909969017,0.49439600909969017,0.49439600909969017,50.0,41.0846343467543,41.0846343467543,41.0846343467543,80.53745928338762,31.865457691918664,34.38258725955234,37.095249547556705,43.166470713375475,62.91137867669272,35.185714285714276,35.16428571428571,41.52857142857143,56.30714285714286,100.67142857142858,0.05241624100354646,0.05191726518918532,0.05122203281546014,0.17720873051500663,0.34816688829119463,0.0,0.0,0.0,0.0,1,12,4,2020,1,0,1,0,1,0,0,0,1,0,0.029996475444953534,0,-0.04755425539152329,-0.04755425539152329,0.1840386858695535,0.0,0.0,0.0
2020-12-02,1400.0,1400.0,1420.0,1390.0,16059.999999999998,0.0,0.0,0.0,0.0,0.0,0.0,0.184038685869554,NESTLE,1400.0,1400.2808808912012,1400.0,1400.926242841346,1410.755,1386.5377970920053,1291.388,1320.2128519915211,-0.007623577446119354,0.08410485462153906,27.364070739859244,37.30482172185542,-9.940750981996175,1410.755,1448.0285817267063,1373.481418273294,0.052842033842454846,0.355728917080509,0.0,35.59999999999999,0.02542857142857142,149555.0,0.10738524288723211,0.0,0.0,0.1840386858695535,0.28776446626462265,0.24374704684822757,0.242821142927029,0.10640889049446296,1,-1,0.0,0.0,0.0,0.0,0.0,0.0,0.0,0.0,0.0,0.0,0.1840386858695535,0.1840386858695535,0.38020611876379623,0.49439600909969017,0.49439600909969017,50.0,50.0,41.0846343467543,41.0846343467543,71.42287764049422,29.530208512810532,31.865457691918664,34.38258725955234,40.018025783554094,58.36440763825294,37.02857142857142,35.185714285714276,35.16428571428571,48.535714285714285,92.27857142857144,0.05272367075852725,0.05241624100354646,0.05191726518918532,0.09311808755629547,0.32669601603773346,0.0,0.0,0.0,0.0,2,12,4,2020,0,0,2,0,0,1,0,0,1,0,0.029996475444953534,0,-0.04755425539152329,-0.04755425539152329,0.1840386858695535,0.0,0.0,0.0
2020-12-03,1400.0,1400.0,1410.0,1400.0,262700.0,0.0,0.0,0.0,0.0,0.0,0.0,0.184038685869554,NESTLE,1400.0,1400.1872539274675,1400.0,1400.7578350520103,1409.67,1387.8199116546714,1295.888,1323.3417597565597,-0.006859761504465636,0.08034027632017589,25.35511298908682,34.9148799753017,-9.559766986214882,1409.67,1446.8653647366893,1372.4746352633108,0.05277173343646282,0.37001068455094827,0.0,32.171428571428564,0.02297959183673469,155914.0,1.6849032158754185,0.0,0.0,0.1840386858695535,0.28776446626462265,0.23580578012945388,0.22258944581329762,0.1189786688901712,1,-1,0.0,0.0,0.0,0.0,0.0,0.0,0.0,0.0,0.0,0.0,0.1840386858695535,0.1840386858695535,0.1840386858695535,0.49439600909969017,0.49439600909969017,0.0,50.0,50.0,41.0846343467543,41.0846343467543,27.364070739859244,29.530208512810532,31.865457691918664,37.095249547556705,54.136844486902646,35.59999999999999,37.02857142857142,35.185714285714276,41.52857142857143,84.47857142857143,0.052842033842454846,0.05272367075852725,0.05241624100354646,0.05122203281546014,0.30068379101223014,0.0,0.0,0.0,0.0,3,12,4,2020,0,0,3,0,0,0,1,0,1,0,0.029996475444953534,0,-0.04755425539152329,-0.04755425539152329,0.1840386858695535,0.0,0.0,0.0
2020-12-04,1400.0,1400.0,1400.0,1400.0,394930.0,0.0,0.0,0.0,0.0,0.0,0.0,0.184038685869554,NESTLE,1400.0,1400.124835951645,1400.0,1400.6200468607356,1408.585,1388.9799200685122,1300.388,1326.3479652563026,-0.006094768863788864,0.07660175270765347,23.492196084760053,32.63034319719337,-9.138147112433316,1408.585,1445.5681981765913,1371.6018018234088,0.05251113447408748,0.3839337804290549,0.0,26.00714285714285,0.01857653061224489,173796.0,2.272376809592856,0.0,0.0,0.1840386858695535,0.28776446626462265,0.23365759510699274,0.2058677843492598,0.12899354652066694,1,-1,0.0,0.0,0.0,0.0,0.0,0.0,0.0,0.0,0.0,0.0,0.1840386858695535,0.1840386858695535,0.1840386858695535,0.38020611876379623,0.49439600909969017,0.0,0.0,50.0,41.0846343467543,41.0846343467543,25.35511298908682,27.364070739859244,29.530208512810532,34.38258725955234,50.207707037988484,32.171428571428564,35.59999999999999,37.02857142857142,35.16428571428571,76.26428571428572,0.05277173343646282,0.052842033842454846,0.05272367075852725,0.05191726518918532,0.26899209759891285,0.0,0.0,0.0,0.0,4,12,4,2020,0,0,4,0,0,0,0,1,1,0,0.029996475444953534,0,-0.04755425539152329,-0.04755425539152329,0.1840386858695535,0.0,0.0,0.0
2021-01-04,1505.0,1505.0,1654.8,1410.2,6400.0,0.0,0.0,0.0,0.0,0.0,0.0,0.2505261205858136,NESTLE,1505.0,1503.786177374826,1505.0,1493.4679252356927,1457.75,1468.2617359747867,1404.4879999999998,1401.5332921082618,0.03241296518607443,0.07156486919076574,34.228075321288316,33.387480458671455,0.8405948626168609,1457.75,1564.9377349621514,1350.5622650378486,0.14705914589216443,0.7204076801169661,100.0,95.67142857142854,0.0635690555291884,82477.5,0.07759692037222272,0.0,0.0,0.2505261205858134,0.31952237592328486,0.8243723854153134,0.8437547283161475,0.04856841854411726,1,-1,0.0,0.0,0.0,0.0,0.072320661579626,0.0,0.0,0.0,0.0,0.0052302780913148,0.2505261205858134,0.2505261205858134,0.2505261205858134,0.2505261205858134,0.2505261205858134,100.0,100.0,100.0,100.0,100.0,35.26351645523255,36.072191990481315,36.579669608337326,36.3091991809772,21.113026452040913,79.27142857142853,73.55714285714282,69.23571428571425,58.207142857142834,37.185714285714276,0.14833421957858023,0.14812608044519102,0.1463955407621499,0.13794494258630088,0.06683142149439883,0.0,0.0,0.0,0.0,0,1,1,2021,0,0,4,1,0,0,0,0,1,0,0.029996475444953534,0,0.0,-0.04755425539152329,0.2505261205858134,0.0,0.0,0.0
2021-01-05,1505.0,1505.0,1497.0,1400.3,116430.0,0.0,0.0,0.0,0.0,0.0,0.0,0.2505261205858136,NESTLE,1505.0,1504.1907849165507,1505.0,1495.5646661019305,1463.0,1471.7606182629022,1411.088,1405.5908100648005,0.028708133971291867,0.06655290102389082,33.02676873120345,33.31533811317785,-0.28856938197440485,1463.0,1568.55118488951,1357.44881511049,0.14429416936365014,0.69895560643855,100.0,96.73571428571425,0.06427622211675366,75164.0,1.549012825288702,0.0,0.0,0.2505261205858134,0.31952237592328486,0.8318574432472016,0.855694040360528,0.049011991504908016,1,-1,0.0,0.0,0.0,0.0,0.0,0.0,0.0,0.0,0.0,0.0,0.2505261205858134,0.2505261205858134,0.2505261205858134,0.2505261205858134,0.2505261205858134,100.0,100.0,100.0,100.0,100.0,34.228075321288316,35.26351645523255,36.072191990481315,36.6953276644615,26.639929620337398,95.67142857142854,79.27142857142853,73.55714285714282,64.96428571428568,42.5642857142857,0.14705914589216443,0.14833421957858023,0.14812608044519102,0.14305300412071334,0.09165067165029328,0.0,0.0,0.0,0.0,1,1,1,2021,0,0,5,0,1,0,0,0,1,0,0.029996475444953534,0,0.0,-0.04755425539152329,0.2505261205858134,0.0,0.0,0.0
2021-01-06,1505.0,1505.0,1449.8,1400.0,58160.0,0.0,0.0,0.0,0.0,0.0,0.0,0.2505261205858136,NESTLE,1505.0,1504.4605232777005,1505.0,1497.280181356125,1468.25,1474.9262736664352,1417.6879999999999,1409.4892096701026,0.025029797377830752,0.06158759896394703,31.709200676507862,32.99411062584385,-1.2849099493359901,1468.25,1571.0157018352174,1365.4842981647826,0.13998392894291495,0.678804792570423,100.0,99.06428571428567,0.06582344565733267,58325.5,0.9971624761039339,0.0,0.0,0.2505261205858134,0.31952237592328486,0.8203877530346949,0.8273380425363551,0.04923828760838115,1,-1,0.0,0.0,0.0,0.0,0.0,0.0,0.0,0.0,0.0,0.0,0.2505261205858134,0.2505261205858134,0.2505261205858134,0.2505261205858134,0.2505261205858134,100.0,100.0,100.0,100.0,100.0,33.02676873120345,34.228075321288316,35.26351645523255,36.579669608337326,30.66653546877069,96.73571428571425,95.67142857142854,79.27142857142853,69.23571428571425,47.60714285714284,0.14429416936365014,0.14705914589216443,0.14833421957858023,0.1463955407621499,0.10868159659803457,0.0,0.0,0.0,0.0,2,1,1,2021,0,0,6,0,0,1,0,0,1,0,0.029996475444953534,0,0.0,-0.04755425539152329,0.2505261205858134,0.0,0.0,0.0
2021-01-07,1505.0,1505.0,1400.0,1375.1,9020.0,0.0,0.0,0.0,0.0,0.0,0.0,0.2505261205858136,NESTLE,1505.0,1504.6403488518004,1505.0,1498.6837847459205,1473.5,1477.7904380791556,1424.2879999999998,1413.2347308595104,0.021377672209026127,0.05666831427351788,30.315559600304596,32.458400420736,-2.1428408204314024,1473.5,1572.2340926561449,1374.7659073438551,0.13401302023229708,0.6595193673866184,100.0,106.55714285714282,0.07080208827717131,55309.0,0.16308376575240918,0.0,0.0,0.2505261205858134,0.31952237592328486,0.7977873109721241,0.7591693061011946,0.04925030198752093,1,-1,0.0,0.0,0.0,0.0,0.0,0.0,0.0,0.0,0.0,0.0,0.2505261205858134,0.2505261205858134,0.2505261205858134,0.2505261205858134,0.2505261205858134,100.0,100.0,100.0,100.0,100.0,31.709200676507862,33.02676873120345,34.228075321288316,36.072191990481315,33.47180745294236,99.06428571428567,96.73571428571425,95.67142857142854,73.55714285714282,48.321428571428555,0.13998392894291495,0.14429416936365014,0.14705914589216443,0.14812608044519102,0.12129793325145165,0.0,0.0,0.0,0.0,3,1,1,2021,0,0,7,0,0,0,1,0,1,0,0.029996475444953534,0,0.0,-0.04755425539152329,0.2505261205858134,0.0,0.0,0.0
2021-02-15,1450.0,1450.0,1439.0,1355.0,3700.0,0.0,0.0,0.0,0.0,0.0,0.0,0.1289662229502776,NESTLE,1450.0,1450.6358497667138,1450.0,1456.021362728592,1474.75,1466.4665932536086,1474.0,1454.2613380579453,-0.016782505509408373,-0.016282225237449117,-9.880469520364159,-5.896671481283129,-3.9837980390810293,1474.75,1530.8959564087497,1418.6040435912503,0.07614301598067431,0.2795923198830487,0.0,55.464285714285715,0.038251231527093595,71054.0,0.052073071185295694,0.0,0.0,0.1289662229502775,0.1785976321904869,0.3525882487791402,0.3743988537178846,0.07518249715970153,0,-1,0.0,0.0,0.0,0.0,-0.037229341768356,0.0,0.0,0.0,0.0,0.001386023888505,0.1289662229502775,0.1289662229502775,0.1289662229502775,0.1289662229502775,0.1289662229502775,0.0,0.0,0.0,0.0,0.0,-9.790728738189046,-9.53377626729366,-9.067138367826601,-7.289813251116357,5.952200882385114,53.67857142857143,54.32142857142857,55.035714285714285,59.11428571428572,82.65714285714287,0.07638417511294583,0.0758600998598206,0.07456333903507663,0.06948989997713781,0.032746543854232056,0.0,0.0,0.0,0.0,0,2,1,2021,0,0,15,1,0,0,0,0,-1,0,0.029996475444953534,0,-0.036544850498338874,-0.036544850498338874,0.1289662229502775,0.0,0.0,0.0
2021-02-16,1450.0,1450.0,1440.0,1356.0,7800.0,0.0,0.0,0.0,0.0,0.0,0.0,0.1289662229502776,NESTLE,1450.0,1450.423899844476,1450.0,1454.9265695052118,1472.0,1464.8983462770746,1475.0,1454.0942267615553,-0.014945652173913044,-0.01694915254237288,-9.838181306736487,-6.684973446373801,-3.153207860362686,1472.0,1527.2887158945093,1416.7112841054907,0.07512053790014854,0.3010443935614645,0.0,58.607142857142854,0.040418719211822655,70891.5,0.11002729523285584,0.0,0.0,0.1289662229502775,0.1785976321904869,0.41177671463169996,0.43407709042232245,0.06539781122561601,0,-1,0.0,0.0,0.0,0.0,0.0,0.0,0.0,0.0,0.0,0.0,0.1289662229502775,0.1289662229502775,0.1289662229502775,0.1289662229502775,0.1289662229502775,0.0,0.0,0.0,0.0,0.0,-9.880469520364159,-9.790728738189046,-9.53377626729366,-8.3396530726111,1.8460528077694107,55.464285714285715,53.67857142857143,54.32142857142857,57.88571428571429,80.50714285714288,0.07614301598067431,0.07638417511294583,0.0758600998598206,0.07246125302676874,0.045158100191822745,0.0,0.0,0.0,0.0,1,2,1,2021,0,0,16,0,1,0,0,0,-1,0,0.029996475444953534,0,-0.036544850498338874,-0.036544850498338874,0.1289662229502775,0.0,0.0,0.0
2021-02-17,1450.0,1450.0,1439.6,1360.0,10150.0,0.0,0.0,0.0,0.0,0.0,0.0,0.1289662229502776,NESTLE,1450.0,1450.2825998963174,1450.0,1454.0308295951731,1469.25,1463.4794561554484,1476.0,1453.9336688493374,-0.01310192274970223,-0.017615176151761516,-9.692933489145162,-7.286565454928074,-2.4063680342170874,1469.25,1523.0796533422608,1415.4203466577392,0.07327500880348589,0.32119520742959046,0.0,61.47142857142857,0.04239408866995074,68568.0,0.1480282347450706,0.0,0.0,0.1289662229502775,0.16374559811912678,0.47188808985388875,0.5220382630076442,0.06417531443621016,0,-1,0.0,0.0,0.0,0.0,0.0,0.0,0.0,0.0,0.0,0.0,0.1289662229502775,0.1289662229502775,0.1289662229502775,0.1289662229502775,0.1289662229502775,0.0,0.0,0.0,0.0,0.0,-9.838181306736487,-9.880469520364159,-9.790728738189046,-9.067138367826601,-1.392052410892802,58.607142857142854,55.464285714285715,53.67857142857143,55.035714285714285,73.3714285714286,0.07512053790014854,0.07614301598067431,0.07638417511294583,0.07456333903507663,0.0538476436794187,0.0,0.0,0.0,0.0,2,2,1,2021,0,0,17,0,0,1,0,0,-1,0,0.029996475444953534,0,-0.036544850498338874,-0.036544850498338874,0.1289662229502775,0.0,0.0,0.0
2021-02-18,1450.0,1450.0,1400.0,1309.1,14670.0,0.0,0.0,0.0,0.0,0.0,0.0,0.1289662229502776,NESTLE,1450.0,1450.1883999308784,1450.0,1453.2979514869598,1466.5,1462.195698426358,1477.0,1453.779407325834,-0.01125127855438118,-0.01828029790115098,-9.468674560956515,-7.722987276133763,-1.7456872848227523,1466.5,1518.2178580579848,1414.7821419420152,0.07053236693894963,0.3404806326133944,0.0,65.62142857142858,0.04525615763546799,67850.0,0.21621223286661753,0.0,0.0,0.1289662229502775,0.16374559811912678,0.5473896252853034,0.6356418430194463,0.06229660414351772,0,-1,0.0,0.0,0.0,0.0,0.0,0.0,0.0,0.0,0.0,0.0,0.1289662229502775,0.1289662229502775,0.1289662229502775,0.1289662229502775,0.1289662229502775,0.0,0.0,0.0,0.0,0.0,-9.692933489145162,-9.838181306736487,-9.880469520364159,-9.53377626729366,-3.913165588922766,61.47142857142857,58.607142857142854,55.464285714285715,54.32142857142857,65.16428571428573,0.07327500880348589,0.07512053790014854,0.07614301598067431,0.0758600998598206,0.06043245982831804,0.0,0.0,0.0,0.0,3,2,1,2021,0,0,18,0,0,0,1,0,-1,0,0.029996475444953534,0,-0.036544850498338874,-0.036544850498338874,0.1289662229502775,0.0,0.0,0.0
2021-03-16,1375.0,1375.0,1375.0,1375.0,448080.0,0.0,0.0,0.0,0.0,0.0,0.1302659619746513,0.2586316794327936,NESTLE,1375.0,1372.8640484032624,1362.5,1376.9217051198289,1401.25,1395.1125322848225,1450.3,1420.771598485598,-0.01873327386262266,-0.05192029235330618,-24.21883382341821,-24.86925053320622,0.6504167097880114,1401.25,1493.6948626565022,1308.8051373434978,0.1319462803304224,0.35802347883009333,20.0,77.91428571428573,0.05666493506493507,216595.5,2.0687410403263224,0.13026596197465118,0.09211194507006473,0.25863167943279325,0.22134720162674668,0.28229958511059755,0.2184256955824555,0.06339496031163398,1,1,0.0,0.0,0.0,0.0,-0.0714589639821449,0.0,0.0,0.0,0.0,0.0051063835334014,0.25863167943279325,0.25863167943279325,0.25863167943279325,0.24754111254661876,0.24754111254661876,20.0,20.0,20.0,0.0,0.0,-25.613142010301544,-27.02023148504668,-28.423167774848025,-31.124781403751967,-14.546076071884272,88.27142857142859,94.67857142857143,104.89285714285714,118.17142857142858,118.39285714285714,0.13385404867804804,0.1348320072819016,0.13491470509721307,0.13244009745961796,0.06189807550173355,0.0,0.0,0.0,0.0,1,3,1,2021,0,0,16,0,1,0,0,0,-1,0,0.029996475444953534,0,-0.08637873754152824,-0.10299003322259136,0.25863167943279325,0.0,0.0,0.0
2021-03-17,1375.0,1375.0,1448.0,1340.0,6560.0,0.0,0.0,0.0,0.0,0.0,0.0,0.2586316794327936,NESTLE,1375.0,1373.5760322688416,1365.0,1376.5723041889507,1397.5,1393.1970530196013,1447.7,1418.976633839104,-0.016100178890876567,-0.05021758651654351,-22.850429018043087,-24.465486230173592,1.6150572121305053,1397.5,1487.6752679362198,1307.3247320637802,0.12905226180496576,0.3752429545542684,20.0,75.27142857142859,0.054742857142857156,216416.0,0.030311991719651044,0.0,0.09211194507006473,0.25863167943279325,0.22134720162674668,0.42754252225076156,0.37279915784978457,0.06308681314229664,1,-1,0.0,0.0,0.0,0.0183491386681966,0.0,0.0,0.0,0.0,0.0003366908898647,0.0,0.25863167943279325,0.25863167943279325,0.25863167943279325,0.25863167943279325,0.24754111254661876,20.0,20.0,20.0,20.0,0.0,-24.21883382341821,-25.613142010301544,-27.02023148504668,-29.80039674437876,-20.328318133370203,77.91428571428573,88.27142857142859,94.67857142857143,109.89285714285714,123.03571428571429,0.1319462803304224,0.13385404867804804,0.1348320072819016,0.134117980764963,0.08549819600710293,0.0,0.0,0.0,0.0183491386681966,2,3,1,2021,0,0,17,0,0,1,0,0,-1,0,0.029996475444953534,0,-0.08637873754152824,-0.10299003322259136,0.25863167943279325,0.0,0.0,0.0
2021-03-18,1375.0,1375.0,1410.0,1352.3,36190.0,0.0,0.0,0.0,0.0,0.0,0.0,0.2586316794327936,NESTLE,1375.0,1374.0506881792278,1367.5,1376.2864307000505,1393.75,1391.4640003510679,1445.1,1417.2520599630607,-0.013452914798206279,-0.04850875371946572,-21.517913241546466,-23.87597163244817,2.3580583909017037,1393.75,1480.9204319739608,1306.5795680260392,0.12508761538864335,0.3924520644477194,20.0,69.0357142857143,0.05020779220779222,217492.0,0.16639692494436578,0.0,0.09211194507006473,0.25863167943279325,0.16501652478981427,0.40607825128972264,0.3492989322815564,0.062136208971089006,1,-1,0.0,0.0,0.0,0.0,0.0,0.0,0.0,0.0,0.0,0.0,0.25863167943279325,0.25863167943279325,0.25863167943279325,0.25863167943279325,0.24754111254661876,20.0,20.0,20.0,20.0,0.0,-22.850429018043087,-24.21883382341821,-25.613142010301544,-28.423167774848025,-24.62690301762973,75.27142857142859,77.91428571428573,88.27142857142859,104.89285714285714,121.90714285714286,0.12905226180496576,0.1319462803304224,0.13385404867804804,0.13491470509721307,0.10211778356307856,0.0,0.0,0.0,0.0,3,3,1,2021,0,0,18,0,0,0,1,0,-1,0,0.029996475444953534,0,-0.08637873754152824,-0.10299003322259136,0.25863167943279325,0.0,0.0,0.0
2021-03-19,1375.0,1375.0,1448.0,1312.0,29970.0,0.0,0.0,0.0,0.0,0.0,0.0,0.2586316794327936,NESTLE,1375.0,1374.3671254528185,1370.0,1376.052534209132,1390.0,1389.8960003176328,1442.5,1415.5951164350977,-0.01079136690647482,-0.04679376083188908,-20.228701015043043,-23.146517508967147,2.9178164939241036,1390.0,1473.3508753466526,1306.6491246533474,0.11992931704554335,0.41001894138714406,20.0,68.39285714285715,0.049740259740259744,217739.0,0.13764185561612757,0.0,0.09211194507006473,0.25863167943279325,0.16501652478981427,0.5845807412066489,0.5707240878391583,0.06051287806291331,1,-1,0.0,0.0,0.0,0.0,0.0,0.0,0.0,0.0,0.0,0.0,0.25863167943279325,0.25863167943279325,0.25863167943279325,0.25863167943279325,0.24754111254661876,20.0,20.0,20.0,20.0,0.0,-21.517913241546466,-22.850429018043087,-24.21883382341821,-27.02023148504668,-27.71409171022492,69.0357142857143,75.27142857142859,77.91428571428573,94.67857142857143,118.67857142857143,0.12508761538864335,0.12905226180496576,0.1319462803304224,0.1348320072819016,0.11479478065288963,0.0,0.0,0.0,0.0,4,3,1,2021,0,0,19,0,0,0,0,1,-1,0,0.029996475444953534,0,-0.08637873754152824,-0.10299003322259136,0.25863167943279325,0.0,0.0,0.0
2021-03-22,1375.0,1375.0,1448.0,1375.0,5680.0,0.0,0.0,0.0,0.0,0.0,0.0,0.2586316794327936,NESTLE,1375.0,1374.5780836352124,1372.5,1375.8611643529262,1386.25,1388.4773336207154,1439.9,1414.0031510847018,-0.008115419296663661,-0.04507257448433925,-18.98810794852261,-22.31483559687824,3.3267276483556287,1386.25,1464.847910779791,1307.652089220209,0.11339644476795807,0.4284332122292709,100.0,66.46428571428574,0.04833766233766235,217325.5,0.02613591134036273,0.0,0.09211194507006473,0.25863167943279325,0.16501652478981427,0.6053374881395718,0.6053777994534261,0.058160517801388034,1,-1,0.0,0.0,0.0,0.0,0.0,0.0,0.0,0.0,0.0,0.0,0.25863167943279325,0.25863167943279325,0.25863167943279325,0.25863167943279325,0.24754111254661876,20.0,20.0,20.0,20.0,0.0,-20.228701015043043,-21.517913241546466,-22.850429018043087,-25.613142010301544,-29.81699918493382,68.39285714285715,69.0357142857143,75.27142857142859,88.27142857142859,114.96428571428571,0.11992931704554335,0.12508761538864335,0.12905226180496576,0.13385404867804804,0.12470502689665584,0.0,0.0,0.0,0.0,0,3,1,2021,0,0,22,1,0,0,0,0,-1,0,0.029996475444953534,0,-0.08637873754152824,-0.10299003322259136,0.25863167943279325,0.0,0.0,0.0
2021-03-23,1375.0,1375.0,1430.0,1375.0,6820.0,0.0,0.0,0.0,0.0,0.0,0.0,0.2586316794327936,NESTLE,1375.0,1374.718722423475,1375.0,1375.7045890160305,1382.5,1387.1937780377903,1437.3,1412.473615748047,-0.0054249547920434,-0.0433451610658874,-17.79974462918608,-21.411817403339807,3.6120727741537273,1382.5,1455.228767927218,1309.771232072782,0.10521340748964642,0.44843856005160515,100.0,60.750000000000014,0.04418181818181819,217281.5,0.031387854005057954,0.0,0.09211194507006473,0.25863167943279325,0.16501652478981427,0.6280095368474712,0.6934280821041362,0.054985641068414554,1,-1,0.0,0.0,0.0,0.0,0.0,0.0,0.0,0.0,0.0,0.0,0.25863167943279325,0.25863167943279325,0.25863167943279325,0.25863167943279325,0.24754111254661876,100.0,20.0,20.0,20.0,0.0,-18.98810794852261,-20.228701015043043,-21.517913241546466,-24.21883382341821,-31.124781403751967,66.46428571428574,68.39285714285715,69.0357142857143,77.91428571428573,118.17142857142858,0.11339644476795807,0.11992931704554335,0.12508761538864335,0.1319462803304224,0.13244009745961796,0.0,0.0,0.0,0.0,1,3,1,2021,0,0,23,0,1,0,0,0,-1,0,0.029996475444953534,0,-0.08637873754152824,-0.10299003322259136,0.25863167943279325,0.0,0.0,0.0
2021-03-24,1375.0,1375.0,1400.0,1375.2,15910.0,0.0,0.0,0.0,0.0,0.0,0.0,0.2586316794327936,NESTLE,1375.0,1374.81248161565,1375.0,1375.5764819222068,1378.75,1386.032465843715,1434.7,1411.0040621893002,-0.0027198549410698096,-0.04161148672196281,-16.6658446538745,-20.462622853446746,3.7967781995722447,1378.75,1444.1938288675312,1313.3061711324688,0.09493211803087033,0.47134947584140746,100.0,59.02142857142859,0.04292467532467534,217191.5,0.07325332713296791,0.0,0.0,0.25863167943279325,0.16501652478981427,0.5394283593683574,0.5595352257231043,0.050834369178675225,1,-1,0.0,0.0,0.0,0.0,0.0183491386681966,0.0,0.0,0.0,0.0,0.0003366908898647,0.25863167943279325,0.25863167943279325,0.25863167943279325,0.25863167943279325,0.25863167943279325,100.0,100.0,20.0,20.0,20.0,-17.79974462918608,-18.98810794852261,-20.228701015043043,-22.850429018043087,-29.80039674437876,60.750000000000014,66.46428571428574,68.39285714285715,75.27142857142859,109.89285714285714,0.10521340748964642,0.11339644476795807,0.11992931704554335,0.12905226180496576,0.134117980764963,0.0,0.0,0.0,0.0,2,3,1,2021,0,0,24,0,0,1,0,0,-1,0,0.029996475444953534,0,-0.08637873754152824,-0.10299003322259136,0.25863167943279325,0.0,0.0,0.0
2021-03-25,1375.0,1375.0,1420.0,1355.2,54880.0,0.0,0.0,0.0,0.0,0.0,0.0,0.2586316794327936,NESTLE,1375.0,1374.8749877437667,1375.0,1375.47166702726,1375.0,1384.9817548109802,1432.1,1409.5921381818766,0.0,-0.03987151735214015,-15.587537326734491,-19.487605748104293,3.9000684213698023,1375.0,1431.195148694907,1318.804851305093,0.08173839810168283,0.5,100.0,60.092857142857156,0.04370389610389611,219121.0,0.2504552279334249,0.0,0.0,0.25863167943279325,0.16501652478981427,0.54672219704579,0.5705917532675588,0.04543988258340418,1,-1,0.0,0.0,0.0,0.0,0.0,0.0,0.0,0.0,0.0,0.0,0.25863167943279325,0.25863167943279325,0.25863167943279325,0.25863167943279325,0.25863167943279325,100.0,100.0,100.0,20.0,20.0,-16.6658446538745,-17.79974462918608,-18.98810794852261,-21.517913241546466,-28.423167774848025,59.02142857142859,60.750000000000014,66.46428571428574,69.0357142857143,104.89285714285714,0.09493211803087033,0.10521340748964642,0.11339644476795807,0.12508761538864335,0.13491470509721307,0.0,0.0,0.0,0.0,3,3,1,2021,0,0,25,0,0,0,1,0,-1,0,0.029996475444953534,0,-0.08637873754152824,-0.10299003322259136,0.25863167943279325,0.0,0.0,0.0
2021-03-26,1375.0,1375.0,1400.0,1375.0,6810.0,0.0,0.0,0.0,0.0,0.0,0.0,0.2586316794327936,NESTLE,1375.0,1374.9166584958446,1375.0,1375.38590938594,1371.25,1384.0311114956487,1429.5,1408.2355837433718,0.0027347310847766638,-0.03812521860790486,-14.565073895764726,-18.50309937763638,3.938025481871655,1371.25,1415.004698995778,1327.495301004222,0.06381724557269348,0.5428525402535834,100.0,58.87857142857144,0.04282077922077923,217829.0,0.0312630549651332,0.0,0.0,0.25863167943279325,0.16501652478981427,0.35773151734800457,0.3896180422375906,0.038280154674500154,1,-1,0.0,0.0,0.0,0.0,0.0,0.0,0.0,0.0,0.0,0.0,0.25863167943279325,0.25863167943279325,0.25863167943279325,0.25863167943279325,0.25863167943279325,100.0,100.0,100.0,20.0,20.0,-15.587537326734491,-16.6658446538745,-17.79974462918608,-20.228701015043043,-27.02023148504668,60.092857142857156,59.02142857142859,60.750000000000014,68.39285714285715,94.67857142857143,0.08173839810168283,0.09493211803087033,0.10521340748964642,0.11992931704554335,0.1348320072819016,0.0,0.0,0.0,0.0,4,3,1,2021,0,0,26,0,0,0,0,1,-1,0,0.029996475444953534,0,-0.08637873754152824,-0.10299003322259136,0.25863167943279325,0.0,0.0,0.0
2021-03-29,1375.0,1375.0,1420.0,1376.5,80450.0,0.0,0.0,0.0,0.0,0.0,0.0,0.2586316794327936,NESTLE,1375.0,1374.9444389972298,1375.0,1375.3157440430418,1367.5,1383.1710056389202,1426.9,1406.9322275181416,0.005484460694698354,-0.03637255589039182,-13.598014810010227,-17.52208246411115,3.9240676541009236,1367.5,1391.0081172990942,1343.9918827009058,0.034381158755530876,0.6595193673865362,100.0,52.45714285714286,0.03815064935064935,221454.0,0.36328086193972564,0.0,0.0,0.25863167943279325,0.16501652478981427,0.31132777367297865,0.34333358284163823,0.028033819360268036,1,-1,0.0,0.0,0.0,0.0,0.0,0.0,0.0,0.0,0.0,0.0,0.25863167943279325,0.25863167943279325,0.25863167943279325,0.25863167943279325,0.25863167943279325,100.0,100.0,100.0,100.0,20.0,-14.565073895764726,-15.587537326734491,-16.6658446538745,-18.98810794852261,-25.613142010301544,58.87857142857144,60.092857142857156,59.02142857142859,66.46428571428574,88.27142857142859,0.06381724557269348,0.08173839810168283,0.09493211803087033,0.11339644476795807,0.13385404867804804,0.0,0.0,0.0,0.0,0,3,1,2021,0,0,29,1,0,0,0,0,-1,0,0.029996475444953534,0,-0.08637873754152824,-0.10299003322259136,0.25863167943279325,0.0,0.0,0.2286196181191499
2021-04-14,1420.0,1420.0,1420.0,1400.0,2170.0,0.0,0.0,0.0,0.0,0.0,0.0,0.1115549509999722,NESTLE,1420.0,1416.048419203258,1402.0,1406.543139127716,1388.5,1398.319277413803,1407.4,1406.006549636322,0.022686352178610012,0.008952678698308873,5.216706302027433,-2.216944865255422,7.4336511672828545,1388.5,1430.8146111383535,1346.1853888616465,0.06095010606892832,0.8722118572353931,100.0,54.699999999999996,0.03852112676056338,69493.0,0.031226166664268345,0.0,0.1616584822843298,0.11155495099997209,0.1781965312812485,0.37142367547912336,0.36729054392127725,0.08227181513104688,0,-1,0.0,0.0,0.0,0.0322031404946347,0.0,0.0,0.0,0.0,0.0010370422577171,0.0,0.11155495099997209,0.11155495099997209,0.1256014247626105,0.1256014247626105,0.25863167943279325,100.0,100.0,100.0,100.0,100.0,3.975124215539836,2.332594000197105,0.20219952170214128,-5.957634861343877,-13.598014810010227,57.199999999999996,60.271428571428565,67.7,67.65714285714286,52.45714285714286,0.05768591415508947,0.0533745963512625,0.04772394335869177,0.03420130135334292,0.034381158755530876,0.0,0.0,0.0,0.0322031404946347,2,4,2,2021,0,0,14,0,0,1,0,0,1,0,0.029996475444953534,0,-0.05647840531561462,-0.08637873754152824,0.11155495099997209,0.0,0.0,0.0
2021-04-21,1420.0,1420.0,1425.0,1390.1,7520.0,0.0,0.0,0.0,0.0,0.0,0.0,0.1115549509999722,NESTLE,1420.0,1419.4796272201825,1420.0,1415.0660711349356,1399.75,1406.8554632916864,1404.4,1408.5434374313406,0.014466869083764959,0.011107946454001644,7.571926920147462,4.099395058824246,3.4725318613232155,1399.75,1445.6876006980701,1353.8123993019299,0.06563686472308644,0.7204076801169409,100.0,49.978571428571435,0.03519617706237425,44643.5,0.16844557438372887,0.0,0.0,0.11155495099997209,0.1781965312812485,0.25293628973011395,0.27541063885382283,0.07679195090670236,0,-1,0.0,0.0,0.0,0.0,0.0322031404946347,0.0,0.0,0.0,0.0,0.0010370422577171,0.11155495099997209,0.11155495099997209,0.11155495099997209,0.11155495099997209,0.1256014247626105,100.0,100.0,100.0,100.0,100.0,7.4581132447328855,7.20436396091668,6.775696853777845,5.216706302027433,-5.957634861343877,53.19285714285714,55.33571428571429,54.66428571428571,54.699999999999996,67.65714285714286,0.06607374002696018,0.06584855860680183,0.06494791399211759,0.06095010606892832,0.03420130135334292,0.0,0.0,0.0,0.0,2,4,2,2021,0,0,21,0,0,1,0,0,1,0,0.029996475444953534,0,-0.05647840531561462,-0.08637873754152824,0.11155495099997209,0.0,0.0,0.0
2021-04-22,1420.0,1420.0,1460.0,1420.0,5940.0,0.0,0.0,0.0,0.0,0.0,0.0,0.1115549509999722,NESTLE,1420.0,1419.653084813455,1420.0,1415.963149110402,1402.0,1408.1073239305733,1403.8,1408.9927143948175,0.012838801711840228,0.011540105428123696,7.574807413191593,4.794477529697716,2.780329883493877,1402.0,1447.23622209551,1356.76377790449,0.06453098729744637,0.6989556064385255,100.0,47.63571428571429,0.03354627766599598,44599.5,0.13318534961154274,0.0,0.0,0.11155495099997209,0.1781965312812485,0.2642493904924713,0.29016095760069394,0.0735775224668239,0,-1,0.0,0.0,0.0,0.0,0.0,0.0,0.0,0.0,0.0,0.0,0.11155495099997209,0.11155495099997209,0.11155495099997209,0.11155495099997209,0.1256014247626105,100.0,100.0,100.0,100.0,100.0,7.571926920147462,7.4581132447328855,7.20436396091668,6.13000615552005,-2.519899605710634,49.978571428571435,53.19285714285714,55.33571428571429,55.04285714285714,65.45,0.06563686472308644,0.06607374002696018,0.06584855860680183,0.06333624827419758,0.04016153027373688,0.0,0.0,0.0,0.0,3,4,2,2021,0,0,22,0,0,0,1,0,1,0,0.029996475444953534,0,-0.05647840531561462,-0.08637873754152824,0.11155495099997209,0.0,0.0,0.0
2021-04-23,1420.0,1420.0,1465.0,1420.0,8270.0,0.0,0.0,0.0,0.0,0.0,0.0,0.1115549509999722,NESTLE,1420.0,1419.7687232089702,1420.0,1416.6971219994198,1404.25,1409.2399597467092,1403.2,1409.4243726538443,0.01121595157557415,0.011972633979475452,7.490741618132688,5.33373034738471,2.1570112707479776,1404.25,1448.2924436436701,1360.2075563563299,0.06272735430823591,0.6788047925704006,100.0,44.77857142857143,0.031534205231388335,44217.5,0.18703002205009328,0.0,0.0,0.11155495099997209,0.1781965312812485,0.23581219872306775,0.266135496651337,0.06947871942410916,0,-1,0.0,0.0,0.0,0.0,0.0,0.0,0.0,0.0,0.0,0.0,0.11155495099997209,0.11155495099997209,0.11155495099997209,0.11155495099997209,0.1256014247626105,100.0,100.0,100.0,100.0,100.0,7.574807413191593,7.571926920147462,7.4581132447328855,6.775696853777845,0.20219952170214128,47.63571428571429,49.978571428571435,53.19285714285714,54.66428571428571,67.7,0.06453098729744637,0.06563686472308644,0.06607374002696018,0.06494791399211759,0.04772394335869177,0.0,0.0,0.0,0.0,4,4,2,2021,0,0,23,0,0,0,0,1,1,0,0.029996475444953534,0,-0.05647840531561462,-0.08637873754152824,0.11155495099997209,0.0,0.0,0.0
2021-04-26,1420.0,1420.0,1425.0,1410.1,4360.0,0.0,0.0,0.0,0.0,0.0,0.0,0.1115549509999722,NESTLE,1420.0,1419.8458154726468,1420.0,1417.2976452722526,1406.5,1410.2647254851179,1402.6,1409.8391031380074,0.009598293636686812,0.012405532582347136,7.339513526640758,5.734886983235921,1.6046265434048372,1406.5,1448.8146111383535,1364.1853888616465,0.060170083381945946,0.659519367386597,100.0,40.4857142857143,0.028511066398390354,41691.5,0.10457767170766223,0.0,0.0,0.11155495099997209,0.1781965312812485,0.21659535522625423,0.23526021593874277,0.06432671020215247,0,-1,0.0,0.0,0.0,0.0,0.0,0.0,0.0,0.0,0.0,0.0,0.11155495099997209,0.11155495099997209,0.11155495099997209,0.11155495099997209,0.11155495099997209,100.0,100.0,100.0,100.0,100.0,7.490741618132688,7.574807413191593,7.571926920147462,7.20436396091668,2.332594000197105,44.77857142857143,47.63571428571429,49.978571428571435,55.33571428571429,60.271428571428565,0.06272735430823591,0.06453098729744637,0.06563686472308644,0.06584855860680183,0.0533745963512625,0.0,0.0,0.0,0.0,0,4,2,2021,0,0,26,1,0,0,0,0,1,0,0.029996475444953534,0,-0.05647840531561462,-0.08637873754152824,0.11155495099997209,0.0,0.0,0.0
2021-06-07,1400.0,1400.0,1410.0,1361.4,9780.0,0.0,0.0,0.0,0.0,0.0,0.0,0.0975577180307643,NESTLE,1400.0,1399.5032347104927,1395.35,1400.0882624389217,1405.9,1403.4607117070823,1406.26,1407.6976426620622,-0.004196600042677353,-0.004451523900274481,-3.9355957989296257,-3.598611326385956,-0.3369844725436697,1405.9,1434.424412443795,1377.3755875562051,0.040578152704737136,0.39657981541906323,30.392156862745097,53.24285714285713,0.038030612244897954,54947.5,0.1779880795304609,0.0,0.05588808486704518,0.09755771803076396,0.09277573935572965,0.26573013165358766,0.2762822495260092,0.04866987644664417,0,-1,0.0,0.0,0.0,0.0,-0.0253178079842898,0.0,0.0,0.0,0.0,0.0006409914011293,0.09755771803076396,0.09755771803076396,0.09755771803076396,0.09755771803076396,0.08770345953012583,30.392156862745097,30.392156862745097,30.392156862745097,30.392156862745097,0.0,-4.169920677629079,-4.4083510402215325,-4.648553415163406,-5.121445358945266,0.058717431922787,51.90714285714286,50.578571428571436,52.45714285714286,58.40000000000001,63.70714285714286,0.04129782276235063,0.04180037494310862,0.0420944521673831,0.04207501804392472,0.02238866560703336,0.0,0.0,0.0,0.0,0,6,2,2021,0,0,7,1,0,0,0,0,-1,0,0.029996475444953534,0,-0.06976744186046512,-0.08006644518272425,0.09755771803076396,0.0,0.0,0.0
2021-06-08,1400.0,1400.0,1403.0,1361.0,64379.99999999999,0.0,0.0,0.0,0.0,0.0,0.0,0.0975577180307643,NESTLE,1400.0,1399.6688231403286,1396.9,1400.0722147227539,1404.9,1403.1311201159315,1406.76,1407.3957743223737,-0.0034877927254609513,-0.004805368364184361,-3.707157836427996,-3.6203206283943645,-0.08683720803363126,1404.9,1432.7371202382442,1377.062879761756,0.039628614475399095,0.41198802250262556,30.392156862745097,44.921428571428564,0.032086734693877544,53224.5,1.2095933263816474,0.0,0.05588808486704518,0.09755771803076396,0.09277573935572965,0.29564200313665745,0.34451453917679364,0.04794034714491878,0,-1,0.0,0.0,0.0,0.0,0.0,0.0,0.0,0.0,0.0,0.0,0.09755771803076396,0.09755771803076396,0.09755771803076396,0.09755771803076396,0.08770345953012583,30.392156862745097,30.392156862745097,30.392156862745097,30.392156862745097,0.0,-3.9355957989296257,-4.169920677629079,-4.4083510402215325,-4.887523669505299,-2.321906076105961,53.24285714285713,51.90714285714286,50.578571428571436,50.97142857142858,69.56428571428572,0.040578152704737136,0.04129782276235063,0.04180037494310862,0.04218527484427222,0.030856491792054255,0.0,0.0,0.0,0.0,1,6,2,2021,0,0,8,0,1,0,0,0,-1,0,0.029996475444953534,0,-0.06976744186046512,-0.08006644518272425,0.09755771803076396,0.0,0.0,0.0
2021-06-09,1400.0,1400.0,1400.0,1400.0,1010000.0,0.0,0.0,0.0,0.0,0.0,0.0,0.0975577180307643,NESTLE,1400.0,1399.779215426886,1398.45,1400.059084773162,1403.9,1402.8329182001285,1407.26,1407.1057439567905,-0.0027779756392906124,-0.005158961385955681,-3.485935411830951,-3.593443585081682,0.10750817325073081,1403.9,1430.876793145621,1376.9232068543793,0.03843121753062302,0.4277156484288574,30.392156862745097,43.49285714285713,0.031066326530612236,103546.0,9.754118942305835,0.0,0.05588808486704518,0.09755771803076396,0.09277573935572965,0.2527855926524294,0.263789126752515,0.047179927375996696,0,-1,0.0,0.0,0.0,0.0,0.0,0.0,0.0,0.0,0.0,0.0,0.09755771803076396,0.09755771803076396,0.09755771803076396,0.09755771803076396,0.08770345953012583,30.392156862745097,30.392156862745097,30.392156862745097,30.392156862745097,0.0,-3.707157836427996,-3.9355957989296257,-4.169920677629079,-4.648553415163406,-4.160606476115845,44.921428571428564,53.24285714285713,51.90714285714286,52.45714285714286,67.95714285714287,0.039628614475399095,0.040578152704737136,0.04129782276235063,0.0420944521673831,0.03677265229939116,0.0,0.0,0.0,0.0,2,6,2,2021,0,0,9,0,0,1,0,0,-1,0,0.029996475444953534,0,-0.06976744186046512,-0.08006644518272425,0.09755771803076396,0.0,0.0,0.0
2021-06-10,1400.0,1400.0,1400.0,1400.0,393700.0,0.0,0.0,0.0,0.0,0.0,0.0,0.0975577180307643,NESTLE,1400.0,1399.8528102845908,1400.0,1400.0483420871326,1402.9,1402.5631164667827,1407.76,1406.8270873310341,-0.0020671466248485927,-0.005512303233505705,-3.2728872397183295,-3.5293323160090115,0.25644507629068203,1402.9,1428.8262110817066,1376.9737889182936,0.036960882574248295,0.4440720437155136,30.392156862745097,41.34999999999999,0.029535714285714276,123137.5,3.1972388589990866,0.0,0.05588808486704518,0.09755771803076396,0.09277573935572965,0.23101107858661013,0.20974501292515327,0.04591614902964439,0,-1,0.0,0.0,0.0,0.0,0.0,0.0,0.0,0.0,0.0,0.0,0.09755771803076396,0.09755771803076396,0.09755771803076396,0.09755771803076396,0.08770345953012583,30.392156862745097,30.392156862745097,30.392156862745097,30.392156862745097,0.0,-3.485935411830951,-3.707157836427996,-3.9355957989296257,-4.4083510402215325,-5.553769393774928,43.49285714285713,44.921428571428564,53.24285714285713,50.578571428571436,65.84285714285716,0.03843121753062302,0.039628614475399095,0.040578152704737136,0.04180037494310862,0.04124536088785982,0.0,0.0,0.0,0.0,3,6,2,2021,0,0,10,0,0,0,1,0,-1,0,0.029996475444953534,0,-0.06976744186046512,-0.08006644518272425,0.09755771803076396,0.0,0.0,0.0
2021-06-11,1400.0,1400.0,1400.1,1366.1,900.0,0.0,0.0,0.0,0.0,0.0,0.0,0.0975577180307643,NESTLE,1400.0,1399.9018735230607,1400.0,1400.0395526167447,1401.9,1402.3190101366129,1408.26,1406.5593584160918,-0.0013553035166560317,-0.005865394174371204,-3.068671295872491,-3.4372001119817077,0.3685288161092166,1401.9,1426.5610709632244,1377.2389290367757,0.03518235389574769,0.46147774760403854,100.0,31.94285714285713,0.022816326530612236,122079.0,0.007372275329909321,0.0,0.0,0.09755771803076396,0.09277573935572965,0.2239255555903823,0.2021682535681045,0.04410576456541587,0,-1,0.0,0.0,0.0,0.0,0.0111331729923335,0.0,0.0,0.0,0.0,0.0001239475408772,0.09755771803076396,0.09755771803076396,0.09755771803076396,0.09755771803076396,0.09755771803076396,30.392156862745097,30.392156862745097,30.392156862745097,30.392156862745097,30.392156862745097,-3.2728872397183295,-3.485935411830951,-3.707157836427996,-4.169920677629079,-5.34552074642761,41.34999999999999,43.49285714285713,44.921428571428564,51.90714285714286,61.60000000000001,0.036960882574248295,0.03843121753062302,0.039628614475399095,0.04129782276235063,0.04176295071327375,0.0,0.0,0.0,0.0,4,6,2,2021,0,0,11,0,0,0,0,1,-1,0,0.029996475444953534,0,-0.06976744186046512,-0.08006644518272425,0.09755771803076396,0.0,0.0,0.0
2021-06-15,1400.0,1400.0,1400.1,1366.9,1390.0,0.0,0.0,0.0,0.0,0.0,0.0,0.0975577180307643,NESTLE,1400.0,1399.9345823487072,1400.0,1400.0323612318819,1400.9,1402.098152028364,1408.76,1406.3021286742844,-0.0006424441430509608,-0.006218234475709128,-2.8737024362112606,-3.3245005768276186,0.4507981406163579,1400.9,1424.04621715144,1377.7537828485601,0.03304478142828173,0.48055837819822533,100.0,25.742857142857115,0.018387755102040798,120465.0,0.011538621176275266,0.0,0.0,0.09755771803076396,0.08545896923124933,0.19556757014669768,0.17729851529893767,0.04167760460686849,0,-1,0.0,0.0,0.0,0.0,0.0,0.0,0.0,0.0,0.0,0.0,0.09755771803076396,0.09755771803076396,0.09755771803076396,0.09755771803076396,0.09755771803076396,100.0,30.392156862745097,30.392156862745097,30.392156862745097,30.392156862745097,-3.068671295872491,-3.2728872397183295,-3.485935411830951,-3.9355957989296257,-5.121445358945266,31.94285714285713,41.34999999999999,43.49285714285713,53.24285714285713,58.40000000000001,0.03518235389574769,0.036960882574248295,0.03843121753062302,0.040578152704737136,0.04207501804392472,0.0,0.0,0.0,0.0,1,6,2,2021,0,0,15,0,1,0,0,0,-1,0,0.029996475444953534,0,-0.06976744186046512,-0.08006644518272425,0.09755771803076396,0.0,0.0,0.0
2021-06-16,1400.0,1400.0,1400.1,1367.2,3050.0,0.0,0.0,0.0,0.0,0.0,0.0,0.0975577180307643,NESTLE,1400.0,1399.9563882324715,1400.0,1400.0264773715396,1399.9,1401.8983280256625,1409.26,1406.0549863733322,7.14336738337803e-05,-0.006570824404297284,-2.688200310423099,-3.1972405235467147,0.5090402131236158,1399.9,1421.228508226279,1378.5714917737212,0.03047147399996989,0.5023442802220153,100.0,25.56428571428567,0.018260204081632623,118607.5,0.025715068608646165,0.0,0.0,0.09755771803076396,0.08545896923124933,0.1781386497056074,0.16244952130077972,0.03851500376882011,0,-1,0.0,0.0,0.0,0.0,0.0,0.0,0.0,0.0,0.0,0.0,0.09755771803076396,0.09755771803076396,0.09755771803076396,0.09755771803076396,0.09755771803076396,100.0,100.0,30.392156862745097,30.392156862745097,30.392156862745097,-2.8737024362112606,-3.068671295872491,-3.2728872397183295,-3.707157836427996,-4.887523669505299,25.742857142857115,31.94285714285713,41.34999999999999,44.921428571428564,50.97142857142858,0.03304478142828173,0.03518235389574769,0.036960882574248295,0.039628614475399095,0.04218527484427222,0.0,0.0,0.0,0.0,2,6,2,2021,0,0,16,0,0,1,0,0,-1,0,0.029996475444953534,0,-0.06976744186046512,-0.08006644518272425,0.09755771803076396,0.0,0.0,0.0
2021-06-17,1400.0,1400.0,1419.8,1370.6,11170.0,0.0,0.0,0.0,0.0,0.0,0.0,0.0975577180307643,NESTLE,1400.0,1399.9709254883144,1400.0,1400.0216633039868,1398.9,1401.7175348803612,1409.76,1405.8175359273193,0.0007863321180927222,-0.006923164226535007,-2.512229125712338,-3.0602382439798395,0.5480091182675015,1398.9,1418.0217704531697,1379.7782295468305,0.027338295022045284,0.5287630270087668,100.0,26.935714285714248,0.01923979591836732,117746.0,0.0948652183513665,0.0,0.0,0.09755771803076396,0.08545896923124933,0.23311574883386083,0.24162467487232234,0.03441608398027264,0,-1,0.0,0.0,0.0,0.0,0.0,0.0,0.0,0.0,0.0,0.0,0.09755771803076396,0.09755771803076396,0.09755771803076396,0.09755771803076396,0.09755771803076396,100.0,100.0,100.0,30.392156862745097,30.392156862745097,-2.688200310423099,-2.8737024362112606,-3.068671295872491,-3.485935411830951,-4.648553415163406,25.56428571428567,25.742857142857115,31.94285714285713,43.49285714285713,52.45714285714286,0.03047147399996989,0.03304478142828173,0.03518235389574769,0.03843121753062302,0.0420944521673831,0.0,0.0,0.0,0.0,3,6,2,2021,0,0,17,0,0,0,1,0,-1,0,0.029996475444953534,0,-0.06976744186046512,-0.08006644518272425,0.09755771803076396,0.0,0.0,0.0
2021-07-14,1540.0,1540.0,1389.0,1386.0,3080.0,0.0,0.0,0.0,0.0,0.0,0.0,0.3301641477992318,NESTLE,1540.0,1538.3814440925476,1540.0,1524.6020605552321,1477.0,1493.6972935888662,1434.76,1452.5605823435603,0.04265402843601896,0.07335024673116061,37.12687216024892,32.0859600537007,5.04091210654822,1477.0,1619.9169799495337,1334.0830200504663,0.1935233310081702,0.7204076801169683,100.0,123.05714285714285,0.07990723562152133,68902.0,0.044701169777364956,0.0,0.0,0.3301641477992317,0.1990142988716453,0.05612246885991172,0.05628815283417242,0.13835195383296156,1,-1,0.0,0.0,0.0,0.0,0.0953101798043249,0.0,0.0,0.0,0.0,0.0090840303743327,0.3301641477992317,0.3301641477992317,0.3301641477992317,0.3301641477992317,0.3301641477992317,100.0,100.0,100.0,100.0,100.0,37.82874656549507,38.174357219965714,38.06021871392704,35.92495905560031,9.843098381960772,113.2,108.27142857142857,100.12857142857142,93.62857142857142,51.29285714285712,0.1954244480162229,0.1953752289125546,0.19331718844232404,0.18258731882781992,0.08899773044775923,0.0,0.0,0.0,0.0,2,7,3,2021,0,0,14,0,0,1,0,0,1,0,0.029996475444953534,0,0.0,-0.06976744186046512,0.3301641477992317,0.0,0.0,0.0
2021-07-15,1540.0,1540.0,1389.8,1386.0,2990.0,0.0,0.0,0.0,0.0,0.0,0.0,0.3301641477992318,NESTLE,1540.0,1538.920962728365,1540.0,1527.4016859088263,1484.0,1498.1070751518314,1437.16,1455.9895791144013,0.03773584905660377,0.07155779453923009,36.15387230246074,32.899542503452714,3.254329799008026,1484.0,1624.7349131860121,1343.2650868139879,0.18966969432077108,0.6989556064385519,100.0,130.4142857142857,0.08468460111317254,68493.0,0.043654096039011284,0.0,0.0,0.3301641477992317,0.1990142988716453,0.04849623935344485,0.046341618911339234,0.13875533551997815,1,-1,0.0,0.0,0.0,0.0,0.0,0.0,0.0,0.0,0.0,0.0,0.3301641477992317,0.3301641477992317,0.3301641477992317,0.3301641477992317,0.3301641477992317,100.0,100.0,100.0,100.0,100.0,37.12687216024892,37.82874656549507,38.174357219965714,37.36093329401683,18.55954681976982,123.05714285714285,113.2,108.27142857142857,95.55714285714285,62.00714285714283,0.1935233310081702,0.1954244480162229,0.1953752289125546,0.18912482509356557,0.12189841806952814,0.0,0.0,0.0,0.0,3,7,3,2021,0,0,15,0,0,0,1,0,1,0,0.029996475444953534,0,0.0,-0.06976744186046512,0.3301641477992317,0.0,0.0,0.0
2021-07-16,1540.0,1540.0,1386.0,1386.0,9760.0,0.0,0.0,0.0,0.0,0.0,0.0,0.3301641477992318,NESTLE,1540.0,1539.2806418189102,1540.0,1529.6922884708579,1491.0,1502.0968775183237,1439.56,1459.2841054236405,0.03286384976525822,0.06977131901414325,34.97954053578928,33.31554210992003,1.6639984258692522,1491.0,1628.0209357802887,1353.9790642197113,0.1837973652317756,0.6788047925704247,100.0,141.4142857142857,0.09182745825602968,61062.0,0.15983754217025317,0.0,0.0,0.3301641477992317,0.1990142988716453,0.022709983758699565,0.023778670879851495,0.13822871158693614,1,-1,0.0,0.0,0.0,0.0,0.0,0.0,0.0,0.0,0.0,0.0,0.3301641477992317,0.3301641477992317,0.3301641477992317,0.3301641477992317,0.3301641477992317,100.0,100.0,100.0,100.0,100.0,36.15387230246074,37.12687216024892,37.82874656549507,38.06021871392704,25.177168281645663,130.4142857142857,123.05714285714285,113.2,100.12857142857142,70.29285714285712,0.18966969432077108,0.1935233310081702,0.1954244480162229,0.19331718844232404,0.14437341814089977,0.0,0.0,0.0,0.0,4,7,3,2021,0,0,16,0,0,0,0,1,1,0,0.029996475444953534,0,0.0,-0.06976744186046512,0.3301641477992317,0.0,0.0,0.0
2021-07-19,1540.0,1540.0,1386.0,1386.0,1750.0,0.0,0.0,0.0,0.0,0.0,0.0,0.3301641477992318,NESTLE,1540.0,1539.5204278792735,1540.0,1531.5664178397926,1498.0,1505.7066987070548,1441.96,1462.4494346227136,0.028037383177570093,0.0679907903131848,33.66085279226286,33.3846042463886,0.2762485458742603,1498.0,1629.6454568748584,1366.3545431251416,0.17576162466603254,0.6595193673866202,100.0,150.71428571428572,0.09786641929499072,59856.0,0.029236835070836676,0.0,0.0,0.3301641477992317,0.1990142988716453,0.01929296428330786,0.017470458014961963,0.13676133899814646,1,-1,0.0,0.0,0.0,0.0,0.0,0.0,0.0,0.0,0.0,0.0,0.3301641477992317,0.3301641477992317,0.3301641477992317,0.3301641477992317,0.3301641477992317,100.0,100.0,100.0,100.0,100.0,34.97954053578928,36.15387230246074,37.12687216024892,38.174357219965714,30.074995144577997,141.4142857142857,130.4142857142857,123.05714285714285,108.27142857142857,78.92142857142856,0.1837973652317756,0.18966969432077108,0.1935233310081702,0.1953752289125546,0.16093778071924353,0.0,0.0,0.0,0.0,0,7,3,2021,0,0,19,1,0,0,0,0,1,0,0.029996475444953534,0,0.0,-0.06976744186046512,0.3301641477992317,0.0,0.0,0.0
2021-08-31,1400.0,1400.0,1400.0,1315.0,23330.0,0.0,0.0,0.0,0.0,0.0,0.0,0.3301641477992317,NESTLE,1400.0,1401.6185390406233,1400.0,1415.3733766265777,1463.0,1444.6768222441415,1489.6,1465.8525383036103,-0.0430622009569378,-0.060150375939849565,-32.80057879862534,-25.912197967118683,-6.888380831506655,1463.0,1605.9169799495312,1320.0830200504688,0.19537522891255119,0.2795923198830278,0.0,70.39285714285714,0.05028061224489796,185234.0,0.12594879989634733,0.0,0.0,0.3301641477992317,0.2717432169276517,0.45712118633975785,0.46652397894151515,0.16896688950176872,1,-1,0.0,0.0,0.0,0.0,-0.0953101798043249,0.0,0.0,0.0,0.0,0.0090840303743327,0.3301641477992317,0.3301641477992317,0.3301641477992317,0.3301641477992317,0.3301641477992317,0.0,0.0,0.0,0.0,0.0,-33.16611975990986,-33.1502666630779,-32.64784664984063,-29.648444125415608,-0.8058025718328281,75.32142857142857,79.91428571428571,87.7,105.05714285714285,153.70000000000002,0.1954244480162198,0.19352333100816682,0.1896696943207677,0.1757616246660289,0.08168284849314295,0.0,0.0,0.0,0.0,1,8,3,2021,0,1,31,0,1,0,0,0,-1,0,0.029996475444953534,0,-0.09090909090909091,-0.09090909090909091,0.3301641477992317,0.0,0.0,0.0
2021-09-01,1400.0,1400.0,1399.9,1303.0,26720.0,0.0,0.0,0.0,0.0,0.0,0.0,0.3301641477992317,NESTLE,1400.0,1401.0790260270824,1400.0,1412.5782172399272,1456.0,1440.4218867923184,1489.6,1463.270085821116,-0.038461538461538464,-0.060150375939849565,-32.140390537805615,-27.157836481256073,-4.982554056549542,1456.0,1596.7349131860096,1315.2650868139904,0.19331718844232093,0.3010443935614446,0.0,66.33571428571429,0.047382653061224494,184290.0,0.14498887622768464,0.0,0.0,0.3301641477992317,0.2717432169276517,0.5499934616731721,0.6275608135591719,0.16742378056280133,1,-1,0.0,0.0,0.0,0.0,0.0,0.0,0.0,0.0,0.0,0.0,0.3301641477992317,0.3301641477992317,0.3301641477992317,0.3301641477992317,0.3301641477992317,0.0,0.0,0.0,0.0,0.0,-32.80057879862534,-33.16611975990986,-33.1502666630779,-31.531698245310963,-10.150995928263683,70.39285714285714,75.32142857142857,79.91428571428571,94.05714285714285,142.7,0.19537522891255119,0.1954244480162198,0.19352333100816682,0.18379736523177195,0.11295174518368674,0.0,0.0,0.0,0.0,2,9,3,2021,1,0,1,0,0,1,0,0,-1,0,0.029996475444953534,0,-0.09090909090909091,-0.09090909090909091,0.3301641477992317,0.0,0.0,0.0
2021-09-02,1400.0,1400.0,1399.5,1309.5,17610.0,0.0,0.0,0.0,0.0,0.0,0.0,0.3301641477992317,NESTLE,1400.0,1400.7193506847216,1400.0,1410.2912686508494,1449.0,1436.572183288288,1489.6,1460.788905984994,-0.033816425120772944,-0.060150375939849565,-31.256876766077085,-27.977644538220275,-3.2792322278568093,1449.0,1586.020935780286,1311.979064219714,0.18912482509356243,0.3211952074295718,0.0,61.800000000000004,0.04414285714285714,182441.0,0.09652435581914152,0.0,0.0,0.3301641477992317,0.2717432169276517,0.5855753353281874,0.6715946455938152,0.16429408814080104,1,-1,0.0,0.0,0.0,0.0,0.0,0.0,0.0,0.0,0.0,0.0,0.3301641477992317,0.3301641477992317,0.3301641477992317,0.3301641477992317,0.3301641477992317,0.0,0.0,0.0,0.0,0.0,-32.140390537805615,-32.80057879862534,-33.16611975990986,-32.64784664984063,-17.357047749646654,66.33571428571429,70.39285714285714,75.32142857142857,87.7,133.4142857142857,0.19331718844232093,0.19537522891255119,0.1954244480162198,0.1896696943207677,0.13505900406728974,0.0,0.0,0.0,0.0,3,9,3,2021,0,0,2,0,0,0,1,0,-1,0,0.029996475444953534,0,-0.09090909090909091,-0.09090909090909091,0.3301641477992317,0.0,0.0,0.0
2021-09-03,1400.0,1400.0,1399.5,1311.0,54530.0,0.0,0.0,0.0,0.0,0.0,0.0,0.3301641477992317,NESTLE,1400.0,1400.4795671231477,1400.0,1408.4201288961494,1442.0,1433.089118213213,1489.6,1458.405027318916,-0.02912621359223301,-0.060150375939849565,-30.208461397730616,-28.423807910122346,-1.7846534876082707,1442.0,1573.6454568748557,1310.3545431251443,0.18258731882781645,0.3404806326133765,0.0,57.15714285714286,0.0408265306122449,183294.5,0.2974993794140032,0.0,0.0,0.3301641477992317,0.2717432169276517,0.6332985700799586,0.7449027900937789,0.159484435128108,1,-1,0.0,0.0,0.0,0.0,0.0,0.0,0.0,0.0,0.0,0.0,0.3301641477992317,0.3301641477992317,0.3301641477992317,0.3301641477992317,0.3301641477992317,0.0,0.0,0.0,0.0,0.0,-31.256876766077085,-32.140390537805615,-32.80057879862534,-33.1502666630779,-22.805013732215684,61.800000000000004,66.33571428571429,70.39285714285714,79.91428571428571,126.2,0.18912482509356243,0.19331718844232093,0.19537522891255119,0.19352333100816682,0.15199679290150417,0.0,0.0,0.0,0.0,4,9,3,2021,0,0,3,0,0,0,0,1,-1,0,0.029996475444953534,0,-0.09090909090909091,-0.09090909090909091,0.3301641477992317,0.0,0.0,0.0
2021-10-14,1480.0,1480.0,1400.0,1375.3,9330.0,0.0,0.0,0.0,0.0,0.0,0.0,0.2155742697804843,NESTLE,1480.0,1479.12714862146,1480.0,1471.4514386557717,1444.45,1455.7172662579558,1440.18,1447.770214648248,0.02461144380213919,0.02764932161257616,16.592101530544824,11.918295434844975,4.673806095699849,1444.45,1527.0459728851358,1361.8540271148643,0.11436321490551528,0.7152041967556849,90.81632653061224,77.92857142857144,0.052654440154440166,92677.5,0.10067168406571174,0.0,0.03043434140632392,0.2155742697804841,0.2289301871173887,0.2627908127571706,0.2925435591021515,0.11022809263499184,1,-1,0.0,0.0,0.0,0.0,0.061632517080659,0.0,0.0,0.0,0.0,0.0037985671616977,0.2155742697804841,0.2155742697804841,0.2155742697804841,0.2155742697804841,0.2135013019641161,90.81632653061224,90.81632653061224,90.81632653061224,90.81632653061224,100.0,16.661966742178038,16.508784277867335,16.07313997937831,14.052893225252319,-3.158437023528677,72.02142857142859,65.55000000000003,59.25714285714287,47.20000000000001,26.135714285714293,0.11537234814366538,0.1152553698734447,0.11398972083373826,0.10773157394445967,0.056679853322647654,0.0,0.0,0.0,0.0,3,10,4,2021,0,0,14,0,0,0,1,0,1,0,0.029996475444953534,0,-0.03896103896103896,-0.09090909090909091,0.2155742697804841,0.0,0.0,0.3691973485267704
2021-10-15,1480.0,1480.0,1400.0,1361.0,5700.0,0.0,0.0,0.0,0.0,0.0,0.0,0.2155742697804843,NESTLE,1480.0,1479.4180990809734,1480.0,1473.0057225365404,1448.45,1458.029907566722,1438.98,1449.034127799297,0.021781904794780597,0.02850630307578978,16.34828005099712,12.804292358075404,3.5439876929217142,1448.45,1529.7201149189993,1367.1798850810007,0.11221666597949435,0.6941057917258107,90.81632653061224,85.04285714285716,0.05746138996138997,90150.0,0.0632279534109817,0.0,0.0,0.2155742697804841,0.2289301871173887,0.28268580287045547,0.3241258667931499,0.10922940947907701,1,-1,0.0,0.0,0.0,0.0,-0.0060626659258481,0.0,0.0,0.0,0.0,3.67559181284408e-05,0.2155742697804841,0.2155742697804841,0.2155742697804841,0.2155742697804841,0.2155742697804841,90.81632653061224,90.81632653061224,90.81632653061224,90.81632653061224,90.81632653061224,16.592101530544824,16.661966742178038,16.508784277867335,15.283308311424662,2.312022962497167,77.92857142857144,72.02142857142859,65.55000000000003,52.914285714285725,28.66428571428573,0.11436321490551528,0.11537234814366538,0.1152553698734447,0.11151645956324419,0.07398060966064575,0.0,0.0,0.0,0.0,4,10,4,2021,0,0,15,0,0,0,0,1,1,0,0.029996475444953534,0,-0.03896103896103896,-0.09090909090909091,0.2870437519395862,0.0027044976618888,0.0520047849903145,0.3691973485267704
2021-10-26,1405.0,1405.0,1439.0,1405.0,358720.0,0.0,0.0,0.0,0.0,0.0,0.0,0.2870437519395865,NESTLE,1405.0,1411.533276188179,1435.0,1425.4006687833732,1449.95,1434.088860400076,1422.78,1439.6373630852393,-0.031001069002379422,-0.012496661465581448,-6.683671277265148,2.0928327877576955,-8.776504065022843,1449.95,1527.506023893088,1372.393976106912,0.10697751493925717,0.21020948635811815,0.0,73.60714285714286,0.05238942552109812,150616.5,2.381677970209107,0.0,0.26106194873937255,0.2870437519395862,0.25091901462221267,0.20431028489006806,0.18604583803625296,0.09158714329819996,1,-1,0.0,0.0,0.0,-0.0520047849903145,0.0,0.0,0.0,0.0,0.0027044976618888,0.0,0.2870437519395862,0.2870437519395862,0.2870437519395862,0.2870437519395862,0.2155742697804841,0.0,0.0,0.0,51.44508670520231,90.81632653061224,-4.806156293398317,-2.339856713358813,0.8420726664496669,9.988040657607826,16.07313997937831,76.89285714285714,78.55,83.65,89.00714285714287,59.25714285714287,0.10787846575024101,0.10876795874445944,0.10964626851246372,0.11137037654834164,0.11398972083373826,0.0,0.0,0.0,0.0520047849903145,1,10,4,2021,0,0,26,0,1,0,0,0,-1,0,0.029996475444953534,0,-0.08766233766233766,-0.09090909090909091,0.28733583752248903,1.270969675723526e-05,0.0035650661644961,0.025309459033425442
2021-11-03,1400.0,1400.0,1430.0,1360.0,39300.0,0.0,0.0,0.0,0.0,0.0,0.0,0.1799555714739612,NESTLE,1400.0,1401.0125235611024,1402.0,1407.6198092071932,1433.5,1418.698997355932,1419.98,1431.1788561631702,-0.02336937565399372,-0.0140706207129678,-11.761808878791499,-7.563154611682144,-4.1986542671093545,1433.5,1511.5080967457527,1355.4919032542473,0.10883585175549733,0.285278699279226,0.0,49.65000000000001,0.035464285714285726,118894.0,0.33054653725166955,0.0,0.01789649011069848,0.17995557147396096,0.25093622128038084,0.38498469251574924,0.44091181552899883,0.04251214540168824,0,-1,0.0,0.0,0.0,-0.0035650661644961,0.0,0.0,0.0,0.0,1.270969675723526e-05,0.0,0.17995557147396096,0.18005776015029257,0.28733583752248903,0.28733583752248903,0.2870437519395862,0.0,0.0,0.0,0.0,51.44508670520231,-11.630562741670929,-11.293873123139747,-10.699860219150878,-8.477352005055309,4.891123290620499,53.121428571428574,56.97142857142858,62.607142857142854,66.89285714285714,89.00714285714287,0.10987642410577056,0.1097193743526547,0.1083794954016973,0.10697751493925717,0.11051365745986282,0.0,0.0,0.0,0.0035650661644961,2,11,4,2021,0,0,3,0,0,1,0,0,-1,0,0.029996475444953534,0,-0.09090909090909091,-0.09090909090909091,0.17995557147396096,0.0,0.0,0.0
2021-11-04,1400.0,1400.0,1430.0,1400.0,30020.0,0.0,0.0,0.0,0.0,0.0,0.0,0.1799555714739612,NESTLE,1400.0,1400.6750157074016,1401.5,1406.2343893513398,1429.5,1416.918140464891,1419.98,1429.9561559214774,-0.020636586218957677,-0.0140706207129678,-11.730599340879962,-8.396643557521708,-3.3339557833582543,1429.5,1505.650819880163,1353.349180119837,0.10654189560008814,0.30630543409497396,0.0,44.314285714285724,0.031653061224489805,116910.0,0.2567787186724831,0.0,0.01789649011069848,0.17995557147396096,0.25093622128038084,0.37686848932811695,0.4254230995201151,0.04425875583760625,0,-1,0.0,0.0,0.0,0.0,0.0,0.0,0.0,0.0,0.0,0.0,0.17995557147396096,0.17995557147396096,0.18005776015029257,0.28733583752248903,0.2870437519395862,0.0,0.0,0.0,0.0,0.0,-11.761808878791499,-11.630562741670929,-11.293873123139747,-9.786049418508355,0.8420726664496669,49.65000000000001,53.121428571428574,56.97142857142858,64.03571428571429,83.65,0.10883585175549733,0.10987642410577056,0.1097193743526547,0.10697751493925717,0.10964626851246372,0.0,0.0,0.0,0.0,3,11,4,2021,0,0,4,0,0,0,1,0,-1,0,0.029996475444953534,0,-0.09090909090909091,-0.09090909090909091,0.17995557147396096,0.0,0.0,0.0
2021-11-05,1400.0,1400.0,1410.0,1355.0,8670.0,0.0,0.0,0.0,0.0,0.0,0.0,0.1799555714739612,NESTLE,1400.0,1400.4500104716012,1401.0,1405.1008640147325,1425.5,1415.3068889920442,1419.98,1428.7814047088705,-0.017888460189407224,-0.0140706207129678,-11.572465379941832,-9.031807922005733,-2.540657457936099,1425.5,1498.8341307771634,1352.1658692228366,0.10288899442604477,0.3261382542496787,0.0,39.74285714285715,0.02838775510204082,114737.5,0.0755637869048916,0.0,0.01789649011069848,0.17995557147396096,0.25093622128038084,0.36936942467919737,0.41712366518042654,0.045873206134203925,0,-1,0.0,0.0,0.0,0.0,0.0,0.0,0.0,0.0,0.0,0.0,0.17995557147396096,0.17995557147396096,0.17995557147396096,0.28733583752248903,0.2870437519395862,0.0,0.0,0.0,0.0,0.0,-11.730599340879962,-11.761808878791499,-11.630562741670929,-10.699860219150878,-2.339856713358813,44.314285714285724,49.65000000000001,53.121428571428574,62.607142857142854,78.55,0.10654189560008814,0.10883585175549733,0.10987642410577056,0.1083794954016973,0.10876795874445944,0.0,0.0,0.0,0.0,4,11,4,2021,0,0,5,0,0,0,0,1,-1,0,0.029996475444953534,0,-0.09090909090909091,-0.09090909090909091,0.17995557147396096,0.0,0.0,0.0
2021-11-08,1400.0,1400.0,1430.0,1400.0,37390.0,0.0,0.0,0.0,0.0,0.0,0.0,0.1799555714739612,NESTLE,1400.0,1400.3000069810676,1400.5,1404.1734341938718,1421.5,1413.8490900404208,1419.98,1427.652722171268,-0.015124868097080548,-0.0140706207129678,-11.316691303652078,-9.488784598335002,-1.8279067053170763,1421.5,1490.9413800493471,1352.0586199506529,0.09770155476517357,0.34519316879415807,0.0,36.52857142857143,0.02609183673469388,114059.5,0.3278113616138945,0.0,0.01789649011069848,0.17995557147396096,0.25093622128038084,0.36090222590731186,0.4016349491715428,0.047369011229592285,0,-1,0.0,0.0,0.0,0.0,0.0,0.0,0.0,0.0,0.0,0.0,0.17995557147396096,0.17995557147396096,0.17995557147396096,0.18005776015029257,0.2870437519395862,0.0,0.0,0.0,0.0,0.0,-11.572465379941832,-11.730599340879962,-11.761808878791499,-11.293873123139747,-4.806156293398317,39.74285714285715,44.314285714285724,49.65000000000001,56.97142857142858,76.89285714285714,0.10288899442604477,0.10654189560008814,0.10883585175549733,0.1097193743526547,0.10787846575024101,0.0,0.0,0.0,0.0,0,11,4,2021,0,0,8,1,0,0,0,0,-1,0,0.029996475444953534,0,-0.09090909090909091,-0.09090909090909091,0.17995557147396096,0.0,0.0,0.0
2021-11-09,1400.0,1400.0,1425.0,1375.0,6220.0,0.0,0.0,0.0,0.0,0.0,0.0,0.1799555714739612,NESTLE,1400.0,1400.2000046540452,1400.0,1403.414627976804,1417.5,1412.5301290841903,1419.98,1426.5683016939633,-0.012345679012345678,-0.0140706207129678,-10.987333365776522,-9.788494351823307,-1.198839013953215,1417.5,1481.777359523929,1353.222640476071,0.09069115982212192,0.36387119718658345,0.0,40.10000000000001,0.02864285714285715,105333.5,0.0590505394769945,0.0,0.01789649011069848,0.17995557147396096,0.25093622128038084,0.33779044369348077,0.37738466965734396,0.04875709199498133,0,-1,0.0,0.0,0.0,0.0,0.0,0.0,0.0,0.0,0.0,0.0,0.17995557147396096,0.17995557147396096,0.17995557147396096,0.17995557147396096,0.2870437519395862,0.0,0.0,0.0,0.0,0.0,-11.316691303652078,-11.572465379941832,-11.730599340879962,-11.630562741670929,-6.683671277265148,36.52857142857143,39.74285714285715,44.314285714285724,53.121428571428574,73.60714285714286,0.09770155476517357,0.10288899442604477,0.10654189560008814,0.10987642410577056,0.10697751493925717,0.0,0.0,0.0,0.0,1,11,4,2021,0,0,9,0,1,0,0,0,-1,0,0.029996475444953534,0,-0.09090909090909091,-0.09090909090909091,0.17995557147396096,0.0,0.0,0.050891226815738065
2021-11-10,1400.0,1400.0,1400.0,1400.0,324820.0,0.0,0.0,0.0,0.0,0.0,0.0,0.1799555714739612,NESTLE,1400.0,1400.1333364360303,1400.0,1402.793786526476,1413.5,1411.3367834571245,1419.98,1425.5264075098864,-0.00955076052352317,-0.0140706207129678,-10.604077621107535,-9.951611005680153,-0.6524666154273824,1413.5,1471.0005720795339,1355.9994279204661,0.0813591398366238,0.382609863591209,0.0,39.10000000000001,0.027928571428571435,121068.5,2.6829439532165673,0.0,0.0,0.17995557147396096,0.25093622128038084,0.26136548894714134,0.26470897265455584,0.050046412717043576,0,-1,0.0,0.0,0.0,0.0,-0.0035650661644961,0.0,0.0,0.0,0.0,1.270969675723526e-05,0.17995557147396096,0.17995557147396096,0.17995557147396096,0.17995557147396096,0.28733583752248903,0.0,0.0,0.0,0.0,0.0,-10.987333365776522,-11.316691303652078,-11.572465379941832,-11.761808878791499,-8.477352005055309,40.10000000000001,36.52857142857143,39.74285714285715,49.65000000000001,66.89285714285714,0.09069115982212192,0.09770155476517357,0.10288899442604477,0.10883585175549733,0.10697751493925717,0.0,0.0,0.0,0.0,2,11,4,2021,0,0,10,0,0,1,0,0,-1,0,0.029996475444953534,0,-0.09090909090909091,-0.09090909090909091,0.17995557147396096,0.0,0.0,0.050891226815738065
2021-11-11,1400.0,1400.0,1449.9,1400.0,92550.0,0.0,0.0,0.0,0.0,0.0,0.0,0.1799555714739612,NESTLE,1400.0,1400.0888909573537,1400.0,1402.2858253398438,1409.5,1410.2570897945411,1419.98,1424.5253719212635,-0.006739978715856687,-0.0140706207129678,-10.18296183686698,-9.997881171917518,-0.18508066494946185,1409.5,1457.9387839388405,1361.0612160611595,0.06873186795152965,0.4019380832103998,0.0,41.678571428571445,0.029770408163265316,124369.5,0.7441535103059834,0.0,0.0,0.17995557147396096,0.25093622128038084,0.2871180329622091,0.29573511958024573,0.051244428409164704,0,-1,0.0,0.0,0.0,0.0,0.0,0.0,0.0,0.0,0.0,0.0,0.17995557147396096,0.17995557147396096,0.17995557147396096,0.17995557147396096,0.28733583752248903,0.0,0.0,0.0,0.0,0.0,-10.604077621107535,-10.987333365776522,-11.316691303652078,-11.730599340879962,-9.786049418508355,39.10000000000001,40.10000000000001,36.52857142857143,44.314285714285724,64.03571428571429,0.0813591398366238,0.09069115982212192,0.09770155476517357,0.10654189560008814,0.10697751493925717,0.0,0.0,0.0,0.0,3,11,4,2021,0,0,11,0,0,0,1,0,-1,0,0.029996475444953534,0,-0.09090909090909091,-0.09090909090909091,0.17995557147396096,0.0,0.0,0.050891226815738065
2021-11-12,1400.0,1400.0,1425.0,1355.4,64660.0,0.0,0.0,0.0,0.0,0.0,0.0,0.1799555714739612,NESTLE,1400.0,1400.0592606382359,1400.0,1401.8702207325994,1405.5,1409.2802240998228,1419.98,1423.5635926302336,-0.003913198150124511,-0.0140706207129678,-9.736982668737028,-9.94570147128142,0.2087188025443929,1405.5,1440.8776617001238,1370.1223382998762,0.050341745571147324,0.4222673328918633,0.0,42.7357142857143,0.030525510204081643,127136.0,0.5085892272841681,0.0,0.0,0.17995557147396096,0.25093622128038084,0.31502515313244506,0.31882926492369157,0.052357407032998765,0,-1,0.0,0.0,0.0,0.0,0.0,0.0,0.0,0.0,0.0,0.0,0.17995557147396096,0.17995557147396096,0.17995557147396096,0.17995557147396096,0.28733583752248903,0.0,0.0,0.0,0.0,0.0,-10.18296183686698,-10.604077621107535,-10.987333365776522,-11.572465379941832,-10.699860219150878,41.678571428571445,39.10000000000001,40.10000000000001,39.74285714285715,62.607142857142854,0.06873186795152965,0.0813591398366238,0.09069115982212192,0.10288899442604477,0.1083794954016973,0.0,0.0,0.0,0.0,4,11,4,2021,0,0,12,0,0,0,0,1,-1,0,0.029996475444953534,0,-0.09090909090909091,-0.09090909090909091,0.17995557147396096,0.0,0.0,0.050891226815738065
2021-11-15,1400.0,1400.0,1425.0,1400.0,223770.0,0.0,0.0,0.0,0.0,0.0,0.0,0.1799555714739612,NESTLE,1400.0,1400.0395070921572,1400.0,1401.5301805993993,1401.5,1408.396393233173,1419.98,1422.639530174146,-0.0010702818408847663,-0.0140706207129678,-9.276606025116962,-9.811882382048529,0.5352763569315666,1401.5,1406.2016234598143,1396.7983765401857,0.006709416282289405,0.3404806326133095,0.0,42.092857142857156,0.030066326530612253,138039.5,1.621057740719142,0.0,0.0,0.17995557147396096,0.25093622128038084,0.3110690348333173,0.3109658788386644,0.05339066688622617,0,-1,0.0,0.0,0.0,0.0,0.0,0.0,0.0,0.0,0.0,0.0,0.17995557147396096,0.17995557147396096,0.17995557147396096,0.17995557147396096,0.18005776015029257,0.0,0.0,0.0,0.0,0.0,-9.736982668737028,-10.18296183686698,-10.604077621107535,-11.316691303652078,-11.293873123139747,42.7357142857143,41.678571428571445,39.10000000000001,36.52857142857143,56.97142857142858,0.050341745571147324,0.06873186795152965,0.0813591398366238,0.09770155476517357,0.1097193743526547,0.0,0.0,0.0,0.0,0,11,4,2021,0,0,15,1,0,0,0,0,-1,0,0.029996475444953534,0,-0.09090909090909091,-0.09090909090909091,0.1803403236366787,5.1387241404978345e-05,0.0071684894786125,0.050891226815738065
2021-11-16,1390.0,1400.0,1410.0,1390.0,4050000.0,-0.71,-0.0071428571428571,-0.0071684894786125,5.1387241404978345e-05,0.0071684894786125,0.0508912268157381,0.1803403236366789,NESTLE,1398.0,1396.6930047281048,1399.0,1399.4337841267811,1400.75,1406.6443557823945,1419.78,1421.3595485986893,-0.007674460110655006,-0.020975080646297294,-9.607916563305253,-9.771089218299874,0.16317265499462152,1400.75,1407.458203932498,1394.041796067502,0.009578017394250236,-0.3012576919375871,0.0,43.164285714285725,0.031053442959917788,328948.5,12.311957646865695,0.050891226815738065,0.03598553158431106,0.1803403236366787,0.16382434073960192,0.27799776497334433,0.25956287275625584,0.054332555618611396,1,1,0.0,0.0,0.0,0.0,0.0,0.0,0.0,0.0,0.0,0.0,0.17995557147396096,0.17995557147396096,0.17995557147396096,0.17995557147396096,0.17995557147396096,0.0,0.0,0.0,0.0,0.0,-9.276606025116962,-9.736982668737028,-10.18296183686698,-10.987333365776522,-11.630562741670929,42.092857142857156,42.7357142857143,41.678571428571445,40.10000000000001,53.121428571428574,0.006709416282289405,0.050341745571147324,0.06873186795152965,0.09069115982212192,0.10987642410577056,0.0,0.0,0.0,0.0,1,11,4,2021,0,0,16,0,1,0,0,0,-1,0,0.4268627104219461,0,-0.09740259740259741,-0.09740259740259741,0.02717528087799028,0.0,0.0,0.0
2021-11-17,1390.0,1390.0,1390.0,1390.0,2140000.0,0.0,0.0,0.0,0.0,0.0,0.0508912268157381,0.0271752808779901,NESTLE,1396.0,1394.4620031520699,1398.0,1397.7185506491844,1400.0,1405.059179041214,1419.58,1420.129762379133,-0.007142857142857143,-0.020837149015906064,-9.75799842013862,-9.768471058667624,0.01047263852900393,1400.0,1407.9471941423892,1392.0528058576108,0.011353134489127439,-0.12915286960597935,0.0,40.314285714285724,0.02900308324768757,416669.5,5.135965075437487,0.050891226815738065,0.03598553158431106,0.02717528087799028,0.16382434073960192,0.27799776497334433,0.25956287275625584,0.06767041837661036,0,-1,-0.0071684894786125,0.0,0.0,0.0,0.0,5.1387241404978345e-05,0.0,0.0,0.0,0.0,0.1803403236366787,0.17995557147396096,0.17995557147396096,0.17995557147396096,0.17995557147396096,0.0,0.0,0.0,0.0,0.0,-9.607916563305253,-9.276606025116962,-9.736982668737028,-10.604077621107535,-11.761808878791499,43.164285714285725,42.092857142857156,42.7357142857143,39.10000000000001,49.65000000000001,0.009578017394250236,0.006709416282289405,0.050341745571147324,0.0813591398366238,0.10883585175549733,0.0071684894786125,0.0,0.0,0.0,2,11,4,2021,0,0,17,0,0,1,0,0,-1,1,0.029996475444953534,0,-0.09740259740259741,-0.09740259740259741,0.02717528087799028,0.0,0.0,0.025491214963227562
2021-11-18,1390.0,1390.0,1390.0,1390.0,334700.0,0.0,0.0,0.0,0.0,0.0,0.0508912268157381,0.0271752808779901,NESTLE,1394.0,1392.9746687680467,1397.0,1396.315177803878,1399.25,1403.6249715134793,1419.38,1418.9482030701474,-0.0066106842951581205,-0.020699178514562773,-9.764381659308356,-9.76765317879577,0.0032715194874146647,1399.25,1408.0009397991532,1390.4990602008468,0.01250804330770517,-0.02851466312767122,0.0,36.02857142857143,0.025919835560123332,428226.0,0.7815966335533107,0.050891226815738065,0.03598553158431106,0.02717528087799028,0.16382434073960192,0.23449159567006786,0.18093788770748997,0.076713527443998,0,-1,0.0,-0.0071684894786125,0.0,0.0,0.0,0.0,5.1387241404978345e-05,0.0,0.0,0.0,0.02717528087799028,0.1803403236366787,0.17995557147396096,0.17995557147396096,0.17995557147396096,0.0,0.0,0.0,0.0,0.0,-9.75799842013862,-9.607916563305253,-9.276606025116962,-10.18296183686698,-11.730599340879962,40.314285714285724,43.164285714285725,42.092857142857156,41.678571428571445,44.314285714285724,0.011353134489127439,0.009578017394250236,0.006709416282289405,0.06873186795152965,0.10654189560008814,0.0,0.0071684894786125,0.0,0.0,3,11,4,2021,0,0,18,0,0,0,1,0,-1,0,0.029996475444953534,0,-0.09740259740259741,-0.09740259740259741,0.02717528087799028,0.0,0.0,0.025491214963227562
2021-11-19,1390.0,1390.0,1400.0,1390.0,98210.0,0.0,0.0,0.0,0.0,0.0,0.0508912268157381,0.0271752808779901,NESTLE,1392.0,1391.9831125120313,1396.0,1395.1669636577183,1398.5,1402.327355178862,1419.18,1417.8129794203378,-0.006077940650697175,-0.02056116912583327,-9.658107767953652,-9.745744096627348,0.08763632867369608,1398.5,1407.7338051687655,1389.2661948312345,0.013205298775495826,0.03973471149508591,0.0,33.892857142857146,0.024383350462487154,423006.5,0.23217137325312967,0.050891226815738065,0.03598553158431106,0.02717528087799028,0.16382434073960192,0.10167953925957877,0.08461256148712029,0.0828798281185244,0,-1,0.0,0.0,-0.0071684894786125,0.0,0.0,0.0,0.0,5.1387241404978345e-05,0.0,0.0,0.02717528087799028,0.02717528087799028,0.1803403236366787,0.17995557147396096,0.17995557147396096,0.0,0.0,0.0,0.0,0.0,-9.764381659308356,-9.75799842013862,-9.607916563305253,-9.736982668737028,-11.572465379941832,36.02857142857143,40.314285714285724,43.164285714285725,42.7357142857143,39.74285714285715,0.01250804330770517,0.011353134489127439,0.009578017394250236,0.050341745571147324,0.10288899442604477,0.0,0.0,0.0071684894786125,0.0,4,11,4,2021,0,0,19,0,0,0,0,1,-1,0,0.029996475444953534,0,-0.09740259740259741,-0.09740259740259741,0.02717528087799028,0.0,0.0,0.025491214963227562
2021-12-01,1395.0,1395.0,1430.0,1350.0,38600.0,0.0,0.0,0.0,0.0,0.0,0.0,0.028324005162047,NESTLE,1395.0,1394.6384204851518,1393.0,1394.537686698369,1395.5,1397.7926562927423,1418.18,1411.2624929073656,-0.00035829451809387314,-0.016344892749862543,-5.718340009741269,-7.447593081684477,1.7292530719432087,1395.5,1404.022416262267,1386.977583737733,0.01221414011073725,0.4706655961987122,33.33333333333333,24.75,0.017741935483870968,496558.0,0.07773512862545764,0.0,0.018025010961182204,0.028324005162047146,0.1639917908207101,0.3527208529397122,0.3159446962668141,0.07778215487733837,0,-1,0.0,0.0,0.0,0.0035906681307285,0.0,0.0,0.0,0.0,1.2892897625029588e-05,0.0,0.028324005162047146,0.028324005162047146,0.028324005162047146,0.03065060237108806,0.02717528087799028,33.33333333333333,33.33333333333333,33.33333333333333,33.33333333333333,0.0,-6.187545550988261,-6.696421779256525,-7.248530393820374,-8.498510293269192,-9.75799842013862,22.600000000000005,22.600000000000005,22.600000000000005,23.892857142857142,40.314285714285724,0.012539408632137889,0.012814143137533207,0.013041582352733882,0.013363909138881427,0.011353134489127439,0.0,0.0,0.0,0.0035906681307285,2,12,4,2021,1,0,1,0,0,1,0,0,-1,0,0.029996475444953534,0,-0.09415584415584416,-0.09740259740259741,0.028324005162047146,0.0,0.0,0.0
2021-12-02,1395.0,1395.0,1410.0,1380.0,7990.0,0.0,0.0,0.0,0.0,0.0,0.0,0.028324005162047,NESTLE,1395.0,1394.7589469901013,1393.5,1394.621743662302,1395.25,1397.526689026767,1418.08,1410.624748087469,-0.00017917935853789643,-0.016275527473767298,-5.285562562784207,-7.015186977904424,1.7296244151202167,1395.25,1403.505779474818,1386.994220525182,0.011834122164225662,0.48485909169675867,33.33333333333333,21.921428571428578,0.01571428571428572,495456.5,0.016126541886119165,0.0,0.018025010961182204,0.028324005162047146,0.1639917908207101,0.30278852959028024,0.25742678135736113,0.07706093567782103,0,-1,0.0,0.0,0.0,0.0,0.0,0.0,0.0,0.0,0.0,0.0,0.028324005162047146,0.028324005162047146,0.028324005162047146,0.028324005162047146,0.02717528087799028,33.33333333333333,33.33333333333333,33.33333333333333,33.33333333333333,0.0,-5.718340009741269,-6.187545550988261,-6.696421779256525,-7.847788583408374,-9.764381659308356,24.75,22.600000000000005,22.600000000000005,24.74285714285715,36.02857142857143,0.01221414011073725,0.012539408632137889,0.012814143137533207,0.013224210768013544,0.01250804330770517,0.0,0.0,0.0,0.0,3,12,4,2021,0,0,2,0,0,0,1,0,-1,0,0.029996475444953534,0,-0.09415584415584416,-0.09740259740259741,0.028324005162047146,0.0,0.0,0.0
2021-12-03,1395.0,1395.0,1400.0,1395.0,99980.0,0.0,0.0,0.0,0.0,0.0,0.0,0.028324005162047,NESTLE,1395.0,1394.839297993401,1394.0,1394.6905175418833,1395.0,1397.2860519765986,1417.98,1410.0120128683527,0.0,-0.01620615241399739,-4.886257582259077,-6.589401098775355,1.7031435165162776,1395.0,1402.9471941423892,1387.0528058576108,0.011393826727439724,0.5,33.33333333333333,20.49285714285715,0.014690220174091148,500022.0,0.19995120214710552,0.0,0.018025010961182204,0.028324005162047146,0.1639917908207101,0.3031725352860206,0.2654589703622815,0.07561233798348546,0,-1,0.0,0.0,0.0,0.0,0.0,0.0,0.0,0.0,0.0,0.0,0.028324005162047146,0.028324005162047146,0.028324005162047146,0.028324005162047146,0.02717528087799028,33.33333333333333,33.33333333333333,33.33333333333333,33.33333333333333,0.0,-5.285562562784207,-5.718340009741269,-6.187545550988261,-7.248530393820374,-9.658107767953652,21.921428571428578,24.75,22.600000000000005,22.600000000000005,33.892857142857146,0.011834122164225662,0.01221414011073725,0.012539408632137889,0.013041582352733882,0.013205298775495826,0.0,0.0,0.0,0.0,4,12,4,2021,0,0,3,0,0,0,0,1,-1,0,0.029996475444953534,0,-0.09415584415584416,-0.09740259740259741,0.028324005162047146,0.0,0.0,0.0
2021-12-06,1395.0,1395.0,1418.8,1383.0,43850.0,0.0,0.0,0.0,0.0,0.0,0.0,0.028324005162047,NESTLE,1395.0,1394.892865328934,1394.5,1394.7467870797227,1394.75,1397.068332740732,1417.88,1409.4233064813586,0.0001792435920415845,-0.016136767568482598,-4.517727952705172,-6.175066469561319,1.6573385168561465,1394.75,1402.3415465451615,1387.1584534548385,0.010885888575244975,0.5164656831459026,100.0,21.621428571428574,0.015499231950844856,500345.0,0.08763952872517963,0.0,0.018025010961182204,0.028324005162047146,0.1639917908207101,0.2841827608116638,0.2429314528003851,0.0733933046042005,0,-1,0.0,0.0,0.0,0.0,0.0,0.0,0.0,0.0,0.0,0.0,0.028324005162047146,0.028324005162047146,0.028324005162047146,0.028324005162047146,0.02717528087799028,33.33333333333333,33.33333333333333,33.33333333333333,33.33333333333333,0.0,-4.886257582259077,-5.285562562784207,-5.718340009741269,-6.696421779256525,-9.46478084147384,20.49285714285715,21.921428571428578,24.75,22.600000000000005,29.25,0.011393826727439724,0.011834122164225662,0.01221414011073725,0.012814143137533207,0.013514766465938039,0.0,0.0,0.0,0.0,0,12,4,2021,0,0,6,1,0,0,0,0,-1,0,0.029996475444953534,0,-0.09415584415584416,-0.09740259740259741,0.028324005162047146,0.0,0.0,0.0
2021-12-07,1395.0,1395.0,1400.0,1384.0,8710.0,0.0,0.0,0.0,0.0,0.0,0.0,0.028324005162047,NESTLE,1395.0,1394.928576885956,1395.0,1394.7928257925005,1394.5,1396.8713486701863,1417.78,1408.8576866193446,0.00035855145213338117,-0.01606737293515212,-4.177509833223212,-5.7755551422936975,1.5980453090704856,1394.5,1401.6818484645949,1387.3181515354051,0.01030024878392951,0.5348099798028951,100.0,22.764285714285716,0.016318484383000514,500469.5,0.017403657965170703,0.0,0.018025010961182204,0.028324005162047146,0.1639917908207101,0.28837740389166655,0.26873627061119587,0.07033094854848489,0,-1,0.0,0.0,0.0,0.0,0.0,0.0,0.0,0.0,0.0,0.0,0.028324005162047146,0.028324005162047146,0.028324005162047146,0.028324005162047146,0.02717528087799028,100.0,33.33333333333333,33.33333333333333,33.33333333333333,0.0,-4.517727952705172,-4.886257582259077,-5.285562562784207,-6.187545550988261,-9.205453125953,21.621428571428574,20.49285714285715,21.921428571428578,22.600000000000005,25.678571428571427,0.010885888575244975,0.011393826727439724,0.011834122164225662,0.012539408632137889,0.01346205715051046,0.0,0.0,0.0,0.0,1,12,4,2021,0,0,7,0,1,0,0,0,-1,0,0.029996475444953534,0,-0.09415584415584416,-0.09740259740259741,0.028324005162047146,0.0,0.0,0.0
2021-12-08,1395.0,1395.0,1410.0,1386.0,12120.0,0.0,0.0,0.0,0.0,0.0,0.0,0.028324005162047,NESTLE,1395.0,1394.9523845906374,1395.0,1394.8304938302276,1394.25,1396.6931249873114,1417.68,1408.31424792839,0.0005379236148466917,-0.015997968511935037,-3.8633502258433055,-5.39311415900362,1.5297639331603143,1394.25,1400.958203932498,1387.541796067502,0.009622670155994991,0.5559016994375061,100.0,24.47857142857143,0.017547363031234,484834.5,0.024998221042438193,0.0,0.0,0.028324005162047146,0.1639917908207101,0.16814338003401233,0.1780338973601924,0.06630852995160463,0,-1,0.0,0.0,0.0,0.0,0.0035906681307285,0.0,0.0,0.0,0.0,1.2892897625029588e-05,0.028324005162047146,0.028324005162047146,0.028324005162047146,0.028324005162047146,0.03065060237108806,100.0,100.0,33.33333333333333,33.33333333333333,33.33333333333333,-4.177509833223212,-4.517727952705172,-4.886257582259077,-5.718340009741269,-8.498510293269192,22.764285714285716,21.621428571428574,20.49285714285715,24.75,23.892857142857142,0.01030024878392951,0.010885888575244975,0.011393826727439724,0.01221414011073725,0.013363909138881427,0.0,0.0,0.0,0.0,2,12,4,2021,0,0,8,0,0,1,0,0,-1,0,0.029996475444953534,0,-0.09415584415584416,-0.09740259740259741,0.028324005162047146,0.0,0.0,0.0
2021-12-09,1395.0,1395.0,1400.0,1390.0,2820.0,0.0,0.0,0.0,0.0,0.0,0.0,0.028324005162047,NESTLE,1395.0,1394.9682563937583,1395.0,1394.8613131338227,1394.0,1396.5318749885198,1417.58,1407.7921205586492,0.0007173601147776184,-0.015928554296759215,-3.5731869981141244,-5.029128726825721,1.455941728711597,1394.0,1400.1558701125095,1387.8441298874905,0.008831951380931917,0.5812232862067596,100.0,24.47857142857143,0.017547363031234,480348.0,0.005870743710809663,0.0,0.0,0.028324005162047146,0.1639917908207101,0.14421754211799115,0.1458458053500924,0.06113684341348202,0,-1,0.0,0.0,0.0,0.0,0.0,0.0,0.0,0.0,0.0,0.0,0.028324005162047146,0.028324005162047146,0.028324005162047146,0.028324005162047146,0.028324005162047146,100.0,100.0,100.0,33.33333333333333,33.33333333333333,-3.8633502258433055,-4.177509833223212,-4.517727952705172,-5.285562562784207,-7.847788583408374,24.47857142857143,22.764285714285716,21.621428571428574,21.921428571428578,24.74285714285715,0.009622670155994991,0.01030024878392951,0.010885888575244975,0.011834122164225662,0.013224210768013544,0.0,0.0,0.0,0.0,3,12,4,2021,0,0,9,0,0,0,1,0,-1,0,0.029996475444953534,0,-0.09415584415584416,-0.09740259740259741,0.028324005162047146,0.0,0.0,0.0
2021-12-10,1395.0,1395.0,1395.0,1395.0,228050.0,0.0,0.0,0.0,0.0,0.0,0.0,0.028324005162047,NESTLE,1395.0,1394.978837595839,1395.0,1394.8865289276732,1393.75,1396.3859821324704,1415.7,1407.2904687720356,0.0008968609865470852,-0.014621741894469199,-3.3051310561825176,-4.6843291926970805,1.379198136514563,1393.75,1399.2511960422003,1388.2488039577997,0.007894092975354637,0.6136116573933301,100.0,24.47857142857143,0.017547363031234,488517.5,0.4668205335530457,0.0,0.0,0.028324005162047146,0.1639917908207101,0.14340853166476933,0.137813616345172,0.054489629824352286,0,-1,0.0,0.0,0.0,0.0,0.0,0.0,0.0,0.0,0.0,0.0,0.028324005162047146,0.028324005162047146,0.028324005162047146,0.028324005162047146,0.028324005162047146,100.0,100.0,100.0,33.33333333333333,33.33333333333333,-3.5731869981141244,-3.8633502258433055,-4.177509833223212,-4.886257582259077,-7.248530393820374,24.47857142857143,24.47857142857143,22.764285714285716,20.49285714285715,22.600000000000005,0.008831951380931917,0.009622670155994991,0.01030024878392951,0.011393826727439724,0.013041582352733882,0.0,0.0,0.0,0.0,4,12,4,2021,0,0,10,0,0,0,0,1,-1,0,0.029996475444953534,0,-0.09415584415584416,-0.09740259740259741,0.028324005162047146,0.0,0.0,0.0
2021-12-13,1395.0,1395.0,1395.0,1395.0,607000.0,0.0,0.0,0.0,0.0,0.0,0.0,0.028324005162047,NESTLE,1395.0,1394.9858917305594,1395.0,1394.9071600317327,1393.5,1396.25398383414,1414.0,1406.808489604505,0.001076426264800861,-0.013437057991513438,-3.0574504058806724,-4.358953435333799,1.3015030294531265,1393.5,1398.2016234598145,1388.7983765401855,0.006747934639131005,0.6595193673866827,100.0,23.050000000000004,0.01652329749103943,507679.0,1.195637400798536,0.0,0.0,0.028324005162047146,0.1639917908207101,0.09323869005780135,0.08043966031959277,0.04572788593226037,0,-1,0.0,0.0,0.0,0.0,0.0,0.0,0.0,0.0,0.0,0.0,0.028324005162047146,0.028324005162047146,0.028324005162047146,0.028324005162047146,0.028324005162047146,100.0,100.0,100.0,100.0,33.33333333333333,-3.3051310561825176,-3.5731869981141244,-3.8633502258433055,-4.517727952705172,-6.696421779256525,24.47857142857143,24.47857142857143,24.47857142857143,21.621428571428574,22.600000000000005,0.007894092975354637,0.008831951380931917,0.009622670155994991,0.010885888575244975,0.012814143137533207,0.0,0.0,0.0,0.0,0,12,4,2021,0,0,13,1,0,0,0,0,-1,0,0.029996475444953534,0,-0.09415584415584416,-0.09740259740259741,0.028324005162047146,0.0,0.0,0.0
2022-01-07,1556.5,1556.5,1450.0,1405.0,34750.0,0.0,0.0,0.0,0.0,0.0,0.6766351534367473,0.3313402184801595,NESTLE,1556.5,1537.5199811177363,1485.75,1501.9294193344315,1440.3799999999999,1463.6166049168226,1413.9520000000002,1433.4756269623565,0.08061761479609557,0.10081530348979297,39.54062108903986,21.64020266366352,17.90041842537634,1440.3799999999999,1578.962578080249,1301.7974219197508,0.19242502406344028,0.9189559813671473,100.0,71.83571428571427,0.046152081134413284,249209.0,0.13944119193127055,0.6766351534367471,0.4758289699739318,0.3313402184801594,0.22108617634248662,0.8077324644334785,0.7415637952119308,0.13220779940375857,1,1,0.0,0.0,0.0,0.0,7.168201859619732e-05,0.0,0.0,0.0,0.0,5.138311790025578e-09,0.3313402184801594,0.3313402184801594,0.3313402184801594,0.049051785173512955,0.012428498205099966,100.0,100.0,100.0,100.0,100.0,36.07156247062903,31.119104925375495,24.345326677791718,3.6350344901702556,-1.910763122920116,63.157142857142844,54.69285714285713,44.25714285714285,20.535714285714285,18.92142857142856,0.17950260399412254,0.1619274016190352,0.13778693733155126,0.025377906719245967,6.411641470796118e-05,0.0,0.0,0.0,0.0,4,1,1,2022,0,0,7,0,0,0,0,1,1,0,0.029996475444953534,0,0.0,-0.09415584415584416,0.3313402184801594,0.0,0.0,0.5769942793274973
2022-01-10,1556.5,1556.5,1556.5,1430.0,46800.0,0.0,0.0,0.0,0.0,0.0,0.0,0.3313402184801595,NESTLE,1556.5,1543.846654078491,1499.9,1511.8513430918074,1448.455,1472.4626425437918,1417.082,1438.300112179519,0.07459327352247745,0.09838386204891451,41.807939139486734,25.67374995882816,16.134189180658574,1448.455,1594.522590338748,1302.387409661252,0.20168743984279527,0.8698459040415158,100.0,79.79999999999998,0.05126887247028589,250943.0,0.18649653506971703,0.0,0.4784533053843239,0.3313402184801594,0.22108617634248662,0.7797173373725801,0.8170930699111015,0.14010276132710614,1,-1,0.0,0.0,0.0,0.0953101798043249,0.0141634338032758,0.0,0.0,0.0,0.0090840303743327,0.0002006028570997,0.3313402184801594,0.3313402184801594,0.3313402184801594,0.3313402184801594,0.049994560785611736,100.0,100.0,100.0,100.0,100.0,39.54062108903986,36.07156247062903,31.119104925375495,15.34540859919889,-0.1741237825292501,71.83571428571427,63.157142857142844,54.69285714285713,30.214285714285715,18.199999999999996,0.19242502406344028,0.17950260399412254,0.1619274016190352,0.10234274978973608,0.012810884884481368,0.0,0.0,0.0,0.0953101798043249,0,1,1,2022,0,0,10,1,0,0,0,0,1,0,0.029996475444953534,0,0.0,-0.09415584415584416,0.44692002930268,0.006605603142394,0.0812748616879414,0.5769942793274973
2022-01-18,1435.0,1435.0,1435.0,1400.9,1710.0,0.0,0.0,0.0,0.0,0.0,0.0,0.4469200293026801,NESTLE,1435.0,1444.5558105089485,1483.6,1458.0542186377174,1460.455,1455.5496413095425,1421.2820000000002,1437.5958770957157,-0.017429499710706547,0.009651849527398395,8.877887816638577,18.958472730905097,-10.08058491426652,1460.455,1592.1694994616041,1328.7405005383957,0.1803746085454248,0.4033705472668168,53.8022813688213,98.61428571428571,0.06872075659532105,221571.5,0.007717599059445822,0.0,0.40799656761831826,0.44692002930268,0.275372536377124,0.36362748290359087,0.4207184481752898,0.18651781234145873,1,-1,0.0,0.0,0.0,-0.0812748616879414,0.0,0.0,0.0,0.0,0.006605603142394,0.0,0.44692002930268,0.44692002930268,0.44692002930268,0.44692002930268,0.3313402184801594,53.8022813688213,53.8022813688213,57.051961823966074,57.06713780918729,100.0,12.068826632487571,15.966078333698533,20.70815482020862,33.415576482264214,24.345326677791718,98.5,95.29285714285713,92.42857142857143,86.04999999999998,44.25714285714285,0.18447832919776894,0.1883456880319394,0.19198973335478844,0.19865146556263133,0.13778693733155126,0.0,0.0,0.0,0.0812748616879414,1,1,1,2022,0,0,18,0,1,0,0,0,1,0,0.029996475444953534,0,-0.07805974943784132,-0.09415584415584416,0.44692002930268,0.0,0.0,0.0
2022-01-19,1435.0,1435.0,1434.0,1400.1,18380.0,0.0,0.0,0.0,0.0,0.0,0.0,0.4469200293026801,NESTLE,1435.0,1441.3705403392992,1471.45,1453.8625425217688,1462.455,1453.5925326133956,1421.9820000000002,1437.494077993923,-0.018773227210409846,0.009154827557592008,6.276692017137066,16.422116588151493,-10.145424571014427,1462.455,1591.165175854207,1333.7448241457928,0.17601933167749728,0.39334565111969544,53.8022813688213,98.60714285714286,0.06871577899452465,220574.0,0.08332804410311279,0.0,0.40799656761831826,0.44692002930268,0.254696429259433,0.34236720353157696,0.39048587322820094,0.18451324226468513,1,-1,0.0,0.0,0.0,0.0,0.0,0.0,0.0,0.0,0.0,0.0,0.44692002930268,0.44692002930268,0.44692002930268,0.44692002930268,0.3313402184801594,53.8022813688213,53.8022813688213,53.8022813688213,57.06713780918729,100.0,8.877887816638577,12.068826632487571,15.966078333698533,26.459559283787485,31.119104925375495,98.61428571428571,98.5,95.29285714285713,87.79999999999998,54.69285714285713,0.1803746085454248,0.18447832919776894,0.1883456880319394,0.19542173382261188,0.1619274016190352,0.0,0.0,0.0,0.0,2,1,1,2022,0,0,19,0,0,1,0,0,1,0,0.029996475444953534,0,-0.07805974943784132,-0.09415584415584416,0.44692002930268,0.0,0.0,0.0
2022-01-20,1435.0,1435.0,1500.0,1400.1,82700.0,0.0,0.0,0.0,0.0,0.0,0.0,0.4469200293026801,NESTLE,1435.0,1439.2470268928662,1459.3,1450.4329893359927,1464.455,1451.8218152216436,1422.682,1437.3962710137691,-0.020113284464186285,0.008658294685671137,4.167188846392264,13.971131039799648,-9.803942193407384,1464.455,1589.9549010274293,1338.9550989725706,0.1713946840666724,0.38264930984462603,53.8022813688213,103.88571428571429,0.07239422598307615,224519.5,0.36834217072459186,0.0,0.40799656761831826,0.44692002930268,0.254696429259433,0.4163773364495614,0.4537186554309801,0.18000681601406548,1,-1,0.0,0.0,0.0,0.0,0.0,0.0,0.0,0.0,0.0,0.0,0.44692002930268,0.44692002930268,0.44692002930268,0.44692002930268,0.3313402184801594,53.8022813688213,53.8022813688213,53.8022813688213,57.051961823966074,100.0,6.276692017137066,8.877887816638577,12.068826632487571,20.70815482020862,36.07156247062903,98.60714285714286,98.61428571428571,98.5,92.42857142857143,63.157142857142844,0.17601933167749728,0.1803746085454248,0.18447832919776894,0.19198973335478844,0.17950260399412254,0.0,0.0,0.0,0.0,3,1,1,2022,0,0,20,0,0,0,1,0,1,0,0.029996475444953534,0,-0.07805974943784132,-0.09415584415584416,0.44692002930268,0.0,0.0,0.0
2022-01-21,1435.0,1435.0,1509.5,1411.1,53830.0,0.0,0.0,0.0,0.0,0.0,0.0,0.4469200293026801,NESTLE,1435.0,1437.8313512619109,1447.15,1447.626991274903,1466.45,1450.2197375814872,1423.382,1437.3022996014645,-0.021446350028981584,0.008162250190040297,2.4669548653653237,11.670295804912785,-9.203340939547461,1466.45,1588.5297409806171,1344.370259019383,0.166496970207804,0.371190748983513,0.0,100.52142857142859,0.07004977600796417,208287.0,0.25844147738457035,0.0,0.40799656761831826,0.44692002930268,0.254696429259433,0.4750554434805408,0.5134061732454083,0.17280291097701245,1,-1,0.0,0.0,0.0,0.0,0.0,0.0,0.0,0.0,0.0,0.0,0.44692002930268,0.44692002930268,0.44692002930268,0.44692002930268,0.3313402184801594,53.8022813688213,53.8022813688213,53.8022813688213,53.8022813688213,100.0,4.167188846392264,6.276692017137066,8.877887816638577,15.966078333698533,39.54062108903986,103.88571428571429,98.60714285714286,98.61428571428571,95.29285714285713,71.83571428571427,0.1713946840666724,0.17601933167749728,0.1803746085454248,0.1883456880319394,0.19242502406344028,0.0,0.0,0.0,0.0,4,1,1,2022,0,0,21,0,0,0,0,1,1,0,0.029996475444953534,0,-0.07805974943784132,-0.09409090909090916,0.44692267401007785,0.0,0.0,0.0
2022-01-24,1435.0,1435.0,1435.0,1409.0,112740.0,0.0,0.0,0.0,0.0,0.0,0.0,0.446922674010078,NESTLE,1435.0,1436.8875675079407,1435.0,1445.3311746794661,1467.45,1448.7702387642028,1424.082,1437.2120133425835,-0.022113189546492246,0.007666693350523278,1.1067492692291125,9.55758649777605,-8.450837228546938,1467.45,1588.074209841971,1346.8257901580291,0.16439975446110044,0.365491346875919,0.0,88.3357142857143,0.06155798904927826,191177.5,0.5897137476952047,0.0,0.40799656761831826,0.44692267401007785,0.254696429259433,0.44265582471870724,0.4548112474274098,0.162542431593765,1,1,0.0,0.0,0.0,0.0,0.0,0.0,0.0,0.0,0.0,0.0,0.44692002930268,0.44692002930268,0.44692002930268,0.44692002930268,0.3313402184801594,0.0,53.8022813688213,53.8022813688213,53.8022813688213,100.0,2.4669548653653237,4.167188846392264,6.276692017137066,12.068826632487571,41.807939139486734,100.52142857142859,103.88571428571429,98.60714285714286,98.5,79.79999999999998,0.166496970207804,0.1713946840666724,0.17601933167749728,0.18447832919776894,0.20168743984279527,0.0,0.0,0.0,0.0,0,1,1,2022,0,0,24,1,0,0,0,0,1,0,0.029996475444953534,0,-0.07805974943784132,-0.08116883116883117,0.44448980665250376,0.0,0.0,0.0
2022-01-25,1435.0,1435.0,1415.0,1404.1,18530.0,0.0,0.0,0.0,0.0,0.0,0.0,0.4444898066525038,NESTLE,1435.0,1436.2583783386272,1435.0,1443.4527792831996,1468.45,1447.4587874533263,1424.7820000000002,1437.1252677213058,-0.022779120841703866,0.007171623448359009,0.02844859682340939,7.651758917585522,-7.623310320762113,1468.45,1587.565556454535,1349.334443545465,0.16223304362359625,0.3595901282937484,0.0,80.10714285714289,0.05582379293180689,191563.5,0.09673032701950006,0.0,0.0,0.44448980665250376,0.254696429259433,0.43187621616013555,0.4181797652458112,0.15234939813868775,1,-1,0.0,0.0,0.0,0.0,-0.0812748616879414,0.0,0.0,0.0,0.0,0.006605603142394,0.44692267401007785,0.44692002930268,0.44692002930268,0.44692002930268,0.44692002930268,0.0,0.0,53.8022813688213,53.8022813688213,57.06713780918729,1.1067492692291125,2.4669548653653237,4.167188846392264,8.877887816638577,33.415576482264214,88.3357142857143,100.52142857142859,103.88571428571429,98.61428571428571,86.04999999999998,0.16439975446110044,0.166496970207804,0.1713946840666724,0.1803746085454248,0.19865146556263133,0.0,0.0,0.0,0.0,1,1,1,2022,0,0,25,0,1,0,0,0,1,0,0.029996475444953534,0,-0.07805974943784132,-0.08116883116883117,0.44448980665250376,0.0,0.0,0.0
2022-01-26,1435.0,1435.0,1415.0,1407.0,47430.0,0.0,0.0,0.0,0.0,0.0,0.0,0.4444898066525038,NESTLE,1435.0,1435.8389188924182,1435.0,1441.9159103226177,1469.45,1446.2722362672953,1425.4820000000002,1437.0419238890977,-0.0234441457688251,0.00667703976619824,-0.8166980678456639,5.958067520499285,-6.774765588344949,1469.45,1587.001735530853,1351.898264469147,0.1599941958295321,0.3534687733684791,0.0,71.14285714285718,0.049576903932304656,193726.0,0.24483032736958385,0.0,0.0,0.44448980665250376,0.254696429259433,0.42035348456546956,0.3771989037289318,0.13867439488725455,1,-1,0.0,0.0,0.0,0.0,0.0,0.0,0.0,0.0,0.0,0.0,0.44448980665250376,0.44692267401007785,0.44692002930268,0.44692002930268,0.44692002930268,0.0,0.0,0.0,53.8022813688213,57.06713780918729,0.02844859682340939,1.1067492692291125,2.4669548653653237,6.276692017137066,26.459559283787485,80.10714285714289,88.3357142857143,100.52142857142859,98.60714285714286,87.79999999999998,0.16223304362359625,0.16439975446110044,0.166496970207804,0.17601933167749728,0.19542173382261188,0.0,0.0,0.0,0.0,2,1,1,2022,0,0,26,0,0,1,0,0,1,0,0.029996475444953534,0,-0.07805974943784132,-0.08116883116883117,0.44448980665250376,0.0,0.0,0.0
2022-01-27,1435.0,1435.0,1435.0,1410.0,44260.0,0.0,0.0,0.0,0.0,0.0,0.0,0.4444898066525038,NESTLE,1435.0,1435.5592792616121,1435.0,1440.6584720821418,1470.45,1445.1986899561243,1426.182,1436.9618484424664,-0.02410826617702067,0.006182941588100245,-1.4695429126111321,4.472545433877202,-5.942088346488334,1470.45,1586.3805145788897,1354.5194854211104,0.157680321777537,0.3471066908968275,0.0,62.10714285714289,0.04328023892483825,195822.5,0.22602101392843008,0.0,0.0,0.44448980665250376,0.2545742985414578,0.3097800092185132,0.2619267446739962,0.12044173521780462,1,-1,0.0,0.0,0.0,0.0,0.0,0.0,0.0,0.0,0.0,0.0,0.44448980665250376,0.44448980665250376,0.44692267401007785,0.44692002930268,0.44692002930268,0.0,0.0,0.0,53.8022813688213,57.051961823966074,-0.8166980678456639,0.02844859682340939,1.1067492692291125,4.167188846392264,20.70815482020862,71.14285714285718,80.10714285714289,88.3357142857143,103.88571428571429,92.42857142857143,0.1599941958295321,0.16223304362359625,0.16439975446110044,0.1713946840666724,0.19198973335478844,0.0,0.0,0.0,0.0,3,1,1,2022,0,0,27,0,0,0,1,0,1,0,0.029996475444953534,0,-0.07805974943784132,-0.08116883116883117,0.44448980665250376,0.0,0.0,0.0
2022-01-28,1435.0,1435.0,1430.0,1405.0,15850.0,0.0,0.0,0.0,0.0,0.0,0.0,0.4444898066525038,NESTLE,1435.0,1435.3728528410747,1435.0,1439.6296589762978,1471.45,1444.2273861507792,1427.082,1436.8849132094285,-0.024771483910428518,0.005548384745936038,-1.9642841110728568,3.1851795248871904,-5.149463635960047,1471.45,1585.6994500735345,1357.2005499264656,0.15528825318364128,0.34048063261337497,0.0,55.214285714285744,0.03847685415629669,196590.0,0.08062465028740018,0.0,0.0,0.44448980665250376,0.2545742985414578,0.1379067504031834,0.15018936088967438,0.09506424389858165,1,-1,0.0,0.0,0.0,0.0,0.0,0.0,0.0,0.0,0.0,0.0,0.44448980665250376,0.44448980665250376,0.44448980665250376,0.44692002930268,0.44692002930268,0.0,0.0,0.0,0.0,53.8022813688213,-1.4695429126111321,-0.8166980678456639,0.02844859682340939,2.4669548653653237,15.966078333698533,62.10714285714289,71.14285714285718,80.10714285714289,100.52142857142859,95.29285714285713,0.157680321777537,0.1599941958295321,0.16223304362359625,0.166496970207804,0.1883456880319394,0.0,0.0,0.0,0.0,4,1,1,2022,0,0,28,0,0,0,0,1,1,0,0.029996475444953534,0,-0.07805974943784132,-0.08116883116883117,0.44448980665250376,0.0,0.0,0.0
2022-03-29,1395.0,1395.0,1434.3,1400.0,99010.0,0.0,0.0,0.0,0.0,0.0,0.0,0.1724264729794423,NESTLE,1395.0,1398.481211046136,1411.0,1406.6419324637186,1421.0,1416.2304050710743,1429.4,1425.954515288192,-0.018296973961998593,-0.024066041695816488,-10.418376142058605,-6.58085905516032,-3.837517086898285,1421.0,1460.1488387943675,1381.8511612056325,0.05510040646638638,0.16793395665491986,0.0,68.00714285714284,0.048750640040962606,171991.0,0.575669657133222,0.0,0.1419164520534636,0.17242647297944205,0.27111435133622325,0.21131270000138552,0.1856236251250434,0.06808901066244942,0,-1,0.0,0.0,0.0,-0.0282704339382554,0.0,0.0,0.0,0.0,0.0007992174350572,0.0,0.17242647297944205,0.17242647297944205,0.17242647297944205,0.17242647297944205,0.14191645205346384,50.0,33.33333333333333,33.33333333333333,33.33333333333333,50.0,-9.807601714073371,-8.88537541924029,-7.579037487737196,-3.448182659470831,-1.3350468381700011,68.05714285714284,67.08571428571427,70.54285714285713,75.25,59.76428571428572,0.052864353729487126,0.049882010758660486,0.046014446064085404,0.03441436820411411,0.024966564996508588,0.0,0.0,0.0,0.0282704339382554,1,3,1,2022,0,0,29,0,1,0,0,0,-1,0,0.029996475444953534,0,-0.1037584323803405,-0.1037584323803405,0.17242647297944205,0.0,0.0,0.0
2022-03-30,1395.0,1395.0,1434.3,1396.2,14770.0,0.0,0.0,0.0,0.0,0.0,0.0,0.1724264729794423,NESTLE,1395.0,1397.3208073640908,1407.0,1404.5252174703153,1419.0,1414.208461730972,1428.6,1424.7406127278707,-0.016913319238900635,-0.02351952960940775,-10.778175182308587,-7.420322280589974,-3.357852901718613,1419.0,1459.2099751960027,1378.7900248039973,0.05667367892318913,0.20156659034216634,0.0,60.56428571428569,0.04341525857654888,171848.5,0.08594779704216214,0.0,0.1419164520534636,0.17242647297944205,0.27111435133622325,0.2404765766341519,0.24606485761625874,0.06382229693537886,0,-1,0.0,0.0,0.0,0.0,0.0,0.0,0.0,0.0,0.0,0.0,0.17242647297944205,0.17242647297944205,0.17242647297944205,0.17242647297944205,0.14191645205346384,0.0,50.0,33.33333333333333,33.33333333333333,50.0,-10.418376142058605,-9.807601714073371,-8.88537541924029,-5.801434709887872,-1.0256562949157342,68.00714285714284,68.05714285714284,67.08571428571427,71.74285714285715,66.10714285714286,0.05510040646638638,0.052864353729487126,0.049882010758660486,0.041018619849687576,0.024966564996508588,0.0,0.0,0.0,0.0,2,3,1,2022,0,0,30,0,0,1,0,0,-1,0,0.029996475444953534,0,-0.1037584323803405,-0.1037584323803405,0.17242647297944205,0.0,0.0,0.0
2022-03-31,1395.0,1395.0,1434.4,1390.0,4430.0,0.0,0.0,0.0,0.0,0.0,0.0,0.1724264729794423,NESTLE,1395.0,1396.547204909394,1403.0,1402.7933597484398,1417.0,1412.3790844232603,1427.8,1423.574314189523,-0.015525758645024701,-0.022972405098753295,-10.937240810056437,-8.123705986483268,-2.8135348235731694,1417.0,1457.8334228427232,1376.1665771572768,0.05763362433694166,0.23061283541258934,0.0,60.87857142857141,0.04364055299539169,170258.5,0.026019258950360776,0.0,0.1419164520534636,0.17242647297944205,0.18926085794101413,0.2613958125107933,0.27113538370162543,0.05804207214856962,0,-1,0.0,0.0,0.0,0.0,0.0,0.0,0.0,0.0,0.0,0.0,0.17242647297944205,0.17242647297944205,0.17242647297944205,0.17242647297944205,0.14191645205346384,0.0,0.0,50.0,33.33333333333333,50.0,-10.778175182308587,-10.418376142058605,-9.807601714073371,-7.579037487737196,-0.7715679058142086,60.56428571428569,68.00714285714284,68.05714285714284,70.54285714285713,70.67857142857143,0.05667367892318913,0.05510040646638638,0.052864353729487126,0.046014446064085404,0.024966564996508588,0.0,0.0,0.0,0.0,3,3,1,2022,0,1,31,0,0,0,1,0,-1,0,0.029996475444953534,0,-0.1037584323803405,-0.1037584323803405,0.17242647297944205,0.0,0.0,0.0
2022-04-01,1395.0,1395.0,1434.0,1365.0,7260.0,0.0,0.0,0.0,0.0,0.0,0.0,0.1724264729794423,NESTLE,1395.0,1396.031469939596,1399.0,1401.3763852487234,1415.0,1410.723933525807,1427.0,1422.4537528487574,-0.014134275618374558,-0.02242466713384723,-10.93722395646796,-8.686409580480207,-2.250814375987753,1415.0,1456.0391340834062,1373.9608659165938,0.05800584322742929,0.2563301413797763,0.0,56.87857142857141,0.04077316948284689,168807.5,0.04300756779171542,0.0,0.1419164520534636,0.17242647297944205,0.18926085794101413,0.33545935739006255,0.3818434980267048,0.0502285081658556,0,-1,0.0,0.0,0.0,0.0,0.0,0.0,0.0,0.0,0.0,0.0,0.17242647297944205,0.17242647297944205,0.17242647297944205,0.17242647297944205,0.14191645205346384,0.0,0.0,0.0,33.33333333333333,50.0,-10.937240810056437,-10.778175182308587,-10.418376142058605,-8.88537541924029,-0.5637030094433158,60.87857142857141,60.56428571428569,68.00714285714284,67.08571428571427,73.20714285714287,0.05763362433694166,0.05667367892318913,0.05510040646638638,0.049882010758660486,0.024966564996508588,0.0,0.0,0.0,0.0,4,4,2,2022,1,0,1,0,0,0,0,1,-1,0,0.029996475444953534,0,-0.1037584323803405,-0.1037584323803405,0.17242647297944205,0.0,0.0,0.0
2022-04-04,1395.0,1395.0,1399.9,1366.0,21260.0,0.0,0.0,0.0,0.0,0.0,0.0,0.1724264729794423,NESTLE,1395.0,1395.6876466263975,1395.0,1400.2170424762282,1413.0,1409.2264160471589,1426.2,1421.3771350899826,-0.012738853503184714,-0.02187631468237277,-10.812570023240824,-9.11164166903233,-1.700928354208493,1413.0,1453.8334228427232,1372.1665771572768,0.05779677684744963,0.27959231988302763,0.0,50.64999999999999,0.03630824372759856,164126.5,0.12953423121799343,0.0,0.1419164520534636,0.17242647297944205,0.18926085794101413,0.3113303307346051,0.35111175806479394,0.03918352033585871,0,-1,0.0,0.0,0.0,0.0,0.0,0.0,0.0,0.0,0.0,0.0,0.17242647297944205,0.17242647297944205,0.17242647297944205,0.17242647297944205,0.14191645205346384,0.0,0.0,0.0,50.0,50.0,-10.93722395646796,-10.937240810056437,-10.778175182308587,-9.807601714073371,-0.3944219309826167,56.87857142857141,60.87857142857141,60.56428571428569,68.05714285714284,75.85714285714286,0.05800584322742929,0.05763362433694166,0.05667367892318913,0.052864353729487126,0.024966564996508588,0.0,0.0,0.0,0.0,0,4,2,2022,0,0,4,1,0,0,0,0,-1,0,0.029996475444953534,0,-0.1037584323803405,-0.1037584323803405,0.17242647297944205,0.0,0.0,0.0
2022-04-05,1395.0,1395.0,1390.0,1365.1,6290.0,0.0,0.0,0.0,0.0,0.0,0.0,0.1724264729794423,NESTLE,1395.0,1395.4584310842652,1395.0,1399.2684892987322,1413.0,1407.8715192807629,1425.4,1420.3427376354737,-0.012738853503184714,-0.021327346709695588,-10.591686514037292,-9.407650638033324,-1.1840358760039678,1413.0,1453.8334228427232,1372.1665771572768,0.05779677684744963,0.27959231988302763,0.0,43.949999999999996,0.03150537634408602,149006.0,0.042213065245694806,0.0,0.0,0.17242647297944205,0.18926085794101413,0.3036712836365815,0.3373530232692261,0.020154846546909105,0,-1,0.0,0.0,0.0,0.0,-0.0282704339382554,0.0,0.0,0.0,0.0,0.0007992174350572,0.17242647297944205,0.17242647297944205,0.17242647297944205,0.17242647297944205,0.17242647297944205,0.0,0.0,0.0,0.0,33.33333333333333,-10.812570023240824,-10.93722395646796,-10.937240810056437,-10.418376142058605,-3.448182659470831,50.64999999999999,56.87857142857141,60.87857142857141,68.00714285714284,75.25,0.05779677684744963,0.05800584322742929,0.05763362433694166,0.05510040646638638,0.03441436820411411,0.0,0.0,0.0,0.0,1,4,2,2022,0,0,5,0,1,0,0,0,-1,0,0.029996475444953534,0,-0.1037584323803405,-0.1037584323803405,0.14191645205346384,0.0,0.0,0.0
2022-04-06,1395.0,1395.0,1387.7,1365.6,5060.0,0.0,0.0,0.0,0.0,0.0,0.0,0.141916452053464,NESTLE,1395.0,1395.3056207228435,1395.0,1398.4924003353265,1411.0,1406.6456603016427,1424.6,1419.348904787024,-0.011339475549255847,-0.02077776217885716,-10.297926653390277,-9.585705841104716,-0.7122208122855618,1411.0,1451.2099751960027,1370.7900248039973,0.05699500382140707,0.30104439356144425,0.0,38.99285714285715,0.027951868919610857,113606.0,0.04453990106156365,0.0,0.0,0.14191645205346384,0.18926085794101413,0.28935312560464105,0.31295250011960984,0.015614001001802175,0,-1,0.0,0.0,0.0,0.0,0.0,0.0,0.0,0.0,0.0,0.0,0.17242647297944205,0.17242647297944205,0.17242647297944205,0.17242647297944205,0.17242647297944205,0.0,0.0,0.0,0.0,33.33333333333333,-10.591686514037292,-10.812570023240824,-10.93722395646796,-10.778175182308587,-5.801434709887872,43.949999999999996,50.64999999999999,56.87857142857141,60.56428571428569,71.74285714285715,0.05779677684744963,0.05779677684744963,0.05800584322742929,0.05667367892318913,0.041018619849687576,0.0,0.0,0.0,0.0,2,4,2,2022,0,0,6,0,0,1,0,0,-1,0,0.029996475444953534,0,-0.1037584323803405,-0.1037584323803405,0.09793165586615574,0.0,0.0,0.0
2022-04-07,1395.0,1395.0,1387.0,1365.2,11690.0,0.0,0.0,0.0,0.0,0.0,0.0,0.0979316558661559,NESTLE,1395.0,1395.2037471485623,1395.0,1397.8574184561762,1409.0,1405.5365497967243,1423.8,1418.394045775768,-0.0099361249112846,-0.020227560050568867,-9.950417626918806,-9.658648198267533,-0.2917694286512731,1409.0,1448.1488387943675,1369.8511612056325,0.05556967891322572,0.32119520742957225,0.0,36.121428571428574,0.025893497183819766,113117.0,0.10334432490253455,0.0,0.0,0.09793165586615574,0.18926085794101413,0.26517109548506473,0.2779290314588946,0.020154846546909102,0,-1,0.0,0.0,0.0,0.0,0.0,0.0,0.0,0.0,0.0,0.0,0.14191645205346384,0.17242647297944205,0.17242647297944205,0.17242647297944205,0.17242647297944205,0.0,0.0,0.0,0.0,33.33333333333333,-10.297926653390277,-10.591686514037292,-10.812570023240824,-10.937240810056437,-7.579037487737196,38.99285714285715,43.949999999999996,50.64999999999999,60.87857142857141,70.54285714285713,0.05699500382140707,0.05779677684744963,0.05779677684744963,0.05763362433694166,0.046014446064085404,0.0,0.0,0.0,0.0,3,4,2,2022,0,0,7,0,0,0,1,0,-1,0,0.029996475444953534,0,-0.1037584323803405,-0.1037584323803405,0.09793165586615574,0.0,0.0,0.0
2022-04-08,1395.0,1395.0,1386.1,1321.0,9120.0,0.0,0.0,0.0,0.0,0.0,0.0,0.0979316558661559,NESTLE,1395.0,1395.135831432375,1395.0,1397.3378878277806,1407.0,1404.533068863703,1423.0,1417.4766322159342,-0.008528784648187633,-0.019676739283204497,-9.564757647467559,-9.63987008810754,0.07511244063998035,1407.0,1444.61298767853,1369.38701232147,0.053465511980853,0.3404806326133761,0.0,36.478571428571435,0.026149513568868413,113504.0,0.08034959120383423,0.0,0.0,0.09793165586615574,0.09845676234275225,0.2611053202290634,0.2752164252428698,0.023652187505098704,0,-1,0.0,0.0,0.0,0.0,0.0,0.0,0.0,0.0,0.0,0.0,0.09793165586615574,0.14191645205346384,0.17242647297944205,0.17242647297944205,0.17242647297944205,0.0,0.0,0.0,0.0,33.33333333333333,-9.950417626918806,-10.297926653390277,-10.591686514037292,-10.93722395646796,-8.88537541924029,36.121428571428574,38.99285714285715,43.949999999999996,56.87857142857141,67.08571428571427,0.05556967891322572,0.05699500382140707,0.05779677684744963,0.05800584322742929,0.049882010758660486,0.0,0.0,0.0,0.0,4,4,2,2022,0,0,8,0,0,0,0,1,-1,0,0.029996475444953534,0,-0.1037584323803405,-0.1037584323803405,0.09793165586615574,0.0,0.0,0.0
2022-05-24,1401.4,1401.4,1410.0,1400.3,13580.0,0.0,0.0,0.0,0.0,0.0,0.0,0.1506648632708978,NESTLE,1401.4,1401.3456032483787,1400.8400000000001,1401.5834553878967,1403.42,1401.989542498794,1404.7679999999998,1406.7518541616055,-0.0014393410383206607,-0.002397548919109569,-0.8705793037977401,-0.9675198804157532,0.09694057661801314,1403.42,1428.8751494118371,1377.964850588163,0.03627588236142716,0.4603223699983342,3.3816425120775193,27.071428571428605,0.01931741727660097,132641.0,0.10238161654390422,0.0,0.005017451851190823,0.15066486327089762,0.13052081589042688,0.19212696788297917,0.2126807526432852,0.06465945885800631,0,-1,0.0,0.0,0.0,0.0009995003330836,0.0,0.0,0.0,0.0,9.990009158343174e-07,0.0,0.15066486327089762,0.15066486327089762,0.15066486327089762,0.15066486327089762,0.1506393184192061,3.3816425120775193,53.703703703703745,53.703703703703745,53.703703703703745,52.94117647058823,-0.9126022416444357,-0.9529645769810031,-0.9906202911454329,-1.0523290544269912,-0.19688475215525614,31.735714285714316,33.378571428571455,34.19285714285718,36.128571428571455,43.92142857142861,0.03666393880013757,0.03702461355712718,0.037358667931300604,0.03794954623370711,0.03901289666960258,0.0,0.0,0.0,0.0009995003330836,1,5,2,2022,0,0,24,0,1,0,0,0,-1,0,0.029996475444953534,0,-0.09964664310954058,-0.1037584323803405,0.15066486327089762,0.0,0.0,0.007095748456508661
2022-05-25,1401.4,1401.4,1410.0,1401.4,7630.0,0.0,0.0,0.0,0.0,0.0,0.0,0.1506648632708978,NESTLE,1401.4,1401.3637354989191,1400.98,1401.5500998628245,1403.74,1401.933395594147,1404.096,1406.5419775278172,-0.0016669753658084248,-0.001920096631569289,-0.8277342179769676,-0.9395627479279961,0.11182852995102854,1403.74,1428.908769285931,1378.571230714069,0.03585958836526838,0.4535138175924249,100.0,24.828571428571454,0.017716976900650386,133005.5,0.05736604877241919,0.0,0.005017451851190823,0.15066486327089762,0.13052081589042688,0.1656763762244748,0.17338110143261742,0.05992329646121207,0,-1,0.0,0.0,0.0,0.0,0.0,0.0,0.0,0.0,0.0,0.0,0.15066486327089762,0.15066486327089762,0.15066486327089762,0.15066486327089762,0.1506393184192061,3.3816425120775193,3.3816425120775193,53.703703703703745,53.703703703703745,52.94117647058823,-0.8705793037977401,-0.9126022416444357,-0.9529645769810031,-1.02427365298945,-0.5151923295086362,27.071428571428605,31.735714285714316,33.378571428571455,35.16428571428575,42.49285714285718,0.03627588236142716,0.03666393880013757,0.03702461355712718,0.0376667786395813,0.03883363005399208,0.0,0.0,0.0,0.0,2,5,2,2022,0,0,25,0,0,1,0,0,-1,0,0.029996475444953534,0,-0.09964664310954058,-0.1037584323803405,0.15066486327089762,0.0,0.0,0.007095748456508661
2022-05-26,1401.4,1401.4,1414.0,1400.0,39050.0,0.0,0.0,0.0,0.0,0.0,0.0,0.1506648632708978,NESTLE,1401.4,1401.3758236659462,1401.1200000000001,1401.5228089786744,1404.06,1401.8825960137522,1403.424,1406.3403313502558,-0.0018945059327947912,-0.001442187108101249,-0.7847332622145586,-0.9085968507853086,0.12386358857074997,1404.06,1428.9217567232972,1379.1982432767027,0.03541409444510531,0.446504182516048,100.0,25.828571428571454,0.018430549042793957,131550.5,0.2968441777112212,0.0,0.005017451851190823,0.15066486327089762,0.13052081589042688,0.13615672038465512,0.1412274763684975,0.053783478234150785,0,-1,0.0,0.0,0.0,0.0,0.0,0.0,0.0,0.0,0.0,0.0,0.15066486327089762,0.15066486327089762,0.15066486327089762,0.15066486327089762,0.1506393184192061,100.0,3.3816425120775193,3.3816425120775193,53.703703703703745,52.94117647058823,-0.8277342179769676,-0.8705793037977401,-0.9126022416444357,-0.9906202911454329,-0.7587074704038059,24.828571428571454,27.071428571428605,31.735714285714316,34.19285714285718,41.407142857142894,0.03585958836526838,0.03627588236142716,0.03666393880013757,0.037358667931300604,0.03863978289101792,0.0,0.0,0.0,0.0,3,5,2,2022,0,0,26,0,0,0,1,0,-1,0,0.029996475444953534,0,-0.09964664310954058,-0.1037584323803405,0.15066486327089762,0.0,0.0,0.007095748456508661
2022-05-27,1401.4,1401.4,1425.0,1402.0,35370.0,0.0,0.0,0.0,0.0,0.0,0.0,0.1506648632708978,NESTLE,1401.4,1401.3838824439642,1401.26,1401.5004800734607,1404.38,1401.8366344886329,1402.7520000000002,1406.1465928659322,-0.002121932810208076,-0.0009638196915777622,-0.7421002255093754,-0.8752975257301221,0.13319730022074672,1404.38,1428.9133371472158,1379.8466628527844,0.034938317474210195,0.4392663137893121,100.0,25.41428571428573,0.018134926298191613,128573.5,0.2750955679047393,0.0,0.005017451851190823,0.15066486327089762,0.13052081589042688,0.11215558474082085,0.12310566868977885,0.045677443408813856,0,-1,0.0,0.0,0.0,0.0,0.0,0.0,0.0,0.0,0.0,0.0,0.15066486327089762,0.15066486327089762,0.15066486327089762,0.15066486327089762,0.1506393184192061,100.0,100.0,3.3816425120775193,53.703703703703745,52.94117647058823,-0.7847332622145586,-0.8277342179769676,-0.8705793037977401,-0.9529645769810031,-0.9408494472256734,25.828571428571454,24.828571428571454,27.071428571428605,33.378571428571455,40.335714285714324,0.03541409444510531,0.03585958836526838,0.03627588236142716,0.03702461355712718,0.03843114938186987,0.0,0.0,0.0,0.0,4,5,2,2022,0,0,27,0,0,0,0,1,-1,0,0.029996475444953534,0,-0.09964664310954058,-0.1037584323803405,0.1507228551908502,9.99000915834248e-07,0.0009995003330836,0.007095748456508661
2022-06-06,1400.0,1400.0,1400.0,1400.0,119740.0,0.0,0.0,0.0,0.0,0.0,0.0,0.005017451851191,NESTLE,1400.0,1400.1214931089353,1400.56,1400.4501208994322,1400.63,1401.00746176445,1399.352,1404.83492644171,-0.0004497975910840901,0.00046307147879869455,-0.8793018629880862,-0.8761454315390758,-0.003156431449010455,1400.63,1402.0591697994946,1399.2008302005056,0.002040752803373485,0.2795923198828648,0.0,22.27142857142857,0.01590816326530612,91525.0,1.3082764272056815,0.0,0.00501745185119082,0.005017451851191328,0.1305244181605898,0.2367115428284889,0.2077568847641768,0.04501092763711966,0,-1,0.0,0.0,0.0,-0.0009995003330836,0.0,0.0,0.0,0.0,9.99000915834248e-07,0.0,0.005017451851191328,0.0977156821188488,0.0977156821188488,0.1507228551908502,0.15066486327089762,50.0,50.0,50.0,50.0,3.3816425120775193,-0.8911860629655166,-0.893391917293684,-0.8832125980209184,-0.8119222027289652,-0.9126022416444357,22.371428571428574,20.91428571428571,23.407142857142862,23.021428571428583,31.735714285714316,0.002040752803373485,0.002040752803373485,0.002040752803373485,0.034501492125344195,0.03666393880013757,0.0,0.0,0.0,0.0009995003330836,0,6,2,2022,0,0,6,1,0,0,0,0,1,0,0.029996475444953534,0,-0.1005460970125281,-0.1005460970125281,0.005017451851191328,0.0,0.0,0.0
2022-06-07,1400.0,1400.0,1408.9,1375.9,64300.0,0.0,0.0,0.0,0.0,0.0,0.0,0.005017451851191,NESTLE,1400.0,1400.0809954059569,1400.42,1400.368280735899,1400.63,1400.9115130249786,1399.4520000000002,1404.6453214832118,-0.0004497975910840901,0.00039158184775167306,-0.8599703460486126,-0.8729104144409832,0.012940068392370607,1400.63,1402.0591697994946,1399.2008302005056,0.002040752803373485,0.2795923198828648,0.0,22.235714285714284,0.015882653061224487,92746.5,0.6932876173224866,0.0,0.00501745185119082,0.005017451851191328,0.1305244181605898,0.21070051960351036,0.18313378605512742,0.052542341780574396,0,-1,0.0,0.0,0.0,0.0,0.0,0.0,0.0,0.0,0.0,0.0,0.005017451851191328,0.005017451851191328,0.0977156821188488,0.1507228551908502,0.15066486327089762,0.0,50.0,50.0,50.0,3.3816425120775193,-0.8793018629880862,-0.8911860629655166,-0.893391917293684,-0.857373356359858,-0.8705793037977401,22.27142857142857,22.371428571428574,20.91428571428571,24.028571428571436,27.071428571428605,0.002040752803373485,0.002040752803373485,0.002040752803373485,0.025163351809670276,0.03627588236142716,0.0,0.0,0.0,0.0,1,6,2,2022,0,0,7,0,1,0,0,0,1,0,0.029996475444953534,0,-0.1005460970125281,-0.1005460970125281,0.005017451851191328,0.0,0.0,0.0
2022-06-08,1400.0,1400.0,1429.0,1381.0,50560.0,0.0,0.0,0.0,0.0,0.0,0.0,0.005017451851191,NESTLE,1400.0,1400.0539969373046,1400.28,1400.301320602099,1400.63,1400.824702260695,1399.5520000000001,1404.463152013282,-0.0004497975910840901,0.00032010243277839294,-0.8350243388049421,-0.8653331993137751,0.03030886050883297,1400.63,1402.0591697994946,1399.2008302005056,0.002040752803373485,0.2795923198828648,0.0,23.20714285714285,0.016576530612244893,88287.0,0.5726777441752466,0.0,0.00501745185119082,0.005017451851191328,0.1305244181605898,0.24330275523700123,0.21765124526423066,0.058261754999039995,0,-1,0.0,0.0,0.0,0.0,0.0,0.0,0.0,0.0,0.0,0.0,0.005017451851191328,0.005017451851191328,0.005017451851191328,0.0977156821188488,0.15066486327089762,0.0,0.0,50.0,50.0,100.0,-0.8599703460486126,-0.8793018629880862,-0.8911860629655166,-0.8832125980209184,-0.8277342179769676,22.235714285714284,22.27142857142857,22.371428571428574,23.407142857142862,24.828571428571454,0.002040752803373485,0.002040752803373485,0.002040752803373485,0.002040752803373485,0.03585958836526838,0.0,0.0,0.0,0.0,2,6,2,2022,0,0,8,0,0,1,0,0,1,0,0.029996475444953534,0,-0.1005460970125281,-0.1005460970125281,0.005017451851191328,0.0,0.0,0.0
2022-06-09,1400.0,1400.0,1400.0,1400.0,484670.0,0.0,0.0,0.0,0.0,0.0,0.0,0.005017451851191,NESTLE,1400.0,1400.035997958203,1400.1399999999999,1400.2465350380808,1400.63,1400.7461591882477,1399.652,1404.288126444134,-0.0004497975910840901,0.00024863323168898864,-0.805963799354231,-0.8534593193218664,0.04749551996763535,1400.63,1402.0591697994946,1399.2008302005056,0.002040752803373485,0.2795923198828648,0.0,20.742857142857133,0.014816326530612238,106279.0,4.560355291261679,0.0,0.00501745185119082,0.005017451851191328,0.1175870010955021,0.24330275523700123,0.21765124526423066,0.06266727099609833,0,-1,0.0,0.0,0.0,0.0,0.0,0.0,0.0,0.0,0.0,0.0,0.005017451851191328,0.005017451851191328,0.005017451851191328,0.0977156821188488,0.15066486327089762,0.0,0.0,0.0,50.0,100.0,-0.8350243388049421,-0.8599703460486126,-0.8793018629880862,-0.893391917293684,-0.7847332622145586,23.20714285714285,22.235714285714284,22.27142857142857,20.91428571428571,25.828571428571454,0.002040752803373485,0.002040752803373485,0.002040752803373485,0.002040752803373485,0.03541409444510531,0.0,0.0,0.0,0.0,3,6,2,2022,0,0,9,0,0,0,1,0,1,0,0.029996475444953534,0,-0.1005460970125281,-0.1005460970125281,0.005017451851191328,0.0,0.0,0.0
2022-06-10,1400.0,1400.0,1410.0,1375.9,18630.0,0.0,0.0,0.0,0.0,0.0,0.0,0.005017451851191,NESTLE,1400.0,1400.0239986388021,1400.0,1400.2017104857023,1400.63,1400.6750964084144,1399.7520000000002,1404.1199646227956,-0.0004497975910840901,0.0001771742422942206,-0.7740107977974731,-0.8375696150169878,0.06355881721951473,1400.63,1402.0591697994946,1399.2008302005056,0.002040752803373485,0.2795923198828648,0.0,21.60714285714284,0.015433673469387742,107138.5,0.17388707140757056,0.0,0.00501745185119082,0.005017451851191328,0.10266333048061711,0.20573542623075503,0.184874981860923,0.06602243524270737,0,-1,0.0,0.0,0.0,0.0,0.0,0.0,0.0,0.0,0.0,0.0,0.005017451851191328,0.005017451851191328,0.005017451851191328,0.005017451851191328,0.15066486327089762,0.0,0.0,0.0,50.0,100.0,-0.805963799354231,-0.8350243388049421,-0.8599703460486126,-0.8911860629655166,-0.7421002255093754,20.742857142857133,23.20714285714285,22.235714285714284,22.371428571428574,25.41428571428573,0.002040752803373485,0.002040752803373485,0.002040752803373485,0.002040752803373485,0.034938317474210195,0.0,0.0,0.0,0.0,4,6,2,2022,0,0,10,0,0,0,0,1,1,0,0.029996475444953534,0,-0.1005460970125281,-0.1005460970125281,0.005017451851191328,0.0,0.0,0.0
2022-06-14,1400.0,1400.0,1410.0,1378.0,50000.0,0.0,0.0,0.0,0.0,0.0,0.0,0.005017451851191,NESTLE,1400.0,1400.015999092535,1400.0,1400.165035851938,1400.63,1400.610801512375,1399.852,1403.9583973826861,-0.0004497975910840901,0.00010572546240596211,-0.7401557589960248,-0.8180868438127953,0.07793108481677047,1400.63,1402.0591697994946,1399.2008302005056,0.002040752803373485,0.2795923198828648,0.0,23.19999999999998,0.01657142857142856,107622.5,0.4645868661292945,0.0,0.0,0.005017451851191328,0.10266333048061711,0.22783084070298143,0.2364122679283109,0.0684818034181734,0,-1,0.0,0.0,0.0,0.0,-0.0009995003330836,0.0,0.0,0.0,0.0,9.99000915834248e-07,0.005017451851191328,0.005017451851191328,0.005017451851191328,0.005017451851191328,0.1507228551908502,0.0,0.0,0.0,0.0,50.0,-0.7740107977974731,-0.805963799354231,-0.8350243388049421,-0.8793018629880862,-0.8119222027289652,21.60714285714284,20.742857142857133,23.20714285714285,22.27142857142857,23.021428571428583,0.002040752803373485,0.002040752803373485,0.002040752803373485,0.002040752803373485,0.034501492125344195,0.0,0.0,0.0,0.0,1,6,2,2022,0,0,14,0,1,0,0,0,1,0,0.029996475444953534,0,-0.1005460970125281,-0.1005460970125281,0.005017451851191328,0.0,0.0,0.0
2022-06-15,1400.0,1400.0,1405.0,1381.0,38220.0,0.0,0.0,0.0,0.0,0.0,0.0,0.005017451851191,NESTLE,1400.0,1400.01066606169,1400.0,1400.1350293334037,1400.56,1400.5526299397677,1399.9520000000002,1403.803166112777,-0.0003998400639743713,3.428688983606183e-05,-0.7051963324822736,-0.7955087415466909,0.09031240906441729,1400.56,1401.967349131859,1399.1526508681409,0.0020096948818459246,0.301044393561318,0.0,24.299999999999986,0.01735714285714285,100800.5,0.3791647858889589,0.0,0.0,0.005017451851191328,0.10266333048061711,0.21700615126308645,0.22188318644848995,0.07013966913367928,0,-1,0.0,0.0,0.0,0.0,0.0,0.0,0.0,0.0,0.0,0.0,0.005017451851191328,0.005017451851191328,0.005017451851191328,0.005017451851191328,0.1507228551908502,0.0,0.0,0.0,0.0,50.0,-0.7401557589960248,-0.7740107977974731,-0.805963799354231,-0.8599703460486126,-0.857373356359858,23.19999999999998,21.60714285714284,20.742857142857133,22.235714285714284,24.028571428571436,0.002040752803373485,0.002040752803373485,0.002040752803373485,0.002040752803373485,0.025163351809670276,0.0,0.0,0.0,0.0,2,6,2,2022,0,0,15,0,0,1,0,0,1,0,0.029996475444953534,0,-0.1005460970125281,-0.1005460970125281,0.0034623707181657333,0.0,0.0,0.0
2022-06-16,1400.0,1400.0,1405.0,1380.0,60750.0,0.0,0.0,0.0,0.0,0.0,0.0,0.0034623707181651,NESTLE,1400.0,1400.0071107077933,1400.0,1400.110478545512,1400.4900000000002,1400.4999985169327,1400.0520000000001,1403.6540223436486,-0.0003498775428601678,-3.7141477602356625e-05,-0.6697700429629094,-0.7703610018299347,0.10059095886702529,1400.4900000000002,1401.860209357802,1399.1197906421985,0.0019567570747406134,0.3211952074293395,0.0,25.08571428571427,0.017918367346938763,103405.5,0.5874929283258628,0.0,0.0,0.0034623707181657333,0.10266333048061711,0.17813043059916497,0.18548459579322657,0.07113727110643646,0,-1,0.0,0.0,0.0,0.0,0.0,0.0,0.0,0.0,0.0,0.0,0.005017451851191328,0.005017451851191328,0.005017451851191328,0.005017451851191328,0.0977156821188488,0.0,0.0,0.0,0.0,50.0,-0.7051963324822736,-0.7401557589960248,-0.7740107977974731,-0.8350243388049421,-0.8832125980209184,24.299999999999986,23.19999999999998,21.60714285714284,23.20714285714285,23.407142857142862,0.0020096948818459246,0.002040752803373485,0.002040752803373485,0.002040752803373485,0.002040752803373485,0.0,0.0,0.0,0.0,3,6,2,2022,0,0,16,0,0,0,1,0,-1,0,0.029996475444953534,0,-0.1005460970125281,-0.1005460970125281,0.0034623707181657333,0.0,0.0,0.0
2022-06-17,1400.0,1400.0,1404.9,1380.1,39330.0,0.0,0.0,0.0,0.0,0.0,0.0,0.0034623707181651,NESTLE,1400.0,1400.0047404718623,1400.0,1400.0903915372369,1400.42,1400.4523796105582,1400.152,1403.5107273497802,-0.0002999100269919544,-0.00010855964209603218,-0.6343816959838477,-0.7431651406607174,0.10878344467686962,1400.42,1401.7364545687476,1399.1035454312525,0.0018800853583175491,0.3404806326132246,0.0,25.171428571428578,0.0179795918367347,98609.0,0.3988479753369368,0.0,0.0,0.0034623707181657333,0.10266333048061711,0.19364021983559393,0.22546831831767894,0.07140214149401933,0,-1,0.0,0.0,0.0,0.0,0.0,0.0,0.0,0.0,0.0,0.0,0.0034623707181657333,0.005017451851191328,0.005017451851191328,0.005017451851191328,0.0977156821188488,0.0,0.0,0.0,0.0,50.0,-0.6697700429629094,-0.7051963324822736,-0.7401557589960248,-0.805963799354231,-0.893391917293684,25.08571428571427,24.299999999999986,23.19999999999998,20.742857142857133,20.91428571428571,0.0019567570747406134,0.0020096948818459246,0.002040752803373485,0.002040752803373485,0.002040752803373485,0.0,0.0,0.0,0.0,4,6,2,2022,0,0,17,0,0,0,0,1,-1,0,0.029996475444953534,0,-0.1005460970125281,-0.1005460970125281,0.0034623707181657333,0.0,0.0,0.0
2022-08-11,1300.0,1300.0,1369.0,1300.0,38440.0,0.0,0.0,0.0,0.0,0.0,0.0,0.3777398587174823,NESTLE,1300.0,1300.1209571726101,1292.4599999999998,1307.574729705826,1339.3449999999998,1328.8770420625813,1375.7379999999998,1362.1029770282335,-0.029376299609137155,-0.055052633568310125,-26.71929460255319,-24.9923804406795,-1.7269141618736903,1339.3449999999998,1454.7876624597227,1223.902337540277,0.1723867449532763,0.32959072858473365,21.49372862029648,87.88571428571431,0.06760439560439563,62775.0,0.6123456790123457,0.0,0.14773145720064676,0.37773985871748195,0.21620582509958566,0.6969830052068823,0.6448204273217676,0.1907558825429034,1,-1,0.0,0.0,0.0,0.0,-0.103536782844534,0.0,0.0,0.0,0.0,0.0107198654017962,0.37773985871748195,0.37773985871748195,0.37773985871748195,0.37773985871748195,0.35866193667791724,21.49372862029648,21.49372862029648,21.49372862029648,21.49372862029648,0.0,-27.633465014774856,-28.398337577068332,-28.961526373638208,-29.21332865881027,-11.08126095845796,90.01428571428573,83.51428571428573,85.86428571428574,92.48571428571431,87.47857142857144,0.17394401930812778,0.17413945395391334,0.1730076559050406,0.16674361840687849,0.08840808131467125,0.0,0.0,0.0,0.0,3,8,3,2022,0,0,11,0,0,0,1,0,-1,0,0.029996475444953534,0,-0.1647928043687761,-0.18901381304208162,0.37773985871748195,0.0,0.0,0.0
2022-08-12,1300.0,1300.0,1360.0,1320.0,6550.0,0.0,0.0,0.0,0.0,0.0,0.0,0.3777398587174823,NESTLE,1300.0,1300.0806381150735,1296.23,1306.1975061229487,1334.3449999999998,1326.1268475804306,1373.7379999999998,1359.6675661643812,-0.025739220366546738,-0.053676902000235734,-25.698570836823365,-25.133618519908275,-0.5649523169150896,1334.3449999999998,1447.3632002110605,1221.326799788939,0.1693987690006119,0.3480554462207824,21.49372862029648,85.02857142857145,0.06540659340659342,62657.0,0.1045374020460603,0.0,0.14773145720064676,0.37773985871748195,0.21620582509958566,0.6939034460985373,0.6364794795106569,0.18923871905807038,1,-1,0.0,0.0,0.0,0.0,0.0,0.0,0.0,0.0,0.0,0.0,0.37773985871748195,0.37773985871748195,0.37773985871748195,0.37773985871748195,0.35866193667791724,21.49372862029648,21.49372862029648,21.49372862029648,21.49372862029648,0.0,-26.71929460255319,-27.633465014774856,-28.398337577068332,-29.259101508552703,-19.555233685080793,87.88571428571431,90.01428571428573,83.51428571428573,88.65000000000002,94.4357142857143,0.1723867449532763,0.17394401930812778,0.17413945395391334,0.1705519533341763,0.12229764389643193,0.0,0.0,0.0,0.0,4,8,3,2022,0,0,12,0,0,0,0,1,-1,0,0.029996475444953534,0,-0.1647928043687761,-0.18901381304208162,0.37773985871748195,0.0,0.0,0.0
2022-08-15,1300.0,1300.0,1380.0,1321.1,56990.0,0.0,0.0,0.0,0.0,0.0,0.0,0.3777398587174823,NESTLE,1300.0,1300.0537587433823,1300.0,1305.0706868278671,1329.3449999999998,1323.6385763822946,1371.7379999999998,1357.3276616089154,-0.022074781189232145,-0.052297158786881924,-24.60599727863837,-25.028094271654297,0.42209699301592707,1329.3449999999998,1438.9291800914518,1219.7608199085478,0.16486943583712588,0.36610749847509777,21.49372862029648,81.67142857142859,0.06282417582417583,65273.5,0.8730955134932247,0.0,0.14773145720064676,0.37773985871748195,0.21620582509958566,0.7071455356163738,0.6677313617170425,0.1858905996631325,1,-1,0.0,0.0,0.0,0.0,0.0,0.0,0.0,0.0,0.0,0.0,0.37773985871748195,0.37773985871748195,0.37773985871748195,0.37773985871748195,0.35866193667791724,21.49372862029648,21.49372862029648,21.49372862029648,21.49372862029648,0.0,-25.698570836823365,-26.71929460255319,-27.633465014774856,-28.961526373638208,-25.97153444029732,85.02857142857145,87.88571428571431,90.01428571428573,85.86428571428574,96.42857142857144,0.1693987690006119,0.1723867449532763,0.17394401930812778,0.1730076559050406,0.14628989102198062,0.0,0.0,0.0,0.0,0,8,3,2022,0,0,15,1,0,0,0,0,-1,0,0.029996475444953534,0,-0.1647928043687761,-0.18901381304208162,0.37773985871748195,0.0,0.0,0.0
2022-08-16,1300.0,1300.0,1355.0,1321.0,3360.0,0.0,0.0,0.0,0.0,0.0,0.0,0.3777398587174823,NESTLE,1300.0,1300.035839162255,1300.0,1304.148743768255,1324.3449999999998,1321.3872833935047,1369.7379999999998,1355.0795180164089,-0.01838267218889323,-0.0509133863556387,-23.469582128736874,-24.716391843070813,1.2468097143339385,1324.3449999999998,1429.3866353542476,1219.303364645752,0.15863182985437752,0.38411737918065786,21.49372862029648,76.31428571428573,0.058703296703296715,63605.5,0.052825620425906564,0.0,0.0,0.37773985871748195,0.21620582509958566,0.7066942061351499,0.6662013211528337,0.18060972698573313,1,-1,0.0,0.0,0.0,0.0,0.0294288106908121,0.0,0.0,0.0,0.0,0.0008660548986756,0.37773985871748195,0.37773985871748195,0.37773985871748195,0.37773985871748195,0.37773985871748195,21.49372862029648,21.49372862029648,21.49372862029648,21.49372862029648,21.49372862029648,-24.60599727863837,-25.698570836823365,-26.71929460255319,-28.398337577068332,-27.695171391646,81.67142857142859,85.02857142857145,87.88571428571431,83.51428571428573,97.40000000000002,0.16486943583712588,0.1693987690006119,0.1723867449532763,0.17413945395391334,0.15475924284751186,0.0,0.0,0.0,0.0,1,8,3,2022,0,0,16,0,1,0,0,0,-1,0,0.029996475444953534,0,-0.1647928043687761,-0.18901381304208162,0.37773985871748195,0.0,0.0,0.0
2022-08-17,1300.0,1300.0,1300.0,1300.0,2080000.0,0.0,0.0,0.0,0.0,0.0,0.0,0.3777398587174823,NESTLE,1300.0,1300.0238927748367,1300.0,1303.394426719481,1319.3449999999998,1319.35039926079,1367.7379999999998,1352.9195369177262,-0.014662578779621557,-0.04952556703111256,-22.31176875341521,-24.235467225139693,1.9236984717244852,1319.3449999999998,1418.5834576345492,1220.1065423654504,0.15043594758694562,0.4025327455650372,100.0,66.47857142857144,0.05113736263736265,166872.5,12.46460621132901,0.0,0.0,0.37773985871748195,0.21617418060206026,0.33338113965604266,0.3380971718217226,0.17321942185264763,1,-1,0.0,0.0,0.0,0.0,0.0,0.0,0.0,0.0,0.0,0.0,0.37773985871748195,0.37773985871748195,0.37773985871748195,0.37773985871748195,0.37773985871748195,21.49372862029648,21.49372862029648,21.49372862029648,21.49372862029648,21.49372862029648,-23.469582128736874,-24.60599727863837,-25.698570836823365,-27.633465014774856,-28.729984713738077,76.31428571428573,81.67142857142859,85.02857142857145,90.01428571428573,95.55000000000004,0.15863182985437752,0.16486943583712588,0.1693987690006119,0.17394401930812778,0.16151703842140336,0.0,0.0,0.0,0.0,2,8,3,2022,0,0,17,0,0,1,0,0,-1,0,0.029996475444953534,0,-0.1647928043687761,-0.18901381304208162,0.37773985871748195,0.0,0.0,0.016364115750378123
2022-08-18,1300.0,1300.0,1350.0,1301.7,38400.0,0.0,0.0,0.0,0.0,0.0,0.0,0.3777398587174823,NESTLE,1300.0,1300.0159285165578,1300.0,1302.77725822503,1314.3449999999998,1317.5075040930958,1365.7379999999998,1350.8442609601684,-0.010914181588547758,-0.04813368303437397,-21.150384841087316,-23.61845074832922,2.468065907241904,1314.3449999999998,1406.281235912094,1222.4087640879056,0.1398966571365877,0.4219839715119731,100.0,62.02857142857145,0.04771428571428573,167125.0,0.22976813762154077,0.0,0.0,0.37773985871748195,0.21617418060206026,0.2943706869457816,0.3037873891475072,0.16343377532943518,1,-1,0.0,0.0,0.0,0.0,0.0,0.0,0.0,0.0,0.0,0.0,0.37773985871748195,0.37773985871748195,0.37773985871748195,0.37773985871748195,0.37773985871748195,100.0,21.49372862029648,21.49372862029648,21.49372862029648,21.49372862029648,-22.31176875341521,-23.469582128736874,-24.60599727863837,-26.71929460255319,-29.21332865881027,66.47857142857144,76.31428571428573,81.67142857142859,87.88571428571431,92.48571428571431,0.15043594758694562,0.15863182985437752,0.16486943583712588,0.1723867449532763,0.16674361840687849,0.0,0.0,0.0,0.0,3,8,3,2022,0,0,18,0,0,0,1,0,-1,0,0.029996475444953534,0,-0.1647928043687761,-0.18901381304208162,0.37773985871748195,0.0,0.0,0.02539170709502833
2022-08-19,1300.0,1300.0,1350.0,1300.8,14430.0,0.0,0.0,0.0,0.0,0.0,0.0,0.3777398587174823,NESTLE,1300.0,1300.0106190110387,1300.0,1302.2723021841152,1309.3449999999998,1315.8401227508962,1363.7379999999998,1348.8503683734953,-0.007137156364441611,-0.04673771648219807,-19.999438643780877,-22.894648327419553,2.895209683638676,1309.3449999999998,1392.0840183522546,1226.605981647745,0.12638230313974513,0.443527248775093,100.0,62.0357142857143,0.04771978021978023,167626.0,0.08608449763163233,0.0,0.0,0.37773985871748195,0.21617418060206026,0.3090439278527606,0.32011336915989724,0.1507871543476481,1,-1,0.0,0.0,0.0,0.0,0.0,0.0,0.0,0.0,0.0,0.0,0.37773985871748195,0.37773985871748195,0.37773985871748195,0.37773985871748195,0.37773985871748195,100.0,100.0,21.49372862029648,21.49372862029648,21.49372862029648,-21.150384841087316,-22.31176875341521,-23.469582128736874,-25.698570836823365,-29.259101508552703,62.02857142857145,66.47857142857144,76.31428571428573,85.02857142857145,88.65000000000002,0.1398966571365877,0.15043594758694562,0.15863182985437752,0.1693987690006119,0.1705519533341763,0.0,0.0,0.0,0.0,4,8,3,2022,0,0,19,0,0,0,0,1,-1,0,0.029996475444953534,0,-0.1647928043687761,-0.18901381304208162,0.37773985871748195,0.0,0.0,0.21880370763524642
2022-09-02,1350.0,1350.0,1387.0,1339.0,3710.0,0.0,0.0,0.0,0.0,0.0,0.0,0.1109492254096061,NESTLE,1350.0,1345.8856894082426,1331.0400000000002,1335.8437305775874,1315.52,1328.9239364069613,1349.9459999999997,1343.7306816452574,0.026210167842374132,4.000160006423568e-05,2.7667579715241573,-5.861662091985791,8.62842006350995,1315.52,1361.964878478064,1269.075121521936,0.07061067635317454,0.8711927033707809,100.0,33.85000000000001,0.025074074074074082,273870.5,0.013546548459947311,0.0,0.15895262231848034,0.11094922540960585,0.22638990396258257,0.28353323816826104,0.2935440844227511,0.11578723211188652,0,-1,0.0,0.0,0.0,0.0320641602538457,0.0,0.0,0.0,0.0,0.0010281103727843,0.0,0.11094922540960585,0.11094922540960585,0.14618346637687787,0.14618346637687787,0.37773985871748195,100.0,100.0,100.0,100.0,100.0,1.26122337649781,-0.6787313011755032,-3.144946452661543,-10.115458273231297,-19.999438643780877,36.13571428571429,37.99285714285715,40.064285714285724,53.57142857142857,62.0357142857143,0.06693848499001687,0.062041759074873,0.055584927998450946,0.0443781548462067,0.12638230313974513,0.0,0.0,0.0,0.0320641602538457,4,9,3,2022,0,0,2,0,0,0,0,1,1,0,0.029996475444953534,0,-0.1326694506906521,-0.1647928043687761,0.11094922540960585,0.0,0.0,0.0
2022-09-07,1350.0,1350.0,1380.5,1300.9,3340.0,0.0,0.0,0.0,0.0,0.0,0.0,0.1109492254096061,NESTLE,1350.0,1348.7809450098498,1345.7400000000002,1342.246491052638,1323.02,1334.3903768292134,1346.9459999999997,1344.4397024137243,0.020392737827092576,0.0022673514751150496,5.384997153916402,-0.659942267034459,6.044939420950861,1323.02,1373.209854290327,1272.830145709673,0.07587164863770321,0.7687794214736323,100.0,41.72142857142858,0.030904761904761914,273731.0,0.01220176012216373,0.0,0.15996702616829922,0.11094922540960585,0.22638990396258257,0.4357625818616977,0.4941257992048941,0.1298647781389548,0,-1,0.0,0.0,0.0,0.0,0.002305033675217,0.0,0.0,0.0,0.0,5.313180243884621e-06,0.11094922540960585,0.11094922540960585,0.11094922540960585,0.11094922540960585,0.37809541741805003,100.0,100.0,100.0,100.0,100.0,4.769610792962794,3.9147778625385854,2.7667579715241573,-0.6787313011755032,-16.46597277380738,39.607142857142875,34.9857142857143,33.85000000000001,37.99285714285715,56.99285714285715,0.07498226766756123,0.07325247273242524,0.07061067635317454,0.062041759074873,0.04292641487995919,0.0,0.0,0.0,0.0,2,9,3,2022,0,0,7,0,0,1,0,0,1,0,0.029996475444953534,0,-0.1326694506906521,-0.1647928043687761,0.11094922540960585,0.0,0.0,0.0
2022-09-08,1350.0,1350.0,1380.0,1312.5,30330.0,0.0,0.0,0.0,0.0,0.0,0.0,0.1109492254096061,NESTLE,1350.0,1349.1872966732333,1350.0,1343.6562199521584,1325.52,1335.8770076073838,1345.9459999999997,1344.6577532994606,0.018468223791417722,0.0030120079111645754,5.805769976271449,0.6332001816267228,5.172569794644726,1325.52,1375.8627243475846,1275.1772756524153,0.07595920747719331,0.7431334449739064,100.0,42.97142857142858,0.03183068783068784,273325.5,0.11096659477436244,0.0,0.16096080701265236,0.11094922540960585,0.22638990396258257,0.47341980399579564,0.5502935819650077,0.13168032477415254,0,-1,0.0,0.0,0.0,0.0,0.003371134053784,0.0,0.0,0.0,0.0,1.1364544808582816e-05,0.11094922540960585,0.11094922540960585,0.11094922540960585,0.11094922540960585,0.3786594617958363,100.0,100.0,100.0,100.0,100.0,5.384997153916402,4.769610792962794,3.9147778625385854,1.26122337649781,-14.905897695660997,41.72142857142858,39.607142857142875,34.9857142857143,36.13571428571429,54.092857142857156,0.07587164863770321,0.07498226766756123,0.07325247273242524,0.06693848499001687,0.03673783594845584,0.0,0.0,0.0,0.0,3,9,3,2022,0,0,8,0,0,0,1,0,1,0,0.029996475444953534,0,-0.1326694506906521,-0.1647928043687761,0.11094922540960585,0.0,0.0,0.0
2022-09-09,1350.0,1350.0,1360.0,1318.0,88300.0,0.0,0.0,0.0,0.0,0.0,0.0,0.1109492254096061,NESTLE,1350.0,1349.4581977821556,1350.0,1344.8096345063113,1328.02,1337.2220545019186,1344.9459999999997,1344.8672531700702,0.016550955557898237,0.0037577716874880596,6.069272672119041,1.7204146797251867,4.348857992393855,1328.02,1377.9912591080326,1278.0487408919673,0.07525678695807692,0.7199264176281965,100.0,42.61428571428572,0.03156613756613757,277413.0,0.3182979889190485,0.0,0.0,0.11094922540960585,0.22638990396258257,0.4684709865741487,0.5416485328098241,0.13219537063170722,0,-1,0.0,0.0,0.0,0.0,0.0320641602538457,0.0,0.0,0.0,0.0,0.0010281103727843,0.11094922540960585,0.11094922540960585,0.11094922540960585,0.11094922540960585,0.14618346637687787,100.0,100.0,100.0,100.0,100.0,5.805769976271449,5.384997153916402,4.769610792962794,2.7667579715241573,-10.115458273231297,42.97142857142858,41.72142857142858,39.607142857142875,33.85000000000001,53.57142857142857,0.07595920747719331,0.07587164863770321,0.07498226766756123,0.07061067635317454,0.0443781548462067,0.0,0.0,0.0,0.0,4,9,3,2022,0,0,9,0,0,0,0,1,1,0,0.029996475444953534,0,-0.1326694506906521,-0.1647928043687761,0.11094922540960585,0.0,0.0,0.0
2022-09-12,1350.0,1350.0,1388.8,1349.0,2930.0,0.0,0.0,0.0,0.0,0.0,0.0,0.1109492254096061,NESTLE,1350.0,1349.6387985214371,1350.0,1345.7533373233457,1330.52,1338.439001692212,1343.9459999999997,1345.0685373594793,0.014640892282716545,0.0045046452759265,6.206555152659348,2.617642774312019,3.588912378347329,1330.52,1379.583550625694,1281.456449374306,0.07375094042283319,0.698518041922944,100.0,42.24285714285715,0.03129100529100529,274710.0,0.010665793018091806,0.0,0.0,0.11094922540960585,0.22638990396258257,0.42978242654326076,0.4890422412220345,0.13142520630596102,0,-1,0.0,0.0,0.0,0.0,0.0,0.0,0.0,0.0,0.0,0.0,0.11094922540960585,0.11094922540960585,0.11094922540960585,0.11094922540960585,0.14618346637687787,100.0,100.0,100.0,100.0,100.0,6.069272672119041,5.805769976271449,5.384997153916402,3.9147778625385854,-6.246989115792303,42.61428571428572,42.97142857142858,41.72142857142858,34.9857142857143,53.564285714285724,0.07525678695807692,0.07595920747719331,0.07587164863770321,0.07325247273242524,0.04691286196065253,0.0,0.0,0.0,0.0,0,9,3,2022,0,0,12,1,0,0,0,0,1,0,0.029996475444953534,0,-0.1326694506906521,-0.1647928043687761,0.11094922540960585,0.0,0.0,0.0
2022-09-13,1350.0,1350.0,1387.9,1350.1,12680.0,0.0,0.0,0.0,0.0,0.0,0.0,0.1109492254096061,NESTLE,1350.0,1349.7591990142914,1350.0,1346.52545781001,1333.02,1339.5400491500968,1342.9459999999997,1345.2619280512645,0.012737993428455701,0.005252631155683338,6.2433826784085795,3.342790755131331,2.9005919232772484,1333.02,1380.6089239656726,1285.4310760343274,0.07140016498728094,0.6784028570623726,100.0,44.7357142857143,0.033137566137566146,275176.0,0.04607959996511324,0.0,0.0,0.11094922540960585,0.22638990396258257,0.39616868597335864,0.44360664419306517,0.12934687642520099,0,-1,0.0,0.0,0.0,0.0,0.0,0.0,0.0,0.0,0.0,0.0,0.11094922540960585,0.11094922540960585,0.11094922540960585,0.11094922540960585,0.14618346637687787,100.0,100.0,100.0,100.0,100.0,6.206555152659348,6.069272672119041,5.805769976271449,4.769610792962794,-3.144946452661543,42.24285714285715,42.61428571428572,42.97142857142858,39.607142857142875,40.064285714285724,0.07375094042283319,0.07525678695807692,0.07595920747719331,0.07498226766756123,0.055584927998450946,0.0,0.0,0.0,0.0,1,9,3,2022,0,0,13,0,1,0,0,0,1,0,0.029996475444953534,0,-0.1326694506906521,-0.1647928043687761,0.11094922540960585,0.0,0.0,0.0
2022-09-14,1350.0,1350.0,1350.0,1350.0,1210000.0,0.0,0.0,0.0,0.0,0.0,0.0,0.1109492254096061,NESTLE,1350.0,1349.8394660095278,1350.0,1347.1571927536445,1335.52,1340.5362349453258,1341.9459999999997,1345.4477347943523,0.010842218761231594,0.006001731813351891,6.201086492845434,3.9144499026741517,2.286636590171282,1335.52,1381.0122827463485,1290.0277172536514,0.0681266963375293,0.659147872186764,100.0,44.42142857142858,0.03290476190476191,231676.0,5.222811167319878,0.0,0.0,0.11094922540960585,0.22638990396258257,0.304686881884728,0.31027772750228017,0.125895610652754,0,-1,0.0,0.0,0.0,0.0,0.0,0.0,0.0,0.0,0.0,0.0,0.11094922540960585,0.11094922540960585,0.11094922540960585,0.11094922540960585,0.11094922540960585,100.0,100.0,100.0,100.0,100.0,6.2433826784085795,6.206555152659348,6.069272672119041,5.384997153916402,-0.6787313011755032,44.7357142857143,42.24285714285715,42.61428571428572,41.72142857142858,37.99285714285715,0.07140016498728094,0.07375094042283319,0.07525678695807692,0.07587164863770321,0.062041759074873,0.0,0.0,0.0,0.0,2,9,3,2022,0,0,14,0,0,1,0,0,1,0,0.029996475444953534,0,-0.1326694506906521,-0.1647928043687761,0.11094922540960585,0.0,0.0,0.0
2022-10-17,1215.0,1215.0,1093.5,1093.5,311950.0,0.0,0.0,0.0,0.0,0.0,0.0,0.3649795324620227,NESTLE,1215.0,1216.560705507644,1215.0,1229.8064411126265,1275.75,1258.7394910091941,1305.508,1299.9747743579283,-0.047619047619047616,-0.06932780189780532,-34.423436332192296,-29.14215318426557,-5.281283147926725,1275.75,1413.5628020941908,1137.9371979058092,0.2160498563107048,0.27959231988302785,0.0,125.05000000000003,0.1029218106995885,44338.5,7.035646221680932,0.0,0.0,0.36497953246202247,0.30848229605342026,0.0,0.0,0.15135879213568537,1,-1,0.0,0.0,0.0,0.0,-0.1053605156578262,0.0,0.0,0.0,0.0,0.011100838259683,0.36497953246202247,0.36497953246202247,0.36497953246202247,0.36497953246202247,0.36497953246202247,0.0,0.0,0.0,0.0,0.0,-35.00262915899407,-35.232760670163316,-35.01401564376238,-32.72129313422511,-6.907748076753933,125.65714285714287,125.90714285714287,126.43571428571431,118.00000000000003,96.80000000000004,0.21599544254424285,0.21378755415038328,0.20942695414584794,0.19388137978623796,0.08989217999999159,0.0,0.0,0.0,0.0,0,10,4,2022,0,0,17,1,0,0,0,0,-1,0,0.029996475444953534,0,-0.2194025056215869,-0.2194025056215869,0.36497953246202247,0.0,0.0,0.0
2022-10-18,1215.0,1215.0,1093.5,1093.5,7150.0,0.0,0.0,0.0,0.0,0.0,0.0,0.3649795324620227,NESTLE,1215.0,1216.0404703384293,1215.0,1227.1143609103308,1269.0,1254.5738251987948,1303.808,1296.6424302654607,-0.0425531914893617,-0.06811432358138621,-33.577362905698465,-30.02919512855215,-3.5481677771463147,1269.0,1404.7086662865095,1133.2913337134905,0.21388284678724898,0.3010443935614448,0.0,124.15714285714287,0.10218694885361554,44007.5,0.1624723058569562,0.0,0.0,0.36497953246202247,0.30848229605342026,0.0,0.0,0.1516723107618247,1,-1,0.0,0.0,0.0,0.0,0.0,0.0,0.0,0.0,0.0,0.0,0.36497953246202247,0.36497953246202247,0.36497953246202247,0.36497953246202247,0.36497953246202247,0.0,0.0,0.0,0.0,0.0,-34.423436332192296,-35.00262915899407,-35.232760670163316,-34.225522673428486,-15.451888101052191,125.05000000000003,125.65714285714287,125.90714285714287,118.11428571428574,102.62857142857148,0.2160498563107048,0.21599544254424285,0.21378755415038328,0.20284372432314746,0.12436101237395814,0.0,0.0,0.0,0.0,1,10,4,2022,0,0,18,0,1,0,0,0,-1,0,0.029996475444953534,0,-0.2194025056215869,-0.2194025056215869,0.36497953246202247,0.0,0.0,0.0
2022-10-19,1215.0,1215.0,1093.5,1093.5,68320.0,0.0,0.0,0.0,0.0,0.0,0.0,0.3649795324620227,NESTLE,1215.0,1215.6936468922863,1215.0,1224.9117498357252,1262.25,1250.8048894655763,1302.108,1293.4407663334819,-0.0374331550802139,-0.06689767669041274,-32.53183685467707,-30.529723473777135,-2.0021133808999316,1262.25,1394.3773309309902,1130.1226690690098,0.2093520791142645,0.32119520742957197,0.0,123.20000000000002,0.10139917695473252,43712.5,1.5629396625679153,0.0,0.0,0.36497953246202247,0.30848229605342026,0.0,0.0,0.15097086931157777,1,-1,0.0,0.0,0.0,0.0,0.0,0.0,0.0,0.0,0.0,0.0,0.36497953246202247,0.36497953246202247,0.36497953246202247,0.36497953246202247,0.36497953246202247,0.0,0.0,0.0,0.0,0.0,-33.577362905698465,-34.423436332192296,-35.00262915899407,-35.01401564376238,-21.969925007826305,124.15714285714287,125.05000000000003,125.65714285714287,126.43571428571431,108.48571428571434,0.21388284678724898,0.2160498563107048,0.21599544254424285,0.20942695414584794,0.14877057808427335,0.0,0.0,0.0,0.0,2,10,4,2022,0,0,19,0,0,1,0,0,-1,0,0.029996475444953534,0,-0.2194025056215869,-0.2194025056215869,0.36497953246202247,0.0,0.0,0.0
2022-10-20,1215.0,1215.0,1093.5,1093.5,3220.0,0.0,0.0,0.0,0.0,0.0,0.0,0.3649795324620227,NESTLE,1215.0,1215.4624312615242,1215.0,1223.109613501957,1255.5,1247.3948999926643,1300.4080000000001,1290.364657849816,-0.03225806451612903,-0.06567784879822341,-31.341959329179417,-30.692170644857594,-0.6497886843218232,1255.5,1382.4438334150393,1128.5561665849607,0.2022203638630654,0.3404806326133764,0.0,122.2357142857143,0.10060552616108172,43791.0,0.07353109086341943,0.0,0.0,0.36497953246202247,0.30848229605342026,0.0,0.0,0.14924015727464088,1,-1,0.0,0.0,0.0,0.0,0.0,0.0,0.0,0.0,0.0,0.0,0.36497953246202247,0.36497953246202247,0.36497953246202247,0.36497953246202247,0.36497953246202247,0.0,0.0,0.0,0.0,0.0,-32.53183685467707,-33.577362905698465,-34.423436332192296,-35.232760670163316,-26.826279564326796,123.20000000000002,124.15714285714287,125.05000000000003,125.90714285714287,117.0571428571429,0.2093520791142645,0.21388284678724898,0.2160498563107048,0.21378755415038328,0.1675066697281884,0.0,0.0,0.0,0.0,3,10,4,2022,0,0,20,0,0,0,1,0,-1,0,0.029996475444953534,0,-0.2194025056215869,-0.2194025056215869,0.36497953246202247,0.0,0.0,0.0
2022-12-05,963.9,963.9,1048.0,977.5,35600.0,0.0,0.0,0.0,0.0,0.0,0.0,0.5030198034373472,NESTLE,963.9,975.1005339625956,1019.8299999999999,1016.8468569494131,1116.165,1080.1187891133573,1186.2659999999998,1168.3000388449154,-0.1364180027146524,-0.18745036947868346,-72.70502565342099,-54.22187225811143,-18.483153395309557,1116.165,1353.962935230733,878.3670647692669,0.4260981758624093,0.17984372981990215,0.0,94.65,0.09819483348895114,76226.0,0.4670322462152022,0.0,0.705207454607366,0.5030198034373468,0.36026939811455083,0.422777149747494,0.4433197896755707,0.23662631885784563,1,-1,0.0,0.0,0.0,0.0,-0.0207907696690737,0.0,0.0,0.0,0.0,0.0004322561034324,0.5030198034373468,0.5030198034373468,0.5030198034373468,0.5030198034373468,0.07202133879059526,0.0,0.0,0.0,0.0,0.0,-71.5393834297181,-69.01102723248664,-64.78012856282066,-49.49246759565108,-9.811514163882293,97.32142857142857,99.99285714285715,106.09285714285716,118.3,123.10714285714286,0.4081559188418731,0.3849123585271073,0.3556601013835934,0.27266290973671026,0.018422805169926313,0.0,0.0,0.0,0.0,0,12,4,2022,0,0,5,1,0,0,0,0,-1,0,0.029996475444953534,0,-0.3807259877931256,-0.3807259877931256,0.5030198034373468,0.0,0.0,0.11759995372690592
2022-12-06,963.9,963.9,1040.0,985.2,61190.0,0.0,0.0,0.0,0.0,0.0,0.0,0.5030198034373472,NESTLE,963.9,971.3670226417304,997.2199999999999,1007.2201556858834,1103.6100000000001,1069.0503330073232,1178.5439999999999,1160.2843510470757,-0.1265936336205726,-0.1821264203966928,-72.7897308069953,-57.935443967888204,-14.85428683910709,1103.6100000000001,1345.9086578149936,861.3113421850067,0.4391019614084567,0.21169877443837232,0.0,91.40714285714287,0.09483052480251361,78872.5,0.7758090589242131,0.0,0.705207454607366,0.5030198034373468,0.36026939811455083,0.4797976600394497,0.5425058775341562,0.24126036917632002,1,-1,0.0,0.0,0.0,0.0,0.0,0.0,0.0,0.0,0.0,0.0,0.5030198034373468,0.5030198034373468,0.5030198034373468,0.5030198034373468,0.07202133879059526,0.0,0.0,0.0,0.0,0.0,-72.70502565342099,-71.5393834297181,-69.01102723248664,-58.43770693626061,-10.798382659892695,94.65,97.32142857142857,99.99285714285715,112.19285714285715,122.92857142857143,0.4260981758624093,0.4081559188418731,0.3849123585271073,0.3190944762820383,0.025385031391797572,0.0,0.0,0.0,0.0,1,12,4,2022,0,0,6,0,1,0,0,0,-1,0,0.029996475444953534,0,-0.3807259877931256,-0.3807259877931256,0.5108069266629592,0.0002743997840589,0.0165650168746952,0.11759995372690592
2022-12-14,980.0,980.0,960.0,955.0,250880.0,0.0,0.0,0.0,0.0,0.0,0.0,0.5108069266629597,NESTLE,980.0,979.2420980096994,973.5600000000001,988.1656272394014,1033.1100000000001,1028.847392429849,1142.244,1121.8121542969236,-0.05140788492996885,-0.14203970430135762,-56.901902809376,-61.14960915237267,4.247706342996672,1033.1100000000001,1236.6012324504688,829.6187675495314,0.3939391399763214,0.36950297720338515,13.068181818181827,53.6857142857143,0.05478134110787173,115834.5,2.1658486892937767,0.0,0.08315572474751987,0.5108069266629592,0.362783236240674,0.42310855373058787,0.39949106959295516,0.21646555560729108,1,-1,0.0,0.0,0.0,0.0165650168746952,0.0,0.0,0.0,0.0,0.0002743997840589,0.0,0.5108069266629592,0.5108069266629592,0.5108069266629592,0.5108069266629592,0.5030198034373468,6.647398843930645,6.647398843930645,6.647398843930645,6.025449101796426,0.0,-59.887366860132715,-62.82681563967844,-65.6647765817213,-70.74225215743672,-64.78012856282066,60.40000000000001,65.61428571428573,68.47857142857144,83.87857142857145,106.09285714285716,0.4158496980431801,0.4309119523603687,0.4401874391094785,0.44391522076923245,0.3556601013835934,0.0,0.0,0.0,0.0165650168746952,2,12,4,2022,0,0,14,0,0,1,0,0,-1,0,0.029996475444953534,0,-0.37038226790876966,-0.3807259877931256,0.5108069266629592,0.0,0.0,0.0
2022-12-15,980.0,980.0,979.4,936.0,94840.0,0.0,0.0,0.0,0.0,0.0,0.0,0.5108069266629597,NESTLE,980.0,979.4947320064663,975.1699999999998,986.6809677413282,1021.36,1024.1952598174823,1137.5439999999999,1116.2508933441031,-0.040495026239523786,-0.1384948626163031,-53.91440929030023,-59.70256917995818,5.788159889657955,1021.36,1206.983664553056,835.736335446944,0.3634833252781703,0.38859179108551023,100.0,49.17857142857144,0.05018221574344024,120193.5,0.7890609725151526,0.0,0.08315572474751987,0.5108069266629592,0.362783236240674,0.44677735014154946,0.4330884446537663,0.2015367708313765,1,-1,0.0,0.0,0.0,0.0,0.0,0.0,0.0,0.0,0.0,0.0,0.5108069266629592,0.5108069266629592,0.5108069266629592,0.5108069266629592,0.5030198034373468,13.068181818181827,6.647398843930645,6.647398843930645,6.025449101796426,0.0,-56.901902809376,-59.887366860132715,-62.82681563967844,-68.33192270655832,-69.01102723248664,53.6857142857143,60.40000000000001,65.61428571428573,77.3357142857143,99.99285714285715,0.3939391399763214,0.4158496980431801,0.4309119523603687,0.4443702995522993,0.3849123585271073,0.0,0.0,0.0,0.0,3,12,4,2022,0,0,15,0,0,0,1,0,-1,0,0.029996475444953534,0,-0.37038226790876966,-0.3807259877931256,0.5108069266629592,0.0,0.0,0.0
2022-12-16,980.0,980.0,960.0,940.0,329730.0,0.0,0.0,0.0,0.0,0.0,0.0,0.5108069266629597,NESTLE,980.0,979.6631546709775,976.78,985.4662463338138,1009.61,1019.9861874539126,1132.844,1110.9077210560993,-0.029328156416834235,-0.134920606897331,-50.959371242131965,-57.953929592392946,6.994558350260981,1009.61,1171.9090339498448,847.3109660501552,0.32150837244053604,0.40877949400133096,100.0,46.60000000000001,0.04755102040816327,136584.5,2.41410994658984,0.0,0.08315572474751987,0.5108069266629592,0.362783236240674,0.447145232166044,0.43406304611559493,0.18202832016648823,1,-1,0.0,0.0,0.0,0.0,0.0,0.0,0.0,0.0,0.0,0.0,0.5108069266629592,0.5108069266629592,0.5108069266629592,0.5108069266629592,0.5030198034373468,100.0,13.068181818181827,6.647398843930645,6.647398843930645,0.0,-53.91440929030023,-56.901902809376,-59.887366860132715,-65.6647765817213,-71.5393834297181,49.17857142857144,53.6857142857143,60.40000000000001,68.47857142857144,97.32142857142857,0.3634833252781703,0.3939391399763214,0.4158496980431801,0.4401874391094785,0.4081559188418731,0.0,0.0,0.0,0.0,4,12,4,2022,0,0,16,0,0,0,0,1,-1,0,0.029996475444953534,0,-0.37038226790876966,-0.3807259877931256,0.5108069266629592,0.0,0.0,0.0
2022-12-19,980.0,980.0,979.0,950.0,195710.0,0.0,0.0,0.0,0.0,0.0,0.0,0.5108069266629597,NESTLE,980.0,979.7754364473184,978.39,984.4723833640294,999.11,1016.1779791249686,1128.144,1105.7740849362524,-0.01912702305051497,-0.13131656951594833,-48.063436916733735,-55.975831057261104,7.912394140527368,999.11,1137.7126793999394,860.5073206000607,0.27745229133917054,0.43106193876361537,100.0,46.17142857142858,0.04711370262390671,146082.5,1.339722417127308,0.0,0.08315572474751987,0.5108069266629592,0.362783236240674,0.2972087410289765,0.31315271793841243,0.15623397454093518,1,-1,0.0,0.0,0.0,0.0,0.0,0.0,0.0,0.0,0.0,0.0,0.5108069266629592,0.5108069266629592,0.5108069266629592,0.5108069266629592,0.5030198034373468,100.0,100.0,13.068181818181827,6.647398843930645,0.0,-50.959371242131965,-53.91440929030023,-56.901902809376,-62.82681563967844,-72.70502565342099,46.60000000000001,49.17857142857144,53.6857142857143,65.61428571428573,94.65,0.32150837244053604,0.3634833252781703,0.3939391399763214,0.4309119523603687,0.4260981758624093,0.0,0.0,0.0,0.0,0,12,4,2022,0,0,19,1,0,0,0,0,-1,0,0.029996475444953534,0,-0.37038226790876966,-0.3807259877931256,0.5104709851274575,0.0,0.0,0.14342499399006625
2022-12-20,980.0,980.0,980.0,955.0,290960.0,0.0,0.0,0.0,0.0,0.0,0.0,0.5104709851274579,NESTLE,980.0,979.8502909648789,980.0,983.6592227523877,988.61,1012.732457303543,1123.444,1100.841767879929,-0.00870919776251506,-0.12768237669167307,-45.24681102741329,-53.830027051291545,8.583216023878258,988.61,1094.2130681372482,883.0069318627518,0.2136394900663522,0.45923413897023363,100.0,45.37857142857143,0.046304664723032074,160212.5,1.8160880081142232,0.0,0.08315572474751987,0.5104709851274575,0.362783236240674,0.27289436694032293,0.28626127195323586,0.13228879176201191,1,-1,0.0,0.0,0.0,0.0,0.0,0.0,0.0,0.0,0.0,0.0,0.5108069266629592,0.5108069266629592,0.5108069266629592,0.5108069266629592,0.5030198034373468,100.0,100.0,100.0,6.647398843930645,0.0,-48.063436916733735,-50.959371242131965,-53.91440929030023,-59.887366860132715,-72.7897308069953,46.17142857142858,46.60000000000001,49.17857142857144,60.40000000000001,91.40714285714287,0.27745229133917054,0.32150837244053604,0.3634833252781703,0.4158496980431801,0.4391019614084567,0.0,0.0,0.0,0.0,1,12,4,2022,0,0,20,0,1,0,0,0,-1,0,0.029996475444953534,0,-0.37038226790876966,-0.3807259877931256,0.5104709851274575,0.0,0.0,0.6556543779765787
2022-12-21,980.0,980.0,989.0,955.2,413960.0,0.0,0.0,0.0,0.0,0.0,0.0,0.5104709851274579,NESTLE,980.0,979.900193976586,980.0,982.9939095246807,978.11,1009.6150804174913,1118.744,1096.1028750218927,0.0019322980032920492,-0.12401764836280679,-42.52441967791833,-51.5689055766169,9.044485898698568,978.11,1024.638402191851,931.5815978081491,0.09513940598061749,0.5203101751937121,100.0,45.214285714285715,0.046137026239067055,180749.5,2.2902414667813744,0.0,0.0,0.5104709851274575,0.362783236240674,0.30976842602646715,0.35260455044381384,0.09836754832442575,1,-1,0.0,0.0,0.0,0.0,0.0165650168746952,0.0,0.0,0.0,0.0,0.0002743997840589,0.5104709851274575,0.5108069266629592,0.5108069266629592,0.5108069266629592,0.5108069266629592,100.0,100.0,100.0,13.068181818181827,6.025449101796426,-45.24681102741329,-48.063436916733735,-50.959371242131965,-56.901902809376,-70.74225215743672,45.37857142857143,46.17142857142858,46.60000000000001,53.6857142857143,83.87857142857145,0.2136394900663522,0.27745229133917054,0.32150837244053604,0.3939391399763214,0.44391522076923245,0.0,0.0,0.0,0.0,2,12,4,2022,0,0,21,0,0,1,0,0,-1,0,0.029996475444953534,0,-0.37038226790876966,-0.3807259877931256,0.5104709851274575,0.0,0.0,0.6556543779765787
2022-12-22,980.0,980.0,999.0,982.0,20930.0,0.0,0.0,0.0,0.0,0.0,0.0,0.5104709851274579,NESTLE,980.0,979.9334626510574,980.0,982.449562338375,973.5600000000001,1006.7945965682064,1114.0439999999999,1091.5498210994656,0.006614897900488866,-0.12032199805393673,-39.906883211186596,-49.23650110353084,9.329617892344245,973.5600000000001,989.7445150164014,957.3754849835988,0.033248110062864725,0.6989556064384285,100.0,40.56428571428571,0.04139212827988338,176514.0,0.11857416408896745,0.0,0.0,0.5104709851274575,0.362783236240674,0.25291894460862197,0.28938283008879473,0.030604006492180435,1,-1,0.0,0.0,0.0,0.0,0.0,0.0,0.0,0.0,0.0,0.0,0.5104709851274575,0.5104709851274575,0.5108069266629592,0.5108069266629592,0.5108069266629592,100.0,100.0,100.0,100.0,6.025449101796426,-42.52441967791833,-45.24681102741329,-48.063436916733735,-53.91440929030023,-68.33192270655832,45.214285714285715,45.37857142857143,46.17142857142858,49.17857142857144,77.3357142857143,0.09513940598061749,0.2136394900663522,0.27745229133917054,0.3634833252781703,0.4443702995522993,0.0,0.0,0.0,0.0,3,12,4,2022,0,0,22,0,0,0,1,0,-1,0,0.029996475444953534,0,-0.37038226790876966,-0.3807259877931256,0.37228646898411694,0.0,0.0,0.6556543779765787
2022-12-23,980.0,980.0,1050.0,985.0,15240.0,0.0,0.0,0.0,0.0,0.0,0.0,0.3722864689841172,NESTLE,980.0,979.9556417673716,980.0,982.0041873677612,974.3650000000001,1004.2427302283772,1109.344,1087.1753183112514,0.005783253708825621,-0.11659503274006985,-37.4013274812836,-46.869466379081395,9.468138897797793,974.3650000000001,990.1224076147435,958.6075923852568,0.03234395245055668,0.6788047925703058,100.0,39.55714285714286,0.040364431486880466,142713.0,0.10678774883857813,0.0,0.0,0.37228646898411694,0.362783236240674,0.3607546750760523,0.38558172329536544,0.029777241735050416,1,-1,0.0,0.0,0.0,0.0,0.0,0.0,0.0,0.0,0.0,0.0,0.5104709851274575,0.5104709851274575,0.5104709851274575,0.5108069266629592,0.5108069266629592,100.0,100.0,100.0,100.0,6.647398843930645,-39.906883211186596,-42.52441967791833,-45.24681102741329,-50.959371242131965,-65.6647765817213,40.56428571428571,45.214285714285715,45.37857142857143,46.60000000000001,68.47857142857144,0.033248110062864725,0.09513940598061749,0.2136394900663522,0.32150837244053604,0.4401874391094785,0.0,0.0,0.0,0.0,4,12,4,2022,0,0,23,0,0,0,0,1,-1,0,0.029996475444953534,0,-0.37038226790876966,-0.3807259877931256,0.08825531246922394,0.0004081493829573,0.0202027073175194,0.6556543779765787
2023-01-13,1080.0,1080.0,1120.0,1100.0,20910.0,0.0,0.0,0.0,0.0,0.0,0.0,0.343772153825775,NESTLE,1080.0,1080.4452390927295,1088.0,1073.381365094619,1041.0,1058.9907809981892,1077.344,1085.2713768008082,0.037463976945244955,0.002465322125523462,10.847016482422987,2.813733303123964,8.033283179299023,1041.0,1151.4821967082203,930.5178032917798,0.21226166514547593,0.6764990250103265,85.71428571428571,51.92142857142858,0.048075396825396834,238602.5,0.08763529300824593,0.0,0.09211194507006432,0.34377215382577475,0.3635462386985912,0.20268880006331572,0.2068187754622748,0.10832496739709818,1,-1,0.0,0.0,0.0,-0.0183491386681965,0.0953101798043249,0.0,0.0,0.0,0.0003366908898647,0.0090840303743327,0.34377215382577475,0.34377215382577475,0.34377215382577475,0.3457465375031649,0.33554755041055845,85.71428571428571,85.71428571428571,85.71428571428571,85.71428571428571,100.0,10.632459250517059,10.203952249059057,9.508600370847944,7.050055301288921,-21.936669936644876,51.478571428571435,50.40714285714286,50.69285714285714,54.199999999999996,41.54285714285714,0.21639032673930458,0.21871122844455043,0.21923040798390955,0.21465293295328702,0.11778747750567022,0.0,0.0,0.0,0.0183491386681965,4,1,1,2023,0,0,13,0,0,0,0,1,1,0,0.029996475444953534,0,-0.30613556055252167,-0.37038226790876966,0.34377215382577475,0.0,0.0,0.20544931444869557
2023-01-16,1080.0,1080.0,1120.0,1100.0,292940.0,0.0,0.0,0.0,0.0,0.0,0.0,0.343772153825775,NESTLE,1080.0,1080.2968260618197,1086.0,1074.5847532592338,1046.0,1060.9916589983616,1074.644,1085.0646561419528,0.032504780114722756,0.00498397608882569,10.891504154344148,4.429287473368001,6.462216680976146,1046.0,1153.8790746013437,938.1209253986564,0.2062697411115558,0.657583850833183,85.71428571428571,53.42142857142858,0.04946428571428572,240705.5,1.2170058432399757,0.0,0.09211194507006432,0.34377215382577475,0.3635462386985912,0.16707031514842055,0.1745523360054516,0.1054741178455691,1,-1,0.0,0.0,0.0,0.0,0.0,0.0,0.0,0.0,0.0,0.0,0.34377215382577475,0.34377215382577475,0.34377215382577475,0.3457465375031649,0.33554755041055845,85.71428571428571,85.71428571428571,85.71428571428571,85.71428571428571,100.0,10.847016482422987,10.632459250517059,10.203952249059057,8.482771604536993,-12.69241833329761,51.92142857142858,51.478571428571435,50.40714285714286,53.550000000000004,45.62142857142857,0.21226166514547593,0.21639032673930458,0.21871122844455043,0.21790753083912126,0.15603456997766918,0.0,0.0,0.0,0.0,0,1,1,2023,0,0,16,1,0,0,0,0,1,0,0.029996475444953534,0,-0.30613556055252167,-0.37038226790876966,0.3465258130525219,0.0003366908898647,0.0183491386681966,0.20544931444869557
2023-01-27,1080.1,1080.1,1120.0,1101.5,14960.0,0.0,0.0,0.0,0.0,0.0,0.0,0.3515403769230154,NESTLE,1080.1,1081.3345259840296,1086.06,1081.8938639261085,1087.03,1075.1681842249052,1051.5559999999998,1085.3338578366581,-0.006375169038573051,0.027144536287178334,8.269343172392382,9.57706805498322,-1.307724882590838,1087.03,1106.5594217986495,1067.5005782013504,0.035931707126113425,0.32257539236314525,50.12531328320791,30.10714285714289,0.02787440316372826,182687.5,0.08188847074923024,0.0,0.13696629725720277,0.35154037692301515,0.3672743792674415,0.2393653559740956,0.26630362747168396,0.007356785821450191,1,-1,0.0,0.0,0.0,-0.0182565503620335,0.0,0.0,0.0,0.0,0.0003333016311214,0.0,0.355823550224846,0.355823550224846,0.355823550224846,0.355823550224846,0.34377215382577475,50.12531328320791,33.38898163606005,33.38898163606005,33.38898163606005,85.71428571428571,9.018124871152168,9.842669877624985,10.751923033121102,12.866727232412813,10.847016482422987,29.750000000000032,28.757142857142885,29.471428571428596,42.471428571428596,51.92142857142858,0.03688013645375646,0.08153531282471668,0.11900603597630076,0.16552784121728678,0.21226166514547593,0.0,0.0,0.0,0.0182565503620335,4,1,1,2023,0,0,27,0,0,0,0,1,1,0,0.029996475444953534,0,-0.3060713138451655,-0.30613556055252167,0.11173285102443296,0.0,0.0,0.20544931444869502
2023-01-30,1080.1,1080.1,1149.0,1100.0,64920.0,0.0,0.0,0.0,0.0,0.0,0.0,0.1117328510244331,NESTLE,1080.1,1080.9230173226865,1086.07,1081.567706848634,1086.0349999999999,1075.6378809653904,1048.858,1085.1286085097304,-0.005464833085489828,0.029786682277295844,7.588453315274137,9.179345107041405,-1.5908917917672678,1086.0349999999999,1104.7946739955987,1067.275326004401,0.034547089174103714,0.34181494834632165,50.12531328320791,35.02857142857147,0.032430859576494275,182075.5,0.35655538499139094,0.0,0.13696629725720277,0.11173285102443296,0.3672743792674415,0.29365972100573334,0.3247884199226016,0.05162623154818377,0,-1,0.0,0.0,0.0,0.0,0.0,0.0,0.0,0.0,0.0,0.0,0.35154037692301515,0.355823550224846,0.355823550224846,0.355823550224846,0.34377215382577475,50.12531328320791,50.12531328320791,33.38898163606005,33.38898163606005,85.71428571428571,8.269343172392382,9.018124871152168,9.842669877624985,11.756069089291032,10.891504154344148,30.10714285714289,29.750000000000032,28.757142857142885,33.8357142857143,53.42142857142858,0.035931707126113425,0.03688013645375646,0.08153531282471668,0.14520836662838474,0.2062697411115558,0.0,0.0,0.0,0.0,0,1,1,2023,0,0,30,1,0,0,0,0,1,0,0.029996475444953534,0,-0.3060713138451655,-0.30613556055252167,0.11173285102443296,0.0,0.0,0.20544931444869502
2023-01-31,1080.1,1080.1,1120.9,1100.0,46860.0,0.0,0.0,0.0,0.0,0.0,0.0,0.1117328510244331,NESTLE,1080.1,1080.6486782151244,1084.08,1081.3008510579734,1085.04,1076.0628446829724,1046.16,1084.9314081760153,-0.004552827545528326,0.03244245622084559,6.968514500548963,8.737178985742917,-1.7686644851939537,1085.04,1102.7633001560419,1067.316699843958,0.032668473339308945,0.3606354359372511,50.12531328320791,36.08571428571434,0.03340960493076043,158685.0,0.2953020134228188,0.0,0.09164715546191786,0.11173285102443296,0.3672743792674415,0.2953042687380147,0.32809555692930054,0.07097799011839753,0,-1,0.0,0.0,0.0,0.0,0.0183491386681966,0.0,0.0,0.0,0.0,0.0003366908898647,0.11173285102443296,0.35154037692301515,0.355823550224846,0.355823550224846,0.3465258130525219,50.12531328320791,50.12531328320791,50.12531328320791,33.38898163606005,87.5,7.588453315274137,8.269343172392382,9.018124871152168,10.751923033121102,12.39768105793678,35.02857142857147,30.10714285714289,29.750000000000032,29.471428571428596,49.85000000000001,0.034547089174103714,0.035931707126113425,0.03688013645375646,0.11900603597630076,0.20104648486308707,0.0,0.0,0.0,0.0,1,1,1,2023,0,1,31,0,1,0,0,0,1,0,0.029996475444953534,0,-0.3060713138451655,-0.30613556055252167,0.129937721731803,0.0003333016311214,0.0182565503620335,0.20546035297472634
2023-02-14,1080.3,1080.3,1120.0,1100.0,27870.0,0.0,0.0,0.0,0.0,0.0,1.1101141963402694e-09,0.1299412836539692,NESTLE,1080.3,1080.7184498720096,1084.1799999999998,1081.712588806957,1084.1299999999999,1080.317379126098,1049.4859999999999,1084.4861398117937,-0.0035327866584265056,0.02936103959462068,3.0617029690276922,5.023112164978921,-1.9614091959512292,1084.1299999999999,1100.4135532136954,1067.8464467863043,0.03003985354836697,0.3823966750457558,50.248756218905534,31.21428571428578,0.028894090265931482,121128.5,0.23008623073843068,2.2055334654417376e-09,0.13697391903227746,0.12994128365396898,0.37096736793398594,0.2074598669682692,0.23342893593339467,0.11386838802359119,0,-1,0.0,0.0,0.0,0.0002777392046739,0.0,0.0,0.0,0.0,7.713906581289589e-08,0.0,0.12994128365396898,0.12994128365396898,0.12994128365396898,0.12994128365396898,0.11173285102443296,50.248756218905534,50.248756218905534,50.248756218905534,33.610648918469224,50.12531328320791,3.461081356226714,3.920490405251712,4.449838094658162,5.766892338135676,6.968514500548963,31.235714285714348,29.750000000000064,29.707142857142912,29.75000000000005,36.08571428571434,0.03250399193940313,0.03253714893719861,0.032570175188395445,0.032635837004881776,0.032668473339308945,0.0,0.0,0.0,0.0002777392046739,1,2,1,2023,0,0,14,0,1,0,0,0,1,0,0.029996475444953534,0,-0.30594282043045296,-0.30613556055252167,0.11156403085960669,0.0,0.0,2.2055334654417376e-09
2023-02-15,1080.3,1080.3,1119.8,1090.0,23790.0,0.0,0.0,0.0,0.0,0.0,1.1101141963402694e-09,0.1115640308596069,NESTLE,1080.3,1080.5789665813397,1082.21,1081.4557544784193,1083.145,1080.3157239712316,1051.814,1084.3219774662332,-0.0026266104722821298,0.02708273516039896,2.7139084722873577,4.561271426440609,-1.847362954153251,1083.145,1097.6754725174044,1068.6145274825956,0.026830152043178717,0.4021022889451006,50.248756218905534,31.614285714285774,0.029264357784213435,108052.5,0.22017075032970085,2.2055334654417376e-09,0.09227726410149961,0.11156403085960669,0.37096736793398594,0.22460567096837572,0.25382353856710504,0.11278428613133767,0,-1,0.0,0.0,0.0,0.0,0.0182565503620335,0.0,0.0,0.0,0.0,0.0003333016311214,0.12994128365396898,0.12994128365396898,0.12994128365396898,0.12994128365396898,0.129937721731803,50.248756218905534,50.248756218905534,50.248756218905534,33.610648918469224,66.7224080267558,3.0617029690276922,3.461081356226714,3.920490405251712,5.060753318669413,7.990858568777867,31.21428571428578,31.235714285714348,29.750000000000064,29.72142857142863,34.650000000000055,0.03003985354836697,0.03250399193940313,0.03253714893719861,0.03260307108224935,0.032668473339308945,0.0,0.0,0.0,0.0,2,2,1,2023,0,0,15,0,0,1,0,0,1,0,0.029996475444953534,0,-0.30594282043045296,-0.30613556055252167,0.11156403085960669,0.0,0.0,2.2055334654417376e-09
2023-02-16,1080.3,1080.3,1100.9,1085.2,74410.0,0.0,0.0,0.0,0.0,0.0,1.1101141963402694e-09,0.1115640308596069,NESTLE,1080.3,1080.4859777208933,1080.24,1081.2456173005248,1082.1599999999999,1080.3142264501619,1054.142,1084.1642528597142,-0.0017187846529162973,0.02481449368301415,2.4104921745872616,4.13111557606994,-1.720623401482678,1082.1599999999999,1094.3642960512007,1069.955703948799,0.02255543736822799,0.4237973254583212,50.248756218905534,30.235714285714348,0.027988257230134546,106396.5,0.6993651106944307,2.2055334654417376e-09,0.09227726410149961,0.11156403085960669,0.37096736793398594,0.22050134029426055,0.24674635734135142,0.11050651538656166,0,-1,0.0,0.0,0.0,0.0,0.0,0.0,0.0,0.0,0.0,0.0,0.11156403085960669,0.12994128365396898,0.12994128365396898,0.12994128365396898,0.129937721731803,50.248756218905534,50.248756218905534,50.248756218905534,50.248756218905534,66.7224080267558,2.7139084722873577,3.0617029690276922,3.461081356226714,4.449838094658162,8.700776473301403,31.614285714285774,31.21428571428578,31.235714285714348,29.707142857142912,35.00714285714292,0.026830152043178717,0.03003985354836697,0.03250399193940313,0.032570175188395445,0.032668473339308945,0.0,0.0,0.0,0.0,3,2,1,2023,0,0,16,0,0,0,1,0,1,0,0.029996475444953534,0,-0.30594282043045296,-0.30613556055252167,0.11156403085960669,0.0,0.0,2.2055334654417376e-09
2023-02-17,1080.3,1080.3,1100.0,1085.5,41690.0,0.0,0.0,0.0,0.0,0.0,1.1101141963402694e-09,0.1115640308596069,NESTLE,1080.3,1080.4239851472623,1080.27,1081.0736868822476,1082.1699999999998,1080.3128715501464,1056.47,1084.0127135318821,-0.0017280094624688275,0.022556248639336588,2.1453028567359524,3.7339530322031425,-1.58865017546719,1082.1699999999998,1094.367514846113,1069.9724851538867,0.022542696334426404,0.4233450410353143,50.248756218905534,26.72142857142863,0.02473519260522876,85908.0,0.48528658564976485,2.2055334654417376e-09,0.001394239742114261,0.11156403085960669,0.37096736793398594,0.2158520544150087,0.2384584127845954,0.10695884266981363,0,-1,0.0,0.0,0.0,0.0,-0.0183491386681965,0.0,0.0,0.0,0.0,0.0003366908898647,0.11156403085960669,0.11156403085960669,0.12994128365396898,0.12994128365396898,0.144651658155819,50.248756218905534,50.248756218905534,50.248756218905534,50.248756218905534,50.0,2.4104921745872616,2.7139084722873577,3.0617029690276922,3.920490405251712,7.562384216465944,30.235714285714348,31.614285714285774,31.21428571428578,29.750000000000064,33.578571428571486,0.02255543736822799,0.026830152043178717,0.03003985354836697,0.03253714893719861,0.032668473339308945,0.0,0.0,0.0,0.0,4,2,1,2023,0,0,17,0,0,0,0,1,1,0,0.029996475444953534,0,-0.30594282043045296,-0.30613556055252167,0.09188502134810544,0.0,0.0,2.2055334654417376e-09
2023-02-20,1080.3,1080.3,1140.0,1095.0,22030.0,0.0,0.0,0.0,0.0,0.0,1.1101141963402694e-09,0.0918850213481057,NESTLE,1080.3,1080.3826567648416,1080.3,1080.9330165400206,1082.1799999999998,1080.3116456882276,1058.4759999999999,1083.8671169227887,-0.0017372341015356799,0.02061832294733189,1.9130855523596892,3.3697795362344523,-1.456693983874763,1082.1799999999998,1094.3706953301144,1069.9893046698853,0.022529884732880895,0.42289201111622643,50.248756218905534,28.07142857142862,0.025984845479430363,85089.5,0.25890386005323807,2.2055334654417376e-09,0.001394239742114261,0.09188502134810544,0.37096736793398594,0.23571594422616443,0.25345538384255223,0.10196583996627445,0,-1,0.0,0.0,0.0,0.0,0.0,0.0,0.0,0.0,0.0,0.0,0.11156403085960669,0.11156403085960669,0.11156403085960669,0.12994128365396898,0.129937721731803,50.248756218905534,50.248756218905534,50.248756218905534,50.248756218905534,33.2775919732442,2.1453028567359524,2.4104921745872616,2.7139084722873577,3.461081356226714,6.584300434427178,26.72142857142863,30.235714285714348,31.614285714285774,31.235714285714348,34.28571428571435,0.022542696334426404,0.02255543736822799,0.026830152043178717,0.03250399193940313,0.032668473339308945,0.0,0.0,0.0,0.0,0,2,1,2023,0,0,20,1,0,0,0,0,1,0,0.029996475444953534,0,-0.30594282043045296,-0.30613556055252167,0.09188502134810544,0.0,0.0,2.2055334654417376e-09
2023-02-21,1080.3,1080.3,1120.0,1100.0,79070.0,0.0,0.0,0.0,0.0,0.0,1.1101141963402694e-09,0.0918850213481057,NESTLE,1080.3,1080.3551045098945,1080.3,1080.8179226236532,1082.19,1080.310536575063,1060.482,1083.72722998464,-0.00174645857012179,0.01868772878747587,1.709347373120636,3.037693103611689,-1.328345730491053,1082.19,1094.3738374388752,1070.006162561125,0.022517002446659305,0.42243822976619605,1.4778325123150466,29.48571428571433,0.027294005633355857,86840.0,0.9105251036388761,2.2055334654417376e-09,2.4524402788034546e-09,0.09188502134810544,0.36898132443352594,0.23571594422616443,0.25345538384255223,0.09498494532544288,0,-1,0.0,0.0,0.0,0.0,0.0002777392046739,0.0,0.0,0.0,0.0,7.713906581289589e-08,0.09188502134810544,0.11156403085960669,0.11156403085960669,0.12994128365396898,0.12994128365396898,50.248756218905534,50.248756218905534,50.248756218905534,50.248756218905534,33.610648918469224,1.9130855523596892,2.1453028567359524,2.4104921745872616,3.0617029690276922,5.766892338135676,28.07142857142862,26.72142857142863,30.235714285714348,31.21428571428578,29.75000000000005,0.022529884732880895,0.022542696334426404,0.02255543736822799,0.03003985354836697,0.032635837004881776,0.0,0.0,0.0,0.0,1,2,1,2023,0,0,21,0,1,0,0,0,1,0,0.029996475444953534,0,-0.30594282043045296,-0.30613556055252167,0.09188502134810544,0.0,0.0,2.2055334654417376e-09
2023-02-22,1080.3,1080.3,1118.0,1081.5,17280.0,0.0,0.0,0.0,0.0,0.0,1.1101141963402694e-09,0.0918850213481057,NESTLE,1080.3,1080.3367363399298,1080.3,1080.723754873898,1082.2,1080.3095330917238,1062.488,1083.5928288087716,-0.0017556828682314645,0.016764424633501647,1.5302437013735926,2.73620322316407,-1.2059595217904775,1082.2,1094.376941107558,1070.0230588924421,0.022504049357896735,0.4219836910100186,1.4778325123150466,28.96428571428576,0.026811335475595447,84195.0,0.20523784072688403,2.2055334654417376e-09,2.4524402788034546e-09,0.09188502134810544,0.36898132443352594,0.24972917714022885,0.26741926409504096,0.08553078966439154,0,-1,0.0,0.0,0.0,0.0,0.0,0.0,0.0,0.0,0.0,0.0,0.09188502134810544,0.09188502134810544,0.11156403085960669,0.11156403085960669,0.12994128365396898,1.4778325123150466,50.248756218905534,50.248756218905534,50.248756218905534,33.610648918469224,1.709347373120636,1.9130855523596892,2.1453028567359524,2.7139084722873577,5.060753318669413,29.48571428571433,28.07142857142862,26.72142857142863,31.614285714285774,29.72142857142863,0.022517002446659305,0.022529884732880895,0.022542696334426404,0.026830152043178717,0.03260307108224935,0.0,0.0,0.0,0.0,2,2,1,2023,0,0,22,0,0,1,0,0,1,0,0.029996475444953534,0,-0.30594282043045296,-0.30613556055252167,0.09188502134810544,0.0,0.0,2.2055334654417376e-09
2023-02-23,1080.3,1080.3,1118.0,1096.0,51640.0,0.0,0.0,0.0,0.0,0.0,1.1101141963402694e-09,0.0918850213481057,NESTLE,1080.3,1080.3244908932866,1080.3,1080.6467085331892,1082.21,1080.3086251782263,1064.494,1083.4636982672512,-0.0017649069958696388,0.014848369272161273,1.3724816371684483,2.463458905964946,-1.0909772687964976,1082.21,1094.3800062708149,1070.0399937291852,0.022491025347788022,0.4215283888316272,100.0,30.22857142857148,0.027981645310165216,85656.5,0.6028731036173554,2.2055334654417376e-09,2.4524402788034546e-09,0.09188502134810544,0.36898132443352594,0.2565038726492103,0.2797902181684528,0.0726440702772011,0,-1,0.0,0.0,0.0,0.0,0.0,0.0,0.0,0.0,0.0,0.0,0.09188502134810544,0.09188502134810544,0.09188502134810544,0.11156403085960669,0.12994128365396898,1.4778325123150466,1.4778325123150466,50.248756218905534,50.248756218905534,50.248756218905534,1.5302437013735926,1.709347373120636,1.9130855523596892,2.4104921745872616,4.449838094658162,28.96428571428576,29.48571428571433,28.07142857142862,30.235714285714348,29.707142857142912,0.022504049357896735,0.022517002446659305,0.022529884732880895,0.02255543736822799,0.032570175188395445,0.0,0.0,0.0,0.0,3,2,1,2023,0,0,23,0,0,0,1,0,1,0,0.029996475444953534,0,-0.30594282043045296,-0.30613556055252167,0.09188502134810544,0.0,0.0,2.2055334654417376e-09
2023-02-24,1080.3,1080.3,1100.4,1096.1,22480.0,0.0,0.0,0.0,0.0,0.0,1.1101141963402694e-09,0.0918850213481057,NESTLE,1080.3,1080.3163272621912,1080.3,1080.583670618064,1082.2199999999998,1080.307803732681,1066.5,1083.3396316685353,-0.0017741309530408288,0.012939521800281252,1.2332380639347775,2.2174147375589124,-0.9841766736241349,1082.2199999999998,1094.383032862783,1070.0569671372166,0.022477930296581496,0.4210723171736749,100.0,29.528571428571485,0.027333677153171792,86032.5,0.2612966030279255,2.2055334654417376e-09,2.4524402788034546e-09,0.09188502134810544,0.30269840327043207,0.25074318985001964,0.2587902155363351,0.05391729533230511,0,-1,0.0,0.0,0.0,0.0,0.0,0.0,0.0,0.0,0.0,0.0,0.09188502134810544,0.09188502134810544,0.09188502134810544,0.11156403085960669,0.12994128365396898,100.0,1.4778325123150466,1.4778325123150466,50.248756218905534,50.248756218905534,1.3724816371684483,1.5302437013735926,1.709347373120636,2.1453028567359524,3.920490405251712,30.22857142857148,28.96428571428576,29.48571428571433,26.72142857142863,29.750000000000064,0.022491025347788022,0.022504049357896735,0.022517002446659305,0.022542696334426404,0.03253714893719861,0.0,0.0,0.0,0.0,4,2,1,2023,0,0,24,0,0,0,0,1,1,0,0.029996475444953534,0,-0.30594282043045296,-0.30613556055252167,0.09188502134810544,0.0,0.0,2.2055334654417376e-09
2023-05-10,1043.8,1043.8,1000.0,992.1,8189.999999999999,0.0,0.0,0.0,0.0,0.0,0.0,0.1190642213153192,NESTLE,1043.8,1044.2219772280096,1043.8,1047.8146061365412,1060.225,1055.938709591818,1072.2699999999998,1067.7514670528342,-0.015491994623782646,-0.02655114849804602,-9.822541763606068,-8.56909798063252,-1.253443782973548,1060.225,1097.485498343985,1022.9645016560148,0.070287907461124,0.27959231988302946,0.0,51.599999999999945,0.04943475761640156,36609.0,0.22371547980004913,0.0,0.0,0.11906422131531902,0.06875296295812537,0.30400392323722186,0.2735105704653565,0.060933057876511584,0,-1,0.0,0.0,0.0,0.0,-0.0343708801136263,0.0,0.0,0.0,0.0,0.0011813573997852,0.11906422131531902,0.11906422131531902,0.11906422131531902,0.11906422131531902,0.11906422131531902,0.0,0.0,0.0,0.0,0.0,-10.016687197730562,-10.118790101682407,-10.101928133974752,-9.573967054192053,-2.866171082517667,48.9071428571428,45.75714285714281,42.24999999999996,34.17142857142854,26.57142857142858,0.07052061550983142,0.07004675989939667,0.06885915804889364,0.06419198813608142,0.030271070234823862,0.0,0.0,0.0,0.0,2,5,2,2023,0,0,10,0,0,1,0,0,-1,0,0.029996475444953534,0,-0.3293928686154835,-0.3293928686154835,0.11906422131531902,0.0,0.0,0.0
2023-05-11,1043.8,1043.8,1000.0,990.0,26650.0,0.0,0.0,0.0,0.0,0.0,0.0,0.1190642213153192,NESTLE,1043.8,1044.0813181520064,1043.8,1047.0846777480792,1058.3999999999999,1054.7826420116448,1071.54,1066.8121938350762,-0.013794406651549424,-0.025887974317337675,-9.558495719621305,-8.766977528430278,-0.7915181911910274,1058.3999999999999,1095.0916023663524,1021.7083976336472,0.06933409366279779,0.30104439356144697,0.0,54.7071428571428,0.05241151835326959,37076.0,0.7187938288920056,0.0,0.0,0.11906422131531902,0.06875296295812537,0.30627928197431215,0.28493434044432003,0.06037657993834797,0,-1,0.0,0.0,0.0,0.0,0.0,0.0,0.0,0.0,0.0,0.0,0.11906422131531902,0.11906422131531902,0.11906422131531902,0.11906422131531902,0.11906422131531902,0.0,0.0,0.0,0.0,0.0,-9.822541763606068,-10.016687197730562,-10.118790101682407,-9.933468995061048,-5.117647765064703,51.599999999999945,48.9071428571428,45.75714285714281,38.0285714285714,26.150000000000002,0.070287907461124,0.07052061550983142,0.07004675989939667,0.06692736076412388,0.041738588976299604,0.0,0.0,0.0,0.0,3,5,2,2023,0,0,11,0,0,0,1,0,-1,0,0.029996475444953534,0,-0.3293928686154835,-0.3293928686154835,0.11906422131531902,0.0,0.0,0.0
2023-05-12,1043.8,1043.8,1000.0,980.0,52850.0,0.0,0.0,0.0,0.0,0.0,0.0,0.1190642213153192,NESTLE,1043.8,1043.987545434671,1043.8,1046.4874636120649,1056.575,1053.736676105774,1070.81,1065.9097548611517,-0.012090954262593843,-0.025223895929249812,-9.242693312287201,-8.862120685201663,-0.3805726270855381,1056.575,1092.2983153998603,1020.8516846001397,0.06762097418519322,0.3211952074295713,0.0,58.699999999999946,0.056236826978348295,39293.0,1.3450232865904868,0.0,0.0,0.11906422131531902,0.06874176022725279,0.3152026441508062,0.30749728847580793,0.05924794621580184,0,-1,0.0,0.0,0.0,0.0,0.0,0.0,0.0,0.0,0.0,0.0,0.11906422131531902,0.11906422131531902,0.11906422131531902,0.11906422131531902,0.11906422131531902,0.0,0.0,0.0,0.0,0.0,-9.558495719621305,-9.822541763606068,-10.016687197730562,-10.101928133974752,-6.823304450649175,54.7071428571428,51.599999999999945,48.9071428571428,42.24999999999996,26.371428571428567,0.06933409366279779,0.070287907461124,0.07052061550983142,0.06885915804889364,0.049763209904636424,0.0,0.0,0.0,0.0,4,5,2,2023,0,0,12,0,0,0,0,1,-1,0,0.029996475444953534,0,-0.3293928686154835,-0.3293928686154835,0.11906422131531902,0.0,0.0,0.0
2023-05-15,1043.8,1043.8,1040.0,990.0,45330.0,0.0,0.0,0.0,0.0,0.0,0.0,0.1190642213153192,NESTLE,1043.8,1043.9250302897806,1043.8,1045.9988338644166,1054.75,1052.7903260004623,1070.08,1065.0427056509104,-0.010381607015880584,-0.024558911483253565,-8.889939935460916,-8.867684535253515,-0.02225540020740091,1054.75,1089.0718512566586,1020.4281487433412,0.06508054279527604,0.34048063261337624,0.0,54.87857142857138,0.052575753428407146,40873.5,1.1090315240926272,0.0,0.0,0.11906422131531902,0.06874176022725279,0.30695887925238935,0.30124591965369935,0.05751348293573243,0,-1,0.0,0.0,0.0,0.0,0.0,0.0,0.0,0.0,0.0,0.0,0.11906422131531902,0.11906422131531902,0.11906422131531902,0.11906422131531902,0.11906422131531902,0.0,0.0,0.0,0.0,0.0,-9.242693312287201,-9.558495719621305,-9.822541763606068,-10.118790101682407,-8.081886703449982,58.699999999999946,54.7071428571428,51.599999999999945,45.75714285714281,28.44999999999999,0.06762097418519322,0.06933409366279779,0.070287907461124,0.07004675989939667,0.055840760262605,0.0,0.0,0.0,0.0,0,5,2,2023,0,0,15,1,0,0,0,0,-1,0,0.029996475444953534,0,-0.3293928686154835,-0.3293928686154835,0.11906422131531902,0.0,0.0,0.0
2023-06-08,1250.0,1250.0,1229.0,1200.0,8290.0,0.0,0.0,0.0,0.0,0.0,0.0,0.4311380282732763,NESTLE,1250.0,1244.8155875068096,1229.6,1218.1284825449243,1141.91,1171.1857525913194,1096.914,1119.5922416102037,0.09465719715213976,0.13956062189013907,53.256256657975655,40.6348409648376,12.621415693138054,1141.91,1336.6886857462919,947.1313142537083,0.34114542432642114,0.7774687579029878,100.0,63.35000000000001,0.05068000000000001,83814.0,0.09890949006132627,0.0,0.4273103208142173,0.4311380282732762,0.26396911381338556,0.4155709209843697,0.4182249300662231,0.15000634114527225,1,-1,0.0,0.0,0.0,0.0,0.0951533976701989,0.0,0.0,0.0,0.0,0.009054169088183,0.4311380282732762,0.4311380282732762,0.4311380282732762,0.4311380282732762,0.35602096157963986,100.0,100.0,100.0,100.0,100.0,53.1195729385056,52.17246647564025,50.20474198702823,42.142167969808725,2.1642285846899085,60.478571428571435,56.385714285714286,58.435714285714276,59.835714285714275,51.74999999999998,0.34023397200106953,0.3350338743932947,0.32509146197024813,0.2875953340992259,0.08884501892469202,0.0,0.0,0.0,0.0,3,6,2,2023,0,0,8,0,0,0,1,0,1,0,0.029996475444953534,0,-0.1969161580469001,-0.3293928686154835,0.4311380282732762,0.0,0.0,0.0
2023-06-09,1250.0,1250.0,1229.4,1180.0,161960.0,0.0,0.0,0.0,0.0,0.0,0.0,0.4311380282732763,NESTLE,1250.0,1246.5437250045397,1239.8,1223.9233039003925,1152.22,1178.6918713921461,1100.308,1124.70627135098,0.08486226588672299,0.13604554361142518,52.756436134392516,43.059159998748584,9.697276135643932,1152.22,1346.9619085542927,957.4780914457074,0.3380290370837039,0.7510502252080467,100.0,65.07142857142857,0.05205714285714286,90579.5,1.788042548258712,0.0,0.4273103208142173,0.4311380282732762,0.26396911381338556,0.4114844745923491,0.4132695266766786,0.14983821585585977,1,-1,0.0,0.0,0.0,0.0,0.0,0.0,0.0,0.0,0.0,0.0,0.4311380282732762,0.4311380282732762,0.4311380282732762,0.4311380282732762,0.3296210385551811,100.0,100.0,100.0,100.0,100.0,53.256256657975655,53.1195729385056,52.17246647564025,46.96295921084288,8.950143589159325,63.35000000000001,60.478571428571435,56.385714285714286,59.0642857142857,56.40714285714284,0.34114542432642114,0.34023397200106953,0.3350338743932947,0.30967558742098816,0.12169028584614952,0.0,0.0,0.0,0.0,4,6,2,2023,0,0,9,0,0,0,0,1,1,0,0.029996475444953534,0,-0.1969161580469001,-0.3293928686154835,0.4311380282732762,0.0,0.0,0.0
2023-06-13,1250.0,1250.0,1228.9,1200.0,301260.0,0.0,0.0,0.0,0.0,0.0,0.0,0.4311380282732763,NESTLE,1250.0,1247.6958166696932,1250.0,1228.6645213730483,1162.53,1185.4831217357512,1103.702,1129.6197509058434,0.07524106904768052,0.13255208380523004,51.76362591068073,44.80005318113501,6.963572729545717,1162.53,1354.9227244493738,970.1372755506261,0.33098969394230493,0.7273214859094551,100.0,66.73571428571428,0.053388571428571424,103000.0,2.924854368932039,0.0,0.4273103208142173,0.4311380282732762,0.26396911381338556,0.39392728091395873,0.38438524678992836,0.14811251561821454,1,-1,0.0,0.0,0.0,0.0,0.0,0.0,0.0,0.0,0.0,0.0,0.4311380282732762,0.4311380282732762,0.4311380282732762,0.4311380282732762,0.3296210385551811,100.0,100.0,100.0,100.0,100.0,52.756436134392516,53.256256657975655,53.1195729385056,50.20474198702823,14.164747725548068,65.07142857142857,63.35000000000001,60.478571428571435,58.435714285714276,57.564285714285695,0.3380290370837039,0.34114542432642114,0.34023397200106953,0.32509146197024813,0.14412812382918705,0.0,0.0,0.0,0.0,1,6,2,2023,0,0,13,0,1,0,0,0,1,0,0.029996475444953534,0,-0.1969161580469001,-0.3293928686154835,0.4311380282732762,0.0,0.0,0.0
2023-06-14,1250.0,1250.0,1245.0,1156.0,195530.0,0.0,0.0,0.0,0.0,0.0,0.0,0.4311380282732763,NESTLE,1250.0,1248.4638777797954,1250.0,1232.5436993052213,1172.84,1191.6275863323463,1107.096,1134.3405449879672,0.06578902493093694,0.12908004364571815,50.395884272038074,45.91921939931562,4.476664872722452,1172.84,1360.4843040491912,985.1956959508086,0.31998278375429096,0.7056017644419743,100.0,69.02142857142857,0.05521714285714286,110510.0,1.7693421409827166,0.0,0.0,0.4311380282732762,0.26396911381338556,0.5042023857729613,0.5345949852854843,0.14477355227892155,1,-1,0.0,0.0,0.0,0.0,0.0851222534168351,0.0,0.0,0.0,0.0,0.0072457980267598,0.4311380282732762,0.4311380282732762,0.4311380282732762,0.4311380282732762,0.4311380282732762,100.0,100.0,100.0,100.0,100.0,51.76362591068073,52.756436134392516,53.256256657975655,52.17246647564025,26.22559429707144,66.73571428571428,65.07142857142857,63.35000000000001,56.385714285714286,61.3642857142857,0.33098969394230493,0.3380290370837039,0.34114542432642114,0.3350338743932947,0.2129678434981826,0.0,0.0,0.0,0.0,2,6,2,2023,0,0,14,0,0,1,0,0,1,0,0.029996475444953534,0,-0.1969161580469001,-0.3293928686154835,0.4311380282732762,0.0,0.0,0.0
2023-06-15,1250.0,1250.0,1244.0,1171.7,90740.0,0.0,0.0,0.0,0.0,0.0,0.0,0.4311380282732763,NESTLE,1250.0,1248.9759185198636,1250.0,1235.7175721588173,1183.15,1197.1868638245037,1110.49,1138.8762098903999,0.0565017115327726,0.1256292267377464,48.74997974863413,46.48537146917933,2.264608279454805,1183.15,1363.4571940065798,1002.8428059934203,0.30479177451139716,0.6853780720406544,100.0,67.17142857142856,0.05373714285714285,113625.0,0.7985918591859186,0.0,0.0,0.4311380282732762,0.26396911381338556,0.46519450456971356,0.5000389529329973,0.1397057028219414,1,-1,0.0,0.0,0.0,0.0,0.0,0.0,0.0,0.0,0.0,0.0,0.4311380282732762,0.4311380282732762,0.4311380282732762,0.4311380282732762,0.4311380282732762,100.0,100.0,100.0,100.0,100.0,50.395884272038074,51.76362591068073,52.756436134392516,53.1195729385056,35.376108342600446,69.02142857142857,66.73571428571428,65.07142857142857,60.478571428571435,61.421428571428564,0.31998278375429096,0.33098969394230493,0.3380290370837039,0.34023397200106953,0.2567690125025277,0.0,0.0,0.0,0.0,3,6,2,2023,0,0,15,0,0,0,1,0,1,0,0.029996475444953534,0,-0.1969161580469001,-0.3293928686154835,0.4311380282732762,0.0,0.0,0.0
2023-06-16,1250.0,1250.0,1219.0,1166.0,18990.0,0.0,0.0,0.0,0.0,0.0,0.0,0.4311380282732763,NESTLE,1250.0,1249.3172790132426,1250.0,1238.3143772208505,1193.46,1202.2166863174082,1113.884,1143.2340055809725,0.047374859651768776,0.12219943907983236,46.904898087862875,46.56927679291604,0.3356212949468329,1193.46,1363.5066363275555,1023.4133636724446,0.28496411497252605,0.6662485104706475,100.0,63.95714285714285,0.05116571428571428,114344.5,0.16607707410500724,0.0,0.0,0.4311380282732762,0.26396911381338556,0.4918936873015208,0.5462240756998032,0.13271105141359085,1,-1,0.0,0.0,0.0,0.0,0.0,0.0,0.0,0.0,0.0,0.0,0.4311380282732762,0.4311380282732762,0.4311380282732762,0.4311380282732762,0.4311380282732762,100.0,100.0,100.0,100.0,100.0,48.74997974863413,50.395884272038074,51.76362591068073,53.256256657975655,42.142167969808725,67.17142857142856,69.02142857142857,66.73571428571428,63.35000000000001,59.835714285714275,0.30479177451139716,0.31998278375429096,0.33098969394230493,0.34114542432642114,0.2875953340992259,0.0,0.0,0.0,0.0,4,6,2,2023,0,0,16,0,0,0,0,1,1,0,0.029996475444953534,0,-0.1969161580469001,-0.3293928686154835,0.4311380282732762,0.0,0.0,0.0
2023-06-19,1250.0,1250.0,1219.9,1135.1,88220.0,0.0,0.0,0.0,0.0,0.0,0.0,0.4311380282732763,NESTLE,1250.0,1249.5448526754951,1250.0,1240.4390359079684,1203.77,1206.7674780967027,1117.278,1147.4209073228951,0.03840434634523208,0.1187904890277979,44.924792534975495,46.24037994132794,-1.3155874063524422,1203.77,1360.0579003297241,1047.4820996702758,0.2596640559736896,0.647900125033568,100.0,67.16428571428571,0.05373142857142857,116849.0,0.7549914847367115,0.0,0.0,0.4311380282732762,0.26396911381338556,0.5529423345824068,0.6159004601050724,0.12346254791815242,1,-1,0.0,0.0,0.0,0.0,0.0,0.0,0.0,0.0,0.0,0.0,0.4311380282732762,0.4311380282732762,0.4311380282732762,0.4311380282732762,0.4311380282732762,100.0,100.0,100.0,100.0,100.0,46.904898087862875,48.74997974863413,50.395884272038074,52.756436134392516,46.96295921084288,63.95714285714285,67.17142857142856,69.02142857142857,65.07142857142857,59.0642857142857,0.28496411497252605,0.30479177451139716,0.31998278375429096,0.3380290370837039,0.30967558742098816,0.0,0.0,0.0,0.0,0,6,2,2023,0,0,19,1,0,0,0,0,1,0,0.029996475444953534,0,-0.1969161580469001,-0.3293928686154835,0.4311380282732762,0.0,0.0,0.0
2023-07-19,1175.0,1175.0,1149.0,1066.7,177250.0,0.0,0.0,0.0,0.0,0.0,0.0,0.1473735342214072,NESTLE,1175.0,1177.3166433499941,1184.1,1186.3354867088633,1212.05,1197.4467558852793,1175.088,1179.2377915977852,-0.030568045872694984,-7.488800838742753e-05,-7.308834387920342,1.1164247610402835,-8.425259148960626,1212.05,1278.4252490331337,1145.6747509668662,0.10952559553340827,0.22090500194202636,0.0,62.10000000000001,0.05285106382978724,152343.5,1.1634890888026073,0.0,0.07394478345079701,0.14737353422140698,0.2799012498176428,0.6412957450842475,0.6699275820257659,0.1333259551578544,0,-1,0.0,0.0,0.0,-0.0135251427770407,0.0,0.0,0.0,0.0,0.0001829294871393,0.0,0.14737353422140698,0.14737353422140698,0.14737353422140698,0.14737353422140698,0.1414115371507603,0.0,0.0,0.0,0.0,0.0,-6.382382909844182,-5.107059271865637,-3.404998057254943,1.6702355496959171,18.10042218628837,62.9357142857143,64.44285714285715,64.51428571428572,76.08571428571429,99.17142857142858,0.10862871723379919,0.10624608603020322,0.10230236458142168,0.08895021031102167,0.04944473985952539,0.0,0.0,0.0,0.0135251427770407,2,7,3,2023,0,0,19,0,0,1,0,0,-1,0,0.029996475444953534,0,-0.24510118856408608,-0.24510118856408608,0.14737353422140698,0.0,0.0,0.0
2023-07-20,1175.0,1175.0,1160.0,1100.0,68860.0,0.0,0.0,0.0,0.0,0.0,0.0,0.1473735342214072,NESTLE,1175.0,1176.544428899996,1181.6,1184.2744891254335,1208.3,1195.308969610491,1177.712,1179.0716036919896,-0.02755938094843992,-0.0023027701169725614,-7.951395125581939,-0.697139216284161,-7.254255909297778,1208.3,1274.1198498295075,1142.4801501704924,0.10894620513036096,0.24703679751430174,0.0,60.314285714285724,0.05133130699088147,155046.5,0.44412482706800865,0.0,0.07394478345079701,0.14737353422140698,0.2799012498176428,0.6718298978301964,0.7334870400825425,0.1258058213958344,0,-1,0.0,0.0,0.0,0.0,0.0,0.0,0.0,0.0,0.0,0.0,0.14737353422140698,0.14737353422140698,0.14737353422140698,0.14737353422140698,0.1414115371507603,0.0,0.0,0.0,0.0,0.0,-7.308834387920342,-6.382382909844182,-5.107059271865637,-1.1830217715917115,14.141801450977255,62.10000000000001,62.9357142857143,64.44285714285715,69.58571428571429,96.31428571428572,0.10952559553340827,0.10862871723379919,0.10624608603020322,0.09663612444190665,0.058969424311070245,0.0,0.0,0.0,0.0,3,7,3,2023,0,0,20,0,0,0,1,0,-1,0,0.029996475444953534,0,-0.24510118856408608,-0.24510118856408608,0.14737353422140698,0.0,0.0,0.0
2023-07-21,1175.0,1175.0,1149.0,1065.0,25630.0,0.0,0.0,0.0,0.0,0.0,0.0,0.1473735342214072,NESTLE,1175.0,1176.0296192666642,1179.1,1182.5882183753547,1204.55,1193.3747820285396,1180.336,1178.9119329589703,-0.024531982898177707,-0.004520746634856526,-8.364211713486839,-2.2305537157246964,-6.133657997762143,1204.55,1268.8960218375291,1140.2039781624708,0.10683827460467259,0.27038207525391095,0.0,61.478571428571435,0.05232218844984803,155354.0,0.16497805013066932,0.0,0.07394478345079701,0.14737353422140698,0.2799012498176428,0.7381381210949457,0.8480098646270845,0.1161678079690663,0,-1,0.0,0.0,0.0,0.0,0.0,0.0,0.0,0.0,0.0,0.0,0.14737353422140698,0.14737353422140698,0.14737353422140698,0.14737353422140698,0.1414115371507603,0.0,0.0,0.0,0.0,0.0,-7.951395125581939,-7.308834387920342,-6.382382909844182,-3.404998057254943,10.879157838400488,60.314285714285724,62.10000000000001,62.9357142857143,64.51428571428572,93.86428571428573,0.10894620513036096,0.10952559553340827,0.10862871723379919,0.10230236458142168,0.0661921517474294,0.0,0.0,0.0,0.0,4,7,3,2023,0,0,21,0,0,0,0,1,-1,0,0.029996475444953534,0,-0.24510118856408608,-0.24510118856408608,0.14737353422140698,0.0,0.0,0.0
2023-07-24,1175.0,1175.0,1149.9,1058.1,49110.0,0.0,0.0,0.0,0.0,0.0,0.0,0.1473735342214072,NESTLE,1175.0,1175.6864128444429,1176.6,1181.2085423071085,1200.8,1191.6248027877264,1182.96,1178.7585238233244,-0.021485676215856057,-0.006728883478731349,-8.592324861121824,-3.5029079448041225,-5.089416916317702,1200.8,1262.6881844007485,1138.9118155992514,0.10307825516447121,0.29155956625795026,0.0,66.25714285714287,0.056389057750759884,157366.0,0.3120750352681011,0.0,0.07394478345079701,0.14737353422140698,0.2799012498176428,0.6847553672393009,0.7982599337622464,0.10382376920785542,0,-1,0.0,0.0,0.0,0.0,0.0,0.0,0.0,0.0,0.0,0.0,0.14737353422140698,0.14737353422140698,0.14737353422140698,0.14737353422140698,0.1414115371507603,0.0,0.0,0.0,0.0,0.0,-8.364211713486839,-7.951395125581939,-7.308834387920342,-5.107059271865637,8.198976571128924,61.478571428571435,60.314285714285724,62.10000000000001,64.44285714285715,91.07857142857144,0.10683827460467259,0.10894620513036096,0.10952559553340827,0.10624608603020322,0.0717998639707991,0.0,0.0,0.0,0.0,0,7,3,2023,0,0,24,1,0,0,0,0,-1,0,0.029996475444953534,0,-0.24510118856408608,-0.24510118856408608,0.14737353422140698,0.0,0.0,0.0
2023-07-25,1175.0,1175.0,1155.0,1102.0,25610.0,0.0,0.0,0.0,0.0,0.0,0.0,0.1473735342214072,NESTLE,1175.0,1175.457608562962,1175.0,1180.0797164330888,1197.05,1190.0414882365144,1185.584,1178.6111307322135,-0.018420283196190598,-0.0089272459817272,-8.673127756150734,-4.536951907073445,-4.136175849077289,1197.05,1255.3720640743682,1138.7279359256318,0.09744298746813951,0.31096348054585876,0.0,66.11428571428573,0.05626747720364743,152810.0,0.1675937438649303,0.0,0.06789567788829619,0.14737353422140698,0.2799012498176428,0.6499191429130979,0.7487573265112396,0.08763761195768105,0,-1,0.0,0.0,0.0,0.0,-0.0075282664207915,0.0,0.0,0.0,0.0,5.667479530241723e-05,0.14737353422140698,0.14737353422140698,0.14737353422140698,0.14737353422140698,0.14250802700998275,0.0,0.0,0.0,0.0,0.0,-8.592324861121824,-8.364211713486839,-7.951395125581939,-6.382382909844182,5.287735104507647,66.25714285714287,61.478571428571435,60.314285714285724,62.9357142857143,83.51428571428572,0.10307825516447121,0.10683827460467259,0.10894620513036096,0.10862871723379919,0.07868976062944849,0.0,0.0,0.0,0.0,1,7,3,2023,0,0,25,0,1,0,0,0,-1,0,0.029996475444953534,0,-0.24510118856408608,-0.24510118856408608,0.14737353422140698,0.0,0.0,0.0
2023-07-26,1175.0,1175.0,1149.4,1065.0,134650.0,0.0,0.0,0.0,0.0,0.0,0.0,0.1473735342214072,NESTLE,1175.0,1175.305072375308,1175.0,1179.1561316270727,1193.3,1188.6089655473227,1188.208,1178.4695177623228,-0.015335623900108904,-0.011115898899855987,-8.637595804892271,-5.357080686637211,-3.2805151182550603,1193.3,1246.7261910932907,1139.8738089067092,0.089543603608968,0.32873568538654385,0.0,70.11428571428573,0.05967173252279637,153365.0,0.8779708538454015,0.0,0.0,0.14737353422140698,0.2799012498176428,0.6539982545703779,0.7531194398477496,0.06479110694914095,0,-1,0.0,0.0,0.0,0.0,-0.0135251427770407,0.0,0.0,0.0,0.0,0.0001829294871393,0.14737353422140698,0.14737353422140698,0.14737353422140698,0.14737353422140698,0.14737353422140698,0.0,0.0,0.0,0.0,0.0,-8.673127756150734,-8.592324861121824,-8.364211713486839,-7.308834387920342,1.6702355496959171,66.11428571428573,66.25714285714287,61.478571428571435,62.10000000000001,76.08571428571429,0.09744298746813951,0.10307825516447121,0.10683827460467259,0.10952559553340827,0.08895021031102167,0.0,0.0,0.0,0.0,2,7,3,2023,0,0,26,0,0,1,0,0,-1,0,0.029996475444953534,0,-0.24510118856408608,-0.24510118856408608,0.14737353422140698,0.0,0.0,0.0
2023-07-27,1175.0,1175.0,1130.0,1059.0,118110.0,0.0,0.0,0.0,0.0,0.0,0.0,0.1473735342214072,NESTLE,1175.0,1175.2033815835389,1175.0,1178.4004713312413,1189.55,1187.3128735904347,1190.8319999999999,1178.3334582422317,-0.012231516119540965,-0.013294906418369579,-8.51132324131504,-5.987929197572777,-2.523394043742263,1189.55,1236.3349503467446,1142.7650496532553,0.07865991399561954,0.3445012777382121,0.0,75.25714285714287,0.06404863221884499,146584.5,0.805746855909049,0.0,0.0,0.14737353422140698,0.2799012498176428,0.6730439779452434,0.7795716273180731,0.056931776522107964,0,-1,0.0,0.0,0.0,0.0,0.0,0.0,0.0,0.0,0.0,0.0,0.14737353422140698,0.14737353422140698,0.14737353422140698,0.14737353422140698,0.14737353422140698,0.0,0.0,0.0,0.0,0.0,-8.637595804892271,-8.673127756150734,-8.592324861121824,-7.951395125581939,-1.1830217715917115,70.11428571428573,66.11428571428573,66.25714285714287,60.314285714285724,69.58571428571429,0.089543603608968,0.09744298746813951,0.10307825516447121,0.10894620513036096,0.09663612444190665,0.0,0.0,0.0,0.0,3,7,3,2023,0,0,27,0,0,0,1,0,-1,0,0.029996475444953534,0,-0.24510118856408608,-0.24510118856408608,0.14737353422140698,0.0,0.0,0.0
2023-07-28,1175.0,1175.0,1119.9,1060.0,89630.0,0.0,0.0,0.0,0.0,0.0,0.0,0.1473735342214072,NESTLE,1175.0,1175.1355877223593,1175.0,1177.7822038164702,1185.8,1186.1402189627743,1193.4560000000001,1178.2027343895952,-0.009107775341541537,-0.01546433215803526,-8.3153966089817,-6.453422679854563,-1.8619739291271378,1185.8,1223.2817850498918,1148.318214950108,0.0632177180804383,0.35593002060035145,0.0,80.25714285714287,0.06830395136778117,147838.5,0.6062696794136845,0.0,0.0,0.14737353422140698,0.27035935457123944,0.6349411745552462,0.7325463750080682,0.04670083072658021,0,-1,0.0,0.0,0.0,0.0,0.0,0.0,0.0,0.0,0.0,0.0,0.14737353422140698,0.14737353422140698,0.14737353422140698,0.14737353422140698,0.14737353422140698,0.0,0.0,0.0,0.0,0.0,-8.51132324131504,-8.637595804892271,-8.673127756150734,-8.364211713486839,-3.404998057254943,75.25714285714287,70.11428571428573,66.11428571428573,61.478571428571435,64.51428571428572,0.07865991399561954,0.089543603608968,0.09744298746813951,0.10683827460467259,0.10230236458142168,0.0,0.0,0.0,0.0,4,7,3,2023,0,0,28,0,0,0,0,1,-1,0,0.029996475444953534,0,-0.24510118856408608,-0.24510118856408608,0.14737353422140698,0.0,0.0,0.0
2023-07-31,1175.0,1175.0,1057.5,1057.5,218090.0,0.0,0.0,0.0,0.0,0.0,0.0,0.1473735342214072,NESTLE,1175.0,1175.0903918149063,1175.0,1177.276348577112,1182.05,1185.0792457282244,1196.08,1178.0771369625522,-0.005964214711729584,-0.017624239181325604,-8.067130482692164,-6.776164240422084,-1.2909662422700805,1182.05,1204.4668639526956,1159.6331360473043,0.0379287914262436,0.3427523132834958,0.0,88.00714285714287,0.07489969604863222,157185.0,1.3874733594172473,0.0,0.0,0.14737353422140698,0.27035935457123944,0.5266096293541416,0.5457625348616559,0.03189214287976561,0,-1,0.0,0.0,0.0,0.0,0.0,0.0,0.0,0.0,0.0,0.0,0.14737353422140698,0.14737353422140698,0.14737353422140698,0.14737353422140698,0.14737353422140698,0.0,0.0,0.0,0.0,0.0,-8.3153966089817,-8.51132324131504,-8.637595804892271,-8.592324861121824,-5.107059271865637,80.25714285714287,75.25714285714287,70.11428571428573,66.25714285714287,64.44285714285715,0.0632177180804383,0.07865991399561954,0.089543603608968,0.10307825516447121,0.10624608603020322,0.0,0.0,0.0,0.0,0,7,3,2023,0,1,31,1,0,0,0,0,-1,0,0.029996475444953534,0,-0.24510118856408608,-0.24510118856408608,0.14737353422140698,0.0,0.0,0.0
2023-09-21,1025.0,1025.0,1098.5,1025.0,10430.0,0.0,0.0,0.0,0.0,0.0,0.0,0.2350505254778404,NESTLE,1025.0,1028.4428548672245,1040.0,1041.8171009193766,1074.7549999999999,1069.7348231016322,1134.1019999999999,1114.7987280465886,-0.04629427171774022,-0.09620122352310452,-35.32422996260243,-32.33469407264463,-2.9895358899578,1074.7549999999999,1164.052621233125,985.4573787668749,0.1661729812527042,0.22140915226561925,0.1329787234041362,34.892857142857146,0.0340418118466899,275918.0,0.037801085829848,0.0,0.1594080596202142,0.23505052547784025,0.162759635495273,0.41454297951962005,0.44819112386533627,0.0751010506468238,1,-1,0.0,0.0,0.0,-0.0240975515790605,-0.0139487735725495,0.0,0.0,0.0,0.0005806919921054,0.0001945682841782,0.23505052547784025,0.23505052547784025,0.23505052547784025,0.23505052547784025,0.21665984691012743,0.1329787234041362,0.1329787234041362,0.1329787234041362,0.06887052341591016,0.10504201680663527,-35.829766556605364,-35.953854841218345,-35.58927145407051,-32.84823502132849,-24.849535649248082,31.428571428571427,29.642857142857142,27.857142857142858,31.850000000000005,50.64999999999999,0.17672861820788932,0.18237818381150606,0.18374384694834653,0.17438808024575367,0.13625341699185603,0.0,0.0,0.0,0.0240975515790605,3,9,3,2023,0,0,21,0,0,0,1,0,-1,0,0.029996475444953534,0,-0.3414712495984581,-0.3414712495984581,0.23505052547784025,0.0,0.0,0.0
2023-09-22,1025.0,1025.0,1092.0,970.0,8200.0,0.0,0.0,0.0,0.0,0.0,0.0,0.2350505254778404,NESTLE,1025.0,1027.2952365781498,1035.0,1038.7594462067627,1067.5049999999999,1065.4743637586196,1131.1019999999999,1111.2772092996636,-0.039817143713612474,-0.0938040954750322,-34.52559895633112,-32.77287504938193,-1.7527239069491927,1067.5049999999999,1147.280354986097,987.7296450139027,0.1494613233401197,0.23359566994463768,0.1329787234041362,40.035714285714285,0.03905923344947735,275099.5,0.029807396960009017,0.0,0.1594080596202142,0.23505052547784025,0.162759635495273,0.6194385971673577,0.6046221577243103,0.06344090428760275,1,-1,0.0,0.0,0.0,0.0,0.0,0.0,0.0,0.0,0.0,0.0,0.23505052547784025,0.23505052547784025,0.23505052547784025,0.23505052547784025,0.21665984691012743,0.1329787234041362,0.1329787234041362,0.1329787234041362,0.06887052341591016,0.10504201680663527,-35.32422996260243,-35.829766556605364,-35.953854841218345,-34.60626834605159,-25.995637271816122,34.892857142857146,31.428571428571427,29.642857142857142,30.428571428571427,45.285714285714285,0.1661729812527042,0.17672861820788932,0.18237818381150606,0.1810870808209299,0.14281355048410913,0.0,0.0,0.0,0.0,4,9,3,2023,0,0,22,0,0,0,0,1,-1,0,0.029996475444953534,0,-0.3414712495984581,-0.3414712495984581,0.23505052547784025,0.0,0.0,0.0
2023-09-25,1025.0,1025.0,1094.0,1030.0,5500.0,0.0,0.0,0.0,0.0,0.0,0.0,0.2350505254778404,NESTLE,1025.0,1026.5301577187665,1030.0,1036.2577287146241,1060.2549999999999,1061.619662448275,1128.1019999999999,1107.893789327128,-0.033251434796346055,-0.091394217898736,-33.506436783824256,-32.9195873962704,-0.5868493875538547,1060.2549999999999,1125.9171488338113,994.5928511661884,0.12386105009419705,0.23154244396395685,0.15337423312870158,44.25,0.04317073170731707,273117.5,0.020137852755682077,0.0,0.1594080596202142,0.23505052547784025,0.162759635495273,0.6553474296408571,0.6649675527729588,0.046671933538105115,1,-1,0.0,0.0,0.0,0.0,0.0,0.0,0.0,0.0,0.0,0.0,0.23505052547784025,0.23505052547784025,0.23505052547784025,0.23505052547784025,0.21665984691012743,0.1329787234041362,0.1329787234041362,0.1329787234041362,0.1329787234041362,0.10504201680663527,-34.52559895633112,-35.32422996260243,-35.829766556605364,-35.58927145407051,-26.5973335599042,40.035714285714285,34.892857142857146,31.428571428571427,27.857142857142858,42.42142857142858,0.1494613233401197,0.1661729812527042,0.17672861820788932,0.18374384694834653,0.14696588768363011,0.0,0.0,0.0,0.0,0,9,3,2023,0,0,25,1,0,0,0,0,-1,0,0.029996475444953534,0,-0.3414712495984581,-0.3414712495984581,0.23505052547784025,0.0,0.0,0.0
2023-09-26,1025.0,1025.0,1090.8,1030.0,6550.0,0.0,0.0,0.0,0.0,0.0,0.0,0.2350505254778404,NESTLE,1025.0,1026.0201051458444,1027.5,1034.2108689483289,1056.5049999999999,1058.1320755484394,1125.1019999999999,1104.64305249077,-0.029820019782206317,-0.08897148880723692,-32.326108166802214,-32.80089155037676,0.47478338357454675,1056.5049999999999,1121.168842495754,991.8411575042456,0.1224108593821216,0.25639400023229025,0.0,48.94285714285714,0.04774912891986063,213445.0,0.0306870622408583,0.0,0.12096874886125811,0.23505052547784025,0.162759635495273,0.6918941599122987,0.7396248833998705,0.010036480375429193,1,-1,0.0,0.0,0.0,0.0,-0.0235304974101941,0.0,0.0,0.0,0.0,0.0005536843083711,0.23505052547784025,0.23505052547784025,0.23505052547784025,0.23505052547784025,0.22599585539639513,0.15337423312870158,0.1329787234041362,0.1329787234041362,0.1329787234041362,0.08319467554068183,-33.506436783824256,-34.52559895633112,-35.32422996260243,-35.953854841218345,-28.759946508578423,44.25,40.035714285714285,34.892857142857146,29.642857142857142,37.064285714285724,0.12386105009419705,0.1494613233401197,0.1661729812527042,0.18237818381150606,0.1568094397167743,0.0,0.0,0.0,0.0,1,9,3,2023,0,0,26,0,1,0,0,0,-1,0,0.029996475444953534,0,-0.3414712495984581,-0.3414712495984581,0.12166992954338832,0.0,0.0,0.0
2023-09-28,1025.0,1025.0,1094.0,1030.0,9550.0,0.0,0.0,0.0,0.0,0.0,0.0,0.1216699295433887,NESTLE,1025.0,1025.6800700972296,1025.0,1032.5361655031782,1052.7549999999999,1054.9766397819214,1122.1019999999999,1101.519795530348,-0.02636415880238031,-0.08653580512288533,-31.032960581764655,-32.44730535665434,1.4143447748896847,1052.7549999999999,1115.467727659752,990.0422723402478,0.11914021336351212,0.2787131812334441,0.0,52.79285714285715,0.05150522648083625,198102.5,0.04820736739819033,0.0,0.12096874886125811,0.12166992954338832,0.162759635495273,0.7309026977461479,0.8208585480800069,0.024556514598405264,0,-1,0.0,0.0,0.0,0.0,0.0,0.0,0.0,0.0,0.0,0.0,0.23505052547784025,0.23505052547784025,0.23505052547784025,0.23505052547784025,0.2267369942180823,0.0,0.15337423312870158,0.1329787234041362,0.1329787234041362,0.08319467554068183,-32.326108166802214,-33.506436783824256,-34.52559895633112,-35.829766556605364,-30.12655270473533,48.94285714285714,44.25,40.035714285714285,31.428571428571427,36.49285714285715,0.1224108593821216,0.12386105009419705,0.1494613233401197,0.17672861820788932,0.1633181302102636,0.0,0.0,0.0,0.0,3,9,3,2023,0,0,28,0,0,0,1,0,-1,0,0.029996475444953534,0,-0.3414712495984581,-0.3414712495984581,0.12166992954338832,0.0,0.0,0.0
2023-09-29,1025.0,1025.0,1090.0,1030.0,68250.0,0.0,0.0,0.0,0.0,0.0,0.0,0.1216699295433887,NESTLE,1025.0,1025.4533800648198,1025.0,1031.1659535935094,1049.0049999999999,1052.1217217074527,1119.1019999999999,1098.51901923504,-0.022883589687370302,-0.08408706266274198,-29.66615879198571,-31.891076043720616,2.224917251734908,1049.0049999999999,1108.7204824321561,989.2895175678435,0.11385166406672287,0.29900522425426035,0.0,55.65714285714286,0.05429965156794425,170447.0,0.400417725157967,0.0,0.0,0.12166992954338832,0.162759635495273,0.7108521165066435,0.7924950498887015,0.03263696273441498,0,-1,0.0,0.0,0.0,0.0,-0.0240975515790605,0.0,0.0,0.0,0.0,0.0005806919921054,0.12166992954338832,0.23505052547784025,0.23505052547784025,0.23505052547784025,0.23505052547784025,0.0,0.0,0.15337423312870158,0.1329787234041362,0.06887052341591016,-31.032960581764655,-32.326108166802214,-33.506436783824256,-35.32422996260243,-32.84823502132849,52.79285714285715,48.94285714285714,44.25,34.892857142857146,31.850000000000005,0.11914021336351212,0.1224108593821216,0.12386105009419705,0.1661729812527042,0.17438808024575367,0.0,0.0,0.0,0.0,4,9,3,2023,0,0,29,0,0,0,0,1,-1,0,0.029996475444953534,0,-0.3414712495984581,-0.3414712495984581,0.12166992954338832,0.0,0.0,0.0
2023-10-03,1025.0,1025.0,1088.0,1000.0,22770.0,0.0,0.0,0.0,0.0,0.0,0.0,0.1216699295433887,NESTLE,1025.0,1025.3022533765466,1025.0,1030.0448711219622,1045.2549999999999,1049.5387005924572,1116.1019999999999,1095.6359204415091,-0.019378046505398094,-0.08162515612372334,-28.257226805213122,-31.16430619601912,2.907079390805997,1045.2549999999999,1100.7578866010815,989.7521133989181,0.10619970552847237,0.31753201283403987,0.0,58.378571428571426,0.05695470383275261,171254.5,0.1329600098099612,0.0,0.0,0.12166992954338832,0.1437193287996604,0.6160258007741315,0.7158757777575313,0.03856394326626984,0,-1,0.0,0.0,0.0,0.0,0.0,0.0,0.0,0.0,0.0,0.0,0.12166992954338832,0.12166992954338832,0.23505052547784025,0.23505052547784025,0.23505052547784025,0.0,0.0,0.0,0.1329787234041362,0.06887052341591016,-29.66615879198571,-31.032960581764655,-32.326108166802214,-34.52559895633112,-34.60626834605159,55.65714285714286,52.79285714285715,48.94285714285714,40.035714285714285,30.428571428571427,0.11385166406672287,0.11914021336351212,0.1224108593821216,0.1494613233401197,0.1810870808209299,0.0,0.0,0.0,0.0,1,10,4,2023,0,0,3,0,1,0,0,0,-1,0,0.029996475444953534,0,-0.3414712495984581,-0.3414712495984581,0.12166992954338832,0.0,0.0,0.0
2023-10-04,1025.0,1025.0,1050.0,1025.0,69640.0,0.0,0.0,0.0,0.0,0.0,0.0,0.1216699295433887,NESTLE,1025.0,1025.2015022510311,1025.0,1029.12762182706,1041.5049999999999,1047.2016814884137,1113.1019999999999,1092.8658843457638,-0.01584725949467346,-0.07914997906750673,-26.831343034320525,-30.2977135636794,3.4663705293588762,1041.5049999999999,1091.2722678310586,991.7377321689413,0.09556798638711987,0.3341781584632265,0.0,58.378571428571426,0.05695470383275261,170427.5,0.4086195009608191,0.0,0.0,0.12166992954338832,0.1437193287996604,0.5691981747753225,0.6346421130773949,0.04323241330727619,0,-1,0.0,0.0,0.0,0.0,0.0,0.0,0.0,0.0,0.0,0.0,0.12166992954338832,0.12166992954338832,0.12166992954338832,0.23505052547784025,0.23505052547784025,0.0,0.0,0.0,0.15337423312870158,0.1329787234041362,-28.257226805213122,-29.66615879198571,-31.032960581764655,-33.506436783824256,-35.58927145407051,58.378571428571426,55.65714285714286,52.79285714285715,44.25,27.857142857142858,0.10619970552847237,0.11385166406672287,0.11914021336351212,0.12386105009419705,0.18374384694834653,0.0,0.0,0.0,0.0,2,10,4,2023,0,0,4,0,0,1,0,0,-1,0,0.029996475444953534,0,-0.3414712495984581,-0.3414712495984581,0.12166992954338832,0.0,0.0,0.0
2023-10-05,1025.0,1025.0,1028.9,1000.0,12300.0,0.0,0.0,0.0,0.0,0.0,0.0,0.1216699295433887,NESTLE,1025.0,1025.1343348340208,1025.0,1028.377145131231,1038.2549999999999,1045.0872356323744,1110.1019999999999,1090.2044771165183,-0.01276661321159049,-0.07666142390519058,-25.408427338785486,-29.31985631870062,3.911428979915133,1038.2549999999999,1082.9153780595389,993.5946219404609,0.08602969031603792,0.3516022414506995,0.0,54.65714285714286,0.05332404181184669,156596.5,0.0785458167966717,0.0,0.0,0.12166992954338832,0.1437193287996604,0.5281557149850553,0.5698464117442807,0.047018750056852944,0,-1,0.0,0.0,0.0,0.0,0.0,0.0,0.0,0.0,0.0,0.0,0.12166992954338832,0.12166992954338832,0.12166992954338832,0.23505052547784025,0.23505052547784025,0.0,0.0,0.0,0.0,0.1329787234041362,-26.831343034320525,-28.257226805213122,-29.66615879198571,-32.326108166802214,-35.953854841218345,58.378571428571426,58.378571428571426,55.65714285714286,48.94285714285714,29.642857142857142,0.09556798638711987,0.10619970552847237,0.11385166406672287,0.1224108593821216,0.18237818381150606,0.0,0.0,0.0,0.0,3,10,4,2023,0,0,5,0,0,0,1,0,-1,0,0.029996475444953534,0,-0.3414712495984581,-0.3414712495984581,0.12031857089278993,0.0,0.0,0.0
2023-11-02,1050.0,1050.0,1069.0,1020.1,59790.0,0.0,0.0,0.0,0.0,0.0,0.0,0.102666300978933,NESTLE,1050.0,1047.424100642087,1038.0,1041.6114362008993,1031.25,1037.920699413506,1053.202,1058.9170470755287,0.01818181818181818,-0.003040252487177197,0.02170948621323987,-5.666351965453123,5.688061451666363,1031.25,1056.770889276702,1005.7291107232979,0.04949505799117976,0.867346133528286,85.71428571428571,39.77857142857143,0.0378843537414966,141300.0,0.4231422505307856,0.0,0.14551628021719556,0.10266630097893266,0.15485700897730537,0.59803607440324,0.6816535807439241,0.04670185703503228,0,-1,0.0,0.0,0.0,0.0289875368732521,-0.0048899852941917,0.0,0.0,0.0,0.0008402772939781,2.3911956177411983e-05,0.10266630097893266,0.10266630097893266,0.10266630097893266,0.10266630097893266,0.016939405955609336,85.71428571428571,85.71428571428571,85.71428571428571,85.71428571428571,0.0,-0.9950173802390054,-2.278257600616371,-3.8830004622527667,-8.33150909537153,-13.815059540602533,38.064285714285724,36.29285714285715,34.664285714285725,26.414285714285718,31.971428571428582,0.04672101972677558,0.04318460834209666,0.03867247757854138,0.02451827755853828,0.00436412388875291,0.0,0.0,0.0,0.0289875368732521,3,11,4,2023,0,0,2,0,0,0,1,0,-1,0,0.029996475444953534,0,-0.3254095727593961,-0.3446835849662705,0.10266630097893266,0.0,0.0,0.0
2023-11-03,1050.0,1050.0,1075.0,1022.5,75320.0,0.0,0.0,0.0,0.0,0.0,0.0,0.102666300978933,NESTLE,1050.0,1048.2827337613915,1041.0,1043.1366296189176,1032.5,1039.0711089931722,1050.802,1058.5673589549197,0.01694915254237288,-0.0007632265640909584,0.8180429629355785,-4.3694729797753835,5.187515942710962,1032.5,1059.1556994991593,1005.8443005008409,0.05163331622113162,0.8282600030914954,85.71428571428571,41.38571428571429,0.039414965986394566,144387.5,0.5216518050385248,0.0,0.14551628021719556,0.10266630097893266,0.15485700897730537,0.5443595491803468,0.6219071575011438,0.04592620515407428,0,-1,0.0,0.0,0.0,0.0,0.0,0.0,0.0,0.0,0.0,0.0,0.10266630097893266,0.10266630097893266,0.10266630097893266,0.10266630097893266,0.016939405955609336,85.71428571428571,85.71428571428571,85.71428571428571,85.71428571428571,0.0,0.02170948621323987,-0.9950173802390054,-2.278257600616371,-5.8747558898357966,-13.21910189260825,39.77857142857143,38.064285714285724,36.29285714285715,29.964285714285722,29.471428571428582,0.04949505799117976,0.04672101972677558,0.04318460834209666,0.03277851386632432,0.00600865799171392,0.0,0.0,0.0,0.0,4,11,4,2023,0,0,3,0,0,0,0,1,-1,0,0.029996475444953534,0,-0.3254095727593961,-0.3446835849662705,0.10266630097893266,0.0,0.0,0.0
2023-11-06,1050.0,1050.0,1075.0,1001.2,57170.0,0.0,0.0,0.0,0.0,0.0,0.0,0.102666300978933,NESTLE,1050.0,1048.8551558409276,1044.0,1044.3845151427506,1033.75,1040.1119557557272,1048.402,1058.2313840939426,0.015719467956469165,0.0015242244864087976,1.4326285305903639,-3.2090526777022346,4.6416812082925984,1033.75,1061.255980211009,1006.244019788991,0.05321592302009005,0.7953903092225754,85.71428571428571,44.521428571428565,0.042401360544217684,146217.5,0.39099287021047413,0.0,0.14551628021719556,0.10266630097893266,0.15485700897730537,0.5130406503510779,0.5953607872688526,0.04518993679561068,0,-1,0.0,0.0,0.0,0.0,0.0,0.0,0.0,0.0,0.0,0.0,0.10266630097893266,0.10266630097893266,0.10266630097893266,0.10266630097893266,0.016939405955609336,85.71428571428571,85.71428571428571,85.71428571428571,85.71428571428571,0.0,0.8180429629355785,0.02170948621323987,-0.9950173802390054,-3.8830004622527667,-12.601538471614617,41.38571428571429,39.77857142857143,38.064285714285724,34.664285714285725,25.32857142857144,0.05163331622113162,0.04949505799117976,0.04672101972677558,0.03867247757854138,0.007153479102416891,0.0,0.0,0.0,0.0,0,11,4,2023,0,0,6,1,0,0,0,0,1,0,0.029996475444953534,0,-0.3254095727593961,-0.3446835849662705,0.10266630097893266,0.0,0.0,0.0
2023-11-07,1050.0,1050.0,1068.0,1002.0,38870.0,0.0,0.0,0.0,0.0,0.0,0.0,0.102666300978933,NESTLE,1050.0,1049.2367705606184,1047.0,1045.4055123895232,1035.0,1041.0536742551817,1046.002,1057.9085847177096,0.014492753623188406,0.0038221724241445498,1.897815188660843,-2.1876791044296193,4.085494293090463,1035.0,1063.0975743474507,1006.9024256525491,0.054294829656909765,0.766926956300784,85.71428571428571,47.16428571428571,0.04491836734693877,145458.5,0.26722398484791193,0.0,0.14551628021719556,0.10266630097893266,0.15485700897730537,0.5424582255143064,0.6294837007144429,0.04442632213772027,0,-1,0.0,0.0,0.0,0.0,0.0,0.0,0.0,0.0,0.0,0.0,0.10266630097893266,0.10266630097893266,0.10266630097893266,0.10266630097893266,0.016939405955609336,85.71428571428571,85.71428571428571,85.71428571428571,85.71428571428571,0.0,1.4326285305903639,0.8180429629355785,0.02170948621323987,-2.278257600616371,-11.974085210475664,44.521428571428565,41.38571428571429,39.77857142857143,36.29285714285715,23.54285714285715,0.05321592302009005,0.05163331622113162,0.04949505799117976,0.04318460834209666,0.0080154558756651,0.0,0.0,0.0,0.0,1,11,4,2023,0,0,7,0,1,0,0,0,1,0,0.029996475444953534,0,-0.3254095727593961,-0.3446835849662705,0.10266630097893266,0.0,0.0,0.0
2023-11-08,1050.0,1050.0,1055.0,1045.0,18410.0,0.0,0.0,0.0,0.0,0.0,0.0,0.102666300978933,NESTLE,1050.0,1049.4911803737457,1050.0,1046.2408737732462,1036.25,1041.9057052784979,1043.6019999999999,1057.5984441405446,0.013268998793727383,0.006130689669050212,2.2406501465375186,-1.302013254236192,3.5426634007737103,1036.25,1064.6966259214655,1007.8033740785346,0.0549030174600057,0.7416806836417175,100.0,47.521428571428565,0.04525850340136054,144233.0,0.12764069249062282,0.0,0.14551628021719556,0.10266630097893266,0.15485700897730537,0.5029825831705746,0.5417800687714814,0.04397335703112402,0,-1,0.0,0.0,0.0,0.0,0.0,0.0,0.0,0.0,0.0,0.0,0.10266630097893266,0.10266630097893266,0.10266630097893266,0.10266630097893266,0.016939405955609336,85.71428571428571,85.71428571428571,85.71428571428571,85.71428571428571,0.0,1.897815188660843,1.4326285305903639,0.8180429629355785,-0.9950173802390054,-11.346033963595232,47.16428571428571,44.521428571428565,41.38571428571429,38.064285714285724,25.692857142857147,0.054294829656909765,0.05321592302009005,0.05163331622113162,0.04672101972677558,0.008679104436030505,0.0,0.0,0.0,0.0,2,11,4,2023,0,0,8,0,0,1,0,0,1,0,0.029996475444953534,0,-0.3254095727593961,-0.3446835849662705,0.10266630097893266,0.0,0.0,0.0
2023-11-09,1050.0,1050.0,1050.0,1050.0,1000000.0,0.0,0.0,0.0,0.0,0.0,0.0,0.102666300978933,NESTLE,1050.0,1049.6607869158306,1050.0,1046.9243512690196,1037.5,1042.6765904900694,1042.6019999999999,1057.3004659389546,0.012048192771084338,0.007095708621314882,2.483718559158433,-0.544866891557267,3.0285854507157,1037.5,1066.062028528874,1008.937971471126,0.0550593321038534,0.7188219927615346,100.0,45.378571428571426,0.04321768707482993,192060.0,5.206706237634073,0.0,0.0,0.10266630097893266,0.15485700897730537,0.4616690337001197,0.43666276107316243,0.043508992182185194,0,-1,0.0,0.0,0.0,0.0,0.0289875368732521,0.0,0.0,0.0,0.0,0.0008402772939781,0.10266630097893266,0.10266630097893266,0.10266630097893266,0.10266630097893266,0.10266630097893266,100.0,85.71428571428571,85.71428571428571,85.71428571428571,85.71428571428571,2.2406501465375186,1.897815188660843,1.4326285305903639,0.02170948621323987,-8.33150909537153,47.521428571428565,47.16428571428571,44.521428571428565,39.77857142857143,26.414285714285718,0.0549030174600057,0.054294829656909765,0.05321592302009005,0.04949505799117976,0.02451827755853828,0.0,0.0,0.0,0.0,3,11,4,2023,0,0,9,0,0,0,1,0,1,0,0.029996475444953534,0,-0.3254095727593961,-0.3446835849662705,0.10266630097893266,0.0,0.0,0.0
2023-11-10,1050.0,1050.0,1085.0,1045.0,8780.0,0.0,0.0,0.0,0.0,0.0,0.0,0.102666300978933,NESTLE,1050.0,1049.7738579438872,1050.0,1047.4835601291977,1038.75,1043.3740580624437,1041.6019999999999,1057.014173157035,0.010830324909747292,0.008062580524999126,2.645852289170307,0.09327694458824776,2.552575344582059,1038.75,1067.1966259214655,1010.3033740785346,0.0547708802338685,0.697738741161405,100.0,46.09285714285714,0.043897959183673466,192188.0,0.04568443399171644,0.0,0.0,0.10266630097893266,0.15485700897730537,0.43956208520807255,0.40858472556080144,0.0430328585507951,0,-1,0.0,0.0,0.0,0.0,0.0,0.0,0.0,0.0,0.0,0.0,0.10266630097893266,0.10266630097893266,0.10266630097893266,0.10266630097893266,0.10266630097893266,100.0,100.0,85.71428571428571,85.71428571428571,85.71428571428571,2.483718559158433,2.2406501465375186,1.897815188660843,0.8180429629355785,-5.8747558898357966,45.378571428571426,47.521428571428565,47.16428571428571,41.38571428571429,29.964285714285722,0.0550593321038534,0.0549030174600057,0.054294829656909765,0.05163331622113162,0.03277851386632432,0.0,0.0,0.0,0.0,4,11,4,2023,0,0,10,0,0,0,0,1,1,0,0.029996475444953534,0,-0.3254095727593961,-0.3446835849662705,0.10266630097893266,0.0,0.0,0.0
2023-11-13,1050.0,1050.0,1070.0,1045.5,17320.0,0.0,0.0,0.0,0.0,0.0,0.0,0.102666300978933,NESTLE,1050.0,1049.8492386292583,1050.0,1047.9410946511616,1040.0,1044.005100151735,1040.6019999999999,1056.7391075430337,0.009615384615384616,0.00903131072206294,2.742727977479717,0.6231671511665416,2.1195608263131755,1040.0,1068.0975743474507,1011.9024256525491,0.05403379682202077,0.677951304200523,100.0,47.84285714285714,0.045564625850340136,192028.0,0.09019517986960235,0.0,0.0,0.10266630097893266,0.15485700897730537,0.3331957725662551,0.3009193445118084,0.043519845299100454,0,-1,0.0,0.0,0.0,0.0,0.0,0.0,0.0,0.0,0.0,0.0,0.10266630097893266,0.10266630097893266,0.10266630097893266,0.10266630097893266,0.10266630097893266,100.0,100.0,100.0,85.71428571428571,85.71428571428571,2.645852289170307,2.483718559158433,2.2406501465375186,1.4326285305903639,-3.8830004622527667,46.09285714285714,45.378571428571426,47.521428571428565,44.521428571428565,34.664285714285725,0.0547708802338685,0.0550593321038534,0.0549030174600057,0.05321592302009005,0.03867247757854138,0.0,0.0,0.0,0.0,0,11,4,2023,0,0,13,1,0,0,0,0,1,0,0.029996475444953534,0,-0.3254095727593961,-0.3446835849662705,0.10266630097893266,0.0,0.0,0.0
2023-11-14,1050.0,1050.0,1065.0,1040.1,10460.0,0.0,0.0,0.0,0.0,0.0,0.0,0.102666300978933,NESTLE,1050.0,1049.8994924195056,1050.0,1048.315441078223,1041.25,1044.5760429944269,1039.6019999999999,1056.474828815856,0.008403361344537815,0.01000190457502019,2.787371573989958,1.056008035731225,1.7313635382587331,1041.25,1068.755980211009,1013.744019788991,0.052832615051157834,0.6590563203506175,100.0,45.40714285714286,0.043244897959183674,187173.0,0.05588412858692226,0.0,0.0,0.10266630097893266,0.15481439476271872,0.21731337878754353,0.2108236745140418,0.04398151164200332,0,-1,0.0,0.0,0.0,0.0,0.0,0.0,0.0,0.0,0.0,0.0,0.10266630097893266,0.10266630097893266,0.10266630097893266,0.10266630097893266,0.10266630097893266,100.0,100.0,100.0,85.71428571428571,85.71428571428571,2.742727977479717,2.645852289170307,2.483718559158433,1.897815188660843,-2.278257600616371,47.84285714285714,46.09285714285714,45.378571428571426,47.16428571428571,36.29285714285715,0.05403379682202077,0.0547708802338685,0.0550593321038534,0.054294829656909765,0.04318460834209666,0.0,0.0,0.0,0.0,1,11,4,2023,0,0,14,0,1,0,0,0,1,0,0.029996475444953534,0,-0.3254095727593961,-0.3446835849662705,0.10266630097893266,0.0,0.0,0.0
2023-12-13,1150.0,1150.0,1150.0,1130.0,86250.0,0.0,0.0,0.0,0.0,0.0,0.0,0.3151354838144117,NESTLE,1150.0,1148.8438778552713,1150.0,1138.9762224114543,1105.0,1116.0804013139762,1064.0,1088.3950756462632,0.04072398190045249,0.08082706766917293,27.96547102457839,24.880599451008752,3.0848715735696395,1105.0,1207.083557106808,1002.916442893192,0.1847666191978426,0.7204076801169721,100.0,60.550000000000004,0.052652173913043485,65073.5,1.3254243278754023,0.0,0.0,0.3151354838144115,0.19742391150353075,0.586605141197652,0.6366884638167811,0.12929004811078978,1,-1,0.0,0.0,0.0,0.0,0.0909717782057267,0.0,0.0,0.0,0.0,0.0082758644299119,0.3151354838144115,0.3151354838144115,0.3151354838144115,0.3151354838144115,0.3151354838144115,100.0,100.0,100.0,100.0,100.0,28.573748411685074,28.934513390694974,28.974115041857658,27.71377503412168,9.881536858953268,60.550000000000004,54.828571428571436,49.82142857142859,46.250000000000014,36.87142857142859,0.18654151856093698,0.18645398558321102,0.18444942750459992,0.1741342022154174,0.0847798285307978,0.0,0.0,0.0,0.0,2,12,4,2023,0,0,13,0,0,1,0,0,1,0,0.029996475444953534,0,-0.2611628654031481,-0.3254095727593961,0.3151354838144115,0.0,0.0,0.0
2023-12-14,1150.0,1150.0,1150.0,1100.1,3260.0,0.0,0.0,0.0,0.0,0.0,0.0,0.3151354838144117,NESTLE,1150.0,1149.2292519035143,1150.0,1140.9805456093716,1110.0,1119.3108392840736,1066.5,1090.8109550326842,0.036036036036036036,0.0782934833567745,27.170205595653215,25.33852067993765,1.8316849157155666,1110.0,1210.524937990007,1009.475062009993,0.1811260143964089,0.6989556064385554,100.0,61.25714285714287,0.05326708074534162,64219.5,0.05076339741044387,0.0,0.0,0.3151354838144115,0.19051414835058963,0.5864800352966394,0.6364843826901407,0.1297071873389896,1,-1,0.0,0.0,0.0,0.0,0.0,0.0,0.0,0.0,0.0,0.0,0.3151354838144115,0.3151354838144115,0.3151354838144115,0.3151354838144115,0.3151354838144115,100.0,100.0,100.0,100.0,100.0,27.96547102457839,28.573748411685074,28.934513390694974,28.603219476005734,15.932898075213416,60.550000000000004,60.550000000000004,54.828571428571436,47.678571428571445,39.14285714285716,0.1847666191978426,0.18654151856093698,0.18645398558321102,0.18040939536574843,0.11614849268888544,0.0,0.0,0.0,0.0,3,12,4,2023,0,0,14,0,0,0,1,0,1,0,0.029996475444953534,0,-0.2611628654031481,-0.3254095727593961,0.3151354838144115,0.0,0.0,0.12455224276102222
2023-12-15,1150.0,1150.0,1140.0,1100.0,24010.0,0.0,0.0,0.0,0.0,0.0,0.0,0.3151354838144117,NESTLE,1150.0,1149.4861679356763,1150.0,1142.6204464076675,1115.0,1122.2336164951143,1069.0,1093.1320940510102,0.03139013452914798,0.07577174929840973,26.237502418054873,25.518317027561093,0.7191853904937808,1115.0,1212.8720969859187,1017.1279030140814,0.17555533091644598,0.6788047925704278,100.0,57.40000000000001,0.04991304347826088,64924.5,0.36981416876525813,0.0,0.0,0.3151354838144115,0.19051414835058963,0.5437419678681886,0.5758788310408959,0.12929433458561543,1,-1,0.0,0.0,0.0,0.0,0.0,0.0,0.0,0.0,0.0,0.0,0.3151354838144115,0.3151354838144115,0.3151354838144115,0.3151354838144115,0.3151354838144115,100.0,100.0,100.0,100.0,100.0,27.170205595653215,27.96547102457839,28.573748411685074,28.974115041857658,20.49242155718116,61.25714285714287,60.550000000000004,60.550000000000004,49.82142857142859,39.17142857142859,0.1811260143964089,0.1847666191978426,0.18654151856093698,0.18444942750459992,0.13759532339249692,0.0,0.0,0.0,0.0,4,12,4,2023,0,0,15,0,0,0,0,1,1,0,0.029996475444953534,0,-0.2611628654031481,-0.3254095727593961,0.3151354838144115,0.0,0.0,0.12455224276102222
2023-12-18,1150.0,1150.0,1140.0,1086.6,16730.0,0.0,0.0,0.0,0.0,0.0,0.0,0.3151354838144117,NESTLE,1150.0,1149.657445290451,1150.0,1143.9621834244551,1120.0,1124.87803397177,1071.5,1095.3622080097941,0.026785714285714284,0.07326178254783014,25.207749188676644,25.456203459784202,-0.24845427110755836,1120.0,1214.0324691963253,1025.9675308036747,0.16791512356486668,0.6595193673866238,100.0,58.500000000000014,0.05086956521739132,64285.0,0.260247336081512,0.0,0.0,0.3151354838144115,0.19051414835058963,0.4501433948848066,0.49021094833494544,0.1279312560159375,1,-1,0.0,0.0,0.0,0.0,0.0,0.0,0.0,0.0,0.0,0.0,0.3151354838144115,0.3151354838144115,0.3151354838144115,0.3151354838144115,0.3151354838144115,100.0,100.0,100.0,100.0,100.0,26.237502418054873,27.170205595653215,27.96547102457839,28.934513390694974,23.8311659198946,57.40000000000001,61.25714285714287,60.550000000000004,54.828571428571436,37.750000000000014,0.17555533091644598,0.1811260143964089,0.1847666191978426,0.18645398558321102,0.15341732367628463,0.0,0.0,0.0,0.0,0,12,4,2023,0,0,18,1,0,0,0,0,1,0,0.029996475444953534,0,-0.2611628654031481,-0.3254095727593961,0.3151354838144115,0.0,0.0,0.20026778331013081
2024-01-04,1100.0,1100.0,1098.7,1053.0,26860.0,0.0,0.0,0.0,0.0,0.0,0.0,0.1086981079046274,NESTLE,1100.0,1103.4081732794364,1116.0,1112.2041928012418,1133.0,1116.2025429085702,1090.0,1101.497587956522,-0.02912621359223301,0.009174311926605505,0.8978746246634728,9.436898941646325,-8.539024316982852,1133.0,1178.929007002226,1087.070992997774,0.08107503442581808,0.14074990780444416,0.0,54.45714285714286,0.04950649350649351,171971.5,0.15618867079719606,0.0,0.1528335739213989,0.1086981079046273,0.20253885520373718,0.7130188544836755,0.8167056837723979,0.07641725937995153,0,-1,0.0,0.0,0.0,-0.0269074529199243,0.0,0.0,0.0,0.0,0.0007240110226379,0.0,0.1086981079046273,0.1086981079046273,0.34055583812867785,0.34055583812867785,0.3151354838144115,0.0,0.0,0.0,0.0,100.0,2.4402442674374925,4.373374331233663,6.777138531479295,13.395032543711523,25.207749188676644,57.52857142857143,58.95714285714286,58.414285714285725,51.942857142857164,58.500000000000014,0.07707213753984221,0.07176348478510222,0.0648451469751854,0.08626654187636182,0.16791512356486668,0.0,0.0,0.0,0.0269074529199243,3,1,1,2024,0,0,4,0,0,0,1,0,1,0,0.029996475444953534,0,-0.29328621908127206,-0.29328621908127206,0.31668840177246793,0.0070010831938026,0.083672475724115,0.5940156504399962
2024-01-12,1196.0,1196.0,1155.0,1102.5,104300.0,0.0,0.0,0.0,0.0,0.0,0.0,0.316688401772468,NESTLE,1196.0,1187.8712250890044,1157.6,1170.8625491453492,1146.8,1152.2281513183275,1108.72,1121.664149104979,0.04290198814091389,0.07872140847102962,22.027128078866326,15.735655828031522,6.291472250834804,1146.8,1223.9753983161938,1069.624601683806,0.1345926025744574,0.818754428700346,65.75342465753425,75.41428571428571,0.06305542283803153,269108.5,0.3875760148787571,0.0,0.42003249455705916,0.31668840177246793,0.26127361465751764,0.5684826904013753,0.6507018923751823,0.07657303783138875,1,-1,0.0,0.0,0.0,0.083672475724115,0.0,0.0,0.0,0.0,0.0070010831938026,0.0,0.31668840177246793,0.31668840177246793,0.31668840177246793,0.31668840177246793,0.34055583812867785,65.75342465753425,65.75342465753425,65.75342465753425,65.75342465753425,0.0,20.741518148518026,18.798917573440576,16.046014038364092,7.337352829046722,9.746639186607581,72.30714285714285,68.92142857142856,66.60714285714286,59.88571428571429,54.857142857142875,0.12872613531272298,0.12196918456361089,0.11415599286527726,0.0942430603552303,0.05573916770726485,0.0,0.0,0.0,0.083672475724115,4,1,1,2024,0,0,12,0,0,0,0,1,1,0,0.029996475444953534,0,-0.231609380019274,-0.29328621908127206,0.31668840177246793,0.0,0.0,0.0
2024-01-15,1196.0,1196.0,1158.0,1101.0,68380.0,0.0,0.0,0.0,0.0,0.0,0.0,0.316688401772468,NESTLE,1196.0,1190.580816726003,1167.2,1175.4329947552856,1149.1,1156.3968988118202,1111.64,1124.579280512627,0.040814550517796616,0.0758878773703716,22.783350923682292,17.145194847161676,5.638156076520616,1149.1,1229.3572180718443,1068.8427819281555,0.13968709089173156,0.7921855574287182,76.19047619047619,80.77142857142857,0.06753463927376971,268215.0,0.25494472717782374,0.0,0.42003249455705916,0.31668840177246793,0.26127361465751764,0.48644059815023494,0.5720893914821839,0.07659870774859695,1,-1,0.0,0.0,0.0,0.0,0.0,0.0,0.0,0.0,0.0,0.0,0.31668840177246793,0.31668840177246793,0.31668840177246793,0.31668840177246793,0.34055583812867785,65.75342465753425,65.75342465753425,65.75342465753425,65.75342465753425,0.0,22.027128078866326,20.741518148518026,18.798917573440576,12.298911503944737,6.777138531479295,75.41428571428571,72.30714285714285,68.92142857142856,63.32142857142857,58.414285714285725,0.1345926025744574,0.12872613531272298,0.12196918456361089,0.10504262263201924,0.0648451469751854,0.0,0.0,0.0,0.0,0,1,1,2024,0,0,15,1,0,0,0,0,1,0,0.029996475444953534,0,-0.231609380019274,-0.29328621908127206,0.31668840177246793,0.0,0.0,0.5297681916882805
2024-01-16,1196.0,1196.0,1157.9,1105.0,15490.0,0.0,0.0,0.0,0.0,0.0,0.0,0.316688401772468,NESTLE,1196.0,1192.3872111506687,1176.8,1179.1724502543245,1151.4,1160.168622734504,1114.56,1127.3800930415437,0.0387354524926176,0.07306919322423204,23.116193882741072,18.339394654277555,4.776799228463517,1151.4,1234.3569323901202,1068.44306760988,0.14409750284891448,0.7688141829441106,76.19047619047619,84.42142857142856,0.07058647873865265,268826.5,0.0576208074724776,0.0,0.42003249455705916,0.31668840177246793,0.26127361465751764,0.4744484795797639,0.5578400960688508,0.07662429413176534,1,-1,0.0,0.0,0.0,0.0,0.0,0.0,0.0,0.0,0.0,0.0,0.31668840177246793,0.31668840177246793,0.31668840177246793,0.31668840177246793,0.1086981079046273,76.19047619047619,65.75342465753425,65.75342465753425,65.75342465753425,0.0,22.783350923682292,22.027128078866326,20.741518148518026,16.046014038364092,4.373374331233663,80.77142857142857,75.41428571428571,72.30714285714285,66.60714285714286,58.95714285714286,0.13968709089173156,0.1345926025744574,0.12872613531272298,0.11415599286527726,0.07176348478510222,0.0,0.0,0.0,0.0,1,1,1,2024,0,0,16,0,1,0,0,0,1,0,0.029996475444953534,0,-0.231609380019274,-0.29328621908127206,0.31668840177246793,0.0,0.0,0.5174591219207485
2024-01-17,1196.0,1196.0,1140.0,1102.0,39400.0,0.0,0.0,0.0,0.0,0.0,0.0,0.316688401772468,NESTLE,1196.0,1193.5914741004458,1186.4,1182.2320047535381,1153.7,1163.5811348550274,1117.48,1130.0710697850127,0.036664644188263804,0.07026523964634712,23.113535871944123,19.29422289781087,3.819312974133254,1153.7,1239.01082488234,1068.38917511766,0.1478908293011009,0.7479169557810498,100.0,88.99285714285713,0.07440874343048255,269596.0,0.1461446015519518,0.0,0.42003249455705916,0.31668840177246793,0.26127361465751764,0.4444431344417046,0.5180306610115919,0.07664979706454712,1,-1,0.0,0.0,0.0,0.0,0.0,0.0,0.0,0.0,0.0,0.0,0.31668840177246793,0.31668840177246793,0.31668840177246793,0.31668840177246793,0.1086981079046273,76.19047619047619,76.19047619047619,65.75342465753425,65.75342465753425,0.0,23.116193882741072,22.783350923682292,22.027128078866326,18.798917573440576,2.4402442674374925,84.42142857142856,80.77142857142857,75.41428571428571,68.92142857142856,57.52857142857143,0.14409750284891448,0.13968709089173156,0.1345926025744574,0.12196918456361089,0.07707213753984221,0.0,0.0,0.0,0.0,2,1,1,2024,0,0,17,0,0,1,0,0,1,0,0.029996475444953534,0,-0.231609380019274,-0.29328621908127206,0.31668840177246793,0.0,0.0,0.5174591219207485
2024-01-18,1196.0,1196.0,1158.5,1103.0,24660.0,0.0,0.0,0.0,0.0,0.0,0.0,0.316688401772468,NESTLE,1196.0,1194.394316066964,1196.0,1184.735276616531,1156.0,1166.6686458212153,1120.4,1132.6565180287378,0.03460207612456748,0.06747590146376285,22.848051266653556,20.004988571579407,2.843062695074149,1156.0,1243.3468584678953,1068.6531415321047,0.1511191322973968,0.7289721731360387,100.0,89.22142857142856,0.07459985666507404,269992.5,0.09133587044084558,0.0,0.42003249455705916,0.31668840177246793,0.26127361465751764,0.43601062783122757,0.5090571974826921,0.07667521663021154,1,-1,0.0,0.0,0.0,0.0,0.0,0.0,0.0,0.0,0.0,0.0,0.31668840177246793,0.31668840177246793,0.31668840177246793,0.31668840177246793,0.1086981079046273,100.0,76.19047619047619,76.19047619047619,65.75342465753425,0.0,23.113535871944123,23.116193882741072,22.783350923682292,20.741518148518026,0.8978746246634728,88.99285714285713,84.42142857142856,80.77142857142857,72.30714285714285,54.45714285714286,0.1478908293011009,0.14409750284891448,0.13968709089173156,0.12872613531272298,0.08107503442581808,0.0,0.0,0.0,0.0,3,1,1,2024,0,0,18,0,0,0,1,0,1,0,0.029996475444953534,0,-0.231609380019274,-0.29328621908127206,0.31668840177246793,0.0,0.0,0.5174591219207485
2024-01-19,1196.0,1196.0,1158.5,1113.1,10540.0,0.0,0.0,0.0,0.0,0.0,0.0,0.316688401772468,NESTLE,1196.0,1194.9295440446426,1196.0,1186.7834081407982,1158.3,1169.4621081239568,1123.32,1135.140576145258,0.03254769921436592,0.06470106470106476,22.37967385491129,20.479925628245788,1.8997482266655012,1158.3,1247.386829317777,1069.2131706822229,0.15382341244544087,0.7115913221331647,100.0,88.01428571428572,0.07359053989488773,260966.5,0.04038832570464025,0.0,0.0,0.31668840177246793,0.26089809644872514,0.42404910744820395,0.4943684991555641,0.07670055291164547,1,-1,0.0,0.0,0.0,0.0,0.083672475724115,0.0,0.0,0.0,0.0,0.0070010831938026,0.31668840177246793,0.31668840177246793,0.31668840177246793,0.31668840177246793,0.31668840177246793,100.0,100.0,76.19047619047619,65.75342465753425,65.75342465753425,22.848051266653556,23.113535871944123,23.116193882741072,22.027128078866326,7.337352829046722,89.22142857142856,88.99285714285713,84.42142857142856,75.41428571428571,59.88571428571429,0.1511191322973968,0.1478908293011009,0.14409750284891448,0.1345926025744574,0.0942430603552303,0.0,0.0,0.0,0.0,4,1,1,2024,0,0,19,0,0,0,0,1,1,0,0.029996475444953534,0,-0.231609380019274,-0.29328621908127206,0.4130691331837419,0.005568538431045,0.0746226402041971,0.5174591219207485
2024-02-09,1100.0,1100.0,1130.0,1100.0,82020.0,0.0,0.0,0.0,0.0,0.0,0.0,0.2628623311848663,NESTLE,1100.0,1099.523705275897,1096.0,1102.7314322474074,1122.5,1113.9046370328574,1137.72,1118.3448168065095,-0.0200445434298441,-0.03315402735295154,-12.563092076880821,-10.845582702694347,-1.7175093741864735,1122.5,1210.1055754053655,1034.8944245946345,0.15609011208082935,0.37158351568442544,33.33333333333333,50.8857142857143,0.04625974025974027,287251.0,0.2855342540147815,0.0,0.06834124916821988,0.262862331184866,0.2996529320028644,0.33163016343263224,0.34355124127454495,0.061174181819534705,1,-1,0.0,0.0,0.0,0.0091324835632724,0.0,0.0,0.0,0.0,8.340225603344191e-05,0.0,0.262862331184866,0.262862331184866,0.262862331184866,0.401884191421032,0.3992607750106364,8.620689655172413,8.620689655172413,8.620689655172413,8.620689655172413,0.0,-13.04535682921096,-13.471151377396382,-13.818676035227327,-14.166323886236796,-5.015122970697348,54.8857142857143,57.30714285714288,60.37857142857145,70.17142857142859,86.39285714285714,0.16460889563330613,0.17080810298726182,0.1749808201689063,0.17792563794067207,0.16814792254145228,0.0,0.0,0.0,0.0091324835632724,4,2,1,2024,0,0,9,0,0,0,0,1,-1,0,0.029996475444953534,0,-0.29328621908127206,-0.29971088981689686,0.262862331184866,0.0,0.0,0.0
2024-02-12,1100.0,1100.0,1146.6,990.0,115100.0,0.0,0.0,0.0,0.0,0.0,0.0,0.2628623311848663,NESTLE,1100.0,1099.6824701839314,1097.0,1102.2348082024241,1117.7,1112.580385886871,1136.72,1117.6254122258622,-0.015836091974590717,-0.03230346963192345,-12.042080181729034,-11.084882198501285,-0.9571979832277488,1117.7,1198.613469049869,1036.786530950131,0.14478566529456746,0.390623896071672,50.0,61.35714285714287,0.05577922077922079,289587.0,0.3974625932793944,0.0,0.04584470364221743,0.262862331184866,0.2996529320028644,0.7085140533683516,0.6732317657565045,0.06354235315740392,1,-1,0.0,0.0,0.0,0.0,-0.0091324835632724,0.0,0.0,0.0,0.0,8.340225603344191e-05,0.262862331184866,0.262862331184866,0.262862331184866,0.262862331184866,0.40051216402812945,33.33333333333333,8.620689655172413,8.620689655172413,8.620689655172413,0.0,-12.563092076880821,-13.04535682921096,-13.471151377396382,-14.061244947073874,-8.376764713626926,50.8857142857143,54.8857142857143,57.30714285714288,63.671428571428585,80.25,0.15609011208082935,0.16460889563330613,0.17080810298726182,0.17731476797172224,0.1703934805446364,0.0,0.0,0.0,0.0,0,2,1,2024,0,0,12,1,0,0,0,0,-1,0,0.029996475444953534,0,-0.29328621908127206,-0.29971088981689686,0.262862331184866,0.0,0.0,0.0
2024-02-13,1100.0,1100.0,1099.9,1010.0,15190.0,0.0,0.0,0.0,0.0,0.0,0.0,0.2628623311848663,NESTLE,1100.0,1099.7883134559543,1098.0,1101.828479438347,1112.9,1111.3822538976451,1135.72,1116.934219589554,-0.01159133794590717,-0.031451414080935464,-11.496648295992145,-11.167235417999457,-0.3294128779926879,1112.9,1185.1856905108575,1040.6143094891427,0.12990509571544148,0.4107707216405265,50.0,56.36428571428572,0.051240259740259746,289572.0,0.05245672924177752,0.0,0.04584470364221743,0.262862331184866,0.2996529320028644,0.7796078737501927,0.7791507930061673,0.06572050181901298,1,-1,0.0,0.0,0.0,0.0,0.0,0.0,0.0,0.0,0.0,0.0,0.262862331184866,0.262862331184866,0.262862331184866,0.262862331184866,0.40051216402812945,50.0,33.33333333333333,8.620689655172413,8.620689655172413,0.0,-12.042080181729034,-12.563092076880821,-13.04535682921096,-13.818676035227327,-10.91506790579524,61.35714285714287,50.8857142857143,54.8857142857143,60.37857142857145,77.45714285714287,0.14478566529456746,0.15609011208082935,0.16460889563330613,0.1749808201689063,0.17259524776157947,0.0,0.0,0.0,0.0,1,2,1,2024,0,0,13,0,1,0,0,0,-1,0,0.029996475444953534,0,-0.29328621908127206,-0.29971088981689686,0.262862331184866,0.0,0.0,0.0
2024-02-14,1100.0,1100.0,1090.0,995.0,40280.0,0.0,0.0,0.0,0.0,0.0,0.0,0.2628623311848663,NESTLE,1100.0,1099.8588756373028,1099.0,1101.4960286313747,1108.1,1110.298229716917,1134.72,1116.2701325468265,-0.0073098095839724845,-0.030597856739988744,-10.938299686984692,-11.121448271796504,0.1831485848118124,1108.1,1169.0051030616255,1047.1948969383743,0.10992708791918708,0.43350310899396977,50.0,59.22142857142858,0.05383766233766235,289616.0,0.13908071377271974,0.0,0.04584470364221743,0.262862331184866,0.2996529320028644,0.8503124366590564,0.8840784102528418,0.06772696409095445,1,-1,0.0,0.0,0.0,0.0,0.0,0.0,0.0,0.0,0.0,0.0,0.262862331184866,0.262862331184866,0.262862331184866,0.262862331184866,0.40051216402812945,50.0,50.0,33.33333333333333,8.620689655172413,0.0,-11.496648295992145,-12.042080181729034,-12.563092076880821,-13.471151377396382,-12.77937874973577,56.36428571428572,61.35714285714287,50.8857142857143,57.30714285714288,75.92857142857143,0.12990509571544148,0.14478566529456746,0.15609011208082935,0.17080810298726182,0.17475483940883174,0.0,0.0,0.0,0.0,2,2,1,2024,0,0,14,0,0,1,0,0,-1,0,0.029996475444953534,0,-0.29328621908127206,-0.29971088981689686,0.262862331184866,0.0,0.0,0.0
2024-02-15,1100.0,1100.0,1077.0,990.1,24720.0,0.0,0.0,0.0,0.0,0.0,0.0,0.2628623311848663,NESTLE,1100.0,1099.9059170915352,1100.0,1101.22402342567,1103.3,1109.3174459343534,1133.72,1115.6320881332256,-0.002991026919242232,-0.02974279363511275,-10.376194085204133,-10.972397434478031,0.5962033492738978,1103.3,1148.0171225889083,1058.5828774110917,0.08106067722089785,0.46310138254715777,50.0,63.50000000000001,0.05772727272727273,289619.0,0.08535351617124567,0.0,0.04584470364221743,0.262862331184866,0.2996529320028644,0.9039698984875818,0.9751059973630875,0.06957659492734519,1,-1,0.0,0.0,0.0,0.0,0.0,0.0,0.0,0.0,0.0,0.0,0.262862331184866,0.262862331184866,0.262862331184866,0.262862331184866,0.40051216402812945,50.0,50.0,50.0,8.620689655172413,0.0,-10.938299686984692,-11.496648295992145,-12.042080181729034,-13.04535682921096,-14.094387202968619,59.22142857142858,56.36428571428572,61.35714285714287,54.8857142857143,76.24285714285715,0.10992708791918708,0.12990509571544148,0.14478566529456746,0.16460889563330613,0.1768737607567463,0.0,0.0,0.0,0.0,3,2,1,2024,0,0,15,0,0,0,1,0,-1,0,0.029996475444953534,0,-0.29328621908127206,-0.29971088981689686,0.262862331184866,0.0,0.0,0.0
2024-02-16,1100.0,1100.0,1020.0,990.0,34470.0,0.0,0.0,0.0,0.0,0.0,0.0,0.2628623311848663,NESTLE,1100.0,1099.9372780610236,1100.0,1101.0014737119118,1098.5,1108.4300701310817,1132.72,1115.0190650691777,0.0013654984069185253,-0.028886220778303575,-9.817550732410837,-10.741428094064593,0.9238773616537568,1098.5,1108.2872096985845,1088.7127903014155,0.017819225668792987,0.5766306253873836,100.0,70.64285714285715,0.06422077922077923,290815.5,0.11852875792383831,0.0,0.0,0.262862331184866,0.2996529320028644,0.9056493365274623,0.9817186514284798,0.07128160386426655,1,-1,0.0,0.0,0.0,0.0,0.0091324835632724,0.0,0.0,0.0,0.0,8.340225603344191e-05,0.262862331184866,0.262862331184866,0.262862331184866,0.262862331184866,0.401884191421032,50.0,50.0,50.0,33.33333333333333,8.620689655172413,-10.376194085204133,-10.938299686984692,-11.496648295992145,-12.563092076880821,-14.166323886236796,63.50000000000001,59.22142857142858,56.36428571428572,50.8857142857143,70.17142857142859,0.08106067722089785,0.10992708791918708,0.12990509571544148,0.15609011208082935,0.17792563794067207,0.0,0.0,0.0,0.0,4,2,1,2024,0,0,16,0,0,0,0,1,-1,0,0.029996475444953534,0,-0.29328621908127206,-0.29971088981689686,0.262862331184866,0.0,0.0,0.0
2024-02-19,1100.0,1100.0,1029.8,990.0,7480.0,0.0,0.0,0.0,0.0,0.0,0.0,0.2628623311848663,NESTLE,1100.0,1099.9581853740158,1100.0,1100.8193875824732,1098.0,1107.627206309074,1131.72,1114.4300821252884,0.0018214936247723133,-0.02802813416746194,-9.267986273870065,-10.446739730025687,1.178753456155622,1098.0,1106.2078268166727,1089.7921731833273,0.014950504219804463,0.6218349293102394,100.0,74.45000000000002,0.0676818181818182,202689.5,0.03690373699673639,0.0,0.0,0.262862331184866,0.2996529320028644,0.6755940106611269,0.7405244578518911,0.07285214566718304,1,-1,0.0,0.0,0.0,0.0,0.0,0.0,0.0,0.0,0.0,0.0,0.262862331184866,0.262862331184866,0.262862331184866,0.262862331184866,0.262862331184866,100.0,50.0,50.0,50.0,8.620689655172413,-9.817550732410837,-10.376194085204133,-10.938299686984692,-12.042080181729034,-14.061244947073874,70.64285714285715,63.50000000000001,59.22142857142858,61.35714285714287,63.671428571428585,0.017819225668792987,0.08106067722089785,0.10992708791918708,0.14478566529456746,0.17731476797172224,0.0,0.0,0.0,0.0,0,2,1,2024,0,0,19,1,0,0,0,0,-1,0,0.029996475444953534,0,-0.29328621908127206,-0.29971088981689686,0.055538555322348256,0.0,0.0,0.7479854599442594
2024-02-20,1100.0,1100.0,1000.0,990.0,9910.0,0.0,0.0,0.0,0.0,0.0,0.0,0.0555385553223486,NESTLE,1100.0,1099.9721235826773,1100.0,1100.6704080220234,1098.0,1106.9008057082096,1130.72,1113.864196551748,0.0018214936247723133,-0.02716852978633086,-8.731797751949443,-10.103751334410438,1.3719535824609945,1098.0,1106.2078268166727,1089.7921731833273,0.014950504219804463,0.6218349293102394,100.0,76.87857142857145,0.0698896103896104,190465.5,0.05203042020733414,0.0,0.0,0.055538555322348256,0.2996529320028644,0.5710475216096758,0.5716591199464902,0.09189205932996014,0,-1,0.0,0.0,0.0,0.0,0.0,0.0,0.0,0.0,0.0,0.0,0.262862331184866,0.262862331184866,0.262862331184866,0.262862331184866,0.262862331184866,100.0,100.0,50.0,50.0,8.620689655172413,-9.267986273870065,-9.817550732410837,-10.376194085204133,-11.496648295992145,-13.818676035227327,74.45000000000002,70.64285714285715,63.50000000000001,56.36428571428572,60.37857142857145,0.014950504219804463,0.017819225668792987,0.08106067722089785,0.12990509571544148,0.1749808201689063,0.0,0.0,0.0,0.0,1,2,1,2024,0,0,20,0,1,0,0,0,-1,0,0.029996475444953534,0,-0.29328621908127206,-0.29971088981689686,0.045844703642217224,0.0,0.0,0.7479854599442594
2024-02-21,1100.0,1100.0,999.0,990.0,9600.0,0.0,0.0,0.0,0.0,0.0,0.0,0.0458447036422176,NESTLE,1100.0,1099.981415721785,1100.0,1100.5485156543828,1098.0,1106.2435861169515,1129.72,1113.3205025693267,0.0018214936247723133,-0.02630740360443298,-8.212199362958017,-9.725440940119954,1.5132415771619367,1098.0,1106.2078268166727,1089.7921731833273,0.014950504219804463,0.6218349293102394,100.0,77.74285714285715,0.07067532467532468,189523.0,0.05065348269075521,0.0,0.0,0.045844703642217224,0.2996529320028644,0.4200265855286983,0.38725437358616077,0.10583819059748428,0,-1,0.0,0.0,0.0,0.0,0.0,0.0,0.0,0.0,0.0,0.0,0.055538555322348256,0.262862331184866,0.262862331184866,0.262862331184866,0.262862331184866,100.0,100.0,100.0,50.0,8.620689655172413,-8.731797751949443,-9.267986273870065,-9.817550732410837,-10.938299686984692,-13.471151377396382,76.87857142857145,74.45000000000002,70.64285714285715,59.22142857142858,57.30714285714288,0.014950504219804463,0.014950504219804463,0.017819225668792987,0.10992708791918708,0.17080810298726182,0.0,0.0,0.0,0.0,2,2,1,2024,0,0,21,0,0,1,0,0,-1,0,0.029996475444953534,0,-0.29328621908127206,-0.29971088981689686,0.045844703642217224,0.0,0.0,0.7479854599442594
2024-03-19,901.0,901.0,950.0,899.0,70680.0,0.0,0.0,0.0,0.0,0.0,0.0,0.4800494980796465,NESTLE,901.0,901.3350658848663,900.61,909.768782664893,943.8050000000001,943.623559402284,1052.282,1013.573194454438,-0.04535364826420718,-0.14376564457056182,-47.1584021502905,-50.41964561444551,3.261243464155008,943.8050000000001,1093.1392767435723,794.4707232564278,0.31645154824052046,0.3566805929173842,1.098901098901095,44.89999999999999,0.04983351831298556,348565.5,0.20277394062235074,0.0,0.004985830044408483,0.48004949807964625,0.3667404262427102,0.39886781112126074,0.33445583679899443,0.17053415776861872,1,-1,0.0,0.0,0.0,0.0009993893452984,0.0,0.0,0.0,0.0,9.987790634959889e-07,0.0,0.48004949807964625,0.48004949807964625,0.48004949807964625,0.48004949807964625,0.4797583850004508,1.098901098901095,1.098901098901095,0.4975124378109399,0.4975124378109399,0.0,-49.42389273750655,-51.596589556280264,-53.61924492051469,-56.91450857215875,-54.52214838245618,48.96428571428571,51.12142857142857,57.59285714285714,73.30714285714286,106.87142857142855,0.34222675283572407,0.3602597523800066,0.37201835578100667,0.37997579855622404,0.32005522084366816,0.0,0.0,0.0,0.0009993893452984,1,3,1,2024,0,0,19,0,1,0,0,0,-1,0,0.029996475444953534,0,-0.42113716672020557,-0.4217796337937681,0.48004949807964625,0.0,0.0,0.007724369966426054
2024-03-20,901.0,901.0,950.0,898.0,10970.0,0.0,0.0,0.0,0.0,0.0,0.0,0.4800494980796465,NESTLE,901.0,901.2233772565776,900.71,908.1744585440033,933.8550000000001,939.5641727925426,1046.382,1009.1585593777934,-0.03518212142141995,-0.13893778753839425,-44.84602744919198,-49.304921981394806,4.458894532202827,933.8550000000001,1064.7497262819268,802.9602737180735,0.28033201360366783,0.37449838151143067,100.0,42.185714285714276,0.04682099254796257,348634.0,0.03146566313096256,0.0,0.004985830044408483,0.48004949807964625,0.3667404262427102,0.46550776153876494,0.46083087544563656,0.1542888969374319,1,-1,0.0,0.0,0.0,0.0,0.0,0.0,0.0,0.0,0.0,0.0,0.48004949807964625,0.48004949807964625,0.48004949807964625,0.48004949807964625,0.4797583850004508,1.098901098901095,1.098901098901095,1.098901098901095,0.4975124378109399,0.0,-47.1584021502905,-49.42389273750655,-51.596589556280264,-55.420972386566405,-56.91290762169331,44.89999999999999,48.96428571428571,51.12142857142857,65.45,102.1642857142857,0.31645154824052046,0.34222675283572407,0.3602597523800066,0.378402025586102,0.3414213833779859,0.0,0.0,0.0,0.0,2,3,1,2024,0,0,20,0,0,1,0,0,-1,0,0.029996475444953534,0,-0.42113716672020557,-0.4217796337937681,0.4797878556423719,1.2331975548570312e-06,0.0011104942840271,0.007981784586009151
2024-04-05,900.1,900.1,944.9,900.0,18620.0,0.0,0.0,0.0,0.0,0.0,0.0007887668181797,0.0053607575058102,NESTLE,900.1,900.1051201258402,900.04,901.1567785859776,900.375,914.5768516586395,992.75,973.1823116441965,-0.0003054282937664609,-0.09332661798035757,-24.468804827029317,-31.82134183249585,7.352537005466534,900.375,901.3217395569882,899.4282604430118,0.0021029894365973676,0.35476470378251485,15.384615384618073,28.214285714285705,0.031345723491040665,459765.0,0.04049895055082488,0.0007887668181791738,0.005724510949916823,0.0053607575058082155,0.3169907760394942,0.44980635500315946,0.4692379953225101,0.1878369706594539,0,-1,0.0,0.0,0.0,0.0001111172844079,0.0,0.0,0.0,0.0,1.234705089420722e-08,0.0,0.0053607575058082155,0.0053607575058082155,0.0053607575058082155,0.3302074409842093,0.48004949807964625,15.384615384618073,15.384615384618073,50.0,50.0,100.0,-26.17220087400335,-27.96566708851924,-29.848008808304712,-33.86601810870536,-44.84602744919198,25.00714285714285,21.94285714285714,18.44285714285714,13.814285714285713,42.185714285714276,0.002118871189764897,0.0021343918016501926,0.0021495590869458304,0.002178862988844687,0.28033201360366783,0.0,0.0,0.0,0.0001111172844079,4,4,2,2024,0,0,5,0,0,0,0,1,-1,0,0.029996475444953534,0,-0.4217153870864118,-0.4218438805011243,0.0053607575058082155,0.0,0.0,0.0007887668181791703
2024-04-08,900.1,900.1,901.0,860.2,48470.0,0.0,0.0,0.0,0.0,0.0,0.0,0.0053607575058102,NESTLE,900.1,900.1034134172269,900.05,900.9646370248906,900.3800000000001,913.1981038816263,988.752,970.3163386385417,-0.0003109798085253852,-0.08966050131883418,-22.85538849590114,-30.02815116517691,7.172762669275773,900.3800000000001,901.3194287174034,899.4405712825968,0.002086738304723122,0.3509732591664639,15.384615384618073,29.742857142857133,0.03304394749789705,461260.0,0.1050817326453627,0.0,0.0010012549109820984,0.0053607575058082155,0.3169907760394942,0.491285422931547,0.5731528471364378,0.20175271938745395,0,-1,0.0,0.0,0.0,0.0001111049387288,-0.0011104942840271,0.0,0.0,0.0,1.2344307409947284e-08,1.2331975548570312e-06,0.0053607575058082155,0.0053607575058082155,0.0053607575058082155,0.330226906128277,0.4797878556423719,15.384615384618073,15.384615384618073,15.384615384618073,52.173913043478684,50.0,-24.468804827029317,-26.17220087400335,-27.96566708851924,-31.816408475255457,-42.60304410845458,28.214285714285705,25.00714285714285,21.94285714285714,13.821428571428571,36.72857142857142,0.0021029894365973676,0.002118871189764897,0.0021343918016501926,0.002164380465675878,0.22851412490763684,0.0,0.0,0.0,0.0001111049387288,0,4,2,2024,0,0,8,1,0,0,0,0,-1,0,0.029996475444953534,0,-0.4217153870864118,-0.4218438805011243,0.005375933955499287,1.234430740993785e-08,0.0001111049387288,0.0007887668181791703
2024-04-19,900.0,900.0,840.0,831.5,15400.0,0.0,0.0,0.0,0.0,0.0,0.0,0.0039269062743568,NESTLE,900.0,900.0090788185222,900.04,900.2893762422771,900.175,907.239646813928,965.552,955.3110206553633,-0.0001944066431526698,-0.06789069879198636,-14.984781640334518,-20.58782911855877,5.603047478224251,900.175,900.8942832685001,899.4557167314998,0.0015980965223431776,0.3783511255830625,50.0,41.76428571428571,0.0464047619047619,260398.0,0.05914023917234387,0.0,0.0005577423658745616,0.003926906274354127,0.3169844265670172,0.4822796060600464,0.4132375393053911,0.22536806719743266,0,-1,0.0,0.0,0.0,-0.0001111049387288,0.0,0.0,0.0,0.0,1.234430740993785e-08,0.0,0.003926906274354127,0.003926906274354127,0.005360757505808218,0.005375933955499287,0.0053607575058082155,50.0,50.0,14.285714285716608,14.285714285716608,50.0,-16.100911335092064,-17.29130361698128,-18.55916716780007,-21.33883281201554,-29.848008808304712,36.87142857142857,31.978571428571424,27.40714285714285,24.835714285714282,18.44285714285714,0.0017824417824908489,0.0019225624456062995,0.0020276563064511874,0.002086738304723122,0.0021495590869458304,0.0,0.0,0.0,0.0001111049387288,4,4,2,2024,0,0,19,0,0,0,0,1,-1,0,0.029996475444953534,0,-0.4217796337937681,-0.4218438805011243,0.003926906274354127,0.0,0.0,0.6419931603067138
2024-04-22,900.0,900.0,840.0,831.5,7150.0,0.0,0.0,0.0,0.0,0.0,0.0,0.0039269062743568,NESTLE,900.0,900.0060525456815,900.03,900.2367623800448,900.125,906.5501566411729,961.552,953.1419610218196,-0.00013886960144424384,-0.064013178694444,-13.939554310933772,-19.25817415703377,5.318619846099999,900.125,900.7332762524474,899.5167237475526,0.0013515372919257963,0.3972506328357618,66.66666666666666,46.64999999999999,0.05183333333333332,260451.0,0.027452380678131397,0.0,0.0005577423658745616,0.003926906274354127,0.3169844265670172,0.3175622920390539,0.24358776016500347,0.22071788436956324,0,-1,0.0,0.0,0.0,0.0,0.0,0.0,0.0,0.0,0.0,0.0,0.003926906274354127,0.003926906274354127,0.003926906274354127,0.005375933955499287,0.0053607575058082155,50.0,50.0,50.0,14.285714285716608,15.384615384618073,-14.984781640334518,-16.100911335092064,-17.29130361698128,-19.907470577495246,-27.96566708851924,41.76428571428571,36.87142857142857,31.978571428571424,26.51428571428571,21.94285714285714,0.0015980965223431776,0.0017824417824908489,0.0019225624456062995,0.0021029894365973676,0.0021343918016501926,0.0,0.0,0.0,0.0,0,4,2,2024,0,0,22,1,0,0,0,0,-1,0,0.029996475444953534,0,-0.4217796337937681,-0.4218438805011243,0.32230620740677884,0.008665826866609,0.0930904230660119,0.6441554002926768
2024-05-07,796.0,796.0,840.0,812.0,132110.0,0.0,0.0,0.0,0.0,0.0,0.0,0.3345477837800841,NESTLE,796.0,798.7716065946383,803.1299999999999,812.6387053714438,851.5799999999999,839.6879786776669,902.178,903.3595039949677,-0.06526691561567902,-0.117690743955184,-35.20667595208863,-32.020139968566966,-3.186535983521665,851.5799999999999,952.2809036702207,750.8790963297791,0.2365036841405876,0.22403425404197233,0.6641366223909273,51.16428571428572,0.06427674084709262,222101.5,0.5948181349518126,7.248628724695916e-09,0.47606364139102275,0.33454778378008376,0.3391800660298564,0.5420226733929258,0.6228140789422187,0.16689764036244026,1,-1,0.0,0.0,0.0,0.0008797838812935,0.0,0.0,0.0,0.0,7.740196777839697e-07,0.0,0.33454778378008376,0.33457249500094594,0.3345971850286505,0.33457295999055353,0.003926906274354127,0.6641366223909273,0.6641366223909273,0.663507109004783,0.663507109004783,66.66666666666666,-35.72265194440615,-35.86162272813624,-35.51737637968802,-32.83846202945688,-13.939554310933772,52.62857142857143,53.73571428571429,49.36428571428572,46.40714285714286,46.64999999999999,0.23193055189248965,0.22465282535245695,0.21449517592653916,0.18391178159937685,0.0013515372919257963,0.0,0.0,0.0,0.0008797838812935,1,5,2,2024,0,0,7,0,1,0,0,0,-1,0,0.029996475444953534,0,-0.48859620944426596,-0.4890459363957598,0.35621921395808853,0.0008823961987545,0.0297051544139156,0.21088567617842224
2024-05-15,820.0,820.0,899.9,850.7,11830.0,0.0,0.0,0.0,0.0,0.0,0.0,0.3562364265879207,NESTLE,820.0,818.136327602273,810.4,817.7917250500013,827.5649999999999,830.7995825297968,872.9780000000001,885.570809523909,-0.009141275911861837,-0.06068652360082392,-21.81639872278879,-27.228110092336394,5.411711369547604,827.5649999999999,905.0538861300971,750.0761138699028,0.18726960693141245,0.45118654830514043,50.0,55.81428571428571,0.06806620209059233,221919.0,0.05330773840905916,0.0,0.14911869168087244,0.3562364265879203,0.3451054136528692,0.6278151650252803,0.7322193361597984,0.14717793188840053,1,1,0.0,0.0,0.0,0.0297051544139156,0.0,0.0,0.0,0.0,0.0008823961987545,0.0,0.3562364265879203,0.35621921395808853,0.35621921395808853,0.35621921395808853,0.33457295999055353,50.0,19.08809891808349,19.08809891808349,19.08809891808349,0.663507109004783,-23.614223968543683,-25.565423115401018,-27.68400205389321,-32.48667566235747,-34.561376474873214,50.107142857142854,50.18571428571429,49.45,48.23571428571429,47.064285714285724,0.20165193225901962,0.21301805679129882,0.2218869612722147,0.23344638298038342,0.2011101952879294,0.0,0.0,0.0,0.0297051544139156,2,5,2,2024,0,0,15,0,0,1,0,0,-1,0,0.029996475444953534,0,-0.4731769996787665,-0.4890459363957598,0.3562364265879203,0.0,0.0,0.6608764438812287
2024-05-16,820.0,820.0,900.0,890.0,84900.0,0.0,0.0,0.0,0.0,0.0,0.0,0.3562364265879207,NESTLE,820.0,818.7575517348487,812.8,818.1932295863647,823.5649999999999,829.7710508602923,869.578,882.9994052288538,-0.0043287415079561915,-0.057013861896230096,-20.159226251353516,-25.81433332413982,5.655107072786304,823.5649999999999,893.16824478219,753.9617552178099,0.1690291471400315,0.47439056173921257,50.0,58.028571428571425,0.07076655052264808,225366.0,0.37672053459705546,0.0,0.14911869168087244,0.3562364265879203,0.3451054136528692,0.529949448036901,0.5782945292812047,0.1362987468495181,1,1,0.0,0.0,0.0,0.0,0.0,0.0,0.0,0.0,0.0,0.0,0.3562364265879203,0.3562364265879203,0.35621921395808853,0.35621921395808853,0.3345971850286505,50.0,50.0,19.08809891808349,19.08809891808349,0.663507109004783,-21.81639872278879,-23.614223968543683,-25.565423115401018,-29.98540277823929,-35.51737637968802,55.81428571428571,50.107142857142854,50.18571428571429,48.98571428571429,49.36428571428572,0.18726960693141245,0.20165193225901962,0.21301805679129882,0.2286291876123898,0.21449517592653916,0.0,0.0,0.0,0.0,3,5,2,2024,0,0,16,0,0,0,1,0,-1,0,0.029996475444953534,0,-0.4731769996787665,-0.4890459363957598,0.3562364265879203,0.0,0.0,0.6608764438812287
2024-05-17,820.0,820.0,900.0,871.5,4830.0,0.0,0.0,0.0,0.0,0.0,0.0,0.3562364265879207,NESTLE,820.0,819.1717011565659,815.2,818.5217332979348,819.5649999999999,828.8404745878836,867.9780000000001,880.5288403179184,0.0005307693715569347,-0.055275594542718895,-18.631136978846143,-24.377694055081086,5.746557076234943,819.5649999999999,879.1465328153824,759.9834671846174,0.14539794358075933,0.5036504599617128,100.0,61.97857142857142,0.07558362369337979,225109.5,0.02145622463734316,0.0,0.14911869168087244,0.3562364265879203,0.3451054136528692,0.49464239880026967,0.5270501326531422,0.121924722997476,1,1,0.0,0.0,0.0,0.0,0.0,0.0,0.0,0.0,0.0,0.0,0.3562364265879203,0.3562364265879203,0.3562364265879203,0.35621921395808853,0.33457249500094594,50.0,50.0,50.0,19.08809891808349,0.6641366223909273,-20.159226251353516,-21.81639872278879,-23.614223968543683,-27.68400205389321,-35.86162272813624,58.028571428571425,55.81428571428571,50.107142857142854,49.45,53.73571428571429,0.1690291471400315,0.18726960693141245,0.20165193225901962,0.2218869612722147,0.22465282535245695,0.0,0.0,0.0,0.0,4,5,2,2024,0,0,17,0,0,0,0,1,-1,0,0.029996475444953534,0,-0.4731769996787665,-0.4890459363957598,0.3562364265879203,0.0,0.0,0.6608764438812287
2024-05-20,820.0,820.0,900.0,890.0,75040.0,0.0,0.0,0.0,0.0,0.0,0.0,0.3562364265879207,NESTLE,820.0,819.4478007710441,817.6,818.7905090619466,815.565,827.9985246271327,866.378,878.155160305451,0.005437947925671093,-0.05353090683281436,-17.221595389515983,-22.94647432196807,5.724878932452086,815.565,861.6146425496038,769.5153574503963,0.11292697099459571,0.5481545540252853,100.0,67.64285714285714,0.08249128919860627,228091.5,0.3289907778238119,0.0,0.14911869168087244,0.3562364265879203,0.3451054136528692,0.40535410219734164,0.40077530003929507,0.10277582706768622,1,1,0.0,0.0,0.0,0.0,0.0,0.0,0.0,0.0,0.0,0.0,0.3562364265879203,0.3562364265879203,0.3562364265879203,0.35621921395808853,0.33454778378008376,100.0,50.0,50.0,19.08809891808349,0.6641366223909273,-18.631136978846143,-20.159226251353516,-21.81639872278879,-25.565423115401018,-35.72265194440615,61.97857142857142,58.028571428571425,55.81428571428571,50.18571428571429,52.62857142857143,0.14539794358075933,0.1690291471400315,0.18726960693141245,0.21301805679129882,0.23193055189248965,0.0,0.0,0.0,0.0,0,5,2,2024,0,0,20,1,0,0,0,0,-1,0,0.029996475444953534,0,-0.4731769996787665,-0.4890459363957598,0.4912161502509571,0.0086658268666091,0.093090423066012,0.6608764438812287
2024-05-28,900.0,900.0,959.0,900.0,12930.0,0.0,0.0,0.0,0.0,0.0,0.0,0.3333766732493821,NESTLE,900.0,892.9282019881304,868.0,875.6384041680697,838.0,860.504534859209,866.3760000000001,882.8167904792466,0.07398568019093078,0.03880993933349944,10.281241849902244,-2.7549528236723955,13.03619467357464,838.0,923.5939004221252,752.4060995778748,0.20428138525566877,0.8621753401482659,100.0,66.24999999999999,0.0736111111111111,115502.0,0.11194611348721234,0.0,0.4673102149948675,0.33337667324938197,0.3965975477444444,0.522240201207681,0.5083623402370394,0.04423035798690543,1,-1,0.0,0.0,0.0,0.093090423066012,0.0,0.0,0.0,0.0,0.0086658268666091,0.0,0.3562364265879207,0.3562364265879207,0.3562364265879207,0.4912161502509571,0.3562364265879203,100.0,100.0,100.0,100.0,50.0,8.102476808201914,5.203726128675839,1.428175608572701,-9.539229809391031,-23.614223968543683,63.74999999999999,62.36428571428571,61.36428571428571,69.49285714285713,50.107142857142854,0.19766514521760872,0.18726960693141245,0.1690291471400315,0.11292697099459571,0.20165193225901962,0.0,0.0,0.0,0.093090423066012,1,5,2,2024,0,0,28,0,1,0,0,0,1,0,0.029996475444953534,0,-0.4217796337937681,-0.48859620944426596,0.33355712901151574,0.0,0.0,0.0393313789378835
2024-05-29,900.0,900.0,951.7,900.0,12930.0,0.0,0.0,0.0,0.0,0.0,0.0,0.3335571290115158,NESTLE,900.0,895.285467992087,876.0,880.0677852284206,843.2,864.2660077297605,866.3560000000001,883.4906418330016,0.06736242884250469,0.03883392046687492,11.871086348671497,0.17025501079638294,11.700831337875114,843.2,930.6663243467787,755.7336756532214,0.20746281865934205,0.8246963927214115,100.0,64.3,0.07144444444444444,93377.0,0.13847092967218907,0.0,0.4673102149948675,0.33355712901151574,0.3965975477444444,0.5739692167400396,0.632509846399734,0.044262178265513555,1,-1,0.0,0.0,0.0,0.0,0.0,0.0,0.0,0.0,0.0,0.0,0.33337667324938197,0.3562364265879207,0.3562364265879207,0.4912161502509571,0.3562364265879203,100.0,100.0,100.0,100.0,50.0,10.281241849902244,8.102476808201914,5.203726128675839,-3.4115732459381434,-21.81639872278879,66.24999999999999,63.74999999999999,62.36428571428571,64.3142857142857,55.81428571428571,0.20428138525566877,0.19766514521760872,0.18726960693141245,0.14539794358075933,0.18726960693141245,0.0,0.0,0.0,0.0,2,5,2,2024,0,0,29,0,0,1,0,0,1,0,0.029996475444953534,0,-0.4217796337937681,-0.48859620944426596,0.33355712901151574,0.0,0.0,0.04803850723510089
2024-05-30,900.0,900.0,940.0,900.4,11710.0,0.0,0.0,0.0,0.0,0.0,0.0,0.3335571290115158,NESTLE,900.0,896.8569786613914,884.0,883.6918242777986,848.4,867.669245088831,866.336,884.1380676434721,0.060820367751060846,0.038857902707494535,12.981407977636877,2.732485604164482,10.248922373472395,848.4,936.4153096730402,760.3846903269598,0.20748540705572885,0.7931308211701125,100.0,61.8,0.06866666666666667,87972.5,0.1331097786240018,0.0,0.4673102149948675,0.33355712901151574,0.3965975477444444,0.598500797537549,0.6922312778305497,0.04429392021595032,1,-1,0.0,0.0,0.0,0.0,0.0,0.0,0.0,0.0,0.0,0.0,0.33355712901151574,0.33337667324938197,0.3562364265879207,0.3562364265879207,0.3562364265879203,100.0,100.0,100.0,100.0,50.0,11.871086348671497,10.281241849902244,8.102476808201914,1.428175608572701,-20.159226251353516,64.3,66.24999999999999,63.74999999999999,61.36428571428571,58.028571428571425,0.20746281865934205,0.20428138525566877,0.19766514521760872,0.1690291471400315,0.1690291471400315,0.0,0.0,0.0,0.0,3,5,2,2024,0,0,30,0,0,0,1,0,1,0,0.029996475444953534,0,-0.4217796337937681,-0.48859620944426596,0.3328848298124401,3.069359859435345e-05,0.0055401803756153,0.04803850723510089
2024-06-13,910.0,910.0,943.9,921.0,110010.0,0.0,0.0,0.0,0.0,0.0,0.0,0.3216388209986507,NESTLE,910.0,909.3492238517827,907.5,904.9990562733848,891.75,892.091159233355,867.738,891.5128090470894,0.020465377067563777,0.048703640960750756,15.06401344451615,13.753183242195727,1.3108302023204228,891.75,954.1810145596448,829.3189854403552,0.14001909629300777,0.6461613280572628,100.0,43.357142857142854,0.04764521193092621,80209.5,1.371533297178015,0.0,0.03698000132085872,0.32163882099865077,0.2794389632527896,0.28661265702882366,0.33490705453951247,0.047951776657093374,1,-1,0.0,0.0,0.0,0.0055096558109697,0.0,0.0,0.0,0.0,3.035630715535218e-05,0.0,0.32163882099865077,0.32163882099865077,0.32163882099865077,0.33215671388712387,0.33355712901151574,100.0,100.0,100.0,100.0,100.0,15.49128627799712,15.811313985051015,15.989802964089904,15.7464529852017,11.871086348671497,42.364285714285714,39.90714285714286,42.478571428571435,47.83571428571429,64.3,0.1565957656622985,0.16930232705808806,0.17889603793832062,0.19021196588092787,0.20746281865934205,0.0,0.0,0.0,0.0055096558109697,3,6,2,2024,0,0,13,0,0,0,1,0,1,0,0.029996475444953534,0,-0.4153549630581433,-0.4731769996787665,0.32344387267356894,0.000267294313393,0.0163491380015294,0.13137959447524694
2024-06-28,920.0,920.0,920.0,900.0,11020.0,0.0,0.0,0.0,0.0,0.0,0.0,0.0650577076556551,NESTLE,920.0,920.036722177113,920.5200000000001,918.2236026032235,913.51,909.3829451310639,871.63,900.5769632026202,0.007104465194688629,0.05549373013778783,12.51290644819403,14.045778659709523,-1.5328722115154925,913.51,930.1144889301318,896.9055110698682,0.0363531629213293,0.6954290802718645,74.7524752475247,23.207142857142856,0.025225155279503104,79945.0,0.13784476827819125,0.0,0.08947525720176658,0.06505770765565552,0.28155370620496045,0.18692778188075967,0.21110932581585048,0.1144992751920047,0,-1,0.0,0.0,0.0,-0.0055281697341869,0.0,0.0,0.0,0.0,3.056066060998015e-05,0.0,0.06505770765565552,0.06505770765565552,0.06505770765565552,0.3252186908139551,0.32163882099865077,79.7619047619047,79.7619047619047,79.7619047619047,83.11258278145691,100.0,13.189297851764763,13.860774910842224,14.516212540270658,15.719680752337695,15.49128627799712,22.135714285714283,24.464285714285715,28.214285714285715,28.650000000000002,42.364285714285714,0.03802912302197443,0.03912643955332491,0.03968979789744627,0.03927123021704009,0.1565957656622985,0.0,0.0,0.0,0.0055281697341869,4,6,2,2024,0,0,28,0,0,0,0,1,1,0,0.029996475444953534,0,-0.4089302923225185,-0.4217796337937681,0.06505770765565552,0.0,0.0,0.0
2024-07-01,920.0,920.0,928.0,890.5,15250.0,0.0,0.0,0.0,0.0,0.0,0.0,0.0650577076556551,NESTLE,920.0,920.0244814514087,921.5200000000001,918.5465839480919,914.51,910.3940932138197,872.03,901.3386509201646,0.006003214836360465,0.05500957535864595,11.84037293886422,13.604697515540463,-1.764324576676243,914.51,930.0644408957133,898.9555591042866,0.034016994665369116,0.6764769314695521,74.7524752475247,22.885714285714283,0.024875776397515526,80061.0,0.19047975918362248,0.0,0.08947525720176658,0.06505770765565552,0.2815393530913689,0.22908356018952225,0.2427783852828747,0.12123416654398565,0,-1,0.0,0.0,0.0,0.0,0.0,0.0,0.0,0.0,0.0,0.0,0.06505770765565552,0.06505770765565552,0.06505770765565552,0.06505770765565552,0.32163882099865077,74.7524752475247,79.7619047619047,79.7619047619047,83.11258278145691,100.0,12.51290644819403,13.189297851764763,13.860774910842224,15.141644386700705,15.06401344451615,23.207142857142856,22.135714285714283,24.464285714285715,27.571428571428573,43.357142857142854,0.0363531629213293,0.03802912302197443,0.03912643955332491,0.039738560418124284,0.14001909629300777,0.0,0.0,0.0,0.0,0,7,3,2024,1,0,1,1,0,0,0,0,1,0,0.029996475444953534,0,-0.4089302923225185,-0.4217796337937681,0.06505770765565552,0.0,0.0,0.0
2024-07-02,920.0,920.0,916.0,891.1,3760.0,0.0,0.0,0.0,0.0,0.0,0.0,0.0650577076556551,NESTLE,920.0,920.0163209676059,921.0200000000001,918.8108414120751,915.51,911.3089414791701,872.43,902.0704685311385,0.004904370241723202,0.054525864539275416,11.178526195784116,13.119463251589195,-1.9409370558050796,915.51,929.6433349883894,901.3766650116106,0.03087532629548422,0.6588443210214918,74.7524752475247,21.878571428571426,0.023781055900621115,79663.5,0.047198528811814695,0.0,0.027816716916773808,0.06505770765565552,0.2815393530913689,0.24902149655256825,0.27022421910719424,0.12625699113282202,0,-1,0.0,0.0,0.0,0.0,0.0163491380015294,0.0,0.0,0.0,0.0,0.000267294313393,0.06505770765565552,0.06505770765565552,0.06505770765565552,0.06505770765565552,0.32344387267356894,74.7524752475247,74.7524752475247,79.7619047619047,79.7619047619047,100.0,11.84037293886422,12.51290644819403,13.189297851764763,14.516212540270658,15.754167054244704,22.885714285714283,23.207142857142856,22.135714285714283,28.214285714285715,39.214285714285715,0.034016994665369116,0.0363531629213293,0.03802912302197443,0.03968979789744627,0.12070086026824813,0.0,0.0,0.0,0.0,1,7,3,2024,0,0,2,0,1,0,0,0,1,0,0.029996475444953534,0,-0.4089302923225185,-0.4217796337937681,0.06505770765565552,0.0,0.0,0.0
2024-07-03,920.0,920.0,920.0,832.0,7640.0,0.0,0.0,0.0,0.0,0.0,0.0,0.0650577076556551,NESTLE,920.0,920.0108806450706,920.51,919.027052064425,916.26,912.1366613382968,872.83,902.7735874122704,0.004081810839717994,0.05404259706930325,10.532594688290715,12.6020895389295,-2.069494850638785,916.26,929.615605958758,902.904394041242,0.02915243699115539,0.6400161105212707,74.7524752475247,25.02142857142857,0.027197204968944098,61191.5,0.12485394213248573,0.0,0.0277511918189379,0.06505770765565552,0.2815393530913689,0.49355145178597926,0.47140301641081034,0.12977148197240732,0,-1,0.0,0.0,0.0,0.0,0.0001081022648478,0.0,0.0,0.0,0.0,1.1686099665235342e-08,0.06505770765565552,0.06505770765565552,0.06505770765565552,0.06505770765565552,0.3234199263978518,74.7524752475247,74.7524752475247,74.7524752475247,79.7619047619047,100.0,11.178526195784116,11.84037293886422,12.51290644819403,13.860774910842224,16.123328235037775,21.878571428571426,22.885714285714283,23.207142857142856,24.464285714285715,34.69285714285714,0.03087532629548422,0.034016994665369116,0.0363531629213293,0.03912643955332491,0.09225909769630548,0.0,0.0,0.0,0.0,2,7,3,2024,0,0,3,0,0,1,0,0,1,0,0.029996475444953534,0,-0.4089302923225185,-0.4185672984259557,0.0630354690089658,0.0,0.0,0.0
2024-07-04,920.0,920.0,919.9,881.0,23980.0,0.0,0.0,0.0,0.0,0.0,0.0,0.0630354690089654,NESTLE,920.0,920.0072537633805,920.0,919.2039516890749,917.01,912.8855507346494,873.23,903.4491330039461,0.0032605969400551892,0.05355977233947526,9.906493425288318,12.062970316201262,-2.156476890912945,917.01,929.3492228706646,904.6707771293354,0.02691186109347678,0.621158359458296,74.7524752475247,25.314285714285713,0.027515527950310557,62078.5,0.3862851067599894,0.0,0.0277511918189379,0.0630354690089658,0.28153870289971483,0.520773981908237,0.5265316068755915,0.13204332220543172,0,-1,0.0,0.0,0.0,0.0,0.0,0.0,0.0,0.0,0.0,0.0,0.06505770765565552,0.06505770765565552,0.06505770765565552,0.06505770765565552,0.3234199263978518,74.7524752475247,74.7524752475247,74.7524752475247,79.7619047619047,100.0,10.532594688290715,11.178526195784116,11.84037293886422,13.189297851764763,16.22881544808024,25.02142857142857,21.878571428571426,22.885714285714283,22.135714285714283,31.97857142857143,0.02915243699115539,0.03087532629548422,0.034016994665369116,0.03802912302197443,0.03826537819517,0.0,0.0,0.0,0.0,3,7,3,2024,0,0,4,0,0,0,1,0,1,0,0.029996475444953534,0,-0.4089302923225185,-0.4185672984259557,0.0630354690089658,0.0,0.0,0.0
2024-07-05,920.0,920.0,915.0,881.0,20760.0,0.0,0.0,0.0,0.0,0.0,0.0,0.0630354690089654,NESTLE,920.0,920.0048358422537,920.0,919.3486877456066,917.76,913.5631173313494,873.63,904.0981866116346,0.0024407252440725342,0.05307738974165265,9.303063735753199,11.51098900011165,-2.207925264358451,917.76,928.7783387800969,906.7416612199031,0.024011372864576542,0.6016487169575082,74.7524752475247,25.678571428571427,0.027911490683229814,60679.5,0.3421254295107903,0.0,0.0,0.0630354690089658,0.28153917483989943,0.5371117661219249,0.5621990291480049,0.13297926431407717,0,-1,0.0,0.0,0.0,0.0,-0.0055281697341869,0.0,0.0,0.0,0.0,3.056066060998015e-05,0.0630354690089658,0.06505770765565552,0.06505770765565552,0.06505770765565552,0.3252186908139551,74.7524752475247,74.7524752475247,74.7524752475247,74.7524752475247,83.11258278145691,9.906493425288318,10.532594688290715,11.178526195784116,12.51290644819403,15.719680752337695,25.314285714285713,25.02142857142857,21.878571428571426,23.207142857142856,28.650000000000002,0.02691186109347678,0.02915243699115539,0.03087532629548422,0.0363531629213293,0.03927123021704009,0.0,0.0,0.0,0.0,4,7,3,2024,0,0,5,0,0,0,0,1,1,0,0.029996475444953534,0,-0.4089302923225185,-0.4185672984259557,0.0630354690089658,0.0,0.0,0.0
2024-07-08,920.0,920.0,916.0,880.0,8210.0,0.0,0.0,0.0,0.0,0.0,0.0,0.0630354690089654,NESTLE,920.0,920.0032238948359,920.0,919.4671081554962,918.26,914.1761537759828,875.63,904.7217871366686,0.0018948881580380383,0.050672087525553036,8.724273366621787,10.953645873413679,-2.2293725067918917,918.26,928.6873728840231,907.8326271159768,0.022711155629175087,0.583434246542868,1.9230769230773461,27.464285714285715,0.02985248447204969,52530.5,0.15629015524314446,0.0,0.0,0.0630354690089658,0.28153964390784636,0.5355207094484952,0.5596079175157743,0.1326075975527498,0,-1,0.0,0.0,0.0,0.0,0.0,0.0,0.0,0.0,0.0,0.0,0.0630354690089658,0.0630354690089658,0.06505770765565552,0.06505770765565552,0.06505770765565552,74.7524752475247,74.7524752475247,74.7524752475247,74.7524752475247,83.11258278145691,9.303063735753199,9.906493425288318,10.532594688290715,11.84037293886422,15.141644386700705,25.678571428571427,25.314285714285713,25.02142857142857,22.885714285714283,27.571428571428573,0.024011372864576542,0.02691186109347678,0.02915243699115539,0.034016994665369116,0.039738560418124284,0.0,0.0,0.0,0.0,0,7,3,2024,0,0,8,1,0,0,0,0,1,0,0.029996475444953534,0,-0.4089302923225185,-0.4153549630581433,0.060674979750103546,0.0,0.0,0.0
2024-07-09,920.0,920.0,900.0,880.1,37180.0,0.0,0.0,0.0,0.0,0.0,0.0,0.0606749797501031,NESTLE,920.0,920.0021492632239,920.0,919.5639975817696,918.76,914.7308057973178,877.63,905.3209327391522,0.0013496451739300895,0.04827774802593349,8.171383209990267,10.397193340728997,-2.2258101307387292,918.76,928.4528405482625,909.0671594517374,0.021099831399413453,0.5639647373659871,0.0,30.307142857142853,0.03294254658385093,52532.5,0.7077523437871793,0.0,0.0,0.060674979750103546,0.28153964390784636,0.5310963985997204,0.5479328596427391,0.13106290342844848,0,-1,0.0,0.0,0.0,0.0,0.0,0.0,0.0,0.0,0.0,0.0,0.0630354690089658,0.0630354690089658,0.0630354690089658,0.06505770765565552,0.06505770765565552,1.9230769230773461,74.7524752475247,74.7524752475247,74.7524752475247,79.7619047619047,8.724273366621787,9.303063735753199,9.906493425288318,11.178526195784116,14.516212540270658,27.464285714285715,25.678571428571427,25.314285714285713,21.878571428571426,28.214285714285715,0.022711155629175087,0.024011372864576542,0.02691186109347678,0.03087532629548422,0.03968979789744627,0.0,0.0,0.0,0.0,1,7,3,2024,0,0,9,0,1,0,0,0,1,0,0.029996475444953534,0,-0.4089302923225185,-0.4153549630581433,0.060674979750103546,0.0,0.0,0.0
2024-07-10,920.0,920.0,900.0,860.0,18770.0,0.0,0.0,0.0,0.0,0.0,0.0,0.0606749797501031,NESTLE,920.0,920.0014328421494,920.0,919.6432707487205,919.26,915.2326338166208,879.63,905.8965824356561,0.0008049953223244883,0.04589429646555939,7.64508598516511,9.84677186961622,-2.201685884451109,919.26,928.0387782388967,910.4812217611033,0.01909966329198863,0.5421470949523044,0.0,33.09285714285714,0.03597049689440994,52643.5,0.3565492415967783,0.0,0.0,0.060674979750103546,0.28153964390784636,0.3686210763645796,0.42428113651746485,0.12881142136970197,0,-1,0.0,0.0,0.0,0.0,0.0,0.0,0.0,0.0,0.0,0.0,0.060674979750103546,0.0630354690089658,0.0630354690089658,0.06505770765565552,0.06505770765565552,0.0,1.9230769230773461,74.7524752475247,74.7524752475247,79.7619047619047,8.171383209990267,8.724273366621787,9.303063735753199,10.532594688290715,13.860774910842224,30.307142857142853,27.464285714285715,25.678571428571427,25.02142857142857,24.464285714285715,0.021099831399413453,0.022711155629175087,0.024011372864576542,0.02915243699115539,0.03912643955332491,0.0,0.0,0.0,0.0,2,7,3,2024,0,0,10,0,0,1,0,0,1,0,0.029996475444953534,0,-0.4089302923225185,-0.4153549630581433,0.060674979750103546,0.0,0.0,0.0
2024-08-20,805.0,805.0,805.0,805.0,23830.0,0.0,0.0,0.0,0.0,0.0,0.0,0.3590979979213385,NESTLE,805.0,806.2750574075667,809.0,813.6446868167797,837.5,833.8837141033287,886.5039999999999,865.9520163301386,-0.03880597014925373,-0.09193867145551506,-25.90858255979242,-25.065616770281117,-0.8429657895113039,837.5,924.4664182011472,750.5335817988528,0.20768099868930684,0.3131462656951688,0.0,11.678571428571429,0.0145075421472937,207893.5,0.11462599840783863,0.0,0.10469885926600209,0.3590979979213384,0.2858452939892688,0.0,0.0,0.15631652754373698,1,-1,0.0,0.0,0.0,-0.0123458358222993,0.0,0.0,0.0,0.0,0.0001524196621511,0.0,0.3590979979213384,0.3590979979213384,0.3590979979213384,0.3590979979213384,0.35662222656253734,0.0,0.0,0.0,0.0,0.0,-26.688106547362622,-27.294871978081574,-27.672308989972407,-27.4490304267199,-21.752440060911454,12.178571428571429,18.607142857142858,25.035714285714285,37.82142857142857,66.2,0.22038984573525694,0.2287270586985431,0.2333051453636789,0.23243948302110773,0.18953913163872985,0.0,0.0,0.0,0.0123458358222993,1,8,3,2024,0,0,20,0,1,0,0,0,-1,0,0.029996475444953534,0,-0.4828140057822037,-0.4828140057822037,0.3590979979213384,0.0,0.0,0.0
2024-08-21,805.0,805.0,805.0,805.0,10850.0,0.0,0.0,0.0,0.0,0.0,0.0,0.3590979979213385,NESTLE,805.0,805.8500382717111,808.0,812.0729255773651,831.75,831.1328841887259,884.404,863.5617411799371,-0.03216110610159303,-0.08978249759159841,-25.002589890786794,-25.053011394382253,0.050421503595458717,831.75,910.5752564387302,752.9247435612698,0.18954074286439485,0.3303208818559797,0.0,11.678571428571429,0.0145075421472937,207742.0,0.05222824464961346,0.0,0.06197560396002213,0.3590979979213384,0.2137856245417963,0.0,0.0,0.14413970251409586,1,-1,0.0,0.0,0.0,0.0,-0.0182375875497809,0.0,0.0,0.0,0.0,0.0003326095996359,0.3590979979213384,0.3590979979213384,0.3590979979213384,0.3590979979213384,0.35905111133552625,0.0,0.0,0.0,0.0,0.0,-25.90858255979242,-26.688106547362622,-27.294871978081574,-27.751549554386315,-23.969986651423028,11.678571428571429,12.178571428571429,18.607142857142858,31.449999999999996,61.214285714285715,0.20768099868930684,0.22038984573525694,0.2287270586985431,0.23448123803970736,0.2036766535163573,0.0,0.0,0.0,0.0,2,8,3,2024,0,0,21,0,0,1,0,0,-1,0,0.029996475444953534,0,-0.4828140057822037,-0.4828140057822037,0.3590979979213384,0.0,0.0,0.0
2024-08-22,805.0,805.0,805.0,805.0,5160.0,0.0,0.0,0.0,0.0,0.0,0.0,0.3590979979213385,NESTLE,805.0,805.5666921811408,807.0,810.7869391087532,826.0,828.6440380755139,882.304,861.2652023101358,-0.025423728813559324,-0.08761605977078192,-24.007836775289093,-24.843976470563625,0.8361396952745324,826.0,893.7145712376201,758.2854287623799,0.1639577996068284,0.34493736269622094,0.0,6.764285714285718,0.00840283939662822,206984.0,0.024929463146909907,0.0,0.06197560396002213,0.3590979979213384,0.2137856245417963,0.0,0.0,0.12846632533649488,1,-1,0.0,0.0,0.0,0.0,0.0,0.0,0.0,0.0,0.0,0.0,0.3590979979213384,0.3590979979213384,0.3590979979213384,0.3590979979213384,0.35905111133552625,0.0,0.0,0.0,0.0,0.0,-25.002589890786794,-25.90858255979242,-26.688106547362622,-27.672308989972407,-25.434218462776244,11.678571428571429,11.678571428571429,12.178571428571429,25.035714285714285,55.857142857142854,0.18954074286439485,0.20768099868930684,0.22038984573525694,0.2333051453636789,0.21443251432705354,0.0,0.0,0.0,0.0,3,8,3,2024,0,0,22,0,0,0,1,0,-1,0,0.029996475444953534,0,-0.4828140057822037,-0.4828140057822037,0.3590979979213384,0.0,0.0,0.0
2024-08-23,805.0,805.0,805.0,805.0,21320.0,0.0,0.0,0.0,0.0,0.0,0.0,0.3590979979213385,NESTLE,805.0,805.3777947874273,806.0,809.7347683617072,820.25,826.3922249254649,880.204,859.0587237881698,-0.018591892715635477,-0.08543928452949538,-22.95487821727488,-24.466156819905876,1.5112786026309948,820.25,872.0060065164065,768.4939934835935,0.12619568794003413,0.3526741046455565,0.0,1.7857142857142858,0.0022182786157941437,205855.5,0.10356779391369189,0.0,0.06197560396002213,0.3590979979213384,0.2137856245417963,0.0,0.0,0.10778165658943169,1,-1,0.0,0.0,0.0,0.0,0.0,0.0,0.0,0.0,0.0,0.0,0.3590979979213384,0.3590979979213384,0.3590979979213384,0.3590979979213384,0.35905111133552625,0.0,0.0,0.0,0.0,0.0,-24.007836775289093,-25.002589890786794,-25.90858255979242,-27.294871978081574,-26.291559984915807,6.764285714285718,11.678571428571429,11.678571428571429,18.607142857142858,49.785714285714285,0.1639577996068284,0.18954074286439485,0.20768099868930684,0.2287270586985431,0.2222093894949554,0.0,0.0,0.0,0.0,4,8,3,2024,0,0,23,0,0,0,0,1,-1,0,0.029996475444953534,0,-0.4828140057822037,-0.4828140057822037,0.3590979979213384,0.0,0.0,0.0
2024-08-26,805.0,805.0,805.0,805.0,27100.0,0.0,0.0,0.0,0.0,0.0,0.0,0.3590979979213385,NESTLE,805.0,805.2518631916182,805.0,808.8739013868513,814.5,824.3548701706587,878.1039999999999,856.9387738356926,-0.011663597298956415,-0.08325209770141115,-21.868316632309075,-23.94658878238652,2.0782721500774457,814.5,836.7190056151557,792.2809943848443,0.05455863871124776,0.2862190557816858,0.0,1.7857142857142858,0.0022182786157941437,206790.0,0.13105082450795494,0.0,0.06197560396002213,0.3590979979213384,0.2137856245417963,0.0,0.0,0.07820562700951993,1,-1,0.0,0.0,0.0,0.0,0.0,0.0,0.0,0.0,0.0,0.0,0.3590979979213384,0.3590979979213384,0.3590979979213384,0.3590979979213384,0.35905111133552625,0.0,0.0,0.0,0.0,0.0,-22.95487821727488,-24.007836775289093,-25.002589890786794,-26.688106547362622,-26.663647388473464,1.7857142857142858,6.764285714285718,11.678571428571429,12.178571428571429,43.357142857142854,0.12619568794003413,0.1639577996068284,0.18954074286439485,0.22038984573525694,0.22722328829776955,0.0,0.0,0.0,0.0,0,8,3,2024,0,0,26,1,0,0,0,0,-1,0,0.029996475444953534,0,-0.4828140057822037,-0.4828140057822037,0.3590979979213384,0.0,0.0,0.04395862800153499
2024-08-27,805.0,805.0,805.0,805.0,27040.0,0.0,0.0,0.0,0.0,0.0,0.0,0.3590979979213385,NESTLE,805.0,805.1679087944121,805.0,808.169555680151,813.25,822.5115492020245,875.704,854.9019591754694,-0.010144482016600061,-0.08073961064469268,-20.767810357679878,-23.310833097445194,2.5430227397653162,813.25,834.5930624744781,791.9069375255219,0.05248831841248835,0.306728767020541,0.0,0.7142857142857143,0.0008873114463176575,196436.0,0.13765297603290638,0.0,0.0,0.3590979979213384,0.2137856245417963,0.0,0.0,0.0011404130094215422,1,-1,0.0,0.0,0.0,0.0,-0.0123458358222993,0.0,0.0,0.0,0.0,0.0001524196621511,0.3590979979213384,0.3590979979213384,0.3590979979213384,0.3590979979213384,0.3590979979213384,0.0,0.0,0.0,0.0,0.0,-21.868316632309075,-22.95487821727488,-24.007836775289093,-25.90858255979242,-27.4490304267199,1.7857142857142858,1.7857142857142858,6.764285714285718,11.678571428571429,37.82142857142857,0.05455863871124776,0.12619568794003413,0.1639577996068284,0.20768099868930684,0.23243948302110773,0.0,0.0,0.0,0.0,1,8,3,2024,0,0,27,0,1,0,0,0,-1,0,0.029996475444953534,0,-0.4828140057822037,-0.4828140057822037,0.07449940420851596,0.0,0.0,0.04395862800153499
2024-08-28,805.0,805.0,805.0,805.0,9450.0,0.0,0.0,0.0,0.0,0.0,0.0,0.0744994042085158,NESTLE,805.0,805.1119391962748,805.0,807.5932728292145,812.0,820.8437826113554,873.302,852.9450195999609,-0.008620689655172414,-0.07821120299735947,-19.668920138438466,-22.58245050564385,2.9135303672053823,812.0,832.1049875980015,791.8950124019985,0.0495196738867031,0.3259138443662647,0.0,0.7142857142857143,0.0008873114463176575,192401.0,0.04911616883488132,0.0,0.0,0.07449940420851596,0.2137856245417963,0.0,0.0,0.061976575669466925,0,-1,0.0,0.0,0.0,0.0,0.0,0.0,0.0,0.0,0.0,0.0,0.3590979979213384,0.3590979979213384,0.3590979979213384,0.3590979979213384,0.3590979979213384,0.0,0.0,0.0,0.0,0.0,-20.767810357679878,-21.868316632309075,-22.95487821727488,-25.002589890786794,-27.751549554386315,0.7142857142857143,1.7857142857142858,1.7857142857142858,11.678571428571429,31.449999999999996,0.05248831841248835,0.05455863871124776,0.12619568794003413,0.18954074286439485,0.23448123803970736,0.0,0.0,0.0,0.0,2,8,3,2024,0,0,28,0,0,1,0,0,-1,0,0.029996475444953534,0,-0.4828140057822037,-0.4828140057822037,0.07449940420851596,0.0,0.0,0.04395862800153499
2024-08-29,805.0,805.0,805.0,805.0,156980.0,0.0,0.0,0.0,0.0,0.0,0.0,0.0744994042085158,NESTLE,805.0,805.07462613085,805.0,807.1217686784481,810.75,819.3348509340834,870.9,851.0648227529038,-0.0070921985815602835,-0.0756688483178321,-18.583819024919535,-21.782724209498987,3.198905184579452,810.75,829.1819516629483,792.3180483370517,0.045468890935426054,0.34402085831316026,0.0,0.7142857142857143,0.0008873114463176575,187477.0,0.8373293790704993,0.0,0.0,0.07449940420851596,0.2137856245417963,0.0,0.0,0.08545101327499188,0,-1,0.0,0.0,0.0,0.0,0.0,0.0,0.0,0.0,0.0,0.0,0.07449940420851596,0.3590979979213384,0.3590979979213384,0.3590979979213384,0.3590979979213384,0.0,0.0,0.0,0.0,0.0,-19.668920138438466,-20.767810357679878,-21.868316632309075,-24.007836775289093,-27.672308989972407,0.7142857142857143,0.7142857142857143,1.7857142857142858,6.764285714285718,25.035714285714285,0.0495196738867031,0.05248831841248835,0.05455863871124776,0.1639577996068284,0.2333051453636789,0.0,0.0,0.0,0.0,3,8,3,2024,0,0,29,0,0,0,1,0,-1,0,0.029996475444953534,0,-0.4828140057822037,-0.4828140057822037,0.07449940420851596,0.0,0.0,0.04395862800153499
2024-08-30,805.0,805.0,805.0,805.0,2430.0,0.0,0.0,0.0,0.0,0.0,0.0,0.0744994042085158,NESTLE,805.0,805.0497507539001,805.0,806.7359925550938,809.5,817.9696270355993,868.6,849.2583591155351,-0.005558987029030266,-0.07322127561593371,-17.521887166465376,-20.930556800892266,3.4086696344268894,809.5,825.6896653195147,793.3103346804853,0.03999917311801035,0.3610224513234442,0.0,0.7142857142857143,0.0008873114463176575,187458.0,0.012962903690426656,0.0,0.0,0.07449940420851596,0.2137856245417963,0.0,0.0,0.10190014600510194,0,-1,0.0,0.0,0.0,0.0,0.0,0.0,0.0,0.0,0.0,0.0,0.07449940420851596,0.07449940420851596,0.3590979979213384,0.3590979979213384,0.3590979979213384,0.0,0.0,0.0,0.0,0.0,-18.583819024919535,-19.668920138438466,-20.767810357679878,-22.95487821727488,-27.294871978081574,0.7142857142857143,0.7142857142857143,0.7142857142857143,1.7857142857142858,18.607142857142858,0.045468890935426054,0.0495196738867031,0.05248831841248835,0.12619568794003413,0.2287270586985431,0.0,0.0,0.0,0.0,4,8,3,2024,0,0,30,0,0,0,0,1,-1,0,0.029996475444953534,0,-0.4828140057822037,-0.4828140057822037,0.07897780163537653,3.8340495551138606e-05,0.0061919702479209,0.04395862800153499
2024-09-09,810.0,810.0,810.0,810.0,13460.0,0.0,0.0,0.0,0.0,0.0,0.0,0.0487940155156815,NESTLE,810.0,809.5654102170778,808.0,809.0208480653339,806.5,814.3716344024837,855.4,840.8807306236057,0.0043397396156230625,-0.05307458498947858,-10.60428605862171,-14.70948507395259,4.10519901533088,806.5,811.2016234598165,801.7983765401835,0.011659326620747576,0.87221185723544,100.0,0.35714285714285715,0.0004409171075837743,209150.5,0.06435557170554218,0.0,0.031083443951542243,0.04879401551568157,0.2134023066952083,0.0,0.0,0.14817269263241623,0,-1,0.0,0.0,0.0,0.0061919702479209,0.0,0.0,0.0,0.0,3.8340495551138606e-05,0.0,0.04879401551568157,0.04879401551568157,0.07897780163537653,0.07897780163537653,0.3590979979213384,100.0,100.0,100.0,100.0,0.0,-11.514755973623664,-12.509359305518956,-13.596880513784868,-16.09134924697605,-21.868316632309075,0.35714285714285715,0.35714285714285715,0.35714285714285715,0.35714285714285715,1.7857142857142858,0.014555759494574917,0.016866345659943667,0.018808415101053206,0.03220335405134236,0.05455863871124776,0.0,0.0,0.0,0.0061919702479209,0,9,3,2024,0,0,9,1,0,0,0,0,-1,0,0.029996475444953534,0,-0.4796016704143913,-0.4828140057822037,0.04879401551568157,0.0,0.0,0.6686628946093833
2024-09-10,810.0,810.0,810.0,810.0,7840.0,0.0,0.0,0.0,0.0,0.0,0.0,0.0487940155156815,NESTLE,810.0,809.7102734780519,808.5,809.1988756898186,806.75,813.9552882689138,853.2,839.6697215795427,0.004028509451502944,-0.05063291139240511,-9.77010836386387,-13.721609731934846,3.9515013680709767,806.75,811.6436048492961,801.8563951507039,0.012131651315267776,0.8320660433450666,100.0,0.35714285714285715,0.0004409171075837743,57542.5,0.13624712169266195,0.0,0.031083443951542243,0.04879401551568157,0.2134023066952083,0.0,0.0,0.15053903713567823,0,-1,0.0,0.0,0.0,0.0,0.0,0.0,0.0,0.0,0.0,0.0,0.04879401551568157,0.04879401551568157,0.04879401551568157,0.07897780163537653,0.3590979979213384,100.0,100.0,100.0,100.0,0.0,-10.60428605862171,-11.514755973623664,-12.509359305518956,-14.787180230316608,-20.767810357679878,0.35714285714285715,0.35714285714285715,0.35714285714285715,0.35714285714285715,0.7142857142857143,0.011659326620747576,0.014555759494574917,0.016866345659943667,0.02048718741470007,0.05248831841248835,0.0,0.0,0.0,0.0,1,9,3,2024,0,0,10,0,1,0,0,0,-1,0,0.029996475444953534,0,-0.4796016704143913,-0.4828140057822037,0.02144961413670833,0.0,0.0,0.6686628946093833
2024-09-11,810.0,810.0,810.0,810.0,29990.0,0.0,0.0,0.0,0.0,0.0,0.0,0.0214496141367076,NESTLE,810.0,809.806848985368,809.0,809.344534655306,807.0,813.5785941480649,851.0,838.5062030862274,0.0037174721189591076,-0.0481786133960047,-9.005210074650563,-12.77832980047799,3.773119725827428,807.0,812.0262468995005,801.9737531004995,0.012456621807931863,0.7984334096578235,100.0,0.35714285714285715,0.0004409171075837743,58562.0,0.5121068269526314,0.0,0.031083443951542243,0.02144961413670833,0.2134023066952083,0.0,0.0,0.1528765601534843,0,-1,0.0,0.0,0.0,0.0,0.0,0.0,0.0,0.0,0.0,0.0,0.04879401551568157,0.04879401551568157,0.04879401551568157,0.07897780163537653,0.07449940420851596,100.0,100.0,100.0,100.0,0.0,-9.77010836386387,-10.60428605862171,-11.514755973623664,-13.596880513784868,-19.668920138438466,0.35714285714285715,0.35714285714285715,0.35714285714285715,0.35714285714285715,0.7142857142857143,0.012131651315267776,0.011659326620747576,0.014555759494574917,0.018808415101053206,0.0495196738867031,0.0,0.0,0.0,0.0,2,9,3,2024,0,0,11,0,0,1,0,0,-1,0,0.029996475444953534,0,-0.4796016704143913,-0.4828140057822037,0.3259064565101174,0.0088712314807023,0.094187215059701,0.6686628946093833
2024-09-20,890.0,890.0,890.0,890.0,52110.0,0.0,0.0,0.0,0.0,0.0,0.0,0.3259064565101175,NESTLE,890.0,882.9597233677141,858.0,865.8046033084663,832.5,848.0800399546711,847.4,849.4948411725234,0.06906906906906907,0.050271418456455066,15.49169694448858,4.376878559842973,11.114818384645607,832.5,909.8576791683656,755.1423208316344,0.18584427427835584,0.8716502396281418,100.0,6.071428571428571,0.00682182985553772,86536.5,0.6021736492693834,0.0,0.47281606710612073,0.3259064565101174,0.2849394643868255,0.0,0.0,0.1431901312600128,1,-1,0.0,0.0,0.0,0.094187215059701,0.0,0.0,0.0,0.0,0.0088712314807023,0.0,0.3259064565101174,0.3259064565101174,0.3259064565101174,0.3259064565101174,0.04879401551568157,100.0,100.0,100.0,100.0,100.0,13.725119008220872,11.270685074901621,7.973997617102782,-1.9215409298292343,-12.509359305518956,6.071428571428571,6.071428571428571,6.071428571428571,6.071428571428571,0.35714285714285715,0.17697376656512112,0.16473263222825854,0.14818876883271542,0.09220089185335421,0.016866345659943667,0.0,0.0,0.0,0.094187215059701,4,9,3,2024,0,0,20,0,0,0,0,1,1,0,0.029996475444953534,0,-0.42820430452939284,-0.4828140057822037,0.3259064565101174,0.0,0.0,0.0
2024-09-23,890.0,890.0,890.0,890.0,25100.0,0.0,0.0,0.0,0.0,0.0,0.0,0.3259064565101175,NESTLE,890.0,885.3064822451428,866.0,870.2037663432905,836.75,852.0724171018453,846.8,851.0832787736009,0.06363907977293098,0.051015588096362835,16.69922442225402,6.841347732325183,9.857876689928837,836.75,917.0307573457052,756.4692426542948,0.19188708059923557,0.8316485902760903,100.0,5.714285714285714,0.006420545746388443,86725.5,0.2894189136989697,0.0,0.47281606710612073,0.3259064565101174,0.2849394643868255,0.0,0.0,0.14144638875166957,1,-1,0.0,0.0,0.0,0.0,0.0,0.0,0.0,0.0,0.0,0.0,0.3259064565101174,0.3259064565101174,0.3259064565101174,0.3259064565101174,0.04879401551568157,100.0,100.0,100.0,100.0,100.0,15.49169694448858,13.725119008220872,11.270685074901621,3.650240205627142,-11.514755973623664,6.071428571428571,6.071428571428571,6.071428571428571,6.071428571428571,0.35714285714285715,0.18584427427835584,0.17697376656512112,0.16473263222825854,0.12553264394427707,0.014555759494574917,0.0,0.0,0.0,0.0,0,9,3,2024,0,0,23,1,0,0,0,0,1,0,0.029996475444953534,0,-0.42820430452939284,-0.4828140057822037,0.3259064565101174,0.0,0.0,0.0
2024-09-24,890.0,890.0,890.0,890.0,43340.0,0.0,0.0,0.0,0.0,0.0,0.0,0.3259064565101175,NESTLE,890.0,886.8709881634286,874.0,873.8030815536013,841.0,855.6845678540506,846.2,852.6094247040479,0.05826397146254459,0.05176081304656104,17.454988407144242,8.964075867288994,8.490912539855248,841.0,923.1808019584034,758.8191980415966,0.1954359142887121,0.7981231554834534,100.0,5.714285714285714,0.006420545746388443,87537.5,0.49510209910038555,0.0,0.47281606710612073,0.3259064565101174,0.2849394643868255,0.0,0.0,0.13966209938203325,1,-1,0.0,0.0,0.0,0.0,0.0,0.0,0.0,0.0,0.0,0.0,0.3259064565101174,0.3259064565101174,0.3259064565101174,0.3259064565101174,0.04879401551568157,100.0,100.0,100.0,100.0,100.0,16.69922442225402,15.49169694448858,13.725119008220872,7.973997617102782,-10.60428605862171,5.714285714285714,6.071428571428571,6.071428571428571,6.071428571428571,0.35714285714285715,0.19188708059923557,0.18584427427835584,0.17697376656512112,0.14818876883271542,0.011659326620747576,0.0,0.0,0.0,0.0,1,9,3,2024,0,0,24,0,1,0,0,0,1,0,0.029996475444953534,0,-0.42820430452939284,-0.4828140057822037,0.3259064565101174,0.0,0.0,0.0
2024-09-25,890.0,890.0,890.0,890.0,2880.0,0.0,0.0,0.0,0.0,0.0,0.0,0.3259064565101175,NESTLE,890.0,887.9139921089525,882.0,876.7479758165828,845.25,858.9527042489028,845.6,854.0757217744774,0.052942916296953565,0.05250709555345314,17.848193940523743,10.740899481935944,7.107294458587798,845.25,928.3779926251966,762.1220073748034,0.1966944516419914,0.7691632420487199,100.0,5.714285714285714,0.006420545746388443,86329.5,0.033360554619220543,0.0,0.47281606710612073,0.3259064565101174,0.2849394643868255,0.0,0.0,0.13783568851710787,1,-1,0.0,0.0,0.0,0.0,0.0,0.0,0.0,0.0,0.0,0.0,0.3259064565101174,0.3259064565101174,0.3259064565101174,0.3259064565101174,0.04879401551568157,100.0,100.0,100.0,100.0,100.0,17.454988407144242,16.69922442225402,15.49169694448858,11.270685074901621,-9.77010836386387,5.714285714285714,5.714285714285714,6.071428571428571,6.071428571428571,0.35714285714285715,0.1954359142887121,0.19188708059923557,0.18584427427835584,0.16473263222825854,0.012131651315267776,0.0,0.0,0.0,0.0,2,9,3,2024,0,0,25,0,0,1,0,0,1,0,0.029996475444953534,0,-0.42820430452939284,-0.4828140057822037,0.3259064565101174,0.0,0.0,0.0
2024-09-26,890.0,890.0,890.0,890.0,11390.0,0.0,0.0,0.0,0.0,0.0,0.0,0.3259064565101175,NESTLE,890.0,888.609328072635,890.0,879.1574347590222,849.5,861.909589558531,845.0,855.4845169990077,0.047675103001765744,0.05325443786982249,17.952862732310905,12.183292132010937,5.769570600299968,849.5,932.6548966814659,766.3451033185341,0.19577374145136164,0.7435214378002283,100.0,5.714285714285714,0.006420545746388443,86426.5,0.13178828252908542,0.0,0.47281606710612073,0.3259064565101174,0.2849394643868255,0.0,0.0,0.13596545872556448,1,-1,0.0,0.0,0.0,0.0,0.0,0.0,0.0,0.0,0.0,0.0,0.3259064565101174,0.3259064565101174,0.3259064565101174,0.3259064565101174,0.02144961413670833,100.0,100.0,100.0,100.0,100.0,17.848193940523743,17.454988407144242,16.69922442225402,13.725119008220872,-9.005210074650563,5.714285714285714,5.714285714285714,5.714285714285714,6.071428571428571,0.35714285714285715,0.1966944516419914,0.1954359142887121,0.19188708059923557,0.17697376656512112,0.012456621807931863,0.0,0.0,0.0,0.0,3,9,3,2024,0,0,26,0,0,0,1,0,1,0,0.029996475444953534,0,-0.42820430452939284,-0.4828140057822037,0.3259064565101174,0.0,0.0,0.0
2024-09-27,890.0,890.0,890.0,890.0,4300.0,0.0,0.0,0.0,0.0,0.0,0.0,0.3259064565101175,NESTLE,890.0,889.0728853817567,890.0,881.1288102573817,853.75,864.5848667434329,844.4,856.8380653519878,0.0424597364568082,0.05400284225485555,17.830277167673444,13.31268913914344,4.517588028530003,853.75,936.0124170758305,771.4875829241695,0.19270844410150634,0.720331478751617,100.0,5.714285714285714,0.006420545746388443,78792.5,0.05457372211822191,0.0,0.0,0.3259064565101174,0.2849394643868255,0.0,0.0,0.13659109477721665,1,-1,0.0,0.0,0.0,0.0,0.094187215059701,0.0,0.0,0.0,0.0,0.0088712314807023,0.3259064565101174,0.3259064565101174,0.3259064565101174,0.3259064565101174,0.3259064565101174,100.0,100.0,100.0,100.0,100.0,17.952862732310905,17.848193940523743,17.454988407144242,15.49169694448858,-1.9215409298292343,5.714285714285714,5.714285714285714,5.714285714285714,6.071428571428571,6.071428571428571,0.19577374145136164,0.1966944516419914,0.1954359142887121,0.18584427427835584,0.09220089185335421,0.0,0.0,0.0,0.0,4,9,3,2024,0,0,27,0,0,0,0,1,1,0,0.029996475444953534,0,-0.42820430452939284,-0.4828140057822037,0.3259064565101174,0.0,0.0,0.0
2024-09-30,890.0,890.0,890.0,890.0,5400.0,0.0,0.0,0.0,0.0,0.0,0.0,0.3259064565101175,NESTLE,890.0,889.3819235878378,890.0,882.7417538469485,858.0,867.0053556250107,843.8,858.1385333774,0.037296037296037296,0.05475231097416455,17.531040304579392,14.156359372230632,3.3746809323487597,858.0,938.4199503920056,777.5800496079944,0.1874590918228569,0.6989556064385553,100.0,5.714285714285714,0.006420545746388443,78941.0,0.06840551804512231,0.0,0.0,0.3259064565101174,0.2849394643868255,0.0,0.0,0.13611270983518203,1,-1,0.0,0.0,0.0,0.0,0.0,0.0,0.0,0.0,0.0,0.0,0.3259064565101174,0.3259064565101174,0.3259064565101174,0.3259064565101174,0.3259064565101174,100.0,100.0,100.0,100.0,100.0,17.830277167673444,17.952862732310905,17.848193940523743,16.69922442225402,3.650240205627142,5.714285714285714,5.714285714285714,5.714285714285714,5.714285714285714,6.071428571428571,0.19270844410150634,0.19577374145136164,0.1966944516419914,0.19188708059923557,0.12553264394427707,0.0,0.0,0.0,0.0,0,9,3,2024,0,1,30,1,0,0,0,0,1,0,0.029996475444953534,0,-0.42820430452939284,-0.4828140057822037,0.3259064565101174,0.0,0.0,0.0
2024-10-02,890.0,890.0,890.0,890.0,8630.0,0.0,0.0,0.0,0.0,0.0,0.0,0.3259064565101175,NESTLE,890.0,889.5879490585586,890.0,884.0614349656851,862.0,869.1953217559621,843.2,859.3880026567176,0.03248259860788863,0.05550284629981019,17.096811533726964,14.7444498045299,2.3523617291970638,862.0,940.2976775887349,783.7023224112651,0.18166514521748242,0.678804792570428,100.0,5.714285714285714,0.006420545746388443,50422.0,0.17115544801872198,0.0,0.0,0.3259064565101174,0.2849394643868255,0.0,0.0,0.1345185258065476,1,-1,0.0,0.0,0.0,0.0,0.0,0.0,0.0,0.0,0.0,0.0,0.3259064565101174,0.3259064565101174,0.3259064565101174,0.3259064565101174,0.3259064565101174,100.0,100.0,100.0,100.0,100.0,17.531040304579392,17.830277167673444,17.952862732310905,17.454988407144242,7.973997617102782,5.714285714285714,5.714285714285714,5.714285714285714,5.714285714285714,6.071428571428571,0.1874590918228569,0.19270844410150634,0.19577374145136164,0.1954359142887121,0.14818876883271542,0.0,0.0,0.0,0.0,2,10,4,2024,0,0,2,0,0,1,0,0,1,0,0.029996475444953534,0,-0.42820430452939284,-0.4796016704143913,0.32627408381363737,0.0,0.0,0.0
2024-10-03,890.0,890.0,890.0,890.0,22650.0,0.0,0.0,0.0,0.0,0.0,0.0,0.3262740838136375,NESTLE,890.0,889.7252993723724,890.0,885.1411740628332,866.0,871.1767196839658,842.6,860.5884731407679,0.02771362586605081,0.056254450510325155,16.56176834820178,15.107913513264275,1.4538548349375056,866.0,941.2259753570604,790.7740246429396,0.1737320447045275,0.6595193673866234,100.0,5.714285714285714,0.006420545746388443,49861.0,0.45426285072501554,0.0,0.0,0.32627408381363737,0.2849394643868255,0.0,0.0,0.13204974653956372,1,1,0.0,0.0,0.0,0.0,0.0,0.0,0.0,0.0,0.0,0.0,0.3259064565101174,0.3259064565101174,0.3259064565101174,0.3259064565101174,0.3259064565101174,100.0,100.0,100.0,100.0,100.0,17.096811533726964,17.531040304579392,17.830277167673444,17.848193940523743,11.270685074901621,5.714285714285714,5.714285714285714,5.714285714285714,5.714285714285714,6.071428571428571,0.18166514521748242,0.1874590918228569,0.19270844410150634,0.1966944516419914,0.16473263222825854,0.0,0.0,0.0,0.0,3,10,4,2024,0,0,3,0,0,0,1,0,1,0,0.029996475444953534,0,-0.42820430452939284,-0.4796016704143913,0.32627408381363737,0.0,0.0,0.0
2024-10-30,885.0,885.0,885.0,885.0,16840.0,0.0,0.0,0.0,0.0,0.0,0.0,0.1008550865110048,NESTLE,885.0,884.6458198486913,882.0,884.0802126920852,885.0,882.1049655366667,859.9,873.2348122768311,0.0,0.02918944063263173,4.079268008375493,5.488197029821225,-1.408929021445732,885.0,898.7649440322338,871.2350559677662,0.031107218151940695,0.5,42.857142857142854,3.9285714285714284,0.004439063761097659,135788.5,0.12401639314080352,0.0,0.08581337440786155,0.10085508651100454,0.20299325985835345,0.0,0.0,0.12325695409386661,0,-1,0.0,0.0,0.0,0.0,-0.0227282510775561,0.0,0.0,0.0,0.0,0.0005165733970444,0.10085508651100454,0.10085508651100454,0.10085508651100454,0.10085508651100454,0.0787329712670185,42.857142857142854,42.857142857142854,42.857142857142854,42.857142857142854,0.0,4.29541412844776,4.508816425289865,4.715612572527789,5.08888239794328,8.845459271104232,3.9285714285714284,3.9285714285714284,3.9285714285714284,3.9285714285714284,2.857142857142857,0.031506087957761345,0.03185741474748461,0.03216282778913838,0.03264115467872933,0.020122096535431275,0.0,0.0,0.0,0.0,2,10,4,2024,0,0,30,0,0,1,0,0,1,0,0.029996475444953534,0,-0.43141663989720525,-0.44105364600064245,0.10085508651100454,0.0,0.0,0.0
2024-10-31,885.0,885.0,885.0,885.0,33410.0,0.0,0.0,0.0,0.0,0.0,0.0,0.1008550865110048,NESTLE,885.0,884.7638798991276,883.5,884.2474467480696,884.75,882.3806831046031,861.5,873.6961921875437,0.00028256569652444194,0.027278003482298318,3.8634353728958786,5.163244698436157,-1.299809325540278,884.75,898.31271980176,871.18728019824,0.030658874940401138,0.5092164404947582,42.857142857142854,3.9285714285714284,0.004439063761097659,136326.5,0.24507340832486713,0.0,0.08581337440786155,0.10085508651100454,0.20299325985835345,0.0,0.0,0.12055645473336758,0,-1,0.0,0.0,0.0,0.0,0.0,0.0,0.0,0.0,0.0,0.0,0.10085508651100454,0.10085508651100454,0.10085508651100454,0.10085508651100454,0.0787329712670185,42.857142857142854,42.857142857142854,42.857142857142854,42.857142857142854,0.0,4.079268008375493,4.29541412844776,4.508816425289865,4.910968926674627,6.977858091870985,3.9285714285714284,3.9285714285714284,3.9285714285714284,3.9285714285714284,2.857142857142857,0.031107218151940695,0.031506087957761345,0.03185741474748461,0.032423695099756664,0.027729144650950048,0.0,0.0,0.0,0.0,3,10,4,2024,0,1,31,0,0,0,1,0,1,0,0.029996475444953534,0,-0.43141663989720525,-0.44105364600064245,0.10085508651100454,0.0,0.0,0.0
2024-11-01,885.0,885.0,885.0,885.0,43480.0,0.0,0.0,0.0,0.0,0.0,0.0,0.1008550865110048,NESTLE,885.0,884.8425865994185,885.0,884.3842746120569,884.5,882.6301418565456,863.1,874.1394787684244,0.0005652911249293386,0.02537365311087936,3.6503079761765775,4.860657353984241,-1.2103493778076633,884.5,897.837718577107,871.162281422893,0.03015877575377504,0.5187438352784788,42.857142857142854,3.9285714285714284,0.004439063761097659,133131.5,0.3265943822461251,0.0,0.08581337440786155,0.10085508651100454,0.20299325985835345,0.0,0.0,0.11674094810909111,0,-1,0.0,0.0,0.0,0.0,0.0,0.0,0.0,0.0,0.0,0.0,0.10085508651100454,0.10085508651100454,0.10085508651100454,0.10085508651100454,0.0787329712670185,42.857142857142854,42.857142857142854,42.857142857142854,42.857142857142854,0.0,3.8634353728958786,4.079268008375493,4.29541412844776,4.715612572527789,5.4351180444161855,3.9285714285714284,3.9285714285714284,3.9285714285714284,3.9285714285714284,2.857142857142857,0.030658874940401138,0.031107218151940695,0.031506087957761345,0.03216282778913838,0.03304149253957359,0.0,0.0,0.0,0.0,4,11,4,2024,1,0,1,0,0,0,0,1,1,0,0.029996475444953534,0,-0.43141663989720525,-0.44105364600064245,0.10085508651100454,0.0,0.0,0.0
2024-11-04,885.0,885.0,885.0,885.0,30600.0,0.0,0.0,0.0,0.0,0.0,0.0,0.1008550865110048,NESTLE,885.0,884.8950577329457,885.0,884.4962246825919,884.25,882.8558426321126,864.7,874.5653815618195,0.0008481764206955047,0.023476350179252866,3.4417288707562648,4.576871657338646,-1.1351427865823815,884.25,897.3387657735053,871.1612342264947,0.029604220013582844,0.5286505241585946,42.857142857142854,3.9285714285714284,0.004439063761097659,134124.5,0.22814623726463099,0.0,0.0,0.10085508651100454,0.20299325985835345,0.0,0.0,0.11171870495585011,0,-1,0.0,0.0,0.0,0.0,0.0170944333593,0.0,0.0,0.0,0.0,0.0002922196518755,0.10085508651100454,0.10085508651100454,0.10085508651100454,0.10085508651100454,0.10085508651100454,42.857142857142854,42.857142857142854,42.857142857142854,42.857142857142854,42.857142857142854,3.6503079761765775,3.8634353728958786,4.079268008375493,4.508816425289865,5.361061106445504,3.9285714285714284,3.9285714285714284,3.9285714285714284,3.9285714285714284,3.9285714285714284,0.03015877575377504,0.030658874940401138,0.031107218151940695,0.03185741474748461,0.032949393680482275,0.0,0.0,0.0,0.0,0,11,4,2024,0,0,4,1,0,0,0,0,1,0,0.029996475444953534,0,-0.43141663989720525,-0.44105364600064245,0.10085508651100454,0.0,0.0,0.0
2024-11-05,885.0,885.0,885.0,885.0,28940.0,0.0,0.0,0.0,0.0,0.0,0.0,0.1008550865110048,NESTLE,885.0,884.9300384886305,885.0,884.5878201948478,884.0,883.060048095721,866.3,874.9745822848855,0.0011312217194570137,0.021586055638924215,3.239090211287248,4.309315368128367,-1.0702251568411185,884.0,896.8144655103438,871.1855344896562,0.028992003417067376,0.539018404598803,100.0,1.0714285714285714,0.0012106537530266344,130673.0,0.22146885737681082,0.0,0.0,0.10085508651100454,0.20299325985835345,0.0,0.0,0.10531723027447532,0,-1,0.0,0.0,0.0,0.0,0.0,0.0,0.0,0.0,0.0,0.0,0.10085508651100454,0.10085508651100454,0.10085508651100454,0.10085508651100454,0.10085508651100454,42.857142857142854,42.857142857142854,42.857142857142854,42.857142857142854,42.857142857142854,3.4417288707562648,3.6503079761765775,3.8634353728958786,4.29541412844776,5.2419445754833305,3.9285714285714284,3.9285714285714284,3.9285714285714284,3.9285714285714284,3.9285714285714284,0.029604220013582844,0.03015877575377504,0.030658874940401138,0.031506087957761345,0.03281613894064919,0.0,0.0,0.0,0.0,1,11,4,2024,0,0,5,0,1,0,0,0,1,0,0.029996475444953534,0,-0.43141663989720525,-0.44105364600064245,0.10085508651100454,0.0,0.0,0.2864657804026255
2024-11-06,885.0,885.0,885.0,885.0,10450.0,0.0,0.0,0.0,0.0,0.0,0.0,0.1008550865110048,NESTLE,885.0,884.9533589924205,885.0,884.6627619776027,883.75,883.2448054199381,867.9,875.3677359207725,0.0014144271570014145,0.019702730729346727,3.0434150198367433,4.056135298470043,-1.0127202786332994,883.75,896.2631509768092,871.2368490231908,0.02831830489801243,0.5499474513780197,100.0,1.0714285714285714,0.0012106537530266344,129973.0,0.08040131411908627,0.0,0.0,0.10085508651100454,0.19920321160547827,0.0,0.0,0.09726458159285539,0,-1,0.0,0.0,0.0,0.0,0.0,0.0,0.0,0.0,0.0,0.0,0.10085508651100454,0.10085508651100454,0.10085508651100454,0.10085508651100454,0.10085508651100454,100.0,42.857142857142854,42.857142857142854,42.857142857142854,42.857142857142854,3.239090211287248,3.4417288707562648,3.6503079761765775,4.079268008375493,5.08888239794328,1.0714285714285714,3.9285714285714284,3.9285714285714284,3.9285714285714284,3.9285714285714284,0.028992003417067376,0.029604220013582844,0.03015877575377504,0.031107218151940695,0.03264115467872933,0.0,0.0,0.0,0.0,2,11,4,2024,0,0,6,0,0,1,0,0,1,0,0.029996475444953534,0,-0.43141663989720525,-0.44105364600064245,0.10085508651100454,0.0,0.0,0.2864657804026255
2024-11-07,885.0,885.0,885.0,885.0,5340.0,0.0,0.0,0.0,0.0,0.0,0.0,0.1008550865110048,NESTLE,885.0,884.968905994947,885.0,884.7240779816749,883.5,883.4119668085154,869.5,875.7454717670167,0.001697792869269949,0.017826336975273145,2.85542545365945,3.8159933295079242,-0.9605678758484744,883.5,895.6828179265545,871.3171820734455,0.02757853520442456,0.5615621118629086,100.0,1.0714285714285714,0.0012106537530266344,126924.5,0.04207225555349834,0.0,0.0,0.10085508651100454,0.19920321160547827,0.0,0.0,0.08710400998950264,0,-1,0.0,0.0,0.0,0.0,0.0,0.0,0.0,0.0,0.0,0.0,0.10085508651100454,0.10085508651100454,0.10085508651100454,0.10085508651100454,0.10085508651100454,100.0,100.0,42.857142857142854,42.857142857142854,42.857142857142854,3.0434150198367433,3.239090211287248,3.4417288707562648,3.8634353728958786,4.910968926674627,1.0714285714285714,1.0714285714285714,3.9285714285714284,3.9285714285714284,3.9285714285714284,0.02831830489801243,0.028992003417067376,0.029604220013582844,0.030658874940401138,0.032423695099756664,0.0,0.0,0.0,0.0,3,11,4,2024,0,0,7,0,0,0,1,0,1,0,0.029996475444953534,0,-0.43141663989720525,-0.44105364600064245,0.10085508651100454,0.0,0.0,0.2864657804026255
2024-11-19,850.0,850.0,850.0,850.0,48300.0,0.0,0.0,0.0,0.0,0.0,0.0,0.1397809879960904,NESTLE,850.0,853.0714890923196,864.0,860.4440510531465,874.5,868.4857179818923,877.6,870.8112139416003,-0.02801600914808462,-0.031449407474931655,-7.557129815096232,-3.199125378365176,-4.358004436731056,874.5,907.411364218714,841.588635781286,0.07526898620632126,0.1277881427645458,0.0,2.5,0.0029411764705882353,40394.0,1.1957221369510322,0.0,0.20256189590059287,0.13978098799609034,0.2143070732785895,0.0,0.0,0.027024147019798217,0,-1,0.0,0.0,0.0,-0.0403512955235673,0.0,0.0,0.0,0.0,0.0016282270504302,0.0,0.1545092212989781,0.1545092212989781,0.1545092212989781,0.17157410896721872,0.10085508651100454,0.0,0.0,0.0,0.0,100.0,-6.864383566027868,-5.880341865347418,-4.538814576619188,-0.45061375109014534,3.239090211287248,2.5,2.5,2.5,2.5,1.0714285714285714,0.0709804646672806,0.0654382548026977,0.05887187608024824,0.04140338279813801,0.028992003417067376,0.0,0.0,0.0,0.0403512955235673,1,11,4,2024,0,0,19,0,1,0,0,0,-1,0,0.029996475444953534,0,-0.45390298747189206,-0.45390298747189206,0.13978098799609034,0.0,0.0,0.0
2024-11-20,850.0,850.0,850.0,850.0,92140.0,0.0,0.0,0.0,0.0,0.0,0.0,0.1397809879960904,NESTLE,850.0,852.0476593948797,860.5,858.545132679847,872.75,866.7251734121883,878.4,869.9950879046748,-0.02606702950443999,-0.03233151183970854,-8.01375858784104,-4.162052020260349,-3.85170656758069,872.75,907.0052339450715,838.4947660549285,0.07849953353210311,0.16793395665491903,0.0,2.5,0.0029411764705882353,44588.0,2.066475284829999,0.0,0.20256189590059287,0.13978098799609034,0.2143070732785895,0.0,0.0,0.027188037619098035,0,-1,0.0,0.0,0.0,0.0,0.0,0.0,0.0,0.0,0.0,0.0,0.13978098799609034,0.1545092212989781,0.1545092212989781,0.17157410896721872,0.10085508651100454,0.0,0.0,0.0,0.0,100.0,-7.557129815096232,-6.864383566027868,-5.880341865347418,-2.7605188069825317,3.0434150198367433,2.5,2.5,2.5,2.5,1.0714285714285714,0.07526898620632126,0.0709804646672806,0.0654382548026977,0.05108649881354691,0.02831830489801243,0.0,0.0,0.0,0.0,2,11,4,2024,0,0,20,0,0,1,0,0,-1,0,0.029996475444953534,0,-0.45390298747189206,-0.45390298747189206,0.13978098799609034,0.0,0.0,0.0
2024-11-21,850.0,850.0,850.0,850.0,107840.0,0.0,0.0,0.0,0.0,0.0,0.0,0.1397809879960904,NESTLE,850.0,851.3651062632532,857.0,856.991472192602,871.0,865.1322997538847,879.2,869.210966810374,-0.024110218140068886,-0.03321201091901734,-8.280191289132972,-4.985679874034874,-3.294511415098098,871.0,906.1837282965024,835.8162717034976,0.08078927278186546,0.20156659034216684,0.0,2.5,0.0029411764705882353,49467.5,2.1800171829989385,0.0,0.20256189590059287,0.13978098799609034,0.2143070732785895,0.0,0.0,0.027218723262201833,0,-1,0.0,0.0,0.0,0.0,0.0,0.0,0.0,0.0,0.0,0.0,0.13978098799609034,0.13978098799609034,0.1545092212989781,0.1545092212989781,0.10085508651100454,0.0,0.0,0.0,0.0,100.0,-8.01375858784104,-7.557129815096232,-6.864383566027868,-4.538814576619188,2.85542545365945,2.5,2.5,2.5,2.5,1.0714285714285714,0.07849953353210311,0.07526898620632126,0.0709804646672806,0.05887187608024824,0.02757853520442456,0.0,0.0,0.0,0.0,3,11,4,2024,0,0,21,0,0,0,1,0,-1,0,0.029996475444953534,0,-0.45390298747189206,-0.45390298747189206,0.13978098799609034,0.0,0.0,0.0
2024-11-26,850.0,850.0,850.0,850.0,5250.0,0.0,0.0,0.0,0.0,0.0,0.0,0.1397809879960904,NESTLE,850.0,850.4044759298529,850.0,853.8292886764889,865.75,861.2074769476186,878.4,867.0383263923658,-0.018192318798729425,-0.03233151183970854,-8.288190081087691,-6.62697552969105,-1.6612145513966414,865.75,901.4792449873828,830.0207550126172,0.08253940511090453,0.2795923198830278,0.0,2.5,0.0029411764705882353,49147.0,0.10682238997293833,0.0,0.0,0.13978098799609034,0.2143070732785895,0.0,0.0,0.02650613607199163,0,-1,0.0,0.0,0.0,0.0,-0.0403512955235673,0.0,0.0,0.0,0.0,0.0016282270504302,0.13978098799609034,0.13978098799609034,0.13978098799609034,0.13978098799609034,0.17157410896721872,0.0,0.0,0.0,0.0,0.0,-8.388524898914511,-8.394573704229174,-8.280191289132972,-7.557129815096232,-0.45061375109014534,2.5,2.5,2.5,2.5,2.5,0.08278787855442164,0.08220706353151061,0.08078927278186546,0.07526898620632126,0.04140338279813801,0.0,0.0,0.0,0.0,1,11,4,2024,0,0,26,0,1,0,0,0,-1,0,0.029996475444953534,0,-0.45390298747189206,-0.45390298747189206,0.13978098799609034,0.0,0.0,0.0
2024-11-27,850.0,850.0,850.0,850.0,9870.0,0.0,0.0,0.0,0.0,0.0,0.0,0.1397809879960904,NESTLE,850.0,850.269650619902,850.0,853.1330543716726,864.0,860.1400981907026,877.6,866.3701567299202,-0.016203703703703703,-0.031449407474931655,-8.115127872464655,-6.924605998245771,-1.1905218742188834,864.0,899.1837282965024,828.8162717034976,0.08144381550116299,0.3010443935614446,0.0,2.5,0.0029411764705882353,48798.5,0.20226031537854647,0.0,0.0,0.13978098799609034,0.2143070732785895,0.0,0.0,0.025988137909089173,0,-1,0.0,0.0,0.0,0.0,0.0,0.0,0.0,0.0,0.0,0.0,0.13978098799609034,0.13978098799609034,0.13978098799609034,0.13978098799609034,0.17157410896721872,0.0,0.0,0.0,0.0,0.0,-8.288190081087691,-8.388524898914511,-8.394573704229174,-8.01375858784104,-2.7605188069825317,2.5,2.5,2.5,2.5,2.5,0.08253940511090453,0.08278787855442164,0.08220706353151061,0.07849953353210311,0.05108649881354691,0.0,0.0,0.0,0.0,2,11,4,2024,0,0,27,0,0,1,0,0,-1,0,0.029996475444953534,0,-0.45390298747189206,-0.45390298747189206,0.13978098799609034,0.0,0.0,0.0
2024-11-28,850.0,850.0,850.0,850.0,3820.0,0.0,0.0,0.0,0.0,0.0,0.0,0.1397809879960904,NESTLE,850.0,850.1797670799347,850.0,852.5634081222777,862.25,859.1743745534928,876.8,865.7281897993352,-0.014207016526529429,-0.030565693430656883,-7.887057733258871,-7.117096345248392,-0.7699613880104792,862.25,896.5052339450715,827.9947660549285,0.0794554571065735,0.3211952074295718,0.0,2.5,0.0029411764705882353,47319.0,0.0807286713582282,0.0,0.0,0.13978098799609034,0.2143070732785895,0.0,0.0,0.02531750409329,0,-1,0.0,0.0,0.0,0.0,0.0,0.0,0.0,0.0,0.0,0.0,0.13978098799609034,0.13978098799609034,0.13978098799609034,0.13978098799609034,0.1545092212989781,0.0,0.0,0.0,0.0,0.0,-8.115127872464655,-8.288190081087691,-8.388524898914511,-8.280191289132972,-4.538814576619188,2.5,2.5,2.5,2.5,2.5,0.08144381550116299,0.08253940511090453,0.08278787855442164,0.08078927278186546,0.05887187608024824,0.0,0.0,0.0,0.0,3,11,4,2024,0,0,28,0,0,0,1,0,-1,0,0.029996475444953534,0,-0.45390298747189206,-0.45390298747189206,0.13978098799609034,0.0,0.0,0.0
2024-11-29,850.0,850.0,850.0,850.0,12810.0,0.0,0.0,0.0,0.0,0.0,0.0,0.1397809879960904,NESTLE,850.0,850.1198447199565,850.0,852.0973339182272,860.5,858.3006245960173,876.0,865.1113980424985,-0.01220220801859384,-0.02968036529680365,-7.61848930244787,-7.217374936688288,-0.4011143657595815,860.5,893.411364218714,827.588635781286,0.07649358330903887,0.34048063261337674,0.0,2.5,0.0029411764705882353,45785.5,0.2797829007000033,0.0,0.0,0.13978098799609034,0.2143070732785895,0.0,0.0,0.024481694264545703,0,-1,0.0,0.0,0.0,0.0,0.0,0.0,0.0,0.0,0.0,0.0,0.13978098799609034,0.13978098799609034,0.13978098799609034,0.13978098799609034,0.1545092212989781,0.0,0.0,0.0,0.0,0.0,-7.887057733258871,-8.115127872464655,-8.288190081087691,-8.394573704229174,-5.880341865347418,2.5,2.5,2.5,2.5,2.5,0.0794554571065735,0.08144381550116299,0.08253940511090453,0.08220706353151061,0.0654382548026977,0.0,0.0,0.0,0.0,4,11,4,2024,0,0,29,0,0,0,0,1,-1,0,0.029996475444953534,0,-0.45390298747189206,-0.45390298747189206,0.13978098799609034,0.0,0.0,0.0
2024-12-30,875.0,875.0,875.0,875.0,45380.0,0.0,0.0,0.0,0.0,0.0,0.0,0.0706174778371157,NESTLE,875.0,873.6317993222679,869.0,869.8102680369977,861.0,865.2891298664632,866.0,864.3225438177435,0.016260162601626018,0.010392609699769052,4.083262157079844,1.5131185632052992,2.5701435938745445,861.0,881.672890969882,840.327109030118,0.04802065265942397,0.838607696920483,100.0,1.7857142857142858,0.0020408163265306124,103041.0,0.4404072165448705,0.0,0.08680262658550518,0.07061747783711567,0.10797201591421238,0.0,0.0,0.044714383583639744,0,-1,0.0,0.0,0.0,0.017291497110061,0.0,0.0,0.0,0.0,0.0002989958723072,0.0,0.07061747783711567,0.07061747783711567,0.07061747783711567,0.07061747783711567,0.040516270234386094,100.0,100.0,100.0,100.0,100.0,3.7475815741798897,3.2646208072904983,2.600701853081887,0.5606432458807831,-2.8615382169717805,1.7857142857142858,1.7857142857142858,1.7857142857142858,1.7857142857142858,0.7142857142857143,0.04681503180575311,0.04477972805012387,0.041786168998531124,0.03173493957709261,0.01720951490464005,0.0,0.0,0.0,0.017291497110061,0,12,4,2024,0,0,30,1,0,0,0,0,1,0,0.029996475444953534,0,-0.43784131063283005,-0.45390298747189206,0.07061747783711567,0.0,0.0,0.0
2024-12-31,875.0,875.0,875.0,875.0,13060.0,0.0,0.0,0.0,0.0,0.0,0.0,0.0706174778371157,NESTLE,875.0,874.0878662148452,870.5,870.7538556666345,862.25,866.2139746410858,866.1,864.7412675895966,0.014786894752102058,0.010275949659392653,4.299726862690022,2.070440223102244,2.2292866395877784,862.25,883.1444716939295,841.3555283060705,0.048464996680613555,0.8051046273571076,100.0,1.7857142857142858,0.0020408163265306124,103053.5,0.12673029057722446,0.0,0.08680262658550518,0.07061747783711567,0.10797201591421238,0.0,0.0,0.043553032070548336,0,-1,0.0,0.0,0.0,0.0,0.0,0.0,0.0,0.0,0.0,0.0,0.07061747783711567,0.07061747783711567,0.07061747783711567,0.07061747783711567,0.040516270234386094,100.0,100.0,100.0,100.0,100.0,4.083262157079844,3.7475815741798897,3.2646208072904983,1.7154714518471792,-2.225681897878303,1.7857142857142858,1.7857142857142858,1.7857142857142858,1.7857142857142858,0.7142857142857143,0.04802065265942397,0.04681503180575311,0.04477972805012387,0.037597760917654745,0.019267199100190823,0.0,0.0,0.0,0.0,1,12,4,2024,0,1,31,0,1,0,0,0,1,0,0.029996475444953534,0,-0.43784131063283005,-0.45390298747189206,0.07061747783711567,0.0,0.0,0.0
2025-01-02,875.0,875.0,875.0,875.0,9820.0,0.0,0.0,0.0,0.0,0.0,0.0,0.0706174778371157,NESTLE,875.0,874.3919108098969,872.0,871.5258819090647,863.5,867.0507389609824,865.9,865.1435708213771,0.013317892298784018,0.010509296685529534,4.4203219811857934,2.5404165747189538,1.8799054064668397,863.5,884.2997975698652,842.7002024301348,0.048175558934256346,0.7764449981153,100.0,1.0714285714285714,0.0012244897959183673,103383.0,0.09498660321329426,0.0,0.08680262658550518,0.07061747783711567,0.10797201591421238,0.0,0.0,0.0420901187975852,0,-1,0.0,0.0,0.0,0.0,0.0,0.0,0.0,0.0,0.0,0.0,0.07061747783711567,0.07061747783711567,0.07061747783711567,0.07061747783711567,0.040516270234386094,100.0,100.0,100.0,100.0,100.0,4.299726862690022,4.083262157079844,3.7475815741798897,2.600701853081887,-1.7021399738264336,1.7857142857142858,1.7857142857142858,1.7857142857142858,1.7857142857142858,0.7142857142857143,0.048464996680613555,0.04802065265942397,0.04681503180575311,0.041786168998531124,0.020845121797973824,0.0,0.0,0.0,0.0,3,1,1,2025,0,0,2,0,0,0,1,0,1,0,0.029996475444953534,0,-0.43784131063283005,-0.45390298747189206,0.07061747783711567,0.0,0.0,0.0
2025-01-03,875.0,875.0,875.0,875.0,188930.0,0.0,0.0,0.0,0.0,0.0,0.0,0.0706174778371157,NESTLE,875.0,874.594607206598,873.5,872.1575397437801,864.75,867.8078114408888,865.7,865.5300974558329,0.01185313674472391,0.010742751530553256,4.4644312964610435,2.925219519067372,1.5392117773936715,864.75,885.134462607326,844.365537392674,0.04714533126875047,0.7514169786432399,100.0,1.0714285714285714,0.0012244897959183673,111179.0,1.6993317083262127,0.0,0.08680262658550518,0.07061747783711567,0.10797201591421238,0.0,0.0,0.04029281068422432,0,-1,0.0,0.0,0.0,0.0,0.0,0.0,0.0,0.0,0.0,0.0,0.07061747783711567,0.07061747783711567,0.07061747783711567,0.07061747783711567,0.040516270234386094,100.0,100.0,100.0,100.0,100.0,4.4203219811857934,4.299726862690022,4.083262157079844,3.2646208072904983,-1.2725599481581185,1.0714285714285714,1.7857142857142858,1.7857142857142858,1.7857142857142858,0.7142857142857143,0.048175558934256346,0.048464996680613555,0.04802065265942397,0.04477972805012387,0.0220474722617411,0.0,0.0,0.0,0.0,4,1,1,2025,0,0,3,0,0,0,0,1,1,0,0.029996475444953534,0,-0.43784131063283005,-0.45390298747189206,0.07061747783711567,0.0,0.0,0.0
2025-01-06,875.0,875.0,875.0,875.0,19110.0,0.0,0.0,0.0,0.0,0.0,0.0,0.0706174778371157,NESTLE,875.0,874.729738137732,875.0,872.6743506994565,866.0,868.4927817798518,865.5,865.9014661830552,0.010392609699769052,0.01097631426920855,4.448113166873668,3.229798248628631,1.2183149182450368,866.0,885.6281216089247,846.3718783910753,0.04533053489359063,0.7292628958419479,100.0,1.0714285714285714,0.0012244897959183673,104710.0,0.18250405882914716,0.0,0.08680262658550518,0.07061747783711567,0.10797201591421238,0.0,0.0,0.03811383055870836,0,-1,0.0,0.0,0.0,0.0,0.0,0.0,0.0,0.0,0.0,0.0,0.07061747783711567,0.07061747783711567,0.07061747783711567,0.07061747783711567,0.040516270234386094,100.0,100.0,100.0,100.0,100.0,4.4644312964610435,4.4203219811857934,4.299726862690022,3.7475815741798897,-0.9214922933108483,1.0714285714285714,1.0714285714285714,1.7857142857142858,1.7857142857142858,0.7142857142857143,0.04714533126875047,0.048175558934256346,0.048464996680613555,0.04681503180575311,0.02293429337689941,0.0,0.0,0.0,0.0,0,1,1,2025,0,0,6,1,0,0,0,0,1,0,0.029996475444953534,0,-0.43784131063283005,-0.45390298747189206,0.07061747783711567,0.0,0.0,0.0
2025-01-07,875.0,875.0,875.0,875.0,43900.0,0.0,0.0,0.0,0.0,0.0,0.0,0.0706174778371157,NESTLE,875.0,874.8198254251547,875.0,873.097196026828,867.25,869.1125168484374,865.3,866.2582714307784,0.008936292879792447,0.011209984976308847,4.384637559169846,3.4607661107368743,0.9238714484329718,867.25,885.7389725312997,848.7610274687003,0.04263816092545342,0.7095843883936798,100.0,1.0714285714285714,0.0012244897959183673,105425.5,0.4164077950780409,0.0,0.0,0.07061747783711567,0.10797201591421238,0.0,0.0,0.035482933383028,0,-1,0.0,0.0,0.0,0.0,0.017291497110061,0.0,0.0,0.0,0.0,0.0002989958723072,0.07061747783711567,0.07061747783711567,0.07061747783711567,0.07061747783711567,0.07061747783711567,100.0,100.0,100.0,100.0,100.0,4.448113166873668,4.4644312964610435,4.4203219811857934,4.083262157079844,0.5606432458807831,1.0714285714285714,1.0714285714285714,1.0714285714285714,1.7857142857142858,1.7857142857142858,0.04533053489359063,0.04714533126875047,0.048175558934256346,0.04802065265942397,0.03173493957709261,0.0,0.0,0.0,0.0,1,1,1,2025,0,0,7,0,1,0,0,0,1,0,0.029996475444953534,0,-0.43784131063283005,-0.45390298747189206,0.07061747783711567,0.0,0.0,0.0
2025-01-08,875.0,875.0,875.0,875.0,3720.0,0.0,0.0,0.0,0.0,0.0,0.0,0.0706174778371157,NESTLE,875.0,874.8798836167698,875.0,873.4431603855866,868.5,869.6732295295386,865.1,866.601084315846,0.007484168105929764,0.011443763726736767,4.284938578100878,3.6256006042096756,0.6593379738912022,868.5,885.3897352819615,851.6102647180385,0.038894036343031714,0.692424567096149,100.0,1.0714285714285714,0.0012244897959183673,105064.5,0.03540682152392102,0.0,0.0,0.07061747783711567,0.10797201591421238,0.0,0.0,0.03228984418751751,0,-1,0.0,0.0,0.0,0.0,0.0,0.0,0.0,0.0,0.0,0.0,0.07061747783711567,0.07061747783711567,0.07061747783711567,0.07061747783711567,0.07061747783711567,100.0,100.0,100.0,100.0,100.0,4.384637559169846,4.448113166873668,4.4644312964610435,4.299726862690022,1.7154714518471792,1.0714285714285714,1.0714285714285714,1.0714285714285714,1.7857142857142858,1.7857142857142858,0.04263816092545342,0.04533053489359063,0.04714533126875047,0.048464996680613555,0.037597760917654745,0.0,0.0,0.0,0.0,2,1,1,2025,0,0,8,0,0,1,0,0,1,0,0.029996475444953534,0,-0.43784131063283005,-0.45390298747189206,0.07061747783711567,0.0,0.0,0.0
2025-01-09,875.0,875.0,875.0,875.0,26940.0,0.0,0.0,0.0,0.0,0.0,0.0,0.0706174778371157,NESTLE,875.0,874.9199224111799,875.0,873.7262221336617,869.75,870.1805410029159,864.9,866.9304535583619,0.006036217303822937,0.011677650595444587,4.157995631928884,3.732079609753517,0.42591602217536684,869.75,884.4308145478877,855.0691854521123,0.033758699736447795,0.6788047925704288,100.0,1.0714285714285714,0.0012244897959183673,105679.0,0.25492292697697744,0.0,0.0,0.07061747783711567,0.10797201591421238,0.0,0.0,0.028345202564582173,0,-1,0.0,0.0,0.0,0.0,0.0,0.0,0.0,0.0,0.0,0.0,0.07061747783711567,0.07061747783711567,0.07061747783711567,0.07061747783711567,0.07061747783711567,100.0,100.0,100.0,100.0,100.0,4.284938578100878,4.384637559169846,4.448113166873668,4.4203219811857934,2.600701853081887,1.0714285714285714,1.0714285714285714,1.0714285714285714,1.0714285714285714,1.7857142857142858,0.038894036343031714,0.04263816092545342,0.04533053489359063,0.048175558934256346,0.041786168998531124,0.0,0.0,0.0,0.0,3,1,1,2025,0,0,9,0,0,0,1,0,1,0,0.029996475444953534,0,-0.43784131063283005,-0.45390298747189206,0.07061747783711567,0.0,0.0,0.0
2025-01-10,875.0,875.0,875.0,875.0,42010.0,0.0,0.0,0.0,0.0,0.0,0.0,0.0706174778371157,NESTLE,875.0,874.9466149407866,875.0,873.9578181093596,870.5,870.6395370978763,864.7,867.2469063599949,0.005169442848937392,0.0119116456574534,4.011154342114082,3.7878945562256305,0.22325978588845174,870.5,884.6048703794488,856.3951296205512,0.032406365030324666,0.6595193673866236,100.0,1.0714285714285714,0.0012244897959183673,96227.0,0.4365718561318549,0.0,0.0,0.07061747783711567,0.10797201591421238,0.0,0.0,0.023269894150672807,0,-1,0.0,0.0,0.0,0.0,0.0,0.0,0.0,0.0,0.0,0.0,0.07061747783711567,0.07061747783711567,0.07061747783711567,0.07061747783711567,0.07061747783711567,100.0,100.0,100.0,100.0,100.0,4.157995631928884,4.284938578100878,4.384637559169846,4.4644312964610435,3.2646208072904983,1.0714285714285714,1.0714285714285714,1.0714285714285714,1.0714285714285714,1.7857142857142858,0.033758699736447795,0.038894036343031714,0.04263816092545342,0.04714533126875047,0.04477972805012387,0.0,0.0,0.0,0.0,4,1,1,2025,0,0,10,0,0,0,0,1,1,0,0.029996475444953534,0,-0.43784131063283005,-0.44747831673626726,0.05989950306711218,0.0,0.0,0.0
2025-02-10,975.0,975.0,975.0,975.0,17150.0,0.0,0.0,0.0,0.0,0.0,0.0,0.2944326048914025,NESTLE,975.0,972.6697212146154,967.5,960.5993895612481,925.0,937.1171638332553,888.9,904.4594976238772,0.05405405405405406,0.09686128923388461,28.134713666087578,23.66769637238831,4.467017293699268,925.0,1019.5905302926917,830.4094697073083,0.20452006549771182,0.7642970699354622,100.0,7.142857142857143,0.007326007326007326,159229.5,0.10770617253712408,0.0,0.1303959068603255,0.2944326048914024,0.19497505580125565,0.0,0.0,0.12895958907431276,1,-1,0.0,0.0,0.0,0.0,0.082238098236972,0.0,0.0,0.0,0.0,0.0067631048016338,0.2944326048914024,0.2944326048914024,0.2944326048914024,0.2944326048914024,0.284881128928552,100.0,100.0,100.0,100.0,100.0,28.37405347332617,28.266824594953164,27.718807741539536,24.821628004050467,8.164225556531164,7.142857142857143,7.142857142857143,7.142857142857143,7.142857142857143,5.357142857142857,0.20441841129635968,0.20183180696757136,0.19657740461536607,0.1766043142753392,0.07633802483640822,0.0,0.0,0.0,0.0,0,2,1,2025,0,0,10,1,0,0,0,0,1,0,0.029996475444953534,0,-0.37359460327658206,-0.43784131063283005,0.2944326048914024,0.0,0.0,0.0
2025-02-11,975.0,975.0,975.0,975.0,32500.0,0.0,0.0,0.0,0.0,0.0,0.0,0.2944326048914025,NESTLE,975.0,973.4464808097437,970.0,963.2176823682938,930.0,940.7250529919929,891.4,907.2257918347055,0.04838709677419355,0.09378505721337226,27.626573205532168,24.459471739017083,3.167101466515085,930.0,1024.0324691963256,835.9675308036745,0.2022203638630656,0.7392790510799349,100.0,7.142857142857143,0.007326007326007326,144471.5,0.22495786366169107,0.0,0.1303959068603255,0.2944326048914024,0.19497505580125565,0.0,0.0,0.12888756453052985,1,-1,0.0,0.0,0.0,0.0,0.0,0.0,0.0,0.0,0.0,0.0,0.2944326048914024,0.2944326048914024,0.2944326048914024,0.2944326048914024,0.284881128928552,100.0,100.0,100.0,100.0,100.0,28.134713666087578,28.37405347332617,28.266824594953164,26.61615629966923,12.643636270773413,7.142857142857143,7.142857142857143,7.142857142857143,7.142857142857143,5.357142857142857,0.20452006549771182,0.20441841129635968,0.20183180696757136,0.18834069087884872,0.10463235318715455,0.0,0.0,0.0,0.0,1,2,1,2025,0,0,11,0,1,0,0,0,1,0,0.029996475444953534,0,-0.37359460327658206,-0.43784131063283005,0.2944326048914024,0.0,0.0,0.0
2025-02-12,975.0,975.0,975.0,975.0,100990.0,0.0,0.0,0.0,0.0,0.0,0.0,0.2944326048914025,NESTLE,975.0,973.9643205398291,972.5,965.3599219376948,935.0,943.9893336594222,893.9,909.8836039196191,0.0427807486631016,0.0907260319946303,26.91362471699972,24.95030233461361,1.9633223823861101,935.0,1027.338051687664,842.6619483123361,0.1975145490645217,0.7165954298846436,100.0,7.142857142857143,0.007326007326007326,141435.0,0.7140382507865805,0.0,0.1303959068603255,0.2944326048914024,0.17546512544506374,0.0,0.0,0.1277947600688256,1,-1,0.0,0.0,0.0,0.0,0.0,0.0,0.0,0.0,0.0,0.0,0.2944326048914024,0.2944326048914024,0.2944326048914024,0.2944326048914024,0.284881128928552,100.0,100.0,100.0,100.0,100.0,27.626573205532168,28.134713666087578,28.37405347332617,27.718807741539536,16.009059066595455,7.142857142857143,7.142857142857143,7.142857142857143,7.142857142857143,5.357142857142857,0.2022203638630656,0.20452006549771182,0.20441841129635968,0.19657740461536607,0.12401045366404168,0.0,0.0,0.0,0.0,2,2,1,2025,0,0,12,0,0,1,0,0,1,0,0.029996475444953534,0,-0.37359460327658206,-0.43784131063283005,0.2944326048914024,0.0,0.0,0.0
2025-02-13,975.0,975.0,975.0,975.0,8300.0,0.0,0.0,0.0,0.0,0.0,0.0,0.2944326048914025,NESTLE,975.0,974.3095470265529,975.0,967.1126634035684,940.0,946.9427304537629,896.4,912.4371880796341,0.03723404255319149,0.08768406961178048,26.048338867386065,25.169909641168104,0.8784292262179605,940.0,1029.4427190999916,850.5572809000084,0.1903036576595565,0.6956559480312317,100.0,7.142857142857143,0.007326007326007326,140067.5,0.05925714387705928,0.0,0.1303959068603255,0.2944326048914024,0.17546512544506374,0.0,0.0,0.12565454566201426,1,-1,0.0,0.0,0.0,0.0,0.0,0.0,0.0,0.0,0.0,0.0,0.2944326048914024,0.2944326048914024,0.2944326048914024,0.2944326048914024,0.284881128928552,100.0,100.0,100.0,100.0,100.0,26.91362471699972,27.626573205532168,28.134713666087578,28.266824594953164,18.463346908717085,7.142857142857143,7.142857142857143,7.142857142857143,7.142857142857143,5.357142857142857,0.1975145490645217,0.2022203638630656,0.20452006549771182,0.20183180696757136,0.13833415983170613,0.0,0.0,0.0,0.0,3,2,1,2025,0,0,13,0,0,0,1,0,1,0,0.029996475444953534,0,-0.37359460327658206,-0.43784131063283005,0.2944326048914024,0.0,0.0,0.0
2025-02-14,975.0,975.0,975.0,975.0,19840.0,0.0,0.0,0.0,0.0,0.0,0.0,0.2944326048914025,NESTLE,975.0,974.539698017702,975.0,968.5467246029195,945.0,949.6148513629284,898.9,914.8906316843544,0.031746031746031744,0.08465902770052289,25.07356119184965,25.150639951304417,-0.07707875945476772,945.0,1030.2241626226792,859.775837377321,0.1803685981432362,0.6760064228077062,100.0,1.7857142857142858,0.0018315018315018315,136373.0,0.14548334347708125,0.0,0.0,0.2944326048914024,0.17546512544506374,0.0,0.0,0.12241199583393397,1,-1,0.0,0.0,0.0,0.0,0.0259754864032607,0.0,0.0,0.0,0.0,0.0006747258938859,0.2944326048914024,0.2944326048914024,0.2944326048914024,0.2944326048914024,0.2944326048914024,100.0,100.0,100.0,100.0,100.0,26.048338867386065,26.91362471699972,27.626573205532168,28.37405347332617,22.170115481220137,7.142857142857143,7.142857142857143,7.142857142857143,7.142857142857143,7.142857142857143,0.1903036576595565,0.1975145490645217,0.2022203638630656,0.20441841129635968,0.16048823384572242,0.0,0.0,0.0,0.0,4,2,1,2025,0,0,14,0,0,0,0,1,1,0,0.029996475444953534,0,-0.37359460327658206,-0.43784131063283005,0.2944326048914024,0.0,0.0,0.0
2025-02-17,975.0,975.0,975.0,975.0,16920.0,0.0,0.0,0.0,0.0,0.0,0.0,0.2944326048914025,NESTLE,975.0,974.6931320118014,975.0,969.7200474023887,950.0,952.0324845664591,901.4,917.2478618143798,0.02631578947368421,0.08165076547592637,24.024107899713044,24.92533354098614,-0.901225641273097,950.0,1029.4719414239025,870.5280585760974,0.16730935036611072,0.6572882174014744,100.0,1.7857142857142858,0.0018315018315018315,136526.0,0.12393243777741969,0.0,0.0,0.2944326048914024,0.17546512544506374,0.0,0.0,0.11797625327415781,1,-1,0.0,0.0,0.0,0.0,0.0,0.0,0.0,0.0,0.0,0.0,0.2944326048914024,0.2944326048914024,0.2944326048914024,0.2944326048914024,0.2944326048914024,100.0,100.0,100.0,100.0,100.0,25.07356119184965,26.048338867386065,26.91362471699972,28.134713666087578,24.821628004050467,1.7857142857142858,7.142857142857143,7.142857142857143,7.142857142857143,7.142857142857143,0.1803685981432362,0.1903036576595565,0.1975145490645217,0.20452006549771182,0.1766043142753392,0.0,0.0,0.0,0.0,0,2,1,2025,0,0,17,1,0,0,0,0,1,0,0.029996475444953534,0,-0.37359460327658206,-0.43784131063283005,0.2944326048914024,0.0,0.0,0.0
2025-02-18,975.0,975.0,975.0,975.0,70250.0,0.0,0.0,0.0,0.0,0.0,0.0,0.2944326048914025,NESTLE,975.0,974.795421341201,975.0,970.6800387837725,955.0,954.2198669887011,903.9,919.5126515471493,0.020942408376963352,0.07865914371058748,22.92810765203103,24.525888363195122,-1.5977807111640914,955.0,1026.8184846459608,883.1815153540392,0.15040520344703828,0.6392399192115567,100.0,1.7857142857142858,0.0018315018315018315,138925.5,0.5056667062562309,0.0,0.0,0.2944326048914024,0.17546512544506374,0.0,0.0,0.11220589861148438,1,-1,0.0,0.0,0.0,0.0,0.0,0.0,0.0,0.0,0.0,0.0,0.2944326048914024,0.2944326048914024,0.2944326048914024,0.2944326048914024,0.2944326048914024,100.0,100.0,100.0,100.0,100.0,24.024107899713044,25.07356119184965,26.048338867386065,27.626573205532168,26.61615629966923,1.7857142857142858,1.7857142857142858,7.142857142857143,7.142857142857143,7.142857142857143,0.16730935036611072,0.1803685981432362,0.1903036576595565,0.2022203638630656,0.18834069087884872,0.0,0.0,0.0,0.0,1,2,1,2025,0,0,18,0,1,0,0,0,1,0,0.029996475444953534,0,-0.37359460327658206,-0.43784131063283005,0.2944326048914024,0.0,0.0,0.0
2025-02-19,975.0,975.0,975.0,975.0,20430.0,0.0,0.0,0.0,0.0,0.0,0.0,0.2944326048914025,NESTLE,975.0,974.8636142274673,975.0,971.465486277632,960.0,956.1989272754915,906.4,921.6886259962807,0.015625,0.07568402471315096,21.80812902319724,23.982336495195547,-2.174207471998308,960.0,1021.5587011251092,898.4412988748908,0.12824729401064422,0.6218349293101121,100.0,1.7857142857142858,0.0018315018315018315,135065.5,0.15125994424927164,0.0,0.0,0.2944326048914024,0.17546512544506374,0.0,0.0,0.1048808789239226,1,-1,0.0,0.0,0.0,0.0,0.0,0.0,0.0,0.0,0.0,0.0,0.2944326048914024,0.2944326048914024,0.2944326048914024,0.2944326048914024,0.2944326048914024,100.0,100.0,100.0,100.0,100.0,22.92810765203103,24.024107899713044,25.07356119184965,26.91362471699972,27.718807741539536,1.7857142857142858,1.7857142857142858,1.7857142857142858,7.142857142857143,7.142857142857143,0.15040520344703828,0.16730935036611072,0.1803685981432362,0.1975145490645217,0.19657740461536607,0.0,0.0,0.0,0.0,2,2,1,2025,0,0,19,0,0,1,0,0,1,0,0.029996475444953534,0,-0.37359460327658206,-0.43784131063283005,0.2944326048914024,0.0,0.0,0.0
2025-04-11,1020.0,1020.0,1020.0,1020.0,105820.0,0.0,0.0,0.0,0.0,0.0,0.0,0.1086093663040452,NESTLE,1020.0,1019.1907285102635,1018.0,1013.9610520968304,997.75,1002.994484165791,983.6,976.8032090373539,0.022300175394637935,0.0370069133794225,14.172192741773188,12.909318272371863,1.262874469401325,997.75,1041.5768122692514,953.9231877307485,0.08785128994086983,0.753840045031184,100.0,3.2142857142857144,0.0031512605042016808,237904.5,0.4448003295439977,0.0,0.0994084000743967,0.10860936630404495,0.1814208341411397,0.0,0.0,0.0539696665589366,0,-1,0.0,0.0,0.0,0.0,0.0253178079842897,0.0,0.0,0.0,0.0,0.0006409914011293,0.10860936630404495,0.10860936630404495,0.10860936630404495,0.10860936630404495,0.08770345953012548,100.0,100.0,100.0,100.0,100.0,14.446134974269285,14.58565927866573,14.551587983133004,13.762832795473173,5.980321810331816,3.2142857142857144,3.2142857142857144,3.2142857142857144,3.2142857142857144,1.7857142857142858,0.08766903215736466,0.08649073886701054,0.08426063054754307,0.07617026953025591,0.022904665582584208,0.0,0.0,0.0,0.0,4,4,2,2025,0,0,11,0,0,0,0,1,1,0,0.029996475444953534,0,-0.3446835849662705,-0.37359460327658206,0.13256668819467304,0.0003921440478314,0.0198026272961797,0.1405847075990224
2025-04-23,1000.0,1000.0,1000.0,1000.0,170770.0,0.0,0.0,0.0,0.0,0.0,0.0,0.1325666881946734,NESTLE,1000.0,1001.6847827498725,1008.0,1004.1881004873053,1005.25,1001.6425850216564,987.1,981.7533419840239,-0.005222581447401144,0.013068584743187091,5.890197463825643,9.244174924596301,-3.3539774607706576,1005.25,1037.4459461325246,973.0540538674754,0.06405560036314263,0.4184679962752141,0.0,1.4285714285714286,0.0014285714285714286,276212.0,0.6182569910069078,0.0,0.0994084000743967,0.13256668819467304,0.18674552450471954,0.0,0.0,0.04808173178833315,0,-1,0.0,0.0,0.0,-0.0198026272961797,0.0,0.0,0.0,0.0,0.0003921440478314,0.0,0.13256668819467304,0.13256668819467304,0.13256668819467304,0.13256668819467304,0.10860936630404495,50.0,50.0,69.23076923076923,69.23076923076923,100.0,6.793229696941125,7.847016587980079,9.077893433081044,12.200617571107841,14.29644115889846,2.857142857142857,2.857142857142857,4.642857142857143,4.642857142857143,3.2142857142857144,0.0694885736472017,0.07419883938359108,0.0783145302660581,0.08508663460812883,0.08087696434637413,0.0,0.0,0.0,0.0198026272961797,2,4,2,2025,0,0,23,0,0,1,0,0,1,0,0.029996475444953534,0,-0.3575329264375201,-0.37359460327658206,0.35169111093886885,0.0090840303743327,0.0953101798043249,0.6766351534367471
2025-05-02,1100.0,1100.0,1100.0,1100.0,181090.0,0.0,0.0,0.0,0.0,0.0,0.0,0.3448048643759893,NESTLE,1100.0,1091.3687600768067,1060.0,1071.2579066208127,1038.0,1046.0473298012537,1002.1,1006.9868615092474,0.05973025048169557,0.09769484083424805,28.910247273913,20.611745277508398,8.298501996404603,1038.0,1123.0015479735207,952.9984520264793,0.16377947586420175,0.8646992406497935,83.33333333333333,8.571428571428571,0.007792207792207792,121233.0,1.4937352041110918,0.0,0.47845330538432396,0.34480486437598906,0.20993112150763985,0.0,0.0,0.1075226415654318,1,-1,0.0,0.0,0.0,0.0953101798043249,0.0,0.0,0.0,0.0,0.0090840303743327,0.0,0.34480486437598906,0.35169111093886885,0.35169111093886885,0.35169111093886885,0.13256668819467304,83.33333333333333,83.33333333333333,83.33333333333333,83.33333333333333,69.23076923076923,27.644569783030192,25.627002225095566,22.679095964239536,13.092776797266993,10.516897792710779,8.571428571428571,8.571428571428571,8.571428571428571,8.571428571428571,4.642857142857143,0.15494234815626445,0.1459395834834365,0.1331627540979361,0.10022733795539407,0.08192301710922173,0.0,0.0,0.0,0.0953101798043249,4,5,2,2025,0,0,2,0,0,0,0,1,1,0,0.029996475444953534,0,-0.29328621908127206,-0.3575329264375201,0.34055684316690216,0.0,0.0,0.6766351534367471
2025-05-05,1100.0,1100.0,1100.0,1100.0,18440.0,0.0,0.0,0.0,0.0,0.0,0.0,0.3405568431669024,NESTLE,1100.0,1094.2458400512046,1070.0,1076.4837417806648,1042.0,1051.1856793439915,1004.6,1010.6344355677084,0.05566218809980806,0.09496316942066492,29.57241343031501,22.40387890806972,7.168534522245288,1042.0,1130.8760224606224,953.1239775393776,0.1705873751643424,0.8262972306490067,83.33333333333333,8.571428571428571,0.007792207792207792,118952.5,0.1550198608688342,0.0,0.47845330538432396,0.34055684316690216,0.20993112150763985,0.0,0.0,0.11121389651453265,1,-1,0.0,0.0,0.0,0.0,0.0,0.0,0.0,0.0,0.0,0.0,0.34480486437598906,0.34480486437598906,0.35169111093886885,0.35169111093886885,0.13256668819467304,83.33333333333333,83.33333333333333,83.33333333333333,83.33333333333333,69.23076923076923,28.910247273913,27.644569783030192,25.627002225095566,18.586617849994354,9.077893433081044,8.571428571428571,8.571428571428571,8.571428571428571,8.571428571428571,4.642857142857143,0.16377947586420175,0.15494234815626445,0.1459395834834365,0.12071368804104651,0.0783145302660581,0.0,0.0,0.0,0.0,0,5,2,2025,0,0,5,1,0,0,0,0,1,0,0.029996475444953534,0,-0.29328621908127206,-0.3575329264375201,0.46513585309287425,0.0090840303743327,0.0953101798043249,0.6766351534367471
2025-05-13,1210.0,1210.0,1210.0,1210.0,80120.0,0.0,0.0,0.0,0.0,0.0,0.0,0.4651358530928745,NESTLE,1210.0,1199.8377692226027,1166.0,1169.9471800382025,1099.0,1122.8844869796735,1032.8,1053.17851205298,0.10100090991810737,0.17157242447714954,55.40713226551884,43.76806471442124,11.639067551097597,1099.0,1270.052469635551,927.9475303644491,0.311287478863605,0.824461845644496,100.0,15.0,0.012396694214876033,109897.5,0.7290429718601424,0.0,0.47845330538432396,0.46513585309287425,0.27681962722233416,0.0,0.0,0.14513126411177327,1,-1,0.0,0.0,0.0,0.0953101798043249,0.0,0.0,0.0,0.0,0.0090840303743327,0.0,0.46513585309287425,0.46513585309287425,0.46513585309287425,0.46513585309287425,0.35169111093886885,100.0,100.0,100.0,91.30434782608695,83.33333333333333,54.617681904368965,52.81561716116494,49.74730009385871,38.52912579296276,22.679095964239536,15.0,15.0,15.0,16.428571428571427,8.571428571428571,0.30496431239906213,0.2938495467635287,0.2771049440058633,0.21984006209693874,0.1331627540979361,0.0,0.0,0.0,0.0953101798043249,1,5,2,2025,0,0,13,0,1,0,0,0,1,0,0.029996475444953534,0,-0.2226148409893993,-0.3575329264375201,0.46513585309287425,0.0,0.0,0.828705433974916
2025-05-14,1210.0,1210.0,1210.0,1210.0,67510.0,0.0,0.0,0.0,0.0,0.0,0.0,0.4651358530928745,NESTLE,1210.0,1203.2251794817353,1177.0,1177.2295109403476,1108.5,1131.181202505419,1037.5,1059.3283743254121,0.09156517816869644,0.16626506024096385,55.39422719501795,46.093297210540584,9.300929984477364,1108.5,1282.1633161275606,934.8366838724394,0.31333029522338407,0.7922321255383762,100.0,15.0,0.012396694214876033,107982.0,0.6251967920579355,0.0,0.47845330538432396,0.46513585309287425,0.27681962722233416,0.0,0.0,0.1428063621380512,1,-1,0.0,0.0,0.0,0.0,0.0,0.0,0.0,0.0,0.0,0.0,0.46513585309287425,0.46513585309287425,0.46513585309287425,0.46513585309287425,0.35169111093886885,100.0,100.0,100.0,100.0,83.33333333333333,55.40713226551884,54.617681904368965,52.81561716116494,45.10741467204048,25.627002225095566,15.0,15.0,15.0,15.0,8.571428571428571,0.311287478863605,0.30496431239906213,0.2938495467635287,0.25331495373651985,0.1459395834834365,0.0,0.0,0.0,0.0,2,5,2,2025,0,0,14,0,0,1,0,0,1,0,0.029996475444953534,0,-0.2226148409893993,-0.3575329264375201,0.5530125891766539,0.0090840303743327,0.0953101798043249,0.7966012439381956
2025-05-28,1590.5,1590.5,1590.5,1590.5,169340.0,0.0,0.0,0.0,0.0,0.0,0.0,0.5900807463765092,NESTLE,1590.5,1569.3973121270355,1500.01,1499.2421618630794,1338.505,1381.6601325427155,1142.502,1208.3851390236637,0.18826601320129538,0.3921201013214857,140.4639221088969,115.01605841722024,25.44786369167666,1338.505,1717.7565092430852,959.253490756915,0.5666792566977115,0.8322267596283726,100.0,27.178571428571427,0.017088067543899042,123169.5,1.374853352493921,0.0,0.7009770579281591,0.5900807463765089,0.407311194132559,0.0,0.0,0.10216223331576353,1,-1,0.0,0.0,0.0,0.0828077129897624,0.0,0.0,0.0,0.0,0.0068571173305948,0.0,0.5900807463765089,0.5900807463765089,0.6442284072994342,0.6442284072994342,0.46513585309287425,100.0,100.0,100.0,100.0,100.0,139.61948493924547,136.51084717086496,130.5574826421921,107.17644861443614,55.39422719501795,27.178571428571427,27.178571428571427,35.035714285714285,35.035714285714285,15.0,0.5693242156364368,0.5612022775696506,0.5405006660283914,0.4684300909000248,0.31333029522338407,0.0,0.0,0.0,0.0828077129897624,2,5,2,2025,0,0,28,0,0,1,0,0,1,0,0.029996475444953534,0,0.0,-0.29328621908127206,0.5900807463765089,0.0,0.0,0.0
2025-05-29,1590.5,1590.5,1590.5,1590.5,23880.0,0.0,0.0,0.0,0.0,0.0,0.0,0.5900807463765092,NESTLE,1590.5,1576.4315414180237,1525.96,1515.8344960697923,1363.0300000000002,1401.5496437291235,1154.812,1223.3700355325395,0.16688554177090728,0.37728045777148156,139.52478972490417,119.91780467875704,19.60698504614713,1363.0300000000002,1740.7762088701747,985.2837911298258,0.5542742402884374,0.8010883956722616,100.0,27.178571428571427,0.017088067543899042,119899.5,0.19916680219683985,0.0,0.5979292443796635,0.5900807463765089,0.407311194132559,0.0,0.0,0.09751078876011371,1,-1,0.0,0.0,0.0,0.0,0.0953101798043249,0.0,0.0,0.0,0.0,0.0090840303743327,0.5900807463765089,0.5900807463765089,0.5900807463765089,0.6442284072994342,0.5530125891766539,100.0,100.0,100.0,100.0,100.0,140.4639221088969,139.61948493924547,136.51084717086496,121.05980671443626,64.4052647928304,27.178571428571427,27.178571428571427,27.178571428571427,35.035714285714285,16.5,0.5666792566977115,0.5693242156364368,0.5612022775696506,0.5040815450137616,0.34171455326310946,0.0,0.0,0.0,0.0,3,5,2,2025,0,0,29,0,0,0,1,0,1,0,0.029996475444953534,0,0.0,-0.29328621908127206,0.5900807463765089,0.0,0.0,0.0
2025-05-30,1590.5,1590.5,1590.5,1590.5,16550.0,0.0,0.0,0.0,0.0,0.0,0.0,0.5900807463765092,NESTLE,1590.5,1581.121027612016,1551.91,1529.410042238921,1387.555,1419.5449157549215,1167.122,1237.7672890410672,0.14626086893852852,0.3627538509256101,137.19897615083687,123.37403897317301,13.824937177663855,1387.555,1756.9973249624823,1018.112675037518,0.532508368983546,0.7746639817468254,100.0,27.178571428571427,0.017088067543899042,111672.5,0.14820121336945086,0.0,0.5979292443796635,0.5900807463765089,0.407311194132559,0.0,0.0,0.0904756852954388,1,-1,0.0,0.0,0.0,0.0,0.0,0.0,0.0,0.0,0.0,0.0,0.5900807463765089,0.5900807463765089,0.5900807463765089,0.6442284072994342,0.5425150542873265,100.0,100.0,100.0,100.0,100.0,139.52478972490417,140.4639221088969,139.61948493924547,130.5574826421921,70.73123140316397,27.178571428571427,27.178571428571427,27.178571428571427,35.035714285714285,16.5,0.5542742402884374,0.5666792566977115,0.5693242156364368,0.5405006660283914,0.3566101450572813,0.0,0.0,0.0,0.0,4,5,2,2025,0,0,30,0,0,0,0,1,1,0,0.029996475444953534,0,0.0,-0.29328621908127206,0.5900807463765089,0.0,0.0,0.0
2025-06-02,1590.5,1590.5,1590.5,1590.5,28340.0,0.0,0.0,0.0,0.0,0.0,0.0,0.5900807463765092,NESTLE,1590.5,1584.2473517413441,1577.8600000000001,1540.51730728639,1412.0800000000002,1435.8263523496908,1179.432,1251.59994437279,0.12635261458274305,0.34853047907806467,133.8132364429398,125.46187846712637,8.351357975813428,1412.0800000000002,1765.941564367822,1058.2184356321784,0.501191949985584,0.7521042378800725,100.0,27.178571428571427,0.017088067543899042,112167.5,0.25265785543940983,0.0,0.5979292443796635,0.5900807463765089,0.407311194132559,0.0,0.0,0.08109789093623261,1,-1,0.0,0.0,0.0,0.0,0.0,0.0,0.0,0.0,0.0,0.0,0.5900807463765089,0.5900807463765089,0.5900807463765089,0.5900807463765089,0.5425150542873265,100.0,100.0,100.0,100.0,100.0,137.19897615083687,139.52478972490417,140.4639221088969,136.51084717086496,74.88141913031222,27.178571428571427,27.178571428571427,27.178571428571427,27.178571428571427,16.5,0.532508368983546,0.5542742402884374,0.5666792566977115,0.5612022775696506,0.36063312708089107,0.0,0.0,0.0,0.0,0,6,2,2025,0,0,2,1,0,0,0,0,1,0,0.029996475444953534,0,0.0,-0.29328621908127206,0.5900807463765089,0.0,0.0,0.4159003431939114
2025-06-03,1590.5,1590.5,1590.5,1590.5,33800.0,0.0,0.0,0.0,0.0,0.0,0.0,0.5900807463765092,NESTLE,1590.5,1586.331567827563,1590.5,1549.6050695979554,1431.105,1450.5571759354343,1191.742,1264.8901426326806,0.11137896939777303,0.3346009455066617,129.635654205209,126.2966336147429,3.3390205904660917,1431.105,1780.1017243097667,1082.1082756902333,0.48773042412648504,0.7283617422416295,100.0,27.178571428571427,0.017088067543899042,103586.5,0.32629734569659175,0.0,0.4156914200834443,0.5900807463765089,0.407311194132559,0.0,0.0,0.0677721014117036,1,-1,0.0,0.0,0.0,0.0,0.0953101798043247,0.0,0.0,0.0,0.0,0.0090840303743327,0.5900807463765089,0.5900807463765089,0.5900807463765089,0.5900807463765089,0.6087926077678468,100.0,100.0,100.0,100.0,100.0,133.8132364429398,137.19897615083687,139.52478972490417,139.61948493924547,87.89730502331668,27.178571428571427,27.178571428571427,27.178571428571427,27.178571428571427,26.00714285714285,0.501191949985584,0.532508368983546,0.5542742402884374,0.5693242156364368,0.3998605590376894,0.0,0.0,0.0,0.0,1,6,2,2025,0,0,3,0,1,0,0,0,1,0,0.029996475444953534,0,0.0,-0.2226148409893993,0.5200572057646644,0.0,0.0,0.4159003431939114
2025-06-04,1590.5,1590.5,1590.5,1590.5,20480.0,0.0,0.0,0.0,0.0,0.0,0.0,0.5200572057646646,NESTLE,1590.5,1587.7210452183754,1590.5,1557.0405114892362,1450.13,1463.8850639415837,1204.052,1277.6591566470852,0.09679821809079178,0.32095623777046184,124.8852902958165,126.01436495095763,-1.1290746551411246,1450.13,1789.7347926014809,1110.5252073985193,0.4683784110410525,0.7066666947258327,100.0,18.535714285714285,0.011654017155431804,97591.5,0.2098543418228022,0.0,0.0,0.5200572057646644,0.407311194132559,0.0,0.0,0.06531779404292039,1,-1,0.0,0.0,0.0,0.0,0.0828077129897624,0.0,0.0,0.0,0.0,0.0068571173305948,0.5900807463765089,0.5900807463765089,0.5900807463765089,0.5900807463765089,0.6442284072994342,100.0,100.0,100.0,100.0,100.0,129.635654205209,133.8132364429398,137.19897615083687,140.4639221088969,107.17644861443614,27.178571428571427,27.178571428571427,27.178571428571427,27.178571428571427,35.035714285714285,0.48773042412648504,0.501191949985584,0.532508368983546,0.5666792566977115,0.4684300909000248,0.0,0.0,0.0,0.0,2,6,2,2025,0,0,4,0,0,1,0,0,1,0,0.029996475444953534,0,0.0,-0.2226148409893993,0.5200572057646644,0.0,0.0,0.4159003431939114
2025-06-05,1590.5,1590.5,1590.5,1590.5,25720.0,0.0,0.0,0.0,0.0,0.0,0.0,0.5200572057646646,NESTLE,1590.5,1588.6473634789172,1590.5,1563.1240548548296,1469.1550000000002,1475.9436292804803,1216.362,1289.927425013866,0.08259509718171315,0.3075877082644804,119.74030101870494,124.7595521645071,-5.0192511458021585,1469.1550000000002,1794.4488847775722,1143.8611152224282,0.4428312666499749,0.686515956306668,100.0,18.535714285714285,0.011654017155431804,98652.5,0.2607131091457388,0.0,0.0,0.5200572057646644,0.407311194132559,0.0,0.0,0.06265306945688276,1,-1,0.0,0.0,0.0,0.0,0.0,0.0,0.0,0.0,0.0,0.0,0.5200572057646644,0.5900807463765089,0.5900807463765089,0.5900807463765089,0.6442284072994342,100.0,100.0,100.0,100.0,100.0,124.8852902958165,129.635654205209,133.8132364429398,139.52478972490417,121.05980671443626,18.535714285714285,27.178571428571427,27.178571428571427,27.178571428571427,35.035714285714285,0.4683784110410525,0.48773042412648504,0.501191949985584,0.5542742402884374,0.5040815450137616,0.0,0.0,0.0,0.0,3,6,2,2025,0,0,5,0,0,0,1,0,1,0,0.029996475444953534,0,0.0,-0.2226148409893993,0.5200572057646644,0.0,0.0,0.4159003431939114
2025-06-10,1590.5,1590.5,1590.5,1590.5,69110.0,0.0,0.0,0.0,0.0,0.0,0.0,0.5200572057646646,NESTLE,1590.5,1589.264908985945,1590.5,1568.1014994266789,1488.18,1486.8537598251964,1228.672,1301.714584817244,0.06875512370815354,0.2944870559433274,114.3447646788743,122.67659466738054,-8.331829988506243,1488.18,1793.5532184169329,1182.8067815830673,0.4103982292692185,0.6675327006907007,100.0,18.535714285714285,0.011654017155431804,98550.5,0.7012648337654299,0.0,0.0,0.5200572057646644,0.407311194132559,0.0,0.0,0.059749781681317185,1,-1,0.0,0.0,0.0,0.0,0.0,0.0,0.0,0.0,0.0,0.0,0.5200572057646644,0.5200572057646644,0.5900807463765089,0.5900807463765089,0.6442284072994342,100.0,100.0,100.0,100.0,100.0,119.74030101870494,124.8852902958165,129.635654205209,137.19897615083687,130.5574826421921,18.535714285714285,18.535714285714285,27.178571428571427,27.178571428571427,35.035714285714285,0.4428312666499749,0.4683784110410525,0.48773042412648504,0.532508368983546,0.5405006660283914,0.0,0.0,0.0,0.0,1,6,2,2025,0,0,10,0,1,0,0,0,1,0,0.029996475444953534,0,0.0,-0.2226148409893993,0.5752091429134201,0.0034320058624764,0.0585833240988974,0.4159003431939114
2025-06-19,1500.0,1500.0,1500.0,1500.0,4080.0,0.0,0.0,0.0,0.0,0.0,0.0,0.4853129166644999,NESTLE,1500.0,1507.8366998286704,1536.2,1520.4294003744794,1557.0300000000002,1492.7888023423466,1288.872,1344.0281603510664,-0.036627425290456955,0.16380835335083696,57.93902019266989,85.6397669871517,-27.700746794481816,1557.0300000000002,1651.8579794375612,1462.2020205624392,0.12180623294035565,0.19929761058785758,0.0,6.464285714285714,0.00430952380952381,82711.5,0.049328086179068205,0.0,0.29408595297022716,0.48531291666449966,0.4281700825000942,0.0,0.0,0.04651411910979126,1,-1,0.0,0.0,0.0,-0.0585833240988974,0.0,0.0,0.0,0.0,0.0034320058624764,0.0,0.48531291666449966,0.5752091429134201,0.5752091429134201,0.5752091429134201,0.5900807463765089,0.0,0.0,0.0,58.27570308898111,100.0,64.57901771284469,72.11473792640822,80.68411553824535,101.59504515702565,133.8132364429398,6.464285714285714,6.464285714285714,6.464285714285714,15.492857142857149,27.178571428571427,0.17690650002129418,0.21703088440596988,0.24946257184065548,0.3671737995499611,0.501191949985584,0.0,0.0,0.0,0.0585833240988974,3,6,2,2025,0,0,19,0,0,0,1,0,1,0,0.029996475444953534,0,-0.05690034580320654,-0.14487632508833923,0.48531291666449966,0.0,0.0,0.24067714138104607
2025-06-20,1500.0,1500.0,1500.0,1500.0,38570.0,0.0,0.0,0.0,0.0,0.0,0.0,0.4853129166644999,NESTLE,1500.0,1505.224466552447,1527.15,1516.7149639427557,1558.825,1493.475583071647,1298.472,1350.1447030823972,-0.03773675685211621,0.15520396281167403,52.07646919888407,78.9271074294982,-26.850638230614123,1558.825,1647.399247772256,1470.250752227744,0.11364232389428712,0.1679339566549179,0.0,6.464285714285714,0.00430952380952381,68535.0,0.562778142554899,0.0,0.29408595297022716,0.48531291666449966,0.4281700825000942,0.0,0.0,0.04997349949679477,1,-1,0.0,0.0,0.0,0.0,0.0,0.0,0.0,0.0,0.0,0.0,0.48531291666449966,0.48531291666449966,0.5752091429134201,0.5752091429134201,0.5900807463765089,0.0,0.0,0.0,0.0,100.0,57.93902019266989,64.57901771284469,72.11473792640822,90.44817037316102,129.635654205209,6.464285714285714,6.464285714285714,6.464285714285714,6.464285714285714,27.178571428571427,0.12180623294035565,0.17690650002129418,0.21703088440596988,0.3152423461869563,0.48773042412648504,0.0,0.0,0.0,0.0,4,6,2,2025,0,0,20,0,0,0,0,1,1,0,0.029996475444953534,0,-0.05690034580320654,-0.0593639575971732,0.3595703820150056,0.0,0.0,0.24067714138104607
2025-06-23,1500.0,1500.0,1500.0,1500.0,11350.0,0.0,0.0,0.0,0.0,0.0,0.0,0.3595703820150058,NESTLE,1500.0,1503.4829777016314,1518.1,1513.6758795895273,1554.3,1494.0969561124425,1308.072,1356.0213813928915,-0.034935340667824714,0.14672586830082757,46.88983842940661,72.51965362947988,-25.629815200073267,1554.3,1645.275068880956,1463.3249311190439,0.11706243180976142,0.20156659034216662,0.0,6.464285714285714,0.00430952380952381,58470.0,0.19411664101248505,0.0,0.29408595297022716,0.3595703820150056,0.4281700825000942,0.0,0.0,0.06716241729398399,1,-1,0.0,0.0,0.0,0.0,0.0,0.0,0.0,0.0,0.0,0.0,0.48531291666449966,0.48531291666449966,0.48531291666449966,0.5752091429134201,0.5200572057646644,0.0,0.0,0.0,0.0,100.0,52.07646919888407,57.93902019266989,64.57901771284469,80.68411553824535,124.8852902958165,6.464285714285714,6.464285714285714,6.464285714285714,6.464285714285714,18.535714285714285,0.11364232389428712,0.12180623294035565,0.17690650002129418,0.24946257184065548,0.4683784110410525,0.0,0.0,0.0,0.0,0,6,2,2025,0,0,23,1,0,0,0,0,1,0,0.029996475444953534,0,-0.05690034580320654,-0.05690034580320654,0.2029385876311289,0.0,0.0,0.24067714138104607
2025-06-24,1500.0,1500.0,1500.0,1500.0,255080.0,0.0,0.0,0.0,0.0,0.0,0.0,0.2029385876311293,NESTLE,1500.0,1502.321985134421,1509.05,1511.189356027795,1549.775,1494.6591507684004,1317.672,1361.667601730425,-0.032117565453049696,0.13837130940021491,42.291881690591936,66.47409924170229,-24.182217551110355,1549.775,1642.160619181661,1457.389380818339,0.11922455734756465,0.2306128354125884,0.0,6.464285714285714,0.00430952380952381,68724.0,3.711658227111344,0.0,0.29408595297022716,0.2029385876311289,0.4281700825000942,0.0,0.0,0.1001226110584649,1,-1,0.0,0.0,0.0,0.0,0.0,0.0,0.0,0.0,0.0,0.0,0.3595703820150056,0.48531291666449966,0.48531291666449966,0.5752091429134201,0.5200572057646644,0.0,0.0,0.0,0.0,100.0,46.88983842940661,52.07646919888407,57.93902019266989,72.11473792640822,119.74030101870494,6.464285714285714,6.464285714285714,6.464285714285714,6.464285714285714,18.535714285714285,0.11706243180976142,0.11364232389428712,0.12180623294035565,0.21703088440596988,0.4428312666499749,0.0,0.0,0.0,0.0,1,6,2,2025,0,0,24,0,1,0,0,0,1,0,0.029996475444953534,0,-0.05690034580320654,-0.05690034580320654,0.22933070905314384,0.0011493152060188,0.0339015516756813,0.3805439737512349
2025-07-08,1500.0,1500.0,1500.0,1500.0,229520.0,0.0,0.0,0.0,0.0,0.0,0.0,0.2648524372955508,NESTLE,1500.0,1496.5177685105195,1480.0,1493.2264943552536,1494.525,1488.988633252246,1412.0720000000001,1401.462047151409,0.0036633713052641533,0.06226877949566302,15.713034079579757,23.03557886543643,-7.322544785856675,1494.525,1555.3798531991883,1433.6701468008118,0.08143704949624563,0.5449840868244256,50.0,7.149999999999993,0.004766666666666662,286129.0,0.8021556710434804,0.0,0.2536959825008232,0.26485243729555047,0.4368637240354618,0.0,0.0,0.1460200491139652,1,-1,0.0,0.0,0.0,0.0339015516756814,0.0,0.0,0.0,0.0,0.0011493152060188,0.0,0.26485243729555047,0.26485243729555047,0.26485243729555047,0.26485243729555047,0.2029385876311289,50.0,50.0,50.0,26.246719160104988,0.0,16.287937335001743,16.784807492503887,17.174851839097528,17.48601737216677,42.291881690591936,7.149999999999993,7.149999999999993,7.149999999999993,13.614285714285709,6.464285714285714,0.09939395147689203,0.11305791357006455,0.12388223492040266,0.13958905822548143,0.11922455734756465,0.0,0.0,0.0,0.0339015516756814,1,7,3,2025,0,0,8,0,1,0,0,0,1,0,0.029996475444953534,0,-0.05690034580320654,-0.08833700094309965,0.26485243729555047,0.0,0.0,0.6766351534367471
2025-07-09,1500.0,1500.0,1500.0,1500.0,56900.0,0.0,0.0,0.0,0.0,0.0,0.0,0.2648524372955508,NESTLE,1500.0,1497.6785123403465,1485.0,1494.4580408361167,1490.0,1490.0373348472704,1420.0720000000001,1405.3262805964519,0.006711409395973154,0.056284470083206965,15.083545385678235,21.445172169484792,-6.361626783806557,1490.0,1531.0391340834062,1448.9608659165938,0.05508608601799493,0.6218349293101119,50.0,7.149999999999993,0.004766666666666662,285518.5,0.19928656111600473,0.0,0.1701844387471316,0.26485243729555047,0.4368637240354618,0.0,0.0,0.1439103635828568,1,-1,0.0,0.0,0.0,0.0,-0.0339015516756813,0.0,0.0,0.0,0.0,0.0011493152060188,0.26485243729555047,0.26485243729555047,0.26485243729555047,0.26485243729555047,0.22933070905314384,50.0,50.0,50.0,50.0,0.0,15.713034079579757,16.287937335001743,16.784807492503887,17.422874232908498,34.218931177952754,7.149999999999993,7.149999999999993,7.149999999999993,7.149999999999993,10.042857142857136,0.08143704949624563,0.09939395147689203,0.11305791357006455,0.13258662154907364,0.13011707124430105,0.0,0.0,0.0,0.0,2,7,3,2025,0,0,9,0,0,1,0,0,1,0,0.029996475444953534,0,-0.05690034580320654,-0.08833700094309965,0.26485243729555047,0.0,0.0,0.6766351534367471
2025-07-10,1500.0,1500.0,1500.0,1500.0,11190.0,0.0,0.0,0.0,0.0,0.0,0.0,0.2648524372955508,NESTLE,1500.0,1498.4523415602312,1490.0,1495.4656697750045,1490.0,1490.9861600999113,1428.0720000000001,1409.0389754750224,0.006711409395973154,0.05036720837604818,14.418463982927278,20.03983053217329,-5.621366549246012,1490.0,1531.0391340834062,1448.9608659165938,0.05508608601799493,0.6218349293101119,50.0,7.149999999999993,0.004766666666666662,263497.0,0.04246727666728654,0.0,0.1701844387471316,0.26485243729555047,0.4368637240354618,0.0,0.0,0.14067121382213055,1,-1,0.0,0.0,0.0,0.0,0.0,0.0,0.0,0.0,0.0,0.0,0.26485243729555047,0.26485243729555047,0.26485243729555047,0.26485243729555047,0.22933070905314384,50.0,50.0,50.0,50.0,0.0,15.083545385678235,15.713034079579757,16.287937335001743,17.174851839097528,27.504010620438066,7.149999999999993,7.149999999999993,7.149999999999993,7.149999999999993,10.042857142857136,0.05508608601799493,0.08143704949624563,0.09939395147689203,0.12388223492040266,0.13780704248860928,0.0,0.0,0.0,0.0,3,7,3,2025,0,0,10,0,0,0,1,0,1,0,0.029996475444953534,0,-0.05690034580320654,-0.08833700094309965,0.1701844387471312,0.0,0.0,0.7939944240316973
2025-07-11,1500.0,1500.0,1500.0,1500.0,21340.0,0.0,0.0,0.0,0.0,0.0,0.0,0.1701844387471318,NESTLE,1500.0,1498.968227706821,1495.0,1496.2900934522763,1490.0,1491.844621042777,1436.0720000000001,1412.6060744760018,0.006711409395973154,0.044515873855906864,13.733075829969266,18.778479591732484,-5.045403761763218,1490.0,1531.0391340834062,1448.9608659165938,0.05508608601799493,0.6218349293101119,50.0,7.149999999999993,0.004766666666666662,261751.0,0.08152786426794931,0.0,0.1701844387471316,0.1701844387471312,0.4368637240354618,0.0,0.0,0.1359742520241868,0,-1,0.0,0.0,0.0,0.0,0.0,0.0,0.0,0.0,0.0,0.0,0.26485243729555047,0.26485243729555047,0.26485243729555047,0.26485243729555047,0.22933070905314384,50.0,50.0,50.0,50.0,0.0,14.418463982927278,15.083545385678235,15.713034079579757,16.784807492503887,21.929596957195145,7.149999999999993,7.149999999999993,7.149999999999993,7.149999999999993,10.042857142857136,0.05508608601799493,0.05508608601799493,0.08143704949624563,0.11305791357006455,0.14274809392553148,0.0,0.0,0.0,0.0,4,7,3,2025,0,0,11,0,0,0,0,1,1,0,0.029996475444953534,0,-0.05690034580320654,-0.08833700094309965,0.1701844387471312,0.0,0.0,0.7718609482965684
2025-07-14,1500.0,1500.0,1500.0,1500.0,27330.0,0.0,0.0,0.0,0.0,0.0,0.0,0.1701844387471318,NESTLE,1500.0,1499.3121518045473,1500.0,1496.9646219154988,1490.0,1492.6213238006078,1444.0720000000001,1416.0332872416488,0.006711409395973154,0.03872937083469514,13.039588521185124,17.630701377623012,-4.5911128564378885,1490.0,1531.0391340834062,1448.9608659165938,0.05508608601799493,0.6218349293101119,50.0,7.149999999999993,0.004766666666666662,262702.5,0.10403403089045593,0.0,0.1701844387471316,0.1701844387471312,0.4368637240354618,0.0,0.0,0.12809542267351487,0,-1,0.0,0.0,0.0,0.0,0.0,0.0,0.0,0.0,0.0,0.0,0.1701844387471312,0.26485243729555047,0.26485243729555047,0.26485243729555047,0.22933070905314384,50.0,50.0,50.0,50.0,0.0,13.733075829969266,14.418463982927278,15.083545385678235,16.287937335001743,17.312268908133774,7.149999999999993,7.149999999999993,7.149999999999993,7.149999999999993,10.042857142857136,0.05508608601799493,0.05508608601799493,0.05508608601799493,0.09939395147689203,0.14515572871787388,0.0,0.0,0.0,0.0,0,7,3,2025,0,0,14,1,0,0,0,0,1,0,0.029996475444953534,0,-0.05690034580320654,-0.08833700094309965,0.37144462263393846,0.0090840303743327,0.0953101798043249,0.722776495707156
2025-07-30,1890.0,1890.0,1890.0,1890.0,97790.0,0.0,0.0,0.0,0.0,0.0,0.0,0.439801405252601,NESTLE,1890.0,1878.2106458867256,1845.5,1824.920128428459,1680.25,1730.6743563571365,1584.152,1565.8720118164501,0.12483261419431632,0.19306733192269426,112.89606596038834,92.06502653017822,20.831039430210126,1680.25,2041.3954729490306,1319.1045270509694,0.42987111792772575,0.7903954440951868,100.0,27.857142857142858,0.01473922902494331,170957.5,0.5720135121302078,0.0,0.4304709275055526,0.4398014052526005,0.46297469161081606,0.0,0.0,0.10587806084388775,1,-1,0.0,0.0,0.0,0.0213911899813175,0.0953101798043249,0.0,0.0,0.0,0.0004575830088168,0.0090840303743327,0.4398014052526005,0.4398014052526005,0.4398014052526005,0.4669028720439901,0.37144462263393846,100.0,100.0,100.0,100.0,100.0,113.04186650907491,111.583715696539,108.09954915840717,92.91235723353611,24.313470675030203,27.857142857142858,27.857142857142858,27.857142857142858,27.857142857142858,14.285714285714286,0.4281581787879723,0.4274185796505613,0.41918271135396706,0.3749598101783464,0.11026082771043705,0.0,0.0,0.0,0.0213911899813175,2,7,3,2025,0,0,30,0,0,1,0,0,1,0,0.029996475444953534,0,0.0,-0.05690034580320654,0.43478218538855806,0.0,0.0,0.0
2025-07-31,1890.0,1890.0,1890.0,1890.0,58640.0,0.0,0.0,0.0,0.0,0.0,0.0,0.4347821853885586,NESTLE,1890.0,1882.1404305911506,1869.5,1836.7528323505571,1699.75,1745.8482271802663,1595.332,1578.5829133138443,0.1119282247389322,0.184706380866177,111.49526990702566,95.95107520554771,15.544194701477949,1699.75,2062.030423516311,1337.4695764836886,0.42627495045307995,0.7625728408858314,100.0,27.857142857142858,0.01473922902494331,173233.5,0.3385026568186869,0.0,0.4304709275055526,0.43478218538855806,0.46297469161081606,0.0,0.0,0.10574310897645825,1,-1,0.0,0.0,0.0,0.0,0.0,0.0,0.0,0.0,0.0,0.0,0.4398014052526005,0.4398014052526005,0.4398014052526005,0.4669028720439901,0.37144462263393846,100.0,100.0,100.0,100.0,100.0,112.89606596038834,113.04186650907491,111.583715696539,102.08012860743293,32.86920773943825,27.857142857142858,27.857142857142858,27.857142857142858,27.857142857142858,14.285714285714286,0.42987111792772575,0.4281581787879723,0.4274185796505613,0.40233604207140683,0.14234589325283664,0.0,0.0,0.0,0.0,3,7,3,2025,0,1,31,0,0,0,1,0,1,0,0.029996475444953534,0,0.0,-0.05690034580320654,0.43478218538855806,0.0,0.0,0.0
2025-08-01,1890.0,1890.0,1890.0,1890.0,25270.0,0.0,0.0,0.0,0.0,0.0,0.0,0.4347821853885586,NESTLE,1890.0,1884.7602870607673,1878.5,1846.4341355595466,1719.25,1759.5769674488124,1606.5120000000002,1590.7953480858503,0.09931656245455868,0.17646180047207852,109.12717875516569,98.58629591547131,10.540882839694376,1719.25,2078.2291813344877,1360.2708186655123,0.4175997456268579,0.7378271622399454,100.0,27.857142857142858,0.01473922902494331,170644.5,0.14808564002941788,0.0,0.1352412910393847,0.43478218538855806,0.46297469161081606,0.0,0.0,0.10495494792535694,1,-1,0.0,0.0,0.0,0.0,0.0870113769896296,0.0,0.0,0.0,0.0,0.0075709797256314,0.43478218538855806,0.4398014052526005,0.4398014052526005,0.4398014052526005,0.4678367027159819,100.0,100.0,100.0,100.0,100.0,111.49526990702566,112.89606596038834,113.04186650907491,108.09954915840717,51.16365463902366,27.857142857142858,27.857142857142858,27.857142857142858,27.857142857142858,25.0,0.42627495045307995,0.42987111792772575,0.4281581787879723,0.41918271135396706,0.2234600473655752,0.0,0.0,0.0,0.0,4,8,3,2025,1,0,1,0,0,0,0,1,1,0,0.029996475444953534,0,0.0,-0.05690034580320654,0.43478218538855806,0.0,0.0,0.0
2025-08-04,1890.0,1890.0,1890.0,1890.0,16190.000000000002,0.0,0.0,0.0,0.0,0.0,0.0,0.4347821853885586,NESTLE,1890.0,1886.5068580405116,1886.0,1854.3552018214473,1738.75,1771.9982086441637,1615.03,1602.5288638471893,0.08698777857656362,0.17025689925264548,106.02822211191165,100.07468115475939,5.953540957152256,1738.75,2089.866639789176,1387.6333602108239,0.4038724828631789,0.7153842667365697,100.0,27.857142857142858,0.01473922902494331,168211.5,0.09624787841497164,0.0,0.13578087709429082,0.43478218538855806,0.46297469161081606,0.0,0.0,0.10349865584674893,1,-1,0.0,0.0,0.0,0.0,0.008298802814695,0.0,0.0,0.0,0.0,6.887012815719072e-05,0.43478218538855806,0.43478218538855806,0.4398014052526005,0.4398014052526005,0.466778278380225,100.0,100.0,100.0,100.0,100.0,109.12717875516569,111.49526990702566,112.89606596038834,111.583715696539,66.11043036218575,27.857142857142858,27.857142857142858,27.857142857142858,27.857142857142858,26.071428571428573,0.4175997456268579,0.42627495045307995,0.42987111792772575,0.4274185796505613,0.27941586590821155,0.0,0.0,0.0,0.0,0,8,3,2025,0,0,4,1,0,0,0,0,1,0,0.029996475444953534,0,0.0,-0.05690034580320654,0.43478218538855806,0.0,0.0,0.0
2025-08-05,1890.0,1890.0,1890.0,1890.0,23240.0,0.0,0.0,0.0,0.0,0.0,0.0,0.4347821853885586,NESTLE,1890.0,1887.6712386936745,1890.0,1860.8360742175478,1758.25,1783.2364744875767,1621.02,1613.8022417355348,0.07493246125408787,0.16593256098012363,102.3919658003947,100.53813808388645,1.853827716508249,1758.25,2096.6249866330954,1419.8750133669046,0.3848997430776004,0.6946804657621728,100.0,17.142857142857142,0.009070294784580499,128419.0,0.18097010566972177,0.0,0.10738292146418707,0.43478218538855806,0.46297469161081606,0.0,0.0,0.10134543453069453,1,-1,0.0,0.0,0.0,0.0,0.0191001713734194,0.0,0.0,0.0,0.0,0.0003648165464939,0.43478218538855806,0.43478218538855806,0.43478218538855806,0.4398014052526005,0.46678764109880744,100.0,100.0,100.0,100.0,100.0,106.02822211191165,109.12717875516569,111.49526990702566,113.04186650907491,79.85949475654706,27.857142857142858,27.857142857142858,27.857142857142858,27.857142857142858,25.0,0.4038724828631789,0.4175997456268579,0.42627495045307995,0.4281581787879723,0.328951830020123,0.0,0.0,0.0,0.0,1,8,3,2025,0,0,5,0,1,0,0,0,1,0,0.029996475444953534,0,0.0,-0.05690034580320654,0.43478218538855806,0.0,0.0,0.0
2025-08-06,1890.0,1890.0,1890.0,1890.0,111050.0,0.0,0.0,0.0,0.0,0.0,0.0,0.4347821853885586,NESTLE,1890.0,1888.4474924624499,1890.0,1866.1386061779936,1777.75,1793.4044292982837,1627.01,1624.633526373357,0.06314161158768106,0.161640063675085,98.37618702868872,100.10574787284692,-1.7295608441582004,1777.75,2097.9222398302118,1457.577760169788,0.36019939792458094,0.6752962718746737,100.0,17.142857142857142,0.009070294784580499,122495.5,0.906563914592781,0.0,0.0,0.43478218538855806,0.46297469161081606,0.0,0.0,0.09844956631904955,1,-1,0.0,0.0,0.0,0.0,0.0213911899813175,0.0,0.0,0.0,0.0,0.0004575830088168,0.43478218538855806,0.43478218538855806,0.43478218538855806,0.4398014052526005,0.4669028720439901,100.0,100.0,100.0,100.0,100.0,102.3919658003947,106.02822211191165,109.12717875516569,112.89606596038834,92.91235723353611,17.142857142857142,27.857142857142858,27.857142857142858,27.857142857142858,27.857142857142858,0.3848997430776004,0.4038724828631789,0.4175997456268579,0.42987111792772575,0.3749598101783464,0.0,0.0,0.0,0.0,2,8,3,2025,0,0,6,0,0,1,0,0,1,0,0.029996475444953534,0,0.0,-0.05690034580320654,0.43478218538855806,0.0,0.0,0.0
2025-08-07,1890.0,1890.0,1890.0,1890.0,22060.0,0.0,0.0,0.0,0.0,0.0,0.0,0.4347821853885586,NESTLE,1890.0,1888.9649949749667,1890.0,1870.477041418358,1797.25,1802.604007460352,1633.0,1635.0400547508723,0.05160662122687439,0.15737905695039803,94.10882546078597,98.90636339043473,-4.797537929648769,1797.25,2092.7509128136226,1501.7490871863774,0.3288367370300432,0.6569369094614252,100.0,6.428571428571429,0.0034013605442176874,120753.5,0.182686216134522,0.0,0.0,0.43478218538855806,0.42836182761081565,0.0,0.0,0.09474297750580098,1,-1,0.0,0.0,0.0,0.0,0.0,0.0,0.0,0.0,0.0,0.0,0.43478218538855806,0.43478218538855806,0.43478218538855806,0.43478218538855806,0.4669028720439901,100.0,100.0,100.0,100.0,100.0,98.37618702868872,102.3919658003947,106.02822211191165,111.49526990702566,102.08012860743293,17.142857142857142,17.142857142857142,27.857142857142858,27.857142857142858,27.857142857142858,0.36019939792458094,0.3848997430776004,0.4038724828631789,0.42627495045307995,0.40233604207140683,0.0,0.0,0.0,0.0,3,8,3,2025,0,0,7,0,0,0,1,0,1,0,0.029996475444953534,0,0.0,-0.05690034580320654,0.43478218538855806,0.0,0.0,0.0
2025-08-08,1890.0,1890.0,1890.0,1890.0,20360.0,0.0,0.0,0.0,0.0,0.0,0.0,0.4347821853885586,NESTLE,1890.0,1889.3099966499778,1890.0,1874.0266702513836,1816.75,1810.9274353212709,1638.99,1645.0384839763283,0.04031925141048576,0.15314919554115644,89.69298576558253,97.0636878654643,-7.370702099881768,1816.75,2079.2937306932236,1554.2062693067764,0.28902571151036033,0.6395005696890759,100.0,5.357142857142857,0.002834467120181406,121212.0,0.16797016797016798,0.0,0.0,0.43478218538855806,0.42836182761081565,0.0,0.0,0.0901256963078933,1,-1,0.0,0.0,0.0,0.0,0.0,0.0,0.0,0.0,0.0,0.0,0.43478218538855806,0.43478218538855806,0.43478218538855806,0.43478218538855806,0.4398014052526005,100.0,100.0,100.0,100.0,100.0,94.10882546078597,98.37618702868872,102.3919658003947,109.12717875516569,108.09954915840717,6.428571428571429,17.142857142857142,17.142857142857142,27.857142857142858,27.857142857142858,0.3288367370300432,0.36019939792458094,0.3848997430776004,0.4175997456268579,0.41918271135396706,0.0,0.0,0.0,0.0,4,8,3,2025,0,0,8,0,0,0,0,1,1,0,0.029996475444953534,0,0.0,-0.05690034580320654,0.43478218538855806,0.0,0.0,0.0
2025-08-11,1890.0,1890.0,1890.0,1890.0,21950.0,0.0,0.0,0.0,0.0,0.0,0.0,0.4347821853885586,NESTLE,1890.0,1889.539997766652,1890.0,1876.930912023859,1836.25,1818.4581557668641,1644.98,1654.644817938041,0.029271613342409804,0.14895013921141897,85.2111400127526,94.69317829492196,-9.48203828216937,1836.25,2053.8172914658576,1618.6827085341422,0.23696913978582185,0.623525001478531,100.0,2.857142857142857,0.0015117157974300832,121242.5,0.18104212631709177,0.0,0.0,0.43478218538855806,0.42836182761081565,0.0,0.0,0.08444847632351125,1,-1,0.0,0.0,0.0,0.0,0.0,0.0,0.0,0.0,0.0,0.0,0.43478218538855806,0.43478218538855806,0.43478218538855806,0.43478218538855806,0.4398014052526005,100.0,100.0,100.0,100.0,100.0,89.69298576558253,94.10882546078597,98.37618702868872,106.02822211191165,111.583715696539,5.357142857142857,6.428571428571429,17.142857142857142,27.857142857142858,27.857142857142858,0.28902571151036033,0.3288367370300432,0.36019939792458094,0.4038724828631789,0.4274185796505613,0.0,0.0,0.0,0.0,0,8,3,2025,0,0,11,1,0,0,0,0,1,0,0.029996475444953534,0,0.0,-0.05690034580320654,0.43478218538855806,0.0,0.0,0.0
2025-09-12,1870.0,1870.0,1870.0,1870.0,25920.0,0.0,0.0,0.0,0.0,0.0,0.0,0.0368524924046122,NESTLE,1870.0,1870.2311794104764,1870.0,1872.0704166017624,1879.0,1869.492365223407,1809.5,1789.0979585181556,-0.004789781798829164,0.03343465045592705,12.533203654141289,20.687145783051005,-8.153942128909716,1879.0,1899.4167114213617,1858.5832885786383,0.021731465057330174,0.27959231988302885,0.0,1.4285714285714286,0.0007639419404125286,106466.0,0.24345800537260723,0.0,0.0,0.03685249240461204,0.27925602933945287,0.0,0.0,0.08690385080025514,0,-1,0.0,0.0,0.0,0.0,-0.0106383982050557,0.0,0.0,0.0,0.0,0.0001131755163693,0.03685249240461204,0.03685249240461204,0.03685249240461204,0.03685249240461204,0.03685249240461204,0.0,0.0,0.0,0.0,0.0,13.809972695451052,15.238721941698259,16.8406713877564,20.666343824424303,35.555076938406046,1.4285714285714286,1.4285714285714286,1.4285714285714286,1.4285714285714286,1.4285714285714286,0.021829326640109694,0.021708358768061348,0.021365555364507273,0.019964430827245392,0.009469848501851867,0.0,0.0,0.0,0.0,4,9,3,2025,0,0,12,0,0,0,0,1,1,0,0.029996475444953534,0,-0.010582010582010581,-0.010582010582010581,0.03685249240461204,0.0,0.0,0.0
2025-09-15,1870.0,1870.0,1870.0,1870.0,183170.0,0.0,0.0,0.0,0.0,0.0,0.0,0.0368524924046122,NESTLE,1870.0,1870.1541196069843,1870.0,1871.6939772196238,1878.0,1869.5407113926062,1816.9,1792.270587595875,-0.004259850905218318,0.0292256040508558,11.390057497512089,18.827728125943224,-7.437670628431135,1878.0,1898.1049875980013,1857.8950124019987,0.021411062404687268,0.30104439356144425,0.0,1.4285714285714286,0.0007639419404125286,111733.5,1.6393471966778093,0.0,0.0,0.03685249240461204,0.27925602933945287,0.0,0.0,0.06590068288857011,0,-1,0.0,0.0,0.0,0.0,0.0,0.0,0.0,0.0,0.0,0.0,0.03685249240461204,0.03685249240461204,0.03685249240461204,0.03685249240461204,0.03685249240461204,0.0,0.0,0.0,0.0,0.0,12.533203654141289,13.809972695451052,15.238721941698259,18.640386187812283,31.779905467850995,1.4285714285714286,1.4285714285714286,1.4285714285714286,1.4285714285714286,1.4285714285714286,0.021731465057330174,0.021829326640109694,0.021708358768061348,0.020790673815383586,0.013042097695997693,0.0,0.0,0.0,0.0,0,9,3,2025,0,0,15,1,0,0,0,0,1,0,0.029996475444953534,0,-0.010582010582010581,-0.010582010582010581,0.03685249240461204,0.0,0.0,0.0
2025-09-16,1870.0,1870.0,1870.0,1870.0,9960.0,0.0,0.0,0.0,0.0,0.0,0.0,0.0368524924046122,NESTLE,1870.0,1870.1027464046563,1870.0,1871.3859813615102,1877.0,1869.584453164739,1824.3,1795.318799847017,-0.0037293553542887587,0.025050704379762125,10.364628941777255,17.135108289110033,-6.770479347332778,1877.0,1896.5744193971836,1857.4255806028164,0.020857133081708733,0.3211952074295712,0.0,1.4285714285714286,0.0007639419404125286,109819.0,0.09069468853294967,0.0,0.0,0.03685249240461204,0.27925602933945287,0.0,0.0,0.02793754026171234,0,-1,0.0,0.0,0.0,0.0,0.0,0.0,0.0,0.0,0.0,0.0,0.03685249240461204,0.03685249240461204,0.03685249240461204,0.03685249240461204,0.03685249240461204,0.0,0.0,0.0,0.0,0.0,11.390057497512089,12.533203654141289,13.809972695451052,16.8406713877564,28.459985877326517,1.4285714285714286,1.4285714285714286,1.4285714285714286,1.4285714285714286,1.4285714285714286,0.021411062404687268,0.021731465057330174,0.021829326640109694,0.021365555364507273,0.01553142760074298,0.0,0.0,0.0,0.0,1,9,3,2025,0,0,16,0,1,0,0,0,1,0,0.029996475444953534,0,-0.010582010582010581,-0.010582010582010581,0.03685249240461204,0.0,0.0,0.0
2025-09-17,1870.0,1870.0,1870.0,1870.0,6540.0,0.0,0.0,0.0,0.0,0.0,0.0,0.0368524924046122,NESTLE,1870.0,1870.0684976031043,1870.0,1871.1339847503264,1876.0,1869.6240290538115,1831.7,1798.2474743628204,-0.0031982942430703624,0.02090953758803295,9.443115071138209,15.596709645515668,-6.153594574377459,1876.0,1894.8064938392652,1857.1935061607348,0.020049566992819998,0.340480632613377,0.0,1.4285714285714286,0.0007639419404125286,108318.5,0.06037749784201221,0.0,0.0,0.03685249240461204,0.27925602933945287,0.0,0.0,0.023891630585358342,0,-1,0.0,0.0,0.0,0.0,0.0,0.0,0.0,0.0,0.0,0.0,0.03685249240461204,0.03685249240461204,0.03685249240461204,0.03685249240461204,0.03685249240461204,0.0,0.0,0.0,0.0,0.0,10.364628941777255,11.390057497512089,12.533203654141289,15.238721941698259,25.534578951675712,1.4285714285714286,1.4285714285714286,1.4285714285714286,1.4285714285714286,1.4285714285714286,0.020857133081708733,0.021411062404687268,0.021731465057330174,0.021708358768061348,0.017407904171116203,0.0,0.0,0.0,0.0,2,9,3,2025,0,0,17,0,0,1,0,0,1,0,0.029996475444953534,0,-0.010582010582010581,-0.010582010582010581,0.03685249240461204,0.0,0.0,0.0
2025-10-29,1915.0,1915.0,1915.0,1915.0,20480.0,0.0,0.0,0.0,0.0,0.0,0.0,0.0567969210400432,NESTLE,1915.0,1914.3525834189747,1915.0,1909.5161530602968,1893.65,1899.2437573715113,1882.26,1862.9518315003818,0.011274522747075704,0.01739398382795151,13.105063048100874,11.692700160894146,1.4123628872067275,1893.65,1938.5886716595662,1848.711328340434,0.04746248954090368,0.7375459622142071,100.0,3.2142857142857144,0.001678478179783663,250990.5,0.08159671381984578,0.0,0.05800438668477698,0.05679692104004292,0.039986431696464715,0.0,0.0,0.02856111020554705,0,-1,0.0,0.0,0.0,0.0,0.0122244413606904,0.0,0.0,0.0,0.0,0.0001494369665809,0.05679692104004292,0.05679692104004292,0.05679692104004292,0.05679692104004292,0.04234670706172439,100.0,100.0,100.0,100.0,100.0,13.36051265169499,13.492224507166611,13.464086191682782,12.744055056888556,3.713153114773604,3.2142857142857144,3.2142857142857144,3.2142857142857144,3.2142857142857144,1.6428571428571428,0.047524523306696126,0.04708198225686917,0.04611663660354087,0.04243962129849162,0.010994214997727658,0.0,0.0,0.0,0.0,2,10,4,2025,0,0,29,0,0,1,0,0,1,0,0.029996475444953534,0,0.0,-0.010582010582010581,0.05679692104004292,0.0,0.0,0.7212615700944922
2025-10-30,1915.0,1915.0,1915.0,1915.0,71470.0,0.0,0.0,0.0,0.0,0.0,0.0,0.0567969210400432,NESTLE,1915.0,1914.5683889459833,1915.0,1910.5132161402428,1895.9,1900.7443519075578,1882.76,1864.9929361474256,0.01007437101112923,0.017123796978903316,12.755579021944413,11.9052759331042,0.8503030888402137,1895.9,1940.356483749487,1851.443516250513,0.046897498548960394,0.7148168094853016,100.0,3.2142857142857144,0.001678478179783663,254120.0,0.2812450810640642,0.0,0.0,0.05679692104004292,0.039986431696464715,0.0,0.0,0.028359898819344323,0,-1,0.0,0.0,0.0,0.0,0.0115547504054234,0.0,0.0,0.0,0.0,0.0001335122569316,0.05679692104004292,0.05679692104004292,0.05679692104004292,0.05679692104004292,0.05679692104004292,100.0,100.0,100.0,100.0,100.0,13.105063048100874,13.36051265169499,13.492224507166611,13.232330215313596,6.74013486695867,3.2142857142857144,3.2142857142857144,3.2142857142857144,3.2142857142857144,3.2142857142857144,0.04746248954090368,0.047524523306696126,0.04708198225686917,0.04459068585163296,0.023607966685643585,0.0,0.0,0.0,0.0,3,10,4,2025,0,0,30,0,0,0,1,0,1,0,0.029996475444953534,0,0.0,-0.010582010582010581,0.05679692104004292,0.0,0.0,0.7212615700944922
2025-10-31,1915.0,1915.0,1915.0,1915.0,10060.0,0.0,0.0,0.0,0.0,0.0,0.0,0.0567969210400432,NESTLE,1915.0,1914.7122592973224,1915.0,1911.328995023835,1898.15,1902.1020326782664,1883.26,1866.9539974749775,0.008877064510180917,0.016853753597485217,12.336404026842956,11.991501551851952,0.3449024749910041,1898.15,1941.6315145235667,1854.6684854764335,0.045814624264222115,0.6937605001185889,100.0,3.2142857142857144,0.001678478179783663,254112.0,0.0395888427150233,0.0,0.0,0.05679692104004292,0.039986431696464715,0.0,0.0,0.027883136907816176,0,-1,0.0,0.0,0.0,0.0,0.0,0.0,0.0,0.0,0.0,0.0,0.05679692104004292,0.05679692104004292,0.05679692104004292,0.05679692104004292,0.05679692104004292,100.0,100.0,100.0,100.0,100.0,12.755579021944413,13.105063048100874,13.36051265169499,13.464086191682782,9.034891113064532,3.2142857142857144,3.2142857142857144,3.2142857142857144,3.2142857142857144,3.2142857142857144,0.046897498548960394,0.04746248954090368,0.047524523306696126,0.04611663660354087,0.03071212103786693,0.0,0.0,0.0,0.0,4,10,4,2025,0,1,31,0,0,0,0,1,1,0,0.029996475444953534,0,0.0,-0.010582010582010581,0.05679692104004292,0.0,0.0,0.7212615700944922
2025-11-03,1915.0,1915.0,1915.0,1915.0,28920.0,0.0,0.0,0.0,0.0,0.0,0.0,0.0567969210400432,NESTLE,1915.0,1914.8081728648817,1915.0,1911.9964504740467,1900.4,1903.3304105184313,1883.76,1868.838154436743,0.007682593138286628,0.016583853569456835,11.867404768266624,11.966682195134887,-0.09927742686826235,1900.4,1942.3794435910067,1858.4205564089934,0.04417958702484388,0.6738946345054427,100.0,3.2142857142857144,0.001678478179783663,253976.0,0.11386902699467666,0.0,0.0,0.05679692104004292,0.039986431696464715,0.0,0.0,0.027116294077604384,0,-1,0.0,0.0,0.0,0.0,0.0,0.0,0.0,0.0,0.0,0.0,0.05679692104004292,0.05679692104004292,0.05679692104004292,0.05679692104004292,0.05679692104004292,100.0,100.0,100.0,100.0,100.0,12.336404026842956,12.755579021944413,13.105063048100874,13.492224507166611,10.729815338782373,3.2142857142857144,3.2142857142857144,3.2142857142857144,3.2142857142857144,3.2142857142857144,0.045814624264222115,0.046897498548960394,0.04746248954090368,0.04708198225686917,0.035762091034390514,0.0,0.0,0.0,0.0,0,11,4,2025,0,0,3,1,0,0,0,0,1,0,0.029996475444953534,0,0.0,-0.010582010582010581,0.3605363087942235,0.0103217907241105,0.1015962141229217,0.7212615700944922
2025-11-11,1730.0,1730.0,1730.0,1730.0,39690.0,0.0,0.0,0.0,0.0,0.0,0.0,0.3605363087942239,NESTLE,1730.0,1746.2245858207857,1804.0,1784.5961305517433,1858.4,1825.0781237609115,1865.36,1839.2104648292088,-0.06909169177787348,-0.07256508127117549,-39.961669684113986,-18.681243939245064,-21.28042574486892,1858.4,2031.156476000178,1685.6435239998223,0.18591958243669587,0.12837862008753895,0.0,13.214285714285714,0.007638315441783649,167228.5,0.2373399271057266,0.0,0.5100089472230718,0.3605363087942235,0.20750504273775347,0.0,0.0,0.14334378146676496,1,-1,0.0,0.0,0.0,-0.1015962141229217,0.0,0.0,0.0,0.0,0.0103217907241105,0.0,0.3605363087942235,0.3605363087942235,0.3605363087942235,0.3605363087942235,0.05679692104004292,0.0,0.0,0.0,10.62801932367151,100.0,-36.42149775522171,-31.373183798632454,-24.47336222060585,-3.3931206311112874,13.36051265169499,13.214285714285714,13.214285714285714,13.214285714285714,14.785714285714286,3.2142857142857144,0.1735302390649805,0.15891542962566077,0.1414199835040764,0.09132130752535153,0.047524523306696126,0.0,0.0,0.0,0.1015962141229217,1,11,4,2025,0,0,11,0,1,0,0,0,-1,0,0.029996475444953534,0,-0.09660574412532637,-0.09660574412532637,0.3605363087942235,0.0,0.0,0.0
2025-11-12,1730.0,1730.0,1730.0,1730.0,57880.0,0.0,0.0,0.0,0.0,0.0,0.0,0.3605363087942239,NESTLE,1730.0,1740.8163905471906,1785.5,1774.669561360517,1850.25,1816.0230643551104,1862.56,1834.9277015025732,-0.06499121740305364,-0.0711708616098273,-42.27990501661793,-23.400976154719636,-18.878928861898295,1850.25,2031.3133794239493,1669.1866205760507,0.1957177456278333,0.16793395665491898,0.0,13.214285714285714,0.007638315441783649,154874.0,0.3737231555974534,0.0,0.5100089472230718,0.3605363087942235,0.20750504273775347,0.0,0.0,0.1472515655807787,1,-1,0.0,0.0,0.0,0.0,0.0,0.0,0.0,0.0,0.0,0.0,0.3605363087942235,0.3605363087942235,0.3605363087942235,0.3605363087942235,0.05679692104004292,0.0,0.0,0.0,0.0,100.0,-39.961669684113986,-36.42149775522171,-31.373183798632454,-15.310704683260838,13.105063048100874,13.214285714285714,13.214285714285714,13.214285714285714,13.214285714285714,3.2142857142857144,0.18591958243669587,0.1735302390649805,0.15891542962566077,0.11982669468011528,0.04746248954090368,0.0,0.0,0.0,0.0,2,11,4,2025,0,0,12,0,0,1,0,0,-1,0,0.029996475444953534,0,-0.09660574412532637,-0.09660574412532637,0.35619143511333595,0.0,0.0,0.20227282038679548
2025-11-13,1730.0,1730.0,1730.0,1730.0,12830.0,0.0,0.0,0.0,0.0,0.0,0.0,0.3561914351133363,NESTLE,1730.0,1737.2109270314604,1767.0,1766.547822931332,1841.0,1807.8303915593856,1859.76,1830.8128896789428,-0.060293318848451925,-0.06977244375618359,-43.614363980640974,-27.443653719903907,-16.170710260737067,1841.0,2026.971135281513,1655.028864718487,0.20203273794841167,0.20156659034216717,0.0,13.214285714285714,0.007638315441783649,120789.0,0.10621828146602753,0.0,0.5100089472230718,0.35619143511333595,0.20750504273775347,0.0,0.0,0.15087725338596872,1,-1,0.0,0.0,0.0,0.0,0.0,0.0,0.0,0.0,0.0,0.0,0.3605363087942235,0.3605363087942235,0.3605363087942235,0.3605363087942235,0.05679692104004292,0.0,0.0,0.0,0.0,100.0,-42.27990501661793,-39.961669684113986,-36.42149775522171,-24.47336222060585,12.755579021944413,13.214285714285714,13.214285714285714,13.214285714285714,13.214285714285714,3.2142857142857144,0.1957177456278333,0.18591958243669587,0.1735302390649805,0.1414199835040764,0.046897498548960394,0.0,0.0,0.0,0.0,3,11,4,2025,0,0,13,0,0,0,1,0,-1,0,0.029996475444953534,0,-0.09660574412532637,-0.09660574412532637,0.3519396094350942,0.0,0.0,0.20227282038679548
2025-11-14,1730.0,1730.0,1730.0,1730.0,32630.000000000004,0.0,0.0,0.0,0.0,0.0,0.0,0.3519396094350945,NESTLE,1730.0,1734.8072846876403,1748.5,1759.902764216544,1831.75,1800.4179733156348,1856.96,1826.8594430248666,-0.055547973249624676,-0.06836980871962779,-44.16285047404199,-30.78749307073152,-13.375357403310467,1831.75,2020.604580647595,1642.895419352405,0.2062012617962003,0.23061283541258978,0.0,13.214285714285714,0.007638315441783649,114996.5,0.2837477662363638,0.0,0.5100089472230718,0.3519396094350942,0.20750504273775347,0.0,0.0,0.15330690228917118,1,-1,0.0,0.0,0.0,0.0,0.0,0.0,0.0,0.0,0.0,0.0,0.35619143511333595,0.3605363087942235,0.3605363087942235,0.3605363087942235,0.05679692104004292,0.0,0.0,0.0,0.0,100.0,-43.614363980640974,-42.27990501661793,-39.961669684113986,-31.373183798632454,12.336404026842956,13.214285714285714,13.214285714285714,13.214285714285714,13.214285714285714,3.2142857142857144,0.20203273794841167,0.1957177456278333,0.18591958243669587,0.15891542962566077,0.045814624264222115,0.0,0.0,0.0,0.0,4,11,4,2025,0,0,14,0,0,0,0,1,-1,0,0.029996475444953534,0,-0.09660574412532637,-0.09660574412532637,0.3519396094350942,0.0,0.0,0.20227282038679548
2025-11-17,1730.0,1730.0,1730.0,1730.0,24630.0,0.0,0.0,0.0,0.0,0.0,0.0,0.3519396094350945,NESTLE,1730.0,1733.204856458427,1730.0,1754.465897995354,1822.5,1793.7114996665268,1854.16,1823.0610334944795,-0.05075445816186557,-0.06696293739483113,-44.08929601190266,-33.447853658965755,-10.641442352936906,1822.5,2012.3059951357536,1632.6940048642464,0.20829190138354306,0.25633014137977606,0.0,13.214285714285714,0.007638315441783649,109456.5,0.22502089871318742,0.0,0.5100089472230718,0.3519396094350942,0.20750504273775347,0.0,0.0,0.15436081511966976,1,-1,0.0,0.0,0.0,0.0,0.0,0.0,0.0,0.0,0.0,0.0,0.3519396094350942,0.35619143511333595,0.3605363087942235,0.3605363087942235,0.05679692104004292,0.0,0.0,0.0,0.0,100.0,-44.16285047404199,-43.614363980640974,-42.27990501661793,-36.42149775522171,11.867404768266624,13.214285714285714,13.214285714285714,13.214285714285714,13.214285714285714,3.2142857142857144,0.2062012617962003,0.20203273794841167,0.1957177456278333,0.1735302390649805,0.04417958702484388,0.0,0.0,0.0,0.0,0,11,4,2025,0,0,17,1,0,0,0,0,-1,0,0.029996475444953534,0,-0.09660574412532637,-0.09660574412532637,0.3519396094350942,0.0,0.0,0.20227282038679548
2025-11-18,1730.0,1730.0,1730.0,1730.0,16059.999999999998,0.0,0.0,0.0,0.0,0.0,0.0,0.3519396094350945,NESTLE,1730.0,1732.136570972285,1730.0,1750.0175529052894,1813.25,1787.6437377935245,1851.36,1819.4115812005782,-0.04591203639873156,-0.06555181056088492,-43.52922575225648,-35.4641280776239,-8.065097674632582,1813.25,2002.104580647595,1624.395419352405,0.20830506620443398,0.279592319883028,0.0,13.214285714285714,0.007638315441783649,84598.5,0.1898378812863112,0.0,0.0,0.3519396094350942,0.20750504273775347,0.0,0.0,0.15406722706018947,1,-1,0.0,0.0,0.0,0.0,-0.1015962141229217,0.0,0.0,0.0,0.0,0.0103217907241105,0.3519396094350942,0.3519396094350942,0.35619143511333595,0.3605363087942235,0.3605363087942235,0.0,0.0,0.0,0.0,10.62801932367151,-44.08929601190266,-44.16285047404199,-43.614363980640974,-39.961669684113986,-3.3931206311112874,13.214285714285714,13.214285714285714,13.214285714285714,13.214285714285714,14.785714285714286,0.20829190138354306,0.2062012617962003,0.20203273794841167,0.18591958243669587,0.09132130752535153,0.0,0.0,0.0,0.0,1,11,4,2025,0,0,18,0,1,0,0,0,-1,0,0.029996475444953534,0,-0.09660574412532637,-0.09660574412532637,0.37023856773590463,0.0008117915449847,0.0284919557943062,0.20227282038679548
2025-11-26,1780.0,1780.0,1780.0,1780.0,157440.0,0.0,0.0,0.0,0.0,0.0,0.0,0.3702385677359049,NESTLE,1780.0,1775.7979980003106,1760.0,1771.005727905242,1772.75,1784.1928721322183,1840.56,1811.0012555268465,0.004089691157805669,-0.032903029512756955,-21.826043911719353,-29.51884154260535,7.692797630885998,1772.75,1903.4354399331705,1642.0645600668295,0.14743809328238108,0.5277383616863037,100.0,3.5714285714285716,0.0020064205457463887,137757.5,1.1428778832368474,0.0,0.1430284829452316,0.37023856773590463,0.21594143836647667,0.0,0.0,0.12303572102471587,1,-1,0.0,0.0,0.0,0.0284919557943062,0.0,0.0,0.0,0.0,0.0008117915449847,0.0,0.37023856773590463,0.37023856773590463,0.37023856773590463,0.37023856773590463,0.3605363087942235,100.0,100.0,21.276595744680847,21.276595744680847,0.0,-24.368073635293513,-27.25818322959708,-30.5505313557137,-38.60576072544245,-42.27990501661793,3.5714285714285716,3.5714285714285716,16.785714285714285,16.785714285714285,13.214285714285714,0.1633959322475163,0.17635761871612501,0.18697981748603235,0.20271774341788684,0.1957177456278333,0.0,0.0,0.0,0.0284919557943062,2,11,4,2025,0,0,26,0,0,1,0,0,-1,0,0.029996475444953534,0,-0.07049608355091384,-0.09660574412532637,0.37023856773590463,0.0,0.0,0.0
2025-11-27,1780.0,1780.0,1780.0,1780.0,18100.0,0.0,0.0,0.0,0.0,0.0,0.0,0.3702385677359049,NESTLE,1780.0,1777.1986653335405,1765.0,1772.6410501042888,1766.0,1783.793550976769,1838.76,1809.7855200159897,0.007927519818799546,-0.03195631838847919,-19.58569533727541,-27.532212301539364,7.946516964263953,1766.0,1878.4183914528317,1653.5816085471683,0.12731414660569837,0.5622673915676605,100.0,3.5714285714285716,0.0020064205457463887,135089.0,0.13398574273256889,0.0,0.1430284829452316,0.37023856773590463,0.21504815992386164,0.0,0.0,0.10985084091177504,1,-1,0.0,0.0,0.0,0.0,0.0,0.0,0.0,0.0,0.0,0.0,0.37023856773590463,0.37023856773590463,0.37023856773590463,0.37023856773590463,0.35619143511333595,100.0,100.0,100.0,21.276595744680847,0.0,-21.826043911719353,-24.368073635293513,-27.25818322959708,-34.30839341696492,-43.614363980640974,3.5714285714285716,3.5714285714285716,3.5714285714285716,16.785714285714285,13.214285714285714,0.14743809328238108,0.1633959322475163,0.17635761871612501,0.1956742515237676,0.20203273794841167,0.0,0.0,0.0,0.0,3,11,4,2025,0,0,27,0,0,0,1,0,-1,0,0.029996475444953534,0,-0.07049608355091384,-0.09660574412532637,0.37023856773590463,0.0,0.0,0.0
2025-11-28,1780.0,1780.0,1780.0,1780.0,14080.0,0.0,0.0,0.0,0.0,0.0,0.0,0.3702385677359049,NESTLE,1780.0,1778.1324435556937,1770.0,1773.979040994418,1759.25,1783.4322604075528,1836.96,1808.6174604075195,0.011794798919994316,-0.031007751937984517,-17.607237675391616,-25.547217376309817,7.939979700918201,1759.25,1847.643557755255,1670.856442244745,0.10049004718516977,0.6173728070627773,100.0,3.5714285714285716,0.0020064205457463887,135290.0,0.10407273264838494,0.0,0.1430284829452316,0.37023856773590463,0.21504815992386164,0.0,0.0,0.09235144474110718,1,-1,0.0,0.0,0.0,0.0,0.0,0.0,0.0,0.0,0.0,0.0,0.37023856773590463,0.37023856773590463,0.37023856773590463,0.37023856773590463,0.3519396094350942,100.0,100.0,100.0,21.276595744680847,0.0,-19.58569533727541,-21.826043911719353,-24.368073635293513,-30.5505313557137,-44.16285047404199,3.5714285714285716,3.5714285714285716,3.5714285714285716,16.785714285714285,13.214285714285714,0.12731414660569837,0.14743809328238108,0.1633959322475163,0.18697981748603235,0.2062012617962003,0.0,0.0,0.0,0.0,4,11,4,2025,0,0,28,0,0,0,0,1,-1,0,0.029996475444953534,0,-0.07049608355091384,-0.09660574412532637,0.37023856773590463,0.0,0.0,0.0
2025-12-01,1780.0,1780.0,1780.0,1780.0,15580.0,0.0,0.0,0.0,0.0,0.0,0.0,0.3702385677359049,NESTLE,1780.0,1778.7549623704626,1775.0,1775.0737608136146,1752.5,1783.1053784639762,1835.16,1807.495207058205,0.015691868758915834,-0.03005732470193339,-15.856511727472707,-23.609076246542397,7.75256451906969,1752.5,1803.5417785534041,1701.4582214465959,0.05825024656593909,0.7693871645874097,100.0,3.5714285714285716,0.0020064205457463887,134623.0,0.11573059581200835,0.0,0.1430284829452316,0.37023856773590463,0.21504815992386164,0.0,0.0,0.06724979508004995,1,-1,0.0,0.0,0.0,0.0,0.0,0.0,0.0,0.0,0.0,0.0,0.37023856773590463,0.37023856773590463,0.37023856773590463,0.37023856773590463,0.3519396094350942,100.0,100.0,100.0,100.0,0.0,-17.607237675391616,-19.58569533727541,-21.826043911719353,-27.25818322959708,-44.08929601190266,3.5714285714285716,3.5714285714285716,3.5714285714285716,3.5714285714285716,13.214285714285714,0.10049004718516977,0.12731414660569837,0.14743809328238108,0.17635761871612501,0.20829190138354306,0.0,0.0,0.0,0.0,0,12,4,2025,1,0,1,1,0,0,0,0,-1,0,0.029996475444953534,0,-0.07049608355091384,-0.09660574412532637,0.37023856773590463,0.0,0.0,0.0
2025-12-02,1780.0,1780.0,1780.0,1780.0,10340.0,0.0,0.0,0.0,0.0,0.0,0.0,0.3702385677359049,NESTLE,1780.0,1779.169974913642,1780.0,1775.9694406656845,1755.0,1782.8096281340736,1833.36,1806.416963644158,0.014245014245014245,-0.029105031199546137,-14.304159355428283,-21.748092868319578,7.443933512891295,1755.0,1806.298917604258,1703.701082395742,0.05846030496211726,0.7436698586202232,100.0,3.5714285714285716,0.0020064205457463887,91403.5,0.11312477093327936,0.0,0.1430284829452316,0.37023856773590463,0.21504815992386164,0.0,0.0,0.006960174325469106,1,-1,0.0,0.0,0.0,0.0,0.0,0.0,0.0,0.0,0.0,0.0,0.37023856773590463,0.37023856773590463,0.37023856773590463,0.37023856773590463,0.3519396094350942,100.0,100.0,100.0,100.0,0.0,-15.856511727472707,-17.607237675391616,-19.58569533727541,-24.368073635293513,-43.52922575225648,3.5714285714285716,3.5714285714285716,3.5714285714285716,3.5714285714285716,13.214285714285714,0.05825024656593909,0.10049004718516977,0.12731414660569837,0.1633959322475163,0.20830506620443398,0.0,0.0,0.0,0.0,1,12,4,2025,0,0,2,0,1,0,0,0,-1,0,0.029996475444953534,0,-0.07049608355091384,-0.09660574412532637,0.09869903008548951,0.0,0.0,0.0
2025-12-03,1780.0,1780.0,1780.0,1780.0,74810.0,0.0,0.0,0.0,0.0,0.0,0.0,0.0986990300854898,NESTLE,1780.0,1779.446649942428,1780.0,1776.7022696355598,1757.5,1782.5420445022569,1831.56,1805.3810042855634,0.012802275960170697,-0.02815086592849808,-12.924918501485308,-19.983457994952726,7.058539493467418,1757.5,1808.5417785534041,1706.4582214465959,0.05808452751454239,0.7204076801169716,100.0,3.5714285714285716,0.0020064205457463887,92575.0,0.8081015392924655,0.0,0.0,0.09869903008548951,0.21504815992386164,0.0,0.0,0.05827988800351888,0,-1,0.0,0.0,0.0,0.0,0.0284919557943062,0.0,0.0,0.0,0.0,0.0008117915449847,0.37023856773590463,0.37023856773590463,0.37023856773590463,0.37023856773590463,0.37023856773590463,100.0,100.0,100.0,100.0,21.276595744680847,-14.304159355428283,-15.856511727472707,-17.607237675391616,-21.826043911719353,-38.60576072544245,3.5714285714285716,3.5714285714285716,3.5714285714285716,3.5714285714285716,16.785714285714285,0.05846030496211726,0.05825024656593909,0.10049004718516977,0.14743809328238108,0.20271774341788684,0.0,0.0,0.0,0.0,2,12,4,2025,0,0,3,0,0,1,0,0,-1,0,0.029996475444953534,0,-0.07049608355091384,-0.09660574412532637,0.09869903008548951,0.0,0.0,0.0
2025-12-04,1780.0,1780.0,1780.0,1780.0,72230.0,0.0,0.0,0.0,0.0,0.0,0.0,0.0986990300854898,NESTLE,1780.0,1779.6310999616187,1780.0,1777.3018569745486,1760.0,1782.2999450258517,1829.76,1804.3856707841687,0.011363636363636364,-0.027194823364812867,-11.69702417430517,-18.326171230823217,6.629147056518047,1760.0,1810.2624689950035,1709.7375310049965,0.05711644203977667,0.6989556064385554,100.0,3.5714285714285716,0.0020064205457463887,87827.0,0.8224122422489667,0.0,0.0,0.09869903008548951,0.21504815992386164,0.0,0.0,0.08011352180853377,0,-1,0.0,0.0,0.0,0.0,0.0,0.0,0.0,0.0,0.0,0.0,0.09869903008548951,0.37023856773590463,0.37023856773590463,0.37023856773590463,0.37023856773590463,100.0,100.0,100.0,100.0,21.276595744680847,-12.924918501485308,-14.304159355428283,-15.856511727472707,-19.58569533727541,-34.30839341696492,3.5714285714285716,3.5714285714285716,3.5714285714285716,3.5714285714285716,16.785714285714285,0.05808452751454239,0.05846030496211726,0.05825024656593909,0.12731414660569837,0.1956742515237676,0.0,0.0,0.0,0.0,3,12,4,2025,0,0,4,0,0,0,1,0,-1,0,0.029996475444953534,0,-0.07049608355091384,-0.09660574412532637,0.09869903008548951,0.0,0.0,0.0
2025-12-05,1780.0,1780.0,1780.0,1780.0,110100.0,0.0,0.0,0.0,0.0,0.0,0.0,0.0986990300854898,NESTLE,1780.0,1779.7540666410791,1780.0,1777.7924284337214,1762.5,1782.0809026424372,1827.96,1803.4293699691034,0.009929078014184398,-0.026236897962756318,-10.601699283502285,-16.78127684135903,6.179577557856746,1762.5,1811.4360484929593,1713.5639515070407,0.055530267793429046,0.678804792570428,100.0,3.5714285714285716,0.0020064205457463887,92640.5,1.1884650881633843,0.0,0.0,0.09869903008548951,0.21504815992386164,0.0,0.0,0.09546380004604917,0,-1,0.0,0.0,0.0,0.0,0.0,0.0,0.0,0.0,0.0,0.0,0.09869903008548951,0.09869903008548951,0.37023856773590463,0.37023856773590463,0.37023856773590463,100.0,100.0,100.0,100.0,21.276595744680847,-11.69702417430517,-12.924918501485308,-14.304159355428283,-17.607237675391616,-30.5505313557137,3.5714285714285716,3.5714285714285716,3.5714285714285716,3.5714285714285716,16.785714285714285,0.05711644203977667,0.05808452751454239,0.05846030496211726,0.10049004718516977,0.18697981748603235,0.0,0.0,0.0,0.0,4,12,4,2025,0,0,5,0,0,0,0,1,-1,0,0.029996475444953534,0,-0.07049608355091384,-0.09660574412532637,0.09869903008548951,0.0,0.0,0.0
2025-12-08,1780.0,1780.0,1780.0,1780.0,313140.0,0.0,0.0,0.0,0.0,0.0,0.0,0.0986990300854898,NESTLE,1780.0,1779.8360444273862,1780.0,1778.1938050821354,1765.0,1781.8827214383955,1826.16,1802.5105711467857,0.0084985835694051,-0.025277084154729092,-9.62272167066817,-15.34956580722086,5.726844136552689,1765.0,1812.0162345981628,1717.9837654018372,0.053276186513498906,0.6595193673866233,100.0,3.5714285714285716,0.0020064205457463887,107748.5,2.906212151445264,0.0,0.0,0.09869903008548951,0.21504815992386164,0.0,0.0,0.10715422331247436,0,-1,0.0,0.0,0.0,0.0,0.0,0.0,0.0,0.0,0.0,0.0,0.09869903008548951,0.09869903008548951,0.09869903008548951,0.37023856773590463,0.37023856773590463,100.0,100.0,100.0,100.0,100.0,-10.601699283502285,-11.69702417430517,-12.924918501485308,-15.856511727472707,-27.25818322959708,3.5714285714285716,3.5714285714285716,3.5714285714285716,3.5714285714285716,3.5714285714285716,0.055530267793429046,0.05711644203977667,0.05808452751454239,0.05825024656593909,0.17635761871612501,0.0,0.0,0.0,0.0,0,12,4,2025,0,0,8,1,0,0,0,0,-1,0,0.029996475444953534,0,-0.07049608355091384,-0.09660574412532637,0.09869903008548951,0.0,0.0,0.0
2026-01-06,1958.0,1958.0,1958.0,1958.0,17920.0,0.0,0.0,0.0,0.0,0.0,0.0,0.3301641477992318,NESTLE,1958.0,1955.9420275111743,1958.0,1938.3732517369883,1877.9,1899.114061814426,1827.06,1854.3242631298588,0.042654028436018905,0.07166704979584691,46.00800792061159,38.84215809855969,7.1658498220518965,1877.9,2059.6087316501175,1696.1912683498829,0.19352333100816585,0.7204076801169728,100.0,12.714285714285714,0.006493506493506493,70657.0,0.2536195989073977,0.0,0.0,0.3301641477992317,0.2884240568662518,0.0,0.0,0.11845605050986319,1,-1,0.0,0.0,0.0,0.0,0.0953101798043249,0.0,0.0,0.0,0.0,0.0090840303743327,0.3301641477992317,0.3301641477992317,0.3301641477992317,0.3301641477992317,0.3301641477992317,100.0,100.0,100.0,100.0,100.0,46.79302722481361,47.1143714679979,46.83922362612748,43.8226290938519,9.570601381662073,12.714285714285714,12.714285714285714,12.714285714285714,12.714285714285714,12.714285714285714,0.1954244480162187,0.1953752289125506,0.19331718844232035,0.18258731882781604,0.0889977304477528,0.0,0.0,0.0,0.0,1,1,1,2026,0,0,6,0,1,0,0,0,1,0,0.029996475444953534,0,0.0,-0.07049608355091384,0.3301641477992317,0.0,0.0,0.0
2026-01-07,1958.0,1958.0,1958.0,1958.0,45740.0,0.0,0.0,0.0,0.0,0.0,0.0,0.3301641477992318,NESTLE,1958.0,1956.628018340783,1958.0,1941.941751421172,1886.8,1904.722246403528,1827.92,1858.3899783012369,0.0377358490566038,0.07116285176594157,44.868656523637355,40.047457783575226,4.82119874006213,1886.8,2065.734389622211,1707.865610377789,0.1896696943207664,0.6989556064385569,100.0,12.714285714285714,0.006493506493506493,67439.0,0.6782425599430597,0.0,0.0,0.3301641477992317,0.2884240568662518,0.0,0.0,0.11737423743420357,1,-1,0.0,0.0,0.0,0.0,0.0,0.0,0.0,0.0,0.0,0.0,0.3301641477992317,0.3301641477992317,0.3301641477992317,0.3301641477992317,0.3301641477992317,100.0,100.0,100.0,100.0,100.0,46.00800792061159,46.79302722481361,47.1143714679979,45.80673712794214,20.91963286126702,12.714285714285714,12.714285714285714,12.714285714285714,12.714285714285714,12.714285714285714,0.19352333100816585,0.1954244480162187,0.1953752289125506,0.18912482509356204,0.12189841806952315,0.0,0.0,0.0,0.0,2,1,1,2026,0,0,7,0,0,1,0,0,1,0,0.029996475444953534,0,0.0,-0.07049608355091384,0.3301641477992317,0.0,0.0,0.0
2026-01-08,1958.0,1958.0,1958.0,1958.0,57610.0,0.0,0.0,0.0,0.0,0.0,0.0,0.3301641477992318,NESTLE,1958.0,1957.085345560522,1958.0,1944.8614329809589,1895.7,1909.7963181746206,1828.78,1862.2962536619727,0.03286384976525819,0.07065912794321899,43.46467857417156,40.7309019416945,2.73377663247706,1895.7,2069.9123326349336,1721.4876673650665,0.18379736523177037,0.6788047925704296,100.0,12.714285714285714,0.006493506493506493,54662.5,1.0539217928195748,0.0,0.0,0.3301641477992317,0.2884240568662518,0.0,0.0,0.11518013298738577,1,-1,0.0,0.0,0.0,0.0,0.0,0.0,0.0,0.0,0.0,0.0,0.3301641477992317,0.3301641477992317,0.3301641477992317,0.3301641477992317,0.3301641477992317,100.0,100.0,100.0,100.0,100.0,44.868656523637355,46.00800792061159,46.79302722481361,46.83922362612748,29.57292381695447,12.714285714285714,12.714285714285714,12.714285714285714,12.714285714285714,12.714285714285714,0.1896696943207664,0.19352333100816585,0.1954244480162187,0.19331718844232035,0.14437341814089577,0.0,0.0,0.0,0.0,3,1,1,2026,0,0,8,0,0,0,1,0,1,0,0.029996475444953534,0,0.0,-0.07049608355091384,0.3301641477992317,0.0,0.0,0.6766351534367471
2026-01-09,1958.0,1958.0,1958.0,1958.0,90980.0,0.0,0.0,0.0,0.0,0.0,0.0,0.3301641477992318,NESTLE,1958.0,1957.3902303736813,1958.0,1947.2502633480572,1904.6,1914.3871450151328,1829.64,1866.0493417536602,0.02803738317757014,0.07015587765899296,41.86937187787589,40.95859592893078,0.9107759489451155,1904.6,2071.9777951694573,1737.2222048305425,0.17576162466602688,0.6595193673866256,100.0,12.714285714285714,0.006493506493506493,58221.0,1.5626663918517374,0.0,0.0,0.3301641477992317,0.2884240568662518,0.0,0.0,0.11180827414636399,1,-1,0.0,0.0,0.0,0.0,0.0,0.0,0.0,0.0,0.0,0.0,0.3301641477992317,0.3301641477992317,0.3301641477992317,0.3301641477992317,0.3301641477992317,100.0,100.0,100.0,100.0,100.0,43.46467857417156,44.868656523637355,46.00800792061159,47.1143714679979,36.01555435127443,12.714285714285714,12.714285714285714,12.714285714285714,12.714285714285714,12.714285714285714,0.18379736523177037,0.1896696943207664,0.19352333100816585,0.1953752289125506,0.16093778071923953,0.0,0.0,0.0,0.0,4,1,1,2026,0,0,9,0,0,0,0,1,1,0,0.029996475444953534,0,0.0,-0.07049608355091384,0.3301641477992317,0.0,0.0,0.6766351534367471
2026-01-22,2153.8,2153.8,2153.8,2153.8,51170.0,0.0,0.0,0.0,0.0,0.0,0.0,0.3301641477992318,NESTLE,2153.8,2136.5945637327304,2075.48,2093.296791427288,2016.7400000000002,2028.6781276980637,1879.3759999999997,1935.6344771294846,0.06796116504854366,0.14601867854011144,77.25667891362946,62.41310328309919,14.843575630530268,2016.7400000000002,2200.8555746864004,1832.6244253136003,0.1825873188278112,0.872211857235465,100.0,13.985714285714298,0.006493506493506499,89210.0,0.5735904046631544,0.0,0.4784533053843239,0.3301641477992317,0.34381103925481427,0.0,0.0,0.050270875181426464,1,-1,0.0,0.0,0.0,0.0953101798043249,0.0,0.0,0.0,0.0,0.0090840303743327,0.0,0.3301641477992317,0.4550998709456931,0.4550998709456931,0.4550998709456931,0.3301641477992317,100.0,100.0,100.0,100.0,100.0,75.730134827764,72.68018023340119,67.73016283865581,50.22651296201798,43.46467857417156,13.985714285714298,13.985714285714298,13.985714285714298,13.985714285714298,12.714285714285714,0.17337040324655842,0.16093778071923448,0.14437341814088997,0.14913040146859657,0.18379736523177037,0.0,0.0,0.0,0.0953101798043249,3,1,1,2026,0,0,22,0,0,0,1,0,1,0,0.029996475444953534,0,0.0,0.0,0.3301641477992317,0.0,0.0,0.0
2026-01-23,2153.8,2153.8,2153.8,2153.8,228360.0,0.0,0.0,0.0,0.0,0.0,0.0,0.3301641477992318,NESTLE,2153.8,2142.329709155154,2095.06,2104.2973748041445,2026.53,2040.5944964887244,1887.8519999999999,1944.1899878302893,0.06280193236714986,0.14087333117214715,77.57227124399537,65.44493687527843,12.127334368716944,2026.53,2218.1635658984233,1834.8964341015767,0.18912482509355724,0.8320660433450906,100.0,13.985714285714298,0.006493506493506499,99884.0,2.2862520523807617,0.0,0.4784533053843239,0.3301641477992317,0.34381103925481427,0.0,0.0,0.050270875181426464,1,-1,0.0,0.0,0.0,0.0,0.0,0.0,0.0,0.0,0.0,0.0,0.3301641477992317,0.3301641477992317,0.4550998709456931,0.4550998709456931,0.3301641477992317,100.0,100.0,100.0,100.0,100.0,77.25667891362946,75.730134827764,72.68018023340119,60.4269746317093,41.86937187787589,13.985714285714298,13.985714285714298,13.985714285714298,13.985714285714298,12.714285714285714,0.1825873188278112,0.17337040324655842,0.16093778071923448,0.15181713399180127,0.17576162466602688,0.0,0.0,0.0,0.0,4,1,1,2026,0,0,23,0,0,0,0,1,1,0,0.029996475444953534,0,0.0,0.0,0.3301641477992317,0.0,0.0,0.0
2026-01-29,2153.8,2153.8,2153.8,2153.8,163520.0,0.0,0.0,0.0,0.0,0.0,0.0,0.3301641477992318,NESTLE,2153.8,2151.534263536821,2153.8,2131.6166297445525,2065.69,2077.941410096139,1921.756,1975.185941413129,0.042654028436019016,0.12074581788739054,71.26297535226604,70.38806410304764,0.8749112492183997,2065.69,2265.569604815124,1865.8103951848761,0.19352333100816085,0.7204076801169793,100.0,13.985714285714298,0.006493506493506499,112372.5,1.4551602927762575,0.0,0.0,0.3301641477992317,0.34381103925481427,0.0,0.0,0.050270875181426464,1,-1,0.0,0.0,0.0,0.0,0.0953101798043249,0.0,0.0,0.0,0.0,0.0090840303743327,0.3301641477992317,0.3301641477992317,0.3301641477992317,0.3301641477992317,0.4550998709456931,100.0,100.0,100.0,100.0,100.0,73.62101288426197,75.55987514678395,76.93551570517684,77.25667891362946,50.22651296201798,13.985714285714298,13.985714285714298,13.985714285714298,13.985714285714298,13.985714285714298,0.19542444801621406,0.19537522891254586,0.1933171884423156,0.1825873188278112,0.14913040146859657,0.0,0.0,0.0,0.0,3,1,1,2026,0,0,29,0,0,0,1,0,1,0,0.029996475444953534,0,0.0,0.0,0.3301641477992317,0.0,0.0,0.0
2026-01-30,2153.8,2153.8,2153.8,2153.8,67480.0,0.0,0.0,0.0,0.0,0.0,0.0,0.3301641477992318,NESTLE,2153.8,2152.2895090245474,2153.8,2135.6499697909976,2075.48,2085.1660377060307,1930.2319999999997,1982.1904142988888,0.037735849056603855,0.11582441903356719,68.60339637019251,70.03113055647663,-1.4277341862841126,2075.48,2272.3078285844267,1878.652171415573,0.18966969432076128,0.6989556064385629,100.0,13.985714285714298,0.006493506493506499,113453.0,0.5947837430477819,0.0,0.0,0.3301641477992317,0.34381103925481427,0.0,0.0,0.050270875181426464,1,-1,0.0,0.0,0.0,0.0,0.0,0.0,0.0,0.0,0.0,0.0,0.3301641477992317,0.3301641477992317,0.3301641477992317,0.3301641477992317,0.4550998709456931,100.0,100.0,100.0,100.0,100.0,71.26297535226604,73.62101288426197,75.55987514678395,77.57227124399537,60.4269746317093,13.985714285714298,13.985714285714298,13.985714285714298,13.985714285714298,13.985714285714298,0.19352333100816085,0.19542444801621406,0.19537522891254586,0.18912482509355724,0.15181713399180127,0.0,0.0,0.0,0.0,4,1,1,2026,0,0,30,0,0,0,0,1,1,0,0.029996475444953534,0,0.0,0.0,0.3301641477992317,0.0,0.0,0.15067287184238834
2026-02-02,2153.8,2153.8,2153.8,2153.8,29840.0,0.0,0.0,0.0,0.0,0.0,0.0,0.3301641477992318,NESTLE,2153.8,2152.7930060163653,2153.8,2138.9499752835436,2085.27,2091.7026055435517,1937.7079999999999,1988.9202019734423,0.032863849765258316,0.11151938269336781,65.73787555665649,69.1724795565126,-3.434603999856108,2085.27,2276.903565898421,1893.6364341015785,0.18379736523176504,0.6788047925704357,100.0,13.985714285714298,0.006493506493506499,113865.0,0.2620647257717472,0.0,0.0,0.3301641477992317,0.34381103925481427,0.0,0.0,0.050270875181426464,1,-1,0.0,0.0,0.0,0.0,0.0,0.0,0.0,0.0,0.0,0.0,0.3301641477992317,0.3301641477992317,0.3301641477992317,0.3301641477992317,0.4550998709456931,100.0,100.0,100.0,100.0,100.0,68.60339637019251,71.26297535226604,73.62101288426197,76.93551570517684,67.73016283865581,13.985714285714298,13.985714285714298,13.985714285714298,13.985714285714298,13.985714285714298,0.18966969432076128,0.19352333100816085,0.19542444801621406,0.1933171884423156,0.14437341814088997,0.0,0.0,0.0,0.0,0,2,1,2026,0,0,2,1,0,0,0,0,1,0,0.029996475444953534,0,0.0,0.0,0.3301641477992317,0.0,0.0,0.15067287184238834
2026-02-03,2153.8,2153.8,2153.8,2153.8,54650.0,0.0,0.0,0.0,0.0,0.0,0.0,0.3301641477992318,NESTLE,2153.8,2153.1286706775772,2153.8,2141.6499797774445,2095.06,2097.6166431108322,1945.184,1995.3860764058563,0.028037383177570208,0.10724743777452427,62.743659813212616,67.88671560785261,-5.1430557946399915,2095.06,2279.1755746863973,1910.9444253136023,0.17576162466602152,0.6595193673866312,100.0,13.985714285714298,0.006493506493506499,115701.5,0.47233614084519215,0.0,0.0,0.3301641477992317,0.34381103925481427,0.0,0.0,0.050270875181426464,1,-1,0.0,0.0,0.0,0.0,0.0,0.0,0.0,0.0,0.0,0.0,0.3301641477992317,0.3301641477992317,0.3301641477992317,0.3301641477992317,0.4550998709456931,100.0,100.0,100.0,100.0,100.0,65.73787555665649,68.60339637019251,71.26297535226604,75.55987514678395,72.68018023340119,13.985714285714298,13.985714285714298,13.985714285714298,13.985714285714298,13.985714285714298,0.18379736523176504,0.18966969432076128,0.19352333100816085,0.19537522891254586,0.16093778071923448,0.0,0.0,0.0,0.0,1,2,1,2026,0,0,3,0,1,0,0,0,1,0,0.029996475444953534,0,0.0,0.0,0.3301641477992317,0.0,0.0,0.15067287184238834
2026-02-27,3100.0,3100.0,3100.0,3100.0,20940.0,0.0,0.0,0.0,0.0,0.0,0.0,0.5155355983682299,NESTLE,3100.0,3073.708494705468,3013.0,2960.910734367251,2642.36,2741.1407889205802,2275.176,2393.1438245297995,0.17319366021283997,0.3625319535719435,269.3610210278498,233.2782918043677,36.08272922348209,2642.36,3454.379492636134,1830.3405073638664,0.6146168520838445,0.7817912649573971,100.0,64.28571428571429,0.020737327188940093,224717.5,0.09318366393360553,0.0,0.42562255152383627,0.5155355983682295,0.4066811291591429,0.0,0.0,0.08234089515611785,1,-1,0.0,0.0,0.0,0.0666913744986721,0.0953101798043249,0.0,0.0,0.0,0.0044477394325221,0.0090840303743327,0.5155355983682295,0.5155355983682295,0.5155355983682295,0.5155355983682295,0.4557043085273843,100.0,100.0,100.0,100.0,100.0,271.73197522899954,270.8057098605909,265.6844662833041,238.29463480819777,112.24143833604148,64.28571428571429,67.58571428571427,67.58571428571427,67.58571428571427,36.29999999999999,0.6242705513544706,0.6250556552920058,0.6159647411366079,0.5604904071781219,0.24070212437184832,0.0,0.0,0.0,0.0666913744986721,4,2,1,2026,0,0,27,0,0,0,0,1,1,0,0.029996475444953534,0,0.0,0.0,0.5155355983682295,0.0,0.0,0.3354622041089356
2026-03-02,3100.0,3100.0,3100.0,3100.0,88180.0,0.0,0.0,0.0,0.0,0.0,0.0,0.5155355983682299,NESTLE,3100.0,3082.472329803646,3040.0,2986.199691755023,2689.67,2775.31785664243,2301.576,2420.8636745482386,0.1525577487201032,0.3469031654831298,264.4337945622442,239.50939235594302,24.92440220630118,2689.67,3492.03664961914,1887.3033503808601,0.596628322150405,0.7556998101770379,100.0,64.28571428571429,0.020737327188940093,227634.5,0.38737537587667953,0.0,0.34351500834899035,0.5155355983682295,0.4066811291591429,0.0,0.0,0.08086518740306162,1,-1,0.0,0.0,0.0,0.0,0.0611989916822263,0.0,0.0,0.0,0.0,0.0037453165829212,0.5155355983682295,0.5155355983682295,0.5155355983682295,0.5155355983682295,0.48688052853044855,100.0,100.0,100.0,100.0,100.0,269.3610210278498,271.73197522899954,270.8057098605909,255.28339588053723,146.0656273755908,64.28571428571429,64.28571428571429,67.58571428571427,67.58571428571427,48.29999999999999,0.6146168520838445,0.6242705513544706,0.6250556552920058,0.5953426212686237,0.3396757044496899,0.0,0.0,0.0,0.0,0,3,1,2026,0,0,2,1,0,0,0,0,1,0,0.029996475444953534,0,0.0,0.0,0.5155355983682295,0.0,0.0,0.3354622041089356
2026-03-03,3100.0,3100.0,3100.0,3100.0,23650.0,0.0,0.0,0.0,0.0,0.0,0.0,0.5155355983682299,NESTLE,3100.0,3088.3148865357643,3060.0,3006.890656890473,2736.9800000000005,2806.239965533627,2324.416,2447.496471624778,0.13263524030135385,0.33366832787246337,257.55994141041947,243.11950216683834,14.440439243581125,2736.9800000000005,3517.595475391722,1956.364524608279,0.5704210300343601,0.7325216521090822,100.0,48.57142857142857,0.01566820276497696,226084.5,0.10460690582503444,0.0,0.33478804294591774,0.5155355983682295,0.4066811291591429,0.0,0.0,0.07832434324221894,1,-1,0.0,0.0,0.0,0.0,0.024434025337282,0.0,0.0,0.0,0.0,0.0005970215941829,0.5155355983682295,0.5155355983682295,0.5155355983682295,0.5155355983682295,0.4860154946660479,100.0,100.0,100.0,100.0,100.0,264.4337945622442,269.3610210278498,271.73197522899954,265.6844662833041,176.4855404136929,64.28571428571429,64.28571428571429,64.28571428571429,67.58571428571427,53.29999999999999,0.596628322150405,0.6146168520838445,0.6242705513544706,0.6159647411366079,0.4179570024952744,0.0,0.0,0.0,0.0,1,3,1,2026,0,0,3,0,1,0,0,0,1,0,0.029996475444953534,0,0.0,0.0,0.5155355983682295,0.0,0.0,0.3354622041089356
2026-03-04,3100.0,3100.0,3100.0,3100.0,23280.0,0.0,0.0,0.0,0.0,0.0,0.0,0.5155355983682299,NESTLE,3100.0,3092.2099243571765,3080.0,3023.819628364932,2784.29,2834.217111673282,2347.256,2473.0848452865516,0.11338976902549663,0.320691053724008,249.23928789932688,244.34345931333607,4.895828585990813,2784.29,3529.9980503930765,2038.5819496069234,0.5356540090242586,0.7116847202022182,100.0,48.57142857142857,0.01566820276497696,226209.5,0.10291344970038836,0.0,0.33478804294591774,0.5155355983682295,0.4066811291591429,0.0,0.0,0.07460962167769483,1,-1,0.0,0.0,0.0,0.0,0.0,0.0,0.0,0.0,0.0,0.0,0.5155355983682295,0.5155355983682295,0.5155355983682295,0.5155355983682295,0.4860154946660479,100.0,100.0,100.0,100.0,100.0,257.55994141041947,264.4337945622442,269.3610210278498,270.8057098605909,198.30757438469936,48.57142857142857,64.28571428571429,64.28571428571429,67.58571428571427,53.29999999999999,0.5704210300343601,0.596628322150405,0.6146168520838445,0.6250556552920058,0.4705864531134455,0.0,0.0,0.0,0.0,2,3,1,2026,0,0,4,0,0,1,0,0,1,0,0.029996475444953534,0,0.0,0.0,0.5214608004864134,0.0022328351266989,0.0472528848505455,0.3354622041089356
2026-03-12,3250.0,3250.0,3250.0,3250.0,98830.0,0.0,0.0,0.0,0.0,0.0,0.0,0.4485223696866884,NESTLE,3250.0,3236.147373331769,3190.0,3182.149373980285,3079.6,3021.9277488828598,2502.2960000000003,2638.876454578843,0.05533186128068583,0.29880717549002983,226.5621217991611,240.31770356803824,-13.755581768877136,3079.6,3407.7273180369075,2751.4726819630923,0.21309736201903337,0.7596553085239212,100.0,10.714285714285714,0.0032967032967032963,235448.5,0.4197520901598439,0.0,0.23720759935721394,0.4485223696866881,0.41344679596091116,0.0,0.0,0.02471891729947461,1,-1,0.0,0.0,0.0,0.0472528848505455,0.0,0.0,0.0,0.0,0.0022328351266989,0.0,0.5257886921924841,0.5257886921924841,0.5257886921924841,0.5214608004864134,0.5155355983682295,100.0,100.0,100.0,100.0,100.0,234.81733475055216,241.93846350304693,247.50850836891414,251.84573557127032,271.73197522899954,25.0,25.0,25.0,42.0,64.28571428571429,0.28383397524951126,0.33346032549939114,0.40651457995548257,0.5008048600456364,0.6242705513544706,0.0,0.0,0.0,0.0472528848505455,3,3,1,2026,0,0,12,0,0,0,1,0,1,0,0.029996475444953534,0,0.0,0.0,0.4485223696866881,0.0,0.0,0.30987548905874757
2026-03-13,3250.0,3250.0,3250.0,3250.0,6040.0,0.0,0.0,0.0,0.0,0.0,0.0,0.4485223696866884,NESTLE,3250.0,3240.764915554513,3205.0,3194.485851438415,3109.0,3043.648915655921,2528.136,2662.8420838110455,0.045352203280797684,0.2855321074499157,217.5124578423829,235.7566544229072,-18.24419658052429,3109.0,3379.974848318144,2838.025151681856,0.17431640290649328,0.7601717481809528,100.0,10.714285714285714,0.0032967032967032963,166250.5,0.036330717802352475,0.0,0.23720759935721394,0.4485223696866881,0.41344679596091116,0.0,0.0,0.025446331557542168,1,-1,0.0,0.0,0.0,0.0,0.0,0.0,0.0,0.0,0.0,0.0,0.4485223696866881,0.5257886921924841,0.5257886921924841,0.5214608004864134,0.5155355983682295,100.0,100.0,100.0,100.0,100.0,226.5621217991611,234.81733475055216,241.93846350304693,251.01778733052788,269.3610210278498,10.714285714285714,25.0,25.0,30.0,64.28571428571429,0.21309736201903337,0.28383397524951126,0.33346032549939114,0.4605398648456715,0.6146168520838445,0.0,0.0,0.0,0.0,4,3,1,2026,0,0,13,0,0,0,0,1,1,0,0.029996475444953534,0,0.0,0.0,0.3391018238406306,0.0,0.0,0.30987548905874757
2026-03-16,3250.0,3250.0,3250.0,3250.0,39300.0,0.0,0.0,0.0,0.0,0.0,0.0,0.3391018238406309,NESTLE,3250.0,3243.8432770363424,3220.0,3204.5793329950666,3130.0,3063.3013998791666,2553.976,2685.867884445907,0.038338658146964855,0.272525661948272,207.94349083530733,230.19402170538723,-22.2505308700799,3130.0,3373.656358531067,2886.343641468933,0.1556909639176146,0.746248447451659,100.0,10.714285714285714,0.0032967032967032963,98715.5,0.39811377139355014,0.0,0.23720759935721394,0.3391018238406306,0.41344679596091116,0.0,0.0,0.04293639947457703,1,-1,0.0,0.0,0.0,0.0,0.0,0.0,0.0,0.0,0.0,0.0,0.4485223696866881,0.4485223696866881,0.5257886921924841,0.5257886921924841,0.5155355983682295,100.0,100.0,100.0,100.0,100.0,217.5124578423829,226.5621217991611,234.81733475055216,247.50850836891414,264.4337945622442,10.714285714285714,10.714285714285714,25.0,25.0,64.28571428571429,0.17431640290649328,0.21309736201903337,0.28383397524951126,0.40651457995548257,0.596628322150405,0.0,0.0,0.0,0.0,0,3,1,2026,0,0,16,1,0,0,0,0,1,0,0.029996475444953534,0,0.0,0.0,0.28321119633450825,0.0,0.0,0.30987548905874757
2026-03-17,3250.0,3250.0,3250.0,3250.0,1030000.0,0.0,0.0,0.0,0.0,0.0,0.0,0.2832111963345085,NESTLE,3250.0,3245.8955180242283,3235.0,3212.8376360868724,3147.5,3081.082218938294,2579.8160000000003,2707.9907125068517,0.03256552819698173,0.2597797672392138,198.0767105210989,223.7705594685296,-25.693848947430695,3147.5,3371.0479461111518,2923.9520538888482,0.1420479403406842,0.7292573065042506,100.0,10.714285714285714,0.0032967032967032963,136947.5,7.52113036017452,0.0,0.23720759935721394,0.28321119633450825,0.41344679596091116,0.0,0.0,0.06347430714580615,1,-1,0.0,0.0,0.0,0.0,0.0,0.0,0.0,0.0,0.0,0.0,0.3391018238406306,0.4485223696866881,0.4485223696866881,0.5257886921924841,0.5155355983682295,100.0,100.0,100.0,100.0,100.0,207.94349083530733,217.5124578423829,226.5621217991611,241.93846350304693,257.55994141041947,10.714285714285714,10.714285714285714,10.714285714285714,25.0,48.57142857142857,0.1556909639176146,0.17431640290649328,0.21309736201903337,0.33346032549939114,0.5704210300343601,0.0,0.0,0.0,0.0,1,3,1,2026,0,0,17,0,1,0,0,0,1,0,0.029996475444953534,0,0.0,0.0,0.30541710396523014,0.0019052146571309,0.0436487646690134,0.30987548905874757
2026-03-18,3395.0,3250.0,3395.0,3250.0,2090000.0,4.46,0.0446153846153847,0.0436487646690134,0.0019052146571309,0.0436487646690134,0.3098754890587478,0.3054171039652303,NESTLE,3279.0,3295.5970120161523,3264.5,3245.958065889259,3172.25,3110.97915046798,2608.556,2734.9322531928574,0.07021829931436678,0.30148633956871157,199.65599420061017,218.94764641494572,-19.291652214335556,3172.25,3389.9527185962515,2954.5472814037485,0.13725445257861238,1.0115921414217823,100.0,21.071428571428573,0.00620660635388176,239011.0,8.744367414052073,0.30987548905874757,0.3045138523420243,0.30541710396523014,0.4185311862282278,0.18609919692106117,0.04672972490729664,0.07489286013143402,1,-1,0.0,0.0,0.0,0.0,0.0,0.0,0.0,0.0,0.0,0.0,0.28321119633450825,0.3391018238406306,0.4485223696866881,0.5257886921924841,0.5155355983682295,100.0,100.0,100.0,100.0,100.0,198.0767105210989,207.94349083530733,217.5124578423829,234.81733475055216,249.23928789932688,10.714285714285714,10.714285714285714,10.714285714285714,25.0,48.57142857142857,0.1420479403406842,0.1556909639176146,0.17431640290649328,0.28383397524951126,0.5356540090242586,0.0,0.0,0.0,0.0,2,3,1,2026,0,0,18,0,0,1,0,0,1,0,2.38651274135326,0,0.0,0.0,0.30541710396523014,0.0,0.0,0.0
