Date,Price,Open,High,Low,Vol,Change_%,simple_return,log_return,squared_return,abs_return,realized_vol_5d,realized_vol_21d,stock,sma_5,ema_5,sma_10,ema_10,sma_20,ema_20,sma_50,ema_50,price_dist_sma20,price_dist_sma50,macd,macd_signal,macd_hist,bb_middle,bb_upper,bb_lower,bb_width,bb_position,rsi,atr_14,atr_ratio,volume_sma_20,volume_ratio,hist_vol_5d,hist_vol_10d,hist_vol_21d,hist_vol_63d,parkinson_vol,garman_klass_vol,vol_of_vol,high_vol_regime,vol_trend,log_return_lag_1,log_return_lag_2,log_return_lag_3,log_return_lag_5,log_return_lag_10,squared_return_lag_1,squared_return_lag_2,squared_return_lag_3,squared_return_lag_5,squared_return_lag_10,hist_vol_21d_lag_1,hist_vol_21d_lag_2,hist_vol_21d_lag_3,hist_vol_21d_lag_5,hist_vol_21d_lag_10,rsi_lag_1,rsi_lag_2,rsi_lag_3,rsi_lag_5,rsi_lag_10,macd_lag_1,macd_lag_2,macd_lag_3,macd_lag_5,macd_lag_10,atr_14_lag_1,atr_14_lag_2,atr_14_lag_3,atr_14_lag_5,atr_14_lag_10,bb_width_lag_1,bb_width_lag_2,bb_width_lag_3,bb_width_lag_5,bb_width_lag_10,abs_return_lag_1,abs_return_lag_2,abs_return_lag_3,abs_return_lag_5,day_of_week,month,quarter,year,is_month_start,is_month_end,day_of_month,dow_0,dow_1,dow_2,dow_3,dow_4,trend,high_prev_vol,return_zscore,is_jump,drawdown,max_drawdown_21d,target_vol_1d,target_squared_ret,target_abs_ret,target_vol_5d
2020-03-31,544.5,544.5,544.5,544.5,280.0,0.0,0.0,0.0,0.0,0.0,0.0,0.3649795324620227,SEPLAT,544.5,544.810862935009,544.5,548.9535969447093,565.675,560.8505600317126,588.83,578.4143324697081,-0.037433155080213824,-0.07528488697926403,-14.994537334020833,-14.220695312043627,-0.773842021977206,565.675,624.8876186764808,506.46238132351914,0.20935207911426462,0.3211952074295724,0.0,4.321428571428571,0.007936507936507936,79399.5,0.0035264705697139152,0.0,0.0,0.36497953246202247,0.21612577022469895,0.0,0.0,0.18161868838759304,1,-1,0.0,0.0,0.0,0.0,0.0,0.0,0.0,0.0,0.0,0.0,0.36497953246202247,0.36497953246202247,0.36497953246202247,0.36497953246202247,0.36497953246202247,0.0,0.0,0.0,0.0,0.0,-15.492451501735673,-15.902626290320995,-16.194847547165182,-16.270103299066022,-10.622670148723387,4.321428571428571,4.321428571428571,4.321428571428571,4.321428571428571,4.321428571428571,0.21388284678724903,0.21604985631070503,0.21599544254424316,0.20942695414584817,0.14877057808427416,0.0,0.0,0.0,0.0,1,3,1,2020,0,1,31,0,1,0,0,0,-1,0,0.0894591748506252,0,-0.1,-0.1,0.36497953246202247,0.0,0.0,0.7472611528743333
2020-04-01,544.5,544.5,544.5,544.5,3560.0,0.0,0.0,0.0,0.0,0.0,0.0,0.3649795324620227,SEPLAT,544.5,544.7072419566728,544.5,548.1438520456711,562.65,559.2933638382161,587.96,577.0843586473667,-0.03225806451612899,-0.07391659296550791,-14.433555723030395,-14.26326739424098,-0.17028832878941458,562.65,619.539643863777,505.76035613622304,0.20222036386306574,0.34048063261337663,0.0,4.321428571428571,0.007936507936507936,79505.5,0.04477677644942803,0.0,0.0,0.36497953246202247,0.21612577022469895,0.0,0.0,0.17630186365184153,1,-1,0.0,0.0,0.0,0.0,0.0,0.0,0.0,0.0,0.0,0.0,0.36497953246202247,0.36497953246202247,0.36497953246202247,0.36497953246202247,0.36497953246202247,0.0,0.0,0.0,0.0,0.0,-14.994537334020833,-15.492451501735673,-15.902626290320995,-16.33226671430566,-12.757616206397074,4.321428571428571,4.321428571428571,4.321428571428571,4.321428571428571,4.321428571428571,0.20935207911426462,0.21388284678724903,0.21604985631070503,0.21378755415038353,0.1675066697281888,0.0,0.0,0.0,0.0,2,4,2,2020,1,0,1,0,0,1,0,0,-1,0,0.0894591748506252,0,-0.1,-0.1,0.36497953246202247,0.0,0.0,0.7472611528743333
2020-04-28,494.4,494.4,494.4,494.4,8670.0,0.0,0.0,0.0,0.0,0.0,0.0,0.3677979507080637,SEPLAT,494.4,494.5393502501446,494.64,496.9405699299853,506.4599999999999,508.076514649035,552.274,538.1993739568509,-0.023812344508944334,-0.1047921864871423,-16.717870478985674,-18.994098294849902,2.276227815864228,506.4599999999999,551.646882120693,461.27311787930677,0.17844205710497624,0.36655419190255334,89.09090909090868,0.39285714285714285,0.0007946139620896903,34537.0,0.25103512175348175,0.0,0.0060884909333829085,0.36779795070806365,0.2965307571635192,0.0,0.0,0.060043161236093816,1,-1,0.0,0.0,0.0,-0.0012128564252092,0.0,0.0,0.0,0.0,1.4710207081714667e-06,0.0,0.36779795070806365,0.36779795070806365,0.36779795070806365,0.36779795070806365,0.5065137124101946,8.18030050083469,8.18030050083469,8.18030050083469,8.18030050083469,8.263069139966234,-17.613367912060028,-18.500153829735837,-19.36292198168229,-20.93498286629665,-22.747961620056117,4.278571428571427,4.278571428571427,4.278571428571427,4.278571428571427,4.235714285714282,0.18802171881018342,0.19489651158095603,0.1994094624539536,0.20214095245191888,0.17561191563724254,0.0,0.0,0.0,0.0012128564252092,1,4,2,2020,0,0,28,0,1,0,0,0,-1,0,0.0894591748506252,0,-0.18280991735537194,-0.1899173553719008,0.36779795070806365,0.0,0.0,0.0
2020-04-29,494.4,494.4,494.4,494.4,370.0,0.0,0.0,0.0,0.0,0.0,0.0,0.3677979507080637,SEPLAT,494.4,494.4929001667631,494.58000000000004,496.4786481245334,503.9549999999999,506.773989444365,550.062,536.481751448739,-0.018960026192814738,-0.10119222923961305,-15.825752883511711,-18.360429212582265,2.534676329070553,503.9549999999999,545.6852351576854,462.22476484231447,0.165610957953331,0.38551466384152155,89.09090909090868,0.39285714285714285,0.0007946139620896903,34518.5,0.010718889870649072,0.0,0.0060884909333829085,0.36779795070806365,0.2965307571635192,0.0,0.0,0.05996517631431453,1,-1,0.0,0.0,0.0,0.0,0.0,0.0,0.0,0.0,0.0,0.0,0.36779795070806365,0.36779795070806365,0.36779795070806365,0.36779795070806365,0.36796249451990265,89.09090909090868,8.18030050083469,8.18030050083469,8.18030050083469,8.263069139966234,-16.717870478985674,-17.613367912060028,-18.500153829735837,-20.182485375887552,-22.80985489286411,0.39285714285714285,4.278571428571427,4.278571428571427,4.278571428571427,4.235714285714282,0.17844205710497624,0.18802171881018342,0.19489651158095603,0.2017796037075685,0.1850104928032652,0.0,0.0,0.0,0.0,2,4,2,2020,0,0,29,0,0,1,0,0,-1,0,0.0894591748506252,0,-0.18280991735537194,-0.1899173553719008,0.36779795070806365,0.0,0.0,0.0
2020-04-30,494.4,494.4,494.4,494.4,990.0,0.0,0.0,0.0,0.0,0.0,0.0,0.3677979507080637,SEPLAT,494.4,494.46193344450876,494.52,496.1007121018909,501.45,505.5955142591874,547.85,534.8314866860434,-0.014059228238109506,-0.09756320160627917,-14.946449891234238,-17.67763334831266,2.731183457078423,501.45,538.7075954813588,464.19240451864124,0.1485994435391715,0.4053884193422065,89.09090909090868,0.39285714285714285,0.0007946139620896903,34554.0,0.028650807431845806,0.0,0.0060884909333829085,0.36779795070806365,0.2965307571635192,0.0,0.0,0.059886774028061876,1,-1,0.0,0.0,0.0,0.0,0.0,0.0,0.0,0.0,0.0,0.0,0.36779795070806365,0.36779795070806365,0.36779795070806365,0.36779795070806365,0.36796249451990265,89.09090909090868,89.09090909090868,8.18030050083469,8.18030050083469,8.263069139966234,-15.825752883511711,-16.717870478985674,-17.613367912060028,-19.36292198168229,-22.598405406968823,0.39285714285714285,0.39285714285714285,4.278571428571427,4.278571428571427,4.235714285714282,0.165610957953331,0.17844205710497624,0.18802171881018342,0.1994094624539536,0.19218798184794722,0.0,0.0,0.0,0.0,3,4,2,2020,0,1,30,0,0,0,1,0,-1,0,0.0894591748506252,0,-0.18280991735537194,-0.1899173553719008,0.36779795070806365,0.0,0.0,0.0
2020-05-04,494.4,494.4,494.4,494.4,6650.0,0.0,0.0,0.0,0.0,0.0,0.0,0.3677979507080637,SEPLAT,494.4,494.44128896300583,494.46000000000004,495.79149171972887,498.945,504.52927480593144,545.6379999999999,533.2459381885515,-0.009109220455160421,-0.0939047500357379,-14.087207377156574,-16.959548154081446,2.8723407769248723,498.945,530.2819111432497,467.60808885675027,0.12561268734329312,0.4274816847898069,0.0,0.04285714285714448,8.668515950069678e-05,34708.5,0.1915957186280018,0.0,0.0060884909333829085,0.36779795070806365,0.2965307571635192,0.0,0.0,0.05980795273596576,1,-1,0.0,0.0,0.0,0.0,0.0,0.0,0.0,0.0,0.0,0.0,0.36779795070806365,0.36779795070806365,0.36779795070806365,0.36779795070806365,0.36796249451990265,89.09090909090868,89.09090909090868,89.09090909090868,8.18030050083469,8.263069139966234,-14.946449891234238,-15.825752883511711,-16.717870478985674,-18.500153829735837,-22.175208169791972,0.39285714285714285,0.39285714285714285,0.39285714285714285,4.278571428571427,4.235714285714282,0.1485994435391715,0.165610957953331,0.17844205710497624,0.19489651158095603,0.19733659144764762,0.0,0.0,0.0,0.0,0,5,2,2020,0,0,4,1,0,0,0,0,-1,0,0.0894591748506252,0,-0.18280991735537194,-0.1899173553719008,0.36779795070806365,0.0,0.0,0.0
2020-05-05,494.4,494.4,494.4,494.4,1010.0,0.0,0.0,0.0,0.0,0.0,0.0,0.3677979507080637,SEPLAT,494.4,494.4275259753373,494.4,495.5384932252327,496.43999999999994,503.5645819672713,543.4259999999999,531.7225680635103,-0.0041092579163644425,-0.09021651522010349,-13.253473699435858,-16.21833326315233,2.964859563716473,496.43999999999994,519.309920488664,473.57007951133585,0.092135688053598,0.45539993239130133,0.0,0.04285714285714448,8.668515950069678e-05,34721.0,0.029089023933642464,0.0,0.0060884909333829085,0.36779795070806365,0.2965307571635192,0.0,0.0,0.05972871077919672,1,-1,0.0,0.0,0.0,0.0,0.0,0.0,0.0,0.0,0.0,0.0,0.36779795070806365,0.36779795070806365,0.36779795070806365,0.36779795070806365,0.36796249451990265,0.0,89.09090909090868,89.09090909090868,8.18030050083469,8.263069139966234,-14.087207377156574,-14.946449891234238,-15.825752883511711,-17.613367912060028,-21.590934457818207,0.04285714285714448,0.39285714285714285,0.39285714285714285,4.278571428571427,4.235714285714282,0.12561268734329312,0.1485994435391715,0.165610957953331,0.18802171881018342,0.200561745309077,0.0,0.0,0.0,0.0,1,5,2,2020,0,0,5,0,1,0,0,0,-1,0,0.0894591748506252,0,-0.18280991735537194,-0.1899173553719008,0.36779795070806365,0.0,0.0,0.0
2020-05-06,494.4,494.4,494.4,494.4,36840.0,0.0,0.0,0.0,0.0,0.0,0.0,0.3677979507080637,SEPLAT,494.4,494.41835065022485,494.4,495.3314944570085,493.93499999999995,502.691764637055,541.214,530.2589379433726,0.0009414194175347604,-0.08649813197736952,-12.449226815757925,-15.46451197367345,3.0152851579155246,493.93499999999995,497.28495679468176,490.58504320531813,0.013564362900712914,0.5694038801841023,0.0,0.04285714285714448,8.668515950069678e-05,36438.0,1.0110324386629344,0.0,0.0,0.36779795070806365,0.2965307571635192,0.0,0.0,0.059649046481233856,1,-1,0.0,0.0,0.0,0.0,-0.0012128564252092,0.0,0.0,0.0,0.0,1.4710207081714667e-06,0.36779795070806365,0.36779795070806365,0.36779795070806365,0.36779795070806365,0.36779795070806365,0.0,0.0,89.09090909090868,89.09090909090868,8.18030050083469,-13.253473699435858,-14.087207377156574,-14.946449891234238,-16.717870478985674,-20.93498286629665,0.04285714285714448,0.04285714285714448,0.39285714285714285,0.39285714285714285,4.278571428571427,0.092135688053598,0.12561268734329312,0.1485994435391715,0.17844205710497624,0.20214095245191888,0.0,0.0,0.0,0.0,2,5,2,2020,0,0,6,0,0,1,0,0,-1,0,0.0894591748506252,0,-0.18280991735537194,-0.1899173553719008,0.36779795070806365,0.0,0.0,0.2632920685532073
2020-05-07,494.4,494.4,494.4,494.4,8150.0,0.0,0.0,0.0,0.0,0.0,0.0,0.3677979507080637,SEPLAT,494.4,494.4122337668166,494.4,495.16213182846144,494.15,501.90207276685925,539.002,528.8527050828483,0.0005059192552868563,-0.08274922913087517,-11.677247327796522,-14.707059044498063,3.0298117167015413,494.15,496.9743303817334,491.32566961826655,0.011431064987284963,0.5442582782837472,0.0,0.04285714285714448,8.668515950069678e-05,28087.0,0.2901698294584683,0.0,0.0,0.36779795070806365,0.2965307571635192,0.0,0.0,0.05956895814762847,1,-1,0.0,0.0,0.0,0.0,0.0,0.0,0.0,0.0,0.0,0.0,0.36779795070806365,0.36779795070806365,0.36779795070806365,0.36779795070806365,0.36779795070806365,0.0,0.0,0.0,89.09090909090868,8.18030050083469,-12.449226815757925,-13.253473699435858,-14.087207377156574,-15.825752883511711,-20.182485375887552,0.04285714285714448,0.04285714285714448,0.04285714285714448,0.39285714285714285,4.278571428571427,0.013564362900712914,0.092135688053598,0.12561268734329312,0.165610957953331,0.2017796037075685,0.0,0.0,0.0,0.0,3,5,2,2020,0,0,7,0,0,0,1,0,-1,0,0.0894591748506252,0,-0.18280991735537194,-0.1899173553719008,0.03492503276621282,0.0,0.0,0.2632920685532073
2020-05-08,494.4,494.4,494.4,494.4,450.0,0.0,0.0,0.0,0.0,0.0,0.0,0.0349250327662128,SEPLAT,494.4,494.40815584454447,494.4,495.02356240510477,494.36499999999995,501.187589646206,536.79,527.5016186090111,7.07978922456586e-05,-0.07896942938579331,-10.939346050017036,-13.953516445601858,3.014170395584822,494.36499999999995,496.44879714133486,492.28120285866504,0.008430196884224864,0.5083981303423815,0.0,0.04285714285714448,8.668515950069678e-05,27924.0,0.016115169746454664,0.0,0.0,0.03492503276621282,0.2965307571635192,0.0,0.0,0.09580109276654798,0,-1,0.0,0.0,0.0,0.0,0.0,0.0,0.0,0.0,0.0,0.0,0.36779795070806365,0.36779795070806365,0.36779795070806365,0.36779795070806365,0.36779795070806365,0.0,0.0,0.0,89.09090909090868,8.18030050083469,-11.677247327796522,-12.449226815757925,-13.253473699435858,-14.946449891234238,-19.36292198168229,0.04285714285714448,0.04285714285714448,0.04285714285714448,0.39285714285714285,4.278571428571427,0.011431064987284963,0.013564362900712914,0.092135688053598,0.1485994435391715,0.1994094624539536,0.0,0.0,0.0,0.0,4,5,2,2020,0,0,8,0,0,0,0,1,-1,0,0.0894591748506252,0,-0.18280991735537194,-0.1899173553719008,0.03492503276621282,0.0,0.0,0.2632920685532073
2020-05-11,494.4,494.4,494.4,494.4,6450.0,0.0,0.0,0.0,0.0,0.0,0.0,0.0349250327662128,SEPLAT,494.4,494.4054372296963,494.4,494.9101874223584,494.58000000000004,500.5411525370435,534.578,526.2035159184617,-0.000363945165595179,-0.07515834920254855,-10.236553356030072,-13.210123827687502,2.97357047165743,494.58000000000004,495.1441948151073,494.01580518489277,0.002281510837912051,0.34048063259333566,0.0,0.04285714285714448,8.668515950069678e-05,24041.5,0.2682860886383961,0.0,0.0,0.03492503276621282,0.2965307571635192,0.0,0.0,0.1173227111590019,0,-1,0.0,0.0,0.0,0.0,0.0,0.0,0.0,0.0,0.0,0.0,0.03492503276621282,0.36779795070806365,0.36779795070806365,0.36779795070806365,0.36779795070806365,0.0,0.0,0.0,0.0,8.18030050083469,-10.939346050017036,-11.677247327796522,-12.449226815757925,-14.087207377156574,-18.500153829735837,0.04285714285714448,0.04285714285714448,0.04285714285714448,0.04285714285714448,4.278571428571427,0.008430196884224864,0.011431064987284963,0.013564362900712914,0.12561268734329312,0.19489651158095603,0.0,0.0,0.0,0.0,0,5,2,2020,0,0,11,1,0,0,0,0,-1,0,0.0894591748506252,0,-0.18280991735537194,-0.1899173553719008,0.03492503276621282,0.0,0.0,0.2632920685532073
2020-05-18,476.4,476.4,476.4,476.4,1070.0,0.0,0.0,0.0,0.0,0.0,0.2632920685532077,0.1283319237160138,SEPLAT,480.0,479.9562715693428,487.2,484.65331141751886,490.83000000000004,492.1849768298631,522.078,517.7760829236898,-0.02939918097915788,-0.08749267350855619,-11.251689962900741,-11.604376606408826,0.35268664350808443,490.83000000000004,505.63726706366344,476.02273293633664,0.06033562359131839,0.012739253707024084,0.0,1.2857142857142858,0.0026988125224901047,13293.0,0.0804934928157677,0.2632920685532073,0.18617560710660622,0.12833192371601365,0.30408254364002063,0.0,0.0,0.13776302648961458,0,1,0.0,0.0,-0.0370870686623359,0.0,0.0,0.0,0.0,0.0013754506619648,0.0,0.0,0.12833192371601365,0.12833192371601365,0.12833192371601365,0.03492503276621282,0.36779795070806365,0.0,0.0,0.0,0.0,0.0,-11.161955740891585,-10.885066523114176,-10.37332695390569,-10.236553356030072,-14.087207377156574,1.2857142857142858,1.2857142857142858,1.2857142857142858,0.04285714285714448,0.04285714285714448,0.05386888394966652,0.04526426046792749,0.032904192178297174,0.002281510837912051,0.12561268734329312,0.0,0.0,0.0370870686623359,0.0,0,5,2,2020,0,0,18,1,0,0,0,0,-1,0,0.0894591748506252,0,-0.2125619834710744,-0.2125619834710744,0.12833192371601365,0.0,0.0,0.0
2020-05-20,476.4,476.4,476.4,476.4,1900.0,0.0,0.0,0.0,0.0,0.0,0.0,0.1283319237160138,SEPLAT,476.4,477.98056514193024,483.6,481.9249440067688,489.0,489.3214889695705,516.934,514.5945309879967,-0.025766871165644217,-0.0784123311680021,-11.02082707492957,-11.421969669607943,0.40114259467837243,489.0,505.92584445533595,472.07415554466405,0.06922635769053558,0.12778814276448652,0.0,1.2857142857142858,0.0026988125224901047,5463.5,0.34776242335499225,0.0,0.18617560710660622,0.12833192371601365,0.30408254364002063,0.0,0.0,0.1403632306261023,0,-1,0.0,0.0,0.0,-0.0370870686623359,0.0,0.0,0.0,0.0,0.0013754506619648,0.0,0.12833192371601365,0.12833192371601365,0.12833192371601365,0.12833192371601365,0.36779795070806365,0.0,0.0,0.0,0.0,0.0,-11.193770165752369,-11.251689962900741,-11.161955740891585,-10.37332695390569,-12.449226815757925,1.2857142857142858,1.2857142857142858,1.2857142857142858,1.2857142857142858,0.04285714285714448,0.0652925890977454,0.06033562359131839,0.05386888394966652,0.032904192178297174,0.013564362900712914,0.0,0.0,0.0,0.0370870686623359,2,5,2,2020,0,0,20,0,0,1,0,0,-1,0,0.0894591748506252,0,-0.2125619834710744,-0.2125619834710744,0.1284733744539227,0.0,0.0,0.0
2020-05-21,476.4,476.4,476.4,476.4,610.0,0.0,0.0,0.0,0.0,0.0,0.0,0.1284733744539228,SEPLAT,476.4,477.4537100946202,481.7999999999999,480.9204087328108,488.1,488.09087097246857,514.362,513.0967062433693,-0.023970497848801568,-0.07380405239889415,-10.759736880411026,-11.28952311176856,0.5297862313575337,488.1,505.7169774574628,470.48302254253724,0.07218593508487105,0.1679339566548695,0.0,1.2857142857142858,0.0026988125224901047,5028.0,0.12132060461416071,0.0,0.18617560710660622,0.1284733744539227,0.30408254364002063,0.0,0.0,0.14019193565469162,0,1,0.0,0.0,0.0,0.0,0.0,0.0,0.0,0.0,0.0,0.0,0.12833192371601365,0.12833192371601365,0.12833192371601365,0.12833192371601365,0.36779795070806365,0.0,0.0,0.0,0.0,0.0,-11.02082707492957,-11.193770165752369,-11.251689962900741,-10.885066523114176,-11.677247327796522,1.2857142857142858,1.2857142857142858,1.2857142857142858,1.2857142857142858,0.04285714285714448,0.06922635769053558,0.0652925890977454,0.06033562359131839,0.04526426046792749,0.011431064987284963,0.0,0.0,0.0,0.0,3,5,2,2020,0,0,21,0,0,0,1,0,-1,0,0.0894591748506252,0,-0.2125619834710744,-0.2125619834710744,0.1284733744539227,0.0,0.0,0.0
2020-05-22,476.4,476.4,476.4,476.4,4770.0,0.0,0.0,0.0,0.0,0.0,0.0,0.1284733744539228,SEPLAT,476.4,477.10247339641353,480.0,480.0985162359361,487.19999999999993,486.9774546893763,511.79,511.6576197240215,-0.022167487684728975,-0.06914945583149347,-10.43256095159552,-11.118130679733952,0.6855697281384323,487.19999999999993,505.2944888381986,469.10551116180125,0.07427951083004387,0.20156659034212598,0.0,1.2857142857142858,0.0026988125224901047,5105.0,0.9343780607247796,0.0,0.18617560710660622,0.1284733744539227,0.30408254364002063,0.0,0.0,0.1390430763197986,0,1,0.0,0.0,0.0,0.0,0.0,0.0,0.0,0.0,0.0,0.0,0.1284733744539227,0.12833192371601365,0.12833192371601365,0.12833192371601365,0.03492503276621282,0.0,0.0,0.0,0.0,0.0,-10.759736880411026,-11.02082707492957,-11.193770165752369,-11.161955740891585,-10.939346050017036,1.2857142857142858,1.2857142857142858,1.2857142857142858,1.2857142857142858,0.04285714285714448,0.07218593508487105,0.06922635769053558,0.0652925890977454,0.05386888394966652,0.008430196884224864,0.0,0.0,0.0,0.0,4,5,2,2020,0,0,22,0,0,0,0,1,-1,0,0.0894591748506252,0,-0.2125619834710744,-0.2125619834710744,0.1284733744539227,0.0,0.0,0.0
2020-05-27,476.4,476.4,476.4,476.4,6410.0,0.0,0.0,0.0,0.0,0.0,0.0,0.1284733744539228,SEPLAT,476.4,476.868315597609,478.2,479.4260587384931,486.3,485.9700780522929,509.21799999999996,510.27496797013833,-0.020357803824799577,-0.06444783962860698,-10.057336950938407,-10.905971933974843,0.8486349830364368,486.3,504.6750402792229,467.9249597207771,0.07557080106610282,0.2306128354125514,0.0,1.2857142857142858,0.0026988125224901047,5114.5,1.2532994427607782,0.0,0.18617560710660622,0.1284733744539227,0.30408254364002063,0.0,0.0,0.13689204235962288,0,1,0.0,0.0,0.0,0.0,0.0,0.0,0.0,0.0,0.0,0.0,0.1284733744539227,0.1284733744539227,0.12833192371601365,0.12833192371601365,0.03492503276621282,0.0,0.0,0.0,0.0,0.0,-10.43256095159552,-10.759736880411026,-11.02082707492957,-11.251689962900741,-10.236553356030072,1.2857142857142858,1.2857142857142858,1.2857142857142858,1.2857142857142858,0.04285714285714448,0.07427951083004387,0.07218593508487105,0.06922635769053558,0.06033562359131839,0.002281510837912051,0.0,0.0,0.0,0.0,2,5,2,2020,0,0,27,0,0,1,0,0,-1,0,0.0894591748506252,0,-0.2125619834710744,-0.2125619834710744,0.1284733744539227,0.0,0.0,0.0
2020-05-29,476.4,476.4,476.4,476.4,48910.0,0.0,0.0,0.0,0.0,0.0,0.0,0.1284733744539228,SEPLAT,476.4,476.608140265604,476.4,478.425708742297,484.5,484.2340094713781,505.28399999999993,507.6702030358717,-0.016718266253870014,-0.05716389198945536,-9.21866501868584,-10.367354162527189,1.1486891438413487,484.5,502.8750402792229,466.1249597207771,0.07585155946015645,0.27959231988299676,0.0,1.2857142857142858,0.0026988125224901047,7142.5,6.847742387119356,0.0,0.0,0.1284733744539227,0.30408254364002063,0.0,0.0,0.12936037823218371,0,1,0.0,0.0,0.0,0.0,-0.0370870686623359,0.0,0.0,0.0,0.0,0.0013754506619648,0.1284733744539227,0.1284733744539227,0.1284733744539227,0.12833192371601365,0.12833192371601365,0.0,0.0,0.0,0.0,0.0,-9.648744506538264,-10.057336950938407,-10.43256095159552,-11.02082707492957,-10.37332695390569,1.2857142857142858,1.2857142857142858,1.2857142857142858,1.2857142857142858,1.2857142857142858,0.0760923376082828,0.07557080106610282,0.07427951083004387,0.06922635769053558,0.032904192178297174,0.0,0.0,0.0,0.0,4,5,2,2020,0,0,29,0,0,0,0,1,-1,0,0.0894591748506252,0,-0.2125619834710744,-0.2125619834710744,0.1284733744539227,0.0,0.0,0.0
2020-06-01,476.4,476.4,476.4,476.4,3950.0,0.0,0.0,0.0,0.0,0.0,0.0,0.1284733744539228,SEPLAT,476.4,476.5387601770693,476.4,478.0573980618793,483.6,483.48791333124683,503.92199999999997,506.44392056387676,-0.014888337468982724,-0.05461559527069664,-8.77665214337486,-10.049213758696723,1.2725616153218624,483.6,501.69448883819865,465.5055111618014,0.07483246004217795,0.3010443935614146,0.0,1.2857142857142858,0.0026988125224901047,7321.5,0.5395069316396913,0.0,0.0,0.1284733744539227,0.30408254364002063,0.0,0.0,0.12378339736185552,0,-1,0.0,0.0,0.0,0.0,0.0,0.0,0.0,0.0,0.0,0.0,0.1284733744539227,0.1284733744539227,0.1284733744539227,0.1284733744539227,0.12833192371601365,0.0,0.0,0.0,0.0,0.0,-9.21866501868584,-9.648744506538264,-10.057336950938407,-10.759736880411026,-10.885066523114176,1.2857142857142858,1.2857142857142858,1.2857142857142858,1.2857142857142858,1.2857142857142858,0.07585155946015645,0.0760923376082828,0.07557080106610282,0.07218593508487105,0.04526426046792749,0.0,0.0,0.0,0.0,0,6,2,2020,1,0,1,1,0,0,0,0,-1,0,0.0894591748506252,0,-0.2125619834710744,-0.2125619834710744,0.1284733744539227,0.0,0.0,0.0
2020-06-02,476.4,476.4,476.4,476.4,4680.0,0.0,0.0,0.0,0.0,0.0,0.0,0.1284733744539228,SEPLAT,476.4,476.4925067847129,476.4,477.7560529597194,482.69999999999993,482.81287396636617,502.56,505.26572760058747,-0.013051584835301337,-0.0520534861509074,-8.330326931739478,-9.705436393305275,1.3751094615657973,482.69999999999993,500.31697745746254,465.0830225425373,0.0729934843897353,0.3211952074295454,0.0,1.2857142857142858,0.0026988125224901047,7506.0,0.6235011990407674,0.0,0.0,0.1284733744539227,0.30408254364002063,0.0,0.0,0.11678102331956045,0,-1,0.0,0.0,0.0,0.0,0.0,0.0,0.0,0.0,0.0,0.0,0.1284733744539227,0.1284733744539227,0.1284733744539227,0.1284733744539227,0.12833192371601365,0.0,0.0,0.0,0.0,0.0,-8.77665214337486,-9.21866501868584,-9.648744506538264,-10.43256095159552,-11.161955740891585,1.2857142857142858,1.2857142857142858,1.2857142857142858,1.2857142857142858,1.2857142857142858,0.07483246004217795,0.07585155946015645,0.0760923376082828,0.07427951083004387,0.05386888394966652,0.0,0.0,0.0,0.0,1,6,2,2020,0,0,2,0,1,0,0,0,-1,0,0.0894591748506252,0,-0.2125619834710744,-0.2125619834710744,0.1284733744539227,0.0,0.0,0.0
2020-06-03,476.4,476.4,476.4,476.4,1710.0,0.0,0.0,0.0,0.0,0.0,0.0,0.1284733744539228,SEPLAT,476.4,476.4616711898086,476.4,477.50949787613405,481.8,482.2021240648075,501.198,504.13373828291736,-0.011207970112079772,-0.04947745202494823,-7.885709436221816,-9.341491001888585,1.4557815656667685,481.8,498.72584445533573,464.8741555446643,0.07026087362115284,0.3404806326133485,0.0,1.2857142857142858,0.0026988125224901047,7259.0,0.23556963769114203,0.0,0.0,0.1284733744539227,0.30408254364002063,0.0,0.0,0.10807655292308198,0,-1,0.0,0.0,0.0,0.0,0.0,0.0,0.0,0.0,0.0,0.0,0.1284733744539227,0.1284733744539227,0.1284733744539227,0.1284733744539227,0.12833192371601365,0.0,0.0,0.0,0.0,0.0,-8.330326931739478,-8.77665214337486,-9.21866501868584,-10.057336950938407,-11.251689962900741,1.2857142857142858,1.2857142857142858,1.2857142857142858,1.2857142857142858,1.2857142857142858,0.0729934843897353,0.07483246004217795,0.07585155946015645,0.07557080106610282,0.06033562359131839,0.0,0.0,0.0,0.0,2,6,2,2020,0,0,3,0,0,1,0,0,-1,0,0.0894591748506252,0,-0.2125619834710744,-0.2125619834710744,0.1284733744539227,0.0,0.0,0.0
2020-07-01,386.0,386.0,386.0,386.0,198300.0,0.0,0.0,0.0,0.0,0.0,0.0,0.502372063325496,SEPLAT,386.0,390.3078083632836,403.12,404.0993085832517,437.38,426.17394357970085,466.936,463.2897533522871,-0.11747222095203255,-0.17333424709167847,-26.274013833970457,-20.97523302477346,-5.298780809196998,437.38,516.733376209141,358.02662379085893,0.3628578179575704,0.1762582611193214,0.0,6.4571428571428555,0.016728349370836414,93191.5,2.1278764694204946,0.0,0.5278650768758941,0.5023720633254957,0.3652080166445669,0.0,0.0,0.17563541313096048,1,-1,0.0,0.0,0.0,-0.1051532402917613,-0.1052672277245527,0.0,0.0,0.0,0.0110572039438569,0.0110811892328128,0.5023720633254957,0.5023720633254957,0.5023720633254957,0.5023720633254957,0.36465637358169684,0.0,0.0,0.0,0.0,0.0,-25.997144836779967,-25.265619028194635,-23.96442617391739,-19.07102600937492,-8.250277460968732,6.4571428571428555,6.4571428571428555,6.4571428571428555,6.4571428571428555,3.3999999999999977,0.3498650645042794,0.3317202459936698,0.3078239356051048,0.2369663585603834,0.08981632482088514,0.0,0.0,0.0,0.1051532402917613,2,7,3,2020,1,0,1,0,0,1,0,0,-1,0,0.0894591748506252,0,-0.36198347107438017,-0.36198347107438017,0.5023720633254957,0.0,0.0,0.0
2020-07-02,386.0,386.0,386.0,386.0,226550.0,0.0,0.0,0.0,0.0,0.0,0.0,0.502372063325496,SEPLAT,386.0,388.87187224218906,398.84000000000003,400.80852520447866,432.86,422.3478537149674,464.756,460.2587826325896,-0.10825671117682395,-0.16945666112971103,-26.191515027393507,-22.01848942529747,-4.173025602096036,432.86,513.1480183759497,352.5719816240503,0.37096529305525905,0.20817563474678477,0.0,6.4571428571428555,0.016728349370836414,104433.5,2.1693230620442674,0.0,0.5278650768758941,0.5023720633254957,0.3652080166445669,0.0,0.0,0.17786742024111352,1,-1,0.0,0.0,0.0,0.0,0.0,0.0,0.0,0.0,0.0,0.0,0.5023720633254957,0.5023720633254957,0.5023720633254957,0.5023720633254957,0.36465637358169684,0.0,0.0,0.0,0.0,0.0,-26.274013833970457,-25.997144836779967,-25.265619028194635,-21.955057459201157,-10.88456419718625,6.4571428571428555,6.4571428571428555,6.4571428571428555,6.4571428571428555,3.3999999999999977,0.3628578179575704,0.3498650645042794,0.3317202459936698,0.2770151124824904,0.12425554124142127,0.0,0.0,0.0,0.0,3,7,3,2020,0,0,2,0,0,0,1,0,-1,0,0.0894591748506252,0,-0.36198347107438017,-0.36198347107438017,0.5023720633254957,0.0,0.0,0.0
2020-07-03,386.0,386.0,386.0,386.0,31620.0,0.0,0.0,0.0,0.0,0.0,0.0,0.502372063325496,SEPLAT,386.0,387.91458149479274,394.56,398.11606607639163,428.34000000000003,418.886153361161,462.57599999999996,457.34667350974297,-0.0988467105570342,-0.16554252706582265,-25.828400406543835,-22.780471621546745,-3.04792878499709,428.34000000000003,508.48566738133763,348.19433261866243,0.3742151906491927,0.2358559646241142,0.0,6.4571428571428555,0.016728349370836414,105602.5,0.2994247295281835,0.0,0.5278650768758941,0.5023720633254957,0.3652080166445669,0.0,0.0,0.17821370497807754,1,-1,0.0,0.0,0.0,0.0,0.0,0.0,0.0,0.0,0.0,0.0,0.5023720633254957,0.5023720633254957,0.5023720633254957,0.5023720633254957,0.36465637358169684,0.0,0.0,0.0,0.0,0.0,-26.191515027393507,-26.274013833970457,-25.997144836779967,-23.96442617391739,-12.82442344411237,6.4571428571428555,6.4571428571428555,6.4571428571428555,6.4571428571428555,3.3999999999999977,0.37096529305525905,0.3628578179575704,0.3498650645042794,0.3078239356051048,0.14864376516343258,0.0,0.0,0.0,0.0,4,7,3,2020,0,0,3,0,0,0,0,1,-1,0,0.0894591748506252,0,-0.36198347107438017,-0.36198347107438017,0.5023720633254957,0.0,0.0,0.0
2020-07-06,386.0,386.0,386.0,386.0,486250.0,0.0,0.0,0.0,0.0,0.0,0.0,0.502372063325496,SEPLAT,386.0,387.27638766319524,390.28000000000003,395.9131449715931,423.82,415.75413875533616,460.40799999999996,454.548764744655,-0.08923599641357179,-0.16161317787701335,-25.249568149108484,-23.27429092705909,-1.9752772220493924,423.82,502.74049563693166,344.89950436306833,0.37242459363376745,0.2603917734248128,0.0,6.4571428571428555,0.016728349370836414,129865.5,3.7442584828149124,0.0,0.5278650768758941,0.5023720633254957,0.3652080166445669,0.0,0.0,0.17668535514307993,1,-1,0.0,0.0,0.0,0.0,0.0,0.0,0.0,0.0,0.0,0.0,0.5023720633254957,0.5023720633254957,0.5023720633254957,0.5023720633254957,0.36465637358169684,0.0,0.0,0.0,0.0,0.0,-25.828400406543835,-26.191515027393507,-26.274013833970457,-25.265619028194635,-14.1981089117142,6.4571428571428555,6.4571428571428555,6.4571428571428555,6.4571428571428555,3.3999999999999977,0.3742151906491927,0.37096529305525905,0.3628578179575704,0.3317202459936698,0.16736315818798259,0.0,0.0,0.0,0.0,0,7,3,2020,0,0,6,1,0,0,0,0,-1,0,0.0894591748506252,0,-0.36198347107438017,-0.36198347107438017,0.5023720633254957,0.0,0.0,0.0
2020-07-07,386.0,386.0,386.0,386.0,13730.0,0.0,0.0,0.0,0.0,0.0,0.0,0.502372063325496,SEPLAT,386.0,386.8509251087969,386.0,394.11075497675796,419.3,412.92041125482797,458.24,451.8605778919234,-0.07941807774862869,-0.15764664804469275,-24.508322726341646,-23.5210972869156,-0.9872254394260445,419.3,495.86053676322865,342.73946323677137,0.36518262229062076,0.2825250356917971,0.0,3.057142857142858,0.007920059215396005,130415.0,0.10527930069393858,0.0,0.5278650768758941,0.5023720633254957,0.3652080166445669,0.0,0.0,0.17323276082571096,1,-1,0.0,0.0,0.0,0.0,0.0,0.0,0.0,0.0,0.0,0.0,0.5023720633254957,0.5023720633254957,0.5023720633254957,0.5023720633254957,0.36465637358169684,0.0,0.0,0.0,0.0,0.0,-25.249568149108484,-25.828400406543835,-26.191515027393507,-25.997144836779967,-15.11255639873309,6.4571428571428555,6.4571428571428555,6.4571428571428555,6.4571428571428555,3.3999999999999977,0.37242459363376745,0.3742151906491927,0.37096529305525905,0.3498650645042794,0.18210424056834948,0.0,0.0,0.0,0.0,1,7,3,2020,0,0,7,0,1,0,0,0,-1,0,0.0894591748506252,0,-0.36198347107438017,-0.36198347107438017,0.5023720633254957,0.0,0.0,0.0
2020-07-08,386.0,386.0,386.0,386.0,7430.0,0.0,0.0,0.0,0.0,0.0,0.0,0.502372063325496,SEPLAT,386.0,386.5672834058646,386.0,392.63607225371106,414.78000000000003,410.356562563892,456.07199999999995,449.27781013145585,-0.06938618062587402,-0.15364240733919196,-23.648277762905025,-23.546533382113488,-0.10174438079153703,414.78000000000003,487.7357501070629,341.82424989293713,0.3517804624478658,0.30275715102808726,0.0,3.057142857142858,0.007920059215396005,130717.5,0.05684013234647235,0.0,0.0,0.5023720633254957,0.3652080166445669,0.0,0.0,0.1677371418195694,1,-1,0.0,0.0,0.0,0.0,-0.1051532402917613,0.0,0.0,0.0,0.0,0.0110572039438569,0.5023720633254957,0.5023720633254957,0.5023720633254957,0.5023720633254957,0.5023720633254957,0.0,0.0,0.0,0.0,0.0,-24.508322726341646,-25.249568149108484,-25.828400406543835,-26.274013833970457,-19.07102600937492,3.057142857142858,6.4571428571428555,6.4571428571428555,6.4571428571428555,6.4571428571428555,0.36518262229062076,0.37242459363376745,0.3742151906491927,0.3628578179575704,0.2369663585603834,0.0,0.0,0.0,0.0,2,7,3,2020,0,0,8,0,0,1,0,0,-1,0,0.0894591748506252,0,-0.36198347107438017,-0.36198347107438017,0.5023720633254957,0.0,0.0,0.0
2020-07-09,386.0,386.0,386.0,386.0,5670.0,0.0,0.0,0.0,0.0,0.0,0.0,0.502372063325496,SEPLAT,386.0,386.37818893724307,386.0,391.4295136621272,410.26000000000005,408.03688993875943,453.904,446.7963273812027,-0.059133232584215,-0.14959991540061335,-22.704957318470008,-23.378218169384795,0.6732608509147866,410.26000000000005,478.1681856937036,342.3518143062965,0.33104950857360477,0.3213764677102143,0.0,3.057142857142858,0.007920059215396005,130991.5,0.043285251333101765,0.0,0.0,0.5023720633254957,0.3652080166445669,0.0,0.0,0.15998810171240033,1,-1,0.0,0.0,0.0,0.0,0.0,0.0,0.0,0.0,0.0,0.0,0.5023720633254957,0.5023720633254957,0.5023720633254957,0.5023720633254957,0.5023720633254957,0.0,0.0,0.0,0.0,0.0,-23.648277762905025,-24.508322726341646,-25.249568149108484,-26.191515027393507,-21.955057459201157,3.057142857142858,3.057142857142858,6.4571428571428555,6.4571428571428555,6.4571428571428555,0.3517804624478658,0.36518262229062076,0.37242459363376745,0.37096529305525905,0.2770151124824904,0.0,0.0,0.0,0.0,3,7,3,2020,0,0,9,0,0,0,1,0,-1,0,0.0894591748506252,0,-0.36198347107438017,-0.36198347107438017,0.5023720633254957,0.0,0.0,0.0
2020-07-10,386.0,386.0,386.0,386.0,5030.0,0.0,0.0,0.0,0.0,0.0,0.0,0.502372063325496,SEPLAT,386.0,386.2521259581621,386.0,390.4423293599222,405.74,405.93813851602044,451.736,444.41215767997903,-0.04865184600975997,-0.14551862149574085,-21.707142641850282,-23.04400306387789,1.336860422027609,405.74,466.8010876176688,344.6789123823312,0.30098628490002866,0.33835859489106135,0.0,3.057142857142858,0.007920059215396005,131230.5,0.03832950419300391,0.0,0.0,0.5023720633254957,0.30381316080631926,0.0,0.0,0.14963596243722638,1,-1,0.0,0.0,0.0,0.0,0.0,0.0,0.0,0.0,0.0,0.0,0.5023720633254957,0.5023720633254957,0.5023720633254957,0.5023720633254957,0.5023720633254957,0.0,0.0,0.0,0.0,0.0,-22.704957318470008,-23.648277762905025,-24.508322726341646,-25.828400406543835,-23.96442617391739,3.057142857142858,3.057142857142858,3.057142857142858,6.4571428571428555,6.4571428571428555,0.33104950857360477,0.3517804624478658,0.36518262229062076,0.3742151906491927,0.3078239356051048,0.0,0.0,0.0,0.0,4,7,3,2020,0,0,10,0,0,0,0,1,-1,0,0.0894591748506252,0,-0.36198347107438017,-0.36198347107438017,0.5023720633254957,0.0,0.0,0.0
2020-07-13,386.0,386.0,386.0,386.0,4910.0,0.0,0.0,0.0,0.0,0.0,0.0,0.502372063325496,SEPLAT,386.0,386.1680839721081,386.0,389.6346331126636,401.21999999999997,404.03926818116133,449.568,442.12148482978375,-0.03793430038382925,-0.1413979642679194,-20.678004161400622,-22.57080328338244,1.8927991219818168,401.21999999999997,452.9244068161556,349.5155931838443,0.2577359394654088,0.352817187767791,0.0,3.057142857142858,0.007920059215396005,131457.0,0.03735061655141986,0.0,0.0,0.5023720633254957,0.30381316080631926,0.0,0.0,0.13608796581891935,1,-1,0.0,0.0,0.0,0.0,0.0,0.0,0.0,0.0,0.0,0.0,0.5023720633254957,0.5023720633254957,0.5023720633254957,0.5023720633254957,0.5023720633254957,0.0,0.0,0.0,0.0,0.0,-21.707142641850282,-22.704957318470008,-23.648277762905025,-25.249568149108484,-25.265619028194635,3.057142857142858,3.057142857142858,3.057142857142858,6.4571428571428555,6.4571428571428555,0.30098628490002866,0.33104950857360477,0.3517804624478658,0.37242459363376745,0.3317202459936698,0.0,0.0,0.0,0.0,0,7,3,2020,0,0,13,1,0,0,0,0,-1,0,0.0894591748506252,0,-0.36198347107438017,-0.36198347107438017,0.5023720633254957,0.0,0.0,0.0
2020-08-19,385.0,385.0,385.0,385.0,1460.0,0.0,0.0,0.0,0.0,0.0,0.0,0.8671114584415472,SEPLAT,385.0,381.4066762314626,371.0,372.1415342310309,353.625,367.30328945558216,388.17800000000005,390.58082055122065,0.08872393071756804,-0.008186965773433976,-0.0018378027530729923,-8.545375811055289,8.543538008302216,353.625,421.44413640822853,285.80586359177147,0.38356528191292205,0.7313137682198004,100.0,7.357142857142857,0.01910946196660482,162047.5,0.00900970394483099,0.0,0.6093205469916367,0.8671114584415469,0.574106609489242,0.0,0.0,0.24042402739391527,1,-1,0.0,0.0,0.0,0.0953101798043249,0.0,0.0,0.0,0.0,0.0090840303743327,0.0,0.8671114584415469,0.8671114584415469,0.8671114584415469,0.8671114584415469,0.7230265347228859,77.03814510097233,61.16389548693587,49.7584541062802,49.7584541062802,27.272727272727266,-1.5522170032361942,-3.5084869354421357,-5.954366202578569,-12.73287843299056,-27.398102632203518,9.549999999999999,12.028571428571427,14.785714285714286,14.785714285714286,10.214285714285714,0.384069748925458,0.38457238686953654,0.38507320383590776,0.38606940685594265,0.40374927335233507,0.0,0.0,0.0,0.0953101798043249,2,8,3,2020,0,0,19,0,0,1,0,0,-1,0,0.0894591748506252,0,-0.36363636363636365,-0.5338842975206611,0.8671114584415469,0.0,0.0,0.0
2020-08-20,385.0,385.0,385.0,385.0,390.0,0.0,0.0,0.0,0.0,0.0,0.0,0.8671114584415472,SEPLAT,385.0,382.6044508209751,374.5,374.4794370981162,353.575,368.98869045981246,386.35,390.3619648433297,0.08887789012232203,-0.003494240973210878,1.212867699651099,-6.5937271089140115,7.8065948085651105,353.575,421.2950390151286,285.85496098487135,0.38305897767166025,0.7320214256889285,100.0,5.342857142857143,0.013877551020408165,162064.0,0.002406456708460855,0.0,0.4784533053843241,0.8671114584415469,0.574106609489242,0.0,0.0,0.2347808978342324,1,-1,0.0,0.0,0.0,0.0,0.0864920313534434,0.0,0.0,0.0,0.0,0.007480871487645,0.8671114584415469,0.8671114584415469,0.8671114584415469,0.8671114584415469,0.7947807212486112,100.0,77.03814510097233,61.16389548693587,49.7584541062802,39.53488372093023,-0.0018378027530729923,-1.5522170032361942,-3.5084869354421357,-8.989588595140674,-24.359678442753648,7.357142857142857,9.549999999999999,12.028571428571427,14.785714285714286,12.285714285714286,0.38356528191292205,0.384069748925458,0.38457238686953654,0.38557220784664,0.40124762639255024,0.0,0.0,0.0,0.0,3,8,3,2020,0,0,20,0,0,0,1,0,-1,0,0.0894591748506252,0,-0.36363636363636365,-0.5338842975206611,0.8671114584415469,0.0,0.0,0.0
2020-08-21,385.0,385.0,385.0,385.0,175350.0,0.0,0.0,0.0,0.0,0.0,0.0,0.8671114584415472,SEPLAT,385.0,383.4029672139834,378.0,376.3922667166405,353.525,370.5135770826875,384.522,390.1516917122188,0.08903189307686875,0.0012431018251231624,2.1507381907125023,-4.844834048988709,6.995572239701211,353.525,421.14564072922997,285.90435927077,0.38255082797103457,0.732732192867218,100.0,5.342857142857143,0.013877551020408165,170772.5,1.0268046670277708,0.0,0.4784533053843241,0.8671114584415469,0.574106609489242,0.0,0.0,0.22635445870236423,1,-1,0.0,0.0,0.0,0.0,0.0,0.0,0.0,0.0,0.0,0.0,0.8671114584415469,0.8671114584415469,0.8671114584415469,0.8671114584415469,0.7947807212486112,100.0,100.0,77.03814510097233,49.7584541062802,39.53488372093023,1.212867699651099,-0.0018378027530729923,-1.5522170032361942,-5.954366202578569,-21.70154349725584,5.342857142857143,7.357142857142857,9.549999999999999,14.785714285714286,12.285714285714286,0.38305897767166025,0.38356528191292205,0.384069748925458,0.38507320383590776,0.3975966721901992,0.0,0.0,0.0,0.0,4,8,3,2020,0,0,21,0,0,0,0,1,1,0,0.0894591748506252,0,-0.36363636363636365,-0.5338842975206611,0.8671114584415469,0.0,0.0,0.0
2020-08-24,385.0,385.0,385.0,385.0,1720.0,0.0,0.0,0.0,0.0,0.0,0.0,0.8671114584415472,SEPLAT,385.0,383.93531147598895,381.5,377.95730913179676,353.475,371.89323640814587,382.694,389.94966458624947,0.08918593959968873,0.006025701996895648,2.8610271715644444,-3.303661804878078,6.164688976442522,353.475,420.99594022169026,285.9540597783098,0.38204082450917454,0.7334460975846495,100.0,4.571428571428571,0.011873840445269016,169738.0,0.010133264207189904,0.0,0.4784533053843241,0.8671114584415469,0.574106609489242,0.0,0.0,0.21481742459141043,1,-1,0.0,0.0,0.0,0.0,0.0,0.0,0.0,0.0,0.0,0.0,0.8671114584415469,0.8671114584415469,0.8671114584415469,0.8671114584415469,0.7947807212486112,100.0,100.0,100.0,61.16389548693587,39.53488372093023,2.1507381907125023,1.212867699651099,-0.0018378027530729923,-3.5084869354421357,-19.371648101241817,5.342857142857143,5.342857142857143,7.357142857142857,12.028571428571427,12.285714285714286,0.38255082797103457,0.38305897767166025,0.38356528191292205,0.38457238686953654,0.39272977565111256,0.0,0.0,0.0,0.0,0,8,3,2020,0,0,24,1,0,0,0,0,1,0,0.0894591748506252,0,-0.36363636363636365,-0.5338842975206611,0.8671114584415469,0.0,0.0,0.0
2020-08-25,385.0,385.0,385.0,385.0,32590.000000000004,0.0,0.0,0.0,0.0,0.0,0.0,0.8671114584415472,SEPLAT,385.0,384.29020765065934,385.0,379.23779838056095,355.355,373.14149960737006,380.866,389.7555600926711,0.08342361863488619,0.010854211192387912,3.3849170890802043,-1.9659460260864217,5.350863115166626,355.355,424.24369665130706,286.466303348693,0.3877176156311691,0.7151659230109525,100.0,4.571428571428571,0.011873840445269016,165853.5,0.19649871724142093,0.0,0.4784533053843241,0.8671114584415469,0.574106609489242,0.0,0.0,0.1369253714589049,1,-1,0.0,0.0,0.0,0.0,0.0,0.0,0.0,0.0,0.0,0.0,0.8671114584415469,0.8671114584415469,0.8671114584415469,0.8671114584415469,0.7947807212486112,100.0,100.0,100.0,77.03814510097233,39.53488372093023,2.8610271715644444,2.1507381907125023,1.212867699651099,-1.5522170032361942,-17.325471957911873,4.571428571428571,5.342857142857143,5.342857142857143,9.549999999999999,12.285714285714286,0.38204082450917454,0.38255082797103457,0.38305897767166025,0.384069748925458,0.3865648087509787,0.0,0.0,0.0,0.0,1,8,3,2020,0,0,25,0,1,0,0,0,1,0,0.0894591748506252,0,-0.36363636363636365,-0.5338842975206611,0.7782539347754533,0.0,0.0,0.0
2020-08-26,385.0,385.0,385.0,385.0,22370.0,0.0,0.0,0.0,0.0,0.0,0.0,0.7782539347754537,SEPLAT,385.0,384.52680510043956,385.0,380.2854714022771,358.96999999999997,374.27088059714436,379.038,389.56906754001733,0.07251302337242675,0.01572929363282834,3.7567975989392153,-0.8213973010812943,4.5781949000205096,358.96999999999997,425.9968791330448,291.94312086695516,0.37344000408415645,0.6941758316714393,100.0,2.5,0.006493506493506494,123767.5,0.18074211727634476,0.0,0.0,0.7782539347754533,0.574106609489242,0.0,0.0,0.10067881545571568,1,-1,0.0,0.0,0.0,0.0,0.0953101798043249,0.0,0.0,0.0,0.0,0.0090840303743327,0.8671114584415469,0.8671114584415469,0.8671114584415469,0.8671114584415469,0.8671114584415469,100.0,100.0,100.0,100.0,49.7584541062802,3.3849170890802043,2.8610271715644444,2.1507381907125023,-0.0018378027530729923,-12.73287843299056,4.571428571428571,4.571428571428571,5.342857142857143,7.357142857142857,14.785714285714286,0.3877176156311691,0.38204082450917454,0.38255082797103457,0.38356528191292205,0.38606940685594265,0.0,0.0,0.0,0.0,2,8,3,2020,0,0,26,0,0,1,0,0,1,0,0.0894591748506252,0,-0.36363636363636365,-0.5338842975206611,0.6682263657150095,0.0,0.0,0.0
2020-08-27,385.0,385.0,385.0,385.0,113580.0,0.0,0.0,0.0,0.0,0.0,0.0,0.6682263657150097,SEPLAT,385.0,384.6845367336264,385.0,381.1426584200449,364.12,375.29270149265443,377.21,389.389888420801,0.057343732835329,0.020651626414994354,4.005344464510358,0.1439510520370363,3.861393412473322,364.12,421.3592798512939,306.88072014870613,0.31439788998843166,0.6823922318226722,100.0,2.5,0.006493506493506494,117836.5,0.963877915586427,0.0,0.0,0.6682263657150095,0.574106609489242,0.0,0.0,0.08179453348421364,1,-1,0.0,0.0,0.0,0.0,0.0,0.0,0.0,0.0,0.0,0.0,0.7782539347754533,0.8671114584415469,0.8671114584415469,0.8671114584415469,0.8671114584415469,100.0,100.0,100.0,100.0,49.7584541062802,3.7567975989392153,3.3849170890802043,2.8610271715644444,1.212867699651099,-8.989588595140674,2.5,4.571428571428571,4.571428571428571,5.342857142857143,14.785714285714286,0.37344000408415645,0.3877176156311691,0.38204082450917454,0.38305897767166025,0.38557220784664,0.0,0.0,0.0,0.0,3,8,3,2020,0,0,27,0,0,0,1,0,1,0,0.0894591748506252,0,-0.36363636363636365,-0.5338842975206611,0.528938966432542,0.0,0.0,0.0
2020-08-28,385.0,385.0,385.0,385.0,121430.0,0.0,0.0,0.0,0.0,0.0,0.0,0.5289389664325421,SEPLAT,385.0,384.7896911557509,385.0,381.843993252764,367.86,376.21720611240164,376.334,389.2177359337108,0.04659381286358937,0.023027417134779203,4.154429963581663,0.9460468343459616,3.2083831292357012,367.86,419.79406345904795,315.9259365409521,0.2823577636005433,0.665016935498563,100.0,2.5,0.006493506493506494,97043.0,1.2513009696732376,0.0,0.0,0.528938966432542,0.574106609489242,0.0,0.0,0.09083339358707229,1,-1,0.0,0.0,0.0,0.0,0.0,0.0,0.0,0.0,0.0,0.0,0.6682263657150095,0.7782539347754533,0.8671114584415469,0.8671114584415469,0.8671114584415469,100.0,100.0,100.0,100.0,49.7584541062802,4.005344464510358,3.7567975989392153,3.3849170890802043,2.1507381907125023,-5.954366202578569,2.5,2.5,4.571428571428571,5.342857142857143,14.785714285714286,0.31439788998843166,0.37344000408415645,0.3877176156311691,0.38255082797103457,0.38507320383590776,0.0,0.0,0.0,0.0,4,8,3,2020,0,0,28,0,0,0,0,1,1,0,0.0894591748506252,0,-0.36363636363636365,-0.4872727272727273,0.44212605392228416,0.0,0.0,0.2713436933413427
2020-08-31,385.0,385.0,385.0,385.0,224950.0,0.0,0.0,0.0,0.0,0.0,0.0,0.4421260539222842,SEPLAT,385.0,384.85979410383396,385.0,382.41781266135234,371.6,377.0536626731253,375.458,389.0523345245457,0.036060279870828785,0.025414294008917034,4.223890910562488,1.601615649589267,2.6222752609732214,371.6,416.3232425149679,326.87675748503216,0.24070636445084964,0.6498102468254096,100.0,2.5,0.006493506493506494,107711.0,2.0884589317711284,0.0,0.0,0.44212605392228416,0.574106609489242,0.0,0.0,0.11794035744948059,1,-1,0.0,0.0,0.0,0.0,0.0,0.0,0.0,0.0,0.0,0.0,0.528938966432542,0.6682263657150095,0.7782539347754533,0.8671114584415469,0.8671114584415469,100.0,100.0,100.0,100.0,61.16389548693587,4.154429963581663,4.005344464510358,3.7567975989392153,2.8610271715644444,-3.5084869354421357,2.5,2.5,2.5,4.571428571428571,12.028571428571427,0.2823577636005433,0.31439788998843166,0.37344000408415645,0.38204082450917454,0.38457238686953654,0.0,0.0,0.0,0.0,0,8,3,2020,0,1,31,1,0,0,0,0,1,0,0.0894591748506252,0,-0.36363636363636365,-0.4872727272727273,0.44212605392228416,0.0,0.0,0.2713436933413427
2020-09-22,385.0,385.0,385.0,385.0,330.0,0.0,0.0,0.0,0.0,0.0,0.0,0.1690597959994858,SEPLAT,385.0,385.6217935035375,388.0,386.9343998593412,388.75,386.11958738360767,374.07,389.1288348503876,-0.00964630225080386,0.029219130109337844,1.8355195785551928,3.3534940252135836,-1.5179744466583909,388.75,400.8352236875841,376.6647763124159,0.062174784244805756,0.3448518580647952,50.0,2.142857142857143,0.0055658627087198514,100229.5,0.0032924438413840236,0.0,0.13608559109337173,0.16905979599948567,0.5440192145603069,0.0,0.0,0.21405121619254203,0,-1,0.0,0.0,0.0,-0.0129034048359078,0.0,0.0,0.0,0.0,0.0001664978563593,0.0,0.16905979599948567,0.16905979599948567,0.16905979599948567,0.16905979599948567,0.34952432391162136,50.0,50.0,50.0,50.0,100.0,2.1933923520285816,2.6182642577778665,3.1224714646392613,4.429924002837822,6.534693935373582,2.142857142857143,2.142857142857143,2.142857142857143,2.142857142857143,1.0714285714285714,0.062174784244805756,0.062174784244805756,0.062174784244805756,0.062174784244805756,0.056761401967594695,0.0,0.0,0.0,0.0129034048359078,1,9,3,2020,0,0,22,0,1,0,0,0,1,0,0.0894591748506252,0,-0.36363636363636365,-0.36363636363636365,0.21473599590369044,0.0014608611094468,0.0382212128201976,0.27711590072251524
2020-10-19,420.0,420.0,420.0,420.0,670.0,0.0,0.0,0.0,0.0,0.0,0.0,0.1717459816589235,SEPLAT,420.0,418.99446232807844,416.0,415.5256441731862,406.9,408.85108623183265,393.86,400.3581334312761,0.032194642418284646,0.06636876047326458,8.404291923934295,7.539299802364068,0.8649921215702268,406.9,429.3864871703685,384.41351282963143,0.11052586468600908,0.7912860488334185,100.0,1.5714285714285714,0.0037414965986394557,133684.5,0.005011800171298842,0.0,0.12096874886125808,0.17174598165892355,0.5121370613944934,0.0,0.0,0.020525337513870888,0,-1,0.0,0.0,0.0,0.0240975515790605,0.0246926125903714,0.0,0.0,0.0,0.0005806919921054,0.0006097251165381,0.17174598165892355,0.17174598165892355,0.18122347563009494,0.18122347563009494,0.2300627651697464,91.66666666666667,91.66666666666667,91.66666666666667,94.87179487179488,79.41176470588235,8.472744421188679,8.43687478064885,8.268373897186677,7.38963835441217,5.3277419841491565,1.8571428571428572,1.8571428571428572,1.8571428571428572,2.9285714285714284,2.5714285714285716,0.11656587703733476,0.11978613979783825,0.12034601035582501,0.11053300357046418,0.07810335750883327,0.0,0.0,0.0,0.0240975515790605,0,10,4,2020,0,0,19,1,0,0,0,0,1,0,0.0894591748506252,0,-0.30578512396694213,-0.36363636363636365,0.17174598165892355,0.0,0.0,0.0
2020-10-20,420.0,420.0,420.0,420.0,1050.0,0.0,0.0,0.0,0.0,0.0,0.0,0.1717459816589235,SEPLAT,420.0,419.32964155205235,417.0,416.33916341442506,408.65,409.9128875430867,395.26,401.12840270848096,0.02777437905297938,0.0625917117846481,8.254885643476428,7.682416970586541,0.5724686728898867,408.65,429.33587109980834,387.9641289001916,0.10124003964178817,0.7743418429235298,100.0,1.4285714285714286,0.003401360544217687,133059.5,0.007891206565483862,0.0,0.12096874886125808,0.17174598165892355,0.5121370613944934,0.0,0.0,0.020371343706394457,0,-1,0.0,0.0,0.0,0.0,0.0,0.0,0.0,0.0,0.0,0.0,0.17174598165892355,0.17174598165892355,0.17174598165892355,0.18122347563009494,0.19113105588907253,100.0,91.66666666666667,91.66666666666667,94.87179487179488,93.10344827586206,8.404291923934295,8.472744421188679,8.43687478064885,7.933038240154133,5.891662989720828,1.5714285714285714,1.8571428571428572,1.8571428571428572,2.9285714285714284,2.2142857142857144,0.11052586468600908,0.11656587703733476,0.11978613979783825,0.11821317492148581,0.08486750089907617,0.0,0.0,0.0,0.0,1,10,4,2020,0,0,20,0,1,0,0,0,1,0,0.0894591748506252,0,-0.30578512396694213,-0.36363636363636365,0.17174598165892355,0.0,0.0,0.0
2020-10-21,420.0,420.0,420.0,420.0,40680.0,0.0,0.0,0.0,0.0,0.0,0.0,0.1717459816589235,SEPLAT,420.0,419.5530943680349,418.0,417.00477006634776,410.4,410.8735649199356,396.66,401.8684653473641,0.023391812865497134,0.05884132506428673,8.043756669972709,7.754684910463775,0.2890717595089338,410.4,428.4105232397177,392.38947676028226,0.08777058109024227,0.7665108579086036,100.0,1.4285714285714286,0.003401360544217687,135077.0,0.30116155970298425,0.0,0.12096874886125808,0.17174598165892355,0.5121370613944934,0.0,0.0,0.020215327075791815,0,-1,0.0,0.0,0.0,0.0,0.0,0.0,0.0,0.0,0.0,0.0,0.17174598165892355,0.17174598165892355,0.17174598165892355,0.18122347563009494,0.19113105588907253,100.0,100.0,91.66666666666667,91.66666666666667,93.10344827586206,8.254885643476428,8.404291923934295,8.472744421188679,8.268373897186677,6.26633998280721,1.4285714285714286,1.5714285714285714,1.8571428571428572,1.8571428571428572,2.2142857142857144,0.10124003964178817,0.11052586468600908,0.11656587703733476,0.12034601035582501,0.09080416154569661,0.0,0.0,0.0,0.0,2,10,4,2020,0,0,21,0,0,1,0,0,1,0,0.0894591748506252,0,-0.30578512396694213,-0.36363636363636365,0.17174598165892355,0.0,0.0,0.0
2020-10-22,420.0,420.0,420.0,420.0,34090.0,0.0,0.0,0.0,0.0,0.0,0.0,0.1717459816589235,SEPLAT,420.0,419.70206291202334,419.0,417.54935732701176,411.4,411.74274921327503,397.36,402.57950592197733,0.02090422946037925,0.0569760418763841,7.786675489364768,7.761083026243973,0.025592463120794662,411.4,429.1988763690293,393.6011236309707,0.08652832459421149,0.741588284049333,100.0,1.4285714285714286,0.003401360544217687,123267.0,0.27655414668970607,0.0,0.12096874886125808,0.17174598165892355,0.5121370613944934,0.0,0.0,0.020057240418110092,0,-1,0.0,0.0,0.0,0.0,0.0,0.0,0.0,0.0,0.0,0.0,0.17174598165892355,0.17174598165892355,0.17174598165892355,0.17174598165892355,0.19113105588907253,100.0,100.0,100.0,91.66666666666667,93.10344827586206,8.043756669972709,8.254885643476428,8.404291923934295,8.43687478064885,6.4884790516605335,1.4285714285714286,1.4285714285714286,1.5714285714285714,1.8571428571428572,2.2142857142857144,0.08777058109024227,0.10124003964178817,0.11052586468600908,0.11978613979783825,0.09606915887731636,0.0,0.0,0.0,0.0,3,10,4,2020,0,0,22,0,0,0,1,0,1,0,0.0894591748506252,0,-0.30578512396694213,-0.3421487603305785,0.11918108910614943,0.0,0.0,0.0
2020-10-23,420.0,420.0,420.0,420.0,5270.0,0.0,0.0,0.0,0.0,0.0,0.0,0.1191810891061492,SEPLAT,420.0,419.80137527468224,420.0,417.9949287221005,412.4,412.529154050106,398.06,403.262662552488,0.018428709990300735,0.0551173189971361,7.496521567357206,7.70817073446662,-0.21164916710941384,412.4,429.74358671094274,395.0564132890572,0.0841105078125255,0.7191011619068645,100.0,0.7142857142857143,0.0017006802721088435,115152.0,0.045765596776434624,0.0,0.12096874886125808,0.11918108910614943,0.5121370613944934,0.0,0.0,0.02530913346991573,0,-1,0.0,0.0,0.0,0.0,0.0,0.0,0.0,0.0,0.0,0.0,0.17174598165892355,0.17174598165892355,0.17174598165892355,0.17174598165892355,0.19113105588907253,100.0,100.0,100.0,91.66666666666667,93.10344827586206,7.786675489364768,8.043756669972709,8.254885643476428,8.472744421188679,6.588576851455457,1.4285714285714286,1.4285714285714286,1.4285714285714286,1.8571428571428572,2.2142857142857144,0.08652832459421149,0.08777058109024227,0.10124003964178817,0.11656587703733476,0.09976279428672498,0.0,0.0,0.0,0.0,4,10,4,2020,0,0,23,0,0,0,0,1,1,0,0.0894591748506252,0,-0.30578512396694213,-0.3421487603305785,0.11918108910614943,0.0,0.0,0.0
2020-10-26,420.0,420.0,420.0,420.0,1140.0,0.0,0.0,0.0,0.0,0.0,0.0,0.1191810891061492,SEPLAT,420.0,419.8675835164549,420.0,418.359487136264,413.4,413.24066318819115,398.76,403.91902872690025,0.01596516690856319,0.05326512187782127,7.183762550771746,7.603289097727646,-0.4195265469558995,413.4,430.02464878932517,396.7753512106748,0.0804288765811572,0.6985004340133167,100.0,0.7142857142857143,0.0017006802721088435,114958.0,0.00991666521686181,0.0,0.0,0.11918108910614943,0.4640053928834482,0.0,0.0,0.02890210832284965,0,-1,0.0,0.0,0.0,0.0,0.0240975515790605,0.0,0.0,0.0,0.0,0.0005806919921054,0.11918108910614943,0.17174598165892355,0.17174598165892355,0.17174598165892355,0.18122347563009494,100.0,100.0,100.0,100.0,94.87179487179488,7.496521567357206,7.786675489364768,8.043756669972709,8.404291923934295,7.38963835441217,0.7142857142857143,1.4285714285714286,1.4285714285714286,1.5714285714285714,2.9285714285714284,0.0841105078125255,0.08652832459421149,0.08777058109024227,0.11052586468600908,0.11053300357046418,0.0,0.0,0.0,0.0,0,10,4,2020,0,0,26,1,0,0,0,0,1,0,0.0894591748506252,0,-0.30578512396694213,-0.3421487603305785,0.11918108910614943,0.0,0.0,0.0
2020-10-27,420.0,420.0,420.0,420.0,1860.0,0.0,0.0,0.0,0.0,0.0,0.0,0.1191810891061492,SEPLAT,420.0,419.9117223443033,420.0,418.6577622023978,414.5,413.8844095512206,399.46,404.54965505133555,0.013268998793727383,0.0514194162118861,6.856857195318412,7.454002717245799,-0.5971455219273869,414.5,429.68309309032463,399.31690690967537,0.07325979778202477,0.6811225146049079,100.0,0.7142857142857143,0.0017006802721088435,96712.0,0.019232359996691206,0.0,0.0,0.11918108910614943,0.4086558989419623,0.0,0.0,0.031410695291779964,0,-1,0.0,0.0,0.0,0.0,0.0,0.0,0.0,0.0,0.0,0.0,0.11918108910614943,0.11918108910614943,0.17174598165892355,0.17174598165892355,0.18122347563009494,100.0,100.0,100.0,100.0,94.87179487179488,7.183762550771746,7.496521567357206,7.786675489364768,8.254885643476428,7.933038240154133,0.7142857142857143,0.7142857142857143,1.4285714285714286,1.4285714285714286,2.9285714285714284,0.0804288765811572,0.0841105078125255,0.08652832459421149,0.10124003964178817,0.11821317492148581,0.0,0.0,0.0,0.0,1,10,4,2020,0,0,27,0,1,0,0,0,1,0,0.0894591748506252,0,-0.30578512396694213,-0.3421487603305785,0.11652896256863784,0.0,0.0,0.0
2020-10-28,420.0,420.0,420.0,420.0,1940.0,0.0,0.0,0.0,0.0,0.0,0.0,0.1165289625686375,SEPLAT,420.0,419.9411482295356,420.0,418.9018054383255,415.5,414.46684673681864,400.16,405.1555509316753,0.010830324909747292,0.0495801679328268,6.522593943093511,7.267720962415342,-0.7451270193218305,415.5,429.2266548230648,401.7733451769352,0.06607294740344063,0.6639146630407973,100.0,0.7142857142857143,0.0017006802721088435,76445.0,0.025377722545621036,0.0,0.0,0.11652896256863784,0.3449258488329112,0.0,0.0,0.03324106772898345,0,-1,0.0,0.0,0.0,0.0,0.0,0.0,0.0,0.0,0.0,0.0,0.11918108910614943,0.11918108910614943,0.11918108910614943,0.17174598165892355,0.18122347563009494,100.0,100.0,100.0,100.0,91.66666666666667,6.856857195318412,7.183762550771746,7.496521567357206,8.043756669972709,8.268373897186677,0.7142857142857143,0.7142857142857143,0.7142857142857143,1.4285714285714286,1.8571428571428572,0.07325979778202477,0.0804288765811572,0.0841105078125255,0.08777058109024227,0.12034601035582501,0.0,0.0,0.0,0.0,2,10,4,2020,0,0,28,0,0,1,0,0,1,0,0.0894591748506252,0,-0.30578512396694213,-0.33884297520661155,0.1164944955656785,0.0,0.0,0.0
2020-10-30,420.0,420.0,420.0,420.0,6180.0,0.0,0.0,0.0,0.0,0.0,0.0,0.1164944955656781,SEPLAT,420.0,419.9607654863571,420.0,419.1014771768117,416.5,414.9938137142645,400.86,405.7376861892567,0.008403361344537815,0.047747343212093965,6.1863752247624575,7.051451814884766,-0.8650765901223085,416.5,428.2428589722475,404.7571410277525,0.05638827837813934,0.649026740773764,100.0,0.7142857142857143,0.0017006802721088435,52455.0,0.1178152702316271,0.0,0.0,0.1164944955656785,0.2938783778485153,0.0,0.0,0.03428330049745763,0,-1,0.0,0.0,0.0,0.0,0.0,0.0,0.0,0.0,0.0,0.0,0.11652896256863784,0.11918108910614943,0.11918108910614943,0.17174598165892355,0.17174598165892355,100.0,100.0,100.0,100.0,91.66666666666667,6.522593943093511,6.856857195318412,7.183762550771746,7.786675489364768,8.43687478064885,0.7142857142857143,0.7142857142857143,0.7142857142857143,1.4285714285714286,1.8571428571428572,0.06607294740344063,0.07325979778202477,0.0804288765811572,0.08652832459421149,0.11978613979783825,0.0,0.0,0.0,0.0,4,10,4,2020,0,0,30,0,0,0,0,1,1,0,0.0894591748506252,0,-0.30578512396694213,-0.33884297520661155,0.1164944955656785,0.0,0.0,0.0
2020-11-30,400.7,400.7,400.7,400.7,103380.0,0.0,0.0,0.0,0.0,0.0,0.0,0.1629572069009106,SEPLAT,400.7,400.92311981895534,400.7,402.80949647666836,409.385,406.50655052703894,409.814,406.9726723240294,-0.021214748952697343,-0.02223935736700072,-3.7129866387672337,-2.44330666370241,-1.2696799750648236,409.385,429.087126521614,389.682873478386,0.09625231272085685,0.2795923198830283,0.0,1.3785714285714294,0.003440407857677638,46176.5,2.238801121782725,0.0,0.0,0.1629572069009105,0.17056242202542798,0.0,0.0,0.05912272292658398,0,-1,0.0,0.0,0.0,0.0,-0.0470416936353151,0.0,0.0,0.0,0.0,0.0022129209400788,0.1629572069009105,0.1629572069009105,0.1629572069009105,0.1629572069009105,0.1629572069009105,0.0,0.0,0.0,0.0,0.0,-3.7019366197818613,-3.633986426534534,-3.494399286403734,-2.9256343509029534,1.5339504192273807,1.3785714285714294,1.3785714285714294,1.3785714285714294,1.3785714285714294,1.3785714285714294,0.09650972192149868,0.09580067112365945,0.09411716809969611,0.087628336133318,0.04119571106542025,0.0,0.0,0.0,0.0,0,11,4,2020,0,1,30,1,0,0,0,0,-1,0,0.0894591748506252,0,-0.33768595041322313,-0.33768595041322313,0.16422721055035122,1.588071367350009e-05,0.0039850613136437,0.028291128806471874
2020-12-08,402.3,402.3,402.3,402.3,257070.0,0.0,0.0,0.0,0.0,0.0,0.0,0.1642272105503513,SEPLAT,402.3,402.1791216301964,401.65999999999997,402.45284109158933,404.075,404.6074481299622,410.99,405.9755365884262,-0.004392748870877875,-0.021144066765614727,-2.715021964202549,-2.8733813724525286,0.15835940824997952,404.075,417.87826048439285,390.2717395156071,0.06832028947295857,0.435703596914405,100.0,0.1142857142857159,0.0002840808209935767,103963.0,2.472706636014736,0.0,0.02000484902647834,0.16422721055035122,0.15270671960151583,0.0,0.0,0.05959010525928272,0,-1,0.0,0.0,0.0,0.0039850613136437,0.0,0.0,0.0,0.0,1.588071367350009e-05,0.0,0.16422721055035122,0.16422721055035122,0.16422721055035122,0.16422721055035122,0.1629572069009105,100.0,100.0,7.6555023923446015,7.6555023923446015,0.0,-2.878939040609737,-3.0462813593606484,-3.215561462793744,-3.5516954953653226,-3.2654077106528234,0.1142857142857159,0.1142857142857159,1.4928571428571453,1.4928571428571453,1.3785714285714294,0.07650448807798939,0.08287137943365669,0.08782960148031643,0.09439459530286477,0.09141944714773231,0.0,0.0,0.0,0.0039850613136437,1,12,4,2020,0,0,8,0,1,0,0,0,-1,0,0.0894591748506252,0,-0.3350413223140496,-0.33768595041322313,0.16422721055035122,0.0,0.0,0.0
2020-12-09,402.3,402.3,402.3,402.3,75270.0,0.0,0.0,0.0,0.0,0.0,0.0,0.1642272105503513,SEPLAT,402.3,402.219414420131,401.82,402.4250518022094,403.19,404.38769116520393,411.07599999999996,405.83139789868403,-0.002207396016766255,-0.021348850334244652,-2.5556564830949355,-2.8098363945810103,0.25417991148607477,403.19,414.78762226084575,391.59237773915424,0.057529315016968445,0.4616300660608391,100.0,0.1142857142857159,0.0002840808209935767,106967.5,0.7036716759763479,0.0,0.02000484902647834,0.16422721055035122,0.15270671960151583,0.0,0.0,0.058611371330333645,0,-1,0.0,0.0,0.0,0.0,0.0,0.0,0.0,0.0,0.0,0.0,0.16422721055035122,0.16422721055035122,0.16422721055035122,0.16422721055035122,0.1629572069009105,100.0,100.0,100.0,7.6555023923446015,0.0,-2.715021964202549,-2.878939040609737,-3.0462813593606484,-3.3848526280804663,-3.494399286403734,0.1142857142857159,0.1142857142857159,0.1142857142857159,1.4928571428571453,1.3785714285714294,0.06832028947295857,0.07650448807798939,0.08287137943365669,0.09161996988709656,0.09411716809969611,0.0,0.0,0.0,0.0,2,12,4,2020,0,0,9,0,0,1,0,0,-1,0,0.0894591748506252,0,-0.3350413223140496,-0.33768595041322313,0.16422721055035122,0.0,0.0,0.0
2020-12-10,402.3,402.3,402.3,402.3,33460.0,0.0,0.0,0.0,0.0,0.0,0.0,0.1642272105503513,SEPLAT,402.3,402.2462762800874,401.98,402.4023151108986,402.305,404.18886343518454,411.12199999999996,405.69291170657874,-1.2428381451872217e-05,-0.02145835056260659,-2.4016731975194716,-2.728203755168703,0.3265305576492312,402.305,410.7834494610252,393.8265505389748,0.042149361608855004,0.4997051347641464,100.0,0.1142857142857159,0.0002840808209935767,103821.0,0.322285472110652,0.0,0.02000484902647834,0.16422721055035122,0.1437147788410178,0.0,0.0,0.049180965422638376,0,-1,0.0,0.0,0.0,0.0,0.0,0.0,0.0,0.0,0.0,0.0,0.16422721055035122,0.16422721055035122,0.16422721055035122,0.16422721055035122,0.1629572069009105,100.0,100.0,100.0,7.6555023923446015,0.0,-2.5556564830949355,-2.715021964202549,-2.878939040609737,-3.215561462793744,-3.633986426534534,0.1142857142857159,0.1142857142857159,0.1142857142857159,1.4928571428571453,1.3785714285714294,0.057529315016968445,0.06832028947295857,0.07650448807798939,0.08782960148031643,0.09580067112365945,0.0,0.0,0.0,0.0,3,12,4,2020,0,0,10,0,0,0,1,0,-1,0,0.0894591748506252,0,-0.3350413223140496,-0.33768595041322313,0.16422721055035122,0.0,0.0,0.0
2020-12-11,402.3,402.3,402.3,402.3,119250.0,0.0,0.0,0.0,0.0,0.0,0.0,0.1642272105503513,SEPLAT,402.3,402.26418418672495,402.14,402.38371236346245,401.41999999999996,404.00897167945266,411.168,405.55985634553645,0.00219221762742278,-0.021567826289983643,-2.25366152708267,-2.6332953095514964,0.3796337824688263,401.41999999999996,403.05333691370913,399.7866630862908,0.008137795394893989,0.7693871645873862,100.0,0.1142857142857159,0.0002840808209935767,103564.0,1.151461897956819,0.0,0.02000484902647834,0.16422721055035122,0.1437147788410178,0.0,0.0,0.035690482667441126,0,-1,0.0,0.0,0.0,0.0,0.0,0.0,0.0,0.0,0.0,0.0,0.16422721055035122,0.16422721055035122,0.16422721055035122,0.16422721055035122,0.1629572069009105,100.0,100.0,100.0,100.0,0.0,-2.4016731975194716,-2.5556564830949355,-2.715021964202549,-3.0462813593606484,-3.7019366197818613,0.1142857142857159,0.1142857142857159,0.1142857142857159,0.1142857142857159,1.3785714285714294,0.042149361608855004,0.057529315016968445,0.06832028947295857,0.08287137943365669,0.09650972192149868,0.0,0.0,0.0,0.0,4,12,4,2020,0,0,11,0,0,0,0,1,-1,0,0.0894591748506252,0,-0.3350413223140496,-0.33768595041322313,0.16422721055035122,0.0,0.0,0.0
2020-12-14,402.3,402.3,402.3,402.3,98780.0,0.0,0.0,0.0,0.0,0.0,0.0,0.1642272105503513,SEPLAT,402.3,402.27612279115,402.3,402.368491933742,401.5,403.8462124718858,411.214,405.4320188417899,0.0019925280199253087,-0.021677277524597867,-2.1120152151782463,-2.5290392906768466,0.4170240754986003,401.5,403.1415653633365,399.8584346366635,0.008177162457466983,0.7436698586201904,100.0,0.1142857142857159,0.0002840808209935767,107770.5,0.916577356512218,0.0,0.02000484902647834,0.16422721055035122,0.1437147788410178,0.0,0.0,0.0006499450890259826,0,-1,0.0,0.0,0.0,0.0,0.0,0.0,0.0,0.0,0.0,0.0,0.16422721055035122,0.16422721055035122,0.16422721055035122,0.16422721055035122,0.1629572069009105,100.0,100.0,100.0,100.0,0.0,-2.25366152708267,-2.4016731975194716,-2.5556564830949355,-2.878939040609737,-3.7129866387672337,0.1142857142857159,0.1142857142857159,0.1142857142857159,0.1142857142857159,1.3785714285714294,0.008137795394893989,0.042149361608855004,0.057529315016968445,0.07650448807798939,0.09625231272085685,0.0,0.0,0.0,0.0,0,12,4,2020,0,0,14,1,0,0,0,0,-1,0,0.0894591748506252,0,-0.3350413223140496,-0.33768595041322313,0.013804657333016062,0.0,0.0,0.0
2020-12-15,402.3,402.3,402.3,402.3,221270.0,0.0,0.0,0.0,0.0,0.0,0.0,0.0138046573330162,SEPLAT,402.3,402.2840818607667,402.3,402.3560388548798,401.58000000000004,403.69895414123005,411.06,405.3091945734844,0.0017929179740026155,-0.02131075755364178,-1.9769702105217561,-2.4186254746458284,0.4416552641240723,401.58000000000004,403.2133369137092,399.94666308629087,0.008134553083864595,0.7204076801169301,100.0,0.1142857142857159,0.0002840808209935767,116996.0,1.8912612397005026,0.0,0.0,0.013804657333016062,0.1411196780737504,0.0,0.0,0.03269249100173697,0,-1,0.0,0.0,0.0,0.0,0.0039850613136437,0.0,0.0,0.0,0.0,1.588071367350009e-05,0.16422721055035122,0.16422721055035122,0.16422721055035122,0.16422721055035122,0.16422721055035122,100.0,100.0,100.0,100.0,7.6555023923446015,-2.1120152151782463,-2.25366152708267,-2.4016731975194716,-2.715021964202549,-3.5516954953653226,0.1142857142857159,0.1142857142857159,0.1142857142857159,0.1142857142857159,1.4928571428571453,0.008177162457466983,0.008137795394893989,0.042149361608855004,0.06832028947295857,0.09439459530286477,0.0,0.0,0.0,0.0,1,12,4,2020,0,0,15,0,1,0,0,0,-1,0,0.0894591748506252,0,-0.3350413223140496,-0.33768595041322313,0.013804657333016062,0.0,0.0,0.0
2020-12-16,402.3,402.3,402.3,402.3,70490.0,0.0,0.0,0.0,0.0,0.0,0.0,0.0138046573330162,SEPLAT,402.3,402.2893879071778,402.3,402.3458499721744,401.65999999999997,403.56572041349386,410.906,405.19118694315165,0.0015933874421153295,-0.020943962852817907,-1.8486361446453543,-2.304627608645734,0.4559914640003795,401.65999999999997,403.26839900784034,400.0516009921596,0.00800875869063574,0.698955606438536,100.0,0.1142857142857159,0.0002840808209935767,119733.0,0.5887265833145415,0.0,0.0,0.013804657333016062,0.1411196780737504,0.0,0.0,0.045069278601308355,0,-1,0.0,0.0,0.0,0.0,0.0,0.0,0.0,0.0,0.0,0.0,0.013804657333016062,0.16422721055035122,0.16422721055035122,0.16422721055035122,0.16422721055035122,100.0,100.0,100.0,100.0,7.6555023923446015,-1.9769702105217561,-2.1120152151782463,-2.25366152708267,-2.5556564830949355,-3.3848526280804663,0.1142857142857159,0.1142857142857159,0.1142857142857159,0.1142857142857159,1.4928571428571453,0.008134553083864595,0.008177162457466983,0.008137795394893989,0.057529315016968445,0.09161996988709656,0.0,0.0,0.0,0.0,2,12,4,2020,0,0,16,0,0,1,0,0,-1,0,0.0894591748506252,0,-0.3350413223140496,-0.33768595041322313,0.013804657333016062,0.0,0.0,0.0
2020-12-17,402.3,402.3,402.3,402.3,91840.0,0.0,0.0,0.0,0.0,0.0,0.0,0.0138046573330162,SEPLAT,402.3,402.29292527145185,402.3,402.33751361359725,401.74,403.4451756122087,410.75199999999995,405.07780706302805,0.001393936376761095,-0.02057689311311921,-1.7270224332646649,-2.18910657356952,0.46208414030485523,401.74,403.305953551775,400.174046448225,0.0077958557862050585,0.6788047925703932,100.0,0.1142857142857159,0.0002840808209935767,122604.0,0.7490783334964601,0.0,0.0,0.013804657333016062,0.1411196780737504,0.0,0.0,0.05373774414552441,0,-1,0.0,0.0,0.0,0.0,0.0,0.0,0.0,0.0,0.0,0.0,0.013804657333016062,0.013804657333016062,0.16422721055035122,0.16422721055035122,0.16422721055035122,100.0,100.0,100.0,100.0,7.6555023923446015,-1.8486361446453543,-1.9769702105217561,-2.1120152151782463,-2.4016731975194716,-3.215561462793744,0.1142857142857159,0.1142857142857159,0.1142857142857159,0.1142857142857159,1.4928571428571453,0.00800875869063574,0.008134553083864595,0.008177162457466983,0.042149361608855004,0.08782960148031643,0.0,0.0,0.0,0.0,3,12,4,2020,0,0,17,0,0,0,1,0,-1,0,0.0894591748506252,0,-0.3350413223140496,-0.33768595041322313,0.013804657333016062,0.0,0.0,0.0
2020-12-18,402.3,402.3,402.3,402.3,3040.0,0.0,0.0,0.0,0.0,0.0,0.0,0.0138046573330162,SEPLAT,402.3,402.2952835143012,402.3,402.3306929565796,401.82,403.3361112681888,410.598,404.9688734527132,0.001194564730476378,-0.020209548025075626,-1.6120598681286538,-2.073697232481347,0.4616373643526934,401.82,403.32451950714153,400.31548049285846,0.007488524748103817,0.6595193673865946,100.0,0.1142857142857159,0.0002840808209935767,119895.5,0.02535541367274001,0.0,0.0,0.013804657333016062,0.1411196780737504,0.0,0.0,0.060318444811857753,0,-1,0.0,0.0,0.0,0.0,0.0,0.0,0.0,0.0,0.0,0.0,0.013804657333016062,0.013804657333016062,0.013804657333016062,0.16422721055035122,0.16422721055035122,100.0,100.0,100.0,100.0,100.0,-1.7270224332646649,-1.8486361446453543,-1.9769702105217561,-2.25366152708267,-3.0462813593606484,0.1142857142857159,0.1142857142857159,0.1142857142857159,0.1142857142857159,0.1142857142857159,0.0077958557862050585,0.00800875869063574,0.008134553083864595,0.008137795394893989,0.08287137943365669,0.0,0.0,0.0,0.0,4,12,4,2020,0,0,18,0,0,0,0,1,-1,0,0.0894591748506252,0,-0.3350413223140496,-0.33768595041322313,0.013804657333016062,0.0,0.0,0.0
2021-01-21,540.0,540.0,522.0,506.0,42370.0,0.0,0.0,0.0,0.0,0.0,0.0,0.5199398288762056,SEPLAT,540.0,534.8619887516062,522.48,515.7136474190422,465.59499999999997,483.75785173098103,428.68199999999996,445.42127679027897,0.15980626939722298,0.2596750038490071,36.627785159667496,28.168003461988505,8.459781697678991,465.59499999999997,588.1999106082751,342.9900893917248,0.5266590517865319,0.8034340126788451,100.0,28.292857142857137,0.05239417989417988,236693.0,0.17900825119458538,0.0,0.6008734701483248,0.5199398288762055,0.3300934036479419,0.40745136746210975,0.43342909450118816,0.23772458646718253,1,-1,0.0,0.0,0.0,0.0839856560730928,0.0953101798043249,0.0,0.0,0.0,0.0070535904260278,0.0090840303743327,0.5199398288762055,0.5199398288762055,0.5199398288762055,0.5199398288762055,0.333396660645915,100.0,100.0,100.0,100.0,100.0,36.30227764386905,35.35877855797543,33.640221127500695,27.082865640008777,3.9898302016126195,27.10714285714285,25.749999999999993,23.60714285714285,19.078571428571422,9.235714285714282,0.5252063417003927,0.5160130021126116,0.49789804836349366,0.42593295122932484,0.10817175503778384,0.0,0.0,0.0,0.0839856560730928,3,1,1,2021,0,0,21,0,0,0,1,0,1,0,0.0894591748506252,0,-0.10743801652892562,-0.3350413223140496,0.5199398288762055,0.0,0.0,0.6897941854521621
2021-01-22,540.0,540.0,520.0,496.5,29170.0,0.0,0.0,0.0,0.0,0.0,0.0,0.5199398288762056,SEPLAT,540.0,536.5746591677375,526.87,520.1293478883072,472.4799999999999,489.11424680422095,431.082,449.13024632791513,0.14290551981036256,0.2526619065514218,36.465401758544715,29.82748312129975,6.637918637244965,472.4799999999999,595.5833900084758,349.37660999152394,0.5210946072150184,0.7742410261624445,100.0,30.13571428571428,0.0558068783068783,235030.0,0.12411181551291324,0.0,0.4211742956287833,0.5199398288762055,0.3300934036479419,0.38509497770341405,0.4119846734734461,0.23696372537298047,1,-1,0.0,0.0,0.0,0.0,0.0953101798043249,0.0,0.0,0.0,0.0,0.0090840303743327,0.5199398288762055,0.5199398288762055,0.5199398288762055,0.5199398288762055,0.455074136047345,100.0,100.0,100.0,100.0,100.0,36.627785159667496,36.30227764386905,35.35877855797543,30.957404608931085,10.42986474922202,28.292857142857137,27.10714285714285,25.749999999999993,21.17857142857142,12.457142857142856,0.5266590517865319,0.5252063417003927,0.5160130021126116,0.4689553822965281,0.22418413349113037,0.0,0.0,0.0,0.0,4,1,1,2021,0,0,22,0,0,0,0,1,1,0,0.0894591748506252,0,-0.10743801652892562,-0.3350413223140496,0.5199398288762055,0.0,0.0,0.6897941854521621
2021-01-25,540.0,540.0,515.0,488.0,6590.0,0.0,0.0,0.0,0.0,0.0,0.0,0.5199398288762056,SEPLAT,540.0,537.7164394451584,531.26,523.7421937267968,479.36499999999995,493.9605090133428,433.48199999999997,452.69376607976164,0.12649025273017442,0.24572646615084373,35.92261816212607,31.046510129465016,4.876108032661055,479.36499999999995,601.3393419956145,357.3906580043854,0.5088996568193948,0.7485563726270403,100.0,33.3,0.06166666666666666,235001.0,0.028042433861983566,0.0,0.4211742956287833,0.5199398288762055,0.3300934036479419,0.35356560529101727,0.387715079255085,0.23360386285667634,1,-1,0.0,0.0,0.0,0.0,0.0,0.0,0.0,0.0,0.0,0.0,0.5199398288762055,0.5199398288762055,0.5199398288762055,0.5199398288762055,0.455074136047345,100.0,100.0,100.0,100.0,100.0,36.465401758544715,36.627785159667496,36.30227764386905,33.640221127500695,15.35661700448037,30.13571428571428,28.292857142857137,27.10714285714285,23.60714285714285,15.942857142857138,0.5210946072150184,0.5266590517865319,0.5252063417003927,0.49789804836349366,0.2877062460487209,0.0,0.0,0.0,0.0,0,1,1,2021,0,0,25,1,0,0,0,0,1,0,0.0894591748506252,0,-0.10743801652892562,-0.3350413223140496,0.6464902076875482,0.0094407940135637,0.0971637484536477,0.7112447743436803
2021-02-08,495.0,495.0,530.0,518.0,53660.0,0.0,0.0,0.0,0.0,0.0,0.0,0.4573107940742567,SEPLAT,495.0,495.3885185861208,493.0,498.03606150373446,512.1299999999999,493.7130899335292,451.17,466.06120414197227,-0.03344853845703217,0.09714741671653697,10.49938883188139,16.75798941173205,-6.258600579850661,512.1299999999999,558.9998578933983,465.26014210660145,0.18303890767343609,0.31725995373230476,9.090909090909093,32.73571428571428,0.06613275613275613,264250.5,0.20306489486301824,0.0,0.49601357566666615,0.45731079407425657,0.38740930903905857,0.4757372018322281,0.46990960106588725,0.07602376637249211,1,-1,0.0,0.0,0.0,0.0101523714640179,0.0,0.0,0.0,0.0,0.0001030706463434,0.0,0.5642653678593438,0.64556704679286,0.64556704679286,0.6455880188835464,0.5199398288762055,9.090909090909093,9.090909090909093,9.090909090909093,49.443882709807866,100.0,11.671749701969077,12.998337580488737,14.502479380628529,18.156725331999382,35.92261816212607,32.378571428571426,31.592857142857138,30.835714285714282,31.485714285714284,33.3,0.18269855642184168,0.1823566496409498,0.2107278552277538,0.3264674740043062,0.5088996568193948,0.0,0.0,0.0,0.0101523714640179,0,2,1,2021,0,0,8,1,0,0,0,0,1,0,0.0894591748506252,0,-0.18181818181818182,-0.19008264462809918,0.45731079407425657,0.0,0.0,0.6766351534367471
2021-02-09,495.0,495.0,544.0,520.1,46760.0,0.0,0.0,0.0,0.0,0.0,0.0,0.4573107940742567,SEPLAT,495.0,495.2590123907473,493.5,497.48405032123725,512.075,493.8356527970026,453.056,467.1960588815028,-0.033344724893814466,0.09258016669021052,9.46122132589386,15.298635794564415,-5.837414468670556,512.075,559.0265707937444,465.12342920625565,0.18337771144361428,0.31816369813259754,9.090909090909093,33.80714285714286,0.0682972582972583,225522.5,0.20734073096919375,0.0,0.050964500270814124,0.45731079407425657,0.38740930903905857,0.512853574470807,0.5707730388515374,0.07587403309654121,1,-1,0.0,0.0,0.0,0.0,-0.0971637484536477,0.0,0.0,0.0,0.0,0.0094407940135637,0.45731079407425657,0.5642653678593438,0.64556704679286,0.6455880188835464,0.6464902076875482,9.090909090909093,9.090909090909093,9.090909090909093,49.23857868020305,72.22222222222223,10.49938883188139,11.671749701969077,12.998337580488737,16.21136612363415,31.099381804110067,32.73571428571428,32.378571428571426,31.592857142857138,31.457142857142856,34.692857142857136,0.18303890767343609,0.18269855642184168,0.1823566496409498,0.27598126167477777,0.48161864026072615,0.0,0.0,0.0,0.0,1,2,1,2021,0,0,9,0,1,0,0,0,1,0,0.0894591748506252,0,-0.18181818181818182,-0.19008264462809918,0.45731079407425657,0.0,0.0,0.6644404670318945
2021-02-10,495.0,495.0,544.5,520.0,292470.0,0.0,0.0,0.0,0.0,0.0,0.0,0.4573107940742567,SEPLAT,495.0,495.1726749271649,494.0,497.032404808285,512.0,493.9465430068119,454.94199999999995,468.28640951360074,-0.033203125,0.08805078449560615,8.540022039711005,13.946913043593735,-5.4068910038827305,512.0,559.0609906621743,464.9390093378257,0.18383199477411827,0.3193833176820063,9.090909090909093,34.91428571428571,0.07053391053391053,184146.0,1.5882506272197061,0.0,0.050964500270814124,0.45731079407425657,0.38740930903905857,0.46758162156302513,0.5225085216708111,0.0757238464495809,1,-1,0.0,0.0,0.0,0.0,0.0,0.0,0.0,0.0,0.0,0.0,0.45731079407425657,0.45731079407425657,0.5642653678593438,0.64556704679286,0.6464902076875482,9.090909090909093,9.090909090909093,9.090909090909093,9.090909090909093,64.02877697841726,9.46122132589386,10.49938883188139,11.671749701969077,14.502479380628529,26.96608401017602,33.80714285714286,32.73571428571428,32.378571428571426,30.835714285714282,33.55,0.18337771144361428,0.18303890767343609,0.18269855642184168,0.2107278552277538,0.4507114023384584,0.0,0.0,0.0,0.0,2,2,1,2021,0,0,10,0,0,1,0,0,1,0,0.0894591748506252,0,-0.18181818181818182,-0.19008264462809918,0.4572990718233984,0.0,0.0,0.6644404670318945
2021-02-11,495.0,495.0,544.5,500.0,215720.0,0.0,0.0,0.0,0.0,0.0,0.0,0.4572990718233986,SEPLAT,495.0,495.11511661811,494.5,496.66287666132405,509.75,494.04687224425834,456.828,469.3340012973811,-0.02893575282000981,0.0835588011242744,7.720962518744898,12.701722938623968,-4.98076041987907,509.75,555.4578825402773,464.0421174597227,0.17933450726935674,0.33864927469564515,9.090909090909093,35.34285714285714,0.0713997113997114,188807.5,1.1425393588708075,0.0,0.050964500270814124,0.4572990718233984,0.38740930903905857,0.5073544212835349,0.5530251217933023,0.07555936207225432,1,-1,0.0,0.0,0.0,0.0,0.0,0.0,0.0,0.0,0.0,0.0,0.45731079407425657,0.45731079407425657,0.45731079407425657,0.64556704679286,0.6464902076875482,9.090909090909093,9.090909090909093,9.090909090909093,9.090909090909093,46.75186368477102,8.540022039711005,9.46122132589386,10.49938883188139,12.998337580488737,23.420439482049005,34.91428571428571,33.80714285714286,32.73571428571428,31.592857142857138,31.899999999999995,0.18383199477411827,0.18337771144361428,0.18303890767343609,0.1823566496409498,0.415499517053367,0.0,0.0,0.0,0.0,3,2,1,2021,0,0,11,0,0,0,1,0,1,0,0.0894591748506252,0,-0.18181818181818182,-0.19008264462809918,0.3401618833429916,0.0,0.0,0.6644404670318945
2021-02-12,495.0,495.0,539.5,511.0,95860.0,0.0,0.0,0.0,0.0,0.0,0.0,0.3401618833429916,SEPLAT,495.0,495.07674441207337,495.0,496.3605354501742,507.5,494.1376463162337,458.68199999999996,470.34051105042505,-0.024630541871921183,0.07917903907282178,6.991261041990867,11.55963055929735,-4.568369517306483,507.5,551.3298144141513,463.6701855858487,0.17272833266660617,0.3574030010498501,9.090909090909093,34.80714285714286,0.07031746031746032,190095.5,0.504272852329487,0.0,0.050964500270814124,0.3401618833429916,0.38740930903905857,0.5200400733635786,0.5688862577900126,0.08908042113087312,1,-1,0.0,0.0,0.0,0.0,0.0,0.0,0.0,0.0,0.0,0.0,0.4572990718233984,0.45731079407425657,0.45731079407425657,0.5642653678593438,0.6464902076875482,9.090909090909093,9.090909090909093,9.090909090909093,9.090909090909093,46.75186368477102,7.720962518744898,8.540022039711005,9.46122132589386,11.671749701969077,20.37561326221106,35.34285714285714,34.91428571428571,33.80714285714286,32.378571428571426,31.128571428571426,0.17933450726935674,0.18383199477411827,0.18337771144361428,0.18269855642184168,0.37490805869591953,0.0,0.0,0.0,0.0,4,2,1,2021,0,0,12,0,0,0,0,1,1,0,0.0894591748506252,0,-0.18181818181818182,-0.19008264462809918,0.48442765750370625,0.0090840303743327,0.0953101798043249,0.7719491437641088
2021-02-26,530.0,530.0,530.0,500.0,20120.0,0.0,0.0,0.0,0.0,0.0,0.0,0.3585348765791756,SEPLAT,530.0,530.6939082165316,537.15,528.4889200476049,516.075,520.0821927136149,485.652,492.0981179973523,0.026982512231749172,0.0913164158697998,12.643665693230673,13.752688979537385,-1.1090232863067122,516.075,561.18337826251,470.9666217374901,0.1748132665310661,0.6543504836170664,73.97260273972603,30.864285714285707,0.058234501347708884,326760.5,0.06157414987429631,0.0,0.5271773266382895,0.3585348765791755,0.424295874038493,0.39409869847051604,0.355957214834901,0.10102561596188847,1,-1,0.0,0.0,0.0,-0.035221434963363,0.0,0.0,0.0,0.0,0.0012405494808784,0.0,0.3585348765791755,0.3585348765791755,0.5009853305742793,0.5009853305742793,0.3401618833429916,73.97260273972603,73.97260273972603,73.97260273972603,73.97260273972603,9.090909090909093,13.347115583370396,14.050833580117796,14.744657880255545,16.04810616297044,6.991261041990867,31.221428571428564,34.435714285714276,35.14999999999999,36.0642857142857,34.80714285714286,0.17914140223696393,0.1820242400137079,0.18349799443976803,0.18805973789955985,0.17272833266660617,0.0,0.0,0.0,0.035221434963363,4,2,1,2021,0,0,26,0,0,0,0,1,1,0,0.0894591748506252,0,-0.12396694214876033,-0.19008264462809918,0.3585348765791755,0.0,0.0,0.9693290946348402
2021-03-01,530.0,530.0,575.0,500.0,7810.0,0.0,0.0,0.0,0.0,0.0,0.0,0.3585348765791756,SEPLAT,530.0,530.4626054776877,535.7,528.7636618571312,517.825,521.0267457885086,488.20599999999996,493.58446631118164,0.023511804180949072,0.08560730511300567,11.948442381090103,13.39183965984793,-1.4433972787578266,517.825,562.20052075306,473.4494792469401,0.17139195965069262,0.6371814887283369,73.97260273972603,32.72142857142857,0.061738544474393524,314547.5,0.0248293183064561,0.0,0.1859900722795259,0.3585348765791755,0.424295874038493,0.7144166215980979,0.6697219972816327,0.0995506720451934,1,-1,0.0,0.0,0.0,0.0,0.0953101798043249,0.0,0.0,0.0,0.0,0.0090840303743327,0.3585348765791755,0.3585348765791755,0.3585348765791755,0.5009853305742793,0.48442765750370625,73.97260273972603,73.97260273972603,73.97260273972603,73.97260273972603,100.0,12.643665693230673,13.347115583370396,14.050833580117796,15.415762235991224,10.28860306399855,30.864285714285707,31.221428571428564,34.435714285714276,36.0642857142857,34.771428571428565,0.1748132665310661,0.17914140223696393,0.1820242400137079,0.18356394997686393,0.17557617352091398,0.0,0.0,0.0,0.0,0,3,1,2021,1,0,1,1,0,0,0,0,1,0,0.0894591748506252,0,-0.12396694214876033,-0.18181818181818182,0.3579702959452418,0.0,0.0,0.9693290946348402
2021-03-02,530.0,530.0,569.9,511.0,46030.0,0.0,0.0,0.0,0.0,0.0,0.0,0.3579702959452419,SEPLAT,530.0,530.3084036517919,533.8,528.98845061038,519.575,521.8813414276982,490.76,495.0125264558412,0.02006447577346861,0.07995761675768198,11.267587166380736,12.966989161154492,-1.6994019947737566,519.575,562.9088022916594,476.2411977083407,0.16680480119967037,0.6202871597769589,73.97260273972603,33.39285714285713,0.06300539083557949,271096.5,0.1697919375572905,0.0,0.17681020026609293,0.3579702959452418,0.424295874038493,0.8330982437106672,0.819453601892118,0.09613419285322397,1,-1,0.0,0.0,0.0,0.0,0.0082304991365154,0.0,0.0,0.0,0.0,6.774111603618146e-05,0.3585348765791755,0.3585348765791755,0.3585348765791755,0.5009853305742793,0.4851814967614509,73.97260273972603,73.97260273972603,73.97260273972603,73.97260273972603,100.0,11.948442381090103,12.643665693230673,13.347115583370396,14.744657880255545,13.113716009286577,32.72142857142857,30.864285714285707,31.221428571428564,35.14999999999999,33.30714285714286,0.17139195965069262,0.1748132665310661,0.17914140223696393,0.18349799443976803,0.18143257275187033,0.0,0.0,0.0,0.0,1,3,1,2021,0,0,2,0,1,0,0,0,1,0,0.0894591748506252,0,-0.12396694214876033,-0.18181818181818182,0.4788917142298561,0.0090840303743327,0.0953101798043249,0.9693290946348402
2021-03-24,550.0,550.0,582.5,520.0,4100.0,0.0,0.0,0.0,0.0,0.0,0.0,0.4359831315698597,SEPLAT,550.0,549.4322129841603,547.0,547.9032865793612,545.7850000000001,543.2716539791037,529.144,520.5981001548485,0.007722821257454707,0.039414601696324617,7.795063922996178,9.161192094344422,-1.3661281713482438,545.7850000000001,575.0881541323668,516.4818458676334,0.10737984419640213,0.5719205854250389,18.98496240601507,26.700000000000006,0.04854545454545456,1146036.5,0.0035775474864893045,0.0,0.06140877098886225,0.4359831315698595,0.49018485561430913,0.813131094046259,0.836504057547133,0.0791090105496,1,-1,0.0,0.0,0.0,0.0091324835632724,0.0001852023340789,0.0,0.0,0.0,8.340225603344191e-05,3.4299904548280706e-08,0.4359831315698595,0.4359831315698595,0.4544595261117782,0.4544595261117782,0.561412489761071,18.98496240601507,59.41619585687382,59.41619585687382,59.41619585687382,46.09375,8.131794703022024,8.44330497566557,8.718093651284676,9.09775504920458,12.039349836102474,26.00714285714286,26.935714285714287,26.67142857142857,31.314285714285713,34.278571428571425,0.11032959797775184,0.11271888484798559,0.11457743837623995,0.11574443436665473,0.15902839859596987,0.0,0.0,0.0,0.0091324835632724,2,3,1,2021,0,0,24,0,0,1,0,0,1,0,0.0894591748506252,0,-0.09090909090909091,-0.12396694214876033,0.4359831315698595,0.0,0.0,0.0
2021-03-25,550.0,550.0,550.0,520.3,650.0,0.0,0.0,0.0,0.0,0.0,0.0,0.4359831315698597,SEPLAT,550.0,549.6214753227736,548.0,548.2845072012955,546.7850000000001,543.9124488382366,529.344,521.7511158350505,0.005879824794023094,0.03902188369000111,7.442410873995982,8.817435850274734,-1.3750249762787519,546.7850000000001,575.17070989628,518.3992901037202,0.10382768326226899,0.5566306076498947,100.0,25.74285714285715,0.04680519480519482,1115634.5,0.0005826280919064442,0.0,0.06140877098886225,0.4359831315698595,0.49018485561430913,0.7880150755185553,0.7977854370047185,0.07552742824538614,1,-1,0.0,0.0,0.0,0.0,0.0,0.0,0.0,0.0,0.0,0.0,0.4359831315698595,0.4359831315698595,0.4359831315698595,0.4544595261117782,0.561412489761071,18.98496240601507,18.98496240601507,59.41619585687382,59.41619585687382,55.197505197505194,7.795063922996178,8.131794703022024,8.44330497566557,8.942015289601613,11.00698526441954,26.700000000000006,26.00714285714286,26.935714285714287,32.028571428571425,32.92142857142857,0.10737984419640213,0.11032959797775184,0.11271888484798559,0.1159254577629845,0.14006245329960892,0.0,0.0,0.0,0.0,3,3,1,2021,0,0,25,0,0,0,1,0,1,0,0.0894591748506252,0,-0.09090909090909091,-0.12396694214876033,0.4359831315698595,0.0,0.0,0.0
2021-03-26,550.0,550.0,549.8,530.0,8870.0,0.0,0.0,0.0,0.0,0.0,0.0,0.4359831315698597,SEPLAT,550.0,549.7476502151824,549.0,548.5964149828781,547.7850000000001,544.4922156155475,529.544,522.8589152140682,0.004043557235046446,0.03862946232985364,7.081301951001592,8.470209070420106,-1.3889071194185139,547.7850000000001,575.0687159839842,520.5012840160159,0.09961468818600057,0.5405919780373786,100.0,22.885714285714293,0.041610389610389625,1115072.0,0.007954643287608334,0.0,0.06140877098886225,0.4359831315698595,0.49018485561430913,0.8033813222886774,0.8801263756066487,0.07156805344639283,1,-1,0.0,0.0,0.0,0.0,0.0,0.0,0.0,0.0,0.0,0.0,0.4359831315698595,0.4359831315698595,0.4359831315698595,0.4544595261117782,0.561412489761071,100.0,18.98496240601507,18.98496240601507,59.41619585687382,55.197505197505194,7.442410873995982,7.795063922996178,8.131794703022024,8.718093651284676,10.072716893278425,25.74285714285715,26.700000000000006,26.00714285714286,26.67142857142857,33.635714285714286,0.10382768326226899,0.10737984419640213,0.11032959797775184,0.11457743837623995,0.11600565819859628,0.0,0.0,0.0,0.0,4,3,1,2021,0,0,26,0,0,0,0,1,1,0,0.0894591748506252,0,-0.09090909090909091,-0.12396694214876033,0.4359831315698595,0.0,0.0,0.0
2021-03-29,550.0,550.0,550.0,525.0,4220.0,0.0,0.0,0.0,0.0,0.0,0.0,0.4359831315698597,SEPLAT,550.0,549.8317668101216,549.5,548.8516122587184,548.7850000000001,545.0167665093048,529.744,523.9232714801833,0.002213981796149527,0.03823733727989363,6.717683256906184,8.119703907717321,-1.4020206508111368,548.7850000000001,574.758693169091,522.8113068309092,0.0946589034652583,0.5233890496836582,100.0,22.100000000000005,0.040181818181818194,1114892.5,0.003785118296158598,0.0,0.045844703642216426,0.4359831315698595,0.49018485561430913,0.6709832188947124,0.7295558919914604,0.06716410589271692,1,-1,0.0,0.0,0.0,0.0,0.009216655104924,0.0,0.0,0.0,0.0,8.494673132312251e-05,0.4359831315698595,0.4359831315698595,0.4359831315698595,0.4359831315698595,0.5614632666642588,100.0,100.0,18.98496240601507,59.41619585687382,57.41106719367588,7.081301951001592,7.442410873995982,7.795063922996178,8.44330497566557,9.624811851577988,22.885714285714293,25.74285714285715,26.700000000000006,26.935714285714287,32.42142857142857,0.09961468818600057,0.10382768326226899,0.10737984419640213,0.11271888484798559,0.1160358703429533,0.0,0.0,0.0,0.0,0,3,1,2021,0,0,29,1,0,0,0,0,1,0,0.0894591748506252,0,-0.09090909090909091,-0.12396694214876033,0.4359831315698595,0.0,0.0,0.0
2021-03-30,550.0,550.0,549.0,530.5,1860.0,0.0,0.0,0.0,0.0,0.0,0.0,0.4359831315698597,SEPLAT,550.0,549.8878445400811,550.0,549.0604100298606,549.7850000000001,545.4913601750853,529.944,524.945888284882,0.0003910619605844432,0.03784550820464057,6.356242020712898,7.767011530316437,-1.410769509603539,549.7850000000001,574.207187927331,525.3628120726692,0.08884268551281291,0.5044017350255362,100.0,23.48571428571429,0.04270129870129871,1112684.0,0.0016716336354256913,0.0,0.045844703642216426,0.4359831315698595,0.49018485561430913,0.6126541630102706,0.6431665512440023,0.06222125807269573,1,-1,0.0,0.0,0.0,0.0,0.0,0.0,0.0,0.0,0.0,0.0,0.4359831315698595,0.4359831315698595,0.4359831315698595,0.4359831315698595,0.4542440006444624,100.0,100.0,100.0,18.98496240601507,57.41106719367588,6.717683256906184,7.081301951001592,7.442410873995982,8.131794703022024,9.164204632563951,22.100000000000005,22.885714285714293,25.74285714285715,26.00714285714286,30.957142857142856,0.0946589034652583,0.09961468818600057,0.10382768326226899,0.11032959797775184,0.1155618176921949,0.0,0.0,0.0,0.0,1,3,1,2021,0,0,30,0,1,0,0,0,1,0,0.0894591748506252,0,-0.09090909090909091,-0.12396694214876033,0.4359831315698595,0.0,0.0,0.0
2021-03-31,550.0,550.0,550.0,550.0,946900.0,0.0,0.0,0.0,0.0,0.0,0.0,0.4359831315698597,SEPLAT,550.0,549.9252296933875,550.0,549.2312445698859,548.135,545.9207544441248,530.144,525.9284024697887,0.0034024464776013373,0.037453974769119325,6.000625758501997,7.41373437595355,-1.4131086174515533,548.135,566.9160963191008,529.3539036808992,0.06852726543315356,0.5496509886407233,100.0,23.48571428571429,0.04270129870129871,1134653.0,0.8345282654697075,0.0,0.0,0.4359831315698595,0.49018485561430913,0.37572674583858306,0.3883588438812396,0.05653505479585387,1,-1,0.0,0.0,0.0,0.0,0.0091324835632724,0.0,0.0,0.0,0.0,8.340225603344191e-05,0.4359831315698595,0.4359831315698595,0.4359831315698595,0.4359831315698595,0.4544595261117782,100.0,100.0,100.0,18.98496240601507,59.41619585687382,6.356242020712898,6.717683256906184,7.081301951001592,7.795063922996178,9.09775504920458,23.48571428571429,22.100000000000005,22.885714285714293,26.700000000000006,31.314285714285713,0.08884268551281291,0.0946589034652583,0.09961468818600057,0.10737984419640213,0.11574443436665473,0.0,0.0,0.0,0.0,2,3,1,2021,0,1,31,0,0,1,0,0,1,0,0.0894591748506252,0,-0.09090909090909091,-0.107603305785124,0.27277936576858436,0.0,0.0,0.0
2021-04-01,550.0,550.0,545.0,531.0,2560.0,0.0,0.0,0.0,0.0,0.0,0.0,0.2727793657685845,SEPLAT,550.0,549.950153128925,550.0,549.371018284452,546.485,546.3092540208748,530.344,526.8723866866598,0.006432015517351778,0.03706273663886071,5.653625829322436,7.0617126666273276,-1.4080868373048911,546.485,555.7634470116146,537.2065529883854,0.033956822279164536,0.6894174744760607,100.0,24.128571428571433,0.04387012987012988,1134669.5,0.0022561635789099823,0.0,0.0,0.27277936576858436,0.49018485561430913,0.3121907540796879,0.322156345611139,0.0731654646777668,1,-1,0.0,0.0,0.0,0.0,0.0,0.0,0.0,0.0,0.0,0.0,0.4359831315698595,0.4359831315698595,0.4359831315698595,0.4359831315698595,0.4544595261117782,100.0,100.0,100.0,100.0,59.41619585687382,6.000625758501997,6.356242020712898,6.717683256906184,7.442410873995982,8.942015289601613,23.48571428571429,23.48571428571429,22.100000000000005,25.74285714285715,32.028571428571425,0.06852726543315356,0.08884268551281291,0.0946589034652583,0.10382768326226899,0.1159254577629845,0.0,0.0,0.0,0.0,3,4,2,2021,1,0,1,0,0,0,1,0,1,0,0.0894591748506252,0,-0.09090909090909091,-0.107603305785124,0.27277936576858436,0.0,0.0,0.0
2021-04-06,550.0,550.0,550.0,530.1,16760.0,0.0,0.0,0.0,0.0,0.0,0.0,0.2727793657685845,SEPLAT,550.0,549.9667687526166,550.0,549.4853785963699,546.99,546.6607536379344,530.544,527.7793519146339,0.005502842830764714,0.03667179347989991,5.3173310035626855,6.7128363340143995,-1.395505330451714,546.99,555.8493453482733,538.1306546517267,0.03239307975748491,0.6698771117770362,100.0,25.192857142857147,0.045805194805194814,204007.5,0.08215384238324572,0.0,0.0,0.27277936576858436,0.4894507566868132,0.3125652440404139,0.32254931178878454,0.085486030172736,1,-1,0.0,0.0,0.0,0.0,0.0,0.0,0.0,0.0,0.0,0.0,0.27277936576858436,0.4359831315698595,0.4359831315698595,0.4359831315698595,0.4544595261117782,100.0,100.0,100.0,100.0,59.41619585687382,5.653625829322436,6.000625758501997,6.356242020712898,7.081301951001592,8.718093651284676,24.128571428571433,23.48571428571429,23.48571428571429,22.885714285714293,26.67142857142857,0.033956822279164536,0.06852726543315356,0.08884268551281291,0.09961468818600057,0.11457743837623995,0.0,0.0,0.0,0.0,1,4,2,2021,0,0,6,0,1,0,0,0,1,0,0.0894591748506252,0,-0.09090909090909091,-0.107603305785124,0.043766612179341684,0.0,0.0,0.0
2021-04-07,550.0,550.0,548.0,530.0,144270.0,0.0,0.0,0.0,0.0,0.0,0.0,0.0437666121793418,SEPLAT,550.0,549.9778458350778,550.0,549.5789461243025,547.495,546.9787771009883,530.744,528.650749878766,0.004575384250084467,0.0362811449587748,4.993255786758823,6.3689202245632845,-1.3756644378044616,547.495,555.7858891022155,539.2041108977845,0.03028662947502895,0.6510694431632555,100.0,25.942857142857147,0.04716883116883117,204767.5,0.7045551662251089,0.0,0.0,0.043766612179341684,0.4894507566868132,0.28041828164807603,0.29309108925157595,0.12294836929046452,0,-1,0.0,0.0,0.0,0.0,0.0,0.0,0.0,0.0,0.0,0.0,0.27277936576858436,0.27277936576858436,0.4359831315698595,0.4359831315698595,0.4359831315698595,100.0,100.0,100.0,100.0,59.41619585687382,5.3173310035626855,5.653625829322436,6.000625758501997,6.717683256906184,8.44330497566557,25.192857142857147,24.128571428571433,23.48571428571429,22.100000000000005,26.935714285714287,0.03239307975748491,0.033956822279164536,0.06852726543315356,0.0946589034652583,0.11271888484798559,0.0,0.0,0.0,0.0,2,4,2,2021,0,0,7,0,0,1,0,0,1,0,0.0894591748506252,0,-0.09090909090909091,-0.107603305785124,0.043766612179341684,0.0,0.0,0.0
2021-05-18,620.0,620.0,680.0,650.0,266720.0,0.0,0.0,0.0,0.0,0.0,0.0,0.3831578400937089,SEPLAT,620.0,616.0630145004986,601.3900000000001,604.1601110209941,577.6949999999999,587.1595445783048,560.9920000000001,561.2036186300788,0.07323068401145945,0.10518510067879741,19.4141483743241,14.158625697195344,5.255522677128756,577.6949999999999,640.3038097046378,515.086190295362,0.2167538569821027,0.8378518151006009,81.53153153153153,28.071428571428573,0.045276497695852534,146081.0,1.8258363510655047,0.0,0.5383891983465592,0.3831578400937087,0.388184166478498,0.43195908440497527,0.4875065673449684,0.16785279004520776,1,-1,0.0,0.0,0.0,0.0254832476405528,0.0,0.0,0.0,0.0,0.0006493959103097,0.0,0.3831578400937087,0.3831578400937087,0.3831578400937087,0.3831578400937087,0.12373106763148628,81.53153153153153,81.53153153153153,81.53153153153153,81.53153153153153,100.0,18.921540917000016,18.017572258131736,16.601705755240005,11.726575482259364,4.449719560724361,24.571428571428573,22.5,22.571428571428573,20.542857142857137,19.628571428571426,0.21052039085232815,0.2007969838233376,0.18690908732233957,0.14073338625694082,0.04460775443848486,0.0,0.0,0.0,0.0254832476405528,1,5,2,2021,0,0,18,0,1,0,0,0,1,0,0.0894591748506252,0,0.0,-0.09173553719008265,0.4920532148491373,0.0090840303743327,0.0953101798043249,0.6766351534367471
2021-05-26,682.0,682.0,690.0,680.0,86690.0,0.0,0.0,0.0,0.0,0.0,0.0,0.4920532148491376,SEPLAT,682.0,676.2112934540905,657.2,658.6492328297518,617.295,629.9765118472028,576.318,586.9812422772727,0.10482022371799551,0.18337445646327205,33.83627283788974,27.078486768485778,6.757786069403959,617.295,717.7479421119529,516.8420578880471,0.32546170667817786,0.8220662264321116,86.60130718954248,31.871428571428574,0.04673229995810641,198943.0,0.43575295436381273,0.0,0.4784533053843239,0.4920532148491373,0.38018180804189927,0.3848020771329711,0.38381778531698685,0.18398115590087888,1,-1,0.0,0.0,0.0,0.0953101798043249,0.0,0.0,0.0,0.0,0.0090840303743327,0.0,0.4920532148491373,0.4920532148491373,0.4920532148491373,0.4920532148491373,0.3831578400937087,86.60130718954248,86.60130718954248,86.60130718954248,88.15028901734104,81.53153153153153,33.475405990345735,32.527893672348114,30.845390405778858,24.524719477648432,14.553065880563622,33.228571428571435,34.121428571428574,34.32857142857143,32.142857142857146,23.328571428571422,0.3271575356920151,0.32270947789769794,0.3114260393328042,0.26214814875076975,0.1676744968511862,0.0,0.0,0.0,0.0953101798043249,2,5,2,2021,0,0,26,0,0,1,0,0,1,0,0.0894591748506252,0,0.0,-0.09173553719008265,0.4988222110488996,0.0002315828238119,0.0152178455706431,0.24355252561506885
2021-05-27,671.7,671.7,685.0,660.0,48090.0,-1.51,-0.0151026392961876,-0.0152178455706431,0.0002315828238119,0.0152178455706431,0.108035986227377,0.4988222110489,SEPLAT,679.9399999999999,674.7075289693937,662.37,661.0220995879787,623.38,633.9501773855644,578.952,590.3035465016934,0.07751291347171878,0.1601998093106165,32.91175230148815,28.245139875086252,4.6666124264018976,623.38,721.3832351775346,525.3767648224654,0.3144253430573154,0.7465224740411247,92.7871148459384,32.228571428571435,0.04798060358578447,193689.5,0.24828398028803833,0.10803598622737642,0.4928242891129167,0.4988222110488996,0.3820466773006128,0.2812100393388502,0.3057426284914114,0.17527829892220964,1,1,0.0,0.0,0.0,0.0,0.0,0.0,0.0,0.0,0.0,0.0,0.4920532148491373,0.4920532148491373,0.4920532148491373,0.4920532148491373,0.3831578400937087,86.60130718954248,86.60130718954248,86.60130718954248,88.15028901734104,81.53153153153153,33.83627283788974,33.475405990345735,32.527893672348114,28.24924419418278,16.601705755240005,31.871428571428574,33.228571428571435,34.121428571428574,34.82857142857143,22.571428571428573,0.32546170667817786,0.3271575356920151,0.32270947789769794,0.29202933735995346,0.18690908732233957,0.0,0.0,0.0,0.0,3,5,2,2021,0,0,27,0,0,0,1,0,1,0,0.8597457117681652,0,-0.015102639296187617,-0.09173553719008265,0.49997094763173705,0.0005748977595254,0.0239770256605247,0.2072110680271859
2021-06-08,680.0,680.0,719.0,672.0,94150.0,0.0,0.0,0.0,0.0,0.0,0.0,0.355235655245643,SEPLAT,680.0,680.183680447518,680.97,676.982279151746,665.985,660.1183539726105,600.4720000000001,615.3536633620087,0.02104401750790181,0.13244247858351413,24.85508246271229,28.110963128804652,-3.255880666092363,665.985,720.8388450410675,611.1311549589325,0.16472997151908084,0.6277485652054778,47.10982658959537,23.057142857142853,0.03390756302521008,237646.5,0.39617667417782293,0.0,0.16244270257587265,0.35523565524564266,0.33767409648319835,0.36731235944355944,0.31868764104580893,0.05586658238560687,1,-1,0.0,0.0,0.0,-0.0116960397631912,0.0,0.0,0.0,0.0,0.0001367973461421,0.0,0.4706843688887399,0.496999437645138,0.496999437645138,0.496999437645138,0.4920532148491373,81.05590062111804,81.05590062111804,81.05590062111804,81.05590062111804,86.60130718954248,26.257385288973865,27.665308019380745,29.059924914999897,31.70731055850888,33.475405990345735,24.128571428571426,26.27142857142857,29.057142857142853,30.27142857142857,33.228571428571435,0.17524899463523,0.1913159574919377,0.24205473079686224,0.28385860364179705,0.3271575356920151,0.0,0.0,0.0,0.0116960397631912,1,6,2,2021,0,0,8,0,1,0,0,0,1,0,0.0894591748506252,0,-0.011627906976744186,-0.015102639296187617,0.3481729260939435,0.0,0.0,0.12602631005531617
2021-06-09,680.0,680.0,709.4,680.0,10460.0,0.0,0.0,0.0,0.0,0.0,0.0,0.3481729260939438,SEPLAT,680.0,680.1224536316787,680.77,677.5309556696103,668.985,662.0118440704571,603.072,617.8888138184004,0.01646524212052585,0.1275602249814284,23.473163354242956,27.183403173892316,-3.7102398196493596,668.985,719.6527214802479,618.3172785197521,0.15147640524151634,0.6086983949366465,47.10982658959537,21.68571428571428,0.031890756302521,235650.0,0.04438786335667303,0.0,0.16244270257587265,0.3481729260939435,0.2968880125867681,0.40924949439706343,0.41371094603345526,0.05858487850259702,1,-1,0.0,0.0,0.0,0.0,0.0,0.0,0.0,0.0,0.0,0.0,0.35523565524564266,0.4706843688887399,0.496999437645138,0.496999437645138,0.4920532148491373,47.10982658959537,81.05590062111804,81.05590062111804,81.05590062111804,86.60130718954248,24.85508246271229,26.257385288973865,27.665308019380745,30.41727339028114,33.83627283788974,23.057142857142853,24.128571428571426,26.27142857142857,28.93571428571428,31.871428571428574,0.16472997151908084,0.17524899463523,0.1913159574919377,0.2657398585420337,0.32546170667817786,0.0,0.0,0.0,0.0,2,6,2,2021,0,0,9,0,0,1,0,0,1,0,0.0894591748506252,0,-0.011627906976744186,-0.015102639296187617,0.3481729260939435,0.0,0.0,0.12602631005531617
2021-06-10,680.0,680.0,690.0,680.0,121080.0,0.0,0.0,0.0,0.0,0.0,0.0,0.3481729260939438,SEPLAT,680.0,680.0816357544525,681.6,677.9798728205902,671.985,663.7250017780325,605.672,620.3245466098357,0.01192734956881476,0.12271988799218055,22.12296276094935,26.171315091303725,-4.048352330354376,671.985,717.2586370366497,626.7113629633503,0.13474597509363956,0.5885172975335704,47.10982658959537,21.471428571428564,0.03157563025210083,241074.0,0.5022524204186266,0.0,0.1396608736825874,0.3481729260939435,0.2968880125867681,0.39293100059793223,0.3779025695808976,0.0611348725780137,1,-1,0.0,0.0,0.0,0.0,-0.0152178455706431,0.0,0.0,0.0,0.0,0.0002315828238119,0.3481729260939435,0.35523565524564266,0.4706843688887399,0.496999437645138,0.4988222110488996,47.10982658959537,47.10982658959537,81.05590062111804,81.05590062111804,92.7871148459384,23.473163354242956,24.85508246271229,26.257385288973865,29.059924914999897,32.91175230148815,21.68571428571428,23.057142857142853,24.128571428571426,29.057142857142853,32.228571428571435,0.15147640524151634,0.16472997151908084,0.17524899463523,0.24205473079686224,0.3144253430573154,0.0,0.0,0.0,0.0,3,6,2,2021,0,0,10,0,0,0,1,0,1,0,0.0894591748506252,0,-0.011627906976744186,-0.015102639296187617,0.3495191529978534,0.000213124944539,0.0145987994211526,0.12602631005531617
2021-06-23,700.0,700.0,698.8,671.0,450.0,0.0,0.0,0.0,0.0,0.0,0.0,0.1295073132605021,SEPLAT,700.0,698.7350859248804,694.0,694.5863186742581,687.485,682.7163933409801,629.272,641.5413689617794,0.01820403354255,0.11239654712111766,18.502311243585837,20.892158042137844,-2.389846798552007,687.485,706.2936514248372,668.6763485751628,0.054717270703614464,0.8326926454565925,100.0,19.24285714285714,0.027489795918367345,243832.5,0.001845529205499677,0.0,0.09701403742236024,0.12950731326050155,0.2980731718758826,0.3161522497488662,0.32926987926831797,0.13928423074279134,0,-1,0.0,0.0,0.0,0.0143887374520996,0.0,0.0,0.0,0.0,0.0002070357654654,0.0,0.12950731326050155,0.12950731326050155,0.12950731326050155,0.3504297861289839,0.35523565524564266,100.0,71.42857142857143,71.42857142857143,66.48351648351651,47.10982658959537,19.23096573326802,19.881270689432995,20.42211416891007,21.014556939003796,24.85508246271229,17.17142857142857,15.671428571428569,18.01428571428571,19.535714285714278,23.057142857142853,0.0524103416291858,0.04940008246560485,0.045542142511170225,0.03406208873950186,0.16472997151908084,0.0,0.0,0.0,0.0143887374520996,2,6,2,2021,0,0,23,0,0,1,0,0,1,0,0.0894591748506252,0,0.0,-0.015102639296187617,0.12950731326050155,0.0,0.0,0.10214990249363295
2021-06-24,700.0,700.0,690.0,644.0,2350.0,0.0,0.0,0.0,0.0,0.0,0.0,0.1295073132605021,SEPLAT,700.0,699.1567239499203,696.0,695.5706243698475,688.385,684.3624511180295,632.272,643.8338642966116,0.016872825526413286,0.10711845534833102,17.72057554661444,20.257841543033162,-2.5372659964187214,688.385,707.8013550159458,668.9686449840542,0.05641132510425353,0.7991035132614007,100.0,21.76428571428571,0.03109183673469387,239615.5,0.009807378904953978,0.0,0.09701403742236024,0.12950731326050155,0.2980731718758826,0.43183286047434294,0.4841584916086561,0.14655259268115053,0,-1,0.0,0.0,0.0,0.0,0.0,0.0,0.0,0.0,0.0,0.0,0.12950731326050155,0.12950731326050155,0.12950731326050155,0.3504297861289839,0.3481729260939435,100.0,100.0,71.42857142857143,81.94130925507899,47.10982658959537,18.502311243585837,19.23096573326802,19.881270689432995,20.81537818571303,23.473163354242956,19.24285714285714,17.17142857142857,15.671428571428569,17.749999999999993,21.68571428571428,0.054717270703614464,0.0524103416291858,0.04940008246560485,0.04058978128971136,0.15147640524151634,0.0,0.0,0.0,0.0,3,6,2,2021,0,0,24,0,0,0,1,0,1,0,0.0894591748506252,0,0.0,-0.015102639296187617,0.12950731326050155,0.0,0.0,0.10214990249363295
2021-06-25,700.0,700.0,680.0,645.1,2400.0,0.0,0.0,0.0,0.0,0.0,0.0,0.1295073132605021,SEPLAT,700.0,699.4378159666136,698.0,696.3759653935115,689.8,685.8517414877409,635.272,646.0364578536073,0.014786894752102125,0.10189021395559689,16.906160678085712,19.587505370043672,-2.6813446919579604,689.8,708.1945071892894,671.4054928107105,0.0533328709460408,0.7772566803512729,100.0,25.68571428571428,0.0366938775510204,237331.0,0.010112458970804488,0.0,0.09701403742236024,0.12950731326050155,0.2980731718758826,0.47171500839501856,0.5391980719604387,0.15142432229368186,0,-1,0.0,0.0,0.0,0.0,0.0,0.0,0.0,0.0,0.0,0.0,0.12950731326050155,0.12950731326050155,0.12950731326050155,0.12950731326050155,0.3481729260939435,100.0,100.0,100.0,71.42857142857143,47.10982658959537,17.72057554661444,18.502311243585837,19.23096573326802,20.42211416891007,22.12296276094935,21.76428571428571,19.24285714285714,17.17142857142857,18.01428571428571,21.471428571428564,0.05641132510425353,0.054717270703614464,0.0524103416291858,0.045542142511170225,0.13474597509363956,0.0,0.0,0.0,0.0,4,6,2,2021,0,0,25,0,0,0,0,1,1,0,0.0894591748506252,0,0.0,-0.015102639296187617,0.11506315089753437,0.0,0.0,0.16151317732199744
2021-06-28,700.0,700.0,689.8,632.6,3350.0,0.0,0.0,0.0,0.0,0.0,0.0,0.1150631508975348,SEPLAT,700.0,699.6252106444091,699.0,697.0348807765093,690.4,687.1991946793846,638.272,648.1526751926816,0.01390498261877176,0.09671112002406489,16.07542355114049,18.885089006263037,-2.8096654551225484,690.4,709.322556854049,671.4774431459509,0.05481621336630663,0.7536655081563625,100.0,28.35714285714285,0.040510204081632646,218890.5,0.01530445588090849,0.0,0.07223088875079282,0.11506315089753437,0.2980731718758826,0.579396404401065,0.6536309261156071,0.1546974157153057,0,-1,0.0,0.0,0.0,0.0,0.0145987994211526,0.0,0.0,0.0,0.0,0.000213124944539,0.12950731326050155,0.12950731326050155,0.12950731326050155,0.12950731326050155,0.3495191529978534,100.0,100.0,100.0,71.42857142857143,58.968609865470874,16.906160678085712,17.72057554661444,18.502311243585837,19.881270689432995,21.61072055525267,25.68571428571428,21.76428571428571,19.24285714285714,15.671428571428569,20.049999999999994,0.0533328709460408,0.05641132510425353,0.054717270703614464,0.04940008246560485,0.11457755452911961,0.0,0.0,0.0,0.0,0,6,2,2021,0,0,28,1,0,0,0,0,1,0,0.0894591748506252,0,0.0,-0.011627906976744186,0.09808805505326999,0.0002070357654654,0.0143887374520995,0.16151317732199744
2021-07-15,770.0,770.0,779.8,770.0,68570.0,0.0,0.0,0.0,0.0,0.0,0.0,0.2616674562914197,SEPLAT,770.0,766.1692892378767,752.0,753.133165176761,724.5,732.1396029831731,685.872,686.3818318856478,0.06280193236714976,0.12265845522196568,26.396022172938046,22.459912930831244,3.9361092421068022,724.5,793.6223172126201,655.3776827873799,0.1908138501383579,0.8291266976774091,88.88888888888889,36.99999999999999,0.04805194805194804,145419.5,0.47153235982794606,0.0,0.3532357449455116,0.26166745629141946,0.3303649004966688,0.5040238557665204,0.5513093752714232,0.08250753342027774,1,-1,0.0,0.0,0.0,0.0263173083173733,0.0,0.0,0.0,0.0,0.0006926007170716,0.0,0.26326529411061217,0.26326529411061217,0.26446993672234786,0.26446993672234786,0.08817482987904168,88.88888888888889,88.88888888888889,88.88888888888889,88.88888888888889,66.66666666666666,26.295104045500466,25.78382157672752,24.75620182092291,20.61501501153134,11.7218286409053,40.22142857142857,41.05,39.935714285714276,37.49285714285713,26.37142857142856,0.18435319472632444,0.17524726880024133,0.16498260503134718,0.13210300178033327,0.05062004222214877,0.0,0.0,0.0,0.0263173083173733,3,7,3,2021,0,0,15,0,0,0,1,0,1,0,0.0894591748506252,0,0.0,-0.014285714285714285,0.26166745629141946,0.0,0.0,0.0
2021-07-16,770.0,770.0,774.8,738.1,9220.0,0.0,0.0,0.0,0.0,0.0,0.0,0.2616674562914197,SEPLAT,770.0,767.4461928252512,759.0,756.1998624173499,728.0,735.7453550800137,689.872,689.6609757332695,0.057692307692307696,0.11614908272839027,26.17427971240693,23.20278628714638,2.9714934252605474,728.0,798.9632966658412,657.0367033341588,0.19495411171934396,0.795927627191375,88.88888888888889,34.80714285714284,0.04520408163265304,138814.5,0.06641957432400794,0.0,0.3567043479946598,0.26166745629141946,0.3303649004966688,0.4588475031072486,0.5055611857047574,0.07540361337891538,1,-1,0.0,0.0,0.0,0.0,0.0143887374520996,0.0,0.0,0.0,0.0,0.0002070357654654,0.26166745629141946,0.26326529411061217,0.26326529411061217,0.26446993672234786,0.1000357928913406,88.88888888888889,88.88888888888889,88.88888888888889,88.88888888888889,66.66666666666666,26.396022172938046,26.295104045500466,25.78382157672752,23.0844951243007,11.384092385572217,36.99999999999999,40.22142857142857,41.05,39.50714285714285,26.37142857142856,0.1908138501383579,0.18435319472632444,0.17524726880024133,0.1502509530732464,0.049137692951530504,0.0,0.0,0.0,0.0,4,7,3,2021,0,0,16,0,0,0,0,1,1,0,0.0894591748506252,0,0.0,-0.014285714285714285,0.26166745629141946,0.0,0.0,0.0
2021-07-19,770.0,770.0,769.8,738.3,710.0,0.0,0.0,0.0,0.0,0.0,0.0,0.2616674562914197,SEPLAT,770.0,768.2974618835008,766.0,758.7089783414681,731.5,739.0077022152506,694.2819999999999,692.8115257045139,0.05263157894736842,0.10905943118214224,25.70226747452739,23.702682524622585,1.9995849499048042,731.5,803.5453073821568,659.4546926178432,0.19697965107903434,0.767192974802514,100.0,36.35714285714285,0.04721706864564006,127332.5,0.005575952722203679,0.0,0.3567043479946598,0.26166745629141946,0.3303649004966688,0.4504814286160501,0.4949209877850304,0.07669710752450455,1,-1,0.0,0.0,0.0,0.0,0.0,0.0,0.0,0.0,0.0,0.0,0.26166745629141946,0.26166745629141946,0.26326529411061217,0.26446993672234786,0.1000357928913406,88.88888888888889,88.88888888888889,88.88888888888889,88.88888888888889,66.66666666666666,26.17427971240693,26.396022172938046,26.295104045500466,24.75620182092291,10.989750961757636,34.80714285714284,36.99999999999999,40.22142857142857,39.935714285714276,30.34999999999999,0.19495411171934396,0.1908138501383579,0.18435319472632444,0.16498260503134718,0.04687686811173599,0.0,0.0,0.0,0.0,0,7,3,2021,0,0,19,1,0,0,0,0,1,0,0.0894591748506252,0,0.0,-0.014285714285714285,0.26166745629141946,0.0,0.0,0.0
2021-07-22,770.0,770.0,760.0,750.0,1930.0,0.0,0.0,0.0,0.0,0.0,0.0,0.2616674562914197,SEPLAT,770.0,768.8649745890006,768.0,760.761891370292,735.0,741.9593496233219,697.5939999999999,695.8385246964938,0.047619047619047616,0.10379389730989669,25.039553983601536,23.970056816418374,1.0694971671831617,735.0,807.402384374811,662.597615625189,0.19701329081581237,0.7417047470343848,100.0,35.37142857142857,0.0459369202226345,121108.5,0.015936123393486008,0.0,0.13211183925071388,0.26166745629141946,0.3303649004966688,0.3782904227199969,0.3924726333437267,0.07743393843330067,1,-1,0.0,0.0,0.0,0.0,0.0689928714869514,0.0,0.0,0.0,0.0,0.0047600163160149,0.26166745629141946,0.26166745629141946,0.26166745629141946,0.26326529411061217,0.2544158712897362,100.0,88.88888888888889,88.88888888888889,88.88888888888889,85.71428571428571,25.70226747452739,26.17427971240693,26.396022172938046,25.78382157672752,14.544158667182046,36.35714285714285,34.80714285714284,36.99999999999999,41.05,33.20714285714285,0.19697965107903434,0.19495411171934396,0.1908138501383579,0.17524726880024133,0.08347634769264069,0.0,0.0,0.0,0.0,3,7,3,2021,0,0,22,0,0,0,1,0,1,0,0.0894591748506252,0,0.0,-0.014285714285714285,0.26166745629141946,0.0,0.0,0.0
2021-07-23,770.0,770.0,770.0,750.1,111420.0,0.0,0.0,0.0,0.0,0.0,0.0,0.2616674562914197,SEPLAT,770.0,769.2433163926671,770.0,762.4415474847843,738.5,744.6298877544342,700.5939999999999,698.746817845651,0.04265402843601896,0.09906736283782058,24.23498296953028,24.023042047040757,0.21194092248952145,738.5,810.5453073821568,666.4546926178432,0.19511254538160272,0.7186124339293296,100.0,35.73571428571428,0.04641001855287569,126657.0,0.8796987138492148,0.0,0.13211183925071388,0.26166745629141946,0.3303649004966688,0.3051151874788215,0.31964743000994345,0.07762995856367119,1,-1,0.0,0.0,0.0,0.0,0.0,0.0,0.0,0.0,0.0,0.0,0.26166745629141946,0.26166745629141946,0.26166745629141946,0.26326529411061217,0.2544158712897362,100.0,100.0,88.88888888888889,88.88888888888889,85.71428571428571,25.039553983601536,25.70226747452739,26.17427971240693,26.295104045500466,17.16320563106524,35.37142857142857,36.35714285714285,34.80714285714284,40.22142857142857,37.49285714285713,0.19701329081581237,0.19697965107903434,0.19495411171934396,0.18435319472632444,0.1039376560131958,0.0,0.0,0.0,0.0,4,7,3,2021,0,0,23,0,0,0,0,1,1,0,0.0894591748506252,0,0.0,-0.014285714285714285,0.26166745629141946,0.0,0.0,0.0
2021-07-26,770.0,770.0,770.0,738.4,125380.0,0.0,0.0,0.0,0.0,0.0,0.0,0.2616674562914197,SEPLAT,770.0,769.4955442617782,770.0,763.8158115784598,742.0,747.0460889206786,703.5939999999999,701.5410602830765,0.03773584905660377,0.09438113457476907,23.328438921815973,23.8841214219958,-0.5556825001798273,742.0,812.9632966658412,671.0367033341588,0.19127573225294123,0.69728508479425,100.0,37.278571428571425,0.04841372912801484,132808.5,0.9440660801078244,0.0,0.0,0.26166745629141946,0.3303649004966688,0.3494403484470364,0.38533118516043474,0.07728928281812902,1,-1,0.0,0.0,0.0,0.0,0.0263173083173733,0.0,0.0,0.0,0.0,0.0006926007170716,0.26166745629141946,0.26166745629141946,0.26166745629141946,0.26166745629141946,0.26446993672234786,100.0,100.0,100.0,88.88888888888889,88.88888888888889,24.23498296953028,25.039553983601536,25.70226747452739,26.396022172938046,20.61501501153134,35.73571428571428,35.37142857142857,36.35714285714285,36.99999999999999,37.49285714285713,0.19511254538160272,0.19701329081581237,0.19697965107903434,0.1908138501383579,0.13210300178033327,0.0,0.0,0.0,0.0,0,7,3,2021,0,0,26,1,0,0,0,0,1,0,0.0894591748506252,0,0.0,-0.014285714285714285,0.26166745629141946,0.0,0.0,0.0
2021-07-27,770.0,770.0,768.7,740.0,14810.0,0.0,0.0,0.0,0.0,0.0,0.0,0.2616674562914197,SEPLAT,770.0,769.6636961745188,770.0,764.9402094732852,745.5,749.2321756901379,706.5939999999999,704.225724585701,0.03286384976525822,0.08973469913415634,22.352332457973603,23.577763629191363,-1.2254311712177604,745.5,814.6223172126201,676.3776827873799,0.18543881210629148,0.6772220679801434,100.0,34.778571428571425,0.04516697588126159,133429.0,0.11099536082860548,0.0,0.0,0.26166745629141946,0.3303649004966688,0.3249972120455789,0.3618148132577802,0.07640473242622137,1,-1,0.0,0.0,0.0,0.0,0.0,0.0,0.0,0.0,0.0,0.0,0.26166745629141946,0.26166745629141946,0.26166745629141946,0.26166745629141946,0.26446993672234786,100.0,100.0,100.0,88.88888888888889,88.88888888888889,23.328438921815973,24.23498296953028,25.039553983601536,26.17427971240693,23.0844951243007,37.278571428571425,35.73571428571428,35.37142857142857,34.80714285714284,39.50714285714285,0.19127573225294123,0.19511254538160272,0.19701329081581237,0.19495411171934396,0.1502509530732464,0.0,0.0,0.0,0.0,1,7,3,2021,0,0,27,0,1,0,0,0,1,0,0.0894591748506252,0,0.0,-0.014285714285714285,0.26166745629141946,0.0,0.0,0.0
2021-07-28,770.0,770.0,769.8,740.0,1500.0,0.0,0.0,0.0,0.0,0.0,0.0,0.2616674562914197,SEPLAT,770.0,769.7757974496792,770.0,765.8601713872333,749.0,751.2100637196486,709.5939999999999,706.8051079352814,0.028037383177570093,0.08512755181131755,21.332849246040382,23.12878075256117,-1.7959315065207875,749.0,815.45932669884,682.54067330116,0.17746148651225624,0.6579913688801075,100.0,33.35,0.043311688311688315,133336.5,0.011249732818845552,0.0,0.0,0.26166745629141946,0.3303649004966688,0.3197277099197512,0.3566514604648991,0.07495705545405684,1,-1,0.0,0.0,0.0,0.0,0.0,0.0,0.0,0.0,0.0,0.0,0.26166745629141946,0.26166745629141946,0.26166745629141946,0.26166745629141946,0.26446993672234786,100.0,100.0,100.0,100.0,88.88888888888889,22.352332457973603,23.328438921815973,24.23498296953028,25.70226747452739,24.75620182092291,34.778571428571425,37.278571428571425,35.73571428571428,36.35714285714285,39.935714285714276,0.18543881210629148,0.19127573225294123,0.19511254538160272,0.19697965107903434,0.16498260503134718,0.0,0.0,0.0,0.0,2,7,3,2021,0,0,28,0,0,1,0,0,1,0,0.0894591748506252,0,0.0,-0.014285714285714285,0.26166745629141946,0.0,0.0,0.0
2021-07-29,770.0,770.0,770.0,739.0,222000.0,0.0,0.0,0.0,0.0,0.0,0.0,0.2616674562914197,SEPLAT,770.0,769.8505316331195,770.0,766.6128674986454,753.0,752.9995814606344,712.5939999999999,709.283338996643,0.02257636122177955,0.08055919640075565,20.290999444713293,22.561224490991595,-2.270225046278302,753.0,813.9054487234969,692.0945512765031,0.1617674600889691,0.6395605841209534,100.0,31.27857142857143,0.04062152133580705,117632.5,1.8872335451512126,0.0,0.0,0.26166745629141946,0.3303649004966688,0.36018337269814704,0.4191686446631943,0.07191873791266043,1,-1,0.0,0.0,0.0,0.0,0.0,0.0,0.0,0.0,0.0,0.0,0.26166745629141946,0.26166745629141946,0.26166745629141946,0.26166745629141946,0.26326529411061217,100.0,100.0,100.0,100.0,88.88888888888889,21.332849246040382,22.352332457973603,23.328438921815973,25.039553983601536,25.78382157672752,33.35,34.778571428571425,37.278571428571425,35.37142857142857,41.05,0.17746148651225624,0.18543881210629148,0.19127573225294123,0.19701329081581237,0.17524726880024133,0.0,0.0,0.0,0.0,3,7,3,2021,0,0,29,0,0,0,1,0,1,0,0.0894591748506252,0,0.0,-0.014285714285714285,0.25316262321562744,0.0,0.0,0.0
2021-08-27,759.7,759.7,710.0,686.0,110.0,0.0,0.0,0.0,0.0,0.0,0.0,0.0466506973572759,SEPLAT,759.7,759.8190485391411,759.7,760.7828019703841,764.335,761.0472609402542,748.1340000000001,740.1241006694975,-0.006064094932195949,0.015459797309038107,2.2165631798865206,4.59058905119083,-2.374025871304309,764.335,774.8496063820012,753.8203936179989,0.027513083613863416,0.27959231988302663,0.0,57.26428571428577,0.07537749863667996,84479.5,0.0013020910398380673,0.0,0.0,0.0466506973572759,0.1679434022936055,0.21068820698221832,0.22285902298685134,0.09401714427702769,0,-1,0.0,0.0,0.0,0.0,-0.0134668963385535,0.0,0.0,0.0,0.0,0.0001813572969933,0.0466506973572759,0.0466506973572759,0.0466506973572759,0.0466506973572759,0.0466506973572759,0.0,0.0,0.0,0.0,0.0,2.543430058030367,2.9236357089263265,3.3663907657582968,4.484864279148269,9.420827433753516,53.42857142857148,50.64285714285718,48.55000000000003,42.92142857142859,36.67857142857143,0.02763307060594106,0.027476057520271106,0.027038357478901785,0.025258098935263328,0.011972423201620612,0.0,0.0,0.0,0.0,4,8,3,2021,0,0,27,0,0,0,0,1,1,0,0.0894591748506252,0,-0.013376623376623318,-0.013376623376623318,0.0466506973572759,0.0,0.0,0.0
2021-08-30,759.7,759.7,725.0,689.0,280.0,0.0,0.0,0.0,0.0,0.0,0.0,0.0466506973572759,SEPLAT,759.7,759.7793656927608,759.7,760.5859288848596,763.8199999999999,760.9189503745157,749.328,740.8917829961838,-0.005393940980859223,0.013841735528366846,1.9352109171825305,4.05951342438917,-2.1243025072066395,763.8199999999999,774.1740686129706,753.4659313870293,0.027111279131132076,0.3010443935614487,0.0,60.88571428571434,0.08014441790932518,81392.0,0.0034401415372518184,0.0,0.0,0.0466506973572759,0.16190151169094585,0.30010068910803844,0.316933861122887,0.08699073428426417,0,-1,0.0,0.0,0.0,0.0,0.0,0.0,0.0,0.0,0.0,0.0,0.0466506973572759,0.0466506973572759,0.0466506973572759,0.0466506973572759,0.0466506973572759,0.0,0.0,0.0,0.0,0.0,2.2165631798865206,2.543430058030367,2.9236357089263265,3.8825415362490503,8.100265342814623,57.26428571428577,53.42857142857148,50.64285714285718,43.128571428571455,39.107142857142854,0.027513083613863416,0.02763307060594106,0.027476057520271106,0.02630712880316173,0.01649101061390225,0.0,0.0,0.0,0.0,0,8,3,2021,0,0,30,1,0,0,0,0,1,0,0.0894591748506252,0,-0.013376623376623318,-0.013376623376623318,0.0466506973572759,0.0,0.0,0.0
2021-08-31,759.7,759.7,725.0,683.8,3150.0,0.0,0.0,0.0,0.0,0.0,0.0,0.0466506973572759,SEPLAT,759.7,759.7529104618407,759.7,760.4248509057942,763.3050000000001,760.8028598626571,750.5220000000002,741.6293601335883,-0.004722882727088147,0.01222882207317025,1.692724547061971,3.5861556489237305,-1.8934311018617596,763.3050000000001,773.3858259895496,753.2241740104505,0.026413624932496358,0.3211952074295701,0.0,64.87857142857149,0.08540025197916479,74468.0,0.04230004834291239,0.0,0.0,0.0466506973572759,0.16190151169094585,0.3883324664796021,0.42801631417737795,0.07805427916792756,0,-1,0.0,0.0,0.0,0.0,0.0,0.0,0.0,0.0,0.0,0.0,0.0466506973572759,0.0466506973572759,0.0466506973572759,0.0466506973572759,0.0466506973572759,0.0,0.0,0.0,0.0,0.0,1.9352109171825305,2.2165631798865206,2.543430058030367,3.3663907657582968,6.973326207830382,60.88571428571434,57.26428571428577,53.42857142857148,48.55000000000003,41.08571428571429,0.027111279131132076,0.027513083613863416,0.02763307060594106,0.027038357478901785,0.019641383034191735,0.0,0.0,0.0,0.0,1,8,3,2021,0,1,31,0,1,0,0,0,1,0,0.0894591748506252,0,-0.013376623376623318,-0.013376623376623318,0.0466506973572759,0.0,0.0,0.0
2021-09-01,759.7,759.7,710.0,683.8,183970.0,0.0,0.0,0.0,0.0,0.0,0.0,0.0466506973572759,SEPLAT,759.7,759.7352736412272,759.7,760.2930598320133,762.79,760.6978255900231,751.716,742.3380126773692,-0.0040509183392544714,0.01062103241117661,1.483452040020893,3.1656149271431633,-1.6821628871222702,762.79,772.4753443272214,753.1046556727786,0.025394523596852087,0.3404806326133787,0.0,69.58571428571436,0.09159630681283974,77111.5,2.3857660660212807,0.0,0.0,0.0466506973572759,0.1596798295050788,0.4080864051107911,0.45986074075518557,0.06644148819326218,0,-1,0.0,0.0,0.0,0.0,0.0,0.0,0.0,0.0,0.0,0.0,0.0466506973572759,0.0466506973572759,0.0466506973572759,0.0466506973572759,0.0466506973572759,0.0,0.0,0.0,0.0,0.0,1.692724547061971,1.9352109171825305,2.2165631798865206,2.9236357089263265,6.0109285811864765,64.87857142857149,60.88571428571434,57.26428571428577,50.64285714285718,44.29285714285715,0.026413624932496358,0.027111279131132076,0.027513083613863416,0.027476057520271106,0.022017505589451283,0.0,0.0,0.0,0.0,2,9,3,2021,1,0,1,0,0,1,0,0,1,0,0.0894591748506252,0,-0.013376623376623318,-0.013376623376623318,0.0466506973572759,0.0,0.0,0.0
2021-09-29,710.0,710.0,724.0,710.0,50530.0,0.0,0.0,0.0,0.0,0.0,0.0,0.2343764334561794,SEPLAT,710.0,710.5745932990062,710.0,715.4771559033592,732.365,726.6633277794579,752.0620000000001,734.2063204030146,-0.03053805138148329,-0.05592889947903247,-13.244378142820437,-11.418648365606403,-1.8257297772140344,732.365,783.1005278820835,681.6294721179165,0.13855257387254577,0.27959231988302735,0.0,40.65000000000002,0.05725352112676059,150634.0,0.33544883625210775,0.0,0.0,0.2343764334561794,0.2056558100705725,0.48492810399560804,0.4396472981420673,0.10170610382015546,0,-1,0.0,0.0,0.0,0.0,-0.0676586484738148,0.0,0.0,0.0,0.0,0.0045776927133032,0.2343764334561794,0.2343764334561794,0.2343764334561794,0.2343764334561794,0.2343764334561794,0.0,0.0,0.0,0.0,0.0,-13.49511226115601,-13.61884763021476,-13.578686626646572,-12.81850998879645,-3.5222809523297656,44.48571428571431,46.73571428571431,50.64285714285717,56.735714285714316,71.54285714285719,0.13877968047528638,0.13761866148245638,0.1350622967236176,0.12549614573389473,0.05870595721518452,0.0,0.0,0.0,0.0,2,9,3,2021,0,0,29,0,0,1,0,0,-1,0,0.0894591748506252,0,-0.07792207792207792,-0.07792207792207792,0.2343764334561794,0.0,0.0,0.0
2021-09-30,710.0,710.0,724.0,695.0,870.0,0.0,0.0,0.0,0.0,0.0,0.0,0.2343764334561794,SEPLAT,710.0,710.3830621993375,710.0,714.4813093754757,729.88,725.0763441814142,750.8620000000001,733.2570529362298,-0.027237354085603106,-0.05442011980896633,-12.897000948764685,-11.714318882238059,-1.1826820665266258,729.88,779.8408941810333,679.9191058189667,0.13690166652335525,0.30104439356144397,0.0,37.421428571428585,0.0527062374245473,148420.5,0.005861723953227486,0.0,0.0,0.2343764334561794,0.2056558100705725,0.3242616464775344,0.320545240618897,0.10129028880744258,0,-1,0.0,0.0,0.0,0.0,0.0,0.0,0.0,0.0,0.0,0.0,0.2343764334561794,0.2343764334561794,0.2343764334561794,0.2343764334561794,0.2343764334561794,0.0,0.0,0.0,0.0,0.0,-13.244378142820437,-13.49511226115601,-13.61884763021476,-13.329918412977463,-6.62944858206788,40.65000000000002,44.48571428571431,46.73571428571431,55.985714285714316,66.27857142857148,0.13855257387254577,0.13877968047528638,0.13761866148245638,0.13105780562437672,0.08107448878189355,0.0,0.0,0.0,0.0,3,9,3,2021,0,1,30,0,0,0,1,0,-1,0,0.0894591748506252,0,-0.07792207792207792,-0.07792207792207792,0.2343764334561794,0.0,0.0,0.0
2021-10-04,710.0,710.0,724.9,688.1,2540.0,0.0,0.0,0.0,0.0,0.0,0.0,0.2343764334561794,SEPLAT,710.0,710.2553747995584,710.0,713.666525852662,727.395,723.6405018784224,749.6620000000001,732.345011644613,-0.0239141044411908,-0.052906509867113635,-12.477864959703766,-11.8670280977312,-0.6108368619725653,727.395,776.0374322020014,678.7525677979986,0.13374420281140612,0.3211952074295714,0.0,34.78571428571429,0.04899396378269619,138491.0,0.018340541984677706,0.0,0.0,0.2343764334561794,0.20369709008061226,0.3930485595079444,0.43750841356292536,0.10003749098213291,0,-1,0.0,0.0,0.0,0.0,0.0,0.0,0.0,0.0,0.0,0.0,0.2343764334561794,0.2343764334561794,0.2343764334561794,0.2343764334561794,0.2343764334561794,0.0,0.0,0.0,0.0,0.0,-12.897000948764685,-13.244378142820437,-13.49511226115601,-13.578686626646572,-8.98828990357697,37.421428571428585,40.65000000000002,44.48571428571431,50.64285714285717,62.80000000000005,0.13690166652335525,0.13855257387254577,0.13877968047528638,0.1350622967236176,0.09681671881935504,0.0,0.0,0.0,0.0,0,10,4,2021,0,0,4,1,0,0,0,0,-1,0,0.0894591748506252,0,-0.07792207792207792,-0.07792207792207792,0.2343764334561794,0.0,0.0,0.0
2021-10-05,710.0,710.0,724.9,691.2,8350.0,0.0,0.0,0.0,0.0,0.0,0.0,0.2343764334561794,SEPLAT,710.0,710.1702498663723,710.0,712.9998847885416,724.9100000000001,722.3414064614298,748.4620000000001,731.4687366781576,-0.020568070519099032,-0.05138804642052649,-12.007284171012657,-11.895079312387491,-0.11220485862516583,724.9100000000001,771.6441371905737,678.1758628094265,0.12893776383433422,0.34048063261337513,0.0,32.214285714285715,0.04537223340040242,138903.0,0.06011389242852926,0.0,0.0,0.2343764334561794,0.20369709008061226,0.425741523815445,0.48113678192168186,0.09791558885178511,0,-1,0.0,0.0,0.0,0.0,0.0,0.0,0.0,0.0,0.0,0.0,0.2343764334561794,0.2343764334561794,0.2343764334561794,0.2343764334561794,0.2343764334561794,0.0,0.0,0.0,0.0,0.0,-12.477864959703766,-12.897000948764685,-13.244378142820437,-13.61884763021476,-10.73395430186963,34.78571428571429,37.421428571428585,40.65000000000002,46.73571428571431,61.87857142857147,0.13374420281140612,0.13690166652335525,0.13855257387254577,0.13761866148245638,0.10881588582721319,0.0,0.0,0.0,0.0,1,10,4,2021,0,0,5,0,1,0,0,0,-1,0,0.0894591748506252,0,-0.07792207792207792,-0.07792207792207792,0.2343764334561794,0.0,0.0,0.0
2021-10-29,731.5,731.5,731.5,721.0,29620.0,0.0,0.0,0.0,0.0,0.0,0.0,0.0713763269599322,SEPLAT,731.5,730.3749604024466,726.9,727.049271164723,718.95,724.1175445830615,732.466,726.889523329535,0.017456012240072264,-0.0013188325464936368,1.4583165687620294,-1.6046099721212395,3.062926540883269,718.95,737.7085769856435,700.1914230143566,0.052183258879319724,0.8345136470001129,100.0,24.300000000000004,0.03321941216678059,138103.5,0.21447682354176398,0.0,0.07954633110180868,0.07137632695993208,0.1448763518063771,0.28835676454325115,0.29718742168594636,0.0888210866131581,0,-1,0.0,0.0,0.0,0.015846008450078,0.0139862419747398,0.0,0.0,0.0,0.0002510959837999,0.0001956149645759,0.07137632695993208,0.07137632695993208,0.07137632695993208,0.07137632695993208,0.24169245004682485,100.0,100.0,100.0,100.0,100.0,1.011765240059617,0.42708677702398745,-0.3253877234619722,-2.4822703250263203,-7.521897577393702,24.907142857142862,25.192857142857147,24.58571428571429,25.392857142857135,19.16428571428571,0.05066567290546008,0.04831374301373291,0.044989163768273485,0.03418549754625874,0.012588700788176057,0.0,0.0,0.0,0.015846008450078,4,10,4,2021,0,0,29,0,0,0,0,1,-1,0,0.0894591748506252,0,-0.05,-0.07792207792207792,0.07137632695993208,0.0,0.0,0.0
2021-11-01,731.5,731.5,741.0,721.0,70820.0,0.0,0.0,0.0,0.0,0.0,0.0,0.0713763269599322,SEPLAT,731.5,730.7499736016312,728.05,727.8584945893188,720.025,724.8206355751508,731.9020000000002,727.07032633622,0.01593694663379747,-0.000549253861856037,1.79155972864271,-0.9253760319684496,2.7169357606111597,720.025,739.0857753749614,700.9642246250386,0.05294475990406276,0.8010108396501489,100.0,23.614285714285717,0.032282003710575144,141601.0,0.5001377108918722,0.0,0.07954633110180868,0.07137632695993208,0.1448763518063771,0.21396269463790732,0.2397262526994659,0.08845158271983486,0,-1,0.0,0.0,0.0,0.0,0.0,0.0,0.0,0.0,0.0,0.0,0.07137632695993208,0.07137632695993208,0.07137632695993208,0.07137632695993208,0.04844976341440359,100.0,100.0,100.0,100.0,100.0,1.4583165687620294,1.011765240059617,0.42708677702398745,-1.2810859008318403,-6.408950836798226,24.300000000000004,24.907142857142862,25.192857142857147,25.564285714285713,21.15714285714285,0.052183258879319724,0.05066567290546008,0.04831374301373291,0.04044423018989617,0.017316090330551086,0.0,0.0,0.0,0.0,0,11,4,2021,1,0,1,1,0,0,0,0,-1,0,0.0894591748506252,0,-0.05,-0.07792207792207792,0.07137632695993208,0.0,0.0,0.0
2021-11-02,731.5,731.5,749.0,723.0,43750.0,0.0,0.0,0.0,0.0,0.0,0.0,0.0713763269599322,SEPLAT,731.5,730.9999824010874,729.2,728.5205864821698,721.1,725.4567655203746,731.3380000000001,727.2440390289173,0.01442241020662873,0.00022151180439129495,2.032231039333965,-0.33385461770796676,2.3660856570419315,721.1,740.2052486588316,701.9947513411685,0.052989179472560134,0.7721765150958266,100.0,24.400000000000002,0.03335611756664388,143661.5,0.3045353139150016,0.0,0.07954633110180868,0.07137632695993208,0.1448763518063771,0.2341438766853374,0.2575308257387679,0.08735937460400912,0,-1,0.0,0.0,0.0,0.0,0.0,0.0,0.0,0.0,0.0,0.0,0.07137632695993208,0.07137632695993208,0.07137632695993208,0.07137632695993208,0.04844976341440359,100.0,100.0,100.0,100.0,100.0,1.79155972864271,1.4583165687620294,1.011765240059617,-0.3253877234619722,-5.463947540470826,23.614285714285717,24.300000000000004,24.907142857142862,24.58571428571429,24.01428571428571,0.05294475990406276,0.052183258879319724,0.05066567290546008,0.044989163768273485,0.02059578628433029,0.0,0.0,0.0,0.0,1,11,4,2021,0,0,2,0,1,0,0,0,1,0,0.0894591748506252,0,-0.05,-0.07792207792207792,0.07137632695993208,0.0,0.0,0.0
2021-11-03,731.5,731.5,731.5,688.9,23520.0,0.0,0.0,0.0,0.0,0.0,0.0,0.0713763269599322,SEPLAT,731.5,731.1666549340583,730.35,729.0622980308661,722.175,726.0323116612913,730.7740000000001,727.4109394591558,0.012912382732717203,0.0009934672005296923,2.197631854954352,0.17244267682449704,2.025189178129855,722.175,741.0688168666225,703.2811831333775,0.05232476024958633,0.7467738537381886,100.0,27.442857142857147,0.03751586759105557,144420.0,0.16285832987120896,0.0,0.07954633110180868,0.07137632695993208,0.1448763518063771,0.3432785551234071,0.3662966125988043,0.08551677592040963,0,-1,0.0,0.0,0.0,0.0,0.0,0.0,0.0,0.0,0.0,0.0,0.07137632695993208,0.07137632695993208,0.07137632695993208,0.07137632695993208,0.04844976341440359,100.0,100.0,100.0,100.0,100.0,2.032231039333965,1.79155972864271,1.4583165687620294,0.42708677702398745,-4.661293134055086,24.400000000000002,23.614285714285717,24.300000000000004,25.192857142857147,24.071428571428562,0.052989179472560134,0.05294475990406276,0.052183258879319724,0.04831374301373291,0.023055693305284522,0.0,0.0,0.0,0.0,2,11,4,2021,0,0,3,0,0,1,0,0,1,0,0.0894591748506252,0,-0.05,-0.07792207792207792,0.07137632695993208,0.0,0.0,0.0
2021-11-04,731.5,731.5,732.0,690.0,70530.0,0.0,0.0,0.0,0.0,0.0,0.0,0.0713763269599322,SEPLAT,731.5,731.2777699560389,731.5,729.5055165707087,723.25,726.5530438840254,730.21,727.571294774483,0.011406844106463879,0.0017666150833321422,2.302175150896801,0.5983891716389579,1.7037859792578431,723.25,741.6676688621493,704.8323311378507,0.050930297579396606,0.723969712501315,100.0,29.72857142857143,0.040640562445073726,135239.5,0.5215192306981319,0.0,0.07954633110180868,0.07137632695993208,0.1448763518063771,0.41110796663670796,0.4405562408637491,0.08287374966476214,0,-1,0.0,0.0,0.0,0.0,0.0,0.0,0.0,0.0,0.0,0.0,0.07137632695993208,0.07137632695993208,0.07137632695993208,0.07137632695993208,0.04844976341440359,100.0,100.0,100.0,100.0,100.0,2.197631854954352,2.032231039333965,1.79155972864271,1.011765240059617,-3.9793126944523465,27.442857142857147,24.400000000000002,23.614285714285717,24.907142857142862,26.642857142857135,0.05232476024958633,0.052989179472560134,0.05294475990406276,0.05066567290546008,0.024941005379330083,0.0,0.0,0.0,0.0,3,11,4,2021,0,0,4,0,0,0,1,0,1,0,0.0894591748506252,0,-0.05,-0.07792207792207792,0.07137632695993208,0.0,0.0,0.0
2021-11-05,731.5,731.5,714.0,689.2,16210.0,0.0,0.0,0.0,0.0,0.0,0.0,0.0713763269599322,SEPLAT,731.5,731.3518466373594,731.5,729.8681499214889,724.325,727.0241825617372,729.6460000000001,727.7253616460719,0.00990577434162835,0.0025409582180947036,2.357846677337193,0.950280672778605,1.4075660045585878,724.325,741.9804002473671,706.669599752633,0.04874994028196482,0.7031956200219802,100.0,30.75714285714286,0.0420466751293819,131081.0,0.12366399401896537,0.0,0.0,0.07137632695993208,0.1448763518063771,0.43350590281533086,0.48746175030703653,0.07935035343482678,0,-1,0.0,0.0,0.0,0.0,0.015846008450078,0.0,0.0,0.0,0.0,0.0002510959837999,0.07137632695993208,0.07137632695993208,0.07137632695993208,0.07137632695993208,0.07137632695993208,100.0,100.0,100.0,100.0,100.0,2.302175150896801,2.197631854954352,2.032231039333965,1.4583165687620294,-2.4822703250263203,29.72857142857143,27.442857142857147,24.400000000000002,24.300000000000004,25.392857142857135,0.050930297579396606,0.05232476024958633,0.052989179472560134,0.052183258879319724,0.03418549754625874,0.0,0.0,0.0,0.0,4,11,4,2021,0,0,5,0,0,0,0,1,1,0,0.0894591748506252,0,-0.05,-0.07792207792207792,0.07137632695993208,0.0,0.0,0.0
2021-11-08,731.5,731.5,715.0,691.2,245240.0,0.0,0.0,0.0,0.0,0.0,0.0,0.0713763269599322,SEPLAT,731.5,731.401231091573,731.5,730.1648499357636,725.4,727.4504508891908,729.0820000000001,727.8733866795592,0.008409153570443924,0.003316499378670564,2.374593922527424,1.2351433227283688,1.1394505997990554,725.4,741.9675650150017,708.8324349849983,0.045678425737528866,0.6840946450029486,100.0,29.349999999999998,0.04012303485987696,140660.0,1.7434949523674108,0.0,0.0,0.07137632695993208,0.1448763518063771,0.44175924020776824,0.5020358886592435,0.07482232009249876,0,-1,0.0,0.0,0.0,0.0,0.0,0.0,0.0,0.0,0.0,0.0,0.07137632695993208,0.07137632695993208,0.07137632695993208,0.07137632695993208,0.07137632695993208,100.0,100.0,100.0,100.0,100.0,2.357846677337193,2.302175150896801,2.197631854954352,1.79155972864271,-1.2810859008318403,30.75714285714286,29.72857142857143,27.442857142857147,23.614285714285717,25.564285714285713,0.04874994028196482,0.050930297579396606,0.05232476024958633,0.05294475990406276,0.04044423018989617,0.0,0.0,0.0,0.0,0,11,4,2021,0,0,8,1,0,0,0,0,1,0,0.0894591748506252,0,-0.05,-0.07792207792207792,0.07137632695993208,0.0,0.0,0.0
2021-11-09,731.5,731.5,700.0,685.0,64569.99999999999,0.0,0.0,0.0,0.0,0.0,0.0,0.0713763269599322,SEPLAT,731.5,731.4341540610487,731.5,730.4076044928975,726.475,727.8361222330774,728.518,728.0156068097726,0.0069169620427406,0.0040932413475026986,2.3606540841718697,1.460245475017069,0.9004086091548007,726.475,741.5588882324989,711.3911117675011,0.041526241735775925,0.6665684577658628,100.0,29.885714285714283,0.04085538521628747,135807.0,0.47545413712106144,0.0,0.0,0.07137632695993208,0.1448763518063771,0.42543050402188637,0.4713507107872776,0.06909241177491861,0,-1,0.0,0.0,0.0,0.0,0.0,0.0,0.0,0.0,0.0,0.0,0.07137632695993208,0.07137632695993208,0.07137632695993208,0.07137632695993208,0.07137632695993208,100.0,100.0,100.0,100.0,100.0,2.374593922527424,2.357846677337193,2.302175150896801,2.032231039333965,-0.3253877234619722,29.349999999999998,30.75714285714286,29.72857142857143,24.400000000000002,24.58571428571429,0.045678425737528866,0.04874994028196482,0.050930297579396606,0.052989179472560134,0.044989163768273485,0.0,0.0,0.0,0.0,1,11,4,2021,0,0,9,0,1,0,0,0,1,0,0.0894591748506252,0,-0.05,-0.07792207792207792,0.07137632695993208,0.0,0.0,0.10067318990594291
2021-11-10,731.5,731.5,719.8,685.0,160200.0,0.0,0.0,0.0,0.0,0.0,0.0,0.0713763269599322,SEPLAT,731.5,731.4561027073659,731.5,730.6062218578252,727.55,728.1850629727843,727.9540000000001,728.1522496799776,0.005429180125077377,0.004871186915656669,2.3228305175493915,1.6327624835235335,0.690068034025858,727.55,740.6202555042876,714.4797444957123,0.03592950451319529,0.6511064568976587,100.0,29.635714285714283,0.04051362171662923,138816.0,1.1540456431535269,0.0,0.0,0.07137632695993208,0.1448763518063771,0.40023349284675525,0.4478982855791055,0.06182737203523721,0,-1,0.0,0.0,0.0,0.0,0.0,0.0,0.0,0.0,0.0,0.0,0.07137632695993208,0.07137632695993208,0.07137632695993208,0.07137632695993208,0.07137632695993208,100.0,100.0,100.0,100.0,100.0,2.3606540841718697,2.374593922527424,2.357846677337193,2.197631854954352,0.42708677702398745,29.885714285714283,29.349999999999998,30.75714285714286,27.442857142857147,25.192857142857147,0.041526241735775925,0.045678425737528866,0.04874994028196482,0.05232476024958633,0.04831374301373291,0.0,0.0,0.0,0.0,2,11,4,2021,0,0,10,0,0,1,0,0,1,0,0.0894591748506252,0,-0.05,-0.07792207792207792,0.07137632695993208,0.0,0.0,0.10067318990594291
2021-11-23,721.2,721.2,669.4,649.1,26480.0,0.0,0.0,0.0,0.0,0.0,0.0,0.0491234866865858,SEPLAT,721.2,722.1031105312287,725.3199999999999,724.1429898563431,728.4100000000001,725.5031890675215,721.6419999999999,726.9664736297104,-0.009898271577820233,-0.0006124920667032873,-1.144444306818059,0.1686864053558012,-1.3131307121738602,728.4100000000001,738.0953443272211,718.724655672779,0.026593111921091307,0.12778814276452546,0.0,54.23571428571428,0.07520204421202756,59829.5,0.4425910295088543,0.0,0.07118669526617331,0.0491234866865856,0.14513654379984928,0.5526030358068198,0.5541214879470076,0.007856259585613614,0,-1,0.0,0.0,0.0,-0.0141807291310166,0.0,0.0,0.0,0.0,0.0002010930786872,0.0,0.0491234866865856,0.07547130775475208,0.07547130775475208,0.07547130775475208,0.07137632695993208,0.0,0.0,0.0,0.0,100.0,-0.8839993732603943,-0.5387187580903401,-0.0901792273373303,1.208989175978104,2.3606540841718697,52.128571428571426,48.83571428571428,45.11428571428571,36.921428571428564,29.885714285714283,0.025110375309880847,0.02317959426733121,0.020677328053836805,0.022321021169601392,0.041526241735775925,0.0,0.0,0.0,0.0141807291310166,1,11,4,2021,0,0,23,0,1,0,0,0,-1,0,0.0894591748506252,0,-0.06337662337662332,-0.06337662337662332,0.0491234866865856,0.0,0.0,0.2627069240248234
2021-11-24,721.2,721.2,649.1,649.1,1550.0,0.0,0.0,0.0,0.0,0.0,0.0,0.0491234866865858,SEPLAT,721.2,721.8020736874859,724.29,723.6079007915534,727.8950000000001,725.0933615372813,720.8720000000001,726.7403374089374,-0.00919775517073211,0.0004550044945565572,-1.335454504826771,-0.13214177668071322,-1.2033127281460578,727.8950000000001,737.9758259895493,717.8141740104509,0.027698571880694946,0.16793395665490385,0.0,56.385714285714286,0.07818318675223833,57230.0,0.027083697361523676,0.0,0.07118669526617331,0.0491234866865856,0.14513654379984928,0.42580887052036,0.3686602197547818,0.008976308257453726,0,-1,0.0,0.0,0.0,0.0,0.0,0.0,0.0,0.0,0.0,0.0,0.0491234866865856,0.0491234866865856,0.07547130775475208,0.07547130775475208,0.07137632695993208,0.0,0.0,0.0,0.0,100.0,-1.144444306818059,-0.8839993732603943,-0.5387187580903401,0.48363201703955383,2.3228305175493915,54.23571428571428,52.128571428571426,48.83571428571428,40.71428571428571,29.635714285714283,0.026593111921091307,0.025110375309880847,0.02317959426733121,0.021517387003068593,0.03592950451319529,0.0,0.0,0.0,0.0,2,11,4,2021,0,0,24,0,0,1,0,0,1,0,0.0894591748506252,0,-0.06337662337662332,-0.06337662337662332,0.13496495549659113,0.0013693438081465,0.0370046457643701,0.2627069240248234
2021-12-22,650.0,650.0,649.4,648.8,990.0,0.0,0.0,0.0,0.0,0.0,5.952359268002021e-09,0.3543285339495457,SEPLAT,650.0,649.6945437563403,648.0400000000001,650.9677452579119,657.525,661.5332663006124,698.888,687.0123355906354,-0.011444431770655074,-0.0699511223543687,-15.598164246354827,-18.00946001135626,2.4112957650014337,657.525,705.6685080610159,609.381491938984,0.14643856297788208,0.4218482376641211,50.0,28.457142857142863,0.04378021978021979,318090.5,0.0031123218077874063,9.89714875820606e-09,0.15694969066462436,0.35432853394954533,0.21147298532477873,0.519534688605389,0.4461542126699617,0.10334363781976906,1,-1,0.0,0.0,0.0,-0.0001538343207402,0.024256269141492,0.0,0.0,0.0,2.3664998237620492e-08,0.0005883665926644,0.35432853394954533,0.35432853394954533,0.35432853394954533,0.35432853394954533,0.3300033929438471,30.468750000000014,30.468750000000014,30.468750000000014,30.468750000000014,12.448474855729614,-16.5808934114973,-17.59403655083929,-18.631262353405305,-20.74167878109199,-23.479729571833673,31.58571428571429,31.57857142857143,34.1,39.628571428571426,55.67142857142858,0.16860869814457588,0.1851936294623474,0.19769175904139663,0.2133957280029261,0.21056948592896713,0.0,0.0,0.0,0.0001538343207402,2,12,4,2021,0,0,22,0,0,1,0,0,-1,0,0.0894591748506252,0,-0.15584415584415584,-0.2012987012987013,0.35432853394954533,0.0,0.0,9.89714875820606e-09
2021-12-23,650.0,650.0,650.0,618.4,2240.0,0.0,0.0,0.0,0.0,0.0,5.952359268002021e-09,0.3543285339495457,SEPLAT,650.0,649.7963625042269,650.03,650.7917915746552,655.275,660.4348599862683,697.688,685.5608714498262,-0.008050055320285342,-0.06835146942472851,-14.65046288624194,-17.3376605863334,2.6871977000914598,655.275,700.1386237595913,610.4113762404087,0.13693067417371727,0.44121072309866355,50.0,26.100000000000005,0.040153846153846165,232202.5,0.00964675229594858,9.89714875820606e-09,0.15694969066462436,0.35432853394954533,0.21147298532477873,0.5613066231836522,0.5580376984904781,0.09152406474912797,1,-1,0.0,0.0,0.0,0.0,0.0,0.0,0.0,0.0,0.0,0.0,0.35432853394954533,0.35432853394954533,0.35432853394954533,0.35432853394954533,0.3300033929438471,50.0,30.468750000000014,30.468750000000014,30.468750000000014,12.448474855729614,-15.598164246354827,-16.5808934114973,-17.59403655083929,-19.684139470812852,-24.71448160925786,28.457142857142863,31.58571428571429,31.57857142857143,36.357142857142854,52.66428571428572,0.14643856297788208,0.16860869814457588,0.1851936294623474,0.2069257953240151,0.22226779124981405,0.0,0.0,0.0,0.0,3,12,4,2021,0,0,23,0,0,0,1,0,-1,0,0.0894591748506252,0,-0.15584415584415584,-0.2012987012987013,0.3347970586578189,0.0,0.0,9.89714875820606e-09
2021-12-24,650.0,650.0,650.0,635.0,51040.0,0.0,0.0,0.0,0.0,0.0,5.952359268002021e-09,0.3347970586578193,SEPLAT,650.0,649.8642416694846,650.0200000000001,650.6478294701724,653.025,659.4410637970999,696.288,684.1663274714017,-0.004632288197235906,-0.06647823888965487,-13.741004978618093,-16.61832946479034,2.8773244861722453,653.025,693.83015318334,612.2198468166599,0.12497271370419219,0.4629336031847685,50.0,22.55714285714286,0.03470329670329671,233219.0,0.21885009368876462,9.89714875820606e-09,0.0007722421612740329,0.3347970586578189,0.21147298532477873,0.5260819325100429,0.4948361088402076,0.08538651872740356,1,-1,0.0,0.0,0.0,0.0,0.0312476602624132,0.0,0.0,0.0,0.0,0.0009764162718752,0.35432853394954533,0.35432853394954533,0.35432853394954533,0.35432853394954533,0.35526682407675636,50.0,50.0,30.468750000000014,30.468750000000014,24.840764331210195,-14.65046288624194,-15.598164246354827,-16.5808934114973,-18.631262353405305,-23.804791819669845,26.100000000000005,28.457142857142863,31.58571428571429,34.1,48.94285714285714,0.13693067417371727,0.14643856297788208,0.16860869814457588,0.19769175904139663,0.2221137721946355,0.0,0.0,0.0,0.0,4,12,4,2021,0,0,24,0,0,0,0,1,-1,0,0.0894591748506252,0,-0.15584415584415584,-0.2012987012987013,0.3347970586578189,0.0,0.0,0.16196814466845363
2021-12-29,650.0,650.0,670.0,600.0,5920.0,0.0,0.0,0.0,0.0,0.0,5.952359268002021e-09,0.3347970586578193,SEPLAT,650.0,649.9094944463232,650.01,650.5300422937773,650.775,658.5419148640428,694.888,682.8264714921311,-0.0011908877876377815,-0.06459746031015075,-12.871874082575232,-15.869038388347319,2.9971643057720865,650.775,686.4785675646309,615.071432435369,0.10972630345244035,0.4891467428486374,99.71590909090902,25.05714285714286,0.038549450549450553,228382.0,0.02592148242856267,9.89714875820606e-09,0.0007722421612740329,0.3347970586578189,0.21147298532477873,0.6781702111961971,0.6396599192041511,0.07755581352393354,1,-1,0.0,0.0,0.0,0.0,0.0,0.0,0.0,0.0,0.0,0.0,0.3347970586578189,0.35432853394954533,0.35432853394954533,0.35432853394954533,0.35526682407675636,50.0,50.0,50.0,30.468750000000014,24.840764331210195,-13.741004978618093,-14.65046288624194,-15.598164246354827,-17.59403655083929,-22.820792220195813,22.55714285714286,26.100000000000005,28.457142857142863,31.57857142857143,45.214285714285715,0.12497271370419219,0.13693067417371727,0.14643856297788208,0.1851936294623474,0.21923241421893844,0.0,0.0,0.0,0.0,2,12,4,2021,0,0,29,0,0,1,0,0,-1,0,0.0894591748506252,0,-0.15584415584415584,-0.2012987012987013,0.3347970586578189,0.0,0.0,0.16196814466845363
2021-12-30,650.0,650.0,650.0,648.4,9180.0,0.0,0.0,0.0,0.0,0.0,5.952359268002021e-09,0.3347970586578193,SEPLAT,650.0,649.9396629642155,650.0,650.4336709676359,648.525,657.7283991627055,693.488,681.5391588845965,0.002274391889287264,-0.0627090879726831,-12.044243049121974,-15.10407932050225,3.0598362713802754,648.525,677.5387444743196,619.5112555256803,0.08947610184439968,0.5254189872201012,99.50248756218895,24.09285714285715,0.03706593406593407,227698.5,0.040316471122998174,9.89714875820606e-09,0.0007722421612740329,0.3347970586578189,0.21147298532477873,0.5258621440365081,0.4196370906768771,0.06744475013760748,1,-1,0.0,0.0,0.0,0.0,0.0,0.0,0.0,0.0,0.0,0.0,0.3347970586578189,0.3347970586578189,0.35432853394954533,0.35432853394954533,0.35526682407675636,99.71590909090902,50.0,50.0,30.468750000000014,24.840764331210195,-12.871874082575232,-13.741004978618093,-14.65046288624194,-16.5808934114973,-21.789786354850662,25.05714285714286,22.55714285714286,26.100000000000005,31.58571428571429,41.49285714285714,0.10972630345244035,0.12497271370419219,0.13693067417371727,0.16860869814457588,0.21742051219202474,0.0,0.0,0.0,0.0,3,12,4,2021,0,0,30,0,0,0,1,0,-1,0,0.0894591748506252,0,-0.15584415584415584,-0.2012987012987013,0.3347970586578189,0.0,0.0,0.16196814466845363
2021-12-31,650.0,650.0,664.9,620.4,22690.0,0.0,0.0,0.0,0.0,0.0,5.952359268002021e-09,0.3347970586578193,SEPLAT,650.0,649.959775309477,650.0,650.3548217007929,646.275,656.9923611472097,692.0880000000001,680.3023291244164,0.005763800239836019,-0.060813075793829795,-11.258557845714222,-14.334975025544646,3.0764171798304236,646.275,665.4118341439407,627.1381658560592,0.05922195394821321,0.5973253980251342,99.50248756218895,25.128571428571433,0.038659340659340666,228766.5,0.09918410256746509,9.89714875820606e-09,7.856688392760448e-09,0.3347970586578189,0.21147298532477873,0.6031127178402136,0.5730776675807572,0.05378222670809286,1,-1,0.0,0.0,0.0,0.0,-0.0001538343207402,0.0,0.0,0.0,0.0,2.3664998237620492e-08,0.3347970586578189,0.3347970586578189,0.3347970586578189,0.35432853394954533,0.35432853394954533,99.50248756218895,99.71590909090902,50.0,50.0,30.468750000000014,-12.044243049121974,-12.871874082575232,-13.741004978618093,-15.598164246354827,-20.74167878109199,24.09285714285715,25.05714285714286,22.55714285714286,28.457142857142863,39.628571428571426,0.08947610184439968,0.10972630345244035,0.12497271370419219,0.14643856297788208,0.2133957280029261,0.0,0.0,0.0,0.0,4,12,4,2021,0,1,31,0,0,0,0,1,-1,0,0.0894591748506252,0,-0.15584415584415584,-0.2012987012987013,0.3347970586578189,0.0,0.0,0.16196814466845363
2022-01-04,650.0,650.0,664.9,650.0,15900.0,0.0,0.0,0.0,0.0,0.0,5.952359268002021e-09,0.3347970586578193,SEPLAT,650.0,649.9731835396514,650.0,650.290308664285,646.275,656.3264219903326,690.688,679.1140024920863,0.005763800239836019,-0.058909377316530745,-10.5146898618965,-13.570917992815017,3.0562281309185177,646.275,665.4118341439407,627.1381658560592,0.05922195394821321,0.5973253980251342,0.0,24.764285714285716,0.0380989010989011,152061.5,0.10456295643538963,9.89714875820606e-09,7.856688392760448e-09,0.3347970586578189,0.21147298532477873,0.5726548615600267,0.5120753877814705,0.0323435461418245,1,-1,0.0,0.0,0.0,0.0,0.0,0.0,0.0,0.0,0.0,0.0,0.3347970586578189,0.3347970586578189,0.3347970586578189,0.35432853394954533,0.35432853394954533,99.50248756218895,99.50248756218895,99.71590909090902,50.0,30.468750000000014,-11.258557845714222,-12.044243049121974,-12.871874082575232,-14.65046288624194,-19.684139470812852,25.128571428571433,24.09285714285715,25.05714285714286,26.100000000000005,36.357142857142854,0.05922195394821321,0.08947610184439968,0.10972630345244035,0.13693067417371727,0.2069257953240151,0.0,0.0,0.0,0.0,1,1,1,2022,0,0,4,0,1,0,0,0,-1,0,0.0894591748506252,0,-0.15584415584415584,-0.2012987012987013,0.25409536134113636,0.0005205095215742,0.0228146777661712,0.15733728453246454
2022-02-14,850.0,850.0,864.9,820.0,64019.99999999999,0.0,0.0,0.0,0.0,0.0,0.132391636014871,0.4009489357794538,SEPLAT,859.6,856.0043756215186,864.72,847.6089034142594,812.675,814.9668030758771,718.38,758.6808009191404,0.04592856923124256,0.18321779559564577,43.5132943270587,44.56170861164593,-1.0484142845872313,812.675,931.6829497565737,693.6670502434262,0.2928795638024396,0.6568172549663569,76.26970227670752,24.142857142857142,0.028403361344537813,540319.5,0.1184854516633214,0.13239163601487167,0.5001982903211208,0.40094893577945345,0.32876994172590507,0.43214857975969334,0.39594981786569483,0.09678808889583254,1,1,-0.0186485590780729,0.0,0.0,-0.0046083030861942,0.0,0.0003477687556883,0.0,0.0,2.123645733422716e-05,0.0,0.40094893577945345,0.38923338831126764,0.39225703910722504,0.3901695969200183,0.2507006058182471,78.18035426731078,91.66040570999247,93.39678762641283,94.39959636730575,96.15384615384616,46.125083266028014,48.78776539153387,49.84758489875742,50.542180334649515,32.85794120030221,21.650000000000002,22.285714285714285,20.357142857142858,24.935714285714287,19.199999999999996,0.32185099537460143,0.34453264239804815,0.35803050446807966,0.3750285129379407,0.29163847105875373,0.0186485590780729,0.0,0.0,0.0046083030861942,0,2,1,2022,0,0,14,1,0,0,0,0,1,1,0.0894591748506252,0,-0.025341130604288525,-0.1038961038961039,0.40094893577945345,0.0,0.0,0.430392119383524
2022-02-15,850.0,850.0,853.4,825.0,1070.0,0.0,0.0,0.0,0.0,0.0,0.132391636014871,0.4009489357794538,SEPLAT,856.4,854.0029170810126,862.82,848.0436482480304,820.675,818.3032980210317,722.38,762.261945981135,0.03573278094251689,0.17666602065394946,40.971142943797076,43.84359547807616,-2.872452534279084,820.675,925.6439051702055,715.7060948297944,0.25581114368100777,0.6396842234014445,79.76190476190474,25.814285714285713,0.030369747899159662,540177.5,0.001980830375200744,0.13239163601487167,0.0973733016248178,0.40094893577945345,0.32876994172590507,0.45560392421213297,0.4719316194401459,0.09067267624989214,1,1,0.0,-0.0186485590780729,0.0,0.0,0.0953101798043249,0.0,0.0003477687556883,0.0,0.0,0.0090840303743327,0.40094893577945345,0.40094893577945345,0.38923338831126764,0.3901695969200183,0.38671649462169444,76.26970227670752,78.18035426731078,91.66040570999247,93.39678762641283,97.35449735449735,43.5132943270587,46.125083266028014,48.78776539153387,50.47524419854096,39.50767385740983,24.142857142857142,21.650000000000002,22.285714285714285,22.785714285714285,23.41428571428571,0.2928795638024396,0.32185099537460143,0.34453264239804815,0.36574836269504307,0.3287008886287538,0.0,0.0186485590780729,0.0,0.0,1,2,1,2022,0,0,15,0,1,0,0,0,1,0,0.0894591748506252,0,-0.025341130604288525,-0.1038961038961039,0.40094893577945345,0.0,0.0,0.430392119383524
2022-02-16,850.0,850.0,852.4,810.1,6220.0,0.0,0.0,0.0,0.0,0.0,0.132391636014871,0.4009489357794538,SEPLAT,853.2,852.6686113873418,860.61,848.3993485665703,827.1700000000001,821.3220315428382,726.38,765.7026539818748,0.027600130565663558,0.17018640381067762,38.51252128518706,42.77738063949834,-4.264859354311277,827.1700000000001,921.469257127174,732.8707428728261,0.22800453867324483,0.6210507945423732,79.57486136783733,28.76428571428571,0.03384033613445377,530087.5,0.011733911854175019,0.13239163601487167,0.09300623175477908,0.40094893577945345,0.3270850569412213,0.4603319026239097,0.47731215530036825,0.08195084231097953,1,1,0.0,0.0,-0.0186485590780729,0.0,0.003560970967548,0.0,0.0,0.0003477687556883,0.0,1.2680514231719823e-05,0.40094893577945345,0.40094893577945345,0.40094893577945345,0.39225703910722504,0.38530638608475987,79.76190476190474,76.26970227670752,78.18035426731078,93.39678762641283,97.39718896408121,40.971142943797076,43.5132943270587,46.125083266028014,49.84758489875742,44.51464190662625,25.814285714285713,24.142857142857142,21.650000000000002,20.357142857142858,23.635714285714283,0.25581114368100777,0.2928795638024396,0.32185099537460143,0.35803050446807966,0.3570459877122901,0.0,0.0,0.0186485590780729,0.0,2,2,1,2022,0,0,16,0,0,1,0,0,1,0,0.0894591748506252,0,-0.025341130604288525,-0.06480519480519478,0.45116421901882653,0.0036753447703857,0.0606246218164348,0.430392119383524
2022-03-14,990.0,990.0,1000.0,939.0,100440.0,0.0,0.0,0.0,0.0,0.0,0.0,0.5798869119648246,SEPLAT,990.0,989.8067615811192,998.7800000000001,974.0563243837024,913.375,933.940887506951,825.22,853.1989812693578,0.08389215820446147,0.19968008531058382,52.58096870426186,50.168139598436646,2.4128291058252174,913.375,1097.3726301334798,729.3773698665203,0.4028961382421891,0.7082227905446742,84.1726618705036,58.85714285714285,0.05945165945165944,262815.5,0.3821692403986827,0.0,0.6883267409536798,0.5798869119648241,0.40950838611527574,0.38284469687375966,0.3438120361181432,0.07675327994754566,1,-1,0.0,0.0,0.0,-0.0434851119397387,0.0,0.0,0.0,0.0,0.0018909549604116,0.0,0.5863906882170891,0.5863906882170891,0.5863906882170891,0.5872383644225446,0.4764739637266591,84.1726618705036,84.1726618705036,84.1726618705036,71.34146341463415,47.577442414614765,54.3151062681826,55.73845848586802,56.74443228391931,56.9563620492537,19.890496994375894,54.49999999999999,55.921428571428564,57.63571428571428,57.8142857142857,40.0142857142857,0.4024130053446037,0.3993429716364907,0.3916520886265962,0.36831003432960857,0.13406660267548653,0.0,0.0,0.0,0.0434851119397387,0,3,1,2022,0,0,14,1,0,0,0,0,1,0,0.0894591748506252,0,-0.0425531914893617,-0.0826740052746245,0.5943581615646948,0.0009468949771031,0.0307716586667536,0.2718571248001433
2022-03-24,930.0,930.0,960.0,900.0,34110.0,0.0,0.0,0.0,0.0,0.0,0.0,0.5611912339995277,SEPLAT,930.0,933.7967582631867,948.0,941.8222743662795,960.3800000000001,934.7548077763054,868.02,876.047933261548,-0.03163331181407371,0.07140388470311747,18.92683311396422,31.3803141054048,-12.453480991440578,960.3800000000001,1060.3450170388564,860.4149829611437,0.20817804835347753,0.3480468422858801,0.0,41.3,0.04440860215053763,167784.5,0.20329649043862813,0.0,0.20926506852757415,0.5611912339995273,0.42281937279252096,0.6164373641445581,0.7234436119001406,0.03854097086983327,1,-1,0.0,0.0,0.0,-0.0317486983145803,0.0,0.0,0.0,0.0,0.0010079798446702,0.0,0.5611912339995273,0.5611912339995273,0.5611912339995273,0.6082711940277126,0.5863906882170891,0.0,0.0,45.88969823100938,62.603380079108234,84.1726618705036,21.715068007987497,24.958014101697245,28.73416691073487,38.27226995468834,55.73845848586802,44.39999999999999,48.39999999999999,51.17142857142857,54.87142857142857,55.921428571428564,0.22774340492109305,0.2721442827273435,0.30865693973357894,0.36677361196140973,0.3993429716364907,0.0,0.0,0.0,0.0317486983145803,3,3,1,2022,0,0,24,0,0,0,1,0,1,0,0.0894591748506252,0,-0.10058027079303675,-0.10058027079303675,0.5090817178402132,0.0,0.0,0.0
2022-03-25,930.0,930.0,960.0,906.0,103160.0,0.0,0.0,0.0,0.0,0.0,0.0,0.5090817178402136,SEPLAT,930.0,932.5311721754579,942.0,939.6727699360468,963.885,934.3019689404667,872.82,878.1637005846246,-0.035154608692945725,0.06551178937237913,16.526628189997723,28.409576922323385,-11.882948732325662,963.885,1053.3839391292604,874.3860608707396,0.18570459988330643,0.31069608014536915,0.0,42.01428571428571,0.04517665130568356,167861.5,0.6145542605064294,0.0,0.20926506852757415,0.5090817178402132,0.42281937279252096,0.6000595780502329,0.7036935066843932,0.0354290828192629,1,-1,0.0,0.0,0.0,0.0,0.0,0.0,0.0,0.0,0.0,0.0,0.5611912339995273,0.5611912339995273,0.5611912339995273,0.5611912339995273,0.5863906882170891,0.0,0.0,0.0,62.603380079108234,84.1726618705036,18.92683311396422,21.715068007987497,24.958014101697245,33.135959522841176,54.3151062681826,41.3,44.39999999999999,48.39999999999999,53.021428571428565,54.49999999999999,0.20817804835347753,0.22774340492109305,0.2721442827273435,0.33976338522330934,0.4024130053446037,0.0,0.0,0.0,0.0,4,3,1,2022,0,0,25,0,0,0,0,1,1,0,0.0894591748506252,0,-0.10058027079303675,-0.10058027079303675,0.5090817178402132,0.0,0.0,0.0
2022-03-28,930.0,930.0,964.0,880.5,384530.0,0.0,0.0,0.0,0.0,0.0,0.0,0.5090817178402136,SEPLAT,930.0,931.687448116972,936.0,937.9140844931292,967.39,933.8922576128032,877.62,880.1964966401296,-0.038650389191535975,0.05968414575784507,14.45778811349976,25.61921916055866,-11.161431047058901,967.39,1044.3553346438641,890.4246653561358,0.1591195580766064,0.25709843806298055,0.0,44.58571428571428,0.047941628264208905,186544.5,2.0613312105154535,0.0,0.20926506852757415,0.5090817178402132,0.42281937279252096,0.6545505326288198,0.7573713059893461,0.03195246690518143,1,-1,0.0,0.0,0.0,0.0,0.0,0.0,0.0,0.0,0.0,0.0,0.5090817178402132,0.5611912339995273,0.5611912339995273,0.5611912339995273,0.5798869119648241,0.0,0.0,0.0,45.88969823100938,84.1726618705036,16.526628189997723,18.92683311396422,21.715068007987497,28.73416691073487,52.58096870426186,42.01428571428571,41.3,44.39999999999999,51.17142857142857,58.85714285714285,0.18570459988330643,0.20817804835347753,0.22774340492109305,0.30865693973357894,0.4028961382421891,0.0,0.0,0.0,0.0,0,3,1,2022,0,0,28,1,0,0,0,0,1,0,0.0894591748506252,0,-0.10058027079303675,-0.10058027079303675,0.5090817178402132,0.0,0.0,0.0
2022-03-29,930.0,930.0,965.0,931.0,170.0,0.0,0.0,0.0,0.0,0.0,0.0,0.5090817178402136,SEPLAT,930.0,931.1249654113147,933.0,936.475160039833,966.6,933.5215664115838,882.42,882.1495752032617,-0.037864680322780904,0.0539199020874414,12.672140895576831,23.029803507562296,-10.357662611985464,966.6,1044.8126655512485,888.3873344487514,0.16183046875904938,0.26602255055469276,0.0,44.06428571428571,0.04738095238095238,181322.5,0.0009375560120779274,0.0,0.1593772006457946,0.5090817178402132,0.42281937279252096,0.6306106451444154,0.7153623668034818,0.027991557865365495,1,-1,0.0,0.0,0.0,0.0,-0.0307716586667536,0.0,0.0,0.0,0.0,0.0009468949771031,0.5090817178402132,0.5090817178402132,0.5611912339995273,0.5611912339995273,0.5943581615646948,0.0,0.0,0.0,0.0,75.97402597402598,14.45778811349976,16.526628189997723,18.92683311396422,24.958014101697245,48.22993820598481,44.58571428571428,42.01428571428571,41.3,48.39999999999999,60.99999999999999,0.1591195580766064,0.18570459988330643,0.20817804835347753,0.2721442827273435,0.3974252688213464,0.0,0.0,0.0,0.0,1,3,1,2022,0,0,29,0,1,0,0,0,1,0,0.0894591748506252,0,-0.10058027079303675,-0.10058027079303675,0.3852901848475803,0.0,0.0,0.15105454414912411
2022-03-30,930.0,930.0,981.7,940.0,71330.0,0.0,0.0,0.0,0.0,0.0,0.0,0.3852901848475806,SEPLAT,930.0,930.7499769408765,930.0,935.2978582144087,961.4,933.1861791342901,886.6179999999999,884.0260624501927,-0.032660703141252315,0.048929753287210574,11.128717680445561,20.64958634213895,-9.520868661693388,961.4,1034.400072098017,888.399927901983,0.15186201809448102,0.2849317192602267,0.0,47.75714285714286,0.05135176651305684,144908.0,0.49224335440417366,0.0,0.1593772006457946,0.3852901848475803,0.42281937279252096,0.5860836481064465,0.6562311294420012,0.04837056560310624,1,-1,0.0,0.0,0.0,0.0,0.0,0.0,0.0,0.0,0.0,0.0,0.5090817178402132,0.5090817178402132,0.5090817178402132,0.5611912339995273,0.5943581615646948,0.0,0.0,0.0,0.0,70.1733172108021,12.672140895576831,14.45778811349976,16.526628189997723,21.715068007987497,44.271382251995874,44.06428571428571,44.58571428571428,42.01428571428571,44.39999999999999,58.86428571428571,0.16183046875904938,0.1591195580766064,0.18570459988330643,0.22774340492109305,0.3904718965033117,0.0,0.0,0.0,0.0,2,3,1,2022,0,0,30,0,0,1,0,0,1,0,0.0894591748506252,0,-0.10058027079303675,-0.10058027079303675,0.20424289361156636,0.0,0.0,0.15076183107690566
2022-03-31,930.0,930.0,930.0,930.0,207040.0,0.0,0.0,0.0,0.0,0.0,0.0,0.2042428936115665,SEPLAT,930.0,930.4999846272511,930.0,934.3346112663344,956.2,932.882733502453,890.816,885.82896196195,-0.027400125496758045,0.04398663697104673,9.792659974226467,18.478201068556455,-8.685541094329988,956.2,1021.8741557756322,890.5258442243679,0.13736489390427134,0.3005303631956138,0.0,47.75714285714286,0.05135176651305684,148474.5,1.3944482049106075,0.0,0.0,0.20424289361156636,0.42281937279252096,0.5174735137749465,0.5113425088344857,0.09098988306865065,0,-1,0.0,0.0,0.0,0.0,-0.0317486983145803,0.0,0.0,0.0,0.0,0.0010079798446702,0.3852901848475803,0.5090817178402132,0.5090817178402132,0.5611912339995273,0.6082711940277126,0.0,0.0,0.0,0.0,62.603380079108234,11.128717680445561,12.672140895576831,14.45778811349976,18.92683311396422,38.27226995468834,47.75714285714286,44.06428571428571,44.58571428571428,41.3,54.87142857142857,0.15186201809448102,0.16183046875904938,0.1591195580766064,0.20817804835347753,0.36677361196140973,0.0,0.0,0.0,0.0,3,3,1,2022,0,1,31,0,0,0,1,0,1,0,0.0894591748506252,0,-0.10058027079303675,-0.10058027079303675,0.20424289361156636,0.0,0.0,0.15076183107690566
2022-04-01,930.0,930.0,978.4,930.0,52520.0,0.0,0.0,0.0,0.0,0.0,0.0,0.2042428936115665,SEPLAT,930.0,930.3333230848342,930.0,933.5465001270009,951.0,932.6081874546003,894.314,887.5611595320696,-0.022082018927444796,0.03990321072911755,8.6342938514141,16.509419625127986,-7.8751257737138864,951.0,1006.4028310125974,895.5971689874026,0.11651489171944775,0.31047899885093366,0.0,46.857142857142854,0.05038402457757296,147955.0,0.35497279578250146,0.0,0.0,0.20424289361156636,0.42281937279252096,0.5036273342460156,0.4952683931669668,0.11668529226095128,0,-1,0.0,0.0,0.0,0.0,0.0,0.0,0.0,0.0,0.0,0.0,0.20424289361156636,0.3852901848475803,0.5090817178402132,0.5090817178402132,0.5611912339995273,0.0,0.0,0.0,0.0,62.603380079108234,9.792659974226467,11.128717680445561,12.672140895576831,16.526628189997723,33.135959522841176,47.75714285714286,47.75714285714286,44.06428571428571,42.01428571428571,53.021428571428565,0.13736489390427134,0.15186201809448102,0.16183046875904938,0.18570459988330643,0.33976338522330934,0.0,0.0,0.0,0.0,4,4,2,2022,1,0,1,0,0,0,0,1,1,0,0.0894591748506252,0,-0.10058027079303675,-0.10058027079303675,0.20424289361156636,0.0,0.0,0.15076183107690566
2022-04-04,930.0,930.0,973.4,881.0,21610.0,0.0,0.0,0.0,0.0,0.0,0.0,0.2042428936115665,SEPLAT,930.0,930.2222153898896,930.0,932.9016819220916,948.0,932.3597886494002,897.314,889.225427785714,-0.0189873417721519,0.03642649061532533,7.628345534664504,14.73320480703529,-7.104859272370787,948.0,1000.9547970094843,895.0452029905157,0.11171898103266732,0.330043725814149,0.0,51.31428571428571,0.05517665130568356,137714.5,0.15691884296860534,0.0,0.0,0.20424289361156636,0.42152287847024583,0.5340890864671253,0.5157788975487808,0.13545747027646352,0,-1,0.0,0.0,0.0,0.0,0.0,0.0,0.0,0.0,0.0,0.0,0.20424289361156636,0.20424289361156636,0.3852901848475803,0.5090817178402132,0.5611912339995273,0.0,0.0,0.0,0.0,45.88969823100938,8.6342938514141,9.792659974226467,11.128717680445561,14.45778811349976,28.73416691073487,46.857142857142854,47.75714285714286,47.75714285714286,44.58571428571428,51.17142857142857,0.11651489171944775,0.13736489390427134,0.15186201809448102,0.1591195580766064,0.30865693973357894,0.0,0.0,0.0,0.0,0,4,2,2022,0,0,4,1,0,0,0,0,1,0,0.0894591748506252,0,-0.10058027079303675,-0.10058027079303675,0.1712168292084205,0.0004527276846845,0.0212773984472848,0.15076183107690566
2022-04-27,1100.0,1100.0,1200.0,1100.2,6430.0,0.0,0.0,0.0,0.0,0.0,0.466788474612138,0.2795011604288995,SEPLAT,1058.0,1064.4253127819352,1026.0,1034.8352521888355,985.0,1002.430710407411,946.55,944.1655296028421,0.116751269035533,0.16211504938988966,37.222699713473276,25.589138997181315,11.63356071629196,985.0,1091.028794500163,878.971205499837,0.21528689238611784,1.0423055149411473,100.0,53.635714285714286,0.04875974025974026,161983.0,0.03969552360432885,0.46678847461213785,0.3788728170439431,0.2795011604288995,0.4275966625386767,0.7576217444826736,0.8236434654467126,0.10763132550370907,1,1,0.0657513775627804,0.0,0.0,0.0446724400515926,0.0,0.0043232436514033,0.0,0.0,0.0019956269001631,0.0,0.2795011604288995,0.18520302603774486,0.18520302603774486,0.18520302603774486,0.17649141882421546,100.0,100.0,100.0,100.0,100.0,32.70490256637754,26.462842897664473,25.238063569268206,20.504834549490965,11.393118994214774,47.92142857142857,48.80714285714286,44.90714285714285,34.1,40.85,0.19202827791603938,0.15640545426886035,0.14860680224297504,0.11995991481072238,0.06017930052651081,0.0657513775627804,0.0,0.0,0.0446724400515926,2,4,2,2022,0,0,27,0,0,1,0,0,1,1,0.0894591748506252,0,0.0,-0.10058027079303675,0.3891575520408334,0.0075709797256314,0.0870113769896296,0.6177194979696082
2022-05-31,1289.5,1289.5,1290.0,1240.1,1100.0,-0.81,-0.008076923076923,-0.0081097181282286,6.576752811932043e-05,0.0081097181282286,0.0575732873580599,0.2800906566687759,SEPLAT,1297.9,1295.9631308845142,1298.9299999999998,1288.721365446474,1264.4699999999998,1249.9180387330978,1096.588,1134.033355341654,0.019794854761283544,0.17592021798524154,58.91317426034311,67.67716711909311,-8.763992858750001,1264.4699999999998,1361.6542330725217,1167.2857669274779,0.15371536386394605,0.6287760329462189,90.27902790279047,57.54999999999999,0.04462970143466459,300762.0,0.00365737692926633,0.05757328735805962,0.040722669257448496,0.2800906566687759,0.4024095975588861,0.5166856733337258,0.530537854322075,0.043713029466289376,1,-1,0.0,0.0,0.0,7.692603565457612e-05,-7.69201184948676e-05,0.0,0.0,0.0,5.917614961529117e-09,5.916704629264473e-09,0.3992202679112937,0.3992202679112937,0.44505606691190464,0.44505606691190464,0.457757569564726,99.70178926441379,99.70178926441379,99.70178926441379,99.70178926441379,99.96299037749819,62.92138343339843,66.05300483706674,69.08932154011904,74.57695459212323,79.1467573760824,59.69999999999998,63.06428571428569,55.92142857142854,60.04999999999997,84.27142857142856,0.15955081155122458,0.16266889893261408,0.19430043334831404,0.25985346888942334,0.3632756395575062,0.0,0.0,0.0,7.692603565457612e-05,1,5,2,2022,0,1,31,0,1,0,0,0,1,0,0.4999513607104542,0,-0.008153218983155073,-0.008153218983155073,0.2800906566687759,0.0,0.0,0.0
2022-06-01,1289.5,1289.5,1285.0,1241.3,2440.0,0.0,0.0,0.0,0.0,0.0,0.0575732873580599,0.2800906566687759,SEPLAT,1295.8,1293.8087539230096,1297.8700000000001,1288.8629353652968,1268.945,1253.6877493299457,1103.7779999999998,1140.1300865047263,0.016198495600676203,0.16826028422382058,55.1014642329028,65.16202654185506,-10.060562308952257,1268.945,1361.7745432783265,1176.1154567216734,0.14630979794762827,0.6107136762397448,90.27902790279047,52.49285714285713,0.040707915581897736,292925.5,0.008329763028483352,0.05757328735805962,0.040677515586186076,0.2800906566687759,0.4024095975588861,0.47928274450513136,0.48029951723662145,0.05256738368423706,1,-1,-0.0081097181282286,0.0,0.0,0.0,7.692011849491717e-05,6.576752811932043e-05,0.0,0.0,0.0,5.916704629272098e-09,0.2800906566687759,0.3992202679112937,0.3992202679112937,0.44505606691190464,0.4577296703672519,90.27902790279047,99.70178926441379,99.70178926441379,99.70178926441379,99.95007488766855,58.91317426034311,62.92138343339843,66.05300483706674,71.95983018234028,79.98945254128876,57.54999999999999,59.69999999999998,63.06428571428569,55.92142857142854,78.56428571428569,0.15371536386394605,0.15955081155122458,0.16266889893261408,0.2172541872539584,0.3501822060876257,0.0081097181282286,0.0,0.0,0.0,2,6,2,2022,1,0,1,0,0,1,0,0,1,1,0.0894591748506252,0,-0.008153218983155073,-0.008153218983155073,0.2800906566687759,0.0,0.0,0.0
2022-06-02,1289.5,1289.5,1290.0,1245.0,4130.0,0.0,0.0,0.0,0.0,0.0,0.0575732873580599,0.2800906566687759,SEPLAT,1293.7,1292.3725026153397,1296.83,1288.9787652988791,1273.4199999999998,1257.0984398699509,1110.9679999999998,1145.9877301712074,0.012627412793893733,0.16069949809535483,51.48714481843649,62.42705019717134,-10.93990537873485,1273.4199999999998,1360.7196919268667,1186.120308073133,0.13711060282839427,0.5920965449309419,2.7027027027003783,48.5642857142857,0.03766133052678224,291547.5,0.01416578773613219,0.05757328735805962,0.04075517616098418,0.2800906566687759,0.3598308188895215,0.5026224759285802,0.560011835123428,0.05965890590798701,1,-1,0.0,-0.0081097181282286,0.0,0.0,-0.0001538461541494,0.0,6.576752811932043e-05,0.0,0.0,2.366863914656248e-08,0.2800906566687759,0.2800906566687759,0.3992202679112937,0.44505606691190464,0.45778595003404415,90.27902790279047,90.27902790279047,99.70178926441379,99.70178926441379,99.85037406483804,55.1014642329028,58.91317426034311,62.92138343339843,69.08932154011904,79.72216866740405,52.49285714285713,57.54999999999999,59.69999999999998,55.92142857142854,77.14285714285711,0.14630979794762827,0.15371536386394605,0.15955081155122458,0.19430043334831404,0.32819619432204744,0.0,0.0081097181282286,0.0,0.0,3,6,2,2022,0,0,2,0,0,0,1,0,1,0,0.0894591748506252,0,-0.008153218983155073,-0.008153218983155073,0.2800906566687759,0.0,0.0,0.0
2022-06-03,1289.5,1289.5,1289.0,1251.1,5590.0,0.0,0.0,0.0,0.0,0.0,0.0575732873580599,0.2800906566687759,SEPLAT,1291.6,1291.41500174356,1295.79,1289.0735352445374,1277.895,1260.1843027394793,1118.158,1151.6156623213562,0.009081340798735434,0.15323594697708207,48.06866499435682,59.55537315660844,-11.486708162251617,1277.895,1358.247420459397,1197.542579540603,0.12575746905559076,0.5722131326825689,1.8181818181802356,51.300000000000004,0.03978286157425359,256333.5,0.021807528083531806,0.05757328735805962,0.04075517616098418,0.2800906566687759,0.31657756817177607,0.40143649299847195,0.45423335145746957,0.06556214323309946,1,-1,0.0,0.0,-0.0081097181282286,0.0,0.0,0.0,0.0,6.576752811932043e-05,0.0,0.0,0.2800906566687759,0.2800906566687759,0.2800906566687759,0.3992202679112937,0.45778595003404415,2.7027027027003783,90.27902790279047,90.27902790279047,99.70178926441379,99.7014925373137,51.48714481843649,55.1014642329028,58.91317426034311,66.05300483706674,78.60424348225342,48.5642857142857,52.49285714285713,57.54999999999999,63.06428571428569,76.99285714285712,0.13711060282839427,0.14630979794762827,0.15371536386394605,0.16266889893261408,0.31309444948558346,0.0,0.0,0.0081097181282286,0.0,4,6,2,2022,0,0,3,0,0,0,0,1,1,0,0.0894591748506252,0,-0.008153218983155073,-0.008153218983155073,0.2800906566687759,0.0,0.0,0.0
2022-06-06,1289.5,1289.5,1289.5,1251.2,620.0,0.0,0.0,0.0,0.0,0.0,0.0575732873580599,0.2800906566687759,SEPLAT,1289.5,1290.77666782904,1294.75,1289.1510742909852,1282.37,1262.976273907148,1125.348,1157.0228912499306,0.005560017779580082,0.14586776712625787,44.84257778182291,56.61281408165134,-11.770236299828426,1282.37,1353.9461824543357,1210.793817545664,0.11163109313900953,0.5498070709802727,1.8348623853194965,54.02857142857143,0.04189885337617017,221308.5,0.0028015191463500047,0.05757328735805962,0.04075517616098418,0.2800906566687759,0.31657756817177607,0.32509249665633927,0.38064195177180943,0.07057590623537183,1,-1,0.0,0.0,0.0,0.0,0.0,0.0,0.0,0.0,0.0,0.0,0.2800906566687759,0.2800906566687759,0.2800906566687759,0.3992202679112937,0.44508012216242776,1.8181818181802356,2.7027027027003783,90.27902790279047,99.70178926441379,99.7014925373137,48.06866499435682,51.48714481843649,55.1014642329028,62.92138343339843,76.83260131745169,51.300000000000004,48.5642857142857,52.49285714285713,59.69999999999998,74.25714285714284,0.12575746905559076,0.13711060282839427,0.14630979794762827,0.15955081155122458,0.2907631140184156,0.0,0.0,0.0,0.0,0,6,2,2022,0,0,6,1,0,0,0,0,1,0,0.0894591748506252,0,-0.008153218983155073,-0.008153218983155073,0.2800906566687759,0.0,0.0,0.0
2022-06-07,1289.5,1289.5,1290.0,1260.2,126840.0,0.0,0.0,0.0,0.0,0.0,0.0,0.2800906566687759,SEPLAT,1289.5,1290.3511118860267,1293.7,1289.2145153289878,1286.8449999999998,1265.5023430588483,1132.5379999999998,1162.2180719852274,0.0020631855429365624,0.13859314212856455,41.80399004799369,53.651049274919814,-11.84705922692612,1286.8449999999998,1347.0210041352339,1226.6689958647657,0.09352486761845298,0.522060288300579,0.9259259259251138,56.15000000000001,0.043544009305932545,220873.5,0.5742653600364009,0.0,0.04071046190608614,0.2800906566687759,0.31657756817177607,0.29550630710357184,0.34454599513213247,0.07487908119773967,1,-1,0.0,0.0,0.0,-0.0081097181282286,7.692603565457612e-05,0.0,0.0,0.0,6.576752811932043e-05,5.917614961529117e-09,0.2800906566687759,0.2800906566687759,0.2800906566687759,0.2800906566687759,0.44505606691190464,1.8348623853194965,1.8181818181802356,2.7027027027003783,90.27902790279047,99.70178926441379,44.84257778182291,48.06866499435682,51.48714481843649,58.91317426034311,74.57695459212323,54.02857142857143,51.300000000000004,48.5642857142857,57.54999999999999,60.04999999999997,0.11163109313900953,0.12575746905559076,0.13711060282839427,0.15371536386394605,0.25985346888942334,0.0,0.0,0.0,0.0081097181282286,1,6,2,2022,0,0,7,0,1,0,0,0,1,0,0.0894591748506252,0,-0.008153218983155073,-0.008153218983155073,0.2800906566687759,0.0,0.0,0.0
2022-06-08,1289.5,1289.5,1399.0,1250.1,39040.0,0.0,0.0,0.0,0.0,0.0,0.0,0.2800906566687759,SEPLAT,1289.5,1290.067407924018,1292.65,1289.266421632808,1291.32,1267.787834196101,1139.7279999999998,1167.2095201426694,-0.0014094105256636127,0.13141030140524773,38.94693139558626,50.710225699053105,-11.763294303466843,1291.32,1335.4846488780993,1247.1553511219006,0.06840233075937699,0.47939528507264495,0.9433962264142366,61.06428571428574,0.047355010247604294,222699.5,0.1753034919252176,0.0,0.04071046190608614,0.2800906566687759,0.3019511994384403,0.5438447782157488,0.5195088431767054,0.07858618088509123,1,-1,0.0,0.0,0.0,0.0,0.0,0.0,0.0,0.0,0.0,0.0,0.2800906566687759,0.2800906566687759,0.2800906566687759,0.2800906566687759,0.44505606691190464,0.9259259259251138,1.8348623853194965,1.8181818181802356,90.27902790279047,99.70178926441379,41.80399004799369,44.84257778182291,48.06866499435682,55.1014642329028,71.95983018234028,56.15000000000001,54.02857142857143,51.300000000000004,52.49285714285713,55.92142857142854,0.09352486761845298,0.11163109313900953,0.12575746905559076,0.14630979794762827,0.2172541872539584,0.0,0.0,0.0,0.0,2,6,2,2022,0,0,8,0,0,1,0,0,1,0,0.0894591748506252,0,-0.008153218983155073,-0.008153218983155073,0.2800906566687759,0.0,0.0,0.0
2022-06-09,1289.5,1289.5,1398.9,1295.0,19370.0,0.0,0.0,0.0,0.0,0.0,0.0,0.2800906566687759,SEPLAT,1289.5,1289.8782719493454,1291.6,1289.308890426843,1295.7949999999998,1269.855659510758,1146.918,1172.0052252351136,-0.00485802152346617,0.12431751877640783,36.26465545543124,47.82111165032873,-11.556456194897493,1295.7949999999998,1306.3422321138116,1285.247767886188,0.016279167790911046,0.20158047475998792,0.9433962264142366,61.88571428571431,0.04799202348640117,221202.5,0.0875668222556255,0.0,0.04071046190608614,0.2800906566687759,0.3019511994384403,0.6173481641651001,0.6130551342745167,0.08176234148716223,1,-1,0.0,0.0,0.0,0.0,0.0,0.0,0.0,0.0,0.0,0.0,0.2800906566687759,0.2800906566687759,0.2800906566687759,0.2800906566687759,0.44505606691190464,0.9433962264142366,0.9259259259251138,1.8348623853194965,2.7027027027003783,99.70178926441379,38.94693139558626,41.80399004799369,44.84257778182291,51.48714481843649,69.08932154011904,61.06428571428574,56.15000000000001,54.02857142857143,48.5642857142857,55.92142857142854,0.06840233075937699,0.09352486761845298,0.11163109313900953,0.13711060282839427,0.19430043334831404,0.0,0.0,0.0,0.0,3,6,2,2022,0,0,9,0,0,0,1,0,1,0,0.0894591748506252,0,-0.008153218983155073,-0.008153218983155073,0.2800906566687759,0.0,0.0,0.36637777869773247
2022-06-10,1289.5,1289.5,1300.0,1255.0,165720.0,0.0,0.0,0.0,0.0,0.0,0.0,0.2800906566687759,SEPLAT,1289.5,1289.7521812995637,1290.55,1289.3436376219624,1295.27,1271.726549081162,1154.108,1176.6128634611875,-0.00445466968276883,0.11731311107799275,33.74988478487762,45.00686627723851,-11.256981492360886,1295.27,1305.9799756744278,1284.5600243255722,0.016537055091877098,0.2306249717365375,0.9433962264142366,58.20714285714288,0.045139312025702115,218982.0,0.7567745294133764,0.0,0.04071046190608614,0.2800906566687759,0.3019511994384403,0.6224859230625062,0.6251447262319063,0.08446897839492146,1,-1,0.0,0.0,0.0,0.0,0.0,0.0,0.0,0.0,0.0,0.0,0.2800906566687759,0.2800906566687759,0.2800906566687759,0.2800906566687759,0.3992202679112937,0.9433962264142366,0.9433962264142366,0.9259259259251138,1.8181818181802356,99.70178926441379,36.26465545543124,38.94693139558626,41.80399004799369,48.06866499435682,66.05300483706674,61.88571428571431,61.06428571428574,56.15000000000001,51.300000000000004,63.06428571428569,0.016279167790911046,0.06840233075937699,0.09352486761845298,0.12575746905559076,0.16266889893261408,0.0,0.0,0.0,0.0,4,6,2,2022,0,0,10,0,0,0,0,1,1,0,0.0894591748506252,0,-0.008153218983155073,-0.008153218983155073,0.02810350112830757,0.0,0.0,0.36637777869773247
2022-06-14,1289.5,1289.5,1300.0,1251.0,6950.0,0.0,0.0,0.0,0.0,0.0,0.0,0.0281035011283054,SEPLAT,1289.5,1289.6681208663758,1289.5,1289.372067145242,1294.74,1273.4192586924798,1161.2979999999998,1181.0398099921213,-0.004047144600460331,0.11039543683016784,31.39500879188131,42.284494780167066,-10.889485988285756,1294.74,1305.4926055593637,1283.9873944406363,0.016609675393304758,0.2563381279509107,0.0,61.70000000000003,0.04784800310197754,164829.5,0.04216478239635502,0.0,0.04071046190608614,0.02810350112830757,0.3019511994384403,0.630711357965484,0.6437098815679891,0.11097307186882566,0,-1,0.0,0.0,0.0,0.0,0.0,0.0,0.0,0.0,0.0,0.0,0.2800906566687759,0.2800906566687759,0.2800906566687759,0.2800906566687759,0.3992202679112937,0.9433962264142366,0.9433962264142366,0.9433962264142366,1.8348623853194965,99.70178926441379,33.74988478487762,36.26465545543124,38.94693139558626,44.84257778182291,62.92138343339843,58.20714285714288,61.88571428571431,61.06428571428574,54.02857142857143,59.69999999999998,0.016537055091877098,0.016279167790911046,0.06840233075937699,0.11163109313900953,0.15955081155122458,0.0,0.0,0.0,0.0,1,6,2,2022,0,0,14,0,1,0,0,0,1,0,0.0894591748506252,0,-0.008153218983155073,-0.008153218983155073,0.02808878983851775,0.0,0.0,0.36706827744109577
2022-06-15,1289.5,1289.5,1375.0,1288.0,3540.0,0.0,0.0,0.0,0.0,0.0,0.0,0.0280887898385156,SEPLAT,1289.5,1289.612080577584,1289.5,1289.395327664289,1294.215,1274.9507578646246,1168.4879999999998,1185.293150776744,-0.0036431350277967094,0.10356289495484779,29.192242600309783,39.66604434419561,-10.47380174388583,1294.215,1304.9114381675936,1283.5185618324062,0.0165296155083872,0.27959952994985476,0.0,62.7714285714286,0.04867888993519085,150815.5,0.023472388448136962,0.0,0.0,0.02808878983851775,0.3019511994384403,0.6822973085582992,0.7379801692194319,0.1289170951834156,0,-1,0.0,0.0,0.0,0.0,-0.0081097181282286,0.0,0.0,0.0,0.0,6.576752811932043e-05,0.02810350112830757,0.2800906566687759,0.2800906566687759,0.2800906566687759,0.2800906566687759,0.0,0.9433962264142366,0.9433962264142366,0.9259259259251138,90.27902790279047,31.39500879188131,33.74988478487762,36.26465545543124,41.80399004799369,58.91317426034311,61.70000000000003,58.20714285714288,61.88571428571431,56.15000000000001,57.54999999999999,0.016609675393304758,0.016537055091877098,0.016279167790911046,0.09352486761845298,0.15371536386394605,0.0,0.0,0.0,0.0,2,6,2,2022,0,0,15,0,0,1,0,0,1,0,0.0894591748506252,0,-0.008153218983155073,-0.008153218983155073,0.028100848291681996,0.0,0.0,0.36706827744109577
2022-06-16,1289.5,1289.5,1367.9,1251.0,1870.0,0.0,0.0,0.0,0.0,0.0,0.0,0.0281008482916798,SEPLAT,1289.5,1289.574720385056,1289.5,1289.4143589980545,1293.685,1276.3363999727558,1175.6779999999999,1189.3796938835383,-0.0032349451373401917,0.0968139235402892,27.133753503206208,37.15958617599773,-10.025832672791523,1293.685,1304.2026092940664,1283.1673907059335,0.016259923078750176,0.3010479433590994,0.0,71.12142857142861,0.05515426798869997,126611.5,0.014769590440046915,0.0,0.0,0.028100848291681996,0.3019511994384403,0.6167607567095991,0.6858948123428551,0.14155302652469637,0,-1,0.0,0.0,0.0,0.0,0.0,0.0,0.0,0.0,0.0,0.0,0.02808878983851775,0.02810350112830757,0.2800906566687759,0.2800906566687759,0.2800906566687759,0.0,0.0,0.9433962264142366,0.9433962264142366,90.27902790279047,29.192242600309783,31.39500879188131,33.74988478487762,38.94693139558626,55.1014642329028,62.7714285714286,61.70000000000003,58.20714285714288,61.06428571428574,52.49285714285713,0.0165296155083872,0.016609675393304758,0.016537055091877098,0.06840233075937699,0.14630979794762827,0.0,0.0,0.0,0.0,3,6,2,2022,0,0,16,0,0,0,1,0,1,0,0.0894591748506252,0,-0.008153218983155073,-0.008153218983155073,0.1795605764334699,0.0026633467603866,0.0516076230840619,0.36706827744109577
2022-06-17,1224.64,1224.64,1319.4,1255.5,2010.0,-5.03,-0.0502985653354012,-0.0516076230840619,0.0026633467603866,0.0516076230840619,0.3663777786977326,0.1795605764334696,SEPLAT,1276.528,1267.9298135900376,1283.014,1277.63720281659,1289.922,1271.412933308684,1181.5708,1190.7624509861446,-0.050609261645277716,0.03645079922421927,20.037743486920363,33.735217638182256,-13.697474151261893,1289.922,1322.2714990443521,1257.572500955648,0.050157294850932246,-0.5090109882458517,0.0,68.54285714285719,0.0559698010377394,109882.5,0.018292266739471708,0.36637777869773247,0.25906821179323086,0.1795605764334699,0.3143781968585876,0.5629595109789551,0.6240848844372492,0.1402673658659849,0,-1,0.0,0.0,0.0,0.0,0.0,0.0,0.0,0.0,0.0,0.0,0.028100848291681996,0.02808878983851775,0.02810350112830757,0.2800906566687759,0.2800906566687759,0.0,0.0,0.0,0.9433962264142366,2.7027027027003783,27.133753503206208,29.192242600309783,31.39500879188131,36.26465545543124,51.48714481843649,71.12142857142861,62.7714285714286,61.70000000000003,61.88571428571431,48.5642857142857,0.016259923078750176,0.0165296155083872,0.016609675393304758,0.016279167790911046,0.13711060282839427,0.0,0.0,0.0,0.0,4,6,2,2022,0,0,17,0,0,0,0,1,1,0,2.7016986721849254,0,-0.058041689100838255,-0.058041689100838255,0.17959044274030395,0.0,0.0,0.0027240894283990483
2022-06-20,1224.64,1224.64,1300.0,1251.0,960.0,0.0,0.0,0.0,0.0,0.0,0.3663777786977326,0.1795904427403037,SEPLAT,1263.556,1253.4998757266917,1276.528,1268.001347759028,1286.159,1266.9583682316666,1187.4635999999998,1192.0909823200213,-0.04783156670365017,0.031307401759515234,14.249841126731326,29.838142335892073,-15.588301209160747,1286.159,1329.322833740267,1242.9951662597332,0.06712052512988971,-0.21262205727812622,0.0,68.21857142857145,0.05570500018664379,109334.5,0.008780394111648198,0.36637777869773247,0.25906821179323086,0.17959044274030395,0.3143781968585876,0.566742730236357,0.6312516724296943,0.1376330501627844,0,-1,-0.0516076230840619,0.0,0.0,0.0,0.0,0.0026633467603866,0.0,0.0,0.0,0.0,0.1795605764334699,0.028100848291681996,0.02808878983851775,0.2800906566687759,0.2800906566687759,0.0,0.0,0.0,0.9433962264142366,1.8181818181802356,20.037743486920363,27.133753503206208,29.192242600309783,33.74988478487762,48.06866499435682,68.54285714285719,71.12142857142861,62.7714285714286,58.20714285714288,51.300000000000004,0.050157294850932246,0.016259923078750176,0.0165296155083872,0.016537055091877098,0.12575746905559076,0.0516076230840619,0.0,0.0,0.0,0,6,2,2022,0,0,20,1,0,0,0,0,1,1,0.0894591748506252,0,-0.058041689100838255,-0.058041689100838255,0.17967179991527854,1.4723538122812094e-07,0.0003837126284449,0.0027240894283990483
2022-06-28,1225.11,1225.11,1399.0,1280.2,316290.0,0.0,0.0,0.0,0.0,0.0,0.0,0.1796563595101011,SEPLAT,1225.11,1227.6023896385575,1237.8939999999998,1237.9767433661075,1263.6970000000001,1248.0653736244076,1218.9768,1199.137152091846,-0.030535009579036914,0.005031432919806175,-2.908824324188572,8.456816213011296,-11.365640537199868,1263.6970000000001,1328.5436622441755,1198.8503377558247,0.10263008022362223,0.20247504910350142,0.7194244604313553,89.52000000000005,0.07307098954379612,85511.5,3.698800746098478,4.41267334341785e-09,0.25928930304753606,0.17965635951010142,0.3060412319234582,0.6297083794979565,0.6068856689887898,0.09659469037780724,0,-1,0.0,0.0,0.0,0.0003837126284449,0.0,0.0,0.0,0.0,1.4723538122812094e-07,0.0,0.17965635951010142,0.17965635951010142,0.17965635951010142,0.17967179991527854,0.02810350112830757,0.7194244604313553,0.7194244604313553,0.7194244604313553,0.7194244604313553,0.0,-1.4531916963342155,0.42586219152826743,2.8180238856141386,9.590261316022406,31.39500879188131,79.22785714285718,69.8357142857143,67.22928571428574,63.97357142857144,61.70000000000003,0.1011638204141326,0.09821587864468963,0.0936736566688811,0.07873983767242064,0.016609675393304758,0.0,0.0,0.0,0.0003837126284449,1,6,2,2022,0,0,28,0,1,0,0,0,1,0,0.0894591748506252,0,-0.05768017844781172,-0.058041689100838255,0.17965635951010142,0.0,0.0,0.05422610154318038
2022-06-29,1225.11,1225.11,1389.7,1290.0,203890.0,0.0,0.0,0.0,0.0,0.0,0.0,0.1796563595101011,SEPLAT,1225.11,1226.7715930923716,1231.455,1235.6373354813607,1260.4775,1245.8791475649402,1223.779,1200.1556951470677,-0.02805881104581404,0.0010876146755254858,-4.016128242602008,5.962227321888635,-9.978355564490643,1260.4775,1326.3162724113324,1194.6387275886675,0.10446639850585585,0.23140826670461692,0.7194244604313553,90.64071428571434,0.07398577620435254,95651.0,2.1316034333148632,4.41267334341785e-09,0.25928930304753606,0.17965635951010142,0.3060412319234582,0.6989449288536441,0.724750624281026,0.08662826046027765,0,-1,0.0,0.0,0.0,0.0,0.0,0.0,0.0,0.0,0.0,0.0,0.17965635951010142,0.17965635951010142,0.17965635951010142,0.17967179991527854,0.02808878983851775,0.7194244604313553,0.7194244604313553,0.7194244604313553,0.7194244604313553,0.0,-2.908824324188572,-1.4531916963342155,0.42586219152826743,5.830302645911161,29.192242600309783,89.52000000000005,79.22785714285718,69.8357142857143,65.1657142857143,62.7714285714286,0.10263008022362223,0.1011638204141326,0.09821587864468963,0.08731731911802737,0.0165296155083872,0.0,0.0,0.0,0.0,2,6,2,2022,0,0,29,0,0,1,0,0,1,0,0.0894591748506252,0,-0.05768017844781172,-0.058041689100838255,0.18214422689910678,5.966782069718121e-05,0.0077244948506152,0.05422610154318038
2022-07-08,1235.08,1235.08,1385.7,1300.0,2240.0,0.0,0.0,0.0,0.0,0.0,0.0,0.1822035280011605,SEPLAT,1235.08,1234.579974355658,1232.042,1235.1911584534225,1241.407,1240.4150123920697,1252.8808,1208.6712656831855,-0.00509663631669549,-0.014207895914758996,-3.456297801033543,-1.698670756689727,-1.7576270443438158,1241.407,1291.5846662837557,1191.2293337162441,0.08083999249844057,0.43695402288918067,100.0,101.25571428571436,0.08198312197243447,112034.0,0.01999393041398147,4.4255978544804075e-09,0.038611079130136144,0.18220352800116071,0.30417340121568887,0.5496316968281978,0.6074514005848413,0.06575459917880447,0,-1,0.0,0.0,0.0,0.0003806145756544,0.0,0.0,0.0,0.0,1.4486745520064964e-07,0.0,0.18220352800116071,0.18220352800116071,0.18220352800116071,0.18220352800116071,0.17965635951010142,100.0,13.864541832669147,13.864541832669147,13.864541832669147,0.7194244604313553,-3.6070975261716285,-3.7471059386032266,-3.871304225909171,-4.046179980204897,0.42586219152826743,95.88000000000007,90.0928571428572,87.67000000000006,80.32428571428576,69.8357142857143,0.08753602959580652,0.09284231969648966,0.09699852893378129,0.10242562030498839,0.09821587864468963,0.0,0.0,0.0,0.0003806145756544,4,7,3,2022,0,0,8,0,0,0,0,1,-1,0,0.0894591748506252,0,-0.050011537574032754,-0.058041689100838255,0.18220352800116071,0.0,0.0,0.6763843252125757
2022-07-13,1235.08,1235.08,1380.0,1300.1,6380.0,0.0,0.0,0.0,0.0,0.0,0.0,0.1822035280011605,SEPLAT,1235.08,1234.7466495704386,1233.039,1235.1709478255275,1238.6860000000001,1239.9069159737771,1255.5824,1209.7069023230606,-0.002911149395407893,-0.016328996010138465,-3.2987618591046157,-2.018688977172705,-1.2800728819319107,1238.6860000000001,1283.4980258295377,1193.8739741704626,0.07235413305638,0.45976526464439205,100.0,111.57357142857153,0.09033712101934412,104067.0,0.061306658210575876,4.4255978544804075e-09,0.038611079130136144,0.18220352800116071,0.3040119973979371,0.5366277638417397,0.5935482773975158,0.060718537748788735,0,-1,0.0,0.0,0.0,0.0,0.0,0.0,0.0,0.0,0.0,0.0,0.18220352800116071,0.18220352800116071,0.18220352800116071,0.18220352800116071,0.17965635951010142,100.0,100.0,13.864541832669147,13.864541832669147,0.7194244604313553,-3.456297801033543,-3.6070975261716285,-3.7471059386032266,-3.9735165238753325,-1.4531916963342155,101.25571428571436,95.88000000000007,90.0928571428572,87.81857142857147,79.22785714285718,0.08083999249844057,0.08753602959580652,0.09284231969648966,0.10015874217734148,0.1011638204141326,0.0,0.0,0.0,0.0,2,7,3,2022,0,0,13,0,0,1,0,0,-1,0,0.0894591748506252,0,-0.050011537574032754,-0.058041689100838255,0.18220352800116071,0.0,0.0,0.6763843252125757
2022-07-14,1235.08,1235.08,1380.0,1307.8,88290.0,0.0,0.0,0.0,0.0,0.0,0.0,0.1822035280011605,SEPLAT,1235.08,1234.8577663802926,1234.0359999999998,1235.1544118572497,1235.965,1239.4472096905602,1256.2839999999999,1210.701925761372,-0.000716039693680639,-0.01687834916308729,-3.1377435358372168,-2.2424998889056074,-0.8952436469316094,1235.965,1273.8607647959961,1198.0692352040037,0.06132174421766997,0.4883232334171879,100.0,117.29000000000009,0.09496550830715428,108134.0,0.8164869513751456,4.4255978544804075e-09,0.038611079130136144,0.18220352800116071,0.3040119973979371,0.580030243205667,0.6807758126458094,0.05481045787177955,0,-1,0.0,0.0,0.0,0.0,0.0,0.0,0.0,0.0,0.0,0.0,0.18220352800116071,0.18220352800116071,0.18220352800116071,0.18220352800116071,0.17965635951010142,100.0,100.0,100.0,13.864541832669147,0.7194244604313553,-3.2987618591046157,-3.456297801033543,-3.6070975261716285,-3.871304225909171,-2.908824324188572,111.57357142857153,101.25571428571436,95.88000000000007,87.67000000000006,89.52000000000005,0.07235413305638,0.08083999249844057,0.08753602959580652,0.09699852893378129,0.10263008022362223,0.0,0.0,0.0,0.0,3,7,3,2022,0,0,14,0,0,0,1,0,-1,0,0.0894591748506252,0,-0.050011537574032754,-0.058041689100838255,0.18220352800116071,0.0,0.0,0.6763843252125757
2022-07-15,1235.08,1235.08,1380.0,1307.1,37040.0,0.0,0.0,0.0,0.0,0.0,0.0,0.1822035280011605,SEPLAT,1235.08,1234.9318442535284,1235.033,1235.1408824286586,1233.2440000000001,1239.0312849581258,1256.9856,1211.6579286726908,0.0014887564829018307,-0.01742708906132262,-2.9758318177691763,-2.3891662746783213,-0.586665543090855,1233.2440000000001,1261.5585225151858,1204.9294774848145,0.045918767924572376,0.5324215250145062,100.0,122.36357142857152,0.0990733972119794,109809.0,0.3373129707036764,4.4255978544804075e-09,0.038611079130136144,0.18220352800116071,0.3040119973979371,0.5534627292911809,0.6503191033580035,0.04600565270720193,0,-1,0.0,0.0,0.0,0.0,0.0,0.0,0.0,0.0,0.0,0.0,0.18220352800116071,0.18220352800116071,0.18220352800116071,0.18220352800116071,0.17965635951010142,100.0,100.0,100.0,13.864541832669147,0.7194244604313553,-3.1377435358372168,-3.2987618591046157,-3.456297801033543,-3.7471059386032266,-4.016128242602008,117.29000000000009,111.57357142857153,101.25571428571436,90.0928571428572,90.64071428571434,0.06132174421766997,0.07235413305638,0.08083999249844057,0.09284231969648966,0.10446639850585585,0.0,0.0,0.0,0.0,4,7,3,2022,0,0,15,0,0,0,0,1,-1,0,0.0894591748506252,0,-0.050011537574032754,-0.058041689100838255,0.38347809728915877,0.0090772967339934,0.0952748483808475,0.6763843252125757
2022-07-25,1358.54,1358.54,1497.0,1430.0,25890.0,0.0,0.0,0.0,0.0,0.0,0.0,0.3297197739191831,SEPLAT,1358.54,1347.6882551882386,1309.156,1321.522166326064,1270.1005,1292.985061514174,1276.0104,1243.0021685601487,0.06963189133458333,0.06467784275112498,30.415701723361053,16.985902036474545,13.429799686886508,1270.1005,1389.1523203799886,1151.0486796200114,0.18746834660719938,0.8714327916940685,100.0,134.74714285714293,0.0991852598062206,143030.5,0.18101034394761956,0.0,0.4782759430460994,0.3297197739191831,0.3430324087363455,0.47967967428632835,0.5534094974139208,0.07821606126288483,1,-1,0.0,0.0,0.0,0.0952748483808475,0.0,0.0,0.0,0.0,0.0090772967339934,0.0,0.3297197739191831,0.32965026058458613,0.32965026058458613,0.38347809728915877,0.18220352800116071,100.0,100.0,100.0,100.0,100.0,28.26322714076855,25.104785369666843,20.708304630992643,7.033595674366779,-3.6070975261716285,124.89071428571435,115.82214285714292,118.1885714285715,125.83285714285724,95.88000000000007,0.17885323042639156,0.16677582661513357,0.15029743198465667,0.09416493935955654,0.08753602959580652,0.0,0.0,0.0,0.0952748483808475,0,7,3,2022,0,0,25,1,0,0,0,0,1,0,0.0894591748506252,0,0.0,-0.05768017844781172,0.3297197739191831,0.0,0.0,0.0
2022-07-26,1358.54,1358.54,1469.0,1351.0,127730.0,0.0,0.0,0.0,0.0,0.0,0.0,0.3297197739191831,SEPLAT,1358.54,1351.3055034588258,1321.502,1328.252681539507,1276.772,1299.2283889890148,1279.1812,1247.533063910731,0.0640427578299023,0.06203874791155465,31.755495749912143,19.939820779162066,11.815674970750077,1276.772,1400.0863757530644,1153.4576242469354,0.1931658522478007,0.8315428533804503,100.0,132.18142857142863,0.0972966777359729,141859.5,0.9003979289367297,0.0,0.4782759430460994,0.3297197739191831,0.3430324087363455,0.5209622293131881,0.5868457731167254,0.08032307271814093,1,-1,0.0,0.0,0.0,0.0,0.0,0.0,0.0,0.0,0.0,0.0,0.3297197739191831,0.3297197739191831,0.32965026058458613,0.38347809728915877,0.18220352800116071,100.0,100.0,100.0,100.0,100.0,30.415701723361053,28.26322714076855,25.104785369666843,14.79558478445233,-3.456297801033543,134.74714285714293,124.89071428571435,115.82214285714292,120.50500000000008,101.25571428571436,0.18746834660719938,0.17885323042639156,0.16677582661513357,0.12763547678517792,0.08083999249844057,0.0,0.0,0.0,0.0,1,7,3,2022,0,0,26,0,1,0,0,0,1,0,0.0894591748506252,0,0.0,-0.05768017844781172,0.3297197739191831,0.0,0.0,0.0
2022-07-27,1358.54,1358.54,1445.0,1300.1,81110.0,0.0,0.0,0.0,0.0,0.0,0.0,0.3297197739191831,SEPLAT,1358.54,1353.7170023058839,1333.848,1333.759466714142,1283.4434999999999,1304.8771138472039,1280.3519999999999,1251.8862770907024,0.058511730356653885,0.06106758141511093,32.44330593310838,22.44051780995133,10.002788123157046,1283.4434999999999,1409.3987408846701,1157.4882591153296,0.196277032662007,0.7981078813098437,100.0,136.46571428571434,0.10045027329759473,129714.0,0.6252987341381809,0.0,0.4782759430460994,0.3297197739191831,0.3430324087363455,0.6579169901987754,0.7167803780626076,0.08172274049481493,1,1,0.0,0.0,0.0,0.0,0.0,0.0,0.0,0.0,0.0,0.0,0.3297197739191831,0.3297197739191831,0.3297197739191831,0.32965026058458613,0.18220352800116071,100.0,100.0,100.0,100.0,100.0,31.755495749912143,30.415701723361053,28.26322714076855,20.708304630992643,-3.2987618591046157,132.18142857142863,134.74714285714293,124.89071428571435,118.1885714285715,111.57357142857153,0.1931658522478007,0.18746834660719938,0.17885323042639156,0.15029743198465667,0.07235413305638,0.0,0.0,0.0,0.0,2,7,3,2022,0,0,27,0,0,1,0,0,1,0,0.0894591748506252,0,0.0,-0.05768017844781172,0.3297197739191831,0.0,0.0,0.0
2022-07-28,1358.54,1358.54,1440.5,1287.5,84330.0,0.0,0.0,0.0,0.0,0.0,0.0,0.3297197739191831,SEPLAT,1358.54,1355.3246682039226,1346.194,1338.2650182206617,1290.1149999999998,1309.987864909375,1281.5207999999998,1256.068776028322,0.053037907473364926,0.06009984387299855,32.61246427113292,24.47490710218765,8.137557168945271,1290.1149999999998,1417.190561193453,1163.0394388065465,0.19699881203373854,0.769229580248847,100.0,136.62142857142862,0.10056489214261533,118116.0,0.7139591587930509,0.0,0.4782759430460994,0.3297197739191831,0.3430324087363455,0.7947683396208207,0.8770640331047473,0.08245109549773537,1,1,0.0,0.0,0.0,0.0,0.0,0.0,0.0,0.0,0.0,0.0,0.3297197739191831,0.3297197739191831,0.3297197739191831,0.32965026058458613,0.18220352800116071,100.0,100.0,100.0,100.0,100.0,32.44330593310838,31.755495749912143,30.415701723361053,25.104785369666843,-3.1377435358372168,136.46571428571434,132.18142857142863,134.74714285714293,115.82214285714292,117.29000000000009,0.196277032662007,0.1931658522478007,0.18746834660719938,0.16677582661513357,0.06132174421766997,0.0,0.0,0.0,0.0,3,7,3,2022,0,0,28,0,0,0,1,0,1,0,0.0894591748506252,0,0.0,-0.05768017844781172,0.3297197739191831,0.0,0.0,0.0
2022-07-29,1358.54,1358.54,1500.0,1390.0,2750.0,0.0,0.0,0.0,0.0,0.0,0.0,0.3297197739191831,SEPLAT,1358.54,1356.3964454692818,1358.54,1341.9513785441777,1296.7865,1314.611877775149,1282.6915999999999,1260.0872553997604,0.04762040628893039,0.05913221853171884,32.37334371806219,26.05459442536256,6.3187492926996285,1296.7865,1423.5021734832565,1170.0708265167434,0.1954302785898165,0.7436695410381091,100.0,136.37428571428578,0.10038297415923401,108059.0,0.025449060235612025,0.0,0.4782759430460994,0.3297197739191831,0.31963924201136756,0.8385607927615829,0.9510759950344863,0.08252591420435886,1,-1,0.0,0.0,0.0,0.0,0.0,0.0,0.0,0.0,0.0,0.0,0.3297197739191831,0.3297197739191831,0.3297197739191831,0.3297197739191831,0.18220352800116071,100.0,100.0,100.0,100.0,100.0,32.61246427113292,32.44330593310838,31.755495749912143,28.26322714076855,-2.9758318177691763,136.62142857142862,136.46571428571434,132.18142857142863,124.89071428571435,122.36357142857152,0.19699881203373854,0.196277032662007,0.1931658522478007,0.17885323042639156,0.045918767924572376,0.0,0.0,0.0,0.0,4,7,3,2022,0,0,29,0,0,0,0,1,1,0,0.0894591748506252,0,0.0,-0.05768017844781172,0.3297197739191831,0.0,0.0,0.0
2022-08-01,1358.54,1358.54,1500.0,1337.8,24270.0,0.0,0.0,0.0,0.0,0.0,0.0,0.3297197739191831,SEPLAT,1358.54,1357.1109636461879,1358.54,1344.9674915361454,1302.983,1318.7955084632301,1283.8604,1263.9481473448677,0.042638315311865176,0.058168006428113164,31.817071561461944,27.20708985258244,4.609981708879506,1302.983,1429.0153596040632,1176.9506403959367,0.19345203982563586,0.7204076801169756,100.0,137.2014285714286,0.10099182105159113,103859.5,0.23368107876506242,0.0,0.0,0.3297197739191831,0.31963924201136756,0.9503338658188514,1.1051948027203689,0.08194898665296858,1,-1,0.0,0.0,0.0,0.0,0.0952748483808475,0.0,0.0,0.0,0.0,0.0090772967339934,0.3297197739191831,0.3297197739191831,0.3297197739191831,0.3297197739191831,0.38347809728915877,100.0,100.0,100.0,100.0,100.0,32.37334371806219,32.61246427113292,32.44330593310838,30.415701723361053,7.033595674366779,136.37428571428578,136.62142857142862,136.46571428571434,134.74714285714293,125.83285714285724,0.1954302785898165,0.19699881203373854,0.196277032662007,0.18746834660719938,0.09416493935955654,0.0,0.0,0.0,0.0,0,8,3,2022,1,0,1,1,0,0,0,0,1,0,0.0894591748506252,0,0.0,-0.050373048227059465,0.32997845933060527,0.0,0.0,0.0
2022-08-02,1358.54,1358.54,1450.0,1322.1,78200.0,0.0,0.0,0.0,0.0,0.0,0.0,0.3299784593306052,SEPLAT,1358.54,1357.5873090974587,1358.54,1347.4352203477551,1309.156,1322.5806981333988,1285.0331999999999,1267.6576317627162,0.03772201326656259,0.05720225749809431,31.018658087641597,27.96940349959427,3.049254588047326,1309.156,1433.2640884424604,1185.0479115575395,0.18960015222396795,0.6989556064385587,100.0,135.98571428571432,0.10009695282120094,98802.5,0.791477948432479,0.0,0.0,0.32997845933060527,0.2707000328861941,0.9647165628317722,1.1245137356639876,0.08085543731333877,1,1,0.0,0.0,0.0,0.0,0.0,0.0,0.0,0.0,0.0,0.0,0.3297197739191831,0.3297197739191831,0.3297197739191831,0.3297197739191831,0.38347809728915877,100.0,100.0,100.0,100.0,100.0,31.817071561461944,32.37334371806219,32.61246427113292,31.755495749912143,14.79558478445233,137.2014285714286,136.37428571428578,136.62142857142862,132.18142857142863,120.50500000000008,0.19345203982563586,0.1954302785898165,0.19699881203373854,0.1931658522478007,0.12763547678517792,0.0,0.0,0.0,0.0,1,8,3,2022,0,0,2,0,1,0,0,0,1,0,0.0894591748506252,0,0.0,-0.050011537574032754,0.3300417561580988,0.0,0.0,0.0
2022-08-03,1358.54,1358.54,1449.9,1400.0,58580.0,0.0,0.0,0.0,0.0,0.0,0.0,0.3300417561580988,SEPLAT,1358.54,1357.9048727316392,1358.54,1349.4542711936178,1315.3290000000002,1326.0053935492656,1286.206,1271.221646203394,0.032851856835818094,0.05623826976394144,30.03963148464686,28.383449096604792,1.656182388042069,1315.3290000000002,1436.161890938813,1194.4961090611873,0.18373029248015185,0.6788047925704306,100.0,132.16000000000005,0.09728090450041961,100044.0,0.5855423613610011,0.0,0.0,0.3300417561580988,0.2707000328861941,0.8660276394790223,0.9659143415496093,0.07909736427385662,1,1,0.0,0.0,0.0,0.0,0.0,0.0,0.0,0.0,0.0,0.0,0.32997845933060527,0.3297197739191831,0.3297197739191831,0.3297197739191831,0.32965026058458613,100.0,100.0,100.0,100.0,100.0,31.018658087641597,31.817071561461944,32.37334371806219,32.44330593310838,20.708304630992643,135.98571428571432,137.2014285714286,136.37428571428578,136.46571428571434,118.1885714285715,0.18960015222396795,0.19345203982563586,0.1954302785898165,0.196277032662007,0.15029743198465667,0.0,0.0,0.0,0.0,2,8,3,2022,0,0,3,0,0,1,0,0,1,0,0.0894591748506252,0,0.0,-0.050011537574032754,0.3300417561580988,0.0,0.0,0.0
2022-08-04,1358.54,1358.54,1427.4,1342.0,104090.0,0.0,0.0,0.0,0.0,0.0,0.0,0.3300417561580988,SEPLAT,1358.54,1358.116581821093,1358.54,1351.1062218856873,1321.502,1329.1039274969546,1287.3788,1274.6458953718882,0.028027199353462963,0.055276038412315015,28.930255867090864,28.49281045070201,0.43744541638885437,1321.502,1437.594486469781,1205.4095135302189,0.175697783990915,0.6595193673866268,100.0,127.90857142857148,0.09415149456664616,97743.5,1.064930148807849,0.0,0.0,0.3300417561580988,0.2707000328861941,0.7681098536580054,0.8523303008125748,0.0766231522566852,1,1,0.0,0.0,0.0,0.0,0.0,0.0,0.0,0.0,0.0,0.0,0.3300417561580988,0.32997845933060527,0.3297197739191831,0.3297197739191831,0.32965026058458613,100.0,100.0,100.0,100.0,100.0,30.03963148464686,31.018658087641597,31.817071561461944,32.61246427113292,25.104785369666843,132.16000000000005,135.98571428571432,137.2014285714286,136.62142857142862,115.82214285714292,0.18373029248015185,0.18960015222396795,0.19345203982563586,0.19699881203373854,0.16677582661513357,0.0,0.0,0.0,0.0,3,8,3,2022,0,0,4,0,0,0,1,0,1,0,0.0894591748506252,0,0.0,-0.050011537574032754,0.3300417561580988,0.0,0.0,0.0
2022-08-30,1234.61,1234.61,1323.4,1187.8,26110.0,0.0,0.0,0.0,0.0,0.0,0.0,0.3054102375153154,SEPLAT,1234.61,1244.6840669639314,1280.158,1269.4738711536697,1318.3429999999998,1295.2404300621497,1296.4016000000001,1289.5732862778125,-0.06351381999980275,-0.04766393376867187,-22.987668223082892,-7.190099835783429,-15.797568387299464,1318.3429999999998,1431.147549012417,1205.5384509875828,0.17113080436945025,0.12885805256495922,0.0,93.25571428571432,0.07553455284317666,79646.5,0.32782357040171256,0.0,0.44287545045546634,0.3054102375153153,0.2826995253817416,0.8599715420705412,0.9478594818410543,0.12928396330994585,1,-1,0.0,0.0,0.0,-0.0882229014593717,0.0,0.0,0.0,0.0,0.00778328034191,0.0,0.3054102375153153,0.3054102375153153,0.3054102375153153,0.3054102375153153,0.02574714828682295,0.0,0.0,0.0,0.0,0.0,-20.49297604528533,-17.0107620140559,-12.318761384900426,1.811045917016827,17.492147198555813,97.17428571428573,102.11428571428574,103.00000000000003,100.86500000000002,120.70000000000003,0.16141253581079457,0.14883107014264696,0.132645556112207,0.08123512399472668,0.009123609917963035,0.0,0.0,0.0,0.0882229014593717,1,8,3,2022,0,0,30,0,1,0,0,0,-1,0,0.0894591748506252,0,-0.09122293049891801,-0.09122293049891801,0.3054102375153153,0.0,0.0,0.0
2022-08-31,1234.61,1234.61,1320.0,1207.8,39230.0,0.0,0.0,0.0,0.0,0.0,0.0,0.3054102375153154,SEPLAT,1234.61,1241.3260446426211,1268.771,1263.134985489366,1312.1465,1289.466103389564,1296.601,1287.4178632865257,-0.059091343840036274,-0.04781039039766297,-24.680231402575828,-10.68812614914191,-13.992105253433918,1312.1465,1429.1895411654757,1195.1034588345244,0.17839934971510518,0.1687692868028825,0.0,93.23428571428575,0.0755171962921779,78679.0,0.49860826904256533,0.0,0.44287545045546634,0.3054102375153153,0.28231448774391155,0.8359623748784432,0.9213205117800413,0.12863985251108062,1,-1,0.0,0.0,0.0,0.0,0.0,0.0,0.0,0.0,0.0,0.0,0.3054102375153153,0.3054102375153153,0.3054102375153153,0.3054102375153153,0.02574714828682295,0.0,0.0,0.0,0.0,0.0,-22.987668223082892,-20.49297604528533,-17.0107620140559,-6.150880416270866,15.869954593503053,93.25571428571432,97.17428571428573,102.11428571428574,103.62214285714288,114.80571428571432,0.17113080436945025,0.16141253581079457,0.14883107014264696,0.11137771022156336,0.010863292992532253,0.0,0.0,0.0,0.0,2,8,3,2022,0,1,31,0,0,1,0,0,-1,0,0.0894591748506252,0,-0.09122293049891801,-0.09122293049891801,0.3054102375153153,0.0,0.0,0.0
2022-09-01,1234.61,1234.61,1300.0,1193.0,84110.0,0.0,0.0,0.0,0.0,0.0,0.0,0.3054102375153154,SEPLAT,1234.61,1239.087363095081,1257.3839999999998,1257.9486244912994,1305.95,1284.2417125905579,1296.7910000000002,1285.3469666870542,-0.054626899957885174,-0.04794990094780135,-25.725057467391252,-13.695512412791778,-12.029545054599474,1305.95,1425.741238410829,1186.158761589171,0.18345455555086948,0.2022319789560207,0.0,95.80285714285718,0.07759766820522852,77680.0,1.0827754891864059,0.0,0.44287545045546634,0.3054102375153153,0.28231448774391155,0.9038690159401577,1.0476204692362026,0.12797925135225283,1,-1,0.0,0.0,0.0,0.0,0.0,0.0,0.0,0.0,0.0,0.0,0.3054102375153153,0.3054102375153153,0.3054102375153153,0.3054102375153153,0.02574714828682295,0.0,0.0,0.0,0.0,0.0,-24.680231402575828,-22.987668223082892,-20.49297604528533,-12.318761384900426,14.418151787908982,93.23428571428575,93.25571428571432,97.17428571428573,103.00000000000003,109.73571428571431,0.17839934971510518,0.17113080436945025,0.16141253581079457,0.132645556112207,0.012173834638992126,0.0,0.0,0.0,0.0,3,9,3,2022,1,0,1,0,0,0,1,0,-1,0,0.0894591748506252,0,-0.09122293049891801,-0.09122293049891801,0.3054102375153153,0.0,0.0,0.0
2022-09-02,1234.61,1234.61,1298.0,1170.0,50620.0,0.0,0.0,0.0,0.0,0.0,0.0,0.3054102375153154,SEPLAT,1234.61,1237.5949087300542,1245.9969999999998,1253.705238220154,1299.7535,1279.5148828200286,1296.981,1283.3572817189345,-0.05011988811724695,-0.04808937062300843,-26.250490339057023,-16.206507998044827,-10.043982341012196,1299.7535,1420.9041014104155,1178.6028985895846,0.18642088889995748,0.23114660908980153,0.0,99.19285714285718,0.08034347457323138,78034.0,0.648691595970987,0.0,0.44287545045546634,0.3054102375153153,0.28231448774391155,0.9630966316344602,1.1268573724410351,0.12730387580867125,1,-1,0.0,0.0,0.0,0.0,0.0,0.0,0.0,0.0,0.0,0.0,0.3054102375153153,0.3054102375153153,0.3054102375153153,0.3054102375153153,0.02574714828682295,0.0,0.0,0.0,0.0,0.0,-25.725057467391252,-24.680231402575828,-22.987668223082892,-17.0107620140559,13.11639002525908,95.80285714285718,93.23428571428575,93.25571428571432,102.11428571428574,103.25000000000003,0.18345455555086948,0.17839934971510518,0.17113080436945025,0.14883107014264696,0.013183450991515269,0.0,0.0,0.0,0.0,4,9,3,2022,0,0,2,0,0,0,0,1,-1,0,0.0894591748506252,0,-0.09122293049891801,-0.09122293049891801,0.3054102375153153,0.0,0.0,0.0
2022-09-05,1234.61,1234.61,1300.0,1186.0,29760.0,0.0,0.0,0.0,0.0,0.0,0.0,0.3054102375153154,SEPLAT,1234.61,1236.5999391533696,1234.61,1250.2333767255805,1293.557,1275.2382273133592,1297.1709999999998,1281.4456236123096,-0.045569696580823355,-0.04822879944124555,-26.36300338279443,-18.23780707499475,-8.125196307799683,1293.557,1414.7248825084396,1172.3891174915605,0.1873406158498459,0.2567548479858334,0.0,102.3014285714286,0.08286133157145059,75085.0,0.39635080242391957,0.0,0.44287545045546634,0.3054102375153153,0.28231448774391155,0.9159860696442123,1.0740603261332309,0.12661348945413373,1,-1,0.0,0.0,0.0,0.0,0.0,0.0,0.0,0.0,0.0,0.0,0.3054102375153153,0.3054102375153153,0.3054102375153153,0.3054102375153153,0.02574714828682295,0.0,0.0,0.0,0.0,0.0,-26.250490339057023,-25.725057467391252,-24.680231402575828,-20.49297604528533,11.94701667816571,99.19285714285718,95.80285714285718,93.23428571428575,97.17428571428573,99.25714285714288,0.18642088889995748,0.18345455555086948,0.17839934971510518,0.16141253581079457,0.013957230352809574,0.0,0.0,0.0,0.0,0,9,3,2022,0,0,5,1,0,0,0,0,-1,0,0.0894591748506252,0,-0.09122293049891801,-0.09122293049891801,0.3054102375153153,0.0,0.0,0.0
2022-09-06,1234.61,1234.61,1300.0,1203.0,194600.0,0.0,0.0,0.0,0.0,0.0,0.0,0.3054102375153154,SEPLAT,1234.61,1235.9366261022465,1234.61,1247.392762775475,1287.3604999999998,1271.3688723311345,1297.3609999999999,1279.6089324902584,-0.04097570183332476,-0.048368187420463525,-26.150721540904442,-19.820389968176688,-6.330331572727754,1287.3604999999998,1407.2041622789086,1167.516837721091,0.1861850853415323,0.2799195260019879,0.0,104.19571428571432,0.08439565067974042,70110.0,2.7756382826986163,0.0,0.0,0.3054102375153153,0.28231448774391155,0.8578550370563526,1.0054634020840734,0.12590784536402178,1,-1,0.0,0.0,0.0,0.0,-0.0882229014593717,0.0,0.0,0.0,0.0,0.00778328034191,0.3054102375153153,0.3054102375153153,0.3054102375153153,0.3054102375153153,0.3054102375153153,0.0,0.0,0.0,0.0,0.0,-26.36300338279443,-26.250490339057023,-25.725057467391252,-22.987668223082892,1.811045917016827,102.3014285714286,99.19285714285718,95.80285714285718,93.25571428571432,100.86500000000002,0.1873406158498459,0.18642088889995748,0.18345455555086948,0.17113080436945025,0.08123512399472668,0.0,0.0,0.0,0.0,1,9,3,2022,0,0,6,0,1,0,0,0,-1,0,0.0894591748506252,0,-0.09122293049891801,-0.09122293049891801,0.3054102375153153,0.0,0.0,0.0
2022-09-07,1234.61,1234.61,1299.9,1217.0,10250.0,0.0,0.0,0.0,0.0,0.0,0.0,0.3054102375153154,SEPLAT,1234.61,1235.4944174014977,1234.61,1245.0686240890248,1281.164,1267.8680273472169,1297.551,1277.8442684710328,-0.036337268296642806,-0.04850753457860233,-25.68638993781792,-20.993589962104934,-4.692799975712987,1281.164,1398.296451236332,1164.031548763668,0.18285317295261483,0.30127624962756666,0.0,105.08285714285718,0.08511421189108884,68418.0,0.14981437633371336,0.0,0.0,0.3054102375153153,0.28231448774391155,0.8193980495127614,0.9539796423378307,0.1251866855271948,1,-1,0.0,0.0,0.0,0.0,0.0,0.0,0.0,0.0,0.0,0.0,0.3054102375153153,0.3054102375153153,0.3054102375153153,0.3054102375153153,0.3054102375153153,0.0,0.0,0.0,0.0,0.0,-26.150721540904442,-26.36300338279443,-26.250490339057023,-24.680231402575828,-6.150880416270866,104.19571428571432,102.3014285714286,99.19285714285718,93.23428571428575,103.62214285714288,0.1861850853415323,0.1873406158498459,0.18642088889995748,0.17839934971510518,0.11137771022156336,0.0,0.0,0.0,0.0,2,9,3,2022,0,0,7,0,0,1,0,0,-1,0,0.0894591748506252,0,-0.09122293049891801,-0.09122293049891801,0.3054102375153153,0.0,0.0,0.0
2022-09-08,1234.61,1234.61,1298.9,1250.0,10330.0,0.0,0.0,0.0,0.0,0.0,0.0,0.3054102375153154,SEPLAT,1234.61,1235.1996116009987,1234.61,1243.1670560728382,1274.9675,1264.7005961712914,1297.741,1276.148806962365,-0.03165374803671472,-0.04864684093359159,-25.02987497884328,-21.800846965452607,-3.229028013390675,1274.9675,1387.9019012434237,1162.0330987565762,0.17715651770484148,0.32132326573808206,0.0,104.57500000000005,0.08470286163241837,60132.0,0.17178873145746026,0.0,0.0,0.3054102375153153,0.28231448774391155,0.7510468920018964,0.8472999309929483,0.1244497402125656,1,-1,0.0,0.0,0.0,0.0,0.0,0.0,0.0,0.0,0.0,0.0,0.3054102375153153,0.3054102375153153,0.3054102375153153,0.3054102375153153,0.3054102375153153,0.0,0.0,0.0,0.0,0.0,-25.68638993781792,-26.150721540904442,-26.36300338279443,-25.725057467391252,-12.318761384900426,105.08285714285718,104.19571428571432,102.3014285714286,95.80285714285718,103.00000000000003,0.18285317295261483,0.1861850853415323,0.1873406158498459,0.18345455555086948,0.132645556112207,0.0,0.0,0.0,0.0,3,9,3,2022,0,0,8,0,0,0,1,0,-1,0,0.0894591748506252,0,-0.09122293049891801,-0.09122293049891801,0.3054102375153153,0.0,0.0,0.0
2022-09-09,1234.61,1234.61,1300.0,1207.1,1650.0,0.0,0.0,0.0,0.0,0.0,0.0,0.3054102375153154,SEPLAT,1234.61,1235.0030744006658,1234.61,1241.6112276959584,1268.771,1261.834825107359,1297.9309999999998,1274.5198341403116,-0.02692448046180127,-0.048786106503350274,-24.23027066649729,-22.286731705661545,-1.9435389608357454,1268.771,1375.8457726738563,1161.6962273261436,0.16878502531009362,0.3404806326133771,0.0,106.06785714285719,0.08591203468533157,60055.0,0.02747481475314295,0.0,0.0,0.3054102375153153,0.28231448774391155,0.6841521944757556,0.7806743473116193,0.12369672728605764,1,-1,0.0,0.0,0.0,0.0,0.0,0.0,0.0,0.0,0.0,0.0,0.3054102375153153,0.3054102375153153,0.3054102375153153,0.3054102375153153,0.3054102375153153,0.0,0.0,0.0,0.0,0.0,-25.02987497884328,-25.68638993781792,-26.150721540904442,-26.250490339057023,-17.0107620140559,104.57500000000005,105.08285714285718,104.19571428571432,99.19285714285718,102.11428571428574,0.17715651770484148,0.18285317295261483,0.1861850853415323,0.18642088889995748,0.14883107014264696,0.0,0.0,0.0,0.0,4,9,3,2022,0,0,9,0,0,0,0,1,-1,0,0.0894591748506252,0,-0.09122293049891801,-0.09122293049891801,0.3054102375153153,0.0,0.0,0.0
2022-10-04,1187.12,1187.12,1183.9,1125.0,4580.0,0.0,0.0,0.0,0.0,0.0,0.0,0.1358791261103365,SEPLAT,1187.12,1187.66963126887,1187.12,1192.6257026773583,1208.4904999999999,1208.4028044201086,1272.5269999999998,1238.7458519869494,-0.017683630942899424,-0.06711606119162888,-22.372214417112218,-23.875241932183034,1.5030275150708157,1208.4904999999999,1256.9699812700221,1160.0110187299776,0.08023146440956257,0.27959231988302385,0.0,67.88071428571429,0.057181004688417594,53348.5,0.08585058623953813,0.0,0.0,0.1358791261103367,0.27369155383644145,0.5262439378591648,0.6163618678152953,0.08817152831660553,0,-1,0.0,0.0,0.0,0.0,-0.0392249250185268,0.0,0.0,0.0,0.0,0.001538594742709,0.1358791261103367,0.1358791261103367,0.1358791261103367,0.1358791261103367,0.32819179907766743,0.0,0.0,0.0,0.0,0.0,-23.313565306209966,-24.175964945658734,-24.925050086254714,-25.90502610418139,-22.000776875847805,70.74357142857146,71.5064285714286,73.57071428571432,74.10571428571434,87.10571428571434,0.08047752960160402,0.0799174132890043,0.07854350649376174,0.07318481406161076,0.034470965412525444,0.0,0.0,0.0,0.0,1,10,4,2022,0,0,4,0,1,0,0,0,-1,0,0.0894591748506252,0,-0.1261795751321272,-0.1261795751321272,0.1358791261103367,0.0,0.0,0.28977751050750633
2022-10-05,1187.12,1187.12,1250.0,1125.0,182780.0,0.0,0.0,0.0,0.0,0.0,0.0,0.1358791261103365,SEPLAT,1187.12,1187.4864208459135,1187.12,1191.6246658269295,1206.116,1206.3758706658125,1269.0985999999998,1236.721308771775,-0.015749728881799176,-0.06459592658915543,-21.379734781299476,-23.376140502006322,1.9964057207068464,1206.116,1253.8552930514531,1158.3767069485468,0.0791620259601119,0.30104439356143897,0.0,70.45928571428571,0.05935312833941448,52757.5,3.4645311093209497,0.0,0.0,0.1358791261103367,0.27369155383644145,0.6349830351532207,0.7081941088839214,0.08915445646919595,0,-1,0.0,0.0,0.0,0.0,0.0,0.0,0.0,0.0,0.0,0.0,0.1358791261103367,0.1358791261103367,0.1358791261103367,0.1358791261103367,0.32819179907766743,0.0,0.0,0.0,0.0,0.0,-22.372214417112218,-23.313565306209966,-24.175964945658734,-25.518608937178897,-23.90411179213038,67.88071428571429,70.74357142857146,71.5064285714286,73.53428571428576,82.64857142857147,0.08023146440956257,0.08047752960160402,0.0799174132890043,0.07632167111366382,0.04754070120820884,0.0,0.0,0.0,0.0,2,10,4,2022,0,0,5,0,0,1,0,0,-1,0,0.0894591748506252,0,-0.1261795751321272,-0.1261795751321272,0.1358791261103367,0.0,0.0,0.28977751050750633
2022-10-06,1187.12,1187.12,1199.9,1125.0,189510.0,0.0,0.0,0.0,0.0,0.0,0.0,0.1358791261103365,SEPLAT,1187.12,1187.3642805639424,1187.12,1190.8056356765785,1203.7414999999999,1204.5419782214494,1265.6702,1234.776159408176,-0.013808197191838921,-0.06206213909437082,-20.358507319836008,-22.77261386557226,2.414106545736253,1203.7414999999999,1250.2209588586113,1157.2620411413884,0.0772249837005893,0.32119520742956725,0.0,72.23785714285715,0.06085135213193035,61720.5,3.070454711157557,0.0,0.0,0.1358791261103367,0.27369155383644145,0.6493941134797597,0.7271710338343218,0.08936416994163868,0,-1,0.0,0.0,0.0,0.0,0.0,0.0,0.0,0.0,0.0,0.0,0.1358791261103367,0.1358791261103367,0.1358791261103367,0.1358791261103367,0.1358791261103367,0.0,0.0,0.0,0.0,0.0,-21.379734781299476,-22.372214417112218,-23.313565306209966,-24.925050086254714,-25.122917076487056,70.45928571428571,67.88071428571429,70.74357142857146,73.57071428571432,82.29142857142861,0.0791620259601119,0.08023146440956257,0.08047752960160402,0.07854350649376174,0.05669421237564563,0.0,0.0,0.0,0.0,3,10,4,2022,0,0,6,0,0,0,1,0,-1,0,0.0894591748506252,0,-0.1261795751321272,-0.1261795751321272,0.1358791261103367,0.0,0.0,0.28977751050750633
2022-10-07,1187.12,1187.12,1189.9,1130.0,1000.0,0.0,0.0,0.0,0.0,0.0,0.0,0.1358791261103365,SEPLAT,1187.12,1187.282853709295,1187.12,1190.1355200990188,1201.3669999999997,1202.882742200359,1262.2418,1232.907290411777,-0.011858990633170252,-0.05951458745859955,-19.326394552936335,-22.083370003045076,2.7569754501087402,1201.3669999999997,1246.0230196213333,1156.7109803786661,0.07434201142753814,0.34048063261337336,0.0,72.245,0.0608573690949525,61254.0,0.01632546445946387,0.0,0.0,0.1358791261103367,0.27369155383644145,0.6438635066189095,0.7189140682424049,0.08880614668370054,0,-1,0.0,0.0,0.0,0.0,0.0,0.0,0.0,0.0,0.0,0.0,0.1358791261103367,0.1358791261103367,0.1358791261103367,0.1358791261103367,0.1358791261103367,0.0,0.0,0.0,0.0,0.0,-20.358507319836008,-21.379734781299476,-22.372214417112218,-24.175964945658734,-25.791520452248278,72.23785714285715,70.45928571428571,67.88071428571429,71.5064285714286,78.48428571428576,0.0772249837005893,0.0791620259601119,0.08023146440956257,0.0799174132890043,0.06363331605995065,0.0,0.0,0.0,0.0,4,10,4,2022,0,0,7,0,0,0,0,1,-1,0,0.0894591748506252,0,-0.1261795751321272,-0.1261795751321272,0.1911411628249904,0.0016660913808715,0.0408177826550094,0.28977751050750633
2022-10-18,1139.64,1139.64,1240.0,1091.0,90.0,0.0,0.0,0.0,0.0,0.0,0.0,0.1911411628249902,SEPLAT,1139.64,1143.8226373626817,1158.632,1154.7878778867575,1172.876,1174.33097691467,1235.9738,1213.004300905281,-0.02833718142412316,-0.07794161979808947,-26.001405558221222,-24.47725303637558,-1.524152521845643,1172.876,1217.5226163744126,1128.2293836255874,0.07613186112498267,0.12778814276452366,0.0,69.27999999999999,0.06079112702256852,130670.0,0.0006887579398484733,0.0,0.20490364271521377,0.1911411628249904,0.2071079424496713,0.7469335425760217,0.6559907572495925,0.06470174645629834,0,-1,0.0,0.0,0.0,-0.0408177826550094,0.0,0.0,0.0,0.0,0.0016660913808715,0.0,0.1911411628249904,0.1911411628249904,0.1911411628249904,0.1911411628249904,0.1358791261103367,0.0,0.0,0.0,0.0,0.0,-26.118547046082085,-25.888156042645278,-25.21753834672927,-22.085093729263235,-23.313565306209966,63.98714285714285,69.33,74.66571428571429,72.24428571428571,70.74357142857146,0.08437423524752496,0.08875403152544131,0.08991250334973533,0.08304437413188095,0.08047752960160402,0.0,0.0,0.0,0.0408177826550094,1,10,4,2022,0,0,18,0,1,0,0,0,-1,0,0.0894591748506252,0,-0.161128858922078,-0.161128858922078,0.1911411628249904,0.0,0.0,0.0
2022-10-19,1139.64,1139.64,1190.0,1093.3,150.0,0.0,0.0,0.0,0.0,0.0,0.0,0.1911411628249902,SEPLAT,1139.64,1142.4284249084544,1153.884,1152.0337182709834,1170.502,1171.0270743513681,1231.5957999999998,1210.1272694972308,-0.0263664649868175,-0.07466394412842244,-25.61331572518793,-24.704465574138048,-0.908850151049883,1170.502,1216.9716716489115,1124.0323283510884,0.07940126825739995,0.16793395665490232,0.0,70.83714285714284,0.062157473287303734,106045.5,0.0014144871776737343,0.0,0.20490364271521377,0.1911411628249904,0.2071079424496713,0.7055957310891048,0.6163682399852412,0.05788138947408669,0,-1,0.0,0.0,0.0,0.0,0.0,0.0,0.0,0.0,0.0,0.0,0.1911411628249904,0.1911411628249904,0.1911411628249904,0.1911411628249904,0.1358791261103367,0.0,0.0,0.0,0.0,0.0,-26.001405558221222,-26.118547046082085,-25.888156042645278,-23.994785747989226,-22.372214417112218,69.27999999999999,63.98714285714285,69.33,77.02999999999999,67.88071428571429,0.07613186112498267,0.08437423524752496,0.08875403152544131,0.08805130178620905,0.08023146440956257,0.0,0.0,0.0,0.0,2,10,4,2022,0,0,19,0,0,1,0,0,-1,0,0.0894591748506252,0,-0.161128858922078,-0.161128858922078,0.14139694682156054,0.0,0.0,0.0
2022-10-20,1139.64,1139.64,1097.0,1097.0,40.0,0.0,0.0,0.0,0.0,0.0,0.0,0.1413969468215601,SEPLAT,1139.64,1141.4989499389696,1149.136,1149.7803149489864,1168.1280000000002,1168.0378291750474,1227.2178,1207.3630628502806,-0.024387738330046066,-0.07136288277435335,-25.017367101299442,-24.767045879570325,-0.2503212217291164,1168.1280000000002,1215.8572405576529,1120.3987594423475,0.08171919611147528,0.2015665903421502,0.0,69.25428571428571,0.06076856350627015,106019.0,0.0003772908629585263,0.0,0.20490364271521377,0.14139694682156054,0.2071079424496713,0.6545821306616526,0.47766597111196746,0.04588796339733672,0,-1,0.0,0.0,0.0,0.0,0.0,0.0,0.0,0.0,0.0,0.0,0.1911411628249904,0.1911411628249904,0.1911411628249904,0.1911411628249904,0.1358791261103367,0.0,0.0,0.0,0.0,0.0,-25.61331572518793,-26.001405558221222,-26.118547046082085,-25.21753834672927,-21.379734781299476,70.83714285714284,69.27999999999999,63.98714285714285,74.66571428571429,70.45928571428571,0.07940126825739995,0.07613186112498267,0.08437423524752496,0.08991250334973533,0.0791620259601119,0.0,0.0,0.0,0.0,3,10,4,2022,0,0,20,0,0,0,1,0,-1,0,0.0894591748506252,0,-0.161128858922078,-0.161128858922078,0.14139694682156054,0.0,0.0,0.0
2022-10-21,1139.64,1139.64,1190.0,1100.0,340.0,0.0,0.0,0.0,0.0,0.0,0.0,0.1413969468215601,SEPLAT,1139.64,1140.8792999593131,1144.3880000000001,1147.936621321898,1165.754,1165.3332740155192,1222.8398,1204.7072564639952,-0.022400952516568512,-0.0680381845602342,-24.265357585702304,-24.66670822079672,0.40135063509441693,1165.754,1214.2232729143095,1117.2847270856903,0.08315523328988726,0.23061283541257585,0.0,71.11142857142856,0.06239815079448646,105625.0,0.0032189349112426036,0.0,0.20490364271521377,0.14139694682156054,0.2071079424496713,0.7354615785668621,0.6542193540635054,0.026362876026640156,0,-1,0.0,0.0,0.0,0.0,0.0,0.0,0.0,0.0,0.0,0.0,0.14139694682156054,0.1911411628249904,0.1911411628249904,0.1911411628249904,0.1358791261103367,0.0,0.0,0.0,0.0,0.0,-25.017367101299442,-25.61331572518793,-26.001405558221222,-25.888156042645278,-20.358507319836008,69.25428571428571,70.83714285714284,69.27999999999999,69.33,72.23785714285715,0.08171919611147528,0.07940126825739995,0.07613186112498267,0.08875403152544131,0.0772249837005893,0.0,0.0,0.0,0.0,4,10,4,2022,0,0,21,0,0,0,0,1,-1,0,0.0894591748506252,0,-0.161128858922078,-0.161128858922078,0.14139694682156054,0.0,0.0,0.0
2022-10-24,1139.64,1139.64,1200.0,1097.0,70.0,0.0,0.0,0.0,0.0,0.0,0.0,0.1413969468215601,SEPLAT,1139.64,1140.4661999728755,1139.64,1146.4281447179164,1163.3799999999999,1162.8862955378509,1218.4618,1202.1555993477602,-0.020406058209699138,-0.06468959470046573,-23.399648049713733,-24.413296186580126,1.0136481368663937,1163.3799999999999,1212.0934521570002,1114.6665478429995,0.08374469589815942,0.2563301413797643,0.0,74.03142857142858,0.06496036342303585,105620.5,0.0006627501289995786,0.0,0.20490364271521377,0.14139694682156054,0.2071079424496713,0.8290376590982728,0.8556904873831689,0.02619154239092401,0,-1,0.0,0.0,0.0,0.0,0.0,0.0,0.0,0.0,0.0,0.0,0.14139694682156054,0.14139694682156054,0.1911411628249904,0.1911411628249904,0.1358791261103367,0.0,0.0,0.0,0.0,0.0,-24.265357585702304,-25.017367101299442,-25.61331572518793,-26.118547046082085,-19.326394552936335,71.11142857142856,69.25428571428571,70.83714285714284,63.98714285714285,72.245,0.08315523328988726,0.08171919611147528,0.07940126825739995,0.08437423524752496,0.07434201142753814,0.0,0.0,0.0,0.0,0,10,4,2022,0,0,24,1,0,0,0,0,-1,0,0.0894591748506252,0,-0.161128858922078,-0.161128858922078,0.14139694682156054,0.0,0.0,0.0
2022-10-25,1139.64,1139.64,1200.0,1100.0,1160.0,0.0,0.0,0.0,0.0,0.0,0.0,0.1413969468215601,SEPLAT,1139.64,1140.190799981917,1139.64,1145.1939365873861,1161.006,1160.6723626294843,1214.0837999999999,1199.7040072164757,-0.018403005669221335,-0.061316854734409426,-22.454722936905455,-24.021581536645193,1.5668585997397386,1161.006,1209.4752729143097,1112.5367270856905,0.08349530134092263,0.27959231988301514,0.0,76.73714285714287,0.06733454674909872,102507.0,0.011316300350219985,0.0,0.0,0.14139694682156054,0.2071079424496713,0.7259635936828307,0.7636338266800388,0.026016294329477288,0,-1,0.0,0.0,0.0,0.0,-0.0408177826550094,0.0,0.0,0.0,0.0,0.0016660913808715,0.14139694682156054,0.14139694682156054,0.14139694682156054,0.1911411628249904,0.1911411628249904,0.0,0.0,0.0,0.0,0.0,-23.399648049713733,-24.265357585702304,-25.017367101299442,-26.001405558221222,-22.085093729263235,74.03142857142858,71.11142857142856,69.25428571428571,69.27999999999999,72.24428571428571,0.08374469589815942,0.08315523328988726,0.08171919611147528,0.07613186112498267,0.08304437413188095,0.0,0.0,0.0,0.0,1,10,4,2022,0,0,25,0,1,0,0,0,-1,0,0.0894591748506252,0,-0.161128858922078,-0.161128858922078,0.14139694682156054,0.0,0.0,0.6177194979696096
2022-10-26,1139.64,1139.64,1150.0,1100.0,640.0,0.0,0.0,0.0,0.0,0.0,0.0,0.1413969468215601,SEPLAT,1139.64,1140.0071999879447,1139.64,1144.184129935134,1158.632,1158.6692804742954,1209.907,1197.3485559530845,-0.016391744747253623,-0.058076364547027026,-21.458502715338682,-23.508965772383892,2.05046305704521,1158.632,1206.3612405576523,1110.9027594423478,0.08238895621327953,0.30104439356143237,0.0,71.38000000000001,0.06263381418693623,102220.0,0.006261005674036392,0.0,0.0,0.14139694682156054,0.2071079424496713,0.6575481157549893,0.6731585326061423,0.025837052189893222,0,-1,0.0,0.0,0.0,0.0,0.0,0.0,0.0,0.0,0.0,0.0,0.14139694682156054,0.14139694682156054,0.14139694682156054,0.1911411628249904,0.1911411628249904,0.0,0.0,0.0,0.0,0.0,-22.454722936905455,-23.399648049713733,-24.265357585702304,-25.61331572518793,-23.994785747989226,76.73714285714287,74.03142857142858,71.11142857142856,70.83714285714284,77.02999999999999,0.08349530134092263,0.08374469589815942,0.08315523328988726,0.07940126825739995,0.08805130178620905,0.0,0.0,0.0,0.0,2,10,4,2022,0,0,26,0,0,1,0,0,-1,0,0.0894591748506252,0,-0.161128858922078,-0.161128858922078,0.14139694682156054,0.0,0.0,0.6177194979696096
2022-10-27,1139.64,1139.64,1135.0,1100.0,3200.0,0.0,0.0,0.0,0.0,0.0,0.0,0.1413969468215601,SEPLAT,1139.64,1139.884799991963,1139.64,1143.3579244923824,1156.258,1156.8569680481721,1205.7302,1195.0854753274734,-0.014372224884065614,-0.05481342343419769,-20.433446955247064,-22.893862008956525,2.460415053709461,1156.258,1202.727671648911,1109.7883283510891,0.08037941644323479,0.32119520742956,0.0,68.86142857142859,0.06042384311837824,102226.5,0.03130303786200252,0.0,0.0,0.14139694682156054,0.2071079424496713,0.6709723300626713,0.7434773058893364,0.025653732252664357,0,-1,0.0,0.0,0.0,0.0,0.0,0.0,0.0,0.0,0.0,0.0,0.14139694682156054,0.14139694682156054,0.14139694682156054,0.14139694682156054,0.1911411628249904,0.0,0.0,0.0,0.0,0.0,-21.458502715338682,-22.454722936905455,-23.399648049713733,-25.017367101299442,-25.21753834672927,71.38000000000001,76.73714285714287,74.03142857142858,69.25428571428571,74.66571428571429,0.08238895621327953,0.08349530134092263,0.08374469589815942,0.08171919611147528,0.08991250334973533,0.0,0.0,0.0,0.0,3,10,4,2022,0,0,27,0,0,0,1,0,-1,0,0.0894591748506252,0,-0.161128858922078,-0.161128858922078,0.14139694682156054,0.0,0.0,0.6177194979696096
2022-10-28,1139.64,1139.64,1135.0,1080.0,139580.0,0.0,0.0,0.0,0.0,0.0,0.0,0.1413969468215601,SEPLAT,1139.64,1139.803199994642,1139.64,1142.6819382210401,1153.884,1155.2172568054891,1201.5534,1192.9111429616903,-0.01234439510384052,-0.05152779726643852,-19.397480796140826,-22.194585766393384,2.7971049702525583,1153.884,1198.530616374412,1109.237383625588,0.07738493015660483,0.3404806326133652,0.0,68.84285714285716,0.06040754724549608,108639.0,1.2848056406999329,0.0,0.0,0.14139694682156054,0.2071079424496713,0.6185691616375765,0.6784364103642705,0.025466246455305666,0,-1,0.0,0.0,0.0,0.0,0.0,0.0,0.0,0.0,0.0,0.0,0.14139694682156054,0.14139694682156054,0.14139694682156054,0.14139694682156054,0.1911411628249904,0.0,0.0,0.0,0.0,0.0,-20.433446955247064,-21.458502715338682,-22.454722936905455,-24.265357585702304,-25.888156042645278,68.86142857142859,71.38000000000001,76.73714285714287,71.11142857142856,69.33,0.08037941644323479,0.08238895621327953,0.08349530134092263,0.08315523328988726,0.08875403152544131,0.0,0.0,0.0,0.0,4,10,4,2022,0,0,28,0,0,0,0,1,-1,0,0.0894591748506252,0,-0.161128858922078,-0.161128858922078,0.14139694682156054,0.0,0.0,0.6177194979696096
2022-11-08,1044.67,1044.67,1070.0,999.3,50470.0,0.0,0.0,0.0,0.0,0.0,0.0,0.3264703960677995,SEPLAT,1044.67,1053.0171100134041,1082.6580000000001,1073.906155708858,1111.149,1104.4954671365113,1170.029,1159.633617148105,-0.059829059829059665,-0.10714178879326916,-37.6917842952048,-31.105177600628345,-6.586606694576453,1111.149,1200.4516359957474,1021.8463640042523,0.16073926358345741,0.12778814276453476,0.0,76.92785714285716,0.07363842853997642,259386.5,0.1945745056122813,0.0,0.4367936458854607,0.32647039606779965,0.26684266365442316,0.8454238702127991,0.9888882273126366,0.07794784655309776,1,-1,0.0,0.0,0.0,-0.0870113769896298,0.0,0.0,0.0,0.0,0.0075709797256314,0.0,0.32647039606779965,0.32647039606779965,0.32647039606779965,0.32647039606779965,0.14139694682156054,0.0,0.0,0.0,0.0,0.0,-36.99791573666448,-35.57413563850332,-33.239432522108245,-24.922339792628918,-22.454722936905455,78.78500000000001,82.67785714285716,76.01357142857147,66.74928571428575,76.73714285714287,0.15123801134274206,0.14800602545958624,0.14008288493103,0.10633903700984766,0.08349530134092263,0.0,0.0,0.0,0.0870113769896298,1,11,4,2022,0,0,8,0,1,0,0,0,-1,0,0.0894591748506252,0,-0.2310347873452382,-0.2310347873452382,0.30141625156513696,0.0,0.0,0.0719907815104677
2022-11-09,1044.67,1044.67,1043.4,990.0,2740.0,0.0,0.0,0.0,0.0,0.0,0.0,0.3014162515651368,SEPLAT,1044.67,1050.2347400089361,1073.161,1068.59049103452,1106.4005000000002,1098.7978035997007,1166.2302,1155.125240005042,-0.05579399141630911,-0.10423345236643666,-37.80587750437235,-32.44531758137715,-5.360559922995201,1106.4005000000002,1199.3496305075244,1013.4513694924761,0.1680207673577951,0.16793395665490826,0.0,77.78714285714288,0.07446097127049009,259347.5,0.010564975563674221,0.0,0.4367936458854607,0.30141625156513696,0.26684266365442316,0.7755603706751798,0.8939699925371355,0.08023423149293386,1,-1,0.0,0.0,0.0,0.0,0.0,0.0,0.0,0.0,0.0,0.0,0.32647039606779965,0.32647039606779965,0.32647039606779965,0.32647039606779965,0.14139694682156054,0.0,0.0,0.0,0.0,0.0,-37.6917842952048,-36.99791573666448,-35.57413563850332,-29.776019707770047,-21.458502715338682,76.92785714285716,78.78500000000001,82.67785714285716,68.87071428571431,71.38000000000001,0.16073926358345741,0.15123801134274206,0.14800602545958624,0.12678616457879946,0.08238895621327953,0.0,0.0,0.0,0.0,2,11,4,2022,0,0,9,0,0,1,0,0,-1,0,0.0894591748506252,0,-0.2310347873452382,-0.2310347873452382,0.30141625156513696,0.0,0.0,0.0719907815104677
2022-11-10,1044.67,1044.67,1050.0,991.0,68080.0,0.0,0.0,0.0,0.0,0.0,0.0,0.3014162515651368,SEPLAT,1044.67,1048.3798266726242,1063.6640000000002,1064.2413108464254,1101.652,1093.6427746854436,1162.4314,1150.7936619656286,-0.051724137931034454,-0.10130610718189467,-37.46443055993791,-33.4491401770893,-4.015290382848612,1101.652,1197.1205336091068,1006.1834663908933,0.1733188586034551,0.20156659034215835,0.0,75.57285714285717,0.07234136822427864,262713.5,0.259141612440929,0.0,0.4367936458854607,0.30141625156513696,0.26684266365442316,0.7028254637315319,0.8077686645820228,0.08210535566017367,1,-1,0.0,0.0,0.0,0.0,0.0,0.0,0.0,0.0,0.0,0.0,0.30141625156513696,0.32647039606779965,0.32647039606779965,0.32647039606779965,0.14139694682156054,0.0,0.0,0.0,0.0,0.0,-37.80587750437235,-37.6917842952048,-36.99791573666448,-33.239432522108245,-20.433446955247064,77.78714285714288,76.92785714285716,78.78500000000001,76.01357142857147,68.86142857142859,0.1680207673577951,0.16073926358345741,0.15123801134274206,0.14008288493103,0.08037941644323479,0.0,0.0,0.0,0.0,3,11,4,2022,0,0,10,0,0,0,1,0,-1,0,0.0894591748506252,0,-0.2310347873452382,-0.2310347873452382,0.30170666921815936,0.0001028308060017,0.0101405525491338,0.0719907815104677
2022-11-11,1034.13,1034.13,1045.0,1025.0,5250.0,-1.01,-0.0100893104999664,-0.0101405525491338,0.0001028308060017,0.0101405525491338,0.0719907815104681,0.3017066692181592,SEPLAT,1042.5620000000001,1043.6298844484163,1053.113,1058.7665270561663,1096.3765,1087.974891382068,1158.4217999999998,1146.218616398349,-0.05677474845548036,-0.10729407889250682,-37.6107677908235,-34.28146569983614,-3.329302090987362,1096.3765,1194.6266197588636,998.1263802411365,0.1792269713166299,0.183224304699209,0.0,69.64428571428574,0.06734577443289116,231562.0,0.022672113731959476,0.0719907815104677,0.43409549885830023,0.30170666921815936,0.2669692601360233,0.5948021077969808,0.649293719728159,0.08360212842243242,1,-1,0.0,0.0,0.0,0.0,0.0,0.0,0.0,0.0,0.0,0.0,0.30141625156513696,0.30141625156513696,0.32647039606779965,0.32647039606779965,0.14139694682156054,0.0,0.0,0.0,0.0,0.0,-37.46443055993791,-37.80587750437235,-37.6917842952048,-35.57413563850332,-19.397480796140826,75.57285714285717,77.78714285714288,76.92785714285716,82.67785714285716,68.84285714285716,0.1733188586034551,0.1680207673577951,0.16073926358345741,0.14800602545958624,0.07738493015660483,0.0,0.0,0.0,0.0,4,11,4,2022,0,0,11,0,0,0,0,1,-1,0,0.6027467535188659,0,-0.23879311613938484,-0.23879311613938484,0.30170666921815936,0.0,0.0,0.0
2022-11-15,1034.13,1034.13,1020.0,985.0,1120.0,0.0,0.0,0.0,0.0,0.0,0.0719907815104681,0.3017066692181592,SEPLAT,1038.346,1038.352170865963,1041.508,1050.6222205913177,1085.8255000000001,1078.2071106324865,1150.4026,1137.5997300932088,-0.04760939948453967,-0.10107122497810749,-36.62579100574112,-35.23278532569716,-1.393005680043963,1085.8255000000001,1185.9638036184374,985.6871963815628,0.18444640251760028,0.24187949000525166,0.0,65.94857142857147,0.06377203197718997,197220.0,0.005678937227461718,0.0719907815104677,0.05090516978897084,0.30170666921815936,0.2670321330167995,0.41075262603595636,0.4589052490026283,0.08550280554996861,1,-1,0.0,-0.0101405525491338,0.0,0.0,-0.0870113769896298,0.0,0.0001028308060017,0.0,0.0,0.0075709797256314,0.30170666921815936,0.30170666921815936,0.30141625156513696,0.32647039606779965,0.32647039606779965,0.0,0.0,0.0,0.0,0.0,-37.296806729086256,-37.6107677908235,-37.46443055993791,-37.6917842952048,-24.922339792628918,66.01071428571431,69.64428571428574,75.57285714285717,76.92785714285716,66.74928571428575,0.1829117613075661,0.1792269713166299,0.1733188586034551,0.16073926358345741,0.10633903700984766,0.0,0.0101405525491338,0.0,0.0,1,11,4,2022,0,0,15,0,1,0,0,0,-1,0,0.0894591748506252,0,-0.23879311613938484,-0.23879311613938484,0.30170666921815936,0.0,0.0,0.0
2022-11-16,1034.13,1034.13,1013.4,980.1,770.0,0.0,0.0,0.0,0.0,0.0,0.0719907815104681,0.3017066692181592,SEPLAT,1036.238,1036.9447805773088,1040.4540000000002,1047.62363502926,1080.55,1074.0092905722497,1146.393,1133.5420936189653,-0.0429596039054184,-0.09792715063682343,-35.682678504479554,-35.32276396145364,-0.35991454302591563,1080.55,1179.8647952088095,981.2352047911903,0.18382267402491248,0.26629866727106655,0.0,66.97642857142861,0.06476596614683705,197251.0,0.0039036557482598315,0.0719907815104677,0.05090516978897084,0.30170666921815936,0.2670321330167995,0.37261346343255985,0.4159736329789748,0.08593088611432638,1,1,0.0,0.0,-0.0101405525491338,0.0,0.0,0.0,0.0,0.0001028308060017,0.0,0.0,0.30170666921815936,0.30170666921815936,0.30170666921815936,0.30141625156513696,0.32647039606779965,0.0,0.0,0.0,0.0,0.0,-36.62579100574112,-37.296806729086256,-37.6107677908235,-37.80587750437235,-29.776019707770047,65.94857142857147,66.01071428571431,69.64428571428574,77.78714285714288,68.87071428571431,0.18444640251760028,0.1829117613075661,0.1792269713166299,0.1680207673577951,0.12678616457879946,0.0,0.0,0.0101405525491338,0.0,2,11,4,2022,0,0,16,0,0,1,0,0,-1,0,0.0894591748506252,0,-0.23879311613938484,-0.23879311613938484,0.30170666921815936,0.0,0.0,0.0
2022-11-17,1034.13,1034.13,1015.0,980.5,350.0,0.0,0.0,0.0,0.0,0.0,0.0719907815104681,0.3017066692181592,SEPLAT,1034.13,1036.0065203848726,1039.4,1045.1702468421217,1075.2745,1070.2112628987022,1142.3834000000002,1129.6435801437117,-0.03826418277379393,-0.09476100580593173,-34.53713248777058,-35.16563766671703,0.6285051789464546,1075.2745,1172.5617641580993,977.9872358419008,0.18095335499558352,0.2885411808212791,0.0,66.5471428571429,0.06435084840120961,197266.5,0.0017742495558039505,0.0719907815104677,0.05090516978897084,0.30170666921815936,0.2670321330167995,0.31588687236083013,0.36377826903680005,0.08601913516269324,1,1,0.0,0.0,0.0,0.0,0.0,0.0,0.0,0.0,0.0,0.0,0.30170666921815936,0.30170666921815936,0.30170666921815936,0.30141625156513696,0.32647039606779965,0.0,0.0,0.0,0.0,0.0,-35.682678504479554,-36.62579100574112,-37.296806729086256,-37.46443055993791,-33.239432522108245,66.97642857142861,65.94857142857147,66.01071428571431,75.57285714285717,76.01357142857147,0.18382267402491248,0.18444640251760028,0.1829117613075661,0.1733188586034551,0.14008288493103,0.0,0.0,0.0,0.0,3,11,4,2022,0,0,17,0,0,0,1,0,-1,0,0.0894591748506252,0,-0.23879311613938484,-0.23879311613938484,0.30170666921815936,0.0,0.0,0.2583041640706187
2022-11-18,1034.13,1034.13,1025.0,980.2,49950.0,0.0,0.0,0.0,0.0,0.0,0.0,0.3017066692181592,SEPLAT,1034.13,1035.3810135899153,1038.346,1043.1629292344633,1069.9990000000003,1066.7749521464448,1138.3738,1125.8979495498406,-0.033522461235945204,-0.09157255727424503,-33.24603936940571,-34.78171800725477,1.5356786378490597,1069.9990000000003,1163.9768139327487,976.0211860672518,0.17565962946273478,0.30916240493916786,0.0,67.5421428571429,0.0653130098315907,199747.0,0.2500663339123992,0.0,0.05090516978897084,0.30170666921815936,0.2670321330167995,0.35958776137169235,0.42072701197268164,0.08318160093520953,1,-1,0.0,0.0,0.0,-0.0101405525491338,0.0,0.0,0.0,0.0,0.0001028308060017,0.0,0.30170666921815936,0.30170666921815936,0.30170666921815936,0.30170666921815936,0.32647039606779965,0.0,0.0,0.0,0.0,0.0,-34.53713248777058,-35.682678504479554,-36.62579100574112,-37.6107677908235,-35.57413563850332,66.5471428571429,66.97642857142861,65.94857142857147,69.64428571428574,82.67785714285716,0.18095335499558352,0.18382267402491248,0.18444640251760028,0.1792269713166299,0.14800602545958624,0.0,0.0,0.0,0.0101405525491338,4,11,4,2022,0,0,18,0,0,0,0,1,-1,0,0.0894591748506252,0,-0.23879311613938484,-0.23879311613938484,0.30170666921815936,0.0,0.0,0.2583041640706187
2022-11-21,1034.13,1034.13,1050.0,980.1,455730.0,0.0,0.0,0.0,0.0,0.0,0.0,0.3017066692181592,SEPLAT,1034.13,1034.9640090599437,1037.292,1041.520578464561,1064.7235,1063.6659090848786,1134.3642,1122.299206430239,-0.028733751063069378,-0.08836156853328048,-31.855626933428766,-34.19649979248957,2.340872859060802,1064.7235,1153.9674453408427,975.4795546591574,0.1676377864127966,0.3285962152213435,0.0,65.7514285714286,0.06358139554159399,222530.0,2.0479485912011866,0.0,0.05090516978897084,0.30170666921815936,0.2670321330167995,0.4321704863651795,0.4860217444252361,0.07947759858921855,1,-1,0.0,0.0,0.0,0.0,0.0,0.0,0.0,0.0,0.0,0.0,0.30170666921815936,0.30170666921815936,0.30170666921815936,0.30170666921815936,0.32647039606779965,0.0,0.0,0.0,0.0,0.0,-33.24603936940571,-34.53713248777058,-35.682678504479554,-37.296806729086256,-36.99791573666448,67.5421428571429,66.5471428571429,66.97642857142861,66.01071428571431,78.78500000000001,0.17565962946273478,0.18095335499558352,0.18382267402491248,0.1829117613075661,0.15123801134274206,0.0,0.0,0.0,0.0,0,11,4,2022,0,0,21,1,0,0,0,0,-1,0,0.0894591748506252,0,-0.23879311613938484,-0.23879311613938484,0.30170666921815936,0.0,0.0,0.2583041640706187
2022-11-22,1034.13,1034.13,1088.9,1038.4,30460.0,0.0,0.0,0.0,0.0,0.0,0.0,0.3017066692181592,SEPLAT,1034.13,1034.6860060399626,1036.238,1040.1768369255499,1059.448,1060.8529653625092,1130.3546000000001,1118.8415904917983,-0.023897350318278936,-0.08512779971877851,-30.403245373236587,-33.437848908638976,3.0346035354023897,1059.448,1142.289828641278,976.6061713587221,0.15638677621040006,0.3471907222761095,0.0,62.62071428571432,0.06055400605892326,223995.0,0.13598517824058573,0.0,0.05090516978897084,0.30170666921815936,0.20540241381590055,0.4534327167357389,0.5142428516969314,0.07477848249484069,1,-1,0.0,0.0,0.0,0.0,0.0,0.0,0.0,0.0,0.0,0.0,0.30170666921815936,0.30170666921815936,0.30170666921815936,0.30170666921815936,0.32647039606779965,0.0,0.0,0.0,0.0,0.0,-31.855626933428766,-33.24603936940571,-34.53713248777058,-36.62579100574112,-37.6917842952048,65.7514285714286,67.5421428571429,66.5471428571429,65.94857142857147,76.92785714285716,0.1676377864127966,0.17565962946273478,0.18095335499558352,0.18444640251760028,0.16073926358345741,0.0,0.0,0.0,0.0,1,11,4,2022,0,0,22,0,1,0,0,0,-1,0,0.0894591748506252,0,-0.23879311613938484,-0.23879311613938484,0.30170666921815936,0.0,0.0,0.2583041640706187
2022-11-23,1034.13,1034.13,1088.0,1002.4,390.0,0.0,0.0,0.0,0.0,0.0,0.0,0.3017066692181592,SEPLAT,1034.13,1034.5006706933086,1035.184,1039.0774120299952,1054.1725000000001,1058.3079210422702,1126.345,1115.5195673352573,-0.01901254301359599,-0.08187100755097232,-28.91886386171018,-32.534051899253214,3.615188037543035,1054.1725000000001,1128.5142102942418,979.8307897057584,0.14104278055866887,0.36520016878363065,0.0,61.592142857142896,0.05955938117755301,223982.5,0.0017412074604042727,0.0,0.05090516978897084,0.30170666921815936,0.20540241381590055,0.5544097779971446,0.6231976804332072,0.06888089019685487,1,-1,0.0,0.0,0.0,0.0,0.0,0.0,0.0,0.0,0.0,0.0,0.30170666921815936,0.30170666921815936,0.30170666921815936,0.30170666921815936,0.30141625156513696,0.0,0.0,0.0,0.0,0.0,-30.403245373236587,-31.855626933428766,-33.24603936940571,-35.682678504479554,-37.80587750437235,62.62071428571432,65.7514285714286,67.5421428571429,66.97642857142861,77.78714285714288,0.15638677621040006,0.1676377864127966,0.17565962946273478,0.18382267402491248,0.1680207673577951,0.0,0.0,0.0,0.0,2,11,4,2022,0,0,23,0,0,1,0,0,-1,0,0.0894591748506252,0,-0.23879311613938484,-0.23879311613938484,0.3204232978978285,0.0013238301820678,0.0363844772130627,0.2583041640706187
2022-12-01,997.18,997.18,1095.0,1049.9,42830.0,0.0,0.0,0.0,0.0,0.0,0.0,0.1291401618903018,SEPLAT,997.18,1000.4564374819917,1011.96,1009.7485779640849,1025.6799999999998,1030.710919500627,1099.753,1090.2662212106056,-0.02778644411512352,-0.09326912497624465,-30.089814207643713,-31.24373079487204,1.153916587228327,1025.6799999999998,1064.934159685704,986.4258403142957,0.07654270276441798,0.13698114762625802,0.0,70.4335714285715,0.0706327557999273,47782.5,0.8963532674096165,0.0,0.18264862602305704,0.12914016189030214,0.2159944074290976,0.5265205889232191,0.5481677319584413,0.0556809757848541,0,-1,0.0,0.0,0.0,-0.0363844772130627,0.0,0.0,0.0,0.0,0.0013238301820678,0.0,0.12914016189030214,0.3204232978978285,0.3204232978978285,0.3204232978978285,0.30170666921815936,0.0,0.0,0.0,0.0,0.0,-30.81187264883465,-31.28530909342635,-31.434527114073262,-30.373905539440784,-34.53713248777058,64.87500000000007,62.10928571428577,59.02714285714291,57.56714285714291,66.5471428571429,0.07336251358798061,0.06878073579007472,0.06250919181712754,0.12755102018675513,0.18095335499558352,0.0,0.0,0.0,0.0363844772130627,3,12,4,2022,1,0,1,0,0,0,1,0,-1,0,0.0894591748506252,0,-0.2659914319784475,-0.2659914319784475,0.12914016189030214,0.0,0.0,0.0
2022-12-02,997.18,997.18,1089.9,1050.0,2490.0,0.0,0.0,0.0,0.0,0.0,0.0,0.1291401618903018,SEPLAT,997.18,999.3642916546612,1008.265,1007.4633819706148,1023.3055,1027.5174985958054,1095.9542000000001,1086.6157811631308,-0.02553049895656781,-0.09012621147854552,-29.18119503910225,-30.831223643718083,1.6500286046158337,1023.3055,1063.458071904244,983.152928095756,0.07847621634838077,0.1746721472499415,0.0,73.54714285714293,0.07375513233031442,47243.0,0.0527062210274538,0.0,0.18264862602305704,0.12914016189030214,0.2159944074290976,0.4516725950463134,0.46663844097778573,0.06560890707234977,0,-1,0.0,0.0,0.0,0.0,0.0,0.0,0.0,0.0,0.0,0.0,0.12914016189030214,0.12914016189030214,0.3204232978978285,0.3204232978978285,0.30170666921815936,0.0,0.0,0.0,0.0,0.0,-30.089814207643713,-30.81187264883465,-31.28530909342635,-31.16775408422177,-33.24603936940571,70.4335714285715,64.87500000000007,62.10928571428577,57.09000000000005,67.5421428571429,0.07654270276441798,0.07336251358798061,0.06878073579007472,0.1047074046755603,0.17565962946273478,0.0,0.0,0.0,0.0,4,12,4,2022,0,0,2,0,0,0,0,1,-1,0,0.0894591748506252,0,-0.2659914319784475,-0.2659914319784475,0.12914016189030214,0.0,0.0,0.0
2022-12-05,997.18,997.18,1045.0,1000.0,2010.0,0.0,0.0,0.0,0.0,0.0,0.0,0.1291401618903018,SEPLAT,997.18,998.6361944364409,1004.57,1005.5936761577757,1020.9309999999999,1024.6282130152524,1092.1554,1083.1084956273216,-0.023264059960957182,-0.0869614342427828,-28.136764692933184,-30.292331853561105,2.155567160627921,1020.9309999999999,1061.3795970871047,980.4824029128952,0.07923864999124282,0.20640514491945222,0.0,73.4535714285715,0.07366129628409264,44503.0,0.04516549446104757,0.0,0.18264862602305704,0.12914016189030214,0.2159944074290976,0.3385912937344223,0.3796015599281569,0.07296068425303984,0,-1,0.0,0.0,0.0,0.0,0.0,0.0,0.0,0.0,0.0,0.0,0.12914016189030214,0.12914016189030214,0.12914016189030214,0.3204232978978285,0.30170666921815936,0.0,0.0,0.0,0.0,0.0,-29.18119503910225,-30.089814207643713,-30.81187264883465,-31.434527114073262,-31.855626933428766,73.54714285714293,70.4335714285715,64.87500000000007,59.02714285714291,65.7514285714286,0.07847621634838077,0.07654270276441798,0.07336251358798061,0.06250919181712754,0.1676377864127966,0.0,0.0,0.0,0.0,0,12,4,2022,0,0,5,1,0,0,0,0,-1,0,0.0894591748506252,0,-0.2659914319784475,-0.2659914319784475,0.12914016189030214,0.0,0.0,0.0
2022-12-06,997.18,997.18,1050.0,950.0,7090.0,0.0,0.0,0.0,0.0,0.0,0.0,0.1291401618903018,SEPLAT,997.18,998.1507962909607,1000.875,1004.0639168563619,1018.5565,1022.0140974899903,1088.3566,1079.73875070076,-0.020987053737323437,-0.08377456432937525,-26.997831918095017,-29.633431866467888,2.635599948372871,1018.5565,1058.7120597644853,978.4009402355149,0.07884797704297246,0.2338288878878216,0.0,76.73714285714291,0.07695415357021092,42334.0,0.1674776775168895,0.0,0.18264862602305704,0.12914016189030214,0.2159944074290976,0.5415429128932441,0.5733224357435636,0.07846380912678246,0,-1,0.0,0.0,0.0,0.0,0.0,0.0,0.0,0.0,0.0,0.0,0.12914016189030214,0.12914016189030214,0.12914016189030214,0.3204232978978285,0.30170666921815936,0.0,0.0,0.0,0.0,0.0,-28.136764692933184,-29.18119503910225,-30.089814207643713,-31.28530909342635,-30.403245373236587,73.4535714285715,73.54714285714293,70.4335714285715,62.10928571428577,62.62071428571432,0.07923864999124282,0.07847621634838077,0.07654270276441798,0.06878073579007472,0.15638677621040006,0.0,0.0,0.0,0.0,1,12,4,2022,0,0,6,0,1,0,0,0,-1,0,0.0894591748506252,0,-0.2659914319784475,-0.2659914319784475,0.12914016189030214,0.0,0.0,0.0
2022-12-07,997.18,997.18,1000.0,952.0,2170.0,0.0,0.0,0.0,0.0,0.0,0.0,0.1291401618903018,SEPLAT,997.18,997.8271975273071,997.18,1002.8122956097507,1016.182,1019.6489453480865,1084.5578,1076.5011526340634,-0.018699406208730392,-0.08056536959118278,-25.79783806979617,-28.866313107133543,3.0684750373373717,1016.182,1055.442271924403,976.921728075597,0.07727015814962873,0.2579996384565412,0.0,76.33500000000005,0.07655087346316618,42305.5,0.05129356703029157,0.0,0.18264862602305704,0.12914016189030214,0.2159944074290976,0.5645611992566167,0.6120883357878083,0.08248910458518356,0,-1,0.0,0.0,0.0,0.0,0.0,0.0,0.0,0.0,0.0,0.0,0.12914016189030214,0.12914016189030214,0.12914016189030214,0.12914016189030214,0.30170666921815936,0.0,0.0,0.0,0.0,0.0,-26.997831918095017,-28.136764692933184,-29.18119503910225,-30.81187264883465,-28.91886386171018,76.73714285714291,73.4535714285715,73.54714285714293,64.87500000000007,61.592142857142896,0.07884797704297246,0.07923864999124282,0.07847621634838077,0.07336251358798061,0.14104278055866887,0.0,0.0,0.0,0.0,2,12,4,2022,0,0,7,0,0,1,0,0,-1,0,0.0894591748506252,0,-0.2659914319784475,-0.2659914319784475,0.12914016189030214,0.0,0.0,0.0
2022-12-08,997.18,997.18,999.9,945.1,2530.0,0.0,0.0,0.0,0.0,0.0,0.0,0.1291401618903018,SEPLAT,997.18,997.6114650182049,997.18,1001.7882418625231,1013.8075000000001,1017.5090457911259,1080.759,1073.3905191974334,-0.016401042604242095,-0.07733361461713487,-24.563679492698384,-28.005786384246512,3.4421068915481285,1013.8075000000001,1051.5273743509538,976.0876256490463,0.07441230085781317,0.2795923198829572,0.0,76.3971428571429,0.07661319205874857,39028.0,0.06482525366403608,0.0,0.0,0.12914016189030214,0.2159944074290976,0.5867906392680168,0.6442031837516781,0.08622228553302011,0,-1,0.0,0.0,0.0,0.0,-0.0363844772130627,0.0,0.0,0.0,0.0,0.0013238301820678,0.12914016189030214,0.12914016189030214,0.12914016189030214,0.12914016189030214,0.3204232978978285,0.0,0.0,0.0,0.0,0.0,-25.79783806979617,-26.997831918095017,-28.136764692933184,-30.089814207643713,-30.373905539440784,76.33500000000005,76.73714285714291,73.4535714285715,70.4335714285715,57.56714285714291,0.07727015814962873,0.07884797704297246,0.07923864999124282,0.07654270276441798,0.12755102018675513,0.0,0.0,0.0,0.0,3,12,4,2022,0,0,8,0,0,0,1,0,-1,0,0.0894591748506252,0,-0.2659914319784475,-0.2659914319784475,0.12914016189030214,0.0,0.0,0.0
2022-12-09,997.18,997.18,996.0,947.0,390.0,0.0,0.0,0.0,0.0,0.0,0.0,0.1291401618903018,SEPLAT,997.18,997.4676433454699,997.18,1000.9503797057007,1011.96,1015.572946191971,1076.9602,1070.4018713857693,-0.014605320368394093,-0.07407906067466563,-23.316818163146536,-27.06799274002652,3.7511745768799827,1011.96,1049.1039645872954,974.8160354127047,0.07340994621782558,0.3010443935613783,0.0,74.98857142857148,0.07520063722554753,38785.0,0.010055433801727472,0.0,0.0,0.12914016189030214,0.2159944074290976,0.6044016676839369,0.6737302028451527,0.08901002109410776,0,-1,0.0,0.0,0.0,0.0,0.0,0.0,0.0,0.0,0.0,0.0,0.12914016189030214,0.12914016189030214,0.12914016189030214,0.12914016189030214,0.3204232978978285,0.0,0.0,0.0,0.0,0.0,-24.563679492698384,-25.79783806979617,-26.997831918095017,-29.18119503910225,-31.16775408422177,76.3971428571429,76.33500000000005,76.73714285714291,73.54714285714293,57.09000000000005,0.07441230085781317,0.07727015814962873,0.07884797704297246,0.07847621634838077,0.1047074046755603,0.0,0.0,0.0,0.0,4,12,4,2022,0,0,9,0,0,0,0,1,-1,0,0.0894591748506252,0,-0.2659914319784475,-0.2659914319784475,0.12603952627971396,0.0,0.0,0.0
2022-12-12,997.18,997.18,1000.0,966.0,43110.0,0.0,0.0,0.0,0.0,0.0,0.0,0.1260395262797135,SEPLAT,997.18,997.3717622303134,997.18,1000.2648561228459,1010.1125,1013.821237030831,1073.1614000000002,1067.5304254490723,-0.012803029365540971,-0.07080146565092653,-22.07421378058416,-26.069236948138048,3.9950231675538888,1010.1125,1046.276239836284,973.9487601637157,0.07160339038727696,0.32119520742950947,0.0,73.50500000000004,0.07371287029422977,40931.0,1.053235933644426,0.0,0.0,0.12603952627971396,0.2159944074290976,0.5931551207199489,0.6525701410725362,0.09110463698765961,0,-1,0.0,0.0,0.0,0.0,0.0,0.0,0.0,0.0,0.0,0.0,0.12914016189030214,0.12914016189030214,0.12914016189030214,0.12914016189030214,0.3204232978978285,0.0,0.0,0.0,0.0,0.0,-23.316818163146536,-24.563679492698384,-25.79783806979617,-28.136764692933184,-31.434527114073262,74.98857142857148,76.3971428571429,76.33500000000005,73.4535714285715,59.02714285714291,0.07340994621782558,0.07441230085781317,0.07727015814962873,0.07923864999124282,0.06250919181712754,0.0,0.0,0.0,0.0,0,12,4,2022,0,0,12,1,0,0,0,0,-1,0,0.0894591748506252,0,-0.2659914319784475,-0.2659914319784475,0.12603952627971396,0.0,0.0,0.0
2022-12-13,997.18,997.18,1038.9,968.0,1300.0,0.0,0.0,0.0,0.0,0.0,0.0,0.1260395262797135,SEPLAT,997.18,997.3078414868756,997.18,999.7039731914194,1008.2650000000001,1012.236357313609,1069.3626,1064.771585235383,-0.010994133486732307,-0.06750058399274482,-20.84910534660412,-25.025210627831264,4.176105281227144,1008.2650000000001,1043.009997368029,973.5200026319714,0.06892036789540211,0.34048063261331174,0.0,72.45500000000006,0.07265990092059614,40940.0,0.03175378602833415,0.0,0.0,0.12603952627971396,0.2159944074290976,0.5104658062349473,0.5865722308329964,0.09236004844344269,0,-1,0.0,0.0,0.0,0.0,0.0,0.0,0.0,0.0,0.0,0.0,0.12603952627971396,0.12914016189030214,0.12914016189030214,0.12914016189030214,0.3204232978978285,0.0,0.0,0.0,0.0,0.0,-22.07421378058416,-23.316818163146536,-24.563679492698384,-26.997831918095017,-31.28530909342635,73.50500000000004,74.98857142857148,76.3971428571429,76.73714285714291,62.10928571428577,0.07160339038727696,0.07340994621782558,0.07441230085781317,0.07884797704297246,0.06878073579007472,0.0,0.0,0.0,0.0,1,12,4,2022,0,0,13,0,1,0,0,0,-1,0,0.0894591748506252,0,-0.2659914319784475,-0.2659914319784475,0.12603952627971396,0.0,0.0,0.0
2023-01-13,1044.67,1044.67,1119.9,1052.5,9490.0,0.0,0.0,0.0,0.0,0.0,0.0,0.1611674307435577,SEPLAT,1044.67,1044.1210056084642,1044.67,1039.4922488810523,1023.2994999999999,1030.9107160824078,1020.9274,1044.454121891775,0.020883915217392586,0.023255914181556925,7.55496398774585,3.758549240720134,3.7964147470257164,1023.2994999999999,1071.778981270023,974.8200187299766,0.09475130452037396,0.7204076801169746,100.0,50.330000000000005,0.0481778934974681,129435.0,0.07331865415073202,0.0,0.0,0.1611674307435577,0.21185034646108336,0.6022822419823357,0.5759413256343456,0.047162672442591494,0,-1,0.0,0.0,0.0,0.0,0.0465250297621967,0.0,0.0,0.0,0.0,0.0021645783943732,0.1611674307435577,0.1611674307435577,0.1611674307435577,0.1611674307435577,0.1611674307435577,100.0,100.0,100.0,100.0,100.0,7.405250051444909,7.10644789927278,6.6217011828744035,4.908120535446983,-7.065012780029974,46.063571428571436,43.767142857142865,41.63857142857144,43.74357142857146,48.235000000000035,0.09545012991262634,0.09519308324923165,0.09395871000979045,0.08830300085193508,0.042495278947357266,0.0,0.0,0.0,0.0,4,1,1,2023,0,0,13,0,0,0,0,1,1,0,0.0894591748506252,0,-0.2310347873452382,-0.2659914319784475,0.1611674307435577,0.0,0.0,0.0
2023-01-16,1044.67,1044.67,1044.67,1044.67,153140.0,0.0,0.0,0.0,0.0,0.0,0.0,0.1611674307435577,SEPLAT,1044.67,1044.3040037389762,1044.67,1040.4336581754064,1025.674,1032.2211240745594,1020.9274,1044.4625876999407,0.018520504565778303,0.023255914181556925,7.58616477558553,4.524072347693213,3.062092427892317,1025.674,1073.4132930514543,977.9347069485457,0.09308862865092475,0.6989556064385564,100.0,46.56428571428571,0.04457320083307236,137080.5,1.1171537891968588,0.0,0.0,0.1611674307435577,0.21185034646108336,0.4896983431177985,0.39131725298878123,0.047545855074880856,0,-1,0.0,0.0,0.0,0.0,0.0,0.0,0.0,0.0,0.0,0.0,0.1611674307435577,0.1611674307435577,0.1611674307435577,0.1611674307435577,0.1611674307435577,100.0,100.0,100.0,100.0,100.0,7.55496398774585,7.405250051444909,7.10644789927278,5.906672447647679,-3.401404405894368,50.330000000000005,46.063571428571436,43.767142857142865,46.27428571428573,44.320714285714324,0.09475130452037396,0.09545012991262634,0.09519308324923165,0.09169341110387562,0.05835588582487275,0.0,0.0,0.0,0.0,0,1,1,2023,0,0,16,1,0,0,0,0,1,0,0.0894591748506252,0,-0.2310347873452382,-0.2659914319784475,0.1611674307435577,0.0,0.0,0.0
2023-01-17,1044.67,1044.67,1128.0,1098.8,390.0,0.0,0.0,0.0,0.0,0.0,0.0,0.1611674307435577,SEPLAT,1044.67,1044.426002492651,1044.67,1041.2039021435144,1028.0485,1033.4067313055539,1020.9273999999999,1044.4707215156293,0.016168011528638938,0.023255914181557036,7.524157817048717,5.124089441564314,2.4000683754844037,1028.0485,1074.527958858613,981.5690411413873,0.09042269670859461,0.6788047925704275,100.0,48.75071428571427,0.04666613790547662,136980.0,0.0028471309680245293,0.0,0.0,0.1611674307435577,0.21185034646108336,0.5023034256899328,0.4501977946996808,0.047864631531212336,0,-1,0.0,0.0,0.0,0.0,0.0,0.0,0.0,0.0,0.0,0.0,0.1611674307435577,0.1611674307435577,0.1611674307435577,0.1611674307435577,0.1611674307435577,100.0,100.0,100.0,100.0,100.0,7.58616477558553,7.55496398774585,7.405250051444909,6.6217011828744035,-0.4922935212480297,46.56428571428571,50.330000000000005,46.063571428571436,41.63857142857144,48.05785714285719,0.09308862865092475,0.09475130452037396,0.09545012991262634,0.09395871000979045,0.06929317713145308,0.0,0.0,0.0,0.0,1,1,1,2023,0,0,17,0,1,0,0,0,1,0,0.0894591748506252,0,-0.2310347873452382,-0.2659914319784475,0.1611674307435577,0.0,0.0,0.0
2023-01-18,1044.67,1044.67,1205.0,1100.0,3240.0,0.0,0.0,0.0,0.0,0.0,0.0,0.1611674307435577,SEPLAT,1044.67,1044.5073349951008,1044.67,1041.8341017537844,1030.4230000000002,1034.4794235621678,1020.9274,1044.4785363581536,0.013826360630537013,0.023255914181556925,7.389831478399628,5.577237848931377,1.8125936294682514,1030.4230000000002,1075.0790196213352,985.7669803786652,0.08667512200588498,0.6595193673866222,100.0,60.20285714285712,0.0576285881118986,137012.5,0.023647477419943434,0.0,0.0,0.1611674307435577,0.21185034646108336,0.4888398724624555,0.4413506922126173,0.04812028181940163,0,-1,0.0,0.0,0.0,0.0,0.0,0.0,0.0,0.0,0.0,0.0,0.1611674307435577,0.1611674307435577,0.1611674307435577,0.1611674307435577,0.1611674307435577,100.0,100.0,100.0,100.0,100.0,7.524157817048717,7.58616477558553,7.55496398774585,7.10644789927278,1.7925345908965937,48.75071428571427,46.56428571428571,50.330000000000005,43.767142857142865,49.55071428571433,0.09042269670859461,0.09308862865092475,0.09475130452037396,0.09519308324923165,0.0774407895124743,0.0,0.0,0.0,0.0,2,1,1,2023,0,0,18,0,0,1,0,0,1,0,0.0894591748506252,0,-0.2310347873452382,-0.2659914319784475,0.1611674307435577,0.0,0.0,0.0
2023-02-15,1258.35,1258.35,1258.35,1258.35,892880.0,0.0,0.0,0.0,0.0,0.0,0.0,0.4444524055587494,SEPLAT,1258.35,1255.2482450412253,1258.35,1232.126817534407,1156.733,1182.0870763962546,1074.2984,1117.7834322291885,0.08784827613632529,0.17132260459477555,60.60117481877387,52.63446175336623,7.966713065407639,1156.733,1370.1468535531865,943.3191464468133,0.36899414740166764,0.7380749850774688,100.0,88.67999999999996,0.07047323876504945,157901.5,5.654664458539026,0.0,0.4557933299460891,0.44445240555874926,0.2865646278495561,0.3601328571729734,0.23953587414177033,0.16448668531536356,1,-1,0.0,0.0,0.0,0.0,0.0953040882579554,0.0,0.0,0.0,0.0,0.0090828692386801,0.44445240555874926,0.44445240555874926,0.44445240555874926,0.44445240555874926,0.33014304606361444,100.0,100.0,100.0,100.0,100.0,61.64757353380196,62.08646682412814,61.74357837906632,57.82429176317373,12.990059976625389,100.48928571428567,112.29857142857138,116.78642857142852,134.20857142857136,134.88714285714283,0.3723903047852156,0.37186114412309484,0.3671608429818387,0.34336370560667756,0.08899179666104189,0.0,0.0,0.0,0.0,2,2,1,2023,0,0,15,0,0,1,0,0,1,0,0.0894591748506252,0,-0.07374828860394252,-0.2310347873452382,0.44445240555874926,0.0,0.0,0.0
2023-02-16,1258.35,1258.35,1325.0,1325.0,800.0,0.0,0.0,0.0,0.0,0.0,0.0,0.4444524055587494,SEPLAT,1258.35,1256.2821633608169,1258.35,1236.8946688917877,1167.417,1189.3502119775637,1079.5218,1123.2958466515731,0.07789247543936742,0.16565501502609759,59.09073508684287,53.92571642006156,5.165018666781307,1167.417,1378.5921270341623,956.2418729658375,0.36178182608984183,0.7153023447342108,100.0,81.63142857142854,0.06487179923823146,157935.0,0.0050653749960426755,0.0,0.0,0.44445240555874926,0.2865646278495561,0.3601328571729734,0.23953587414177033,0.16511434704262426,1,-1,0.0,0.0,0.0,0.0,0.0907962046492261,0.0,0.0,0.0,0.0,0.0082439507787041,0.44445240555874926,0.44445240555874926,0.44445240555874926,0.44445240555874926,0.44445240555874926,100.0,100.0,100.0,100.0,100.0,60.60117481877387,61.64757353380196,62.08646682412814,60.40783962367368,27.858877144596136,88.67999999999996,100.48928571428567,112.29857142857138,122.76357142857137,137.31499999999997,0.36899414740166764,0.3723903047852156,0.37186114412309484,0.3578768009226428,0.1963759809121921,0.0,0.0,0.0,0.0,3,2,1,2023,0,0,16,0,0,0,1,0,1,0,0.0894591748506252,0,-0.07374828860394252,-0.2310347873452382,0.44445240555874926,0.0,0.0,0.0
2023-02-17,1258.35,1258.35,1329.9,1300.0,1280.0,0.0,0.0,0.0,0.0,0.0,0.0,0.4444524055587494,SEPLAT,1258.35,1256.9714422405445,1258.35,1240.7956381841898,1178.101,1195.921620360653,1084.7451999999998,1128.5920879593546,0.06811724970948993,0.16004200802179175,57.23394344402686,54.587361824854625,2.646581619172238,1178.101,1384.7000091075233,971.5019908924769,0.35073225318970647,0.6942143874422813,100.0,74.93285714285716,0.05954850172277758,157919.5,0.008105395470477048,0.0,0.0,0.44445240555874926,0.2865646278495561,0.35543963261692174,0.23111123789661187,0.16458274788208285,1,-1,0.0,0.0,0.0,0.0,0.0,0.0,0.0,0.0,0.0,0.0,0.44445240555874926,0.44445240555874926,0.44445240555874926,0.44445240555874926,0.44445240555874926,100.0,100.0,100.0,100.0,100.0,59.09073508684287,60.60117481877387,61.64757353380196,61.74357837906632,39.19075524321033,81.63142857142854,88.67999999999996,100.48928571428567,116.78642857142852,145.88642857142852,0.36178182608984183,0.36899414740166764,0.3723903047852156,0.3671608429818387,0.2542421947834403,0.0,0.0,0.0,0.0,4,2,1,2023,0,0,17,0,0,0,0,1,1,0,0.0894591748506252,0,-0.07374828860394252,-0.2310347873452382,0.44445240555874926,0.0,0.0,0.0
2023-02-20,1258.35,1258.35,1258.35,1258.35,133150.0,0.0,0.0,0.0,0.0,0.0,0.0,0.4444524055587494,SEPLAT,1258.35,1257.4309614936965,1258.35,1243.987340332519,1188.785,1201.867180326305,1089.9686,1133.680633529576,0.05851773028764648,0.15448279886227914,55.126953485193326,54.69528015692237,0.4316733282709535,1188.785,1388.3097396875094,989.2602603124908,0.3356784274490497,0.6743267529353774,100.0,63.123571428571445,0.050163763204650096,164554.0,0.809156872516013,0.0,0.0,0.44445240555874926,0.2865646278495561,0.09695120344203409,0.051050021634504054,0.1628805376628856,1,-1,0.0,0.0,0.0,0.0,0.0,0.0,0.0,0.0,0.0,0.0,0.44445240555874926,0.44445240555874926,0.44445240555874926,0.44445240555874926,0.44445240555874926,100.0,100.0,100.0,100.0,100.0,57.23394344402686,59.09073508684287,60.60117481877387,62.08646682412814,47.62238902140416,74.93285714285716,81.63142857142854,88.67999999999996,112.29857142857138,139.93428571428566,0.35073225318970647,0.36178182608984183,0.36899414740166764,0.37186114412309484,0.2939347738307608,0.0,0.0,0.0,0.0,0,2,1,2023,0,0,20,1,0,0,0,0,1,0,0.0894591748506252,0,-0.07374828860394252,-0.2310347873452382,0.44445240555874926,0.0,0.0,0.0
2023-02-21,1258.35,1258.35,1258.35,1258.35,244440.0,0.0,0.0,0.0,0.0,0.0,0.0,0.4444524055587494,SEPLAT,1258.35,1257.7373076624644,1258.35,1246.5987329993336,1199.4689999999998,1207.2464964857047,1095.192,1138.569628293122,0.04908922198072655,0.14897661779852292,52.84795048627598,54.32581422279309,-1.477863736517115,1199.4689999999998,1389.1420023682028,1009.7959976317968,0.3162616163789194,0.6552171349238656,100.0,55.662142857142875,0.04423422963177405,176239.0,1.386980180323311,0.0,0.0,0.44445240555874926,0.2865646278495561,0.09695120344203409,0.051050021634504054,0.15997035208473007,1,-1,0.0,0.0,0.0,0.0,0.0,0.0,0.0,0.0,0.0,0.0,0.44445240555874926,0.44445240555874926,0.44445240555874926,0.44445240555874926,0.44445240555874926,100.0,100.0,100.0,100.0,100.0,55.126953485193326,57.23394344402686,59.09073508684287,61.64757353380196,53.685664613762356,63.123571428571445,74.93285714285716,81.63142857142854,100.48928571428567,137.63928571428568,0.3356784274490497,0.35073225318970647,0.36178182608984183,0.3723903047852156,0.3226085526180205,0.0,0.0,0.0,0.0,1,2,1,2023,0,0,21,0,1,0,0,0,1,0,0.0894591748506252,0,-0.07374828860394252,-0.2310347873452382,0.44445240555874926,0.0,0.0,0.0
2023-03-17,1139.64,1139.64,1150.0,1120.0,59590.0,0.0,0.0,0.0,0.0,0.0,0.0,0.3432540736722402,SEPLAT,1139.64,1141.0119941057114,1139.64,1152.3795232026816,1193.0594999999998,1170.6841945896153,1157.3981999999999,1157.7913093759216,-0.04477521867098812,-0.015343206858278995,-14.945392210907812,-4.611701506310482,-10.33369070459733,1193.0594999999998,1314.2428906414916,1071.876109358508,0.2031472707630957,0.27959231988302885,0.0,84.04785714285713,0.07374947978559643,113137.5,0.5267042315766214,0.0,0.0,0.34325407367224003,0.34348299138513255,0.5006819038061323,0.548700292808496,0.052889631205975667,1,-1,0.0,0.0,0.0,0.0,-0.0990889159175517,0.0,0.0,0.0,0.0,0.0098186132577156,0.34325407367224003,0.34325407367224003,0.34325407367224003,0.34325407367224003,0.34325407367224003,0.0,0.0,0.0,0.0,0.0,-14.313153439615917,-13.297995539681779,-11.808859521370323,-6.949602109767056,24.393559693784937,90.455,85.31214285714285,87.29,76.71857142857144,52.97571428571431,0.20315996342941967,0.20114585968483953,0.1971038147704816,0.18258373498627706,0.08477820389623406,0.0,0.0,0.0,0.0,4,3,1,2023,0,0,17,0,0,0,0,1,-1,0,0.0894591748506252,0,-0.161128858922078,-0.161128858922078,0.34325407367224003,0.0,0.0,0.0
2023-03-20,1139.64,1139.64,1180.0,1099.0,2970.0,0.0,0.0,0.0,0.0,0.0,0.0,0.3432540736722402,SEPLAT,1139.64,1140.554662737141,1139.64,1150.0632462567394,1187.124,1167.7276046286997,1159.2975999999999,1157.079493321964,-0.039999191322894596,-0.016956474334113843,-15.270418117636154,-6.743444828575616,-8.526973289060539,1187.124,1306.4571538879372,1067.7908461120628,0.20104581136922042,0.30104439356144497,0.0,83.255,0.07305377136639639,106628.5,0.027853716407902202,0.0,0.0,0.34325407367224003,0.34348299138513255,0.5228998769991313,0.5698485760013937,0.0518260111322558,1,-1,0.0,0.0,0.0,0.0,0.0,0.0,0.0,0.0,0.0,0.0,0.34325407367224003,0.34325407367224003,0.34325407367224003,0.34325407367224003,0.34325407367224003,0.0,0.0,0.0,0.0,0.0,-14.945392210907812,-14.313153439615917,-13.297995539681779,-9.736415228596343,14.975000749455376,84.04785714285713,90.455,85.31214285714285,81.71857142857144,58.47571428571431,0.2031472707630957,0.20315996342941967,0.20114585968483953,0.1909661786774323,0.11725241116074477,0.0,0.0,0.0,0.0,0,3,1,2023,0,0,20,1,0,0,0,0,-1,0,0.0894591748506252,0,-0.161128858922078,-0.161128858922078,0.34325407367224003,0.0,0.0,0.30217579072145345
2023-03-21,1139.64,1139.64,1179.0,1100.0,920.0,0.0,0.0,0.0,0.0,0.0,0.0,0.3432540736722402,SEPLAT,1139.64,1140.249775158094,1139.64,1148.1681105736957,1181.1885,1165.0525946640619,1161.197,1156.3955916230636,-0.03517516467524013,-0.01856446408318295,-15.351046185669702,-8.464965099994433,-6.8860810856752686,1181.1885,1297.3724663319838,1065.0045336680162,0.19672383591947232,0.32119520742957214,0.0,81.61928571428571,0.07161848102408279,94452.5,0.00974034567639819,0.0,0.0,0.34325407367224003,0.34348299138513255,0.5249293206444018,0.5717535353283065,0.05025724441792394,1,-1,0.0,0.0,0.0,0.0,0.0,0.0,0.0,0.0,0.0,0.0,0.34325407367224003,0.34325407367224003,0.34325407367224003,0.34325407367224003,0.34325407367224003,0.0,0.0,0.0,0.0,0.0,-15.270418117636154,-14.945392210907812,-14.313153439615917,-11.808859521370323,7.42513262213788,83.255,84.04785714285713,90.455,87.29,66.54000000000003,0.20104581136922042,0.2031472707630957,0.20315996342941967,0.1971038147704816,0.14022601379571376,0.0,0.0,0.0,0.0,1,3,1,2023,0,0,21,0,1,0,0,0,-1,0,0.0894591748506252,0,-0.161128858922078,-0.161128858922078,0.34325407367224003,0.0,0.0,0.30217579072145345
2023-03-22,1139.64,1139.64,1126.9,1098.0,800.0,0.0,0.0,0.0,0.0,0.0,0.0,0.3432540736722402,SEPLAT,1139.64,1140.0465167720627,1139.64,1146.6175450148419,1175.2530000000002,1162.632347553199,1163.0964,1155.73850959863,-0.03030241148076206,-0.020167201961935232,-15.239275627169945,-9.819827205429537,-5.419448421740409,1175.2530000000002,1286.878944182958,1063.6270558170422,0.18996070494260883,0.3404806326133762,0.0,77.13642857142857,0.06768490801606522,53170.0,0.015046078615760768,0.0,0.0,0.34325407367224003,0.34348299138513255,0.5260921343995993,0.5747345411714264,0.04813396564704437,1,-1,0.0,0.0,0.0,0.0,0.0,0.0,0.0,0.0,0.0,0.0,0.34325407367224003,0.34325407367224003,0.34325407367224003,0.34325407367224003,0.34325407367224003,0.0,0.0,0.0,0.0,0.0,-15.351046185669702,-15.270418117636154,-14.945392210907812,-13.297995539681779,1.4253768799701447,81.61928571428571,83.255,84.04785714285713,85.31214285714285,68.19357142857145,0.19672383591947232,0.20104581136922042,0.2031472707630957,0.20114585968483953,0.15783975503288922,0.0,0.0,0.0,0.0,2,3,1,2023,0,0,22,0,0,1,0,0,-1,0,0.0894591748506252,0,-0.161128858922078,-0.161128858922078,0.34325407367224003,0.0,0.0,0.30217579072145345
2023-04-03,1092.15,1092.15,1150.0,1100.0,102360.0,0.0,0.0,0.0,0.0,0.0,0.0,0.1474466881041736,SEPLAT,1092.15,1096.3350797582152,1111.1460000000002,1107.7974717621275,1125.3930000000003,1128.5242489934865,1172.5928,1141.1951797960455,-0.029539014370979878,-0.06860250207915299,-23.74797602738181,-19.603593741624806,-4.144382285757004,1125.3930000000003,1170.0490196213364,1080.7369803786642,0.07936075596940106,0.12778814276455278,0.0,53.47357142857142,0.04896174648955859,66006.5,1.5507563649034566,0.0,0.21367055072954677,0.14744668810417358,0.34288383293320157,0.41223458731585927,0.4118036332219917,0.04517057385328319,0,-1,0.0,0.0,0.0,-0.0425641925340317,0.0,0.0,0.0,0.0,0.0018117104860741,0.0,0.3667461210310932,0.3667461210310932,0.3667461210310932,0.3667461210310932,0.34325407367224003,0.0,0.0,0.0,0.0,0.0,-23.582123356614147,-23.027422335283518,-21.984477797726413,-17.93055325337241,-15.270418117636154,54.91285714285714,57.20928571428572,60.409285714285716,68.31642857142857,83.255,0.07483097767433486,0.06898065827554499,0.11633499221975925,0.1584324240173877,0.20104581136922042,0.0,0.0,0.0,0.0425641925340317,0,4,2,2023,0,0,3,1,0,0,0,0,-1,0,0.0894591748506252,0,-0.1960855035552872,-0.1960855035552872,0.14744668810417358,0.0,0.0,0.0
2023-04-04,1092.15,1092.15,1187.9,1100.0,292970.0,0.0,0.0,0.0,0.0,0.0,0.0,0.1474466881041736,SEPLAT,1092.15,1094.9400531721435,1106.3970000000002,1104.952476896286,1123.0185,1125.0600348036305,1173.5423999999998,1139.2718394118867,-0.02748708057792442,-0.06935616471974063,-23.607285373112973,-20.40433206792244,-3.2029533051905332,1123.0185,1169.4979588586136,1076.5390411413862,0.0827759451133062,0.16793395665492822,0.0,57.53000000000001,0.05267591448061164,80377.5,3.6449255077602563,0.0,0.21367055072954677,0.14744668810417358,0.34288383293320157,0.4350755832084045,0.42812033764880897,0.061587890272714954,0,-1,0.0,0.0,0.0,0.0,0.0,0.0,0.0,0.0,0.0,0.0,0.14744668810417358,0.3667461210310932,0.3667461210310932,0.3667461210310932,0.34325407367224003,0.0,0.0,0.0,0.0,0.0,-23.74797602738181,-23.582123356614147,-23.027422335283518,-20.333527092732083,-15.351046185669702,53.47357142857142,54.91285714285714,57.20928571428572,67.47357142857143,81.61928571428571,0.07936075596940106,0.07483097767433486,0.06898065827554499,0.1424309396803526,0.19672383591947232,0.0,0.0,0.0,0.0,1,4,2,2023,0,0,4,0,1,0,0,0,-1,0,0.0894591748506252,0,-0.1960855035552872,-0.1960855035552872,0.14744668810417358,0.0,0.0,0.0
2023-04-05,1092.15,1092.15,1163.4,1101.2,299430.0,0.0,0.0,0.0,0.0,0.0,0.0,0.1474466881041736,SEPLAT,1092.15,1094.0100354480958,1101.6480000000001,1102.624753824234,1120.644,1121.9257457747133,1174.492,1137.4239241408322,-0.025426451219120356,-0.07010860865804099,-23.22802875939101,-20.969071406216152,-2.258957353174857,1120.644,1168.3832930514552,1072.9047069485448,0.08519974773693556,0.20156659034217358,0.0,57.47642857142858,0.052626863133661654,95284.0,3.142500314848243,0.0,0.21367055072954677,0.14744668810417358,0.34288383293320157,0.4941373051368983,0.5514743813890086,0.07323374735182635,0,-1,0.0,0.0,0.0,0.0,0.0,0.0,0.0,0.0,0.0,0.0,0.14744668810417358,0.14744668810417358,0.3667461210310932,0.3667461210310932,0.34325407367224003,0.0,0.0,0.0,0.0,0.0,-23.607285373112973,-23.74797602738181,-23.582123356614147,-21.984477797726413,-15.239275627169945,57.53000000000001,53.47357142857142,54.91285714285714,60.409285714285716,77.13642857142857,0.0827759451133062,0.07936075596940106,0.07483097767433486,0.11633499221975925,0.18996070494260883,0.0,0.0,0.0,0.0,2,4,2,2023,0,0,5,0,0,1,0,0,-1,0,0.0894591748506252,0,-0.1960855035552872,-0.1960855035552872,0.14744668810417358,0.0,0.0,0.0
2023-04-12,1092.15,1092.15,1092.15,1092.15,107380.0,0.0,0.0,0.0,0.0,0.0,0.0,0.1474466881041736,SEPLAT,1092.15,1092.701121614251,1092.15,1097.8871115986974,1113.5205,1114.2028928051784,1177.3408,1132.3037259518946,-0.019191833468714756,-0.0723586577480368,-21.170088371293105,-21.38628368641971,0.21619531512660473,1113.5205,1161.9999812700244,1065.0410187299758,0.08707425012835288,0.2795923198830332,0.0,55.162142857142854,0.050507844945422195,102902.0,1.0435171328059707,0.0,0.0,0.14744668810417358,0.34288383293320157,0.520224078844612,0.541017180766744,0.094752723135861,0,-1,0.0,0.0,0.0,0.0,-0.0425641925340317,0.0,0.0,0.0,0.0,0.0018117104860741,0.14744668810417358,0.14744668810417358,0.14744668810417358,0.14744668810417358,0.3667461210310932,0.0,0.0,0.0,0.0,0.0,-21.96768727102085,-22.666183506367815,-23.22802875939101,-23.74797602738181,-17.93055325337241,60.805,60.894285714285715,57.47642857142858,53.47357142857142,68.31642857142857,0.08732669640158786,0.08670446841306867,0.08519974773693556,0.07936075596940106,0.1584324240173877,0.0,0.0,0.0,0.0,2,4,2,2023,0,0,12,0,0,1,0,0,-1,0,0.0894591748506252,0,-0.1960855035552872,-0.1960855035552872,0.14744668810417358,0.0,0.0,0.06560887620523206
2023-04-13,1092.15,1092.15,1173.0,1120.0,31250.0,0.0,0.0,0.0,0.0,0.0,0.0,0.1474466881041736,SEPLAT,1092.15,1092.5174144095008,1092.15,1096.8440003989342,1111.1460000000002,1112.1026172999234,1178.2903999999999,1130.7290700322126,-0.01709586318989592,-0.07310625631847614,-20.303934380095598,-21.169813825154886,0.8658794450592886,1111.1460000000002,1158.8852930514556,1063.4067069485448,0.0859280293524981,0.3010443935614484,0.0,57.962857142857125,0.05307224936396751,104288.0,0.29965096655415774,0.0,0.0,0.14744668810417358,0.34288383293320157,0.4495113727307839,0.4722283554388936,0.0990852976599487,0,-1,0.0,0.0,0.0,0.0,0.0,0.0,0.0,0.0,0.0,0.0,0.14744668810417358,0.14744668810417358,0.14744668810417358,0.14744668810417358,0.3667461210310932,0.0,0.0,0.0,0.0,0.0,-21.170088371293105,-21.96768727102085,-22.666183506367815,-23.607285373112973,-20.333527092732083,55.162142857142854,60.805,60.894285714285715,57.53000000000001,67.47357142857143,0.08707425012835288,0.08732669640158786,0.08670446841306867,0.0827759451133062,0.1424309396803526,0.0,0.0,0.0,0.0,3,4,2,2023,0,0,13,0,0,0,1,0,-1,0,0.0894591748506252,0,-0.1960855035552872,-0.1960855035552872,0.14744668810417358,0.0,0.0,0.06560887620523206
2023-04-14,1092.15,1092.15,1173.4,1120.0,1840.0,0.0,0.0,0.0,0.0,0.0,0.0,0.1474466881041736,SEPLAT,1092.15,1092.3949429396673,1092.15,1095.9905457809461,1108.7715,1110.202368033264,1177.1508000000001,1129.2161653250669,-0.014990915621478338,-0.07220893024071344,-19.393939835651963,-20.8146390272543,1.4206991916023384,1108.7715,1155.250958858614,1062.292041141386,0.08383956272074805,0.32119520742957686,0.0,59.50642857142855,0.05448558217408648,104297.0,0.01764192642166122,0.0,0.0,0.14744668810417358,0.34288383293320157,0.4319894045222862,0.4534390406567704,0.102348131003933,0,-1,0.0,0.0,0.0,0.0,0.0,0.0,0.0,0.0,0.0,0.0,0.14744668810417358,0.14744668810417358,0.14744668810417358,0.14744668810417358,0.3667461210310932,0.0,0.0,0.0,0.0,0.0,-20.303934380095598,-21.170088371293105,-21.96768727102085,-23.22802875939101,-21.984477797726413,57.962857142857125,55.162142857142854,60.805,57.47642857142858,60.409285714285716,0.0859280293524981,0.08707425012835288,0.08732669640158786,0.08519974773693556,0.11633499221975925,0.0,0.0,0.0,0.0,4,4,2,2023,0,0,14,0,0,0,0,1,-1,0,0.0894591748506252,0,-0.1960855035552872,-0.1960855035552872,0.14744668810417358,0.0,0.0,0.06560887620523206
2023-04-17,1092.15,1092.15,1150.0,1040.0,68250.0,0.0,0.0,0.0,0.0,0.0,0.0,0.1474466881041736,SEPLAT,1092.15,1092.3132952931117,1092.15,1095.2922647298649,1106.3970000000002,1108.4830948872388,1173.8268,1127.76259021428,-0.012876932963484236,-0.06958164526487208,-18.45996758760475,-20.343704739324394,1.883737151719643,1106.3970000000002,1151.0530196213365,1061.7409803786638,0.0807233201488007,0.3404806326133806,0.0,61.792142857142835,0.0565784396439526,107669.5,0.6338842476281584,0.0,0.0,0.14744668810417358,0.34288383293320157,0.5616061419513727,0.5557039380874328,0.10464133822048491,0,-1,0.0,0.0,0.0,0.0,0.0,0.0,0.0,0.0,0.0,0.0,0.14744668810417358,0.14744668810417358,0.14744668810417358,0.14744668810417358,0.3667461210310932,0.0,0.0,0.0,0.0,0.0,-19.393939835651963,-20.303934380095598,-21.170088371293105,-22.666183506367815,-23.027422335283518,59.50642857142855,57.962857142857125,55.162142857142854,60.894285714285715,57.20928571428572,0.08383956272074805,0.0859280293524981,0.08707425012835288,0.08670446841306867,0.06898065827554499,0.0,0.0,0.0,0.0,0,4,2,2023,0,0,17,1,0,0,0,0,-1,0,0.0894591748506252,0,-0.1960855035552872,-0.1960855035552872,0.14744668810417358,0.0,0.0,0.06560887620523206
2023-04-26,1102.29,1102.29,1149.0,1100.0,1580.0,0.0,0.0,0.0,0.0,0.0,0.0656088762052325,0.152438336119744,SEPLAT,1100.262,1100.308540943949,1096.206,1098.8981157523626,1096.5525,1105.3976131998686,1158.018,1122.8057914635463,0.0052323076186502285,-0.04812360429630633,-11.62423739996052,-15.917329036962228,4.293091637001707,1096.5525,1118.4563010400045,1074.6486989599955,0.03995030067416655,0.6309704190044718,100.0,66.3785714285714,0.06021879126960365,109402.0,0.014442149138041352,0.06560887620523206,0.04639248127074831,0.15243833611974394,0.3433044568836017,0.5071223772495533,0.5047868578568908,0.10221103091276192,0,1,0.0,0.0,0.0092416034788014,0.0,0.0,0.0,0.0,8.540723485939536e-05,0.0,0.0,0.15243833611974394,0.15243833611974394,0.15243833611974394,0.14744668810417358,0.14744668810417358,100.0,100.0,100.0,0.0,0.0,-12.847971792690032,-14.223022282425518,-15.771206401579775,-18.45996758760475,-22.666183506367815,65.58214285714283,65.38214285714284,64.31071428571427,61.792142857142835,60.894285714285715,0.053054002679885186,0.06267467793868102,0.07026549253836437,0.0807233201488007,0.08670446841306867,0.0,0.0,0.0092416034788014,0.0,2,4,2,2023,0,0,26,0,0,1,0,0,-1,0,0.0894591748506252,0,-0.18862160849146878,-0.1960855035552872,0.15243833611974394,0.0,0.0,0.0
2023-04-28,1102.29,1102.29,1225.0,1150.0,850.0,0.0,0.0,0.0,0.0,0.0,0.0,0.152438336119744,SEPLAT,1102.29,1101.409351530644,1098.234,1100.0193998011682,1095.192,1104.8338738438833,1151.7756,1121.2282604013744,0.0064810553765914615,-0.042964619149771864,-9.558009854429201,-13.783972745896973,4.225962891467772,1095.192,1104.7268923765125,1085.6571076234875,0.017412275430267053,0.872211857235253,100.0,68.45785714285714,0.062105124008071506,71989.0,0.011807359457694925,0.0,0.04639248127074831,0.15243833611974394,0.3433044568836017,0.4455702406538913,0.490174227136312,0.0949177821829977,0,-1,0.0,0.0,0.0,0.0092416034788014,0.0,0.0,0.0,0.0,8.540723485939536e-05,0.0,0.15243833611974394,0.15243833611974394,0.15243833611974394,0.15243833611974394,0.14744668810417358,100.0,100.0,100.0,100.0,0.0,-10.533001195970655,-11.62423739996052,-12.847971792690032,-15.771206401579775,-21.170088371293105,66.53214285714284,66.3785714285714,65.58214285714283,64.31071428571427,55.162142857142854,0.01646067394861765,0.03995030067416655,0.053054002679885186,0.07026549253836437,0.08707425012835288,0.0,0.0,0.0,0.0092416034788014,4,4,2,2023,0,0,28,0,0,0,0,1,-1,0,0.0894591748506252,0,-0.18862160849146878,-0.1960855035552872,0.032013853537378685,0.0,0.0,0.3702299288370683
2023-05-02,1102.29,1102.29,1200.0,1100.0,1970.0,0.0,0.0,0.0,0.0,0.0,0.0,0.0320138535373789,SEPLAT,1102.29,1101.7029010204294,1099.248,1100.4322362009557,1095.699,1104.591600144466,1148.6544000000001,1120.485583522889,0.006015338154000226,-0.04036409907105232,-8.685204560008515,-12.764219108719281,4.0790145487107665,1095.699,1105.6232306343773,1085.774769365623,0.018114884898821997,0.832066043344907,100.0,70.51142857142857,0.06396812868793926,71790.0,0.027441147792171612,0.0,0.04639248127074831,0.032013853537378685,0.3433044568836017,0.5769082361599174,0.6551075740507426,0.09380698239118204,0,-1,0.0,0.0,0.0,0.0,0.0,0.0,0.0,0.0,0.0,0.0,0.15243833611974394,0.15243833611974394,0.15243833611974394,0.15243833611974394,0.14744668810417358,100.0,100.0,100.0,100.0,0.0,-9.558009854429201,-10.533001195970655,-11.62423739996052,-14.223022282425518,-20.303934380095598,68.45785714285714,66.53214285714284,66.3785714285714,65.38214285714284,57.962857142857125,0.017412275430267053,0.01646067394861765,0.03995030067416655,0.06267467793868102,0.0859280293524981,0.0,0.0,0.0,0.0,1,5,2,2023,0,0,2,0,1,0,0,0,-1,0,0.0894591748506252,0,-0.18862160849146878,-0.1960855035552872,0.032013853537378685,0.0,0.0,0.3702299288370683
2023-05-03,1102.29,1102.29,1222.0,1120.0,3700.0,0.0,0.0,0.0,0.0,0.0,0.0,0.0320138535373789,SEPLAT,1102.29,1101.8986006802863,1100.262,1100.7700114371455,1096.206,1104.3724001307073,1145.5332,1119.7720312278739,0.005550051723854878,-0.03774940787399275,-7.9024060579979505,-11.791856498575015,3.8894504405770647,1096.206,1106.3992287121916,1086.0127712878082,0.01859728684607043,0.7984334096576885,100.0,73.50142857142858,0.06668066350182672,61766.5,0.05990302186460298,0.0,0.04639248127074831,0.032013853537378685,0.3433044568836017,0.6595455001009974,0.7509877231497154,0.08975836232399405,0,-1,0.0,0.0,0.0,0.0,0.0,0.0,0.0,0.0,0.0,0.0,0.032013853537378685,0.15243833611974394,0.15243833611974394,0.15243833611974394,0.14744668810417358,100.0,100.0,100.0,100.0,0.0,-8.685204560008515,-9.558009854429201,-10.533001195970655,-12.847971792690032,-19.393939835651963,70.51142857142857,68.45785714285714,66.53214285714284,65.58214285714283,59.50642857142855,0.018114884898821997,0.017412275430267053,0.01646067394861765,0.053054002679885186,0.08383956272074805,0.0,0.0,0.0,0.0,2,5,2,2023,0,0,3,0,0,1,0,0,-1,0,0.0894591748506252,0,-0.18862160849146878,-0.1960855035552872,0.032013853537378685,0.0,0.0,0.3702299288370683
2023-05-04,1102.29,1102.29,1225.0,1115.7,1250.0,0.0,0.0,0.0,0.0,0.0,0.0,0.0320138535373789,SEPLAT,1102.29,1102.029067120191,1101.2759999999998,1101.0463729940282,1096.7130000000002,1104.1740763087353,1142.412,1119.0864613758004,0.005085195488701027,-0.03512042940725418,-7.199046478838682,-10.873294494627748,3.6742480157890665,1096.7130000000002,1107.0642726906353,1086.361727309365,0.01887690342074023,0.7693871645872742,100.0,76.57000000000001,0.06946447849476999,61678.5,0.020266381316017736,0.0,0.04639248127074831,0.032013853537378685,0.3433044568836017,0.7478300960851257,0.8629613425802721,0.0823397009939711,0,-1,0.0,0.0,0.0,0.0,0.0,0.0,0.0,0.0,0.0,0.0,0.032013853537378685,0.032013853537378685,0.15243833611974394,0.15243833611974394,0.14744668810417358,100.0,100.0,100.0,100.0,0.0,-7.9024060579979505,-8.685204560008515,-9.558009854429201,-11.62423739996052,-18.45996758760475,73.50142857142858,70.51142857142857,68.45785714285714,66.3785714285714,61.792142857142835,0.01859728684607043,0.018114884898821997,0.017412275430267053,0.03995030067416655,0.0807233201488007,0.0,0.0,0.0,0.0,3,5,2,2023,0,0,4,0,0,0,1,0,-1,0,0.0894591748506252,0,-0.18862160849146878,-0.1960855035552872,0.1818854217349613,0.002719646829498,0.0521502332640807,0.3702299288370683
2023-05-12,1161.3,1161.3,1200.0,1175.0,25760.0,0.0,0.0,0.0,0.0,0.0,0.0,0.1818854217349615,SEPLAT,1161.3,1156.0965161806478,1137.6960000000001,1143.2248404149332,1117.458,1129.9643236669835,1130.766,1128.0947172451424,0.039233689319866934,0.027002934294097874,11.320878581117768,2.6933494458316183,8.62752913528615,1117.458,1176.9396453246413,1057.9763546753588,0.10645884735648453,0.8685338541050545,100.0,72.70285714285716,0.06260471638926819,39238.5,0.6564980822406565,0.0,0.2617920932789039,0.1818854217349613,0.2413653274638683,0.5283906868203443,0.47445832016559,0.04830458266007413,0,-1,0.0,0.0,0.0,0.0521502332640807,0.0,0.0,0.0,0.0,0.002719646829498,0.0,0.1818854217349613,0.1818854217349613,0.1818854217349613,0.1818854217349613,0.15243833611974394,100.0,100.0,100.0,100.0,100.0,9.974581936185587,8.111133026673315,5.614714483598846,-1.858590438427882,-10.533001195970655,77.2957142857143,78.65642857142858,83.39214285714286,80.785,66.53214285714284,0.10184318532705629,0.0952463823759049,0.08617831828906108,0.055457513131610174,0.01646067394861765,0.0,0.0,0.0,0.0521502332640807,4,5,2,2023,0,0,12,0,0,0,0,1,1,0,0.0894591748506252,0,-0.145185272424809,-0.1960855035552872,0.1818854217349613,0.0,0.0,0.0
2023-05-15,1161.3,1161.3,1200.0,1115.3,1640.0,0.0,0.0,0.0,0.0,0.0,0.0,0.1818854217349615,SEPLAT,1161.3,1157.8310107870986,1143.597,1146.5112330667635,1120.9154999999998,1132.9486737939374,1128.825,1129.3968851963134,0.03602813949847256,0.028768852567935602,12.246656538473417,4.604010864359978,7.642645674113439,1120.9154999999998,1182.2143436312335,1059.6166563687661,0.10937281825656564,0.8294067033543757,100.0,77.68142857142858,0.0668917838383093,33951.5,0.04830419863629,0.0,0.2617920932789039,0.1818854217349613,0.2413653274638683,0.47062105111089436,0.4314101245839098,0.04906936875272803,0,-1,0.0,0.0,0.0,0.0,0.0,0.0,0.0,0.0,0.0,0.0,0.1818854217349613,0.1818854217349613,0.1818854217349613,0.1818854217349613,0.15243833611974394,100.0,100.0,100.0,100.0,100.0,11.320878581117768,9.974581936185587,8.111133026673315,2.346708059767707,-9.558009854429201,72.70285714285716,77.2957142857143,78.65642857142858,82.72428571428573,68.45785714285714,0.10645884735648453,0.10184318532705629,0.0952463823759049,0.0736892338437232,0.017412275430267053,0.0,0.0,0.0,0.0,0,5,2,2023,0,0,15,1,0,0,0,0,1,0,0.0894591748506252,0,-0.145185272424809,-0.1960855035552872,0.1818854217349613,0.0,0.0,0.0
2023-05-16,1161.3,1161.3,1195.0,1123.7,6040.0,0.0,0.0,0.0,0.0,0.0,0.0,0.1818854217349615,SEPLAT,1161.3,1158.9873405247324,1149.498,1149.2000997818973,1124.373,1135.6488000992765,1126.884,1130.6479877376344,0.032842304110824345,0.030540854249416924,12.83241811146172,6.249692313780327,6.582725797681394,1124.373,1186.6334407984812,1062.112559201519,0.11074695105357583,0.7965526707361568,100.0,79.20285714285716,0.0682018919683606,32691.0,0.18476033158973418,0.0,0.2617920932789039,0.1818854217349613,0.2413653274638683,0.4262317988872329,0.39599152278952854,0.0497657055509106,0,-1,0.0,0.0,0.0,0.0,0.0,0.0,0.0,0.0,0.0,0.0,0.1818854217349613,0.1818854217349613,0.1818854217349613,0.1818854217349613,0.032013853537378685,100.0,100.0,100.0,100.0,100.0,12.246656538473417,11.320878581117768,9.974581936185587,5.614714483598846,-8.685204560008515,77.68142857142858,72.70285714285716,77.2957142857143,83.39214285714286,70.51142857142857,0.10937281825656564,0.10645884735648453,0.10184318532705629,0.08617831828906108,0.018114884898821997,0.0,0.0,0.0,0.0,1,5,2,2023,0,0,16,0,1,0,0,0,1,0,0.0894591748506252,0,-0.145185272424809,-0.1960855035552872,0.1818854217349613,0.0,0.0,0.0
2023-05-17,1161.3,1161.3,1195.0,1120.0,41230.0,0.0,0.0,0.0,0.0,0.0,0.0,0.1818854217349615,SEPLAT,1161.3,1159.7582270164883,1155.399,1151.400081639734,1127.8305,1138.091771518393,1124.943,1131.8500274341977,0.02967600184602201,0.03231897082785525,13.145109735752385,7.628775798174739,5.516333937577646,1127.8305,1190.2365005465072,1065.424499453493,0.1106655664064895,0.7681593092563053,100.0,81.06000000000002,0.06980108499095843,34660.5,1.189538523679693,0.0,0.2617920932789039,0.1818854217349613,0.2413653274638683,0.5079779713759636,0.5405747232845964,0.050396430464172075,0,-1,0.0,0.0,0.0,0.0,0.0,0.0,0.0,0.0,0.0,0.0,0.1818854217349613,0.1818854217349613,0.1818854217349613,0.1818854217349613,0.032013853537378685,100.0,100.0,100.0,100.0,100.0,12.83241811146172,12.246656538473417,11.320878581117768,8.111133026673315,-7.9024060579979505,79.20285714285716,77.68142857142858,72.70285714285716,78.65642857142858,73.50142857142858,0.11074695105357583,0.10937281825656564,0.10645884735648453,0.0952463823759049,0.01859728684607043,0.0,0.0,0.0,0.0,2,5,2,2023,0,0,17,0,0,1,0,0,1,0,0.0894591748506252,0,-0.145185272424809,-0.1960855035552872,0.1818854217349613,0.0,0.0,0.1494732933484157
2023-05-18,1161.3,1161.3,1161.3,1161.3,580320.0,0.0,0.0,0.0,0.0,0.0,0.0,0.1818854217349615,SEPLAT,1161.3,1160.2721513443255,1161.3,1153.200066796146,1131.288,1140.3020789928316,1123.0020000000002,1133.004928319131,0.02652905360969085,0.0341032340102687,13.240294230729205,8.751079484685633,4.489214746043572,1131.288,1193.029294753956,1069.546705246044,0.1091522136784904,0.7430464093731768,100.0,76.77428571428572,0.0661106395541942,60264.0,9.62962962962963,0.0,0.2617920932789039,0.1818854217349613,0.2413653274638683,0.5006219104873307,0.49521975784413924,0.05096397956833623,0,-1,0.0,0.0,0.0,0.0,0.0,0.0,0.0,0.0,0.0,0.0,0.1818854217349613,0.1818854217349613,0.1818854217349613,0.1818854217349613,0.032013853537378685,100.0,100.0,100.0,100.0,100.0,13.145109735752385,12.83241811146172,12.246656538473417,9.974581936185587,-7.199046478838682,81.06000000000002,79.20285714285716,77.68142857142858,77.2957142857143,76.57000000000001,0.1106655664064895,0.11074695105357583,0.10937281825656564,0.10184318532705629,0.01887690342074023,0.0,0.0,0.0,0.0,3,5,2,2023,0,0,18,0,0,0,1,0,1,0,0.0894591748506252,0,-0.145185272424809,-0.1960855035552872,0.1818854217349613,0.0,0.0,0.1494732933484157
2023-05-19,1161.3,1147.56,1161.3,1147.56,393050.0,0.0,0.0,0.0,0.0,0.0,0.0,0.1818854217349615,SEPLAT,1161.3,1160.6147675628838,1161.3,1154.6727819241196,1134.7455,1142.3018809935143,1123.4352000000001,1134.1145389732828,0.023401282490214732,0.03370448068566823,13.163982433565934,9.633660074461694,3.5303223591042396,1134.7455,1194.9850070487287,1074.5059929512713,0.10617271810944161,0.7204076801169672,100.0,68.99071428571429,0.05940817556679092,79797.0,4.92562377031718,0.0,0.0,0.1818854217349613,0.2413653274638683,0.49511623545207967,0.4606972038499003,0.051470442767815004,0,-1,0.0,0.0,0.0,0.0,0.0521502332640807,0.0,0.0,0.0,0.0,0.002719646829498,0.1818854217349613,0.1818854217349613,0.1818854217349613,0.1818854217349613,0.1818854217349613,100.0,100.0,100.0,100.0,100.0,13.240294230729205,13.145109735752385,12.83241811146172,11.320878581117768,-1.858590438427882,76.77428571428572,81.06000000000002,79.20285714285716,72.70285714285716,80.785,0.1091522136784904,0.1106655664064895,0.11074695105357583,0.10645884735648453,0.055457513131610174,0.0,0.0,0.0,0.0,4,5,2,2023,0,0,19,0,0,0,0,1,1,0,0.0894591748506252,0,-0.145185272424809,-0.1960855035552872,0.1818854217349613,0.0,0.0,0.1494732933484157
2023-05-22,1161.3,1161.3,1199.9,1165.0,380.0,0.0,0.0,0.0,0.0,0.0,0.0,0.1818854217349615,SEPLAT,1161.3,1160.843178375256,1161.3,1155.8777306651887,1137.696,1144.1112256607985,1123.8684,1135.1806354841344,0.02074719432959248,0.03330603476350068,12.954177094665283,10.297763478502413,2.6564136161628706,1137.696,1197.0157659079043,1078.3762340920955,0.1042805211724475,0.6989556064385513,100.0,64.60500000000002,0.055631619736502214,79751.5,0.004764800662056513,0.0,0.0,0.1818854217349613,0.2413653274638683,0.4044514217732811,0.3626336092355236,0.05191760779686899,0,-1,0.0,0.0,0.0,0.0,0.0,0.0,0.0,0.0,0.0,0.0,0.1818854217349613,0.1818854217349613,0.1818854217349613,0.1818854217349613,0.1818854217349613,100.0,100.0,100.0,100.0,100.0,13.163982433565934,13.240294230729205,13.145109735752385,12.246656538473417,2.346708059767707,68.99071428571429,76.77428571428572,81.06000000000002,77.68142857142858,82.72428571428573,0.10617271810944161,0.1091522136784904,0.1106655664064895,0.10937281825656564,0.0736892338437232,0.0,0.0,0.0,0.0,0,5,2,2023,0,0,22,1,0,0,0,0,1,0,0.0894591748506252,0,-0.145185272424809,-0.18862160849146878,0.18065370727991265,0.0,0.0,0.1494732933484157
2023-05-23,1161.3,1161.3,1183.5,1175.0,10320.0,0.0,0.0,0.0,0.0,0.0,0.0,0.1806537072799129,SEPLAT,1161.3,1160.9954522501707,1161.3,1156.8635978169725,1140.6465,1145.7482517883413,1124.3016,1136.204924288678,0.018106836780720312,0.03290789588843416,12.642173742596015,10.766645531321133,1.8755282112748812,1140.6465,1198.400824431392,1082.892175568608,0.10126594774348052,0.6788047925704228,100.0,57.64000000000002,0.0496340308275209,75354.0,0.13695357910661676,0.0,0.0,0.18065370727991265,0.2413653274638683,0.3094002105053928,0.24070488357217823,0.05229159044546141,0,-1,0.0,0.0,0.0,0.0,0.0,0.0,0.0,0.0,0.0,0.0,0.1818854217349613,0.1818854217349613,0.1818854217349613,0.1818854217349613,0.1818854217349613,100.0,100.0,100.0,100.0,100.0,12.954177094665283,13.163982433565934,13.240294230729205,12.83241811146172,5.614714483598846,64.60500000000002,68.99071428571429,76.77428571428572,79.20285714285716,83.39214285714286,0.1042805211724475,0.10617271810944161,0.1091522136784904,0.11074695105357583,0.08617831828906108,0.0,0.0,0.0,0.0,1,5,2,2023,0,0,23,0,1,0,0,0,1,0,0.0894591748506252,0,-0.145185272424809,-0.18862160849146878,0.1914098799231263,0.0004432989171512,0.0210546649736162,0.1494732933484157
2023-06-01,1186.01,1186.01,1320.0,1210.0,630.0,0.0,0.0,0.0,0.0,0.0,0.0,0.1914098799231265,SEPLAT,1186.01,1183.8139354513185,1176.126,1177.26652849518,1165.7625,1163.9249459817865,1129.866,1146.8331938017755,0.017368460556931576,0.04969084829528458,16.276500823154947,14.611338016766949,1.6651628063879986,1165.7625,1203.4521092758823,1128.0728907241178,0.06466087093362889,0.7686085155697859,100.0,70.46500000000002,0.059413495670356926,147224.0,0.004279193609737543,0.0,0.1056935793329508,0.1914098799231263,0.2454556278687319,0.6850570251977455,0.7339176758416817,0.046172355589466245,0,-1,0.0,0.0,0.0,0.0210546649736162,0.0,0.0,0.0,0.0,0.0004432989171512,0.0,0.1914098799231263,0.1914098799231263,0.1914098799231263,0.1914098799231263,0.1818854217349613,100.0,100.0,100.0,100.0,100.0,16.398525256175617,16.315748801504924,15.972775962248534,14.224824407013557,13.145109735752385,63.65857142857145,57.209285714285734,54.110000000000014,50.64000000000002,81.06000000000002,0.07906370235602428,0.08894032347759558,0.09565479228270454,0.10164488453100494,0.1106655664064895,0.0,0.0,0.0,0.0210546649736162,3,6,2,2023,1,0,1,0,0,0,1,0,1,0,0.0894591748506252,0,-0.12699662873378773,-0.18862160849146878,0.1914098799231263,0.0,0.0,0.0
2023-06-02,1186.01,1186.01,1320.0,1300.0,2150.0,0.0,0.0,0.0,0.0,0.0,0.0,0.1914098799231265,SEPLAT,1186.01,1184.5459569675456,1178.5970000000002,1178.8562505869654,1169.9485,1166.0282844597116,1130.7934,1148.3695391428823,0.013728382061261691,0.0488299631037818,15.995410446023016,14.888152502618164,1.1072579434048517,1169.9485,1194.132695165226,1145.7643048347738,0.0413423243249188,0.8320660433450038,100.0,77.27142857142859,0.0651524258407843,147269.0,0.014599134916377514,0.0,0.1056935793329508,0.1914098799231263,0.2454556278687319,0.5746608729605925,0.5688625822634595,0.0337331778137691,0,-1,0.0,0.0,0.0,0.0,0.0,0.0,0.0,0.0,0.0,0.0,0.1914098799231263,0.1914098799231263,0.1914098799231263,0.1914098799231263,0.1818854217349613,100.0,100.0,100.0,100.0,100.0,16.276500823154947,16.398525256175617,16.315748801504924,15.302686615237917,13.240294230729205,70.46500000000002,63.65857142857145,57.209285714285734,54.25357142857144,76.77428571428572,0.06466087093362889,0.07906370235602428,0.08894032347759558,0.09980038663236605,0.1091522136784904,0.0,0.0,0.0,0.0,4,6,2,2023,0,0,2,0,0,0,0,1,1,0,0.0894591748506252,0,-0.12699662873378773,-0.18862160849146878,0.1914098799231263,0.0,0.0,0.0
2023-06-05,1186.01,1186.01,1320.0,1212.7,32080.0,0.0,0.0,0.0,0.0,0.0,0.0,0.1914098799231265,SEPLAT,1186.01,1185.033971311697,1181.0679999999998,1180.1569322984262,1171.184,1167.931304987358,1131.7208,1149.845635647083,0.012658984412355379,0.047970488834348485,15.592899062845163,15.029101814663564,0.5637972481815989,1171.184,1196.0237121773362,1146.3442878226638,0.04241812076895893,0.7984334096577675,100.0,80.79214285714286,0.06812096260330255,134405.0,0.23868159666679067,0.0,0.1056935793329508,0.1914098799231263,0.2454556278687319,0.6017922141956313,0.5937354640578941,0.004793953683976079,0,-1,0.0,0.0,0.0,0.0,0.0,0.0,0.0,0.0,0.0,0.0,0.1914098799231263,0.1914098799231263,0.1914098799231263,0.1914098799231263,0.1818854217349613,100.0,100.0,100.0,100.0,100.0,15.995410446023016,16.276500823154947,16.398525256175617,15.972775962248534,13.163982433565934,77.27142857142859,70.46500000000002,63.65857142857145,54.110000000000014,68.99071428571429,0.0413423243249188,0.06466087093362889,0.07906370235602428,0.09565479228270454,0.10617271810944161,0.0,0.0,0.0,0.0,0,6,2,2023,0,0,5,1,0,0,0,0,1,0,0.0894591748506252,0,-0.12699662873378773,-0.145185272424809,0.07293549894128827,0.0,0.0,0.0
2023-06-06,1186.01,1186.01,1320.0,1210.0,9580.0,0.0,0.0,0.0,0.0,0.0,0.0,0.0729354989412882,SEPLAT,1186.01,1185.3593142077982,1183.539,1181.2211264259852,1172.4195,1169.6530854647526,1132.6482,1151.2638460138642,0.01159184063383458,0.04711242202124181,15.099844286135067,15.043250308957866,0.05659397717720083,1172.4195,1197.6443469610977,1147.1946530389023,0.04303041182972082,0.7693871645873529,100.0,85.27000000000001,0.07189652701073347,134869.0,0.07103189020456888,0.0,0.1056935793329508,0.07293549894128827,0.2454556278687319,0.7062064760563398,0.772003237647969,0.025042287259636455,0,-1,0.0,0.0,0.0,0.0,0.0,0.0,0.0,0.0,0.0,0.0,0.1914098799231263,0.1914098799231263,0.1914098799231263,0.1914098799231263,0.1818854217349613,100.0,100.0,100.0,100.0,100.0,15.592899062845163,15.995410446023016,16.276500823154947,16.315748801504924,12.954177094665283,80.79214285714286,77.27142857142859,70.46500000000002,57.209285714285734,64.60500000000002,0.04241812076895893,0.0413423243249188,0.06466087093362889,0.08894032347759558,0.1042805211724475,0.0,0.0,0.0,0.0,1,6,2,2023,0,0,6,0,1,0,0,0,1,0,0.0894591748506252,0,-0.12699662873378773,-0.145185272424809,0.07293549894128827,0.0,0.0,0.6766297117392128
2023-06-07,1186.01,1186.01,1304.9,1223.0,110.0,0.0,0.0,0.0,0.0,0.0,0.0,0.0729354989412882,SEPLAT,1186.01,1185.5762094718655,1186.01,1182.0918307121697,1173.655,1171.210886849062,1133.5756000000001,1152.6264402878303,0.010526943607789357,0.046255759210060504,14.541469811092838,14.942894209384862,-0.4014243982920238,1173.655,1199.0069250800298,1148.3030749199702,0.04320166502086182,0.7436698586201703,100.0,88.40500000000002,0.07453984367754067,134823.0,0.0008158845300875963,0.0,0.1056935793329508,0.07293549894128827,0.2454556278687319,0.6975152213891652,0.7608111847054749,0.0342742774242707,0,-1,0.0,0.0,0.0,0.0,0.0,0.0,0.0,0.0,0.0,0.0,0.07293549894128827,0.1914098799231263,0.1914098799231263,0.1914098799231263,0.18065370727991265,100.0,100.0,100.0,100.0,100.0,15.099844286135067,15.592899062845163,15.995410446023016,16.398525256175617,12.642173742596015,85.27000000000001,80.79214285714286,77.27142857142859,63.65857142857145,57.64000000000002,0.04303041182972082,0.04241812076895893,0.0413423243249188,0.07906370235602428,0.10126594774348052,0.0,0.0,0.0,0.0,2,6,2,2023,0,0,7,0,0,1,0,0,1,0,0.0894591748506252,0,-0.12699662873378773,-0.145185272424809,0.07293549894128827,0.0,0.0,0.6766297117392128
2023-06-08,1186.01,1186.01,1312.0,1260.0,2200.0,0.0,0.0,0.0,0.0,0.0,0.0,0.0729354989412882,SEPLAT,1186.01,1185.720806314577,1186.01,1182.8042251281388,1174.8905,1172.6203261967705,1134.503,1153.9355994922291,0.009464286246250196,0.04540049695769872,13.938282176104394,14.74197180272877,-0.8036896266243758,1174.8905,1200.1153469610979,1149.665653038902,0.04293991135530998,0.7204076801169231,100.0,97.40428571428573,0.08212771031802914,134800.5,0.016320414241786936,0.0,0.0,0.07293549894128827,0.14305275360622016,0.615330868024866,0.656260879323644,0.04081435797864856,0,-1,0.0,0.0,0.0,0.0,0.0210546649736162,0.0,0.0,0.0,0.0,0.0004432989171512,0.07293549894128827,0.07293549894128827,0.1914098799231263,0.1914098799231263,0.1914098799231263,100.0,100.0,100.0,100.0,100.0,14.541469811092838,15.099844286135067,15.592899062845163,16.276500823154947,14.224824407013557,88.40500000000002,85.27000000000001,80.79214285714286,70.46500000000002,50.64000000000002,0.04320166502086182,0.04303041182972082,0.04241812076895893,0.06466087093362889,0.10164488453100494,0.0,0.0,0.0,0.0,3,6,2,2023,0,0,8,0,0,0,1,0,1,0,0.0894591748506252,0,-0.12699662873378773,-0.145185272424809,0.07293549894128827,0.0,0.0,0.6766297117392128
2023-06-09,1186.01,1186.01,1318.0,1265.0,3880.0,0.0,0.0,0.0,0.0,0.0,0.0,0.0729354989412882,SEPLAT,1186.01,1185.817204209718,1186.01,1183.387093286659,1176.126,1173.8955332256496,1135.4304,1155.1934191199848,0.008403861491030735,0.04454663183229904,13.306858448679122,14.454949131918841,-1.1480906832397189,1176.126,1200.9657121773366,1151.2862878226633,0.04223988276313363,0.6989556064385081,100.0,105.8507142857143,0.08924942815466506,134904.5,0.028761086546408757,0.0,0.0,0.07293549894128827,0.14305275360622016,0.6364091587807347,0.7141275005791639,0.04582983006682824,0,-1,0.0,0.0,0.0,0.0,0.0,0.0,0.0,0.0,0.0,0.0,0.07293549894128827,0.07293549894128827,0.07293549894128827,0.1914098799231263,0.1914098799231263,100.0,100.0,100.0,100.0,100.0,13.938282176104394,14.541469811092838,15.099844286135067,15.995410446023016,15.302686615237917,97.40428571428573,88.40500000000002,85.27000000000001,77.27142857142859,54.25357142857144,0.04293991135530998,0.04320166502086182,0.04303041182972082,0.0413423243249188,0.09980038663236605,0.0,0.0,0.0,0.0,4,6,2,2023,0,0,9,0,0,0,0,1,1,0,0.0894591748506252,0,-0.12699662873378773,-0.145185272424809,0.07293549894128827,0.0,0.0,0.6766297117392128
2023-06-13,1186.01,1186.01,1320.0,1200.2,120430.0,0.0,0.0,0.0,0.0,0.0,0.0,0.0729354989412882,SEPLAT,1186.01,1185.8814694731454,1186.01,1183.8639854163573,1177.3615,1175.049291966064,1136.3578,1156.4019124878287,0.007345662313571501,0.04369416041320787,12.66050813860329,14.096060933255732,-1.4355527946524411,1177.3615,1201.5456951652266,1153.1773048347734,0.04108202139313471,0.6788047925703833,100.0,112.66428571428573,0.09499438091945744,139638.0,0.8624443203139547,0.0,0.0,0.07293549894128827,0.14305275360622016,0.6624986267794905,0.7373880430353617,0.04978363800679008,0,-1,0.0,0.0,0.0,0.0,0.0,0.0,0.0,0.0,0.0,0.0,0.07293549894128827,0.07293549894128827,0.07293549894128827,0.1914098799231263,0.1914098799231263,100.0,100.0,100.0,100.0,100.0,13.306858448679122,13.938282176104394,14.541469811092838,15.592899062845163,15.972775962248534,105.8507142857143,97.40428571428573,88.40500000000002,80.79214285714286,54.110000000000014,0.04223988276313363,0.04293991135530998,0.04320166502086182,0.04241812076895893,0.09565479228270454,0.0,0.0,0.0,0.0,1,6,2,2023,0,0,13,0,1,0,0,0,1,0,0.0894591748506252,0,-0.12699662873378773,-0.145185272424809,0.3345416996905037,0.0090838842620692,0.0953094132920209,0.656537744882635
2023-06-27,1383.48,1344.14,1383.48,1344.14,805280.0,2.93,0.02926778460577,0.0288476607080713,0.000832187528328,0.0288476607080713,0.2047980747656859,0.3491971177393528,SEPLAT,1352.008,1351.7240011641268,1332.262,1323.2023732930568,1259.136,1278.5800446893859,1184.3801999999998,1215.2467886112183,0.09875343092406226,0.16810463396804523,53.015336060027494,42.71019765174809,10.305138408279404,1259.136,1413.603157388163,1104.668842611837,0.24535420699299054,0.9024933264212728,100.0,111.65500000000004,0.08070590106109235,149711.0,5.378896674259073,0.20479807476568535,0.48599171596085,0.3491971177393526,0.24913252277469086,0.6198301870438728,0.6358853189642503,0.11275702073470395,1,1,0.0,0.0,0.0,0.029850257807442,0.0,0.0,0.0,0.0,0.0008910378911707,0.0,0.3410059430112452,0.34415462548534,0.34415462548534,0.34415462548534,0.07293549894128827,100.0,100.0,100.0,100.0,100.0,50.049113117375555,49.540674188865296,48.17112960463783,41.93192661965713,12.66050813860329,118.41571428571433,120.91500000000005,121.52857142857147,128.89428571428576,112.66428571428573,0.2337618541004875,0.22787453917631367,0.21851900703805677,0.19325589047249472,0.04108202139313471,0.0,0.0,0.0,0.029850257807442,1,6,2,2023,0,0,27,0,1,0,0,0,1,0,1.3707320566768597,0,0.0,-0.12699662873378773,0.3491971177393526,0.0,0.0,0.0
2023-06-30,1383.48,1383.48,1530.0,1360.0,62730.0,0.0,0.0,0.0,0.0,0.0,0.2047980747656859,0.3491971177393528,SEPLAT,1359.876,1362.309334109418,1340.1490000000001,1334.1619417852282,1269.0095000000001,1288.57051662373,1190.2068,1221.844169449994,0.09020460445725575,0.16238623405613217,54.735136530081945,45.11518542741486,9.619951102667088,1269.0095000000001,1428.9435563416541,1109.075443658346,0.2520612435787975,0.8578678069524666,100.0,115.30571428571432,0.08334469185366923,151605.5,0.41377126819277665,0.20479807476568535,0.19647662446055603,0.3491971177393526,0.24913252277469086,0.7248136118617693,0.7248658607887835,0.11499822166623133,1,1,0.0288476607080713,0.0,0.0,0.0,0.0953094132920209,0.000832187528328,0.0,0.0,0.0,0.0090838842620692,0.3491971177393526,0.3410059430112452,0.34415462548534,0.34415462548534,0.3345416996905037,100.0,100.0,100.0,100.0,100.0,53.015336060027494,50.049113117375555,49.540674188865296,45.72242172288361,21.470797688958555,111.65500000000004,118.41571428571433,120.91500000000005,127.10928571428576,119.55,0.24535420699299054,0.2337618541004875,0.22787453917631367,0.20873025121386782,0.10302595232882013,0.0288476607080713,0.0,0.0,0.0,4,6,2,2023,0,1,30,0,0,0,0,1,1,1,0.0894591748506252,0,0.0,-0.12699662873378773,0.3491971177393526,0.0,0.0,0.0
2023-07-03,1383.48,1383.48,1539.2,1410.0,36960.0,0.0,0.0,0.0,0.0,0.0,0.2047980747656859,0.3491971177393528,SEPLAT,1367.7440000000001,1369.366222739612,1348.036,1343.1288614606412,1278.883,1297.6095150405176,1196.0334,1228.1828294715629,0.08178777886640136,0.1567235496935119,55.45879631112098,47.18390760415608,8.274888706964894,1278.883,1441.5998316076175,1116.1661683923826,0.25446711170234876,0.8214080527705634,100.0,117.42928571428574,0.08487964098814998,153332.0,0.24104557430934181,0.20479807476568535,0.196476624460556,0.3491971177393526,0.24913252277469086,0.8061057149277685,0.8566146154814805,0.11668967391426256,1,1,0.0,0.0288476607080713,0.0,0.0,0.0,0.0,0.000832187528328,0.0,0.0,0.0,0.3491971177393526,0.3491971177393526,0.3410059430112452,0.34415462548534,0.3345416996905037,100.0,100.0,100.0,100.0,100.0,54.735136530081945,53.015336060027494,50.049113117375555,48.17112960463783,28.128764741926716,115.30571428571432,111.65500000000004,118.41571428571433,121.52857142857147,128.31285714285715,0.2520612435787975,0.24535420699299054,0.2337618541004875,0.21851900703805677,0.13456947685280302,0.0,0.0288476607080713,0.0,0.0,0,7,3,2023,0,0,3,1,0,0,0,0,1,0,0.0894591748506252,0,0.0,-0.12699662873378773,0.3491971177393526,0.0,0.0,0.0
2023-07-04,1383.48,1383.48,1504.0,1401.0,63780.0,0.0,0.0,0.0,0.0,0.0,0.2047980747656859,0.3491971177393528,SEPLAT,1375.612,1374.0708151597414,1355.923,1350.465432104161,1288.7565,1305.7876564652302,1201.86,1234.2729145903252,0.07349992027198315,0.15111577055563888,55.39375715026995,48.825877513378856,6.567879636891092,1288.7565,1451.7095528807565,1125.8034471192434,0.2528841606319837,0.7906465952169532,100.0,116.61000000000003,0.08428744904154742,156489.5,0.4075672808718796,0.20479807476568535,0.196476624460556,0.3491971177393526,0.24913252277469086,0.7695583855480939,0.8125775778697643,0.11785504978756832,1,1,0.0,0.0,0.0288476607080713,0.0,0.0,0.0,0.0,0.000832187528328,0.0,0.0,0.3491971177393526,0.3491971177393526,0.3491971177393526,0.34415462548534,0.3345416996905037,100.0,100.0,100.0,100.0,100.0,55.45879631112098,54.735136530081945,53.015336060027494,49.540674188865296,33.02456497155231,117.42928571428574,115.30571428571432,111.65500000000004,120.91500000000005,132.97000000000003,0.25446711170234876,0.2520612435787975,0.24535420699299054,0.22787453917631367,0.15563036934672764,0.0,0.0,0.0288476607080713,0.0,1,7,3,2023,0,0,4,0,1,0,0,0,1,0,0.0894591748506252,0,0.0,-0.12699662873378773,0.3491971177393526,0.0,0.0,0.0
2023-07-05,1383.48,1383.48,1538.0,1400.5,6500.0,0.0,0.0,0.0,0.0,0.0,0.2047980747656859,0.3491971177393528,SEPLAT,1383.48,1377.2072101064944,1363.81,1356.4680808124951,1298.6299999999999,1313.1869272780655,1207.6866,1240.124172841685,0.06533808706097975,0.14556210195592137,54.711532655013116,50.00300854170571,4.708524113307405,1298.6299999999999,1459.283953708292,1137.9760462917077,0.2474206721056686,0.7640769120256659,100.0,118.0764285714286,0.08534740550743675,156707.0,0.0414786831475301,0.20479807476568535,0.196476624460556,0.3491971177393526,0.2313472090206685,0.8111458464874418,0.8616477651403609,0.11850986993932408,1,1,0.0,0.0,0.0,0.0,0.0,0.0,0.0,0.0,0.0,0.0,0.3491971177393526,0.3491971177393526,0.3491971177393526,0.3410059430112452,0.3345416996905037,100.0,100.0,100.0,100.0,100.0,55.39375715026995,55.45879631112098,54.735136530081945,50.049113117375555,36.483957573434964,116.61000000000003,117.42928571428574,115.30571428571432,118.41571428571433,135.6414285714286,0.2528841606319837,0.25446711170234876,0.2520612435787975,0.2337618541004875,0.1702865486201541,0.0,0.0,0.0,0.0,2,7,3,2023,0,0,5,0,0,1,0,0,1,0,0.0894591748506252,0,0.0,-0.12699662873378773,0.3491971177393526,0.0,0.0,0.0
2023-07-06,1383.48,1383.48,1504.0,1400.5,13970.0,0.0,0.0,0.0,0.0,0.0,0.0,0.3491971177393528,SEPLAT,1383.48,1379.2981400709964,1367.7440000000001,1361.3793388465867,1308.5035,1319.8815056325354,1213.5131999999999,1245.7459699851483,0.05729942640581396,0.14006176447030008,53.55353303445554,50.71311344025568,2.840419594199858,1308.5035,1464.2107685691458,1152.7962314308543,0.2379928958067682,0.7407610790716066,100.0,118.21357142857146,0.08544653441218626,155801.5,0.08966537549381745,0.0,0.14481410744076573,0.3491971177393526,0.2313472090206685,0.8574604303611428,0.9908295397835316,0.11866258692626265,1,-1,0.0,0.0,0.0,0.0288476607080713,0.029850257807442,0.0,0.0,0.0,0.000832187528328,0.0008910378911707,0.3491971177393526,0.3491971177393526,0.3491971177393526,0.3491971177393526,0.34415462548534,100.0,100.0,100.0,100.0,100.0,54.711532655013116,55.39375715026995,55.45879631112098,53.015336060027494,41.93192661965713,118.0764285714286,116.61000000000003,117.42928571428574,111.65500000000004,128.89428571428576,0.2474206721056686,0.2528841606319837,0.25446711170234876,0.24535420699299054,0.19325589047249472,0.0,0.0,0.0,0.0288476607080713,3,7,3,2023,0,0,6,0,0,0,1,0,1,0,0.0894591748506252,0,0.0,-0.12699662873378773,0.3491971177393526,0.0,0.0,0.0
2023-07-07,1383.48,1383.48,1503.0,1400.0,15080.0,0.0,0.0,0.0,0.0,0.0,0.0,0.3491971177393528,SEPLAT,1383.48,1380.6920933806643,1371.678,1365.39764087448,1318.377,1325.9385050961034,1219.137,1251.1473044955346,0.04938117093972367,0.13480273340896068,52.03597170171747,50.97768509254804,1.0582866091694285,1318.377,1466.2244868661369,1170.529513133863,0.2242871149392578,0.7201694508982259,100.0,116.22285714285717,0.0840076164041816,156076.5,0.09661928605523573,0.0,0.14481410744076573,0.3491971177393526,0.2313472090206685,0.7580698906775426,0.8857813977366013,0.11831514505515427,1,-1,0.0,0.0,0.0,0.0,0.0,0.0,0.0,0.0,0.0,0.0,0.3491971177393526,0.3491971177393526,0.3491971177393526,0.3491971177393526,0.34415462548534,100.0,100.0,100.0,100.0,100.0,53.55353303445554,54.711532655013116,55.39375715026995,54.735136530081945,45.72242172288361,118.21357142857146,118.0764285714286,116.61000000000003,115.30571428571432,127.10928571428576,0.2379928958067682,0.2474206721056686,0.2528841606319837,0.2520612435787975,0.20873025121386782,0.0,0.0,0.0,0.0,4,7,3,2023,0,0,7,0,0,0,0,1,1,0,0.0894591748506252,0,0.0,-0.12699662873378773,0.3491971177393526,0.0,0.0,0.0
2023-07-10,1383.48,1383.48,1498.0,1430.0,116070.0,0.0,0.0,0.0,0.0,0.0,0.0,0.3491971177393528,SEPLAT,1383.48,1381.6213955871096,1375.612,1368.6853425336653,1328.2504999999999,1331.4186474679032,1224.7607999999998,1256.336821966298,0.04158063558041209,0.1295919986988482,50.25399662106247,50.83294739825094,-0.5789507771884672,1328.2504999999999,1464.8230832816073,1191.6779167183925,0.20564281102338366,0.7021983427161184,100.0,111.91714285714286,0.08089538183214999,161874.5,0.7170369638207377,0.0,0.14481410744076573,0.3491971177393526,0.2313472090206685,0.6886039984356156,0.7932502351458309,0.10923514537329386,1,-1,0.0,0.0,0.0,0.0,0.0,0.0,0.0,0.0,0.0,0.0,0.3491971177393526,0.3491971177393526,0.3491971177393526,0.3491971177393526,0.34415462548534,100.0,100.0,100.0,100.0,100.0,52.03597170171747,53.55353303445554,54.711532655013116,55.45879631112098,48.17112960463783,116.22285714285717,118.21357142857146,118.0764285714286,117.42928571428574,121.52857142857147,0.2242871149392578,0.2379928958067682,0.2474206721056686,0.25446711170234876,0.21851900703805677,0.0,0.0,0.0,0.0,0,7,3,2023,0,0,10,1,0,0,0,0,1,0,0.0894591748506252,0,0.0,-0.12699662873378773,0.3491971177393526,0.0,0.0,0.0
2023-07-11,1383.48,1383.48,1499.0,1433.0,15600.0,0.0,0.0,0.0,0.0,0.0,0.0,0.3491971177393528,SEPLAT,1383.48,1382.2409303914064,1379.5459999999998,1371.375280254817,1338.1240000000003,1336.376871518579,1230.3846,1261.3228289480119,0.03389521449432172,0.12442889808601304,48.28516718042329,50.32339135468541,-2.038224174262126,1338.1240000000003,1459.0550831837754,1217.192916816225,0.1807472000857546,0.6875282963068877,100.0,109.92642857142857,0.07945646382414533,162544.5,0.09597371796646458,0.0,0.14481410744076573,0.3491971177393526,0.2313472090206685,0.6477240499845744,0.7350737011008897,0.09748194475522515,1,-1,0.0,0.0,0.0,0.0,0.0,0.0,0.0,0.0,0.0,0.0,0.3491971177393526,0.3491971177393526,0.3491971177393526,0.3491971177393526,0.34415462548534,100.0,100.0,100.0,100.0,100.0,50.25399662106247,52.03597170171747,53.55353303445554,55.39375715026995,49.540674188865296,111.91714285714286,116.22285714285717,118.21357142857146,116.61000000000003,120.91500000000005,0.20564281102338366,0.2242871149392578,0.2379928958067682,0.2528841606319837,0.22787453917631367,0.0,0.0,0.0,0.0,1,7,3,2023,0,0,11,0,1,0,0,0,1,0,0.0894591748506252,0,0.0,-0.12699662873378773,0.3491971177393526,0.0,0.0,0.0
2023-07-12,1383.48,1383.48,1499.0,1300.2,179170.0,0.0,0.0,0.0,0.0,0.0,0.0,0.3491971177393528,SEPLAT,1383.48,1382.6539535942711,1383.48,1373.5761383903048,1347.9975,1340.862883754905,1236.0084,1266.1133062441684,0.026322378194321632,0.11931278136944708,46.19237867644188,49.49718881903671,-3.3048101425948317,1347.9975,1446.8693792175068,1249.1256207824931,0.146694454874741,0.6794367634195696,100.0,121.30285714285712,0.0876795162509448,171309.0,1.0458878401018044,0.0,0.14481410744076573,0.3491971177393526,0.2313472090206685,0.79252487907302,0.8442400687017794,0.08191282717029473,1,-1,0.0,0.0,0.0,0.0,0.0,0.0,0.0,0.0,0.0,0.0,0.3491971177393526,0.3491971177393526,0.3491971177393526,0.3491971177393526,0.3410059430112452,100.0,100.0,100.0,100.0,100.0,48.28516718042329,50.25399662106247,52.03597170171747,54.711532655013116,50.049113117375555,109.92642857142857,111.91714285714286,116.22285714285717,118.0764285714286,118.41571428571433,0.1807472000857546,0.20564281102338366,0.2242871149392578,0.2474206721056686,0.2337618541004875,0.0,0.0,0.0,0.0,2,7,3,2023,0,0,12,0,0,1,0,0,1,0,0.0894591748506252,0,0.0,-0.12699662873378773,0.3491971177393526,0.0,0.0,0.0
2023-07-13,1383.48,1383.48,1480.0,1360.0,70550.0,0.0,0.0,0.0,0.0,0.0,0.0,0.3491971177393528,SEPLAT,1383.48,1382.929302396181,1383.48,1375.3768405011583,1357.871,1344.9216567306282,1241.6322,1270.7159216855737,0.018859670764012133,0.11424301012812008,44.0263206898303,48.40301519319543,-4.37669450336513,1357.871,1421.9493533200712,1293.792646679929,0.09438061983807161,0.6998256717996723,100.0,122.08857142857141,0.0882474422677389,168815.0,0.41791310013920563,0.0,0.0,0.3491971177393526,0.2313472090206685,0.8158792376232626,0.8740052784798261,0.05960924500473113,1,-1,0.0,0.0,0.0,0.0,0.0288476607080713,0.0,0.0,0.0,0.0,0.000832187528328,0.3491971177393526,0.3491971177393526,0.3491971177393526,0.3491971177393526,0.3491971177393526,100.0,100.0,100.0,100.0,100.0,46.19237867644188,48.28516718042329,50.25399662106247,53.55353303445554,53.015336060027494,121.30285714285712,109.92642857142857,111.91714285714286,118.21357142857146,111.65500000000004,0.146694454874741,0.1807472000857546,0.20564281102338366,0.2379928958067682,0.24535420699299054,0.0,0.0,0.0,0.0,3,7,3,2023,0,0,13,0,0,0,1,0,1,0,0.0894591748506252,0,0.0,-0.12699662873378773,0.3491971177393526,0.0,0.0,0.0
2023-07-14,1383.48,1383.48,1470.0,1420.0,11750.0,0.0,0.0,0.0,0.0,0.0,0.0,0.3491971177393528,SEPLAT,1383.48,1383.1128682641206,1383.48,1376.8501422282204,1361.8145,1348.59387989914,1247.256,1275.1380424037866,0.015909288673310547,0.10921895745540605,41.827542259410166,47.08792060643838,-5.260378347028215,1361.8145,1421.659441561737,1301.969558438263,0.08789000493347215,0.6810136281748191,100.0,124.27857142857142,0.0898304069654577,144735.0,0.08118285141810896,0.0,0.0,0.3491971177393526,0.2313472090206685,0.771891365885279,0.7923203816086104,0.005777720854388108,1,-1,0.0,0.0,0.0,0.0,0.0,0.0,0.0,0.0,0.0,0.0,0.3491971177393526,0.3491971177393526,0.3491971177393526,0.3491971177393526,0.3491971177393526,100.0,100.0,100.0,100.0,100.0,44.0263206898303,46.19237867644188,48.28516718042329,52.03597170171747,54.735136530081945,122.08857142857141,121.30285714285712,109.92642857142857,116.22285714285717,115.30571428571432,0.09438061983807161,0.146694454874741,0.1807472000857546,0.2242871149392578,0.2520612435787975,0.0,0.0,0.0,0.0,4,7,3,2023,0,0,14,0,0,0,0,1,1,0,0.0894591748506252,0,0.0,-0.03969702769149239,0.1401619524081054,0.0,0.0,0.0
2023-07-17,1383.48,1383.48,1459.0,1420.0,2620.0,0.0,0.0,0.0,0.0,0.0,0.0,0.1401619524081054,SEPLAT,1383.48,1383.2352455094137,1383.48,1378.0555709139985,1365.758,1351.9163675277932,1252.8798,1279.386746623246,0.012975944493826856,0.10424000770065898,39.62818545769164,45.59597357668903,-5.96778811899739,1365.758,1419.849046287001,1311.666953712999,0.07921029389833494,0.6638163912190663,100.0,120.71571428571427,0.08725512062748596,142762.0,0.01835222258023844,0.0,0.0,0.1401619524081054,0.2313472090206685,0.7549365215050684,0.7488527031142995,0.045132632138225603,0,-1,0.0,0.0,0.0,0.0,0.0,0.0,0.0,0.0,0.0,0.0,0.3491971177393526,0.3491971177393526,0.3491971177393526,0.3491971177393526,0.3491971177393526,100.0,100.0,100.0,100.0,100.0,41.827542259410166,44.0263206898303,46.19237867644188,50.25399662106247,55.45879631112098,124.27857142857142,122.08857142857141,121.30285714285712,111.91714285714286,117.42928571428574,0.08789000493347215,0.09438061983807161,0.146694454874741,0.20564281102338366,0.25446711170234876,0.0,0.0,0.0,0.0,0,7,3,2023,0,0,17,1,0,0,0,0,1,0,0.0894591748506252,0,0.0,-0.03969702769149239,0.1401619524081054,0.0,0.0,0.0
2023-07-18,1383.48,1383.48,1535.0,1420.0,3920.0,0.0,0.0,0.0,0.0,0.0,0.0,0.1401619524081054,SEPLAT,1383.48,1383.3168303396092,1383.48,1379.041830747817,1369.7015,1354.9224277632416,1258.5036,1283.4688349909618,0.010059491064294025,0.09930555621771762,37.45343941124315,43.96746674359986,-6.514027332356704,1369.7015,1415.9541554685911,1323.4488445314087,0.0675368399152534,0.6489482048155774,100.0,124.46714285714283,0.08996670920948827,139946.0,0.02801080416732168,0.0,0.0,0.1401619524081054,0.2313472090206685,0.8020655441242447,0.8225905311282725,0.06213377138514541,0,-1,0.0,0.0,0.0,0.0,0.0,0.0,0.0,0.0,0.0,0.0,0.1401619524081054,0.3491971177393526,0.3491971177393526,0.3491971177393526,0.3491971177393526,100.0,100.0,100.0,100.0,100.0,39.62818545769164,41.827542259410166,44.0263206898303,48.28516718042329,55.39375715026995,120.71571428571427,124.27857142857142,122.08857142857141,109.92642857142857,116.61000000000003,0.07921029389833494,0.08789000493347215,0.09438061983807161,0.1807472000857546,0.2528841606319837,0.0,0.0,0.0,0.0,1,7,3,2023,0,0,18,0,1,0,0,0,1,0,0.0894591748506252,0,0.0,-0.03969702769149239,0.1401619524081054,0.0,0.0,0.6762712757455419
2023-08-08,1673.85,1673.85,1578.0,1524.4,89020.0,0.0,0.0,0.0,0.0,0.0,0.0,0.4548705279238543,SEPLAT,1673.85,1669.613438448418,1673.85,1637.9762116828167,1535.5784999999998,1565.5942825287038,1386.683,1427.9711700380687,0.09004521748643919,0.2070891472672557,92.81587126725276,86.04309881766359,6.772772449589169,1535.5784999999998,1825.6191098081742,1245.5378901918255,0.3777607068712859,0.738365758662984,100.0,159.99499999999995,0.0955850285270484,82574.0,1.0780633129072106,0.0,0.47822838165916043,0.4548705279238541,0.3329784370768589,0.39364971468363547,0.4612736558613223,0.14294646085563142,1,-1,0.0,0.0,0.0,0.0,0.0952589243411711,0.0,0.0,0.0,0.0,0.0090742626666369,0.4548705279238541,0.4548705279238541,0.4548705279238541,0.4548705279238541,0.33997030132793604,100.0,100.0,100.0,100.0,100.0,95.01909685905161,96.44911793281562,96.87144856976101,93.49464608183871,38.51180489934609,160.35714285714286,160.49785714285713,155.23142857142855,148.6185714285714,133.135,0.3812705988099526,0.3807621009407336,0.375978893773339,0.3516359241226172,0.09388305387399996,0.0,0.0,0.0,0.0,1,8,3,2023,0,0,8,0,1,0,0,0,1,0,0.0894591748506252,0,0.0,0.0,0.4548705279238541,0.0,0.0,0.0
2023-08-09,1673.85,1673.85,1577.0,1524.5,2040.0,0.0,0.0,0.0,0.0,0.0,0.0,0.4548705279238543,SEPLAT,1673.85,1671.0256256322787,1673.85,1644.498718649577,1550.097,1575.9043508593033,1396.4398,1437.6134770953995,0.07983564899486931,0.19865532334440753,90.031966643852,86.84087238290128,3.1910942609507202,1550.097,1837.134941750239,1263.059058249761,0.37034836110287167,0.7155690624824808,100.0,159.5042857142857,0.09529186349689978,73717.5,0.027673211923898666,0.0,0.0,0.4548705279238541,0.3329784370768589,0.3739862344624882,0.4374711045779235,0.14527977797889116,1,-1,0.0,0.0,0.0,0.0,0.095265373925786,0.0,0.0,0.0,0.0,0.0090754914692198,0.4548705279238541,0.4548705279238541,0.4548705279238541,0.4548705279238541,0.4585826328351341,100.0,100.0,100.0,100.0,100.0,92.81587126725276,95.01909685905161,96.44911793281562,96.0014567853566,57.404748190659575,159.99499999999995,160.35714285714286,160.49785714285713,150.7292857142857,135.39071428571427,0.3777607068712859,0.3812705988099526,0.3807621009407336,0.36649290409153484,0.20052438128414898,0.0,0.0,0.0,0.0,2,8,3,2023,0,0,9,0,0,1,0,0,1,0,0.0894591748506252,0,0.0,0.0,0.4548705279238541,0.0,0.0,0.0
2023-08-10,1673.85,1673.85,1572.0,1524.4,108770.0,0.0,0.0,0.0,0.0,0.0,0.0,0.4548705279238543,SEPLAT,1673.85,1671.9670837548524,1673.85,1649.8353152587447,1564.6154999999999,1585.232507920322,1406.1966,1446.8776544642076,0.06981555532333665,0.19033853445528165,86.82483947003266,86.83766580032756,-0.012826330294899435,1564.6154999999999,1845.4766001507646,1283.7543998492351,0.359016129075501,0.6944635621333171,100.0,159.0207142857142,0.09500296578887846,75628.5,1.4382144297454003,0.0,0.0,0.4548705279238541,0.3329784370768589,0.36134969889544916,0.42081853515561246,0.1473959346061556,1,-1,0.0,0.0,0.0,0.0,0.0,0.0,0.0,0.0,0.0,0.0,0.4548705279238541,0.4548705279238541,0.4548705279238541,0.4548705279238541,0.4585826328351341,100.0,100.0,100.0,100.0,100.0,90.031966643852,92.81587126725276,95.01909685905161,96.87144856976101,71.55272657341902,159.5042857142857,159.99499999999995,160.35714285714286,155.23142857142855,140.33571428571426,0.37034836110287167,0.3777607068712859,0.3812705988099526,0.375978893773339,0.2601306585278,0.0,0.0,0.0,0.0,3,8,3,2023,0,0,10,0,0,0,1,0,1,0,0.0894591748506252,0,0.0,0.0,0.4548705279238541,0.0,0.0,0.0
2023-08-11,1673.85,1673.85,1693.0,1525.1,2110000.0,0.0,0.0,0.0,0.0,0.0,0.0,0.4548705279238543,SEPLAT,1673.85,1672.594722503235,1673.85,1654.2016215753363,1579.134,1593.6722690707675,1415.9533999999999,1455.778530759729,0.059979710398230864,0.18213636126725644,83.32267613476051,86.13466786721415,-2.8119917324536345,1579.134,1850.4273616197615,1307.8406383802385,0.34359764481008137,0.6745637995609189,100.0,159.85499999999996,0.09550138901335244,180541.0,11.687096005893398,0.0,0.0,0.4548705279238541,0.3329784370768589,0.5416153482404992,0.5560600241273337,0.14930416476987216,1,-1,0.0,0.0,0.0,0.0,0.0,0.0,0.0,0.0,0.0,0.0,0.4548705279238541,0.4548705279238541,0.4548705279238541,0.4548705279238541,0.4548705279238541,100.0,100.0,100.0,100.0,100.0,86.82483947003266,90.031966643852,92.81587126725276,96.44911793281562,81.82190933400352,159.0207142857142,159.5042857142857,159.99499999999995,160.49785714285713,149.7057142857143,0.359016129075501,0.37034836110287167,0.3777607068712859,0.3807621009407336,0.30092889843331344,0.0,0.0,0.0,0.0,4,8,3,2023,0,0,11,0,0,0,0,1,1,0,0.0894591748506252,0,0.0,0.0,0.4548705279238541,0.0,0.0,0.096205355357163
2023-08-14,1673.85,1673.85,1690.0,1533.4,790.0,0.0,0.0,0.0,0.0,0.0,0.0,0.4548705279238543,SEPLAT,1673.85,1673.0131483354903,1673.85,1657.774054016184,1593.6525,1601.30824344498,1425.7102,1464.3303530828769,0.050323078588337164,0.17404645067419727,79.62926980502016,84.83358825477536,-5.204318449755206,1593.6525,1851.6101931346918,1335.694806865308,0.3237314196597965,0.6554470018425174,100.0,161.16428571428565,0.09628358915929483,180449.5,0.004377956159479522,0.0,0.0,0.4548705279238541,0.3329784370768589,0.6556737395960509,0.675397853517854,0.15101235090951012,1,-1,0.0,0.0,0.0,0.0,0.0,0.0,0.0,0.0,0.0,0.0,0.4548705279238541,0.4548705279238541,0.4548705279238541,0.4548705279238541,0.4548705279238541,100.0,100.0,100.0,100.0,100.0,83.32267613476051,86.82483947003266,90.031966643852,95.01909685905161,88.93512193179481,159.85499999999996,159.0207142857142,159.5042857142857,160.35714285714286,152.13642857142855,0.34359764481008137,0.359016129075501,0.37034836110287167,0.3812705988099526,0.3303596942304783,0.0,0.0,0.0,0.0,0,8,3,2023,0,0,14,1,0,0,0,0,1,0,0.0894591748506252,0,0.0,0.0,0.4548705279238541,0.0,0.0,0.096205355357163
2023-08-25,1651.32,1651.32,1669.0,1515.2,11510.0,0.0,0.0,0.0,0.0,0.0,0.0,0.0469434066555476,SEPLAT,1651.32,1653.2761739545685,1660.3319999999999,1655.4373088654584,1667.091,1634.2074036578142,1508.4458,1522.8722789617432,-0.009460191435260558,0.0947161641472302,41.2120588287346,56.37550545341171,-15.163446624677114,1667.091,1688.2765153100306,1645.9054846899692,0.025416147420903507,0.1277881427662784,0.0,136.4871428571428,0.08265335783321391,158248.5,0.07273370679658892,0.0,0.06802745915951151,0.04694340665554746,0.33372809503859635,0.6698592614754286,0.7278326208445056,0.12389916926032128,0,-1,0.0,0.0,0.0,-0.0135513942346292,0.0,0.0,0.0,0.0,0.0001836402857023,0.0,0.04694340665554746,0.33564677180905417,0.46066161599884115,0.46066161599884115,0.4548705279238541,0.0,0.0,0.0,0.0,100.0,44.755740258347714,48.627773788387,52.86258351162405,62.58002058609486,83.32267613476051,136.18357142857135,138.27285714285708,145.28928571428565,152.4464285714285,159.85499999999996,0.023999784589207353,0.022155090644104647,0.01976403718234213,0.1732816956551667,0.34359764481008137,0.0,0.0,0.0,0.0135513942346292,4,8,3,2023,0,0,25,0,0,0,0,1,1,0,0.0894591748506252,0,-0.01345998745407293,-0.01345998745407293,0.04694340665554746,0.0,0.0,0.6732262704731706
2023-08-28,1651.32,1651.32,1669.0,1523.4,34270.0,0.0,0.0,0.0,0.0,0.0,0.0,0.0469434066555476,SEPLAT,1651.32,1652.6241159697124,1658.0790000000002,1654.6887072535567,1665.9645,1635.8371747380224,1515.38,1527.9094444926552,-0.0087904033969512,0.08970687220367157,37.96601715221459,52.69360779317229,-14.7275906409577,1665.9645,1688.0150834510223,1643.9139165489778,0.02647185273278302,0.16793395665634417,0.0,136.2121428571428,0.08248682439329919,155584.0,0.22026686548745372,0.0,0.06802745915951151,0.04694340665554746,0.33372809503859635,0.7602336172185798,0.8542733240306181,0.14660279316326827,0,-1,0.0,0.0,0.0,0.0,0.0,0.0,0.0,0.0,0.0,0.0,0.04694340665554746,0.04694340665554746,0.33564677180905417,0.46066161599884115,0.4548705279238541,0.0,0.0,0.0,0.0,100.0,41.2120588287346,44.755740258347714,48.627773788387,57.49883034365939,79.62926980502016,136.4871428571428,136.18357142857135,138.27285714285708,145.86428571428564,161.16428571428565,0.025416147420903507,0.023999784589207353,0.022155090644104647,0.08218020265890823,0.3237314196597965,0.0,0.0,0.0,0.0,0,8,3,2023,0,0,28,1,0,0,0,0,1,0,0.0894591748506252,0,-0.01345998745407293,-0.01345998745407293,0.04694340665554746,0.0,0.0,0.6732262704731706
2023-09-07,1815.58,1815.58,1837.0,1667.4,2910.0,0.0,0.0,0.0,0.0,0.0,0.0,0.3341534716240422,SEPLAT,1815.58,1801.2102535723589,1749.8759999999997,1766.9810220244358,1706.2305000000001,1718.525092489909,1585.0344,1596.7620115754519,0.06408835148592162,0.14545148042212833,63.167006278870076,54.96025013507666,8.206756143793413,1706.2305000000001,1854.286556165807,1558.1744438341932,0.17354754374137246,0.8692841172182112,100.0,137.36142857142855,0.07565705095420117,145554.5,0.01999251139607501,0.0,0.4760428611245077,0.33415347162404196,0.37854384916373257,1.054088438712067,1.1957471201403607,0.16472556334702573,1,-1,0.0,0.0,0.0,0.0948300078142352,0.0,0.0,0.0,0.0,0.0089927303820479,0.0,0.33415347162404196,0.33415347162404196,0.33415347162404196,0.33415347162404196,0.04694340665554746,87.93832646287275,87.93832646287275,87.93832646287275,87.93832646287275,0.0,62.13685383311622,59.918195928417845,56.214844262007546,42.8565367747201,44.755740258347714,137.3792857142857,126.63642857142852,125.42214285714282,124.30928571428566,136.18357142857135,0.1639989913393945,0.15174517547836672,0.13599832350892116,0.08591556553325025,0.023999784589207353,0.0,0.0,0.0,0.0948300078142352,3,9,3,2023,0,0,7,0,0,0,1,0,1,0,0.0894591748506252,0,0.0,-0.01345998745407293,0.33415347162404196,0.0,0.0,0.0
2023-09-08,1815.58,1815.58,1819.9,1667.0,1000000.0,0.0,0.0,0.0,0.0,0.0,0.0,0.3341534716240422,SEPLAT,1815.58,1806.0001690482395,1766.3020000000001,1775.8171998381745,1713.3169999999998,1727.7684170146797,1593.6764,1605.3431091607283,0.05968714487745126,0.1392400615331945,63.25425385000085,56.6190508780615,6.63520297193935,1713.3169999999998,1868.2548664056012,1558.3791335943984,0.18086304683324972,0.8300129347731325,100.0,144.18285714285713,0.07941421316761428,90054.5,11.1043867880006,0.0,0.4760428611245077,0.33415347162404196,0.37854384916373257,1.0280448385607552,1.1607064048443623,0.16180564309778236,1,-1,0.0,0.0,0.0,0.0,0.0,0.0,0.0,0.0,0.0,0.0,0.33415347162404196,0.33415347162404196,0.33415347162404196,0.33415347162404196,0.04694340665554746,100.0,87.93832646287275,87.93832646287275,87.93832646287275,0.0,63.167006278870076,62.13685383311622,59.918195928417845,50.67035040034193,41.2120588287346,137.36142857142855,137.3792857142857,126.63642857142852,125.99499999999996,136.4871428571428,0.17354754374137246,0.1639989913393945,0.15174517547836672,0.11526538839729622,0.025416147420903507,0.0,0.0,0.0,0.0,4,9,3,2023,0,0,8,0,0,0,0,1,1,0,0.0894591748506252,0,0.0,-0.01345998745407293,0.33415347162404196,0.0,0.0,0.0
2023-09-11,1815.58,1815.58,1800.0,1657.0,59620.0,0.0,0.0,0.0,0.0,0.0,0.0,0.3341534716240422,SEPLAT,1815.58,1809.19344603216,1782.7279999999998,1783.0467998675972,1720.4035,1736.1314249180436,1602.3183999999999,1613.5876931152097,0.0553221962173409,0.13309564441124813,62.60176401142803,57.815593504734814,4.786170506693217,1720.4035,1880.6158485976098,1560.19115140239,0.1862497357132904,0.7970323474847928,100.0,145.40285714285713,0.08008617474463099,92996.0,0.641102843133038,0.0,0.4760428611245077,0.33415347162404196,0.37854384916373257,1.0463782994301294,1.1916537764993786,0.1586134536748571,1,-1,0.0,0.0,0.0,0.0,0.0,0.0,0.0,0.0,0.0,0.0,0.33415347162404196,0.33415347162404196,0.33415347162404196,0.33415347162404196,0.04694340665554746,100.0,100.0,87.93832646287275,87.93832646287275,0.0,63.25425385000085,63.167006278870076,62.13685383311622,56.214844262007546,37.96601715221459,144.18285714285713,137.36142857142855,137.3792857142857,125.42214285714282,136.2121428571428,0.18086304683324972,0.17354754374137246,0.1639989913393945,0.13599832350892116,0.02647185273278302,0.0,0.0,0.0,0.0,0,9,3,2023,0,0,11,1,0,0,0,0,1,0,0.0894591748506252,0,0.0,-0.01345998745407293,0.33415347162404196,0.0,0.0,0.0
2023-09-12,1815.58,1815.58,1819.0,1658.0,41180.0,0.0,0.0,0.0,0.0,0.0,0.0,0.3341534716240422,SEPLAT,1815.58,1811.3222973547736,1799.154,1788.9619271643978,1727.4900000000002,1743.69795587823,1610.9604000000002,1621.5089600518684,0.05099305929412019,0.1270171507629857,61.37714360785753,58.52790352535936,2.84924008249817,1727.4900000000002,1891.5246254846793,1563.4553745153212,0.18991094071129677,0.7685103823040927,100.0,153.23714285714283,0.0844012066982137,94317.0,0.4366126997253941,0.0,0.4760428611245077,0.33415347162404196,0.37854384916373257,1.028006951334924,1.1676462086604773,0.1551321883592581,1,-1,0.0,0.0,0.0,0.0,0.0,0.0,0.0,0.0,0.0,0.0,0.33415347162404196,0.33415347162404196,0.33415347162404196,0.33415347162404196,0.04694340665554746,100.0,100.0,100.0,87.93832646287275,0.0,62.60176401142803,63.25425385000085,63.167006278870076,59.918195928417845,34.99016094238027,145.40285714285713,144.18285714285713,137.36142857142855,126.63642857142852,130.1871428571428,0.1862497357132904,0.18086304683324972,0.17354754374137246,0.15174517547836672,0.02720777460538599,0.0,0.0,0.0,0.0,1,9,3,2023,0,0,12,0,1,0,0,0,1,0,0.0894591748506252,0,0.0,-0.01345998745407293,0.33415347162404196,0.0,0.0,0.0
2023-09-13,1815.58,1815.58,1700.0,1653.3,23210.0,0.0,0.0,0.0,0.0,0.0,0.0,0.3341534716240422,SEPLAT,1815.58,1812.741531569849,1815.58,1793.8015767708707,1734.5765,1750.5438648422082,1619.6024,1629.1195890694423,0.04669929518819149,0.12100352530966856,59.718228549699916,58.76596853022748,0.9522600194724333,1734.5765,1901.081237441703,1568.0717625582968,0.19198315835790827,0.7432468326264924,100.0,156.2571428571428,0.086064586995419,89059.5,0.26061228729108066,0.0,0.4760428611245077,0.33415347162404196,0.33320324759150455,0.7780419450880105,0.8709050896849746,0.15134189992756736,1,-1,0.0,0.0,0.0,0.0,0.0,0.0,0.0,0.0,0.0,0.0,0.33415347162404196,0.33415347162404196,0.33415347162404196,0.33415347162404196,0.04694340665554746,100.0,100.0,100.0,87.93832646287275,0.0,61.37714360785753,62.60176401142803,63.25425385000085,62.13685383311622,32.259901394021426,153.23714285714283,145.40285714285713,144.18285714285713,137.3792857142857,124.56928571428567,0.18991094071129677,0.1862497357132904,0.18086304683324972,0.1639989913393945,0.02764833376009549,0.0,0.0,0.0,0.0,2,9,3,2023,0,0,13,0,0,1,0,0,1,0,0.0894591748506252,0,0.0,-0.01345998745407293,0.33415347162404196,0.0,0.0,0.0
2023-09-14,1815.58,1815.58,1815.0,1653.3,1310000.0,0.0,0.0,0.0,0.0,0.0,0.0,0.3341534716240422,SEPLAT,1815.58,1813.6876877132327,1815.58,1797.7612900852578,1741.6629999999998,1756.7377824762837,1628.2443999999998,1636.4317620471113,0.04244047212348207,0.1150537351763655,57.737959161688195,58.560366656519626,-0.822407494831431,1741.6629999999998,1909.345450903655,1573.9805490963445,0.19255441598478618,0.7204076801169562,100.0,156.86285714285714,0.08639820726316502,152507.5,8.589741488123535,0.0,0.0,0.33415347162404196,0.33320324759150455,0.7701009643509821,0.8629216602774452,0.14721872201702632,1,-1,0.0,0.0,0.0,0.0,0.0948300078142352,0.0,0.0,0.0,0.0,0.0089927303820479,0.33415347162404196,0.33415347162404196,0.33415347162404196,0.33415347162404196,0.33415347162404196,100.0,100.0,100.0,100.0,87.93832646287275,59.718228549699916,61.37714360785753,62.60176401142803,63.167006278870076,42.8565367747201,156.2571428571428,153.23714285714283,145.40285714285713,137.36142857142855,124.30928571428566,0.19198315835790827,0.18991094071129677,0.1862497357132904,0.17354754374137246,0.08591556553325025,0.0,0.0,0.0,0.0,3,9,3,2023,0,0,14,0,0,0,1,0,1,0,0.0894591748506252,0,0.0,-0.01345998745407293,0.33415347162404196,0.0,0.0,0.0
2023-09-15,1815.58,1815.58,1701.0,1653.3,8480.0,0.0,0.0,0.0,0.0,0.0,0.0,0.3341534716240422,SEPLAT,1815.58,1814.3184584754886,1815.58,1801.0010555243016,1749.8759999999997,1762.3418031928281,1636.8863999999999,1643.4571831433032,0.037547803387211545,0.10916676930054528,55.52848361083352,57.95399004738241,-2.4255064365488934,1749.8759999999997,1914.9982631423977,1584.7537368576018,0.1887245303580345,0.6989556064385407,100.0,158.0542857142857,0.08705443203509937,152841.5,0.055482313376929694,0.0,0.0,0.33415347162404196,0.33320324759150455,0.6839379868509585,0.7297644673543348,0.1427338088227674,1,-1,0.0,0.0,0.0,0.0,0.0,0.0,0.0,0.0,0.0,0.0,0.33415347162404196,0.33415347162404196,0.33415347162404196,0.33415347162404196,0.33415347162404196,100.0,100.0,100.0,100.0,87.93832646287275,57.737959161688195,59.718228549699916,61.37714360785753,63.25425385000085,50.67035040034193,156.86285714285714,156.2571428571428,153.23714285714283,144.18285714285713,125.99499999999996,0.19255441598478618,0.19198315835790827,0.18991094071129677,0.18086304683324972,0.11526538839729622,0.0,0.0,0.0,0.0,4,9,3,2023,0,0,15,0,0,0,0,1,1,0,0.0894591748506252,0,0.0,-0.01345998745407293,0.32850078323281806,0.0,0.0,0.0
2023-09-18,1815.58,1815.58,1699.0,1653.3,47380.0,0.0,0.0,0.0,0.0,0.0,0.0,0.3285007832328183,SEPLAT,1815.58,1814.7389723169927,1815.58,1803.6517727017012,1758.089,1767.412107650654,1645.5284,1650.2070975298404,0.03270084734049299,0.10334163785930404,53.164609790524764,56.996113996010884,-3.8315042054861195,1758.089,1918.8537065090827,1597.3242934909172,0.18288574299604032,0.6788047925704138,100.0,165.00285714285715,0.09088162303112898,154438.5,0.3067887864748751,0.0,0.0,0.32850078323281806,0.33320324759150455,0.5972663666928798,0.605141741037924,0.13736361986913168,1,-1,0.0,0.0,0.0,0.0,0.0,0.0,0.0,0.0,0.0,0.0,0.33415347162404196,0.33415347162404196,0.33415347162404196,0.33415347162404196,0.33415347162404196,100.0,100.0,100.0,100.0,87.93832646287275,55.52848361083352,57.737959161688195,59.718228549699916,62.60176401142803,56.214844262007546,158.0542857142857,156.86285714285714,156.2571428571428,145.40285714285713,125.42214285714282,0.1887245303580345,0.19255441598478618,0.19198315835790827,0.1862497357132904,0.13599832350892116,0.0,0.0,0.0,0.0,0,9,3,2023,0,0,18,1,0,0,0,0,1,0,0.0894591748506252,0,0.0,-0.01345998745407293,0.32850078323281806,0.0,0.0,0.0
2023-09-19,1815.58,1815.58,1654.0,1653.3,17390.0,0.0,0.0,0.0,0.0,0.0,0.0,0.3285007832328183,SEPLAT,1815.58,1815.0193148779954,1815.58,1805.820541301392,1766.3019999999997,1771.9995259696393,1654.1704,1656.6923093914154,0.02789896631493383,0.09757737171454643,50.706707398083154,55.73823267642534,-5.031525278342187,1766.3019999999997,1920.7597339018973,1611.844266098102,0.1748939127079035,0.6595193673866104,100.0,171.5371428571428,0.09448063035346435,155268.5,0.11199953628714131,0.0,0.0,0.32850078323281806,0.3295728330229005,0.44789137362115305,0.3980375545803001,0.13145879280039366,1,-1,0.0,0.0,0.0,0.0,0.0,0.0,0.0,0.0,0.0,0.0,0.32850078323281806,0.33415347162404196,0.33415347162404196,0.33415347162404196,0.33415347162404196,100.0,100.0,100.0,100.0,87.93832646287275,53.164609790524764,55.52848361083352,57.737959161688195,61.37714360785753,59.918195928417845,165.00285714285715,158.0542857142857,156.86285714285714,153.23714285714283,126.63642857142852,0.18288574299604032,0.1887245303580345,0.19255441598478618,0.18991094071129677,0.15174517547836672,0.0,0.0,0.0,0.0,1,9,3,2023,0,0,19,0,1,0,0,0,1,0,0.0894591748506252,0,0.0,-0.01345998745407293,0.32850078323281806,0.0,0.0,0.0
2023-11-13,1927.46,1927.46,2145.2,2000.0,26200.0,-1.51,-0.0150995651529629,-0.0152147242926809,0.0002314878353022,0.0152147242926809,0.1080138273520373,0.1904063863467053,SEPLAT,1951.1,1940.1261042882488,1924.3670000000002,1923.3183186013507,1876.6945,1892.1861661384155,1840.0258,1819.7220674848566,0.0270504869066329,0.04751792067263413,38.627843635608315,32.89886129297957,5.728982342628747,1876.6945,1993.6135644893159,1759.7754355106842,0.12460106265491352,0.7170967592912916,82.71727687448828,151.6657142857143,0.07868682840926104,76801.0,0.341141391388133,0.1080138273520369,0.21632727835047227,0.19040638634670504,0.22000133590577522,0.6954098751814644,0.8030163049584977,0.0807408707349071,0,1,0.0,0.0,0.0,0.0386630789707528,0.0,0.0,0.0,0.0,0.0014948336754986,0.0,0.17918476119673934,0.17918476119673934,0.17918476119673934,0.17918476119673934,0.12591920480403185,100.0,100.0,100.0,100.0,100.0,40.565189769593644,39.439181529413645,37.42832473515614,29.847404322784087,17.641720465711842,156.0807142857143,151.4957142857143,135.71071428571432,129.75357142857146,122.735,0.12548448545734808,0.12075604559749441,0.11362651231389391,0.08945591415612453,0.04540808903275192,0.0,0.0,0.0,0.0386630789707528,0,11,4,2023,0,0,13,1,0,0,0,0,1,0,0.8595877210472646,0,-0.015099565152962915,-0.015099565152962915,0.19040638634670504,0.0,0.0,0.5257171362454593
2023-11-14,1927.46,1927.46,2145.0,2003.4,1220.0,0.0,0.0,0.0,0.0,0.0,0.1080138273520373,0.1904063863467053,SEPLAT,1945.19,1935.9040695254994,1928.834,1924.0713515829232,1882.2884999999999,1895.5455788871377,1842.2634,1823.9470844462346,0.02399818093772562,0.04624561286947349,36.66977650914555,33.653044336212766,3.016732172932784,1882.2884999999999,1997.5905002154705,1766.9864997845293,0.12251256937017953,0.6958834188287537,82.71727687448828,157.41857142857143,0.08167151143399677,75102.5,0.016244465896607968,0.1080138273520369,0.21632727835047227,0.19040638634670504,0.22000133590577522,0.7178704343763487,0.8350683097771171,0.08108946594264592,0,1,-0.0152147242926809,0.0,0.0,0.0,0.0,0.0002314878353022,0.0,0.0,0.0,0.0,0.19040638634670504,0.17918476119673934,0.17918476119673934,0.17918476119673934,0.12591920480403185,82.71727687448828,100.0,100.0,100.0,100.0,38.627843635608315,40.565189769593644,39.439181529413645,34.317328248883314,20.18738933409827,151.6657142857143,156.0807142857143,151.4957142857143,128.14000000000004,119.70857142857143,0.12460106265491352,0.12548448545734808,0.12075604559749441,0.10354563938684623,0.05394695289765849,0.0152147242926809,0.0,0.0,0.0,1,11,4,2023,0,0,14,0,1,0,0,0,1,1,0.0894591748506252,0,-0.015099565152962915,-0.015099565152962915,0.19040638634670504,0.0,0.0,0.5257171362454593
2023-11-15,1927.46,1927.46,2145.0,2001.0,2900.0,0.0,0.0,0.0,0.0,0.0,0.1080138273520373,0.1904063863467053,SEPLAT,1939.28,1933.0893796836665,1933.301,1924.6874694769372,1887.8824999999997,1898.5850475645532,1844.501,1828.006414467951,0.020963963594132756,0.044976391988944465,34.717789142154516,33.86599329740112,0.8517958447533971,1887.8824999999997,2000.3792388299435,1775.385761170056,0.11917769122807566,0.6759050991683762,82.71727687448828,162.60714285714286,0.08436343314888135,74484.0,0.038934536276247246,0.1080138273520369,0.21632727835047227,0.19040638634670504,0.22000133590577522,0.7344656797286551,0.8581998914033739,0.08036960776682428,0,1,0.0,-0.0152147242926809,0.0,0.0,0.0,0.0,0.0002314878353022,0.0,0.0,0.0,0.19040638634670504,0.19040638634670504,0.17918476119673934,0.17918476119673934,0.12591920480403185,82.71727687448828,82.71727687448828,100.0,100.0,100.0,36.66977650914555,38.627843635608315,40.565189769593644,37.42832473515614,21.951803526319964,157.41857142857143,151.6657142857143,156.0807142857143,135.71071428571432,122.46785714285716,0.12251256937017953,0.12460106265491352,0.12548448545734808,0.11362651231389391,0.0603216407839297,0.0,0.0152147242926809,0.0,0.0,2,11,4,2023,0,0,15,0,0,1,0,0,1,0,0.0894591748506252,0,-0.015099565152962915,-0.015099565152962915,0.19040638634670504,0.0,0.0,0.5257171362454593
2023-11-16,1927.46,1927.46,2145.2,2030.4,20140.0,0.0,0.0,0.0,0.0,0.0,0.1080138273520373,0.1904063863467053,SEPLAT,1933.3700000000001,1931.212919789111,1937.768,1925.1915659356757,1893.4765,1901.3350430345956,1846.7386000000001,1831.9065550770508,0.017947674555242724,0.04371024681024152,32.7928099897581,33.65135663587252,-0.8585466461144193,1893.4765,2001.8875816388686,1785.0654183611314,0.11451008939257351,0.65673443842763,71.52356172304138,173.3592857142857,0.08994183314532374,67316.0,0.29918592905104285,0.1080138273520369,0.21632727835047227,0.19040638634670504,0.22000133590577522,0.6617571653162309,0.7733657270047429,0.07855192743796884,0,1,0.0,0.0,-0.0152147242926809,0.0,0.0,0.0,0.0,0.0002314878353022,0.0,0.0,0.19040638634670504,0.19040638634670504,0.19040638634670504,0.17918476119673934,0.12591920480403185,82.71727687448828,82.71727687448828,82.71727687448828,100.0,100.0,34.717789142154516,36.66977650914555,38.627843635608315,39.439181529413645,23.084016314797736,162.60714285714286,157.41857142857143,151.6657142857143,151.4957142857143,126.16285714285716,0.11917769122807566,0.12251256937017953,0.12460106265491352,0.12075604559749441,0.06518033446763204,0.0,0.0,0.0152147242926809,0.0,3,11,4,2023,0,0,16,0,0,0,1,0,1,0,0.0894591748506252,0,-0.015099565152962915,-0.015099565152962915,0.31103889639508514,0.0054837005425025,0.0740520124135902,0.5257171362454593
2023-11-24,2075.61,2075.61,2281.1,2201.8,2220.0,0.0,0.0,0.0,0.0,0.0,0.0,0.3110388963950853,SEPLAT,2075.61,2062.9331644259305,2016.3500000000004,2030.486787749573,1968.125,1980.013757671697,1877.9422,1883.9122162856465,0.05461289298189908,0.10525765915479197,61.45496564058749,50.85161711822264,10.603348522364847,1968.125,2122.336575441028,1813.9134245589719,0.1567091271550618,0.8484984823370264,83.37084974676424,209.75571428571422,0.10105738278660933,51009.0,0.043521731459154264,0.0,0.38772691479048843,0.31103889639508514,0.26048601586489806,0.6549500387360647,0.6654394132388817,0.07387174304619577,1,-1,0.0,0.0,0.0,0.0740520124135902,0.0,0.0,0.0,0.0,0.0054837005425025,0.0,0.31103889639508514,0.31103889639508514,0.31103889639508514,0.31103889639508514,0.17918476119673934,88.27008574150526,88.27008574150526,88.27008574150526,88.27008574150526,100.0,60.578672649386135,58.57905981117028,55.17476764586695,42.72916182204267,40.565189769593644,200.37928571428566,199.93071428571423,197.98928571428567,183.94142857142856,156.0807142857143,0.15314803090308524,0.15655040125827824,0.15512372939840216,0.135760352674856,0.12548448545734808,0.0,0.0,0.0,0.0740520124135902,4,11,4,2023,0,0,24,0,0,0,0,1,1,0,0.0894591748506252,0,0.0,-0.015099565152962915,0.29179185204837116,0.0,0.0,0.6766009499358874
2023-11-27,2075.61,2075.61,2300.0,2207.4,7910.0,0.0,0.0,0.0,0.0,0.0,0.0,0.2917918520483713,SEPLAT,2075.61,2067.158776283954,2031.1650000000002,2038.6910081587416,1977.766,1989.118161702964,1883.1428,1891.4297764313076,0.049471980001678684,0.10220531337294232,61.44117848964197,52.96952939250651,8.471649097135462,1977.766,2133.615274607851,1821.9167253921491,0.15760132857764864,0.8139058563031359,83.37084974676424,216.28428571428563,0.10420275760585351,41710.0,0.18964277151762168,0.0,0.3717381520251364,0.29179185204837116,0.26048601586489806,0.4015275440352177,0.4700438812623147,0.07399850987180796,1,-1,0.0,0.0,0.0,0.0,-0.0152147242926809,0.0,0.0,0.0,0.0,0.0002314878353022,0.31103889639508514,0.31103889639508514,0.31103889639508514,0.31103889639508514,0.19040638634670504,83.37084974676424,88.27008574150526,88.27008574150526,88.27008574150526,82.71727687448828,61.45496564058749,60.578672649386135,58.57905981117028,50.02711084366729,38.627843635608315,209.75571428571422,200.37928571428566,199.93071428571423,195.3335714285714,151.6657142857143,0.1567091271550618,0.15314803090308524,0.15655040125827824,0.1485225851823977,0.12460106265491352,0.0,0.0,0.0,0.0,0,11,4,2023,0,0,27,1,0,0,0,0,1,0,0.0894591748506252,0,0.0,-0.015099565152962915,0.29179185204837116,0.0,0.0,0.6766009499358874
2023-11-28,2075.61,2075.61,2310.1,2203.4,27230.0,0.0,0.0,0.0,0.0,0.0,0.0,0.2917918520483713,SEPLAT,2075.61,2069.9758508559694,2045.98,2045.4035521298795,1987.407,1997.355479636015,1888.3434,1898.6525302967466,0.044380944617785995,0.09916978024230134,60.73019222050061,54.521661958105334,6.2085302623952785,1987.407,2142.37169072868,1832.44230927132,0.15594660854941128,0.7845906366968154,83.37084974676424,217.46285714285705,0.10477057691129693,42987.5,0.6334399534748474,0.0,0.3717381520251364,0.29179185204837116,0.26048601586489806,0.39824977153736,0.4666742064620767,0.0732359660249263,1,-1,0.0,0.0,0.0,0.0,0.0,0.0,0.0,0.0,0.0,0.0,0.29179185204837116,0.31103889639508514,0.31103889639508514,0.31103889639508514,0.19040638634670504,83.37084974676424,83.37084974676424,88.27008574150526,88.27008574150526,82.71727687448828,61.44117848964197,61.45496564058749,60.578672649386135,55.17476764586695,36.66977650914555,216.28428571428563,209.75571428571422,200.37928571428566,197.98928571428567,157.41857142857143,0.15760132857764864,0.1567091271550618,0.15314803090308524,0.15512372939840216,0.12251256937017953,0.0,0.0,0.0,0.0,1,11,4,2023,0,0,28,0,1,0,0,0,1,0,0.0894591748506252,0,0.0,-0.015099565152962915,0.42777220544182776,0.009083112012979,0.0953053619319452,0.6766009499358874
2023-12-06,2283.16,2283.16,2310.0,2100.0,210290.0,0.0,0.0,0.0,0.0,0.0,0.0,0.4149730244060293,SEPLAT,2283.16,2264.44424479394,2200.14,2211.8367294987042,2096.385,2126.3856781870068,1944.4530000000002,1980.7053925691032,0.08909384488059188,0.1741914049863893,103.60476518530913,86.0540573116006,17.550707873708532,2096.385,2373.8758675595477,1818.8941324404527,0.2647327352175745,0.8365426070461924,100.0,171.26642857142846,0.07501288940390882,111766.5,1.881511902045783,0.0,0.47842911985692577,0.4149730244060291,0.2611633227550966,0.4935938505429751,0.4314807010135319,0.0960296058813852,1,-1,0.0,0.0,0.0,0.0953053619319452,0.0,0.0,0.0,0.0,0.009083112012979,0.0,0.4149730244060291,0.42777220544182776,0.42777220544182776,0.42777220544182776,0.31103889639508514,100.0,100.0,100.0,92.32965606748866,88.27008574150526,102.61482299539966,99.8587175385278,94.88843431846954,76.0377648903127,58.57905981117028,171.8192857142856,180.28642857142844,187.967857142857,216.502857142857,199.93071428571423,0.2591188479126569,0.24899090838562926,0.23353890502093694,0.19532906831841315,0.15655040125827824,0.0,0.0,0.0,0.0953053619319452,2,12,4,2023,0,0,6,0,0,1,0,0,1,0,0.0894591748506252,0,0.0,-0.015099565152962915,0.4149730244060291,0.0,0.0,0.00031094847558149375
2023-12-07,2283.16,2283.16,2310.1,2270.0,360380.0,0.0,0.0,0.0,0.0,0.0,0.0,0.4149730244060293,SEPLAT,2283.16,2270.682829862627,2220.8949999999995,2224.804596862576,2112.6925,2141.3165659787205,1953.8046000000002,1992.5663575663932,0.0806873219836771,0.16857130953627586,103.19967983341121,89.48318181596272,13.716498017448487,2112.6925,2394.003876975394,1831.381123024606,0.26630603078810006,0.8029872126624127,100.0,163.5485714285713,0.07163254937392531,129227.5,2.788725310015283,0.0,0.47842911985692577,0.4149730244060291,0.2611633227550966,0.4992082512640702,0.4707927584328386,0.09503488609631423,1,-1,0.0,0.0,0.0,0.0,0.0,0.0,0.0,0.0,0.0,0.0,0.4149730244060291,0.4149730244060291,0.42777220544182776,0.42777220544182776,0.31103889639508514,100.0,100.0,100.0,92.32965606748866,88.27008574150526,103.60476518530913,102.61482299539966,99.8587175385278,87.16435014568947,60.578672649386135,171.26642857142846,171.8192857142856,180.28642857142844,200.71071428571415,200.37928571428566,0.2647327352175745,0.2591188479126569,0.24899090838562926,0.21944295109568426,0.15314803090308524,0.0,0.0,0.0,0.0,3,12,4,2023,0,0,7,0,0,0,1,0,1,0,0.0894591748506252,0,0.0,-0.015099565152962915,0.4149730244060291,0.0,0.0,0.00031094847558149375
2023-12-08,2283.16,2283.16,2310.2,2120.0,4010.0,0.0,0.0,0.0,0.0,0.0,0.0,0.4149730244060293,SEPLAT,2283.16,2274.8418865750846,2241.6499999999996,2235.4146701602895,2129.0,2154.825464456938,1963.1562,2003.9621866814366,0.07240958196336302,0.1630047573392275,101.7062405425122,91.92779356127262,9.778446981239583,2129.0,2410.125507839288,1847.8744921607122,0.26409159966114404,0.7741835865141934,100.0,157.37714285714273,0.06892952874837625,129159.5,0.031046883891622374,0.0,0.47842911985692577,0.4149730244060291,0.2611633227550966,0.6189216700895355,0.6540724478716976,0.09261117960312112,1,-1,0.0,0.0,0.0,0.0,0.0,0.0,0.0,0.0,0.0,0.0,0.4149730244060291,0.4149730244060291,0.4149730244060291,0.42777220544182776,0.31103889639508514,100.0,100.0,100.0,100.0,83.37084974676424,103.19967983341121,103.60476518530913,102.61482299539966,94.88843431846954,61.45496564058749,163.5485714285713,171.26642857142846,171.8192857142856,187.967857142857,209.75571428571422,0.26630603078810006,0.2647327352175745,0.2591188479126569,0.23353890502093694,0.1567091271550618,0.0,0.0,0.0,0.0,4,12,4,2023,0,0,8,0,0,0,0,1,1,0,0.0894591748506252,0,0.0,-0.015099565152962915,0.4149730244060291,0.0,0.0,0.00031094847558149375
2023-12-11,2283.16,2283.16,2310.1,2107.0,82030.0,0.0,0.0,0.0,0.0,0.0,0.0,0.4149730244060293,SEPLAT,2283.16,2277.6145910500563,2262.4049999999997,2244.095639222055,2146.785,2167.047801175325,1972.5078,2014.9111205370666,0.06352522492937113,0.15749098685439913,99.37712154773317,93.41765915856473,5.959462389168436,2146.785,2419.0931371882775,1874.4768628117222,0.2536892489823412,0.750405664348011,100.0,155.14214285714274,0.06795062232044305,131951.0,0.6216701654402013,0.0,0.47842911985692577,0.4149730244060291,0.2611633227550966,0.702668896786443,0.7511456552532844,0.08864134612109963,1,-1,0.0,0.0,0.0,0.0,0.0,0.0,0.0,0.0,0.0,0.0,0.4149730244060291,0.4149730244060291,0.4149730244060291,0.42777220544182776,0.29179185204837116,100.0,100.0,100.0,100.0,83.37084974676424,101.7062405425122,103.19967983341121,103.60476518530913,99.8587175385278,61.44117848964197,157.37714285714273,163.5485714285713,171.26642857142846,180.28642857142844,216.28428571428563,0.26409159966114404,0.26630603078810006,0.2647327352175745,0.24899090838562926,0.15760132857764864,0.0,0.0,0.0,0.0,0,12,4,2023,0,0,11,1,0,0,0,0,1,0,0.0894591748506252,0,0.0,-0.015099565152962915,0.4078499852608938,1.918431636239183e-09,4.379990452317428e-05,0.00031094847558149375
2023-12-19,2283.06,2283.06,2310.0,2160.0,2790.0,0.0,0.0,0.0,0.0,0.0,0.0,0.3301550793427724,SEPLAT,2283.06,2282.5819394063155,2283.1,2271.3712922128043,2231.2425,2219.4230296343467,2028.6054000000001,2072.1333718812066,0.02322360747431089,0.12543326563165008,77.12547201939424,86.90562333801323,-9.78015131861899,2231.2425,2415.6199939884887,2046.865006011511,0.165268897476172,0.6405201331221999,0.0,115.04928571428566,0.05039258088455216,116548.0,0.023938634725606617,0.0,0.00021987377568141319,0.33015507934277233,0.26116581690835994,0.6486851749500041,0.7538616348442488,0.0536818039992109,1,-1,0.0,0.0,0.0,-4.379990452317428e-05,0.0,0.0,0.0,0.0,1.918431636239183e-09,0.0,0.33015507934277233,0.4078499852608938,0.4078499852608938,0.4078499852608938,0.4149730244060291,99.95184204189746,99.95184204189746,99.95184204189746,99.95184204189746,100.0,81.23617896039968,85.30131867113187,89.24916872124959,96.41183320085293,102.61482299539966,119.15999999999993,123.77357142857133,126.90142857142847,139.12142857142845,171.8192857142856,0.17572467018033702,0.1837626481415082,0.18963866954547726,0.23845538683864936,0.2591188479126569,0.0,0.0,0.0,4.379990452317428e-05,1,12,4,2023,0,0,19,0,1,0,0,0,1,0,0.0894591748506252,0,-4.379894532135683e-05,-4.379894532135683e-05,0.33015507934277233,0.0,0.0,0.0
2023-12-20,2283.06,2283.06,2300.0,2140.0,2070.0,0.0,0.0,0.0,0.0,0.0,0.0,0.3301550793427724,SEPLAT,2283.06,2282.741292937544,2283.09,2273.496511810476,2241.6150000000002,2225.4836934786945,2037.955,2080.4050043564534,0.01848890197469222,0.1202700746581745,73.02590992009482,84.12968065442955,-11.10377073433473,2241.6150000000002,2411.9325606732486,2071.297439326752,0.15195969037791807,0.6216697791941469,0.0,126.47785714285708,0.05539839388489881,113444.5,0.01824680791047605,0.0,0.00021987377568141319,0.33015507934277233,0.26116581690835994,0.6753079713953696,0.7875557170847052,0.05266973154588126,1,-1,0.0,0.0,0.0,0.0,0.0,0.0,0.0,0.0,0.0,0.0,0.33015507934277233,0.33015507934277233,0.4078499852608938,0.4078499852608938,0.4149730244060291,0.0,99.95184204189746,99.95184204189746,99.95184204189746,100.0,77.12547201939424,81.23617896039968,85.30131867113187,92.9898912401818,103.60476518530913,115.04928571428566,119.15999999999993,123.77357142857133,133.0292857142856,171.26642857142846,0.165268897476172,0.17572467018033702,0.1837626481415082,0.2176296018559459,0.2647327352175745,0.0,0.0,0.0,0.0,2,12,4,2023,0,0,20,0,0,1,0,0,1,0,0.0894591748506252,0,-4.379894532135683e-05,-4.379894532135683e-05,0.33015507934277233,0.0,0.0,0.0
2023-12-21,2283.06,2283.06,2287.4,2135.1,15590.0,0.0,0.0,0.0,0.0,0.0,0.0,0.3301550793427724,SEPLAT,2283.06,2282.8475286250296,2283.08,2275.235327844935,2251.9875,2230.9671512426285,2047.3046,2088.352259087573,0.013797811932792593,0.11515404205119259,68.98179819078541,81.10010416170073,-12.118305970915316,2251.9875,2404.0239169498504,2099.95108305015,0.13502421034739337,0.6021876883952386,0.0,136.65714285714282,0.05985700895164508,113324.0,0.13757015283611593,0.0,0.00021987377568141319,0.33015507934277233,0.26116581690835994,0.7006253238212933,0.8227871187106115,0.051620974672531926,1,-1,0.0,0.0,0.0,0.0,0.0,0.0,0.0,0.0,0.0,0.0,0.33015507934277233,0.33015507934277233,0.33015507934277233,0.4078499852608938,0.4149730244060291,0.0,0.0,99.95184204189746,99.95184204189746,100.0,73.02590992009482,77.12547201939424,81.23617896039968,89.24916872124959,103.19967983341121,126.47785714285708,115.04928571428566,119.15999999999993,126.90142857142847,163.5485714285713,0.15195969037791807,0.165268897476172,0.17572467018033702,0.18963866954547726,0.26630603078810006,0.0,0.0,0.0,0.0,3,12,4,2023,0,0,21,0,0,0,1,0,1,0,0.0894591748506252,0,-4.379894532135683e-05,-4.379894532135683e-05,0.33015507934277233,0.0,0.0,0.0
2023-12-22,2283.06,2283.06,2300.0,2135.0,1200000.0,0.0,0.0,0.0,0.0,0.0,0.0,0.3301550793427724,SEPLAT,2283.06,2282.9183524166865,2283.07,2276.657995509492,2262.3599999999997,2235.9283749338065,2056.6542,2095.9878567704136,0.009149737442316995,0.11008452466146229,65.02721722690148,77.88552677474088,-12.858309547839397,2262.3599999999997,2390.094341918156,2134.6256580818435,0.11292132279403468,0.5810275439210525,0.0,140.58571428571423,0.06157775717051424,173213.0,6.927886475033629,0.0,0.00021987377568141319,0.33015507934277233,0.26116581690835994,0.6859544639342875,0.8066884305896087,0.05053324940759939,1,-1,0.0,0.0,0.0,0.0,0.0,0.0,0.0,0.0,0.0,0.0,0.33015507934277233,0.33015507934277233,0.33015507934277233,0.4078499852608938,0.4149730244060291,0.0,0.0,0.0,99.95184204189746,100.0,68.98179819078541,73.02590992009482,77.12547201939424,85.30131867113187,101.7062405425122,136.65714285714282,126.47785714285708,115.04928571428566,123.77357142857133,157.37714285714273,0.13502421034739337,0.15195969037791807,0.165268897476172,0.1837626481415082,0.26409159966114404,0.0,0.0,0.0,0.0,4,12,4,2023,0,0,22,0,0,0,0,1,1,0,0.0894591748506252,0,-4.379894532135683e-05,-4.379894532135683e-05,0.33015507934277233,0.0,0.0,0.0
2023-12-27,2283.06,2283.06,2274.9,2100.1,21150.0,0.0,0.0,0.0,0.0,0.0,0.0,0.3301550793427724,SEPLAT,2283.06,2282.965568277791,2283.06,2277.821996325948,2272.7325,2240.4171011305866,2066.0038,2103.324019250005,0.004544089548593982,0.10506089098190428,61.18784789933534,74.54599099965978,-13.35814310032444,2272.7325,2365.5281979209317,2179.9368020790685,0.08166002635235921,0.5556464374501479,0.0,146.5828571428571,0.06420455754244615,173875.0,0.1216391085549964,0.0,0.00021987377568141319,0.33015507934277233,0.26116581690835994,0.6925888598395319,0.8138969658062496,0.049403981922114176,1,-1,0.0,0.0,0.0,0.0,0.0,0.0,0.0,0.0,0.0,0.0,0.33015507934277233,0.33015507934277233,0.33015507934277233,0.33015507934277233,0.4149730244060291,0.0,0.0,0.0,99.95184204189746,100.0,65.02721722690148,68.98179819078541,73.02590992009482,81.23617896039968,99.37712154773317,140.58571428571423,136.65714285714282,126.47785714285708,119.15999999999993,155.14214285714274,0.11292132279403468,0.13502421034739337,0.15195969037791807,0.17572467018033702,0.2536892489823412,0.0,0.0,0.0,0.0,2,12,4,2023,0,0,27,0,0,1,0,0,1,0,0.0894591748506252,0,-4.379894532135683e-05,-4.379894532135683e-05,0.33015507934277233,0.0,0.0,0.0
2023-12-28,2283.06,2283.06,2247.9,2100.1,10670.0,0.0,0.0,0.0,0.0,0.0,0.0,0.3301550793427724,SEPLAT,2283.06,2282.9970455185276,2283.06,2278.774360630321,2283.105,2244.4783295943403,2075.3534,2110.3724890833387,-1.971000019713187e-05,0.1000825208853586,57.48249759540931,71.1332923188097,-13.65079472340038,2283.105,2283.2070835626055,2283.0029164373946,8.942520173663296e-05,0.2795923317547554,0.0,144.65142857142854,0.06335857514538756,173047.0,0.061659549139829066,0.0,0.0,0.33015507934277233,0.26116581690835994,0.6941340462592605,0.8158550085866901,0.04660579330028893,1,-1,0.0,0.0,0.0,0.0,-4.379990452317428e-05,0.0,0.0,0.0,0.0,1.918431636239183e-09,0.33015507934277233,0.33015507934277233,0.33015507934277233,0.33015507934277233,0.4078499852608938,0.0,0.0,0.0,0.0,99.95184204189746,61.18784789933534,65.02721722690148,68.98179819078541,77.12547201939424,96.41183320085293,146.5828571428571,140.58571428571423,136.65714285714282,115.04928571428566,139.12142857142845,0.08166002635235921,0.11292132279403468,0.13502421034739337,0.165268897476172,0.23845538683864936,0.0,0.0,0.0,0.0,3,12,4,2023,0,0,28,0,0,0,1,0,1,0,0.0894591748506252,0,-4.379894532135683e-05,-4.379894532135683e-05,0.33015507934277233,0.0,0.0,0.0
2023-12-29,2283.06,2283.06,2294.0,2200.0,12110.0,0.0,0.0,0.0,0.0,0.0,0.0,0.3301550793427724,SEPLAT,2283.06,2283.0180303456855,2283.06,2279.5535677884445,2283.1,2248.152774394879,2084.703,2117.1445483349726,-1.7520038544068865e-05,0.09514880536939793,53.92437416531993,67.69150868811175,-13.767134522791821,2283.1,2283.2005249435742,2282.9994750564256,8.806004430320885e-05,0.30104440461392723,0.0,148.50142857142853,0.06504490839987935,164142.0,0.07377758282462746,0.0,0.0,0.33015507934277233,0.26116581690835994,0.6474090782774252,0.7479133152639782,0.04354811403627921,1,-1,0.0,0.0,0.0,0.0,0.0,0.0,0.0,0.0,0.0,0.0,0.33015507934277233,0.33015507934277233,0.33015507934277233,0.33015507934277233,0.4078499852608938,0.0,0.0,0.0,0.0,99.95184204189746,57.48249759540931,61.18784789933534,65.02721722690148,73.02590992009482,92.9898912401818,144.65142857142854,146.5828571428571,140.58571428571423,126.47785714285708,133.0292857142856,8.942520173663296e-05,0.08166002635235921,0.11292132279403468,0.15195969037791807,0.2176296018559459,0.0,0.0,0.0,0.0,4,12,4,2023,0,0,29,0,0,0,0,1,1,0,0.0894591748506252,0,-4.379894532135683e-05,-4.379894532135683e-05,0.00015172731999759764,0.0,0.0,0.0
2024-01-02,2283.06,2283.06,2290.7,2123.2,91680.0,0.0,0.0,0.0,0.0,0.0,0.0,0.0001517273199255,SEPLAT,2283.06,2283.0320202304574,2283.06,2280.191100917818,2283.095,2251.4772720715573,2094.0526,2123.651036635562,-1.5330067298931707e-05,0.09025914630797716,50.52214784071657,64.25763651863272,-13.735488677916152,2283.095,2283.1928721027216,2282.997127897278,8.57363383668173e-05,0.3211952179093185,0.0,146.87999999999997,0.06433470868045517,151707.5,0.6043208147257058,0.0,0.0,0.00015172731999759764,0.26116581690835994,0.6615505590132457,0.7636973003098344,0.09338750678009633,0,-1,0.0,0.0,0.0,0.0,0.0,0.0,0.0,0.0,0.0,0.0,0.33015507934277233,0.33015507934277233,0.33015507934277233,0.33015507934277233,0.4078499852608938,0.0,0.0,0.0,0.0,99.95184204189746,53.92437416531993,57.48249759540931,61.18784789933534,68.98179819078541,89.24916872124959,148.50142857142853,144.65142857142854,146.5828571428571,136.65714285714282,126.90142857142847,8.806004430320885e-05,8.942520173663296e-05,0.08166002635235921,0.13502421034739337,0.18963866954547726,0.0,0.0,0.0,0.0,1,1,1,2024,0,0,2,0,1,0,0,0,1,0,0.0894591748506252,0,-4.379894532135683e-05,-4.379894532135683e-05,0.00015172731999759764,0.0,0.0,0.0
2024-01-03,2283.06,2283.06,2300.0,2200.1,160000.0,0.0,0.0,0.0,0.0,0.0,0.0,0.0001517273199255,SEPLAT,2283.06,2283.041346820305,2283.06,2280.71271893276,2283.09,2254.485150921885,2103.4022,2129.9023685322068,-1.3140086461856558e-05,0.08541295620970633,47.280834932941616,60.8622762014945,-13.581441268552886,2283.09,2283.184032475167,2282.9959675248333,8.23729902604289e-05,0.3404806427408656,0.0,139.50857142857143,0.06110595929523159,122201.0,1.3093182543514374,0.0,0.0,0.00015172731999759764,0.26116581690835994,0.6105392373933718,0.6962662721940126,0.12114147169635611,0,-1,0.0,0.0,0.0,0.0,0.0,0.0,0.0,0.0,0.0,0.0,0.00015172731999759764,0.33015507934277233,0.33015507934277233,0.33015507934277233,0.4078499852608938,0.0,0.0,0.0,0.0,99.95184204189746,50.52214784071657,53.92437416531993,57.48249759540931,65.02721722690148,85.30131867113187,146.87999999999997,148.50142857142853,144.65142857142854,140.58571428571423,123.77357142857133,8.57363383668173e-05,8.806004430320885e-05,8.942520173663296e-05,0.11292132279403468,0.1837626481415082,0.0,0.0,0.0,0.0,2,1,1,2024,0,0,3,0,0,1,0,0,1,0,0.0894591748506252,0,-4.379894532135683e-05,-4.379894532135683e-05,0.00015172731999759764,0.0,0.0,0.0
2024-02-02,3038.75,3038.75,3382.0,3074.7,135820.0,0.0,0.0,0.0,0.0,0.0,0.0,0.5425132687232647,SEPLAT,3038.75,3013.4100915530566,2930.764,2904.5458696704745,2618.3275000000003,2720.5357183628357,2396.44,2444.2230346779866,0.16056910375039013,0.26802673966383467,216.296103958186,171.27114370949957,45.024960248686426,2618.3275000000003,3316.201145443975,1920.4538545560258,0.5330682624262812,0.801216776664875,100.0,295.92,0.09738214726450022,95510.0,1.4220500471154853,0.0,0.6379292605921504,0.5425132687232644,0.40274801437786706,0.9743918909076071,1.0114884655456255,0.25688612226156804,1,-1,0.0,0.0,0.0,0.0,0.0953117725617384,0.0,0.0,0.0,0.0,0.0090843339888605,0.5425132687232644,0.5425132687232644,0.5425132687232644,0.5425132687232644,0.3301696652727603,100.0,100.0,100.0,100.0,100.0,215.46469719301876,211.2694878717616,202.84186451449523,168.88838092463584,38.38329738382936,289.8264285714286,284.95428571428573,291.50357142857143,263.62428571428575,194.8207142857143,0.5299016073300601,0.519292615115982,0.5000656444386519,0.426985903329937,0.08899928196104122,0.0,0.0,0.0,0.0,4,2,1,2024,0,0,2,0,0,0,0,1,1,0,0.0894591748506252,0,0.0,-4.379894532135683e-05,0.5425132687232644,0.0,0.0,0.0
2024-02-05,3038.75,3038.75,3382.0,2875.0,10380.0,0.0,0.0,0.0,0.0,0.0,0.0,0.5425132687232647,SEPLAT,3038.75,3021.856727702038,2983.5019999999995,2928.946620639479,2656.112,2750.841840423518,2415.7028,2467.537817631791,0.14405943725264594,0.25791550185726486,214.48257815929173,179.91343059945802,34.56914755983371,2656.112,3359.364388911316,1952.8596110886842,0.5295351919733172,0.7720488447912353,100.0,313.71000000000004,0.10323652817770466,95677.5,0.1084894567688328,0.0,0.6379292605921504,0.5425132687232644,0.40274801437786706,1.1495148991199635,1.2034161416812958,0.25717624384971993,1,-1,0.0,0.0,0.0,0.0,0.0,0.0,0.0,0.0,0.0,0.0,0.5425132687232644,0.5425132687232644,0.5425132687232644,0.5425132687232644,0.3301696652727603,100.0,100.0,100.0,100.0,100.0,216.296103958186,215.46469719301876,211.2694878717616,189.1347254001007,51.00800352712304,295.92,289.8264285714286,284.95428571428573,268.5707142857143,203.12285714285716,0.5330682624262812,0.5299016073300601,0.519292615115982,0.47035068325596313,0.12190053262599172,0.0,0.0,0.0,0.0,0,2,1,2024,0,0,5,1,0,0,0,0,1,0,0.0894591748506252,0,0.0,-4.379894532135683e-05,0.5425132687232644,0.0,0.0,0.0
2024-02-06,3038.75,3038.75,3380.0,3101.1,3280.0,0.0,0.0,0.0,0.0,0.0,0.0,0.5425132687232647,SEPLAT,3038.75,3027.4878184680256,3011.126,2948.910871432301,2693.8965,2778.261665145088,2434.9656,2489.9382953717204,0.1280128987880567,0.2479642422874475,210.61747870820045,186.0542402212065,24.563238486993953,2693.8965,3393.9520327528617,1993.8409672471378,0.519734542698921,0.7463043886275109,100.0,319.6607142857143,0.10519480519480519,95078.5,0.034497809704612505,0.0,0.4784351336157317,0.5425132687232644,0.39802240569450636,0.9449124955101815,1.0015420431238478,0.254731266112956,1,-1,0.0,0.0,0.0,0.0,0.0953112657738341,0.0,0.0,0.0,0.0,0.0090842373834104,0.5425132687232644,0.5425132687232644,0.5425132687232644,0.5425132687232644,0.4551062663203435,100.0,100.0,100.0,100.0,100.0,214.48257815929173,216.296103958186,215.46469719301876,202.84186451449523,80.3518273883692,313.71000000000004,295.92,289.8264285714286,291.50357142857143,213.92571428571432,0.5295351919733172,0.5330682624262812,0.5299016073300601,0.5000656444386519,0.212219410640911,0.0,0.0,0.0,0.0,1,2,1,2024,0,0,6,0,1,0,0,0,1,0,0.0894591748506252,0,0.0,-4.379894532135683e-05,0.5425132687232644,0.0,0.0,0.0
2024-02-07,3038.75,3038.75,3339.5,3101.0,60090.0,0.0,0.0,0.0,0.0,0.0,0.0,0.5425132687232647,SEPLAT,3038.75,3031.241878978684,3038.75,2965.2452584446096,2731.681,2803.0700779884132,2454.2284,2511.460323004202,0.11241027045251621,0.23816919403263365,205.1890676999874,189.88120571696268,15.307861983024708,2731.681,3419.844573789346,2043.5174262106539,0.5038388990437362,0.7231075660610284,100.0,322.7185714285714,0.10620109302462243,88622.0,0.6780483401412741,0.0,0.4784351336157317,0.5425132687232644,0.39802240569450636,0.9888013746952593,1.1035416065422143,0.24947078469264145,1,-1,0.0,0.0,0.0,0.0,0.0,0.0,0.0,0.0,0.0,0.0,0.5425132687232644,0.5425132687232644,0.5425132687232644,0.5425132687232644,0.4551062663203435,100.0,100.0,100.0,100.0,100.0,210.61747870820045,214.48257815929173,216.296103958186,211.2694878717616,102.42631243762617,319.6607142857143,313.71000000000004,295.92,284.95428571428573,232.7321428571429,0.519734542698921,0.5295351919733172,0.5330682624262812,0.519292615115982,0.26550784607428496,0.0,0.0,0.0,0.0,2,2,1,2024,0,0,7,0,0,1,0,0,1,0,0.0894591748506252,0,0.0,-4.379894532135683e-05,0.5425132687232644,0.0,0.0,0.651262736595444
2024-02-08,3038.75,3038.75,3381.0,3100.0,1910.0,0.0,0.0,0.0,0.0,0.0,0.0,0.5425132687232647,SEPLAT,3038.75,3033.7445859857894,3038.75,2978.609756909226,2769.4655,2825.5157848466597,2473.4912,2532.1383495530567,0.09723338312031699,0.22852670751365523,198.5977021784529,191.62450500926073,6.9731971691921615,2769.4655,3436.5771762337217,2102.353823766278,0.48176204125577443,0.7018286514787793,100.0,330.85714285714283,0.10887935593817946,88277.5,0.02163631729489394,0.0,0.0,0.5425132687232644,0.39802240569450636,1.0079389038306652,1.132957050793945,0.24121066278174486,1,-1,0.0,0.0,0.0,0.0,0.0953065599013743,0.0,0.0,0.0,0.0,0.0090833403602342,0.5425132687232644,0.5425132687232644,0.5425132687232644,0.5425132687232644,0.5425132687232644,100.0,100.0,100.0,100.0,100.0,205.1890676999874,210.61747870820045,214.48257815929173,215.46469719301876,140.59012479886542,322.7185714285714,319.6607142857143,313.71000000000004,289.8264285714286,249.8207142857143,0.5038388990437362,0.519734542698921,0.5295351919733172,0.5299016073300601,0.36387863811777194,0.0,0.0,0.0,0.0,3,2,1,2024,0,0,8,0,0,0,1,0,1,0,0.0894591748506252,0,0.0,-4.379894532135683e-05,0.5425132687232644,0.0,0.0,0.651262736595444
2024-02-09,3038.75,3038.75,3382.0,3200.0,24960.0,0.0,0.0,0.0,0.0,0.0,0.0,0.5425132687232647,SEPLAT,3038.75,3035.41305732386,3038.75,2989.544346562094,2807.25,2845.823805337454,2492.754,2552.0054730999955,0.08246504586338944,0.21903324596009077,191.17030523504627,191.53366505441784,-0.363359819371567,2807.25,3443.2408818280487,2171.2591181719513,0.45310598046347755,0.6819994646264363,100.0,335.10857142857145,0.11027842745489805,76214.5,0.32749673618537156,0.0,0.0,0.5425132687232644,0.39802240569450636,0.9521600341199168,1.0432841734331204,0.22962742042022913,1,-1,0.0,0.0,0.0,0.0,0.0,0.0,0.0,0.0,0.0,0.0,0.5425132687232644,0.5425132687232644,0.5425132687232644,0.5425132687232644,0.5425132687232644,100.0,100.0,100.0,100.0,100.0,198.5977021784529,205.1890676999874,210.61747870820045,216.296103958186,168.88838092463584,330.85714285714283,322.7185714285714,319.6607142857143,295.92,263.62428571428575,0.48176204125577443,0.5038388990437362,0.519734542698921,0.5330682624262812,0.426985903329937,0.0,0.0,0.0,0.0,4,2,1,2024,0,0,9,0,0,0,0,1,1,0,0.0894591748506252,0,0.0,-4.379894532135683e-05,0.5425132687232644,0.0,0.0,0.651262736595444
2024-02-12,3038.75,3038.75,3323.4,3110.0,3300.0,0.0,0.0,0.0,0.0,0.0,0.0,0.5425132687232647,SEPLAT,3038.75,3036.52537154924,3038.75,2998.4908290053495,2845.0345,2864.1977286386486,2507.8658,2571.0934937627408,0.06808898099478224,0.21168764293527986,183.17254061858694,189.86144016725166,-6.688899548664722,2845.0345,3438.2531307708837,2251.8158692291167,0.41702034247449965,0.6632749630168121,100.0,337.5021428571428,0.111066110360228,75999.5,0.04342133829827828,0.0,0.0,0.5425132687232644,0.39802240569450636,0.7121548381467225,0.8276548219133489,0.21418257987726821,1,-1,0.0,0.0,0.0,0.0,0.0,0.0,0.0,0.0,0.0,0.0,0.5425132687232644,0.5425132687232644,0.5425132687232644,0.5425132687232644,0.5425132687232644,100.0,100.0,100.0,100.0,100.0,191.17030523504627,198.5977021784529,205.1890676999874,214.48257815929173,189.1347254001007,335.10857142857145,330.85714285714283,322.7185714285714,313.71000000000004,268.5707142857143,0.45310598046347755,0.48176204125577443,0.5038388990437362,0.5295351919733172,0.47035068325596313,0.0,0.0,0.0,0.0,0,2,1,2024,0,0,12,1,0,0,0,0,1,0,0.0894591748506252,0,0.0,-4.379894532135683e-05,0.5425132687232644,0.0,0.0,0.651262736595444
2024-02-13,3038.75,3038.75,3369.0,3145.1,28130.0,0.0,0.0,0.0,0.0,0.0,0.0,0.5425132687232647,SEPLAT,3038.75,3037.26691436616,3038.75,3005.8106782771038,2882.819,2880.821754482587,2522.9775999999997,2589.4329645955745,0.054089764220369034,0.20443003536773388,174.81904935932607,186.85296200566654,-12.033912646340468,2882.819,3418.83188691892,2346.8061130810797,0.371867180644307,0.6454545252599373,100.0,338.84214285714285,0.11150708115413997,76839.0,0.3660901365192155,0.0,0.0,0.5425132687232644,0.3957299017564372,0.6769922578202966,0.7887074373200936,0.1939387497146646,1,-1,0.0,0.0,0.0,0.0,0.0,0.0,0.0,0.0,0.0,0.0,0.5425132687232644,0.5425132687232644,0.5425132687232644,0.5425132687232644,0.5425132687232644,100.0,100.0,100.0,100.0,100.0,183.17254061858694,191.17030523504627,198.5977021784529,210.61747870820045,202.84186451449523,337.5021428571428,335.10857142857145,330.85714285714283,319.6607142857143,291.50357142857143,0.41702034247449965,0.45310598046347755,0.48176204125577443,0.519734542698921,0.5000656444386519,0.0,0.0,0.0,0.0,1,2,1,2024,0,0,13,0,1,0,0,0,1,0,0.0894591748506252,0,0.0,-4.379894532135683e-05,0.6031840367170893,0.0084155387317021,0.0917362454632961,0.651262736595444
2024-02-21,3330.7,3330.7,3339.0,3093.0,228970.0,0.0,0.0,0.0,0.0,0.0,0.0,0.446648485875847,SEPLAT,3330.7,3304.9390706713775,3213.92,3233.238210072507,3126.335,3083.925187797628,2648.6823999999997,2747.6173608831627,0.06536887441684905,0.25749315961777836,201.54636783620163,197.9957219385955,3.550645897606131,3126.335,3400.8627938186632,2851.807206181337,0.17562276200001806,0.8722118572354667,100.0,319.80000000000007,0.09601585252349358,92457.5,2.476489197739502,0.0,0.4605122973807467,0.44664848587584693,0.4092183915580972,0.8080805406005116,0.9478583419479999,0.03738450922260308,1,-1,0.0,0.0,0.0,0.0917362454632961,0.0,0.0,0.0,0.0,0.0084155387317021,0.0,0.5358292402400947,0.5358292402400947,0.6031840367170893,0.6031840367170893,0.5425132687232644,100.0,100.0,100.0,100.0,100.0,204.69285159549463,205.7315584796038,204.0648671428903,189.57151006093818,205.1890676999874,325.4535714285715,312.25714285714287,331.64285714285717,339.9642857142857,322.7185714285714,0.19479555579269284,0.20596278448986768,0.25066519821091143,0.33537616104633133,0.5038388990437362,0.0,0.0,0.0,0.0917362454632961,2,2,1,2024,0,0,21,0,0,1,0,0,1,0,0.0894591748506252,0,0.0,0.0,0.44664848587584693,0.0,0.0,0.0
2024-02-22,3330.7,3330.7,3299.0,3080.0,20990.0,0.0,0.0,0.0,0.0,0.0,0.0,0.446648485875847,SEPLAT,3330.7,3313.526047114252,3243.115,3250.9585355138693,3140.9325,3107.427550864521,2669.6332,2770.4833467308817,0.0604175670760196,0.24762458003593885,196.78434930300955,197.7534474114783,-0.9690981084687564,3140.9325,3426.6700871503804,2855.1949128496194,0.1819444302928385,0.832066043345091,100.0,313.1892857142857,0.09403107025979095,80161.5,0.26184639758487555,0.0,0.4605122973807467,0.44664848587584693,0.4092183915580972,0.7914145757112698,0.9255131668969613,0.03839720967063879,1,-1,0.0,0.0,0.0,0.0,0.0,0.0,0.0,0.0,0.0,0.0,0.44664848587584693,0.5358292402400947,0.5358292402400947,0.6031840367170893,0.5425132687232644,100.0,100.0,100.0,100.0,100.0,201.54636783620163,204.69285159549463,205.7315584796038,198.96934667831601,198.5977021784529,319.80000000000007,325.4535714285715,312.25714285714287,334.73214285714283,330.85714285714283,0.17562276200001806,0.19479555579269284,0.20596278448986768,0.27932638922071895,0.48176204125577443,0.0,0.0,0.0,0.0,3,2,1,2024,0,0,22,0,0,0,1,0,1,0,0.0894591748506252,0,0.0,0.0,0.3177836760760776,0.0,0.0,0.0
2024-02-23,3330.7,3330.7,3300.0,3033.0,14360.0,0.0,0.0,0.0,0.0,0.0,0.0,0.3177836760760776,SEPLAT,3330.7,3319.250698076168,3272.31,3265.4569836022565,3155.5299999999997,3128.691593639329,2690.586,2792.4526272512394,0.05551206928788511,0.23790876782975906,190.81086641457705,196.36493121209807,-5.554064797521022,3155.5299999999997,3449.012556461816,2862.0474435381834,0.18601157742871488,0.7984334096578422,100.0,298.2392857142857,0.08954252430848943,64814.0,0.2215570710031783,0.0,0.4605122973807467,0.3177836760760776,0.4092183915580972,0.7851733734908047,0.9184433690586392,0.06208513904898939,1,-1,0.0,0.0,0.0,0.0,0.0,0.0,0.0,0.0,0.0,0.0,0.44664848587584693,0.44664848587584693,0.5358292402400947,0.6031840367170893,0.5425132687232644,100.0,100.0,100.0,100.0,100.0,196.78434930300955,201.54636783620163,204.69285159549463,204.0648671428903,191.17030523504627,313.1892857142857,319.80000000000007,325.4535714285715,331.64285714285717,335.10857142857145,0.1819444302928385,0.17562276200001806,0.19479555579269284,0.25066519821091143,0.45310598046347755,0.0,0.0,0.0,0.0,4,2,1,2024,0,0,23,0,0,0,0,1,1,0,0.0894591748506252,0,0.0,0.0,0.3177836760760776,0.0,0.0,0.0
2024-02-26,3330.7,3330.7,3310.0,3033.0,5820.0,0.0,0.0,0.0,0.0,0.0,0.0,0.3177836760760776,SEPLAT,3330.7,3323.067132050779,3301.505,3277.319350220028,3170.1274999999996,3147.9304894832026,2711.5388000000003,2813.560367359034,0.05065174823410107,0.22834310908625002,183.95630442033962,193.8832058537464,-9.926901433406783,3170.1274999999996,3468.1604449733168,2872.0945550266824,0.18802584121510393,0.7693871645874187,100.0,295.1285714285714,0.0886085722006099,64324.0,0.0904794477955351,0.0,0.4605122973807467,0.3177836760760776,0.4092183915580972,0.7949051242728561,0.9296268110344186,0.07742280632048029,1,-1,0.0,0.0,0.0,0.0,0.0,0.0,0.0,0.0,0.0,0.0,0.3177836760760776,0.44664848587584693,0.44664848587584693,0.5358292402400947,0.5425132687232644,100.0,100.0,100.0,100.0,100.0,190.81086641457705,196.78434930300955,201.54636783620163,205.7315584796038,183.17254061858694,298.2392857142857,313.1892857142857,319.80000000000007,312.25714285714287,337.5021428571428,0.18601157742871488,0.1819444302928385,0.17562276200001806,0.20596278448986768,0.41702034247449965,0.0,0.0,0.0,0.0,0,2,1,2024,0,0,26,1,0,0,0,0,1,0,0.0894591748506252,0,0.0,0.0,0.3177836760760776,0.0,0.0,0.0
2024-02-27,3330.7,3330.7,3089.0,3033.0,500.0,0.0,0.0,0.0,0.0,0.0,0.0,0.3177836760760776,SEPLAT,3330.7,3325.6114213671863,3330.7,3287.024922907295,3184.725,3165.3371095324214,2732.4916000000003,2833.8403529527973,0.045835982698663125,0.21892414966618726,176.4895529499786,190.40447527299287,-13.914922323014281,3184.725,3484.2593798912517,2885.190620108748,0.1881069039815066,0.7436698586202313,100.0,294.9107142857142,0.08854316338478825,63763.0,0.007841538196132553,0.0,0.4605122973807467,0.3177836760760776,0.4092183915580972,0.6830514925593733,0.7527040863813593,0.0888455122890839,1,-1,0.0,0.0,0.0,0.0,0.0,0.0,0.0,0.0,0.0,0.0,0.3177836760760776,0.3177836760760776,0.44664848587584693,0.5358292402400947,0.5425132687232644,100.0,100.0,100.0,100.0,100.0,183.95630442033962,190.81086641457705,196.78434930300955,204.69285159549463,174.81904935932607,295.1285714285714,298.2392857142857,313.1892857142857,325.4535714285715,338.84214285714285,0.18802584121510393,0.18601157742871488,0.1819444302928385,0.19479555579269284,0.371867180644307,0.0,0.0,0.0,0.0,1,2,1,2024,0,0,27,0,1,0,0,0,1,0,0.0894591748506252,0,0.0,0.0,0.3177836760760776,0.0,0.0,0.0
2024-02-28,3330.7,3330.7,3033.0,3033.0,490.0,0.0,0.0,0.0,0.0,0.0,0.0,0.3177836760760776,SEPLAT,3330.7,3327.307614244791,3330.7,3294.9658460150595,3199.3224999999998,3181.0859562436194,2753.4444,2853.325044993864,0.041064162803218514,0.2096485405697678,168.62825703502358,186.04923162539905,-17.420974590375465,3199.3224999999998,3497.355444973317,2901.2895550266826,0.18631003593624412,0.7204076801169788,100.0,291.72857142857134,0.08758776576352459,49955.0,0.009808827945150636,0.0,0.0,0.3177836760760776,0.4092183915580972,0.6000785829894517,0.5808949604992114,0.09773569888656762,1,-1,0.0,0.0,0.0,0.0,0.0917362454632961,0.0,0.0,0.0,0.0,0.0084155387317021,0.3177836760760776,0.3177836760760776,0.3177836760760776,0.44664848587584693,0.6031840367170893,100.0,100.0,100.0,100.0,100.0,176.4895529499786,183.95630442033962,190.81086641457705,201.54636783620163,189.57151006093818,294.9107142857142,295.1285714285714,298.2392857142857,319.80000000000007,339.9642857142857,0.1881069039815066,0.18802584121510393,0.18601157742871488,0.17562276200001806,0.33537616104633133,0.0,0.0,0.0,0.0,2,2,1,2024,0,0,28,0,0,1,0,0,1,0,0.0894591748506252,0,0.0,0.0,0.3177836760760776,0.0,0.0,0.0
2024-02-29,3330.7,3330.7,3033.0,3033.0,970.0,0.0,0.0,0.0,0.0,0.0,0.0,0.3177836760760776,SEPLAT,3330.7,3328.438409496527,3330.7,3301.462964921412,3213.9199999999996,3195.3349127918464,2774.3972000000003,2872.045631464693,0.03633568974958935,0.2005130339664412,160.54743252005892,180.94887180433102,-20.4014392842721,3213.9199999999996,3507.4025564618155,2920.4374435381837,0.18263214794507387,0.698955606438562,100.0,288.4749999999999,0.08661092262887679,47453.5,0.020441063356759777,0.0,0.0,0.3177836760760776,0.3684712176045165,0.5237608876625688,0.42668675259871197,0.10474023241976683,1,-1,0.0,0.0,0.0,0.0,0.0,0.0,0.0,0.0,0.0,0.0,0.3177836760760776,0.3177836760760776,0.3177836760760776,0.44664848587584693,0.6031840367170893,100.0,100.0,100.0,100.0,100.0,168.62825703502358,176.4895529499786,183.95630442033962,196.78434930300955,198.96934667831601,291.72857142857134,294.9107142857142,295.1285714285714,313.1892857142857,334.73214285714283,0.18631003593624412,0.1881069039815066,0.18802584121510393,0.1819444302928385,0.27932638922071895,0.0,0.0,0.0,0.0,3,2,1,2024,0,1,29,0,0,0,1,0,1,0,0.0894591748506252,0,0.0,0.0,0.3177836760760776,0.0,0.0,0.0
2024-03-01,3330.7,3330.7,3033.0,3033.0,7520.0,0.0,0.0,0.0,0.0,0.0,0.0,0.3177836760760776,SEPLAT,3330.7,3329.192272997685,3330.7,3306.778789481155,3228.5175,3208.22682585929,2795.35,2890.032077289607,0.03164997556928215,0.19151447940329472,152.3867018314677,175.23643780975834,-22.849735978290653,3228.5175,3514.2550871503795,2942.7799128496204,0.17700854162963625,0.678804792570434,100.0,289.40714285714273,0.08689078657853987,41038.5,0.18324256490856147,0.0,0.0,0.3177836760760776,0.3684712176045165,0.38069493478294003,0.23727603409212797,0.11021920615488318,1,-1,0.0,0.0,0.0,0.0,0.0,0.0,0.0,0.0,0.0,0.0,0.3177836760760776,0.3177836760760776,0.3177836760760776,0.3177836760760776,0.6031840367170893,100.0,100.0,100.0,100.0,100.0,160.54743252005892,168.62825703502358,176.4895529499786,190.81086641457705,204.0648671428903,288.4749999999999,291.72857142857134,294.9107142857142,298.2392857142857,331.64285714285717,0.18263214794507387,0.18631003593624412,0.1881069039815066,0.18601157742871488,0.25066519821091143,0.0,0.0,0.0,0.0,4,3,1,2024,1,0,1,0,0,0,0,1,1,0,0.0894591748506252,0,0.0,0.0,0.3177836760760776,0.0,0.0,0.0
2024-03-04,3330.7,3330.7,3033.0,3033.0,890.0,0.0,0.0,0.0,0.0,0.0,0.0,0.3177836760760776,SEPLAT,3330.7,3329.6948486651236,3330.7,3311.128100484581,3243.115,3219.890937682215,2816.3027999999995,2907.313172297858,0.027006442879762216,0.18264982018268788,144.25636637081698,169.04042352197007,-24.784057151153092,3243.115,3517.6427938186616,2968.587206181338,0.16929883387956446,0.6595193673866296,100.0,287.08214285714274,0.08619273511788596,40564.0,0.021940637018045557,0.0,0.0,0.3177836760760776,0.3684712176045165,0.07800264920767115,0.04107258897493742,0.11439203727114666,1,-1,0.0,0.0,0.0,0.0,0.0,0.0,0.0,0.0,0.0,0.0,0.3177836760760776,0.3177836760760776,0.3177836760760776,0.3177836760760776,0.5358292402400947,100.0,100.0,100.0,100.0,100.0,152.3867018314677,160.54743252005892,168.62825703502358,183.95630442033962,205.7315584796038,289.40714285714273,288.4749999999999,291.72857142857134,295.1285714285714,312.25714285714287,0.17700854162963625,0.18263214794507387,0.18631003593624412,0.18802584121510393,0.20596278448986768,0.0,0.0,0.0,0.0,0,3,1,2024,0,0,4,1,0,0,0,0,1,0,0.0894591748506252,0,0.0,0.0,0.3177836760760776,0.0,0.0,0.0
2024-06-06,3365.5,3365.5,3630.0,3400.0,30580.0,0.0,0.0,0.0,0.0,0.0,0.0932545798826805,0.5212899991453859,SEPLAT,3374.4,3342.885053373705,3248.2,3275.623631272066,3123.5699999999997,3219.1268282938913,3241.56,3193.9429304956916,0.07745304251225371,0.03823467713076422,44.42247260762497,-2.492711593943282,46.91518420156825,3123.5699999999997,3502.3449177490356,2744.795082250964,0.24252692768149006,0.8193585275362602,90.9607962624416,243.40714285714287,0.07232421419020736,140467.0,0.21770237849459304,0.09325457988267905,0.502276856722342,0.5212899991453855,0.2971880050707224,0.585926234907201,0.6809484819403161,0.13234310184551193,1,1,0.0,0.0,-0.0131357508267946,0.0953101798043249,0.0126800531573746,0.0,0.0,0.0001725479497836,0.0090840303743327,0.0001607837480738,0.5212899991453855,0.5212899991453855,0.5212899991453855,0.5187626551565866,0.3702361310669077,90.94232331437848,90.94232331437848,90.94232331437848,57.631917631917624,10.299727520435994,36.86571118775055,26.684307176380116,13.300997952028865,-30.497280621599657,-93.11292907419875,224.52142857142863,211.86428571428578,209.03571428571436,208.48571428571435,271.45000000000005,0.23729401481131798,0.23181427146796924,0.22606885255600914,0.2086137322949698,0.21605952116963995,0.0,0.0,0.0131357508267946,0.0953101798043249,3,6,2,2024,0,0,6,0,0,0,1,0,1,0,0.0894591748506252,0,-0.013049853372434018,-0.11063740354880357,0.5212899991453855,0.0,0.0,0.1539168899897185
2024-06-07,3365.5,3365.5,3623.0,3365.5,83980.0,0.0,0.0,0.0,0.0,0.0,0.0932545798826805,0.5212899991453859,SEPLAT,3365.5,3350.4233689158036,3284.75,3291.9647892225994,3127.275,3233.06713036114,3242.256,3200.670658711547,0.07617654347634918,0.03801180412650949,49.836773177525174,7.97318536035041,41.86358781717476,3127.275,3514.3213748903854,2740.2286251096148,0.24752947846952078,0.8077473598189199,90.9607962624416,222.53571428571428,0.0661226308975529,144571.5,0.5808890410627268,0.09325457988267905,0.502276856722342,0.5212899991453855,0.2971880050707224,0.6414253827605129,0.7542189170541022,0.11012564615573905,1,1,0.0,0.0,0.0,0.0,0.0,0.0,0.0,0.0,0.0,0.0,0.5212899991453855,0.5212899991453855,0.5212899991453855,0.5187626551565866,0.3702361310669077,90.9607962624416,90.94232331437848,90.94232331437848,99.97767358785435,10.299727520435994,44.42247260762497,36.86571118775055,26.684307176380116,-3.9744403372633315,-89.65964975396719,243.40714285714287,224.52142857142863,211.86428571428578,209.33571428571437,256.1571428571429,0.24252692768149006,0.23729401481131798,0.23181427146796924,0.2200360197931917,0.21397255446412267,0.0,0.0,0.0,0.0,4,6,2,2024,0,0,7,0,0,0,0,1,1,0,0.0894591748506252,0,-0.013049853372434018,-0.11063740354880357,0.5263619958096618,0.0004922002415474,0.0221855863467126,0.1539168899897185
2024-06-21,3450.0,3450.0,3402.0,3305.1,2570.0,0.0,0.0,0.0,0.0,0.0,0.0,0.352917117925179,SEPLAT,3450.0,3443.9086379612368,3423.75,3410.7206478530525,3297.535,3341.8670665795166,3258.778,3261.2903497256957,0.046236052081327465,0.05867905085894167,77.25449926849024,60.66990759964691,16.584591668843323,3297.535,3671.5655547608853,2923.5044452391144,0.22685463824395222,0.7038135629019262,89.86332574031891,233.77142857142857,0.06775983436853002,118979.5,0.021600359725835124,0.0,0.11068361197268628,0.35291711792517877,0.30045976147239334,0.6534669112678528,0.6984997729495941,0.07864772878332373,1,-1,0.0,0.0,0.0,0.0026121042279249,0.0,0.0,0.0,0.0,6.823088497543457e-06,0.0,0.35291711792517877,0.3529258862519398,0.3529258862519398,0.3529258862519398,0.5212899991453855,89.86332574031891,91.74397031539888,91.74397031539888,92.28502080443829,90.94232331437848,77.79152360841363,77.34544887706625,75.65107059993443,67.17032884082664,26.684307176380116,234.1357142857143,224.1357142857143,203.27857142857144,187.87857142857143,211.86428571428578,0.24147323664134263,0.25190804266639577,0.2585117711680922,0.26056026728298154,0.23181427146796924,0.0,0.0,0.0,0.0026121042279249,4,6,2,2024,0,0,21,0,0,0,0,1,1,0,0.0894591748506252,0,0.0,-0.11063740354880357,0.35291711792517877,0.0,0.0,0.6764480812555552
2024-06-24,3450.0,3450.0,3400.0,3201.6,13070.0,0.0,0.0,0.0,0.0,0.0,0.0,0.352917117925179,SEPLAT,3450.0,3445.939091974158,3432.2,3417.862348243406,3321.925,3352.1654411909913,3261.164,3268.6907281678255,0.0385544526140716,0.05790447827830792,75.95336054896643,63.726598189510824,12.226762359455606,3321.925,3666.329333214379,2977.5206667856214,0.20735226304891216,0.6859369753055313,65.50387596899225,229.3714285714286,0.06648447204968945,114805.5,0.11384471998292765,0.0,0.11068361197268628,0.35291711792517877,0.30045976147239334,0.6430936442944254,0.6853291063820554,0.07915377303365462,1,-1,0.0,0.0,0.0,0.0,0.0,0.0,0.0,0.0,0.0,0.0,0.35291711792517877,0.35291711792517877,0.3529258862519398,0.3529258862519398,0.5212899991453855,89.86332574031891,89.86332574031891,91.74397031539888,91.74397031539888,90.94232331437848,77.25449926849024,77.79152360841363,77.34544887706625,72.38804857203286,36.86571118775055,233.77142857142857,234.1357142857143,224.1357142857143,201.6,224.52142857142863,0.22685463824395222,0.24147323664134263,0.25190804266639577,0.2614073875433018,0.23729401481131798,0.0,0.0,0.0,0.0,0,6,2,2024,0,0,24,1,0,0,0,0,1,0,0.0894591748506252,0,0.0,-0.11063740354880357,0.35291711792517877,0.0,0.0,0.6764480812555552
2024-06-25,3450.0,3450.0,3400.0,3240.0,11780.0,0.0,0.0,0.0,0.0,0.0,0.0,0.352917117925179,SEPLAT,3450.0,3447.2927279827722,3440.65,3423.705557653696,3344.425,3361.4830182204205,3263.55,3275.800895690656,0.03156745927924825,0.057131038286528414,74.06838450889518,65.7949554533877,8.273429055507478,3344.425,3657.6629749445574,3031.187025055443,0.18731947939903404,0.6685220318811703,65.50387596899225,220.01428571428573,0.06377225672877847,104688.5,0.11252429827535976,0.0,0.11068361197268628,0.35291711792517877,0.30045976147239334,0.6528047066413553,0.7028729765016984,0.0796521026871961,1,-1,0.0,0.0,0.0,0.0,0.0,0.0,0.0,0.0,0.0,0.0,0.35291711792517877,0.35291711792517877,0.35291711792517877,0.3529258862519398,0.5212899991453855,65.50387596899225,89.86332574031891,89.86332574031891,91.74397031539888,90.9607962624416,75.95336054896643,77.25449926849024,77.79152360841363,75.65107059993443,44.42247260762497,229.3714285714286,233.77142857142857,234.1357142857143,203.27857142857144,243.40714285714287,0.20735226304891216,0.22685463824395222,0.24147323664134263,0.2585117711680922,0.24252692768149006,0.0,0.0,0.0,0.0,1,6,2,2024,0,0,25,0,1,0,0,0,1,0,0.0894591748506252,0,0.0,-0.09928843786591403,0.3531964237901657,0.0,0.0,0.6764480812555552
2024-06-26,3450.0,3450.0,3430.0,3302.0,2890.0,0.0,0.0,0.0,0.0,0.0,0.0,0.3531964237901659,SEPLAT,3450.0,3448.195151988515,3449.1,3428.4863653530238,3366.925,3369.913206961333,3265.9359999999997,3282.632233114552,0.024673849283842027,0.05635872840129149,71.74746727512002,66.98545781773416,4.762009457385858,3366.925,3637.7728452252413,3096.077154774759,0.16088736471720702,0.6533610133226524,100.0,209.72857142857146,0.060790890269151146,99986.0,0.028904046566519313,0.0,0.11068361197268628,0.3531964237901657,0.30045976147239334,0.4716120762886421,0.535712115470226,0.08030338216833621,1,1,0.0,0.0,0.0,0.0,0.0,0.0,0.0,0.0,0.0,0.0,0.35291711792517877,0.35291711792517877,0.35291711792517877,0.3529258862519398,0.5212899991453855,65.50387596899225,65.50387596899225,89.86332574031891,91.74397031539888,90.9607962624416,74.06838450889518,75.95336054896643,77.25449926849024,77.34544887706625,49.836773177525174,220.01428571428573,229.3714285714286,233.77142857142857,224.1357142857143,222.53571428571428,0.18731947939903404,0.20735226304891216,0.22685463824395222,0.25190804266639577,0.24752947846952078,0.0,0.0,0.0,0.0,2,6,2,2024,0,0,26,0,0,1,0,0,1,0,0.0894591748506252,0,0.0,-0.09928843786591403,0.4665997717262064,0.0090790080681413,0.0952838289960123,0.6764480812555552
2024-07-04,3794.9,3794.9,3500.0,3415.5,15120.0,0.0,0.0,0.0,0.0,0.0,0.0,0.3405801833828457,SEPLAT,3794.9,3764.462263000364,3656.94,3684.9815560906877,3536.1200000000003,3561.7790676464333,3321.64,3391.948799981924,0.07318190559143913,0.14247781216507516,144.8074904674695,115.67898000814567,29.128510459323834,3536.1200000000003,3889.761201457663,3182.4787985423377,0.2000165161010727,0.8658793134585882,100.0,284.44285714285724,0.07495397958914786,67575.5,0.22374973178148885,0.0,0.4783210253764318,0.34058018338284546,0.3551892862966306,0.37729008197674346,0.41060857441920756,0.0785499891135739,1,-1,0.0,0.0,0.0,0.0952838289960123,0.0,0.0,0.0,0.0,0.0090790080681413,0.0,0.34058018338284546,0.4612717217293287,0.4612717217293287,0.4665997717262064,0.35291711792517877,100.0,100.0,100.0,100.0,89.86332574031891,142.2484135365562,136.9130329660229,128.1116849219452,96.62484018569376,77.79152360841363,257.9857142857144,236.2928571428572,227.58571428571435,212.61428571428573,234.1357142857143,0.19310023472908436,0.1803618700542634,0.16319541794479633,0.1628285484721973,0.24147323664134263,0.0,0.0,0.0,0.0952838289960123,3,7,3,2024,0,0,4,0,0,0,1,0,1,0,0.0894591748506252,0,0.0,-0.013049853372434018,0.3347109989404435,0.0,0.0,0.6149819333091372
2024-07-05,3794.9,3794.9,3499.0,3415.5,4340.0,0.0,0.0,0.0,0.0,0.0,0.0,0.3347109989404436,SEPLAT,3794.9,3774.6081753335766,3691.4300000000003,3704.9667277105623,3557.59,3583.9810612039155,3330.9239999999995,3407.75080782577,0.066705269578563,0.1392934813283043,145.1622374592962,121.57563149837578,23.58660596092041,3557.59,3919.6547391951044,3195.525260804896,0.2035449499212131,0.8277176348731956,100.0,295.1214285714286,0.07776790655127372,59964.5,0.07237615589223624,0.0,0.4783210253764318,0.3347109989404435,0.3551892862966306,0.30494992934471266,0.33589892602215776,0.07720942698682245,1,-1,0.0,0.0,0.0,0.0,0.0,0.0,0.0,0.0,0.0,0.0,0.34058018338284546,0.34058018338284546,0.4612717217293287,0.4665997717262064,0.35291711792517877,100.0,100.0,100.0,100.0,89.86332574031891,144.8074904674695,142.2484135365562,136.9130329660229,115.01452163773092,77.25449926849024,284.44285714285724,257.9857142857144,236.2928571428572,219.39285714285717,233.77142857142857,0.2000165161010727,0.19310023472908436,0.1803618700542634,0.16820703306775048,0.22685463824395222,0.0,0.0,0.0,0.0,4,7,3,2024,0,0,5,0,0,0,0,1,1,0,0.0894591748506252,0,0.0,-0.013049853372434018,0.3347109989404435,0.0,0.0,0.8787630999905626
2024-07-08,3794.9,3794.9,3439.0,3415.5,7020.0,0.0,0.0,0.0,0.0,0.0,0.0,0.3347109989404436,SEPLAT,3794.9,3781.3721168890515,3725.9200000000005,3721.318231763187,3579.06,3604.068579184495,3340.2080000000005,3422.9331290875048,0.06030633741820482,0.1361268519804753,143.7859026242968,126.01768572355999,17.768216900736803,3579.06,3944.077637064867,3214.042362935133,0.20397402505957815,0.7956569465185095,100.0,312.32857142857154,0.08230218752235145,57549.0,0.12198300578637335,0.0,0.4783210253764318,0.3347109989404435,0.3551892862966306,0.2090479239956173,0.2333772569863181,0.07474436654684256,1,-1,0.0,0.0,0.0,0.0,0.0,0.0,0.0,0.0,0.0,0.0,0.3347109989404435,0.34058018338284546,0.34058018338284546,0.4612717217293287,0.35291711792517877,100.0,100.0,100.0,100.0,65.50387596899225,145.1622374592962,144.8074904674695,142.2484135365562,128.1116849219452,75.95336054896643,295.1214285714286,284.44285714285724,257.9857142857144,227.58571428571435,229.3714285714286,0.2035449499212131,0.2000165161010727,0.19310023472908436,0.16319541794479633,0.20735226304891216,0.0,0.0,0.0,0.0,0,7,3,2024,0,0,8,1,0,0,0,0,1,0,0.0894591748506252,0,0.0,-0.013049853372434018,0.3347109989404435,0.0,0.0,0.8787630999905626
2024-07-09,3794.9,3794.9,3415.5,3415.5,7660.0,0.0,0.0,0.0,0.0,0.0,0.0,0.3347109989404436,SEPLAT,3794.9,3785.881411259368,3760.41,3734.696735078971,3600.53,3622.243000214543,3349.492,3437.5200652017206,0.05398371906358227,0.13297777692856108,141.06899182622874,129.02794694409374,12.041044882134997,3600.53,3963.163560730966,3237.8964392690345,0.20143343381722448,0.7679978097010733,100.0,312.21428571428584,0.08227207191606783,56403.0,0.13580837898693332,0.0,0.4783210253764318,0.3347109989404435,0.3551892862966306,0.1819239597726451,0.17915319212090397,0.07103784156566448,1,-1,0.0,0.0,0.0,0.0,0.0,0.0,0.0,0.0,0.0,0.0,0.3347109989404435,0.3347109989404435,0.34058018338284546,0.4612717217293287,0.35291711792517877,100.0,100.0,100.0,100.0,65.50387596899225,143.7859026242968,145.1622374592962,144.8074904674695,136.9130329660229,74.06838450889518,312.32857142857154,295.1214285714286,284.44285714285724,236.2928571428572,220.01428571428573,0.20397402505957815,0.2035449499212131,0.2000165161010727,0.1803618700542634,0.18731947939903404,0.0,0.0,0.0,0.0,1,7,3,2024,0,0,9,0,1,0,0,0,1,0,0.0894591748506252,0,0.0,-0.013049853372434018,0.3347109989404435,0.0,0.0,0.8787630999905626
2024-07-10,3794.9,3794.9,3500.0,3415.5,68420.0,0.0,0.0,0.0,0.0,0.0,0.0,0.3347109989404436,SEPLAT,3794.9,3788.887607506246,3794.9,3745.6427832464306,3622.0,3638.686524003634,3358.776,3451.534964605575,0.04773605742683603,0.12984611060695928,137.33273417160308,130.68890438959562,6.643829782007458,3622.0,3976.8049427057335,3267.1950572942665,0.19591658901476175,0.7436550047491857,100.0,322.1714285714287,0.08489589411352834,55625.0,1.2300224719101123,0.0,0.4783210253764318,0.3347109989404435,0.3551892862966306,0.18213621729133989,0.17934879108327867,0.06588064531478528,1,-1,0.0,0.0,0.0,0.0,0.0,0.0,0.0,0.0,0.0,0.0,0.3347109989404435,0.3347109989404435,0.3347109989404435,0.34058018338284546,0.3531964237901657,100.0,100.0,100.0,100.0,100.0,141.06899182622874,143.7859026242968,145.1622374592962,142.2484135365562,71.74746727512002,312.21428571428584,312.32857142857154,295.1214285714286,257.9857142857144,209.72857142857146,0.20143343381722448,0.20397402505957815,0.2035449499212131,0.19310023472908436,0.16088736471720702,0.0,0.0,0.0,0.0,2,7,3,2024,0,0,10,0,0,1,0,0,1,0,0.0894591748506252,0,0.0,-0.013049853372434018,0.4632087194054894,0.0075040233789016,0.0866257662528977,0.8787630999905626
2024-07-19,3730.0,3730.0,3507.6,3358.1,1120.0,0.0,0.0,0.0,0.0,0.0,0.0,0.5156904865393732,SEPLAT,3730.0,3726.130596141199,3724.47,3720.2037318470384,3707.95,3671.6211509376294,3414.3940000000002,3511.836721560364,0.00594668212893922,0.09243397217778608,79.40767408892225,98.21600307755254,-18.808328988630294,3707.95,3971.566966948554,3444.3330330514455,0.14219014115538472,0.5418220425172847,44.25562046379889,361.03571428571433,0.09679241669858293,40659.5,0.027545837996040285,0.0,0.5865527131448932,0.515690486539373,0.4201112567128191,0.6180437309580792,0.700952179222459,0.07879468580848184,1,1,0.0,0.0,0.0,0.0693759398693412,0.0,0.0,0.0,0.0,0.0048130210327544,0.0,0.515690486539373,0.515690486539373,0.515690486539373,0.5155326909434653,0.3347109989404435,44.25562046379889,44.25562046379889,65.38799736205759,65.38799736205759,100.0,84.12349458883546,88.91898192379585,93.74640056698127,103.23492430626311,145.1622374592962,361.55714285714294,362.0214285714287,361.6714285714287,334.42857142857156,295.1214285714286,0.15558277112935487,0.16663328471074884,0.17575504571743306,0.18916123941332597,0.2035449499212131,0.0,0.0,0.0,0.0693759398693412,4,7,3,2024,0,0,19,0,0,0,0,1,1,0,0.0894591748506252,0,-0.01710189991831144,-0.08297978866373293,0.515690486539373,0.0,0.0,0.0
2024-07-22,3730.0,3730.0,3507.0,3380.0,1590.0,0.0,0.0,0.0,0.0,0.0,0.0,0.5156904865393732,SEPLAT,3730.0,3727.420397427466,3717.9799999999996,3721.984871511213,3721.95,3677.181041324522,3423.1659999999997,3520.3921442442715,0.002162844745362023,0.08963456636341922,74.80801216917325,93.53440489587669,-18.726392726703438,3721.95,3955.96486682417,3487.93513317583,0.12574852796204677,0.5171997619408699,44.25562046379889,358.93571428571437,0.0962294140176178,40085.5,0.03966521560165147,0.0,0.5865527131448932,0.515690486539373,0.4201112567128191,0.503143098595045,0.5774224561229964,0.07974368226137836,1,-1,0.0,0.0,0.0,0.0,0.0,0.0,0.0,0.0,0.0,0.0,0.515690486539373,0.515690486539373,0.515690486539373,0.515690486539373,0.3347109989404435,44.25562046379889,44.25562046379889,44.25562046379889,65.38799736205759,100.0,79.40767408892225,84.12349458883546,88.91898192379585,98.54435817239982,143.7859026242968,361.03571428571433,361.55714285714294,362.0214285714287,345.6000000000001,312.32857142857154,0.14219014115538472,0.15558277112935487,0.16663328471074884,0.18320795995465136,0.20397402505957815,0.0,0.0,0.0,0.0,0,7,3,2024,0,0,22,1,0,0,0,0,1,0,0.0894591748506252,0,-0.01710189991831144,-0.08297978866373293,0.515690486539373,0.0,0.0,0.0
2024-07-23,3730.0,3730.0,3575.5,3380.5,10700.0,0.0,0.0,0.0,0.0,0.0,0.0,0.5156904865393732,SEPLAT,3730.0,3728.2802649516443,3711.4900000000002,3723.442167600083,3735.95,3682.2114183412345,3431.938,3528.612060156261,-0.0015926337343914717,0.08684947105687804,70.35177548368165,88.89787901343769,-18.54610352975604,3735.95,3931.8619297299765,3540.038070270023,0.10487931033872333,0.48481460519479175,44.25562046379889,356.8142857142858,0.09566066641133668,40031.5,0.2672895095112599,0.0,0.5865527131448932,0.515690486539373,0.4201112567128191,0.47068297593523767,0.5464309174898594,0.07989580549439083,1,-1,0.0,0.0,0.0,0.0,0.0,0.0,0.0,0.0,0.0,0.0,0.515690486539373,0.515690486539373,0.515690486539373,0.515690486539373,0.3347109989404435,44.25562046379889,44.25562046379889,44.25562046379889,65.38799736205759,100.0,74.80801216917325,79.40767408892225,84.12349458883546,93.74640056698127,141.06899182622874,358.93571428571437,361.03571428571433,361.55714285714294,361.6714285714287,312.21428571428584,0.12574852796204677,0.14219014115538472,0.15558277112935487,0.17575504571743306,0.20143343381722448,0.0,0.0,0.0,0.0,1,7,3,2024,0,0,23,0,1,0,0,0,1,0,0.0894591748506252,0,-0.01710189991831144,-0.08297978866373293,0.515690486539373,0.0,0.0,0.0
2024-07-24,3730.0,3730.0,3599.9,3400.0,9790.0,0.0,0.0,0.0,0.0,0.0,0.0,0.5156904865393732,SEPLAT,3730.0,3728.853509967763,3705.0,3724.6345007637037,3749.95,3686.762711832546,3440.71,3536.5096264246436,-0.005320070934279076,0.08407857680536865,66.05869232002078,84.33004167475431,-18.27134935473353,3749.95,3892.601618324235,3607.2983816757646,0.07608187753129252,0.4300744000160757,44.25562046379889,353.28571428571433,0.0947146687093068,40376.5,0.24246777209515435,0.0,0.5865527131448932,0.515690486539373,0.4201112567128191,0.46533286424658543,0.5411278115905035,0.07925564419420836,1,-1,0.0,0.0,0.0,0.0,0.0,0.0,0.0,0.0,0.0,0.0,0.515690486539373,0.515690486539373,0.515690486539373,0.515690486539373,0.3347109989404435,44.25562046379889,44.25562046379889,44.25562046379889,44.25562046379889,100.0,70.35177548368165,74.80801216917325,79.40767408892225,88.91898192379585,137.33273417160308,356.8142857142858,358.93571428571437,361.03571428571433,362.0214285714287,322.1714285714287,0.10487931033872333,0.12574852796204677,0.14219014115538472,0.16663328471074884,0.19591658901476175,0.0,0.0,0.0,0.0,2,7,3,2024,0,0,24,0,0,1,0,0,1,0,0.0894591748506252,0,-0.01710189991831144,-0.08297978866373293,0.515690486539373,0.0,0.0,0.0
2024-07-25,3730.0,3730.0,3594.5,3411.6,10480.0,0.0,0.0,0.0,0.0,0.0,0.0,0.5156904865393732,SEPLAT,3730.0,3729.235673311842,3730.0,3725.610046079394,3746.7049999999995,3690.880548800875,3456.0640000000003,3544.0974842119126,-0.004458584276050416,0.07926242106627646,61.942360014360474,79.85250534267554,-17.910145328315068,3746.7049999999995,3887.9974920715404,3605.4125079284586,0.07542226680325294,0.44088504012109436,44.25562046379889,348.92857142857144,0.09354653389505937,34343.5,0.30515235779696304,0.0,0.3482644541514566,0.515690486539373,0.4201112567128191,0.47465595604178823,0.5519936439652994,0.07782143481823033,1,-1,0.0,0.0,0.0,0.0,-0.0866257662528977,0.0,0.0,0.0,0.0,0.0075040233789016,0.515690486539373,0.515690486539373,0.515690486539373,0.515690486539373,0.4632087194054894,44.25562046379889,44.25562046379889,44.25562046379889,44.25562046379889,52.273416186723246,66.05869232002078,70.35177548368165,74.80801216917325,84.12349458883546,107.72019345448416,353.28571428571433,356.8142857142858,358.93571428571437,361.55714285714294,334.3142857142858,0.07608187753129252,0.10487931033872333,0.12574852796204677,0.15558277112935487,0.19372506815361226,0.0,0.0,0.0,0.0,3,7,3,2024,0,0,25,0,0,0,1,0,1,0,0.0894591748506252,0,-0.01710189991831144,-0.08297978866373293,0.39372099979644126,0.0,0.0,0.0
2024-07-26,3730.0,3730.0,3600.0,3420.0,11970.0,0.0,0.0,0.0,0.0,0.0,0.0,0.3937209997964415,SEPLAT,3730.0,3729.4904488745615,3730.0,3726.408219519504,3743.46,3694.60621081984,3471.4179999999997,3551.3877789487005,-0.0035956040668258873,0.07448886881383929,58.01141749551698,75.48428777324384,-17.472870277726855,3743.46,3883.0629316537184,3603.8570683462817,0.07458497307502594,0.4517918433353991,44.25562046379889,343.9714285714286,0.09221754117196478,33727.5,0.3549032688458973,0.0,0.0,0.39372099979644126,0.4201112567128191,0.4885054180226502,0.5693622438830517,0.07876534325724456,1,-1,0.0,0.0,0.0,0.0,0.0693759398693412,0.0,0.0,0.0,0.0,0.0048130210327544,0.515690486539373,0.515690486539373,0.515690486539373,0.515690486539373,0.5155326909434653,44.25562046379889,44.25562046379889,44.25562046379889,44.25562046379889,65.38799736205759,61.942360014360474,66.05869232002078,70.35177548368165,79.40767408892225,103.23492430626311,348.92857142857144,353.28571428571433,356.8142857142858,361.03571428571433,334.42857142857156,0.07542226680325294,0.07608187753129252,0.10487931033872333,0.14219014115538472,0.18916123941332597,0.0,0.0,0.0,0.0,4,7,3,2024,0,0,26,0,0,0,0,1,1,0,0.0894591748506252,0,-0.01710189991831144,-0.08297978866373293,0.39372099979644126,0.0,0.0,0.0
2024-07-29,3730.0,3730.0,3700.0,3412.0,736500.0,0.0,0.0,0.0,0.0,0.0,0.0,0.3937209997964415,SEPLAT,3730.0,3729.6602992497083,3730.0,3727.0612705159574,3740.215,3697.977047884617,3486.772,3558.392179774242,-0.002731126419203213,0.06975735723471453,54.27052045089067,71.24153430877321,-16.97101385788254,3740.215,3877.785763035255,3602.6442369647452,0.07356302406960825,0.4628736521677125,44.25562046379889,339.58571428571435,0.09104174645729607,70411.0,10.460013350186761,0.0,0.0,0.39372099979644126,0.4201112567128191,0.5772974164162984,0.668476342227545,0.07953924126875603,1,-1,0.0,0.0,0.0,0.0,0.0,0.0,0.0,0.0,0.0,0.0,0.39372099979644126,0.515690486539373,0.515690486539373,0.515690486539373,0.515690486539373,44.25562046379889,44.25562046379889,44.25562046379889,44.25562046379889,65.38799736205759,58.01141749551698,61.942360014360474,66.05869232002078,74.80801216917325,98.54435817239982,343.9714285714286,348.92857142857144,353.28571428571433,358.93571428571437,345.6000000000001,0.07458497307502594,0.07542226680325294,0.07608187753129252,0.12574852796204677,0.18320795995465136,0.0,0.0,0.0,0.0,0,7,3,2024,0,0,29,1,0,0,0,0,1,0,0.0894591748506252,0,-0.01710189991831144,-0.08297978866373293,0.39372099979644126,0.0,0.0,0.0
2024-07-30,3730.0,3730.0,3700.0,3591.0,284640.0,0.0,0.0,0.0,0.0,0.0,0.0,0.3937209997964415,SEPLAT,3730.0,3729.773532833139,3730.0,3727.595584967601,3736.97,3701.0268528479874,3502.1259999999997,3565.121898214468,-0.0018651474322779686,0.0650673333854922,50.72115073842315,67.13745759470319,-16.416306856280045,3736.97,3872.15053581472,3601.7894641852795,0.07234766980453165,0.4742196612922405,44.25562046379889,322.41428571428577,0.08643814630409806,84370.0,3.3737110347279837,0.0,0.0,0.39372099979644126,0.4201112567128191,0.5406976535599155,0.609703971724088,0.0802212912785744,1,-1,0.0,0.0,0.0,0.0,0.0,0.0,0.0,0.0,0.0,0.0,0.39372099979644126,0.39372099979644126,0.515690486539373,0.515690486539373,0.515690486539373,44.25562046379889,44.25562046379889,44.25562046379889,44.25562046379889,65.38799736205759,54.27052045089067,58.01141749551698,61.942360014360474,70.35177548368165,93.74640056698127,339.58571428571435,343.9714285714286,348.92857142857144,356.8142857142858,361.6714285714287,0.07356302406960825,0.07458497307502594,0.07542226680325294,0.10487931033872333,0.17575504571743306,0.0,0.0,0.0,0.0,1,7,3,2024,0,0,30,0,1,0,0,0,1,0,0.0894591748506252,0,-0.01710189991831144,-0.08297978866373293,0.39372099979644126,0.0,0.0,0.0
2024-07-31,3730.0,3730.0,3730.0,3620.0,2390.0,0.0,0.0,0.0,0.0,0.0,0.0,0.3937209997964415,SEPLAT,3730.0,3729.84902188876,3730.0,3728.0327513371276,3733.725,3703.7862001957983,3517.482,3571.5877061276265,-0.000997663191584787,0.06041765103559877,47.36228671026856,63.182423417816274,-15.82013670754771,3733.725,3866.13786111806,3601.31213888194,0.07092802020398392,0.48593414579011823,100.0,307.7785714285715,0.08251436231328996,83923.0,0.028478486231426427,0.0,0.0,0.39372099979644126,0.41921156957415523,0.4993107510803843,0.5486481426101268,0.08076317972575787,1,-1,0.0,0.0,0.0,0.0,0.0,0.0,0.0,0.0,0.0,0.0,0.39372099979644126,0.39372099979644126,0.39372099979644126,0.515690486539373,0.515690486539373,44.25562046379889,44.25562046379889,44.25562046379889,44.25562046379889,44.25562046379889,50.72115073842315,54.27052045089067,58.01141749551698,66.05869232002078,88.91898192379585,322.41428571428577,339.58571428571435,343.9714285714286,353.28571428571433,362.0214285714287,0.07234766980453165,0.07356302406960825,0.07458497307502594,0.07608187753129252,0.16663328471074884,0.0,0.0,0.0,0.0,2,7,3,2024,0,1,31,0,0,1,0,0,1,0,0.0894591748506252,0,-0.01710189991831144,-0.08297978866373293,0.39372099979644126,0.0,0.0,0.0
2024-08-28,3730.1,3730.1,3730.1,3730.1,9870.0,0.0,0.0,0.0,0.0,0.0,0.0,0.0638597132450134,SEPLAT,3730.1,3727.8819729203205,3715.94,3723.6600569924194,3720.6150000000002,3718.796968875963,3706.2259999999997,3653.5890369063386,0.00254930972433312,0.006441593146235619,11.098541305855179,13.154190390911896,-2.055649085056718,3720.6150000000002,3759.3098806623525,3681.920119337648,0.020800260528085954,0.6225614323864292,50.05302226935308,6.735714285714266,0.0018057731121723993,78994.5,0.12494540759166778,0.0,0.06392697195751063,0.06385971324501317,0.3545744693382548,0.0,0.0,0.16663281770721663,0,-1,0.0,0.0,0.0,0.0,-0.0127077483398535,0.0,0.0,0.0,0.0,0.000161486867869,0.06385971324501317,0.06385971324501317,0.06385971324501317,0.06385971324501317,0.04402093154885063,50.05302226935308,50.05302226935308,50.05302226935308,50.05302226935308,0.0,11.242169337269843,11.261968470642387,11.123428914028864,10.195731776540924,19.342546563660107,6.735714285714266,6.735714285714266,6.735714285714266,31.014285714285702,110.62142857142855,0.02079752819214246,0.020794794019757104,0.02079205801019379,0.02078658047658345,0.011301376793148575,0.0,0.0,0.0,0.0,2,8,3,2024,0,0,28,0,0,1,0,0,1,0,0.0894591748506252,0,-0.017075548762813298,-0.029513294157948827,0.06385971324501317,0.0,0.0,0.0
2024-08-29,3730.1,3730.1,3730.1,3730.1,21670.0,0.0,0.0,0.0,0.0,0.0,0.0,0.0638597132450134,SEPLAT,3730.1,3728.621315280214,3720.66,3724.8309557210705,3720.6200000000003,3719.8734480306334,3711.828,3656.5894668315805,0.0025479624363680146,0.0049226418896565075,10.859533118212312,12.69525893637198,-1.835725818159668,3720.6200000000003,3759.3200122399003,3681.9199877601004,0.020802991028323198,0.6224805814173054,50.05302226935308,6.735714285714266,0.0018057731121723993,77688.5,0.27893446262960414,0.0,0.06392697195751063,0.06385971324501317,0.3545744693382548,0.0,0.0,0.16014329241276226,0,-1,0.0,0.0,0.0,0.0,0.0,0.0,0.0,0.0,0.0,0.0,0.06385971324501317,0.06385971324501317,0.06385971324501317,0.06385971324501317,0.04402093154885063,50.05302226935308,50.05302226935308,50.05302226935308,50.05302226935308,0.0,11.098541305855179,11.242169337269843,11.261968470642387,10.784806732111065,14.793943796623807,6.735714285714266,6.735714285714266,6.735714285714266,28.164285714285693,88.47857142857141,0.020800260528085954,0.02079752819214246,0.020794794019757104,0.02078932016271542,0.015566116049986119,0.0,0.0,0.0,0.0,3,8,3,2024,0,0,29,0,0,0,1,0,1,0,0.0894591748506252,0,-0.017075548762813298,-0.029513294157948827,0.06385971324501317,0.0,0.0,0.0
2024-08-30,3730.1,3730.1,3730.1,3730.1,19670.0,0.0,0.0,0.0,0.0,0.0,0.0,0.0638597132450134,SEPLAT,3730.1,3729.114210186809,3725.3799999999997,3725.7889637717844,3720.625,3720.8474053610494,3717.43,3659.4722328381854,0.002546615152024165,0.0034082686156834355,10.548520627971357,12.265911274691856,-1.7173906467204993,3720.625,3759.33014041748,3681.91985958252,0.020805719693589075,0.6223997626387738,50.05302226935308,6.735714285714266,0.0018057731121723993,78093.5,0.2518775570309949,0.0,0.06392697195751063,0.06385971324501317,0.30081614165329923,0.0,0.0,0.15168097016075507,0,-1,0.0,0.0,0.0,0.0,0.0,0.0,0.0,0.0,0.0,0.0,0.06385971324501317,0.06385971324501317,0.06385971324501317,0.06385971324501317,0.04402093154885063,50.05302226935308,50.05302226935308,50.05302226935308,50.05302226935308,0.0,10.859533118212312,11.098541305855179,11.242169337269843,11.123428914028864,11.061631727901386,6.735714285714266,6.735714285714266,6.735714285714266,6.735714285714266,65.7642857142857,0.020802991028323198,0.020800260528085954,0.02079752819214246,0.02079205801019379,0.018539103729591687,0.0,0.0,0.0,0.0,4,8,3,2024,0,0,30,0,0,0,0,1,1,0,0.0894591748506252,0,-0.017075548762813298,-0.029513294157948827,0.06385971324501317,0.0,0.0,0.0
2024-09-02,3730.1,3730.1,3730.1,3730.1,46230.0,0.0,0.0,0.0,0.0,0.0,0.0,0.0638597132450134,SEPLAT,3730.1,3729.442806791206,3730.1,3726.5727885405504,3720.63,3721.7286048504734,3723.032,3662.2419491974724,0.002545267871301312,0.0018984526590154894,10.184638812221237,11.849656782197734,-1.6650179699764962,3720.63,3759.340265196443,3681.9197348035573,0.020808446524616976,0.6223189760124663,50.05302226935308,6.735714285714266,0.0018057731121723993,77859.5,0.5937618402378644,0.0,0.06392697195751063,0.06385971324501317,0.30081614165329923,0.0,0.0,0.14089082209062337,0,-1,0.0,0.0,0.0,0.0,0.0,0.0,0.0,0.0,0.0,0.0,0.06385971324501317,0.06385971324501317,0.06385971324501317,0.06385971324501317,0.04402093154885063,50.05302226935308,50.05302226935308,50.05302226935308,50.05302226935308,0.0,10.548520627971357,10.859533118212312,11.098541305855179,11.261968470642387,8.011397124453651,6.735714285714266,6.735714285714266,6.735714285714266,6.735714285714266,55.835714285714275,0.020805719693589075,0.020802991028323198,0.020800260528085954,0.020794794019757104,0.020781095585402476,0.0,0.0,0.0,0.0,0,9,3,2024,0,0,2,1,0,0,0,0,1,0,0.0894591748506252,0,-0.017075548762813298,-0.029513294157948827,0.06385971324501317,0.0,0.0,0.0
2024-09-03,3730.1,3730.1,3730.1,3730.1,69750.0,0.0,0.0,0.0,0.0,0.0,0.0,0.0638597132450134,SEPLAT,3730.1,3729.6618711941373,3730.1,3727.2140997149954,3720.6349999999998,3722.525880579,3728.634,3664.9030492289444,0.0025439205941996854,0.0003931734785446613,9.78348196156594,11.436421818071377,-1.6529398565054372,3720.6349999999998,3759.3503865781386,3681.919613421861,0.020811171522140067,0.6222382215000882,100.0,3.3714285714285586,0.0009038440179696412,79772.5,0.8743614654172804,0.0,0.0,0.06385971324501317,0.29937571835972293,0.0,0.0,0.12718174093080697,0,-1,0.0,0.0,0.0,0.0,0.0127345576319557,0.0,0.0,0.0,0.0,0.0001621689580816,0.06385971324501317,0.06385971324501317,0.06385971324501317,0.06385971324501317,0.06385971324501317,50.05302226935308,50.05302226935308,50.05302226935308,50.05302226935308,50.05302226935308,10.184638812221237,10.548520627971357,10.859533118212312,11.242169337269843,9.295556371046132,6.735714285714266,6.735714285714266,6.735714285714266,6.735714285714266,51.34999999999997,0.020808446524616976,0.020805719693589075,0.020802991028323198,0.02079752819214246,0.020783838951059064,0.0,0.0,0.0,0.0,1,9,3,2024,0,0,3,0,1,0,0,0,1,0,0.0894591748506252,0,-0.017075548762813298,-0.029513294157948827,0.06385971324501317,0.0,0.0,0.0
2024-09-04,3730.1,3730.1,3730.1,3730.1,13230.0,0.0,0.0,0.0,0.0,0.0,0.0,0.0638597132450134,SEPLAT,3730.1,3729.8079141294247,3730.1,3727.7388088577236,3720.6400000000003,3723.247225285762,3734.236,3667.459792396437,0.0025425733207189035,-0.0011075893435765621,9.357692611775292,11.02067597681216,-1.6629833650368688,3720.6400000000003,3759.3605045639156,3681.919495436085,0.020813894686890027,0.6221574990633726,100.0,3.3714285714285586,0.0009038440179696412,71243.0,0.18570245497803292,0.0,0.0,0.06385971324501317,0.29937571835972293,0.0,0.0,0.1094624645226186,0,-1,0.0,0.0,0.0,0.0,0.0,0.0,0.0,0.0,0.0,0.0,0.06385971324501317,0.06385971324501317,0.06385971324501317,0.06385971324501317,0.06385971324501317,100.0,50.05302226935308,50.05302226935308,50.05302226935308,50.05302226935308,9.78348196156594,10.184638812221237,10.548520627971357,11.098541305855179,10.195731776540924,3.3714285714285586,6.735714285714266,6.735714285714266,6.735714285714266,31.014285714285702,0.020811171522140067,0.020808446524616976,0.020805719693589075,0.020800260528085954,0.02078658047658345,0.0,0.0,0.0,0.0,2,9,3,2024,0,0,4,0,0,1,0,0,-1,0,0.0894591748506252,0,-0.017075548762813298,-0.029513294157948827,0.06385971324501317,0.0,0.0,0.0
2024-09-05,3730.1,3730.1,3730.1,3730.1,84210.0,0.0,0.0,0.0,0.0,0.0,0.0,0.0638597132450134,SEPLAT,3730.1,3729.9052760862833,3730.1,3728.168116338137,3720.6450000000004,3723.8998704966416,3732.94,3669.9162711259887,0.002541226050859319,-0.0007607944408429135,8.91745659570779,10.600032100591289,-1.6825755048834985,3720.6450000000004,3759.37061915512,3681.919380844881,0.020816616019598538,0.6220768086641361,100.0,3.3714285714285586,0.0009038440179696412,53896.5,1.5624391194233391,0.0,0.0,0.06385971324501317,0.29937571835972293,0.0,0.0,0.08526858441944242,0,-1,0.0,0.0,0.0,0.0,0.0,0.0,0.0,0.0,0.0,0.0,0.06385971324501317,0.06385971324501317,0.06385971324501317,0.06385971324501317,0.06385971324501317,100.0,100.0,50.05302226935308,50.05302226935308,50.05302226935308,9.357692611775292,9.78348196156594,10.184638812221237,10.859533118212312,10.784806732111065,3.3714285714285586,3.3714285714285586,6.735714285714266,6.735714285714266,28.164285714285693,0.020813894686890027,0.020811171522140067,0.020808446524616976,0.020802991028323198,0.02078932016271542,0.0,0.0,0.0,0.0,3,9,3,2024,0,0,5,0,0,0,1,0,-1,0,0.0894591748506252,0,-0.017075548762813298,-0.029513294157948827,0.06385971324501317,0.0,0.0,0.0
2024-09-06,3730.1,3730.1,3730.1,3730.1,57780.0,0.0,0.0,0.0,0.0,0.0,0.0,0.0638597132450134,SEPLAT,3730.1,3729.9701840575226,3730.1,3728.5193679130216,3720.65,3724.490359020771,3731.6440000000002,3672.2764173563423,0.002539878784620918,-0.00041375865436261435,8.470918901116875,10.174209460696407,-1.703290559579532,3720.65,3759.3807303530957,3681.9192696469045,0.02081933552099532,0.6219961502642373,100.0,3.3714285714285586,0.0009038440179696412,56380.5,1.0248224120041505,0.0,0.0,0.06385971324501317,0.29937571835972293,0.0,0.0,0.045180706886690444,0,-1,0.0,0.0,0.0,0.0,0.0,0.0,0.0,0.0,0.0,0.0,0.06385971324501317,0.06385971324501317,0.06385971324501317,0.06385971324501317,0.06385971324501317,100.0,100.0,100.0,50.05302226935308,50.05302226935308,8.91745659570779,9.357692611775292,9.78348196156594,10.548520627971357,11.123428914028864,3.3714285714285586,3.3714285714285586,3.3714285714285586,6.735714285714266,6.735714285714266,0.020816616019598538,0.020813894686890027,0.020811171522140067,0.020805719693589075,0.02079205801019379,0.0,0.0,0.0,0.0,4,9,3,2024,0,0,6,0,0,0,0,1,-1,0,0.0894591748506252,0,-0.017075548762813298,-0.029513294157948827,0.06385971324501317,0.0,0.0,0.0
2024-10-15,5217.2,5217.2,5217.2,5217.2,234270.0,0.0,0.0,0.0,0.0,0.0,0.0,0.5539018670995158,SEPLAT,5217.2,5165.473067923045,4984.91,4960.930952600069,4432.1050000000005,4617.024575969694,4007.112,4170.328554587644,0.1771381770061854,0.3019850705445717,398.2451389695125,310.8753402026106,87.36979876690191,4432.1050000000005,5711.105948067629,3153.104051932372,0.5771528192890865,0.8069172861779954,100.0,106.22142857142856,0.020359853670825073,103019.5,2.2740354981338484,0.0,0.6449684615032951,0.5539018670995156,0.33883708759790176,0.0,0.0,0.23277807540751527,1,-1,0.0,0.0,0.0,0.0496079868031208,0.0,0.0,0.0,0.0,0.0024609523546586,0.0,0.5539018670995156,0.5539018670995156,0.5539018670995156,0.5539018670995156,0.3301557051646535,100.0,100.0,100.0,100.0,100.0,395.63842624185054,386.55657216047985,369.34218281065114,302.12261701153784,86.15884109441231,106.22142857142856,106.22142857142856,106.22142857142856,106.22142857142856,26.642857142857174,0.5780890942860625,0.5700820347446223,0.5517465147537245,0.4734351416809434,0.16093355074629312,0.0,0.0,0.0,0.0496079868031208,1,10,4,2024,0,0,15,0,1,0,0,0,1,0,0.0894591748506252,0,0.0,-0.017075548762813298,0.5539018670995156,0.0,0.0,0.6891303657794371
2024-10-16,5217.2,5217.2,5217.2,5217.2,12940.0,0.0,0.0,0.0,0.0,0.0,0.0,0.5539018670995158,SEPLAT,5217.2,5182.715378615364,5096.32,5007.525324854601,4506.46,4674.184140163056,4036.8559999999998,4211.382336760678,0.15771581241151586,0.29239190102396523,395.74902912401103,327.8500779868907,67.89895113712032,4506.46,5786.529577714224,3226.3904222857764,0.5681042670806903,0.7776177218699095,100.0,79.5785714285714,0.015253118804832362,103629.5,0.12486791888410154,0.0,0.6449684615032951,0.5539018670995156,0.33883708759790176,0.0,0.0,0.2295100966720181,1,-1,0.0,0.0,0.0,0.0,0.0,0.0,0.0,0.0,0.0,0.0,0.5539018670995156,0.5539018670995156,0.5539018670995156,0.5539018670995156,0.3301557051646535,100.0,100.0,100.0,100.0,100.0,398.2451389695125,395.63842624185054,386.55657216047985,341.99811229053284,95.0445467944428,106.22142857142856,106.22142857142856,106.22142857142856,106.22142857142856,26.642857142857174,0.5771528192890865,0.5780890942860625,0.5700820347446223,0.5208247574272284,0.17336586873093626,0.0,0.0,0.0,0.0,2,10,4,2024,0,0,16,0,0,1,0,0,1,0,0.0894591748506252,0,0.0,-0.017075548762813298,0.5539018670995156,0.0,0.0,0.6891303657794371
2024-10-17,5217.2,5217.2,5217.2,5217.2,67970.0,0.0,0.0,0.0,0.0,0.0,0.0,0.5539018670995158,SEPLAT,5217.2,5194.210252410243,5166.7,5045.647993062856,4580.8150000000005,4725.8999363380035,4066.6,4250.826166691632,0.13892396876974933,0.2829390645748291,389.2834270613075,340.1367478017741,49.146679259533414,4580.8150000000005,5843.651345233262,3317.9786547667386,0.5513588063404706,0.751966536440813,100.0,79.5785714285714,0.015253118804832362,104898.5,0.6479596943712255,0.0,0.5142173510252868,0.5539018670995156,0.33883708759790176,0.0,0.0,0.22344259735411703,1,-1,0.0,0.0,0.0,0.0,0.0953079641821946,0.0,0.0,0.0,0.0,0.0090836080365544,0.5539018670995156,0.5539018670995156,0.5539018670995156,0.5539018670995156,0.45508876253636693,100.0,100.0,100.0,100.0,100.0,395.74902912401103,398.2451389695125,395.63842624185054,369.34218281065114,133.65363762159586,79.5785714285714,106.22142857142856,106.22142857142856,106.22142857142856,55.94999999999998,0.5681042670806903,0.5771528192890865,0.5780890942860625,0.5517465147537245,0.2326032057409617,0.0,0.0,0.0,0.0,3,10,4,2024,0,0,17,0,0,0,1,0,1,0,0.0894591748506252,0,0.0,-0.017075548762813298,0.5539018670995156,0.0,0.0,0.6891303657794371
2024-10-18,5217.2,5217.2,5217.2,5217.2,1060000.0,0.0,0.0,0.0,0.0,0.0,0.0,0.5539018670995158,SEPLAT,5217.2,5201.873501606829,5191.95,5076.839267051428,4655.17,4772.690418591527,4096.344,4288.723179762549,0.1207324329723726,0.273623504276008,379.78150604852,348.0656994511233,31.715806597396693,4655.17,5881.700047865027,3428.639952134973,0.5269539234292311,0.7291138325466643,100.0,79.5785714285714,0.015253118804832362,157545.5,6.728215023596358,0.0,0.24903011733000693,0.5539018670995156,0.33883708759790176,0.0,0.0,0.21433796188331125,1,-1,0.0,0.0,0.0,0.0,0.0953021229551974,0.0,0.0,0.0,0.0,0.0090824946397675,0.5539018670995156,0.5539018670995156,0.5539018670995156,0.5539018670995156,0.5424909396766185,100.0,100.0,100.0,100.0,100.0,389.2834270613075,395.74902912401103,398.2451389695125,386.55657216047985,198.3809465303725,79.5785714285714,79.5785714285714,106.22142857142856,106.22142857142856,88.18571428571428,0.5513588063404706,0.5681042670806903,0.5771528192890865,0.5700820347446223,0.3372224694706685,0.0,0.0,0.0,0.0,4,10,4,2024,0,0,18,0,0,0,0,1,1,0,0.0894591748506252,0,0.0,-0.017075548762813298,0.614169780092973,0.0090601295485425,0.0951847127880447,0.6891303657794371
2024-10-21,5738.2,5217.2,5738.2,4860.0,3710000.0,9.99,0.0998619949398145,0.0951847127880447,0.0090601295485425,0.0951847127880447,0.6757444259825942,0.6141697800929733,SEPLAT,5321.4,5380.6490010712205,5269.3,5197.086673042077,4755.574999999999,4864.643712059001,4136.508,4345.565408007155,0.20662590748752804,0.38720872774813925,409.5702402288316,360.36660760666496,49.20363262216665,4755.574999999999,5991.984231988892,3519.1657680111057,0.5199830649243861,0.8973704557427746,100.0,142.3071428571428,0.024799962158367224,343040.5,10.815049534967445,0.6757444259825937,0.5137007892693176,0.614169780092973,0.38331431862012694,0.7082079996347402,0.32215338577587116,0.19997826030495652,1,1,0.0,0.0,0.0,0.0,0.0,0.0,0.0,0.0,0.0,0.0,0.5539018670995156,0.5539018670995156,0.5539018670995156,0.5539018670995156,0.5424909396766185,100.0,100.0,100.0,100.0,100.0,379.78150604852,389.2834270613075,395.74902912401103,395.63842624185054,246.8324740625435,79.5785714285714,79.5785714285714,79.5785714285714,106.22142857142856,88.18571428571428,0.5269539234292311,0.5513588063404706,0.5681042670806903,0.5780890942860625,0.40195094076326543,0.0,0.0,0.0,0.0,0,10,4,2024,0,0,21,1,0,0,0,0,1,0,4.728535753579654,1,0.0,-0.017075548762813298,0.6174076086059743,4.46143504491103e-05,0.0066793974615312,0.04741901794254063
2024-10-29,5700.0,5700.0,5700.0,5700.0,19550.0,0.0,0.0,0.0,0.0,0.0,0.0,0.5565835305926067,SEPLAT,5700.0,5671.96369831078,5558.9800000000005,5549.1337518765395,5271.945,5241.776262504936,4375.7339999999995,4634.598115536804,0.08119489106961479,0.3026385973187586,409.715414188453,406.3903327625113,3.3250814259416757,5271.945,6127.16322262846,4416.726777371539,0.324441253703694,0.7502606870819472,93.16881258941348,65.45714285714283,0.011483709273182952,526807.0,0.03711036489644215,0.0,0.48270062649310835,0.5565835305926063,0.3840306739948302,0.0,0.0,0.07788353587039286,1,-1,0.0,0.0,0.0,-0.0066793974615312,0.0,0.0,0.0,0.0,4.46143504491103e-05,0.0,0.5565835305926063,0.5565835305926063,0.6174076086059743,0.6174076086059743,0.5539018670995156,93.16881258941348,95.29382776888015,95.29382776888015,97.71708599772904,100.0,420.96114548096375,429.1917167600459,433.4541300397477,425.1942315070946,398.2451389695125,65.45714285714283,83.49285714285712,83.49285714285712,145.03571428571422,106.22142857142856,0.3761579864785816,0.41441615523365377,0.442007593682312,0.4968704224083751,0.5771528192890865,0.0,0.0,0.0,0.0066793974615312,1,10,4,2024,0,0,29,0,1,0,0,0,1,0,0.0894591748506252,0,-0.006657139869645502,-0.006657139869645502,0.5565835305926063,0.0,0.0,0.0
2024-10-30,5700.0,5700.0,5700.0,5700.0,21480.0,0.0,0.0,0.0,0.0,0.0,0.0,0.5565835305926067,SEPLAT,5700.0,5681.309132207187,5607.26,5576.563978808077,5351.789999999999,5285.416618456848,4416.076,4676.378581594185,0.06506421216079125,0.2907386557658881,396.23553452408123,404.3593731148253,-8.123838590744072,5351.789999999999,6026.704334992923,4676.875665007075,0.25222003665798687,0.7579660720968772,93.16881258941348,65.45714285714283,0.011483709273182952,524930.0,0.040919741679843025,0.0,0.48270062649310835,0.5565835305926063,0.3840306739948302,0.0,0.0,0.061445814307057166,1,-1,0.0,0.0,0.0,0.0,0.0,0.0,0.0,0.0,0.0,0.0,0.5565835305926063,0.5565835305926063,0.5565835305926063,0.6174076086059743,0.5539018670995156,93.16881258941348,93.16881258941348,95.29382776888015,96.97545526524151,100.0,409.715414188453,420.96114548096375,429.1917167600459,432.58973200707806,395.74902912401103,65.45714285714283,65.45714285714283,83.49285714285712,115.72857142857141,79.5785714285714,0.324441253703694,0.3761579864785816,0.41441615523365377,0.4601004458057794,0.5681042670806903,0.0,0.0,0.0,0.0,2,10,4,2024,0,0,30,0,0,1,0,0,1,0,0.0894591748506252,0,-0.006657139869645502,-0.006657139869645502,0.5565835305926063,0.0,0.0,0.0
2024-10-31,5700.0,5700.0,5700.0,5700.0,87010.0,0.0,0.0,0.0,0.0,0.0,0.0,0.5565835305926067,SEPLAT,5700.0,5687.539421471458,5655.54,5599.006891752062,5411.12,5324.900750032386,4455.473999999999,4716.5205980022565,0.05338635994027117,0.27932516270996105,381.1588705759377,399.7192726070478,-18.560402031110073,5411.12,5975.244079669667,4846.995920330332,0.20850547748697773,0.75604296147858,93.16881258941348,65.45714285714283,0.011483709273182952,503378.0,0.1728522104660911,0.0,0.48270062649310835,0.5565835305926063,0.3840306739948302,0.0,0.0,0.0352305303611157,1,-1,0.0,0.0,0.0,0.0,0.0,0.0,0.0,0.0,0.0,0.0,0.5565835305926063,0.5565835305926063,0.5565835305926063,0.6174076086059743,0.5539018670995156,93.16881258941348,93.16881258941348,93.16881258941348,95.29382776888015,100.0,396.23553452408123,409.715414188453,420.96114548096375,433.4541300397477,389.2834270613075,65.45714285714283,65.45714285714283,65.45714285714283,83.49285714285712,79.5785714285714,0.25222003665798687,0.324441253703694,0.3761579864785816,0.442007593682312,0.5513588063404706,0.0,0.0,0.0,0.0,3,10,4,2024,0,1,31,0,0,0,1,0,1,0,0.0894591748506252,0,-0.006657139869645502,-0.006657139869645502,0.47694606493454283,0.0,0.0,0.0
2024-11-01,5700.0,5700.0,5700.0,5700.0,13210.0,0.0,0.0,0.0,0.0,0.0,0.0,0.4769460649345431,SEPLAT,5700.0,5691.692947647639,5703.820000000001,5617.369275069868,5447.885,5360.62448812454,4494.872,4755.088417688443,0.046277592129789775,0.2681117504569651,365.002978644191,392.77601381447647,-27.773035170285482,5447.885,5984.688095429925,4911.0819045700755,0.19706843864359277,0.7348300542101768,93.16881258941348,65.45714285714283,0.011483709273182952,496902.5,0.02658469216798064,0.0,0.48270062649310835,0.47694606493454283,0.3840306739948302,0.0,0.0,0.03214223471950539,1,-1,0.0,0.0,0.0,0.0,0.0,0.0,0.0,0.0,0.0,0.0,0.5565835305926063,0.5565835305926063,0.5565835305926063,0.5565835305926063,0.5539018670995156,93.16881258941348,93.16881258941348,93.16881258941348,95.29382776888015,100.0,381.1588705759377,396.23553452408123,409.715414188453,429.1917167600459,379.78150604852,65.45714285714283,65.45714285714283,65.45714285714283,83.49285714285712,79.5785714285714,0.20850547748697773,0.25222003665798687,0.324441253703694,0.41441615523365377,0.5269539234292311,0.0,0.0,0.0,0.0,4,11,4,2024,1,0,1,0,0,0,0,1,1,0,0.0894591748506252,0,-0.006657139869645502,-0.006657139869645502,0.36644590632302404,0.0,0.0,0.0
2024-11-04,5700.0,5700.0,5700.0,5700.0,25500.0,0.0,0.0,0.0,0.0,0.0,0.0,0.3664459063230244,SEPLAT,5700.0,5694.461965098426,5700.0,5632.3930432389825,5484.65,5392.945965446012,4534.27,4792.143773857524,0.03926412806651297,0.2570932035366221,348.18565045100786,383.8579411417828,-35.67229069077496,5484.65,5981.335720816643,4987.964279183357,0.1811184745851214,0.7167869851844394,93.16881258941348,65.45714285714283,0.011483709273182952,497551.0,0.05125102753285593,0.0,0.033530309144379954,0.36644590632302404,0.3840306739948302,0.0,0.0,0.053363291488227035,1,-1,0.0,0.0,0.0,0.0,0.0951847127880447,0.0,0.0,0.0,0.0,0.0090601295485425,0.47694606493454283,0.5565835305926063,0.5565835305926063,0.5565835305926063,0.614169780092973,93.16881258941348,93.16881258941348,93.16881258941348,93.16881258941348,100.0,365.002978644191,381.1588705759377,396.23553452408123,420.96114548096375,409.5702402288316,65.45714285714283,65.45714285714283,65.45714285714283,65.45714285714283,142.3071428571428,0.19706843864359277,0.20850547748697773,0.25222003665798687,0.3761579864785816,0.5199830649243861,0.0,0.0,0.0,0.0,0,11,4,2024,0,0,4,1,0,0,0,0,1,0,0.0894591748506252,0,-0.006657139869645502,-0.006657139869645502,0.36644590632302404,0.0,0.0,0.0
2024-11-05,5700.0,5700.0,5700.0,5700.0,167360.0,0.0,0.0,0.0,0.0,0.0,0.0,0.3664459063230244,SEPLAT,5700.0,5696.307976732284,5700.0,5644.685217195531,5508.789999999999,5422.189206832107,4573.668,4827.745978804289,0.03470998168381822,0.2462644861848303,331.041753428417,373.29470359910965,-42.25295017069266,5508.789999999999,5997.612576358625,5019.967423641373,0.17747003474760378,0.6955822104457376,93.16881258941348,65.45714285714283,0.011483709273182952,485064.5,0.3450262800101842,0.0,0.0,0.36644590632302404,0.3840306739948302,0.0,0.0,0.06719061130925112,1,-1,0.0,0.0,0.0,0.0,-0.0066793974615312,0.0,0.0,0.0,0.0,4.46143504491103e-05,0.36644590632302404,0.47694606493454283,0.5565835305926063,0.5565835305926063,0.6174076086059743,93.16881258941348,93.16881258941348,93.16881258941348,93.16881258941348,97.71708599772904,348.18565045100786,365.002978644191,381.1588705759377,409.715414188453,425.1942315070946,65.45714285714283,65.45714285714283,65.45714285714283,65.45714285714283,145.03571428571422,0.1811184745851214,0.19706843864359277,0.20850547748697773,0.324441253703694,0.4968704224083751,0.0,0.0,0.0,0.0,1,11,4,2024,0,0,5,0,1,0,0,0,1,0,0.0894591748506252,0,-0.006657139869645502,-0.006657139869645502,0.33169241568457314,0.0,0.0,0.0
2024-11-06,5700.0,5700.0,5700.0,5700.0,239430.0,0.0,0.0,0.0,0.0,0.0,0.0,0.3316924156845734,SEPLAT,5700.0,5697.538651154857,5700.0,5654.742450432706,5532.929999999999,5448.647377610002,4613.066,4861.95201885118,0.030195574496695358,0.23562073466974032,313.8373696821891,361.40323681572556,-47.56586713353647,5532.929999999999,6008.63057411203,5057.229425887968,0.17195250043359708,0.6756041605708198,93.16881258941348,65.45714285714283,0.011483709273182952,492127.0,0.48652075582116,0.0,0.0,0.33169241568457314,0.3840306739948302,0.0,0.0,0.0816534150215536,1,-1,0.0,0.0,0.0,0.0,0.0,0.0,0.0,0.0,0.0,0.0,0.36644590632302404,0.36644590632302404,0.47694606493454283,0.5565835305926063,0.6174076086059743,93.16881258941348,93.16881258941348,93.16881258941348,93.16881258941348,96.97545526524151,331.041753428417,348.18565045100786,365.002978644191,396.23553452408123,432.58973200707806,65.45714285714283,65.45714285714283,65.45714285714283,65.45714285714283,115.72857142857141,0.17747003474760378,0.1811184745851214,0.19706843864359277,0.25222003665798687,0.4601004458057794,0.0,0.0,0.0,0.0,2,11,4,2024,0,0,6,0,0,1,0,0,1,0,0.0894591748506252,0,-0.006657139869645502,-0.006657139869645502,0.33169241568457314,0.0,0.0,0.07575492177648234
2024-11-07,5700.0,5700.0,5700.0,5700.0,8730.0,0.0,0.0,0.0,0.0,0.0,0.0,0.3316924156845734,SEPLAT,5700.0,5698.359100769905,5700.0,5662.971095808578,5557.07,5472.585722599526,4652.464,4894.816645562899,0.02572038862206168,0.22515725000773784,296.7816574060025,348.478920933781,-51.69726352777849,5557.07,6013.9368081848825,5100.203191815117,0.16442722808418206,0.6564241453300762,93.16881258941348,65.45714285714283,0.011483709273182952,491856.0,0.017749097296769788,0.0,0.0,0.33169241568457314,0.3840306739948302,0.0,0.0,0.09265448374433294,1,-1,0.0,0.0,0.0,0.0,0.0,0.0,0.0,0.0,0.0,0.0,0.33169241568457314,0.36644590632302404,0.36644590632302404,0.5565835305926063,0.6174076086059743,93.16881258941348,93.16881258941348,93.16881258941348,93.16881258941348,95.29382776888015,313.8373696821891,331.041753428417,348.18565045100786,381.1588705759377,433.4541300397477,65.45714285714283,65.45714285714283,65.45714285714283,65.45714285714283,83.49285714285712,0.17195250043359708,0.17747003474760378,0.1811184745851214,0.20850547748697773,0.442007593682312,0.0,0.0,0.0,0.0,3,11,4,2024,0,0,7,0,0,0,1,0,1,0,0.0894591748506252,0,-0.006657139869645502,-0.006657139869645502,0.33169241568457314,0.0,0.0,0.07575492177648234
2024-11-08,5700.0,5700.0,5700.0,5700.0,7960.0,0.0,0.0,0.0,0.0,0.0,0.0,0.3316924156845734,SEPLAT,5700.0,5698.906067179937,5700.0,5669.703623843381,5581.21,5494.244225209095,4691.862,4926.392463383962,0.021283915136681823,0.21486949104641184,280.036792717754,334.7904952905756,-54.753702572821624,5581.21,6012.784146340421,5149.635853659579,0.15465253819169,0.6376240919518609,0.0,2.7285714285714158,0.00047869674185463434,491138.0,0.016207257430701758,0.0,0.0,0.33169241568457314,0.3840306739948302,0.0,0.0,0.10132767523165234,1,-1,0.0,0.0,0.0,0.0,0.0,0.0,0.0,0.0,0.0,0.0,0.33169241568457314,0.33169241568457314,0.36644590632302404,0.47694606493454283,0.5565835305926063,93.16881258941348,93.16881258941348,93.16881258941348,93.16881258941348,95.29382776888015,296.7816574060025,313.8373696821891,331.041753428417,365.002978644191,429.1917167600459,65.45714285714283,65.45714285714283,65.45714285714283,65.45714285714283,83.49285714285712,0.16442722808418206,0.17195250043359708,0.17747003474760378,0.19706843864359277,0.41441615523365377,0.0,0.0,0.0,0.0,4,11,4,2024,0,0,8,0,0,0,0,1,1,0,0.0894591748506252,0,-0.006657139869645502,-0.006657139869645502,0.33169241568457314,0.0,0.0,0.07575492177648234
2024-11-20,5639.5,5639.5,5639.5,5639.5,269300.0,0.0,0.0,0.0,0.0,0.0,0.0,0.0369646168439398,SEPLAT,5639.5,5644.7687019049035,5663.7,5651.565066661618,5681.85,5580.296159200498,4999.786,5125.359067983885,-0.007453558260073807,0.12794827618622076,150.79502718155163,211.17435765343174,-60.37933047188011,5681.85,5738.739643863677,5624.960356136324,0.020025042499776168,0.12778814276388575,0.0,4.321428571428571,0.0007662786721213886,78867.5,3.414587757948458,0.0,0.053566818896407124,0.03696461684393944,0.383672802148236,0.0,0.0,0.1619270101740726,0,-1,0.0,0.0,0.0,-0.01067076574267,0.0,0.0,0.0,0.0,0.0001138652415349,0.0,0.04261720264249571,0.3354393311841702,0.3354393311841702,0.3354393311841702,0.33169241568457314,0.0,0.0,0.0,0.0,93.16881258941348,163.6326671876668,177.6380525454697,192.93019091058613,227.9236019143773,313.8373696821891,4.321428571428571,4.321428571428571,4.321428571428571,4.321428571428571,65.45714285714283,0.01891181799301877,0.017460698057562958,0.017221032006365565,0.10556226886680217,0.17195250043359708,0.0,0.0,0.0,0.01067076574267,2,11,4,2024,0,0,20,0,0,1,0,0,1,0,0.0894591748506252,0,-0.01720051584120453,-0.01720051584120453,0.03696461684393944,0.0,0.0,0.0
2024-11-21,5639.5,5639.5,5639.5,5639.5,1320.0,0.0,0.0,0.0,0.0,0.0,0.0,0.0369646168439398,SEPLAT,5639.5,5643.012467936603,5657.65,5649.371418177687,5678.825,5585.934620229022,5037.973999999999,5145.521457474713,-0.0069248480099316,0.11939839308420426,139.01858527155764,196.74320317705693,-57.72461790549929,5678.825,5738.037618676385,5619.6123813236145,0.020853827570451747,0.1679339566543855,0.0,4.321428571428571,0.0007662786721213886,48625.5,0.027146250424160162,0.0,0.053566818896407124,0.03696461684393944,0.383672802148236,0.0,0.0,0.17143099526749403,0,-1,0.0,0.0,0.0,0.0,0.0,0.0,0.0,0.0,0.0,0.0,0.03696461684393944,0.04261720264249571,0.3354393311841702,0.3354393311841702,0.33169241568457314,0.0,0.0,0.0,0.0,93.16881258941348,150.79502718155163,163.6326671876668,177.6380525454697,209.6422629197259,296.7816574060025,4.321428571428571,4.321428571428571,4.321428571428571,4.321428571428571,65.45714285714283,0.020025042499776168,0.01891181799301877,0.017460698057562958,0.07689669846150829,0.16442722808418206,0.0,0.0,0.0,0.0,3,11,4,2024,0,0,21,0,0,0,1,0,1,0,0.0894591748506252,0,-0.01720051584120453,-0.01720051584120453,0.03696461684393944,0.0,0.0,0.0
2024-11-22,5639.5,5639.5,5639.5,5639.5,3710.0,0.0,0.0,0.0,0.0,0.0,0.0,0.0369646168439398,SEPLAT,5639.5,5641.841645291069,5651.6,5647.5766148726525,5675.8,5591.036084969115,5076.162,5164.893165024724,-0.006395574192184394,0.11097715163542844,128.20777083755638,183.03611670915683,-54.82834587160045,5675.8,5736.617587483861,5614.982412516139,0.021430489969294454,0.20156659034170687,0.0,4.321428571428571,0.0007662786721213886,47796.5,0.07762074628895421,0.0,0.053566818896407124,0.03696461684393944,0.383672802148236,0.0,0.0,0.17593312068621347,0,-1,0.0,0.0,0.0,0.0,0.0,0.0,0.0,0.0,0.0,0.0,0.03696461684393944,0.03696461684393944,0.04261720264249571,0.3354393311841702,0.33169241568457314,0.0,0.0,0.0,0.0,0.0,139.01858527155764,150.79502718155163,163.6326671876668,192.93019091058613,280.036792717754,4.321428571428571,4.321428571428571,4.321428571428571,4.321428571428571,2.7285714285714158,0.020853827570451747,0.020025042499776168,0.01891181799301877,0.017221032006365565,0.15465253819169,0.0,0.0,0.0,0.0,4,11,4,2024,0,0,22,0,0,0,0,1,1,0,0.0894591748506252,0,-0.01720051584120453,-0.01720051584120453,0.03696461684393944,0.0,0.0,0.4407852521055048
2024-11-27,5639.5,5639.5,5639.5,5639.5,7350.0,0.0,0.0,0.0,0.0,0.0,0.0,0.0369646168439398,SEPLAT,5639.5,5640.193820826984,5639.5,5643.923630535059,5666.725,5603.606036799823,5190.726,5218.568235233763,-0.004804362308035128,0.08645688483653353,100.75215140019463,146.4680308061143,-45.71587940591968,5666.725,5728.485552049528,5604.964447950472,0.02179761751259434,0.279592319882701,0.0,4.321428571428571,0.0007662786721213886,46073.5,0.1595277111571728,0.0,0.0,0.03696461684393944,0.383672802148236,0.0,0.0,0.1787543450437436,0,-1,0.0,0.0,0.0,0.0,-0.01067076574267,0.0,0.0,0.0,0.0,0.0001138652415349,0.03696461684393944,0.03696461684393944,0.03696461684393944,0.03696461684393944,0.3354393311841702,0.0,0.0,0.0,0.0,0.0,109.1480679695942,118.2767023113438,128.20777083755638,150.79502718155163,227.9236019143773,4.321428571428571,4.321428571428571,4.321428571428571,4.321428571428571,4.321428571428571,0.021895741541006784,0.021774370409377134,0.021430489969294454,0.020025042499776168,0.10556226886680217,0.0,0.0,0.0,0.0,2,11,4,2024,0,0,27,0,0,1,0,0,1,0,0.0894591748506252,0,-0.01720051584120453,-0.01720051584120453,0.03696461684393944,0.0,0.0,0.7582526195743372
2024-11-28,5639.5,5639.5,5639.5,5639.5,3800.0,0.0,0.0,0.0,0.0,0.0,0.0,0.0369646168439398,SEPLAT,5639.5,5639.96254721799,5639.5,5643.119334074139,5663.7,5607.0245094855545,5228.914,5235.075363263811,-0.004272825184949736,0.0785222323411707,93.02598142245733,135.77962092938293,-42.753639506925595,5663.7,5724.517587483862,5602.882412516137,0.021476274337928404,0.3010443935611464,0.0,4.321428571428571,0.0007662786721213886,41913.0,0.09066399446472455,0.0,0.0,0.03696461684393944,0.383672802148236,0.0,0.0,0.17238097904001826,0,-1,0.0,0.0,0.0,0.0,0.0,0.0,0.0,0.0,0.0,0.0,0.03696461684393944,0.03696461684393944,0.03696461684393944,0.03696461684393944,0.3354393311841702,0.0,0.0,0.0,0.0,0.0,100.75215140019463,109.1480679695942,118.2767023113438,139.01858527155764,209.6422629197259,4.321428571428571,4.321428571428571,4.321428571428571,4.321428571428571,4.321428571428571,0.02179761751259434,0.021895741541006784,0.021774370409377134,0.020853827570451747,0.07689669846150829,0.0,0.0,0.0,0.0,3,11,4,2024,0,0,28,0,0,0,1,0,1,0,0.0894591748506252,0,-0.01720051584120453,-0.01720051584120453,0.21640530834619334,0.0038549928268594,0.0620885885397582,0.7582526195743372
2024-12-11,5700.0,5700.0,5700.0,5700.0,3500.0,0.0,0.0,0.0,0.0,0.0,0.0,0.3416299891260679,SEPLAT,5700.0,5673.726607944705,5573.95,5636.38207972967,5606.725,5605.318370047825,5522.196000000001,5340.064719332534,0.016636271620241696,0.032198060336865834,56.67299756379816,57.32560411801707,-0.6526065542189059,5606.725,5876.718464833172,5336.7315351668285,0.09631057875432515,0.6727356624310036,54.09060175794456,68.84999999999998,0.012078947368421048,169688.5,0.02062602945986322,0.0,0.505817000774441,0.34162998912606773,0.4287356373821187,0.0,0.0,0.1421984919870846,1,-1,0.0,0.0,0.0,0.0727593542824283,0.0,0.0,0.0,0.0,0.0052939236355959,0.0,0.34162998912606773,0.34162998912606773,0.34162998912606773,0.34162998912606773,0.03696461684393944,54.09060175794456,54.09060175794456,54.09060175794456,54.09060175794456,0.0,54.00822132414214,49.821423704446715,43.752872215972275,24.15771712734295,100.75215140019463,68.84999999999998,68.84999999999998,68.84999999999998,68.84999999999998,4.321428571428571,0.09526975754532178,0.09526975754532178,0.09526975754532178,0.09526975754532178,0.02179761751259434,0.0,0.0,0.0,0.0727593542824283,2,12,4,2024,0,0,11,0,0,1,0,0,1,0,0.0894591748506252,0,-0.006657139869645502,-0.07636541075598617,0.3394230815398622,0.0,0.0,0.0
2024-12-12,5700.0,5700.0,5700.0,5700.0,2700.0,0.0,0.0,0.0,0.0,0.0,0.0,0.3394230815398624,SEPLAT,5700.0,5682.484405296471,5580.0,5647.948974324276,5609.75,5614.3356681385085,5545.928000000001,5354.179828378317,0.016088060965283656,0.0277811035411926,58.11493908986813,57.48347111238728,0.6314679774808525,5609.75,5882.629865605034,5336.870134394966,0.09728771000669689,0.6653658099689695,54.09060175794456,68.84999999999998,0.012078947368421048,169190.0,0.01595838997576689,0.0,0.505817000774441,0.3394230815398622,0.4287356373821187,0.0,0.0,0.142381271229678,1,-1,0.0,0.0,0.0,0.0,0.0,0.0,0.0,0.0,0.0,0.0,0.34162998912606773,0.34162998912606773,0.34162998912606773,0.34162998912606773,0.03696461684393944,54.09060175794456,54.09060175794456,54.09060175794456,54.09060175794456,0.0,56.67299756379816,54.00822132414214,49.821423704446715,35.37078835663306,93.02598142245733,68.84999999999998,68.84999999999998,68.84999999999998,68.84999999999998,4.321428571428571,0.09631057875432515,0.09526975754532178,0.09526975754532178,0.09526975754532178,0.021476274337928404,0.0,0.0,0.0,0.0,3,12,4,2024,0,0,12,0,0,0,1,0,1,0,0.0894591748506252,0,-0.006657139869645502,-0.07636541075598617,0.3394230815398622,0.0,0.0,0.0
2024-12-13,5700.0,5700.0,5700.0,5700.0,26110.0,0.0,0.0,0.0,0.0,0.0,0.0,0.3394230815398624,SEPLAT,5700.0,5688.322936864314,5620.0,5657.412797174407,5612.775,5622.494175934841,5560.634,5367.741403736031,0.01554044122559703,0.02506296943837699,58.582386848585884,57.703254259627,0.8791325889588819,5612.775,5888.37128654589,5337.178713454109,0.09820321910138587,0.6582477781054503,54.09060175794456,68.84999999999998,0.012078947368421048,169650.5,0.15390464513809274,0.0,0.36524905970723204,0.3394230815398622,0.4287356373821187,0.0,0.0,0.14256355108462257,1,-1,0.0,0.0,0.0,0.0,-0.0620885885397582,0.0,0.0,0.0,0.0,0.0038549928268594,0.3394230815398622,0.34162998912606773,0.34162998912606773,0.34162998912606773,0.21640530834619334,54.09060175794456,54.09060175794456,54.09060175794456,54.09060175794456,0.0,58.11493908986813,56.67299756379816,54.00822132414214,43.752872215972275,58.82996811884641,68.84999999999998,68.84999999999998,68.84999999999998,68.84999999999998,44.59999999999997,0.09728771000669689,0.09631057875432515,0.09526975754532178,0.09526975754532178,0.060954048707433046,0.0,0.0,0.0,0.0,4,12,4,2024,0,0,13,0,0,0,0,1,1,0,0.0894591748506252,0,-0.006657139869645502,-0.07636541075598617,0.3394230815398622,0.0,0.0,0.0
2024-12-16,5700.0,5700.0,5700.0,5700.0,10980.0,0.0,0.0,0.0,0.0,0.0,0.0,0.3394230815398624,SEPLAT,5700.0,5692.215291242876,5660.0,5665.155924960878,5615.8,5629.875682988666,5575.34,5380.771152609129,0.014993411446276543,0.022359174507743,58.28101529944797,57.8188064675912,0.46220883185677053,5615.8,5893.947707825197,5337.652292174804,0.09905897924612574,0.6513584286894714,54.09060175794456,68.84999999999998,0.012078947368421048,169578.5,0.06474877416653645,0.0,0.36524905970723204,0.3394230815398622,0.4287356373821187,0.0,0.0,0.14274533346501014,1,-1,0.0,0.0,0.0,0.0,0.0,0.0,0.0,0.0,0.0,0.0,0.3394230815398622,0.3394230815398622,0.34162998912606773,0.34162998912606773,0.21640530834619334,54.09060175794456,54.09060175794456,54.09060175794456,54.09060175794456,0.0,58.582386848585884,58.11493908986813,56.67299756379816,49.821423704446715,31.3677928169418,68.84999999999998,68.84999999999998,68.84999999999998,68.84999999999998,44.59999999999997,0.09820321910138587,0.09728771000669689,0.09631057875432515,0.09526975754532178,0.08117815412533025,0.0,0.0,0.0,0.0,0,12,4,2024,0,0,16,1,0,0,0,0,1,0,0.0894591748506252,0,-0.006657139869645502,-0.07636541075598617,0.3394230815398622,0.0,0.0,0.0
2024-12-17,5700.0,5700.0,5700.0,5700.0,30100.0,0.0,0.0,0.0,0.0,0.0,0.0,0.3394230815398624,SEPLAT,5700.0,5694.810194161918,5700.0,5671.491211331628,5618.825,5636.554189370699,5584.996000000001,5393.289930938183,0.01444697067447379,0.02059159934939953,57.38072687434669,57.7311905489423,-0.3504636745956091,5618.825,5899.363631357965,5338.286368642035,0.0998566893818422,0.6446770443112728,54.09060175794456,68.84999999999998,0.012078947368421048,170809.0,0.17622022258780276,0.0,0.36524905970723204,0.3394230815398622,0.4287356373821187,0.0,0.0,0.1429266202689919,1,-1,0.0,0.0,0.0,0.0,0.0,0.0,0.0,0.0,0.0,0.0,0.3394230815398622,0.3394230815398622,0.3394230815398622,0.34162998912606773,0.21640530834619334,54.09060175794456,54.09060175794456,54.09060175794456,54.09060175794456,0.0,58.28101529944797,58.582386848585884,58.11493908986813,54.00822132414214,9.494375781922827,68.84999999999998,68.84999999999998,68.84999999999998,68.84999999999998,40.278571428571404,0.09905897924612574,0.09820321910138587,0.09728771000669689,0.09526975754532178,0.09526975754532178,0.0,0.0,0.0,0.0,1,12,4,2024,0,0,17,0,1,0,0,0,1,0,0.0894591748506252,0,-0.006657139869645502,-0.07636541075598617,0.3394230815398622,0.0,0.0,0.0
2024-12-18,5700.0,5700.0,5700.0,5700.0,131760.0,0.0,0.0,0.0,0.0,0.0,0.0,0.3394230815398624,SEPLAT,5700.0,5696.540129441279,5700.0,5676.674627453151,5621.85,5642.59664752587,5594.652000000001,5405.317776783745,0.013901117959390526,0.01883012562711658,56.0214612777645,57.38924469470675,-1.3677834169422454,5621.85,5904.623128329502,5339.076871670499,0.10059789155865118,0.6381849832437673,54.09060175794456,68.84999999999998,0.012078947368421048,163932.0,0.803747895468853,0.0,0.0,0.3394230815398622,0.4287356373821187,0.0,0.0,0.1404576508918151,1,-1,0.0,0.0,0.0,0.0,0.0727593542824283,0.0,0.0,0.0,0.0,0.0052939236355959,0.3394230815398622,0.3394230815398622,0.3394230815398622,0.34162998912606773,0.34162998912606773,54.09060175794456,54.09060175794456,54.09060175794456,54.09060175794456,54.09060175794456,57.38072687434669,58.28101529944797,58.582386848585884,56.67299756379816,24.15771712734295,68.84999999999998,68.84999999999998,68.84999999999998,68.84999999999998,68.84999999999998,0.0998566893818422,0.09905897924612574,0.09820321910138587,0.09631057875432515,0.09526975754532178,0.0,0.0,0.0,0.0,2,12,4,2024,0,0,18,0,0,1,0,0,1,0,0.0894591748506252,0,-0.006657139869645502,-0.07636541075598617,0.3394230815398622,0.0,0.0,0.0
2024-12-19,5700.0,5700.0,5700.0,5700.0,438270.0,0.0,0.0,0.0,0.0,0.0,0.0,0.3394230815398624,SEPLAT,5700.0,5697.69341962752,5700.0,5680.9156042798495,5624.875,5648.063633475787,5604.308000000001,5416.87394240007,0.013355852352274496,0.0170747218032983,54.31808838838879,56.775013433443156,-2.456925045054369,5624.875,5909.729879950421,5340.020120049579,0.10128398584872396,0.6318653905684811,100.0,28.571428571428573,0.005012531328320803,185779.5,2.3590869821481917,0.0,0.0,0.3394230815398622,0.4287356373821187,0.0,0.0,0.13600853750224517,1,-1,0.0,0.0,0.0,0.0,0.0,0.0,0.0,0.0,0.0,0.0,0.3394230815398622,0.3394230815398622,0.3394230815398622,0.3394230815398622,0.34162998912606773,54.09060175794456,54.09060175794456,54.09060175794456,54.09060175794456,54.09060175794456,56.0214612777645,57.38072687434669,58.28101529944797,58.11493908986813,35.37078835663306,68.84999999999998,68.84999999999998,68.84999999999998,68.84999999999998,68.84999999999998,0.10059789155865118,0.0998566893818422,0.09905897924612574,0.09728771000669689,0.09526975754532178,0.0,0.0,0.0,0.0,3,12,4,2024,0,0,19,0,0,0,1,0,1,0,0.0894591748506252,0,-0.006657139869645502,-0.07636541075598617,0.3394230815398622,0.0,0.0,0.0
2024-12-20,5700.0,5700.0,5700.0,5700.0,419470.0,0.0,0.0,0.0,0.0,0.0,0.0,0.3394230815398624,SEPLAT,5700.0,5698.46227975168,5700.0,5684.385494410786,5627.9,5653.009954097141,5613.964,5427.976925051048,0.01281117290641276,0.015325356557327417,52.364527425050255,55.89291623176458,-3.528388806714325,5627.9,5914.687212516785,5341.112787483215,0.10191624318725816,0.6257029547574066,100.0,28.571428571428573,0.005012531328320803,206567.5,2.0306679414719158,0.0,0.0,0.3394230815398622,0.4287356373821187,0.0,0.0,0.12974077407797144,1,-1,0.0,0.0,0.0,0.0,0.0,0.0,0.0,0.0,0.0,0.0,0.3394230815398622,0.3394230815398622,0.3394230815398622,0.3394230815398622,0.34162998912606773,100.0,54.09060175794456,54.09060175794456,54.09060175794456,54.09060175794456,54.31808838838879,56.0214612777645,57.38072687434669,58.582386848585884,43.752872215972275,28.571428571428573,68.84999999999998,68.84999999999998,68.84999999999998,68.84999999999998,0.10128398584872396,0.10059789155865118,0.0998566893818422,0.09820321910138587,0.09526975754532178,0.0,0.0,0.0,0.0,4,12,4,2024,0,0,20,0,0,0,0,1,1,0,0.0894591748506252,0,-0.006657139869645502,-0.07636541075598617,0.3394230815398622,0.0,0.0,0.0
2024-12-23,5700.0,5700.0,5700.0,5700.0,56730.0,0.0,0.0,0.0,0.0,0.0,0.0,0.3394230815398624,SEPLAT,5700.0,5698.974853167787,5700.0,5687.224495427006,5630.925,5657.485196564081,5623.62,5438.644496617674,0.012267078677126727,0.01358199878370162,50.237212967447704,54.76177557890121,-4.524562611453504,5630.925,5919.498127647031,5342.35187235297,0.10249581645894078,0.6196837012566346,100.0,28.571428571428573,0.005012531328320803,209243.5,0.2711195329842982,0.0,0.0,0.3394230815398622,0.4287356373821187,0.0,0.0,0.12137293869970275,1,-1,0.0,0.0,0.0,0.0,0.0,0.0,0.0,0.0,0.0,0.0,0.3394230815398622,0.3394230815398622,0.3394230815398622,0.3394230815398622,0.34162998912606773,100.0,100.0,54.09060175794456,54.09060175794456,54.09060175794456,52.364527425050255,54.31808838838879,56.0214612777645,58.28101529944797,49.821423704446715,28.571428571428573,28.571428571428573,68.84999999999998,68.84999999999998,68.84999999999998,0.10191624318725816,0.10128398584872396,0.10059789155865118,0.09905897924612574,0.09526975754532178,0.0,0.0,0.0,0.0,0,12,4,2024,0,0,23,1,0,0,0,0,1,0,0.0894591748506252,0,-0.006657139869645502,-0.07636541075598617,0.3394230815398622,0.0,0.0,0.0
2025-05-19,5588.9,5588.9,5588.9,5588.9,25530.0,0.0,0.0,0.0,0.0,0.0,0.0,0.0470555970071827,SEPLAT,5588.9,5594.604272271053,5612.092,5612.135706193839,5653.39,5638.367470699966,5681.356,5663.322016079056,-0.011407314903093664,-0.016273579758071866,-29.543263257358376,-21.54066678593039,-8.002596471427985,5653.39,5750.417494746811,5556.36250525319,0.03432542058722663,0.1676715184274066,0.0,7.935714285714312,0.0014199062938528714,17285.0,1.4770031819496674,0.0,0.05180946468592173,0.047055597007182544,0.027645265728339554,0.0,0.0,0.02137346854975902,0,-1,0.0,0.0,0.0,-0.0103206924044856,-0.0093629945969504,0.0,0.0,0.0,0.000106516691708,8.766566782252378e-05,0.047055597007182544,0.047055597007182544,0.047055597007182544,0.047055597007182544,0.03243436470582196,0.0,0.0,0.0,0.0,0.0,-28.87897525993776,-27.611044393995144,-25.59108835209645,-18.54551257706771,-4.152422822422523,7.935714285714312,7.935714285714312,7.935714285714312,7.935714285714312,3.7942857142857065,0.03327846944230102,0.03169478333809995,0.029491217437938557,0.02247304225155388,0.008339319582232566,0.0,0.0,0.0,0.0103206924044856,0,5,2,2025,0,0,19,1,0,0,0,0,-1,0,0.0894591748506252,0,-0.026018612108326684,-0.026018612108326684,0.047055597007182544,0.0,0.0,0.0932104015418855
2025-05-20,5588.9,5588.9,5588.9,5588.9,2190.0,0.0,0.0,0.0,0.0,0.0,0.0,0.0470555970071827,SEPLAT,5588.9,5592.702848180702,5606.294,5607.911032340413,5647.835000000001,5633.656283014255,5679.133999999999,5660.403505644584,-0.01043497198484044,-0.015888690071408685,-29.727041451835248,-23.177941719111367,-6.549099732723882,5647.835000000001,5746.336827394218,5549.333172605784,0.03488126951096017,0.20084311347780426,0.0,7.935714285714312,0.0014199062938528714,17317.0,0.12646532309291447,0.0,0.05180946468592173,0.047055597007182544,0.027645265728339554,0.0,0.0,0.021509589003720745,0,-1,0.0,0.0,0.0,0.0,0.0,0.0,0.0,0.0,0.0,0.0,0.047055597007182544,0.047055597007182544,0.047055597007182544,0.047055597007182544,0.03243436470582196,0.0,0.0,0.0,0.0,0.0,-29.543263257358376,-28.87897525993776,-27.611044393995144,-22.64065590077098,-7.430406120322004,7.935714285714312,7.935714285714312,7.935714285714312,7.935714285714312,3.7942857142857065,0.03432542058722663,0.03327846944230102,0.03169478333809995,0.026517209188175118,0.011484380544696292,0.0,0.0,0.0,0.0,1,5,2,2025,0,0,20,0,1,0,0,0,-1,0,0.0894591748506252,0,-0.026018612108326684,-0.026018612108326684,0.047055597007182544,0.0,0.0,0.0932104015418855
2025-05-21,5588.9,5588.9,5588.9,5588.9,4960.0,0.0,0.0,0.0,0.0,0.0,0.0,0.0470555970071827,SEPLAT,5588.9,5591.435232120468,5600.495999999999,5604.454481005792,5642.280000000001,5629.39377987004,5676.911999999999,5657.599446599698,-0.009460714462947783,-0.015503499085418222,-29.532257513583318,-24.448804878005756,-5.0834526355775616,5642.280000000001,5740.925974122245,5543.634025877756,0.0349667064102612,0.22943650019689943,0.0,7.935714285714312,0.0014199062938528714,17413.5,0.28483647744566,0.0,0.05180946468592173,0.047055597007182544,0.027645265728339554,0.0,0.0,0.02139990027436578,0,-1,0.0,0.0,0.0,0.0,0.0,0.0,0.0,0.0,0.0,0.0,0.047055597007182544,0.047055597007182544,0.047055597007182544,0.047055597007182544,0.03243436470582196,0.0,0.0,0.0,0.0,0.0,-29.727041451835248,-29.543263257358376,-28.87897525993776,-25.59108835209645,-9.913949660040089,7.935714285714312,7.935714285714312,7.935714285714312,7.935714285714312,3.7942857142857065,0.03488126951096017,0.03432542058722663,0.03327846944230102,0.029491217437938557,0.013675525210011169,0.0,0.0,0.0,0.0,2,5,2,2025,0,0,21,0,0,1,0,0,-1,0,0.0894591748506252,0,-0.026018612108326684,-0.026018612108326684,0.047055597007182544,0.0,0.0,0.0932104015418855
2025-05-22,5588.9,5588.9,5588.9,5588.9,6270.0,0.0,0.0,0.0,0.0,0.0,0.0,0.0470555970071827,SEPLAT,5588.9,5590.590154746978,5594.697999999999,5601.626393550193,5636.725,5625.537229406226,5674.69,5654.905350654612,-0.008484536676882539,-0.015118006446167098,-29.04309907177867,-25.36766371676034,-3.6754353550183296,5636.725,5734.1908369297735,5539.259163070227,0.034582434633505486,0.25465762411469367,0.0,7.935714285714312,0.0014199062938528714,17529.5,0.3576827633417953,0.0,0.05180946468592173,0.047055597007182544,0.027645265728339554,0.0,0.0,0.021040558352358102,0,-1,0.0,0.0,0.0,0.0,0.0,0.0,0.0,0.0,0.0,0.0,0.047055597007182544,0.047055597007182544,0.047055597007182544,0.047055597007182544,0.03243436470582196,0.0,0.0,0.0,0.0,0.0,-29.532257513583318,-29.727041451835248,-29.543263257358376,-27.611044393995144,-11.746766397312058,7.935714285714312,7.935714285714312,7.935714285714312,7.935714285714312,3.7942857142857065,0.0349667064102612,0.03488126951096017,0.03432542058722663,0.03169478333809995,0.015326804222540713,0.0,0.0,0.0,0.0,3,5,2,2025,0,0,22,0,0,0,1,0,-1,0,0.0894591748506252,0,-0.026018612108326684,-0.026018612108326684,0.047055597007182544,0.0,0.0,0.7302810518623489
2025-05-23,5588.9,5588.9,5588.9,5588.9,8080.0,0.0,0.0,0.0,0.0,0.0,0.0,0.0470555970071827,SEPLAT,5588.9,5590.026769831319,5588.9,5599.312503813794,5631.17,5622.047969462776,5672.467999999999,5652.316905530902,-0.007506432943775527,-0.014732211799167368,-28.328879790344217,-25.959906931477114,-2.368972858867103,5631.17,5726.082030184189,5536.2579698158115,0.03370952401869898,0.2773201146473726,0.0,4.141428571428605,0.0007410096032186308,17890.0,0.45164896590273895,0.0,0.05180946468592173,0.047055597007182544,0.027645265728339554,0.0,0.0,0.020418386596093772,0,-1,0.0,0.0,0.0,0.0,0.0,0.0,0.0,0.0,0.0,0.0,0.047055597007182544,0.047055597007182544,0.047055597007182544,0.047055597007182544,0.03243436470582196,0.0,0.0,0.0,0.0,0.0,-29.04309907177867,-29.532257513583318,-29.727041451835248,-28.87897525993776,-13.04886764278399,7.935714285714312,7.935714285714312,7.935714285714312,7.935714285714312,3.7942857142857065,0.034582434633505486,0.0349667064102612,0.03488126951096017,0.03327846944230102,0.016599501498172707,0.0,0.0,0.0,0.0,4,5,2,2025,0,0,23,0,0,0,0,1,-1,0,0.0894591748506252,0,-0.026018612108326684,-0.026018612108326684,0.06302950281708034,0.0001723845030872,0.013129527908013,0.7302810518623489
2025-05-26,5516.0,5516.0,5516.0,5516.0,5920.0,-1.3,-0.0130437116427203,-0.013129527908013,0.0001723845030872,0.013129527908013,0.0932104015418859,0.0630295028170806,SEPLAT,5574.32,5565.351179887546,5581.61,5584.164775847649,5621.97,5611.948162847273,5668.788,5646.97114452969,-0.018849264581632462,-0.026952498488212923,-33.26185465770595,-27.420296476722886,-5.841558180983068,5621.97,5724.180468101236,5519.759531898764,0.03636108627446823,-0.018391129444004155,0.0,9.348571428571436,0.0016948099036568957,18093.0,0.32719836400818,0.0932104015418855,0.06590970700738825,0.06302950281708034,0.03768888368003272,0.0,0.0,0.020400498517934497,0,1,0.0,0.0,0.0,0.0,-0.0103206924044856,0.0,0.0,0.0,0.0,0.000106516691708,0.047055597007182544,0.047055597007182544,0.047055597007182544,0.047055597007182544,0.047055597007182544,0.0,0.0,0.0,0.0,0.0,-28.328879790344217,-29.04309907177867,-29.532257513583318,-29.543263257358376,-18.54551257706771,4.141428571428605,7.935714285714312,7.935714285714312,7.935714285714312,7.935714285714312,0.03370952401869898,0.034582434633505486,0.0349667064102612,0.03432542058722663,0.02247304225155388,0.0,0.0,0.0,0.0,0,5,2,2025,0,0,26,1,0,0,0,0,-1,0,0.7540406714019886,0,-0.03872294447736221,-0.03872294447736221,0.06302950281708034,0.0,0.0,0.7479854599442608
2025-05-27,5516.0,5516.0,5516.0,5516.0,4070.000000000001,0.0,0.0,0.0,0.0,0.0,0.0932104015418859,0.0630295028170806,SEPLAT,5559.74,5548.900786591697,5574.32,5571.771180238986,5612.77,5602.810242576104,5665.107999999999,5641.8350212148,-0.01724104141092552,-0.026320416133284535,-36.7476685320471,-29.28577088778773,-7.46189764425937,5612.77,5718.471978271585,5507.068021728416,0.03766481729042318,0.042250762084293944,0.0,9.348571428571436,0.0016948099036568957,18054.5,0.22542856351602097,0.0932104015418855,0.06590970700738825,0.06302950281708034,0.03768888368003272,0.0,0.0,0.019913122872564866,0,1,-0.013129527908013,0.0,0.0,0.0,0.0,0.0001723845030872,0.0,0.0,0.0,0.0,0.06302950281708034,0.047055597007182544,0.047055597007182544,0.047055597007182544,0.047055597007182544,0.0,0.0,0.0,0.0,0.0,-33.26185465770595,-28.328879790344217,-29.04309907177867,-29.727041451835248,-22.64065590077098,9.348571428571436,4.141428571428605,7.935714285714312,7.935714285714312,7.935714285714312,0.03636108627446823,0.03370952401869898,0.034582434633505486,0.03488126951096017,0.026517209188175118,0.013129527908013,0.0,0.0,0.0,1,5,2,2025,0,0,27,0,1,0,0,0,-1,1,0.0894591748506252,0,-0.03872294447736221,-0.03872294447736221,0.06302950281708034,0.0,0.0,0.7479854599442608
2025-05-28,5516.0,5516.0,5516.0,5516.0,15600.0,0.0,0.0,0.0,0.0,0.0,0.0932104015418859,0.0630295028170806,SEPLAT,5545.16,5537.933857727799,5567.03,5561.630965650079,5603.570000000001,5594.542600425999,5661.427999999999,5636.900314500494,-0.015627537444879,-0.025687512055262207,-39.059942438928374,-31.240605198015864,-7.81933724091251,5603.570000000001,5709.334260205621,5497.80573979438,0.037748885159146865,0.0860132722067338,0.0,9.348571428571436,0.0016948099036568957,18352.0,0.8500435919790759,0.0932104015418855,0.06590970700738825,0.06302950281708034,0.03768888368003272,0.0,0.0,0.018920012670725066,0,1,0.0,-0.013129527908013,0.0,0.0,0.0,0.0,0.0001723845030872,0.0,0.0,0.0,0.06302950281708034,0.06302950281708034,0.047055597007182544,0.047055597007182544,0.047055597007182544,0.0,0.0,0.0,0.0,0.0,-36.7476685320471,-33.26185465770595,-28.328879790344217,-29.532257513583318,-25.59108835209645,9.348571428571436,9.348571428571436,4.141428571428605,7.935714285714312,7.935714285714312,0.03766481729042318,0.03636108627446823,0.03370952401869898,0.0349667064102612,0.029491217437938557,0.0,0.013129527908013,0.0,0.0,2,5,2,2025,0,0,28,0,0,1,0,0,-1,0,0.0894591748506252,0,-0.03872294447736221,-0.03872294447736221,0.36473842222840275,0.011100838259683,0.1053605156578264,0.7479854599442608
2025-06-05,4964.4,4964.4,4964.4,4964.4,48380.0,0.0,0.0,0.0,0.0,0.0,0.0,0.3652798840693224,SEPLAT,4964.4,5014.751394917119,5192.33,5143.560086283252,5393.514,5310.056460231799,5573.156,5493.390551929663,-0.07956111729755415,-0.10923003052489474,-183.81665394029733,-124.10218882821496,-59.714465112082365,5393.514,5973.131411107488,4813.896588892512,0.21493127156339556,0.12982996043883258,0.0,44.607142857142854,0.008985404652554761,28813.0,1.6791031825911915,0.0,0.5256791266254671,0.3652798840693224,0.21302045076532714,0.0,0.0,0.14680685939343718,1,1,0.0,0.0,0.0,-0.1053605156578264,0.0,0.0,0.0,0.0,0.011100838259683,0.0,0.3652798840693224,0.3652798840693224,0.36473842222840275,0.36473842222840275,0.047055597007182544,0.0,0.0,0.0,0.0,0.0,-175.91323597729024,-163.26686270847404,-144.75070100597077,-84.42870470285106,-29.04309907177867,44.607142857142854,44.607142857142854,44.607142857142854,48.74857142857146,7.935714285714312,0.20376952606086388,0.18880293368785056,0.16915897376987762,0.10750663276722011,0.034582434633505486,0.0,0.0,0.0,0.1053605156578264,3,6,2,2025,0,0,5,0,0,0,1,0,-1,0,0.0894591748506252,0,-0.13485065002962604,-0.13485065002962604,0.3652798840693224,0.0,0.0,0.0
2025-08-28,5379.3,5379.3,5379.3,5379.3,51020.0,0.0,0.0,0.0,0.0,0.0,0.0,0.0452320027812205,SEPLAT,5379.3,5380.117363606936,5379.3,5387.060688665888,5411.115,5401.015450507644,5434.446,5415.7968663817155,-0.005879564562941205,-0.010147492495095127,-14.609826928923212,-10.270080551463497,-4.339746377459715,5411.115,5483.288074874514,5338.941925125486,0.026675860658852746,0.27959231988303285,0.0,5.049999999999987,0.0009387838566356193,75877.0,0.6724040222992475,0.0,0.0,0.045232002781220575,0.2849045839010864,0.0,0.0,0.023148215415944355,0,-1,0.0,0.0,0.0,0.0,-0.0130573544908618,0.0,0.0,0.0,0.0,0.0001704945063,0.045232002781220575,0.045232002781220575,0.045232002781220575,0.045232002781220575,0.045232002781220575,0.0,0.0,0.0,0.0,0.0,-14.640813611589692,-14.467406597660556,-14.035641185734676,-12.123260771360947,3.727502975885727,5.049999999999987,5.049999999999987,5.049999999999987,5.049999999999987,5.049999999999987,0.026792745419342498,0.026641052261786556,0.026217189806532138,0.024491997561814798,0.01161046704673461,0.0,0.0,0.0,0.0,3,8,3,2025,0,0,28,0,0,0,1,0,-1,0,0.0894591748506252,0,-0.0625457460527691,-0.0625457460527691,0.045232002781220575,0.0,0.0,0.0
2025-08-29,5379.3,5379.3,5379.3,5379.3,29890.0,0.0,0.0,0.0,0.0,0.0,0.0,0.0452320027812205,SEPLAT,5379.3,5379.844909071291,5379.3,5385.649654362999,5407.58,5398.947312364059,5433.031999999999,5414.365616719688,-0.0052296960932616335,-0.009889873646980005,-14.419055859268155,-11.09987561302443,-3.319180246243725,5407.58,5478.651131158936,5336.508868841064,0.0262857437740859,0.30104439356144874,0.0,5.049999999999987,0.0009387838566356193,75596.0,0.39539129054447325,0.0,0.0,0.045232002781220575,0.18888108113008772,0.0,0.0,0.02293681176026475,0,-1,0.0,0.0,0.0,0.0,0.0,0.0,0.0,0.0,0.0,0.0,0.045232002781220575,0.045232002781220575,0.045232002781220575,0.045232002781220575,0.045232002781220575,0.0,0.0,0.0,0.0,0.0,-14.609826928923212,-14.640813611589692,-14.467406597660556,-13.28039673362855,-1.2866402143981759,5.049999999999987,5.049999999999987,5.049999999999987,5.049999999999987,5.049999999999987,0.026675860658852746,0.026792745419342498,0.026641052261786556,0.025508689478759984,0.015992122513224558,0.0,0.0,0.0,0.0,4,8,3,2025,0,0,29,0,0,0,0,1,-1,0,0.0894591748506252,0,-0.0625457460527691,-0.0625457460527691,0.045232002781220575,0.0,0.0,0.0
2025-09-01,5379.3,5379.3,5379.3,5379.3,147460.0,0.0,0.0,0.0,0.0,0.0,0.0,0.0452320027812205,SEPLAT,5379.3,5379.663272714195,5379.3,5384.495171751544,5404.045,5397.076139757958,5431.6179999999995,5412.990494495387,-0.004578977414140683,-0.009632120668279563,-14.105271621113388,-11.700954814642222,-2.404316806471167,5404.045,5473.240572569046,5334.849427430954,0.025608806947035382,0.3211952074295764,0.0,5.049999999999987,0.0009387838566356193,79885.5,1.8458919328288612,0.0,0.0,0.045232002781220575,0.18888108113008772,0.0,0.0,0.02250804850029274,0,-1,0.0,0.0,0.0,0.0,0.0,0.0,0.0,0.0,0.0,0.0,0.045232002781220575,0.045232002781220575,0.045232002781220575,0.045232002781220575,0.045232002781220575,0.0,0.0,0.0,0.0,0.0,-14.419055859268155,-14.609826928923212,-14.640813611589692,-14.035641185734676,-5.200437412319843,5.049999999999987,5.049999999999987,5.049999999999987,5.049999999999987,5.049999999999987,0.0262857437740859,0.026675860658852746,0.026792745419342498,0.026217189806532138,0.019046803316360994,0.0,0.0,0.0,0.0,0,9,3,2025,1,0,1,1,0,0,0,0,-1,0,0.0894591748506252,0,-0.0625457460527691,-0.0625457460527691,0.045232002781220575,0.0,0.0,0.0
2025-09-02,5379.3,5379.3,5379.3,5379.3,26760.0,0.0,0.0,0.0,0.0,0.0,0.0,0.0452320027812205,SEPLAT,5379.3,5379.542181809464,5379.3,5383.550595069445,5400.51,5395.383174066724,5430.204000000001,5411.669298632823,-0.0039274068560191605,-0.009374233454212852,-13.698685433145329,-12.100500938342844,-1.598184494802485,5400.51,5466.990955721803,5334.029044278197,0.024620250947337635,0.3404806326133788,0.0,5.049999999999987,0.0009387838566356193,80676.5,0.3316951032828643,0.0,0.0,0.045232002781220575,0.18888108113008772,0.0,0.0,0.021849133109578894,0,-1,0.0,0.0,0.0,0.0,0.0,0.0,0.0,0.0,0.0,0.0,0.045232002781220575,0.045232002781220575,0.045232002781220575,0.045232002781220575,0.045232002781220575,0.0,0.0,0.0,0.0,0.0,-14.105271621113388,-14.419055859268155,-14.609826928923212,-14.467406597660556,-8.207538494311848,5.049999999999987,5.049999999999987,5.049999999999987,5.049999999999987,5.049999999999987,0.025608806947035382,0.0262857437740859,0.026675860658852746,0.026641052261786556,0.02135056296296689,0.0,0.0,0.0,0.0,1,9,3,2025,0,0,2,0,1,0,0,0,-1,0,0.0894591748506252,0,-0.0625457460527691,-0.0625457460527691,0.045232002781220575,0.0,0.0,0.0
2025-10-20,5917.2,5917.2,5917.2,5917.2,108750.0,0.0,0.0,0.0,0.0,0.0,0.0,0.3301465849679919,SEPLAT,5917.2,5910.981327933517,5917.2,5858.0439911697495,5675.145,5738.966782797369,5503.294,5579.79147330416,0.042651773655122356,0.07521059205632118,143.35083925251274,124.28781434108141,19.063024911431327,5675.145,6224.252453677521,5126.03754632248,0.1935131009613042,0.7204076801169715,100.0,38.42142857142854,0.006493177274965954,46694.5,2.3289680797524333,0.0,0.0,0.33014658496799165,0.19280769131303271,0.0,0.0,0.16895790143633135,1,-1,0.0,0.0,0.0,0.0,0.0953051098516528,0.0,0.0,0.0,0.0,0.0090830639638356,0.33014658496799165,0.33014658496799165,0.33014658496799165,0.33014658496799165,0.33014658496799165,100.0,100.0,100.0,100.0,100.0,146.10313580869843,147.4909305286492,147.11693861805907,139.05735200430263,39.315964919584985,38.42142857142854,38.42142857142854,38.42142857142854,38.42142857142854,38.42142857142854,0.19541406828189392,0.19536480214379645,0.19330682190890516,0.18257743262350373,0.0889927917951269,0.0,0.0,0.0,0.0,0,10,4,2025,0,0,20,1,0,0,0,0,1,0,0.0894591748506252,0,0.0,-0.0625457460527691,0.33014658496799165,0.0,0.0,0.0
2025-10-21,5917.2,5917.2,5917.2,5917.2,154450.0,0.0,0.0,0.0,0.0,0.0,0.0,0.3301465849679919,SEPLAT,5917.2,5913.054218622345,5917.2,5868.799629138885,5702.04,5755.941374911906,5512.637999999999,5593.023180233408,0.03773386366984445,0.07338809477422623,139.56085375404837,127.34242222367482,12.21843153037355,5702.04,6242.763641448247,5161.316358551753,0.1896597152767244,0.6989556064385554,100.0,38.42142857142854,0.006493177274965954,53810.0,2.870284333766958,0.0,0.0,0.33014658496799165,0.19280769131303271,0.0,0.0,0.16741487458187274,1,-1,0.0,0.0,0.0,0.0,0.0,0.0,0.0,0.0,0.0,0.0,0.33014658496799165,0.33014658496799165,0.33014658496799165,0.33014658496799165,0.33014658496799165,100.0,100.0,100.0,100.0,100.0,143.35083925251274,146.10313580869843,147.4909305286492,144.49970619955275,72.69793899883189,38.42142857142854,38.42142857142854,38.42142857142854,38.42142857142854,38.42142857142854,0.1935131009613042,0.19541406828189392,0.19536480214379645,0.1891146343822677,0.12189168718057775,0.0,0.0,0.0,0.0,1,10,4,2025,0,0,21,0,1,0,0,0,1,0,0.0894591748506252,0,0.0,-0.0625457460527691,0.33014658496799165,0.0,0.0,0.0
2025-10-22,5917.2,5917.2,5917.2,5917.2,160320.0,0.0,0.0,0.0,0.0,0.0,0.0,0.3301465849679919,SEPLAT,5917.2,5914.43614574823,5917.2,5877.599696568179,5728.9349999999995,5771.299339206011,5521.982,5605.735996694843,0.032862128824991094,0.07157176535526552,135.00105481645915,128.87414874223168,6.126906074227463,5728.9349999999995,6255.389009687255,5202.480990312744,0.18378774054418673,0.6788047925704288,100.0,38.42142857142854,0.006493177274965954,60771.0,2.6381004097349066,0.0,0.0,0.33014658496799165,0.19280769131303271,0.0,0.0,0.16428534864148536,1,-1,0.0,0.0,0.0,0.0,0.0,0.0,0.0,0.0,0.0,0.0,0.33014658496799165,0.33014658496799165,0.33014658496799165,0.33014658496799165,0.33014658496799165,100.0,100.0,100.0,100.0,100.0,139.56085375404837,143.35083925251274,146.10313580869843,147.11693861805907,98.02344075324072,38.42142857142854,38.42142857142854,38.42142857142854,38.42142857142854,38.42142857142854,0.1896597152767244,0.1935131009613042,0.19541406828189392,0.19330682190890516,0.14436548551371045,0.0,0.0,0.0,0.0,2,10,4,2025,0,0,22,0,0,1,0,0,1,0,0.0894591748506252,0,0.0,-0.0625457460527691,0.33014658496799165,0.0,0.0,0.0
2025-10-23,5917.2,5917.2,5917.2,5917.2,399060.0,0.0,0.0,0.0,0.0,0.0,0.0,0.3301465849679919,SEPLAT,5917.2,5915.357430498821,5917.2,5884.799751737601,5755.83,5785.19464023401,5531.326,5617.950271334262,0.028035921839248187,0.0697615725415569,129.89008921217646,129.07733683622064,0.8127523759558244,5755.83,6261.630651807034,5250.029348192966,0.1757524637826462,0.6595193673866235,100.0,38.42142857142854,0.006493177274965954,80142.5,4.979380478522631,0.0,0.0,0.33014658496799165,0.19280769131303271,0.0,0.0,0.1594759514746337,1,-1,0.0,0.0,0.0,0.0,0.0,0.0,0.0,0.0,0.0,0.0,0.33014658496799165,0.33014658496799165,0.33014658496799165,0.33014658496799165,0.33014658496799165,100.0,100.0,100.0,100.0,100.0,135.00105481645915,139.56085375404837,143.35083925251274,147.4909305286492,116.74828183429418,38.42142857142854,38.42142857142854,38.42142857142854,38.42142857142854,38.42142857142854,0.18378774054418673,0.1896597152767244,0.1935131009613042,0.19536480214379645,0.16092898130423236,0.0,0.0,0.0,0.0,3,10,4,2025,0,0,23,0,0,0,1,0,1,0,0.0894591748506252,0,0.0,-0.0625457460527691,0.33014658496799165,0.0,0.0,0.0
2025-11-21,5809.0,5809.0,5809.0,5809.0,7300.0,0.0,0.0,0.0,0.0,0.0,0.0,0.057030134037783,SEPLAT,5809.0,5816.228118569939,5840.271,5835.160102951132,5876.734,5845.461829959623,5739.643599999999,5760.413572907257,-0.011525789664803677,0.012083746802676142,6.000725055728253,28.550699533360696,-22.549974477632443,5876.734,5972.873263549238,5780.594736450763,0.03271860307076601,0.14772977501897255,21.263146711993997,13.447142857142808,0.0023148808499126885,67085.5,0.10881636121069381,0.0,0.07752717323241093,0.0570301340377826,0.19404206602938678,0.0,0.0,0.14385735924174078,0,-1,0.0,0.0,0.0,-0.0116669145247138,-0.0067880105008343,0.0,0.0,0.0,0.0001361168945269,4.6077086559437264e-05,0.0570301340377826,0.0570301340377826,0.0570301340377826,0.0570301340377826,0.023514358139512137,21.263146711993997,21.263146711993997,21.263146711993997,21.263146711993997,0.0,9.713726487282656,14.311575929195897,19.971935385177858,35.36528008582991,66.49998645388587,13.447142857142808,13.447142857142808,13.447142857142808,13.447142857142808,2.8592857142856962,0.03134459116955866,0.02943365377797495,0.026874374220930117,0.018728030335093265,0.006052868801567058,0.0,0.0,0.0,0.0116669145247138,4,11,4,2025,0,0,21,0,0,0,0,1,1,0,0.0894591748506252,0,-0.0182856756574055,-0.0182856756574055,0.0570301340377826,0.0,0.0,0.0
2025-11-24,5809.0,5809.0,5809.0,5809.0,4830.0,0.0,0.0,0.0,0.0,0.0,0.0,0.057030134037783,SEPLAT,5809.0,5813.8187457132935,5833.454,5830.4037205963805,5871.324,5841.989274725373,5748.2376,5762.318922989325,-0.010614982242506055,0.010570613852148285,3.0232940189762303,23.445218430483806,-20.421924411507575,5871.324,5970.018783182135,5772.629216817864,0.033619259704330856,0.18425889398336082,21.263146711993997,13.447142857142808,0.0023148808499126885,54686.5,0.08832161502381758,0.0,0.07752717323241093,0.0570301340377826,0.19404206602938678,0.0,0.0,0.13737055336209453,0,-1,0.0,0.0,0.0,0.0,0.0,0.0,0.0,0.0,0.0,0.0,0.0570301340377826,0.0570301340377826,0.0570301340377826,0.0570301340377826,0.023514358139512137,21.263146711993997,21.263146711993997,21.263146711993997,21.263146711993997,0.0,6.000725055728253,9.713726487282656,14.311575929195897,26.906111485210204,59.530658919921734,13.447142857142808,13.447142857142808,13.447142857142808,13.447142857142808,2.8592857142856962,0.03271860307076601,0.03134459116955866,0.02943365377797495,0.023458769176962095,0.008334560157688254,0.0,0.0,0.0,0.0,0,11,4,2025,0,0,24,1,0,0,0,0,1,0,0.0894591748506252,0,-0.0182856756574055,-0.0182856756574055,0.0570301340377826,0.0,0.0,0.0
2025-11-25,5809.0,5809.0,5809.0,5809.0,4740.0,0.0,0.0,0.0,0.0,0.0,0.0,0.057030134037783,SEPLAT,5809.0,5812.212497142196,5826.637,5826.512135033402,5865.914,5838.847439037243,5756.8316,5764.149553460332,-0.009702494785978752,0.009061998617433861,0.6560954116175708,18.88739382671056,-18.23129841509299,5865.914,5965.874463426403,5765.9535365735965,0.03408180325398678,0.2153174462726298,21.263146711993997,13.447142857142808,0.0023148808499126885,46583.5,0.10175276653750792,0.0,0.07752717323241093,0.0570301340377826,0.19404206602938678,0.0,0.0,0.12919440861358897,0,-1,0.0,0.0,0.0,0.0,0.0,0.0,0.0,0.0,0.0,0.0,0.0570301340377826,0.0570301340377826,0.0570301340377826,0.0570301340377826,0.023514358139512137,21.263146711993997,21.263146711993997,21.263146711993997,21.263146711993997,0.0,3.0232940189762303,6.000725055728253,9.713726487282656,19.971935385177858,53.3919475024868,13.447142857142808,13.447142857142808,13.447142857142808,13.447142857142808,2.8592857142856962,0.033619259704330856,0.03271860307076601,0.03134459116955866,0.026874374220930117,0.00992346970609021,0.0,0.0,0.0,0.0,1,11,4,2025,0,0,25,0,1,0,0,0,1,0,0.0894591748506252,0,-0.0182856756574055,-0.0182856756574055,0.0570301340377826,0.0,0.0,0.0
2025-11-26,5809.0,5809.0,5809.0,5809.0,168520.0,0.0,0.0,0.0,0.0,0.0,0.0,0.057030134037783,SEPLAT,5809.0,5811.141664761464,5815.817,5823.328110481874,5860.504,5836.004825795601,5765.4256000000005,5765.908394501103,-0.008788322642557689,0.007557880896078082,-1.206024242714193,14.86871021282561,-16.074734455539804,5860.504,5960.489299214173,5760.518700785827,0.034121740797096366,0.24244213697017641,21.263146711993997,13.447142857142808,0.0023148808499126885,54753.0,3.0778222197870435,0.0,0.06440338150177773,0.0570301340377826,0.19404206602938678,0.0,0.0,0.11898116937577996,0,-1,0.0,0.0,0.0,0.0,0.0067880105008342,0.0,0.0,0.0,0.0,4.607708655943667e-05,0.0570301340377826,0.0570301340377826,0.0570301340377826,0.0570301340377826,0.03407554227444941,21.263146711993997,21.263146711993997,21.263146711993997,21.263146711993997,50.0,0.6560954116175708,3.0232940189762303,6.000725055728253,14.311575929195897,51.167236876262905,13.447142857142808,13.447142857142808,13.447142857142808,13.447142857142808,5.7185714285713924,0.03408180325398678,0.033619259704330856,0.03271860307076601,0.02943365377797495,0.00992346970609021,0.0,0.0,0.0,0.0,2,11,4,2025,0,0,26,0,0,1,0,0,1,0,0.0894591748506252,0,-0.0182856756574055,-0.0182856756574055,0.0570301340377826,0.0,0.0,0.0
2025-11-27,5809.0,5809.0,5809.0,5809.0,108720.0,0.0,0.0,0.0,0.0,0.0,0.0,0.057030134037783,SEPLAT,5809.0,5810.427776507643,5809.0,5820.72299948517,5855.094,5833.432937624592,5774.0196,5767.598261383413,-0.007872461142383035,0.0060582406059031,-2.651206031802758,11.364726963899937,-14.015932995702695,5855.094,5953.864226581433,5756.323773418567,0.03373822062683647,0.2666604522669751,27.00532955542053,10.587857142857112,0.0018226643385879002,54554.0,1.9928877809143235,0.0,0.05856744609490704,0.0570301340377826,0.19404206602938678,0.0,0.0,0.10614442650486751,0,-1,0.0,0.0,0.0,0.0,-0.0067880105008343,0.0,0.0,0.0,0.0,4.6077086559437264e-05,0.0570301340377826,0.0570301340377826,0.0570301340377826,0.0570301340377826,0.04140129973818489,21.263146711993997,21.263146711993997,21.263146711993997,21.263146711993997,33.33333333333333,-1.206024242714193,0.6560954116175708,3.0232940189762303,9.713726487282656,45.647851207554595,13.447142857142808,13.447142857142808,13.447142857142808,13.447142857142808,8.577857142857088,0.034121740797096366,0.03408180325398678,0.033619259704330856,0.03134459116955866,0.011120274862248583,0.0,0.0,0.0,0.0,3,11,4,2025,0,0,27,0,0,0,1,0,1,0,0.0894591748506252,0,-0.0182856756574055,-0.0182856756574055,0.0570301340377826,0.0,0.0,0.0
2025-11-28,5809.0,5809.0,5809.0,5809.0,67920.0,0.0,0.0,0.0,0.0,0.0,0.0,0.057030134037783,SEPLAT,5809.0,5809.951851005096,5809.0,5818.5915450333205,5849.684,5831.105991184155,5782.6136,5769.221858976221,-0.006954905598319533,0.004563057784113454,-3.7532577921219854,8.341130012695553,-12.094387804817538,5849.684,5945.952307601315,5753.415692398686,0.032914019834683214,0.2886947375844142,27.00532955542053,10.587857142857112,0.0018226643385879002,56691.5,1.1980632017145427,0.0,0.0,0.0570301340377826,0.19404206602938678,0.0,0.0,0.08956314561845473,0,-1,0.0,0.0,0.0,0.0,-0.0116669145247138,0.0,0.0,0.0,0.0,0.0001361168945269,0.0570301340377826,0.0570301340377826,0.0570301340377826,0.0570301340377826,0.0570301340377826,27.00532955542053,21.263146711993997,21.263146711993997,21.263146711993997,21.263146711993997,-2.651206031802758,-1.206024242714193,0.6560954116175708,6.000725055728253,35.36528008582991,10.587857142857112,13.447142857142808,13.447142857142808,13.447142857142808,13.447142857142808,0.03373822062683647,0.034121740797096366,0.03408180325398678,0.03271860307076601,0.018728030335093265,0.0,0.0,0.0,0.0,4,11,4,2025,0,0,28,0,0,0,0,1,1,0,0.0894591748506252,0,-0.0182856756574055,-0.0182856756574055,0.0570301340377826,0.0,0.0,0.0
2025-12-01,5809.0,5809.0,5809.0,5809.0,87620.0,0.0,0.0,0.0,0.0,0.0,0.0,0.057030134037783,SEPLAT,5809.0,5809.6345673367305,5809.0,5816.847627754534,5844.274,5829.0006586904265,5791.2076,5770.781786075193,-0.006035651305876545,0.0030723125864112128,-4.573916489898693,5.758120712176704,-10.332037202075398,5844.274,5936.649041149482,5751.898958850518,0.03161215273256594,0.30907180358967495,27.00532955542053,10.587857142857112,0.0018226643385879002,58018.0,1.5102209659071322,0.0,0.0,0.0570301340377826,0.19404206602938678,0.0,0.0,0.06649264614304325,0,-1,0.0,0.0,0.0,0.0,0.0,0.0,0.0,0.0,0.0,0.0,0.0570301340377826,0.0570301340377826,0.0570301340377826,0.0570301340377826,0.0570301340377826,27.00532955542053,27.00532955542053,21.263146711993997,21.263146711993997,21.263146711993997,-3.7532577921219854,-2.651206031802758,-1.206024242714193,3.0232940189762303,26.906111485210204,10.587857142857112,10.587857142857112,13.447142857142808,13.447142857142808,13.447142857142808,0.032914019834683214,0.03373822062683647,0.034121740797096366,0.033619259704330856,0.023458769176962095,0.0,0.0,0.0,0.0,0,12,4,2025,1,0,1,1,0,0,0,0,1,0,0.0894591748506252,0,-0.0182856756574055,-0.0182856756574055,0.0570301340377826,0.0,0.0,0.0
2025-12-02,5809.0,5809.0,5809.0,5809.0,4980.0,0.0,0.0,0.0,0.0,0.0,0.0,0.057030134037783,SEPLAT,5809.0,5809.423044891154,5809.0,5815.420786344618,5838.864,5827.095834053243,5799.801600000001,5772.280539562441,-0.005114693543127495,0.0015859852861172543,-5.164758301662005,3.5735449094089624,-8.738303211070967,5838.864,5925.767631660532,5751.960368339467,0.029767308045034954,0.3281774913811663,0.0,7.728571428571415,0.0013304478272631115,53901.5,0.092390749793605,0.0,0.0,0.0570301340377826,0.19404206602938678,0.0,0.0,0.02158203169633312,0,-1,0.0,0.0,0.0,0.0,0.0,0.0,0.0,0.0,0.0,0.0,0.0570301340377826,0.0570301340377826,0.0570301340377826,0.0570301340377826,0.0570301340377826,27.00532955542053,27.00532955542053,27.00532955542053,21.263146711993997,21.263146711993997,-4.573916489898693,-3.7532577921219854,-2.651206031802758,0.6560954116175708,19.971935385177858,10.587857142857112,10.587857142857112,10.587857142857112,13.447142857142808,13.447142857142808,0.03161215273256594,0.032914019834683214,0.03373822062683647,0.03408180325398678,0.026874374220930117,0.0,0.0,0.0,0.0,1,12,4,2025,0,0,2,0,1,0,0,0,1,0,0.0894591748506252,0,-0.0182856756574055,-0.0182856756574055,0.0570301340377826,0.0,0.0,0.0
2025-12-03,5809.0,5809.0,5809.0,5809.0,181330.0,0.0,0.0,0.0,0.0,0.0,0.0,0.057030134037783,SEPLAT,5809.0,5809.282029927436,5809.0,5814.253370645596,5833.454,5825.372421286268,5808.395600000001,5773.72051840313,-0.004192027570629635,0.00010405627330191821,-5.568810908580417,1.7450737458110868,-7.313884654391504,5833.454,5912.983025856502,5753.924974143498,0.027266530551711528,0.34625739007464224,0.0,4.869285714285719,0.0008382313159383232,61502.0,2.9483594029462457,0.0,0.0,0.0570301340377826,0.19404206602938678,0.0,0.0,0.019485014434585713,0,-1,0.0,0.0,0.0,0.0,0.0,0.0,0.0,0.0,0.0,0.0,0.0570301340377826,0.0570301340377826,0.0570301340377826,0.0570301340377826,0.0570301340377826,0.0,27.00532955542053,27.00532955542053,21.263146711993997,21.263146711993997,-5.164758301662005,-4.573916489898693,-3.7532577921219854,-1.206024242714193,14.311575929195897,7.728571428571415,10.587857142857112,10.587857142857112,13.447142857142808,13.447142857142808,0.029767308045034954,0.03161215273256594,0.032914019834683214,0.034121740797096366,0.02943365377797495,0.0,0.0,0.0,0.0,2,12,4,2025,0,0,3,0,0,1,0,0,1,0,0.0894591748506252,0,-0.0182856756574055,-0.0182856756574055,0.0570301340377826,0.0,0.0,0.0
2026-01-21,6700.0,6700.0,6700.0,6700.0,138640.0,0.0,0.0,0.0,0.0,0.0,0.0,0.4503149177934646,SEPLAT,6700.0,6647.75423949572,6488.4,6491.601142123073,6136.95,6272.935754173284,5946.434200000001,6026.458726367486,0.09174752931016225,0.12672566022844403,240.79123593785152,164.9650820603564,75.82615387749513,6136.95,6981.28529757842,5292.61470242158,0.27516447016137335,0.8334279649416796,84.56167571761056,92.07142857142857,0.013742004264392324,242029.5,0.5728227344187382,0.0,0.4128747910600594,0.45031491779346455,0.26358007125137844,0.0,0.0,0.19725489080456204,1,-1,0.0,0.0,0.0,0.0822466270579905,0.0953101798043249,0.0,0.0,0.0,0.0067645076624161,0.0090840303743327,0.45031491779346455,0.45031491779346455,0.45031491779346455,0.45031491779346455,0.35717761182581886,84.56167571761056,84.56167571761056,84.56167571761056,84.56167571761056,73.81578947368422,233.15064086912844,220.0071811142243,200.031242574486,132.87224816483194,-1.854637937491134,92.07142857142857,92.07142857142857,92.07142857142857,92.07142857142857,54.285714285714285,0.26678421244063405,0.254286951505766,0.23683970442892563,0.18005307993313124,0.07868374301546231,0.0,0.0,0.0,0.0822466270579905,2,1,1,2026,0,0,21,0,0,1,0,0,1,0,0.0894591748506252,0,0.0,-0.051916446968160584,0.45031491779346455,0.0,0.0,0.0
2026-01-22,6700.0,6700.0,6700.0,6700.0,70640.0,0.0,0.0,0.0,0.0,0.0,0.0,0.4503149177934646,SEPLAT,6700.0,6665.169492997147,6541.3,6529.491843555241,6181.5,6313.608539490115,5962.890799999999,6052.872109647193,0.08387931731780313,0.12361608232034048,244.03339747673363,180.77874514363185,63.254652333101774,6181.5,7046.742892578663,5316.257107421337,0.2799459330514155,0.799626847239812,100.0,77.85714285714286,0.01162046908315565,241386.0,0.2926433181708964,0.0,0.4128747910600594,0.45031491779346455,0.26358007125137844,0.0,0.0,0.1953603248965304,1,-1,0.0,0.0,0.0,0.0,0.0,0.0,0.0,0.0,0.0,0.0,0.45031491779346455,0.45031491779346455,0.45031491779346455,0.45031491779346455,0.35717761182581886,84.56167571761056,84.56167571761056,84.56167571761056,84.56167571761056,73.81578947368422,240.79123593785152,233.15064086912844,220.0071811142243,171.6251356735911,27.995372338295965,92.07142857142857,92.07142857142857,92.07142857142857,92.07142857142857,54.285714285714285,0.27516447016137335,0.26678421244063405,0.254286951505766,0.21301869383216818,0.09728534893902017,0.0,0.0,0.0,0.0,3,1,1,2026,0,0,22,0,0,0,1,0,1,0,0.0894591748506252,0,0.0,-0.051916446968160584,0.45031491779346455,0.0,0.0,0.0
2026-01-23,6700.0,6700.0,6700.0,6700.0,262090.0,0.0,0.0,0.0,0.0,0.0,0.0,0.4503149177934646,SEPLAT,6700.0,6676.779661998098,6594.2,6560.493326545196,6226.05,6350.4077262053415,5979.3474,6078.249673974754,0.07612370604155119,0.12052362102258858,243.79254514991226,193.38150514488794,50.41104000502432,6226.05,7102.220729577528,5349.8792704224725,0.28145316198152204,0.7704666933056125,100.0,77.85714285714286,0.01162046908315565,253917.5,1.0321856508511622,0.0,0.4128747910600594,0.45031491779346455,0.26358007125137844,0.0,0.0,0.1909350290198494,1,-1,0.0,0.0,0.0,0.0,0.0,0.0,0.0,0.0,0.0,0.0,0.45031491779346455,0.45031491779346455,0.45031491779346455,0.45031491779346455,0.35717761182581886,100.0,84.56167571761056,84.56167571761056,84.56167571761056,73.81578947368422,244.03339747673363,240.79123593785152,233.15064086912844,200.031242574486,51.06309694367519,77.85714285714286,92.07142857142857,92.07142857142857,92.07142857142857,54.285714285714285,0.2799459330514155,0.27516447016137335,0.26678421244063405,0.23683970442892563,0.11123297968365649,0.0,0.0,0.0,0.0,4,1,1,2026,0,0,23,0,0,0,0,1,1,0,0.0894591748506252,0,0.0,-0.051916446968160584,0.45031491779346455,0.0,0.0,0.0
2026-01-26,6700.0,6700.0,6700.0,6700.0,16650.0,0.0,0.0,0.0,0.0,0.0,0.0,0.4503149177934646,SEPLAT,6700.0,6684.519774665399,6647.1,6585.858176264251,6270.6,6383.7022284715,5995.0034,6102.632039701234,0.06847829553790699,0.11759736449857568,240.82558056166272,202.87032022824292,37.9552603334198,6270.6,7148.09173635335,5393.108263646651,0.27987488800221655,0.7446746688376152,100.0,77.85714285714286,0.01162046908315565,248474.5,0.06700888823601617,0.0,0.4128747910600594,0.45031491779346455,0.26358007125137844,0.0,0.0,0.1837962954896484,1,-1,0.0,0.0,0.0,0.0,0.0,0.0,0.0,0.0,0.0,0.0,0.45031491779346455,0.45031491779346455,0.45031491779346455,0.45031491779346455,0.35717761182581886,100.0,100.0,84.56167571761056,84.56167571761056,73.81578947368422,243.79254514991226,244.03339747673363,240.79123593785152,220.0071811142243,68.55418491719229,77.85714285714286,77.85714285714286,92.07142857142857,92.07142857142857,54.285714285714285,0.28145316198152204,0.2799459330514155,0.27516447016137335,0.254286951505766,0.12215857131660601,0.0,0.0,0.0,0.0,0,1,1,2026,0,0,26,1,0,0,0,0,1,0,0.0894591748506252,0,0.0,-0.051916446968160584,0.45031491779346455,0.0,0.0,0.0
2026-01-27,6700.0,6700.0,6700.0,6700.0,215930.0,0.0,0.0,0.0,0.0,0.0,0.0,0.4503149177934646,SEPLAT,6700.0,6689.679849776933,6700.0,6606.611235125295,6315.15,6413.825825759928,6011.46,6126.058234222754,0.06094075358463384,0.11453789927904369,235.756584595807,209.44757310175572,26.309011494051276,6315.15,7184.399712774119,5445.900287225881,0.27529028218620905,0.7213690694080255,100.0,37.785714285714285,0.005639658848614073,258145.0,0.8364678765809913,0.0,0.4128747910600594,0.45031491779346455,0.26358007125137844,0.0,0.0,0.1736097213015451,1,-1,0.0,0.0,0.0,0.0,0.0,0.0,0.0,0.0,0.0,0.0,0.45031491779346455,0.45031491779346455,0.45031491779346455,0.45031491779346455,0.35717761182581886,100.0,100.0,100.0,84.56167571761056,73.81578947368422,240.82558056166272,243.79254514991226,244.03339747673363,233.15064086912844,81.4767844985272,77.85714285714286,77.85714285714286,77.85714285714286,92.07142857142857,54.285714285714285,0.27987488800221655,0.28145316198152204,0.2799459330514155,0.26678421244063405,0.13084615515024214,0.0,0.0,0.0,0.0,1,1,1,2026,0,0,27,0,1,0,0,0,1,0,0.0894591748506252,0,0.0,-0.051916446968160584,0.45031491779346455,0.0,0.0,0.0
2026-01-28,6700.0,6700.0,6700.0,6700.0,6840.0,0.0,0.0,0.0,0.0,0.0,0.0,0.4503149177934646,SEPLAT,6700.0,6693.119899851289,6700.0,6623.591010557059,6359.7,6441.080509020887,6029.28,6148.565754449313,0.0535088133088039,0.11124379693761118,229.09846428528363,213.37775133846134,15.720712946822289,6359.7,7210.866901810001,5508.533098189999,0.2676751739264434,0.6999020399385564,100.0,37.785714285714285,0.005639658848614073,256707.0,0.026645163552221015,0.0,0.0,0.45031491779346455,0.26358007125137844,0.0,0.0,0.159793481064957,1,-1,0.0,0.0,0.0,0.0,0.0822466270579905,0.0,0.0,0.0,0.0,0.0067645076624161,0.45031491779346455,0.45031491779346455,0.45031491779346455,0.45031491779346455,0.45031491779346455,100.0,100.0,100.0,84.56167571761056,84.56167571761056,235.756584595807,240.82558056166272,243.79254514991226,240.79123593785152,132.87224816483194,37.785714285714285,77.85714285714286,77.85714285714286,92.07142857142857,92.07142857142857,0.27529028218620905,0.27987488800221655,0.28145316198152204,0.27516447016137335,0.18005307993313124,0.0,0.0,0.0,0.0,2,1,1,2026,0,0,28,0,0,1,0,0,1,0,0.0894591748506252,0,0.0,-0.051916446968160584,0.45031491779346455,0.0,0.0,0.0
2026-01-29,6700.0,6700.0,6700.0,6700.0,39700.0,0.0,0.0,0.0,0.0,0.0,0.0,0.4503149177934646,SEPLAT,6700.0,6695.413266567526,6700.0,6637.483554092139,6404.25,6465.739508161754,6047.1,6170.190626823851,0.04618027091384627,0.10796910915976246,221.27117954871665,214.95643698051242,6.314742568204224,6404.25,7226.844579428564,5581.655420571436,0.25689021491308567,0.6797665626519506,100.0,37.785714285714285,0.005639658848614073,197192.0,0.20132662582660554,0.0,0.0,0.45031491779346455,0.26358007125137844,0.0,0.0,0.1412867368760705,1,-1,0.0,0.0,0.0,0.0,0.0,0.0,0.0,0.0,0.0,0.0,0.45031491779346455,0.45031491779346455,0.45031491779346455,0.45031491779346455,0.45031491779346455,100.0,100.0,100.0,100.0,84.56167571761056,229.09846428528363,235.756584595807,240.82558056166272,244.03339747673363,171.6251356735911,37.785714285714285,37.785714285714285,77.85714285714286,77.85714285714286,92.07142857142857,0.2676751739264434,0.27529028218620905,0.27987488800221655,0.2799459330514155,0.21301869383216818,0.0,0.0,0.0,0.0,3,1,1,2026,0,0,29,0,0,0,1,0,1,0,0.0894591748506252,0,0.0,-0.051916446968160584,0.45031491779346455,0.0,0.0,0.6766351534367471
2026-01-30,6700.0,6700.0,6700.0,6700.0,13420.0,0.0,0.0,0.0,0.0,0.0,0.0,0.4503149177934646,SEPLAT,6700.0,6696.942177711684,6700.0,6648.85018062084,6458.75,6488.050031193969,6064.92,6190.9674649876215,0.03735242887555642,0.10471366481338582,212.61708262350112,214.48856610911017,-1.8714834856090476,6458.75,7200.209975141501,5717.290024858499,0.2295985988438942,0.6626857875598475,100.0,37.785714285714285,0.005639658848614073,141363.0,0.09493290323493418,0.0,0.0,0.45031491779346455,0.26358007125137844,0.0,0.0,0.11586324528984063,1,-1,0.0,0.0,0.0,0.0,0.0,0.0,0.0,0.0,0.0,0.0,0.45031491779346455,0.45031491779346455,0.45031491779346455,0.45031491779346455,0.45031491779346455,100.0,100.0,100.0,100.0,84.56167571761056,221.27117954871665,229.09846428528363,235.756584595807,243.79254514991226,200.031242574486,37.785714285714285,37.785714285714285,37.785714285714285,77.85714285714286,92.07142857142857,0.25689021491308567,0.2676751739264434,0.27529028218620905,0.28145316198152204,0.23683970442892563,0.0,0.0,0.0,0.0,4,1,1,2026,0,0,30,0,0,0,0,1,1,0,0.0894591748506252,0,0.0,-0.051916446968160584,0.42517728945129635,0.0,0.0,0.6766351534367471
2026-02-02,6700.0,6700.0,6700.0,6700.0,64260.00000000001,0.0,0.0,0.0,0.0,0.0,0.0,0.4251772894512964,SEPLAT,6700.0,6697.96145180779,6700.0,6658.150147780686,6513.25,6508.2357425088285,6082.74,6210.929525184186,0.028672321805550224,0.10147729477176408,203.41382055817758,212.27361699892367,-8.859796440746095,6513.25,7144.004560656889,5882.495439343111,0.19368350997025732,0.6480369795547036,100.0,37.785714285714285,0.005639658848614073,143748.0,0.44703230653643883,0.0,0.0,0.42517728945129635,0.26358007125137844,0.0,0.0,0.09956376284003303,1,-1,0.0,0.0,0.0,0.0,0.0,0.0,0.0,0.0,0.0,0.0,0.45031491779346455,0.45031491779346455,0.45031491779346455,0.45031491779346455,0.45031491779346455,100.0,100.0,100.0,100.0,84.56167571761056,212.61708262350112,221.27117954871665,229.09846428528363,240.82558056166272,220.0071811142243,37.785714285714285,37.785714285714285,37.785714285714285,77.85714285714286,92.07142857142857,0.2295985988438942,0.25689021491308567,0.2676751739264434,0.27987488800221655,0.254286951505766,0.0,0.0,0.0,0.0,0,2,1,2026,0,0,2,1,0,0,0,0,1,0,0.0894591748506252,0,0.0,-0.051916446968160584,0.42517728945129635,0.0,0.0,0.6766351534367471
2026-02-25,9099.9,9099.9,9099.9,9099.9,70610.0,0.0,0.0,0.0,0.0,0.0,0.0,0.5189077277122737,SEPLAT,9099.9,9016.520302486466,8790.64,8708.32004460553,7912.82,8141.7499290985215,6870.807999999999,7235.524594357408,0.15001984121969159,0.32442938297795554,694.5279389202733,596.9778578911383,97.55008102913496,7912.82,9861.240251437177,5964.399748562822,0.49247177401664066,0.8046262732909895,100.0,123.56428571428569,0.013578642151483609,163363.5,0.4322262928989646,0.0,0.5869523020777556,0.5189077277122734,0.4016945049888368,0.0,0.0,0.039201193487051846,1,-1,0.0,0.0,0.0,0.0800317186021677,0.0,0.0,0.0,0.0,0.0064050759824165,0.0,0.5189077277122734,0.5189077277122734,0.5189077277122734,0.5189077277122734,0.42517728945129635,100.0,100.0,100.0,100.0,100.0,697.2028476461819,690.4758715451244,671.8465184627539,586.189884652591,303.014644697485,171.42142857142855,171.42142857142855,171.42142857142855,171.42142857142855,47.857142857142854,0.4969086614254538,0.4931812367123761,0.4802853097463173,0.41887084855912554,0.17337040324656058,0.0,0.0,0.0,0.0800317186021677,2,2,1,2026,0,0,25,0,0,1,0,0,1,0,0.0894591748506252,0,0.0,0.0,0.5189077277122734,0.0,0.0,0.0
2026-02-26,9099.9,9099.9,9099.9,9099.9,59650.0,0.0,0.0,0.0,0.0,0.0,0.0,0.5189077277122737,SEPLAT,9099.9,9044.313534990977,8889.93,8779.516400131797,8032.815,8233.002316803424,6936.626,7308.637355363,0.13284072893499976,0.31186256834374515,684.5173644037313,614.485759193657,70.0316052100743,8032.815,9962.247563734732,6103.382436265267,0.48038765083840046,0.7765281928108652,100.0,123.56428571428569,0.013578642151483609,164361.0,0.36292064419174863,0.0,0.4210237902569823,0.5189077277122734,0.4016945049888368,0.0,0.0,0.04096715644033704,1,-1,0.0,0.0,0.0,0.0,0.0953101798043249,0.0,0.0,0.0,0.0,0.0090840303743327,0.5189077277122734,0.5189077277122734,0.5189077277122734,0.5189077277122734,0.4550998709456931,100.0,100.0,100.0,100.0,100.0,694.5279389202733,697.2028476461819,690.4758715451244,638.2963766236162,364.26449187725393,123.56428571428569,171.42142857142855,171.42142857142855,171.42142857142855,100.5,0.49247177401664066,0.4969086614254538,0.4931812367123761,0.45650550082402636,0.23260922796295608,0.0,0.0,0.0,0.0,3,2,1,2026,0,0,26,0,0,0,1,0,1,0,0.0894591748506252,0,0.0,0.0,0.5189077277122734,0.0,0.0,0.0
2026-02-27,9099.9,9099.9,9099.9,9099.9,117750.0,0.0,0.0,0.0,0.0,0.0,0.0,0.5189077277122737,SEPLAT,9099.9,9062.842356660653,8959.92,8837.767963744198,8152.8099999999995,8315.564000917384,7002.444,7378.8829492703335,0.11616730918542198,0.2995319919730881,668.8735540058278,625.3633181560913,43.510235849736546,8152.8099999999995,10031.060650724592,6274.559349275407,0.4607615412905716,0.7521202374226867,100.0,123.56428571428569,0.013578642151483609,169577.5,0.6943727794076455,0.0,0.4017560388555438,0.5189077277122734,0.4016945049888368,0.0,0.0,0.04239666976007694,1,-1,0.0,0.0,0.0,0.0,0.0355038198436977,0.0,0.0,0.0,0.0,0.0012605212234937,0.5189077277122734,0.5189077277122734,0.5189077277122734,0.5189077277122734,0.46273193765873544,100.0,100.0,100.0,100.0,100.0,684.5173644037313,694.5279389202733,697.2028476461819,671.8465184627539,431.4743209568187,123.56428571428569,123.56428571428569,171.42142857142855,171.42142857142855,121.42857142857143,0.48038765083840046,0.49247177401664066,0.4969086614254538,0.4802853097463173,0.2930437663053224,0.0,0.0,0.0,0.0,4,2,1,2026,0,0,27,0,0,0,0,1,1,0,0.0894591748506252,0,0.0,0.0,0.5189077277122734,0.0,0.0,0.0
2026-03-02,9099.9,9099.9,9099.9,9099.9,124590.0,0.0,0.0,0.0,0.0,0.0,0.0,0.5189077277122737,SEPLAT,9099.9,9075.194904440435,9029.91,8885.428333972524,8272.805,8390.262667496681,7068.262,7446.373814004831,0.09997757713375321,0.2874310544798707,648.9945167538435,630.0895578756417,18.904958878201796,8272.805,10064.923283778338,6480.686716221662,0.43325529461369827,0.7307590429400196,100.0,123.56428571428569,0.013578642151483609,172594.0,0.7218675040847307,0.0,0.4017560388555438,0.5189077277122734,0.4016945049888368,0.0,0.0,0.043522898233265626,1,-1,0.0,0.0,0.0,0.0,0.0,0.0,0.0,0.0,0.0,0.0,0.5189077277122734,0.5189077277122734,0.5189077277122734,0.5189077277122734,0.46273193765873544,100.0,100.0,100.0,100.0,100.0,668.8735540058278,684.5173644037313,694.5279389202733,690.4758715451244,479.2145081734943,123.56428571428569,123.56428571428569,123.56428571428569,171.42142857142855,121.42857142857143,0.4607615412905716,0.48038765083840046,0.49247177401664066,0.4931812367123761,0.33361526899825283,0.0,0.0,0.0,0.0,0,3,1,2026,0,0,2,1,0,0,0,0,1,0,0.0894591748506252,0,0.0,0.0,0.5189077277122734,0.0,0.0,0.0
2026-03-03,9099.9,9099.9,9099.9,9099.9,165500.0,0.0,0.0,0.0,0.0,0.0,0.0,0.5189077277122737,SEPLAT,9099.9,9083.429936293624,9099.9,8924.423182341156,8392.8,8457.84717535414,7134.08,7511.217978161504,0.0842507863883329,0.275553400017942,626.023823559226,629.2764110123586,-3.2525874531326053,8392.8,10058.42220395736,6727.177796042639,0.396916929739148,0.7122630204856774,100.0,123.56428571428569,0.013578642151483609,175462.5,0.9432214860725227,0.0,0.4017560388555438,0.5189077277122734,0.4016945049888368,0.0,0.0,0.043271658948050074,1,-1,0.0,0.0,0.0,0.0,0.0,0.0,0.0,0.0,0.0,0.0,0.5189077277122734,0.5189077277122734,0.5189077277122734,0.5189077277122734,0.46273193765873544,100.0,100.0,100.0,100.0,100.0,648.9945167538435,668.8735540058278,684.5173644037313,697.2028476461819,511.15665476008144,123.56428571428569,123.56428571428569,123.56428571428569,171.42142857142855,121.42857142857143,0.43325529461369827,0.4607615412905716,0.48038765083840046,0.4969086614254538,0.36166424116050194,0.0,0.0,0.0,0.0,1,3,1,2026,0,0,3,0,1,0,0,0,1,0,0.0894591748506252,0,0.0,0.0,0.5189077277122734,0.0,0.0,0.0
2026-03-04,9099.9,9099.9,9099.9,9099.9,38190.0,0.0,0.0,0.0,0.0,0.0,0.0,0.5189077277122737,SEPLAT,9099.9,9088.919957529082,9099.9,8956.328058279127,8512.795,8518.99506341565,7199.897999999999,7573.519233919877,0.0689673603088057,0.2638929051494897,600.8926670841356,623.599662226714,-22.70699514257842,8512.795,10001.302190690332,7024.287809309668,0.3497105687827164,0.6972126851895539,100.0,70.92142857142855,0.007793649223774827,159586.0,0.23930670610203902,0.0,0.0,0.5189077277122734,0.4016945049888368,0.0,0.0,0.04252993123735699,1,-1,0.0,0.0,0.0,0.0,0.0800317186021677,0.0,0.0,0.0,0.0,0.0064050759824165,0.5189077277122734,0.5189077277122734,0.5189077277122734,0.5189077277122734,0.5189077277122734,100.0,100.0,100.0,100.0,100.0,626.023823559226,648.9945167538435,668.8735540058278,694.5279389202733,586.189884652591,123.56428571428569,123.56428571428569,123.56428571428569,123.56428571428569,171.42142857142855,0.396916929739148,0.43325529461369827,0.4607615412905716,0.49247177401664066,0.41887084855912554,0.0,0.0,0.0,0.0,2,3,1,2026,0,0,4,0,0,1,0,0,1,0,0.0894591748506252,0,0.0,0.0,0.5189077277122734,0.0,0.0,0.0
2026-03-05,9099.9,9099.9,9099.9,9099.9,82870.0,0.0,0.0,0.0,0.0,0.0,0.0,0.5189077277122737,SEPLAT,9099.9,9092.579971686055,9099.9,8982.432047682922,8599.289999999999,8574.31934309035,7265.715999999999,7633.377303177921,0.05821527126076695,0.25244366831844245,574.3552348932917,613.7507767600296,-39.39554186673786,8599.289999999999,10007.045887779883,7191.534112220115,0.3274121207169159,0.6778042643421271,100.0,49.99285714285712,0.005493780936368215,151397.5,0.5473670304991826,0.0,0.0,0.5189077277122734,0.4016945049888368,0.0,0.0,0.04127127838384767,1,-1,0.0,0.0,0.0,0.0,0.0,0.0,0.0,0.0,0.0,0.0,0.5189077277122734,0.5189077277122734,0.5189077277122734,0.5189077277122734,0.5189077277122734,100.0,100.0,100.0,100.0,100.0,600.8926670841356,626.023823559226,648.9945167538435,684.5173644037313,638.2963766236162,70.92142857142855,123.56428571428569,123.56428571428569,123.56428571428569,171.42142857142855,0.3497105687827164,0.396916929739148,0.43325529461369827,0.48038765083840046,0.45650550082402636,0.0,0.0,0.0,0.0,3,3,1,2026,0,0,5,0,0,0,1,0,1,0,0.0894591748506252,0,0.0,0.0,0.4293853250501223,0.0,0.0,0.0
2026-03-06,9099.9,9099.9,9099.9,9099.9,24730.0,0.0,0.0,0.0,0.0,0.0,0.0,0.4293853250501224,SEPLAT,9099.9,9095.019981124036,9099.9,9003.789857195117,8685.785,8624.374643748411,7331.534000000001,7690.887997170944,0.047677325653351976,0.24119999989088217,547.0184406139324,600.4043095308102,-53.385868916877826,8685.785,9983.821396010682,7387.748603989317,0.29888752623065906,0.659515943186462,100.0,49.99285714285712,0.005493780936368215,139567.5,0.17719024844609238,0.0,0.0,0.4293853250501223,0.4016945049888368,0.0,0.0,0.04097274833519458,1,-1,0.0,0.0,0.0,0.0,0.0,0.0,0.0,0.0,0.0,0.0,0.5189077277122734,0.5189077277122734,0.5189077277122734,0.5189077277122734,0.5189077277122734,100.0,100.0,100.0,100.0,100.0,574.3552348932917,600.8926670841356,626.023823559226,668.8735540058278,671.8465184627539,49.99285714285712,70.92142857142855,123.56428571428569,123.56428571428569,171.42142857142855,0.3274121207169159,0.3497105687827164,0.396916929739148,0.4607615412905716,0.4802853097463173,0.0,0.0,0.0,0.0,4,3,1,2026,0,0,6,0,0,0,0,1,1,0,0.0894591748506252,0,0.0,0.0,0.4293853250501223,0.0,0.0,0.0
2026-03-09,9099.9,9099.9,9099.9,9099.9,166380.0,0.0,0.0,0.0,0.0,0.0,0.0,0.4293853250501224,SEPLAT,9099.9,9096.646654082691,9099.9,9021.264428614186,8772.279999999999,8669.66277291523,7397.352,7746.143369830907,0.03734718910021122,0.23015641272714882,519.3668959151273,584.1968268076737,-64.82993089254637,8772.279999999999,9923.374780678481,7621.185219321516,0.2624391334244877,0.6423080034325643,100.0,49.99285714285712,0.005493780936368215,138063.0,1.2051020186436627,0.0,0.0,0.4293853250501223,0.4016945049888368,0.0,0.0,0.04067099053514549,1,-1,0.0,0.0,0.0,0.0,0.0,0.0,0.0,0.0,0.0,0.0,0.4293853250501223,0.5189077277122734,0.5189077277122734,0.5189077277122734,0.5189077277122734,100.0,100.0,100.0,100.0,100.0,547.0184406139324,574.3552348932917,600.8926670841356,648.9945167538435,690.4758715451244,49.99285714285712,49.99285714285712,70.92142857142855,123.56428571428569,171.42142857142855,0.29888752623065906,0.3274121207169159,0.3497105687827164,0.43325529461369827,0.4931812367123761,0.0,0.0,0.0,0.0,0,3,1,2026,0,0,9,1,0,0,0,0,1,0,0.0894591748506252,0,0.0,0.0,0.4293853250501223,0.0,0.0,0.0
