Date,Price,Open,High,Low,Vol,Change_%,simple_return,log_return,squared_return,abs_return,realized_vol_5d,realized_vol_21d,stock,sma_5,ema_5,sma_10,ema_10,sma_20,ema_20,sma_50,ema_50,price_dist_sma20,price_dist_sma50,macd,macd_signal,macd_hist,bb_middle,bb_upper,bb_lower,bb_width,bb_position,rsi,atr_14,atr_ratio,volume_sma_20,volume_ratio,hist_vol_5d,hist_vol_10d,hist_vol_21d,hist_vol_63d,parkinson_vol,garman_klass_vol,vol_of_vol,high_vol_regime,vol_trend,log_return_lag_1,log_return_lag_2,log_return_lag_3,log_return_lag_5,log_return_lag_10,squared_return_lag_1,squared_return_lag_2,squared_return_lag_3,squared_return_lag_5,squared_return_lag_10,hist_vol_21d_lag_1,hist_vol_21d_lag_2,hist_vol_21d_lag_3,hist_vol_21d_lag_5,hist_vol_21d_lag_10,rsi_lag_1,rsi_lag_2,rsi_lag_3,rsi_lag_5,rsi_lag_10,macd_lag_1,macd_lag_2,macd_lag_3,macd_lag_5,macd_lag_10,atr_14_lag_1,atr_14_lag_2,atr_14_lag_3,atr_14_lag_5,atr_14_lag_10,bb_width_lag_1,bb_width_lag_2,bb_width_lag_3,bb_width_lag_5,bb_width_lag_10,abs_return_lag_1,abs_return_lag_2,abs_return_lag_3,abs_return_lag_5,day_of_week,month,quarter,year,is_month_start,is_month_end,day_of_month,dow_0,dow_1,dow_2,dow_3,dow_4,trend,high_prev_vol,return_zscore,is_jump,drawdown,max_drawdown_21d,target_vol_1d,target_squared_ret,target_abs_ret,target_vol_5d
2020-04-01,9.2,9.2,9.2,9.0,476280.0,0.0,0.0,0.0,0.0,0.0,0.1513648279798806,0.7637805216062556,WAPCO,9.260000000000002,9.289896316139897,9.42,9.63943583979825,10.639999999999999,10.639947130198147,13.6,12.47578719792841,-0.13533834586466162,-0.3235294117647059,-1.3387537270393572,-1.3521551781718748,0.013401451132517561,10.639999999999999,13.896022759522133,7.383977240477864,0.6120343532936343,0.2788713245647984,32.55813953488372,0.6678571428571429,0.07259316770186337,4068402.0,0.11706807734338937,0.15136482797988138,0.6525930193932822,0.7637805216062551,0.6034277632397981,0.3307113858467152,0.3541527289292561,0.14630732549080336,1,-1,-0.0108109161042157,0.0,0.0,0.0430173850836908,-0.0183491386681964,0.0001168759070123,0.0,0.0,0.0018504954194385,0.0003366908898647,0.7637805216062551,0.8180246677769965,0.8180246677769965,0.8223327793871359,0.7463048402313084,25.68807339449542,24.13793103448276,19.580419580419587,19.17808219178083,15.94202898550725,-1.3815260699613088,-1.4160242084549814,-1.4496414803730158,-1.4779135651083646,-1.2531194750136532,0.7357142857142859,0.8000000000000002,0.8750000000000001,1.832142857142857,3.782142857142857,0.6415729119084979,0.6571643835414052,0.6621602123236742,0.709135809161927,0.5929077539828038,0.0108109161042157,0.0,0.0,0.0430173850836908,2,4,2,2020,1,0,1,0,0,1,0,0,-1,0,0.06598320366388051,0,-0.47727272727272735,-0.4829545454545455,0.7648425653694646,0.0,0.0,0.9339868267551623
2020-04-02,9.2,9.2,9.3,8.8,652980.0,0.0,0.0,0.0,0.0,0.0,0.0767498906411217,0.764842565369465,WAPCO,9.239999999999998,9.259930877426598,9.33,9.559538414380384,10.4,10.502809308274514,13.44,12.347324954872395,-0.11538461538461549,-0.3154761904761905,-1.289986179427693,-1.3397213784230386,0.04973519899534562,10.4,13.301542239640991,7.49845776035901,0.557988892238652,0.29321341878026946,32.94117647058822,0.6285714285714288,0.06832298136645966,3999551.0,0.16326332630837811,0.07674989064112374,0.5896968892753274,0.7648425653694646,0.6029362000395844,0.33428410960217547,0.3643294698222245,0.13660606977387732,1,-1,0.0,-0.0108109161042157,0.0,-0.0212773984472848,-0.0670107102829603,0.0,0.0001168759070123,0.0,0.0004527276846845,0.0044904352926268,0.7637805216062551,0.7637805216062551,0.8180246677769965,0.8180246677769965,0.7382811612271477,32.55813953488372,25.68807339449542,24.13793103448276,19.580419580419587,14.4736842105263,-1.3387537270393572,-1.3815260699613088,-1.4160242084549814,-1.4714636495429723,-1.3118610707902274,0.6678571428571429,0.7357142857142859,0.8000000000000002,1.8285714285714287,2.7250000000000005,0.6120343532936343,0.6415729119084979,0.6571643835414052,0.6961510284817736,0.6238506945398247,0.0,0.0108109161042157,0.0,0.0212773984472848,3,4,2,2020,0,0,2,0,0,0,1,0,-1,0,0.06598320366388051,0,-0.47727272727272735,-0.4829545454545455,0.75893576521999,0.0007589998424318,0.0275499517682306,0.8245616588018231
2020-04-30,11.8,11.5,11.8,11.5,11950000.0,2.61,0.0260869565217392,0.0257524961024147,0.0006631910555048,0.0257524961024147,0.368123934032177,0.8491610121677464,WAPCO,11.49,11.541042773604916,11.385000000000002,11.451977119522358,11.1725,11.316058636477841,11.865,11.879819927942446,0.05616469008726796,-0.0054782975136957015,0.056460145131193684,-0.050518607790129705,0.10697875292132339,11.1725,13.433025090374006,8.911974909625993,0.40465877652700943,0.6387951858336111,50.0,0.5142857142857142,0.04358353510895883,9454463.0,1.2639533308237603,0.36812393403217597,0.7911603281269509,0.849161012167746,0.7235991010370012,0.22326511723125764,0.14708872069660844,0.057616350300187254,1,1,0.0264332570681556,-0.0220759516991998,-0.0043573053689558,0.0303710978762987,-0.0684371615532284,0.0006987170792312,0.0004873476434254,1.898611007833115e-05,0.0009224035862117,0.0046836450814626,0.8483382853275485,0.8468706823731655,0.8465076596860451,0.847894341316675,0.8912808914067494,55.17241379310345,58.86075949367088,64.70588235294119,64.70588235294119,71.55172413793103,0.02135764196296641,0.006788881308786188,0.018640552163869728,-0.010693686735180563,-0.03565697136549595,0.5678571428571428,0.607142857142857,0.6464285714285714,0.6749999999999999,0.5750000000000001,0.4352507934733542,0.4598782034223431,0.48219574054968983,0.5100422927526178,0.5234024652666875,0.0264332570681556,0.0220759516991998,0.0043573053689558,0.0303710978762987,3,4,2,2020,0,1,30,0,0,0,1,0,-1,1,0.8760099697727223,0,-0.3295454545454546,-0.4914772727272728,0.9893719045074836,0.0184839350243434,0.135955636236029,1.1568947578627669
2020-05-04,10.3,10.8,10.85,10.0,2930000.0,-12.71,-0.1271186440677966,-0.135955636236029,0.0184839350243434,0.135955636236029,1.0626210618521787,0.9893719045074838,WAPCO,11.25,11.127361849069946,11.254999999999999,11.242526734154655,11.227500000000001,11.219291147289475,11.757,11.817866205278037,-0.08260966377198843,-0.1239261716424257,-0.036339433812575095,-0.04768277299461878,0.011343339182043687,11.227500000000001,13.334249804044608,9.120750195955393,0.3752838662292776,0.2798741933618897,33.566433566433574,0.5607142857142858,0.05443828016643552,9577149.0,0.30593655794642016,1.0626210618521785,1.0356334303266124,0.9893719045074836,0.7680733374187722,0.39819823024433393,0.257186744331807,0.06052375541637537,1,1,0.0257524961024147,0.0264332570681556,-0.0220759516991998,-0.0172418064345059,-0.0339015516756813,0.0006631910555048,0.0006987170792312,0.0004873476434254,0.0002972798891249,0.0011493152060188,0.849161012167746,0.8483382853275485,0.8468706823731655,0.8530485978994862,0.8441898567160063,50.0,55.17241379310345,58.86075949367088,63.21839080459771,69.16666666666664,0.056460145131193684,0.02135764196296641,0.006788881308786188,0.008041913114700705,-0.005163359436377135,0.5142857142857142,0.5678571428571428,0.607142857142857,0.6607142857142856,0.567857142857143,0.40465877652700943,0.4352507934733542,0.4598782034223431,0.5000506140002858,0.5323188606690578,0.0257524961024147,0.0264332570681556,0.0220759516991998,0.0172418064345059,0,5,2,2020,0,0,4,1,0,0,0,0,-1,1,5.039065452283689,1,-0.4147727272727273,-0.4914772727272728,0.9955462470747247,0.0014515982829226,0.0380998462322701,0.42608161450697946
2020-05-05,10.7,10.3,11.15,10.7,1980000.0,3.88,0.0388349514563104,0.0380998462322701,0.0014515982829226,0.0380998462322701,1.146566078975753,0.9955462470747248,WAPCO,11.1,10.984907899379964,11.185,11.1438855097629,11.302499999999998,11.16983484754762,11.657,11.774028314874977,-0.05330679053306784,-0.0820965943210089,-0.07672270012108307,-0.05349075841991164,-0.023231941701171425,11.302499999999998,13.201938975343118,9.403061024656878,0.3361095289260111,0.34140053778480517,38.35616438356163,0.6,0.056074766355140186,9643500.0,0.2053196453569762,1.1465660789757524,1.0644371729446884,0.9955462470747247,0.7731609917808809,0.4348175917809787,0.30638312041664656,0.061928804770736985,1,1,-0.135955636236029,0.0257524961024147,0.0264332570681556,-0.0043573053689558,-0.0173917427118691,0.0184839350243434,0.0006631910555048,0.0006987170792312,1.898611007833115e-05,0.0003024727145558,0.9893719045074836,0.849161012167746,0.8483382853275485,0.8465076596860451,0.8438979788165707,33.566433566433574,50.0,55.17241379310345,64.70588235294119,66.93548387096773,-0.036339433812575095,0.056460145131193684,0.02135764196296641,0.018640552163869728,0.002832072809358266,0.5607142857142858,0.5142857142857142,0.5678571428571428,0.6464285714285714,0.5607142857142857,0.3752838662292776,0.40465877652700943,0.4352507934733542,0.48219574054968983,0.5367613105133536,0.135955636236029,0.0257524961024147,0.0264332570681556,0.0043573053689558,1,5,2,2020,0,0,5,0,1,0,0,0,-1,1,1.327660151025045,0,-0.39204545454545464,-0.4914772727272728,1.0020033697841124,0.001697090348521,0.0411957564382673,0.3673331864593919
2020-05-06,11.15,10.7,11.7,11.0,8480000.0,4.21,0.0420560747663552,0.0411957564382673,0.001697090348521,0.0411957564382673,1.2034962654995245,1.0020033697841129,WAPCO,11.09,11.039938599586645,11.264999999999999,11.144997235260554,11.4125,11.167945814447846,11.57,11.749556616252429,-0.023001095290251856,-0.03630077787381158,-0.07159024266910308,-0.05711065526974993,-0.01447958739935315,11.4125,12.960631301381019,9.86436869861898,0.2713044996943736,0.4152203693040007,38.35616438356164,0.6392857142857143,0.05733504163997438,10005500.0,0.8475338563789916,1.203496265499524,0.956472188837325,1.0020033697841124,0.778737648022047,0.49553218707560615,0.3782219132286783,0.06193228803848374,1,1,0.0380998462322701,-0.135955636236029,0.0257524961024147,-0.0220759516991998,-0.0966268356890717,0.0014515982829226,0.0184839350243434,0.0006631910555048,0.0004873476434254,0.0093367453752828,0.9955462470747247,0.9893719045074836,0.849161012167746,0.8468706823731655,0.8801264401711366,38.35616438356163,33.566433566433574,50.0,58.86075949367088,57.24137931034481,-0.07672270012108307,-0.036339433812575095,0.056460145131193684,0.006788881308786188,-0.07469665774238088,0.6,0.5607142857142858,0.5142857142857142,0.607142857142857,0.6142857142857142,0.3361095289260111,0.3752838662292776,0.40465877652700943,0.4598782034223431,0.5355464351138344,0.0380998462322701,0.135955636236029,0.0257524961024147,0.0220759516991998,2,5,2,2020,0,0,6,0,0,1,0,0,-1,1,1.4409045630627821,0,-0.36647727272727276,-0.4914772727272728,0.9998941283033742,0.0005142331161507,0.0226767086710297,0.18798831990873024
2020-07-15,11.0,11.0,11.0,10.95,1860000.0,0.0,0.0,0.0,0.0,0.0,0.0,0.5003925856001835,WAPCO,11.0,10.930914540975706,10.68,10.831861513638744,10.7775,10.839729947002533,11.017999999999999,11.06272607715512,0.020644861980978906,-0.0016336903249227544,-0.05445174827349497,-0.1297603130910554,0.07530856481756043,10.7775,11.588915267814173,9.966084732185827,0.15057578618681008,0.637106121135347,50.0,0.2892857142857145,0.026298701298701318,2741659.0,0.6784213499928328,0.0,0.5335324923403805,0.5003925856001835,0.564788425449863,0.027407471534104028,0.020409180851366088,0.11994722582614059,1,-1,0.0,0.0,0.0,0.0953101798043249,0.048790164169432,0.0,0.0,0.0,0.0090840303743327,0.0023804801196801,0.5003925856001835,0.5089998742586214,0.5139265891035378,0.5143932399635901,0.36797057038808,50.0,50.0,46.15384615384615,50.0,29.411764705882348,-0.07712001644738464,-0.10493122395009458,-0.13890216554155366,-0.2303827994611254,-0.18570781998693064,0.292857142857143,0.292857142857143,0.31071428571428583,0.3321428571428573,0.27857142857142886,0.15057578618681008,0.15057578618681008,0.15057578618681008,0.1666717766365763,0.13388640049486134,0.0,0.0,0.0,0.0953101798043249,2,7,3,2020,0,0,15,0,0,1,0,0,-1,0,0.06598320366388051,0,-0.37500000000000006,-0.4318181818181819,0.5003925856001835,0.0,0.0,0.0
2020-07-16,11.0,11.0,11.0,11.0,5780000.0,0.0,0.0,0.0,0.0,0.0,0.0,0.5003925856001835,WAPCO,11.0,10.953943027317138,10.735,10.862432147522608,10.7775,10.85499376157372,11.032,11.060266230992173,0.020644861980978906,-0.002900652646845543,-0.0360711763620607,-0.11102248574525646,0.07495130938319576,10.7775,11.588915267814173,9.966084732185827,0.15057578618681008,0.637106121135347,50.0,0.2892857142857145,0.026298701298701318,2998924.0,1.9273579457165304,0.0,0.5317063762237969,0.5003925856001835,0.5636495348033904,0.01942400443798036,0.010227782756514533,0.12390376152900195,1,-1,0.0,0.0,0.0,0.0,-0.0047732787526577,0.0,0.0,0.0,0.0,2.2784190050574125e-05,0.5003925856001835,0.5003925856001835,0.5089998742586214,0.5143932399635901,0.3652138303239375,50.0,50.0,50.0,46.96969696969698,31.91489361702125,-0.05445174827349497,-0.07712001644738464,-0.10493122395009458,-0.18024104494677573,-0.20288833467022904,0.2892857142857145,0.292857142857143,0.292857142857143,0.31428571428571445,0.2642857142857146,0.15057578618681008,0.15057578618681008,0.15057578618681008,0.15554227152367603,0.141961869659447,0.0,0.0,0.0,0.0,3,7,3,2020,0,0,16,0,0,0,1,0,-1,0,0.06598320366388051,0,-0.37500000000000006,-0.4318181818181819,0.5003925856001835,0.0,0.0,0.0
2020-07-17,11.0,11.0,11.0,11.0,11100000.0,0.0,0.0,0.0,0.0,0.0,0.0,0.5003925856001835,WAPCO,11.0,10.969295351544758,10.8,10.887444484336678,10.7675,10.86880387951908,11.038,11.057902849384638,0.021592755978639418,-0.003442652654466412,-0.021259375846128137,-0.09306986376543079,0.07181048791930265,10.7675,11.5617391261286,9.9732608738714,0.14752526141232414,0.646366498672312,53.57142857142856,0.26785714285714296,0.02435064935064936,3502424.0,3.1692336507515937,0.0,0.526404811527466,0.5003925856001835,0.5584826381831461,0.01942400443798036,0.010227782756514533,0.12700498333156068,1,-1,0.0,0.0,0.0,0.0,-0.0096154586994418,0.0,0.0,0.0,0.0,9.245704600067232e-05,0.5003925856001835,0.5003925856001835,0.5003925856001835,0.5139265891035378,0.3653541194127394,50.0,50.0,50.0,46.15384615384615,34.883720930232556,-0.0360711763620607,-0.05445174827349497,-0.07712001644738464,-0.13890216554155366,-0.22201394207543146,0.2892857142857145,0.2892857142857145,0.292857142857143,0.31071428571428583,0.2500000000000003,0.15057578618681008,0.15057578618681008,0.15057578618681008,0.15057578618681008,0.15068271955434467,0.0,0.0,0.0,0.0,4,7,3,2020,0,0,17,0,0,0,0,1,-1,0,0.06598320366388051,0,-0.37500000000000006,-0.4318181818181819,0.49609186789180126,0.0,0.0,0.03234308892398041
2020-07-20,11.0,11.0,11.0,11.0,714810.0,0.0,0.0,0.0,0.0,0.0,0.0,0.4960918678918012,WAPCO,11.0,10.979530234363173,10.9,10.90790912354819,10.754999999999999,10.88129874813631,11.035,11.05563214940877,0.022780102278010323,-0.003171726325328513,-0.009412416742806684,-0.07633837436090597,0.06692595761809929,10.754999999999999,11.524757309669294,9.985242690330704,0.14314408362051045,0.6591410675302704,75.0,0.19285714285714292,0.01753246753246754,3498316.5,0.20432971116249773,0.0,0.47845330538432485,0.49609186789180126,0.5421592382515602,0.01942400443798036,0.010227782756514533,0.12607240638289188,1,-1,0.0,0.0,0.0,0.0,-0.0344014267173323,0.0,0.0,0.0,0.0,0.0011834581601879,0.5003925856001835,0.5003925856001835,0.5003925856001835,0.5089998742586214,0.3793120979523495,53.57142857142856,50.0,50.0,50.0,30.0,-0.021259375846128137,-0.0360711763620607,-0.05445174827349497,-0.10493122395009458,-0.26238854682793544,0.26785714285714296,0.2892857142857145,0.2892857142857145,0.292857142857143,0.26071428571428584,0.14752526141232414,0.15057578618681008,0.15057578618681008,0.15057578618681008,0.1655725425879171,0.0,0.0,0.0,0.0,0,7,3,2020,0,0,20,1,0,0,0,0,-1,0,0.06598320366388051,0,-0.37500000000000006,-0.4318181818181819,0.4957306972298334,0.0,0.0,0.6588929794032995
2020-07-21,11.0,11.0,11.0,11.0,2690000.0,0.0,0.0,0.0,0.0,0.0,0.0,0.4957306972298333,WAPCO,11.0,10.98635348957545,11.0,10.9246529192667,10.754999999999999,10.892603629266185,11.037,11.05345049649078,0.022780102278010323,-0.00335236024281968,-2.3347169062049034e-05,-0.06107536892253719,0.06105202175347514,10.754999999999999,11.524757309669294,9.985242690330704,0.14314408362051045,0.6591410675302704,66.66666666666666,0.12142857142857151,0.011038961038961046,3482316.5,0.7724742997944041,0.0,0.47845330538432485,0.4957306972298334,0.538118669148478,0.01942400443798036,0.010227782756514533,0.12382323023024308,1,-1,0.0,0.0,0.0,0.0,0.0,0.0,0.0,0.0,0.0,0.0,0.49609186789180126,0.5003925856001835,0.5003925856001835,0.5003925856001835,0.37364041242771495,75.0,53.57142857142856,50.0,50.0,30.0,-0.009412416742806684,-0.021259375846128137,-0.0360711763620607,-0.07712001644738464,-0.2910308890490949,0.19285714285714292,0.26785714285714296,0.2892857142857145,0.292857142857143,0.26071428571428584,0.14314408362051045,0.14752526141232414,0.15057578618681008,0.15057578618681008,0.17504517726545663,0.0,0.0,0.0,0.0,1,7,3,2020,0,0,21,0,1,0,0,0,-1,0,0.06598320366388051,0,-0.37500000000000006,-0.4318181818181819,0.4895799967055516,0.0,0.0,0.6588929794032995
2020-07-22,11.0,11.0,11.0,10.9,3470000.0,0.0,0.0,0.0,0.0,0.0,0.0,0.4895799967055515,WAPCO,11.0,10.990902326383633,11.0,10.938352388490935,10.754999999999999,10.902831855050358,11.037,11.051354398589183,0.022780102278010323,-0.00335236024281968,0.007333027535942449,-0.047393689630841264,0.05472671716678371,10.754999999999999,11.524757309669294,9.985242690330704,0.14314408362051045,0.6591410675302704,68.96551724137935,0.125,0.011363636363636364,3574316.5,0.970814979591203,0.0,0.0,0.4895799967055516,0.5370679342767206,0.038936906231077324,0.020502374750466124,0.11953817426218144,1,-1,0.0,0.0,0.0,0.0,0.0953101798043249,0.0,0.0,0.0,0.0,0.0090840303743327,0.4957306972298334,0.49609186789180126,0.5003925856001835,0.5003925856001835,0.5143932399635901,66.66666666666666,75.0,53.57142857142856,50.0,50.0,-2.3347169062049034e-05,-0.009412416742806684,-0.021259375846128137,-0.05445174827349497,-0.2303827994611254,0.12142857142857151,0.19285714285714292,0.26785714285714296,0.2892857142857145,0.3321428571428573,0.14314408362051045,0.14314408362051045,0.14752526141232414,0.15057578618681008,0.1666717766365763,0.0,0.0,0.0,0.0,2,7,3,2020,0,0,22,0,0,1,0,0,-1,0,0.06598320366388051,0,-0.37500000000000006,-0.4318181818181819,0.4895799967055516,0.0,0.0,0.708973263956921
2020-07-23,11.0,11.0,11.0,5.0,790900.0,0.0,0.0,0.0,0.0,0.0,0.0,0.4895799967055515,WAPCO,11.0,10.993934884255756,11.0,10.949561045128947,10.754999999999999,10.912085964093182,11.037,11.049340500605293,0.022780102278010323,-0.00335236024281968,0.01301300170612052,-0.035312351363448916,0.048325353069569435,10.754999999999999,11.524757309669294,9.985242690330704,0.14314408362051045,0.6591410675302704,74.07407407407409,0.5464285714285715,0.04967532467532468,3593733.0,0.2200775628016884,0.0,0.0,0.4895799967055516,0.5003354629496047,3.361862014866548,1.7905847586884196,0.11367883465600633,1,-1,0.0,0.0,0.0,0.0,0.0,0.0,0.0,0.0,0.0,0.0,0.4895799967055516,0.4957306972298334,0.49609186789180126,0.5003925856001835,0.5143932399635901,68.96551724137935,66.66666666666666,75.0,50.0,46.96969696969698,0.007333027535942449,-2.3347169062049034e-05,-0.009412416742806684,-0.0360711763620607,-0.18024104494677573,0.125,0.12142857142857151,0.19285714285714292,0.2892857142857145,0.31428571428571445,0.14314408362051045,0.14314408362051045,0.14314408362051045,0.15057578618681008,0.15554227152367603,0.0,0.0,0.0,0.0,3,7,3,2020,0,0,23,0,0,0,1,0,-1,0,0.06598320366388051,0,-0.37500000000000006,-0.4318181818181819,0.4898342972331653,2.075546430842272e-05,0.0045558165358608,0.708973263956921
2020-08-04,11.75,11.75,11.75,11.75,8960000.0,0.0,0.0,0.0,0.0,0.0,0.7024966671917419,0.4835063183501217,WAPCO,11.85,11.689659578316007,11.42,11.50181521911149,11.110000000000001,11.277769450812611,11.118,11.190223703941054,0.05760576057605749,0.05684475625112427,0.22457913152702602,0.11921329821053528,0.10536583331649074,11.110000000000001,12.180956286886133,10.03904371311387,0.1927914107805817,0.7987983766642971,77.77777777777774,0.642857142857143,0.05471124620060792,6063785.5,1.4776248269336045,0.7024966671917415,0.48536398536522846,0.4835063183501217,0.4920158404125604,0.46795810721254255,0.2638082620280913,0.05520712370592122,1,-1,0.0,-0.0210534091978323,0.0,-0.0045558165358608,0.0,0.0,0.0004432460388513,0.0,2.075546430842272e-05,0.0,0.4844825876285707,0.506659408300325,0.5785262531433517,0.4898342972331653,0.5003925856001835,77.77777777777774,77.77777777777774,95.4545454545454,95.23809523809517,53.57142857142856,0.2109956164211262,0.1905890845380167,0.16177072443211316,0.013326223614878785,-0.021259375846128137,0.642857142857143,0.642857142857143,0.5928571428571431,0.517857142857143,0.26785714285714296,0.19525625959032186,0.19208470409962136,0.18470534501991565,0.1426134907355311,0.14752526141232414,0.0,0.0210534091978323,0.0,0.0045558165358608,1,8,3,2020,0,0,4,0,1,0,0,0,1,0,0.06598320366388051,0,-0.3323863636363637,-0.4318181818181819,0.4817389861609053,1.8185097009940536e-05,0.0042643987864575,0.16650768338042687
2020-08-05,11.7,11.75,11.8,11.7,6740000.0,-0.43,-0.0042553191489361,-0.0042643987864575,1.8185097009940536e-05,0.0042643987864575,0.1448919249131315,0.4817389861609053,WAPCO,11.790000000000001,11.693106385544006,11.49,11.537848815636673,11.195,11.317981884068553,11.132,11.210214931237484,0.04510942384993292,0.05102407473948973,0.2286735763361829,0.1411053538356648,0.0875682225005181,11.195,12.15958335701559,10.23041664298441,0.17232395837705936,0.7617710518883839,74.99999999999994,0.6500000000000002,0.05555555555555558,6304285.5,1.0691140177582377,0.14489192491313121,0.4874541832521248,0.4817389861609053,0.489370122576992,0.43286873393150554,0.235398179492739,0.0474707879067114,1,-1,0.0,0.0,-0.0210534091978323,0.0915671935254906,0.0,0.0,0.0,0.0004432460388513,0.0083845509301346,0.0,0.4835063183501217,0.4844825876285707,0.506659408300325,0.5839972995732186,0.49609186789180126,77.77777777777774,77.77777777777774,77.77777777777774,97.61904761904759,75.0,0.22457913152702602,0.2109956164211262,0.1905890845380167,0.09718044335974874,-0.009412416742806684,0.642857142857143,0.642857142857143,0.642857142857143,0.5928571428571431,0.19285714285714292,0.1927914107805817,0.19525625959032186,0.19208470409962136,0.17546616366636542,0.14314408362051045,0.0,0.0,0.0210534091978323,0.0915671935254906,2,8,3,2020,0,0,5,0,0,1,0,0,1,0,0.2219694245598673,0,-0.3352272727272728,-0.4318181818181819,0.4597712140992024,0.0,0.0,0.1663015870439979
2020-08-06,11.7,11.7,11.8,11.65,9960000.0,0.0,0.0,0.0,0.0,0.0,0.1448919249131315,0.4597712140992023,WAPCO,11.73,11.695404257029338,11.56,11.567330849157278,11.28,11.35436456177631,11.146,11.229422188836015,0.03723404255319149,0.049703929660864746,0.2292755080090405,0.15873938467033996,0.07053612333870055,11.28,12.088116719031875,10.471883280968123,0.1432831062113255,0.7598634517196724,74.99999999999994,0.6571428571428574,0.05616605616605619,6715785.5,1.4830729778370677,0.14489192491313121,0.4874541832521248,0.4597712140992024,0.404118365158115,0.2718222744096965,0.1784266377498755,0.040427630035123806,1,-1,-0.0042643987864575,0.0,0.0,0.0,0.0,1.8185097009940536e-05,0.0,0.0,0.0,0.0,0.4817389861609053,0.4835063183501217,0.4844825876285707,0.5785262531433517,0.4957306972298334,74.99999999999994,77.77777777777774,77.77777777777774,95.4545454545454,66.66666666666666,0.2286735763361829,0.22457913152702602,0.2109956164211262,0.16177072443211316,-2.3347169062049034e-05,0.6500000000000002,0.642857142857143,0.642857142857143,0.5928571428571431,0.12142857142857151,0.17232395837705936,0.1927914107805817,0.19525625959032186,0.18470534501991565,0.14314408362051045,0.0042643987864575,0.0,0.0,0.0,3,8,3,2020,0,0,6,0,0,0,1,0,1,0,0.06598320366388051,0,-0.3352272727272728,-0.4318181818181819,0.45913435785541257,1.8185097009940357e-05,0.0042643987864575,0.17420728601668725
2020-08-19,11.7,11.7,11.7,11.7,1080000.0,0.0,0.0,0.0,0.0,0.0,0.0562792603380097,0.3421255306807948,WAPCO,11.75,11.744700857572477,11.805,11.743669980889873,11.647499999999999,11.617504969893941,11.206999999999999,11.40471435175035,0.004507405022537044,0.0439903631658785,0.18121188879330852,0.2098922186307053,-0.028680329837396795,11.647499999999999,12.356446586956897,10.9385534130431,0.12173369168609544,0.5370267668720662,33.33333333333333,0.12500000000000025,0.010683760683760707,6109045.0,0.176787042819295,0.0562792603380099,0.1300653146670759,0.34212553068079493,0.3864621916288697,0.0676591983601416,0.04091358753968693,0.08514300523340095,0,1,-0.0042643987864575,0.0,-0.0084746269909722,-0.0041928782600359,-0.0042643987864575,1.8185097009940536e-05,0.0,7.181930263611507e-05,1.7580228103481905e-05,1.8185097009940536e-05,0.34212553068079493,0.3413123676137828,0.3413123676137828,0.33803144252555567,0.4817389861609053,33.33333333333333,71.05263157894737,69.2307692307692,74.99999999999997,74.99999999999994,0.19819775612756096,0.21699502307233232,0.2327399707280584,0.25697001961561483,0.2286735763361829,0.19642857142857167,0.260714285714286,0.2642857142857146,0.6892857142857146,0.6500000000000002,0.1317440582219964,0.1400589711249729,0.14658484404567898,0.15429826682889178,0.17232395837705936,0.0042643987864575,0.0,0.0084746269909722,0.0041928782600359,2,8,3,2020,0,0,19,0,0,1,0,0,1,0,0.06598320366388051,0,-0.3352272727272728,-0.37784090909090917,0.34212553068079493,0.0,0.0,0.1935387972209863
2020-08-20,11.7,11.7,11.7,11.65,6930000.0,0.0,0.0,0.0,0.0,0.0,0.0602122427580169,0.3421255306807948,WAPCO,11.719999999999999,11.729800571714986,11.805,11.73572998436444,11.682500000000001,11.625361639427851,11.210999999999999,11.416294181093473,0.0014979670447248699,0.04361787530104369,0.16583878032580834,0.20108153096972595,-0.0352427506439176,11.682500000000001,12.322627454414105,11.042372545585897,0.10958740927269063,0.5136691528220858,46.15384615384612,0.07500000000000018,0.006410256410256426,6321045.0,1.0963377099830802,0.060212242758017044,0.1300653146670759,0.34212553068079493,0.36833735086560276,0.0677414428620116,0.04602040526639308,0.08658372977467928,0,1,0.0,-0.0042643987864575,0.0,-0.0042105325363436,0.0,0.0,1.8185097009940536e-05,0.0,1.7728584239608112e-05,0.0,0.34212553068079493,0.34212553068079493,0.3413123676137828,0.3389326695412935,0.4597712140992024,33.33333333333333,33.33333333333333,71.05263157894737,72.97297297297293,74.99999999999994,0.18121188879330852,0.19819775612756096,0.21699502307233232,0.2494509407071437,0.2292755080090405,0.12500000000000025,0.19642857142857167,0.260714285714286,0.685714285714286,0.6571428571428574,0.12173369168609544,0.1317440582219964,0.1400589711249729,0.15173568000844578,0.1432831062113255,0.0,0.0042643987864575,0.0,0.0042105325363436,3,8,3,2020,0,0,20,0,0,0,1,0,1,0,0.06598320366388051,0,-0.3352272727272728,-0.37784090909090917,0.34212553068079493,0.0,0.0,0.21412323085143306
2020-08-21,11.7,11.7,11.7,11.6,640440.0,0.0,0.0,0.0,0.0,0.0,0.0302742281371619,0.3421255306807948,WAPCO,11.709999999999999,11.719867047809991,11.799999999999999,11.729233623570904,11.7175,11.632470054720436,11.215,11.427419899481965,-0.0014934926392148557,0.04324565314311185,0.15190442149428307,0.1912461090746374,-0.039341687580354334,11.7175,12.271219480565604,11.163780519434395,0.09451153924738286,0.48419777467272374,46.15384615384612,0.0821428571428573,0.007020757020757034,6179567.0,0.10363832935220219,0.030274228137162254,0.1278940385301024,0.34212553068079493,0.3682045865452652,0.06799072494851707,0.05621805115709617,0.08737196129230118,0,1,0.0,0.0,-0.0042643987864575,-0.0084746269909722,0.0042643987864575,0.0,0.0,1.8185097009940536e-05,7.181930263611507e-05,1.8185097009940357e-05,0.34212553068079493,0.34212553068079493,0.34212553068079493,0.3413123676137828,0.45913435785541257,46.15384615384612,33.33333333333333,33.33333333333333,69.2307692307692,75.86206896551718,0.16583878032580834,0.18121188879330852,0.19819775612756096,0.2327399707280584,0.2311228845845381,0.07500000000000018,0.12500000000000025,0.19642857142857167,0.2642857142857146,0.6607142857142859,0.10958740927269063,0.12173369168609544,0.1317440582219964,0.14658484404567898,0.14541728321144767,0.0,0.0,0.0042643987864575,0.0084746269909722,4,8,3,2020,0,0,21,0,0,0,0,1,1,0,0.06598320366388051,0,-0.3352272727272728,-0.37784090909090917,0.3491327651526964,0.0002972798891249,0.0172418064345059,0.21412323085143306
2020-09-22,13.0,13.0,13.4,13.0,251740.0,0.0,0.0,0.0,0.0,0.0,0.2679297496642443,0.2962236024002802,WAPCO,13.0,12.984601424095214,12.870000000000001,12.830029988862771,12.3875,12.524486980953192,11.866,12.026948020831858,0.04944500504540874,0.09556716669475816,0.37667049467809655,0.32619960529561076,0.050470889382485784,12.3875,13.565756964199336,11.209243035800663,0.19023321319060935,0.7599178356718707,75.0,0.28571428571428586,0.02197802197802199,4827395.0,0.05214820829867869,0.26792974966424365,0.36515209789618325,0.2962236024002802,0.38267043143891344,0.26782966121491675,0.23055454660163618,0.0647946731268233,0,1,0.0,0.0,0.0,0.0339015516756812,0.0,0.0,0.0,0.0,0.0011493152060188,0.0,0.30635346235292205,0.30635346235292205,0.30635346235292205,0.2668897831186455,0.18720113850071632,68.1818181818182,71.42857142857144,75.43859649122808,86.00000000000007,62.06896551724146,0.3824924135586425,0.3843597730962305,0.38115251529735517,0.3538098354685495,0.14816300398503124,0.27142857142857146,0.26071428571428573,0.2857142857142856,0.282142857142857,0.20357142857142815,0.1914250820510412,0.1941215937890148,0.18998629334336942,0.17282628030961913,0.06569832298924824,0.0,0.0,0.0,0.0339015516756812,1,9,3,2020,0,0,22,0,1,0,0,0,1,0,0.06598320366388051,0,-0.2613636363636364,-0.34375,0.2953435841000396,0.0002330957052643,0.0152674721307883,0.8927703020971465
2020-09-23,13.2,13.0,13.45,13.0,8900000.0,1.54,0.0153846153846153,0.0152674721307883,0.0002330957052643,0.0152674721307883,0.1083882998543927,0.2953435841000396,WAPCO,13.040000000000001,13.05640094939681,12.975,12.897297263614995,12.4625,12.588821554195745,11.91,12.072950059230608,0.05917753259779329,0.10831234256926944,0.3837710369263512,0.33771389162175885,0.04605714530459232,12.4625,13.647438372814577,11.277561627185424,0.19016062151487684,0.8111976187623243,77.27272727272727,0.31785714285714295,0.024080086580086587,5028895.0,1.7697724848102814,0.10838829985439218,0.3672016064463181,0.2953435841000396,0.3834578803110536,0.2361685266105319,0.23209723876111968,0.06084113068572367,0,-1,0.0,0.0,0.0,-0.037740327982847,0.0082645098498934,0.0,0.0,0.0,0.0014243323562528,6.830212305898555e-05,0.2962236024002802,0.30635346235292205,0.30635346235292205,0.30635346235292205,0.1884947943131982,75.0,68.1818181818182,71.42857142857144,75.43859649122808,64.51612903225814,0.37667049467809655,0.3824924135586425,0.3843597730962305,0.3715148514842799,0.15587182048897041,0.28571428571428586,0.27142857142857146,0.26071428571428573,0.31428571428571417,0.21785714285714253,0.19023321319060935,0.1914250820510412,0.1941215937890148,0.18303228699535337,0.07014567671132989,0.0,0.0,0.0,0.037740327982847,2,9,3,2020,0,0,23,0,0,1,0,0,1,0,0.4924812832596856,0,-0.2500000000000001,-0.34375,0.36039647963280874,0.0043504535152237,0.0659579677917973,0.9134951768736843
2020-10-12,17.0,17.0,17.0,16.9,9700000.0,0.0,0.0,0.0,0.0,0.0,0.7882422475676599,0.6192502965834796,WAPCO,17.07,16.791883234994536,16.25,16.1903184312032,14.819999999999999,15.160445269669376,13.049000000000001,13.605588041403404,0.14709851551956826,0.3027818223618667,1.2435775842405636,1.039503345727622,0.2040742385129417,14.819999999999999,18.167332009070467,11.47266799092953,0.45173171512421983,0.8256324729803801,76.66666666666666,0.7250000000000005,0.04264705882352944,12280587.0,0.7898645235769267,0.7882422475676598,0.7502718636086999,0.6192502965834793,0.4270223182721123,0.5812851840378006,0.36386021470123897,0.13831644544612845,1,1,0.0,0.0118344576470027,-0.0436750635026615,0.0545881902844029,0.0652031938107622,0.0,0.0001400543877987,0.0019075111719615,0.0029798705185261,0.0042514564831238,0.6180924468284075,0.616057462111308,0.6185187582732348,0.5173238896706641,0.40025917049196197,76.66666666666666,76.66666666666666,76.02739726027397,74.78991596638656,87.5,1.2365159470874243,1.209517043708873,1.1574636500335735,0.9219703529717655,0.5845154373439385,0.7464285714285719,0.7428571428571432,0.7214285714285719,0.5607142857142858,0.467857142857143,0.4514854931245136,0.4543109164268236,0.44742883586293375,0.38110115009259504,0.25467885327719547,0.0,0.0118344576470027,0.0436750635026615,0.0545881902844029,0,10,4,2020,0,0,12,1,0,0,0,0,1,0,0.06598320366388051,0,-0.03409090909090917,-0.27272727272727276,0.6100495835605902,0.0,0.0,0.4186297455703309
2020-10-13,17.0,17.0,17.0,16.9,4880000.0,0.0,0.0,0.0,0.0,0.0,0.340914132269514,0.6100495835605906,WAPCO,16.96,16.86125548999636,16.35,16.337533261893526,15.017499999999998,15.335640958272291,13.154000000000002,13.738702235858172,0.13201265190610967,0.2923825452333889,1.2349383816199104,1.0785903529060796,0.1563480287138308,15.017499999999998,18.391124476029237,11.64387552397076,0.44929242231120214,0.7938234551720776,76.66666666666666,0.7035714285714292,0.04138655462184877,11345587.0,0.43012318357789686,0.3409141322695137,0.6994788004532662,0.6100495835605902,0.4270223182721123,0.44077183037131534,0.29524161163893176,0.13809471986950106,1,1,0.0,0.0,0.0118344576470027,0.0924652276720936,0.0612107310448963,0.0,0.0,0.0001400543877987,0.0085498183284521,0.0037467535950506,0.6192502965834793,0.6180924468284075,0.616057462111308,0.581636588235034,0.4309594145715631,76.66666666666666,76.66666666666666,76.66666666666666,78.72340425531915,89.8989898989899,1.2435775842405636,1.2365159470874243,1.209517043708873,1.094552392651158,0.7537345444077701,0.7250000000000005,0.7464285714285719,0.7428571428571432,0.6428571428571431,0.5000000000000001,0.45173171512421983,0.4514854931245136,0.4543109164268236,0.4357030775481505,0.32836950374657625,0.0,0.0,0.0118344576470027,0.0924652276720936,1,10,4,2020,0,0,13,0,1,0,0,0,1,0,0.06598320366388051,0,-0.03409090909090917,-0.2613636363636364,0.6101849049522571,0.0004153102575436,0.0203791623366522,0.4958931913504056
2020-10-27,18.0,18.0,18.05,17.55,6350000.0,0.0,0.0,0.0,0.0,0.0,0.4099362069020724,0.5878467825470083,WAPCO,17.77,17.91539781574212,17.970000000000002,17.726731390296248,17.160000000000004,16.992557487436194,14.386000000000001,15.132000894679113,0.04895104895104872,0.25121646044765733,1.069079347512524,1.1800597715833994,-0.11098042407087538,17.160000000000004,19.392911717207564,14.927088282792443,0.260246120886662,0.6880952107346379,63.95348837209301,0.5107142857142863,0.028373015873015908,11040000.0,0.5751811594202898,0.40993620690207155,0.4438687955343433,0.5878467825470078,0.42394742706915695,0.2952917515490624,0.24222344811391897,0.05847666462911535,1,-1,0.0055710450494554,0.0140649294674034,0.0200292818755723,-0.0218587938124989,0.0,3.103654294306185e-05,0.000197822240923,0.0004011721324511,0.0004778068669373,0.0,0.6185274118703104,0.6458461900768026,0.6458493238248971,0.6137585422418755,0.6100495835605902,54.45544554455444,64.61538461538461,67.6056338028169,75.40983606557378,76.66666666666666,1.1140536970468027,1.1552529039498722,1.201216213066882,1.3701264649751153,1.2349383816199104,0.5964285714285723,0.6892857142857152,0.7357142857142867,0.5892857142857151,0.7035714285714292,0.26419209723151627,0.28112665797971076,0.31551220838341837,0.4152382406176896,0.44929242231120214,0.0055710450494554,0.0140649294674034,0.0200292818755723,0.0218587938124989,1,10,4,2020,0,0,27,0,1,0,0,0,1,0,0.06598320366388051,0,-0.045092838196286546,-0.1477272727272728,0.5561063742405032,0.0,0.0,0.2977075591942421
2020-10-28,18.0,18.0,18.0,17.9,14080000.0,0.0,0.0,0.0,0.0,0.0,0.1409537421037527,0.5561063742405037,WAPCO,17.91,17.94359854382808,18.035000000000004,17.776416592060563,17.310000000000002,17.08850439339465,14.512,15.244471447828952,0.03986135181975723,0.2403528114663726,1.0216597933473501,1.1483797759361896,-0.12671998258883943,17.310000000000002,19.324317175673002,15.295682824327,0.2327345090321202,0.6712739205953163,62.195121951219505,0.48928571428571516,0.02718253968253973,11453500.0,1.2293185489151788,0.14095374210375283,0.43675056845554794,0.5561063742405032,0.42394742706915695,0.20401284836278,0.1851921606777724,0.04723211922951945,1,-1,0.0,0.0055710450494554,0.0140649294674034,-0.0452054367680467,0.0203791623366522,0.0,3.103654294306185e-05,0.000197822240923,0.0020435315133898,0.0004153102575436,0.5878467825470078,0.6185274118703104,0.6458461900768026,0.6474376386640174,0.6101849049522571,63.95348837209301,54.45544554455444,64.61538461538461,66.66666666666666,77.12418300653596,1.069079347512524,1.1140536970468027,1.1552529039498722,1.2678644190588955,1.2420166316280064,0.5107142857142863,0.5964285714285723,0.6892857142857152,0.7071428571428581,0.6964285714285722,0.260246120886662,0.26419209723151627,0.28112665797971076,0.3672968341555065,0.45333236031345986,0.0,0.0055710450494554,0.0140649294674034,0.0452054367680467,2,10,4,2020,0,0,28,0,0,1,0,0,1,0,0.06598320366388051,0,-0.045092838196286546,-0.1477272727272728,0.5042530657153949,0.0014555572462005,0.0381517659643761,0.29389172145827314
2020-10-30,18.7,18.0,18.9,18.0,14350000.0,3.89,0.0388888888888887,0.0381517659643761,0.0014555572462005,0.0381517659643761,0.2530641830151445,0.5042530657153952,WAPCO,18.119999999999997,18.195732362552054,18.1,17.94434084804955,17.495,17.241980165452304,14.652000000000001,15.379982371443502,0.06887682194912823,0.27627627627627616,1.0287053301883375,1.1244448867866192,-0.0957395565982817,17.495,19.282942069001685,15.707057930998317,0.20439463492445653,0.8369795981904555,67.70833333333331,0.546428571428572,0.029220779220779255,11236000.0,1.2771448914204344,0.25306418301514466,0.43357247759537715,0.5042530657153949,0.4248791943705688,0.25861893562816024,0.20617587454442343,0.047417282797673106,1,-1,0.0,0.0,0.0055710450494554,0.0200292818755723,0.0395531783860217,0.0,0.0,3.103654294306185e-05,0.0004011721324511,0.0015644539204364,0.5561063742405032,0.5878467825470078,0.6185274118703104,0.6458493238248971,0.6128667652133858,62.195121951219505,63.95348837209301,54.45544554455444,67.6056338028169,76.51006711409397,1.0216597933473501,1.069079347512524,1.1140536970468027,1.201216213066882,1.2892486892511243,0.48928571428571516,0.5107142857142863,0.5964285714285723,0.7357142857142867,0.671428571428572,0.2327345090321202,0.260246120886662,0.26419209723151627,0.31551220838341837,0.45339570088800424,0.0,0.0,0.0055710450494554,0.0200292818755723,4,10,4,2020,0,0,30,0,0,0,0,1,1,0,1.3295593080238852,0,-0.007957559681697726,-0.1477272727272728,0.5071294375440385,6.486264434304118e-05,0.0080537348070967,0.3560574407381338
2020-11-30,23.0,23.0,23.0,22.5,8109999.999999999,0.0,0.0,0.0,0.0,0.0,0.2279445181577598,0.8038541486932286,WAPCO,22.85,22.98842461202461,23.2,22.840826208961495,22.0675,21.959151644994893,18.743,19.278546796138052,0.04225671235980519,0.22712479325614907,1.341295628613608,1.5421645718951664,-0.20086894328155847,22.0675,26.07962307624641,18.055376923753588,0.3636228006114341,0.6162102934380085,58.130081300813,1.4642857142857146,0.06366459627329193,12430500.0,0.6524274968826675,0.22794451815775899,0.7960853207828585,0.803854148693228,0.6108977062368736,0.2633644274040121,0.20884898863262022,0.15326838299157453,1,-1,0.0,0.0,0.0331522073169005,-0.1053605156578262,-0.0911693871382934,0.0,0.0,0.0010990688499827,0.011100838259683,0.008311857151172,0.8088093857265608,0.8088093857265608,0.8088093857265608,0.8052995981881184,0.6684893385852159,56.07843137254902,61.904761904761905,64.1025641025641,62.16216216216217,70.83333333333333,1.4181244270844822,1.495558647284259,1.5726392898332975,1.7969139380404897,1.7350374794992085,1.4714285714285718,1.610714285714286,1.6071428571428574,1.4892857142857145,0.935714285714286,0.3917663335735859,0.41265613576370397,0.43909615152395853,0.4802704479548027,0.43007709448552756,0.0,0.0,0.0331522073169005,0.1053605156578262,0,11,4,2020,0,1,30,1,0,0,0,0,1,0,0.06598320366388051,0,-0.08366533864541838,-0.12151394422310759,0.802075458411409,0.0,0.0,0.0620029769942527
2020-12-01,23.0,23.0,23.0,22.8,3220000.0,0.0,0.0,0.0,0.0,0.0,0.2353573241671709,0.8020754584114095,WAPCO,23.0,22.992283074683073,23.3,22.869766898241224,22.294999999999998,22.058280059757283,18.942999999999998,19.424486137465973,0.03162143978470518,0.21416882225624256,1.2658167052690388,1.486894998569941,-0.22107829330090212,22.294999999999998,25.942912164224403,18.647087835775594,0.32724038252741916,0.5966306161253055,55.21739130434782,1.4214285714285715,0.061801242236024845,12388000.0,0.25992896351307715,0.23535732416717017,0.7960853207828585,0.802075458411409,0.6108806798433277,0.26158444910537,0.2103994499551209,0.15564103465226561,1,-1,0.0,0.0,0.0,0.0090294067193941,0.0,0.0,0.0,0.0,8.153018570424036e-05,0.0,0.803854148693228,0.8088093857265608,0.8088093857265608,0.8052154356518173,0.6575341957649152,58.130081300813,56.07843137254902,61.904761904761905,62.541806020066886,70.83333333333333,1.341295628613608,1.4181244270844822,1.495558647284259,1.6481474657437651,1.684493666672818,1.4642857142857146,1.4714285714285718,1.610714285714286,1.5035714285714288,0.9714285714285718,0.3636228006114341,0.3917663335735859,0.41265613576370397,0.4600379604326597,0.43787979927430776,0.0,0.0,0.0,0.0090294067193941,1,12,4,2020,1,0,1,0,1,0,0,0,1,0,0.06598320366388051,0,-0.08366533864541838,-0.12151394422310759,0.8009647930415935,0.0,0.0,0.09884948127719423
2020-12-02,23.0,23.0,23.0,22.7,9550000.0,0.0,0.0,0.0,0.0,0.0,0.0,0.800964793041594,WAPCO,23.0,22.99485538312205,23.19,22.893445644015543,22.52,22.147967673113733,19.143,19.564702367369268,0.02131438721136769,0.2014835710181267,1.1922555350672326,1.4279671058693992,-0.23571157080216665,22.52,25.708532082652916,19.331467917347084,0.28317336435638685,0.5752697460081116,44.91978609625669,1.2892857142857146,0.056055900621118024,12728000.0,0.7503142677561282,0.0,0.632804410093931,0.8009647930415935,0.6088470678210803,0.22429663074489545,0.1997198982685486,0.15673707180852664,1,-1,0.0,0.0,0.0,0.0331522073169005,0.0911693871382934,0.0,0.0,0.0,0.0010990688499827,0.008311857151172,0.802075458411409,0.803854148693228,0.8088093857265608,0.8088093857265608,0.7106509633983047,55.21739130434782,58.130081300813,56.07843137254902,64.1025641025641,76.06837606837607,1.2658167052690388,1.341295628613608,1.4181244270844822,1.5726392898332975,1.7932186718182699,1.4214285714285715,1.4642857142857146,1.4714285714285718,1.6071428571428574,1.1142857142857145,0.32724038252741916,0.3636228006114341,0.3917663335735859,0.43909615152395853,0.4671650021892157,0.0,0.0,0.0,0.0331522073169005,2,12,4,2020,0,0,2,0,0,1,0,0,1,0,0.06598320366388051,0,-0.08366533864541838,-0.12151394422310759,0.8013512295777148,0.0,0.0,0.09884948127719423
2020-12-03,23.0,23.0,23.0,22.95,13110000.0,0.0,0.0,0.0,0.0,0.0,0.0,0.8013512295777152,WAPCO,23.0,22.996570255414703,22.98,22.91281916328544,22.74,22.229113609007662,19.343,19.69941992159008,0.011433597185576147,0.18906064209274673,1.1210351819453983,1.366580721084599,-0.24554553913920074,22.74,25.34315597931305,20.136844020686947,0.2289495144514557,0.5499393816709771,44.021739130434774,1.1285714285714288,0.04906832298136647,13233500.0,0.990667623833453,0.0,0.5821472302719328,0.8013512295777148,0.6088470678210803,0.11570398075423989,0.1033105074779173,0.15509901400411832,1,-1,0.0,0.0,0.0,0.0,0.0406560056411289,0.0,0.0,0.0,0.0,0.0016529107946915,0.8009647930415935,0.802075458411409,0.803854148693228,0.8088093857265608,0.7054420328748312,44.91978609625669,55.21739130434782,58.130081300813,61.904761904761905,76.66666666666667,1.1922555350672326,1.2658167052690388,1.341295628613608,1.495558647284259,1.9377386197605055,1.2892857142857146,1.4214285714285715,1.4642857142857146,1.610714285714286,1.1857142857142862,0.28317336435638685,0.32724038252741916,0.3636228006114341,0.41265613576370397,0.4924466874890316,0.0,0.0,0.0,0.0,3,12,4,2020,0,0,3,0,0,0,1,0,1,0,0.06598320366388051,0,-0.08366533864541838,-0.12151394422310759,0.8019904250511096,0.0,0.0,0.7147710142490135
2020-12-04,23.0,23.0,23.0,23.0,1580000.0,0.0,0.0,0.0,0.0,0.0,0.0,0.8019904250511101,WAPCO,23.0,22.997713503609802,22.830000000000002,22.92867022450627,22.915,22.30253136053074,19.538999999999998,19.8288544344689,0.0037093606807768213,0.1771329136598599,1.0524604302750653,1.3037566629226922,-0.2512962326476269,22.915,25.024901469388567,20.80509853061143,0.1841502482556027,0.520143120717536,57.04225352112675,0.960714285714286,0.04177018633540374,12694500.0,0.12446335026980189,0.0,0.5768048527553077,0.8019904250511096,0.6088470678210803,0.11570398075423989,0.1033105074779173,0.14194540127395716,1,-1,0.0,0.0,0.0,0.0,-0.0241947285870569,0.0,0.0,0.0,0.0,0.0005853848914013,0.8013512295777148,0.8009647930415935,0.802075458411409,0.8088093857265608,0.6861249552324216,44.021739130434774,44.91978609625669,55.21739130434782,56.07843137254902,73.89558232931725,1.1210351819453983,1.1922555350672326,1.2658167052690388,1.4181244270844822,1.9810207599459027,1.1285714285714288,1.2892857142857146,1.4214285714285715,1.4714285714285718,1.3214285714285718,0.2289495144514557,0.28317336435638685,0.32724038252741916,0.3917663335735859,0.4989722788787298,0.0,0.0,0.0,0.0,4,12,4,2020,0,0,4,0,0,0,0,1,1,0,0.06598320366388051,0,-0.08366533864541838,-0.12151394422310759,0.7927172535749778,7.627716579662453e-05,0.0087336799687545,0.7543135899504111
2020-12-07,22.8,23.0,22.8,22.5,3540000.0,-0.87,-0.0086956521739129,-0.0087336799687545,7.627716579662453e-05,0.0087336799687545,0.062002976994253,0.7927172535749784,WAPCO,22.96,22.93180900240654,22.905,22.9052756382324,22.982499999999998,22.349909326194478,19.713,19.94536994684267,-0.007940824540411071,0.15659716938061174,0.9707855059718078,1.2371624315325156,-0.2663769255607078,22.982499999999998,24.978357552137123,20.986642447862874,0.1736849822375394,0.4542803042720709,55.47945205479452,0.9250000000000002,0.0405701754385965,11664000.0,0.30349794238683125,0.0620029769942527,0.17905304694435986,0.7927172535749778,0.6099229490326218,0.08829049444410478,0.07819990483389681,0.12218253062864436,1,-1,0.0,0.0,0.0,0.0,-0.1053605156578262,0.0,0.0,0.0,0.0,0.011100838259683,0.8019904250511096,0.8013512295777148,0.8009647930415935,0.803854148693228,0.8052995981881184,57.04225352112675,44.021739130434774,44.91978609625669,58.130081300813,62.16216216216217,1.0524604302750653,1.1210351819453983,1.1922555350672326,1.341295628613608,1.7969139380404897,0.960714285714286,1.1285714285714288,1.2892857142857146,1.4642857142857146,1.4892857142857145,0.1841502482556027,0.2289495144514557,0.28317336435638685,0.3636228006114341,0.4802704479548027,0.0,0.0,0.0,0.0,0,12,4,2020,0,0,7,1,0,0,0,0,1,0,0.38544997988738317,0,-0.0916334661354582,-0.12151394422310759,0.727632079490582,0.0001754360316594,0.0132452267500206,0.8175427244654832
2020-12-31,21.05,21.0,21.15,21.05,1930000.0,0.24,0.0023809523809523,0.0023781224049674,5.655466173008023e-06,0.0023781224049674,0.355105663424519,0.5066454662802069,WAPCO,21.22,21.225505222216157,21.65,21.476445337743648,21.880000000000003,21.691691613243712,21.283,20.718901294564095,-0.0379341864716637,-0.010947704740873022,-0.09244759647283018,0.11533128664855978,-0.20777888312138998,21.880000000000003,23.623076530011023,20.136923469988982,0.1593305786116106,0.26191521550842223,40.13605442176872,0.6535714285714287,0.03104852392263319,7085000.0,0.27240649258997884,0.355105663424518,0.31323440116493234,0.5066454662802065,0.620549931852204,0.3075277515787951,0.23886289003188554,0.1212204661032745,1,1,0.0,0.0,-0.048790164169432,-0.0224728558520586,0.0689928714869514,0.0,0.0,0.0023804801196801,0.0005050292501474,0.0047600163160149,0.506322182488035,0.506322182488035,0.506322182488035,0.49612613547102263,0.7064209519524063,39.726027397260275,38.15789473684211,37.17948717948719,42.53731343283582,45.00000000000001,-0.04900039140551371,0.01225768330085586,0.09026696871442041,0.2042803945169105,0.2617028437380071,0.6642857142857146,0.6142857142857147,0.6142857142857147,0.528571428571429,0.5535714285714288,0.16067338365798423,0.15935040992841398,0.15585531850444329,0.15215689200070515,0.20588569924621458,0.0,0.0,0.048790164169432,0.0224728558520586,3,12,4,2020,0,1,31,0,0,0,1,0,-1,0,0.02100545414105652,0,-0.1613545816733068,-0.19322709163346619,0.5962318520013604,0.0074679629400851,0.0864173763781636,0.6832885647449679
2021-01-11,22.3,22.3,22.35,22.05,14380000.0,0.0,0.0,0.0,0.0,0.0,0.1671207828051484,0.5999516133693157,WAPCO,22.36,22.2654764529792,21.88,22.126554765393806,21.7775,22.025083531822105,21.839000000000002,21.087612324688436,0.02399265296751238,0.0211090251385136,0.1604246071252362,0.12399256412701937,0.03643204299821684,21.7775,23.309775569554702,20.245224430445298,0.14072097986956283,0.6704980521721187,54.16666666666668,0.5499999999999999,0.024663677130044838,7952500.0,1.808236403646652,0.16712078280514625,0.5409201692176403,0.5999516133693152,0.604134037236873,0.18309117931110244,0.1542455612882413,0.09127063626024479,1,1,-0.0044742803949209,0.0,0.0,0.0864173763781636,0.002270148534539,2.001918505237412e-05,0.0,0.0,0.0074679629400851,5.153574368869922e-06,0.6015856187425255,0.6020713287986509,0.6020713287986509,0.5962318520013604,0.49510904963228514,53.06122448979592,49.05660377358489,60.294117647058805,69.28571428571428,42.962962962962976,0.15249687797169997,0.14016007635432715,0.11219332117935465,0.02613305592711157,0.18852220982461887,0.5357142857142857,0.5535714285714286,0.6464285714285712,0.6285714285714287,0.5392857142857146,0.14220547295272415,0.1436472434432162,0.14737142376154322,0.15874242799392463,0.15009728933833838,0.0044742803949209,0.0,0.0,0.0864173763781636,0,1,1,2021,0,0,11,1,0,0,0,0,1,0,0.06598320366388051,0,-0.1115537848605578,-0.19322709163346619,0.5999516133693152,0.0,0.0,0.23208494709329483
2021-01-12,22.3,22.3,22.3,22.3,8910000.0,0.0,0.0,0.0,0.0,0.0,0.0317642397459777,0.5999516133693157,WAPCO,22.339999999999996,22.276984301986136,22.009999999999998,22.158090262594932,21.880000000000003,22.05126605260095,21.925,21.13515693940654,0.019195612431444155,0.01710376282782212,0.1648075902839885,0.13215556935841322,0.03265202092557529,21.880000000000003,23.24744094455435,20.512559055445656,0.12499460187882504,0.6535715314334388,53.19148936170213,0.5428571428571427,0.024343369634849447,8128000.0,1.09621062992126,0.03176423974596828,0.4649682603338024,0.5999516133693152,0.604134037236873,0.08602000125371843,0.08387743446894037,0.08774000325633767,1,-1,0.0,-0.0044742803949209,0.0,-0.0242569776455599,-0.048790164169432,0.0,2.001918505237412e-05,0.0,0.0005884009644971,0.0023804801196801,0.5999516133693152,0.6015856187425255,0.6020713287986509,0.6020713287986509,0.506322182488035,54.16666666666668,53.06122448979592,49.05660377358489,62.75862068965515,37.17948717948719,0.1604246071252362,0.15249687797169997,0.14016007635432715,0.07486566899342151,0.09026696871442041,0.5499999999999999,0.5357142857142857,0.5535714285714286,0.6714285714285714,0.6142857142857147,0.14072097986956283,0.14220547295272415,0.1436472434432162,0.15328185846787523,0.15585531850444329,0.0,0.0044742803949209,0.0,0.0242569776455599,1,1,1,2021,0,0,12,0,1,0,0,0,1,0,0.06598320366388051,0,-0.1115537848605578,-0.19322709163346619,0.46382786065393367,0.0001785758575598,0.0133632278121671,0.19265840036249357
2021-01-13,22.6,22.3,22.6,22.25,9430000.0,1.35,0.0134529147982063,0.0133632278121671,0.0001785758575598,0.0133632278121671,0.1073122500864715,0.4638278606539339,WAPCO,22.380000000000003,22.38465620132409,22.169999999999998,22.23843748757767,21.982499999999998,22.103526428543717,22.002999999999997,21.192601765312165,0.028090526555214525,0.027132663727673725,0.190295026202854,0.1437834607273014,0.0465115654755526,21.982499999999998,23.232457894028308,20.73254210597169,0.11372299729587712,0.7470083204202789,51.11111111111113,0.5321428571428571,0.02354614412136536,8264000.0,1.1410939012584704,0.10731225008646829,0.4649739162435478,0.46382786065393367,0.6043379127118873,0.10706914015842234,0.09690713403140709,0.08083562404875129,1,-1,0.0,0.0,-0.0044742803949209,0.0,0.0,0.0,0.0,2.001918505237412e-05,0.0,0.0,0.5999516133693152,0.5999516133693152,0.6015856187425255,0.6020713287986509,0.506322182488035,53.19148936170213,54.16666666666668,53.06122448979592,60.294117647058805,38.15789473684211,0.1648075902839885,0.1604246071252362,0.15249687797169997,0.11219332117935465,0.01225768330085586,0.5428571428571427,0.5499999999999999,0.5357142857142857,0.6464285714285712,0.6142857142857147,0.12499460187882504,0.14072097986956283,0.14220547295272415,0.14737142376154322,0.15935040992841398,0.0,0.0,0.0044742803949209,0.0,2,1,1,2021,0,0,13,0,0,1,0,0,1,0,0.42282647614650604,0,-0.099601593625498,-0.18127490039840638,0.477558887205095,0.0015249427117583,0.039050514871873,0.4538995157519057
2021-01-14,23.5,22.6,23.7,22.55,61850000.0,3.98,0.0398230088495574,0.039050514871873,0.0015249427117583,0.039050514871873,0.282180188467882,0.4775588872050952,WAPCO,22.6,22.756437467549397,22.419999999999998,22.467812489836273,22.107499999999998,22.236523911539553,22.101999999999997,21.283087970594043,0.06298767386633504,0.06325219437155025,0.2798900825358359,0.1710047850890083,0.10888529744682762,22.107499999999998,23.440985736904565,20.77401426309543,0.12063650226435077,1.0221278193917638,65.30612244897961,0.5785714285714284,0.02462006079027355,11290500.0,5.478056773393561,0.2821801884678805,0.48843829557833723,0.477558887205095,0.608185300545742,0.2345228396496113,0.15776856115793958,0.07835323569735646,1,-1,0.0133632278121671,0.0,0.0,0.0,0.0,0.0001785758575598,0.0,0.0,0.0,0.0,0.46382786065393367,0.5999516133693152,0.5999516133693152,0.6020713287986509,0.506322182488035,51.11111111111113,53.19148936170213,54.16666666666668,49.05660377358489,39.726027397260275,0.190295026202854,0.1648075902839885,0.1604246071252362,0.14016007635432715,-0.04900039140551371,0.5321428571428571,0.5428571428571427,0.5499999999999999,0.5535714285714286,0.6642857142857146,0.11372299729587712,0.12499460187882504,0.14072097986956283,0.1436472434432162,0.16067338365798423,0.0133632278121671,0.0,0.0,0.0,3,1,1,2021,0,0,14,0,0,0,1,0,1,0,1.3624343867008724,0,-0.06374501992031878,-0.16334661354581678,0.47494670551252854,0.0001609132722334,0.0126851595273158,0.4786874998401568
2021-01-29,30.0,30.0,30.5,29.0,20020000.0,-0.99,-0.0099009900990099,-0.009950330853168,9.900908408750883e-05,0.009950330853168,0.4616540082989078,0.5733337983938621,WAPCO,28.76,28.968229684575757,27.275,27.554934460448884,24.985,25.817408185963487,23.406,23.396485010330384,0.20072043225935565,0.28172263522173807,1.940101350338729,1.3276578458863708,0.6124435044523582,24.985,30.62023688382698,19.34976311617302,0.4510896044688397,0.9449679847880887,81.55737704918033,1.1642857142857141,0.03880952380952381,15783500.0,1.268413216333513,0.46165400829890607,0.6866718561620759,0.5733337983938619,0.6486722407666541,0.5683231908038474,0.4880468299751237,0.06499857441894448,1,-1,0.0267574491695493,0.0702042586732485,0.037041271680349,-0.0723206615796261,0.0126851595273158,0.000715961086061,0.0049286379358603,0.0013720558076974,0.0052302780913148,0.0001609132722334,0.5684592193215866,0.5704972798192134,0.577404022414052,0.5785264881504779,0.47494670551252854,83.61344537815127,81.69642857142858,77.71739130434784,68.4848484848485,66.99029126213594,1.8008586776603153,1.5663946310393513,1.3258038714462046,1.130746151027779,0.3708276328532918,1.0785714285714285,0.8964285714285712,0.7392857142857144,0.6964285714285714,0.5857142857142856,0.4380074104028469,0.4037069563745761,0.3651106366902705,0.33024911117966665,0.13771743341079185,0.0267574491695493,0.0702042586732485,0.037041271680349,0.0723206615796261,4,1,1,2021,0,0,29,0,0,0,0,1,1,1,0.42995350385707165,0,-0.009900990099009924,-0.1613545816733068,0.574155773495151,0.0,0.0,0.4754726102583778
2021-02-01,30.0,30.0,30.5,30.0,11180000.0,0.0,0.0,0.0,0.0,0.0,0.5043656164666974,0.5741557734951512,WAPCO,29.46,29.312153123050507,27.875,27.99949183127636,25.3375,26.215750263490776,23.523999999999997,23.65544638247429,0.18401578687715842,0.27529331746301666,2.0270851953108355,1.4675433157712638,0.5595418795395717,25.3375,31.308735876662283,19.366264123337714,0.47133583634236087,0.89041331612964,81.55737704918033,1.1999999999999997,0.039999999999999994,15845000.0,0.7055853581571474,0.5043656164666958,0.692972250367597,0.574155773495151,0.6459723909323017,0.5668881856463316,0.5047623036916858,0.06485067539031156,1,1,-0.009950330853168,0.0267574491695493,0.0702042586732485,0.0190481949706944,0.0083682496705165,9.900908408750883e-05,0.000715961086061,0.0049286379358603,0.0003628337316415,7.002760254810084e-05,0.5733337983938619,0.5684592193215866,0.5704972798192134,0.569792100596628,0.4163902859981508,81.55737704918033,83.61344537815127,81.69642857142858,75.00000000000003,84.88372093023258,1.940101350338729,1.8008586776603153,1.5663946310393513,1.203074518344465,0.45380346136008853,1.1642857142857141,1.0785714285714285,0.8964285714285712,0.6642857142857144,0.5285714285714285,0.4510896044688397,0.4380074104028469,0.4037069563745761,0.34878423553588594,0.15516319207513965,0.009950330853168,0.0267574491695493,0.0702042586732485,0.0190481949706944,0,2,1,2021,1,0,1,1,0,0,0,0,1,0,0.06598320366388051,0,-0.009900990099009924,-0.1115537848605578,0.5891663143056419,0.0047600163160149,0.0689928714869514,0.5011996966430319
2021-04-13,20.9,21.0,22.75,20.9,3810000.0,-0.48,-0.0047619047619048,-0.0047732787526577,2.2784190050574125e-05,0.0047732787526577,0.161937050154069,0.3229553261497549,WAPCO,20.98,21.065129868687787,21.445,21.291506172551653,21.715,21.675318792944676,23.297000000000004,22.491385917480716,-0.03753166014275852,-0.10288878396360068,-0.5376746467493092,-0.5301548392449231,-0.007519807504386078,21.715,22.975367532028212,20.454632467971788,0.11608266470441743,0.17668161100259197,30.681818181818173,0.6464285714285717,0.030929596719070418,1982748.0,1.921575510352299,0.161937050154065,0.22029735012090057,0.32295532614975503,0.6249965374410438,0.419429873999768,0.36474734518262314,0.15395002857497705,0,-1,0.0,0.0,0.0,-0.0069525193148816,0.0164130296413302,0.0,0.0,0.0,4.833752482380228e-05,0.0002693875420071,0.3232660750352618,0.3232660750352618,0.4268704280959273,0.6032025321188383,0.7172679014119876,31.395348837209312,31.395348837209312,39.79591836734696,44.31818181818183,25.510204081632708,-0.5329105116165067,-0.529260135332585,-0.5169025985435418,-0.4567033433973364,-0.6263196576766532,0.560714285714286,0.653571428571429,0.6500000000000006,0.7142857142857147,0.9214285714285718,0.11074196855564811,0.10581859758167142,0.09961465340787463,0.11374197568545416,0.1763243190967336,0.0,0.0,0.0,0.0069525193148816,1,4,2,2021,0,0,13,0,1,0,0,0,-1,0,0.24058359898213968,0,-0.3102310231023103,-0.3102310231023103,0.3230758918157943,0.0,0.0,0.2601281154417436
2021-04-14,20.9,20.9,21.0,20.5,10680000.0,0.0,0.0,0.0,0.0,0.0,0.0338869175132458,0.3230758918157942,WAPCO,20.96,21.010086579125193,21.330000000000002,21.220323232087715,21.66,21.601478907902326,23.115,22.428978626599122,-0.03508771929824569,-0.09582522171749946,-0.5352798848533631,-0.5311798483666111,-0.004100036486751946,21.66,22.963275226416464,20.356724773583537,0.1203393560864694,0.20842689840359843,31.395348837209312,0.6750000000000002,0.03229665071770336,2502254.5,4.268150981444933,0.03388691751322794,0.15771896770198093,0.3230758918157943,0.6243168488957657,0.42001471846944605,0.3936548101658002,0.16413851356835316,0,-1,-0.0047732787526577,0.0,0.0,-0.0235304974101941,0.0252596667592379,2.2784190050574125e-05,0.0,0.0,0.0005536843083711,0.0006380507647877,0.32295532614975503,0.3232660750352618,0.3232660750352618,0.5089251138844489,0.718458502039287,30.681818181818173,31.395348837209312,31.395348837209312,39.79591836734696,50.70422535211269,-0.5376746467493092,-0.5329105116165067,-0.529260135332585,-0.4936113046994386,-0.5705990800515082,0.6464285714285717,0.560714285714286,0.653571428571429,0.671428571428572,0.8571428571428577,0.11608266470441743,0.11074196855564811,0.10581859758167142,0.09211329578003541,0.17392060257685565,0.0047732787526577,0.0,0.0,0.0235304974101941,2,4,2,2021,0,0,14,0,0,1,0,0,-1,0,0.06598320366388051,0,-0.3102310231023103,-0.3102310231023103,0.33824811024315776,0.0009982039261798,0.031594365418217,0.5654999955199705
2021-04-22,21.9,21.9,21.9,21.9,783360.0,0.0,0.0,0.0,0.0,0.0,0.455098534466764,0.4070661472476929,WAPCO,21.06,21.31158510434021,20.935,21.162229976153185,21.2225,21.343734883674905,22.358,22.11696410928401,0.03192366592060306,-0.02048483764200742,-0.35323026578999617,-0.5030106689395164,0.14978040314952024,21.2225,22.41831507107575,20.02668492892425,0.11269313898699487,0.7832795874493047,47.142857142857096,0.6428571428571426,0.029354207436399205,2793076.5,0.2804649281893998,0.4550985344667621,0.3873871011454022,0.40706614724769274,0.6027489613466723,0.39390847184766326,0.27560254934302747,0.1694549569757917,1,1,0.0660617506780924,0.0,0.0,-0.031594365418217,0.0,0.0043641549026544,0.0,0.0,0.0009982039261798,0.0,0.40706614724769274,0.32496427669095374,0.3426935850906032,0.33824811024315776,0.4268704280959273,45.205479452054774,18.367346938775484,33.33333333333333,40.298507462686594,39.79591836734696,-0.45546058636221787,-0.5793187688182222,-0.58643493960653,-0.5791554430847015,-0.5169025985435418,0.6928571428571425,0.5749999999999998,0.6035714285714285,0.5750000000000001,0.6500000000000006,0.12172646748557261,0.13159879834228425,0.13700960252186886,0.13308093008475655,0.09961465340787463,0.0660617506780924,0.0,0.0,0.031594365418217,3,4,2,2021,0,0,22,0,0,0,1,0,-1,1,0.06598320366388051,0,-0.2772277227722773,-0.3316831683168317,0.4124670849313581,0.0003276115075007,0.0181000416436179,0.18631988111269931
2021-05-14,20.7,20.7,21.0,20.6,3640000.0,0.0,0.0,0.0,0.0,0.0,0.207085532214137,0.4947744403713214,WAPCO,20.759999999999998,20.81511789340978,21.185,21.037696954944586,21.2875,21.260071492078012,21.55,21.81722930152267,-0.02759835584263075,-0.03944315545243626,-0.276132997600282,-0.1968936904853771,-0.07923930711490487,21.2875,23.02830290005603,19.546697099943973,0.16355165238342015,0.33125602560143563,38.67924528301889,0.47500000000000014,0.02294685990338165,4406134.0,0.8261210394418327,0.207085532214134,0.5957324562140257,0.4947744403713211,0.5843640510334874,0.22143601419570846,0.19557630281985805,0.07837948473867902,1,1,-0.0072202479734871,0.0144930073025668,-0.0216614967811793,0.0510438867294425,0.0022148403295528,5.213198079864504e-05,0.0002100472606722,0.000469220442801,0.0026054783724481,4.90551768541365e-06,0.4947744403713211,0.49420468735244444,0.49126467163416027,0.4925587817190512,0.3143609716795806,51.492537313432834,52.67175572519085,50.40000000000001,51.51515151515154,75.80645161290323,-0.2577871296768137,-0.23062150000464854,-0.20786651085938956,-0.10904284433198086,-0.02928563087171554,0.5821428571428573,0.5678571428571428,0.5607142857142858,0.6107142857142858,0.6178571428571428,0.1623523542896802,0.16067068673258442,0.1599357874413463,0.15684395320848635,0.13993386815235112,0.0072202479734871,0.0144930073025668,0.0216614967811793,0.0510438867294425,4,5,2,2021,0,0,14,0,0,0,0,1,-1,0,0.06598320366388051,0,-0.3168316831683169,-0.33828382838283827,0.501473385282183,0.0005978560889585,0.0244510958641643,0.17358556069993394
2021-05-17,20.2,20.7,20.6,20.15,4860000.0,-2.42,-0.0241545893719806,-0.0244510958641643,0.0005978560889585,0.0244510958641643,0.2544319207526418,0.5014733852821832,WAPCO,20.6,20.610078595606524,20.955000000000002,20.88538841768193,21.2525,21.1591123023563,21.502000000000002,21.75380854460021,-0.04952358546053415,-0.06055250674355888,-0.32724576594373644,-0.222964105577049,-0.10428166036668746,21.2525,23.05322353879191,19.45177646120809,0.1694599260126489,0.2077563608942117,35.34482758620692,0.5142857142857145,0.025459688826025468,4115134.0,1.181006499423834,0.25443192075263943,0.6001009201123388,0.501473385282183,0.584047754823108,0.2387063606814265,0.19406810647182396,0.08042228630129487,1,1,0.0,-0.0072202479734871,0.0144930073025668,-0.0047506027585978,-0.0044345970678658,0.0,5.213198079864504e-05,0.0002100472606722,2.256822656999764e-05,1.966565115432452e-05,0.4947744403713211,0.4947744403713211,0.49420468735244444,0.49229517972722486,0.31156771003925765,38.67924528301889,51.492537313432834,52.67175572519085,56.19834710743801,73.43749999999997,-0.276132997600282,-0.2577871296768137,-0.23062150000464854,-0.14525390273784566,0.03700214338045882,0.47500000000000014,0.5821428571428573,0.5678571428571428,0.5750000000000001,0.5785714285714286,0.16355165238342015,0.1623523542896802,0.16067068673258442,0.15684395320848635,0.14469166882816725,0.0,0.0072202479734871,0.0144930073025668,0.0047506027585978,0,5,2,2021,0,0,17,1,0,0,0,0,-1,0,0.9603728308086854,0,-0.33333333333333337,-0.33828382838283827,0.501473385282183,0.0,0.0,0.10465981793067328
2021-05-18,20.2,20.2,20.25,20.05,3720000.0,0.0,0.0,0.0,0.0,0.0,0.2246419945514129,0.5014733852821832,WAPCO,20.529999999999998,20.473385730404353,20.75,20.76077234173976,21.25,21.06776827356046,21.486,21.69287487618452,-0.049411764705882384,-0.05985292748766645,-0.36356208568925297,-0.2510837015994898,-0.11247838408976318,21.25,23.05671262969991,19.44328737030009,0.170043541618815,0.20941698675831938,30.555555555555557,0.5,0.024752475247524754,4211134.0,0.8833725072628893,0.2246419945514102,0.6025139876180553,0.501473385282183,0.5556136458211273,0.22414753911110544,0.19316063297936192,0.08149477885386988,1,1,-0.0244510958641643,0.0,-0.0072202479734871,-0.0216614967811793,-0.0111733005981251,0.0005978560889585,0.0,5.213198079864504e-05,0.000469220442801,0.000124842646256,0.501473385282183,0.4947744403713211,0.4947744403713211,0.49126467163416027,0.302983818063279,35.34482758620692,38.67924528301889,51.492537313432834,50.40000000000001,68.1159420289855,-0.32724576594373644,-0.276132997600282,-0.2577871296768137,-0.20786651085938956,0.06857231245688311,0.5142857142857145,0.47500000000000014,0.5821428571428573,0.5607142857142858,0.5500000000000002,0.1694599260126489,0.16355165238342015,0.1623523542896802,0.1599357874413463,0.14469166882816725,0.0244510958641643,0.0,0.0072202479734871,0.0216614967811793,1,5,2,2021,0,0,18,0,1,0,0,0,-1,1,0.06598320366388051,0,-0.33333333333333337,-0.33828382838283827,0.48948017092514146,0.0,0.0,0.10465981793067328
2021-05-19,20.2,20.2,20.4,20.2,5560000.0,0.0,0.0,0.0,0.0,0.0,0.1682572902926392,0.4894801709251417,WAPCO,20.4,20.3822571536029,20.555,20.65881373415071,21.235,20.985123676078512,21.5,21.63433076339297,-0.04874028726159643,-0.0604651162790698,-0.38787188508315396,-0.27844133829622264,-0.10943054678693132,21.235,23.07264723720915,19.39735276279085,0.17307720623585124,0.2183899120998155,27.184466019417485,0.4964285714285714,0.024575671852899574,4416634.0,1.2588772354693643,0.16825729029263575,0.6040168981513636,0.48948017092514146,0.5477711012970463,0.21279939102773873,0.18293507710393025,0.0818166067775789,1,-1,0.0,-0.0244510958641643,0.0,0.0144930073025668,-0.0045045121211046,0.0,0.0005978560889585,0.0,0.0002100472606722,2.0290629449178737e-05,0.501473385282183,0.501473385282183,0.4947744403713211,0.49420468735244444,0.30176865200537545,30.555555555555557,35.34482758620692,38.67924528301889,52.67175572519085,66.1971830985915,-0.36356208568925297,-0.32724576594373644,-0.276132997600282,-0.23062150000464854,0.08454811657708561,0.5,0.5142857142857145,0.47500000000000014,0.5678571428571428,0.5535714285714288,0.170043541618815,0.1694599260126489,0.16355165238342015,0.16067068673258442,0.14510695638984772,0.0,0.0244510958641643,0.0,0.0144930073025668,2,5,2,2021,0,0,19,0,0,1,0,0,-1,0,0.06598320366388051,0,-0.33333333333333337,-0.33828382838283827,0.4874085644180343,0.0,0.0,0.10465981793067328
2021-05-20,20.2,20.2,20.2,20.1,1530000.0,0.0,0.0,0.0,0.0,0.0,0.1735855606999373,0.4874085644180346,WAPCO,20.3,20.321504769068603,20.57,20.575393055214214,21.220000000000002,20.910349992642463,21.5,21.578082498161876,-0.04806786050895396,-0.0604651162790698,-0.4024978317868282,-0.3032526369943438,-0.09924519479248439,21.220000000000002,23.087562441709938,19.352437558290067,0.17601908027426347,0.22691676133032168,26.470588235294116,0.4964285714285711,0.02457567185289956,4327134.0,0.3535827640188633,0.17358556069993394,0.33263931732180024,0.4874085644180343,0.5373433715443087,0.1399777861068059,0.11014878887656979,0.08160548857337817,1,-1,0.0,0.0,-0.0244510958641643,-0.0072202479734871,-0.0996083427385663,0.0,0.0,0.0005978560889585,5.213198079864504e-05,0.0099218219431237,0.48948017092514146,0.501473385282183,0.501473385282183,0.4947744403713211,0.4580708216406546,27.184466019417485,30.555555555555557,35.34482758620692,51.492537313432834,42.34234234234236,-0.38787188508315396,-0.36356208568925297,-0.32724576594373644,-0.2577871296768137,-0.07142010659457654,0.4964285714285714,0.5,0.5142857142857145,0.5821428571428573,0.5714285714285714,0.17307720623585124,0.170043541618815,0.1694599260126489,0.1623523542896802,0.15644961935234655,0.0,0.0,0.0244510958641643,0.0072202479734871,3,5,2,2021,0,0,20,0,0,0,1,0,-1,0,0.06598320366388051,0,-0.33333333333333337,-0.33828382838283827,0.4874085644180343,0.0,0.0,0.31232803970288087
2021-05-21,20.2,20.2,20.25,20.1,1720000.0,0.0,0.0,0.0,0.0,0.0,0.1735855606999373,0.4874085644180346,WAPCO,20.2,20.28100317937907,20.48,20.507139772447992,21.205000000000002,20.8426976123908,21.46,21.524040047253568,-0.047394482433388466,-0.05871388630009327,-0.4093700369616542,-0.3244761169878059,-0.08489391997384832,21.205000000000002,23.10150648353931,19.308493516460693,0.17887351884360372,0.23503913413350266,27.000000000000014,0.4999999999999995,0.02475247524752473,4369938.5,0.39359821654240673,0.17358556069993394,0.1803627424560384,0.4874085644180343,0.5373433715443087,0.11779476378765154,0.08366597373444376,0.08077888679301092,1,-1,0.0,0.0,0.0,0.0,0.0510438867294425,0.0,0.0,0.0,0.0,0.0026054783724481,0.4874085644180343,0.48948017092514146,0.501473385282183,0.4947744403713211,0.4925587817190512,26.470588235294116,27.184466019417485,30.555555555555557,38.67924528301889,51.51515151515154,-0.4024978317868282,-0.38787188508315396,-0.36356208568925297,-0.276132997600282,-0.10904284433198086,0.4964285714285711,0.4964285714285714,0.5,0.47500000000000014,0.6107142857142858,0.17601908027426347,0.17307720623585124,0.170043541618815,0.16355165238342015,0.15684395320848635,0.0,0.0,0.0,0.0,4,5,2,2021,0,0,21,0,0,0,0,1,-1,0,0.06598320366388051,0,-0.33333333333333337,-0.33828382838283827,0.4903426648404776,0.000217334870819,0.0147422817372034,0.31232803970288087
2021-05-24,20.5,20.2,21.25,20.5,1270000.0,1.49,0.0148514851485148,0.0147422817372034,0.000217334870819,0.0147422817372034,0.1046598179306735,0.4903426648404779,WAPCO,20.26,20.35400211958605,20.43,20.5058416320029,21.134999999999998,20.81005974454406,21.392000000000003,21.48388161402794,-0.030044949136503338,-0.041697830964846805,-0.38615743375718026,-0.33681238034168076,-0.049345053415499496,21.134999999999998,23.026838426393837,19.24316157360616,0.17902421825349793,0.33217382860479944,32.673267326732685,0.5571428571428567,0.027177700348432036,4193938.5,0.30281798362088524,0.10465981793067328,0.20415337483248402,0.4903426648404776,0.5385976120982866,0.16875322991959416,0.14747337561528168,0.07827766793595332,1,-1,0.0,0.0,0.0,-0.0244510958641643,-0.0047506027585978,0.0,0.0,0.0,0.0005978560889585,2.256822656999764e-05,0.4874085644180343,0.4874085644180343,0.48948017092514146,0.501473385282183,0.49229517972722486,27.000000000000014,26.470588235294116,27.184466019417485,35.34482758620692,56.19834710743801,-0.4093700369616542,-0.4024978317868282,-0.38787188508315396,-0.32724576594373644,-0.14525390273784566,0.4999999999999995,0.4964285714285711,0.4964285714285714,0.5142857142857145,0.5750000000000001,0.17887351884360372,0.17601908027426347,0.17307720623585124,0.1694599260126489,0.15684395320848635,0.0,0.0,0.0,0.0244510958641643,0,5,2,2021,0,0,24,1,0,0,0,0,-1,0,0.4732704943892014,0,-0.32343234323432346,-0.33828382838283827,0.4275851777690877,0.0,0.0,0.3517586652317435
2021-05-25,20.5,20.5,20.55,20.4,1200000.0,0.0,0.0,0.0,0.0,0.0,0.1046598179306735,0.4275851777690878,WAPCO,20.32,20.402668079724034,20.425,20.504779517093283,21.065,20.780530245063673,21.362000000000002,21.445298021320962,-0.026821742226442024,-0.04035202696376752,-0.36357026675929305,-0.34216395762520324,-0.021406309134089807,21.065,22.941194356445852,19.18880564355415,0.1781338102488346,0.34942924541402437,33.33333333333336,0.5571428571428567,0.027177700348432036,4214770.5,0.2847130110643035,0.10465981793067328,0.17363683197587926,0.4275851777690877,0.537925817641293,0.166320225316249,0.141637288745457,0.07803074397494217,1,-1,0.0147422817372034,0.0,0.0,0.0,-0.0216614967811793,0.000217334870819,0.0,0.0,0.0,0.000469220442801,0.4903426648404776,0.4874085644180343,0.4874085644180343,0.501473385282183,0.49126467163416027,32.673267326732685,27.000000000000014,26.470588235294116,30.555555555555557,50.40000000000001,-0.38615743375718026,-0.4093700369616542,-0.4024978317868282,-0.36356208568925297,-0.20786651085938956,0.5571428571428567,0.4999999999999995,0.4964285714285711,0.5,0.5607142857142858,0.17902421825349793,0.17887351884360372,0.17601908027426347,0.170043541618815,0.1599357874413463,0.0147422817372034,0.0,0.0,0.0,1,5,2,2021,0,0,25,0,1,0,0,0,-1,0,0.06598320366388051,0,-0.32343234323432346,-0.33828382838283827,0.4275851777690877,0.0,0.0,0.3691647416499566
2021-05-26,20.5,20.5,20.5,20.5,1340000.0,0.0,0.0,0.0,0.0,0.0,0.1046598179306735,0.4275851777690878,WAPCO,20.380000000000003,20.435112053149357,20.39,20.50391051398541,20.975,20.753813078867132,21.332000000000004,21.408227510680927,-0.022646007151370745,-0.039002437652353464,-0.34173051749588623,-0.3420772695993399,0.00034675210345364027,20.975,22.772805680033095,19.177194319966908,0.1714236643654916,0.3678945101588349,57.89473684210523,0.40714285714285686,0.019860627177700336,4229770.5,0.31680205817313256,0.10465981793067328,0.15324027386445602,0.4275851777690877,0.5366816304002113,0.1609283194496484,0.11951893808784829,0.07777014726352946,1,-1,0.0,0.0147422817372034,0.0,0.0,0.0144930073025668,0.0,0.000217334870819,0.0,0.0,0.0002100472606722,0.4275851777690877,0.4903426648404776,0.4874085644180343,0.48948017092514146,0.49420468735244444,33.33333333333336,32.673267326732685,27.000000000000014,27.184466019417485,52.67175572519085,-0.36357026675929305,-0.38615743375718026,-0.4093700369616542,-0.38787188508315396,-0.23062150000464854,0.5571428571428567,0.5571428571428567,0.4999999999999995,0.4964285714285714,0.5678571428571428,0.1781338102488346,0.17902421825349793,0.17887351884360372,0.17307720623585124,0.16067068673258442,0.0,0.0147422817372034,0.0,0.0,2,5,2,2021,0,0,26,0,0,1,0,0,-1,0,0.06598320366388051,0,-0.32343234323432346,-0.33828382838283827,0.45416910592005577,0.0020520681862654,0.0452997592296635,0.4429847677412819
2021-07-05,21.0,21.25,21.4,20.7,2300000.0,-1.18,-0.0117647058823529,-0.0118344576470027,0.0001400543877987,0.0118344576470027,0.0840163147552582,0.1674521221444935,WAPCO,21.2,21.14385598207556,21.125,21.115493732770787,20.982499999999998,21.03679235598262,21.035,21.14031917009064,0.0008340283569642249,-0.0016638935108153146,0.0777315513312864,0.054232324352219766,0.02349922697906663,20.982499999999998,21.568543828072947,20.39645617192705,0.05586024811847483,0.5149306239241065,43.74999999999994,0.2285714285714288,0.010884353741496608,2220601.5,1.035755402308789,0.08401631475525759,0.08856097174674205,0.16745212214449368,0.32923201789129,0.18438855075944355,0.17729373217964536,0.03811436068807407,0,-1,0.0,0.0,0.0,0.0118344576470027,0.0047732787526578,0.0,0.0,0.0,0.0001400543877987,2.2784190050574515e-05,0.1610135790098538,0.19346497109031177,0.19657432445540018,0.20080806954959005,0.25749020812856505,63.6363636363634,69.23076923076906,69.23076923076906,81.24999999999983,46.000000000000036,0.0938222270079514,0.08754054793332244,0.07824952412630992,0.04771472489114714,-0.00318879280585449,0.2107142857142859,0.18571428571428608,0.1642857142857146,0.21428571428571505,0.2607142857142864,0.05957868501468084,0.0612074781788801,0.06327597863976624,0.06078024650793825,0.07285222381998221,0.0,0.0,0.0,0.0118344576470027,0,7,3,2021,0,0,5,1,0,0,0,0,-1,0,0.49887243779741547,0,-0.3069306930693069,-0.33498349834983504,0.17333344074625712,0.000201203869855,0.0141846349919563,0.17992735799646428
2021-08-11,21.8,21.8,22.0,21.8,167920.0,0.0,0.0,0.0,0.0,0.0,0.0902054580613025,0.2672446464074462,WAPCO,21.919999999999998,21.89893538012942,22.075,21.984885118424046,22.0475,21.943270312433736,21.446000000000005,21.685159520364117,-0.011225762558113106,0.016506574652615666,0.11853630473173027,0.21325677877080693,-0.09472047403907666,22.0475,23.089499595919392,21.005500404080607,0.09452315191467446,0.3812379577836492,52.63157894736845,0.43214285714285744,0.01982306684141548,1652359.0,0.10162440486601278,0.09020545806130174,0.26791714470462047,0.2672446464074465,0.22631504984681616,0.10638190513515934,0.10937414150072225,0.07306682690803311,0,-1,-0.0091324835632724,0.0,0.0,0.0045871640069061,0.0,8.340225603344191e-05,0.0,0.0,2.1042073626255194e-05,0.0,0.2672446464074465,0.2661112413866616,0.27145752375218635,0.2784985652585991,0.2039032490961461,52.63157894736845,56.60377358490569,55.55555555555557,55.55555555555557,86.36363636363633,0.14769152263407292,0.1827559422456595,0.2044889877536029,0.2575282667397225,0.3944068577607105,0.4285714285714288,0.4071428571428571,0.40357142857142847,0.39642857142857124,0.24285714285714274,0.09624121468474173,0.09624121468474173,0.09675253453759654,0.1023211187640069,0.10243438691272408,0.0091324835632724,0.0,0.0,0.0045871640069061,2,8,3,2021,0,0,11,0,0,1,0,0,1,0,0.06598320366388051,0,-0.28052805280528054,-0.2887788778877888,0.2639386608875425,0.0,0.0,0.20896462859843135
2021-08-12,21.8,21.8,22.0,21.85,521300.0,0.0,0.0,0.0,0.0,0.0,0.0648342016537992,0.2639386608875422,WAPCO,21.880000000000003,21.86595692008628,21.965,21.951269642346947,22.06,21.92962552077338,21.458000000000002,21.689663068585133,-0.011786038077969085,0.015938111659986893,0.0943430564637211,0.18947403430938978,-0.09513097784566868,22.06,23.08268995147285,21.037310048527146,0.09271894392319603,0.3728842501945225,50.90909090909092,0.4214285714285716,0.019331585845347322,1573924.0,0.33121040151875186,0.0648342016537987,0.26791714470462047,0.2639386608875425,0.2246366742572158,0.09896283055262232,0.10291494497755867,0.07200483146057814,0,-1,0.0,-0.0091324835632724,0.0,0.0068415318167165,0.0,0.0,8.340225603344191e-05,0.0,4.680655759914504e-05,0.0,0.2672446464074465,0.2672446464074465,0.2661112413866616,0.2748694871276803,0.2023804818788295,52.63157894736845,52.63157894736845,56.60377358490569,57.89473684210526,83.78378378378376,0.11853630473173027,0.14769152263407292,0.1827559422456595,0.22925387147096288,0.42896737347464153,0.43214285714285744,0.4285714285714288,0.4071428571428571,0.39642857142857124,0.21428571428571427,0.09452315191467446,0.09624121468474173,0.09624121468474173,0.09802405314167287,0.11080538153917392,0.0,0.0091324835632724,0.0,0.0068415318167165,3,8,3,2021,0,0,12,0,0,0,1,0,1,0,0.06598320366388051,0,-0.28052805280528054,-0.2887788778877888,0.27481001827703766,0.0005142331161507,0.0226767086710297,0.31626007900177205
2021-08-31,22.0,22.0,22.05,21.5,7960000.0,0.0,0.0,0.0,0.0,0.0,0.0,0.2739813093364125,WAPCO,22.0,22.013413291465625,22.134999999999998,22.046280412068203,22.044999999999998,22.044972446506623,21.815,21.860692097665133,-0.0020412792016329395,0.008480403392161297,0.039624170519822144,0.08298588946655895,-0.04336171894673681,22.044999999999998,22.6864621455799,21.403537854420097,0.05819570384031761,0.4649238849789672,52.63157894736841,0.38928571428571423,0.017694805194805194,2660751.0,2.9916365717799223,0.0,0.37844009785837257,0.27398130933641257,0.24839874618135235,0.15064727860733707,0.12863598199389556,0.0296726351272423,0,-1,0.0,0.0,0.0,0.0229895182246987,0.0,0.0,0.0,0.0,0.0005285179482037,0.0,0.32806705468627595,0.32806705468627595,0.32806705468627595,0.32806705468627595,0.2789531241641677,52.63157894736841,50.0,50.0,51.807228915662634,31.25000000000003,0.04817281012209307,0.05838328743084986,0.0705663579241218,0.10238969972908407,0.09575058322704066,0.36428571428571416,0.38928571428571423,0.38214285714285723,0.38214285714285723,0.3928571428571431,0.05943582432746207,0.06056376046996127,0.0701549878970753,0.08355683147091829,0.0867541082939555,0.0,0.0,0.0,0.0229895182246987,1,8,3,2021,0,1,31,0,1,0,0,0,1,0,0.06598320366388051,0,-0.27392739273927397,-0.29042904290429045,0.27398130933641257,0.0,0.0,0.12385726234663069
2021-09-01,22.0,22.0,22.0,22.0,2870000.0,0.0,0.0,0.0,0.0,0.0,0.0,0.2739813093364125,WAPCO,22.0,22.008942194310418,22.119999999999997,22.037865791692166,22.052500000000002,22.040689356363135,21.835,21.86615515265866,-0.002380682462305951,0.007556675062972253,0.032474960910981565,0.07288370375544348,-0.040408742844461915,22.052500000000002,22.687840770561976,21.417159229438028,0.057620747811991786,0.45868358963209266,52.63157894736841,0.375,0.017045454545454544,2758692.0,1.040348107001434,0.0,0.3765564914362823,0.27398130933641257,0.24755939451477152,0.15064727860733707,0.12863598199389556,0.02980342626692991,0,-1,0.0,0.0,0.0,0.0,0.0067950431328288,0.0,0.0,0.0,0.0,4.6172611177003935e-05,0.27398130933641257,0.32806705468627595,0.32806705468627595,0.32806705468627595,0.27951726413079414,52.63157894736841,52.63157894736841,50.0,50.0,35.2941176470588,0.039624170519822144,0.04817281012209307,0.05838328743084986,0.08508996632936672,0.09975235573860886,0.38928571428571423,0.36428571428571416,0.38928571428571423,0.3642857142857144,0.39642857142857146,0.05819570384031761,0.05943582432746207,0.06056376046996127,0.07762548932586638,0.08422149274741188,0.0,0.0,0.0,0.0,2,9,3,2021,1,0,1,0,0,1,0,0,1,0,0.06598320366388051,0,-0.27392739273927397,-0.29042904290429045,0.2735889487102541,0.0,0.0,0.12385726234663069
2021-09-02,22.0,22.0,22.0,21.85,1580000.0,0.0,0.0,0.0,0.0,0.0,0.0,0.273588948710254,WAPCO,22.0,22.005961462873614,22.02,22.030981102293588,22.052500000000002,22.036814179566647,21.855,21.87140397020146,-0.002380682462305951,0.006634637382749923,0.026503643286840628,0.0636076916617229,-0.03710404837488228,22.052500000000002,22.687840770561976,21.417159229438028,0.057620747811991786,0.45868358963209266,45.454545454545446,0.3499999999999999,0.015909090909090904,2730192.0,0.578713877998324,0.0,0.31094467398390074,0.2735889487102541,0.24008773744966522,0.11805961781573594,0.09238384241892444,0.029951175726903968,0,-1,0.0,0.0,0.0,0.0,0.0376567194380051,0.0,0.0,0.0,0.0,0.0014180285188326,0.27398130933641257,0.27398130933641257,0.32806705468627595,0.32806705468627595,0.30678087849714447,52.63157894736841,52.63157894736841,52.63157894736841,50.0,51.47058823529414,0.032474960910981565,0.039624170519822144,0.04817281012209307,0.0705663579241218,0.16955713641589298,0.375,0.38928571428571423,0.36428571428571416,0.38214285714285723,0.31785714285714306,0.057620747811991786,0.05819570384031761,0.05943582432746207,0.0701549878970753,0.0876215856440736,0.0,0.0,0.0,0.0,3,9,3,2021,0,0,2,0,0,0,1,0,1,0,0.06598320366388051,0,-0.27392739273927397,-0.29042904290429045,0.2796162238708491,0.00032466654055,0.0180185055026782,0.13734332714091105
2021-09-03,22.4,22.0,22.4,22.0,638340.0,1.82,0.018181818181818,0.0180185055026782,0.00032466654055,0.0180185055026782,0.1279186993512765,0.2796162238708491,WAPCO,22.080000000000002,22.137307641915744,21.990000000000002,22.098075447331112,22.072499999999998,22.071403305322203,21.883000000000003,21.89213322627199,0.014837467436855843,0.023625645478224915,0.05343205662077821,0.06157256465353397,-0.008140508032755761,22.072499999999998,22.725811403141815,21.41918859685818,0.05919686516179112,0.7506461684466487,55.88235294117645,0.3571428571428569,0.015943877551020398,2735345.0,0.23336727177010577,0.12791869935127642,0.32555761323139476,0.2796162238708491,0.24233347616082856,0.1354661651153132,0.09135735880888288,0.02981791637464322,0,-1,0.0,0.0,0.0,0.0,-0.0131292914417927,0.0,0.0,0.0,0.0,0.0001723782937635,0.2735889487102541,0.27398130933641257,0.27398130933641257,0.32806705468627595,0.3116665789441677,45.454545454545446,52.63157894736841,52.63157894736841,50.0,68.62745098039213,0.026503643286840628,0.032474960910981565,0.039624170519822144,0.05838328743084986,0.1983835926568922,0.3499999999999999,0.375,0.38928571428571423,0.38928571428571423,0.27142857142857174,0.057620747811991786,0.057620747811991786,0.05819570384031761,0.06056376046996127,0.08704177860640068,0.0,0.0,0.0,0.0,4,9,3,2021,0,0,3,0,0,0,0,1,1,0,0.5931105444354041,0,-0.2607260726072608,-0.29042904290429045,0.2798696386046112,1.9841237035025067e-05,0.0044543503493803,0.04999995866411364
2021-09-06,22.5,22.4,22.8,22.5,1700000.0,0.45,0.0044642857142858,0.0044543503493803,1.9841237035025067e-05,0.0044543503493803,0.1238572623466307,0.2798696386046112,WAPCO,22.18,22.258205094610496,22.09,22.171152638725452,22.0975,22.11222203814866,21.913,21.91597113896721,0.018214730173096497,0.02678775156299912,0.08189811200638886,0.06563767412410496,0.0162604378822839,22.0975,22.776876649275195,21.418123350724805,0.06148900547801289,0.7962274317415929,57.14285714285714,0.3857142857142856,0.01714285714285714,2763845.0,0.6150851440656042,0.12385726234663069,0.13659283818466111,0.2798696386046112,0.24239210919635365,0.1467656316076434,0.11976402800965731,0.029553357883136948,0,-1,0.0180185055026782,0.0,0.0,0.0,-0.0543119893537398,0.00032466654055,0.0,0.0,0.0,0.0029497921875607,0.2796162238708491,0.2735889487102541,0.27398130933641257,0.32806705468627595,0.3678334116203674,55.88235294117645,45.454545454545446,52.63157894736841,52.63157894736841,46.666666666666664,0.05343205662077821,0.026503643286840628,0.032474960910981565,0.04817281012209307,0.12298114563593643,0.3571428571428569,0.3499999999999999,0.375,0.36428571428571416,0.35357142857142876,0.05919686516179112,0.057620747811991786,0.057620747811991786,0.05943582432746207,0.08826990064090204,0.0180185055026782,0.0,0.0,0.0,0,9,3,2021,0,0,6,1,0,0,0,0,1,0,0.0969512010060323,0,-0.25742574257425743,-0.29042904290429045,0.2798696386046112,0.0,0.0,0.12385726234663069
2021-09-07,22.5,22.5,22.5,22.0,598050.0,0.0,0.0,0.0,0.0,0.0,0.1238572623466307,0.2798696386046112,WAPCO,22.28,22.338803396407,22.14,22.230943068048095,22.1325,22.14915327261069,21.943,21.93887423155673,0.016604540833615712,0.02538394932324653,0.10326726523435781,0.07316359234615553,0.030103672888202274,22.1325,22.819426794537875,21.445573205462125,0.06207403542644303,0.7674957527659353,55.22388059701495,0.4107142857142857,0.01825396825396825,2618247.5,0.22841614476859043,0.12385726234663069,0.0907311185424781,0.2798696386046112,0.24080054643970972,0.13828264959658013,0.11350765303982331,0.029039750077950573,0,1,0.0044543503493803,0.0180185055026782,0.0,0.0,0.0229895182246987,1.9841237035025067e-05,0.00032466654055,0.0,0.0,0.0005285179482037,0.2798696386046112,0.2796162238708491,0.2735889487102541,0.27398130933641257,0.32806705468627595,57.14285714285714,55.88235294117645,45.454545454545446,52.63157894736841,51.807228915662634,0.08189811200638886,0.05343205662077821,0.026503643286840628,0.039624170519822144,0.10238969972908407,0.3857142857142856,0.3571428571428569,0.3499999999999999,0.38928571428571423,0.38214285714285723,0.06148900547801289,0.05919686516179112,0.057620747811991786,0.05819570384031761,0.08355683147091829,0.0044543503493803,0.0180185055026782,0.0,0.0,1,9,3,2021,0,0,7,0,1,0,0,0,1,0,0.06598320366388051,0,-0.25742574257425743,-0.29042904290429045,0.27745238375081194,0.0,0.0,0.23134569965129143
2021-09-08,22.5,22.5,22.5,22.0,1840000.0,0.0,0.0,0.0,0.0,0.0,0.1238572623466307,0.2774523837508119,WAPCO,22.380000000000003,22.392535597604667,22.19,22.279862510221168,22.167499999999997,22.182567246647768,21.968000000000004,21.960879163652546,0.014999436111424526,0.024217042971594882,0.11883264437041063,0.08229740275100655,0.03653524161940408,22.167499999999997,22.854426794537876,21.480573205462118,0.061976027476068916,0.7420199667882283,39.99999999999999,0.3857142857142856,0.01714285714285714,2701851.5,0.6810144821060669,0.12385726234663069,0.0907311185424781,0.27745238375081194,0.2404504299299664,0.16823344326430414,0.1639590893002799,0.028631134521398493,0,1,0.0,0.0044543503493803,0.0180185055026782,0.0,0.0,0.0,1.9841237035025067e-05,0.00032466654055,0.0,0.0,0.2798696386046112,0.2798696386046112,0.2796162238708491,0.27398130933641257,0.32806705468627595,55.22388059701495,57.14285714285714,55.88235294117645,52.63157894736841,50.0,0.10326726523435781,0.08189811200638886,0.05343205662077821,0.032474960910981565,0.08508996632936672,0.4107142857142857,0.3857142857142856,0.3571428571428569,0.375,0.3642857142857144,0.06207403542644303,0.06148900547801289,0.05919686516179112,0.057620747811991786,0.07762548932586638,0.0,0.0044543503493803,0.0180185055026782,0.0,2,9,3,2021,0,0,8,0,0,1,0,0,1,0,0.06598320366388051,0,-0.25742574257425743,-0.29042904290429045,0.2781849341697506,1.984123703502448e-05,0.0044543503493803,0.23134569965129143
2021-09-09,22.4,22.5,22.5,22.4,6000000.0,-0.44,-0.0044444444444444,-0.0044543503493803,1.984123703502448e-05,0.0044543503493803,0.1373433271409112,0.2781849341697506,WAPCO,22.46,22.395023731736444,22.23,22.301705690180953,22.197499999999998,22.203275127919408,21.991000000000003,21.97809958860735,0.009122648946953513,0.01859851757537153,0.1216963158374611,0.09017718536829747,0.03151913046916363,22.197499999999998,22.869084928204117,21.52591507179588,0.06050996086983842,0.6507627639452128,43.478260869565204,0.35714285714285715,0.01594387755102041,2975786.5,2.0162736809243538,0.13734332714091105,0.09639868306062326,0.2781849341697506,0.22687991789411335,0.16677025208641227,0.15336865037713948,0.028183955522103486,0,1,0.0,0.0,0.0044543503493803,0.0,0.0,0.0,0.0,1.9841237035025067e-05,0.0,0.0,0.27745238375081194,0.2798696386046112,0.2798696386046112,0.2735889487102541,0.32806705468627595,39.99999999999999,55.22388059701495,57.14285714285714,45.454545454545446,50.0,0.11883264437041063,0.10326726523435781,0.08189811200638886,0.026503643286840628,0.0705663579241218,0.3857142857142856,0.4107142857142857,0.3857142857142856,0.3499999999999999,0.38214285714285723,0.061976027476068916,0.06207403542644303,0.06148900547801289,0.057620747811991786,0.0701549878970753,0.0,0.0,0.0044543503493803,0.0,3,9,3,2021,0,0,9,0,0,0,1,0,1,0,0.22891760833379332,0,-0.2607260726072608,-0.29042904290429045,0.2781849341697506,0.0,0.0,0.28283719550705294
2021-09-10,22.4,22.4,22.7,22.4,1150000.0,0.0,0.0,0.0,0.0,0.0,0.0499999586641141,0.2781849341697506,WAPCO,22.46,22.396682487824297,22.270000000000003,22.319577382875323,22.2025,22.22201083002232,22.014,21.994644702779613,0.008895394662763113,0.01753429635686378,0.12255308048158753,0.09665236439095548,0.025900716090632048,22.2025,22.87877073370405,21.52622926629595,0.060918431141002226,0.6460214010136566,90.90909090909079,0.292857142857143,0.01307397959183674,2994620.5,0.3840219486909944,0.04999995866411364,0.09639868306062326,0.2781849341697506,0.22687991789411335,0.15851800877137645,0.16394563238942753,0.02753256543036382,0,-1,-0.0044543503493803,0.0,0.0,0.0180185055026782,0.0,1.984123703502448e-05,0.0,0.0,0.00032466654055,0.0,0.2781849341697506,0.27745238375081194,0.2798696386046112,0.2796162238708491,0.32806705468627595,43.478260869565204,39.99999999999999,55.22388059701495,55.88235294117645,50.0,0.1216963158374611,0.11883264437041063,0.10326726523435781,0.05343205662077821,0.05838328743084986,0.35714285714285715,0.3857142857142856,0.4107142857142857,0.3571428571428569,0.38928571428571423,0.06050996086983842,0.061976027476068916,0.06207403542644303,0.05919686516179112,0.06056376046996127,0.0044543503493803,0.0,0.0,0.0180185055026782,4,9,3,2021,0,0,10,0,0,0,0,1,1,0,0.06598320366388051,0,-0.2607260726072608,-0.29042904290429045,0.27446412670976406,0.00032466654055,0.0180185055026782,0.3101538608235363
2021-10-22,25.0,24.9,25.0,24.5,4680000.0,0.4,0.0040160642570281,0.0040080213975388,1.606423552312942e-05,0.0040080213975388,0.4414739132744069,0.2910530767311998,WAPCO,24.73,24.810370555710435,24.560000000000002,24.475013972114635,23.655,23.895629040839143,22.767999999999997,23.04555041396931,0.05685901500739796,0.09803232607167969,0.6911040680815006,0.569064439430963,0.12203962865053763,23.655,25.711030923380356,21.598969076619646,0.17383478532068103,0.8270865201260353,69.09090909090912,0.7142857142857135,0.02857142857142854,3250371.5,1.4398354157363242,0.4414739132744062,0.4239473558112715,0.2910530767311998,0.2938891913332483,0.3174308305862173,0.27060518210323037,0.048633745383810385,0,1,0.0,0.0060423144559626,0.0266136485180899,0.024001152099543,0.0151027681857566,0.0,3.650956398473536e-05,0.0007082862874444,0.0005760553021053,0.0002280936068727,0.2923328225251697,0.2972955975662479,0.31494925816592517,0.2587471464652079,0.19408359944943124,69.3693693693694,70.17543859649125,69.9115044247788,87.17948717948725,76.47058823529417,0.679260942467149,0.6644464666107623,0.6358731324579097,0.6239418893745601,0.23677281478347822,0.6892857142857134,0.6571428571428564,0.6357142857142851,0.4142857142857138,0.20357142857142843,0.17281263778064473,0.17046034441214963,0.16806388323390112,0.17093051688057662,0.07330267805134089,0.0,0.0060423144559626,0.0266136485180899,0.024001152099543,4,10,4,2021,0,0,22,0,0,0,0,1,1,0,0.08062506220885433,0,-0.17491749174917492,-0.26237623762376233,0.2971953586333312,0.000145747217658,0.0120725812342692,0.3767792676745231
2021-10-25,24.7,25.0,25.0,24.45,1520000.0,-1.2,-0.012,-0.0120725812342692,0.000145747217658,0.0120725812342692,0.2224782520300477,0.2971953586333313,WAPCO,24.85,24.773580370473624,24.695,24.515920522639245,23.77,23.972235798854463,22.826,23.11043078989208,0.03912494741270508,0.08209936037851567,0.668575416433697,0.5889666348315098,0.0796087816021872,23.77,25.787398011509786,21.752601988490213,0.16974320668992737,0.7304949233354313,66.66666666666666,0.7392857142857137,0.02993059572006938,3293092.0,0.46157228525653093,0.22247825203004737,0.4336130541775422,0.2971953586333312,0.2775883306699642,0.23208525229843643,0.2351073483566832,0.04983446992064903,0,-1,0.0040080213975388,0.0,0.0060423144559626,-0.0485925552368651,0.0,1.606423552312942e-05,0.0,3.650956398473536e-05,0.0023612364244477,0.0,0.2910530767311998,0.2923328225251697,0.2972955975662479,0.31956873219376053,0.19408359944943124,69.09090909090912,69.3693693693694,70.17543859649125,66.66666666666671,95.1219512195123,0.6911040680815006,0.679260942467149,0.6644464666107623,0.6054268313034257,0.26756773099077336,0.7142857142857135,0.6892857142857134,0.6571428571428564,0.5821428571428567,0.19285714285714256,0.17383478532068103,0.17281263778064473,0.17046034441214963,0.17049400406028395,0.08090458129842924,0.0040080213975388,0.0,0.0060423144559626,0.0485925552368651,0,10,4,2021,0,0,25,1,0,0,0,0,1,0,0.5075826922421582,0,-0.18481848184818486,-0.2607260726072608,0.2980943220685958,0.000145747217658,0.0120725812342692,0.2886703455550675
2021-12-01,25.0,24.85,25.0,24.65,9690000.0,0.6,0.0060362173038228,0.0060180723255629,3.621719451570659e-05,0.0060180723255629,0.0675526943132469,0.2661120296489218,WAPCO,24.97,24.949934861163186,24.875,25.01465428787872,25.305,25.111319618834386,24.635,24.61188900265577,-0.012052953961667643,0.014816318246397338,-0.017822400742723232,0.09140381469241042,-0.10922621543513365,25.305,26.42510337868826,24.18489662131174,0.08852822593860973,0.36385185251508584,36.84210526315788,0.2964285714285721,0.011857142857142884,2583994.0,3.7500087074505593,0.0675526943132468,0.19905464444394882,0.2661120296489217,0.2873531605076585,0.09630102714873558,0.08091818158675275,0.04184379287351158,0,-1,-0.0060180723255629,0.0,0.0,0.0222456089473197,0.0,3.621719451570617e-05,0.0,0.0,0.000494867117437,0.0,0.2747287602092254,0.2861267340596824,0.34757093058306077,0.35364949759493397,0.3338515252332255,26.190476190476204,18.333333333333357,37.17948717948718,43.333333333333314,49.253731343283576,-0.014151484648063928,0.006012506216730884,0.01638890901190848,0.04556700627490784,0.39906639219366014,0.3035714285714293,0.3678571428571435,0.4321428571428577,0.47857142857142904,0.7857142857142857,0.09181410980440775,0.10234626553150517,0.12275640228253215,0.12720832625019773,0.11771144890214777,0.0060180723255629,0.0,0.0,0.0222456089473197,2,12,4,2021,1,0,1,0,0,1,0,0,1,0,0.15415013895980545,0,-0.17491749174917492,-0.1930693069306931,0.2584531356135343,0.0003299298289629,0.0181639706276711,0.9431226368364266
2022-02-24,26.3,26.3,27.0,26.3,7370000.0,0.0,0.0,0.0,0.0,0.0,0.0269423311589747,0.2257145201649736,WAPCO,26.359999999999996,26.33919646897085,26.385,26.351256060889504,26.380000000000003,26.228625922330515,25.435,25.69975727626894,-0.003032600454890138,0.034008256339689485,0.22260795842774783,0.2971203087052088,-0.07451235027746095,26.380000000000003,27.03806734577906,25.721932654220947,0.04989138330394662,0.43921594764340305,43.33333333333334,0.19285714285714256,0.007332971211298196,3531653.0,2.0868414875413865,0.0269423311589712,0.12981031629527387,0.22571452016497348,0.32077233911991415,0.11488421567515242,0.07359811480614502,0.022814808598472045,0,-1,-0.0037950709685514,0.0,0.0,0.0152674721307883,0.0,1.4402563656342404e-05,0.0,0.0,0.0002330957052643,0.0,0.22571452016497348,0.2257622531374878,0.2257622531374878,0.2265743581694302,0.21187482914420536,45.161290322580676,50.0,35.714285714285694,61.42857142857139,73.07692307692312,0.24446054516231897,0.2687966024829933,0.2857666741543561,0.3211995225585724,0.4417468414586523,0.15714285714285683,0.15714285714285683,0.19642857142857142,0.40357142857142847,0.3749999999999997,0.05653717306656275,0.06689738498616074,0.0749493003125651,0.08420246288734481,0.08645979732990519,0.0037950709685514,0.0,0.0,0.0152674721307883,3,2,1,2022,0,0,24,0,0,0,1,0,1,0,0.06598320366388051,0,-0.132013201320132,-0.15511551155115508,0.22284786826467953,0.0,0.0,0.6455946107208573
2022-02-25,26.3,26.3,26.3,26.3,2010000.0,0.0,0.0,0.0,0.0,0.0,0.0269423311589747,0.2228478682646796,WAPCO,26.339999999999996,26.326130979313902,26.339999999999996,26.341936777091412,26.415000000000003,26.23542345353713,25.465,25.723296206611334,-0.004353586977096422,0.03279010406440216,0.20295014308382164,0.27828627558093133,-0.07533613249710969,26.415000000000003,26.963778547994174,25.86622145200583,0.04155052417143072,0.3952218518559663,43.33333333333334,0.16785714285714246,0.006382400869092869,3605559.5,0.5574724255694574,0.026942331158971204,0.12457776523938165,0.22284786826467953,0.32077233911991415,0.11488421567515242,0.07359811480614502,0.02114851221425155,0,-1,0.0,-0.0037950709685514,0.0,0.0,0.005623257554362,0.0,1.4402563656342404e-05,0.0,0.0,3.162102552268974e-05,0.22571452016497348,0.22571452016497348,0.2257622531374878,0.2257622531374878,0.21228362276775023,43.33333333333334,45.161290322580676,50.0,61.42857142857139,74.54545454545458,0.22260795842774783,0.24446054516231897,0.2687966024829933,0.303270050372646,0.4476762180031173,0.19285714285714256,0.15714285714285683,0.15714285714285683,0.31071428571428555,0.3749999999999997,0.04989138330394662,0.05653717306656275,0.06689738498616074,0.08007698358095665,0.0906406619471115,0.0,0.0037950709685514,0.0,0.0,4,2,1,2022,0,0,25,0,0,0,0,1,1,0,0.06598320366388051,0,-0.132013201320132,-0.15511551155115508,0.23669297353309657,0.0005960608849159,0.0244143581712873,0.6455946107208573
2022-03-22,23.65,23.95,23.65,23.0,1620000.0,-1.25,-0.0125260960334029,-0.0126052089189822,0.0001588912918911,0.0126052089189822,0.0869762262800336,0.3310810339517269,WAPCO,23.919999999999998,23.852656140675002,23.805,23.975297036514522,24.47,24.384772841589967,25.416,24.903977680461676,-0.033510420923579906,-0.06948378973874732,-0.5233976110835314,-0.5214591097503193,-0.0019385013332121614,24.47,26.777060102336097,22.1629398976639,0.1885623295738536,0.32228464720756966,37.03703703703699,0.3499999999999999,0.014799154334038053,2632464.0,0.6153930310158088,0.08697622628003325,0.12104974823393104,0.33108103395172683,0.2750803501167949,0.1302362805870557,0.10326986578618765,0.046141996046182646,0,-1,-0.0020855064910213,0.0,0.0,0.0020855064910213,-0.0210534091978323,4.34933732409227e-06,0.0,0.0,4.34933732409223e-06,0.0004432460388513,0.33042576641073684,0.3307076035693835,0.3375068030995951,0.33908796434727595,0.3306225830134951,16.393442622950815,12.658227848101262,24.999999999999986,24.999999999999986,22.826086956521706,-0.5241404011232866,-0.5480100654849629,-0.5755962906813643,-0.6279260806498073,-0.496873287100982,0.42499999999999993,0.48214285714285715,0.5142857142857142,0.5499999999999999,0.553571428571428,0.19717694148219503,0.2047198697849482,0.21021456851531573,0.21254618776842873,0.177458143444419,0.0020855064910213,0.0,0.0,0.0020855064910213,1,3,1,2022,0,0,22,0,1,0,0,0,-1,0,0.5270655276530505,0,-0.21947194719471955,-0.22442244224422445,0.3340317727285082,7.091496557079437e-05,0.0084211023964083,0.05788556175224611
2022-04-07,21.8,21.8,21.9,21.8,1780000.0,0.0,0.0,0.0,0.0,0.0,0.4784323953540688,0.2608302010090122,WAPCO,22.2,22.201829139174823,23.015,22.720809708257516,23.445,23.325987655420924,24.845,24.194148923530264,-0.07016421411814884,-0.12255987120144891,-0.7192139448013286,-0.5490555522121341,-0.17015839258919452,23.445,25.106609872509942,21.78339012749006,0.14174535060865362,0.004998126450961794,9.259259259259267,0.4214285714285713,0.019331585845347308,1399924.0,1.2714975955837602,0.4784323953540685,0.34544539070110575,0.2608302010090123,0.272080719813096,0.17448272239868629,0.09532958819724968,0.06632767145286883,0,1,0.0,-0.0091324835632724,-0.0702042586732485,-0.0042105325363436,0.0,0.0,8.340225603344191e-05,0.0049286379358603,1.7728584239608112e-05,0.0,0.2608302010090123,0.26730928570766926,0.26722085082821223,0.11631218462823689,0.33443940314972415,9.259259259259267,9.259259259259267,10.0,57.692307692307665,45.161290322580705,-0.667922677831676,-0.592741130858311,-0.48816044899982103,-0.37205356218037977,-0.4775593651387915,0.42857142857142855,0.42857142857142855,0.42857142857142855,0.2821428571428571,0.4071428571428571,0.12496346092095671,0.10376603758202674,0.07452962756401901,0.032163094203755335,0.16139409013125497,0.0,0.0091324835632724,0.0702042586732485,0.0042105325363436,3,4,2,2022,0,0,7,0,0,0,1,0,-1,0,0.06598320366388051,0,-0.28052805280528054,-0.28052805280528054,0.2643031131222515,8.340225603344191e-05,0.0091324835632724,0.20612925059336973
2022-04-21,23.25,23.05,23.25,23.05,3670000.0,0.87,0.0086767895878525,0.0086393625907078,7.463858597372244e-05,0.0086393625907078,0.0686379115972132,0.290167005989062,WAPCO,23.09,23.053759832286055,22.68,22.954609164084278,23.052500000000002,23.125120938241615,24.298,23.846719711760638,0.008567400498861209,-0.043131121903037216,-0.33038508177431325,-0.4755182643442345,0.14513318256992125,23.052500000000002,24.62076253172818,21.484237468271825,0.13606008300428818,0.5629677735724385,42.25352112676055,0.3464285714285718,0.014900153609831046,2398144.0,1.53035013743962,0.06863791159721372,0.16817487342822185,0.2901670059890619,0.2839220485013423,0.06203469415778731,0.04743533602931568,0.05981468061161122,0,1,0.0,-0.0021668480850903,0.0043384015985981,0.0109290705321902,-0.0091324835632724,0.0,4.695230623859561e-06,1.8821728430718903e-05,0.0001194445826975,8.340225603344191e-05,0.28785495049235155,0.28785495049235155,0.28792970188856687,0.28742787916246765,0.26730928570766926,37.68115942028988,37.68115942028988,39.130434782608674,37.31343283582085,9.259259259259267,-0.38599292757445625,-0.43099068090374004,-0.48215522161269675,-0.608319478426111,-0.592741130858311,0.3392857142857145,0.34285714285714314,0.3357142857142857,0.4142857142857141,0.42857142857142855,0.1377339924389657,0.14158242677001898,0.1452847735196281,0.15091769613135517,0.10376603758202674,0.0,0.0021668480850903,0.0043384015985981,0.0109290705321902,3,4,2,2022,0,0,21,0,0,0,1,0,-1,0,0.2500335642224458,0,-0.23267326732673269,-0.28052805280528054,0.43733498830166556,0.0088985610544927,0.094332184616348,0.668404235527124
2022-05-04,26.55,27.0,26.55,26.0,4140000.0,-1.67,-0.0166666666666666,-0.0168071183163811,0.0002824792261008,0.0168071183163811,0.1284618886325852,0.4729032046098197,WAPCO,26.910000000000004,26.57221365273554,25.635,25.83952008420981,24.06,24.952534269691593,24.333,24.551304948421468,0.10349127182044897,0.09111083713475537,0.8572047398930387,0.40131054711879766,0.45589419277424104,24.06,28.23165876386202,19.88834123613798,0.34677130206666834,0.7984424351255927,90.990990990991,0.578571428571429,0.02179176755447943,4758446.5,0.8700318475788265,0.1284618886325845,0.5288240045102627,0.47290320460981944,0.3585396025594296,0.1912505957302929,0.15866739969575644,0.11191808276253035,1,1,0.0,0.0,0.0,0.0514889699580798,0.0043384015985981,0.0,0.0,0.0,0.002651114027344,1.8821728430718903e-05,0.4674923420104682,0.4674923420104682,0.4672207482221057,0.4676172081297558,0.28792970188856687,99.0566037735849,99.0566037735849,99.0566037735849,73.57142857142856,39.130434782608674,0.827895926717332,0.7326269189662717,0.6003726302517762,0.19008294009547555,-0.48215522161269675,0.5214285714285717,0.4607142857142859,0.4607142857142859,0.610714285714286,0.3357142857142857,0.3348929948406408,0.31424382378182536,0.2888972441648862,0.2169700481071672,0.1452847735196281,0.0,0.0,0.0,0.0514889699580798,2,5,2,2022,0,0,4,0,0,1,0,0,1,0,0.6807659670981315,0,-0.12376237623762376,-0.28052805280528054,0.4732340488587619,0.0002824792261008,0.0168071183163811,0.1054348692647785
2022-08-09,25.45,25.45,25.0,23.95,850680.0,0.0,0.0,0.0,0.0,0.0,0.4152694016607931,0.4595787790664999,WAPCO,25.34,25.166278287304785,24.375,24.90477661274275,24.942500000000003,25.065728615503645,26.217999999999996,25.717877548188568,0.020346797634559353,-0.029292852238919722,-0.35010669428048047,-0.577192877892631,0.2270861836121505,24.942500000000003,27.260456223191664,22.62454377680834,0.18586398502088092,0.6094714375798705,42.446043165467614,1.0071428571428567,0.03957339320797079,1769864.5,0.4806469647817672,0.4152694016607931,0.5216071193465882,0.4595787790664999,0.4335776510795315,0.3771690751316883,0.3220452089495772,0.10659903696618044,1,1,0.0,0.0,0.0218479395258698,0.0021344725286326,0.0,0.0,0.0,0.000477332461526,4.5559729754873285e-06,0.0,0.4595787790664999,0.4595787790664999,0.45991457649749745,0.39395824869348534,0.29622701547504166,42.446043165467614,47.36842105263156,47.36842105263156,27.826086956521692,23.611111111111,-0.43447970425414084,-0.5358506412859079,-0.6574426279513901,-0.9212747147440119,-0.6140645346361744,0.9357142857142853,0.928571428571428,0.8964285714285707,0.7714285714285707,0.492857142857142,0.18871004061257662,0.1928570682250368,0.19670046008049896,0.20285856631192395,0.13164243861565506,0.0,0.0,0.0218479395258698,0.0021344725286326,1,8,3,2022,0,0,9,0,1,0,0,0,-1,0,0.06598320366388051,0,-0.19842519685039373,-0.2881889763779527,0.5578043270726278,0.0085679949277099,0.0925634643242675,0.8781040196596795
2022-09-02,25.0,25.0,24.95,24.0,830740.0,0.0,0.0,0.0,0.0,0.0,0.3194496082506732,0.4491928600946057,WAPCO,24.559999999999995,24.690902412895742,24.265,24.505708235265086,24.447499999999998,24.512585844472767,25.107,25.02099028332466,0.022599447796298272,-0.004261759668618287,-0.1175318153511391,-0.2627640906792356,0.14523227532809652,24.447499999999998,25.795978674967966,23.09902132503203,0.11031628387098623,0.7048604884363953,51.11111111111112,0.6178571428571428,0.02471428571428571,1410907.0,0.5887985529875464,0.31944960825067314,0.22782507768037555,0.44919286009460596,0.38618939354799925,0.30092618027902435,0.2442130027648896,0.05904003042503774,1,-1,0.0,0.0449973659307357,0.0,-0.0020898649194592,-0.0409054983406034,0.0,0.0020247629407045,0.0,4.367535381586384e-06,0.0016732597944931,0.45603720642200035,0.50087672483863,0.47708772094481255,0.49117311005431585,0.6088051442832982,51.11111111111112,70.27027027027026,62.06896551724136,34.95145631067962,53.900709219858165,-0.17952564611194788,-0.25604103524865707,-0.34997826232498497,-0.35123765121142014,-0.27622076474121116,0.6428571428571426,0.6749999999999997,0.6499999999999996,0.882142857142857,1.1035714285714282,0.11453025030871385,0.11845989517137462,0.11793759829825241,0.12693082568231673,0.14519684537221844,0.0,0.0449973659307357,0.0,0.0020898649194592,4,9,3,2022,0,0,2,0,0,0,0,1,-1,0,0.06598320366388051,0,-0.2125984251968504,-0.2692913385826772,0.4721740248152218,0.0018410536430326,0.0429075010112765,0.39843764321669406
2022-09-20,24.6,24.6,24.55,24.05,326940.0,0.0,0.0,0.0,0.0,0.0,0.0,0.2658544525879732,WAPCO,24.6,24.581721275331077,24.515,24.532020581578674,24.3875,24.495759588651076,24.6,24.80416404122048,0.008713480266530071,0.0,-0.009048724649748152,-0.06832353034993766,0.0592748057001895,24.3875,25.213954061512638,23.56104593848736,0.06777685794055467,0.6285612896687014,43.54838709677422,0.514285714285715,0.020905923344947765,1144504.5,0.2856607379001131,0.0,0.2180838176403827,0.2658544525879735,0.3898944704685789,0.14140685715455778,0.16124021408860523,0.1012378527036167,0,-1,0.0,0.0,0.0,0.0163938097756765,0.0020855064910213,0.0,0.0,0.0,0.000268756998961,4.34933732409223e-06,0.2658363896913573,0.3034181114976997,0.3034181114976997,0.3034181114976997,0.4723902292833848,58.333333333333364,58.333333333333364,58.333333333333364,56.97674418604652,35.820895522388085,-0.018307566662116415,-0.02985892404281998,-0.04416834493175159,-0.08338269687486388,-0.17218982480737566,0.5535714285714294,0.5500000000000005,0.5285714285714287,0.492857142857143,0.5321428571428574,0.06876417561407278,0.06937397627339273,0.06994902913773667,0.07615728229104235,0.09731078072934125,0.0,0.0,0.0,0.0163938097756765,1,9,3,2022,0,0,20,0,1,0,0,0,0,0,0.06598320366388051,0,-0.22519685039370074,-0.24724409448818901,0.26645523258572995,1.659197971355914e-05,0.0040733253876358,0.02891774157093428
2022-09-21,24.5,24.6,24.5,24.0,1010000.0,-0.41,-0.0040650406504065,-0.0040733253876358,1.659197971355914e-05,0.0040733253876358,0.0289177415709349,0.2664552325857296,WAPCO,24.580000000000002,24.55448085022072,24.565,24.52619865765528,24.4125,24.496163437350972,24.57,24.792236039603992,0.003584229390680945,-0.0028490028490028604,-0.009668734758005115,-0.05659257123155115,0.04692383647354603,24.4125,25.219622895488857,23.605377104511145,0.06612373951777623,0.5542048803776046,42.1875,0.48571428571428654,0.01982507288629741,1180952.5,0.8552418492699748,0.02891774157093428,0.22032231675795647,0.26645523258572995,0.38783118951167617,0.15807454994360093,0.17928092477868146,0.10087544483944387,0,-1,0.0,0.0,0.0,0.0,0.0,0.0,0.0,0.0,0.0,0.0,0.2658544525879735,0.2658363896913573,0.3034181114976997,0.3034181114976997,0.4723902292833848,43.54838709677422,58.333333333333364,58.333333333333364,57.647058823529434,35.820895522388085,-0.009048724649748152,-0.018307566662116415,-0.02985892404281998,-0.06178992075825107,-0.18652962965397535,0.514285714285715,0.5535714285714294,0.5500000000000005,0.5107142857142859,0.4571428571428576,0.06777685794055467,0.06876417561407278,0.06937397627339273,0.07318320020505055,0.08832215729913427,0.0,0.0,0.0,0.0,2,9,3,2022,0,0,21,0,0,1,0,0,-1,0,0.21498020547214966,0,-0.2283464566929134,-0.24724409448818901,0.26645523258572995,0.0,0.0,0.0
2022-09-22,24.5,24.5,24.5,24.0,381420.0,0.0,0.0,0.0,0.0,0.0,0.0289177415709349,0.2664552325857296,WAPCO,24.56,24.536320566813814,24.57,24.52143526535432,24.44,24.496528824269927,24.541999999999998,24.78077580275678,0.002454991816693892,-0.0017113519680546836,-0.010044312651849907,-0.04728291951561091,0.037238606863761,24.44,25.21771595410177,23.662284045898232,0.06364287676773886,0.538574494764799,42.1875,0.4500000000000008,0.018367346938775543,1123523.5,0.33948555593185187,0.02891774157093428,0.20014587878938392,0.26645523258572995,0.38783118951167617,0.17314510512692657,0.19802482019242137,0.09859593157153115,0,-1,-0.0040733253876358,0.0,0.0,0.0,0.0185763855729354,1.659197971355914e-05,0.0,0.0,0.0,0.0003450821009543,0.26645523258572995,0.2658544525879735,0.2658363896913573,0.3034181114976997,0.3463469341049823,42.1875,43.54838709677422,58.333333333333364,58.333333333333364,58.928571428571416,-0.009668734758005115,-0.009048724649748152,-0.018307566662116415,-0.04416834493175159,-0.15974138980838504,0.48571428571428654,0.514285714285715,0.5535714285714294,0.5285714285714287,0.4142857142857146,0.06612373951777623,0.06777685794055467,0.06876417561407278,0.06994902913773667,0.08200383051667243,0.0040733253876358,0.0,0.0,0.0,3,9,3,2022,0,0,22,0,0,0,1,0,-1,0,0.06598320366388051,0,-0.2283464566929134,-0.24724409448818901,0.26625059198220685,0.0,0.0,0.0
2022-09-23,24.5,24.5,24.1,23.85,1250000.0,0.0,0.0,0.0,0.0,0.0,0.0289177415709349,0.2662505919822065,WAPCO,24.54,24.524213711209214,24.53,24.517537944380805,24.47,24.496859412434695,24.515,24.769764986962397,0.0012259910093993108,-0.0006118702834999212,-0.01022410373503746,-0.03987115635949622,0.029647052624458763,24.47,25.205133357039962,23.734866642960036,0.06008445909603296,0.5204044611176379,62.7906976744186,0.4214285714285721,0.017201166180758044,1138624.0,1.097816311618234,0.02891774157093428,0.17327042353682684,0.26625059198220685,0.38783118951167617,0.17330810537781413,0.19836166006402858,0.09426906651468996,0,-1,0.0,-0.0040733253876358,0.0,0.0,0.0182375875497807,0.0,1.659197971355914e-05,0.0,0.0,0.0003326095996359,0.26645523258572995,0.26645523258572995,0.2658544525879735,0.3034181114976997,0.348870058410612,42.1875,42.1875,43.54838709677422,58.333333333333364,64.06249999999997,-0.010044312651849907,-0.009668734758005115,-0.009048724649748152,-0.02985892404281998,-0.10103560201131856,0.4500000000000008,0.48571428571428654,0.514285714285715,0.5500000000000005,0.44285714285714306,0.06364287676773886,0.06612373951777623,0.06777685794055467,0.06937397627339273,0.08154575412184617,0.0,0.0040733253876358,0.0,0.0,4,9,3,2022,0,0,23,0,0,0,0,1,-1,0,0.06598320366388051,0,-0.2283464566929134,-0.24724409448818901,0.2660353102909944,0.0,0.0,0.0
2022-09-26,24.5,24.5,24.45,22.7,303900.0,0.0,0.0,0.0,0.0,0.0,0.0289177415709349,0.2660353102909941,WAPCO,24.52,24.51614247413948,24.56,24.514349227220656,24.5,24.49715851601234,24.488000000000003,24.759185967865832,0.0,0.0004900359359685111,-0.010248451692120852,-0.03394661542602115,0.023698163733900296,24.5,25.18441292553023,23.81558707446977,0.055870442900426816,0.5,61.90476190476189,0.546428571428572,0.022303206997084574,1063319.0,0.28580322556072074,0.02891774157093428,0.0869755555505858,0.2660353102909944,0.38783118951167617,0.3541011993384497,0.32820723784637296,0.09279006320621723,0,1,0.0,0.0,-0.0040733253876358,0.0,-0.0285151703080212,0.0,0.0,1.659197971355914e-05,0.0,0.0008131149376954,0.26625059198220685,0.26645523258572995,0.26645523258572995,0.2658363896913573,0.2970471950998684,62.7906976744186,42.1875,42.1875,58.333333333333364,52.56410256410256,-0.01022410373503746,-0.010044312651849907,-0.009668734758005115,-0.018307566662116415,-0.10973009189097738,0.4214285714285721,0.4500000000000008,0.48571428571428654,0.5535714285714294,0.48571428571428577,0.06008445909603296,0.06364287676773886,0.06612373951777623,0.06876417561407278,0.07890119575838696,0.0,0.0,0.0040733253876358,0.0,0,9,3,2022,0,0,26,1,0,0,0,0,1,0,0.06598320366388051,0,-0.2283464566929134,-0.24724409448818901,0.2660353102909944,0.0,0.0,0.0
2022-09-27,24.5,24.5,23.9,22.75,316130.0,0.0,0.0,0.0,0.0,0.0,0.0289177415709349,0.2660353102909941,WAPCO,24.5,24.51076164942632,24.55,24.5117402768169,24.53,24.497429133534975,24.448,24.74902181226325,-0.0012229922543824353,0.002126963350785324,-0.010150736254598058,-0.02918743959173653,0.019036703337138472,24.53,25.153572052985403,23.9064279470146,0.050841586056698085,0.47594504126959053,61.90476190476189,0.6642857142857148,0.02711370262390673,1015625.5,0.3112663082996636,0.02891774157093428,0.020447931161413163,0.2660353102909944,0.3878178720524114,0.4023632603290333,0.39272042123080686,0.09099501800062469,0,1,0.0,0.0,0.0,0.0,0.0163938097756765,0.0,0.0,0.0,0.0,0.000268756998961,0.2660353102909944,0.26625059198220685,0.26645523258572995,0.2658544525879735,0.3034181114976997,61.90476190476189,62.7906976744186,42.1875,43.54838709677422,56.97674418604652,-0.010248451692120852,-0.01022410373503746,-0.010044312651849907,-0.009048724649748152,-0.08338269687486388,0.546428571428572,0.4214285714285721,0.4500000000000008,0.514285714285715,0.492857142857143,0.055870442900426816,0.06008445909603296,0.06364287676773886,0.06777685794055467,0.07615728229104235,0.0,0.0,0.0,0.0,1,9,3,2022,0,0,27,0,1,0,0,0,1,0,0.06598320366388051,0,-0.2283464566929134,-0.24724409448818901,0.2660353102909944,0.0,0.0,0.0
2022-09-28,24.5,24.5,23.75,22.05,1250000.0,0.0,0.0,0.0,0.0,0.0,0.0,0.2660353102909941,WAPCO,24.5,24.507174432950883,24.54,24.509605681032006,24.505000000000003,24.497673977960215,24.408,24.739256250998025,-0.00020403999183850468,0.0037692559816453106,-0.009958500669590364,-0.0253416518073073,0.015383151137716936,24.505000000000003,25.08800492008505,23.921995079914954,0.04758252765436024,0.49571187152307983,51.51515151515154,0.8071428571428577,0.032944606413994194,898125.5,1.391787673326278,0.0,0.020447931161413163,0.2660353102909944,0.3877706412901052,0.5044182416742238,0.5138689971406113,0.08796636105132682,0,-1,0.0,0.0,0.0,-0.0040733253876358,0.0,0.0,0.0,0.0,1.659197971355914e-05,0.0,0.2660353102909944,0.2660353102909944,0.26625059198220685,0.26645523258572995,0.3034181114976997,61.90476190476189,61.90476190476189,62.7906976744186,42.1875,57.647058823529434,-0.010150736254598058,-0.010248451692120852,-0.01022410373503746,-0.009668734758005115,-0.06178992075825107,0.6642857142857148,0.546428571428572,0.4214285714285721,0.48571428571428654,0.5107142857142859,0.050841586056698085,0.055870442900426816,0.06008445909603296,0.06612373951777623,0.07318320020505055,0.0,0.0,0.0,0.0040733253876358,2,9,3,2022,0,0,28,0,0,1,0,0,1,0,0.06598320366388051,0,-0.2283464566929134,-0.2456692913385827,0.21304165953264095,0.0,0.0,0.2958467960191782
2022-09-29,24.5,24.5,23.85,22.6,488470.0,0.0,0.0,0.0,0.0,0.0,0.0,0.2130416595326404,WAPCO,24.5,24.50478295530059,24.53,24.50785919357164,24.48,24.497895503868765,24.378,24.72987365291967,0.0008169934640522702,0.005004512265157104,-0.009694401556899379,-0.02221220175722572,0.012517800200326341,24.48,25.01449435032335,23.94550564967665,0.04366783907870502,0.5187092716582508,33.33333333333343,0.9107142857142863,0.0371720116618076,893041.0,0.5469737671618661,0.0,0.020447931161413163,0.21304165953264095,0.38582919708068814,0.5471667500129267,0.5884365407523218,0.08412661282369542,0,-1,0.0,0.0,0.0,0.0,0.0,0.0,0.0,0.0,0.0,0.0,0.2660353102909944,0.2660353102909944,0.2660353102909944,0.26645523258572995,0.3034181114976997,51.51515151515154,61.90476190476189,61.90476190476189,42.1875,58.333333333333364,-0.009958500669590364,-0.010150736254598058,-0.010248451692120852,-0.010044312651849907,-0.04416834493175159,0.8071428571428577,0.6642857142857148,0.546428571428572,0.4500000000000008,0.5285714285714287,0.04758252765436024,0.050841586056698085,0.055870442900426816,0.06364287676773886,0.06994902913773667,0.0,0.0,0.0,0.0,3,9,3,2022,0,0,29,0,0,0,1,0,1,0,0.06598320366388051,0,-0.2283464566929134,-0.2456692913385827,0.21304165953264095,0.0,0.0,0.2958467960191782
2022-09-30,24.5,24.5,23.5,22.6,371990.0,0.0,0.0,0.0,0.0,0.0,0.0,0.2130416595326404,WAPCO,24.5,24.503188636867065,24.52,24.506430249285884,24.455000000000002,24.498095932071738,24.386,24.720858999864,0.0018401144960130096,0.004674813417534683,-0.009377008787044616,-0.0196451631631895,0.010268154376144884,24.455000000000002,24.93061594413671,23.979384055863292,0.03889723525959596,0.547307076807189,79.99999999999986,0.9964285714285719,0.040670553935860075,870103.5,0.42752385204748633,0.0,0.020447931161413163,0.21304165953264095,0.38570547395978505,0.5702062872612821,0.6526947732699862,0.08220161443439668,0,-1,0.0,0.0,0.0,0.0,0.0,0.0,0.0,0.0,0.0,0.0,0.21304165953264095,0.2660353102909944,0.2660353102909944,0.26625059198220685,0.3034181114976997,33.33333333333343,51.51515151515154,61.90476190476189,62.7906976744186,58.333333333333364,-0.009694401556899379,-0.009958500669590364,-0.010150736254598058,-0.01022410373503746,-0.02985892404281998,0.9107142857142863,0.8071428571428577,0.6642857142857148,0.4214285714285721,0.5500000000000005,0.04366783907870502,0.04758252765436024,0.050841586056698085,0.06008445909603296,0.06937397627339273,0.0,0.0,0.0,0.0,4,9,3,2022,0,1,30,0,0,0,0,1,1,0,0.06598320366388051,0,-0.2283464566929134,-0.2456692913385827,0.21304165953264095,0.0,0.0,0.2958467960191782
2022-10-04,24.5,24.5,23.95,22.7,320560.0,0.0,0.0,0.0,0.0,0.0,0.0,0.2130416595326404,WAPCO,24.5,24.50212575791138,24.509999999999998,24.505261113052086,24.4825,24.49827727187443,24.392,24.71219786261443,0.0007147962830592584,0.0044276812069531215,-0.009021478739018818,-0.017520426278355365,0.008498947539336547,24.4825,24.894523249217812,24.07047675078219,0.033658592808562066,0.5212366656896431,0.0,1.0964285714285718,0.04475218658892129,839168.0,0.38199740695546064,0.0,0.020447931161413163,0.21304165953264095,0.38466551625510786,0.5264113230931794,0.6063089406304883,0.07910341303624116,0,-1,0.0,0.0,0.0,0.0,0.0,0.0,0.0,0.0,0.0,0.0,0.21304165953264095,0.21304165953264095,0.2660353102909944,0.2660353102909944,0.2658363896913573,79.99999999999986,33.33333333333343,51.51515151515154,61.90476190476189,58.333333333333364,-0.009377008787044616,-0.009694401556899379,-0.009958500669590364,-0.010248451692120852,-0.018307566662116415,0.9964285714285719,0.9107142857142863,0.8071428571428577,0.546428571428572,0.5535714285714294,0.03889723525959596,0.04366783907870502,0.04758252765436024,0.055870442900426816,0.06876417561407278,0.0,0.0,0.0,0.0,1,10,4,2022,0,0,4,0,1,0,0,0,1,0,0.06598320366388051,0,-0.2283464566929134,-0.2456692913385827,0.1487449421996544,0.0,0.0,0.2958467960191782
2022-10-05,24.5,24.5,23.85,22.8,171390.0,0.0,0.0,0.0,0.0,0.0,0.0,0.1487449421996535,WAPCO,24.5,24.501417171940922,24.5,24.504304547042615,24.5075,24.49844134121972,24.398000000000003,24.703876377806022,-0.00030602876670408175,0.004180670546765995,-0.008640120681572938,-0.01574436515899888,0.007104244477425942,24.5075,24.851279304972802,24.163720695027198,0.028055028458455752,0.4890918390206856,0.0,1.1964285714285716,0.04883381924198252,765237.5,0.22396968261487446,0.0,0.020447931161413163,0.1487449421996544,0.38454643676831946,0.5193773086031207,0.5966787403009783,0.07622407424118567,0,-1,0.0,0.0,0.0,0.0,0.0,0.0,0.0,0.0,0.0,0.0,0.21304165953264095,0.21304165953264095,0.21304165953264095,0.2660353102909944,0.2658544525879735,0.0,79.99999999999986,33.33333333333343,61.90476190476189,43.54838709677422,-0.009021478739018818,-0.009377008787044616,-0.009694401556899379,-0.010150736254598058,-0.009048724649748152,1.0964285714285718,0.9964285714285719,0.9107142857142863,0.6642857142857148,0.514285714285715,0.033658592808562066,0.03889723525959596,0.04366783907870502,0.050841586056698085,0.06777685794055467,0.0,0.0,0.0,0.0,2,10,4,2022,0,0,5,0,0,1,0,0,1,0,0.06598320366388051,0,-0.2283464566929134,-0.2440944881889764,0.2097497194970546,0.0017366136252939,0.041672696400568,0.2958467960191782
2022-10-14,23.5,23.5,23.0,21.7,157290.0,0.0,0.0,0.0,0.0,0.0,0.0,0.1443425492272664,WAPCO,23.5,23.587915910842554,23.9,23.801275887640823,24.220000000000002,24.047681904892293,24.379,24.44697238918574,-0.029727497935590517,-0.03605562164157682,-0.2693898698836463,-0.1659295663392471,-0.10346030354439922,24.220000000000002,25.190295668449462,23.249704331550543,0.08012350689095453,0.128979071322369,0.0,1.7785714285714282,0.07568389057750759,655441.0,0.23997583306506612,0.0,0.20919527565747473,0.14434254922726758,0.3928416310341813,0.6138528414691871,0.6994938810579961,0.05007751293661429,0,-1,0.0,0.0,0.0,-0.041672696400568,0.0,0.0,0.0,0.0,0.0017366136252939,0.0,0.1579867000730969,0.18361044813132746,0.19740958842020578,0.2097497194970546,0.2660353102909944,0.0,0.0,0.0,0.0,51.51515151515154,-0.2534574878216844,-0.22943532034882708,-0.1954370582965801,-0.0880149527370584,-0.009958500669590364,1.6857142857142853,1.5928571428571427,1.4999999999999998,1.2964285714285715,0.8071428571428577,0.07595917163583685,0.07038100520979537,0.06285912864665054,0.042841173459149624,0.04758252765436024,0.0,0.0,0.0,0.041672696400568,4,10,4,2022,0,0,14,0,0,0,0,1,-1,0,0.06598320366388051,0,-0.25984251968503935,-0.25984251968503935,0.14434254922726758,0.0,0.0,0.6546689579075754
2022-10-17,23.5,23.5,22.5,21.9,495530.0,0.0,0.0,0.0,0.0,0.0,0.0,0.1443425492272664,WAPCO,23.5,23.55861060722837,23.8,23.74649845352431,24.165,23.995521723473978,24.34,24.409836217060807,-0.02751913925098279,-0.03451109285127362,-0.2788025353751138,-0.18850416014642044,-0.09029837522869336,24.165,25.1687298860808,23.161270113919198,0.08307303009152092,0.16873557855461432,0.0,1.8464285714285713,0.07857142857142857,660907.0,0.7497726609038791,0.0,0.20919527565747473,0.14434254922726758,0.3928416310341813,0.5269432932302488,0.5836197171234291,0.05119134756058676,0,-1,0.0,0.0,0.0,0.0,0.0,0.0,0.0,0.0,0.0,0.0,0.14434254922726758,0.1579867000730969,0.18361044813132746,0.2097497194970546,0.21304165953264095,0.0,0.0,0.0,0.0,33.33333333333343,-0.2693898698836463,-0.2534574878216844,-0.22943532034882708,-0.1492001920655781,-0.009694401556899379,1.7785714285714282,1.6857142857142853,1.5928571428571427,1.3964285714285716,0.9107142857142863,0.08012350689095453,0.07595917163583685,0.07038100520979537,0.056025358832754724,0.04366783907870502,0.0,0.0,0.0,0.0,0,10,4,2022,0,0,17,1,0,0,0,0,-1,0,0.06598320366388051,0,-0.25984251968503935,-0.25984251968503935,0.1587588922686123,0.0004625168630062,0.0215062052209636,0.7152737796506788
2022-10-18,23.0,23.5,23.0,21.85,1250000.0,-2.13,-0.0212765957446808,-0.0215062052209636,0.0004625168630062,0.0215062052209636,0.1526789111027211,0.1587588922686112,WAPCO,23.4,23.372407071485583,23.65,23.610771461974437,24.085,23.90071013076217,24.291,24.35454852227411,-0.04504878555117296,-0.05314725618541848,-0.32288593386130415,-0.2153805148893972,-0.10750541897190696,24.085,25.192438961131867,22.977561038868135,0.09196088529224544,0.010131014854728898,0.0,1.8357142857142854,0.07981366459627327,714250.5,1.7500862792535672,0.152678911102721,0.22449776739227184,0.1587588922686123,0.39113845038380307,0.45026449315419115,0.5061804333856008,0.05014221093697407,0,-1,0.0,0.0,0.0,0.0,0.0,0.0,0.0,0.0,0.0,0.0,0.14434254922726758,0.14434254922726758,0.1579867000730969,0.19740958842020578,0.21304165953264095,0.0,0.0,0.0,0.0,79.99999999999986,-0.2788025353751138,-0.2693898698836463,-0.2534574878216844,-0.1954370582965801,-0.009377008787044616,1.8464285714285713,1.7785714285714282,1.6857142857142853,1.4999999999999998,0.9964285714285719,0.08307303009152092,0.08012350689095453,0.07595917163583685,0.06285912864665054,0.03889723525959596,0.0,0.0,0.0,0.0,1,10,4,2022,0,0,18,0,1,0,0,0,-1,0,0.8526525200714177,0,-0.2755905511811024,-0.2755905511811024,0.3135618851279262,0.0066411146314644,0.0814930342511829,0.7080861269808999
2022-10-31,22.25,22.25,21.95,21.45,2030000.0,0.0,0.0,0.0,0.0,0.0,0.0950812748903954,0.3538192769897018,WAPCO,22.25,22.258223970969908,22.160000000000004,22.41210340737172,22.98,22.84901184125932,23.816,23.670919446859394,-0.0317667536988686,-0.06575411488075239,-0.561967014094904,-0.5389394357002422,-0.023027578394661852,22.98,24.9088393019204,21.051160698079602,0.16787113158576136,0.31076702468857953,34.177215189873436,1.1535714285714287,0.05184590690208668,1202163.5,1.688622221519785,0.09508127489039438,0.48329943702598716,0.35381927698970206,0.3721223027380268,0.2516561334525853,0.27205403743255396,0.08526690219892136,1,1,0.0,0.0,0.0,0.0269679264275069,0.0,0.0,0.0,0.0,0.0007272690557994,0.0,0.35381927698970206,0.35381927698970206,0.35381927698970206,0.35265924891924166,0.14434254922726758,34.177215189873436,34.177215189873436,27.27272727272728,29.032258064516142,0.0,-0.5813263146510117,-0.5975801664204283,-0.6096339166218243,-0.6155080635128023,-0.2788025353751138,1.2321428571428572,1.3071428571428572,1.3642857142857143,1.532142857142857,1.8464285714285713,0.17410925258538992,0.17780055813023507,0.1791690047126183,0.17532478370356738,0.08307303009152092,0.0,0.0,0.0,0.0269679264275069,0,10,4,2022,0,1,31,1,0,0,0,0,-1,0,0.06598320366388051,0,-0.2992125984251969,-0.33228346456692914,0.35381927698970206,0.0,0.0,0.0
2022-11-01,22.25,22.25,21.85,21.3,134550.0,0.0,0.0,0.0,0.0,0.0,0.0,0.3538192769897018,WAPCO,22.25,22.255482647313272,22.085,22.38263006057686,22.8675,22.79196309447272,23.781999999999996,23.615197115610005,-0.02700338908931889,-0.06441846774871737,-0.5403952884273551,-0.5392306062456648,-0.001164682181690302,22.8675,24.68214075029543,21.052859249704568,0.1587091505669996,0.32985612995314145,34.177215189873436,1.0892857142857142,0.048956661316211875,1190291.5,0.11303953695376301,0.0,0.47530579489078073,0.35381927698970206,0.3720783749797147,0.2629885474549886,0.29830042293849535,0.08755764021540181,1,-1,0.0,0.0,0.0,-0.0133930573364381,-0.0215062052209636,0.0,0.0,0.0,0.0001793739848171,0.0004625168630062,0.35381927698970206,0.35381927698970206,0.35381927698970206,0.35381927698970206,0.1587588922686123,34.177215189873436,34.177215189873436,34.177215189873436,27.27272727272728,0.0,-0.561967014094904,-0.5813263146510117,-0.5975801664204283,-0.6161514826371075,-0.32288593386130415,1.1535714285714287,1.2321428571428572,1.3071428571428572,1.4535714285714285,1.8357142857142854,0.16787113158576136,0.17410925258538992,0.17780055813023507,0.17833291245558536,0.09196088529224544,0.0,0.0,0.0,0.0133930573364381,1,11,4,2022,1,0,1,0,1,0,0,0,-1,0,0.06598320366388051,0,-0.2992125984251969,-0.33228346456692914,0.35381927698970206,0.0,0.0,0.0
2022-11-02,22.25,22.25,21.8,20.1,794020.0,0.0,0.0,0.0,0.0,0.0,0.0,0.3538192769897018,WAPCO,22.25,22.25365509820885,22.189999999999998,22.35851550410834,22.755000000000003,22.740347561665796,23.747,23.561659973821378,-0.02219292463194913,-0.0630395418368636,-0.5173360128937823,-0.5348516875752882,0.017515674681505944,22.755000000000003,24.415976250662347,21.09402374933766,0.145987804936264,0.34798096908410797,34.177215189873436,1.1071428571428572,0.04975922953451044,1213964.5,0.6540718447697605,0.0,0.19104617823806583,0.35381927698970206,0.35095937174389213,0.42599168387085834,0.4349093903835313,0.08926288743648542,1,-1,0.0,0.0,0.0,0.0,-0.0814930342511829,0.0,0.0,0.0,0.0,0.0066411146314644,0.35381927698970206,0.35381927698970206,0.35381927698970206,0.35381927698970206,0.3135618851279262,34.177215189873436,34.177215189873436,34.177215189873436,27.27272727272728,0.0,-0.5403952884273551,-0.561967014094904,-0.5813263146510117,-0.6096339166218243,-0.4973343408363995,1.0892857142857142,1.1535714285714287,1.2321428571428572,1.3642857142857143,1.8535714285714282,0.1587091505669996,0.16787113158576136,0.17410925258538992,0.1791690047126183,0.1399678866431595,0.0,0.0,0.0,0.0,2,11,4,2022,0,0,2,0,0,1,0,0,-1,0,0.06598320366388051,0,-0.2992125984251969,-0.33228346456692914,0.35381927698970206,0.0,0.0,0.0
2022-11-03,22.25,22.25,21.0,20.1,493270.0,0.0,0.0,0.0,0.0,0.0,0.0,0.3538192769897018,WAPCO,22.25,22.252436732139234,22.25,22.338785412452278,22.642500000000002,22.693647793888104,23.712,23.510222327789165,-0.0173346582753672,-0.06165654520917678,-0.49337406183022736,-0.526556162426276,0.03318210059604865,22.642500000000002,24.097898299616805,21.1871017003832,0.128554558870867,0.3651571875192707,34.177215189873436,1.132142857142857,0.0508828250401284,1230058.5,0.4010134477343964,0.0,0.16910456033011237,0.35381927698970206,0.34768425224067545,0.4310189138528292,0.44118324942351483,0.09041577711233349,1,-1,0.0,0.0,0.0,0.0,0.0210042727705319,0.0,0.0,0.0,0.0,0.0004411794746189,0.35381927698970206,0.35381927698970206,0.35381927698970206,0.35381927698970206,0.3276650008002219,34.177215189873436,34.177215189873436,34.177215189873436,34.177215189873436,11.999999999999972,-0.5173360128937823,-0.5403952884273551,-0.561967014094904,-0.5975801664204283,-0.5924453794540767,1.1071428571428572,1.0892857142857142,1.1535714285714287,1.3071428571428572,1.7107142857142854,0.145987804936264,0.1587091505669996,0.16787113158576136,0.17780055813023507,0.161661899738185,0.0,0.0,0.0,0.0,3,11,4,2022,0,0,3,0,0,0,1,0,-1,0,0.06598320366388051,0,-0.2992125984251969,-0.33228346456692914,0.35381927698970206,0.0,0.0,0.0
2022-11-04,22.25,22.25,20.2,20.05,1200000.0,0.0,0.0,0.0,0.0,0.0,0.0,0.3538192769897018,WAPCO,22.25,22.251624488092823,22.28,22.32264261018823,22.580000000000002,22.65139562304162,23.677,23.460801844346452,-0.014614703277236574,-0.06026945981332093,-0.4689779570159871,-0.5150405213442182,0.04606256432823108,22.580000000000002,23.986900288241422,21.17309971175858,0.12461472880792031,0.3827208997119152,34.177215189873436,1.1749999999999996,0.052808988764044926,1157558.5,1.0366646696473656,0.0,0.15770234411356224,0.35381927698970206,0.34768425224067545,0.4209272908817347,0.40630486423242407,0.08745640470272044,1,-1,0.0,0.0,0.0,0.0,0.0137616850726815,0.0,0.0,0.0,0.0,0.0001893839760396,0.35381927698970206,0.35381927698970206,0.35381927698970206,0.35381927698970206,0.33428502504187846,34.177215189873436,34.177215189873436,34.177215189873436,34.177215189873436,18.51851851851852,-0.49337406183022736,-0.5173360128937823,-0.5403952884273551,-0.5813263146510117,-0.6362794367248625,1.132142857142857,1.1071428571428572,1.0892857142857142,1.2321428571428572,1.5964285714285713,0.128554558870867,0.145987804936264,0.1587091505669996,0.17410925258538992,0.17348317814027966,0.0,0.0,0.0,0.0,4,11,4,2022,0,0,4,0,0,0,0,1,-1,0,0.06598320366388051,0,-0.2992125984251969,-0.33228346456692914,0.32723391233749205,0.0,0.0,0.0
2022-11-07,22.25,22.25,20.45,20.05,960330.0,0.0,0.0,0.0,0.0,0.0,0.0,0.3272339123374916,WAPCO,22.25,22.251082992061882,22.25,22.30943486288128,22.517500000000002,22.61316746846623,23.642999999999997,23.413319419077965,-0.011879649161763154,-0.05891807300257993,-0.4445197215402601,-0.5009363613834266,0.05641663984316647,22.517500000000002,23.861991686377422,21.17300831362258,0.11941749185099769,0.40052002451545454,39.13043478260871,1.214285714285714,0.05457463884430175,1146075.0,0.8379294548786074,0.0,0.06723261423886188,0.32723391233749205,0.34768425224067545,0.41787713025922574,0.39892160419653827,0.08636562222053323,0,-1,0.0,0.0,0.0,0.0,0.0269679264275069,0.0,0.0,0.0,0.0,0.0007272690557994,0.35381927698970206,0.35381927698970206,0.35381927698970206,0.35381927698970206,0.35265924891924166,34.177215189873436,34.177215189873436,34.177215189873436,34.177215189873436,29.032258064516142,-0.4689779570159871,-0.49337406183022736,-0.5173360128937823,-0.561967014094904,-0.6155080635128023,1.1749999999999996,1.132142857142857,1.1071428571428572,1.1535714285714287,1.532142857142857,0.12461472880792031,0.128554558870867,0.145987804936264,0.16787113158576136,0.17532478370356738,0.0,0.0,0.0,0.0,0,11,4,2022,0,0,7,1,0,0,0,0,-1,0,0.06598320366388051,0,-0.2992125984251969,-0.33228346456692914,0.32723391233749205,0.0,0.0,0.0
2022-11-08,22.25,22.25,20.2,20.05,1550000.0,0.0,0.0,0.0,0.0,0.0,0.0,0.3272339123374916,WAPCO,22.25,22.250721994707924,22.25,22.29862852417559,22.455000000000002,22.578580090517068,23.61,23.367699049702356,-0.009129369850812818,-0.057602710715798366,-0.4202915345260543,-0.48480739601195216,0.06451586148589789,22.455000000000002,23.72111714765266,21.188882852347344,0.11276928502807014,0.4190438260866834,81.8181818181818,1.2285714285714282,0.055216693418940595,1184111.0,1.3089989029744677,0.0,0.0,0.32723391233749205,0.34768425224067545,0.4047426811627594,0.35842101074898447,0.08487456815624507,0,-1,0.0,0.0,0.0,0.0,-0.0133930573364381,0.0,0.0,0.0,0.0,0.0001793739848171,0.32723391233749205,0.35381927698970206,0.35381927698970206,0.35381927698970206,0.35381927698970206,39.13043478260871,34.177215189873436,34.177215189873436,34.177215189873436,27.27272727272728,-0.4445197215402601,-0.4689779570159871,-0.49337406183022736,-0.5403952884273551,-0.6161514826371075,1.214285714285714,1.1749999999999996,1.132142857142857,1.0892857142857142,1.4535714285714285,0.11941749185099769,0.12461472880792031,0.128554558870867,0.1587091505669996,0.17833291245558536,0.0,0.0,0.0,0.0,1,11,4,2022,0,0,8,0,1,0,0,0,-1,0,0.06598320366388051,0,-0.2992125984251969,-0.33228346456692914,0.32723391233749205,0.0,0.0,0.7214460057107264
2022-11-09,22.25,22.25,20.75,20.05,1580000.0,0.0,0.0,0.0,0.0,0.0,0.0,0.3272339123374916,WAPCO,22.25,22.250481329805282,22.25,22.289786974325484,22.392500000000002,22.547286748563064,23.576999999999998,23.32386771441991,-0.006363737858658115,-0.05628366628493864,-0.3965196896057961,-0.467149854730721,0.07063016512492493,22.392500000000002,23.561068625105133,21.22393137489487,0.10437143017574016,0.43902797108420494,75.0,1.3535714285714282,0.06083467094703048,1233423.0,1.2809879497950014,0.0,0.0,0.32723391233749205,0.2951469595494163,0.2557301972344186,0.253191247980966,0.08224960937841659,0,-1,0.0,0.0,0.0,0.0,0.0,0.0,0.0,0.0,0.0,0.0,0.32723391233749205,0.32723391233749205,0.35381927698970206,0.35381927698970206,0.35381927698970206,81.8181818181818,39.13043478260871,34.177215189873436,34.177215189873436,27.27272727272728,-0.4202915345260543,-0.4445197215402601,-0.4689779570159871,-0.5173360128937823,-0.6096339166218243,1.2285714285714282,1.214285714285714,1.1749999999999996,1.1071428571428572,1.3642857142857143,0.11276928502807014,0.11941749185099769,0.12461472880792031,0.145987804936264,0.1791690047126183,0.0,0.0,0.0,0.0,2,11,4,2022,0,0,9,0,0,1,0,0,-1,0,0.06598320366388051,0,-0.2992125984251969,-0.33228346456692914,0.32723391233749205,0.0,0.0,0.9156712384561032
2022-11-10,22.25,22.25,20.7,20.05,1120000.0,0.0,0.0,0.0,0.0,0.0,0.0,0.3272339123374916,WAPCO,22.25,22.250320886536855,22.25,22.28255297899358,22.330000000000002,22.518973724890394,23.544,23.281755255030895,-0.003582624272279527,-0.05496092422697929,-0.37337628188074135,-0.4483951401607251,0.07501885827998378,22.330000000000002,23.376497919127406,21.283502080872598,0.09373022114889422,0.46177727707919963,66.66666666666666,1.4892857142857139,0.0669341894060995,1249919.5,0.8960577061162739,0.0,0.0,0.32723391233749205,0.2938721058503968,0.22141314574605425,0.22648013329517883,0.07801969364819152,0,-1,0.0,0.0,0.0,0.0,0.0,0.0,0.0,0.0,0.0,0.0,0.32723391233749205,0.32723391233749205,0.32723391233749205,0.35381927698970206,0.35381927698970206,75.0,81.8181818181818,39.13043478260871,34.177215189873436,34.177215189873436,-0.3965196896057961,-0.4202915345260543,-0.4445197215402601,-0.49337406183022736,-0.5975801664204283,1.3535714285714282,1.2285714285714282,1.214285714285714,1.132142857142857,1.3071428571428572,0.10437143017574016,0.11276928502807014,0.11941749185099769,0.128554558870867,0.17780055813023507,0.0,0.0,0.0,0.0,3,11,4,2022,0,0,10,0,0,0,1,0,-1,0,0.06598320366388051,0,-0.2992125984251969,-0.33228346456692914,0.32723391233749205,0.0,0.0,0.9126867271325062
2022-11-11,22.25,22.25,20.95,20.25,290260.0,0.0,0.0,0.0,0.0,0.0,0.0,0.3272339123374916,WAPCO,22.25,22.250213924357904,22.25,22.276634255540202,22.267500000000002,22.493357179662738,23.489,23.241294264637524,-0.0007858987313349881,-0.052748094852909905,-0.3509889820177392,-0.42891390853212796,0.07792492651438876,22.267500000000002,23.157369889957952,21.377630110042052,0.07992544200812395,0.49016710184405227,0.0,1.5607142857142853,0.07014446227929372,1256568.0,0.2309942637406014,0.0,0.0,0.32723391233749205,0.26671462462807577,0.2626931446861364,0.2860407384270922,0.07032271341850031,0,-1,0.0,0.0,0.0,0.0,0.0,0.0,0.0,0.0,0.0,0.0,0.32723391233749205,0.32723391233749205,0.32723391233749205,0.35381927698970206,0.35381927698970206,66.66666666666666,75.0,81.8181818181818,34.177215189873436,34.177215189873436,-0.37337628188074135,-0.3965196896057961,-0.4202915345260543,-0.4689779570159871,-0.5813263146510117,1.4892857142857139,1.3535714285714282,1.2285714285714282,1.1749999999999996,1.2321428571428572,0.09373022114889422,0.10437143017574016,0.11276928502807014,0.12461472880792031,0.17410925258538992,0.0,0.0,0.0,0.0,4,11,4,2022,0,0,11,0,0,0,0,1,-1,0,0.06598320366388051,0,-0.2992125984251969,-0.33228346456692914,0.32723391233749205,0.0,0.0,0.9126867271325062
2022-12-02,22.05,22.05,21.8,21.3,738200.0,0.0,0.0,0.0,0.0,0.0,0.0,0.5396431639469723,WAPCO,22.05,22.005659828994183,21.880000000000003,21.910409018530444,21.785,21.93643628658725,22.625999999999998,22.5415934867876,0.012164333256828119,-0.025457438345266377,-0.1377921535247424,-0.2664259405033122,0.1286337869785698,21.785,23.069359352895262,20.50064064710474,0.11791226558597766,0.6031642738469671,48.701298701298704,0.8928571428571431,0.04049238743116295,1223881.5,0.6031629696175651,0.0,0.5016422500781906,0.5396431639469722,0.38708920641389316,0.31971228748867525,0.35919827148733174,0.08876445739168287,1,-1,0.0,0.0,0.0,0.0440395614108341,0.0,0.0,0.0,0.0,0.0019394829692586,0.0,0.5396431639469722,0.5396431639469722,0.5396431639469722,0.5396431639469722,0.4339083350218294,48.701298701298704,48.701298701298704,48.701298701298704,48.701298701298704,32.87671232876711,-0.16464814159991548,-0.19653126613804517,-0.2343670903137962,-0.3324759654959806,-0.5476532831834966,0.9964285714285717,1.0642857142857145,1.1464285714285716,1.3785714285714283,1.7714285714285707,0.1189362269237161,0.11992003398432115,0.12086475175930175,0.12264082722999864,0.11305026419377225,0.0,0.0,0.0,0.0440395614108341,4,12,4,2022,0,0,2,0,0,0,0,1,-1,0,0.06598320366388051,0,-0.305511811023622,-0.3669291338582677,0.5423223277401834,0.0002560109232026,0.0160003413464411,0.14530204670570943
2022-12-22,22.45,22.45,22.45,21.9,187600.0,0.0,0.0,0.0,0.0,0.0,0.0,0.2946342062189044,WAPCO,22.45,22.40581655048114,22.244999999999997,22.289269028557808,22.1025,22.156812985649506,22.061,22.38127039088681,0.015722203370659434,0.017632926884547363,0.10337448449604736,0.018693976469890395,0.08468050802615697,22.1025,22.607709701120612,21.597290298879386,0.04571516354445089,0.843916594662776,65.38461538461536,0.375,0.01670378619153675,1352909.5,0.13866411611419685,0.0,0.10258743278723499,0.29463420621890474,0.37281238968473984,0.21580116001685343,0.25306532918870545,0.0964312151945588,0,-1,0.0,0.0,0.0,0.0202481608299474,-0.0045766670274117,0.0,0.0,0.0,0.0004099880169954,2.0945881079797948e-05,0.30484366612522706,0.3510774437600566,0.35204909681385527,0.3570567345120246,0.5436574003751153,65.38461538461536,65.38461538461536,65.38461538461536,65.38461538461536,58.51063829787235,0.09130412014984657,0.07456988609124338,0.052126265367842706,-0.015139390218450899,-0.11491588145782572,0.38928571428571423,0.42499999999999993,0.4642857142857143,0.47500000000000014,0.6642857142857146,0.058976835923063894,0.05961171034706601,0.05700899136930595,0.07642020973875013,0.11076065487474644,0.0,0.0,0.0,0.0202481608299474,3,12,4,2022,0,0,22,0,0,0,1,0,1,0,0.06598320366388051,0,-0.2929133858267717,-0.3354330708661417,0.22814626160529414,0.001899206002177,0.0435798807040251,0.3120065403700234
2023-01-06,24.0,24.0,23.9,22.6,860830.0,0.0,0.0,0.0,0.0,0.0,0.0,0.1782154692345034,WAPCO,24.0,23.91097226595385,23.580000000000002,23.601914973451777,22.8525,23.117626160940468,22.287000000000003,22.791344666622834,0.05021332458155567,0.07686095032978854,0.5335008152852083,0.3851816739018505,0.14831914138335783,22.8525,24.62820593819711,21.07679406180289,0.15540583640276642,0.823110931634623,100.0,0.7464285714285713,0.031101190476190473,819761.0,1.05009874829371,0.0,0.2361066063692161,0.17821546923450418,0.38646884915685975,0.4585619614883705,0.5108838252554485,0.1468572104365796,0,-1,0.0,0.0,0.0,0.0231833354556572,0.0,0.0,0.0,0.0,0.0005374670428495,0.0,0.19174765698288754,0.19174765698288754,0.19174765698288754,0.19174765698288754,0.3510774437600566,100.0,100.0,100.0,95.65217391304357,65.38461538461536,0.5235264779969846,0.5031806659964246,0.4698930199012139,0.3515009322819864,0.07456988609124338,0.6857142857142858,0.6392857142857145,0.585714285714286,0.417857142857143,0.42499999999999993,0.15280435850788718,0.1495896897316694,0.14041893895803886,0.11104507235392791,0.05961171034706601,0.0,0.0,0.0,0.0231833354556572,4,1,1,2023,0,0,6,0,0,0,0,1,1,0,0.06598320366388051,0,-0.2440944881889764,-0.3133858267716535,0.17821001537330777,0.0,0.0,0.2480783062906797
2023-01-09,24.0,24.0,24.0,23.35,671100.0,0.0,0.0,0.0,0.0,0.0,0.0,0.178210015373307,WAPCO,24.0,23.940648177302567,23.735000000000003,23.674294069187816,22.9575,23.20166176466042,22.322000000000003,22.838742914990565,0.04540999673309378,0.0751724755846249,0.5352356856359819,0.4151924762486768,0.12004320938730512,22.9575,24.744374660582743,21.170625339417256,0.15566805275685447,0.7917104436580952,100.0,0.7607142857142856,0.03169642857142856,804335.0,0.8343538451018543,0.0,0.2361066063692161,0.17821001537330777,0.3772247474851469,0.3762222167188955,0.4213383478490151,0.14362352232754536,0,-1,0.0,0.0,0.0,0.0,0.0,0.0,0.0,0.0,0.0,0.0,0.17821546923450418,0.19174765698288754,0.19174765698288754,0.19174765698288754,0.30484366612522706,100.0,100.0,100.0,100.0,65.38461538461536,0.5335008152852083,0.5235264779969846,0.5031806659964246,0.42057107132294647,0.09130412014984657,0.7464285714285713,0.6857142857142858,0.6392857142857145,0.5285714285714287,0.38928571428571423,0.15540583640276642,0.15280435850788718,0.1495896897316694,0.12796352868828526,0.058976835923063894,0.0,0.0,0.0,0.0,0,1,1,2023,0,0,9,1,0,0,0,0,1,0,0.06598320366388051,0,-0.2440944881889764,-0.3133858267716535,0.17821001537330777,0.0,0.0,0.4193042759314152
2023-01-10,24.0,24.0,24.0,24.0,2410000.0,0.0,0.0,0.0,0.0,0.0,0.0,0.178210015373307,WAPCO,24.0,23.960432118201712,23.89,23.733513329335484,23.0675,23.277693977549905,22.357000000000003,22.88428240852035,0.04042484014305846,0.07348928747148531,0.5304953625702211,0.43825305351298566,0.09224230905723546,23.0675,24.82497276687774,21.31002723312226,0.15237652687787925,0.7652957182536164,100.0,0.7285714285714285,0.030357142857142857,842335.0,2.8610944576682673,0.0,0.2361066063692161,0.17821001537330777,0.3772247474851469,0.3186375436403241,0.31601012415590213,0.13803244893528865,0,-1,0.0,0.0,0.0,0.0,0.0,0.0,0.0,0.0,0.0,0.0,0.17821001537330777,0.17821546923450418,0.19174765698288754,0.19174765698288754,0.29463420621890474,100.0,100.0,100.0,100.0,65.38461538461536,0.5352356856359819,0.5335008152852083,0.5235264779969846,0.4698930199012139,0.10337448449604736,0.7607142857142856,0.7464285714285713,0.6857142857142858,0.585714285714286,0.375,0.15566805275685447,0.15540583640276642,0.15280435850788718,0.14041893895803886,0.04571516354445089,0.0,0.0,0.0,0.0,1,1,1,2023,0,0,10,0,1,0,0,0,1,0,0.06598320366388051,0,-0.2440944881889764,-0.3133858267716535,0.17600976360026271,0.0,0.0,0.4270467574924812
2023-01-11,24.0,24.0,23.95,23.65,772870.0,0.0,0.0,0.0,0.0,0.0,0.0,0.1760097636002619,WAPCO,24.0,23.973621412134477,23.945,23.781965451274484,23.177500000000002,23.346485027307057,22.392000000000003,22.928036039558766,0.035487002480854186,0.07181136120042858,0.5207359030449652,0.4547496234193816,0.06598627962558362,23.177500000000002,24.875323684355653,21.47967631564435,0.14650619647120275,0.7422218536526509,100.0,0.7142857142857143,0.029761904761904764,837061.5,0.9233132810432686,0.0,0.1163794203448707,0.17600976360026271,0.3772247474851469,0.2887001587561473,0.2678760235942641,0.12986202661345694,0,-1,0.0,0.0,0.0,0.0,0.0435798807040251,0.0,0.0,0.0,0.0,0.001899206002177,0.17821001537330777,0.17821001537330777,0.17821546923450418,0.19174765698288754,0.22814626160529414,100.0,100.0,100.0,100.0,94.87179487179498,0.5304953625702211,0.5352356856359819,0.5335008152852083,0.5031806659964246,0.1914253456277315,0.7285714285714285,0.7607142857142856,0.7464285714285713,0.6392857142857145,0.4214285714285713,0.15237652687787925,0.15566805275685447,0.15540583640276642,0.1495896897316694,0.0708121380058642,0.0,0.0,0.0,0.0,2,1,1,2023,0,0,11,0,0,1,0,0,1,0,0.06598320366388051,0,-0.2440944881889764,-0.3133858267716535,0.20371493011955186,0.0012113130001341,0.0348039221946921,0.4426224160348126
2023-04-03,26.0,26.0,26.0,26.0,2930000.0,0.0,0.0,0.0,0.0,0.0,0.1283877101448435,0.1943316032552059,WAPCO,25.770000000000003,25.857194861092992,25.79,25.798393544483687,25.8325,25.82241095468399,25.756999999999998,25.5210326411685,0.006484080131617166,0.009434328532049622,-0.007034237016444678,-0.01111242716627221,0.004078190149827533,25.8325,26.83264472636973,24.83235527363027,0.07743305730144039,0.5837378809204857,58.62068965517242,0.5071428571428568,0.01950549450549449,2275956.5,1.2873708262877608,0.1283877101448431,0.21067737723016122,0.19433160325520682,0.21826964324237766,0.14404075544363848,0.09808416132863947,0.02553616012717671,0,-1,0.0057859370670439,0.0038759738446929,0.0196084713883763,-0.0273454538905288,0.0118813278867526,3.347706774379287e-05,1.5023173244743768e-05,0.0003844921501887,0.000747773848479,0.0001411659523525,0.19433160325520682,0.1925119189411477,0.1960071660121913,0.2710382493921989,0.24888700230995325,50.0,42.465753424657564,40.27777777777778,26.760563380281695,15.517241379310335,-0.02791151195686581,-0.0541525208887208,-0.07158519016699927,-0.04457676120638254,-0.04541325073495628,0.5428571428571425,0.5249999999999996,0.521428571428571,0.4999999999999995,0.2642857142857145,0.08792051694767171,0.09579960922656518,0.10227081173513046,0.11201875187078938,0.11389108178579434,0.0057859370670439,0.0038759738446929,0.0196084713883763,0.0273454538905288,0,4,2,2023,0,0,3,1,0,0,0,0,1,0,0.06598320366388051,0,-0.18110236220472442,-0.2125984251968504,0.19489611345312274,5.9629995876474975e-05,0.0077220460939102,0.8082799151598713
2023-04-04,25.8,26.0,26.0,25.8,1020000.0,-0.77,-0.0076923076923076,-0.0077220460939102,5.9629995876474975e-05,0.0077220460939102,0.1586966993650734,0.1948961134531219,WAPCO,25.880000000000003,25.838129907395327,25.775,25.798685627304835,25.777499999999996,25.82027657804742,25.78,25.531972537593266,0.0008728542333432028,0.000775795190069805,-0.006551651384874901,-0.01020027200999275,0.003648620625117848,25.777499999999996,26.64229386043935,24.912706139560644,0.06709679840476016,0.5130088805143537,54.838709677419374,0.5142857142857137,0.019933554817275722,1873456.5,0.544448189749802,0.15869669936507272,0.18611017218107725,0.19489611345312274,0.2189975140083549,0.1475145841322805,0.10191013238915708,0.02770983407623738,0,-1,0.0,0.0057859370670439,0.0038759738446929,0.0,0.0214224355874067,0.0,3.347706774379287e-05,1.5023173244743768e-05,0.0,0.0004589207464965,0.19433160325520682,0.19433160325520682,0.1925119189411477,0.26463673001171206,0.257791785752334,58.62068965517242,50.0,42.465753424657564,30.15873015873015,32.78688524590163,-0.007034237016444678,-0.02791151195686581,-0.0541525208887208,-0.08261255800702472,-0.028419935217357306,0.5071428571428568,0.5428571428571425,0.5249999999999996,0.47499999999999964,0.27142857142857174,0.07743305730144039,0.08792051694767171,0.09579960922656518,0.10723097818558991,0.11174801361804908,0.0,0.0057859370670439,0.0038759738446929,0.0,1,4,2,2023,0,0,4,0,1,0,0,0,1,0,0.3484457143462578,0,-0.1874015748031496,-0.2125984251968504,0.19747022814478302,5.9629995876475605e-05,0.0077220460939103,0.9113560063862393
2023-04-05,26.0,25.8,26.0,25.75,3920000.0,0.78,0.0077519379844961,0.0077220460939103,5.9629995876475605e-05,0.0077220460939103,0.0969156998614664,0.1974702281447821,WAPCO,25.93,25.89208660493022,25.78,25.835288240522136,25.752499999999998,25.83739309442386,25.807,25.550326555726862,0.00961071740607717,0.007478591079939606,0.009855521419176227,-0.006189113324158954,0.01604463474333518,25.752499999999998,26.556093901106582,24.948906098893413,0.06240900115379744,0.6539956933839243,67.85714285714288,0.4964285714285709,0.019093406593406574,1994456.5,1.9654477297449204,0.09691569986146553,0.19076257363851656,0.19747022814478302,0.21937723519358826,0.09823225785277087,0.0690646208290382,0.02929703035720529,0,1,-0.0077220460939102,0.0,0.0057859370670439,0.0196084713883763,0.0,5.9629995876474975e-05,0.0,3.347706774379287e-05,0.0003844921501887,0.0,0.19489611345312274,0.19433160325520682,0.19433160325520682,0.1960071660121913,0.257791785752334,54.838709677419374,58.62068965517242,50.0,40.27777777777778,32.78688524590163,-0.006551651384874901,-0.007034237016444678,-0.02791151195686581,-0.07158519016699927,-0.014782210122746164,0.5142857142857137,0.5071428571428568,0.5428571428571425,0.521428571428571,0.31428571428571445,0.06709679840476016,0.07743305730144039,0.08792051694767171,0.10227081173513046,0.10945689455263928,0.0077220460939102,0.0,0.0057859370670439,0.0196084713883763,2,4,2,2023,0,0,5,0,0,1,0,0,1,0,0.21647930701850046,0,-0.18110236220472442,-0.2125984251968504,0.19282796526130944,5.9629995876474975e-05,0.0077220460939102,0.9001999992729945
2023-06-02,25.8,26.0,26.05,25.8,3900000.0,-0.77,-0.0076923076923076,-0.0077220460939102,5.9629995876474975e-05,0.0077220460939102,0.5757910369320258,0.3194027381838974,WAPCO,26.009999999999998,25.8538069806188,25.445,25.571111149991776,25.0375,25.192967400016904,24.837000000000003,24.964887558807092,0.030454318522216646,0.0387727986471795,0.38421579822482954,0.22457070096223727,0.15964509726259227,25.0375,26.44569967184715,23.62930032815285,0.11248724288344683,0.7707357540425429,60.95238095238098,0.492857142857143,0.019102990033222595,4932315.5,0.7907036765997634,0.5757910369320252,0.4482768692760658,0.3194027381838977,0.3568794777005713,0.3860748359488955,0.22709276634451103,0.11536171506103637,0,1,0.0,-0.035886759333524,0.0631789016215314,-0.0137391758833039,-0.0020429016298002,0.0,0.0012878594954622,0.0039915736101031,0.0001887649539523,4.173447069040694e-06,0.31820015467044355,0.3263020150490373,0.2930104520162587,0.23134702702072815,0.20263014111878408,64.07766990291262,63.46153846153846,76.74418604651169,64.28571428571433,58.82352941176469,0.3814290271551819,0.35196039895857467,0.3092282895300542,0.12041413154674174,-0.016480815484626987,0.48214285714285715,0.47142857142857153,0.3392857142857143,0.22499999999999964,0.21428571428571427,0.11378341875806978,0.11188983177121806,0.11085056592912489,0.07299230546100371,0.08705087332645446,0.0,0.035886759333524,0.0631789016215314,0.0137391758833039,4,6,2,2023,0,0,2,0,0,0,0,1,1,0,0.3484457143462578,0,-0.1874015748031496,-0.24094488188976373,0.31961030298522375,0.0,0.0,0.07885260228412755
2023-06-05,25.8,25.8,25.8,25.8,2560000.0,0.0,0.0,0.0,0.0,0.0,0.5757910369320258,0.3196103029852235,WAPCO,26.110000000000003,25.835871320412537,25.580000000000002,25.612727304538723,25.1025,25.250780028586725,24.851,24.997637066304854,0.027786077083955845,0.03818759808458419,0.38202063825689336,0.2560606884211685,0.12595994983572484,25.1025,26.52616280750557,23.678837192494427,0.11342796992375835,0.7449667141414283,60.19417475728157,0.48571428571428577,0.018826135105204873,4924315.5,0.5198692082178731,0.5757910369320252,0.4482768692760658,0.31961030298522375,0.340519093188587,0.3857054079587423,0.2182016876656325,0.11045650257488873,0,1,-0.0077220460939102,0.0,-0.035886759333524,0.0,0.0,5.9629995876474975e-05,0.0,0.0012878594954622,0.0,0.0,0.3194027381838977,0.31820015467044355,0.3263020150490373,0.20810398937354752,0.20263014111878408,60.95238095238098,64.07766990291262,63.46153846153846,62.264150943396295,57.1428571428571,0.38421579822482954,0.3814290271551819,0.35196039895857467,0.1534614401935741,-0.02002657982566447,0.492857142857143,0.48214285714285715,0.47142857142857153,0.22142857142857128,0.20714285714285705,0.11248724288344683,0.11378341875806978,0.11188983177121806,0.07494302584299939,0.08555774056258551,0.0077220460939102,0.0,0.035886759333524,0.0,0,6,2,2023,0,0,5,1,0,0,0,0,1,0,0.06598320366388051,0,-0.1874015748031496,-0.2299212598425197,0.31676847138012015,1.5081572455030416e-05,0.0038835000263976,0.6113515217543876
2023-06-06,25.7,25.8,25.7,25.5,6280000.0,-0.39,-0.003875968992248,-0.0038835000263976,1.5081572455030416e-05,0.0038835000263976,0.2396297908123595,0.3167684713801199,WAPCO,25.860000000000003,25.790580880275026,25.705000000000002,25.628595067349863,25.155,25.293562883007034,24.857000000000003,25.02518071076349,0.02166567282846345,0.03391398801142521,0.3679700640568626,0.2784425635483074,0.08952750050855524,25.155,26.585826040403134,23.724173959596868,0.11376076648007417,0.6904494273274637,56.99999999999999,0.48571428571428577,0.018899388549194,5137815.5,1.2223093647485006,0.23962979081235944,0.4500011290859676,0.31676847138012015,0.3394289069918229,0.2873300601003016,0.17809983349484382,0.10450690841207824,0,1,0.0,-0.0077220460939102,0.0,0.0631789016215314,0.0,0.0,5.9629995876474975e-05,0.0,0.0039915736101031,0.0,0.31961030298522375,0.3194027381838977,0.31820015467044355,0.2930104520162587,0.20231805099782632,60.19417475728157,60.95238095238098,64.07766990291262,76.74418604651169,68.29268292682929,0.38202063825689336,0.38421579822482954,0.3814290271551819,0.3092282895300542,-0.022576377188858743,0.48571428571428577,0.492857142857143,0.48214285714285715,0.3392857142857143,0.17857142857142833,0.11342796992375835,0.11248724288344683,0.11378341875806978,0.11085056592912489,0.07924937913799755,0.0,0.0077220460939102,0.0,0.0631789016215314,1,6,2,2023,0,0,6,0,1,0,0,0,1,0,0.20803663799347116,0,-0.19055118110236222,-0.2299212598425197,0.31765536362355296,3.426551394956293e-05,0.0058536752514606,0.6371766954964125
2023-06-07,25.55,25.7,25.7,25.55,4060000.0,-0.58,-0.0058365758754863,-0.0058536752514606,3.426551394956293e-05,0.0058536752514606,0.054997896380327,0.3176553636235527,WAPCO,25.770000000000003,25.710387253516686,25.805,25.61430505510443,25.2,25.31798546557779,24.849,25.045761859361,0.013888888888888945,0.028210390760191578,0.3408025764180138,0.2909145661222487,0.04988801029576512,25.2,26.620526218287814,23.779473781712184,0.1127401760545885,0.6231937839281356,61.29032258064518,0.4607142857142857,0.018031870282359516,5253315.5,0.7728452631485773,0.05499789638032725,0.45331195592280715,0.31765536362355296,0.33957587278902723,0.0671323551380072,0.05475756019880247,0.09766921164820938,0,-1,-0.0038835000263976,0.0,-0.0077220460939102,-0.035886759333524,0.0040816383196486,1.5081572455030416e-05,0.0,5.9629995876474975e-05,0.0012878594954622,1.665977137242448e-05,0.31676847138012015,0.31961030298522375,0.3194027381838977,0.3263020150490373,0.19362459169426005,56.99999999999999,60.19417475728157,60.95238095238098,63.46153846153846,64.8648648648649,0.3679700640568626,0.38202063825689336,0.38421579822482954,0.35196039895857467,-0.016339593046762246,0.48571428571428577,0.48571428571428577,0.492857142857143,0.47142857142857153,0.14999999999999986,0.11376076648007417,0.11342796992375835,0.11248724288344683,0.11188983177121806,0.06177791877233665,0.0038835000263976,0.0,0.0077220460939102,0.035886759333524,2,6,2,2023,0,0,7,0,0,1,0,0,1,0,0.2801031128354671,0,-0.19527559055118107,-0.2299212598425197,0.3179059891375119,3.426551394956382e-05,0.0058536752514607,0.7651857252301514
2023-07-05,29.75,29.0,29.9,28.6,9290000.0,2.59,0.0258620689655173,0.0255333020051648,0.0006519495112869,0.0255333020051648,0.3610156671212392,0.4258581925424015,WAPCO,29.559999999999995,29.43974371650819,29.259999999999998,29.140273032934438,28.235000000000003,28.360047745419205,26.063000000000002,26.918897590655604,0.05365680892509286,0.14146491194413527,1.0344616866970746,1.0267859908911108,0.007675695805963834,28.235000000000003,31.374577578022617,25.09542242197739,0.2223890616626608,0.7412744967038182,61.0738255033557,0.9249999999999997,0.031092436974789906,8213500.0,1.1310647105375298,0.3610156671212386,0.2514995520517984,0.4258581925424014,0.40576755026177086,0.410785681216776,0.371833686725746,0.07366373926842484,1,-1,-0.0221662954572603,0.0050718620979603,-0.0134682170508665,0.0069084903438116,0.0175751448215074,0.0004913446542985,2.5723785140726757e-05,0.0001813928705292,4.772723883053824e-05,0.0003088857154969,0.4205682682046143,0.43427954415418457,0.4794632238191761,0.47366089964243663,0.49041306276120183,67.77777777777779,73.37278106508876,73.37278106508876,71.81208053691275,68.08510638297872,1.039528410076766,1.107238614680277,1.111374350524315,1.0644019333509114,0.9768915894112418,0.9964285714285713,0.8642857142857144,0.8214285714285714,0.75,0.9714285714285713,0.23068008886116068,0.23831082287519922,0.23940021831661168,0.23247395435282467,0.23592011590854398,0.0221662954572603,0.0050718620979603,0.0134682170508665,0.0069084903438116,2,7,3,2023,0,0,5,0,0,1,0,0,1,0,0.867992131717496,0,-0.06299212598425197,-0.19527559055118107,0.4227445249667034,4.489258047266531e-05,0.0067001925698195,0.1573031167005945
2023-07-06,29.95,29.75,30.0,29.6,5710000.0,0.67,0.0067226890756302,0.0067001925698195,4.489258047266531e-05,0.0067001925698195,0.2964269532853973,0.4227445249667034,WAPCO,29.57,29.609829144338796,29.375,29.287496117855447,28.442500000000003,28.511471769664993,26.186999999999998,27.037764351806366,0.0530016700360375,0.14369725436285188,1.0346577104115902,1.0283603347952068,0.006297375616383327,28.442500000000003,31.450257514022567,25.434742485977438,0.21149740803533898,0.7506019838653601,51.260504201680654,0.7821428571428568,0.026114953493918423,8371000.0,0.6821168319197228,0.2964269532853966,0.2519779427050571,0.4227445249667034,0.4058141050703323,0.3913224626023353,0.3542155671054839,0.06951834103299812,1,-1,0.0255333020051648,-0.0221662954572603,0.0050718620979603,0.0288399970987204,0.0034782643763247,0.0006519495112869,0.0004913446542985,2.5723785140726757e-05,0.0008317454326542,1.20983230716101e-05,0.4258581925424014,0.4205682682046143,0.43427954415418457,0.4743504651024952,0.4894264381919719,61.0738255033557,67.77777777777779,73.37278106508876,75.60975609756098,61.783439490445865,1.0344616866970746,1.039528410076766,1.107238614680277,1.115760335539445,1.0198679574651308,0.9249999999999997,0.9964285714285713,0.8642857142857144,0.7964285714285714,0.8642857142857141,0.2223890616626608,0.23068008886116068,0.23831082287519922,0.2335532798251829,0.23814373574931832,0.0255333020051648,0.0221662954572603,0.0050718620979603,0.0288399970987204,3,7,3,2023,0,0,6,0,0,0,1,0,1,1,0.17910121985686756,0,-0.05669291338582679,-0.19527559055118107,0.42196355253442924,4.429699288054306e-05,0.006655598611736,0.17649164361141373
2023-07-07,30.15,29.95,30.25,30.0,13660000.0,0.67,0.0066777963272119,0.006655598611736,4.429699288054306e-05,0.006655598611736,0.2707064523333237,0.4219635525344293,WAPCO,29.7,29.789886096225864,29.48,29.44431500551809,28.665,28.667522077315944,26.322,27.159812808598275,0.05180533751962321,0.14542967859585135,1.0389747351404957,1.0304832148642646,0.008491520276231013,28.665,31.470089359680152,25.859910640319846,0.1957152876106857,0.7646974498112468,63.72549019607843,0.6785714285714283,0.022506515043828466,8740000.0,1.562929061784897,0.27070645233332313,0.2500014362149498,0.42196355253442924,0.40444633465780466,0.3863068573676241,0.3405565910872536,0.0647446420295759,1,-1,0.0067001925698195,0.0255333020051648,-0.0221662954572603,-0.0134682170508665,0.0103627870355466,4.489258047266531e-05,0.0006519495112869,0.0004913446542985,0.0001813928705292,0.000107387355144,0.4227445249667034,0.4258581925424014,0.4205682682046143,0.4794632238191761,0.4886621113387595,51.260504201680654,61.0738255033557,67.77777777777779,73.37278106508876,71.52777777777777,1.0346577104115902,1.0344616866970746,1.039528410076766,1.111374350524315,1.0658480981630234,0.7821428571428568,0.9249999999999997,0.9964285714285713,0.8214285714285714,0.7464285714285713,0.21149740803533898,0.2223890616626608,0.23068008886116068,0.23940021831661168,0.2386928616723698,0.0067001925698195,0.0255333020051648,0.0221662954572603,0.0134682170508665,4,7,3,2023,0,0,7,0,0,0,0,1,1,0,0.1774700302461938,0,-0.05039370078740162,-0.19527559055118107,0.4212827733321311,2.7547747707622577e-06,0.0016597514183642,0.16944141308087948
2023-07-10,30.1,30.15,31.5,30.1,13680000.0,-0.17,-0.001658374792703,-0.0016597514183642,2.7547747707622577e-06,0.0016597514183642,0.2737903299518685,0.4212827733321311,WAPCO,29.79,29.893257397483914,29.589999999999996,29.563530459060253,28.892500000000002,28.803948546142998,26.463999999999995,27.275114267084618,0.041792852816474844,0.1373941958887548,1.0265282475618278,1.0296922214037774,-0.0031639738419495522,28.892500000000002,31.35041417776629,26.434585822233714,0.17014202147728907,0.7456351020964768,70.65217391304354,0.7249999999999996,0.024086378737541516,9221000.0,1.4835701117015507,0.27379032995186786,0.24876357051770734,0.4212827733321311,0.4045215377113383,0.41851138012121447,0.38661653965737747,0.0588856466070584,1,-1,0.006655598611736,0.0067001925698195,0.0255333020051648,0.0050718620979603,-0.0034423441909729,4.429699288054306e-05,4.489258047266531e-05,0.0006519495112869,2.5723785140726757e-05,1.184973352912488e-05,0.42196355253442924,0.4227445249667034,0.4258581925424014,0.43427954415418457,0.48954270833386093,63.72549019607843,51.260504201680654,61.0738255033557,73.37278106508876,70.54794520547944,1.0389747351404957,1.0346577104115902,1.0344616866970746,1.107238614680277,1.0817487998703363,0.6785714285714283,0.7821428571428568,0.9249999999999997,0.8642857142857144,0.7392857142857144,0.1957152876106857,0.21149740803533898,0.2223890616626608,0.23831082287519922,0.23424278964211578,0.006655598611736,0.0067001925698195,0.0255333020051648,0.0050718620979603,0,7,3,2023,0,0,10,1,0,0,0,0,1,0,0.12669477505808782,0,-0.05196850393700783,-0.19527559055118107,0.42161738387082487,4.4444773665356494e-05,0.0066666913581893,0.2822102325357109
2023-07-11,29.9,30.1,30.1,29.7,17180000.0,-0.66,-0.0066445182724252,-0.0066666913581893,4.4444773665356494e-05,0.0066666913581893,0.1946689017861366,0.4216173838708249,WAPCO,29.97,29.895504931655942,29.695,29.624706739231115,29.1025,28.908334398891284,26.593000000000004,27.378050962493063,0.02740314405978866,0.1243560335426614,0.9891239823926483,1.0215785736015515,-0.03245459120890315,29.1025,31.08332252984416,27.121677470155838,0.1361273107014285,0.7013052628351167,63.95348837209304,0.6607142857142855,0.022097467749641657,9995000.0,1.7188594297148574,0.19466890178613616,0.2503544707298564,0.42161738387082487,0.40486642917433874,0.2850792295807925,0.2554441679589721,0.05197829716688493,1,1,-0.0016597514183642,0.006655598611736,0.0067001925698195,-0.0221662954572603,-0.0051858370323654,2.7547747707622577e-06,4.429699288054306e-05,4.489258047266531e-05,0.0004913446542985,2.689290572625252e-05,0.4212827733321311,0.42196355253442924,0.4227445249667034,0.4205682682046143,0.49155613754912747,70.65217391304354,63.72549019607843,51.260504201680654,67.77777777777779,71.03448275862068,1.0265282475618278,1.0389747351404957,1.0346577104115902,1.039528410076766,1.0699131809815334,0.7249999999999996,0.6785714285714283,0.7821428571428568,0.9964285714285713,0.7357142857142858,0.17014202147728907,0.1957152876106857,0.21149740803533898,0.23068008886116068,0.23551465510073186,0.0016597514183642,0.006655598611736,0.0067001925698195,0.0221662954572603,1,7,3,2023,0,0,11,0,1,0,0,0,1,0,0.3098421959669322,0,-0.05826771653543312,-0.19055118110236222,0.42998734094996016,0.0002843879545596,0.0168638060520048,0.34888487387991557
2023-07-12,29.4,29.9,29.5,29.0,11080000.0,-1.67,-0.0167224080267558,-0.0168638060520048,0.0002843879545596,0.0168638060520048,0.1573031167005945,0.4299873409499602,WAPCO,29.9,29.730336621103966,29.729999999999997,29.583850968461817,29.282500000000006,28.955159694234972,26.697000000000003,27.457343081610983,0.0040126355331680215,0.10124733116080442,0.9086605383724375,0.9989949665557287,-0.09033442818329118,29.282500000000006,30.51122419927995,28.05377580072006,0.08392208310628839,0.5478138218767278,56.38297872340424,0.7035714285714282,0.023931000971817287,10244000.0,1.081608746583366,0.1573031167005945,0.2692220860584757,0.42998734094996016,0.40664295860079464,0.22508492007443262,0.18841939969344454,0.043206688589722465,1,1,-0.0066666913581893,-0.0016597514183642,0.006655598611736,0.0255333020051648,0.0069084903438116,4.4444773665356494e-05,2.7547747707622577e-06,4.429699288054306e-05,0.0006519495112869,4.772723883053824e-05,0.42161738387082487,0.4212827733321311,0.42196355253442924,0.4258581925424014,0.47366089964243663,63.95348837209304,70.65217391304354,63.72549019607843,61.0738255033557,71.81208053691275,0.9891239823926483,1.0265282475618278,1.0389747351404957,1.0344616866970746,1.0644019333509114,0.6607142857142855,0.7249999999999996,0.6785714285714283,0.9249999999999997,0.75,0.1361273107014285,0.17014202147728907,0.1957152876106857,0.2223890616626608,0.23247395435282467,0.0066666913581893,0.0016597514183642,0.006655598611736,0.0255333020051648,2,7,3,2023,0,0,12,0,0,1,0,0,1,0,0.6828395315309825,0,-0.0740157480314961,-0.1874015748031496,0.44005756988132666,0.0004251550047488,0.0206192872027355,0.33921856316121585
2023-08-07,27.95,28.0,27.95,27.9,1670000.0,-0.18,-0.0017857142857142,-0.0017873105740957,3.194479088274485e-06,0.0017873105740957,0.2919289091784807,0.2761635391417102,WAPCO,27.639999999999997,27.760774726638694,27.55,27.78936123540839,28.192500000000003,28.021163745544186,27.995,27.7071470894932,-0.008601578433980784,-0.0016074298981961672,-0.20220286650058483,-0.12182491801187094,-0.0803779484887139,28.192500000000003,29.891811005889775,26.49318899411023,0.12055057237845326,0.4286475521080297,37.34939759036143,0.43214285714285666,0.015461282903143352,5344000.0,0.3125,0.2919289091784806,0.33184267271439033,0.2761635391417107,0.34681760167678916,0.18356283952758806,0.07633611401618176,0.0686709622202149,0,1,0.0071684894786124,0.0,0.0422468700847379,-0.0112150708201399,0.0052310494175525,5.138724140497807e-05,0.0,0.0017847980319567,0.0001257778135007,2.7363878008876377e-05,0.27840449422907887,0.2781892602079574,0.29544853530179077,0.25674655871285407,0.2424337204138852,44.565217391304344,47.9591836734694,41.22807017543859,20.535714285714278,47.42268041237113,-0.22903982482796081,-0.2650529632774017,-0.28679987143246777,-0.21888305217336423,0.27099913593347935,0.4964285714285709,0.5035714285714281,0.5749999999999998,0.5928571428571424,0.646428571428571,0.1339522156931124,0.14506548518506332,0.15075875941138941,0.1384631051327137,0.08466688718228442,0.0071684894786124,0.0,0.0422468700847379,0.0112150708201399,0,8,3,2023,0,0,7,1,0,0,0,0,-1,0,0.13136072485303382,0,-0.11968503937007877,-0.16220472440944878,0.27667769608106624,8.07263867940625e-05,0.0089847864078152,0.1315408538916055
2023-08-22,27.5,27.5,27.8,27.5,4420000.0,0.0,0.0,0.0,0.0,0.0,0.0819344671458572,0.2360746092844259,WAPCO,27.419999999999998,27.47928311876666,27.615000000000002,27.553167577039165,27.567500000000003,27.71884026992882,28.397,27.669043792104688,-0.0024485354130770855,-0.031587843786315406,-0.19426854358312795,-0.1783699308780824,-0.015898612705045556,27.567500000000003,28.429123314937165,26.70587668506284,0.06251007998093133,0.4608297507566138,41.66666666666665,0.18571428571428555,0.006753246753246747,3439500.0,1.285070504433784,0.08193446714585739,0.10828167738005225,0.23607460928442645,0.34547475161463415,0.06800574636745699,0.05231115674561779,0.018029324014008127,0,-1,0.0072993024816115,0.0,-0.0072993024816114,-0.0108500160240658,-0.0089847864078152,5.327981671806032e-05,0.0,5.327981671805974e-05,0.0001177228477224,8.07263867940625e-05,0.23735758451110747,0.23503858282104945,0.23503858282104945,0.24592803740437177,0.27667769608106624,64.40677966101696,62.49999999999998,56.45161290322585,44.87179487179489,37.80487804878047,-0.2010239640981908,-0.2067223522596251,-0.1906250607528115,-0.15547325124098066,-0.19881547332101235,0.24642857142857139,0.23928571428571413,0.24999999999999975,0.3714285714285711,0.42857142857142805,0.0639411071344428,0.07382274542864439,0.07856358411302383,0.08711572979972848,0.10739571292794745,0.0072993024816115,0.0,0.0072993024816114,0.0108500160240658,1,8,3,2023,0,0,22,0,1,0,0,0,-1,0,0.06598320366388051,0,-0.13385826771653545,-0.16220472440944878,0.2189021734555047,0.0,0.0,0.31510640476312307
2023-08-23,27.5,27.5,27.5,27.5,3180000.0,0.0,0.0,0.0,0.0,0.0,0.0819344671458572,0.218902173455504,WAPCO,27.419999999999998,27.486188745844444,27.565000000000005,27.543500744850224,27.547500000000003,27.69799833945941,28.430999999999997,27.66241462378686,-0.0017242944005809232,-0.032745946326193154,-0.18676194866582208,-0.18004833443563034,-0.006713614230191733,27.547500000000003,28.39508169921448,26.699918300785527,0.061536015915380805,0.471979102401559,41.66666666666665,0.17857142857142858,0.006493506493506494,3287500.0,0.9673003802281369,0.08193446714585739,0.08782834684714085,0.2189021734555047,0.34547475161463415,0.06800574636745699,0.05231115674561779,0.020109564016928528,0,-1,0.0,0.0072993024816115,0.0,0.0,0.010772096981911,0.0,5.327981671806032e-05,0.0,0.0,0.0001160380733876,0.23607460928442645,0.23735758451110747,0.23503858282104945,0.23609853897493058,0.28108539755196366,41.66666666666665,64.40677966101696,62.49999999999998,44.87179487179489,42.04545454545454,-0.19426854358312795,-0.2010239640981908,-0.2067223522596251,-0.16730633507316028,-0.16996420546441016,0.18571428571428555,0.24642857142857139,0.23928571428571413,0.30714285714285694,0.4178571428571424,0.06251007998093133,0.0639411071344428,0.07382274542864439,0.08300121597203791,0.09813714689219172,0.0,0.0072993024816115,0.0,0.0,2,8,3,2023,0,0,23,0,0,1,0,0,-1,0,0.06598320366388051,0,-0.13385826771653545,-0.16220472440944878,0.2239395346986038,0.000214689215039,0.0146522767868703,0.320024932148384
2023-08-24,27.1,27.5,27.5,27.1,2500000.0,-1.45,-0.0145454545454545,-0.0146522767868703,0.000214689215039,0.0146522767868703,0.1272824201860287,0.2239395346986032,WAPCO,27.380000000000003,27.3574591638963,27.475,27.462864245786548,27.507500000000004,27.641046116653754,28.411000000000005,27.64035914834424,-0.014814141597746156,-0.04614409911653948,-0.2106612039452429,-0.18617090833755287,-0.024490295607690032,27.507500000000004,28.360528659974587,26.65447134002542,0.062021533034596635,0.26114518824482164,27.50000000000003,0.17857142857142858,0.006589351607801792,3235000.0,0.7727975270479135,0.12728242018602864,0.10791440497627934,0.2239395346986038,0.347014726633563,0.08694178928586757,0.060183142794723414,0.0214221426812136,0,-1,0.0,0.0,0.0072993024816115,-0.0072993024816114,0.0,0.0,0.0,5.327981671806032e-05,5.327981671805974e-05,0.0,0.2189021734555047,0.23607460928442645,0.23735758451110747,0.23503858282104945,0.27673758454750663,41.66666666666665,41.66666666666665,64.40677966101696,56.45161290322585,43.02325581395346,-0.18676194866582208,-0.19426854358312795,-0.2010239640981908,-0.1906250607528115,-0.14542302175380684,0.17857142857142858,0.18571428571428555,0.24642857142857139,0.24999999999999975,0.3999999999999996,0.061536015915380805,0.06251007998093133,0.0639411071344428,0.07856358411302383,0.0946401780713583,0.0,0.0,0.0072993024816115,0.0072993024816114,3,8,3,2023,0,0,24,0,0,0,1,0,-1,0,0.6019446364370414,0,-0.14645669291338578,-0.16220472440944878,0.2245891773452787,1.3566296796668204e-05,0.0036832454162963,0.26179965343614825
2023-08-25,27.2,27.1,27.35,27.1,1680000.0,0.37,0.0036900369003689,0.0036832454162963,1.3566296796668204e-05,0.0036832454162963,0.132540720653676,0.2245891773452781,WAPCO,27.360000000000003,27.30497277593087,27.419999999999998,27.41507074655263,27.5225,27.599041724591494,28.358999999999995,27.623090162134663,-0.01171768553002095,-0.04086885997390584,-0.2190077862417077,-0.19273828391838382,-0.026269502323323868,27.5225,28.340375939634352,26.70462406036565,0.0594332593067019,0.302842959199789,31.7073170731707,0.1892857142857142,0.006959033613445375,3210000.0,0.5233644859813084,0.1325407206536758,0.10788738531983078,0.2245891773452787,0.33626400571563764,0.0924333579880616,0.06715089443626619,0.022502074292649166,0,-1,-0.0146522767868703,0.0,0.0,0.0,-0.0089686699827603,0.000214689215039,0.0,0.0,0.0,8.043704125966699e-05,0.2239395346986038,0.2189021734555047,0.23607460928442645,0.23503858282104945,0.26989057942889677,27.50000000000003,41.66666666666665,41.66666666666665,62.49999999999998,38.63636363636363,-0.2106612039452429,-0.18676194866582208,-0.19426854358312795,-0.2067223522596251,-0.1444813761485868,0.17857142857142858,0.17857142857142858,0.18571428571428555,0.23928571428571413,0.40714285714285686,0.062021533034596635,0.061536015915380805,0.06251007998093133,0.07382274542864439,0.09494166846094676,0.0146522767868703,0.0,0.0,0.0,4,8,3,2023,0,0,25,0,0,0,0,1,-1,0,0.06874517468222645,0,-0.14330708661417324,-0.16220472440944878,0.18577868065747824,5.367086343065923e-05,0.0073260400920728,0.2511060027829092
2023-08-28,27.4,27.2,27.7,27.4,4000000.0,0.74,0.0073529411764705,0.0073260400920728,5.367086343065923e-05,0.0073260400920728,0.1326429123061103,0.1857786806574776,WAPCO,27.339999999999996,27.336648517287248,27.380000000000003,27.412330610815786,27.5625,27.580085369868492,28.331999999999997,27.61434152832546,-0.005895691609977376,-0.03289566567838482,-0.20709690016353477,-0.19561000716741403,-0.01148689299612074,27.5625,28.259769109116068,26.865230890883932,0.050595490910916474,0.38347397161620733,42.49999999999997,0.20714285714285705,0.007559958289885294,3168500.0,1.262427015938141,0.1326429123061099,0.11655777816180783,0.18577868065747824,0.3351660500442291,0.09864548624846342,0.07905063155708664,0.027033478626705024,0,-1,0.0036832454162963,-0.0146522767868703,0.0,0.0072993024816115,0.0018001805041478,1.3566296796668204e-05,0.000214689215039,0.0,5.327981671806032e-05,3.240649847513998e-06,0.2245891773452787,0.2239395346986038,0.2189021734555047,0.23735758451110747,0.25234736690116527,31.7073170731707,27.50000000000003,41.66666666666665,64.40677966101696,47.297297297297305,-0.2190077862417077,-0.2106612039452429,-0.18676194866582208,-0.2010239640981908,-0.13810850422257914,0.1892857142857142,0.17857142857142858,0.17857142857142858,0.24642857142857139,0.3571428571428569,0.0594332593067019,0.062021533034596635,0.061536015915380805,0.0639411071344428,0.09339604643247865,0.0036832454162963,0.0146522767868703,0.0,0.0072993024816115,0,8,3,2023,0,0,28,1,0,0,0,0,-1,0,0.20199391698534286,0,-0.13700787401574807,-0.16220472440944878,0.22315357843654557,0.0015492941370325,0.0393610738805803,0.4016776506740943
2023-09-13,29.0,29.15,29.15,29.0,4870000.0,-0.51,-0.0051457975986277,-0.0051590828100273,2.661613544071955e-05,0.0051590828100273,0.4569517151442528,0.302803556499424,WAPCO,29.46,29.246636620672497,29.369999999999997,29.143094626435357,28.505000000000003,28.78928679670971,28.368,28.25416513532718,0.017365374495702416,0.022278623801466495,0.4153765800726852,0.35593770327929986,0.05943887679338533,28.505000000000003,30.603596021905886,26.40640397809412,0.1472440639821704,0.6179359902603963,63.97058823529411,0.6892857142857144,0.023768472906403944,3857500.0,1.2624756966947506,0.4569517151442525,0.3755951716172072,0.3028035564994242,0.2747323426182022,0.3538460124803947,0.25637200706836827,0.032915242396907934,0,1,0.0051590828100272,-0.0504308536268919,0.0282645581696314,0.0204785313435407,0.020834086902842,2.661613544071817e-05,0.002543270997537,0.0007988852485244,0.0004193702459883,0.0004340591770751,0.30525595773643366,0.30507544934247444,0.2425194142188541,0.2278674461292678,0.23116492140490782,61.702127659574465,60.869565217391305,77.77777777777779,74.468085106383,66.17647058823533,0.4551172418292744,0.48394816295380494,0.528980383546152,0.37499086748662336,0.019344266702869817,0.7071428571428573,0.6000000000000002,0.5142857142857145,0.43928571428571445,0.3071428571428572,0.14991722577157301,0.1510848932716455,0.15071565410855514,0.12336136582952259,0.06757743681569751,0.0051590828100272,0.0504308536268919,0.0282645581696314,0.0204785313435407,2,9,3,2023,0,0,13,0,0,1,0,0,1,0,0.2546958150128114,0,-0.08661417322834646,-0.14645669291338578,0.30676892086347757,0.0002922196518755,0.0170944333593,0.1942217937376087
2023-09-14,29.5,29.0,29.5,29.0,3410000.0,1.72,0.0172413793103447,0.0170944333593,0.0002922196518755,0.0170944333593,0.4816587951473432,0.3067689208634774,WAPCO,29.429999999999996,29.33109108044833,29.415,29.207986512538017,28.615000000000002,28.856973768451642,28.359,28.303021404530035,0.03092783505154632,0.040234140837123955,0.41939313761299246,0.3686287901460384,0.050764347466954074,28.615000000000002,30.677982001095362,26.552017998904642,0.14418885207725737,0.7144953275234827,65.97222222222223,0.7071428571428573,0.023970944309927366,3954500.0,0.8623087621696801,0.4816587951473427,0.38541229933567744,0.30676892086347757,0.26728404447216664,0.360626331667223,0.2637847102782597,0.03648911988715334,0,1,-0.0051590828100273,0.0051590828100272,-0.0504308536268919,0.0016877641137196,-0.0017196908795265,2.661613544071955e-05,2.661613544071817e-05,0.002543270997537,2.8485477035597565e-06,2.95733672112693e-06,0.3028035564994242,0.30525595773643366,0.30507544934247444,0.22621024894477376,0.18565121159304912,63.97058823529411,61.702127659574465,60.869565217391305,74.73684210526315,70.31250000000001,0.4153765800726852,0.4551172418292744,0.48394816295380494,0.42603633952334263,0.11463656896897945,0.6892857142857144,0.7071428571428573,0.6000000000000002,0.43928571428571445,0.292857142857143,0.1472440639821704,0.14991722577157301,0.1510848932716455,0.1328185808925528,0.07989890616447884,0.0051590828100273,0.0051590828100272,0.0504308536268919,0.0016877641137196,3,9,3,2023,0,0,14,0,0,0,1,0,1,0,0.559309174371569,0,-0.07086614173228346,-0.14645669291338578,0.31286648567660774,0.0002922196518755,0.0170944333593,0.12591830695066122
2023-10-06,29.5,29.6,29.5,29.0,2200000.0,-0.34,-0.0033783783783783,-0.0033840979842405,1.1452119166941078e-05,0.0033840979842405,0.1961255369058015,0.2720508069261227,WAPCO,29.6,29.512619650318054,29.380000000000003,29.423513874337534,29.317500000000003,29.23407501889613,28.46,28.729172047754165,0.0062249509678518776,0.03654251581166546,0.2640547211249,0.26735046470896423,-0.0032957435840642035,29.317500000000003,30.192458645640112,28.442541354359893,0.05968848951241475,0.6042906432831934,50.0,0.4071428571428576,0.013801452784503647,3839500.0,0.5729912749055867,0.19612553690580087,0.2004822571143093,0.2720508069261229,0.25659063282283157,0.15061301330453164,0.12666698150029976,0.028826460130877054,0,-1,0.0050804512324191,-0.0016963532481784,-0.0151390612156841,-0.0067796869853788,0.0017286089006176,2.5810984724989096e-05,2.877614342605415e-06,0.0002291911744922,4.5964155619714735e-05,2.988088731294695e-06,0.2716450892086648,0.2861300201652253,0.29815687355644543,0.2945325137833824,0.31306142857197217,57.50000000000001,53.75,56.09756097560975,47.706422018348626,49.15254237288135,0.27364776692902737,0.27172983241823445,0.2806021438983777,0.23556968498480302,0.2643127182212801,0.40000000000000036,0.3750000000000003,0.4642857142857145,0.5642857142857144,0.6250000000000002,0.06005458948484305,0.06018951385243818,0.060647424149237676,0.05858755855301365,0.11622560436967905,0.0050804512324191,0.0016963532481784,0.0151390612156841,0.0067796869853788,4,10,4,2023,0,0,6,0,0,0,0,1,1,0,0.18976915383809345,0,-0.07086614173228346,-0.09921259842519681,0.26255919060050353,2.8678762253303743e-06,0.0016934805063331,0.04082905195922981
2023-10-09,29.55,29.5,29.55,29.5,2200000.0,0.17,0.0016949152542373,0.0016934805063331,2.8678762253303743e-06,0.0016934805063331,0.1219455270695698,0.2625591906005033,WAPCO,29.52,29.525079766878704,29.435000000000002,29.446511351730706,29.3125,29.264163112334593,28.493000000000002,28.761361379214787,0.008102345415778275,0.03709683080054745,0.2575182354250849,0.2653840188521884,-0.007865783427103479,29.3125,30.180574093370133,28.444425906629867,0.0592289360081967,0.6367970786214527,58.73015873015872,0.3750000000000005,0.012690355329949256,3791500.0,0.5802452855070552,0.12194552706956985,0.20048302413003005,0.26255919060050353,0.25660848998325886,0.12376223077174905,0.10165823536589066,0.02574866755262118,0,-1,-0.0033840979842405,0.0050804512324191,-0.0016963532481784,0.0185346502168223,0.0017256259674698,1.1452119166941078e-05,2.5810984724989096e-05,2.877614342605415e-06,0.0003435332586599,2.977784979606281e-06,0.2720508069261229,0.2716450892086648,0.2861300201652253,0.2927309202354292,0.3129485382436342,50.0,57.50000000000001,53.75,44.66019417475728,42.857142857142854,0.2640547211249,0.27364776692902737,0.27172983241823445,0.28275404482178956,0.24190663496018416,0.4071428571428576,0.40000000000000036,0.3750000000000003,0.5178571428571431,0.578571428571429,0.05968848951241475,0.06005458948484305,0.06018951385243818,0.062017916747062946,0.09979629911047631,0.0033840979842405,0.0050804512324191,0.0016963532481784,0.0185346502168223,0,10,4,2023,0,0,9,1,0,0,0,0,1,0,0.004037865628700214,0,-0.06929133858267714,-0.09921259842519681,0.26248105398846117,0.0,0.0,0.07274488787136553
2023-10-10,29.55,29.55,30.4,29.5,309290.0,0.0,0.0,0.0,0.0,0.0,0.0517049921238985,0.2624810539884609,WAPCO,29.53,29.533386511252473,29.529999999999994,29.465327469597845,29.265000000000004,29.29138567306463,28.546,28.792288383951465,0.009738595592003983,0.03517130245918872,0.24946237642465618,0.26219969036668195,-0.012737313942025763,29.265000000000004,29.942534229083943,28.587465770916065,0.04630338145114908,0.7103214773261944,60.65573770491804,0.4285714285714288,0.014503263234227709,3360964.5,0.09202417936874965,0.05170499212389915,0.1810817170124991,0.26248105398846117,0.25628161635195545,0.16843219025142697,0.1627586379081689,0.02186554563230281,0,-1,0.0016934805063331,-0.0033840979842405,0.0050804512324191,-0.0151390612156841,-0.013889112160667,2.8678762253303743e-06,1.1452119166941078e-05,2.5810984724989096e-05,0.0002291911744922,0.0001929074366115,0.26255919060050353,0.2720508069261229,0.2716450892086648,0.29815687355644543,0.31243135226880336,58.73015873015872,50.0,57.50000000000001,56.09756097560975,45.91836734693879,0.2575182354250849,0.2640547211249,0.27364776692902737,0.2806021438983777,0.18968640864496678,0.3750000000000005,0.4071428571428576,0.40000000000000036,0.4642857142857145,0.5535714285714288,0.0592289360081967,0.05968848951241475,0.06005458948484305,0.060647424149237676,0.08200765681631396,0.0016934805063331,0.0033840979842405,0.0050804512324191,0.0151390612156841,1,10,4,2023,0,0,10,0,1,0,0,0,1,0,0.06598320366388051,0,-0.06929133858267714,-0.09921259842519681,0.2415656765029648,2.589862845187524e-05,0.0050890695074714,0.10151332924402476
2023-10-25,28.5,29.0,29.0,28.5,2200000.0,-1.72,-0.0172413793103448,-0.0173917427118692,0.0003024727145558,0.0173917427118692,0.1234691249406715,0.1532398424444779,WAPCO,28.9,28.861212866009847,29.07,29.01742802116263,29.310000000000002,29.116270288693148,28.866999999999997,28.89169182442972,-0.0276356192425794,-0.012713479059133176,-0.04942958762466887,0.06172872670631677,-0.11115831433098564,29.310000000000002,29.9585611605306,28.661438839469405,0.04425528219246657,-0.12445922550876241,15.624999999999986,0.5821428571428573,0.020426065162907275,1690956.5,1.3010387907672374,0.12346912494067136,0.11396259640677232,0.1532398424444787,0.23651416759197424,0.2207247802544013,0.23124536251478917,0.06830023192003876,0,1,0.0,0.0,0.0,-0.0102916860365476,-0.0050890695074714,0.0,0.0,0.0,0.0001059188014748,2.589862845187524e-05,0.14869192265478914,0.1488120333929117,0.14892044462873727,0.14944831138870865,0.2415656765029648,32.00000000000007,30.76923076923083,22.857142857142932,38.00000000000001,57.81249999999998,0.0031433304295127584,0.019290679212424777,0.039619976324974715,0.09642891952037758,0.22834211793230708,0.5821428571428573,0.5357142857142859,0.5535714285714288,0.5178571428571431,0.4285714285714288,0.03605730369939439,0.041485166447126826,0.041485166447126826,0.042761773740532125,0.04563069682130605,0.0,0.0,0.0,0.0102916860365476,2,10,4,2023,0,0,25,0,0,1,0,0,-1,0,0.7021507752885365,0,-0.10236220472440945,-0.10236220472440945,0.13306084170861893,0.0,0.0,0.5285492466871954
2023-10-26,28.5,28.5,28.5,28.5,858910.0,0.0,0.0,0.0,0.0,0.0,0.1234691249406715,0.1330608417086179,WAPCO,28.8,28.7408085773399,28.98,28.92335019913306,29.255000000000003,29.057577880246182,28.886999999999997,28.876331360726596,-0.025807554264228424,-0.013397029805794889,-0.09005589564290517,0.03137180223647239,-0.12142769787937756,29.255000000000003,29.98185334798369,28.528146652016314,0.04969088005357636,-0.019361988284427586,16.666666666666657,0.5392857142857144,0.01892230576441103,1569902.0,0.5471105839727576,0.12346912494067136,0.11396259640677232,0.13306084170861893,0.23651416759197424,0.20540655224577592,0.18870328201542913,0.06721614922063841,0,-1,-0.0173917427118692,0.0,0.0,0.0,0.0,0.0003024727145558,0.0,0.0,0.0,0.0,0.1532398424444787,0.14869192265478914,0.1488120333929117,0.14892044462873727,0.16433414373242783,15.624999999999986,32.00000000000007,30.76923076923083,41.304347826087,57.1428571428571,-0.04942958762466887,0.0031433304295127584,0.019290679212424777,0.06499126134754007,0.20919271748465817,0.5821428571428573,0.5821428571428573,0.5357142857142859,0.5392857142857146,0.4750000000000004,0.04425528219246657,0.03605730369939439,0.041485166447126826,0.04189832244999844,0.045523761291005375,0.0173917427118692,0.0,0.0,0.0,3,10,4,2023,0,0,26,0,0,0,1,0,-1,0,0.06598320366388051,0,-0.10236220472440945,-0.10236220472440945,0.12408326175331402,7.76271953960693e-05,0.0088106296821549,0.5965052905233611
2023-10-27,28.25,28.5,29.0,28.25,1960000.0,-0.88,-0.0087719298245614,-0.0088106296821549,7.76271953960693e-05,0.0088106296821549,0.123675316480795,0.1240832617533128,WAPCO,28.65,28.5772057182266,28.865,28.800922890199775,29.1975,28.980665701175116,28.901999999999997,28.851769346580458,-0.032451408511002706,-0.02255899245726931,-0.1408023660772173,-0.003063031426265548,-0.13773933465095176,29.1975,30.047561917250324,28.34743808274968,0.05822840429833527,-0.05731234441419305,11.7647058823529,0.5892857142857143,0.02085967130214918,1571402.0,1.247293817877284,0.12367531648079488,0.11580018941182581,0.12408326175331402,0.22519749112713677,0.20184426407747422,0.18275036387769492,0.06523258959065413,0,-1,0.0,-0.0173917427118692,0.0,0.0,0.0,0.0,0.0003024727145558,0.0,0.0,0.0,0.13306084170861893,0.1532398424444787,0.14869192265478914,0.14892044462873727,0.16352120955823216,16.666666666666657,15.624999999999986,32.00000000000007,22.857142857142932,56.451612903225765,-0.09005589564290517,-0.04942958762466887,0.0031433304295127584,0.039619976324974715,0.19180566337342242,0.5392857142857144,0.5821428571428573,0.5821428571428573,0.5535714285714288,0.5750000000000003,0.04969088005357636,0.04425528219246657,0.03605730369939439,0.041485166447126826,0.04455702299185079,0.0,0.0173917427118692,0.0,0.0,4,10,4,2023,0,0,27,0,0,0,0,1,-1,0,0.3882647013975937,0,-0.11023622047244094,-0.11023622047244094,0.15704485655087044,0.0006865643190751,0.0262023723940241,0.6326036814511677
2023-12-27,31.6,31.45,31.9,31.6,1970000.0,0.48,0.0047694753577107,0.004758137446417,2.263987195899586e-05,0.004758137446417,0.2572901012260926,0.1566429543773775,WAPCO,31.439999999999998,31.280979847520683,30.584999999999997,30.832641896497318,30.119999999999997,30.3419945961551,29.455,29.722875575068752,0.049136786188579154,0.07282295026311333,0.540800809211305,0.34699025703306596,0.19381055217823906,30.119999999999997,31.720131573538012,28.519868426461983,0.10625043648990802,0.9624619701514949,82.69230769230774,0.4500000000000003,0.014240506329113932,3790897.5,0.5196658574915307,0.25729010122609197,0.18889567829605505,0.15664295437737824,0.2080471309695932,0.38253169766255496,0.26515037791767804,0.055004812183372456,0,1,-0.0047581374464169,0.0015835316056442,0.0175863845020759,0.0050293484050019,0.0,2.263987195899496e-05,2.5075723460741617e-06,0.0003092809198548,2.5294345378895743e-05,0.0,0.15694206394865087,0.15481114424584147,0.16530754912786394,0.1043597677060541,0.1049913583782218,84.21052631578948,87.27272727272734,78.33333333333336,61.764705882352935,42.105263157894804,0.49271682376030057,0.43945011034814385,0.3497976854424678,0.1418985673515749,0.1549963358861035,0.4464285714285717,0.43571428571428583,0.4214285714285716,0.16071428571428573,0.2071428571428573,0.09709038581904837,0.08735455841381706,0.07049232305408791,0.020556658305691318,0.020091674099495242,0.0047581374464169,0.0015835316056442,0.0175863845020759,0.0050293484050019,2,12,4,2023,0,0,27,0,0,1,0,0,1,0,0.10806334215338545,0,-0.0047244094488188525,-0.07086614173228346,0.15815995996796503,1.0046204167337256e-05,0.003169574761279,0.3365906602762363
2024-01-05,34.65,33.0,34.65,33.0,6250000.0,5.0,0.05,0.048790164169432,0.0023804801196801,0.048790164169432,0.4145485637021414,0.2570627071804202,WAPCO,32.730000000000004,33.08632744889071,32.135000000000005,32.27824011824398,30.9875,31.410985036543227,29.872000000000003,30.336455677036508,0.11819281968535693,0.1599491162292446,0.9641996799101342,0.6404962744850258,0.32370340542510845,30.9875,33.828344018393835,28.146655981606166,0.18335419239330922,1.1446147652398588,95.4545454545454,0.696428571428572,0.02009894867037726,4668075.0,1.3388816589279307,0.41454856370214127,0.320680042530001,0.25706270718042057,0.23919445035911815,0.2835108625333094,0.12354173718067488,0.044140558774588126,0,1,0.0,0.0465200156348929,0.0,-0.003169574761279,0.0361287240885054,0.0,0.0021641118546706,0.0,1.0046204167337256e-05,0.0013052847042633,0.21057539341021814,0.21657530766113134,0.15762884621595932,0.15815995996796503,0.1611535608339696,93.5897435897435,93.5897435897435,89.58333333333321,82.69230769230762,76.7857142857143,0.7768655758020273,0.6944592745469222,0.579177642406087,0.5643332672232191,0.23537153313824888,0.5821428571428575,0.5464285714285718,0.43928571428571467,0.44285714285714334,0.23571428571428577,0.1491388600405548,0.13708814504665545,0.11859342745043416,0.11149769576369067,0.04501524177656954,0.0,0.0465200156348929,0.0,0.003169574761279,4,1,1,2024,0,0,5,0,0,0,0,1,1,0,1.7186982266595516,0,0.0,-0.06771653543307082,0.39008326009601774,0.0085171550668716,0.0922884340904735,1.0244363923318136
2024-01-19,47.0,46.0,47.0,46.0,18770000.0,2.17,0.0217391304347827,0.0215062052209636,0.0004625168630062,0.0215062052209636,0.8075748385210748,0.642973179775401,WAPCO,45.86,45.30757505305195,42.67999999999999,42.72476923316822,37.4075,39.087983150647034,32.742000000000004,34.52211613132555,0.2564325335828377,0.43546515179280415,4.156708369648037,3.083017808316772,1.0736905613312646,37.4075,49.426050354829954,25.388949645170044,0.6425743690345496,0.899070591577004,83.54978354978356,2.432142857142857,0.05174772036474164,7248000.0,2.589679911699779,0.8075748385210743,0.8701513894080867,0.6429731797754008,0.4361705393066957,0.7485889007301558,0.6322177427760497,0.20496741747251201,1,1,0.0,-0.0278688990087922,0.0953101798043247,0.0253178079842897,0.048790164169432,0.0,0.0007766755319622,0.0090840303743327,0.0006409914011293,0.0023804801196801,0.6455117177957528,0.6455117177957528,0.6245967587068953,0.535050040436759,0.25706270718042057,82.8054298642534,82.43243243243244,87.64845605700712,80.28673835125446,95.4545454545454,3.9626999854594587,3.759253648033898,3.444902087930238,2.512393393762366,0.9641996799101342,2.3785714285714286,2.1857142857142855,1.8607142857142853,1.3214285714285714,0.696428571428572,0.6253637325178313,0.6098770028510432,0.5779392163835593,0.4576012782131287,0.18335419239330922,0.0,0.0278688990087922,0.0953101798043247,0.0253178079842897,4,1,1,2024,0,0,19,0,0,0,0,1,1,0,0.7206861127436566,0,-0.006342494714587678,-0.060240963855421686,0.6573307735881183,0.0004625168630062,0.0215062052209636,0.602475383567637
2024-01-22,46.0,47.0,47.3,46.0,6530000.0,-2.13,-0.0212765957446808,-0.0215062052209636,0.0004625168630062,0.0215062052209636,0.7887919147392787,0.6573307735881185,WAPCO,46.459999999999994,45.538383368701304,43.48,43.320265736228535,38.13,39.74627046963303,33.074,34.97222922421474,0.20639916076580112,0.39082058414464543,4.181567264728578,3.3027276995991337,0.8788395651294443,38.13,50.40060672801833,25.85939327198167,0.6436195503812394,0.8206850392340372,80.08298755186723,2.5249999999999995,0.054891304347826075,7139500.0,0.9146298760417396,0.7887919147392781,0.8304464657248529,0.6573307735881183,0.4398121390864091,0.6398238811642416,0.518761274607136,0.20953247920072954,1,1,0.0215062052209636,0.0,-0.0278688990087922,0.072320661579626,0.0922884340904735,0.0004625168630062,0.0,0.0007766755319622,0.0052302780913148,0.0085171550668716,0.6429731797754008,0.6455117177957528,0.6455117177957528,0.5682521794494072,0.39008326009601774,83.54978354978356,82.8054298642534,82.43243243243244,83.72781065088756,97.14285714285711,4.156708369648037,3.9626999854594587,3.759253648033898,2.8612038844825776,1.3672198505941466,2.432142857142857,2.3785714285714286,2.1857142857142855,1.5678571428571428,0.928571428571429,0.6425743690345496,0.6253637325178313,0.6098770028510432,0.500482470998082,0.26585142389088506,0.0215062052209636,0.0,0.0278688990087922,0.072320661579626,0,1,1,2024,0,0,22,1,0,0,0,0,1,0,0.8526525200714177,0,-0.02748414376321347,-0.060240963855421686,0.7155931541926738,0.0039439531964344,0.0628009012390303,0.6031224202947215
2024-01-23,43.2,46.0,46.9,42.0,5880000.0,-6.09,-0.0608695652173912,-0.0628009012390303,0.0039439531964344,0.0628009012390303,0.5020876167541136,0.715593154192674,WAPCO,45.64,44.758922245800875,43.65,43.29839923873243,38.71,40.07519709157274,33.352000000000004,35.29488690169652,0.1159907000774994,0.295274646198129,3.9300285954642717,3.4281878787721616,0.5018407166921102,38.71,50.77589800789178,26.644101992108215,0.6233995354116137,0.6860615760660039,70.07874015748033,2.7678571428571423,0.06407076719576718,7296500.0,0.8058658260809978,0.5020876167541128,0.8248660324293946,0.7155931541926738,0.4614639437952313,0.7093818763438888,0.6436077539341967,0.21528745130166327,1,1,-0.0215062052209636,0.0215062052209636,0.0,0.0953101798043247,0.0881072675102668,0.0004625168630062,0.0004625168630062,0.0,0.0090840303743327,0.0077628905881257,0.6573307735881183,0.6429731797754008,0.6455117177957528,0.6245967587068953,0.4674478158965892,80.08298755186723,83.54978354978356,82.8054298642534,87.64845605700712,97.95918367346935,4.181567264728578,4.156708369648037,3.9626999854594587,3.444902087930238,1.946597820781399,2.5249999999999995,2.432142857142857,2.3785714285714286,1.8607142857142853,1.192857142857143,0.6436195503812394,0.6425743690345496,0.6253637325178313,0.5779392163835593,0.37973420333989666,0.0215062052209636,0.0215062052209636,0.0,0.0953101798043247,1,1,1,2024,0,0,23,0,1,0,0,0,1,0,2.363159369328297,0,-0.08668076109936564,-0.08668076109936564,0.7192479657934427,0.0016664352366117,0.0408219945202549,0.7986543548934402
2024-02-07,40.0,41.0,40.95,39.5,3320000.0,-2.44,-0.024390243902439,-0.0246926125903715,0.0006097251165381,0.0246926125903715,0.7454455440028434,0.8537433363612894,WAPCO,40.57,40.54919176028609,41.08,41.027481244928914,42.665,40.710257818204795,35.978,37.417702305280066,-0.062463377475682626,0.11179053866251594,1.0493594987694834,1.8732041214297812,-0.8238446226602978,42.665,48.83684609420335,36.493153905796646,0.2893165870949656,0.28410025466262123,36.36363636363635,2.2607142857142852,0.056517857142857134,6765000.0,0.49076127124907615,0.7454455440028428,0.9225584473040322,0.8537433363612887,0.5698228248039069,0.8848365347289723,0.5279477220568793,0.1454514713219865,1,-1,-0.0036518604187709,0.0,0.0396582329094159,-0.1053605156578262,0.0408219945202549,1.333608451818602e-05,0.0,0.0015727754374974,0.011100838259683,0.0016664352366117,0.9035244410960898,0.9535374551723317,0.963189218553647,0.9177532216028736,0.7192479657934427,38.09523809523809,36.11738148984199,46.502835538752365,44.07114624505928,72.05882352941177,1.2458622607303056,1.376731425840589,1.5084701576600423,1.9801273144547764,3.8317572324171536,2.353571428571428,2.675,2.9821428571428568,2.689285714285713,2.860714285714285,0.2946399276035397,0.29338185910534886,0.30901563828223877,0.40274269656806133,0.602706371829975,0.0036518604187709,0.0,0.0396582329094159,0.1053605156578262,2,2,1,2024,0,0,7,0,0,1,0,0,1,0,0.9692072019101573,0,-0.15433403805496823,-0.23890063424947142,0.8680002415835679,0.0058692610066286,0.0766111023718405,0.5142227044777136
2024-02-20,36.35,35.9,36.4,35.85,3740000.0,1.25,0.0125348189415042,0.0124569084852952,0.000155174569011,0.0124569084852952,0.1031061874956034,0.7281667548529028,WAPCO,35.75,36.087615514975695,36.505,36.81196474856348,39.042500000000004,37.93365320989102,37.141,37.01318553465762,-0.06896330921431779,-0.021297218707089116,-0.9216884795151259,-0.2840386688128457,-0.6376498107022802,39.042500000000004,45.749783943202466,32.33521605679754,0.3435888553859236,0.29928537223112994,51.46443514644353,1.417857142857143,0.03900569856553351,4360500.0,0.8576998050682261,0.10310618749560395,0.42619798493573613,0.7281667548529024,0.5977780154393213,0.1034313086788267,0.0760034984645767,0.09177133839397845,1,-1,0.011204599012863,0.0,0.0,-0.0291484897144172,-0.0036518604187709,0.000125543039039,0.0,0.0,0.0008496344526314,1.333608451818602e-05,0.7237481718087759,0.7289197782910672,0.7289197782910672,0.8208589945310666,0.9035244410960898,36.7741935483871,27.748691099476446,27.748691099476446,26.48514851485149,38.09523809523809,-0.9157604961910977,-0.8490558993492741,-0.7108394008442716,-0.2780963376133485,1.2458622607303056,1.6642857142857146,1.9464285714285718,2.0857142857142863,2.128571428571429,2.353571428571428,0.3466745999307217,0.3622023687512877,0.37439936609360136,0.35811842922392934,0.2946399276035397,0.011204599012863,0.0,0.0,0.0291484897144172,1,2,1,2024,0,0,20,0,1,0,0,0,-1,0,0.3896744812691266,0,-0.23150105708245236,-0.24947145877378432,0.7054973516372297,0.0005598669370854,0.0236615074981583,0.2098468883448711
2024-04-19,33.0,33.0,33.45,33.0,446980.0,0.0,0.0,0.0,0.0,0.0,0.1067583387085075,0.3130261590888449,WAPCO,33.1,33.32555275530872,34.33,34.05219151777522,35.5225,34.78653207328804,35.586,35.45288715701526,-0.07101133084664651,-0.07266902714550662,-0.7646828523147491,-0.3869519435064847,-0.3777309088082644,35.5225,38.89490738626729,32.15009261373271,0.18987443937038728,0.1260090032017158,24.264705882352928,1.078571428571428,0.03268398268398267,2386020.0,0.1873328806967251,0.10675833870850752,0.3017085167783158,0.3130261590888446,0.521430872368891,0.4016930024078513,0.3229906080004205,0.08589923065945122,0,-1,0.0,0.0,-0.0150378773645405,-0.059394717418229,-0.0279831716634703,0.0,0.0,0.0002261377556309,0.0035277324571912,0.0007830578963472,0.31558411082340565,0.3174192375416554,0.3174192375416554,0.33063650657711124,0.2517646886476009,27.972027972027973,28.965517241379317,25.60975609756099,35.63218390804599,66.39999999999998,-0.697198853236884,-0.600923656548602,-0.46930078868030023,-0.11796169461712225,0.32715504443513765,1.0999999999999994,1.1678571428571425,1.1892857142857143,0.9892857142857144,0.7214285714285715,0.17705394181599274,0.16211212866060526,0.14529016399153,0.11199623312455416,0.14305471384306068,0.0,0.0,0.0150378773645405,0.059394717418229,4,4,2,2024,0,0,19,0,0,0,0,1,-1,0,0.06598320366388051,0,-0.3023255813953488,-0.3023255813953488,0.3170117771029311,0.0002261377556309,0.0150378773645405,0.4951807416525861
2024-05-21,33.5,33.5,33.55,33.5,6470000.0,0.0,0.0,0.0,0.0,0.0,0.0,0.5144520266649091,WAPCO,33.5,33.506202001285516,33.43,33.60089342864365,34.1425,33.8962104583863,34.78,34.60369115252005,-0.018818188474774792,-0.036802760207015554,-0.4175354200014212,-0.43799839128736057,0.02046297128593938,34.1425,36.61131070878101,31.673689291218984,0.1446180396152018,0.3698766175724271,57.303370786516844,0.9678571428571422,0.028891257995735588,2251952.5,2.873062375871605,0.0,0.2904918101204889,0.5144520266649086,0.421790114902261,0.1944418532622067,0.14171476741469005,0.07072225301102916,1,-1,0.0,0.0,0.0,0.0029895388483659,0.0,0.0,0.0,0.0,8.937342525889424e-06,0.0,0.5144520266649086,0.5144520266649086,0.5144520266649086,0.5173450551749389,0.5291582382936003,33.552631578947356,33.552631578947356,33.552631578947356,33.552631578947356,62.048192771084345,-0.4350656862783211,-0.4511124525258836,-0.46503232577238407,-0.4831543566094325,-0.31984454072900803,1.1892857142857136,1.307142857142857,1.4142857142857141,1.6035714285714282,1.5428571428571425,0.1446180396152018,0.14690704611128855,0.1491066921310654,0.15325217918734688,0.16191160620625555,0.0,0.0,0.0,0.0029895388483659,1,5,2,2024,0,0,21,0,1,0,0,0,-1,0,0.06598320366388051,0,-0.2917547568710359,-0.3054968287526426,0.5338270053988491,0.0019186697517535,0.0438026226583928,0.5259356878420256
2024-07-02,34.05,34.05,35.95,34.8,1540000.0,0.0,0.0,0.0,0.0,0.0,0.0,0.3344583669838341,WAPCO,34.05,34.19275513109651,34.86,34.36468034493982,34.209999999999994,34.34631047672126,34.153,34.416149116297525,-0.004676995030692681,-0.0030158404825345224,0.05254497114676582,0.13852227748710838,-0.08597730634034256,34.209999999999994,36.58256246104949,31.837437538950493,0.13870578550420928,0.46628118276616015,51.72413793103448,1.4821428571428588,0.04352842458569336,973731.5,1.5815448098372087,0.0,0.29709710863934724,0.3344583669838338,0.4090232723558039,0.4122147285696094,0.44948086873847615,0.04255508739230533,0,-1,0.0,0.0,0.0,-0.0417026638858488,0.0543767708780718,0.0,0.0,0.0,0.001739112175176,0.0029568332111263,0.3420803359463949,0.3848363843163412,0.3848363843163412,0.3848363843163412,0.35582178495053923,56.52173913043476,56.52173913043476,56.52173913043476,51.41242937853107,55.76923076923076,0.09009310818738214,0.13670773970923022,0.19421648409225156,0.3510240919767682,-0.03547989831619702,1.4035714285714296,1.3750000000000004,1.3250000000000004,1.0892857142857142,1.0642857142857147,0.13911765804715187,0.13917214475221948,0.14125902721034841,0.14393186353067328,0.10278292609173868,0.0,0.0,0.0,0.0417026638858488,1,7,3,2024,0,0,2,0,1,0,0,0,-1,0,0.06598320366388051,0,-0.28012684989429176,-0.3023255813953488,0.363170914543123,0.001739112175176,0.0417026638858488,0.35256332569520393
2024-08-15,37.0,37.0,37.0,37.0,408220.0,0.0,0.0,0.0,0.0,0.0,0.0913842672298233,0.0651394583323457,WAPCO,36.94,36.97131435727567,36.97,36.94077845371426,36.9,36.7667883389399,35.789,36.100676257725794,0.0027100271002710413,0.033837212551342546,0.2995813370140823,0.371807596999941,-0.07222625998585869,36.9,37.190190500048814,36.60980949995118,0.015728482387469683,0.6723006093982737,50.0,0.25,0.006756756756756757,1415800.5,0.2883315834398985,0.09138426722982257,0.07797003703833388,0.06513945833234484,0.265850123715124,0.11946511569244597,0.05162516225794385,0.07769481845942403,0,-1,0.0,0.0081411575836998,-0.0081411575836997,-0.0053908486348765,0.0,0.0,6.627844680263384e-05,6.627844680263235e-05,2.9061249004150197e-05,0.0,0.06513945833234484,0.07937894738050431,0.08192700869856599,0.1035425871324261,0.15126540884440834,50.0,50.0,50.0,63.6363636363634,66.66666666666666,0.31521697523772474,0.33058876111244473,0.34540018583090415,0.41031475112838933,0.479562710983501,0.35357142857142876,0.35357142857142876,0.2964285714285718,0.3892857142857155,0.5285714285714295,0.018244854159039755,0.02007716448302142,0.021400378157758568,0.031078679231261584,0.03574260165384677,0.0,0.0081411575836998,0.0081411575836997,0.0053908486348765,3,8,3,2024,0,0,15,0,0,0,1,0,1,0,0.06598320366388051,0,-0.2177589852008456,-0.2283298097251585,0.06547137556293928,7.284908522798066e-06,0.0026990569691649,0.07371517236802226
2024-11-22,54.0,57.0,55.65,52.65,8100000.0,-5.26,-0.0526315789473684,-0.0540672212702758,0.0029232644158889,0.0540672212702758,1.0432494568096422,0.6280899170593706,WAPCO,52.65,52.153203367986016,45.865,48.1230182250722,41.975,44.07051445375906,38.695,40.22126515994907,0.28648004764740914,0.39552913813154156,4.232942914635508,2.326410333963712,1.9065325806717963,41.975,55.392800431555706,28.557199568444297,0.639323427352267,0.9480987797269608,84.2105263157895,2.0892857142857144,0.03869047619047619,6405612.5,1.2645160786731948,1.0432494568096418,0.8361336875609008,0.62808991705937,0.4096720211377107,0.7318957742084301,0.42087611432373434,0.16640644599781393,1,1,0.0239691901129964,0.0951305014281339,0.0953101798043249,0.0805388624840124,0.0,0.0005745220746729,0.0090498123019681,0.0090840303743327,0.0064865083702186,0.0,0.5729954125011152,0.5746312868675562,0.5097387106222585,0.3121358382056302,0.16113574287679408,96.969696969697,96.22641509433964,94.81481481481484,89.06250000000006,84.37499999999999,3.8588961759637,3.0198925760449384,2.0425477255879656,0.7554899579069456,0.500262259695269,1.7785714285714285,1.389285714285714,1.0285714285714285,0.5071428571428568,0.24285714285714274,0.5991119954872078,0.4948553570115259,0.34846684374325343,0.1352263376367276,0.10429988799820153,0.0239691901129964,0.0951305014281339,0.0953101798043249,0.0805388624840124,4,11,4,2024,0,0,22,0,0,0,0,1,1,1,2.0436925931047947,0,-0.05263157894736842,-0.2177589852008456,0.6403655695863538,0.000349395836544,0.0186921330121525,0.6913292378374614
2024-11-25,53.0,54.0,53.0,52.1,5530000.0,-1.85,-0.0185185185185184,-0.0186921330121525,0.000349395836544,0.0186921330121525,1.0639488831769246,0.6403655695863544,WAPCO,54.05,52.43546891199068,47.345000000000006,49.009742184149985,42.775,44.92094164863914,39.032000000000004,40.72239201642166,0.23904149620105206,0.3578602172576346,4.397988730807043,2.7407260133323783,1.6572627174746648,42.775,56.83635053781721,28.713649462182786,0.6574564833579059,0.8635852748461266,82.05128205128206,2.1964285714285716,0.041442048517520216,6649672.5,0.8316199030854527,1.0639488831769242,0.8563575128135467,0.6403655695863538,0.41247314051553563,0.6130860457595629,0.3152932347967979,0.18344749947747524,1,1,-0.0540672212702758,0.0239691901129964,0.0951305014281339,0.0909717782057267,-0.0052219439811516,0.0029232644158889,0.0005745220746729,0.0090498123019681,0.0082758644299119,2.7268698942285427e-05,0.62808991705937,0.5729954125011152,0.5746312868675562,0.4259306100232259,0.16347959586365476,84.2105263157895,96.969696969697,96.22641509433964,93.2692307692308,79.41176470588243,4.232942914635508,3.8588961759637,3.0198925760449384,1.2795723313597875,0.4876646266113269,2.0892857142857144,1.7785714285714285,1.389285714285714,0.8071428571428569,0.25714285714285673,0.639323427352267,0.5991119954872078,0.4948553570115259,0.22442897303909506,0.10321799177460378,0.0540672212702758,0.0239691901129964,0.0951305014281339,0.0909717782057267,0,11,4,2024,0,0,25,1,0,0,0,0,1,1,0.7497173793489167,0,-0.07017543859649122,-0.2177589852008456,0.6814040894780554,0.007667023302506,0.0875615400875637,0.8118930779813962
2025-01-16,70.0,70.0,70.0,69.0,1890000.0,0.0,0.0,0.0,0.0,0.0,0.0,0.1666961282600758,WAPCO,70.0,70.06566040727603,70.45,70.07533549327722,69.96000000000001,69.11993008633573,61.321000000000005,62.2684866566128,0.000571755288736307,0.14153389540287983,2.054207086715863,2.819968402267443,-0.7657613155515803,69.96000000000001,71.75373177599656,68.16626822400346,0.051278781475029955,0.5111499390642643,61.363636363636346,0.4607142857142859,0.006581632653061227,2479840.5,0.7621457912313312,0.0,0.15546754860566633,0.1666961282600747,0.5667510984161196,0.08675813908513971,0.06460527092879953,0.22634673808612374,0,-1,0.0,0.0,0.0,-0.0141846349919564,-0.0028632804100152,0.0,0.0,0.0,0.000201203869855,8.198374706377006e-06,0.1666961282600747,0.2633136010393027,0.26655803518623045,0.4303546977953873,0.6752279391124557,68.5185185185185,62.711864406779654,46.835443037974684,46.835443037974684,73.39901477832511,2.218725116761391,2.396437582502969,2.5884060375767177,3.019794284661515,3.7993290844699033,0.5678571428571431,0.5357142857142857,0.7142857142857143,0.7142857142857143,0.903571428571429,0.05172374927726042,0.05172374927726042,0.05172374927726042,0.09538572705273307,0.13902583558594253,0.0,0.0,0.0,0.0141846349919564,3,1,1,2025,0,0,16,0,0,0,1,0,1,0,0.06598320366388051,0,-0.07223326706428101,-0.09874088800530156,0.16467819828587055,0.0,0.0,0.15131443819051493
2025-01-17,70.0,70.0,70.0,70.0,548220.0,0.0,0.0,0.0,0.0,0.0,0.0,0.1646781982858716,WAPCO,70.0,70.04377360485068,70.3,70.06163813086319,69.935,69.20374626858947,61.961000000000006,62.57168325831426,0.0009294344748694891,0.12974290279369272,1.9019014268600642,2.6363550071859674,-0.7344535803259031,69.935,71.71089117732292,68.15910882267708,0.05078690719447826,0.518300670905405,61.363636363636346,0.4607142857142859,0.006581632653061227,2295251.5,0.23884964240302206,0.0,0.07585454092246673,0.16467819828587055,0.567102062543061,0.08675813908513971,0.06460527092879953,0.2304521309321997,0,-1,0.0,0.0,0.0,0.0,0.0247800289984868,0.0,0.0,0.0,0.0,0.0006140498371658,0.1666961282600747,0.1666961282600747,0.2633136010393027,0.3967964142702186,0.601530982782932,61.363636363636346,68.5185185185185,62.711864406779654,46.835443037974684,75.22935779816513,2.054207086715863,2.218725116761391,2.396437582502969,2.795778050597022,3.719895459660478,0.4607142857142859,0.5678571428571431,0.5357142857142857,0.7142857142857143,0.9428571428571431,0.051278781475029955,0.05172374927726042,0.05172374927726042,0.07278954958177201,0.14018801084496554,0.0,0.0,0.0,0.0,4,1,1,2025,0,0,17,0,0,0,0,1,1,0,0.06598320366388051,0,-0.07223326706428101,-0.09874088800530156,0.17150690830486537,0.0001817147555945,0.0134801615566926,0.15952817906541877
2025-01-20,70.95,70.0,70.95,69.85,1510000.0,1.36,0.0135714285714285,0.0134801615566926,0.0001817147555945,0.0134801615566926,0.0956996535101594,0.1715069083048665,WAPCO,70.19000000000001,70.34584906990045,70.29499999999999,70.22315847070624,69.95750000000001,69.37005614777142,62.615,62.90024469916468,0.014187185076653576,0.13311506827437516,1.8366830161256473,2.4764206089739034,-0.639737592848256,69.95750000000001,71.77445957722576,68.14054042277427,0.051944668612393094,0.7731211008875079,68.22429906542055,0.5392857142857151,0.00760092620557738,2247251.5,0.6719319132727245,0.09569965351015888,0.10353903573382162,0.17150690830486537,0.5667441720200623,0.10938525127609784,0.08747335644610206,0.23108632733681816,0,-1,0.0,0.0,0.0,0.0,-0.0070175726586465,0.0,0.0,0.0,0.0,4.9246326019383394e-05,0.16467819828587055,0.1666961282600747,0.1666961282600747,0.26655803518623045,0.5066841332883762,61.363636363636346,61.363636363636346,68.5185185185185,46.835443037974684,56.75675675675676,1.9019014268600642,2.054207086715863,2.218725116761391,2.5884060375767177,3.575383127292298,0.4607142857142859,0.4607142857142859,0.5678571428571431,0.7142857142857143,0.6785714285714286,0.05078690719447826,0.051278781475029955,0.05172374927726042,0.05172374927726042,0.12154413056322366,0.0,0.0,0.0,0.0,0,1,1,2025,0,0,20,1,0,0,0,0,1,0,0.4271037620705323,0,-0.05964214711729622,-0.09874088800530156,0.17150690830486537,0.0,0.0,0.12185563344735839
2025-01-21,70.95,70.95,70.95,70.95,721560.0,0.0,0.0,0.0,0.0,0.0,0.0956996535101594,0.1715069083048665,WAPCO,70.38000000000001,70.54723271326696,70.28999999999999,70.35531147603237,69.97999999999999,69.5205269908408,63.266000000000005,63.21592137762881,0.013861103172335142,0.12145544210160271,1.7646551100958163,2.3340675091982863,-0.56941239910247,69.97999999999999,71.83597186911777,68.12402813088221,0.05304292280988228,0.7613186159069032,61.363636363636346,0.47142857142857203,0.006644518272425257,2225829.5,0.3241757735711563,0.09569965351015888,0.10353903573382162,0.17150690830486537,0.5658709182247189,0.10938525127609784,0.08747335644610206,0.23025652038512387,0,-1,0.0134801615566926,0.0,0.0,0.0,0.0,0.0001817147555945,0.0,0.0,0.0,0.0,0.17150690830486537,0.16467819828587055,0.1666961282600747,0.2633136010393027,0.4333099365924652,68.22429906542055,61.363636363636346,61.363636363636346,62.711864406779654,56.75675675675676,1.8366830161256473,1.9019014268600642,2.054207086715863,2.396437582502969,3.421416107604486,0.5392857142857151,0.4607142857142859,0.4607142857142859,0.5357142857142857,0.6750000000000002,0.051944668612393094,0.05078690719447826,0.051278781475029955,0.05172374927726042,0.11024256679428805,0.0134801615566926,0.0,0.0,0.0,1,1,1,2025,0,0,21,0,1,0,0,0,1,0,0.06598320366388051,0,-0.05964214711729622,-0.09874088800530156,0.17803966083899037,0.0001817147555945,0.0134801615566926,0.12185563344735839
2025-01-22,70.0,70.95,70.0,69.0,3470000.0,-1.34,-0.0133897110641296,-0.0134801615566926,0.0001817147555945,0.0134801615566926,0.1513144381905158,0.1780396608389916,WAPCO,70.38000000000001,70.36482180884465,70.19,70.29070938948102,70.05499999999999,69.5661910869512,63.898,63.48196367654533,-0.0007850974234528958,0.09549594666499728,1.6123294844588258,2.1897199042503943,-0.5773904197915685,70.05499999999999,71.77543446165534,68.33456553834465,0.04911667865692226,0.48401566545375013,52.42718446601941,0.5964285714285721,0.008520408163265316,2089329.5,1.660819894612123,0.15131443819051493,0.12347616706733816,0.17803966083899037,0.567544896319633,0.10938525127609784,0.07349804410669633,0.22867391123072847,0,1,0.0,0.0134801615566926,0.0,0.0,0.0,0.0,0.0001817147555945,0.0,0.0,0.0,0.17150690830486537,0.17150690830486537,0.16467819828587055,0.1666961282600747,0.4284673388976026,61.363636363636346,68.22429906542055,61.363636363636346,68.5185185185185,53.6231884057971,1.7646551100958163,1.8366830161256473,1.9019014268600642,2.218725116761391,3.2617961792723946,0.47142857142857203,0.5392857142857151,0.4607142857142859,0.5678571428571431,0.6428571428571429,0.05304292280988228,0.051944668612393094,0.05078690719447826,0.05172374927726042,0.09599041978605258,0.0,0.0134801615566926,0.0,0.0,2,1,1,2025,0,0,22,0,0,1,0,0,1,0,0.5590701693982933,0,-0.07223326706428101,-0.09874088800530156,0.14495275329303386,0.0,0.0,0.07250219301157826
2025-01-23,70.0,70.0,70.0,69.95,1220000.0,0.0,0.0,0.0,0.0,0.0,0.1513144381905158,0.1449527532930354,WAPCO,70.38000000000001,70.24321453922977,70.19,70.2378531368481,70.155,69.60750622152729,64.534,63.737572944131784,-0.002209393485852771,0.08469953822791076,1.47461192039043,2.0466983074784015,-0.5720863870879715,70.155,71.57955902687878,68.73044097312122,0.04061176044127381,0.4455971998788962,27.941176470588275,0.4750000000000004,0.006785714285714292,1861829.5,0.655269454050438,0.15131443819051493,0.1008762921270124,0.14495275329303386,0.5679156721833765,0.09061416525608652,0.042799549069294195,0.22451086456688554,0,-1,-0.0134801615566926,0.0,0.0134801615566926,0.0,-0.0141846349919564,0.0001817147555945,0.0,0.0001817147555945,0.0,0.000201203869855,0.17803966083899037,0.17150690830486537,0.17150690830486537,0.1666961282600747,0.4303546977953873,52.42718446601941,61.363636363636346,68.22429906542055,61.363636363636346,46.835443037974684,1.6123294844588258,1.7646551100958163,1.8366830161256473,2.054207086715863,3.019794284661515,0.5964285714285721,0.47142857142857203,0.5392857142857151,0.4607142857142859,0.7142857142857143,0.04911667865692226,0.05304292280988228,0.051944668612393094,0.051278781475029955,0.09538572705273307,0.0134801615566926,0.0,0.0134801615566926,0.0,3,1,1,2025,0,0,23,0,0,0,1,0,1,0,0.06598320366388051,0,-0.07223326706428101,-0.09874088800530156,0.14308295648090108,5.065834744081724e-05,0.0071174677688639,0.09420844059625506
2025-01-24,70.5,70.0,70.5,70.0,5930000.0,0.71,0.0071428571428571,0.0071174677688639,5.065834744081724e-05,0.0071174677688639,0.1595281790654197,0.1430829564809026,WAPCO,70.48,70.32880969281985,70.24,70.28551620287571,70.22999999999999,69.69250562900088,65.18,64.00276616200897,0.003844510892781009,0.08162012887388759,1.3897948896201342,1.9153176239067482,-0.525522734286614,70.22999999999999,71.55283586920345,68.90716413079653,0.03767153265565881,0.6020534770358887,42.64705882352943,0.4750000000000004,0.006737588652482276,2079329.5,2.851880858709502,0.15952817906541877,0.10701689898704277,0.14308295648090108,0.5678676588980959,0.0955604114297695,0.05041940528739413,0.21878643796190517,0,-1,0.0,-0.0134801615566926,0.0,0.0,0.0,0.0,0.0001817147555945,0.0,0.0,0.0,0.14495275329303386,0.17803966083899037,0.17150690830486537,0.16467819828587055,0.3967964142702186,27.941176470588275,52.42718446601941,61.363636363636346,61.363636363636346,46.835443037974684,1.47461192039043,1.6123294844588258,1.7646551100958163,1.9019014268600642,2.795778050597022,0.4750000000000004,0.5964285714285721,0.47142857142857203,0.4607142857142859,0.7142857142857143,0.04061176044127381,0.04911667865692226,0.05304292280988228,0.05078690719447826,0.07278954958177201,0.0,0.0134801615566926,0.0,0.0,4,1,1,2025,0,0,24,0,0,0,0,1,1,0,0.19436460975822037,0,-0.06560636182902588,-0.08548707753479129,0.1372127352938301,3.2375141557076805e-05,0.0056899157776786,0.08468638910293187
2025-01-27,70.1,70.5,70.55,70.1,2200000.0,-0.57,-0.0056737588652483,-0.0056899157776786,3.2375141557076805e-05,0.0056899157776786,0.1218556334473592,0.1372127352938316,WAPCO,70.31,70.25253979521324,70.25,70.25178598417104,70.285,69.73131461671508,65.817,64.24187337134195,-0.002632140570534286,0.06507437288238603,1.275595849676236,1.7873732690606459,-0.5117774193844098,70.285,71.4775646843358,69.09243531566419,0.03393511230947732,0.422436073099449,38.15789473684207,0.5071428571428578,0.007234562869370297,2147653.5,1.024373810766029,0.12185563344735839,0.11178218942260089,0.1372127352938301,0.5687606019709684,0.0737424117280444,0.03651249014760259,0.20990092178802155,0,-1,0.0071174677688639,0.0,-0.0134801615566926,0.0134801615566926,0.0,5.065834744081724e-05,0.0,0.0001817147555945,0.0001817147555945,0.0,0.14308295648090108,0.14495275329303386,0.17803966083899037,0.17150690830486537,0.26655803518623045,42.64705882352943,27.941176470588275,52.42718446601941,68.22429906542055,46.835443037974684,1.3897948896201342,1.47461192039043,1.6123294844588258,1.8366830161256473,2.5884060375767177,0.4750000000000004,0.4750000000000004,0.5964285714285721,0.5392857142857151,0.7142857142857143,0.03767153265565881,0.04061176044127381,0.04911667865692226,0.051944668612393094,0.05172374927726042,0.0071174677688639,0.0,0.0134801615566926,0.0134801615566926,0,1,1,2025,0,0,27,1,0,0,0,0,1,0,0.2741130019827273,0,-0.07090788601723007,-0.08548707753479129,0.1372127352938301,0.0,0.0,0.1175811538399491
2025-01-28,70.1,70.1,70.1,70.1,1360000.0,0.0,0.0,0.0,0.0,0.0,0.1218556334473592,0.1372127352938316,WAPCO,70.14,70.20169319680883,70.25999999999999,70.22418853250358,70.34,69.76642751036127,66.444,64.47160382736776,-0.003411998862667175,0.055023779423273605,1.1715869625443815,1.664216007757393,-0.49262904521301154,70.34,71.3739500140665,69.30604998593351,0.029398635600412025,0.3839402307969913,38.15789473684207,0.5035714285714293,0.007183615243529663,2163653.5,0.6285664502195014,0.12185563344735839,0.11178218942260089,0.1372127352938301,0.5687606019709684,0.0737424117280444,0.03651249014760259,0.20130449689413812,0,-1,-0.0056899157776786,0.0071174677688639,0.0,0.0,0.0,3.2375141557076805e-05,5.065834744081724e-05,0.0,0.0,0.0,0.1372127352938301,0.14308295648090108,0.14495275329303386,0.17150690830486537,0.2633136010393027,38.15789473684207,42.64705882352943,27.941176470588275,61.363636363636346,62.711864406779654,1.275595849676236,1.3897948896201342,1.47461192039043,1.7646551100958163,2.396437582502969,0.5071428571428578,0.4750000000000004,0.4750000000000004,0.47142857142857203,0.5357142857142857,0.03393511230947732,0.03767153265565881,0.04061176044127381,0.05304292280988228,0.05172374927726042,0.0056899157776786,0.0071174677688639,0.0,0.0,1,1,1,2025,0,0,28,0,1,0,0,0,1,0,0.06598320366388051,0,-0.07090788601723007,-0.08548707753479129,0.13720300377147157,2.0320986922602533e-06,0.0014255169912211,0.1175811538399491
2025-01-29,70.2,70.1,70.5,70.0,2790000.0,0.14,0.0014265335235379,0.0014255169912211,2.0320986922602533e-06,0.0014255169912211,0.072502193011579,0.1372030037714731,WAPCO,70.17999999999999,70.20112879787256,70.28,70.21979061750292,70.35249999999999,69.8077201284221,67.008,64.69624681452981,-0.002167655733626939,0.04763610315186258,1.0847243078109443,1.5483176677681034,-0.4635933599571591,70.35249999999999,71.37254901843448,69.3324509815655,0.02899823086413394,0.42524869038448915,53.44827586206899,0.4678571428571437,0.006664631664631676,2185153.5,1.2767981745904806,0.07250219301157826,0.11196013023075303,0.13720300377147157,0.5686644121765733,0.050944295326167024,0.03391429253484992,0.1886054232295428,0,-1,0.0,-0.0056899157776786,0.0071174677688639,-0.0134801615566926,0.0,0.0,3.2375141557076805e-05,5.065834744081724e-05,0.0001817147555945,0.0,0.1372127352938301,0.1372127352938301,0.14308295648090108,0.17803966083899037,0.1666961282600747,38.15789473684207,38.15789473684207,42.64705882352943,52.42718446601941,68.5185185185185,1.1715869625443815,1.275595849676236,1.3897948896201342,1.6123294844588258,2.218725116761391,0.5035714285714293,0.5071428571428578,0.4750000000000004,0.5964285714285721,0.5678571428571431,0.029398635600412025,0.03393511230947732,0.03767153265565881,0.04911667865692226,0.05172374927726042,0.0,0.0056899157776786,0.0071174677688639,0.0134801615566926,2,1,1,2025,0,0,29,0,0,1,0,0,1,0,0.0138396262410205,0,-0.06958250497017893,-0.07554671968190858,0.13273772839255785,8.494673132311845e-05,0.0092166551049238,0.1256213268489627
2025-02-10,74.95,74.95,74.95,74.95,1400000.0,0.0,0.0,0.0,0.0,0.0,0.379152969655167,0.2124816256685468,WAPCO,72.33,73.02317314010907,71.4,71.97687471689154,70.825,71.04436361395436,69.84,66.65380317011781,0.05824214613483939,0.0731672394043528,1.3162059870846292,1.1142646227175894,0.2019413643670398,70.825,73.74651726982812,67.90348273017189,0.08249960521929023,1.2059687859114883,74.09638554216863,0.7785714285714279,0.01038787763270751,2811224.0,0.49800371653059305,0.37915296965516715,0.2855212285140906,0.21248162566854573,0.5722774397883922,0.24203110865999053,0.10034864400843538,0.04655692489398068,0,1,0.0555507910105249,0.0035323244075452,0.0063897980987709,-0.0113315660095499,-0.0056899157776786,0.003085890381895,1.2477315720140211e-05,4.082951974305733e-05,0.0001284043882287,3.2375141557076805e-05,0.21248162566854573,0.10770916027498963,0.10691392942742553,0.10653299100666336,0.1372127352938301,74.09638554216863,58.65384615384618,56.5656565656566,52.22222222222224,38.15789473684207,1.0951351111900323,0.7970390461581616,0.8173304097551863,0.9405233958448491,1.275595849676236,0.7785714285714279,0.5678571428571431,0.5035714285714283,0.5821428571428575,0.5071428571428578,0.062332475284915145,0.02249401477073777,0.021515202859413267,0.0245153055595804,0.03393511230947732,0.0555507910105249,0.0035323244075452,0.0063897980987709,0.0113315660095499,0,2,1,2025,0,0,10,1,0,0,0,0,1,1,0.06598320366388051,0,-0.0066269052352551355,-0.07223326706428101,0.21248162566854573,0.0,0.0,0.1613563406343346
2025-02-11,74.95,74.95,74.95,74.95,912070.0,0.0,0.0,0.0,0.0,0.0,0.379152969655167,0.2124816256685468,WAPCO,73.28,73.6654487600727,71.88500000000002,72.51744295018399,71.0725,71.41632898405393,70.15899999999999,66.97914422227005,0.05455696647789226,0.06828774640459544,1.474410166351504,1.1862937314443724,0.28811643490713146,71.0725,74.49540658267114,67.64959341732887,0.09632154722772188,1.0664045901267505,83.67346938775508,0.6392857142857135,0.008529495854379099,2738827.5,0.3330147663553108,0.37915296965516715,0.2855212285140906,0.21248162566854573,0.5717851539238676,0.24203110865999053,0.10034864400843538,0.04161223389254741,0,1,0.0,0.0555507910105249,0.0035323244075452,0.0,0.0,0.0,0.003085890381895,1.2477315720140211e-05,0.0,0.0,0.21248162566854573,0.21248162566854573,0.10770916027498963,0.10418131486002251,0.1372127352938301,74.09638554216863,74.09638554216863,58.65384615384618,52.22222222222224,38.15789473684207,1.3162059870846292,1.0951351111900323,0.7970390461581616,0.8567956715135097,1.1715869625443815,0.7785714285714279,0.7785714285714279,0.5678571428571431,0.5107142857142861,0.5035714285714293,0.08249960521929023,0.062332475284915145,0.02249401477073777,0.022935441963245495,0.029398635600412025,0.0,0.0555507910105249,0.0035323244075452,0.0,1,2,1,2025,0,0,11,0,1,0,0,0,1,0,0.06598320366388051,0,-0.0066269052352551355,-0.07223326706428101,0.2235200201835642,0.0005632155093353,0.0237321619186998,0.22599400260413274
2025-02-12,76.75,74.95,76.75,74.9,3870000.0,2.4,0.0240160106737825,0.0237321619186998,0.0005632155093353,0.0237321619186998,0.3798213764617137,0.2235200201835653,WAPCO,74.5,74.69363250671515,72.54,73.28699877742326,71.41,71.92429765223928,70.53399999999999,67.362315037083,0.07477944265509037,0.08812771145830392,1.7251466581833625,1.2940643167921706,0.43108234139119195,71.41,75.62670861916692,67.19329138083307,0.11809854695888315,1.1331952812351314,86.88524590163932,0.7678571428571418,0.010004653327128884,2850327.5,1.357738715989654,0.37982137646171377,0.29577947881648453,0.2235200201835642,0.571950378541765,0.2589855364291399,0.106710473086619,0.037233814821497756,0,1,0.0,0.0,0.0555507910105249,0.0063897980987709,0.0014255169912211,0.0,0.0,0.003085890381895,4.082951974305733e-05,2.0320986922602533e-06,0.21248162566854573,0.21248162566854573,0.21248162566854573,0.10691392942742553,0.13720300377147157,83.67346938775508,74.09638554216863,74.09638554216863,56.5656565656566,53.44827586206899,1.474410166351504,1.3162059870846292,1.0951351111900323,0.8173304097551863,1.0847243078109443,0.6392857142857135,0.7785714285714279,0.7785714285714279,0.5035714285714283,0.4678571428571437,0.09632154722772188,0.08249960521929023,0.062332475284915145,0.021515202859413267,0.02899823086413394,0.0,0.0,0.0555507910105249,0.0063897980987709,2,2,1,2025,0,0,12,0,0,1,0,0,1,0,0.8021087447593691,0,0.0,-0.07223326706428101,0.2235200201835642,0.0,0.0,0.16882831301840462
2025-02-13,76.75,76.75,76.75,76.0,3810000.0,0.0,0.0,0.0,0.0,0.0,0.3881916532722938,0.2235200201835653,WAPCO,75.67,75.3790883378101,73.13,73.9166353633463,71.7475,72.383888352026,70.79299999999999,67.73045954543268,0.06972368375204707,0.08414673767180383,1.901932836590845,1.4156380207519055,0.4862948158389395,71.7475,76.53140668365343,66.96359331634658,0.13335396170329075,1.022846737070928,86.12716763005778,0.7857142857142847,0.010237319683573743,2946327.5,1.2931352675491778,0.3881916532722936,0.29912088907668827,0.2235200201835642,0.5720471410737513,0.2566314978182214,0.10297474892670859,0.04003133548461965,0,1,0.0237321619186998,0.0,0.0,0.0035323244075452,0.0092166551049238,0.0005632155093353,0.0,0.0,1.2477315720140211e-05,8.494673132311845e-05,0.2235200201835642,0.21248162566854573,0.21248162566854573,0.10770916027498963,0.13273772839255785,86.88524590163932,83.67346938775508,74.09638554216863,58.65384615384618,61.971830985915375,1.7251466581833625,1.474410166351504,1.3162059870846292,0.7970390461581616,1.0561598426173902,0.7678571428571418,0.6392857142857135,0.7785714285714279,0.5678571428571431,0.5142857142857145,0.11809854695888315,0.09632154722772188,0.08249960521929023,0.02249401477073777,0.02845498565427179,0.0237321619186998,0.0,0.0,0.0035323244075452,3,2,1,2025,0,0,13,0,0,0,1,0,1,1,0.06598320366388051,0,0.0,-0.07223326706428101,0.22577101045622686,0.0002211932316018,0.0148725664093961,0.17001008548903496
2025-03-06,75.0,75.0,75.0,75.0,4620000.0,0.0,0.0,0.0,0.0,0.0,0.0,0.2541778015195556,WAPCO,75.0,75.22194835931779,76.06,75.60792346073325,76.39,75.28794013056364,72.712,71.65263450472037,-0.01819609896583323,0.031466607987677364,0.8565358035257731,1.4093339157956963,-0.5527981122699233,76.39,79.10537532542078,73.67462467457922,0.07109242899386778,0.24405011583719033,23.148148148147982,0.8178571428571421,0.010904761904761895,3711103.5,1.244912732830006,0.0,0.17257784963172987,0.25417780151955466,0.2941149953964973,0.1445413538977204,0.07610879475024714,0.031857158182296216,0,-1,0.0,0.0,0.0,-0.0327898228229908,-0.0012911557636198,0.0,0.0,0.0,0.0010751724807631,1.6670832059286702e-06,0.25424035962995045,0.25424035962995045,0.25899493077865166,0.25958186080235907,0.2244272549849494,36.64122137404577,36.64122137404577,50.29940119760477,50.29940119760477,81.06796116504862,0.9897441341345115,1.145370125069519,1.3273455516800965,1.7897154458823366,2.314867980041754,0.9071428571428564,0.9607142857142849,1.0928571428571416,0.914285714285713,0.8785714285714263,0.09514214797066764,0.11502769872305213,0.13376625558617916,0.15884016412815408,0.18166810234053207,0.0,0.0,0.0,0.0327898228229908,3,3,1,2025,0,0,6,0,0,0,1,0,1,0,0.06598320366388051,0,-0.045194143857415624,-0.060304837640821694,0.2543519646012281,0.0,0.0,0.09529399105813453
2025-03-07,75.0,75.0,75.0,75.0,468990.0,0.0,0.0,0.0,0.0,0.0,0.0,0.2543519646012291,WAPCO,75.0,75.14796557287853,75.76,75.4973919224181,76.3925,75.26051726098615,72.832,71.78390373982937,-0.018228229210982733,0.0297671353251319,0.7424092105585203,1.275948974748261,-0.5335397641897408,76.3925,79.10237958559607,73.68262041440393,0.07094622078335099,0.24306976453831963,12.63157894736834,0.7714285714285712,0.010285714285714283,3391553.0,0.13828178418559287,0.0,0.16304722941685648,0.2543519646012281,0.291102362294318,0.0,0.0,0.016908229168735505,0,-1,0.0,0.0,0.0,0.0,0.0077220460939103,0.0,0.0,0.0,0.0,5.9629995876475605e-05,0.25417780151955466,0.25424035962995045,0.25424035962995045,0.2588299652324296,0.22394631584233307,23.148148148147982,36.64122137404577,36.64122137404577,50.29940119760477,88.61386138613868,0.8565358035257731,0.9897441341345115,1.145370125069519,1.540305524529515,2.3119242067464683,0.8178571428571421,0.9071428571428564,0.9607142857142849,1.0928571428571416,0.8678571428571412,0.07109242899386778,0.09514214797066764,0.11502769872305213,0.14924503565195144,0.18370842082720945,0.0,0.0,0.0,0.0,4,3,1,2025,0,0,7,0,0,0,0,1,1,0,0.06598320366388051,0,-0.045194143857415624,-0.045194143857415624,0.17286284870404695,0.000180177474837,0.0134230203321406,0.09238311515503021
2025-03-17,73.8,73.8,73.8,73.8,547930.0,0.0,0.0,0.0,0.0,0.0,0.0192132613609976,0.1357717730675005,WAPCO,73.92,73.98967050296876,74.36,74.38307879922948,75.58000000000001,74.65515903486882,73.3,72.24143403472152,-0.0235512040222283,0.0068212824010914054,0.0349698135894414,0.4872189456547242,-0.4522491320652828,75.58000000000001,78.71459474422701,72.44540525577301,0.08294773072842025,0.21607175005983628,0.0,0.903571428571429,0.012243515292295786,2943812.5,0.18612938154179318,0.01921326136099742,0.06724293873815079,0.13577177306749927,0.18425935245309452,0.1900613570552137,0.1402724874574062,0.040953098406596174,0,-1,-0.002706361597743,0.0,0.0,-0.0134230203321406,0.0,7.32439309773818e-06,0.0,0.0,0.000180177474837,0.0,0.14850331695895452,0.14860633583203747,0.17286284870404695,0.17286284870404695,0.25899493077865166,0.0,0.0,13.043478260869463,12.765957446808414,50.29940119760477,0.10980583833442381,0.20372664317861222,0.30027681018805197,0.5647612051219824,1.3273455516800965,0.9107142857142857,0.8571428571428571,0.7607142857142861,0.7678571428571429,1.0928571428571416,0.08660307977726617,0.08588400764256447,0.08232573830432327,0.07456195755984629,0.13376625558617916,0.002706361597743,0.0,0.0,0.0134230203321406,0,3,1,2025,0,0,17,1,0,0,0,0,1,0,0.06598320366388051,0,-0.06047103755569701,-0.06047103755569701,0.1303205383053994,0.0,0.0,0.0
2025-03-18,73.8,73.8,73.8,73.8,1480000.0,0.0,0.0,0.0,0.0,0.0,0.0192132613609976,0.1303205383054006,WAPCO,73.88,73.92644700197918,74.24,74.27706447209684,75.39500000000001,74.57371531726226,73.35600000000001,72.302554268654,-0.021155249021818593,0.006052674627842145,-0.02406091592402504,0.38496297333897433,-0.4090238892629994,75.39500000000001,78.48894995366744,72.30105004633258,0.08207308054028603,0.24223888170696334,0.0,0.903571428571429,0.012243515292295786,2904312.5,0.5095870365189696,0.01921326136099742,0.06724293873815079,0.1303205383053994,0.18382297990881977,0.1900613570552137,0.1402724874574062,0.04504869875559364,0,-1,0.0,-0.002706361597743,0.0,0.0,0.0,0.0,7.32439309773818e-06,0.0,0.0,0.0,0.13577177306749927,0.14850331695895452,0.14860633583203747,0.17286284870404695,0.25424035962995045,0.0,0.0,0.0,12.765957446808414,36.64122137404577,0.0349698135894414,0.10980583833442381,0.20372664317861222,0.4191422697500826,1.145370125069519,0.903571428571429,0.9107142857142857,0.8571428571428571,0.7678571428571429,0.9607142857142849,0.08294773072842025,0.08660307977726617,0.08588400764256447,0.0779349470940905,0.11502769872305213,0.0,0.002706361597743,0.0,0.0,1,3,1,2025,0,0,18,0,1,0,0,0,1,0,0.06598320366388051,0,-0.06047103755569701,-0.06047103755569701,0.12490078544257738,0.0,0.0,0.0
2025-03-19,73.8,73.8,73.8,73.8,2320000.0,0.0,0.0,0.0,0.0,0.0,0.0192132613609976,0.1249007854425785,WAPCO,73.84,73.88429800131946,74.12,74.19032547717013,75.21000000000001,74.50002814418966,73.41199999999999,72.36127763066757,-0.018747506980454867,0.005285239470386385,-0.07003586450666432,0.29396320576984664,-0.36399907027651096,75.21000000000001,78.21518849570973,72.20481150429029,0.07991459900836902,0.26540573045368665,0.0,0.5892857142857143,0.007984901277584205,2938312.5,0.7895688426605407,0.01921326136099742,0.06724293873815079,0.12490078544257738,0.18382297990881977,0.1900613570552137,0.1402724874574062,0.04865282976851639,0,-1,0.0,0.0,-0.002706361597743,0.0,0.0,0.0,0.0,7.32439309773818e-06,0.0,0.0,0.1303205383053994,0.13577177306749927,0.14850331695895452,0.17286284870404695,0.25424035962995045,0.0,0.0,0.0,13.043478260869463,36.64122137404577,-0.02406091592402504,0.0349698135894414,0.10980583833442381,0.30027681018805197,0.9897441341345115,0.903571428571429,0.903571428571429,0.9107142857142857,0.7607142857142861,0.9071428571428564,0.08207308054028603,0.08294773072842025,0.08660307977726617,0.08232573830432327,0.09514214797066764,0.0,0.0,0.002706361597743,0.0,2,3,1,2025,0,0,19,0,0,1,0,0,1,0,0.06598320366388051,0,-0.06047103755569701,-0.06047103755569701,0.12490078544257738,0.0,0.0,0.0
2025-03-20,73.8,73.8,73.8,73.8,815150.0,0.0,0.0,0.0,0.0,0.0,0.0192132613609976,0.1249007854425785,WAPCO,73.8,73.85619866754631,74.0,74.11935720859374,75.03,74.43335879712397,73.488,72.41769811573943,-0.016393442622950873,0.004245591116917015,-0.10525799385766277,0.21411896584434476,-0.3193769597020075,75.03,77.91159312661897,72.14840687338103,0.07681175867303655,0.28657639264930007,0.0,0.4107142857142857,0.005565234223770809,2895070.0,0.281564867170742,0.01921326136099742,0.06724293873815079,0.12490078544257738,0.18382297990881977,0.14992350685287445,0.07876194296081422,0.0514758749164809,0,-1,0.0,0.0,0.0,0.0,0.0,0.0,0.0,0.0,0.0,0.0,0.12490078544257738,0.1303205383053994,0.13577177306749927,0.14860633583203747,0.25417780151955466,0.0,0.0,0.0,0.0,23.148148148147982,-0.07003586450666432,-0.02406091592402504,0.0349698135894414,0.20372664317861222,0.8565358035257731,0.5892857142857143,0.903571428571429,0.903571428571429,0.8571428571428571,0.8178571428571421,0.07991459900836902,0.08207308054028603,0.08294773072842025,0.08588400764256447,0.07109242899386778,0.0,0.0,0.0,0.0,3,3,1,2025,0,0,20,0,0,0,1,0,1,0,0.06598320366388051,0,-0.06047103755569701,-0.06047103755569701,0.12511592816926442,0.0,0.0,0.0
2025-03-21,73.8,73.8,73.8,73.8,219350.0,0.0,0.0,0.0,0.0,0.0,0.0,0.1251159281692656,WAPCO,73.8,73.8374657783642,73.88,74.0612922615767,74.82000000000001,74.3730389116836,73.564,72.47190603276925,-0.013632718524458836,0.003208090914034096,-0.13165415794910018,0.14496434108565576,-0.27661849903475594,74.82000000000001,77.38502795716965,72.25497204283036,0.06856530224992374,0.3011717577679897,0.0,0.4107142857142857,0.005565234223770809,2596537.5,0.08447788641604444,0.0,0.06724293873815079,0.12511592816926442,0.18382297990881977,0.0,0.0,0.05385683271189504,0,-1,0.0,0.0,0.0,-0.002706361597743,0.0,0.0,0.0,0.0,7.32439309773818e-06,0.0,0.12490078544257738,0.12490078544257738,0.1303205383053994,0.14850331695895452,0.2543519646012281,0.0,0.0,0.0,0.0,12.63157894736834,-0.10525799385766277,-0.07003586450666432,-0.02406091592402504,0.10980583833442381,0.7424092105585203,0.4107142857142857,0.5892857142857143,0.903571428571429,0.9107142857142857,0.7714285714285712,0.07681175867303655,0.07991459900836902,0.08207308054028603,0.08660307977726617,0.07094622078335099,0.0,0.0,0.0,0.002706361597743,4,3,1,2025,0,0,21,0,0,0,0,1,1,0,0.06598320366388051,0,-0.06047103755569701,-0.06047103755569701,0.12010635432189841,0.0,0.0,0.0
2025-03-24,73.8,73.8,73.8,73.8,2310000.0,0.0,0.0,0.0,0.0,0.0,0.0,0.1201063543218996,WAPCO,73.8,73.82497718557615,73.86,74.01378457765365,74.63000000000001,74.31846377723754,73.64,72.52398814913124,-0.01112153289561855,0.0021727322107549783,-0.15083458100707503,0.0858045566671096,-0.23663913767418462,74.63000000000001,76.87039470206969,72.38960529793033,0.0600400563331014,0.31476478246595174,0.0,0.4107142857142857,0.005565234223770809,2428537.5,0.9511897592686956,0.0,0.013585827397089313,0.12010635432189841,0.17378501245640116,0.0,0.0,0.05604522655889081,0,-1,0.0,0.0,0.0,0.0,-0.0134230203321406,0.0,0.0,0.0,0.0,0.000180177474837,0.12511592816926442,0.12490078544257738,0.12490078544257738,0.13577177306749927,0.17286284870404695,0.0,0.0,0.0,0.0,12.765957446808414,-0.13165415794910018,-0.10525799385766277,-0.07003586450666432,0.0349698135894414,0.5647612051219824,0.4107142857142857,0.4107142857142857,0.5892857142857143,0.903571428571429,0.7678571428571429,0.06856530224992374,0.07681175867303655,0.07991459900836902,0.08294773072842025,0.07456195755984629,0.0,0.0,0.0,0.0,0,3,1,2025,0,0,24,1,0,0,0,0,1,0,0.06598320366388051,0,-0.06047103755569701,-0.06047103755569701,0.1200753931390004,0.0,0.0,0.11638450389823202
2025-03-25,73.8,73.8,73.8,73.8,2770000.0,0.0,0.0,0.0,0.0,0.0,0.0,0.1200753931390016,WAPCO,73.8,73.81665145705077,73.84,73.9749146544439,74.44500000000001,74.26908627464348,73.71600000000001,72.57402782955747,-0.00866411444690725,0.0011395083835258149,-0.16414306538574408,0.03581503225653886,-0.19995809764228295,74.44500000000001,76.25779081151826,72.63220918848175,0.048701479253630324,0.3220975095687385,0.0,0.4107142857142857,0.005565234223770809,2445037.5,1.132906959504711,0.0,0.013585827397089313,0.1200753931390004,0.17294268904507548,0.0,0.0,0.057623457185034484,0,-1,0.0,0.0,0.0,0.0,0.0,0.0,0.0,0.0,0.0,0.0,0.12010635432189841,0.12511592816926442,0.12490078544257738,0.1303205383053994,0.17286284870404695,0.0,0.0,0.0,0.0,12.765957446808414,-0.15083458100707503,-0.13165415794910018,-0.10525799385766277,-0.02406091592402504,0.4191422697500826,0.4107142857142857,0.4107142857142857,0.4107142857142857,0.903571428571429,0.7678571428571429,0.0600400563331014,0.06856530224992374,0.07681175867303655,0.08207308054028603,0.0779349470940905,0.0,0.0,0.0,0.0,1,3,1,2025,0,0,25,0,1,0,0,0,1,0,0.06598320366388051,0,-0.06047103755569701,-0.06047103755569701,0.12030728838022144,0.0,0.0,0.11638450389823202
2025-03-26,73.8,73.8,73.8,73.8,499140.0,0.0,0.0,0.0,0.0,0.0,0.0,0.1203072883802226,WAPCO,73.8,73.81110097136718,73.82000000000001,73.94311198999955,74.26,74.2244113913441,73.792,72.62210516957482,-0.006194451925666684,0.00010841283607973177,-0.17269936436748878,-0.005887847068266668,-0.1668115172992221,74.26,75.38465199296155,73.13534800703846,0.030289576971762613,0.29549229322544035,0.0,0.4107142857142857,0.005565234223770809,2404494.5,0.20758625149693627,0.0,0.013585827397089313,0.12030728838022144,0.17083137304281354,0.0,0.0,0.05876219341363957,0,-1,0.0,0.0,0.0,0.0,0.0,0.0,0.0,0.0,0.0,0.0,0.1200753931390004,0.12010635432189841,0.12511592816926442,0.12490078544257738,0.17286284870404695,0.0,0.0,0.0,0.0,13.043478260869463,-0.16414306538574408,-0.15083458100707503,-0.13165415794910018,-0.07003586450666432,0.30027681018805197,0.4107142857142857,0.4107142857142857,0.4107142857142857,0.5892857142857143,0.7607142857142861,0.048701479253630324,0.0600400563331014,0.06856530224992374,0.07991459900836902,0.08232573830432327,0.0,0.0,0.0,0.0,2,3,1,2025,0,0,26,0,0,1,0,0,1,0,0.06598320366388051,0,-0.06047103755569701,-0.06047103755569701,0.12030728838022144,0.0,0.0,0.11638450389823202
2025-03-27,73.8,73.8,73.8,73.8,1220000.0,0.0,0.0,0.0,0.0,0.0,0.0,0.1203072883802226,WAPCO,73.8,73.80740064757812,73.8,73.91709162818145,74.2,74.18399125883514,73.868,72.66829712370914,-0.005390835579514901,-0.0009205610007039292,-0.17743493349145467,-0.04019726435290427,-0.1372376691385504,74.2,75.28579342806553,73.11420657193447,0.029266669220095107,0.31580290059746735,0.0,0.4107142857142857,0.005565234223770809,1900494.5,0.6419381902973147,0.0,0.013585827397089313,0.12030728838022144,0.17083137304281354,0.0,0.0,0.05944524580764142,0,-1,0.0,0.0,0.0,0.0,0.0,0.0,0.0,0.0,0.0,0.0,0.12030728838022144,0.1200753931390004,0.12010635432189841,0.12490078544257738,0.14860633583203747,0.0,0.0,0.0,0.0,0.0,-0.17269936436748878,-0.16414306538574408,-0.15083458100707503,-0.10525799385766277,0.20372664317861222,0.4107142857142857,0.4107142857142857,0.4107142857142857,0.4107142857142857,0.8571428571428571,0.030289576971762613,0.048701479253630324,0.0600400563331014,0.07681175867303655,0.08588400764256447,0.0,0.0,0.0,0.0,3,3,1,2025,0,0,27,0,0,0,1,0,-1,0,0.06598320366388051,0,-0.06047103755569701,-0.06047103755569701,0.04697264479582249,0.0,0.0,0.11638450389823202
2025-03-28,73.8,73.8,73.8,73.8,1460000.0,0.0,0.0,0.0,0.0,0.0,0.0,0.0469726447958256,WAPCO,73.8,73.80493376505208,73.8,73.89580224123937,74.14000000000001,74.1474206627556,73.944,72.71267762866172,-0.004585918532506306,-0.00194741966893873,-0.1791230866969329,-0.06798242882170999,-0.1111406578752229,74.14000000000001,75.17089128530341,73.10910871469662,0.027809314413363827,0.3350941535508501,0.0,0.3392857142857143,0.004597367402245451,1764494.5,0.8274324459498174,0.0,2.242000124788163e-08,0.04697264479582249,0.17083137304281354,0.0,0.0,0.06281390185206563,0,-1,0.0,0.0,0.0,0.0,-0.002706361597743,0.0,0.0,0.0,0.0,7.32439309773818e-06,0.12030728838022144,0.12030728838022144,0.1200753931390004,0.12511592816926442,0.14850331695895452,0.0,0.0,0.0,0.0,0.0,-0.17743493349145467,-0.17269936436748878,-0.16414306538574408,-0.13165415794910018,0.10980583833442381,0.4107142857142857,0.4107142857142857,0.4107142857142857,0.4107142857142857,0.9107142857142857,0.029266669220095107,0.030289576971762613,0.048701479253630324,0.06856530224992374,0.08660307977726617,0.0,0.0,0.0,0.0,4,3,1,2025,0,0,28,0,0,0,0,1,-1,0,0.06598320366388051,0,-0.06047103755569701,-0.06047103755569701,0.07151368347147259,0.000268756998961,0.0163938097756764,0.11656745918166445
2025-04-02,72.6,72.6,72.6,72.6,363570.0,-1.63,-0.0162601626016261,-0.0163938097756764,0.000268756998961,0.0163938097756764,0.1163845038982327,0.0715136834714748,WAPCO,73.56,73.40328917670139,73.67999999999999,73.6602018337413,74.02000000000001,74.00004726630267,73.977,72.70825889812596,-0.019184004323156117,-0.01861389350744163,-0.2741309208414293,-0.10921212722565385,-0.16491879361577547,74.02000000000001,75.18003629707677,72.85996370292325,0.03134386103963138,-0.11204981412148729,0.0,0.4250000000000002,0.00585399449035813,1696173.0,0.2143472393440999,0.11638450389823202,0.08229627193147512,0.07151368347147259,0.17239002403130457,0.0,0.0,0.06250817527238509,0,-1,0.0,0.0,0.0,0.0,0.0,0.0,0.0,0.0,0.0,0.0,0.04697264479582249,0.12030728838022144,0.12030728838022144,0.12010635432189841,0.13577177306749927,0.0,0.0,0.0,0.0,0.0,-0.1791230866969329,-0.17743493349145467,-0.17269936436748878,-0.15083458100707503,0.0349698135894414,0.3392857142857143,0.4107142857142857,0.4107142857142857,0.4107142857142857,0.903571428571429,0.027809314413363827,0.029266669220095107,0.030289576971762613,0.0600400563331014,0.08294773072842025,0.0,0.0,0.0,0.0,2,4,2,2025,0,0,2,0,0,1,0,0,-1,0,0.6656476724552147,0,-0.0757479312539784,-0.0757479312539784,0.07151368347147259,0.0,0.0,0.0579085580979165
2025-04-03,72.6,72.6,72.6,72.6,2110000.0,0.0,0.0,0.0,0.0,0.0,0.1163845038982327,0.0715136834714748,WAPCO,73.32,73.13552611780094,73.56,73.46743786397015,73.9,73.8667094314167,74.01,72.70401345114063,-0.01759133964817336,-0.019051479529793417,-0.345443259036216,-0.15645835358776627,-0.1889849054484497,73.9,75.12774933152573,72.67225066847428,0.03322731614413339,-0.029424030874647813,0.0,0.4250000000000002,0.00585399449035813,1613673.0,1.307575946303867,0.11638450389823202,0.08229627193147512,0.07151368347147259,0.17225194081827352,0.0,0.0,0.06082823320571574,0,-1,-0.0163938097756764,0.0,0.0,0.0,0.0,0.000268756998961,0.0,0.0,0.0,0.0,0.07151368347147259,0.04697264479582249,0.12030728838022144,0.1200753931390004,0.1303205383053994,0.0,0.0,0.0,0.0,0.0,-0.2741309208414293,-0.1791230866969329,-0.17743493349145467,-0.16414306538574408,-0.02406091592402504,0.4250000000000002,0.3392857142857143,0.4107142857142857,0.4107142857142857,0.903571428571429,0.03134386103963138,0.027809314413363827,0.029266669220095107,0.048701479253630324,0.08207308054028603,0.0163938097756764,0.0,0.0,0.0,3,4,2,2025,0,0,3,0,0,0,1,0,-1,0,0.06598320366388051,0,-0.0757479312539784,-0.0757479312539784,0.07151368347147259,0.0,0.0,0.0579085580979165
2025-04-04,72.6,72.6,72.6,72.6,5350000.0,0.0,0.0,0.0,0.0,0.0,0.1163845038982327,0.0715136834714748,WAPCO,73.08,72.9570174118673,73.43999999999998,73.30972188870284,73.78,73.74607043794843,74.062,72.69993449227236,-0.015993494171862386,-0.019740217655477888,-0.3973780737582189,-0.2046422976218568,-0.19273577613636209,73.78,75.02410187432278,72.53589812567722,0.03372463741726159,0.02576230919902229,0.0,0.28214285714285736,0.003886265249901617,1761173.0,3.037748137179028,0.11638450389823202,0.08229627193147512,0.07151368347147259,0.16511616618313293,0.0,0.0,0.05814211826382924,0,-1,0.0,-0.0163938097756764,0.0,0.0,0.0,0.0,0.000268756998961,0.0,0.0,0.0,0.07151368347147259,0.07151368347147259,0.04697264479582249,0.12030728838022144,0.12490078544257738,0.0,0.0,0.0,0.0,0.0,-0.345443259036216,-0.2741309208414293,-0.1791230866969329,-0.17269936436748878,-0.07003586450666432,0.4250000000000002,0.4250000000000002,0.3392857142857143,0.4107142857142857,0.5892857142857143,0.03322731614413339,0.03134386103963138,0.027809314413363827,0.030289576971762613,0.07991459900836902,0.0,0.0163938097756764,0.0,0.0,4,4,2,2025,0,0,4,0,0,0,0,1,-1,0,0.06598320366388051,0,-0.0757479312539784,-0.0757479312539784,0.07151368347147259,0.0,0.0,0.054143613839743615
2025-04-07,72.6,72.6,72.6,72.6,5690000.0,0.0,0.0,0.0,0.0,0.0,0.1163845038982327,0.0715136834714748,WAPCO,72.84,72.83801160791154,73.32,73.18068154530232,73.66,73.63692087242953,74.11399999999999,72.69601549257541,-0.014390442573988627,-0.020427989313759828,-0.4335392183551363,-0.2504216817685127,-0.1831175365866236,73.66,74.87117602702097,72.44882397297903,0.032885583139314924,0.06240877611853074,0.0,0.08571428571428592,0.0011806375442739109,1814673.0,3.13555114337404,0.11638450389823202,0.08229627193147512,0.07151368347147259,0.16445724086639854,0.0,0.0,0.053869680318123926,0,-1,0.0,0.0,-0.0163938097756764,0.0,0.0,0.0,0.0,0.000268756998961,0.0,0.0,0.07151368347147259,0.07151368347147259,0.07151368347147259,0.12030728838022144,0.12490078544257738,0.0,0.0,0.0,0.0,0.0,-0.3973780737582189,-0.345443259036216,-0.2741309208414293,-0.17743493349145467,-0.10525799385766277,0.28214285714285736,0.4250000000000002,0.4250000000000002,0.4107142857142857,0.4107142857142857,0.03372463741726159,0.03322731614413339,0.03134386103963138,0.029266669220095107,0.07681175867303655,0.0,0.0,0.0163938097756764,0.0,0,4,2,2025,0,0,7,1,0,0,0,0,-1,0,0.06598320366388051,0,-0.0757479312539784,-0.0757479312539784,0.07494507452595858,6.887012815719075e-05,0.008298802814695,0.054143613839743615
2025-04-08,72.0,72.6,72.0,65.9,2490000.0,-0.83,-0.0082644628099173,-0.008298802814695,6.887012815719075e-05,0.008298802814695,0.1165674591816651,0.0749450745259607,WAPCO,72.47999999999999,72.55867440527436,73.14,72.96601217342916,73.51,73.48102364648386,74.14399999999999,72.66872076737639,-0.02054142293565508,-0.028916702632714602,-0.5047932294398265,-0.3012959913027755,-0.203497238137051,73.51,74.7647174141945,72.25528258580552,0.03413732592013299,-0.10172911562298084,0.0,0.5642857142857137,0.00783730158730158,1915723.5,1.2997700346631442,0.11656745918166445,0.08801323328343709,0.07494507452595858,0.16536483213676512,0.37744320633993916,0.1980683333067108,0.047411762501550755,0,1,0.0,0.0,0.0,0.0,0.0,0.0,0.0,0.0,0.0,0.0,0.07151368347147259,0.07151368347147259,0.07151368347147259,0.04697264479582249,0.12511592816926442,0.0,0.0,0.0,0.0,0.0,-0.4335392183551363,-0.3973780737582189,-0.345443259036216,-0.1791230866969329,-0.13165415794910018,0.08571428571428592,0.28214285714285736,0.4250000000000002,0.3392857142857143,0.4107142857142857,0.032885583139314924,0.03372463741726159,0.03322731614413339,0.027809314413363827,0.06856530224992374,0.0,0.0,0.0,0.0,1,4,2,2025,0,0,8,0,1,0,0,0,-1,0,0.3695427331188194,0,-0.083386378103119,-0.083386378103119,0.07477671058149331,1.2098323071610209e-05,0.0034782643763248,0.030295760369872804
2025-04-09,71.75,72.0,71.75,69.0,1150000.0,-0.35,-0.0034722222222222,-0.0034782643763248,1.2098323071610209e-05,0.0034782643763248,0.0579085580979169,0.0747767105814954,WAPCO,72.30999999999999,72.28911627018292,72.93499999999999,72.74491905098749,73.39750000000001,73.31616425158063,74.17699999999999,72.63269250198908,-0.022446268605879054,-0.03271903689822981,-0.5748094121478999,-0.3559986754718004,-0.21881073667609952,73.39750000000001,74.85441635421088,71.94058364578913,0.03969934546029157,-0.06540651604270045,0.0,0.7785714285714279,0.010851169736187148,1791723.5,0.6418401053510767,0.0579085580979165,0.08700711085832594,0.07477671058149331,0.16553005207962582,0.4125863695584919,0.2855368685729551,0.037935391956292905,0,1,-0.008298802814695,0.0,0.0,-0.0163938097756764,0.0,6.887012815719075e-05,0.0,0.0,0.000268756998961,0.0,0.07494507452595858,0.07151368347147259,0.07151368347147259,0.07151368347147259,0.12010635432189841,0.0,0.0,0.0,0.0,0.0,-0.5047932294398265,-0.4335392183551363,-0.3973780737582189,-0.2741309208414293,-0.15083458100707503,0.5642857142857137,0.08571428571428592,0.28214285714285736,0.4250000000000002,0.4107142857142857,0.03413732592013299,0.032885583139314924,0.03372463741726159,0.03134386103963138,0.0600400563331014,0.008298802814695,0.0,0.0,0.0163938097756764,2,4,2,2025,0,0,9,0,0,1,0,0,-1,0,0.19321363930302857,0,-0.08656906429026094,-0.08656906429026094,0.06266407031628797,0.0,0.0,0.02477941691879384
2025-04-10,71.75,71.75,71.75,71.75,531500.0,0.0,0.0,0.0,0.0,0.0,0.0579085580979169,0.0626640703162904,WAPCO,72.14,72.10941084678862,72.72999999999999,72.56402467808067,73.285,73.1670057514301,74.21,72.59807710975421,-0.020945623251688566,-0.03314917127071815,-0.6231148611397259,-0.4094219126053855,-0.2136929485343404,73.285,74.88634811627044,71.68365188372955,0.04370193399114263,0.02071633131994203,0.0,0.7785714285714279,0.010851169736187148,1799739.0,0.29532059926467114,0.0579085580979165,0.08700711085832594,0.06266407031628797,0.1629422854222692,0.4125863695584919,0.2855368685729551,0.03718177028428602,0,-1,-0.0034782643763248,-0.008298802814695,0.0,0.0,0.0,1.2098323071610209e-05,6.887012815719075e-05,0.0,0.0,0.0,0.07477671058149331,0.07494507452595858,0.07151368347147259,0.07151368347147259,0.1200753931390004,0.0,0.0,0.0,0.0,0.0,-0.5748094121478999,-0.5047932294398265,-0.4335392183551363,-0.345443259036216,-0.16414306538574408,0.7785714285714279,0.5642857142857137,0.08571428571428592,0.4250000000000002,0.4107142857142857,0.03969934546029157,0.03413732592013299,0.032885583139314924,0.03322731614413339,0.048701479253630324,0.0034782643763248,0.008298802814695,0.0,0.0,3,4,2,2025,0,0,10,0,0,0,1,0,-1,0,0.06598320366388051,0,-0.08656906429026094,-0.08656906429026094,0.0627985027617166,1.218292664356028e-05,0.0034904049397684,0.02477941691879384
2025-04-11,71.5,71.75,71.5,69.4,1610000.0,-0.35,-0.0034843205574912,-0.0034904049397684,1.218292664356028e-05,0.0034904049397684,0.054143613839744,0.062798502761719,WAPCO,71.91999999999999,71.90627389785908,72.5,72.37056564570236,73.16,73.00824329891294,74.23599999999999,72.55501526231286,-0.022689994532531392,-0.03685543402122946,-0.6738030065191793,-0.4622981313881443,-0.21150487513103505,73.16,74.90976690177163,71.41023309822836,0.04783397763181072,0.025651102921409347,0.0,0.9464285714285704,0.013236763236763222,1865832.0,0.8628858332368616,0.054143613839743615,0.08559562833373328,0.0627985027617166,0.16312584410947056,0.43171950683379606,0.3521060989260317,0.03560170868906424,0,-1,0.0,-0.0034782643763248,-0.008298802814695,0.0,0.0,0.0,1.2098323071610209e-05,6.887012815719075e-05,0.0,0.0,0.06266407031628797,0.07477671058149331,0.07494507452595858,0.07151368347147259,0.12030728838022144,0.0,0.0,0.0,0.0,0.0,-0.6231148611397259,-0.5748094121478999,-0.5047932294398265,-0.3973780737582189,-0.17269936436748878,0.7785714285714279,0.7785714285714279,0.5642857142857137,0.28214285714285736,0.4107142857142857,0.04370193399114263,0.03969934546029157,0.03413732592013299,0.03372463741726159,0.030289576971762613,0.0,0.0034782643763248,0.008298802814695,0.0,4,4,2,2025,0,0,11,0,0,0,0,1,-1,0,0.19365772549335605,0,-0.0897517504774029,-0.0897517504774029,0.0627985027617166,0.0,0.0,0.049472644387256154
2025-04-14,71.5,71.5,71.5,71.5,255280.0,0.0,0.0,0.0,0.0,0.0,0.054143613839744,0.062798502761719,WAPCO,71.7,71.77084926523939,72.27,72.21228098284737,73.035,72.86460107996885,74.249,72.51364211477117,-0.021017320462791766,-0.0370240676642109,-0.7058372741923193,-0.5110059599489793,-0.19483131424334,73.035,74.8863437509603,71.1836562490397,0.0506974396100581,0.08543625428724723,0.0,0.9464285714285704,0.013236763236763222,1751596.0,0.145741369585224,0.054143613839743615,0.08559562833373328,0.0627985027617166,0.16312584410947056,0.43171950683379606,0.3521060989260317,0.03308765335164322,0,-1,-0.0034904049397684,0.0,-0.0034782643763248,0.0,0.0,1.218292664356028e-05,0.0,1.2098323071610209e-05,0.0,0.0,0.0627985027617166,0.06266407031628797,0.07477671058149331,0.07151368347147259,0.12030728838022144,0.0,0.0,0.0,0.0,0.0,-0.6738030065191793,-0.6231148611397259,-0.5748094121478999,-0.4335392183551363,-0.17743493349145467,0.9464285714285704,0.7785714285714279,0.7785714285714279,0.08571428571428592,0.4107142857142857,0.04783397763181072,0.04370193399114263,0.03969934546029157,0.032885583139314924,0.029266669220095107,0.0034904049397684,0.0,0.0034782643763248,0.0,0,4,2,2025,0,0,14,1,0,0,0,0,-1,0,0.06598320366388051,0,-0.0897517504774029,-0.0897517504774029,0.0627985027617166,0.0,0.0,0.049472644387256154
2025-04-15,71.5,71.5,71.5,71.5,5410000.0,0.0,0.0,0.0,0.0,0.0,0.0302957603698732,0.062798502761719,WAPCO,71.6,71.68056617682626,72.03999999999999,72.0827753496024,72.91999999999999,72.73463907235276,74.259,72.47389144360368,-0.019473395501919743,-0.03715374567392505,-0.7228916175351827,-0.5533830914662201,-0.1695085260689626,72.91999999999999,74.85510505631,70.98489494368998,0.053074740984915186,0.1330948556592214,0.0,0.9464285714285704,0.013236763236763222,1930096.0,2.8029693859787286,0.030295760369872804,0.08559562833373328,0.0627985027617166,0.16312584410947056,0.20956707415202966,0.1540377656193209,0.032003349073668495,0,-1,0.0,-0.0034904049397684,0.0,-0.008298802814695,0.0,0.0,1.218292664356028e-05,0.0,6.887012815719075e-05,0.0,0.0627985027617166,0.0627985027617166,0.06266407031628797,0.07494507452595858,0.04697264479582249,0.0,0.0,0.0,0.0,0.0,-0.7058372741923193,-0.6738030065191793,-0.6231148611397259,-0.5047932294398265,-0.1791230866969329,0.9464285714285704,0.9464285714285704,0.7785714285714279,0.5642857142857137,0.3392857142857143,0.0506974396100581,0.04783397763181072,0.04370193399114263,0.03413732592013299,0.027809314413363827,0.0,0.0034904049397684,0.0,0.008298802814695,1,4,2,2025,0,0,15,0,1,0,0,0,-1,0,0.06598320366388051,0,-0.0897517504774029,-0.0897517504774029,0.06291727493244473,0.0,0.0,0.6659918980333707
2025-04-16,71.5,71.5,71.5,71.5,1690000.0,0.0,0.0,0.0,0.0,0.0,0.0247794169187945,0.0629172749324472,WAPCO,71.55,71.62037745121751,71.92999999999999,71.97681619512923,72.80499999999999,72.61705439879536,74.285,72.43569962228588,-0.017924593091133752,-0.037490745103318256,-0.7280152014358947,-0.588309513460155,-0.13970568797573968,72.80499999999999,74.79256661590014,70.81743338409984,0.054599728477443855,0.171709116675576,0.0,0.9464285714285704,0.013236763236763222,1987199.5,0.8504430481187218,0.02477941691879384,0.04422183403802094,0.06291727493244473,0.16312584410947056,0.1270992534807333,0.06656923035307656,0.030312124725449863,0,-1,0.0,0.0,-0.0034904049397684,-0.0034782643763248,-0.0163938097756764,0.0,0.0,1.218292664356028e-05,1.2098323071610209e-05,0.000268756998961,0.0627985027617166,0.0627985027617166,0.0627985027617166,0.07477671058149331,0.07151368347147259,0.0,0.0,0.0,0.0,0.0,-0.7228916175351827,-0.7058372741923193,-0.6738030065191793,-0.5748094121478999,-0.2741309208414293,0.9464285714285704,0.9464285714285704,0.9464285714285704,0.7785714285714279,0.4250000000000002,0.053074740984915186,0.0506974396100581,0.04783397763181072,0.03969934546029157,0.03134386103963138,0.0,0.0,0.0034904049397684,0.0034782643763248,2,4,2,2025,0,0,16,0,0,1,0,0,-1,0,0.06598320366388051,0,-0.0897517504774029,-0.0897517504774029,0.06291727493244473,0.0,0.0,0.6411525068671112
2025-04-17,71.5,71.5,71.5,71.5,281460.0,0.0,0.0,0.0,0.0,0.0,0.0247794169187945,0.0629172749324472,WAPCO,71.5,71.58025163414501,71.82,71.89012234146936,72.69,72.51066826557675,74.31099999999999,72.39900551945114,-0.016370890081166566,-0.03782750871338016,-0.7237329358146667,-0.6153941979310574,-0.10833873788360926,72.69,74.70117928223029,70.67882071776971,0.05533578985363289,0.2041536747831966,0.0,0.9464285714285704,0.013236763236763222,1927272.5,0.14604058325950275,0.02477941691879384,0.04422183403802094,0.06291727493244473,0.16312584410947056,0.1270992534807333,0.06656923035307656,0.02912055680871439,0,1,0.0,0.0,0.0,0.0,0.0,0.0,0.0,0.0,0.0,0.0,0.06291727493244473,0.0627985027617166,0.0627985027617166,0.06266407031628797,0.07151368347147259,0.0,0.0,0.0,0.0,0.0,-0.7280152014358947,-0.7228916175351827,-0.7058372741923193,-0.6231148611397259,-0.345443259036216,0.9464285714285704,0.9464285714285704,0.9464285714285704,0.7785714285714279,0.4250000000000002,0.054599728477443855,0.053074740984915186,0.0506974396100581,0.04370193399114263,0.03322731614413339,0.0,0.0,0.0,0.0,3,4,2,2025,0,0,17,0,0,0,1,0,-1,0,0.06598320366388051,0,-0.0897517504774029,-0.0897517504774029,0.06932601325509274,4.8562352037062153e-05,0.0069686693160934,0.6062365281478733
2025-05-06,82.7,82.7,82.7,82.7,2720000.0,0.0,0.0,0.0,0.0,0.0,0.0,0.3433129183822717,WAPCO,82.7,82.15719280044311,80.04,80.28758364828282,75.93,77.82885418142743,75.242,75.04181268898255,0.08916106940603181,0.09912017224422527,2.593988294140644,1.5751533755170315,1.0188349186236123,75.93,86.32207187690436,65.53792812309565,0.27372769332027796,0.8257290788685673,100.0,1.1357142857142861,0.013732941786146143,3167412.0,0.8587452469082014,0.0,0.47184551050735024,0.34331291838227096,0.2526925181927125,0.0,0.0,0.1399774247879308,0,-1,0.0,0.0,0.0,0.0207704473572069,0.0,0.0,0.0,0.0,0.0004314114834185,0.0,0.3516408515163892,0.3516408515163892,0.3516408515163892,0.3516408515163892,0.06291727493244473,97.81659388646288,97.81659388646288,95.72649572649573,91.05691056910574,0.0,2.4889281502142637,2.3186306115996445,2.067543489780988,1.2445856233210861,-0.7237329358146667,1.3035714285714286,1.3035714285714286,1.5178571428571428,1.9964285714285706,0.9464285714285704,0.26464230018021845,0.25194182023463246,0.23374102332739852,0.1805555210656741,0.05533578985363289,0.0,0.0,0.0,0.0207704473572069,1,5,2,2025,0,0,6,0,1,0,0,0,1,0,0.06598320366388051,0,0.0,-0.0897517504774029,0.34278461851990094,9.11082673859166e-06,0.0030184146068079,0.3514507414631085
2025-05-07,82.95,82.7,82.95,82.4,7180000.0,0.3,0.0030229746070133,0.0030184146068079,9.11082673859166e-06,0.0030184146068079,0.0214286179588189,0.3427846185199016,WAPCO,82.75,82.42146186696209,81.135,80.77165934859502,76.44749999999999,78.31658235462483,75.351,75.35193768157147,0.08505837339350551,0.10084803121391892,2.66668227249734,1.7934591549130934,0.8732231175842466,76.44749999999999,87.16700877704113,65.72799122295885,0.28044105502576655,0.8033021444941094,100.0,1.1750000000000003,0.01416515973477999,3258912.0,2.203189285258393,0.021428617958818553,0.4740348173093298,0.34278461851990094,0.2526940391314572,0.028363683438114018,0.013695918756285988,0.1424658501340491,0,-1,0.0,0.0,0.0,0.0,0.0069686693160934,0.0,0.0,0.0,0.0,4.8562352037062153e-05,0.34331291838227096,0.3516408515163892,0.3516408515163892,0.3516408515163892,0.06932601325509274,100.0,97.81659388646288,97.81659388646288,91.05691056910574,17.857142857142875,2.593988294140644,2.4889281502142637,2.3186306115996445,1.7169916580810565,-0.6722441757317767,1.1357142857142861,1.3035714285714286,1.3035714285714286,1.9964285714285706,0.9821428571428561,0.27372769332027796,0.26464230018021845,0.25194182023463246,0.21061852981729184,0.05406457297076184,0.0,0.0,0.0,0.0,2,5,2,2025,0,0,7,0,0,1,0,0,1,0,0.04442651906384229,0,0.0,-0.0897517504774029,0.34278461851990094,0.0,0.0,0.3454776995571337
2025-05-08,82.95,82.95,82.95,82.95,2810000.0,0.0,0.0,0.0,0.0,0.0,0.0214286179588189,0.3427846185199016,WAPCO,82.8,82.59764124464141,82.23,81.1677212852141,76.965,78.75786022561294,75.462,75.64990090974514,0.07776261937244201,0.09922875089448993,2.6932467025773974,1.9734166644459543,0.7198300381314431,76.965,87.89959502775766,66.03040497224235,0.28414461190820894,0.7736726867710682,100.0,1.1750000000000003,0.01416515973477999,3114912.0,0.9021121623981673,0.021428617958818553,0.4740348173093298,0.34278461851990094,0.25119045394768835,0.028363683438114018,0.013695918756285988,0.14369738616601577,0,-1,0.0030184146068079,0.0,0.0,0.0,0.0,9.11082673859166e-06,0.0,0.0,0.0,0.0,0.34278461851990094,0.34331291838227096,0.3516408515163892,0.3516408515163892,0.06932601325509274,100.0,100.0,97.81659388646288,95.72649572649573,17.857142857142875,2.66668227249734,2.593988294140644,2.4889281502142637,2.067543489780988,-0.6242430767980807,1.1750000000000003,1.1357142857142861,1.3035714285714286,1.5178571428571428,1.0535714285714275,0.28044105502576655,0.27372769332027796,0.26464230018021845,0.23374102332739852,0.05226195862180098,0.0030184146068079,0.0,0.0,0.0,3,5,2,2025,0,0,8,0,0,0,1,0,1,0,0.06598320366388051,0,0.0,-0.0897517504774029,0.3481469222651433,0.0001471056413552,0.0121287114466147,0.35331665101352333
2025-06-13,86.0,86.0,86.0,85.95,5160000.0,0.0,0.0,0.0,0.0,0.0,0.1176397196342428,0.1956182812381269,WAPCO,85.72,85.73172531531058,85.425,85.03050407429632,82.875,83.53583058321448,78.929,80.14609396224785,0.03770739064856712,0.08958684387234093,1.985707822418135,1.9033232965372968,0.08238452588083822,82.875,88.9792263184927,76.7707736815073,0.14731164569514826,0.7559701948249229,92.16867469879513,0.6000000000000004,0.006976744186046517,2346799.0,2.1987396449376364,0.117639719634242,0.09420650134655745,0.19561828123812577,0.2587993735504329,0.06769206582020876,0.018274244954166255,0.07001787473324465,0,-1,0.0,0.0,0.0164130296413302,-0.0070630075844817,0.0304774112025149,0.0,0.0,0.0002693875420071,4.988607613844709e-05,0.0009288725936071,0.27243033156705737,0.27692170529456606,0.27692170529456606,0.2717686253542329,0.27834235910378163,84.53038674033145,84.53038674033145,84.53038674033145,85.56149732620327,57.40740740740741,2.0143338892793565,2.0215717580472443,2.0014052304302936,1.9907759595652408,1.4470248460526705,0.6500000000000006,0.6500000000000006,0.6500000000000006,0.6678571428571425,1.0607142857142864,0.15266262582267273,0.1553427227386791,0.14902713349853536,0.13925556552458007,0.10763713412778741,0.0,0.0,0.0164130296413302,0.0070630075844817,4,6,2,2025,0,0,13,0,0,0,0,1,1,0,0.06598320366388051,0,0.0,-0.06027727546714888,0.19561828123812577,0.0,0.0,0.12331692169249313
2025-06-16,86.0,86.0,86.0,86.0,1910000.0,0.0,0.0,0.0,0.0,0.0,0.1165209514085863,0.1956182812381269,WAPCO,86.0,85.82115021020707,85.5,85.20677606078789,83.275,83.7705133848131,79.173,80.3756589049048,0.032722906034223884,0.0862288911623912,1.9406508432827962,1.9107888058863969,0.029862037396399366,83.275,89.07504537187428,77.47495462812573,0.1392985979435431,0.7349119554490152,92.16867469879513,0.6000000000000004,0.006976744186046517,2314299.0,0.8253039041195628,0.11652095140858573,0.09345914019583423,0.19561828123812577,0.2587993735504329,0.06750442564102573,0.01589217338170006,0.07324906049930599,0,-1,0.0,0.0,0.0,-0.0005908419669668,0.0035252680456851,0.0,0.0,0.0,3.490942299292926e-07,1.2427514793928709e-05,0.19561828123812577,0.27243033156705737,0.27692170529456606,0.27180673042308134,0.2701891210957221,92.16867469879513,84.53038674033145,84.53038674033145,84.69945355191251,58.33333333333332,1.985707822418135,2.0143338892793565,2.0215717580472443,1.9465540591020556,1.6804229951441982,0.6000000000000004,0.6500000000000006,0.6500000000000006,0.6571428571428574,1.0821428571428575,0.14731164569514826,0.15266262582267273,0.1553427227386791,0.1422232918467781,0.11589469417616714,0.0,0.0,0.0,0.0005908419669668,0,6,2,2025,0,0,16,1,0,0,0,0,1,0,0.06598320366388051,0,0.0,-0.05967450271247743,0.19620861137983459,0.000120690977585,0.0109859445467843,0.12331692169249313
2025-06-17,86.95,86.0,86.95,86.0,3940000.0,1.1,0.011046511627907,0.0109859445467843,0.000120690977585,0.0109859445467843,0.0779924693177813,0.1962086113798357,WAPCO,86.19,86.19743347347139,85.67,85.52372586791736,83.71000000000001,84.07332163387852,79.436,80.63347620275167,0.03870505315971801,0.09459187270255294,1.9590175879114184,1.9204345622914012,0.03858302562001725,83.71000000000001,89.2210033473722,78.19899665262781,0.131668936742855,0.793957360917311,88.8888888888888,0.4250000000000002,0.004887866589994252,2402299.0,1.6400955917643891,0.07799246931778088,0.10600541244449624,0.19620861137983459,0.25742154022518515,0.04690483515095205,0.013066999404461656,0.07504904491738518,0,-1,0.0,0.0,0.0,0.0164130296413302,0.0,0.0,0.0,0.0,0.0002693875420071,0.0,0.19561828123812577,0.19561828123812577,0.27243033156705737,0.27692170529456606,0.2701891210957221,92.16867469879513,92.16867469879513,84.53038674033145,84.53038674033145,62.89062499999999,1.9406508432827962,1.985707822418135,2.0143338892793565,2.0014052304302936,1.8441346732626869,0.6000000000000004,0.6000000000000004,0.6500000000000006,0.6500000000000006,0.9678571428571426,0.1392985979435431,0.14731164569514826,0.15266262582267273,0.14902713349853536,0.12321887926732614,0.0,0.0,0.0,0.0164130296413302,1,6,2,2025,0,0,17,0,1,0,0,0,1,0,0.33586851298790965,0,0.0,-0.05666063893911998,0.20400461972911343,0.000120690977585,0.0109859445467843,0.644067294073777
2025-06-25,90.0,93.85,90.25,86.0,2370000.0,-4.1,-0.0410229088971763,-0.0418880927022527,0.0017546123102325,0.0418880927022527,0.7517945893131179,0.3864611261557567,WAPCO,88.36999999999999,89.09511075761615,87.28,87.75216642213948,86.12,86.00051546183572,81.269,82.23131158336442,0.04505341384115183,0.10743333866541971,2.2396064420217527,1.9449466436045506,0.29465979841720213,86.12,90.66988721664853,81.57011278335148,0.10566389263001691,0.926384195393092,65.17571884984025,1.5321428571428573,0.017023809523809524,2619521.5,0.9047453895682857,0.7517945893131175,0.5135597685321851,0.3864611261557559,0.3225027662707866,0.43128316172919023,0.20773644455080836,0.062447248878032546,1,1,0.0873504667790099,0.0,0.0,-0.0109859445467843,0.0,0.0076301040465109,0.0,0.0,0.000120690977585,0.0,0.3458881178079383,0.19751094487416107,0.19751094487416107,0.20400461972911343,0.27692170529456606,86.44067796610163,59.493670886075904,59.493670886075904,76.47058823529403,84.53038674033145,2.1494464852923727,1.6111049189171638,1.6998237935594602,1.8752990250089283,2.0215717580472443,0.9714285714285721,0.41071428571428675,0.41071428571428675,0.49285714285714327,0.6500000000000006,0.10389381604660816,0.08559633285423811,0.10587181383739047,0.12541933837296082,0.1553427227386791,0.0873504667790099,0.0,0.0,0.0109859445467843,2,6,2,2025,0,0,25,0,0,1,0,0,1,1,1.5981957401450255,0,-0.04102290889717629,-0.04102290889717629,0.36419621917088824,1.2359410419043784e-06,0.0011117288526904,0.3397787530290793
2025-07-21,116.0,114.0,116.0,114.0,13920000.0,1.75,0.0175438596491228,0.0173917427118692,0.0003024727145558,0.0173917427118692,0.4185653384857937,0.5008493458602449,WAPCO,111.4,111.47805805353696,104.5,106.25927484190193,97.2,99.90232020578382,88.72399999999999,91.14588037921743,0.19341563786008226,0.30742527388305324,7.218615579834449,5.0806136075426345,2.138001972291814,97.2,116.6930756936922,77.70692430630781,0.40109209246280225,0.9822225157131959,100.0,2.607142857142857,0.02247536945812808,4236421.0,3.2857924177035285,0.41856533848579347,0.45482797090741245,0.5008493458602441,0.3873988549946401,0.3295970026132339,0.23622635414738935,0.08391252442306131,1,1,0.0,0.0633696139325891,0.0093897403498391,0.0683192439774772,0.0054200674693391,0.0,0.0040157079699654,8.816722383739721e-05,0.004667519097654,2.93771313721881e-05,0.5030930867535949,0.5081993969139692,0.4738878346275784,0.47525535699387317,0.3872793649261592,90.84745762711863,90.84745762711863,87.61061946902656,80.03003003003005,64.97695852534562,6.639560492349972,6.007536573526494,5.113461876067774,4.003626804201147,2.201363890736033,2.6571428571428575,2.5142857142857147,2.0214285714285714,2.757142857142856,1.9571428571428566,0.37530743660036203,0.34431598471489727,0.29526771993063644,0.23151639622258077,0.12160408912987156,0.0,0.0633696139325891,0.0093897403498391,0.0683192439774772,0,7,3,2025,0,0,21,1,0,0,0,0,1,0,0.5701843679607754,0,0.0,-0.07085775173148633,0.5506461800155634,0.0068379198694089,0.0826917158451134,0.7181151732288285
2025-07-22,126.0,127.6,127.6,124.7,30530000.0,8.62,0.0862068965517242,0.0826917158451134,0.0068379198694089,0.0826917158451134,0.5761670173017034,0.5506461800155643,WAPCO,115.4,116.31870536902464,107.85,109.84849759791975,99.2,102.3878135195187,89.585,92.51270859964028,0.2701612903225806,0.4064854607356143,8.38774859048658,5.742040604131423,2.6457079863551574,99.2,121.81301441764555,76.58698558235446,0.4559075487428537,1.092579111856207,100.0,3.414285714285714,0.02709750566893424,5663921.0,5.390258797748062,0.5761670173017035,0.5237869262399425,0.5506461800155634,0.41504995571481834,0.33450001235786553,0.239470253715732,0.07730268479583914,1,1,0.0173917427118692,0.0,0.0633696139325891,0.0,0.0,0.0003024727145558,0.0,0.0040157079699654,0.0,0.0,0.5008493458602441,0.5030930867535949,0.5081993969139692,0.47525535699387317,0.38553213432812433,100.0,90.84745762711863,90.84745762711863,73.8703339882122,63.37349397590362,7.218615579834449,6.639560492349972,6.007536573526494,4.610647089477652,2.2876792762654645,2.607142857142857,2.6571428571428575,2.5142857142857147,2.339285714285713,1.8892857142857136,0.40109209246280225,0.37530743660036203,0.34431598471489727,0.26607732484176766,0.12401801903150265,0.0173917427118692,0.0,0.0633696139325891,0.0,1,7,3,2025,0,0,22,0,1,0,0,0,1,0,2.958773368129263,0,0.0,-0.07085775173148633,0.5890152758995363,0.0019551698248383,0.044217302324298,0.7250332920760174
2025-07-23,120.55,126.0,126.0,120.55,8330000.0,-4.33,-0.0432539682539683,-0.044217302324298,0.0019551698248383,0.044217302324298,0.8042845925960578,0.5890152758995372,WAPCO,118.10999999999999,117.72913691268309,110.655,111.79422530738888,100.535,104.11754556527882,90.337,93.61221022318381,0.19908489580743027,0.3344476792454918,8.77339127871275,6.3483107390476885,2.4250805396650623,100.535,124.90262520014518,76.16737479985481,0.4847590431221999,0.9106883587466035,86.80387409200968,3.614285714285714,0.029981631806600698,5705921.0,1.4598870191157571,0.8042845925960576,0.6325778882033719,0.5890152758995363,0.42815857934765866,0.3593638991332829,0.21805231215469584,0.0696511492188381,1,1,0.0826917158451134,0.0173917427118692,0.0,0.0093897403498391,0.0,0.0068379198694089,0.0003024727145558,0.0,8.816722383739721e-05,0.0,0.5506461800155634,0.5008493458602441,0.5030930867535949,0.4738878346275784,0.38544460173932843,100.0,100.0,90.84745762711863,87.61061946902656,66.41414141414143,8.38774859048658,7.218615579834449,6.639560492349972,5.113461876067774,2.3292348714664115,3.414285714285714,2.607142857142857,2.6571428571428575,2.0214285714285714,1.8214285714285705,0.4559075487428537,0.40109209246280225,0.37530743660036203,0.29526771993063644,0.12780300362581232,0.0826917158451134,0.0173917427118692,0.0,0.0093897403498391,2,7,3,2025,0,0,23,0,0,1,0,0,1,1,1.6833952312834315,0,-0.043253968253968274,-0.07085775173148633,0.5290465017919468,0.000257487766757,0.0160464253576017,0.49932542231759613
2025-07-24,122.5,120.55,125.5,122.2,6040000.0,1.62,0.0161758606387392,0.0160464253576017,0.000257487766757,0.0160464253576017,0.7239352710940085,0.5290465017919476,WAPCO,119.80999999999999,119.31942460845539,113.10499999999999,113.74072979695453,102.16,105.86825551144274,91.14800000000001,94.74506472423542,0.19909945184025063,0.3439680519594504,9.131106874574144,6.9048699661529795,2.226236908421164,102.16,127.8673530337142,76.4526469662858,0.5032762927508653,0.8956066572339222,86.83574879227052,3.835714285714286,0.03131195335276968,5889421.0,1.0255677086083674,0.7239352710940085,0.6090565643627585,0.5290465017919468,0.4280983012668271,0.26277795170417967,0.2009642448883969,0.06988757331139656,1,1,-0.044217302324298,0.0826917158451134,0.0173917427118692,0.0633696139325891,0.0577588341521924,0.0019551698248383,0.0068379198694089,0.0003024727145558,0.0040157079699654,0.0033360829226204,0.5890152758995363,0.5506461800155634,0.5008493458602441,0.5081993969139692,0.4263248436383227,86.80387409200968,100.0,100.0,90.84745762711863,73.71541501976287,8.77339127871275,8.38774859048658,7.218615579834449,6.007536573526494,2.773995125581493,3.614285714285714,3.414285714285714,2.607142857142857,2.5142857142857147,2.214285714285713,0.4847590431221999,0.4559075487428537,0.40109209246280225,0.34431598471489727,0.15446708578476612,0.044217302324298,0.0826917158451134,0.0173917427118692,0.0633696139325891,3,7,3,2025,0,0,24,0,0,0,1,0,1,1,0.5209743900702458,0,-0.027777777777777776,-0.07085775173148633,0.49072324545441515,0.0004244682532633,0.0206026273388464,0.632591569035502
2025-08-21,137.05,137.05,137.05,137.05,1290000.0,0.0,0.0,0.0,0.0,0.0,0.0523392330940706,0.5870177068123515,WAPCO,137.23000000000002,137.3707467167335,137.86499999999998,137.96809341704045,140.525,134.968654650753,114.53,119.77604522545606,-0.024728695961572632,0.19662970400768368,5.961060972360713,8.41031942056962,-2.449258448208907,140.525,154.86073011376683,126.18926988623318,0.20403102812690735,0.3787993366078057,30.11647254575709,2.317857142857144,0.016912492833689483,5902867.5,0.21853785469519688,0.05233923309407578,0.6061339089516573,0.5870177068123508,0.49305729488091987,0.03990617559149507,0.021476897848772346,0.06936330100100395,1,-1,0.0,0.00036489692067,-0.0072727593290798,0.0072727593290798,0.0,0.0,1.331497627144717e-07,5.289302825871739e-05,5.28930282587184e-05,0.0,0.6122569111854488,0.6697551018108987,0.6699255480438217,0.6929344159467832,0.5702018232175755,30.11647254575709,28.237129485179437,46.13583138173301,61.36962247585602,81.01145038167938,6.513289672517402,7.123395545480804,7.798499469947075,9.287158285142482,14.027828267061295,2.317857142857144,2.60357142857143,3.6000000000000005,4.746428571428572,4.775,0.2347047163076944,0.2664071162080887,0.2801892412298849,0.35543658597777067,0.5507590407895874,0.0,0.00036489692067,0.0072727593290798,0.0072727593290798,3,8,3,2025,0,0,21,0,0,0,1,0,1,0,0.06598320366388051,0,-0.09238410596026482,-0.12582781456953643,0.5917834844305572,0.0003389260961068,0.01840994557588,0.212432404484854
2025-09-17,125.0,128.0,125.0,120.0,2310000.0,-2.34,-0.0234375,-0.023716526617316,0.0005624736347898,0.023716526617316,0.1683706363752568,0.5437838333271146,WAPCO,127.4,126.06009265149453,122.39500000000001,125.36654135505921,126.45,126.37118226871415,127.73899999999999,122.39646546001057,-0.011466982997232129,-0.021442159403157926,-1.0037546724833533,-1.248979899145716,0.24522522666236268,126.45,143.3053286904519,109.59467130954812,0.26659278276713144,0.4569868963510219,39.607390300230946,4.046428571428572,0.03237142857142857,3162156.0,0.7305142440790398,0.1683706363752565,0.4511755636227103,0.543783833327114,0.57993462871289,0.17404708826338425,0.078794969554357,0.06154044635731584,1,-1,0.0,0.0,0.0,0.0649552746339136,-0.1040064193100971,0.0,0.0,0.0,0.0042191877027671,0.0108173352577077,0.5393762397022721,0.5393762397022721,0.5405718661757684,0.5864777357643013,0.5594691508026787,42.55583126550869,41.98286413708689,41.98286413708689,39.56170703575547,3.7168141592920705,-1.0349589850582817,-1.3651876315076095,-1.7668221928810084,-2.8424757820394575,-0.6716077166390733,3.4750000000000005,3.5142857142857156,3.5142857142857156,3.692857142857144,2.1464285714285745,0.27526779968601683,0.2830333945196351,0.29133710046436545,0.3031147444394093,0.2378434602779498,0.0,0.0,0.0,0.0649552746339136,2,9,3,2025,0,0,17,0,0,1,0,0,-1,0,0.9335032328793924,0,-0.17218543046357615,-0.2658940397350994,0.5437453088728943,0.0,0.0,0.3420588842712022
2025-09-18,125.0,125.0,125.0,125.0,1850000.0,0.0,0.0,0.0,0.0,0.0,0.1683706363752568,0.5437453088728949,WAPCO,126.8,125.7067284343297,123.595,125.29989747232116,125.8475,126.24059348121756,128.389,122.49856485373566,-0.006734341166888469,-0.026396342365779077,-0.9678680495544825,-1.1927575292274692,0.22488947967298678,125.8475,141.95220591571268,109.74279408428731,0.2559400213069419,0.4736878150884728,43.63867684478372,3.760714285714286,0.03008571428571429,3209288.5,0.5764517586997866,0.1683706363752565,0.45289870368556423,0.5437453088728943,0.57993462871289,0.17404708826338425,0.078794969554357,0.055467030987792015,1,-1,-0.023716526617316,0.0,0.0,0.0,0.01920988265002,0.0005624736347898,0.0,0.0,0.0,0.0003690195914275,0.543783833327114,0.5393762397022721,0.5393762397022721,0.5441344430940879,0.5710412759974326,39.607390300230946,42.55583126550869,41.98286413708689,39.56170703575547,7.482993197278958,-1.0037546724833533,-1.0349589850582817,-1.3651876315076095,-2.253754710228435,-1.9178652015826572,4.046428571428572,3.4750000000000005,3.5142857142857156,3.692857142857144,2.825000000000003,0.26659278276713144,0.27526779968601683,0.2830333945196351,0.2984296059762415,0.26905133821297683,0.023716526617316,0.0,0.0,0.0,3,9,3,2025,0,0,18,0,0,0,1,0,-1,1,0.06598320366388051,0,-0.17218543046357615,-0.2658940397350994,0.5437453088728943,0.0,0.0,0.3420588842712022
2025-09-19,125.0,125.0,125.0,125.0,1430000.0,0.0,0.0,0.0,0.0,0.0,0.1683706363752568,0.5437453088728949,WAPCO,126.2,125.47115228955315,124.795,125.24537065917184,125.24499999999998,126.1224417211016,128.929,122.5966603496676,-0.001956165914806788,-0.030474136928076708,-0.9287219142163963,-1.1399504062252548,0.21122849200885851,125.24499999999998,140.4622305385431,110.02776946145686,0.24299940977353396,0.4919499149539914,43.63867684478372,3.760714285714286,0.03008571428571429,3216288.5,0.44461185618143395,0.1683706363752565,0.45289870368556423,0.5437453088728943,0.57993462871289,0.17404708826338425,0.078794969554357,0.05343643516700067,1,1,0.0,-0.023716526617316,0.0,0.0,0.0,0.0,0.0005624736347898,0.0,0.0,0.0,0.5437453088728943,0.543783833327114,0.5393762397022721,0.5405718661757684,0.5710412759974326,43.63867684478372,39.607390300230946,42.55583126550869,41.98286413708689,7.482993197278958,-0.9678680495544825,-1.0037546724833533,-1.0349589850582817,-1.7668221928810084,-2.8724217473181426,3.760714285714286,4.046428571428572,3.4750000000000005,3.5142857142857156,2.767857142857145,0.2559400213069419,0.26659278276713144,0.27526779968601683,0.29133710046436545,0.2890620452606024,0.0,0.023716526617316,0.0,0.0,4,9,3,2025,0,0,19,0,0,0,0,1,-1,0,0.06598320366388051,0,-0.17218543046357615,-0.2658940397350994,0.5437453088728943,0.0,0.0,0.5934552627677324
2025-09-22,125.0,125.0,125.0,125.0,1810000.0,0.0,0.0,0.0,0.0,0.0,0.1683706363752568,0.5437453088728949,WAPCO,125.6,125.31410152636877,125.995,125.20075781204969,124.7675,126.0155425095681,129.44899999999998,122.69090896340613,0.0018634660468471495,-0.03436874753764019,-0.887468139644227,-1.0894539529090492,0.20198581326482223,124.7675,139.34106203974605,110.19393796025395,0.2336115100446198,0.5079767732612628,53.095975232198136,3.260714285714286,0.02608571428571429,3222788.5,0.5616254371020624,0.1683706363752565,0.45289870368556423,0.5437453088728943,0.57993462871289,0.17404708826338425,0.078794969554357,0.052524953456905235,1,1,0.0,0.0,-0.023716526617316,0.0,0.0,0.0,0.0,0.0005624736347898,0.0,0.0,0.5437453088728943,0.5437453088728943,0.543783833327114,0.5393762397022721,0.5710412759974326,43.63867684478372,43.63867684478372,39.607390300230946,41.98286413708689,7.7464788732394965,-0.9287219142163963,-0.9678680495544825,-1.0037546724833533,-1.3651876315076095,-3.587559533893611,3.760714285714286,3.760714285714286,4.046428571428572,3.5142857142857156,2.625000000000002,0.24299940977353396,0.2559400213069419,0.26659278276713144,0.2830333945196351,0.30200304032981395,0.0,0.0,0.023716526617316,0.0,0,9,3,2025,0,0,22,1,0,0,0,0,-1,0,0.06598320366388051,0,-0.17218543046357615,-0.2658940397350994,0.5564252357727262,0.0016664352366117,0.0408219945202551,0.6562550472479264
2025-09-23,120.0,125.0,124.95,120.0,4660000.0,-4.0,-0.04,-0.0408219945202551,0.0016664352366117,0.0408219945202551,0.2965459120345944,0.5564252357727266,WAPCO,124.0,123.54273435091253,126.0,124.25516548258611,124.03999999999999,125.44263369913305,129.72899999999998,122.58538312170393,-0.03257013866494673,-0.07499479684573215,-1.243893608117375,-1.1203418839507144,-0.1235517241666606,124.03999999999999,137.9970242643552,110.0829757356448,0.2250407008119187,0.35527000872536507,68.19085487077535,2.75,0.022916666666666665,3396288.5,1.372086028616238,0.296545912034594,0.4249073049066002,0.5564252357727262,0.5632136919856403,0.24493656394245206,0.12058215649134049,0.05140516276570654,1,1,0.0,0.0,0.0,0.0,0.059687170573363,0.0,0.0,0.0,0.0,0.0035625583310537,0.5437453088728943,0.5437453088728943,0.5437453088728943,0.5393762397022721,0.6232651576436268,53.095975232198136,43.63867684478372,43.63867684478372,42.55583126550869,25.779036827195483,-0.887468139644227,-0.9287219142163963,-0.9678680495544825,-1.0349589850582817,-3.552552847775871,3.260714285714286,3.760714285714286,3.760714285714286,3.4750000000000005,3.117857142857144,0.2336115100446198,0.24299940977353396,0.2559400213069419,0.27526779968601683,0.311040597830759,0.0,0.0,0.0,0.0,1,9,3,2025,0,0,23,0,1,0,0,0,-1,0,1.5591992403237618,0,-0.2052980132450331,-0.2658940397350994,0.5617858007336909,0.0003009752520651,0.0173486383346128,0.5552880283991515
2025-11-20,134.0,134.0,134.0,134.0,634960.0,0.0,0.0,0.0,0.0,0.0,0.0,0.4417823922394679,WAPCO,134.0,133.9277589807176,133.195,134.14797753048862,136.4475,134.54602523778456,132.018,132.15467017140855,-0.017937301892669275,0.015013104273659646,-0.05413992363136799,0.43076941415513553,-0.4849093377865035,136.4475,146.27332392420578,126.62167607579421,0.1440235097631805,0.3754557368990393,33.24022346368713,1.710714285714285,0.012766524520255859,3241774.5,0.19586803462116195,0.0,0.16460151676269744,0.44178239223946725,0.44185843066699587,0.0,0.0,0.041967012885147544,1,-1,0.0,0.0,0.0,-0.0070645395131021,0.0152674721307883,0.0,0.0,0.0,4.990771853218221e-05,0.0002330957052643,0.44281941076411,0.4448283472171143,0.44508486288082383,0.4566748423012175,0.4450228622834574,33.24022346368713,29.166666666666643,29.166666666666643,25.982532751091682,45.320855614973254,-0.027650851780151697,0.006561030499483422,0.05013239980186768,0.1735401808047925,1.8218770975526013,1.710714285714285,1.8892857142857136,1.8892857142857136,2.067857142857142,2.8714285714285706,0.16847857583648507,0.1668478002733766,0.1649167039858786,0.161987070577407,0.1794798953872236,0.0,0.0,0.0,0.0070645395131021,3,11,4,2025,0,0,20,0,0,0,1,0,1,0,0.06598320366388051,0,-0.11258278145695365,-0.1390728476821192,0.3185602299707032,0.0,0.0,0.05155601119627155
2025-11-21,134.0,134.0,134.0,134.0,776960.0,0.0,0.0,0.0,0.0,0.0,0.0,0.3185602299707039,WAPCO,134.0,133.95183932047843,133.49499999999998,134.12107252494522,135.89749999999998,134.49402283418604,132.138,132.2270360470396,-0.013962729262863407,0.014091328762354468,-0.07427649076689136,0.32976023317073017,-0.4040367239376215,135.89749999999998,144.9050100245365,126.88998997546346,0.1325632925482296,0.39467122463193616,33.24022346368713,1.710714285714285,0.012766524520255859,3111122.5,0.249736228644163,0.0,0.15707354340008606,0.3185602299707032,0.44033271341530317,0.0,0.0,0.046322710698199536,0,-1,0.0,0.0,0.0,0.0,-0.0076045993852193,0.0,0.0,0.0,0.0,5.782993180967781e-05,0.44178239223946725,0.44281941076411,0.4448283472171143,0.450012082111197,0.4455009477761143,33.24022346368713,33.24022346368713,29.166666666666643,25.982532751091682,43.403693931398415,-0.05413992363136799,-0.027650851780151697,0.006561030499483422,0.10501611262344568,1.1863005058613112,1.710714285714285,1.710714285714285,1.8892857142857136,2.067857142857142,2.907142857142856,0.1440235097631805,0.16847857583648507,0.1668478002733766,0.16332587503838095,0.17761011325444478,0.0,0.0,0.0,0.0,4,11,4,2025,0,0,21,0,0,0,0,1,1,0,0.06598320366388051,0,-0.11258278145695365,-0.1390728476821192,0.29771974841384174,0.0,0.0,0.09367809661206189
2025-11-24,134.0,134.0,134.0,134.0,376770.0,0.0,0.0,0.0,0.0,0.0,0.0,0.2977197484138426,WAPCO,134.0,133.96789288031897,133.795,134.09905933859153,135.3475,134.44697304045405,132.25799999999998,132.2965640451949,-0.009955854374849898,0.013171225937183527,-0.08920654774468062,0.24596687698764805,-0.3351734247323287,135.3475,143.2958513682841,127.39914863171587,0.11745102596330358,0.4152339939715771,33.24022346368713,1.710714285714285,0.012766524520255859,2974961.0,0.12664703839815042,0.0,0.15707354340008606,0.29771974841384174,0.44033271341530317,0.0,0.0,0.05251754319717944,0,-1,0.0,0.0,0.0,0.0,0.0,0.0,0.0,0.0,0.0,0.0,0.3185602299707032,0.44178239223946725,0.44281941076411,0.44508486288082383,0.44545405139620237,33.24022346368713,33.24022346368713,33.24022346368713,29.166666666666643,41.07142857142856,-0.07427649076689136,-0.05413992363136799,-0.027650851780151697,0.05013239980186768,0.6748225436432165,1.710714285714285,1.710714285714285,1.710714285714285,1.8892857142857136,2.7642857142857133,0.1325632925482296,0.1440235097631805,0.16847857583648507,0.1649167039858786,0.17371847326722922,0.0,0.0,0.0,0.0,0,11,4,2025,0,0,24,1,0,0,0,0,1,0,0.06598320366388051,0,-0.11258278145695365,-0.1390728476821192,0.29771974841384174,0.0,0.0,0.09894745556111313
2025-11-25,134.0,134.0,134.0,134.0,1850000.0,0.0,0.0,0.0,0.0,0.0,0.0,0.2977197484138426,WAPCO,134.0,133.978595253546,134.09499999999997,134.0810485497567,134.92249999999999,134.40440417945842,132.378,132.36336545518728,-0.006837258426133412,0.012252791249301351,-0.09988728699795502,0.17679604419052744,-0.27668333118848243,134.92249999999999,142.13553461942834,127.70946538057163,0.1069211528014728,0.4360532668514286,75.31645569620261,0.9964285714285707,0.007436034115138587,2673961.0,0.6918575102628647,0.0,0.15707354340008606,0.29771974841384174,0.4402565014957179,0.0,0.0,0.057517333680796714,0,-1,0.0,0.0,0.0,0.0,0.0,0.0,0.0,0.0,0.0,0.0,0.29771974841384174,0.3185602299707032,0.44178239223946725,0.4448283472171143,0.44457598753796657,33.24022346368713,33.24022346368713,33.24022346368713,29.166666666666643,39.40677966101694,-0.08920654774468062,-0.07427649076689136,-0.05413992363136799,0.006561030499483422,0.2664016610661406,1.710714285714285,1.710714285714285,1.710714285714285,1.8892857142857136,2.7357142857142844,0.11745102596330358,0.1325632925482296,0.1440235097631805,0.1668478002733766,0.17037532392679244,0.0,0.0,0.0,0.0,1,11,4,2025,0,0,25,0,1,0,0,0,1,0,0.06598320366388051,0,-0.11258278145695365,-0.1390728476821192,0.29395819966596065,5.6110162954001295e-05,0.0074906717291576,0.09894745556111313
2026-01-23,156.0,150.0,156.0,150.0,10530000.0,4.0,0.04,0.0392207131532813,0.0015382643402519,0.0392207131532813,0.5181049347270247,0.3720613666261134,WAPCO,155.64000000000001,155.27154207761566,157.43,154.29946956712269,148.39000000000001,150.28536394007173,140.627,143.1660417842782,0.05128377923040626,0.10931755637253152,5.185879113371357,5.109994829039336,0.07588428433202044,148.39000000000001,169.16011010284382,127.61988989715621,0.2799394851788368,0.683195947501454,74.53271028037382,4.278571428571431,0.027426739926739944,5287500.0,1.9914893617021276,0.5181049347270246,0.469902985973054,0.37206136662611233,0.31598904413058126,0.26382460486259857,0.07756973918323769,0.05126149266212392,1,1,-0.0519597389307111,0.0057124877653914,0.0,-0.0182912699722515,0.0202027073175194,0.0026998144697476,3.2632516469747e-05,0.0,0.0003345705571977,0.0004081493829573,0.3544456791983123,0.2872179367147976,0.28852060082758585,0.3431886421242232,0.27540345223124624,70.77747989276139,90.10238907849828,85.28428093645483,86.20689655172413,88.63636363636364,5.346693850037383,6.085090930654246,6.124498245468402,6.154953572147633,2.4203339244715494,4.164285714285717,3.6571428571428606,3.7357142857142884,4.021428571428574,2.9285714285714306,0.2886868289667044,0.3025473124745862,0.30634258873389636,0.304959815104292,0.1455502801869375,0.0519597389307111,0.0057124877653914,0.0,0.0182912699722515,4,1,1,2026,0,0,23,0,0,0,0,1,1,1,1.3686600208522055,0,-0.025,-0.11258278145695365,0.37194881736868296,0.0,0.0,0.04536306642027243
2026-01-26,156.0,156.0,156.0,156.0,5100000.0,0.0,0.0,0.0,0.0,0.0,0.5181049347270247,0.371948817368684,WAPCO,155.42,155.5143613850771,157.13,154.6086569185549,149.49,150.82961499339825,141.048,143.66933426332614,0.04354806341561302,0.10600646588395439,5.000786324093184,5.088153128050106,-0.08736680395692176,149.49,169.36210687317762,129.6178931268224,0.265865367224264,0.6637974282633027,70.77747989276139,3.3214285714285734,0.021291208791208802,5179500.0,0.9846510280915146,0.5181049347270246,0.35921105720677904,0.37194881736868296,0.30668448782373553,0.26382460486259857,0.07756973918323769,0.052407316719274906,1,1,0.0392207131532813,-0.0519597389307111,0.0057124877653914,0.0,0.0582689081239758,0.0015382643402519,0.0026998144697476,3.2632516469747e-05,0.0,0.0033952656539603,0.37206136662611233,0.3544456791983123,0.2872179367147976,0.34108289493690497,0.3336441350561869,74.53271028037382,70.77747989276139,90.10238907849828,85.28428093645483,91.93548387096774,5.185879113371357,5.346693850037383,6.085090930654246,6.177349061897104,3.70079170150575,4.278571428571431,4.164285714285717,3.6571428571428606,3.7357142857142884,3.5714285714285734,0.2799394851788368,0.2886868289667044,0.3025473124745862,0.30759637538862233,0.19800918858134273,0.0392207131532813,0.0519597389307111,0.0057124877653914,0.0,0,1,1,2026,0,0,26,1,0,0,0,0,1,1,0.06598320366388051,0,-0.025,-0.11258278145695365,0.36830778160864597,4.082951974305733e-05,0.0063897980987709,0.04536306642027243
2026-02-03,157.0,157.0,157.0,157.0,1040000.0,0.0,0.0,0.0,0.0,0.0,0.0,0.3640630328270423,WAPCO,157.0,156.8695735646707,156.2,156.28263392649404,155.76500000000001,153.61531621857114,143.80800000000002,146.5140625608916,0.007928610406702308,0.09173342234089882,3.9700682006949535,4.527710605794329,-0.5576424050993758,155.76500000000001,164.00515201699668,147.52484798300335,0.10580235633161056,0.5749379378834636,42.02127659574468,1.3428571428571436,0.008553230209281169,3870000.0,0.268733850129199,0.0,0.3474507281160034,0.36406303282704133,0.30202022958932206,0.0,0.0,0.038107722393100146,1,-1,0.0,0.0,0.0,0.0063897980987709,0.0,0.0,0.0,0.0,4.082951974305733e-05,0.0,0.3633660477898404,0.3633660477898404,0.36819771175559546,0.36830778160864597,0.28852060082758585,42.02127659574468,44.949494949494955,62.152777777777764,66.76829268292681,85.28428093645483,4.171404337864857,4.367707489847334,4.5547314039799005,4.878553667831426,6.124498245468402,1.414285714285715,1.8000000000000012,2.442857142857144,3.000000000000002,3.7357142857142884,0.1376830645602565,0.17990014194856085,0.21230583788489082,0.2534088311306353,0.30634258873389636,0.0,0.0,0.0,0.0063897980987709,1,2,1,2026,0,0,3,0,1,0,0,0,1,0,0.06598320366388051,0,-0.01875,-0.0695364238410596,0.37649131775752626,0.0024700570542057,0.0496996685522725,0.6077718416138416
